# Blender 4.4.0
# www.blender.org
mtllib Meshy_AI_concrete_drainage_cha_0822235422_texture.mtl
o Meshy_AI_concrete_drainage_cha_0822235422_texture
v 0.404855 -0.241492 0.811204
v 0.468544 -0.086096 0.776581
v 0.619407 0.058885 0.720737
v 0.515742 -0.137924 0.712322
v 0.491659 -0.138158 0.848665
v 0.557519 -0.188790 0.799695
v 0.474881 0.053129 0.840126
v 0.578883 0.049552 0.841394
v 0.510983 -0.060339 0.717510
v 0.581770 -0.073500 0.866911
v 0.592811 -0.058681 0.769567
v 0.477918 -0.213115 0.852674
v 0.584502 -0.186754 0.687356
v 0.591881 0.041956 0.770792
v 0.646057 0.038829 0.866729
v 0.613070 0.135605 0.671786
v 0.605780 -0.212792 0.800972
v 0.609389 -0.120787 0.749081
v 0.601871 -0.066399 0.690473
v 0.686996 -0.303543 0.690220
v 0.678575 0.117151 0.786779
v 0.680697 0.073171 0.745009
v 0.696084 0.095959 0.825421
v 0.586502 0.102164 0.787002
v 0.638728 0.064227 0.670556
v 0.686049 0.041283 0.693531
v 0.736314 0.010081 0.713901
v 0.680551 -0.111602 0.691055
v 0.637385 -0.120703 0.838018
v 0.679539 -0.294311 0.866675
v 0.749721 -0.068473 0.824336
v 0.764859 0.040592 0.776410
v 0.793308 -0.368330 0.554819
v 0.645734 -0.362688 0.652559
v 0.646129 -0.398859 0.652052
v 0.382152 -0.359748 0.655440
v 0.171479 -0.321501 0.845784
v 0.793904 -0.509510 0.555189
v 0.342288 -0.507023 0.654254
v 0.723988 -0.410043 0.562882
v 0.362217 -0.407224 0.648815
v 0.726104 -0.407181 0.625406
v 0.601523 -0.344415 0.687404
v 0.797504 -0.402449 0.712142
v 0.780308 -0.359679 0.867602
v 0.608852 -0.508905 0.779195
v 0.595322 -0.404850 0.801307
v 0.551768 -0.333374 0.795171
v 0.580521 -0.507048 0.718939
v 0.469586 -0.340880 0.700371
v 0.794606 -0.404950 0.624339
v 0.503865 -0.511143 0.701084
v 0.488331 -0.429010 0.712827
v 0.706394 -0.407179 0.731146
v 0.583534 -0.411816 0.690968
v 0.610062 -0.311785 0.776320
v 0.608499 -0.283688 0.653577
v 0.650466 -0.334927 0.801310
v 0.602009 -0.291179 0.863088
v 0.693382 -0.343791 0.736464
v 0.794447 -0.412796 0.860710
v 0.645102 -0.350561 0.444475
v 0.702219 -0.407313 0.544541
v 0.796367 -0.507166 0.710089
v 0.687367 -0.344372 0.629085
v 0.682932 -0.511426 0.566118
v 0.668651 -0.444761 0.571365
v 0.758124 -0.344470 0.767743
v 0.732708 -0.256331 0.709839
v 0.941805 -0.514081 0.946482
v 0.802607 -0.510332 0.385467
v 0.797920 -0.402315 0.850744
v 0.796550 -0.402596 0.562874
v 0.794945 -0.416409 0.620884
v 0.797209 -0.408556 0.713064
v 0.808494 -0.510416 0.858937
v 0.729128 -0.360045 0.851632
v 0.938819 -0.512457 0.942866
v 0.926346 -0.344217 0.931218
v 0.943464 -0.332072 0.939948
v 0.943654 -0.326125 0.464805
v 0.939653 -0.348993 0.942840
v 0.337721 -0.333955 0.941619
v 0.174683 -0.420974 0.665538
v 0.080763 -0.343664 0.701706
v 0.061947 -0.422396 0.582142
v 0.075924 -0.446512 0.583157
v 0.039743 -0.455187 0.788833
v 0.051037 -0.324801 0.738235
v 0.052371 -0.195510 0.565415
v 0.030969 -0.185610 0.849316
v 0.052049 -0.196631 0.840539
v 0.051628 -0.319920 0.839774
v 0.099953 -0.237745 0.829242
v 0.068885 -0.225530 0.754542
v 0.052427 -0.324547 0.647061
v 0.123738 -0.298839 0.767043
v 0.112110 -0.323637 0.761845
v 0.177535 -0.332178 0.705558
v 0.170648 -0.317807 0.840031
v 0.179175 -0.187292 0.848412
v 0.179482 -0.187804 0.556325
v 0.151269 -0.371908 0.757369
v 0.159446 -0.394057 0.812177
v 0.125287 -0.340241 0.773381
v 0.141736 -0.229113 0.755101
v 0.080978 -0.421714 0.810458
v 0.175846 -0.501379 0.789588
v 0.170307 -0.318327 0.564248
v 0.170571 -0.362306 0.571427
v 0.283684 -0.510789 0.857973
v 0.170980 -0.196421 0.840352
v 0.182655 -0.234327 0.763032
v 0.189540 -0.366781 0.697404
v 0.282884 -0.378536 0.855154
v 0.200035 -0.403435 0.851612
v 0.199958 -0.408661 0.722630
v 0.305304 -0.511012 0.750878
v 0.204627 -0.375857 0.702704
v 0.384034 -0.344656 0.683491
v 0.327735 -0.360387 0.765424
v 0.198726 -0.408595 0.850407
v 0.361694 -0.411345 0.854112
v 0.191319 -0.362788 0.859354
v 0.198473 -0.353770 0.866896
v 0.325859 -0.414747 0.709290
v 0.302992 -0.409954 0.779254
v 0.414413 -0.509771 0.702830
v 0.498669 -0.403854 0.705474
v 0.455865 -0.341904 0.850783
v 0.406144 -0.138033 0.760759
v 0.424102 -0.232665 0.723418
v 0.409778 -0.327092 0.805817
v 0.542921 -0.381453 0.857091
v 0.786011 -0.502952 0.859852
v 0.635820 -0.342584 0.923577
v 0.041820 -0.457131 0.211014
v 0.010408 -0.160298 0.252233
v -0.004059 -0.173590 0.610361
v -0.001346 -0.190087 0.562415
v 0.141277 -0.341954 0.567907
v 0.168243 -0.195502 0.565312
v 0.051509 -0.321220 0.564732
v 0.101294 -0.375769 0.590476
v 0.161492 -0.446112 0.581191
v 0.172477 -0.399892 0.565611
v 0.188911 -0.514876 0.567133
v 0.178622 -0.334665 0.608343
v 0.177033 -0.507694 0.648942
v 0.201807 -0.430119 0.566808
v 0.200873 -0.402413 0.618375
v 0.200679 -0.404495 0.246665
v 0.198315 -0.361663 0.544240
v 0.304441 -0.507291 0.545692
v 0.198065 -0.351879 0.549566
v 0.307452 -0.218298 0.443181
v 0.296358 -0.510041 0.456382
v 0.205902 -0.505807 0.232099
v 0.306744 -0.325296 0.371386
v 0.307408 -0.218362 0.369926
v 0.436477 -0.218497 0.443067
v 0.195962 -0.412031 0.405622
v 0.544873 -0.408595 0.411083
v 0.545616 -0.402841 0.544812
v 0.372064 -0.408618 0.324445
v 0.200556 -0.359726 0.623874
v 0.376561 -0.402114 0.668238
v 0.204593 -0.431758 0.622156
v 0.306760 -0.325271 0.442300
v 0.436802 -0.325163 0.442119
v 0.437078 -0.325367 0.371199
v 0.166751 -0.359342 0.395957
v 0.149503 -0.364166 0.393337
v 0.397646 -0.345762 0.429752
v 0.460001 -0.402609 0.199679
v 0.546166 -0.296481 0.334794
v 0.550921 -0.359539 0.264302
v 0.659821 -0.332637 0.377520
v 0.542884 -0.284553 0.403084
v 0.693766 -0.361738 0.200252
v 0.630805 -0.234924 0.330694
v 0.364517 -0.509949 0.326015
v 0.693241 -0.361628 0.255945
v 0.546050 -0.403478 0.258837
v 0.632445 -0.232787 0.401318
v 0.608448 -0.319537 0.222116
v 0.676025 -0.332070 0.200923
v 0.721991 -0.348767 0.278234
v 0.688474 -0.186742 0.247015
v 0.693059 -0.405151 0.256244
v 0.644021 -0.326405 0.328776
v 0.706280 -0.348777 0.451074
v 0.701355 -0.225977 0.342638
v 0.708630 -0.293664 0.332123
v 0.797623 -0.506142 0.259976
v 0.703713 -0.112312 0.279298
v 0.775234 -0.331807 0.231531
v 0.817302 -0.342403 0.187867
v 0.701082 -0.410236 0.385798
v 0.799395 -0.408782 0.322007
v 0.816648 -0.115001 0.382524
v 0.860534 -0.345757 0.450146
v 0.700025 -0.362642 0.200529
v 0.702232 -0.403727 0.544884
v 0.815420 -0.354769 0.199661
v 0.712891 -0.295397 0.285880
v 0.711853 -0.231829 0.397352
v 0.715934 -0.206585 0.284185
v 0.776959 -0.350416 0.169659
v 0.700521 -0.210112 0.280987
v 0.685655 -0.324778 0.245493
v 0.742575 -0.113961 0.449882
v 0.830643 -0.347704 0.304746
v 0.794663 -0.361946 0.546814
v 0.783262 -0.187338 0.189269
v 0.833305 -0.112226 0.279803
v 0.795903 -0.413167 0.544184
v 0.798983 -0.409161 0.202680
v 0.807965 -0.510406 0.194541
v 0.834267 -0.193604 0.449845
v 0.923830 -0.301319 0.311130
v 0.832132 -0.191833 0.309137
v 0.924879 -0.195368 0.448797
v 0.917125 -0.206499 0.310809
v 0.947197 -0.330308 0.700797
v 0.703047 -0.206034 0.451404
v 0.697772 -0.245753 0.405879
v 0.774521 -0.356073 0.425851
v 0.426335 -0.350259 0.235257
v 0.499739 -0.204018 0.045538
v 0.519489 -0.095489 0.167910
v 0.543979 -0.414749 0.203809
v 0.480932 -0.352353 0.073088
v 0.584469 -0.363662 0.106519
v 0.527843 -0.190682 0.167048
v 0.531737 -0.284700 0.242616
v 0.633840 -0.102321 0.022206
v 0.510201 -0.096064 0.016955
v 0.665433 -0.422739 0.005201
v 0.620230 -0.191040 0.168477
v 0.267262 -0.362542 0.011710
v 0.618016 -0.429094 0.069999
v 0.681702 -0.365426 0.115336
v 0.795109 -0.503383 0.002300
v 0.594801 -0.473204 0.126935
v 0.648569 -0.476515 0.017666
v 0.451694 -0.511862 0.002436
v 0.637877 -0.095664 0.167808
v 0.638980 -0.272914 0.083156
v 0.637494 -0.349641 0.167896
v 0.626191 -0.045612 -0.014517
v 0.664055 -0.342887 -0.002073
v 0.709796 -0.509894 0.200158
v 0.689951 -0.193946 0.188974
v 0.788497 -0.507521 0.142695
v 0.775991 -0.190054 0.171596
v 0.834275 -0.361550 0.008826
v 0.693010 -0.235585 -0.024225
v 0.663388 -0.095422 0.001030
v 0.662922 -0.095708 0.163522
v 0.835258 -0.119049 0.001229
v 0.802674 -0.361899 0.200260
v 0.790924 -0.361119 0.075931
v 0.808460 -0.509610 -0.153738
v 0.832795 0.029244 -0.046701
v 0.650825 -0.507487 0.053350
v 0.775320 -0.350410 -0.000472
v 0.782033 -0.285326 0.079492
v 0.803829 -0.353085 0.108475
v 0.797219 -0.363085 0.000341
v 0.808804 -0.359999 -0.150309
v 0.894585 -0.233298 -0.024901
v 0.835659 -0.284244 0.002745
v 0.778979 -0.118455 0.080539
v 0.939248 -0.512202 -0.158614
v 0.893093 -0.116878 -0.024016
v 0.932847 -0.336263 -0.017587
v 0.937033 -0.362849 -0.164123
v 0.937432 -0.345061 0.303351
v 0.941822 -0.513719 -0.058482
v 0.141991 -0.512177 0.252588
v 0.182898 -0.499742 0.068600
v 0.188699 -0.451073 0.065135
v 0.205053 -0.435709 0.015097
v 0.147371 -0.347756 0.026465
v 0.197920 -0.409535 0.245448
v 0.262485 -0.404439 0.236917
v 0.182743 -0.505446 0.014639
v 0.271905 -0.388623 0.101813
v 0.323584 -0.501250 0.128163
v 0.456037 -0.362940 0.203334
v 0.299463 -0.334420 0.035371
v 0.262531 -0.362623 0.010990
v 0.192671 -0.351023 -0.023229
v 0.276819 -0.384321 0.150939
v 0.166946 -0.360583 0.241657
v 0.261769 -0.410057 0.011518
v 0.300009 -0.384415 0.012667
v 0.262821 -0.410370 0.234731
v 0.281704 -0.247361 0.255769
v 0.277335 -0.168857 0.017731
v 0.280910 -0.168777 0.252994
v 0.454394 -0.431930 0.010301
v 0.366545 -0.353004 0.022740
v 0.281415 -0.170279 0.146890
v 0.320142 -0.425780 0.128870
v 0.287015 -0.291105 0.012866
v 0.424458 -0.391479 0.237915
v 0.394030 -0.339085 0.244044
v 0.380848 -0.335099 0.030067
v 0.268179 -0.405412 0.145247
v 0.370143 -0.358767 0.215751
v 0.545628 -0.508862 0.201752
v 0.437194 -0.325982 0.016427
v 0.437725 -0.506631 0.135553
v 0.354508 -0.356350 0.140536
v 0.449669 -0.363504 0.063534
v 0.438204 -0.169186 0.251621
v 0.438379 -0.164590 0.131857
v 0.438143 -0.327091 0.130281
v 0.435835 -0.169242 0.016635
v 0.390274 -0.226569 0.248691
v 0.508735 -0.351823 0.015206
v 0.412301 -0.400416 0.146643
v 0.512656 -0.350418 0.171417
v 0.457737 -0.406822 0.202456
v 0.463463 -0.391507 0.163254
v 0.696012 -0.385436 0.000353
v 0.601435 -0.359901 0.049023
v 0.553465 -0.408534 0.256285
v 0.589374 -0.517478 0.127561
v 0.680824 -0.509752 0.432020
v 0.282419 -0.325448 0.143818
v 0.287235 -0.377344 0.097815
v 0.268262 -0.361941 0.237323
v 0.031109 -0.164964 0.017963
v 0.083521 -0.159700 0.117857
v -0.067284 -0.442116 0.089146
v 0.067157 -0.424831 0.058528
v 0.085095 -0.414526 0.252692
v 0.025521 -0.500869 -0.040630
v -0.077786 -0.327856 0.136603
v -0.010727 -0.352437 0.013293
v 0.134036 -0.328468 0.146585
v 0.149954 -0.517543 0.055180
v 0.089128 -0.436253 0.014951
v -0.009813 -0.354176 0.199090
v 0.109240 -0.166023 0.252303
v 0.190794 -0.327880 0.252830
v 0.186417 -0.199655 0.239603
v 0.190629 -0.167586 0.018349
v 0.189115 -0.308565 0.107197
v 0.190988 -0.166500 0.135446
v -0.626708 -0.492184 0.925611
v -0.007333 -0.514075 0.946534
v -0.223175 -0.507781 0.494427
v -0.483172 -0.430567 0.537206
v -0.375772 -0.490642 0.932573
v -0.239815 -0.351348 0.562864
v -0.126572 -0.334252 0.939930
v -0.276726 -0.463815 0.742500
v -0.289534 -0.346168 0.602892
v -0.280367 -0.512063 0.590988
v -0.238067 -0.344396 0.693654
v -0.301325 -0.354150 0.538515
v -0.109096 -0.342258 0.856544
v -0.159219 -0.330918 0.797884
v -0.152862 -0.511958 0.335725
v 0.075167 -0.512536 0.815619
v -0.107489 -0.332962 0.766334
v -0.088588 -0.364131 0.559163
v -0.072582 -0.422581 0.770349
v -0.092493 -0.500025 0.821553
v -0.092982 -0.419844 0.657079
v -0.075020 -0.508201 0.603492
v -0.104029 -0.187119 0.556014
v -0.083663 -0.376154 0.825194
v -0.089956 -0.376603 0.586804
v -0.092362 -0.336586 0.682325
v -0.089207 -0.461662 0.570873
v -0.104167 -0.187499 0.848476
v -0.088266 -0.380387 0.814302
v 0.133612 -0.348182 0.812129
v 0.020152 -0.326183 0.848717
v 0.025153 -0.441278 0.817235
v -0.170580 -0.512324 0.943330
v -0.051402 -0.167201 0.614210
v 0.041656 -0.437781 0.689595
v -0.929301 -0.465420 0.918393
v -0.921877 -0.512319 0.935363
v -0.804650 -0.512373 0.922692
v -0.921215 -0.507640 0.763127
v -0.746753 -0.497233 0.596821
v -0.920396 -0.442467 0.583480
v -0.852007 -0.444432 0.450970
v -0.735963 -0.460259 0.580227
v -0.871551 -0.509510 0.536150
v -0.897299 -0.401915 0.561656
v -0.932889 -0.338822 0.581619
v -0.728050 -0.356658 0.596987
v -0.749399 -0.509669 0.598201
v -0.675685 -0.428236 0.559401
v -0.654324 -0.509813 0.576008
v -0.867775 -0.424350 0.441122
v -0.635784 -0.406653 0.433719
v -0.898885 -0.405290 0.526087
v -0.528945 -0.415988 0.495232
v -0.672220 -0.374276 0.545947
v -0.598007 -0.487309 0.591837
v -0.672182 -0.375580 0.506837
v -0.577773 -0.380390 0.444631
v -0.678374 -0.442233 0.447248
v -0.939947 -0.364709 0.464869
v -0.563305 -0.512191 0.929944
v -0.582555 -0.515857 0.456642
v -0.472540 -0.401476 0.491669
v -0.594314 -0.366949 0.591341
v -0.479503 -0.383556 0.509291
v -0.391326 -0.418751 0.571220
v -0.295752 -0.462363 0.930552
v -0.278332 -0.510586 0.933492
v -0.288396 -0.346093 0.705140
v -0.931649 -0.340017 0.933163
v -0.269593 -0.350422 0.195919
v -0.392715 -0.164917 0.252302
v -0.399315 -0.276785 0.247294
v -0.408004 -0.507839 0.221062
v -0.494771 -0.514713 0.362364
v -0.258500 -0.319016 0.005478
v -0.280361 -0.162343 0.251910
v -0.338855 -0.434905 0.402589
v -0.281319 -0.157723 0.130510
v -0.367928 -0.165391 0.012470
v -0.290408 -0.341884 0.059903
v -0.284617 -0.415651 0.501204
v -0.229947 -0.314131 0.246200
v -0.292949 -0.507315 -0.032764
v -0.201471 -0.436357 0.044396
v -0.222564 -0.343001 0.030782
v 0.056511 -0.514653 0.564396
v -0.304567 -0.374132 0.522873
v -0.215613 -0.437045 0.411865
v -0.240895 -0.418077 0.518699
v -0.228153 -0.438414 0.312450
v -0.168341 -0.166132 0.012341
v -0.178775 -0.243059 0.255626
v -0.157156 -0.507524 -0.317730
v -0.169075 -0.315241 0.251968
v -0.167298 -0.199774 0.166701
v -0.168961 -0.327469 0.137231
v -0.104503 -0.355611 -0.196041
v -0.069516 -0.508416 0.005207
v -0.057049 -0.494326 0.212678
v -0.075865 -0.165509 0.134765
v -0.055737 -0.200848 0.008296
v -0.119925 -0.357168 0.302968
v -0.069036 -0.462675 0.244441
v -0.031859 -0.352142 0.138870
v -0.076405 -0.484706 0.161079
v -0.077557 -0.167825 0.252607
v -0.077517 -0.326497 0.253014
v -0.000549 -0.439401 0.565059
v -0.062188 -0.418364 0.199129
v -0.065098 -0.365188 0.247675
v -0.493365 -0.512088 0.375228
v -0.587667 -0.425088 0.465679
v -0.561094 -0.397485 0.120009
v -0.575793 -0.426617 0.403337
v -0.371334 -0.507308 0.498252
v -0.524305 -0.454766 0.390942
v -0.544844 -0.354618 0.126766
v -0.512685 -0.362254 0.467170
v -0.459006 -0.392447 0.435323
v -0.500685 -0.361471 0.248957
v -0.469126 -0.438510 -0.227474
v -0.587868 -0.362327 0.400351
v -0.478510 -0.327762 0.253359
v -0.472407 -0.232379 0.233316
v -0.477266 -0.318572 0.159075
v -0.429025 -0.328191 0.156944
v -0.394198 -0.377505 0.480934
v -0.457748 -0.378802 0.229824
v -0.400352 -0.506278 -0.223174
v -0.479594 -0.165840 0.112637
v -0.416427 -0.440404 0.139866
v -0.419754 -0.368530 0.444609
v -0.409369 -0.408838 0.347482
v -0.413949 -0.363389 0.029631
v -0.147053 -0.512009 0.704282
v -0.157522 -0.438313 -0.318894
v -0.136904 -0.364102 0.242523
v -0.526104 -0.518409 0.135912
v 0.410401 -0.201221 -0.351479
v 0.457598 -0.037411 -0.164276
v 0.393117 -0.201029 -0.137893
v 0.510759 -0.069328 -0.209952
v 0.538424 0.050034 -0.427226
v 0.508706 -0.201420 -0.285991
v 0.662993 0.032238 -0.304829
v 0.519264 0.025288 -0.304387
v 0.535527 -0.156253 -0.395831
v 0.533081 -0.035540 -0.136183
v 0.518617 -0.030788 -0.072317
v 0.539485 -0.039532 -0.302086
v 0.508515 -0.047821 -0.012249
v 0.509485 -0.035325 -0.104975
v 0.519584 0.032070 -0.073354
v 0.663077 0.032078 -0.073160
v 0.640487 -0.037560 -0.117386
v 0.596957 -0.156463 -0.436793
v 0.662554 -0.030317 -0.072393
v 0.745129 -0.156344 -0.403792
v 0.688013 -0.349099 -0.304694
v 0.686837 -0.035827 -0.136207
v 0.685684 -0.035562 -0.303718
v 0.698761 -0.246217 -0.167749
v 0.664934 -0.345826 -0.135884
v 0.698922 -0.113717 -0.045580
v 0.693542 -0.236651 -0.301864
v 0.699664 0.029303 -0.280336
v 0.699341 0.029101 -0.046766
v 0.702500 -0.112665 -0.278064
v 0.830688 -0.115520 -0.276093
v 0.716254 0.038432 -0.178357
v 0.832642 0.029122 -0.280585
v 0.780774 -0.116184 -0.460907
v 0.781960 -0.238066 -0.370893
v 0.829525 -0.114679 -0.047350
v 0.819604 -0.166462 -0.364060
v 0.896736 -0.273547 -0.367795
v 0.893310 -0.117079 -0.300289
v 0.890472 -0.248084 -0.275182
v 0.274117 -0.361429 -0.390348
v 0.335052 -0.510289 0.052811
v 0.342726 -0.449130 -0.176804
v 0.332782 -0.508419 -0.367788
v 0.531671 -0.350042 -0.136925
v 0.795177 -0.385470 -0.533389
v 0.488253 -0.511750 -0.391486
v 0.491125 -0.437029 -0.392139
v 0.444847 -0.349670 -0.367858
v 0.489251 -0.440672 -0.158148
v 0.504121 -0.385539 -0.161110
v 0.508034 -0.510152 -0.156854
v 0.533064 -0.352148 -0.298756
v 0.679130 -0.350682 -0.367636
v 0.609744 -0.389595 -0.384696
v 0.693457 -0.383185 -0.374471
v 0.571267 -0.438980 -0.246602
v 0.565935 -0.509498 -0.171469
v 0.568508 -0.509485 -0.373927
v 0.708488 -0.362574 -0.163204
v 0.489994 -0.383627 -0.302052
v 0.613007 -0.431949 -0.331498
v 0.606105 -0.392273 -0.373384
v 0.796602 -0.509632 -0.154469
v 0.604236 -0.392579 -0.166082
v 0.707856 -0.235862 -0.363606
v 0.610865 -0.501521 -0.312385
v 0.681961 -0.506378 -0.326471
v 0.700962 -0.511841 -0.164659
v 0.917694 -0.363885 -0.518080
v 0.678949 -0.347628 -0.303125
v 0.800377 -0.230736 -0.299494
v 0.792363 -0.512133 -0.165832
v 0.795372 -0.360499 -0.164841
v 0.794756 -0.360265 -0.153128
v 0.795931 -0.507329 -0.373096
v 0.794420 -0.359951 -0.373301
v 0.811514 -0.509422 -0.162872
v 0.808932 -0.359966 -0.165259
v 0.893592 -0.348144 -0.379060
v 0.894789 -0.342908 -0.094719
v 0.936253 -0.224342 -0.448133
v 0.938960 -0.512204 -0.163919
v 0.806455 -0.359866 -0.384947
v 0.892711 -0.349782 -0.298862
v 0.518228 -0.141677 -0.558738
v 0.461225 0.062598 -0.471215
v 0.559038 0.050717 -0.527700
v 0.515765 0.170086 -0.469267
v 0.532964 0.151096 -0.518792
v 0.533034 0.194548 -0.614562
v 0.544699 -0.199786 -0.599734
v 0.567341 -0.110039 -0.626907
v 0.506542 -0.003664 -0.787094
v 0.617682 -0.004845 -0.719983
v 0.564272 0.153595 -0.460321
v 0.568584 0.205224 -0.596085
v 0.613168 0.191223 -0.662526
v 0.554515 0.064300 -0.572073
v 0.542683 0.035188 -0.634371
v 0.578105 -0.210033 -0.543387
v 0.608052 0.229244 -0.600783
v 0.539488 0.022380 -0.566070
v 0.546876 0.010849 -0.843767
v 0.588399 0.045091 -0.798741
v 0.640462 0.017182 -0.796916
v 0.594065 -0.236947 -0.430725
v 0.641258 0.062780 -0.672163
v 0.606583 -0.003234 -0.472252
v 0.624540 0.084347 -0.667928
v 0.689554 0.052901 -0.519887
v 0.641477 -0.113300 -0.534699
v 0.623505 -0.144389 -0.667478
v 0.651452 -0.206668 -0.648471
v 0.689447 0.180451 -0.496729
v 0.642730 0.191395 -0.537370
v 0.685434 0.206880 -0.598088
v 0.678236 -0.113212 -0.728739
v 0.698912 0.061670 -0.575872
v 0.721075 -0.133307 -0.570958
v 0.750389 0.050617 -0.495230
v 0.681733 -0.005395 -0.830907
v 0.705244 0.051901 -0.427532
v 0.725605 0.041727 -0.804690
v 0.729435 0.222776 -0.577700
v 0.729229 0.223834 -0.621523
v 0.656561 -0.207818 -0.571545
v 0.710754 0.024575 -0.563603
v 0.695419 0.039598 -0.601659
v 0.724415 0.292205 -0.604979
v 0.719476 -0.138320 -0.640275
v 0.756015 -0.206210 -0.539770
v 0.715594 0.020239 -0.721946
v 0.784646 0.035751 -0.484258
v 0.757604 0.041685 -0.619320
v 0.793468 -0.048105 -0.613549
v 0.767586 0.006610 -0.834908
v 0.778636 0.018717 -0.746109
v 0.762973 0.115009 -0.616189
v 0.876382 0.053580 -0.595948
v 0.854713 -0.139536 -0.589567
v 0.845555 0.033059 -0.622027
v 0.894901 -0.139065 -0.625244
v 0.559423 -0.382870 -0.618815
v 0.791573 -0.362497 -0.548267
v 0.724692 -0.221140 -0.730602
v 0.715354 -0.249117 -0.391016
v 0.767813 -0.257622 -0.717348
v 0.792310 -0.195740 -0.741817
v 0.757344 -0.364584 -0.760306
v 0.790665 -0.508337 -0.794392
v 0.791720 -0.507861 -0.547935
v 0.803618 -0.257123 -0.654291
v 0.803773 -0.325464 -0.594012
v 0.805912 -0.355520 -0.527465
v 0.787388 -0.361533 -0.854423
v 0.802625 -0.362985 -0.533832
v 0.796320 -0.345242 -0.659476
v 0.801800 -0.270028 -0.514760
v 0.830147 -0.246863 -0.589517
v 0.783852 -0.184012 -0.709797
v 0.811906 -0.024925 -0.707509
v 0.791504 -0.514558 -0.797152
v 0.941304 -0.513790 -0.948091
v 0.788467 -0.512235 -0.400261
v 0.851661 -0.335239 -0.613338
v 0.906586 -0.252091 -0.514471
v 0.932125 -0.328834 -0.607917
v 0.924836 -0.346384 -0.499927
v 0.135970 -0.362177 -0.815650
v 0.241507 -0.506659 -0.549418
v 0.505739 -0.142995 -0.628119
v 0.488695 -0.304350 -0.571436
v 0.445085 -0.343691 -0.706071
v 0.592566 -0.344090 -0.855766
v 0.522556 -0.344166 -0.727911
v 0.514217 -0.243516 -0.778386
v 0.631892 -0.359969 -0.851914
v 0.600307 -0.345678 -0.691858
v 0.632630 -0.360271 -0.706755
v 0.524618 -0.359656 -0.806860
v 0.495451 -0.115671 -0.797012
v 0.592290 -0.090710 -0.859330
v 0.667270 -0.360289 -0.794999
v 0.642248 -0.115772 -0.824238
v 0.593722 -0.213831 -0.836087
v 0.532630 -0.137605 -0.732282
v 0.660208 -0.235140 -0.779632
v 0.649468 -0.348520 -0.729461
v 0.649109 -0.343797 -0.809267
v 0.624287 -0.117339 -0.723717
v 0.571939 -0.384796 -0.676887
v 0.787167 -0.385569 -0.677464
v 0.791566 -0.389992 -0.548076
v 0.659747 -0.255423 -0.708189
v 0.231799 -0.397148 -0.532810
v 0.616536 -0.276566 -0.701492
v 0.550252 -0.340606 -0.944059
v 0.734453 -0.195202 -0.833061
v 0.739774 -0.364785 -0.603598
v 0.782422 -0.186400 -0.624240
v 0.720628 -0.168941 -0.653004
v 0.680500 -0.137938 -0.792309
v 0.731895 -0.135288 -0.850511
v 0.792648 -0.131592 -0.739136
v 0.780717 -0.228748 -0.805684
v 0.800876 -0.345558 -0.741451
v 0.649577 -0.352041 -0.931113
v 0.811255 -0.344799 -0.930976
v 0.935166 -0.344011 -0.939285
v 0.931370 -0.329834 -0.900192
v 0.066075 0.057937 -0.375880
v 0.075442 -0.141067 -0.601128
v 0.068274 -0.147135 -0.375949
v 0.034690 -0.165247 -0.283958
v 0.122673 -0.195879 -0.153468
v 0.119942 0.010201 -0.285640
v 0.064565 0.006316 -0.246665
v 0.140708 -0.156430 -0.371613
v 0.172358 -0.037708 -0.358911
v 0.086393 -0.032925 -0.164944
v 0.124143 -0.054249 -0.341775
v 0.181681 -0.053337 -0.320366
v 0.110075 0.100345 -0.206348
v 0.157286 0.103794 -0.271065
v 0.142518 0.017687 -0.196874
v 0.213868 -0.053969 -0.228337
v 0.190607 -0.350420 -0.170175
v 0.191398 -0.095665 -0.170308
v 0.191328 -0.095732 -0.024174
v 0.336255 -0.260356 -0.369717
v 0.302106 -0.349778 -0.171448
v 0.301097 -0.122481 -0.025402
v 0.302536 -0.095651 -0.170703
v 0.337600 -0.047855 -0.171453
v 0.314455 -0.047642 -0.282339
v 0.390242 -0.049815 -0.345206
v 0.304081 -0.200905 -0.221977
v 0.451732 0.011242 -0.266655
v 0.360951 0.004594 -0.238361
v 0.445477 0.011023 -0.194106
v 0.350813 -0.242322 -0.424767
v 0.351176 -0.123229 -0.422411
v 0.371348 -0.008640 -0.247493
v 0.502103 -0.045768 -0.288090
v 0.442404 0.136225 -0.283461
v 0.498647 -0.341994 -0.179890
v 0.149313 -0.332246 -0.371666
v 0.005480 -0.362017 -0.148483
v 0.037130 -0.406528 -0.194505
v 0.155691 -0.511884 -0.157206
v -0.055127 -0.512326 -0.150710
v 0.024020 -0.359824 -0.273718
v 0.067492 -0.377275 -0.316179
v 0.245889 -0.345371 -0.514269
v 0.084112 -0.512267 -0.380749
v 0.354970 -0.514178 -0.390437
v 0.054407 -0.195718 -0.182167
v -0.065182 -0.510520 -0.394142
v 0.086894 -0.511521 -0.166464
v 0.118801 -0.348695 -0.500892
v 0.091730 -0.338091 -0.392050
v 0.098446 -0.446527 -0.270402
v -0.065186 -0.497029 -0.546835
v 0.141804 -0.364732 -0.374892
v -0.043547 -0.360081 -0.547900
v 0.187785 -0.359911 -0.547811
v 0.139677 -0.436199 -0.391775
v 0.353203 -0.381233 -0.169298
v 0.146408 -0.448259 -0.174068
v 0.163568 -0.385022 -0.164851
v 0.215875 -0.362559 -0.263908
v 0.255682 -0.448693 -0.173974
v 0.223698 -0.355753 -0.325522
v 0.320118 -0.351914 -0.363549
v 0.061020 -0.385983 -0.372649
v 0.260044 -0.387554 -0.393920
v 0.344271 -0.383100 -0.284446
v 0.265696 -0.511668 -0.367742
v 0.252717 -0.461913 -0.370839
v 0.263880 -0.509643 -0.157027
v 0.317277 -0.201507 -0.300098
v 0.342303 -0.447474 -0.379250
v 0.341314 -0.512313 -0.154227
v 0.804112 -0.507091 -0.531354
v 0.451414 -0.248802 -0.444453
v 0.434224 -0.447292 -0.266197
v 0.241894 0.021358 -0.815513
v 0.208184 0.023132 -0.583977
v 0.236781 0.046936 -0.481928
v 0.273451 0.041790 -0.646760
v 0.287897 -0.018606 -0.638047
v 0.324548 -0.009254 -0.723507
v 0.308874 0.033866 -0.611535
v 0.358719 0.024879 -0.443232
v 0.290255 -0.185832 -0.572918
v 0.234409 -0.003973 -0.741558
v 0.322646 0.115298 -0.512487
v 0.324298 0.138318 -0.444814
v 0.418383 0.138243 -0.444983
v 0.279965 0.010631 -0.563588
v 0.352495 -0.037472 -0.504573
v 0.303780 -0.135198 -0.701673
v 0.428077 0.018738 -0.446667
v 0.344533 0.021355 -0.814856
v 0.368912 0.030691 -0.608445
v 0.336470 0.115828 -0.620356
v 0.379472 -0.244815 -0.521717
v 0.318454 0.251217 -0.585852
v 0.282421 -0.037956 -0.347165
v 0.337531 -0.077941 -0.619277
v 0.365570 0.190727 -0.582031
v 0.450440 0.235750 -0.603808
v 0.374685 0.072484 -0.648165
v 0.379253 -0.212284 -0.823472
v 0.388757 -0.037986 -0.799158
v 0.425661 0.040415 -0.520057
v 0.441755 0.210909 -0.547204
v 0.366646 0.131413 -0.257834
v 0.442825 0.136664 -0.200534
v 0.319621 -0.133399 -0.596374
v 0.392343 0.190953 -0.653971
v 0.455431 0.190399 -0.658104
v 0.411953 -0.131344 -0.412426
v 0.452221 -0.127034 -0.447101
v 0.366087 -0.114167 -0.539394
v 0.486081 0.075153 -0.560220
v 0.401637 0.007817 -0.722545
v 0.490462 -0.208843 -0.555200
v 0.414504 -0.110331 -0.663766
v 0.444247 0.063790 -0.671496
v 0.426225 0.203270 -0.712154
v 0.488872 0.139461 -0.747103
v 0.497500 0.206922 -0.724713
v 0.441427 0.435930 -0.760818
v 0.446894 0.146243 -0.787974
v 0.476320 -0.093205 -0.569435
v 0.397279 0.047652 -0.738145
v 0.491020 -0.207650 -0.674541
v 0.502158 0.046201 -0.726059
v 0.533118 0.492928 -0.612216
v 0.351701 -0.179024 -0.581757
v 0.477568 0.000361 -0.801481
v -0.060525 0.058224 -0.375684
v -0.035284 -0.092883 -0.687688
v -0.057447 -0.144891 -0.558271
v 0.066099 0.058341 -0.557815
v -0.009896 0.014521 -0.615456
v -0.055486 -0.014779 -0.560061
v 0.086930 0.005422 -0.602370
v 0.047436 0.244693 -0.602597
v 0.087147 0.043517 -0.734756
v 0.050949 -0.053326 -0.638517
v 0.072022 0.203432 -0.595230
v 0.177537 0.077165 -0.679334
v 0.062933 0.064825 -0.625173
v 0.062672 -0.112043 -0.735518
v 0.150391 0.249200 -0.632095
v 0.151139 0.247971 -0.557980
v 0.128957 0.041278 -0.770822
v 0.100041 0.142767 -0.741533
v 0.122434 0.437402 -0.730992
v 0.093717 0.042634 -0.626295
v 0.124312 -0.023907 -0.436704
v 0.095602 -0.157173 -0.569147
v 0.135106 0.140052 -0.775694
v 0.163518 -0.011940 -0.727723
v 0.090749 0.065183 -0.530984
v 0.163658 0.008626 -0.486562
v 0.160471 0.489558 -0.600710
v 0.190510 0.001826 -0.809608
v 0.226339 -0.114132 -0.828481
v 0.159059 0.021537 -0.660607
v 0.239950 0.081196 -0.591819
v 0.109661 0.203158 -0.663399
v 0.186238 0.200493 -0.526378
v 0.262880 -0.131326 -0.637021
v 0.194314 -0.030780 -0.626746
v 0.225289 0.190305 -0.569993
v 0.939008 -0.512205 -0.944669
v -0.112606 -0.359565 -0.928985
v -0.058526 -0.344719 -0.694809
v 0.026108 -0.166048 -0.721452
v 0.013609 -0.349271 -0.700657
v -0.055943 -0.154698 -0.693866
v -0.070363 -0.361874 -0.805384
v 0.137206 -0.387859 -0.671023
v -0.008199 -0.067648 -0.651592
v 0.007529 -0.355649 -0.850336
v 0.042301 -0.338768 -0.766394
v -0.041236 -0.385298 -0.668146
v -0.064853 -0.364683 -0.553589
v 0.067426 -0.341881 -0.720200
v 0.224265 -0.359902 -0.794588
v 0.056706 -0.213743 -0.734781
v 0.068019 0.006517 -0.809338
v 0.056202 -0.113728 -0.823548
v 0.062476 -0.118980 -0.693223
v 0.099649 -0.365001 -0.744466
v 0.149973 -0.093409 -0.707218
v 0.044342 -0.195931 -0.793525
v 0.139097 -0.196455 -0.857476
v 0.080180 -0.337266 -0.913884
v 0.131170 -0.339461 -0.691540
v 0.135792 -0.212968 -0.701363
v 0.151594 -0.168000 -0.655049
v 0.139123 -0.180080 -0.694255
v 0.099550 -0.089970 -0.863478
v 0.198701 -0.194134 -0.811320
v 0.195443 -0.220311 -0.658470
v 0.802657 -0.510377 -0.806022
v 0.235382 -0.371204 -0.853282
v 0.213270 -0.161317 -0.695357
v 0.213538 -0.344733 -0.789148
v 0.257917 -0.278487 -0.646553
v 0.232927 -0.238085 -0.739893
v 0.327422 -0.365812 -0.608846
v 0.232237 -0.340919 -0.719521
v 0.270455 -0.275543 -0.676165
v 0.284361 -0.217100 -0.845433
v 0.337857 -0.359806 -0.719630
v 0.198972 -0.131952 -0.574410
v 0.256359 -0.343536 -0.582768
v 0.266965 -0.344047 -0.654216
v -0.064809 -0.505788 -0.795671
v 0.328363 -0.091559 -0.871865
v 0.360890 -0.115660 -0.814434
v 0.286104 -0.194976 -0.720655
v 0.360581 -0.372116 -0.854575
v 0.560773 -0.364346 -0.583290
v 0.278818 -0.340992 -0.854930
v 0.327743 -0.198597 -0.818221
v 0.292721 -0.185299 -0.684213
v 0.360710 -0.343916 -0.794526
v 0.340131 -0.386062 -0.547684
v 0.245351 -0.389443 -0.697555
v 0.392402 -0.225724 -0.682640
v 0.477413 -0.360793 -0.706822
v 0.348596 -0.335865 -0.723433
v 0.410793 -0.115934 -0.722977
v 0.350615 -0.213975 -0.728593
v 0.435603 -0.211566 -0.711158
v 0.470123 -0.345004 -0.842942
v 0.433690 -0.194361 -0.847288
v 0.429342 -0.094288 -0.826419
v 0.512607 -0.212267 -0.726489
v 0.516905 -0.359796 -0.794251
v 0.467225 -0.270809 -0.699286
v -0.929244 -0.513803 0.455378
v -0.597773 -0.468966 -0.237784
v -0.657115 -0.381142 -0.234835
v -0.591374 -0.432663 -0.211335
v -0.615623 -0.364615 -0.184002
v -0.497308 -0.378205 -0.379327
v -0.621396 -0.409647 -0.239502
v -0.554884 -0.440568 -0.224229
v -0.566305 -0.375981 -0.219725
v -0.625770 -0.343418 -0.255291
v -0.564560 -0.340751 -0.225423
v -0.309289 -0.506262 -0.369930
v -0.533349 -0.446914 -0.110759
v -0.539834 -0.449783 0.152994
v -0.557276 -0.392981 -0.217222
v -0.519746 -0.437399 -0.218853
v -0.466379 -0.509072 0.018502
v -0.410164 -0.438707 -0.318822
v -0.476177 -0.357391 -0.227525
v -0.393412 -0.161654 0.141129
v -0.437410 -0.296832 -0.368783
v -0.459707 -0.322310 0.002877
v -0.417202 -0.320584 -0.094702
v -0.438613 -0.384843 -0.072317
v -0.421643 -0.409955 0.013997
v -0.480149 -0.165931 0.012155
v -0.462941 -0.326448 -0.243267
v -0.406882 -0.504893 -0.089116
v -0.415411 -0.498961 0.041683
v -0.420094 -0.505463 -0.224017
v -0.457528 -0.343812 -0.092562
v -0.375067 -0.366794 -0.134287
v -0.385188 -0.373429 -0.374081
v -0.423184 -0.330852 0.034631
v -0.479715 -0.327521 0.012348
v -0.259242 -0.504164 -0.186183
v -0.281359 -0.165247 0.012759
v -0.303406 -0.333923 -0.095943
v -0.457454 -0.350555 0.068449
v -0.231182 -0.353374 -0.062221
v -0.170585 -0.288727 0.022152
v -0.496054 -0.513926 -0.217849
v -0.237503 -0.362116 0.030148
v -0.411072 -0.506360 -0.317081
v -0.302290 -0.506802 -0.308713
v -0.414852 -0.507401 -0.321210
v -0.265891 -0.311283 -0.330831
v -0.295414 -0.366693 -0.219739
v -0.390868 -0.443174 -0.155981
v -0.137825 -0.354742 -0.236752
v -0.298318 -0.376965 -0.370326
v -0.138036 -0.364041 -0.371017
v -0.304124 -0.377126 -0.229319
v -0.224593 -0.287157 -0.205685
v -0.223549 -0.285550 -0.145882
v -0.207962 -0.507692 0.042919
v -0.219875 -0.343375 -0.206581
v -0.153167 -0.512372 -0.322612
v -0.074902 -0.512483 -0.171229
v -0.074079 -0.285431 -0.146478
v -0.028901 -0.362431 -0.156645
v -0.073882 -0.458886 -0.149576
v -0.108898 -0.349539 -0.151774
v -0.022974 -0.384918 0.011400
v -0.019676 -0.412999 -0.027404
v -0.065490 -0.357670 0.010115
v -0.270413 -0.438717 -0.346917
v -0.137574 -0.434164 -0.377411
v -0.418577 -0.391871 -0.377066
v -0.241493 -0.440164 -0.361686
v -0.405084 -0.387261 -0.605842
v -0.344082 -0.384106 -0.536853
v -0.156742 -0.508062 -0.405328
v -0.330911 -0.359978 -0.667890
v -0.265697 -0.400758 -0.400186
v -0.200075 -0.243918 -0.397315
v -0.172876 -0.393184 -0.394822
v -0.144303 -0.341274 -0.372064
v -0.164079 -0.493362 -0.789998
v -0.127876 -0.370441 -0.359959
v -0.145364 -0.121309 -0.527937
v -0.127486 -0.187551 -0.387813
v -0.106099 -0.342490 -0.508008
v -0.077813 -0.388433 -0.373131
v -0.056093 -0.333063 -0.549910
v -0.073165 -0.510343 -0.804501
v -0.062287 -0.512001 -0.348535
v -0.067021 -0.507469 -0.532943
v -0.064774 -0.378276 -0.391243
v -0.066361 -0.364395 -0.530811
v -0.060787 -0.155176 -0.371771
v -0.048591 -0.357849 -0.368623
v -0.059896 -0.147258 -0.376116
v -0.066650 -0.361845 -0.794626
v -0.681989 -0.159181 -0.838526
v -0.646855 -0.152050 -0.689230
v -0.680260 -0.360903 -0.808698
v -0.637545 0.146962 -0.657660
v -0.587567 -0.029698 -0.602119
v -0.646956 -0.040654 -0.705271
v -0.598661 -0.158246 -0.794130
v -0.634785 0.002790 -0.499755
v -0.931191 -0.340259 -0.944649
v -0.577465 0.070276 -0.609550
v -0.542137 0.091613 -0.535180
v -0.489160 0.087085 -0.500486
v -0.585685 -0.030357 -0.804486
v -0.260797 -0.514026 -0.948544
v -0.513625 0.062663 -0.636486
v -0.576903 0.122909 -0.698555
v -0.534021 -0.001980 -0.795880
v -0.479697 -0.033294 -0.822801
v -0.459213 -0.358070 -0.656286
v -0.544567 -0.358646 -0.638972
v -0.566597 0.030779 -0.684471
v -0.434472 -0.369669 -0.726369
v -0.793968 -0.508155 -0.806698
v -0.930911 -0.512405 -0.944722
v -0.443659 -0.009116 -0.734999
v -0.556061 -0.359032 -0.721005
v -0.532646 -0.026031 -0.382187
v -0.481898 0.044623 -0.501647
v -0.437483 0.000464 -0.437486
v -0.530411 0.034663 -0.548285
v -0.414031 -0.057646 -0.679868
v -0.276540 -0.182199 -0.805561
v -0.433841 -0.375291 -0.566373
v -0.463045 -0.059022 -0.597112
v -0.421252 0.001200 -0.523043
v -0.404594 -0.163975 -0.615940
v -0.407335 -0.146653 -0.497504
v -0.267900 -0.169389 -0.377693
v -0.384930 -0.000990 -0.577656
v -0.371321 -0.044310 -0.652886
v -0.802982 -0.509942 -0.383830
v -0.289165 -0.366495 -0.736475
v -0.463807 -0.159142 -0.800521
v -0.351545 0.034739 -0.550329
v -0.270120 0.034075 -0.667664
v -0.332382 0.163458 -0.576302
v -0.277325 0.140740 -0.510300
v -0.295223 -0.246911 -0.670615
v -0.232836 0.138555 -0.623247
v -0.277511 -0.399177 -0.786744
v -0.317035 -0.291572 -0.672139
v -0.274326 -0.364320 -0.787244
v -0.285960 0.034925 -0.466682
v -0.261823 -0.357338 -0.794048
v -0.270351 -0.235112 -0.719402
v -0.162725 -0.241915 -0.669254
v -0.243104 -0.027887 -0.687535
v -0.157781 -0.228461 -0.747906
v -0.160349 -0.359424 -0.795530
v -0.299953 -0.175410 -0.714993
v -0.142130 -0.168278 -0.647117
v -0.202000 0.042587 -0.601019
v -0.319974 -0.008220 -0.455464
v -0.156446 -0.042932 -0.510350
v -0.148320 -0.350253 -0.757553
v -0.163945 -0.384682 -0.672319
v -0.165664 -0.364439 -0.793288
v -0.130608 -0.183404 -0.737680
v -0.149321 -0.152765 -0.755025
v -0.113082 -0.348137 -0.808531
v -0.078402 -0.367412 -0.871978
v -0.941383 -0.510874 -0.183702
v -0.931661 -0.511980 -0.241639
v -0.937854 -0.329250 -0.356412
v -0.935945 -0.327440 -0.574660
v -0.924942 -0.434734 -0.395063
v -0.902130 -0.358744 -0.932761
v -0.927733 -0.339263 -0.243144
v -0.943175 -0.287716 -0.728492
v -0.943576 -0.294540 -0.256036
v -0.945132 -0.336216 -0.710390
v -0.878296 -0.371545 -0.183842
v -0.875213 -0.375659 -0.237116
v -0.819815 -0.361280 -0.738580
v -0.603769 -0.327254 -0.943716
v -0.783655 -0.360071 -0.586220
v -0.931487 -0.512276 -0.387038
v -0.932641 -0.508856 -0.944952
v -0.799646 -0.514194 -0.800718
v -0.836396 -0.124186 -0.731009
v -0.830295 -0.009747 -0.727233
v -0.805374 -0.153042 -0.452727
v -0.805438 -0.246862 -0.744231
v -0.801711 -0.159028 -0.839125
v -0.801921 -0.359309 -0.837544
v -0.824470 -0.367270 -0.747667
v -0.787278 -0.339063 -0.777188
v -0.793134 -0.355235 -0.669234
v -0.757538 -0.039309 -0.822823
v -0.794454 -0.405697 -0.789369
v -0.796878 -0.505707 -0.367161
v -0.794177 -0.507853 -0.803761
v -0.936236 -0.376894 -0.232894
v -0.735094 -0.150176 -0.584129
v -0.780602 -0.156713 -0.558351
v -0.740271 0.123671 -0.686987
v -0.763246 0.062209 -0.636739
v -0.748018 0.139192 -0.585362
v -0.803816 -0.359377 -0.376101
v -0.726850 -0.158674 -0.375418
v -0.743849 -0.359102 -0.331034
v -0.779982 -0.232196 -0.326011
v -0.642285 -0.339086 -0.681765
v -0.729055 -0.150566 -0.322054
v -0.734219 0.024537 -0.752449
v -0.661880 -0.026495 -0.778351
v -0.657776 -0.384291 -0.653380
v -0.578061 -0.371034 -0.599886
v -0.590456 -0.359974 -0.332078
v -0.765248 -0.009682 -0.642218
v -0.685497 -0.156193 -0.453382
v -0.696374 -0.085314 -0.441397
v -0.421177 -0.405946 -0.795457
v -0.588316 -0.153973 -0.330125
v -0.629759 0.063778 -0.655774
v -0.795430 -0.505690 -0.370094
v -0.797046 -0.398384 -0.367966
v -0.626002 -0.088617 -0.438295
v -0.605703 -0.158640 -0.597903
v -0.575382 0.006690 -0.400806
v -0.667884 -0.131049 -0.431254
v -0.639546 -0.144298 -0.455023
v -0.551992 -0.145272 -0.379338
v -0.514444 -0.357650 -0.361235
v -0.509855 -0.217519 -0.338765
v -0.539450 0.049877 -0.457422
vn -0.9908 -0.1350 -0.0098
vn -0.8783 0.2172 0.4260
vn -0.2701 -0.7452 0.6097
vn 0.5108 -0.2082 0.8341
vn -0.0221 -0.7179 0.6958
vn -0.6324 -0.7745 -0.0120
vn -0.9589 -0.0508 0.2791
vn -0.9994 0.0076 -0.0334
vn -0.6530 -0.6613 -0.3692
vn -0.4783 -0.5137 0.7123
vn -0.9985 0.0028 0.0551
vn -0.9986 -0.0195 0.0495
vn -0.9555 0.2110 -0.2061
vn -0.9303 0.3520 -0.1030
vn -0.1716 0.3146 0.9336
vn -0.7483 -0.0165 -0.6632
vn -0.9976 -0.0648 0.0224
vn 0.8917 0.4527 0.0008
vn 0.9555 -0.2950 -0.0101
vn 0.9991 -0.0159 -0.0393
vn 0.9997 -0.0227 0.0012
vn 0.9985 -0.0236 0.0491
vn 0.9997 -0.0230 0.0069
vn 0.9924 -0.0830 0.0904
vn 0.2871 -0.9566 0.0498
vn 0.9813 0.1926 0.0036
vn 0.1386 0.9876 -0.0732
vn 0.7074 0.7068 0.0077
vn 0.1526 0.9860 -0.0666
vn 0.0577 0.9981 -0.0203
vn -0.0256 0.9966 -0.0784
vn -0.5344 0.8452 -0.0052
vn -0.0145 -0.0312 -0.9994
vn 0.0001 0.9996 0.0271
vn -0.8347 -0.0134 0.5505
vn 0.2664 0.6779 -0.6852
vn -0.9978 0.0084 0.0654
vn -0.3875 0.1363 -0.9117
vn -0.6919 0.0056 -0.7220
vn 0.7450 0.6669 0.0120
vn 0.2332 -0.0109 0.9724
vn -0.7515 0.6395 0.1620
vn -0.6184 0.7839 -0.0563
vn -0.0460 0.0902 -0.9949
vn -0.0699 -0.9966 0.0447
vn 0.0032 -0.0670 -0.9977
vn -0.0047 -0.0967 -0.9953
vn -0.1119 -0.9927 -0.0451
vn -0.0229 -0.0261 0.9994
vn -0.1936 0.9785 -0.0716
vn -0.8262 -0.4045 0.3922
vn 0.0415 -0.9987 -0.0311
vn 0.0032 0.1237 0.9923
vn -0.0541 0.3122 -0.9485
vn -0.0648 -0.8774 -0.4754
vn -0.0198 -0.7411 -0.6711
vn -0.3012 -0.1035 -0.9479
vn -0.3416 0.9326 0.1164
vn -0.0077 -1.0000 -0.0002
vn 0.1743 0.2664 -0.9480
vn 0.0716 -0.9785 -0.1935
vn 0.0059 1.0000 0.0026
vn 0.0045 1.0000 0.0033
vn 0.0056 1.0000 0.0028
vn -0.2272 0.9104 -0.3458
vn -0.0032 -0.0647 0.9979
vn 0.0283 0.9919 -0.1237
vn -0.1935 0.9785 -0.0716
vn 0.0234 -0.4849 -0.8743
vn -0.9934 0.1008 0.0539
vn -0.3471 0.4349 0.8309
vn -0.9231 0.3845 -0.0005
vn -0.2598 0.4988 0.8269
vn 0.1675 0.8697 0.4642
vn -0.0564 -0.9918 0.1144
vn -0.0759 0.9968 -0.0248
vn -0.6148 0.1157 -0.7801
vn -0.6205 -0.7824 0.0531
vn -0.2785 0.9367 0.2124
vn 0.0421 0.4490 0.8925
vn 0.0383 0.2394 0.9702
vn 0.0326 0.2397 0.9703
vn 0.0343 0.2400 0.9702
vn 0.0322 0.4014 0.9153
vn -0.0088 -0.6817 -0.7316
vn -0.6637 0.7315 -0.1561
vn -0.7786 0.6263 -0.0385
vn -0.9894 0.1251 0.0735
vn -0.0000 -0.0004 1.0000
vn -0.0542 0.0618 0.9966
vn 0.5532 -0.8277 -0.0940
vn 0.0650 -0.9979 0.0032
vn 0.1568 -0.9550 -0.2517
vn -0.4707 0.4374 -0.7662
vn -0.0366 -0.0265 -0.9990
vn -0.1164 -0.9883 0.0990
vn -1.0000 -0.0016 -0.0061
vn -1.0000 -0.0029 -0.0064
vn -0.3417 0.9326 0.1164
vn -1.0000 -0.0030 -0.0064
vn 0.0128 0.9980 -0.0622
vn -0.0047 1.0000 -0.0060
vn -0.0037 0.9984 -0.0563
vn 0.9999 0.0149 0.0059
vn 1.0000 0.0087 0.0044
vn 1.0000 0.0023 0.0029
vn -0.6692 0.2542 0.6982
vn -0.5882 -0.1985 0.7839
vn 0.2221 -0.4227 0.8786
vn -0.1064 -0.9857 -0.1306
vn 0.1004 -0.6636 0.7413
vn -0.0060 0.0644 -0.9979
vn -0.0043 -1.0000 -0.0026
vn 0.0009 0.7244 -0.6894
vn 0.3280 0.8225 0.4646
vn -0.2183 0.9650 0.1454
vn -0.4050 0.7399 -0.5371
vn -0.1163 -0.9838 0.1367
vn -0.0093 0.9891 0.1466
vn -0.9575 0.2651 -0.1135
vn 0.4448 0.2705 0.8538
vn -0.8450 0.3255 -0.4243
vn -0.0636 0.9966 0.0526
vn 0.0877 0.0250 0.9958
vn 0.8403 -0.5298 0.1152
vn 0.5864 -0.2222 -0.7789
vn 0.0385 -0.3291 0.9435
vn -0.1275 0.9879 -0.0881
vn -0.0133 -0.4681 -0.8836
vn 0.0805 0.8949 -0.4390
vn 0.0685 -0.9958 0.0607
vn -0.0591 0.9980 0.0204
vn -0.0455 0.9987 -0.0215
vn -0.0737 0.9939 -0.0824
vn -0.0518 -0.2140 -0.9755
vn 0.0284 -0.1318 -0.9909
vn -0.0798 -0.1604 -0.9838
vn -0.9398 -0.0405 0.3393
vn -0.2341 0.9388 0.2528
vn 0.5720 0.1308 0.8098
vn -0.0014 0.9989 0.0467
vn -0.0955 -0.9699 -0.2242
vn -0.0784 0.0618 -0.9950
vn 0.0076 -0.5241 -0.8516
vn 0.0041 0.9998 -0.0182
vn 0.0050 -0.0427 -0.9991
vn -0.9960 0.0729 -0.0522
vn 0.2317 0.6810 -0.6946
vn -0.1535 0.8796 -0.4502
vn 0.1211 0.0228 -0.9924
vn -0.0867 -0.9940 0.0661
vn -0.0765 0.3897 0.9177
vn -0.0004 -1.0000 0.0030
vn -0.0162 0.9990 0.0414
vn 0.0267 0.9922 -0.1217
vn -0.0335 0.4583 0.8882
vn 0.3586 0.3399 -0.8694
vn -0.0974 -0.9952 -0.0072
vn 0.0066 0.0380 -0.9993
vn 0.0134 0.0408 -0.9991
vn -0.0748 -0.1089 -0.9912
vn 0.6318 0.2877 0.7198
vn -0.0862 0.7723 0.6293
vn 0.1181 -0.2474 -0.9617
vn 0.1038 -0.2457 -0.9638
vn 0.0390 -0.2012 -0.9788
vn 0.4165 0.8285 0.3744
vn -0.0193 -0.1512 -0.9883
vn -0.0347 -0.2081 -0.9775
vn -0.0219 -0.2049 -0.9785
vn 0.0043 1.0000 0.0034
vn 0.6238 0.2224 -0.7493
vn 0.0011 -0.7807 0.6249
vn -0.0018 0.9881 -0.1537
vn 0.5850 0.8102 0.0375
vn 0.6240 0.5892 0.5134
vn -0.4417 0.8850 -0.1474
vn -0.0053 -0.0011 -1.0000
vn -0.7257 0.6871 -0.0358
vn -0.1040 -0.9932 0.0530
vn 0.0088 -0.9996 0.0254
vn -0.0004 -0.9998 0.0173
vn 0.0086 -0.9996 0.0253
vn 0.0154 0.9886 -0.1496
vn -0.7428 0.3975 -0.5387
vn -0.0116 0.9883 -0.1518
vn -0.0508 0.9987 0.0010
vn -0.0217 0.9998 -0.0009
vn -0.2869 0.5164 0.8068
vn -0.0250 0.0445 0.9987
vn -0.3805 0.8520 0.3596
vn -0.0470 -0.0438 -0.9979
vn -0.0125 -0.9999 -0.0013
vn -0.0230 -0.9996 -0.0146
vn 0.9729 -0.0446 -0.2268
vn 0.9745 -0.0400 -0.2206
vn 0.9745 -0.0400 -0.2207
vn 0.0732 -0.9899 -0.1210
vn -0.0272 0.9937 -0.1089
vn -0.2111 0.7249 -0.6557
vn 0.9783 -0.0287 -0.2053
vn 0.0162 0.9985 -0.0515
vn 0.0364 0.4528 0.8909
vn 0.0004 0.0198 -0.9998
vn -0.2932 -0.9548 0.0485
vn 0.0172 -0.2777 -0.9605
vn -0.8677 0.0701 0.4921
vn -0.7102 -0.0604 0.7014
vn -0.8890 0.4361 -0.1399
vn -0.5758 -0.4127 0.7058
vn -0.8989 0.1400 0.4152
vn 0.0359 -0.1459 -0.9887
vn -0.1798 -0.9808 0.0750
vn 0.0014 -0.9999 0.0161
vn 0.0346 -0.8382 0.5443
vn -0.6962 0.1518 0.7016
vn -0.8613 0.4977 -0.1019
vn -0.3240 0.9444 -0.0558
vn -0.8530 0.4283 -0.2982
vn 0.0130 0.0835 0.9964
vn -0.9255 -0.3777 -0.0296
vn -0.7487 0.6528 0.1154
vn -0.4565 0.7169 0.5269
vn 0.2836 0.2273 -0.9316
vn 0.2808 0.2211 -0.9340
vn 0.1219 0.2724 -0.9544
vn 0.4960 -0.3583 0.7910
vn -0.8812 -0.0047 -0.4726
vn -0.5800 0.3678 -0.7268
vn 0.9697 -0.2389 -0.0516
vn 0.9371 0.3147 0.1512
vn 0.0397 0.9242 0.3798
vn -0.6679 0.7437 0.0288
vn -0.0460 0.2459 0.9682
vn 0.1335 -0.9251 -0.3556
vn -0.5324 -0.0317 -0.8459
vn -0.0018 0.9999 -0.0110
vn -0.0036 0.9813 -0.1923
vn 0.4216 0.9068 -0.0003
vn 0.2941 -0.0018 -0.9558
vn 0.2124 0.0900 -0.9730
vn 0.0504 0.9808 -0.1883
vn -0.2463 -0.0788 0.9660
vn -0.1669 -0.0683 0.9836
vn -0.2149 -0.0537 0.9752
vn -0.0239 -0.1236 -0.9920
vn -0.0651 -0.2512 -0.9658
vn -0.0805 -0.1165 -0.9899
vn 0.1188 0.8763 -0.4670
vn 0.0080 -0.9988 0.0473
vn 0.0033 0.4086 0.9127
vn -0.5226 0.8046 0.2820
vn -0.3661 0.9112 -0.1890
vn -0.0043 -0.9923 -0.1239
vn -0.0262 -0.9981 -0.0556
vn -0.0446 -0.9943 -0.0964
vn -0.0399 -0.9823 0.1832
vn -0.0328 -0.0697 0.9970
vn -0.4331 -0.8989 0.0661
vn -0.9799 0.1929 -0.0509
vn 0.0451 -0.5934 0.8036
vn 0.0239 0.0075 0.9997
vn 0.8247 -0.5654 -0.0153
vn 0.9313 0.3617 0.0436
vn 0.9798 0.1873 0.0701
vn 0.1103 0.0976 0.9891
vn 0.9116 -0.4091 -0.0399
vn 0.1557 0.1482 0.9766
vn 0.0153 0.9996 -0.0229
vn -0.0026 0.9997 0.0257
vn 0.0055 0.9995 0.0327
vn -0.0185 0.9386 -0.3445
vn -0.9344 0.3561 -0.0119
vn -0.7965 -0.6041 -0.0260
vn 0.4972 0.3147 -0.8085
vn -0.9363 0.3492 0.0365
vn -0.0546 0.9975 0.0446
vn -0.9692 -0.1894 -0.1577
vn -0.6945 0.7193 -0.0149
vn -0.5680 -0.6292 -0.5305
vn -0.3942 0.2644 0.8802
vn 0.3615 -0.9292 -0.0768
vn -0.8750 -0.1429 0.4626
vn -0.8515 -0.5244 0.0048
vn -0.7871 -0.6164 -0.0234
vn -0.6594 -0.7151 0.2318
vn -0.2324 0.8536 0.4662
vn -0.1337 0.5025 -0.8542
vn -0.1126 0.9914 0.0664
vn -0.2327 0.4586 0.8576
vn -0.9802 -0.1866 -0.0663
vn -0.0485 0.2501 0.9670
vn -0.0484 0.2446 0.9684
vn -0.0497 0.2409 0.9693
vn 0.0232 -0.7318 0.6811
vn 0.7640 0.6451 0.0114
vn 0.2598 -0.9653 0.0264
vn 0.1608 0.9851 -0.0603
vn 0.3647 0.6168 -0.6975
vn 0.0180 -0.9993 0.0335
vn 0.2235 0.9726 -0.0640
vn 0.0155 0.9919 -0.1258
vn 0.2170 -0.6644 -0.7152
vn -0.1145 0.2230 0.9681
vn 0.0542 0.0093 0.9985
vn -0.0004 -0.1051 0.9945
vn 0.0312 0.0095 0.9995
vn 0.0374 0.0156 0.9992
vn 0.0315 0.0097 0.9995
vn -0.0188 -0.0776 -0.9968
vn -0.0316 -0.0097 -0.9995
vn -0.0355 0.0522 -0.9980
vn -0.0283 0.1508 0.9882
vn 0.0110 0.0461 -0.9989
vn -0.8378 -0.5443 0.0433
vn 0.5507 -0.8341 -0.0317
vn -0.8281 -0.5604 0.0160
vn -0.8109 -0.5852 0.0055
vn -0.8911 -0.4530 -0.0268
vn -0.0225 -0.0837 -0.9962
vn 0.0243 0.0027 0.9997
vn 0.9469 0.3114 0.0796
vn 0.9845 0.1719 0.0356
vn 0.9046 0.4160 0.0926
vn 0.9538 0.2855 0.0940
vn 0.9380 0.3255 0.1192
vn 0.9447 0.2944 0.1448
vn 0.2358 0.6947 0.6796
vn -0.8643 -0.4866 0.1275
vn 0.5085 0.8163 0.2739
vn 0.5412 0.2928 -0.7882
vn 0.6020 0.2249 -0.7662
vn -0.0459 0.8532 -0.5195
vn 0.2501 -0.7883 -0.5622
vn 0.3404 -0.9342 0.1068
vn 0.0002 0.4833 -0.8755
vn 0.9515 0.2957 0.0846
vn 0.9986 -0.0522 0.0060
vn -0.0319 -0.0733 0.9968
vn 0.3578 -0.1593 0.9201
vn 0.1694 0.9843 -0.0504
vn 0.4034 -0.9149 0.0148
vn 0.7207 0.6364 -0.2750
vn 0.0299 0.9832 0.1799
vn 0.6120 0.0832 0.7865
vn -0.0402 -0.9964 0.0750
vn 0.1275 0.9906 0.0487
vn -0.0345 -0.9982 -0.0494
vn 0.0031 0.9994 -0.0339
vn -0.0394 -0.7712 0.6353
vn 0.0347 0.5907 -0.8061
vn -0.0375 0.0058 -0.9993
vn -0.1788 -0.9801 0.0867
vn -0.1126 0.1055 -0.9880
vn -0.8762 0.4808 0.0339
vn -0.0268 -0.9992 -0.0287
vn 0.0837 0.9923 0.0909
vn 0.0004 -1.0000 0.0026
vn -0.8968 -0.4425 0.0014
vn -0.6853 -0.7271 -0.0411
vn 0.0354 -0.9610 -0.2743
vn 0.0233 -0.9997 -0.0095
vn -0.1052 0.4523 0.8857
vn -0.0999 0.5500 0.8292
vn -0.1148 0.4890 0.8647
vn 0.1955 0.9736 0.1181
vn 0.5741 0.7668 -0.2870
vn 0.8794 0.4761 -0.0055
vn 0.0090 -0.9985 -0.0549
vn -0.0802 0.9967 -0.0104
vn 0.0385 -0.1631 -0.9859
vn 0.2865 0.1429 -0.9474
vn -0.8779 0.4788 0.0071
vn 0.7543 -0.5993 -0.2683
vn 0.0018 -1.0000 -0.0089
vn -0.0310 -0.9995 0.0022
vn -0.0091 1.0000 0.0009
vn 0.9890 -0.1209 0.0851
vn 0.9949 0.0865 0.0519
vn 0.0198 0.9901 0.1389
vn -0.1196 0.9928 -0.0033
vn -0.0792 0.9969 0.0024
vn 0.0038 1.0000 0.0046
vn 0.0161 -0.1394 0.9901
vn 0.2657 -0.9020 0.3402
vn -0.1909 -0.9808 -0.0401
vn 0.0078 1.0000 0.0044
vn -0.0001 0.9999 0.0109
vn -0.8002 -0.5996 0.0104
vn -0.6531 -0.7141 0.2521
vn -0.9990 0.0250 0.0364
vn 0.4950 0.7798 -0.3833
vn -0.9994 -0.0046 0.0350
vn -0.6707 -0.7410 0.0331
vn -1.0000 -0.0027 0.0055
vn -0.0578 -0.9975 0.0402
vn 0.0804 0.9876 -0.1351
vn 0.0708 0.9969 -0.0340
vn 0.0205 -0.9603 0.2783
vn -0.0085 0.0123 0.9999
vn 0.2646 0.7766 0.5717
vn 0.5908 0.4364 0.6787
vn 0.8434 -0.1346 -0.5202
vn -0.0510 0.9987 0.0075
vn -0.0374 0.9992 0.0120
vn -0.0128 0.6975 -0.7165
vn 0.2964 0.9491 -0.1068
vn 0.0333 -0.9992 0.0213
vn 0.0427 -0.9831 0.1778
vn 0.0057 0.0677 0.9977
vn -0.0160 0.1667 -0.9859
vn -0.6109 0.7865 0.0907
vn 0.3370 0.6417 -0.6890
vn 0.5898 -0.1465 0.7942
vn -0.5763 -0.8165 0.0350
vn 0.7935 0.5954 0.1260
vn 0.2179 0.6677 0.7118
vn -0.9962 -0.0868 -0.0032
vn 0.9343 0.3509 0.0631
vn 0.9017 0.4180 -0.1110
vn 0.9101 0.4087 -0.0684
vn 0.5209 0.7903 0.3225
vn 0.6657 0.7027 0.2513
vn 0.4267 0.8753 0.2277
vn -0.0444 0.9990 0.0029
vn -0.0859 0.9907 0.1057
vn -0.1647 0.9837 0.0727
vn -0.0553 0.9975 0.0448
vn -0.4859 0.8400 0.2413
vn 0.0070 0.9999 0.0076
vn -0.0229 0.9997 -0.0051
vn -0.0356 0.9994 0.0042
vn 0.0449 0.6927 0.7198
vn -0.1500 -0.0997 0.9836
vn -0.8980 0.3721 -0.2349
vn -0.2284 -0.9687 -0.0974
vn -0.6031 0.7777 -0.1777
vn 0.4939 0.3449 -0.7982
vn -0.0220 0.5780 -0.8158
vn -0.2677 0.9615 0.0626
vn -0.2656 0.9621 0.0623
vn -0.2668 0.9619 0.0596
vn -0.0448 0.9990 0.0027
vn 0.0150 0.0451 0.9989
vn 0.0532 0.0296 0.9981
vn 0.0946 0.0587 0.9938
vn -0.0686 0.9968 0.0403
vn -0.6462 0.6514 0.3977
vn -0.3150 -0.9483 -0.0396
vn 0.4504 0.7503 0.4839
vn -0.0455 -0.0770 -0.9960
vn 0.9064 0.4223 -0.0065
vn 0.6024 0.5088 -0.6150
vn -0.5082 0.8512 0.1308
vn 0.8517 0.4773 -0.2163
vn -0.4898 -0.8714 -0.0287
vn -0.0597 0.2089 0.9761
vn -0.0717 -0.9960 0.0533
vn -0.0399 0.9894 0.1394
vn -0.0856 0.6263 0.7748
vn 0.7667 0.6410 0.0357
vn 0.8685 0.4930 -0.0520
vn -0.0200 0.0146 -0.9997
vn 0.7940 0.6070 0.0320
vn -0.1135 -0.9907 0.0751
vn 0.8006 0.5260 0.2870
vn -0.0079 0.9999 0.0128
vn -0.9628 -0.2671 -0.0402
vn 0.0627 -0.2690 0.9611
vn -0.8556 -0.5162 -0.0395
vn 0.3307 0.9335 -0.1387
vn -0.2062 -0.0316 0.9780
vn -0.0265 -0.0144 0.9995
vn 0.9747 0.1239 0.1860
vn 0.8718 -0.0026 -0.4898
vn -0.0235 -0.9997 -0.0093
vn 0.0095 -0.9999 0.0040
vn -0.0023 -1.0000 0.0034
vn 0.2646 -0.9620 0.0670
vn 0.1935 0.9730 -0.1256
vn -0.9893 -0.1447 -0.0175
vn 0.9765 0.2142 0.0258
vn 0.9979 0.0603 0.0246
vn 0.9927 -0.0988 0.0692
vn -0.9865 -0.1632 -0.0141
vn 0.9737 0.2133 0.0803
vn 0.6159 0.7876 -0.0184
vn 0.9961 0.0796 -0.0372
vn 0.8771 0.4740 0.0783
vn 0.8834 0.4645 0.0617
vn 0.8092 0.5844 -0.0610
vn 0.9992 -0.0012 -0.0395
vn 0.7582 0.6462 -0.0871
vn 0.1589 -0.9719 0.1737
vn 0.8566 0.5126 -0.0591
vn 0.3757 -0.9076 0.1875
vn -0.0122 0.0286 0.9995
vn -0.8056 -0.5916 -0.0317
vn -0.9050 -0.2085 -0.3708
vn -0.6962 0.6336 -0.3374
vn 0.0452 -0.9990 -0.0025
vn 0.4756 -0.8598 -0.1861
vn 0.5883 -0.7732 0.2369
vn 0.4959 -0.8411 0.2159
vn 0.4180 -0.8755 0.2425
vn -0.0116 -0.9962 -0.0863
vn -0.8154 0.5598 -0.1474
vn -0.9804 0.1487 -0.1293
vn -0.8867 0.2251 0.4038
vn -0.3052 0.9522 -0.0098
vn -0.3370 0.9333 -0.1240
vn -0.3790 0.9241 -0.0482
vn 0.2525 -0.8935 -0.3714
vn -0.0033 -0.0620 -0.9981
vn 0.0033 0.0973 -0.9952
vn 0.0007 -0.0839 0.9965
vn 0.6896 0.7065 -0.1592
vn -0.6667 0.5873 -0.4588
vn -0.0017 -0.9986 0.0529
vn -0.7257 0.3116 0.6135
vn 0.0440 0.9987 0.0244
vn -0.4832 0.8755 -0.0038
vn -0.0029 -0.0717 0.9974
vn -0.4066 -0.8998 -0.1582
vn 0.0357 0.5702 0.8207
vn 0.7801 0.0272 0.6250
vn 0.1970 0.0226 0.9801
vn 0.0015 0.6540 -0.7565
vn 0.0647 0.8817 -0.4674
vn -0.7680 0.6355 -0.0791
vn -0.0213 0.9993 -0.0310
vn -0.0403 0.9988 -0.0277
vn -0.0697 0.9965 -0.0463
vn 0.1405 0.9307 0.3377
vn 0.1671 -0.4479 -0.8783
vn -0.1921 0.9621 0.1934
vn 0.0541 0.6406 0.7660
vn 0.0460 -0.4336 -0.8999
vn -0.0639 0.5109 0.8572
vn -0.0928 0.9659 0.2419
vn -0.0009 1.0000 -0.0069
vn -0.6272 0.1647 0.7612
vn 0.0305 -0.9743 -0.2231
vn 0.3516 0.7052 -0.6157
vn -0.0006 -0.9999 0.0104
vn 0.0024 -0.9999 0.0102
vn 0.0027 -0.9999 0.0099
vn 0.0172 -0.9994 -0.0306
vn -0.2505 -0.1799 0.9513
vn -0.2449 -0.1771 0.9532
vn -0.2369 -0.2271 0.9446
vn 0.0349 -0.9949 0.0943
vn 0.0431 -0.9971 0.0622
vn -0.0101 -0.9998 0.0149
vn 0.6650 0.7467 0.0095
vn 0.1522 0.7065 0.6911
vn -0.7957 -0.1797 0.5784
vn 0.0120 0.9995 0.0276
vn -0.0272 -0.9971 -0.0708
vn -0.0321 -0.9964 -0.0788
vn 0.3785 0.8936 -0.2412
vn -0.2264 -0.2293 -0.9466
vn 0.0851 -0.9960 0.0263
vn 0.1111 -0.9935 0.0229
vn 0.0761 -0.9968 0.0253
vn -0.0853 0.9944 -0.0625
vn 0.0147 0.9998 0.0121
vn -0.0346 0.9993 0.0110
vn 0.0277 0.9996 0.0014
vn -0.8690 -0.0208 -0.4944
vn 0.8539 -0.0229 0.5200
vn -0.3011 0.0215 0.9534
vn -0.0033 0.9999 -0.0149
vn -0.0173 0.9997 -0.0197
vn -0.0103 0.9999 -0.0132
vn -0.0542 -0.9938 -0.0975
vn 0.1648 0.9863 -0.0066
vn 0.0940 0.0277 -0.9952
vn -0.0357 0.1596 -0.9865
vn -0.0355 0.1598 -0.9865
vn -0.6179 0.3675 -0.6951
vn 0.0011 1.0000 0.0025
vn -0.4438 0.8229 0.3548
vn 0.1228 -0.9924 0.0039
vn -0.3061 -0.3598 -0.8814
vn -0.0055 -0.9996 -0.0268
vn -0.3523 0.6965 -0.6251
vn -0.7059 0.6851 0.1800
vn -0.2537 -0.7268 0.6382
vn 0.0289 -0.9996 -0.0045
vn 0.0073 -0.9994 -0.0333
vn -0.0261 0.9990 0.0374
vn -0.8215 0.0073 -0.5701
vn -0.0014 0.9980 -0.0638
vn 0.0708 -0.9960 0.0548
vn 0.0969 -0.5212 -0.8479
vn 0.0018 -0.6918 0.7221
vn -0.7033 0.2397 0.6692
vn 0.0720 0.4270 0.9014
vn -0.0025 1.0000 0.0019
vn -0.3029 0.5013 0.8105
vn -0.3349 -0.5574 0.7597
vn 0.0940 0.4973 -0.8625
vn 0.2843 -0.7178 -0.6356
vn -0.0031 -1.0000 0.0023
vn -0.0295 -0.2042 0.9785
vn -0.0072 -0.1427 0.9897
vn -0.0079 -0.5742 0.8186
vn 0.0252 -0.1785 -0.9836
vn 0.6256 -0.0214 0.7798
vn -0.0714 0.0809 -0.9942
vn 0.5159 0.0094 -0.8566
vn -0.4597 -0.6898 -0.5593
vn 0.2826 0.9547 0.0929
vn 0.0388 -0.9988 -0.0291
vn 0.8447 -0.3047 -0.4400
vn 0.8224 -0.4821 -0.3020
vn 0.5640 -0.6143 -0.5519
vn -0.9189 -0.3921 0.0445
vn 0.5467 0.5030 -0.6694
vn -0.0001 0.9999 -0.0141
vn -0.0000 0.9999 -0.0134
vn -0.0001 0.9999 -0.0140
vn -0.8697 0.4848 -0.0922
vn -0.3477 -0.9117 0.2189
vn -0.1484 -0.9824 -0.1135
vn -0.8349 -0.5466 -0.0644
vn -0.0652 -0.9944 -0.0831
vn 0.0104 0.9996 0.0276
vn -0.9278 -0.3721 0.0268
vn -0.0490 0.9931 -0.1062
vn 0.2027 0.9711 0.1260
vn -0.0019 0.9988 -0.0491
vn -0.0068 0.9989 -0.0457
vn 0.0037 0.9697 0.2444
vn 0.5711 0.8208 -0.0141
vn -0.2825 0.4589 -0.8424
vn 0.3745 0.8790 -0.2950
vn -0.0170 -0.0670 -0.9976
vn -0.0031 -0.0198 -0.9998
vn -0.0124 -0.0614 -0.9980
vn 0.0772 -0.9970 0.0044
vn 0.0460 -0.9953 0.0848
vn -0.9970 -0.0704 0.0321
vn -0.9970 -0.0704 0.0322
vn -0.9974 -0.0582 0.0425
vn -0.9954 -0.0951 0.0111
vn -0.2081 -0.7980 -0.5656
vn -0.0495 0.9963 -0.0697
vn -0.0924 0.9948 -0.0437
vn -0.0456 0.9976 -0.0524
vn 0.9992 0.0364 0.0173
vn 0.9983 -0.0575 -0.0057
vn 0.9933 0.1096 0.0352
vn 0.0242 -0.9971 -0.0727
vn -0.2742 0.7760 -0.5681
vn 0.0246 -0.9983 0.0527
vn 0.8999 -0.0761 0.4294
vn -0.7975 -0.0705 -0.5991
vn 0.0104 0.9998 -0.0161
vn -0.0346 -0.0550 -0.9979
vn -0.0436 -0.0653 -0.9969
vn -0.0349 -0.0562 -0.9978
vn -0.1136 -0.9825 0.1476
vn 0.0495 0.0978 -0.9940
vn 0.5067 0.8335 -0.2202
vn 0.0062 0.9998 0.0178
vn 0.0223 0.9967 0.0783
vn 0.5767 0.2503 0.7777
vn 0.7559 -0.4802 0.4450
vn 0.7603 -0.6390 -0.1167
vn 0.6416 -0.7408 -0.1990
vn 0.7602 -0.6391 -0.1167
vn 0.8934 -0.4491 0.0134
vn -0.6882 0.0223 -0.7252
vn -0.0614 0.9974 0.0377
vn -0.1078 0.9921 -0.0641
vn -0.2862 0.9566 -0.0542
vn 0.0293 0.9996 0.0061
vn 0.5675 0.8233 -0.0119
vn 0.1178 0.9930 0.0008
vn -0.0679 0.9963 -0.0520
vn -0.0077 0.9957 -0.0925
vn -0.0503 -0.0261 -0.9984
vn 0.6892 -0.3765 -0.6191
vn -0.0075 0.9988 -0.0477
vn -0.0025 0.9992 -0.0398
vn 0.0377 0.0109 0.9992
vn 0.0517 0.0228 0.9984
vn 0.0273 -0.7608 0.6484
vn -0.2097 0.3299 -0.9204
vn 0.2058 -0.4207 0.8835
vn 0.3419 -0.2109 0.9158
vn 0.3349 -0.2279 0.9143
vn -0.1794 0.9837 -0.0141
vn 0.5680 0.6157 -0.5462
vn 0.1164 0.9932 -0.0050
vn 0.8589 0.2418 0.4515
vn -0.1679 0.9244 0.3426
vn -0.5443 -0.5290 -0.6511
vn 0.8031 -0.5434 0.2444
vn 0.0651 -0.9756 0.2097
vn 0.0717 -0.9711 0.2278
vn 0.0488 -0.9749 0.2171
vn -0.1765 0.1322 -0.9754
vn -0.9963 -0.0839 0.0196
vn 0.4478 -0.0189 0.8939
vn 0.6945 0.0570 -0.7172
vn 0.8712 0.3578 0.3362
vn 0.8271 0.5370 0.1659
vn 0.0126 0.9999 -0.0030
vn -0.0144 0.9988 0.0461
vn 0.0098 0.9996 -0.0247
vn 0.0186 0.9997 -0.0161
vn 0.0183 0.9997 -0.0157
vn 0.0509 -0.0327 0.9982
vn 0.0035 0.9976 0.0687
vn 0.0169 0.9981 0.0600
vn 0.0211 0.9985 0.0503
vn 0.2503 0.0455 0.9671
vn -0.0807 0.0020 0.9967
vn 0.6596 -0.7477 -0.0767
vn 0.0081 -0.9998 -0.0182
vn 0.5510 -0.5405 0.6358
vn -0.0926 -0.9919 -0.0868
vn -0.0249 -0.7144 0.6993
vn 0.0278 0.9956 -0.0898
vn 0.3943 0.0191 -0.9188
vn -0.6549 -0.1998 -0.7288
vn 0.2921 0.1535 -0.9440
vn 0.0519 0.9973 -0.0522
vn -0.0231 0.9997 0.0003
vn -0.0395 0.9970 0.0661
vn 0.0663 -0.6890 0.7217
vn 0.0199 0.9997 -0.0167
vn -0.0250 -0.7144 0.6993
vn -0.1486 -0.9757 -0.1612
vn -0.5960 0.1811 0.7823
vn -0.0041 0.3628 0.9318
vn 0.1262 0.9890 -0.0768
vn -0.0059 0.9997 -0.0231
vn 0.8304 -0.1460 0.5377
vn 0.7793 -0.0303 0.6259
vn -0.1145 0.4511 -0.8851
vn 0.0249 0.9865 -0.1616
vn 0.3691 0.4979 0.7848
vn -0.6147 -0.7875 -0.0439
vn 0.1336 -0.8398 -0.5262
vn 0.0471 0.9989 0.0069
vn -0.0009 0.9996 -0.0268
vn 0.3453 0.7631 0.5463
vn 0.0934 0.0237 -0.9953
vn 0.2525 0.3140 -0.9152
vn 0.0202 0.9996 0.0189
vn 0.0144 0.9998 0.0136
vn -0.2409 0.0150 0.9704
vn 0.2402 0.0628 -0.9687
vn -0.0257 -0.9947 -0.0994
vn -0.0121 -0.9992 -0.0393
vn 0.9201 0.2724 -0.2816
vn -0.3516 -0.6884 0.6345
vn 0.4935 0.8581 -0.1414
vn 0.5512 0.6470 -0.5268
vn 0.0381 0.9953 0.0888
vn 0.0847 0.9921 -0.0930
vn 0.1692 0.4439 0.8800
vn -0.9976 -0.0687 -0.0048
vn -0.9997 -0.0186 0.0184
vn -0.9910 -0.0246 -0.1315
vn -0.9999 -0.0120 0.0122
vn -0.4668 0.7041 0.5350
vn -0.0119 0.9998 -0.0180
vn 0.9974 0.0724 0.0039
vn 0.9902 0.1365 0.0278
vn 0.9998 0.0118 -0.0186
vn 0.9842 0.1459 -0.1005
vn -0.0012 0.9999 0.0126
vn 0.6174 0.7866 -0.0072
vn 0.9828 -0.1824 -0.0275
vn 0.1569 0.9592 0.2351
vn 0.4836 -0.8736 -0.0543
vn 0.3227 0.4487 -0.8334
vn -0.5994 0.7985 0.0549
vn 0.9984 -0.0118 -0.0553
vn 0.2112 0.0935 -0.9730
vn -0.3102 0.9426 -0.1233
vn 0.6749 -0.0060 0.7379
vn -0.9999 -0.0051 0.0099
vn 0.1460 0.9015 0.4075
vn -0.0019 1.0000 0.0070
vn 0.5797 0.5371 0.6128
vn -0.1690 -0.9786 0.1175
vn 0.1569 0.9592 0.2352
vn 0.1918 -0.8522 0.4867
vn 0.6619 -0.5779 -0.4774
vn -0.0196 -0.9998 -0.0001
vn -0.2324 -0.9703 -0.0675
vn 0.0016 1.0000 0.0015
vn -0.0810 0.9885 -0.1277
vn -0.9670 0.2550 0.0018
vn -0.9468 0.0230 -0.3211
vn 0.9294 -0.3682 -0.0237
vn 0.6678 -0.7437 -0.0311
vn 0.3612 -0.9247 0.1202
vn 0.0026 1.0000 0.0069
vn -0.0608 -0.9962 -0.0623
vn -0.0255 -0.9980 -0.0585
vn 0.0166 -0.9989 0.0437
vn 0.0040 -0.0845 0.9964
vn 0.9819 -0.1215 0.1452
vn -0.0028 0.9980 -0.0626
vn -0.2930 -0.9560 -0.0121
vn -0.0270 -0.9996 0.0046
vn -0.1010 0.9942 -0.0375
vn -0.7738 -0.6268 0.0912
vn -0.3344 -0.9423 0.0161
vn -0.0136 0.9999 0.0008
vn -0.0971 -0.9914 -0.0878
vn -0.4458 0.8942 0.0409
vn -0.0961 -0.9927 0.0732
vn 0.0359 0.0916 -0.9951
vn -0.3940 0.8549 -0.3375
vn -0.4608 0.5524 0.6946
vn -0.8089 0.5853 0.0553
vn 0.0448 -0.9810 -0.1887
vn 0.1024 0.9893 0.1038
vn 0.0629 0.9973 0.0385
vn -0.9992 -0.0212 -0.0351
vn -0.5836 0.5812 0.5672
vn -0.8649 0.5003 -0.0416
vn -0.9882 -0.1361 -0.0697
vn 0.3880 -0.8561 0.3414
vn -0.9961 -0.0871 -0.0110
vn -0.6928 0.0595 0.7187
vn 0.2091 -0.9262 -0.3139
vn 0.0501 0.9986 0.0162
vn -0.2076 -0.8877 -0.4108
vn -0.9997 0.0111 0.0225
vn -0.8686 -0.4739 0.1450
vn -0.9438 -0.3127 0.1068
vn 0.2680 0.2002 0.9424
vn -0.1803 -0.0533 -0.9822
vn 0.1549 -0.9868 -0.0470
vn -0.1250 -0.9180 0.3765
vn -0.9951 0.0913 0.0367
vn -0.9924 -0.1215 0.0216
vn -0.9751 -0.0294 0.2196
vn -0.2007 0.9773 -0.0680
vn 0.1412 -0.2509 -0.9577
vn -0.9380 0.0121 -0.3464
vn -0.3121 -0.1179 -0.9427
vn -0.9984 -0.0284 -0.0484
vn -0.7548 -0.0735 -0.6518
vn 0.9937 0.1115 -0.0106
vn -0.0821 0.9965 0.0157
vn -0.0912 -0.9140 0.3953
vn -0.0017 1.0000 0.0007
vn 0.1095 -0.0350 0.9934
vn 0.0480 0.9986 -0.0225
vn 0.8973 -0.4245 -0.1212
vn 0.9212 -0.3478 -0.1743
vn 0.9749 -0.2184 -0.0431
vn -0.2010 0.9658 -0.1636
vn 0.9968 -0.0800 -0.0092
vn -0.6929 0.0595 0.7186
vn 0.0203 0.0070 0.9998
vn 0.1098 -0.1820 0.9771
vn -0.9007 0.3522 -0.2542
vn -0.7049 -0.6964 0.1346
vn -0.7049 -0.6965 0.1346
vn -0.6256 -0.7749 0.0902
vn -0.0326 0.9994 -0.0091
vn 0.2152 0.2347 0.9479
vn 0.3224 0.2236 0.9198
vn 0.3218 0.2234 0.9201
vn 0.9369 0.3495 -0.0011
vn -0.7288 0.6754 -0.1126
vn -0.6215 0.0064 -0.7834
vn -0.9992 0.0075 -0.0392
vn -0.5559 0.3788 -0.7399
vn 0.0893 -0.5597 0.8238
vn -0.7331 0.6801 -0.0063
vn 0.9928 -0.0194 -0.1182
vn -0.5449 -0.7282 -0.4157
vn -0.9528 0.2453 -0.1786
vn 0.7569 0.6396 0.1343
vn -1.0000 -0.0002 0.0023
vn 0.9675 0.2102 0.1404
vn 0.8633 -0.4814 0.1517
vn -0.9778 0.2095 0.0001
vn -0.0849 0.5544 0.8279
vn -0.6629 -0.2391 -0.7095
vn 0.8635 0.4861 0.1345
vn 0.6703 0.3231 0.6681
vn 0.9999 -0.0036 -0.0125
vn 0.9999 -0.0028 -0.0133
vn 0.6943 0.0003 0.7197
vn 0.6445 -0.5515 0.5296
vn 0.6354 -0.5649 -0.5264
vn 0.6956 -0.0296 -0.7178
vn 0.6660 -0.3850 0.6389
vn 0.0246 -0.7213 -0.6922
vn 0.0619 -0.0124 -0.9980
vn 0.1248 -0.6305 0.7661
vn 0.0199 0.0151 0.9997
vn 0.0047 0.6501 0.7598
vn -0.0431 -0.9937 -0.1032
vn -0.0374 -0.9941 -0.1021
vn -0.0434 -0.9939 -0.1012
vn -0.8246 -0.5246 0.2115
vn -0.0352 -0.1189 -0.9923
vn 0.8965 -0.4170 0.1500
vn 0.9254 -0.3643 0.1047
vn 0.8368 -0.5419 0.0783
vn 0.1268 -0.9887 -0.0798
vn -0.7323 -0.0176 0.6808
vn -0.9880 0.1533 -0.0176
vn -0.1599 0.9828 -0.0921
vn -0.9986 0.0058 -0.0521
vn -0.7088 -0.0029 0.7054
vn -0.5647 0.6834 0.4627
vn -0.8781 0.4671 -0.1033
vn 0.0035 0.9995 0.0325
vn 0.0865 0.9952 -0.0455
vn 0.1320 0.9912 0.0002
vn -0.9864 0.0126 -0.1639
vn 0.0247 -0.9996 -0.0127
vn 0.5284 0.6645 0.5284
vn -0.1068 -0.7179 0.6879
vn -0.0056 -0.8602 -0.5100
vn -0.6679 -0.7442 -0.0038
vn -0.6089 0.6215 -0.4929
vn 0.7739 0.1693 0.6103
vn -0.0460 0.9922 -0.1162
vn -0.0060 -0.0962 -0.9953
vn 0.5813 -0.8136 -0.0043
vn -0.0065 0.1673 0.9859
vn -0.0930 0.6892 0.7186
vn 0.9812 -0.1892 -0.0367
vn 0.0495 0.9304 -0.3632
vn -0.0704 -0.9966 -0.0436
vn 0.9567 -0.0132 0.2907
vn 0.0249 0.1856 -0.9823
vn -0.0396 0.7147 -0.6983
vn -0.7918 -0.5077 -0.3396
vn -0.0488 -0.9958 0.0772
vn 0.0328 -0.9887 -0.1466
vn -0.0677 -0.9974 0.0249
vn 0.6334 -0.4827 0.6049
vn 0.0040 0.0026 1.0000
vn -0.0054 0.7732 -0.6342
vn -0.0927 -0.9830 -0.1583
vn 0.5936 0.7221 0.3552
vn -0.0810 0.8444 -0.5296
vn 0.0001 0.6891 0.7246
vn -0.1721 0.8955 -0.4105
vn 0.0382 0.9991 0.0172
vn -0.1697 0.9649 -0.2005
vn -0.1370 0.9682 -0.2094
vn -0.1796 0.9639 -0.1964
vn 0.4417 -0.6700 0.5967
vn 0.0789 -0.9686 0.2360
vn 0.0431 0.9990 -0.0081
vn -0.0082 -0.6621 -0.7494
vn -0.0109 -0.0597 -0.9982
vn 0.0838 0.9949 0.0564
vn 0.0783 -0.0168 -0.9968
vn 0.0708 0.9974 -0.0106
vn -0.0076 0.1945 0.9809
vn -0.0444 -0.7781 0.6266
vn 0.0107 0.9787 -0.2050
vn 0.0363 0.9808 -0.1916
vn 0.0100 0.9770 -0.2132
vn -0.1013 -0.9425 0.3186
vn -0.0464 -0.9941 -0.0983
vn 0.3704 0.9288 -0.0117
vn -0.3806 0.2043 -0.9019
vn 0.7974 0.5824 0.1577
vn -0.5155 0.8564 0.0287
vn -0.0500 0.8404 0.5397
vn -0.0953 0.9949 -0.0337
vn 0.3545 0.6203 -0.6997
vn 0.0770 0.5343 -0.8418
vn 0.8432 -0.2564 -0.4726
vn 0.1475 0.0212 -0.9888
vn -0.6348 0.7678 0.0869
vn -0.1694 0.9837 0.0603
vn 0.1687 0.1207 -0.9782
vn -0.8073 0.2235 -0.5462
vn -0.0548 0.9920 -0.1140
vn -0.0362 0.9947 -0.0966
vn -0.1898 0.8806 -0.4342
vn 0.1661 -0.9772 -0.1323
vn -0.0181 -0.9817 -0.1894
vn 0.1247 -0.9820 -0.1415
vn 0.1094 -0.9850 -0.1332
vn 0.0840 -0.9803 -0.1785
vn 0.1024 -0.3631 0.9261
vn 0.0300 -0.2446 -0.9692
vn -0.0129 0.8519 0.5236
vn -0.1763 0.7312 0.6590
vn 0.0244 -0.9978 0.0615
vn -0.0404 -0.9948 0.0930
vn -0.0007 -0.9844 0.1757
vn -0.0380 -0.9883 0.1474
vn 0.0897 -0.6241 -0.7761
vn 0.0855 -0.9951 0.0501
vn 0.0623 -0.0179 0.9979
vn 0.0810 -0.9967 -0.0110
vn -0.6423 0.1177 0.7574
vn -0.2318 -0.0175 0.9726
vn -0.1652 -0.9851 -0.0484
vn 0.0103 -0.9918 -0.1271
vn 0.1187 -0.9665 -0.2275
vn 0.6915 0.0072 0.7224
vn 0.9328 0.0569 -0.3559
vn 0.6359 0.1042 -0.7647
vn -0.0483 0.9979 -0.0420
vn -0.0098 0.9998 -0.0157
vn -0.0361 0.9986 -0.0376
vn 0.2569 -0.7101 -0.6556
vn 0.4431 0.2546 -0.8596
vn 0.3667 -0.4537 0.8122
vn -0.6439 -0.7009 -0.3067
vn 0.2143 -0.7856 0.5805
vn -0.6767 -0.7363 0.0001
vn -0.7482 -0.5609 -0.3544
vn 0.1446 0.1282 -0.9811
vn -0.4340 0.7448 0.5069
vn 0.0010 -0.9996 -0.0269
vn 0.0074 -0.9902 0.1395
vn 0.0265 -0.9965 0.0794
vn -0.0911 0.9893 -0.1135
vn 0.0376 0.5845 -0.8105
vn 0.0070 -0.9986 0.0524
vn 0.0249 -0.9984 0.0507
vn -0.1212 -0.0052 0.9926
vn -0.0701 0.9954 -0.0660
vn -0.0153 0.9995 0.0261
vn -0.0467 -0.9956 0.0814
vn -0.0028 0.9981 0.0618
vn 0.0038 1.0000 0.0078
vn 0.1389 0.9838 0.1130
vn 0.0021 0.1375 0.9905
vn 0.2148 -0.0233 0.9764
vn -0.8977 0.1267 -0.4221
vn -0.9546 0.1331 0.2666
vn -0.9020 0.3514 -0.2507
vn -0.0022 -0.0522 -0.9986
vn 0.2121 0.7855 0.5814
vn -0.9350 0.1497 0.3216
vn 0.1023 -0.9936 0.0480
vn 0.0050 0.9997 -0.0238
vn -0.9069 0.3219 0.2720
vn -0.0012 -0.0884 0.9961
vn -0.0301 -0.8575 0.5136
vn -0.2890 0.5923 0.7521
vn -0.0025 -0.9961 0.0884
vn 0.0122 -0.9793 0.2018
vn -0.0609 -0.9833 0.1716
vn -0.0040 -0.8167 0.5770
vn 0.1783 -0.9836 0.0255
vn 0.6315 -0.6132 0.4746
vn -0.0229 0.9449 -0.3264
vn 0.4833 0.1565 -0.8613
vn 0.5590 0.6199 -0.5507
vn -0.6411 -0.7538 -0.1446
vn 0.0381 -0.0004 -0.9993
vn 0.0083 -0.0284 -0.9996
vn 0.3352 -0.1338 -0.9326
vn 0.0311 0.0186 0.9993
vn 0.0962 -0.9894 0.1084
vn -0.7959 -0.2587 -0.5474
vn -0.6330 0.1615 -0.7571
vn 0.0177 -0.7294 0.6839
vn 0.0062 1.0000 -0.0052
vn -0.7788 0.0891 0.6209
vn -0.9684 -0.0743 -0.2381
vn -0.8939 -0.0316 -0.4472
vn -0.7538 0.0631 0.6540
vn -0.3573 0.5920 -0.7224
vn -0.9729 0.1522 0.1740
vn 0.3325 -0.9429 0.0172
vn 0.1943 -0.9780 0.0754
vn 0.1990 -0.9778 0.0653
vn 0.5193 -0.7682 -0.3744
vn 0.8658 0.5002 -0.0135
vn 0.7468 -0.0432 0.6637
vn 0.5931 -0.6221 0.5111
vn 0.6303 0.6341 -0.4479
vn -0.0023 1.0000 -0.0035
vn -0.0129 -0.9999 0.0007
vn 0.0007 -1.0000 0.0024
vn -0.2712 0.1441 -0.9517
vn -0.0447 -0.0354 0.9984
vn -0.5057 -0.8547 -0.1173
vn -0.5537 -0.6113 0.5654
vn -0.8535 0.4749 -0.2144
vn -0.6817 -0.2030 0.7029
vn 0.5964 -0.6983 0.3959
vn 0.1043 0.1679 0.9803
vn -0.0033 0.9997 -0.0238
vn 0.9371 0.0539 0.3449
vn -0.0260 0.9981 -0.0561
vn 0.1018 0.0935 -0.9904
vn 0.0900 0.0801 -0.9927
vn 0.0986 0.0519 -0.9938
vn -0.5722 -0.2845 0.7692
vn 0.5674 0.5611 0.6027
vn 0.0075 1.0000 -0.0029
vn 0.0760 -0.9893 0.1246
vn -0.5736 0.0360 -0.8183
vn -0.3875 -0.0214 0.9216
vn -0.9508 -0.2209 0.2172
vn 0.9981 0.0191 0.0577
vn -0.1027 0.9945 -0.0216
vn -0.7894 -0.4773 -0.3862
vn -0.0040 -0.9999 0.0110
vn 0.7580 -0.0649 -0.6490
vn -0.5090 0.5337 -0.6753
vn 0.0520 -0.9662 0.2526
vn 0.9684 0.2364 -0.0796
vn 0.1454 -0.9676 -0.2062
vn 0.6518 0.7574 -0.0381
vn 0.0839 0.0780 0.9934
vn 0.0735 0.9931 -0.0910
vn 0.0689 0.9936 -0.0892
vn 0.0454 0.9979 -0.0471
vn 0.8575 -0.4459 0.2567
vn -0.0452 -0.9729 -0.2270
vn 0.0428 -0.0193 -0.9989
vn 0.0085 0.9931 0.1169
vn 0.6268 0.7674 -0.1352
vn -0.1919 0.9768 -0.0952
vn 0.6866 -0.2776 0.6720
vn 0.0066 -0.9763 -0.2163
vn -0.3746 -0.2609 0.8897
vn 0.1093 -0.9857 -0.1280
vn 0.1027 -0.9872 -0.1220
vn 0.0976 -0.9888 -0.1128
vn 0.0127 0.4967 -0.8678
vn -0.5512 -0.6366 -0.5394
vn 0.0263 -0.9995 0.0157
vn -0.0016 0.0656 0.9978
vn -0.8639 0.1598 -0.4776
vn -0.5238 -0.1087 0.8449
vn -0.9591 0.0017 0.2832
vn -0.0120 -0.9551 -0.2959
vn -0.0142 -0.9711 -0.2382
vn 0.3348 0.0275 0.9419
vn -0.0592 -0.2669 -0.9619
vn 0.0259 0.5100 0.8598
vn -0.8224 0.1468 0.5496
vn 0.1090 -0.9925 0.0560
vn -0.0268 0.1508 -0.9882
vn 0.4076 0.0323 -0.9126
vn -0.4151 -0.1094 -0.9032
vn 0.0956 -0.9951 -0.0244
vn -0.6338 0.3944 -0.6654
vn -0.6934 0.5401 -0.4770
vn -0.6463 0.4629 -0.6066
vn -0.0363 -0.9664 -0.2545
vn -0.0176 0.9980 -0.0612
vn -0.4850 0.4924 -0.7227
vn -0.2216 -0.9142 -0.3393
vn 0.2700 0.0623 0.9608
vn 0.0856 -0.4208 -0.9031
vn -0.0242 0.9989 0.0406
vn 0.0599 0.9898 -0.1291
vn 0.0786 0.9920 -0.0983
vn 0.0671 0.9899 -0.1248
vn -0.2767 -0.9446 -0.1765
vn 0.0035 0.9962 -0.0870
vn 0.0097 0.9997 0.0218
vn 0.1431 -0.9851 0.0956
vn 0.1422 0.4344 0.8894
vn -0.4855 0.8473 -0.2156
vn -0.1357 0.9885 -0.0674
vn -0.6402 0.6340 0.4338
vn 0.1854 0.8893 -0.4180
vn -0.0671 0.6009 -0.7965
vn 0.0496 0.8533 0.5191
vn -0.0261 -0.5300 -0.8476
vn -0.1346 0.1402 -0.9809
vn 0.0282 -0.4404 -0.8974
vn 0.6232 0.4574 -0.6343
vn 0.0220 0.9997 -0.0123
vn 0.2255 0.9485 -0.2226
vn -0.0723 0.9663 -0.2471
vn -0.4871 0.8562 -0.1723
vn -0.9995 -0.0172 -0.0271
vn -0.0044 0.1297 0.9915
vn -0.4198 0.7693 0.4816
vn -0.2660 0.8888 -0.3732
vn 0.2420 0.9659 -0.0917
vn -0.5406 -0.7113 0.4493
vn -0.3816 0.8322 0.4023
vn 0.5124 0.7159 -0.4743
vn -0.7700 -0.6374 0.0298
vn -0.7646 -0.6437 0.0324
vn -0.7715 -0.6358 0.0242
vn -0.6918 0.0877 -0.7167
vn -0.6926 0.0783 -0.7171
vn -0.6898 0.0788 -0.7197
vn 0.0660 -0.8493 -0.5238
vn -0.6463 0.4629 -0.6067
vn -0.5696 0.3421 -0.7473
vn 0.0311 0.9989 -0.0351
vn 0.7209 -0.6924 0.0294
vn -0.7032 0.0038 -0.7110
vn 0.4315 -0.8136 -0.3898
vn -0.5751 -0.8145 0.0765
vn -0.0078 0.0207 -0.9998
vn -0.4619 -0.8865 -0.0285
vn -0.2371 -0.5389 -0.8083
vn -0.6369 -0.6497 -0.4151
vn -0.8362 -0.1581 -0.5251
vn 0.5838 0.3779 0.7186
vn 0.0365 -0.7571 0.6522
vn 0.0006 -0.9753 0.2210
vn -0.0007 -0.1686 -0.9857
vn -0.4668 -0.0075 -0.8843
vn -0.3134 0.9298 -0.1928
vn -0.3215 0.9248 -0.2032
vn -0.2846 0.9396 -0.1903
vn 0.0475 0.9887 0.1419
vn 0.2632 0.4490 0.8539
vn 0.1737 -0.0741 0.9820
vn 0.0364 -0.8026 0.5954
vn -0.0390 0.9967 -0.0712
vn 0.6696 0.6337 -0.3873
vn -0.5865 0.8074 0.0640
vn -0.6768 0.7312 -0.0847
vn -0.7424 0.5060 0.4392
vn -0.9748 -0.0113 0.2226
vn 0.8015 -0.5262 -0.2842
vn -0.2175 -0.9256 0.3099
vn 0.1285 -0.5562 -0.8211
vn -0.1995 0.9010 -0.3853
vn 0.8112 0.5774 0.0923
vn -0.3748 -0.1657 -0.9122
vn -0.1806 0.9465 -0.2674
vn -0.1845 0.9443 -0.2725
vn -0.1788 0.9456 -0.2719
vn 0.1153 -0.9668 0.2279
vn 0.8968 -0.4276 0.1135
vn 0.4203 0.8742 -0.2432
vn -0.8263 0.1626 0.5392
vn 0.0111 0.2330 -0.9724
vn -0.3866 0.8691 -0.3084
vn -0.6436 -0.3617 0.6745
vn 0.0855 0.0739 0.9936
vn -0.0396 0.9938 0.1041
vn 0.5255 0.3785 -0.7619
vn 0.6187 0.5479 -0.5631
vn 0.4199 -0.2167 0.8813
vn -0.4438 0.8913 -0.0929
vn 0.6861 0.7158 0.1301
vn 0.9944 0.0404 -0.0975
vn 0.7082 -0.6461 -0.2846
vn 0.7669 -0.2955 -0.5697
vn 0.6445 0.6279 0.4363
vn 0.2068 0.1074 0.9725
vn 0.0384 -0.8641 -0.5019
vn -0.0290 -0.1041 -0.9941
vn -0.2372 0.3677 -0.8992
vn 0.6789 0.5383 -0.4992
vn -0.8706 -0.4861 -0.0760
vn -0.8758 -0.4780 -0.0671
vn -0.8693 -0.4896 -0.0682
vn -0.8806 -0.4731 -0.0284
vn -0.9030 -0.4280 -0.0374
vn 0.1439 -0.9895 0.0131
vn 0.8963 -0.3493 -0.2732
vn 0.4837 0.1446 0.8632
vn 0.7014 0.4984 0.5095
vn 0.4590 0.1358 0.8780
vn 0.1573 0.0456 0.9865
vn 0.2242 0.9607 -0.1637
vn 0.2578 0.6441 -0.7202
vn 0.0486 -0.1986 0.9789
vn 0.0169 0.9965 0.0816
vn 0.3778 0.9259 -0.0022
vn -0.4947 -0.8639 -0.0952
vn -0.1392 0.9891 0.0482
vn -0.8837 -0.2385 -0.4027
vn 0.7455 0.3571 0.5628
vn -0.2657 -0.9637 0.0267
vn -0.9310 -0.3499 -0.1045
vn -0.6992 -0.0163 0.7148
vn -0.0203 -0.3150 -0.9489
vn 0.0752 0.9972 0.0030
vn 0.1916 0.9421 0.2752
vn 0.2094 0.9278 0.3089
vn 0.2907 0.8906 0.3497
vn 0.7087 0.4775 0.5194
vn -0.7611 -0.6461 -0.0570
vn -0.8253 -0.5644 0.0161
vn 0.1483 0.9861 -0.0744
vn 0.0865 0.9634 -0.2536
vn -0.3460 0.8848 -0.3121
vn -0.3202 0.8805 -0.3496
vn -0.3186 0.8870 -0.3344
vn -0.7366 -0.6758 0.0267
vn 0.2267 0.1602 -0.9607
vn -0.3062 0.8766 0.3712
vn -0.1393 0.5911 0.7944
vn 0.9991 -0.0405 -0.0108
vn 0.0004 -0.0026 -1.0000
vn -0.9360 -0.3480 -0.0527
vn 0.0482 0.9963 0.0712
vn 0.0003 0.9998 0.0197
vn 0.0003 1.0000 0.0065
vn -0.1348 -0.3981 0.9074
vn 0.8559 -0.4223 -0.2984
vn -0.9871 -0.0525 0.1512
vn -0.9834 -0.0595 0.1715
vn -0.9855 -0.0595 0.1589
vn 0.5595 0.8227 0.1006
vn -0.9642 0.2544 0.0750
vn -0.9998 -0.0145 -0.0134
vn -0.9996 -0.0257 -0.0073
vn -0.9989 -0.0410 -0.0228
vn -0.3252 -0.5855 -0.7426
vn 0.5023 0.1284 0.8551
vn 0.3439 0.1311 -0.9298
vn -0.6447 -0.1022 -0.7576
vn 0.9957 0.0861 0.0342
vn -0.0017 -0.0726 -0.9974
vn 0.9195 -0.3349 -0.2056
vn 0.8171 0.5669 0.1043
vn 0.7086 0.4775 0.5195
vn 0.7014 0.4984 0.5096
vn 0.6386 0.7370 -0.2215
vn 0.6833 0.0066 -0.7301
vn 0.9976 0.0503 -0.0467
vn 0.9755 0.2174 0.0339
vn 0.9682 0.2244 0.1101
vn 0.9621 0.2482 0.1127
vn 0.9405 0.3313 0.0751
vn 0.9246 0.3809 0.0042
vn 0.9208 0.3901 -0.0012
vn 0.9986 0.0523 -0.0110
vn -0.1341 -0.9899 -0.0468
vn 0.9883 0.1422 0.0545
vn 0.9903 0.1110 0.0839
vn 0.9878 0.1345 0.0779
vn -0.0844 -0.8914 -0.4453
vn 0.2073 -0.2731 -0.9394
vn -0.9920 -0.1259 -0.0064
vn -0.1225 -0.9916 0.0407
vn -0.2891 0.4143 -0.8630
vn -0.5353 -0.8447 0.0061
vn 0.0233 -0.9994 0.0275
vn -0.0079 -0.9996 0.0275
vn -0.0215 -0.9991 0.0368
vn 0.2426 -0.9461 0.2144
vn 0.9997 -0.0218 0.0146
vn 0.8705 -0.0486 -0.4897
vn -0.7860 0.3570 0.5048
vn -0.5050 0.8570 0.1028
vn 0.9058 -0.0523 0.4205
vn 0.0836 -0.9953 -0.0487
vn -0.9215 -0.3644 0.1341
vn -0.6926 0.7213 -0.0102
vn 0.9994 0.0301 -0.0157
vn -0.3377 -0.3258 0.8831
vn 0.9813 0.1420 0.1300
vn 0.8614 -0.5017 0.0790
vn 0.0800 -0.9962 0.0354
vn 0.1815 -0.4452 -0.8768
vn 0.3844 -0.8676 0.3154
vn 0.9655 -0.2260 0.1293
vn 0.9520 -0.3047 0.0295
vn 0.9655 -0.2259 0.1294
vn 0.1582 0.9864 -0.0439
vn 0.8211 0.2098 -0.5308
vn -0.7266 0.1442 -0.6718
vn 0.7532 -0.1237 -0.6460
vn -0.0007 0.9985 -0.0545
vn 0.0102 0.9988 0.0488
vn -0.9852 -0.1555 -0.0725
vn -0.9999 0.0031 0.0141
vn -1.0000 -0.0053 -0.0005
vn 0.9507 0.3031 0.0653
vn 0.6762 0.2754 -0.6833
vn 0.9545 -0.0936 0.2832
vn -0.6524 -0.7557 0.0563
vn -0.5463 -0.6649 0.5095
vn -0.5954 -0.2612 0.7598
vn -0.9676 -0.2524 0.0016
vn -0.8254 -0.5644 0.0161
vn -0.7771 -0.5113 -0.3668
vn -0.2076 -0.9759 -0.0674
vn -0.9920 -0.1259 -0.0065
vn 0.5454 0.0900 -0.8333
vn -0.7804 0.6229 -0.0554
vn -0.2771 -0.9607 0.0152
vn 0.1312 0.4607 -0.8778
vn 0.1295 0.4963 -0.8584
vn 0.1446 0.4742 -0.8685
vn 0.9034 0.4176 0.0977
vn -0.6393 -0.7211 0.2671
vn 0.9994 0.0116 -0.0323
vn 0.0232 0.9987 -0.0445
vn -0.7179 -0.6960 0.0155
vn -0.6473 -0.3735 -0.6644
vn 0.6377 0.7388 -0.2180
vn -0.1178 -0.1506 -0.9816
vn 0.7300 -0.4668 -0.4991
vn 0.6788 -0.7137 -0.1728
vn 0.1158 -0.6316 -0.7666
vn 0.2818 -0.8847 -0.3713
vn 0.9772 -0.0356 0.2094
vn 0.9355 0.1355 -0.3263
vn 0.0722 -0.9967 0.0365
vn -0.0416 -0.9989 0.0213
vn -0.6490 0.5683 -0.5058
vn 0.1741 -0.6551 -0.7352
vn 0.3036 -0.9105 -0.2806
vn -0.0117 0.6428 -0.7660
vn -0.0026 0.7073 -0.7069
vn 0.5899 0.5807 -0.5611
vn -0.4062 0.9057 -0.1216
vn -0.3769 0.9245 -0.0563
vn -0.3670 0.9265 -0.0828
vn -0.1194 0.9870 0.1072
vn -0.8807 -0.0294 -0.4727
vn -0.0000 0.9999 -0.0132
vn 0.7175 0.6925 -0.0753
vn -0.0049 0.9992 0.0392
vn 0.0086 0.4570 0.8894
vn 0.1136 0.9738 0.1970
vn -0.9650 0.0572 0.2560
vn -0.0190 0.7542 0.6564
vn 0.4284 -0.8518 0.3014
vn -0.8738 0.3256 -0.3611
vn 0.2333 0.0090 -0.9724
vn -0.8203 0.2229 -0.5267
vn 0.3958 -0.9004 -0.1808
vn -0.9911 0.1195 -0.0594
vn -0.7538 0.6070 0.2516
vn -0.0083 -0.9999 -0.0078
vn -0.0087 -0.9999 -0.0129
vn 0.0945 0.9948 -0.0374
vn 0.0244 0.9996 -0.0106
vn -0.0035 0.9998 -0.0188
vn -0.2084 -0.0422 -0.9771
vn 0.5994 0.1686 -0.7825
vn 0.8050 0.4649 0.3685
vn 0.7711 0.2651 -0.5790
vn -0.2849 0.5774 -0.7651
vn -0.1799 -0.0387 -0.9829
vn -0.0241 0.9996 0.0166
vn 0.0027 1.0000 -0.0074
vn 0.9049 -0.3358 0.2615
vn 0.4558 0.3338 0.8251
vn -0.6882 0.0706 0.7221
vn 0.7686 0.5035 -0.3947
vn -0.8017 -0.3752 -0.4653
vn 0.3807 0.7923 -0.4768
vn -0.0255 -0.9963 -0.0820
vn 0.0105 0.1278 -0.9917
vn -0.4127 0.1336 -0.9010
vn -0.7045 0.4003 0.5860
vn 0.3707 0.2458 0.8956
vn -0.3210 0.5439 0.7753
vn 0.0649 0.9361 0.3456
vn -0.0765 0.9831 -0.1663
vn 0.1361 0.2582 0.9565
vn -0.0252 -0.0498 -0.9984
vn 0.3212 0.1536 -0.9345
vn 0.1823 -0.9730 0.1415
vn 0.1220 -0.9879 0.0959
vn 0.7016 -0.5676 -0.4309
vn -0.0007 0.5605 -0.8281
vn 0.0203 0.9950 -0.0978
vn -0.0621 -0.9674 0.2455
vn -0.0219 0.9961 -0.0858
vn -0.4182 -0.8932 -0.1654
vn 0.0097 -0.9993 -0.0364
vn 0.2767 0.1578 0.9479
vn 0.7933 0.5879 0.1581
vn 0.8224 0.5583 0.1096
vn 0.7201 0.6740 0.1649
vn -0.5555 0.3483 0.7551
vn 0.1139 0.1865 0.9758
vn -0.7365 0.2780 0.6167
vn -0.0132 0.9459 0.3241
vn -0.0148 0.9462 0.3231
vn -0.4578 0.1757 0.8715
vn -0.8351 -0.3017 0.4599
vn 0.1168 0.9832 -0.1406
vn -0.0837 0.4433 -0.8925
vn 0.0165 0.8872 0.4610
vn -0.2556 0.0022 0.9668
vn 0.1712 0.9595 0.2237
vn -0.1734 -0.3196 -0.9315
vn -0.0077 0.9894 -0.1449
vn -0.1210 -0.0212 0.9924
vn -0.0700 0.9972 -0.0244
vn 0.5693 -0.2441 0.7851
vn -0.3790 -0.0616 -0.9233
vn 0.0057 0.4500 -0.8930
vn -0.0576 0.9973 -0.0451
vn -0.2148 -0.5102 -0.8328
vn 0.2784 -0.0709 -0.9579
vn 0.3442 -0.1746 -0.9225
vn 0.3442 -0.1747 -0.9225
vn 0.0587 0.9970 -0.0506
vn -0.0170 -0.9995 -0.0273
vn 0.6414 -0.7672 -0.0041
vn -0.7348 0.6782 0.0016
vn 0.9860 -0.0495 0.1591
vn 0.2775 -0.9447 -0.1748
vn -0.9949 -0.0085 0.1003
vn 0.0282 0.9297 0.3671
vn 0.0054 0.9967 -0.0805
vn -0.5366 0.8304 0.1500
vn 0.0131 0.9935 -0.1131
vn 0.3433 0.8563 -0.3858
vn 0.9996 0.0081 0.0258
vn 0.7763 -0.5641 -0.2813
vn 0.9963 0.0753 -0.0406
vn 0.6767 -0.0021 -0.7362
vn 0.0111 -0.9993 0.0347
vn 0.9731 -0.2088 0.0977
vn 0.9925 -0.1146 -0.0436
vn 0.5401 -0.7995 -0.2627
vn -0.2761 0.0722 0.9584
vn 0.9296 -0.3687 -0.0031
vn 0.0471 0.0522 -0.9975
vn -0.0375 -0.4729 0.8803
vn 0.0058 -0.0047 1.0000
vn -0.0622 0.5522 -0.8314
vn -0.0524 0.5730 -0.8179
vn -0.0654 0.5718 -0.8178
vn -0.9525 -0.2467 0.1785
vn 0.0452 0.9820 0.1833
vn -0.5660 0.8237 0.0335
vn -0.5917 0.6228 -0.5119
vn -0.9752 0.2212 -0.0045
vn -0.9772 0.2113 -0.0206
vn 0.0338 -0.0047 0.9994
vn -0.0003 -0.2604 0.9655
vn -0.6639 -0.0935 -0.7419
vn -0.5176 -0.7475 -0.4163
vn -0.9991 -0.0085 -0.0414
vn 0.0036 -0.0010 -1.0000
vn 0.4124 -0.1421 0.8998
vn 0.9452 0.3148 0.0865
vn 0.9846 0.1731 0.0255
vn 0.9721 0.2342 0.0116
vn -0.6798 -0.0535 0.7314
vn -0.7709 -0.0121 0.6368
vn -0.6200 0.5572 -0.5524
vn -0.7302 0.6832 -0.0046
vn 0.6049 0.5742 0.5517
vn 0.0005 -0.9956 -0.0934
vn 0.3500 0.0563 0.9351
vn -0.5822 0.5637 0.5859
vn 0.0514 0.9981 0.0330
vn -0.0055 -0.9999 0.0103
vn 0.5047 -0.4637 -0.7282
vn 0.2808 0.8848 0.3719
vn -0.0664 0.9950 -0.0743
vn 0.0030 1.0000 -0.0002
vn 0.0024 1.0000 -0.0015
vn 0.0028 1.0000 -0.0006
vn -0.0207 0.9977 -0.0647
vn 0.0049 -0.7261 0.6876
vn -0.8368 0.4735 -0.2751
vn 0.2139 -0.9753 0.0558
vn 0.7297 -0.3760 -0.5711
vn 0.9688 -0.2479 -0.0011
vn -0.0314 -0.9983 -0.0498
vn 0.8241 0.5635 0.0582
vn 0.7230 0.0660 0.6877
vn 0.9559 0.2926 -0.0241
vn -0.2445 0.2595 -0.9343
vn 0.3171 0.7514 0.5786
vn 0.6134 0.7814 0.1143
vn -0.1814 0.1969 0.9635
vn 0.0121 0.0607 -0.9981
vn -0.0721 -0.9960 -0.0536
vn 0.0022 -0.9819 0.1892
vn 0.0181 -0.9797 -0.1995
vn 0.0602 -0.9901 -0.1270
vn 0.1214 0.9808 0.1526
vn 0.7711 0.1064 0.6278
vn -0.0054 -0.9934 0.1148
vn -0.9954 0.0207 -0.0936
vn -0.9806 0.0451 0.1907
vn -0.8239 -0.0207 -0.5664
vn -0.8753 0.1658 0.4543
vn -0.8198 0.4085 -0.4012
vn 0.3116 0.6966 -0.6463
vn 0.1748 0.9799 -0.0957
vn -1.0000 0.0062 0.0006
vn -1.0000 0.0064 0.0004
vn -1.0000 0.0063 0.0005
vn -1.0000 0.0065 0.0002
vn -0.9043 0.0585 0.4229
vn 0.0050 -0.0369 -0.9993
vn -0.0267 0.9992 0.0288
vn -0.6134 0.7791 0.1295
vn 0.0552 0.8058 0.5896
vn 0.5428 0.1957 -0.8168
vn -0.1713 0.8813 0.4404
vn 0.9471 -0.0665 0.3141
vn 0.4290 -0.8684 -0.2488
vn -0.0266 -0.9942 -0.1041
vn 0.2396 -0.4757 -0.8464
vn 0.0165 -0.9995 0.0255
vn 0.9071 -0.1130 -0.4054
vn 0.0225 -0.9995 0.0207
vn 0.0224 0.0357 -0.9991
vn -0.8756 0.4827 -0.0171
vn -0.0093 0.9463 0.3232
vn 0.7089 0.5462 0.4463
vn -0.0055 0.9473 0.3202
vn 0.0010 -0.9718 0.2357
vn -0.0894 -0.9764 -0.1967
vn -0.0873 -0.5129 -0.8540
vn 0.0348 0.9994 -0.0087
vn -0.9884 -0.0437 -0.1452
vn 0.6284 -0.4834 -0.6095
vn -0.0058 -0.0452 -0.9990
vn 0.1482 0.5790 -0.8018
vn -0.1143 -0.9886 0.0980
vn 0.1858 -0.9245 -0.3327
vn -0.1113 -0.4862 0.8667
vn 0.0597 -0.9966 0.0567
vn -0.9504 -0.2867 0.1207
vn -0.0212 0.9198 -0.3917
vn -0.3227 0.6143 -0.7201
vn 0.0083 -0.8348 -0.5505
vn 0.0432 -0.9970 -0.0648
vn -0.0094 -0.9990 0.0434
vn 0.0168 0.9994 0.0290
vn 0.0002 0.9467 -0.3220
vn 0.0932 0.3626 0.9273
vn 0.1206 0.4520 0.8838
vn -0.3834 -0.9107 0.1534
vn -0.0017 -1.0000 0.0090
vn -0.1601 0.7003 -0.6956
vn 0.1910 0.5396 -0.8200
vn 0.6359 0.1101 0.7639
vn -0.2961 0.9552 -0.0031
vn -0.5728 0.7923 0.2104
vn -0.0196 0.9996 -0.0218
vn 0.0196 -0.9909 -0.1334
vn 0.1783 -0.0726 0.9813
vn -0.0741 0.9967 -0.0340
vn 0.4717 0.0789 -0.8782
vn 0.8607 0.0983 0.4996
vn 0.0573 0.0910 0.9942
vn 0.7101 0.1471 0.6885
vn 0.0222 0.0038 0.9997
vn 0.6006 0.7093 0.3691
vn -0.1122 -0.9933 -0.0265
vn -0.1567 -0.9866 0.0446
vn -0.1682 -0.9846 0.0470
vn -0.0511 0.0053 0.9987
vn -0.0446 0.1217 0.9916
vn -0.0014 -0.0136 -0.9999
vn 0.7893 0.5696 -0.2291
vn -0.8218 -0.2409 0.5163
vn 0.7655 0.0512 0.6414
vn 0.9674 -0.0080 0.2532
vn 0.5748 0.5680 -0.5891
vn 0.0372 -0.9939 0.1042
vn 0.7840 0.3988 -0.4757
vn -0.0556 -0.0831 0.9950
vn -0.6843 0.0805 0.7247
vn 0.0366 0.9992 0.0150
vn -0.0840 -0.3571 -0.9303
vn -0.5089 -0.6421 -0.5733
vn 0.0015 1.0000 -0.0009
vn -0.0098 -0.9011 -0.4335
vn 0.0745 0.9802 0.1836
vn 0.0258 0.9962 0.0826
vn -0.5085 -0.7597 -0.4053
vn 0.8147 -0.5798 0.0026
vn 0.0027 0.9991 0.0418
vn 0.9081 0.3224 0.2671
vn -0.6022 0.4323 -0.6712
vn 0.0205 0.7058 0.7081
vn -0.4921 0.0439 -0.8695
vn -0.0304 -0.9995 -0.0058
vn 0.8835 0.1041 -0.4567
vn 0.0349 -0.8662 -0.4985
vn 0.1351 0.2964 -0.9454
vn 0.0855 0.2742 -0.9579
vn 0.1615 0.2857 -0.9446
vn -0.0066 -0.9997 -0.0246
vn -0.1281 -0.9569 -0.2605
vn 0.0233 -0.9990 -0.0369
vn -0.9304 0.1217 -0.3459
vn -0.0133 0.9998 -0.0141
vn 0.0068 0.8524 0.5229
vn 0.0001 -1.0000 0.0017
vn 0.0014 -0.7113 0.7029
vn -0.0388 0.3878 -0.9209
vn -0.0086 -0.9124 -0.4091
vn -0.4969 0.8485 -0.1822
vn 0.0284 0.7766 0.6293
vn 0.0074 0.2309 0.9730
vn 0.3659 0.8920 -0.2653
vn -0.1161 -0.9813 -0.1537
vn -0.0103 0.9974 -0.0718
vn -0.9208 -0.2420 0.3058
vn 0.0147 0.9968 -0.0783
vn 0.0027 0.9990 -0.0457
vn 0.3242 0.9447 0.0493
vn -0.0053 -0.9998 -0.0200
vn 0.0975 0.9906 -0.0956
vn -0.0013 -1.0000 0.0058
vn -0.0058 -0.9770 0.2133
vn -0.8723 0.2685 0.4087
vn -0.7557 0.0622 -0.6520
vn -0.2860 -0.1329 -0.9490
vn -0.0523 0.0658 -0.9965
vn 0.1236 0.1371 -0.9828
vn 0.1907 0.0583 0.9799
vn -0.5581 0.0969 0.8241
vn -0.6965 -0.2777 0.6617
vn 0.3622 0.0163 0.9319
vn -0.0546 0.0082 0.9985
vn -0.9125 0.4076 -0.0351
vn -0.8126 0.3209 0.4865
vn -0.7493 0.5077 0.4252
vn -0.3142 0.8627 0.3962
vn -0.9610 0.2552 -0.1065
vn -0.8104 0.2649 0.5226
vn -0.0005 -1.0000 0.0029
vn -0.8571 0.2388 -0.4564
vn -0.0082 1.0000 -0.0030
vn -0.0085 0.9993 -0.0369
vn -0.0187 0.9995 -0.0241
vn -0.1036 0.9020 0.4192
vn 0.0382 -0.9988 -0.0315
vn 0.0741 -0.9972 0.0034
vn -0.8055 0.3366 -0.4877
vn 0.1264 0.9323 0.3388
vn -0.0000 -0.9999 -0.0116
vn -0.5367 0.0925 0.8387
vn -0.4675 0.1546 0.8704
vn 0.4093 0.1083 0.9059
vn -0.6361 0.5805 0.5084
vn -0.0843 0.2229 -0.9712
vn -0.0785 0.0900 0.9928
vn -0.0046 0.7422 0.6702
vn 0.0009 -0.0082 1.0000
vn 0.0012 -0.0086 1.0000
vn -0.1438 0.9738 0.1762
vn -0.3166 -0.6301 -0.7090
vn 0.2020 0.0533 -0.9779
vn -0.6698 -0.3767 0.6399
vn 0.1908 -0.0200 0.9814
vn -0.0023 0.2286 0.9735
vn 0.0280 0.9995 -0.0175
vn -0.6086 0.3001 0.7345
vn 0.7301 -0.0230 -0.6829
vn -0.4046 -0.5245 -0.7492
vn -0.0858 -0.9948 -0.0549
vn -0.0088 0.9992 0.0378
vn 0.5588 -0.6300 0.5393
vn 0.0748 0.2873 -0.9549
vn 0.0329 0.9986 -0.0414
vn 0.3704 0.5827 -0.7234
vn -0.4482 0.1817 0.8753
vn 0.4503 0.1004 0.8872
vn 0.8463 -0.5319 -0.0299
vn -0.3084 0.6620 0.6831
vn -0.3775 0.8679 0.3229
vn -0.2441 0.9696 -0.0181
vn 0.0121 -0.9999 -0.0082
vn 0.0850 -0.9963 -0.0134
vn -0.3873 -0.2922 0.8745
vn -0.0068 1.0000 0.0024
vn 0.0727 0.9516 -0.2985
vn 0.7220 -0.1653 -0.6719
vn 0.9815 0.0473 -0.1857
vn 0.6543 -0.0159 0.7560
vn -0.0651 0.9979 -0.0050
vn 0.4657 0.0190 -0.8847
vn -0.2026 0.9099 -0.3619
vn -0.8569 0.4801 -0.1878
vn -0.7278 0.0101 -0.6857
vn -0.9080 0.0995 0.4071
vn -0.2343 0.0206 0.9719
vn -0.3083 -0.1493 -0.9395
vn -0.4180 0.9081 0.0266
vn -0.5638 0.8259 0.0077
vn 0.1280 0.5126 0.8490
vn 0.4498 0.0967 -0.8879
vn 0.0465 -0.9205 -0.3879
vn 0.1501 0.9211 -0.3591
vn -0.0105 -0.9982 0.0596
vn 0.2016 0.2401 -0.9496
vn -0.0657 -0.0391 -0.9971
vn 0.0497 -0.9596 -0.2771
vn -0.0749 0.1874 0.9794
vn 0.0260 -0.9987 0.0448
vn 0.0074 -0.9994 0.0344
vn 0.0468 -0.9979 0.0441
vn -0.0453 0.9944 -0.0951
vn -0.0345 0.9961 -0.0812
vn -0.1981 -0.0056 -0.9802
vn 0.9959 -0.0420 -0.0800
vn 0.0529 -0.0226 -0.9983
vn -0.7388 0.0717 0.6701
vn -0.2456 -0.2502 -0.9365
vn 0.9535 0.2898 0.0831
vn 0.7024 0.7089 -0.0637
vn 0.3273 -0.4440 0.8341
vn -0.3202 0.7434 -0.5872
vn -0.3307 0.0126 0.9437
vn -0.0172 0.1383 -0.9902
vn 0.9905 -0.0533 -0.1267
vn 0.0533 0.1512 -0.9871
vn 0.7312 -0.0197 -0.6819
vn -0.0632 0.9978 0.0204
vn 0.0052 0.0140 0.9999
vn -0.2680 0.7555 0.5978
vn 0.2380 0.0195 0.9711
vn 0.0072 0.9913 0.1315
vn 0.4522 -0.0972 0.8866
vn 0.9551 -0.0651 0.2890
vn 0.8803 0.2487 0.4040
vn 0.0027 0.0122 -0.9999
vn -0.3017 0.0989 0.9483
vn 0.0357 -0.8317 0.5541
vn -0.0185 -0.9571 -0.2893
vn 0.0206 0.9996 -0.0201
vn 0.0203 -0.0629 0.9978
vn -0.0354 0.7654 -0.6426
vn 0.0796 0.9882 -0.1308
vn 0.4255 0.5067 -0.7499
vn 1.0000 0.0030 0.0039
vn -0.2602 0.1298 -0.9568
vn -0.2964 0.9456 -0.1337
vn 0.7679 -0.6402 -0.0234
vn -0.2262 0.9390 0.2591
vn -0.3170 0.9092 -0.2698
vn 0.8519 -0.1634 0.4975
vn 0.8861 0.0178 -0.4632
vn 0.9230 0.3476 -0.1650
vn -0.0008 -0.7117 0.7025
vn -0.0762 0.2789 -0.9573
vn -0.8611 -0.0053 -0.5084
vn -0.2230 0.0312 -0.9743
vn -0.9027 0.1230 -0.4124
vn -0.7629 0.5360 -0.3615
vn -0.9634 0.0069 -0.2678
vn -0.5247 -0.7429 0.4157
vn -0.0025 0.9990 -0.0444
vn -0.0130 0.9997 0.0200
vn -0.5188 0.5790 0.6290
vn 0.0410 0.9814 0.1875
vn 0.0340 0.9960 0.0829
vn -0.9408 0.1806 0.2868
vn -0.5239 0.7101 -0.4704
vn 0.0115 0.9999 -0.0021
vn 0.0116 0.9999 -0.0022
vn 0.0115 0.9999 -0.0020
vn 0.0755 -0.9926 -0.0949
vn 0.0252 -0.9983 -0.0531
vn 0.0725 -0.9944 -0.0772
vn 0.2082 -0.7367 0.6433
vn 0.9973 0.0737 -0.0055
vn 0.9980 0.0512 0.0374
vn 0.0577 0.3023 -0.9515
vn -0.8619 -0.0235 -0.5065
vn 0.9853 -0.0462 0.1647
vn -0.0185 0.9943 0.1053
vn 0.5619 -0.4436 -0.6982
vn 0.9314 -0.0576 -0.3595
vn -0.7314 -0.0107 -0.6818
vn -0.3157 0.8463 -0.4290
vn 0.0514 -0.2496 0.9670
vn 0.7012 0.6066 -0.3747
vn 0.1802 -0.3305 0.9264
vn 0.0733 0.8415 -0.5353
vn 0.7213 -0.6455 0.2512
vn 0.1608 0.1920 0.9681
vn 0.0934 -0.4861 -0.8689
vn -0.0026 -1.0000 0.0008
vn 0.0045 -1.0000 0.0015
vn -0.7550 0.0687 -0.6521
vn 0.8363 0.1710 -0.5210
vn 0.1895 0.2892 0.9383
vn 0.0723 -0.9937 0.0856
vn 0.0747 -0.9918 0.1034
vn 0.0977 -0.9937 0.0554
vn -0.0280 -0.0677 -0.9973
vn -0.0102 -0.9868 0.1618
vn 0.1672 0.6242 -0.7632
vn -0.6520 0.7550 -0.0692
vn 0.6111 0.1643 -0.7743
vn -0.4682 0.8734 0.1339
vn 0.0003 -1.0000 -0.0004
vn -0.0305 -0.9989 0.0369
vn 0.0714 0.0392 0.9967
vn 0.4003 -0.8664 -0.2987
vn 0.0022 1.0000 -0.0019
vn -0.1093 0.2040 0.9729
vn -0.0115 0.9998 -0.0182
vn 0.0789 0.9891 0.1246
vn 0.0791 -0.7671 0.6366
vn 0.4598 0.4465 -0.7676
vn 0.9689 0.2356 0.0759
vn 0.7045 -0.0741 -0.7058
vn 0.6908 -0.0717 -0.7195
vn 0.6908 -0.0641 -0.7202
vn 0.7333 0.1222 -0.6689
vn 0.7415 0.0765 -0.6665
vn 0.7357 0.0867 -0.6717
vn 0.6969 0.1439 -0.7026
vn 0.0236 0.7733 -0.6336
vn 0.9833 -0.1433 -0.1122
vn 0.7331 -0.2804 0.6196
vn -0.3535 0.9290 0.1092
vn -0.0505 -0.9957 0.0774
vn 0.6672 -0.1476 -0.7301
vn 0.9429 0.0387 -0.3309
vn -0.4679 0.1648 0.8683
vn -0.5033 0.0941 0.8590
vn -0.3392 0.1924 0.9208
vn 0.7168 0.2803 0.6384
vn 0.5029 0.0235 0.8640
vn 0.8542 0.2890 0.4323
vn 0.7836 0.0336 0.6204
vn 0.9073 0.0729 -0.4141
vn -0.0919 -0.9850 0.1462
vn -0.0643 -0.9979 -0.0087
vn -0.1072 -0.7669 -0.6327
vn -0.5184 0.0220 0.8549
vn 0.0406 0.0920 0.9949
vn -0.1212 0.2934 0.9483
vn -0.1868 0.8297 0.5260
vn 0.0214 0.0450 0.9988
vn 0.0795 -0.9963 0.0327
vn 0.0343 -0.9945 0.0993
vn -0.9998 0.0193 -0.0045
vn -0.4614 0.2495 -0.8514
vn 0.3550 0.8088 0.4688
vn 0.1870 0.9580 0.2172
vn 0.0107 0.0474 -0.9988
vn 0.0004 0.1050 -0.9945
vn -0.1965 0.8339 -0.5157
vn -0.9920 -0.0125 0.1254
vn -0.9990 0.0164 0.0428
vn -0.9951 0.0816 -0.0554
vn -0.5409 0.6001 0.5893
vn -0.0207 0.9998 -0.0009
vn -0.0149 0.9999 0.0049
vn 0.2714 0.0101 0.9624
vn -0.0917 -0.9424 0.3217
vn 0.7120 0.6699 0.2107
vn -0.7624 0.0053 -0.6471
vn -0.3238 0.2577 0.9104
vn 0.2038 0.0983 0.9741
vn 0.2773 -0.8522 0.4437
vn -0.9441 -0.2238 -0.2421
vn -0.0359 0.9993 -0.0081
vn -0.0601 0.0998 -0.9932
vn 0.0606 -0.9643 -0.2578
vn -0.0734 0.4696 -0.8798
vn -0.9873 -0.0544 -0.1495
vn -0.0077 0.9999 0.0100
vn -0.0591 0.2506 -0.9663
vn -0.9999 -0.0017 -0.0107
vn -0.1983 -0.5707 0.7968
vn 0.9551 0.1319 0.2653
vn 0.0945 0.9176 -0.3862
vn -0.5656 0.5790 -0.5872
vn -0.7685 0.0876 -0.6338
vn 0.9687 0.0465 -0.2438
vn 0.4229 0.0392 -0.9053
vn -0.0260 -0.9972 0.0708
vn -0.0181 0.0817 -0.9965
vn -0.8247 0.2189 -0.5215
vn -0.4398 0.7901 -0.4270
vn -0.4495 0.5931 0.6679
vn -0.0177 -0.0222 0.9996
vn -0.2226 -0.0252 0.9746
vn -0.9336 0.1223 -0.3368
vn -0.8232 0.1304 -0.5525
vn -0.9516 0.0677 0.2999
vn 0.0164 0.1317 0.9912
vn 0.1578 -0.0673 -0.9852
vn 0.5058 -0.0992 0.8570
vn 0.9953 0.0964 0.0025
vn 0.9916 0.0007 -0.1294
vn 0.0150 0.9995 0.0284
vn -0.0397 0.8226 -0.5672
vn -0.0318 0.6996 -0.7138
vn 0.1330 -0.2836 0.9497
vn 0.7720 0.4696 0.4283
vn 0.0360 -0.0059 0.9993
vn -0.0079 1.0000 -0.0037
vn -0.6096 -0.5067 0.6096
vn -0.5772 0.5903 0.5643
vn -0.6911 0.4712 -0.5480
vn -0.4390 -0.6788 -0.5887
vn -0.3559 -0.4509 0.8185
vn -0.3664 -0.4100 0.8352
vn -0.5644 -0.3985 0.7229
vn 0.0745 0.9953 0.0620
vn -0.1958 0.1754 -0.9648
vn -0.1663 0.8453 -0.5077
vn -0.8369 -0.2992 -0.4584
vn 0.9748 -0.2175 -0.0487
vn -0.0034 0.9951 0.0991
vn -0.0661 0.3187 0.9456
vn -0.8605 0.0402 0.5079
vn -0.1941 0.3288 0.9242
vn -0.0554 0.9985 0.0007
vn 0.7540 -0.1336 -0.6431
vn -0.9802 0.0979 0.1723
vn -0.5195 -0.1023 -0.8483
vn -0.1961 -0.8513 -0.4867
vn 0.4237 0.6705 -0.6090
vn -0.3213 -0.8403 -0.4366
vn -0.7203 -0.6455 0.2542
vn 0.0076 -0.0097 0.9999
vn 0.0002 -1.0000 -0.0049
vn -0.5673 0.7748 -0.2790
vn -0.9856 -0.0797 0.1492
vn -0.4995 0.2430 0.8315
vn -0.5623 0.5753 -0.5941
vn -0.5868 0.5851 0.5598
vn -0.0513 -0.4275 0.9025
vn 0.0199 -0.9997 -0.0118
vn -0.0094 -1.0000 0.0027
vn -0.1844 0.3780 -0.9072
vn -0.7336 -0.1600 0.6605
vn -0.8696 -0.1938 -0.4540
vn -0.9856 -0.0797 0.1491
vn 0.3507 0.9087 -0.2266
vn 0.0065 -0.9999 0.0113
vn 0.8969 -0.0219 -0.4416
vn 0.0354 0.9943 -0.1005
vn -0.0159 -0.9995 -0.0256
vn 0.1240 -0.6537 0.7465
vn -0.5200 -0.6185 0.5891
vn 0.1322 -0.7237 -0.6774
vn -0.2142 -0.1778 0.9605
vn -0.1164 -0.0599 0.9914
vn 0.0006 1.0000 0.0016
vn -0.0850 0.9961 0.0230
vn -0.8323 -0.1989 -0.5174
vn -0.8012 -0.0030 0.5984
vn -0.1786 0.7400 -0.6484
vn -0.6093 -0.0443 0.7917
vn 0.0396 0.6916 -0.7212
vn 0.5544 0.0427 0.8312
vn 0.5524 0.0970 0.8279
vn 0.7559 0.0974 -0.6474
vn 0.3565 0.7774 -0.5182
vn -0.0096 0.6262 0.7796
vn -0.9939 0.1104 -0.0018
vn 0.5646 -0.0469 0.8240
vn 0.5636 -0.0482 0.8246
vn 0.5633 -0.0479 0.8249
vn 0.6843 -0.0862 0.7240
vn -0.2247 -0.0283 -0.9740
vn 0.0265 -0.0919 -0.9954
vn 0.0113 0.1596 0.9871
vn 0.5516 0.6175 0.5607
vn 0.0125 -0.9997 0.0214
vn -0.3491 0.7273 0.5909
vn -0.0005 0.5091 0.8607
vn 0.0113 0.9999 -0.0018
vn 0.0061 1.0000 0.0053
vn 0.0063 1.0000 0.0052
vn 0.5121 -0.5886 0.6255
vn 0.0057 -0.9989 0.0469
vn 0.8463 0.2610 -0.4643
vn -0.1075 0.9846 0.1377
vn 0.6913 -0.1140 -0.7135
vn 0.0002 0.9935 0.1135
vn 0.2914 0.6245 0.7246
vn -0.0818 -0.0186 0.9965
vn 0.9112 0.1954 0.3627
vn 0.9163 0.2575 0.3067
vn 0.7031 0.7099 -0.0404
vn 0.5847 0.7198 -0.3742
vn 0.3608 0.1260 -0.9241
vn 0.9642 -0.1778 0.1966
vn -0.5218 0.8386 -0.1566
vn 0.2661 -0.8107 0.5214
vn 0.1058 -0.9598 -0.2601
vn 0.0629 -0.9950 -0.0775
vn -0.1461 -0.7194 0.6790
vn 0.9317 -0.2955 -0.2112
vn -0.7794 0.2483 -0.5753
vn -0.6371 0.2720 0.7212
vn -0.9841 0.1205 0.1306
vn -0.9793 0.1731 0.1051
vn 0.9665 -0.1636 -0.1978
vn 0.7893 0.4973 0.3601
vn 0.3726 -0.7004 0.6088
vn -0.1823 -0.5750 -0.7976
vn -0.0982 0.9941 0.0453
vn -0.0533 0.9955 -0.0778
vn -0.0659 0.9967 -0.0475
vn -0.6926 -0.3853 -0.6098
vn -0.4216 0.4641 -0.7790
vn 0.2812 0.6712 0.6859
vn -0.4961 0.7204 -0.4847
vn -0.3554 0.7042 0.6147
vn 0.5762 -0.7877 0.2180
vn -0.3824 0.0060 -0.9240
vn -0.0021 -0.5829 0.8125
vn -0.9822 -0.1708 -0.0780
vn -0.5997 0.1019 0.7937
vn 0.0256 -0.0330 0.9991
vn 0.0675 0.1888 0.9797
vn -0.0274 0.0746 0.9968
vn 0.0014 -0.0005 1.0000
vn 0.7068 -0.4724 -0.5266
vn -0.0146 -0.9999 0.0018
vn 0.6660 0.7324 0.1416
vn 0.0030 -0.9851 -0.1719
vn 0.4394 0.8900 0.1217
vn 0.3495 -0.9270 -0.1365
vn -0.1064 -0.7122 0.6939
vn -0.2028 0.6925 0.6923
vn -0.6946 -0.3959 0.6007
vn -0.5416 -0.2516 0.8021
vn -0.1266 -0.4587 -0.8795
vn -0.1835 -0.9804 0.0717
vn -0.1799 0.0565 -0.9821
vn 0.2444 0.6370 0.7311
vn 0.9118 0.0243 -0.4100
vn 0.0353 -0.9940 -0.1034
vn 0.0071 0.9968 0.0795
vn -0.0434 0.9963 0.0740
vn -0.7565 0.6207 -0.2061
vn 0.6195 0.1398 0.7724
vn 0.5647 0.5895 -0.5776
vn 0.8230 0.1673 -0.5429
vn -0.4317 0.8110 0.3949
vn -0.2762 0.9361 0.2178
vn -0.4528 -0.0396 -0.8907
vn -0.0221 0.0444 0.9988
vn -0.0132 0.9990 -0.0421
vn 0.9835 0.1807 0.0091
vn 0.0291 0.9995 -0.0105
vn 0.4057 -0.8801 0.2467
vn -0.7376 -0.3442 0.5809
vn 0.0962 0.7775 -0.6214
vn 0.5811 0.5786 0.5724
vn 0.4809 0.3090 -0.8205
vn 0.4387 0.7904 -0.4276
vn 0.8110 0.5252 -0.2577
vn 0.0236 -0.7378 0.6746
vn 0.0283 -0.0988 0.9947
vn 0.8117 0.0274 0.5834
vn 0.0894 0.9888 0.1195
vn -0.5869 0.1926 0.7865
vn 0.0018 1.0000 0.0026
vn 0.9877 -0.0770 -0.1360
vn -0.0846 -0.0380 0.9957
vn 0.1230 0.6212 -0.7739
vn 0.2922 -0.0466 -0.9552
vn -0.0358 0.9949 -0.0945
vn -0.1385 0.7835 0.6057
vn 0.0134 -0.0904 0.9958
vn -0.0009 -0.0012 -1.0000
vn -0.0044 1.0000 -0.0046
vn -0.0562 0.1294 -0.9900
vn -0.0370 0.0611 -0.9974
vn -0.1094 0.9855 0.1294
vn -0.1368 0.9837 0.1164
vn -0.1175 0.9813 0.1522
vn -0.8068 0.1189 -0.5787
vn -0.8645 -0.0024 -0.5026
vn 0.0131 0.6914 0.7224
vn 0.0234 -0.9940 0.1066
vn -0.2454 -0.7580 -0.6044
vn -0.9972 -0.0211 -0.0721
vn -0.8883 -0.2040 -0.4116
vn -0.9969 -0.0426 -0.0655
vn 0.0147 0.9996 -0.0234
vn -0.5760 -0.1007 0.8112
vn -0.0047 1.0000 0.0052
vn 0.8762 0.3086 0.3702
vn -0.5933 0.5908 0.5468
vn -0.2170 0.4860 0.8466
vn 0.8051 -0.0270 -0.5925
vn -0.9947 -0.0179 -0.1009
vn -0.7608 -0.1876 0.6213
vn 0.6118 0.5044 0.6093
vn -0.1089 0.9165 0.3850
vn -0.0478 0.9952 0.0850
vn 0.9199 -0.2089 0.3319
vn 0.0400 0.7168 0.6962
vn -0.5860 0.5571 -0.5884
vn -0.4918 -0.0121 0.8706
vn 0.1486 -0.5572 -0.8170
vn 0.1322 -0.7237 -0.6773
vn 0.0381 0.0192 -0.9991
vn -0.3657 -0.6481 0.6681
vn 0.0433 -0.9945 -0.0954
vn -0.7842 0.1429 -0.6039
vn -0.8079 0.0121 -0.5891
vn -0.9055 -0.0268 -0.4235
vn -0.5541 -0.0347 0.8317
vn -0.7374 -0.0979 -0.6683
vn 0.2456 0.9151 -0.3199
vn 0.6012 0.0625 0.7966
vn -0.0148 0.0121 -0.9998
vn 0.0097 -0.4264 0.9045
vn -0.8032 0.5435 -0.2440
vn -0.6463 0.6145 -0.4524
vn -0.1480 0.7350 -0.6617
vn 0.9193 0.2473 0.3062
vn 0.4502 -0.1369 0.8824
vn 0.6061 -0.0315 0.7948
vn 0.4503 -0.1369 0.8823
vn -0.0960 0.0589 -0.9936
vn 0.1637 -0.7275 -0.6663
vn -0.1424 -0.0400 -0.9890
vn 0.3203 -0.1216 -0.9395
vn -0.8944 -0.0937 -0.4373
vn -0.3140 0.7201 -0.6188
vn 0.0505 0.3766 -0.9250
vn 0.0215 0.1279 -0.9915
vn 0.1208 -0.2599 -0.9580
vn 0.0290 0.9996 -0.0071
vn 0.7890 0.4878 0.3735
vn 0.0308 0.1824 0.9827
vn 0.1440 0.6223 -0.7694
vn -0.6342 -0.0389 -0.7722
vn -0.0258 -0.8758 -0.4820
vn -0.1390 -0.9601 -0.2426
vn -0.0278 -0.9552 -0.2948
vn 0.4254 -0.8792 -0.2143
vn 0.1826 -0.7368 -0.6510
vn 0.0142 -0.9998 0.0128
vn -0.1007 -0.9941 0.0406
vn 0.9619 0.2102 0.1751
vn -0.7126 0.7014 -0.0121
vn -0.1127 0.6814 -0.7232
vn 0.0260 0.5691 -0.8218
vn -0.0407 -0.9714 -0.2338
vn 0.9912 0.1279 -0.0333
vn -0.7940 0.5555 -0.2467
vn 0.9880 -0.0014 0.1544
vn 0.1225 0.9749 -0.1860
vn 0.9617 -0.1129 -0.2499
vn -0.0024 1.0000 -0.0083
vn 0.9920 0.1265 0.0037
vn 0.9873 0.0697 0.1427
vn -0.5188 0.8494 0.0973
vn -0.0177 -0.0068 -0.9998
vn -0.1575 -0.9418 0.2970
vn -0.1357 0.8415 0.5230
vn 0.9815 0.1810 -0.0625
vn 0.0056 -0.4713 0.8819
vn 0.6808 0.0769 -0.7285
vn 0.7152 0.1110 -0.6900
vn 0.9002 -0.2860 -0.3284
vn -0.8533 -0.4874 0.1852
vn -0.0071 -0.9996 -0.0282
vn 0.9829 0.0519 0.1764
vn -0.9109 0.3331 -0.2437
vn -0.3340 -0.9151 -0.2260
vn -0.0945 0.0195 -0.9953
vn -0.9747 0.1149 0.1918
vn -0.9272 0.1988 0.3174
vn 0.3076 -0.7663 -0.5641
vn -0.0057 -0.9999 0.0123
vn -0.7248 -0.6889 0.0011
vn -0.2386 0.1190 0.9638
vn -0.0761 0.9971 0.0019
vn 0.2633 -0.2424 0.9337
vn 0.2576 0.8321 -0.4911
vn -0.1685 0.6934 0.7006
vn -0.0142 -0.9980 -0.0610
vn 0.0008 0.0172 0.9999
vn -0.5037 0.2247 0.8342
vn 0.7027 0.0101 -0.7115
vn 0.7376 -0.0474 -0.6735
vn -0.3943 0.8847 0.2486
vn -0.4829 0.8746 -0.0438
vn -0.8785 0.1449 0.4553
vn 0.0039 0.9993 0.0384
vn 0.1047 -0.9256 0.3637
vn 0.0779 0.9895 0.1217
vn -0.9855 -0.0312 0.1671
vn -0.4776 0.7050 0.5243
vn -0.5397 0.6221 -0.5672
vn 0.2422 0.8857 0.3962
vn -0.5823 0.5734 0.5763
vn -0.9174 0.2890 0.2736
vn -0.3995 0.3934 0.8280
vn -0.8795 0.4450 0.1686
vn -0.0365 0.9988 -0.0336
vn -0.1533 0.9844 -0.0868
vn 0.2453 0.9672 0.0660
vn 0.0789 -0.9968 0.0114
vn -0.7656 0.6280 -0.1397
vn 0.0202 -0.2764 0.9608
vn 0.1710 -0.9835 0.0587
vn -0.3708 -0.9096 -0.1872
vn -0.3714 -0.9096 -0.1865
vn -0.4402 -0.8931 -0.0926
vn 0.0815 -0.8463 -0.5265
vn -0.5797 0.1213 0.8058
vn -0.1512 0.9764 -0.1541
vn -0.9994 0.0207 -0.0280
vn -0.0039 1.0000 0.0065
vn 0.1096 0.9939 0.0133
vn 0.0529 -0.9723 -0.2276
vn -0.5258 -0.7230 0.4481
vn 0.7075 0.0573 -0.7044
vn 0.0976 -0.7651 0.6365
vn 0.7867 0.1641 0.5951
vn -0.4152 0.7475 -0.5186
vn -0.0213 -0.0344 -0.9992
vn 0.4497 0.2204 0.8656
vn -0.7990 0.0745 -0.5967
vn 0.4059 -0.3802 0.8311
vn -0.0988 0.0570 -0.9935
vn -0.4785 0.6864 -0.5477
vn -0.4355 0.7362 -0.5180
vn 0.9215 0.2900 -0.2585
vn -0.4761 0.8783 0.0447
vn -0.8988 -0.0849 -0.4300
vn -0.7512 0.6553 0.0793
vn -0.0326 0.2146 0.9762
vn -0.8601 -0.5058 -0.0660
vn 0.3161 -0.2283 -0.9209
vn -0.0127 -0.0323 0.9994
vn -0.9750 0.1898 -0.1154
vn 0.3779 0.1680 0.9105
vn -0.9110 -0.3942 0.1209
vn 0.4351 0.0091 -0.9003
vn -0.5172 -0.8555 0.0229
vn 0.9879 0.0762 -0.1348
vn 0.9506 -0.2795 0.1354
vn 0.3311 0.8019 -0.4973
vn 0.6469 0.1888 0.7389
vn 0.7576 -0.1351 -0.6386
vn 0.7633 -0.0533 0.6438
vn 0.1850 -0.9598 0.2111
vn -0.3334 0.2958 -0.8952
vn -0.2988 0.2729 -0.9145
vn -0.3393 0.2652 -0.9025
vn 0.3563 -0.7588 0.5453
vn 0.0184 0.9996 -0.0198
vn -0.4387 0.0053 -0.8986
vn -0.7539 -0.6541 -0.0619
vn -0.9971 0.0744 -0.0177
vn -0.9999 0.0041 -0.0094
vn 0.1653 -0.0329 0.9857
vn 0.0085 0.8052 -0.5929
vn -0.9980 0.0480 0.0423
vn -0.9961 0.0864 -0.0179
vn -0.7377 0.0969 0.6681
vn -0.7418 0.0939 -0.6640
vn -0.5677 0.5946 -0.5693
vn -0.9660 0.2582 -0.0120
vn -0.9509 0.3035 -0.0606
vn -0.5294 0.2117 0.8215
vn -0.7142 0.1814 -0.6760
vn -0.7889 -0.0386 -0.6133
vn -0.7140 0.1222 0.6894
vn 0.3758 0.1659 -0.9118
vn -0.0401 -0.0460 -0.9981
vn -0.5977 0.8017 -0.0018
vn -0.6370 0.5311 -0.5587
vn -0.6147 0.5696 0.5456
vn 0.7761 0.3702 0.5105
vn 0.2180 0.4317 0.8753
vn -0.1169 0.5638 -0.8176
vn -0.5182 0.4404 0.7332
vn 0.2921 -0.0127 0.9563
vn 0.2708 -0.9606 -0.0621
vn 0.5436 0.2977 -0.7847
vn -0.9663 0.1296 -0.2224
vn -0.0519 0.9919 -0.1156
vn -0.5985 0.5326 -0.5984
vn -0.4989 0.6264 0.5989
vn 0.1156 0.0115 0.9932
vn 0.4205 0.8514 0.3136
vn -0.9653 0.1514 0.2129
vn -0.9834 0.1814 0.0090
vn -0.9568 0.0016 0.2909
vn -0.1129 0.1376 0.9840
vn -0.0504 -0.9838 0.1719
vn 0.4395 0.7558 -0.4854
vn -0.8941 0.1418 0.4249
vn 0.2932 -0.1117 -0.9495
vn 0.1622 -0.1980 -0.9667
vn 0.9734 -0.2287 -0.0162
vn -0.0000 -0.9997 0.0264
vn 0.0393 0.8894 0.4554
vn 0.7264 -0.0023 -0.6873
vn -0.9883 -0.1186 0.0960
vn 0.9036 0.2576 -0.3422
vn 0.0657 -0.7904 -0.6091
vn -0.7555 0.6544 -0.0299
vn 0.6715 0.3167 -0.6699
vn -0.1142 0.2582 0.9593
vn 0.4438 0.8363 -0.3219
vn -0.2186 -0.9671 -0.1301
vn -0.2335 -0.5687 -0.7887
vn 0.7648 0.5108 -0.3927
vn 0.8567 -0.0870 -0.5085
vn -0.0974 0.7306 -0.6759
vn -0.7261 -0.2207 -0.6512
vn -0.7121 -0.7020 -0.0053
vn -0.0553 0.9985 -0.0001
vn 0.7260 -0.0195 0.6874
vn 0.6259 0.7782 0.0520
vn -0.0333 0.9841 -0.1746
vn 0.3336 0.9201 0.2050
vn 0.3290 0.8948 -0.3019
vn -0.9747 -0.0174 0.2228
vn -0.9092 -0.0916 0.4062
vn -0.9436 -0.0519 0.3269
vn 0.5754 0.5606 -0.5955
vn -0.2438 0.1664 -0.9554
vn -0.2845 -0.9128 -0.2928
vn 0.3760 0.8486 0.3720
vn -0.1179 -0.0850 -0.9894
vn -0.0721 0.9974 0.0093
vn 0.2983 -0.2510 -0.9209
vn 0.7501 -0.1109 0.6520
vn -0.0020 -0.0801 -0.9968
vn -0.0972 0.9782 0.1835
vn -0.2322 0.9707 0.0615
vn 0.5823 0.2580 0.7710
vn -0.7043 -0.7099 0.0047
vn -0.9990 0.0337 -0.0285
vn 0.6769 0.1616 0.7181
vn -0.8173 0.5761 0.0103
vn 0.0190 0.9941 -0.1070
vn 0.3013 0.7954 -0.5258
vn 0.0538 -0.9977 0.0410
vn 0.0942 0.0234 0.9953
vn -0.0869 -0.9960 -0.0193
vn -0.1573 0.0411 -0.9867
vn 0.9316 -0.0773 -0.3552
vn 0.4117 -0.3631 0.8359
vn -0.0138 0.1081 0.9940
vn -0.1100 -0.9939 -0.0101
vn -0.1145 -0.9933 -0.0125
vn -0.1265 -0.9904 -0.0562
vn 0.9975 0.0710 -0.0030
vn 0.9954 0.0956 0.0009
vn 0.9955 0.0946 -0.0047
vn 0.5997 -0.6318 -0.4911
vn 0.9974 0.0665 -0.0278
vn 0.9823 0.1202 -0.1437
vn -0.5352 0.8446 0.0146
vn 0.6168 0.7839 -0.0709
vn -0.7184 0.6945 0.0385
vn 0.9551 0.2963 0.0027
vn 0.9528 0.3024 0.0255
vn 0.9510 0.3086 -0.0187
vn -0.6082 0.4418 -0.6595
vn 0.0423 -0.9899 -0.1351
vn 0.7511 0.0796 -0.6553
vn 0.7308 0.0732 -0.6787
vn -0.3046 0.7035 -0.6422
vn 0.1529 -0.0140 0.9881
vn 0.3642 0.1192 0.9237
vn -0.5794 -0.5795 -0.5731
vn -0.7729 0.0028 -0.6345
vn 0.1241 0.9567 0.2634
vn 0.0073 -0.9996 0.0267
vn 0.1332 0.9883 0.0745
vn 0.1626 0.9846 0.0648
vn 0.1217 0.9926 0.0048
vn 0.4556 -0.6930 0.5588
vn 0.5840 0.5706 0.5774
vn -0.0808 0.9757 0.2036
vn 0.0748 0.9969 0.0227
vn 0.1366 0.9884 0.0664
vn 0.6356 0.2940 -0.7139
vn 0.9203 -0.2572 -0.2947
vn 0.9773 -0.0122 -0.2117
vn -0.3991 0.6798 0.6153
vn 0.1895 -0.0150 0.9818
vn 0.2735 0.8732 -0.4034
vn -0.2851 0.9583 -0.0185
vn 0.0210 0.9997 -0.0082
vn 0.0067 1.0000 0.0050
vn -0.0697 0.9898 -0.1246
vn 0.5349 0.6156 0.5787
vn 0.3156 0.0285 -0.9484
vn 0.9420 -0.1414 -0.3045
vn 0.5923 0.1076 0.7985
vn 0.5481 0.7681 0.3311
vn 0.2156 -0.9762 -0.0214
vn 0.8901 -0.2316 0.3926
vn -0.7153 -0.6988 0.0050
vn -0.7482 -0.6602 0.0651
vn 0.7492 0.3077 -0.5865
vn 0.3585 0.0766 0.9304
vn 0.8780 -0.0104 -0.4786
vn 0.8679 -0.1669 -0.4679
vn 0.6842 0.6329 0.3623
vn 0.1185 0.8212 0.5582
vn 0.2101 0.9776 0.0073
vn -0.0724 -0.9950 -0.0687
vn 0.5927 0.5658 -0.5733
vn 0.8088 -0.0927 0.5807
vn 0.3542 -0.2475 -0.9018
vn 0.7271 0.5995 0.3346
vn 0.9848 -0.0159 0.1731
vn 0.4183 0.8528 0.3126
vn 0.0582 -0.9980 -0.0229
vn 0.9882 -0.0520 0.1440
vn -0.0307 0.9989 0.0368
vn 0.6854 -0.4669 0.5588
vn 0.8535 0.2191 -0.4728
vn -0.2740 0.1570 -0.9488
vn 0.0460 0.9976 -0.0527
vn -0.0543 0.0363 0.9979
vn 0.1779 0.4479 0.8762
vn 0.7005 -0.0038 -0.7137
vn -0.7471 -0.0066 0.6647
vn -0.9543 0.0577 -0.2934
vn 0.0044 0.9625 0.2712
vn -0.0919 0.9693 -0.2280
vn 0.1553 0.9687 -0.1938
vn 0.9701 -0.0609 -0.2351
vn 0.5519 0.8143 -0.1797
vn 0.9846 0.1745 0.0083
vn 0.9846 0.1745 0.0084
vn 0.9865 0.0979 -0.1316
vn 0.6505 -0.6149 0.4459
vn 0.9872 0.0858 -0.1345
vn -0.7827 0.5418 0.3062
vn -0.8776 0.4441 0.1808
vn -0.9591 0.0622 -0.2761
vn -0.9358 0.1695 -0.3092
vn -0.9997 -0.0221 0.0143
vn 0.9301 0.2868 0.2296
vn 0.9442 0.3231 0.0633
vn 0.9782 0.0281 -0.2060
vn 0.9818 0.1872 -0.0327
vn 0.9668 0.2545 0.0233
vn 0.9964 0.0056 -0.0843
vn 0.9941 0.0940 0.0549
vn 0.6529 0.1582 -0.7408
vn 0.9994 -0.0153 -0.0299
vn 0.5379 0.6792 -0.4993
vn -0.9702 -0.0560 -0.2357
vn -0.9941 -0.1024 -0.0354
vn -0.5855 -0.4630 0.6654
vn 0.0364 -0.0129 0.9993
vn 0.2021 0.9755 0.0865
vn 0.9603 0.2673 0.0797
vn 0.7803 0.6230 0.0546
vn -0.8838 -0.4147 0.2165
vn 0.8901 -0.4539 -0.0421
vn 0.9982 0.0522 -0.0282
vn 0.5372 0.8430 0.0266
vn 0.5091 -0.8576 -0.0727
vn 0.8236 0.0193 -0.5668
vn 0.5386 -0.1070 0.8357
vn 0.9989 -0.0478 -0.0008
vn 0.9764 0.2101 0.0494
vn 0.5609 0.5606 -0.6092
vn 0.7160 0.0067 -0.6981
vn 0.6150 0.7807 0.1112
vn 0.9874 0.0014 -0.1580
vn 0.9897 0.1421 0.0170
vn 0.1228 0.0051 -0.9924
vn 0.4527 -0.8826 -0.1268
vn 0.1832 -0.9830 -0.0142
vn -0.6312 -0.7736 0.0563
vn 0.7629 0.0420 -0.6451
vn 0.5757 0.0699 0.8146
vn 0.0398 0.2089 0.9771
vn 0.5751 0.7768 -0.2564
vn 0.1051 -0.9945 0.0046
vn 0.0356 -0.9992 0.0163
vn -0.0173 -0.9997 -0.0167
vn 0.1389 0.2272 -0.9639
vn -0.0768 0.9961 0.0428
vn -0.2153 0.9759 -0.0350
vn 0.0425 -0.9536 0.2979
vn -0.5730 0.5813 0.5777
vn -0.0537 -0.7529 0.6559
vn 0.4751 0.5551 0.6828
vn -0.0004 -0.0002 -1.0000
vn 0.9056 0.3532 -0.2347
vn 0.1772 0.6720 -0.7191
vn -0.0072 -1.0000 -0.0042
vn -0.0225 -0.9997 -0.0002
vn 0.0247 0.9997 -0.0000
vn -0.0060 -0.9772 -0.2122
vn 0.0951 -0.9952 0.0244
vn 0.0111 -0.9999 0.0059
vn -0.0557 -0.9753 -0.2137
vn 0.0484 0.0696 -0.9964
vn 0.2953 0.9405 -0.1682
vn -0.1927 0.6907 -0.6970
vn 0.5573 0.5598 -0.6132
vn 0.4606 0.3601 -0.8113
vn 0.4254 -0.8793 -0.2143
vn 0.0472 -0.9965 0.0695
vn 0.0088 -0.0013 -1.0000
vn -0.6807 0.1004 0.7257
vn -0.6612 0.1006 -0.7434
vn -0.2561 0.9597 -0.1153
vn -0.6527 -0.1733 -0.7375
vn -0.0229 -0.9997 -0.0061
vn -0.0981 0.9952 -0.0010
vn 0.7540 0.4261 -0.4998
vn 0.8590 0.0446 0.5100
vn 0.9763 -0.0997 0.1921
vn 0.9997 -0.0063 0.0223
vn -0.1676 0.9770 0.1317
vn 0.0902 0.9958 0.0156
vn 0.1825 -0.9763 0.1163
vn 0.0249 0.5601 -0.8281
vn 0.8172 0.4622 0.3444
vn -0.9070 0.4198 -0.0337
vn -0.0558 0.9981 0.0276
vn -0.1460 0.9893 0.0031
vn -0.0932 0.9947 0.0431
vn 0.5644 0.1769 -0.8063
vn -0.6998 -0.2131 0.6818
vn 0.1066 -0.0230 0.9940
vn 0.9917 -0.1283 0.0109
vn 0.2760 -0.9558 0.1012
vn 0.2188 -0.9745 -0.0506
vn 0.2609 -0.9644 -0.0444
vn 0.9999 0.0085 -0.0105
vn 0.9971 0.0724 -0.0219
vn 0.7449 0.6581 0.1097
vn 0.9523 -0.0960 0.2897
vn 0.8498 0.2843 -0.4438
vn 0.5589 0.6601 0.5019
vn 0.6634 -0.0498 0.7466
vn -0.8176 -0.5748 0.0328
vn -0.7387 0.6731 0.0355
vn -0.9204 0.3909 -0.0092
vn -0.2249 0.9743 -0.0154
vn -0.1791 0.9836 -0.0217
vn -0.2417 0.9698 -0.0312
vn -0.2533 -0.9673 -0.0105
vn -0.3790 -0.9247 0.0350
vn -0.7383 0.6727 0.0488
vn 0.9523 -0.0960 0.2896
vn 0.0855 0.2554 -0.9630
vn -0.0639 -0.9939 0.0895
vn -0.1616 -0.9859 -0.0425
vn 0.8909 0.1043 -0.4420
vn 0.9219 -0.2212 0.3180
vn -0.1354 0.9906 -0.0185
vn 0.5943 0.8029 -0.0469
vn -0.4645 0.8856 -0.0007
vn 0.8637 -0.4870 0.1298
vn 0.9185 -0.3950 0.0195
vn 0.9212 -0.3891 -0.0010
vn 0.9205 -0.3907 -0.0043
vn 0.9208 -0.3897 0.0185
vn -1.0000 0.0051 -0.0081
vn -0.9999 0.0163 -0.0022
vn -0.9980 -0.0622 -0.0086
vn -0.9993 -0.0128 0.0357
vn -0.9995 -0.0221 -0.0236
vn 0.9827 0.1752 -0.0600
vn 1.0000 -0.0091 -0.0000
vn 0.9957 0.0922 0.0058
vn 0.9994 0.0296 0.0175
vn 0.9971 -0.0756 0.0131
vn 0.9984 0.0546 -0.0177
vn 0.9987 0.0453 0.0226
vn 0.0550 0.1499 0.9872
vn 0.1037 0.0512 0.9933
vt 0.517859 0.841101
vt 0.553509 0.837982
vt 0.570376 0.842410
vt 0.965382 0.376414
vt 0.965382 0.352998
vt 0.977756 0.374809
vt 0.021003 0.933061
vt 0.020535 0.956473
vt 0.011841 0.936038
vt 0.401010 0.837205
vt 0.365225 0.837205
vt 0.419579 0.834853
vt 0.363500 0.990161
vt 0.356958 0.987780
vt 0.380787 0.987882
vt 0.522554 0.269244
vt 0.549968 0.230093
vt 0.552815 0.321524
vt 0.521694 0.291579
vt 0.540020 0.320630
vt 0.524846 0.231997
vt 0.020473 0.963017
vt 0.524932 0.345888
vt 0.581831 0.340971
vt 0.553607 0.340971
vt 0.581771 0.249535
vt 0.569012 0.250843
vt 0.581789 0.225696
vt 0.553463 0.225865
vt 0.218574 0.208569
vt 0.218574 0.286039
vt 0.212309 0.233881
vt 0.877792 0.528980
vt 0.877792 0.588177
vt 0.874169 0.551036
vt 0.377770 0.493148
vt 0.359337 0.489898
vt 0.472526 0.490256
vt 0.011741 0.505222
vt 0.002965 0.505222
vt 0.004215 0.495269
vt 0.255660 0.216344
vt 0.294081 0.299315
vt 0.244754 0.246307
vt 0.611335 0.687875
vt 0.627367 0.690702
vt 0.609836 0.711617
vt 0.833681 0.981664
vt 0.808475 0.981664
vt 0.824968 0.971767
vt 0.940785 0.303325
vt 0.937229 0.297165
vt 0.952878 0.298069
vt 0.413512 0.494906
vt 0.851694 0.982715
vt 0.851694 0.973082
vt 0.876737 0.981411
vt 0.101964 0.015852
vt 0.101964 0.025883
vt 0.095626 0.017483
vt 0.927024 0.299031
vt 0.609698 0.457376
vt 0.610097 0.570565
vt 0.595083 0.488718
vt 0.432165 0.763701
vt 0.385911 0.746866
vt 0.447422 0.743652
vt 0.620486 0.341783
vt 0.616995 0.456747
vt 0.594663 0.397161
vt 0.282266 0.866081
vt 0.271584 0.875657
vt 0.234400 0.865694
vt 0.875893 0.972677
vt 0.595788 0.410837
vt 0.762076 0.302029
vt 0.764306 0.327518
vt 0.747779 0.300182
vt 0.590337 0.548018
vt 0.234519 0.860191
vt 0.271376 0.856966
vt 0.285088 0.859729
vt 0.419492 0.571010
vt 0.328017 0.571010
vt 0.420059 0.549938
vt 0.104128 0.061589
vt 0.123982 0.015835
vt 0.094986 0.468156
vt 0.094986 0.510766
vt 0.087857 0.479427
vt 0.491798 0.748862
vt 0.486889 0.738333
vt 0.550857 0.748922
vt 0.275388 0.311539
vt 0.351706 0.549231
vt 0.057060 0.458014
vt 0.069901 0.449023
vt 0.069661 0.485781
vt 0.570933 0.341859
vt 0.135840 0.584991
vt 0.169552 0.574037
vt 0.157378 0.652923
vt 0.592725 0.472396
vt 0.509410 0.789437
vt 0.564609 0.789437
vt 0.511513 0.811544
vt 0.580290 0.555113
vt 0.771081 0.385127
vt 0.771081 0.296246
vt 0.773527 0.356764
vt 0.019671 0.020618
vt 0.037191 0.040455
vt 0.019671 0.039418
vt 0.049446 0.015428
vt 0.083461 0.598092
vt 0.093990 0.603002
vt 0.085864 0.640634
vt 0.614342 0.743988
vt 0.631608 0.736260
vt 0.771235 0.910375
vt 0.790034 0.910375
vt 0.765252 0.928906
vt 0.690263 0.883367
vt 0.707127 0.893104
vt 0.661010 0.890968
vt 0.325520 0.018043
vt 0.315203 0.003844
vt 0.334797 0.003526
vt 0.097305 0.067008
vt 0.369191 0.025146
vt 0.399966 0.023604
vt 0.399966 0.031298
vt 0.769892 0.325992
vt 0.447418 0.499690
vt 0.178217 0.359057
vt 0.178217 0.341259
vt 0.212580 0.370079
vt 0.211376 0.310602
vt 0.192450 0.310255
vt 0.473779 0.170131
vt 0.473779 0.298025
vt 0.462005 0.170113
vt 0.177616 0.295097
vt 0.210440 0.294137
vt 0.156699 0.156452
vt 0.156699 0.220019
vt 0.137419 0.196365
vt 0.913901 0.668419
vt 0.907498 0.662016
vt 0.925345 0.660377
vt 0.786297 0.930311
vt 0.170483 0.112547
vt 0.169161 0.102976
vt 0.193771 0.128361
vt 0.284708 0.941157
vt 0.283851 0.936294
vt 0.315169 0.936501
vt 0.159830 0.366020
vt 0.159830 0.296917
vt 0.177425 0.365846
vt 0.176576 0.293784
vt 0.690282 0.556091
vt 0.695577 0.586120
vt 0.679167 0.548052
vt 0.144728 0.653675
vt 0.162327 0.653675
vt 0.147303 0.722730
vt 0.164095 0.724756
vt 0.090662 0.017024
vt 0.079510 0.051345
vt 0.072573 0.016792
vt 0.969341 0.644279
vt 0.981640 0.644279
vt 0.977475 0.665525
vt 0.930837 0.359681
vt 0.929657 0.391799
vt 0.919867 0.405782
vt 0.894547 0.036926
vt 0.875513 0.077192
vt 0.874570 0.028580
vt 0.240726 0.657274
vt 0.240726 0.593707
vt 0.342117 0.651383
vt 0.660682 0.691929
vt 0.890025 0.157488
vt 0.891442 0.185318
vt 0.883448 0.182033
vt 0.919164 0.354512
vt 0.840089 0.837071
vt 0.841118 0.817437
vt 0.857586 0.833812
vt 0.800924 0.923725
vt 0.241213 0.354734
vt 0.573216 0.407310
vt 0.652627 0.738587
vt 0.698599 0.001645
vt 0.702787 0.014532
vt 0.687410 0.014314
vt 0.865599 0.213492
vt 0.082810 0.212350
vt 0.062192 0.221964
vt 0.047582 0.213399
vt 0.828019 0.823596
vt 0.412274 0.059762
vt 0.463418 0.056104
vt 0.443833 0.062523
vt 0.982936 0.677006
vt 0.997952 0.681885
vt 0.981461 0.685739
vt 0.088460 0.321835
vt 0.054942 0.310944
vt 0.088685 0.309538
vt 0.332546 0.857718
vt 0.342762 0.849145
vt 0.382650 0.856155
vt 0.319369 0.941930
vt 0.287984 0.941930
vt 0.319303 0.936992
vt 0.881349 0.085145
vt 0.194333 0.816527
vt 0.156503 0.825790
vt 0.163102 0.806379
vt 0.062318 0.815656
vt 0.062318 0.776992
vt 0.067094 0.797024
vt 0.482982 0.083242
vt 0.529590 0.059914
vt 0.552080 0.082404
vt 0.605535 0.122834
vt 0.558438 0.112673
vt 0.607134 0.104112
vt 0.922713 0.869877
vt 0.887775 0.860515
vt 0.935264 0.860991
vt 0.377591 0.776341
vt 0.373225 0.764345
vt 0.416254 0.772823
vt 0.066237 0.421071
vt 0.044749 0.418433
vt 0.076820 0.407850
vt 0.696537 0.741229
vt 0.919359 0.636147
vt 0.889697 0.394383
vt 0.867656 0.391677
vt 0.870405 0.340421
vt 0.545756 0.742179
vt 0.572621 0.476414
vt 0.684589 0.625123
vt 0.188560 0.835288
vt 0.904437 0.924749
vt 0.938210 0.924749
vt 0.905059 0.933584
vt 0.654990 0.015035
vt 0.659663 0.000652
vt 0.670990 0.013890
vt 0.070140 0.020217
vt 0.078339 0.050817
vt 0.069210 0.058705
vt 0.267706 0.900221
vt 0.308765 0.900221
vt 0.290113 0.904681
vt 0.560848 0.398180
vt 0.902154 0.487173
vt 0.898111 0.448562
vt 0.904830 0.446761
vt 0.497783 0.323849
vt 0.466190 0.318279
vt 0.517922 0.196739
vt 0.483864 0.021169
vt 0.555152 0.554345
vt 0.211144 0.829265
vt 0.999972 0.925710
vt 0.997726 0.932623
vt 0.990224 0.925922
vt 0.925105 0.619319
vt 0.110042 0.475848
vt 0.107446 0.433055
vt 0.122450 0.429943
vt 0.867510 0.156115
vt 0.098252 0.302985
vt 0.105670 0.297791
vt 0.102398 0.341915
vt 0.521556 0.322965
vt 0.796670 0.338420
vt 0.798884 0.370048
vt 0.791231 0.369263
vt 0.234687 0.967398
vt 0.234687 0.989955
vt 0.218744 0.978792
vt 0.247606 0.875973
vt 0.432167 0.768036
vt 0.186278 0.162710
vt 0.202281 0.135535
vt 0.714660 0.289191
vt 0.656419 0.209030
vt 0.710433 0.175515
vt 0.987004 0.005318
vt 0.983016 0.000565
vt 0.994925 0.001067
vt 0.869736 0.605162
vt 0.873892 0.596249
vt 0.872365 0.655222
vt 0.553292 0.021207
vt 0.494508 0.002483
vt 0.494508 0.008792
vt 0.489316 0.002550
vt 0.862480 0.173869
vt 0.862231 0.826525
vt 0.865765 0.805440
vt 0.880315 0.813134
vt 0.711905 0.179182
vt 0.735644 0.177105
vt 0.713448 0.228671
vt 0.841954 0.809695
vt 0.910493 0.622981
vt 0.866920 0.668153
vt 0.865368 0.737239
vt 0.804159 0.737239
vt 0.972811 0.132824
vt 0.963954 0.132824
vt 0.966287 0.109823
vt 0.782222 0.005661
vt 0.783156 0.014547
vt 0.775178 0.003100
vt 0.190429 0.398108
vt 0.199595 0.406389
vt 0.199595 0.467027
vt 0.301904 0.794446
vt 0.254397 0.794446
vt 0.289100 0.761611
vt 0.247015 0.117440
vt 0.438740 0.710536
vt 0.520574 0.712175
vt 0.488161 0.728523
vt 0.006173 0.909647
vt 0.002082 0.900458
vt 0.012624 0.901361
vt 0.665767 0.954093
vt 0.694527 0.954093
vt 0.688301 0.962083
vt 0.128956 0.941217
vt 0.159769 0.941217
vt 0.150151 0.947508
vt 0.203245 0.008795
vt 0.198225 0.005148
vt 0.203161 0.001009
vt 0.006138 0.897215
vt 0.997891 0.635986
vt 0.991414 0.640521
vt 0.987403 0.635460
vt 0.004163 0.805731
vt 0.010485 0.794782
vt 0.010543 0.810120
vt 0.308242 0.724188
vt 0.305793 0.741616
vt 0.229503 0.711816
vt 0.263602 0.092404
vt 0.260970 0.085732
vt 0.270933 0.082106
vt 0.327582 0.460853
vt 0.238308 0.990277
vt 0.246006 0.990277
vt 0.238576 0.998448
vt 0.029759 0.703492
vt 0.021578 0.708864
vt 0.004554 0.702668
vt 0.971687 0.171620
vt 0.987137 0.171620
vt 0.983170 0.176909
vt 0.964320 0.812367
vt 0.980779 0.812367
vt 0.979981 0.833712
vt 0.373884 0.950794
vt 0.372184 0.936951
vt 0.402326 0.947451
vt 0.548613 0.361646
vt 0.470118 0.743386
vt 0.115950 0.981899
vt 0.115950 0.993101
vt 0.112971 0.988759
vt 0.007618 0.721352
vt 0.747664 0.989828
vt 0.754787 0.989445
vt 0.752349 0.996527
vt 0.260419 0.759476
vt 0.639740 0.444414
vt 0.648894 0.437867
vt 0.654851 0.447040
vt 0.621129 0.351980
vt 0.807707 0.982731
vt 0.782489 0.982696
vt 0.782489 0.963461
vt 0.131770 0.416309
vt 0.198185 0.082512
vt 0.002188 0.623897
vt 0.004179 0.617770
vt 0.012027 0.623618
vt 0.002543 0.471453
vt 0.002807 0.463760
vt 0.010692 0.462370
vt 0.533018 0.088848
vt 0.605217 0.088848
vt 0.535219 0.093505
vt 0.678933 0.595919
vt 0.213902 0.990772
vt 0.221392 0.990772
vt 0.216148 0.998457
vt 0.727518 0.567624
vt 0.727518 0.482382
vt 0.735122 0.572489
vt 0.108638 0.360584
vt 0.102147 0.356837
vt 0.107448 0.297259
vt 0.473314 0.951103
vt 0.483102 0.951103
vt 0.455134 0.955609
vt 0.803364 0.958936
vt 0.830209 0.794791
vt 0.103887 0.807967
vt 0.086798 0.828233
vt 0.094615 0.804408
vt 0.010445 0.471187
vt 0.598849 0.746244
vt 0.570945 0.752686
vt 0.612124 0.735016
vt 0.423478 0.378517
vt 0.457213 0.392549
vt 0.435156 0.399119
vt 0.220058 0.488267
vt 0.228831 0.588549
vt 0.218228 0.591145
vt 0.613244 0.120443
vt 0.725663 0.578403
vt 0.560648 0.567352
vt 0.291883 0.944680
vt 0.290977 0.956319
vt 0.278561 0.954352
vt 0.797633 0.420894
vt 0.476782 0.968995
vt 0.998855 0.443177
vt 0.993689 0.449505
vt 0.990831 0.443177
vt 0.923427 0.618836
vt 0.303123 0.117935
vt 0.364066 0.110910
vt 0.309982 0.129815
vt 0.768491 0.346539
vt 0.988633 0.018114
vt 0.969700 0.018114
vt 0.974385 0.005905
vt 0.618287 0.133374
vt 0.616792 0.105401
vt 0.999856 0.450941
vt 0.215762 0.786664
vt 0.222040 0.800764
vt 0.170595 0.786454
vt 0.999897 0.025347
vt 0.997162 0.021441
vt 0.999579 0.017301
vt 0.747895 0.389062
vt 0.667140 0.360651
vt 0.656389 0.358755
vt 0.660148 0.260918
vt 0.809061 0.141729
vt 0.813902 0.143491
vt 0.813978 0.212192
vt 0.577333 0.000640
vt 0.581217 0.012595
vt 0.573195 0.005795
vt 0.849099 0.033692
vt 0.866096 0.029137
vt 0.864216 0.093902
vt 0.132454 0.605196
vt 0.129472 0.571118
vt 0.134253 0.542353
vt 0.135894 0.609773
vt 0.142154 0.638106
vt 0.142154 0.672914
vt 0.142538 0.608949
vt 0.747723 0.982884
vt 0.011664 0.780657
vt 0.002551 0.780657
vt 0.006256 0.770814
vt 0.473839 0.860125
vt 0.472257 0.851150
vt 0.521861 0.851721
vt 0.457452 0.964655
vt 0.542845 0.549230
vt 0.670794 0.488098
vt 0.663189 0.468286
vt 0.707721 0.542646
vt 0.220194 0.998934
vt 0.727952 0.956965
vt 0.757342 0.956965
vt 0.756730 0.961663
vt 0.472843 0.860258
vt 0.423236 0.860258
vt 0.424032 0.849056
vt 0.065005 0.537449
vt 0.058632 0.541129
vt 0.061266 0.529460
vt 0.288121 0.856266
vt 0.286948 0.849616
vt 0.337561 0.852205
vt 0.745087 0.962047
vt 0.715697 0.962047
vt 0.717504 0.955600
vt 0.978655 0.458458
vt 0.992096 0.448692
vt 0.993894 0.458661
vt 0.471165 0.912957
vt 0.507757 0.912957
vt 0.482778 0.922827
vt 0.061797 0.773288
vt 0.064338 0.744240
vt 0.066635 0.782722
vt 0.768270 0.997546
vt 0.763791 0.992571
vt 0.771503 0.985297
vt 0.519079 0.094687
vt 0.553685 0.100790
vt 0.491315 0.101391
vt 0.755526 0.995421
vt 0.755526 0.989383
vt 0.759180 0.993075
vt 0.000563 0.917889
vt 0.002900 0.921226
vt 0.000532 0.925248
vt 0.425942 0.974459
vt 0.418665 0.966004
vt 0.421001 0.952752
vt 0.898332 0.431945
vt 0.212022 0.393753
vt 0.126299 0.989239
vt 0.129848 0.994124
vt 0.126034 0.995565
vt 0.480628 0.097462
vt 0.439143 0.026920
vt 0.166280 0.795443
vt 0.222833 0.417516
vt 0.214422 0.513651
vt 0.214451 0.416251
vt 0.480402 0.029356
vt 0.412946 0.023454
vt 0.483133 0.022605
vt 0.137297 0.151360
vt 0.150101 0.130040
vt 0.143199 0.155691
vt 0.381100 0.938910
vt 0.413018 0.938910
vt 0.407625 0.942462
vt 0.804842 0.668605
vt 0.278672 0.091385
vt 0.283735 0.102243
vt 0.210873 0.099991
vt 0.789009 0.301638
vt 0.789009 0.390519
vt 0.780108 0.388611
vt 0.820723 0.667453
vt 0.820723 0.616774
vt 0.834179 0.667608
vt 0.526758 0.833318
vt 0.473242 0.833318
vt 0.488577 0.828937
vt 0.681463 0.804370
vt 0.698044 0.784624
vt 0.720076 0.803111
vt 0.279929 0.392795
vt 0.408306 0.394917
vt 0.335704 0.397674
vt 0.829347 0.014134
vt 0.814771 0.013081
vt 0.814771 0.000572
vt 0.628334 0.111629
vt 0.823063 0.139444
vt 0.824486 0.155700
vt 0.823119 0.161046
vt 0.892925 0.575476
vt 0.881067 0.552681
vt 0.894423 0.529547
vt 0.116719 0.237081
vt 0.114899 0.212763
vt 0.123336 0.235308
vt 0.122012 0.174684
vt 0.897590 0.525398
vt 0.897590 0.470190
vt 0.905351 0.507844
vt 0.250787 0.091798
vt 0.196455 0.101378
vt 0.178135 0.087348
vt 0.826612 0.001314
vt 0.106558 0.670915
vt 0.096417 0.705076
vt 0.095748 0.655489
vt 0.108112 0.655763
vt 0.108173 0.707746
vt 0.124717 0.707178
vt 0.128424 0.713543
vt 0.110302 0.729860
vt 0.295670 0.005443
vt 0.298388 0.018234
vt 0.289847 0.022008
vt 0.212274 0.659334
vt 0.205097 0.657411
vt 0.225786 0.640258
vt 0.028706 0.553229
vt 0.018353 0.553229
vt 0.024785 0.549713
vt 0.141495 0.007221
vt 0.137426 0.006968
vt 0.138180 0.002692
vt 0.740181 0.083520
vt 0.696542 0.105696
vt 0.685412 0.104722
vt 0.397714 0.911613
vt 0.415735 0.905054
vt 0.437090 0.909815
vt 0.679699 0.901159
vt 0.690680 0.904167
vt 0.682540 0.910452
vt 0.629307 0.136084
vt 0.570480 0.788563
vt 0.509912 0.788563
vt 0.552067 0.786437
vt 0.919163 0.278544
vt 0.930837 0.278544
vt 0.919188 0.330280
vt 0.128301 0.670140
vt 0.770848 0.390505
vt 0.951129 0.516789
vt 0.970440 0.530819
vt 0.959606 0.535663
vt 0.150105 0.153579
vt 0.620800 0.456810
vt 0.620800 0.355445
vt 0.633612 0.454655
vt 0.850025 0.028233
vt 0.857328 0.026675
vt 0.853025 0.031808
vt 0.986858 0.209638
vt 0.991836 0.205461
vt 0.995985 0.209735
vt 0.003424 0.938624
vt 0.000498 0.934598
vt 0.003206 0.933434
vt 0.850578 0.020003
vt 0.124879 0.989940
vt 0.124879 0.998296
vt 0.119239 0.990473
vt 0.495597 0.936445
vt 0.479019 0.943095
vt 0.467274 0.936850
vt 0.537357 0.392015
vt 0.866797 0.079026
vt 0.871094 0.029913
vt 0.875360 0.089205
vt 0.821685 0.257621
vt 0.821685 0.213377
vt 0.825374 0.277309
vt 0.098442 0.603184
vt 0.098442 0.654659
vt 0.095186 0.629612
vt 0.826010 0.598568
vt 0.624872 0.124097
vt 0.081643 0.806293
vt 0.790332 0.396006
vt 0.405066 0.285033
vt 0.414120 0.388527
vt 0.391762 0.285944
vt 0.779135 0.389384
vt 0.771765 0.390684
vt 0.779216 0.300493
vt 0.991467 0.097630
vt 0.975690 0.109092
vt 0.978719 0.096790
vt 0.873344 0.595495
vt 0.855460 0.568230
vt 0.869521 0.533427
vt 0.220559 0.718075
vt 0.351868 0.086797
vt 0.422995 0.086797
vt 0.349554 0.092615
vt 0.978514 0.978357
vt 0.980045 0.975075
vt 0.988643 0.978136
vt 0.232788 0.565640
vt 0.225208 0.492257
vt 0.245088 0.516304
vt 0.425943 0.950541
vt 0.497432 0.950319
vt 0.141126 0.002583
vt 0.128554 0.641353
vt 0.135172 0.643126
vt 0.133686 0.703746
vt 0.189269 0.783233
vt 0.512211 0.926841
vt 0.477495 0.926841
vt 0.511221 0.912865
vt 0.302307 0.829947
vt 0.266193 0.843092
vt 0.250634 0.830205
vt 0.241723 0.784453
vt 0.053295 0.534121
vt 0.409959 0.196277
vt 0.563654 0.006378
vt 0.563654 0.016662
vt 0.546150 0.015589
vt 0.102385 0.364632
vt 0.121974 0.355497
vt 0.101151 0.419013
vt 0.133177 0.338448
vt 0.128050 0.355219
vt 0.111921 0.293801
vt 0.341624 0.058628
vt 0.272102 0.058628
vt 0.341568 0.046764
vt 0.012332 0.934616
vt 0.012332 0.906070
vt 0.022472 0.925032
vt 0.202549 0.442847
vt 0.367231 0.785353
vt 0.418534 0.803430
vt 0.365547 0.792645
vt 0.109974 0.357686
vt 0.109974 0.294275
vt 0.126301 0.353266
vt 0.482334 0.060626
vt 0.109592 0.727525
vt 0.083545 0.733690
vt 0.104176 0.718145
vt 0.281868 0.008204
vt 0.283938 0.001833
vt 0.290127 0.011265
vt 0.684558 0.090562
vt 0.669133 0.083556
vt 0.019250 0.689969
vt 0.025911 0.697002
vt 0.016937 0.701379
vt 0.993947 0.369737
vt 0.998598 0.369870
vt 0.999971 0.374997
vt 0.003991 0.695768
vt 0.010792 0.677543
vt 0.973942 0.800383
vt 0.951549 0.807659
vt 0.969413 0.786459
vt 0.939584 0.978046
vt 0.938029 0.973258
vt 0.948901 0.975396
vt 0.783897 0.014962
vt 0.783897 0.006606
vt 0.788652 0.012999
vt 0.022854 0.762475
vt 0.015128 0.786253
vt 0.004107 0.759826
vt 0.498785 0.904290
vt 0.485985 0.899632
vt 0.525289 0.900619
vt 0.610389 0.459929
vt 0.634219 0.459929
vt 0.615900 0.570954
vt 0.411034 0.993732
vt 0.409875 0.986500
vt 0.417239 0.988893
vt 0.034505 0.529460
vt 0.877101 0.005369
vt 0.879400 0.018408
vt 0.862624 0.003181
vt 0.166213 0.149587
vt 0.379229 0.131246
vt 0.415879 0.994872
vt 0.120110 0.996366
vt 0.619869 0.091440
vt 0.564250 0.076536
vt 0.635260 0.074247
vt 0.377872 0.747160
vt 0.436085 0.766075
vt 0.372738 0.763406
vt 0.473219 0.816848
vt 0.491058 0.824212
vt 0.473219 0.831191
vt 0.542190 0.990789
vt 0.563693 0.990789
vt 0.555914 0.993525
vt 0.740016 0.009617
vt 0.732560 0.013183
vt 0.728612 0.001033
vt 0.088388 0.535369
vt 0.094945 0.517355
vt 0.093874 0.560096
vt 0.993656 0.378302
vt 0.826771 0.997546
vt 0.821706 0.993866
vt 0.826824 0.987748
vt 0.428896 0.984450
vt 0.419115 0.988010
vt 0.405418 0.984049
vt 0.948194 0.181486
vt 0.947167 0.162344
vt 0.952529 0.165307
vt 0.976062 0.043097
vt 0.968792 0.038319
vt 0.976796 0.032714
vt 0.739640 0.001883
vt 0.208406 0.422111
vt 0.396533 0.733837
vt 0.378525 0.743626
vt 0.371455 0.720501
vt 0.513013 0.821526
vt 0.683935 0.645575
vt 0.629181 0.005375
vt 0.621515 0.009205
vt 0.615426 0.001125
vt 0.224366 0.407577
vt 0.324954 0.480658
vt 0.221614 0.478627
vt 0.856389 0.012309
vt 0.209433 0.467522
vt 0.286190 0.851365
vt 0.247369 0.858210
vt 0.235378 0.849143
vt 0.071603 0.784924
vt 0.075198 0.829291
vt 0.527271 0.821463
vt 0.513351 0.828305
vt 0.925119 0.982134
vt 0.860306 0.019368
vt 0.069977 0.543955
vt 0.060473 0.525165
vt 0.064596 0.518024
vt 0.305753 0.942701
vt 0.969258 0.019159
vt 0.706957 0.439894
vt 0.804848 0.011764
vt 0.790740 0.011764
vt 0.791944 0.000981
vt 0.409290 0.990106
vt 0.385808 0.990106
vt 0.403720 0.983424
vt 0.979065 0.410788
vt 0.985275 0.429898
vt 0.968157 0.429447
vt 0.615499 0.006542
vt 0.041466 0.539291
vt 0.957793 0.139352
vt 0.145727 0.963164
vt 0.147901 0.958501
vt 0.147409 0.969440
vt 0.995652 0.108206
vt 0.989783 0.100128
vt 0.999433 0.100192
vt 0.044029 0.635632
vt 0.037056 0.632575
vt 0.038391 0.617309
vt 0.421007 0.993505
vt 0.143788 0.103089
vt 0.159781 0.108058
vt 0.675649 0.914979
vt 0.947536 0.395636
vt 0.961261 0.408350
vt 0.945396 0.406097
vt 0.415443 0.891515
vt 0.371321 0.891515
vt 0.403123 0.886426
vt 0.524028 0.989708
vt 0.532345 0.989708
vt 0.526395 0.997547
vt 0.289038 0.000009
vt 0.233771 0.861022
vt 0.233721 0.884567
vt 0.217370 0.884567
vt 0.297544 0.000271
vt 0.096543 0.407183
vt 0.077477 0.407183
vt 0.092437 0.367327
vt 0.976735 0.307396
vt 0.957960 0.321036
vt 0.957579 0.307511
vt 0.436113 0.340236
vt 0.420010 0.373711
vt 0.932217 0.004389
vt 0.930409 0.000513
vt 0.947042 0.000513
vt 0.931588 0.137760
vt 0.945335 0.135336
vt 0.949294 0.138683
vt 0.174479 0.941873
vt 0.184803 0.947833
vt 0.153923 0.946439
vt 0.279225 0.903544
vt 0.299767 0.913123
vt 0.258076 0.913096
vt 0.596309 0.903158
vt 0.605698 0.897737
vt 0.606430 0.911752
vt 0.522190 0.995898
vt 0.513241 0.989396
vt 0.523524 0.990093
vt 0.002679 0.372920
vt 0.008445 0.368731
vt 0.010557 0.378818
vt 0.117621 0.379000
vt 0.519802 0.044088
vt 0.483066 0.018952
vt 0.517058 0.031178
vt 0.907239 0.386210
vt 0.899215 0.431714
vt 0.898644 0.376129
vt 0.832806 0.522051
vt 0.824889 0.488276
vt 0.832806 0.502933
vt 0.832600 0.496900
vt 0.822778 0.482874
vt 0.833104 0.430061
vt 0.821606 0.555037
vt 0.832221 0.541600
vt 0.089706 0.971182
vt 0.097305 0.960330
vt 0.098039 0.982807
vt 0.956179 0.187609
vt 0.959696 0.174833
vt 0.831463 0.555351
vt 0.709645 0.925312
vt 0.435472 0.771612
vt 0.494921 0.771612
vt 0.487143 0.783290
vt 0.979956 0.373355
vt 0.985736 0.355566
vt 0.991123 0.368689
vt 0.660896 0.972754
vt 0.683712 0.965341
vt 0.676738 0.982698
vt 0.960819 0.995943
vt 0.967353 0.991368
vt 0.976926 0.996377
vt 0.260006 0.498987
vt 0.326928 0.495096
vt 0.615600 0.015051
vt 0.550317 0.779010
vt 0.569482 0.779217
vt 0.551496 0.785695
vt 0.508950 0.784204
vt 0.084324 0.691311
vt 0.103122 0.005757
vt 0.113679 0.001121
vt 0.114035 0.009302
vt 0.137546 0.085257
vt 0.031395 0.364745
vt 0.043605 0.364745
vt 0.037133 0.367608
vt 0.000094 0.926681
vt 0.003337 0.931145
vt 0.000648 0.933123
vt 0.587149 0.850997
vt 0.611160 0.857430
vt 0.561879 0.858807
vt 0.552843 0.858198
vt 0.503529 0.858198
vt 0.527357 0.851115
vt 0.104886 0.000011
vt 0.218660 0.472106
vt 0.017041 0.230792
vt 0.021633 0.220184
vt 0.027954 0.227247
vt 0.349603 0.837195
vt 0.770117 0.909729
vt 0.770117 0.873605
vt 0.775471 0.908177
vt 0.891851 0.982869
vt 0.912560 0.982869
vt 0.911126 0.993601
vt 0.951769 0.920834
vt 0.947093 0.916911
vt 0.968103 0.917126
vt 0.705702 0.774641
vt 0.135207 0.415135
vt 0.975025 0.587266
vt 0.978900 0.595577
vt 0.957374 0.595110
vt 0.579789 0.852332
vt 0.536672 0.852332
vt 0.530505 0.850609
vt 0.168619 0.084015
vt 0.912942 0.670355
vt 0.933627 0.661998
vt 0.917487 0.708591
vt 0.201517 0.862094
vt 0.099913 0.013203
vt 0.082906 0.012609
vt 0.100918 0.006405
vt 0.717493 0.774785
vt 0.485223 0.979963
vt 0.490599 0.996507
vt 0.469205 0.994971
vt 0.889704 0.959343
vt 0.873675 0.968598
vt 0.862747 0.959366
vt 0.100221 0.408194
vt 0.094627 0.376464
vt 0.101452 0.365826
vt 0.785690 0.157210
vt 0.772128 0.154819
vt 0.785438 0.141315
vt 0.008917 0.221071
vt 0.446822 0.946656
vt 0.454859 0.950403
vt 0.422592 0.949776
vt 0.441200 0.991731
vt 0.452404 0.997064
vt 0.443256 0.997378
vt 0.820906 0.877045
vt 0.779321 0.890557
vt 0.777133 0.846208
vt 0.240976 0.481647
vt 0.752571 0.154580
vt 0.663899 0.657166
vt 0.591418 0.639094
vt 0.678190 0.639161
vt 0.068260 0.544624
vt 0.081979 0.561125
vt 0.071985 0.565747
vt 0.510134 0.015275
vt 0.061764 0.814641
vt 0.059804 0.837044
vt 0.060860 0.798250
vt 0.957188 0.423040
vt 0.070899 0.508496
vt 0.179305 0.783196
vt 0.190035 0.772310
vt 0.129735 0.002998
vt 0.125574 0.015591
vt 0.118428 0.008760
vt 0.985598 0.279705
vt 0.977671 0.275129
vt 0.992917 0.274707
vt 0.016266 0.635366
vt 0.660882 0.155009
vt 0.658283 0.176089
vt 0.627710 0.179527
vt 0.619067 0.166075
vt 0.745379 0.137510
vt 0.767995 0.133966
vt 0.620484 0.912166
vt 0.053958 0.268752
vt 0.082088 0.253592
vt 0.088199 0.270381
vt 0.179383 0.760021
vt 0.939779 0.419627
vt 0.935690 0.403577
vt 0.493439 0.903547
vt 0.469850 0.911699
vt 0.472449 0.899086
vt 0.011637 0.653159
vt 0.011637 0.668410
vt 0.004539 0.660039
vt 0.707447 0.152005
vt 0.635349 0.934325
vt 0.669063 0.934325
vt 0.647683 0.936263
vt 0.108117 0.996325
vt 0.091672 0.996325
vt 0.091393 0.977204
vt 0.025214 0.059512
vt 0.031628 0.056521
vt 0.035570 0.059655
vt 0.142635 0.357627
vt 0.823610 0.918367
vt 0.861685 0.918367
vt 0.831947 0.920848
vt 0.028329 0.223434
vt 0.068121 0.797655
vt 0.068121 0.836658
vt 0.062271 0.821918
vt 0.547817 0.025684
vt 0.534979 0.047960
vt 0.387740 0.714816
vt 0.177409 0.096732
vt 0.443105 0.988406
vt 0.999881 0.818959
vt 0.990805 0.818959
vt 0.997551 0.809473
vt 0.975798 0.253366
vt 0.958516 0.240809
vt 0.975708 0.240752
vt 0.009108 0.038253
vt 0.009108 0.048021
vt 0.002656 0.046930
vt 0.402822 0.833893
vt 0.061044 0.222858
vt 0.033564 0.222858
vt 0.044311 0.213416
vt 0.071768 0.090577
vt 0.095691 0.077317
vt 0.077712 0.102764
vt 0.036181 0.218881
vt 0.031677 0.214796
vt 0.775141 0.132808
vt 0.794326 0.133862
vt 0.791444 0.143910
vt 0.024272 0.217401
vt 0.988669 0.206113
vt 0.983452 0.209766
vt 0.978978 0.205921
vt 0.595822 0.891265
vt 0.626919 0.893205
vt 0.204756 0.884538
vt 0.093135 0.000760
vt 0.085883 0.002704
vt 0.082355 0.000238
vt 0.080048 0.053471
vt 0.094832 0.021767
vt 0.095933 0.063037
vt 0.115235 0.914803
vt 0.153038 0.907488
vt 0.131618 0.916236
vt 0.659952 0.997993
vt 0.653608 0.989262
vt 0.664529 0.989656
vt 0.382058 0.430144
vt 0.414045 0.416270
vt 0.447864 0.439950
vt 0.611194 0.004159
vt 0.614571 0.014552
vt 0.610429 0.014959
vt 0.953552 0.067925
vt 0.945263 0.035591
vt 0.959791 0.029424
vt 0.051507 0.239423
vt 0.013539 0.844917
vt 0.009991 0.837308
vt 0.013487 0.816358
vt 0.222205 0.990919
vt 0.228285 0.990919
vt 0.224473 0.998296
vt 0.838732 0.125138
vt 0.860056 0.130852
vt 0.826992 0.148012
vt 0.116834 0.002546
vt 0.670322 0.000979
vt 0.664788 0.003201
vt 0.667037 0.000099
vt 0.499354 0.886092
vt 0.477670 0.884195
vt 0.524781 0.883026
vt 0.453898 0.989069
vt 0.384256 0.428174
vt 0.325741 0.438492
vt 0.256430 0.429773
vt 0.619879 0.882595
vt 0.580725 0.893086
vt 0.572768 0.881424
vt 0.923887 0.981694
vt 0.906943 0.973793
vt 0.931782 0.972717
vt 0.068408 0.362422
vt 0.090166 0.369491
vt 0.065226 0.400029
vt 0.386967 0.705610
vt 0.296569 0.974832
vt 0.293147 0.972436
vt 0.319598 0.972227
vt 0.082548 0.733740
vt 0.070686 0.701151
vt 0.083235 0.695672
vt 0.635611 0.880983
vt 0.642571 0.893037
vt 0.596155 0.890269
vt 0.346801 0.037743
vt 0.305114 0.022570
vt 0.357446 0.022551
vt 0.238735 0.971644
vt 0.265186 0.971644
vt 0.257184 0.976395
vt 0.431297 0.010623
vt 0.430089 0.003001
vt 0.438048 0.001141
vt 0.982043 0.210403
vt 0.998350 0.210403
vt 0.990341 0.219009
vt 0.721493 0.265386
vt 0.714899 0.267993
vt 0.865454 0.159754
vt 0.335119 0.743585
vt 0.072261 0.069344
vt 0.002184 0.676845
vt 0.008528 0.666782
vt 0.012522 0.676845
vt 0.002189 0.668782
vt 0.580681 0.705388
vt 0.487456 0.705388
vt 0.573584 0.667161
vt 0.967199 0.874222
vt 0.970034 0.874083
vt 0.965284 0.881229
vt 0.984635 0.821878
vt 0.981112 0.834164
vt 0.981877 0.811914
vt 0.992418 0.819769
vt 0.677752 0.584991
vt 0.018763 0.367495
vt 0.016674 0.363877
vt 0.025973 0.363976
vt 0.632168 0.003125
vt 0.635211 0.006169
vt 0.631946 0.014032
vt 0.993433 0.140689
vt 0.985394 0.135060
vt 0.997441 0.135038
vt 0.997939 0.141433
vt 0.979060 0.096050
vt 0.979060 0.093656
vt 0.988097 0.093829
vt 0.993548 0.253505
vt 0.993548 0.272965
vt 0.990275 0.258968
vt 0.804950 0.114556
vt 0.818359 0.139424
vt 0.670506 0.011176
vt 0.010365 0.793968
vt 0.005655 0.793137
vt 0.011746 0.782503
vt 0.960657 0.575547
vt 0.951784 0.608658
vt 0.933461 0.564296
vt 0.362795 0.434057
vt 0.599051 0.992010
vt 0.597228 0.986399
vt 0.611595 0.985932
vt 0.939719 0.024232
vt 0.999952 0.361750
vt 0.989754 0.361750
vt 0.996449 0.351485
vt 0.826702 0.180419
vt 0.108778 0.116234
vt 0.113580 0.171115
vt 0.105538 0.177884
vt 0.633299 0.902191
vt 0.174860 0.968361
vt 0.174860 0.981639
vt 0.172199 0.971123
vt 0.908633 0.622101
vt 0.906246 0.668539
vt 0.897809 0.640849
vt 0.896270 0.615285
vt 0.002561 0.791726
vt 0.676178 0.176173
vt 0.655491 0.189233
vt 0.391352 0.440946
vt 0.992643 0.043054
vt 0.985789 0.036200
vt 0.991777 0.023613
vt 0.980028 0.872335
vt 0.977878 0.877698
vt 0.965979 0.867290
vt 0.003952 0.186521
vt 0.001473 0.178890
vt 0.010292 0.178675
vt 0.188507 0.866591
vt 0.336859 0.257364
vt 0.355783 0.244113
vt 0.368951 0.345962
vt 0.002788 0.384326
vt 0.002084 0.374264
vt 0.004852 0.385540
vt 0.454110 0.909762
vt 0.836338 0.190549
vt 0.082613 0.582337
vt 0.188287 0.884513
vt 0.412746 0.395085
vt 0.002525 0.253158
vt 0.013371 0.252963
vt 0.005843 0.260273
vt 0.989750 0.311734
vt 0.983058 0.307048
vt 0.993903 0.306894
vt 0.009099 0.871853
vt 0.005664 0.870156
vt 0.009102 0.862783
vt 0.978783 0.929578
vt 0.978783 0.952285
vt 0.971708 0.938358
vt 0.714963 0.022986
vt 0.756650 0.038159
vt 0.698858 0.022146
vt 0.980426 0.768927
vt 0.992124 0.768784
vt 0.982710 0.772883
vt 0.487277 0.016922
vt 0.487277 0.002686
vt 0.494096 0.010205
vt 0.001980 0.782675
vt 0.066897 0.580879
vt 0.701036 0.996443
vt 0.696233 0.989831
vt 0.703277 0.990295
vt 0.014142 0.259980
vt 0.946071 0.435387
vt 0.926974 0.428473
vt 0.436573 0.404217
vt 0.936398 0.610214
vt 0.937644 0.597739
vt 0.730218 0.793590
vt 0.653615 0.474163
vt 0.734908 0.773571
vt 0.069310 0.061484
vt 0.089211 0.062987
vt 0.937579 0.700221
vt 0.919284 0.707613
vt 0.935111 0.661995
vt 0.100789 0.071611
vt 0.988237 0.389042
vt 0.992555 0.381101
vt 0.999998 0.381101
vt 0.358543 0.028004
vt 0.464794 0.997359
vt 0.454967 0.990220
vt 0.466111 0.986464
vt 0.990629 0.772132
vt 0.742676 0.017427
vt 0.753626 0.016276
vt 0.755853 0.035194
vt 0.338736 0.012546
vt 0.338736 0.001670
vt 0.352440 0.010172
vt 0.928081 0.443090
vt 0.009190 0.379491
vt 0.634570 0.893157
vt 0.654693 0.208256
vt 0.622779 0.206321
vt 0.407438 0.035832
vt 0.412175 0.062697
vt 0.383696 0.038915
vt 0.665126 0.200552
vt 0.999776 0.389487
vt 0.980765 0.861379
vt 0.960412 0.439146
vt 0.372945 0.200607
vt 0.474794 0.837196
vt 0.420794 0.837196
vt 0.454394 0.834862
vt 0.563822 0.756685
vt 0.564110 0.753904
vt 0.153392 0.917022
vt 0.739289 0.802219
vt 0.936957 0.564360
vt 0.964023 0.564360
vt 0.963866 0.575346
vt 0.978849 0.514651
vt 0.957426 0.514651
vt 0.962751 0.507898
vt 0.003643 0.862461
vt 0.016174 0.750833
vt 0.004414 0.750833
vt 0.006179 0.744755
vt 0.157182 0.366552
vt 0.010443 0.219980
vt 0.010443 0.194726
vt 0.033185 0.212825
vt 0.076957 0.404735
vt 0.540140 0.004027
vt 0.543894 0.015581
vt 0.528165 0.014584
vt 0.346134 0.446576
vt 0.035647 0.045663
vt 0.035293 0.055807
vt 0.009941 0.055264
vt 0.305553 0.011862
vt 0.313357 0.001120
vt 0.314545 0.013096
vt 0.013282 0.243826
vt 0.022385 0.240869
vt 0.015786 0.263430
vt 0.324259 0.683335
vt 0.350981 0.709939
vt 0.963333 0.597284
vt 0.976864 0.615908
vt 0.965165 0.616932
vt 0.949575 0.352920
vt 0.962779 0.338256
vt 0.972484 0.346293
vt 0.853030 0.465616
vt 0.837847 0.416917
vt 0.847325 0.408964
vt 0.473964 0.449906
vt 0.077659 0.053119
vt 0.819956 0.077658
vt 0.727389 0.989631
vt 0.725487 0.997539
vt 0.716411 0.997539
vt 0.967882 0.111381
vt 0.982118 0.111381
vt 0.976937 0.131756
vt 0.685439 0.019904
vt 0.696796 0.016861
vt 0.733189 0.018674
vt 0.045181 0.044246
vt 0.060393 0.034699
vt 0.054216 0.045516
vt 0.845773 0.541806
vt 0.050656 0.015823
vt 0.044739 0.029817
vt 0.066046 0.015758
vt 0.636342 0.605725
vt 0.320624 0.721079
vt 0.735363 0.773683
vt 0.739615 0.781159
vt 0.896322 0.669664
vt 0.911598 0.706487
vt 0.896250 0.721835
vt 0.002983 0.752582
vt 0.011364 0.752582
vt 0.003448 0.758031
vt 0.013193 0.758692
vt 0.912084 0.668852
vt 0.202120 0.990312
vt 0.213076 0.990312
vt 0.207937 0.996943
vt 0.900275 0.002292
vt 0.885019 0.002292
vt 0.889956 0.001140
vt 0.559164 0.745566
vt 0.418279 0.818374
vt 0.472407 0.817210
vt 0.472407 0.832993
vt 0.420309 0.835731
vt 0.716239 0.984814
vt 0.342237 0.057699
vt 0.298937 0.829248
vt 0.251172 0.829248
vt 0.305201 0.811343
vt 0.437893 0.570354
vt 0.437893 0.557753
vt 0.549433 0.564697
vt 0.882163 0.558028
vt 0.882163 0.616972
vt 0.875680 0.611779
vt 0.030836 0.266975
vt 0.649632 0.462001
vt 0.906385 0.173014
vt 0.889786 0.154036
vt 0.900446 0.156698
vt 0.100004 0.000687
vt 0.103327 0.002237
vt 0.091771 0.002254
vt 0.212873 0.286887
vt 0.226608 0.372809
vt 0.213482 0.398568
vt 0.999947 0.291052
vt 0.999217 0.299401
vt 0.999072 0.285893
vt 0.359923 0.410702
vt 0.232050 0.410702
vt 0.360107 0.402043
vt 0.933905 0.967580
vt 0.955802 0.951671
vt 0.954787 0.970878
vt 0.550038 0.608909
vt 0.582245 0.622329
vt 0.575530 0.638149
vt 0.411155 0.416301
vt 0.415640 0.402973
vt 0.701522 0.428433
vt 0.334453 0.419568
vt 0.533291 0.619161
vt 0.966394 0.209491
vt 0.974782 0.206438
vt 0.981646 0.209739
vt 0.691880 0.038639
vt 0.507940 0.997332
vt 0.510507 0.989433
vt 0.520001 0.995878
vt 0.773579 0.541175
vt 0.789166 0.483003
vt 0.787658 0.572389
vt 0.406084 0.287494
vt 0.466465 0.227113
vt 0.459453 0.377789
vt 0.428556 0.404178
vt 0.839319 0.407160
vt 0.374575 0.235923
vt 0.402445 0.339933
vt 0.368143 0.386626
vt 0.485867 0.609080
vt 0.489140 0.593681
vt 0.582271 0.569841
vt 0.002666 0.615065
vt 0.002666 0.605524
vt 0.011060 0.605701
vt 0.238548 0.561813
vt 0.238548 0.656325
vt 0.218315 0.628417
vt 0.458219 0.540430
vt 0.430469 0.545454
vt 0.284217 0.812019
vt 0.580384 0.640759
vt 0.526180 0.627740
vt 0.490205 0.612470
vt 0.287618 0.977129
vt 0.287618 0.989538
vt 0.265324 0.977457
vt 0.930802 0.136375
vt 0.909783 0.137731
vt 0.930652 0.188625
vt 0.299028 0.017465
vt 0.303529 0.003613
vt 0.304894 0.015088
vt 0.560740 0.753690
vt 0.177475 0.022281
vt 0.205659 0.021297
vt 0.188279 0.045364
vt 0.887739 0.764527
vt 0.859490 0.764034
vt 0.894432 0.719296
vt 0.893628 0.216859
vt 0.898686 0.235313
vt 0.892728 0.269102
vt 0.847421 0.657613
vt 0.839025 0.599968
vt 0.846338 0.598679
vt 0.432592 0.412227
vt 0.834933 0.667498
vt 0.507713 0.614152
vt 0.164221 0.791353
vt 0.906747 0.383601
vt 0.895214 0.351914
vt 0.904792 0.327674
vt 0.884048 0.519132
vt 0.904965 0.260668
vt 0.906782 0.216192
vt 0.905592 0.240977
vt 0.212957 0.412623
vt 0.228926 0.402875
vt 0.158352 0.789640
vt 0.964823 0.862933
vt 0.968184 0.863098
vt 0.441118 0.012828
vt 0.446548 0.022234
vt 0.427539 0.022442
vt 0.435571 0.012550
vt 0.552326 0.642710
vt 0.427534 0.010891
vt 0.446976 0.012165
vt 0.856270 0.410287
vt 0.725583 0.743828
vt 0.775397 0.768124
vt 0.770715 0.782153
vt 0.519780 0.017048
vt 0.520614 0.015259
vt 0.579730 0.018564
vt 0.073166 0.002446
vt 0.080394 0.000509
vt 0.083696 0.002922
vt 0.485892 0.610714
vt 0.020859 0.422493
vt 0.005611 0.427447
vt 0.007605 0.400984
vt 0.568429 0.029066
vt 0.568429 0.021270
vt 0.623851 0.029284
vt 0.992228 0.127422
vt 0.982387 0.131199
vt 0.994339 0.122488
vt 0.998478 0.126296
vt 0.998496 0.130104
vt 0.805804 0.985807
vt 0.802719 0.991151
vt 0.802529 0.983358
vt 0.995294 0.120762
vt 0.622810 0.991478
vt 0.620982 0.994818
vt 0.616005 0.991067
vt 0.640750 0.233654
vt 0.040836 0.000896
vt 0.048251 0.000193
vt 0.045918 0.002258
vt 0.858107 0.405957
vt 0.865979 0.459436
vt 0.858170 0.457502
vt 0.658341 0.218028
vt 0.615590 0.996418
vt 0.612484 0.984464
vt 0.972819 0.859947
vt 0.558572 0.762043
vt 0.300415 0.990388
vt 0.298942 0.998741
vt 0.290338 0.990224
vt 0.676833 0.995937
vt 0.671171 0.994098
vt 0.677359 0.990337
vt 0.878261 0.996414
vt 0.864876 0.996414
vt 0.867957 0.983488
vt 0.135794 0.944353
vt 0.129704 0.947804
vt 0.109959 0.947804
vt 0.142364 0.084124
vt 0.151238 0.064620
vt 0.209912 0.080341
vt 0.213028 0.063425
vt 0.324868 0.021464
vt 0.305866 0.022036
vt 0.321144 0.015014
vt 0.046622 0.964481
vt 0.053406 0.961460
vt 0.047035 0.981677
vt 0.741894 0.977738
vt 0.741894 0.962948
vt 0.744871 0.965752
vt 0.060693 0.855449
vt 0.038327 0.873411
vt 0.040456 0.857219
vt 0.057923 0.871837
vt 0.910049 0.327190
vt 0.910049 0.382614
vt 0.058951 0.840804
vt 0.989131 0.443287
vt 0.989131 0.447890
vt 0.979006 0.447091
vt 0.809473 0.976313
vt 0.831352 0.960942
vt 0.826129 0.969243
vt 0.267567 0.812680
vt 0.046526 0.134526
vt 0.042183 0.164163
vt 0.037053 0.137064
vt 0.039190 0.842709
vt 0.019793 0.163139
vt 0.281817 0.805556
vt 0.996457 0.595917
vt 0.980994 0.595917
vt 0.991829 0.589867
vt 0.003076 0.363200
vt 0.003076 0.353467
vt 0.013591 0.362849
vt 0.169454 0.034370
vt 0.140734 0.032507
vt 0.927774 0.018304
vt 0.897716 0.020363
vt 0.897716 0.016014
vt 0.806316 0.993908
vt 0.802508 0.993908
vt 0.806280 0.987955
vt 0.090599 0.991715
vt 0.082395 0.995540
vt 0.071656 0.991807
vt 0.019160 0.134367
vt 0.020916 0.000576
vt 0.024864 0.002855
vt 0.015822 0.002788
vt 0.977181 0.747929
vt 0.995994 0.730006
vt 0.995994 0.747929
vt 0.516283 0.936224
vt 0.516193 0.916717
vt 0.548856 0.916717
vt 0.549984 0.934638
vt 0.977045 0.728541
vt 0.163808 0.786768
vt 0.180135 0.988056
vt 0.180135 0.975179
vt 0.202218 0.985466
vt 0.897126 0.000668
vt 0.913168 0.000668
vt 0.905454 0.002273
vt 0.746170 0.837428
vt 0.757334 0.813488
vt 0.758732 0.844963
vt 0.004040 0.134383
vt 0.009846 0.135403
vt 0.004380 0.150421
vt 0.140531 0.947712
vt 0.913648 0.015911
vt 0.710080 0.990759
vt 0.708107 0.996831
vt 0.704136 0.990424
vt 0.038114 0.851565
vt 0.036518 0.873922
vt 0.031060 0.855638
vt 0.956056 0.298149
vt 0.967563 0.304792
vt 0.943221 0.303966
vt 0.688255 0.984615
vt 0.688255 0.970287
vt 0.693118 0.976674
vt 0.964841 0.678757
vt 0.965147 0.704068
vt 0.939721 0.701843
vt 0.937374 0.677141
vt 0.552092 0.752386
vt 0.107613 0.899683
vt 0.082928 0.899951
vt 0.082928 0.872108
vt 0.107900 0.882051
vt 0.259550 0.812259
vt 0.615689 0.222322
vt 0.011681 0.816634
vt 0.002534 0.816634
vt 0.008552 0.809837
vt 0.125405 0.892640
vt 0.680713 0.827277
vt 0.649997 0.845011
vt 0.629581 0.827048
vt 0.106287 0.758548
vt 0.106287 0.800711
vt 0.080310 0.758686
vt 0.207795 0.030345
vt 0.325181 0.989703
vt 0.309424 0.982356
vt 0.332733 0.982379
vt 0.462655 0.936426
vt 0.445493 0.941025
vt 0.429992 0.936699
vt 0.937304 0.721394
vt 0.963036 0.722369
vt 0.009954 0.873307
vt 0.662569 0.225658
vt 0.560921 0.025366
vt 0.351699 0.912244
vt 0.364420 0.908835
vt 0.391438 0.909985
vt 0.963196 0.005258
vt 0.949119 0.001486
vt 0.965097 0.001114
vt 0.003610 0.729621
vt 0.011586 0.729621
vt 0.006187 0.739006
vt 0.406845 0.002026
vt 0.406845 0.007288
vt 0.401979 0.006617
vt 0.837780 0.897830
vt 0.869292 0.878546
vt 0.879867 0.896861
vt 0.701746 0.917415
vt 0.687259 0.897475
vt 0.732348 0.893860
vt 0.979089 0.092943
vt 0.979089 0.086975
vt 0.991989 0.091400
vt 0.704115 0.395111
vt 0.749023 0.391182
vt 0.708794 0.426822
vt 0.988830 0.116133
vt 0.984379 0.110828
vt 0.996994 0.110979
vt 0.015078 0.137266
vt 0.016089 0.112855
vt 0.016089 0.136165
vt 0.006460 0.114273
vt 0.959018 0.441889
vt 0.972845 0.460920
vt 0.961817 0.461542
vt 0.991714 0.086450
vt 0.595389 0.995460
vt 0.588813 0.986409
vt 0.595991 0.986402
vt 0.003399 0.905599
vt 0.001525 0.912593
vt 0.001503 0.905054
vt 0.787246 0.961039
vt 0.757852 0.961039
vt 0.779470 0.954647
vt 0.289781 0.998991
vt 0.374298 0.031028
vt 0.789022 0.391222
vt 0.742418 0.445204
vt 0.699728 0.707173
vt 0.699728 0.668953
vt 0.746384 0.714018
vt 0.010602 0.845819
vt 0.357822 0.012786
vt 0.358632 0.022045
vt 0.352045 0.011285
vt 0.978721 0.676239
vt 0.978480 0.669349
vt 0.995049 0.675931
vt 0.678428 0.253264
vt 0.676433 0.260187
vt 0.422346 0.416557
vt 0.631271 0.780941
vt 0.645395 0.780941
vt 0.631092 0.791091
vt 0.305525 0.013258
vt 0.162993 0.859605
vt 0.113967 0.859605
vt 0.134149 0.837454
vt 0.346346 0.918282
vt 0.326228 0.935771
vt 0.339189 0.912268
vt 0.656888 0.245334
vt 0.027966 0.966919
vt 0.005128 0.434028
vt 0.011924 0.429091
vt 0.011924 0.444162
vt 0.050831 0.002251
vt 0.311497 0.929462
vt 0.707326 0.892021
vt 0.712885 0.889360
vt 0.721442 0.892475
vt 0.019689 0.417852
vt 0.042076 0.401586
vt 0.038683 0.418512
vt 0.685416 0.000588
vt 0.697428 0.000588
vt 0.687971 0.011667
vt 0.804922 0.962101
vt 0.953847 0.624102
vt 0.926225 0.624371
vt 0.943367 0.613249
vt 0.788433 0.421175
vt 0.088721 0.972621
vt 0.078173 0.987139
vt 0.062259 0.970214
vt 0.187077 0.011473
vt 0.183596 0.012087
vt 0.187745 0.004580
vt 0.995468 0.842840
vt 0.995468 0.860102
vt 0.977571 0.843812
vt 0.004954 0.028166
vt 0.008603 0.017180
vt 0.010633 0.025396
vt 0.026288 0.489790
vt 0.035695 0.506760
vt 0.013815 0.496919
vt 0.391165 0.952645
vt 0.391165 0.976767
vt 0.382364 0.964182
vt 0.169690 0.986570
vt 0.156439 0.968332
vt 0.171502 0.969186
vt 0.030281 0.475102
vt 0.975538 0.201737
vt 0.993580 0.204305
vt 0.984391 0.205314
vt 0.016672 0.133448
vt 0.025588 0.119690
vt 0.025500 0.131892
vt 0.705001 0.883506
vt 0.718194 0.885245
vt 0.854119 0.469533
vt 0.038575 0.845686
vt 0.909069 0.327095
vt 0.909069 0.382708
vt 0.003947 0.177295
vt 0.003947 0.157018
vt 0.028896 0.168493
vt 0.881707 0.005363
vt 0.872778 0.002970
vt 0.890948 0.003260
vt 0.012124 0.020670
vt 0.069764 0.001948
vt 0.066413 0.000013
vt 0.076725 0.000312
vt 0.978411 0.211387
vt 0.978411 0.230965
vt 0.959334 0.211672
vt 0.033413 0.133710
vt 0.426998 0.941681
vt 0.459277 0.941681
vt 0.453388 0.947044
vt 0.500313 0.647335
vt 0.607625 0.954830
vt 0.605793 0.935322
vt 0.609390 0.953422
vt 0.959742 0.761787
vt 0.939310 0.762144
vt 0.930944 0.725601
vt 0.993619 0.006362
vt 0.984591 0.012684
vt 0.976479 0.005943
vt 0.999426 0.313155
vt 0.990280 0.313155
vt 0.995887 0.306943
vt 0.472597 0.569182
vt 0.494930 0.572808
vt 0.487537 0.588661
vt 0.079988 0.800766
vt 0.667463 0.145357
vt 0.678237 0.154397
vt 0.631027 0.154173
vt 0.977545 0.046691
vt 0.978340 0.065754
vt 0.954503 0.069957
vt 0.788161 0.014885
vt 0.788161 0.022860
vt 0.768701 0.020410
vt 0.183334 0.005477
vt 0.496275 0.975436
vt 0.477546 0.970065
vt 0.505788 0.958638
vt 0.062572 0.972554
vt 0.075386 0.990191
vt 0.059908 0.987237
vt 0.971579 0.940915
vt 0.978421 0.955589
vt 0.971841 0.963497
vt 0.926055 0.659790
vt 0.222616 0.974346
vt 0.216315 0.970096
vt 0.231613 0.967733
vt 0.754845 0.121739
vt 0.759143 0.103125
vt 0.772050 0.124817
vt 0.014007 0.024138
vt 0.882528 0.085187
vt 0.899182 0.033931
vt 0.908159 0.079296
vt 0.711950 0.104454
vt 0.850583 0.398110
vt 0.204748 0.053703
vt 0.103374 0.284157
vt 0.084859 0.257715
vt 0.103376 0.241823
vt 0.770828 0.112761
vt 0.157390 0.154101
vt 0.219081 0.174145
vt 0.161615 0.207129
vt 0.957997 0.047781
vt 0.732894 0.737517
vt 0.705397 0.714444
vt 0.789211 0.732153
vt 0.253793 0.408193
vt 0.493114 0.950054
vt 0.857876 0.527974
vt 0.859967 0.504075
vt 0.882282 0.528426
vt 0.022980 0.076952
vt 0.004961 0.076952
vt 0.007908 0.061773
vt 0.927565 0.913496
vt 0.925632 0.891406
vt 0.964074 0.911908
vt 0.299782 0.546404
vt 0.274428 0.546505
vt 0.283659 0.532875
vt 0.554090 0.031671
vt 0.787923 0.454764
vt 0.959808 0.893257
vt 0.634308 0.948320
vt 0.618432 0.955246
vt 0.615165 0.948317
vt 0.787560 0.114125
vt 0.790987 0.662871
vt 0.803231 0.667475
vt 0.796361 0.668245
vt 0.959573 0.235182
vt 0.017875 0.989939
vt 0.036047 0.989939
vt 0.028222 0.995355
vt 0.433573 0.951013
vt 0.462505 0.951013
vt 0.443168 0.959771
vt 0.637853 0.245388
vt 0.642039 0.281202
vt 0.635447 0.282969
vt 0.805451 0.276274
vt 0.791682 0.224891
vt 0.806357 0.194805
vt 0.490084 0.702953
vt 0.442191 0.709624
vt 0.414453 0.663460
vt 0.059912 0.224487
vt 0.083715 0.213388
vt 0.060018 0.238315
vt 0.450510 0.642854
vt 0.468318 0.606062
vt 0.521966 0.679626
vt 0.028487 0.459228
vt 0.026062 0.452563
vt 0.052860 0.452537
vt 0.979343 0.078974
vt 0.990244 0.078496
vt 0.018575 0.025550
vt 0.997571 0.042316
vt 0.998893 0.034820
vt 0.998998 0.049003
vt 0.562044 0.892373
vt 0.548503 0.915960
vt 0.529791 0.893660
vt 0.022492 0.346331
vt 0.013299 0.349318
vt 0.012802 0.345780
vt 0.643594 0.887777
vt 0.647993 0.919755
vt 0.643326 0.925949
vt 0.036660 0.617087
vt 0.015194 0.632683
vt 0.012850 0.600651
vt 0.417540 0.638585
vt 0.381169 0.635048
vt 0.397251 0.614405
vt 0.655053 0.245191
vt 0.805565 0.780344
vt 0.825454 0.790064
vt 0.805565 0.790186
vt 0.072736 0.126636
vt 0.106186 0.150938
vt 0.074853 0.178266
vt 0.960666 0.430786
vt 0.964257 0.428454
vt 0.965321 0.438338
vt 0.964347 0.422417
vt 0.958565 0.424146
vt 0.960855 0.414869
vt 0.028830 0.348131
vt 0.050843 0.364124
vt 0.020236 0.362368
vt 0.981105 0.142358
vt 0.989840 0.142205
vt 0.982150 0.146260
vt 0.268235 0.008829
vt 0.274619 0.001159
vt 0.280190 0.000671
vt 0.281274 0.009133
vt 0.268476 0.001900
vt 0.272142 0.549104
vt 0.291558 0.547819
vt 0.292168 0.573573
vt 0.178396 0.774301
vt 0.116211 0.774301
vt 0.173422 0.734386
vt 0.778287 0.996024
vt 0.773806 0.989560
vt 0.777743 0.987724
vt 0.881127 0.504231
vt 0.221136 0.960599
vt 0.202745 0.012446
vt 0.202745 0.020309
vt 0.189750 0.013555
vt 0.006125 0.034781
vt 0.864043 0.779422
vt 0.524309 0.014500
vt 0.519808 0.014500
vt 0.521648 0.002167
vt 0.030830 0.970821
vt 0.044025 0.988983
vt 0.019210 0.988586
vt 0.786916 0.647866
vt 0.963661 0.648921
vt 0.953325 0.663683
vt 0.949575 0.642543
vt 0.273033 0.148541
vt 0.223521 0.166561
vt 0.292087 0.131968
vt 0.142693 0.997903
vt 0.141859 0.988372
vt 0.152748 0.997683
vt 0.984911 0.196432
vt 0.672360 0.916325
vt 0.454834 0.612885
vt 0.064133 0.395462
vt 0.049682 0.390767
vt 0.067475 0.361401
vt 0.082025 0.250828
vt 0.961927 0.439543
vt 0.998277 0.579826
vt 0.987673 0.578830
vt 0.985309 0.572335
vt 0.706718 0.151717
vt 0.665664 0.109983
vt 0.286303 0.027540
vt 0.283831 0.039455
vt 0.279675 0.029145
vt 0.234175 0.953596
vt 0.269284 0.174671
vt 0.411598 0.174671
vt 0.315446 0.236113
vt 0.022338 0.892314
vt 0.022338 0.920921
vt 0.012956 0.904204
vt 0.705533 0.107858
vt 0.381031 0.621130
vt 0.781830 0.715557
vt 0.981557 0.343259
vt 0.998345 0.343259
vt 0.989320 0.360172
vt 0.004167 0.688549
vt 0.001549 0.680603
vt 0.006473 0.684859
vt 0.348109 0.022049
vt 0.760347 0.003518
vt 0.764979 0.016244
vt 0.759531 0.020992
vt 0.995940 0.543886
vt 0.983472 0.543886
vt 0.987762 0.538957
vt 0.373140 0.103160
vt 0.438339 0.103160
vt 0.386479 0.155339
vt 0.843919 0.877170
vt 0.710814 0.990919
vt 0.715166 0.990919
vt 0.713953 0.996336
vt 0.710171 0.015593
vt 0.704440 0.002469
vt 0.711246 0.009500
vt 0.152133 0.988580
vt 0.020269 0.122129
vt 0.015458 0.287345
vt 0.015458 0.312164
vt 0.008561 0.292974
vt 0.975259 0.435237
vt 0.997327 0.142514
vt 0.992889 0.150932
vt 0.704681 0.016648
vt 0.510204 0.571123
vt 0.008180 0.548791
vt 0.000110 0.548791
vt 0.008223 0.540425
vt 0.669549 0.905201
vt 0.664395 0.897840
vt 0.693036 0.893389
vt 0.981901 0.615429
vt 0.998085 0.633101
vt 0.981901 0.632989
vt 0.480482 0.737253
vt 0.521702 0.729985
vt 0.559714 0.740113
vt 0.041588 0.400203
vt 0.019208 0.416463
vt 0.012333 0.402952
vt 0.971853 0.503902
vt 0.958348 0.485314
vt 0.977437 0.486450
vt 0.009558 0.368382
vt 0.028677 0.368382
vt 0.015748 0.395343
vt 0.750391 0.885892
vt 0.978255 0.487805
vt 0.985220 0.487805
vt 0.976648 0.494002
vt 0.803307 0.743501
vt 0.773943 0.004101
vt 0.782123 0.015361
vt 0.763955 0.020408
vt 0.145947 0.792847
vt 0.190604 0.800722
vt 0.133906 0.801270
vt 0.779397 0.981918
vt 0.771584 0.982108
vt 0.016947 0.113561
vt 0.362056 0.968051
vt 0.334023 0.968051
vt 0.343604 0.945184
vt 0.145234 0.920831
vt 0.165544 0.935052
vt 0.132005 0.934635
vt 0.358401 0.631960
vt 0.360859 0.615692
vt 0.421819 0.091942
vt 0.418327 0.088450
vt 0.491477 0.089881
vt 0.400112 0.990889
vt 0.406751 0.990889
vt 0.404966 0.997346
vt 0.748515 0.647747
vt 0.414884 0.006532
vt 0.419478 0.000209
vt 0.427763 0.007634
vt 0.993941 0.489293
vt 0.993552 0.494058
vt 0.998515 0.564292
vt 0.984881 0.493665
vt 0.229430 0.987929
vt 0.235276 0.992177
vt 0.230975 0.997855
vt 0.967855 0.722213
vt 0.979694 0.705918
vt 0.979361 0.722513
vt 0.026735 0.450812
vt 0.956019 0.676463
vt 0.930441 0.656529
vt 0.945786 0.641710
vt 0.981372 0.279187
vt 0.960785 0.279187
vt 0.966031 0.268852
vt 0.099769 0.958751
vt 0.091228 0.941987
vt 0.108282 0.930955
vt 0.034917 0.479889
vt 0.041151 0.462758
vt 0.065574 0.479859
vt 0.357018 0.989312
vt 0.363570 0.991577
vt 0.358180 0.994781
vt 0.179714 0.240997
vt 0.870239 0.925660
vt 0.903780 0.925660
vt 0.886202 0.936105
vt 0.278113 0.041948
vt 0.467655 0.006881
vt 0.480997 0.020507
vt 0.467655 0.022041
vt 0.486756 0.007275
vt 0.034309 0.105996
vt 0.960122 0.638084
vt 0.523250 0.914918
vt 0.343826 0.016450
vt 0.788507 0.710712
vt 0.184089 0.020887
vt 0.183530 0.012837
vt 0.083450 0.340487
vt 0.095953 0.302007
vt 0.101844 0.345542
vt 0.009235 0.678118
vt 0.119965 0.012243
vt 0.104486 0.023489
vt 0.101603 0.006903
vt 0.327435 0.833236
vt 0.312507 0.825907
vt 0.320850 0.819116
vt 0.217605 0.514441
vt 0.215960 0.533900
vt 0.206415 0.533900
vt 0.000055 0.950954
vt 0.000290 0.948221
vt 0.003275 0.948221
vt 0.217448 0.591442
vt 0.368075 0.006589
vt 0.359376 0.018564
vt 0.361436 0.001534
vt 0.056604 0.649816
vt 0.056604 0.612929
vt 0.086533 0.649486
vt 0.611953 0.956162
vt 0.919251 0.618005
vt 0.919251 0.569249
vt 0.935161 0.617195
vt 0.000147 0.540554
vt 0.206848 0.514615
vt 0.014902 0.015389
vt 0.039509 0.015389
vt 0.014965 0.020395
vt 0.625633 0.356407
vt 0.673877 0.394923
vt 0.640156 0.407055
vt 0.934360 0.580317
vt 0.490993 0.585766
vt 0.497734 0.588069
vt 0.426988 0.989324
vt 0.438698 0.989324
vt 0.431649 0.996461
vt 0.148126 0.724718
vt 0.095009 0.650113
vt 0.095009 0.690573
vt 0.075089 0.652587
vt 0.057711 0.463195
vt 0.443126 0.887815
vt 0.456232 0.890126
vt 0.410925 0.888221
vt 0.213306 0.132212
vt 0.018098 0.318318
vt 0.026287 0.343522
vt 0.009987 0.344917
vt 0.362836 0.996472
vt 0.286842 0.891511
vt 0.289948 0.876894
vt 0.326884 0.876136
vt 0.990281 0.194686
vt 0.791316 0.022600
vt 0.791316 0.012542
vt 0.807564 0.024887
vt 0.244323 0.005756
vt 0.248814 0.002492
vt 0.248573 0.008292
vt 0.048379 0.188834
vt 0.029443 0.171061
vt 0.042475 0.170664
vt 0.021720 0.202376
vt 0.056872 0.002816
vt 0.064602 0.000003
vt 0.067147 0.002939
vt 0.662870 0.967139
vt 0.682264 0.963720
vt 0.662318 0.970985
vt 0.811135 0.012368
vt 0.334411 0.810415
vt 0.086256 0.111663
vt 0.077141 0.122148
vt 0.056391 0.089817
vt 0.964897 0.574476
vt 0.965835 0.563759
vt 0.984424 0.574200
vt 0.070654 0.489086
vt 0.070654 0.449640
vt 0.096503 0.462610
vt 0.998011 0.787446
vt 0.998358 0.802750
vt 0.995952 0.795130
vt 0.989695 0.979965
vt 0.978745 0.989153
vt 0.970109 0.980212
vt 0.349829 0.832892
vt 0.605398 0.960756
vt 0.643355 0.996353
vt 0.639832 0.985510
vt 0.655266 0.986378
vt 0.289177 0.032019
vt 0.289177 0.044942
vt 0.287784 0.039901
vt 0.752476 0.981078
vt 0.770409 0.982647
vt 0.745768 0.982181
vt 0.985103 0.564679
vt 0.784766 0.481485
vt 0.010110 0.443988
vt 0.002145 0.443988
vt 0.003762 0.434934
vt 0.304030 0.805979
vt 0.980267 0.799881
vt 0.969661 0.784814
vt 0.983770 0.789709
vt 0.983015 0.795080
vt 0.391760 0.660834
vt 0.003371 0.031074
vt 0.003371 0.038534
vt 0.000551 0.035390
vt 0.820511 0.924767
vt 0.802594 0.949427
vt 0.801548 0.924103
vt 0.001074 0.037891
vt 0.003338 0.044110
vt 0.001168 0.045442
vt 0.313924 0.571212
vt 0.274684 0.592532
vt 0.003325 0.943846
vt 0.000734 0.947412
vt 0.000107 0.942294
vt 0.058175 0.131261
vt 0.339408 0.013988
vt 0.313794 0.990523
vt 0.318346 0.987757
vt 0.318463 0.990686
vt 0.981733 0.074214
vt 0.211075 0.921378
vt 0.206993 0.898224
vt 0.212125 0.885485
vt 0.998416 0.331781
vt 0.984918 0.331781
vt 0.992005 0.314787
vt 0.747644 0.481857
vt 0.982922 0.159409
vt 0.976475 0.155061
vt 0.986881 0.156106
vt 0.003405 0.923243
vt 0.003405 0.929208
vt 0.001987 0.925591
vt 0.773242 0.110640
vt 0.736392 0.086723
vt 0.777823 0.084657
vt 0.018986 0.059794
vt 0.010426 0.059794
vt 0.015394 0.056383
vt 0.393666 0.990767
vt 0.399471 0.990767
vt 0.398310 0.997958
vt 0.489838 0.749684
vt 0.551339 0.749684
vt 0.511801 0.768453
vt 0.821730 0.033743
vt 0.815412 0.014296
vt 0.837529 0.015597
vt 0.963346 0.622812
vt 0.197435 0.987381
vt 0.194491 0.996442
vt 0.190279 0.987840
vt 0.707918 0.480952
vt 0.003376 0.952269
vt 0.266945 0.017541
vt 0.262494 0.017151
vt 0.266416 0.004518
vt 0.486710 0.114228
vt 0.453906 0.133147
vt 0.454054 0.103618
vt 0.261531 0.017602
vt 0.249254 0.008682
vt 0.255019 0.001516
vt 0.586096 0.979823
vt 0.578661 0.956941
vt 0.593398 0.966786
vt 0.730838 0.016964
vt 0.713280 0.016964
vt 0.728395 0.004605
vt 0.002110 0.652453
vt 0.010635 0.652453
vt 0.004922 0.657351
vt 0.353325 0.082055
vt 0.423014 0.082055
vt 0.349535 0.086082
vt 0.054158 0.995356
vt 0.049222 0.991899
vt 0.067935 0.991995
vt 0.992761 0.024198
vt 0.996877 0.032424
vt 0.993520 0.034135
vt 0.993442 0.657679
vt 0.978618 0.668449
vt 0.982632 0.645276
vt 0.779415 0.991279
vt 0.780482 0.982593
vt 0.784311 0.992898
vt 0.002581 0.132227
vt 0.006162 0.121204
vt 0.013106 0.132161
vt 0.998492 0.615946
vt 0.982854 0.966196
vt 0.998029 0.966196
vt 0.993544 0.971549
vt 0.972141 0.070956
vt 0.952860 0.633050
vt 0.999886 0.026700
vt 0.449409 0.156154
vt 0.441766 0.115124
vt 0.002008 0.345183
vt 0.012208 0.348768
vt 0.004341 0.352366
vt 0.011904 0.346355
vt 0.922066 0.404605
vt 0.927550 0.399121
vt 0.929895 0.407785
vt 0.654991 0.963328
vt 0.406394 0.088960
vt 0.446508 0.099709
vt 0.373099 0.102216
vt 0.021998 0.549729
vt 0.017662 0.552232
vt 0.012806 0.550060
vt 0.312781 0.545906
vt 0.071780 0.361037
vt 0.058472 0.357050
vt 0.056903 0.339117
vt 0.928310 0.874486
vt 0.880514 0.874486
vt 0.883255 0.860318
vt 0.466347 0.881403
vt 0.512575 0.881403
vt 0.484831 0.883302
vt 0.261977 0.010239
vt 0.982477 0.773649
vt 0.304229 0.051606
vt 0.269003 0.047035
vt 0.104116 0.196265
vt 0.085483 0.188538
vt 0.105204 0.160373
vt 0.001193 0.915463
vt 0.003218 0.911956
vt 0.003143 0.919416
vt 0.741944 0.006485
vt 0.746570 0.002603
vt 0.747454 0.008842
vt 0.237704 0.950591
vt 0.237704 0.963625
vt 0.235335 0.951145
vt 0.993389 0.964576
vt 0.979160 0.965647
vt 0.982122 0.959322
vt 0.741761 0.016515
vt 0.019313 0.751304
vt 0.012821 0.730068
vt 0.032034 0.748946
vt 0.516077 0.132914
vt 0.864289 0.300625
vt 0.876887 0.300625
vt 0.866143 0.358199
vt 0.947154 0.001686
vt 0.953202 0.005177
vt 0.936994 0.004432
vt 0.358224 0.808248
vt 0.690967 0.791118
vt 0.986670 0.495719
vt 0.986670 0.514575
vt 0.966762 0.508240
vt 0.970037 0.304851
vt 0.958873 0.297600
vt 0.978873 0.303273
vt 0.516745 0.988648
vt 0.503707 0.988648
vt 0.523799 0.976058
vt 0.692765 0.970159
vt 0.714495 0.970159
vt 0.696095 0.988719
vt 0.984446 0.170429
vt 0.994603 0.163155
vt 0.182805 0.017337
vt 0.177828 0.012076
vt 0.180155 0.004914
vt 0.987467 0.512137
vt 0.987467 0.503896
vt 0.997358 0.511748
vt 0.182069 0.021319
vt 0.321447 0.969029
vt 0.293259 0.969029
vt 0.318983 0.952647
vt 0.965779 0.000497
vt 0.981280 0.000497
vt 0.967875 0.005385
vt 0.745640 0.573190
vt 0.785172 0.577345
vt 0.735416 0.645927
vt 0.302335 0.525605
vt 0.174548 0.021556
vt 0.987944 0.945876
vt 0.979608 0.945876
vt 0.988040 0.927212
vt 0.979803 0.927163
vt 0.513635 0.586136
vt 0.008089 0.521164
vt 0.008089 0.530307
vt 0.002205 0.529810
vt 0.959265 0.620596
vt 0.091919 0.165042
vt 0.890579 0.958625
vt 0.860891 0.958625
vt 0.883366 0.957551
vt 0.443083 0.887093
vt 0.418775 0.884966
vt 0.464559 0.885269
vt 0.023927 0.112260
vt 0.002864 0.940678
vt 0.000077 0.941584
vt 0.000236 0.936357
vt 0.960073 0.020142
vt 0.960073 0.027897
vt 0.938457 0.022659
vt 0.976593 0.263945
vt 0.976593 0.257346
vt 0.983143 0.268010
vt 0.391507 0.923325
vt 0.358086 0.934184
vt 0.355552 0.914836
vt 0.986643 0.254063
vt 0.986203 0.273878
vt 0.977051 0.273486
vt 0.979552 0.946608
vt 0.778579 0.976968
vt 0.781658 0.981365
vt 0.756577 0.980594
vt 0.790797 0.084458
vt 0.576745 0.949152
vt 0.568868 0.973397
vt 0.567863 0.951122
vt 0.006457 0.742719
vt 0.142367 0.718854
vt 0.138294 0.737545
vt 0.137129 0.719778
vt 0.006963 0.990545
vt 0.004137 0.982782
vt 0.007137 0.979553
vt 0.007317 0.292002
vt 0.003464 0.287410
vt 0.012712 0.287650
vt 0.987446 0.495216
vt 0.996178 0.495557
vt 0.739956 0.973045
vt 0.726870 0.971900
vt 0.738600 0.965207
vt 0.971116 0.516407
vt 0.990159 0.516407
vt 0.984023 0.526240
vt 0.428834 0.632669
vt 0.664466 0.943685
vt 0.660529 0.953428
vt 0.658571 0.936487
vt 0.049443 0.169508
vt 0.044675 0.156409
vt 0.047635 0.134414
vt 0.034836 0.000104
vt 0.041172 0.002410
vt 0.031377 0.002837
vt 0.002487 0.206384
vt 0.009768 0.205599
vt 0.009768 0.215480
vt 0.922476 0.450389
vt 0.995404 0.864052
vt 0.981066 0.874469
vt 0.981844 0.860825
vt 0.133803 0.539915
vt 0.114355 0.599770
vt 0.111294 0.536015
vt 0.747021 0.331155
vt 0.697933 0.333727
vt 0.736885 0.292733
vt 0.744796 0.368212
vt 0.703693 0.383247
vt 0.789830 0.686081
vt 0.995963 0.506011
vt 0.302900 0.947147
vt 0.789117 0.011230
vt 0.784903 0.005430
vt 0.788871 0.002495
vt 0.406473 0.948413
vt 0.414504 0.938842
vt 0.438625 0.946606
vt 0.542841 0.992256
vt 0.553278 0.994097
vt 0.532996 0.994508
vt 0.049521 0.682415
vt 0.056706 0.666276
vt 0.077440 0.694999
vt 0.851516 0.752685
vt 0.866508 0.778653
vt 0.806041 0.778688
vt 0.308007 0.991639
vt 0.075416 0.906600
vt 0.082131 0.918231
vt 0.047740 0.911059
vt 0.673077 0.294359
vt 0.002792 0.213008
vt 0.922685 0.991926
vt 0.931335 0.991325
vt 0.932165 0.994423
vt 0.921185 0.994968
vt 0.135887 0.673729
vt 0.143991 0.674002
vt 0.056122 0.088577
vt 0.065002 0.055435
vt 0.066427 0.092115
vt 0.282686 0.949494
vt 0.257683 0.949494
vt 0.288684 0.945158
vt 0.144996 0.696357
vt 0.188672 0.993585
vt 0.501691 0.977257
vt 0.911952 0.993909
vt 0.915771 0.990816
vt 0.665358 0.988791
vt 0.677289 0.988791
vt 0.668268 0.994052
vt 0.961637 0.619651
vt 0.862100 0.961637
vt 0.832508 0.961637
vt 0.855865 0.955029
vt 0.805447 0.108879
vt 0.015107 0.395785
vt 0.011323 0.400293
vt 0.004992 0.395835
vt 0.964234 0.814757
vt 0.978210 0.833992
vt 0.961006 0.836714
vt 0.920236 0.246596
vt 0.925730 0.226092
vt 0.927314 0.257558
vt 0.035700 0.736332
vt 0.715568 0.990135
vt 0.693099 0.979909
vt 0.693099 0.994111
vt 0.688763 0.986434
vt 0.949216 0.977098
vt 0.971372 0.977098
vt 0.954197 0.989079
vt 0.457799 0.972341
vt 0.463669 0.982380
vt 0.457799 0.982622
vt 0.896865 0.016183
vt 0.896865 0.035287
vt 0.860978 0.022404
vt 0.107889 0.663789
vt 0.127895 0.663789
vt 0.110139 0.726407
vt 0.654022 0.896373
vt 0.171815 0.015844
vt 0.164777 0.012087
vt 0.171794 0.007173
vt 0.992576 0.122023
vt 0.978013 0.132604
vt 0.983282 0.112004
vt 0.217618 0.822529
vt 0.190062 0.804877
vt 0.218854 0.813737
vt 0.917558 0.848497
vt 0.865285 0.848328
vt 0.865285 0.825523
vt 0.808216 0.097647
vt 0.275264 0.936290
vt 0.257394 0.940683
vt 0.981677 0.001695
vt 0.985150 0.005167
vt 0.972694 0.005016
vt 0.235363 0.562702
vt 0.305753 0.501514
vt 0.326401 0.503096
vt 0.805843 0.956354
vt 0.783545 0.956354
vt 0.813024 0.954920
vt 0.950194 0.976427
vt 0.959584 0.970901
vt 0.970884 0.976170
vt 0.856753 0.483635
vt 0.022305 0.388744
vt 0.040528 0.399265
vt 0.013394 0.400472
vt 0.283437 0.989391
vt 0.288131 0.990916
vt 0.285024 0.997374
vt 0.068345 0.935556
vt 0.697188 0.930075
vt 0.727174 0.930075
vt 0.697096 0.952880
vt 0.532858 0.118972
vt 0.550707 0.112476
vt 0.532088 0.125842
vt 0.658590 0.892348
vt 0.009714 0.059139
vt 0.001560 0.059139
vt 0.008589 0.051078
vt 0.187807 0.812984
vt 0.238174 0.829233
vt 0.012299 0.462376
vt 0.039662 0.462376
vt 0.034707 0.476839
vt 0.985883 0.612144
vt 0.995338 0.599131
vt 0.998431 0.611564
vt 0.098613 0.103159
vt 0.106747 0.116481
vt 0.097379 0.117267
vt 0.650421 0.942990
vt 0.634554 0.945396
vt 0.272162 0.033891
vt 0.046791 0.931979
vt 0.280005 0.024382
vt 0.395663 0.932315
vt 0.392337 0.911313
vt 0.419428 0.931555
vt 0.986130 0.311257
vt 0.973674 0.311257
vt 0.981604 0.307371
vt 0.912752 0.136604
vt 0.928676 0.118745
vt 0.928915 0.135190
vt 0.752085 0.625724
vt 0.770165 0.604768
vt 0.779954 0.625319
vt 0.457415 0.966888
vt 0.149109 0.982974
vt 0.148630 0.974156
vt 0.152350 0.977361
vt 0.638858 0.984178
vt 0.631991 0.972284
vt 0.654654 0.985129
vt 0.318309 0.997537
vt 0.652782 0.990281
vt 0.652782 0.998444
vt 0.644767 0.996948
vt 0.956774 0.952004
vt 0.970142 0.952987
vt 0.175566 0.974242
vt 0.181524 0.972073
vt 0.200905 0.974496
vt 0.805692 0.449568
vt 0.805692 0.532785
vt 0.799700 0.450065
vt 0.975798 0.774284
vt 0.961901 0.793412
vt 0.957535 0.767373
vt 0.151768 0.987118
vt 0.545829 0.014127
vt 0.545829 0.001069
vt 0.560053 0.006893
vt 0.647516 0.053423
vt 0.620821 0.021609
vt 0.688492 0.021577
vt 0.232789 0.858594
vt 0.217260 0.823658
vt 0.237625 0.833714
vt 0.822226 0.336724
vt 0.828629 0.336752
vt 0.832185 0.344378
vt 0.032826 0.000218
vt 0.027289 0.002233
vt 0.023057 0.000549
vt 0.459119 0.738828
vt 0.489778 0.756530
vt 0.433836 0.770563
vt 0.986391 0.958234
vt 0.997923 0.954487
vt 0.997319 0.965121
vt 0.822214 0.954990
vt 0.851806 0.954990
vt 0.831352 0.957755
vt 0.566232 0.115542
vt 0.641486 0.348938
vt 0.374136 0.971492
vt 0.376230 0.951569
vt 0.391061 0.950566
vt 0.109251 0.929815
vt 0.075553 0.929815
vt 0.103676 0.916754
vt 0.651698 0.950500
vt 0.867696 0.481246
vt 0.033451 0.267120
vt 0.026892 0.251296
vt 0.034577 0.237985
vt 0.750501 0.007254
vt 0.753269 0.011251
vt 0.744135 0.015510
vt 0.072509 0.324257
vt 0.670159 0.447515
vt 0.753201 0.000615
vt 0.187375 0.860166
vt 0.427602 0.976430
vt 0.427602 0.950530
vt 0.449359 0.965704
vt 0.917430 0.825617
vt 0.711860 0.868458
vt 0.736544 0.834483
vt 0.775395 0.864097
vt 0.002261 0.050665
vt 0.016290 0.728196
vt 0.005135 0.724136
vt 0.020109 0.723275
vt 0.436885 0.922414
vt 0.469830 0.912327
vt 0.477331 0.935412
vt 0.959025 0.143229
vt 0.980191 0.143229
vt 0.974587 0.152850
vt 0.715926 0.962749
vt 0.020845 0.728158
vt 0.743354 0.646075
vt 0.472985 0.489195
vt 0.358878 0.489195
vt 0.410892 0.485805
vt 0.790063 0.573681
vt 0.955395 0.989943
vt 0.968867 0.980509
vt 0.976958 0.990079
vt 0.754394 0.015561
vt 0.385348 0.990742
vt 0.393083 0.990742
vt 0.387965 0.998474
vt 0.202491 0.989362
vt 0.212904 0.975030
vt 0.228881 0.990165
vt 0.043348 0.349841
vt 0.043348 0.317315
vt 0.075770 0.319034
vt 0.106672 0.178465
vt 0.106672 0.224585
vt 0.103622 0.241143
vt 0.310508 0.948254
vt 0.331209 0.936285
vt 0.340462 0.949500
vt 0.945175 0.919503
vt 0.934271 0.914418
vt 0.946918 0.914321
vt 0.979246 0.905842
vt 0.963807 0.905572
vt 0.961931 0.893668
vt 0.696435 0.953204
vt 0.666310 0.953204
vt 0.684361 0.952188
vt 0.430296 0.008941
vt 0.418246 0.009670
vt 0.411961 0.007383
vt 0.679113 0.995422
vt 0.679113 0.980558
vt 0.685593 0.987342
vt 0.188910 0.947378
vt 0.208047 0.945704
vt 0.219914 0.947924
vt 0.994896 0.709519
vt 0.996013 0.722283
vt 0.994183 0.728716
vt 0.964928 0.597158
vt 0.978209 0.600469
vt 0.977261 0.614117
vt 0.964367 0.906423
vt 0.980322 0.922456
vt 0.972147 0.919898
vt 0.093670 0.127767
vt 0.091783 0.119917
vt 0.032655 0.561558
vt 0.032805 0.568245
vt 0.028470 0.580155
vt 0.030036 0.549747
vt 0.892091 0.767344
vt 0.892091 0.812068
vt 0.834380 0.795342
vt 0.005041 0.921578
vt 0.011294 0.933814
vt 0.008172 0.933264
vt 0.011626 0.921702
vt 0.959833 0.669325
vt 0.977912 0.669325
vt 0.977629 0.675774
vt 0.057939 0.995519
vt 0.070584 0.994650
vt 0.076865 0.995200
vt 0.089322 0.201882
vt 0.984653 0.906637
vt 0.155690 0.973434
vt 0.149498 0.973434
vt 0.155713 0.949713
vt 0.148209 0.948135
vt 0.978361 0.091123
vt 0.975560 0.080669
vt 0.978318 0.067210
vt 0.030377 0.649733
vt 0.035199 0.667729
vt 0.029507 0.680169
vt 0.452064 0.005588
vt 0.455354 0.012045
vt 0.447587 0.019902
vt 0.867550 0.680739
vt 0.873997 0.680416
vt 0.870208 0.685343
vt 0.182467 0.989403
vt 0.031127 0.995055
vt 0.042089 0.989943
vt 0.049756 0.995351
vt 0.211420 0.000007
vt 0.222404 0.000007
vt 0.211483 0.010287
vt 0.628829 0.996833
vt 0.624135 0.995347
vt 0.624135 0.990409
vt 0.410880 0.009774
vt 0.069578 0.992226
vt 0.635179 0.997433
vt 0.635167 0.989822
vt 0.992290 0.080975
vt 0.999867 0.083437
vt 0.993170 0.091574
vt 0.391863 0.010068
vt 0.390778 0.007089
vt 0.410202 0.008325
vt 0.931430 0.932561
vt 0.934764 0.926636
vt 0.949403 0.929217
vt 0.060590 0.957310
vt 0.060590 0.978703
vt 0.054116 0.956101
vt 0.716436 0.971041
vt 0.023756 0.237782
vt 0.963712 0.940818
vt 0.962449 0.925101
vt 0.930895 0.949115
vt 0.948306 0.950134
vt 0.444345 0.935713
vt 0.466497 0.976067
vt 0.404779 0.949881
vt 0.400910 0.964321
vt 0.394201 0.949024
vt 0.962574 0.951369
vt 0.792305 0.594673
vt 0.654774 0.971244
vt 0.170767 0.719359
vt 0.200821 0.660374
vt 0.177438 0.743548
vt 0.341943 0.937540
vt 0.725308 0.979408
vt 0.715993 0.979096
vt 0.004439 0.649784
vt 0.004439 0.625706
vt 0.029384 0.649682
vt 0.773793 0.785812
vt 0.746989 0.787687
vt 0.725717 0.752509
vt 0.864163 0.314310
vt 0.864163 0.380788
vt 0.847111 0.315231
vt 0.357477 0.983959
vt 0.368540 0.983959
vt 0.356936 0.987120
vt 0.008237 0.519470
vt 0.002088 0.511007
vt 0.011637 0.506020
vt 0.160732 0.007055
vt 0.831275 0.310722
vt 0.875274 0.706549
vt 0.321994 0.570950
vt 0.993431 0.801633
vt 0.991512 0.806036
vt 0.984187 0.800907
vt 0.469826 0.968435
vt 0.727414 0.953258
vt 0.072930 0.180698
vt 0.065730 0.172205
vt 0.072562 0.146708
vt 0.814934 0.140862
vt 0.818399 0.142478
vt 0.815416 0.211589
vt 0.008054 0.539666
vt 0.003599 0.539666
vt 0.008093 0.530922
vt 0.145357 0.837246
vt 0.109917 0.794617
vt 0.159592 0.810475
vt 0.095310 0.833982
vt 0.460396 0.012397
vt 0.467055 0.004462
vt 0.466711 0.019558
vt 0.034937 0.115844
vt 0.056150 0.117700
vt 0.034536 0.133280
vt 0.028271 0.171210
vt 0.020074 0.196437
vt 0.012906 0.175268
vt 0.423148 0.987741
vt 0.428838 0.986276
vt 0.434088 0.988724
vt 0.163274 0.016861
vt 0.041180 0.516334
vt 0.063673 0.515744
vt 0.049448 0.518550
vt 0.978819 0.536693
vt 0.960397 0.536693
vt 0.977309 0.529483
vt 0.062663 0.143322
vt 0.474631 0.295388
vt 0.492869 0.220760
vt 0.512624 0.174220
vt 0.959054 0.144811
vt 0.978201 0.158722
vt 0.960871 0.167935
vt 0.118405 0.632520
vt 0.134663 0.632520
vt 0.108347 0.663174
vt 0.130733 0.600977
vt 0.975687 0.800688
vt 0.975873 0.807645
vt 0.777417 0.633887
vt 0.594671 0.004933
vt 0.609609 0.004933
vt 0.594802 0.015165
vt 0.609741 0.014838
vt 0.107494 0.600552
vt 0.285505 0.450643
vt 0.407142 0.450643
vt 0.335030 0.461612
vt 0.272393 0.025921
vt 0.973527 0.459157
vt 0.959865 0.440353
vt 0.978370 0.444057
vt 0.801799 0.493461
vt 0.789868 0.493461
vt 0.793362 0.409970
vt 0.976974 0.845673
vt 0.985227 0.852598
vt 0.965264 0.852856
vt 0.059217 0.872175
vt 0.059217 0.904786
vt 0.036371 0.898158
vt 0.177870 0.008765
vt 0.173110 0.007218
vt 0.177398 0.001529
vt 0.964985 0.262885
vt 0.975947 0.267997
vt 0.954935 0.267650
vt 0.808163 0.445469
vt 0.797720 0.445469
vt 0.801461 0.362375
vt 0.101208 0.127531
vt 0.171721 0.022846
vt 0.160894 0.021047
vt 0.985642 0.804334
vt 0.494596 0.770976
vt 0.478583 0.083855
vt 0.551319 0.083855
vt 0.510967 0.093106
vt 0.976203 0.410196
vt 0.979644 0.399608
vt 0.995365 0.408797
vt 0.913877 0.000578
vt 0.929769 0.000578
vt 0.912388 0.014049
vt 0.033876 0.517626
vt 0.041103 0.516645
vt 0.059562 0.524453
vt 0.498221 0.974030
vt 0.523837 0.974030
vt 0.508609 0.975970
vt 0.012417 0.752016
vt 0.039053 0.752016
vt 0.015727 0.760729
vt 0.011715 0.905498
vt 0.011715 0.920973
vt 0.004952 0.913128
vt 0.340723 0.969062
vt 0.334829 0.989022
vt 0.334028 0.970242
vt 0.209439 0.420049
vt 0.213600 0.415888
vt 0.213390 0.492936
vt 0.157315 0.007944
vt 0.153294 0.013625
vt 0.137783 0.007979
vt 0.960364 0.170197
vt 0.979342 0.176363
vt 0.960926 0.176862
vt 0.997999 0.892304
vt 0.986931 0.900345
vt 0.985825 0.880047
vt 0.420536 0.949300
vt 0.416026 0.965976
vt 0.848253 0.667459
vt 0.848253 0.598717
vt 0.864982 0.664031
vt 0.045301 0.990932
vt 0.051672 0.971323
vt 0.057641 0.990894
vt 0.061919 0.189936
vt 0.077689 0.188279
vt 0.069332 0.208737
vt 0.055048 0.978048
vt 0.234810 0.803276
vt 0.309406 0.038447
vt 0.379320 0.038447
vt 0.360816 0.047828
vt 0.268350 0.027342
vt 0.984345 0.643844
vt 0.996685 0.643844
vt 0.997028 0.660078
vt 0.084247 0.623127
vt 0.074721 0.628891
vt 0.075629 0.618151
vt 0.049909 0.188743
vt 0.059046 0.188694
vt 0.048927 0.205280
vt 0.021801 0.836559
vt 0.031124 0.813422
vt 0.037357 0.827212
vt 0.059914 0.163097
vt 0.211168 0.973891
vt 0.189178 0.971967
vt 0.204767 0.952478
vt 0.086891 0.348652
vt 0.101891 0.346908
vt 0.099959 0.357861
vt 0.135287 0.297811
vt 0.103929 0.291301
vt 0.103929 0.241854
vt 0.862552 0.313716
vt 0.842650 0.310207
vt 0.864624 0.281997
vt 0.481310 0.981941
vt 0.010525 0.028005
vt 0.017952 0.026696
vt 0.009989 0.053697
vt 0.017603 0.051030
vt 0.049520 0.641068
vt 0.049520 0.605500
vt 0.054892 0.606076
vt 0.052320 0.268629
vt 0.052320 0.299999
vt 0.034445 0.280382
vt 0.894843 0.546294
vt 0.904837 0.513804
vt 0.912380 0.539208
vt 0.945016 0.814505
vt 0.943266 0.767358
vt 0.960656 0.792168
vt 0.842091 0.518619
vt 0.853940 0.516530
vt 0.837883 0.538643
vt 0.929752 0.017559
vt 0.955101 0.749366
vt 0.960595 0.760630
vt 0.932053 0.724664
vt 0.559970 0.940890
vt 0.559427 0.951266
vt 0.545304 0.944053
vt 0.979051 0.598741
vt 0.993989 0.598741
vt 0.979154 0.616946
vt 0.908300 0.561712
vt 0.471803 0.912160
vt 0.495746 0.907938
vt 0.511040 0.912129
vt 0.979779 0.773371
vt 0.957966 0.766284
vt 0.977763 0.749668
vt 0.002201 0.532546
vt 0.955487 0.768279
vt 0.048297 0.837069
vt 0.355956 0.990087
vt 0.152205 0.016788
vt 0.044310 0.172020
vt 0.964731 0.440058
vt 0.982050 0.434431
vt 0.984779 0.444000
vt 0.578715 0.947762
vt 0.870246 0.148309
vt 0.854635 0.115384
vt 0.879678 0.117457
vt 0.350139 0.610404
vt 0.416662 0.585771
vt 0.454273 0.612106
vt 0.030459 0.610500
vt 0.048953 0.613696
vt 0.039418 0.616543
vt 0.617668 0.990034
vt 0.630610 0.972221
vt 0.638214 0.988303
vt 0.979448 0.378575
vt 0.989180 0.381737
vt 0.983606 0.398876
vt 0.333404 0.981232
vt 0.052502 0.169424
vt 0.623486 0.039223
vt 0.571141 0.043265
vt 0.553702 0.040190
vt 0.917652 0.619111
vt 0.895529 0.614251
vt 0.899778 0.565693
vt 0.608108 0.126740
vt 0.925631 0.915055
vt 0.004331 0.194406
vt 0.009754 0.204540
vt 0.002501 0.204785
vt 0.637229 0.949193
vt 0.637229 0.966983
vt 0.623158 0.954764
vt 0.066535 0.594950
vt 0.870235 0.085025
vt 0.059871 0.614811
vt 0.305565 0.002682
vt 0.311753 0.001139
vt 0.304913 0.010136
vt 0.957447 0.728953
vt 0.009289 0.194235
vt 0.957524 0.241880
vt 0.976790 0.255878
vt 0.966347 0.262042
vt 0.035254 0.013625
vt 0.017769 0.007944
vt 0.037133 0.005983
vt 0.982096 0.431117
vt 0.989003 0.433643
vt 0.986072 0.441696
vt 0.430616 0.883992
vt 0.458133 0.881584
vt 0.476737 0.884102
vt 0.188342 0.948167
vt 0.915513 0.084475
vt 0.368135 0.008891
vt 0.368135 0.026403
vt 0.359806 0.020220
vt 0.609340 0.959853
vt 0.967886 0.678184
vt 0.981134 0.678184
vt 0.979072 0.698777
vt 0.203558 0.984731
vt 0.187846 0.975659
vt 0.210194 0.974583
vt 0.392699 0.970199
vt 0.225687 0.792860
vt 0.982558 0.303710
vt 0.992442 0.285546
vt 0.992464 0.303710
vt 0.890429 0.983454
vt 0.906307 0.994991
vt 0.881438 0.995467
vt 0.885978 0.588901
vt 0.848898 0.004657
vt 0.830513 0.004657
vt 0.518723 0.016492
vt 0.506124 0.012398
vt 0.518876 0.001155
vt 0.114644 0.238147
vt 0.107905 0.212999
vt 0.112671 0.175578
vt 0.856443 0.468633
vt 0.347669 0.990842
vt 0.355762 0.990842
vt 0.351011 0.997393
vt 0.203606 0.018177
vt 0.266492 0.018177
vt 0.241521 0.048979
vt 0.806569 0.611621
vt 0.794237 0.590262
vt 0.807724 0.527104
vt 0.967176 0.537476
vt 0.974418 0.559764
vt 0.950092 0.562034
vt 0.793424 0.645591
vt 0.655729 0.349907
vt 0.642258 0.952137
vt 0.426378 0.989972
vt 0.424301 0.996367
vt 0.421661 0.988437
vt 0.695698 0.158038
vt 0.768335 0.155501
vt 0.772929 0.182244
vt 0.502700 0.224351
vt 0.034760 0.101524
vt 0.980711 0.135514
vt 0.972730 0.141516
vt 0.971433 0.134865
vt 0.028810 0.474665
vt 0.013320 0.495985
vt 0.011386 0.465780
vt 0.843029 0.278841
vt 0.839788 0.247559
vt 0.838373 0.493042
vt 0.964878 0.142096
vt 0.133992 0.997546
vt 0.128143 0.989496
vt 0.141465 0.986767
vt 0.854059 0.537224
vt 0.303520 0.790169
vt 0.324373 0.798005
vt 0.305054 0.798874
vt 0.085307 0.904113
vt 0.084672 0.922307
vt 0.076562 0.899261
vt 0.600925 0.793196
vt 0.627317 0.790887
vt 0.601808 0.814505
vt 0.114615 0.899665
vt 0.111720 0.912458
vt 0.982536 0.285505
vt 0.985142 0.460382
vt 0.978829 0.479814
vt 0.964858 0.463592
vt 0.853839 0.056882
vt 0.826063 0.089985
vt 0.827801 0.028765
vt 0.004160 0.602821
vt 0.004160 0.578061
vt 0.021820 0.596166
vt 0.554435 0.094171
vt 0.627428 0.094171
vt 0.554757 0.101908
vt 0.979112 0.074976
vt 0.979112 0.055417
vt 0.992947 0.061061
vt 0.101856 0.073189
vt 0.102731 0.097810
vt 0.083543 0.097475
vt 0.949563 0.990925
vt 0.966124 0.990925
vt 0.954797 0.995840
vt 0.297708 0.771324
vt 0.313343 0.723204
vt 0.362096 0.772874
vt 0.024030 0.077518
vt 0.024963 0.103855
vt 0.005342 0.103855
vt 0.087238 0.112595
vt 0.297660 0.911058
vt 0.325887 0.899726
vt 0.319790 0.911058
vt 0.987792 0.990213
vt 0.989721 0.995824
vt 0.982944 0.996417
vt 0.927101 0.277830
vt 0.995907 0.704670
vt 0.980965 0.704670
vt 0.995996 0.686648
vt 0.983156 0.925930
vt 0.981469 0.147080
vt 0.992512 0.153455
vt 0.974645 0.154391
vt 0.644216 0.011328
vt 0.643994 0.015565
vt 0.636305 0.006437
vt 0.002653 0.841648
vt 0.007565 0.834887
vt 0.012053 0.845015
vt 0.063855 0.431388
vt 0.077402 0.447533
vt 0.044166 0.445871
vt 0.814874 0.329796
vt 0.814874 0.259419
vt 0.818949 0.260158
vt 0.808117 0.615921
vt 0.110367 0.975881
vt 0.110367 0.950590
vt 0.119045 0.958783
vt 0.932118 0.548698
vt 0.048099 0.635088
vt 0.801118 0.861675
vt 0.780441 0.839503
vt 0.811197 0.836728
vt 0.650820 0.017092
vt 0.073363 0.362300
vt 0.073110 0.324721
vt 0.058198 0.164459
vt 0.052213 0.207600
vt 0.992795 0.441779
vt 0.795198 0.626915
vt 0.848535 0.976478
vt 0.854901 0.996071
vt 0.833824 0.992862
vt 0.055927 0.133265
vt 0.846110 0.947839
vt 0.863694 0.923637
vt 0.859932 0.953324
vt 0.004448 0.078050
vt 0.069558 0.180170
vt 0.179838 0.865748
vt 0.187710 0.885233
vt 0.165092 0.873259
vt 0.357283 0.968737
vt 0.083675 0.360810
vt 0.980886 0.947675
vt 0.997055 0.952929
vt 0.983153 0.958207
vt 0.993809 0.822284
vt 0.998426 0.836495
vt 0.980986 0.836540
vt 0.956989 0.511678
vt 0.956989 0.487341
vt 0.968011 0.500954
vt 0.028563 0.077942
vt 0.039568 0.090050
vt 0.025493 0.096613
vt 0.804038 0.737874
vt 0.865570 0.737874
vt 0.826370 0.765558
vt 0.633494 0.014119
vt 0.930549 0.516882
vt 0.012451 0.177949
vt 0.017543 0.193619
vt 0.004026 0.188914
vt 0.078779 0.865787
vt 0.076813 0.895365
vt 0.061319 0.904311
vt 0.972744 0.925790
vt 0.131213 0.004548
vt 0.134219 0.010881
vt 0.128151 0.011734
vt 0.145153 0.012835
vt 0.128822 0.017525
vt 0.677088 0.499540
vt 0.672337 0.543184
vt 0.664280 0.525114
vt 0.981097 0.686506
vt 0.998428 0.993311
vt 0.573589 0.793674
vt 0.446460 0.987203
vt 0.018424 0.134330
vt 0.018424 0.159788
vt 0.006576 0.152658
vt 0.079304 0.584506
vt 0.049968 0.604699
vt 0.049618 0.585024
vt 0.614538 0.772213
vt 0.569714 0.755898
vt 0.622862 0.766332
vt 0.140391 0.284005
vt 0.141462 0.253329
vt 0.171842 0.275050
vt 0.079219 0.187160
vt 0.035882 0.795626
vt 0.061667 0.795626
vt 0.037978 0.826923
vt 0.847477 0.995833
vt 0.827523 0.995833
vt 0.094944 0.211721
vt 0.103515 0.566940
vt 0.103515 0.504628
vt 0.106289 0.541345
vt 0.059947 0.873826
vt 0.955381 0.241316
vt 0.964128 0.260073
vt 0.954990 0.266037
vt 0.591347 0.019560
vt 0.566865 0.015244
vt 0.614998 0.016034
vt 0.224634 0.912438
vt 0.252248 0.932500
vt 0.215890 0.935602
vt 0.856235 0.491132
vt 0.676885 0.074764
vt 0.676576 0.067435
vt 0.737736 0.067435
vt 0.322204 0.863364
vt 0.345910 0.869753
vt 0.347549 0.875867
vt 0.657649 0.880195
vt 0.654229 0.892959
vt 0.636956 0.880462
vt 0.791546 0.494236
vt 0.802748 0.535837
vt 0.789899 0.563392
vt 0.106006 0.144880
vt 0.007381 0.105123
vt 0.033305 0.105123
vt 0.018411 0.112525
vt 0.142256 0.061003
vt 0.153373 0.034814
vt 0.155581 0.063715
vt 0.055989 0.101526
vt 0.137045 0.018491
vt 0.338614 0.910539
vt 0.994326 0.996552
vt 0.683142 0.879590
vt 0.808151 0.011592
vt 0.797732 0.004022
vt 0.807195 0.001153
vt 0.110461 0.976643
vt 0.115519 0.979002
vt 0.110686 0.990513
vt 0.985133 0.353469
vt 0.978787 0.373001
vt 0.967808 0.354578
vt 0.925202 0.568549
vt 0.158968 0.295893
vt 0.529455 0.126719
vt 0.457020 0.103183
vt 0.533666 0.111049
vt 0.432362 0.926274
vt 0.413786 0.925856
vt 0.420469 0.911525
vt 0.854522 0.470181
vt 0.417232 0.970584
vt 0.839762 0.017732
vt 0.848963 0.017732
vt 0.848275 0.039621
vt 0.184194 0.060564
vt 0.192021 0.049098
vt 0.214117 0.060246
vt 0.882124 0.458752
vt 0.866258 0.453901
vt 0.860033 0.404483
vt 0.152857 0.223225
vt 0.164967 0.255898
vt 0.136981 0.230864
vt 0.065958 0.715640
vt 0.044110 0.717552
vt 0.063827 0.700220
vt 0.083165 0.590717
vt 0.042770 0.702244
vt 0.431623 0.087642
vt 0.409376 0.083719
vt 0.482291 0.082456
vt 0.964538 0.095270
vt 0.964538 0.116686
vt 0.946737 0.089945
vt 0.086281 0.529201
vt 0.086281 0.486486
vt 0.095091 0.514939
vt 0.039896 0.418060
vt 0.047650 0.394195
vt 0.076771 0.406562
vt 0.042375 0.732044
vt 0.059787 0.733603
vt 0.749115 0.075499
vt 0.820002 0.075499
vt 0.811900 0.087246
vt 0.984988 0.177283
vt 0.994003 0.164874
vt 0.995895 0.176967
vt 0.918434 0.566915
vt 0.437169 0.911471
vt 0.016950 0.317762
vt 0.009379 0.341062
vt 0.004619 0.321009
vt 0.981789 0.285858
vt 0.981789 0.303847
vt 0.961839 0.291460
vt 0.686675 0.014512
vt 0.671775 0.014512
vt 0.671659 0.004606
vt 0.109466 0.948720
vt 0.138574 0.948720
vt 0.123313 0.957162
vt 0.081603 0.364985
vt 0.008825 0.995980
vt 0.008825 0.985882
vt 0.024999 0.995838
vt 0.971933 0.006526
vt 0.966299 0.023866
vt 0.951106 0.008784
vt 0.571703 0.813704
vt 0.163141 0.045148
vt 0.725387 0.039415
vt 0.740861 0.061514
vt 0.699551 0.063036
vt 0.769076 0.039829
vt 0.219804 0.744747
vt 0.282156 0.745067
vt 0.249906 0.752813
vt 0.994228 0.436752
vt 0.985142 0.880546
vt 0.985142 0.901316
vt 0.965838 0.882295
vt 0.466624 0.985399
vt 0.451806 0.988012
vt 0.443670 0.985027
vt 0.187908 0.857282
vt 0.148202 0.846643
vt 0.198366 0.844188
vt 0.998472 0.428275
vt 0.988293 0.428275
vt 0.993075 0.412411
vt 0.643637 0.523110
vt 0.645211 0.543504
vt 0.620233 0.549848
vt 0.036382 0.541738
vt 0.066897 0.541738
vt 0.040375 0.561016
vt 0.264957 0.022135
vt 0.069501 0.562183
vt 0.981773 0.169531
vt 0.960874 0.169531
vt 0.980886 0.159391
vt 0.054506 0.078907
vt 0.055390 0.098039
vt 0.412484 0.046085
vt 0.431545 0.028561
vt 0.482009 0.046929
vt 0.973595 0.900447
vt 0.084061 0.832926
vt 0.128684 0.841147
vt 0.092265 0.843427
vt 0.804779 0.799371
vt 0.794201 0.780776
vt 0.804774 0.741315
vt 0.839227 0.933243
vt 0.826533 0.924354
vt 0.860722 0.923620
vt 0.012358 0.653515
vt 0.029309 0.654998
vt 0.013424 0.679440
vt 0.576423 0.569253
vt 0.995695 0.432061
vt 0.040293 0.827271
vt 0.059707 0.800550
vt 0.058783 0.840136
vt 0.632408 0.970868
vt 0.646111 0.962956
vt 0.659749 0.970150
vt 0.840943 0.025211
vt 0.004540 0.979274
vt 0.004540 0.954550
vt 0.026832 0.969111
vt 0.992681 0.159571
vt 0.988735 0.155625
vt 0.998520 0.155928
vt 0.028304 0.680799
vt 0.653405 0.001579
vt 0.653405 0.016068
vt 0.640713 0.007177
vt 0.074981 0.271767
vt 0.107663 0.295512
vt 0.072729 0.308135
vt 0.879828 0.922806
vt 0.841741 0.922806
vt 0.866838 0.918371
vt 0.988748 0.943089
vt 0.988748 0.926519
vt 0.998017 0.934692
vt 0.401066 0.912808
vt 0.966465 0.862215
vt 0.954139 0.853585
vt 0.977234 0.853471
vt 0.339230 0.911645
vt 0.339230 0.899139
vt 0.379888 0.905585
vt 0.544724 0.979121
vt 0.566060 0.972189
vt 0.562529 0.990066
vt 0.522290 0.176219
vt 0.572805 0.220446
vt 0.522290 0.231677
vt 0.780944 0.893804
vt 0.801280 0.897025
vt 0.802389 0.923353
vt 0.502193 0.989418
vt 0.507779 0.993628
vt 0.496418 0.997509
vt 0.370064 0.990430
vt 0.368623 0.994864
vt 0.364740 0.991119
vt 0.781005 0.774790
vt 0.641206 0.958611
vt 0.980727 0.331740
vt 0.961921 0.337565
vt 0.964849 0.323650
vt 0.824577 0.278171
vt 0.804609 0.667496
vt 0.693738 0.698782
vt 0.687798 0.630880
vt 0.695045 0.611512
vt 0.168417 0.483523
vt 0.136485 0.482408
vt 0.160956 0.457006
vt 0.236458 0.053355
vt 0.978233 0.926848
vt 0.964627 0.945576
vt 0.963923 0.925993
vt 0.980487 0.806880
vt 0.995983 0.806880
vt 0.989265 0.819101
vt 0.003938 0.250844
vt 0.003938 0.226117
vt 0.022043 0.234091
vt 0.322426 0.790956
vt 0.943547 0.814155
vt 0.935375 0.796629
vt 0.942046 0.765256
vt 0.961751 0.133631
vt 0.948232 0.134565
vt 0.177241 0.009676
vt 0.173077 0.022490
vt 0.172759 0.008392
vt 0.376013 0.787460
vt 0.431738 0.769354
vt 0.439674 0.794371
vt 0.995422 0.476544
vt 0.979578 0.481691
vt 0.986846 0.460466
vt 0.604056 0.772242
vt 0.630286 0.789990
vt 0.591981 0.781690
vt 0.340777 0.573126
vt 0.647810 0.531157
vt 0.054526 0.580024
vt 0.147750 0.427970
vt 0.825314 0.159345
vt 0.825314 0.188204
vt 0.822235 0.165111
vt 0.972475 0.311945
vt 0.026410 0.078211
vt 0.008910 0.060711
vt 0.035698 0.072753
vt 0.492221 0.985824
vt 0.836628 0.573203
vt 0.826507 0.572119
vt 0.822195 0.556028
vt 0.834538 0.623383
vt 0.822832 0.583918
vt 0.949868 0.383098
vt 0.942994 0.395003
vt 0.944576 0.373756
vt 0.602736 0.044886
vt 0.588474 0.049386
vt 0.981087 0.593972
vt 0.976143 0.586911
vt 0.994445 0.587028
vt 0.055590 0.001794
vt 0.050541 0.000440
vt 0.060734 0.000167
vt 0.428814 0.551129
vt 0.925965 0.032225
vt 0.910012 0.081322
vt 0.900016 0.023580
vt 0.441689 0.913095
vt 0.429584 0.898669
vt 0.468946 0.899844
vt 0.154291 0.500462
vt 0.945605 0.093290
vt 0.946980 0.132645
vt 0.931452 0.135632
vt 0.653103 0.844880
vt 0.679739 0.830115
vt 0.661936 0.856101
vt 0.265775 0.082637
vt 0.225214 0.080511
vt 0.265939 0.065048
vt 0.207100 0.043344
vt 0.467023 0.021814
vt 0.447683 0.021814
vt 0.457798 0.012010
vt 0.144643 0.870925
vt 0.325356 0.331062
vt 0.307282 0.318252
vt 0.363072 0.333126
vt 0.859681 0.580010
vt 0.859681 0.607829
vt 0.837378 0.586811
vt 0.035535 0.060515
vt 0.349470 0.595787
vt 0.306264 0.608504
vt 0.247589 0.592782
vt 0.380638 0.403774
vt 0.453358 0.742146
vt 0.365269 0.746969
vt 0.427250 0.735636
vt 0.987978 0.459901
vt 0.998296 0.459901
vt 0.996293 0.472452
vt 0.935414 0.006909
vt 0.950934 0.018185
vt 0.929458 0.023973
vt 0.387191 0.857182
vt 0.372792 0.850468
vt 0.422796 0.849681
vt 0.980777 0.840123
vt 0.963450 0.852712
vt 0.961380 0.839445
vt 0.804511 0.371968
vt 0.794309 0.309571
vt 0.805726 0.289796
vt 0.975275 0.676717
vt 0.957212 0.677348
vt 0.956098 0.669220
vt 0.926661 0.514151
vt 0.950286 0.486173
vt 0.956233 0.514151
vt 0.926610 0.465888
vt 0.458698 0.035672
vt 0.029252 0.224442
vt 0.059174 0.223706
vt 0.059174 0.233270
vt 0.029061 0.233647
vt 0.590560 0.014618
vt 0.581989 0.014618
vt 0.583132 0.000578
vt 0.978377 0.093425
vt 0.974135 0.109257
vt 0.973093 0.085351
vt 0.004544 0.260816
vt 0.021072 0.266832
vt 0.003984 0.286733
vt 0.211798 0.713865
vt 0.432072 0.092161
vt 0.505183 0.092161
vt 0.454445 0.100976
vt 0.641830 0.860402
vt 0.225077 0.725329
vt 0.218705 0.652497
vt 0.228353 0.643788
vt 0.233898 0.777140
vt 0.685739 0.963388
vt 0.685739 0.985631
vt 0.679948 0.978908
vt 0.815745 0.954938
vt 0.834634 0.959999
vt 0.805072 0.960748
vt 0.754783 0.793017
vt 0.742722 0.838029
vt 0.741296 0.785990
vt 0.274720 0.084797
vt 0.348613 0.082105
vt 0.299202 0.113974
vt 0.206178 0.272366
vt 0.177748 0.293022
vt 0.158038 0.218253
vt 0.985811 0.906053
vt 0.998327 0.908260
vt 0.985496 0.923359
vt 0.818339 0.026992
vt 0.820497 0.044567
vt 0.760876 0.021120
vt 0.551226 0.931736
vt 0.550164 0.915636
vt 0.557005 0.915994
vt 0.840168 0.539230
vt 0.989511 0.313600
vt 0.983456 0.332236
vt 0.973724 0.311881
vt 0.939364 0.382405
vt 0.956071 0.465751
vt 0.707534 0.819861
vt 0.686976 0.811555
vt 0.711499 0.804205
vt 0.321252 0.315583
vt 0.923733 0.496816
vt 0.922143 0.475356
vt 0.927349 0.445831
vt 0.643903 0.936485
vt 0.632660 0.945378
vt 0.613940 0.936649
vt 0.021997 0.285553
vt 0.958791 0.084100
vt 0.935327 0.074152
vt 0.952386 0.069012
vt 0.884397 0.981711
vt 0.876514 0.972316
vt 0.901427 0.972211
vt 0.628303 0.070029
vt 0.595342 0.056617
vt 0.607352 0.042226
vt 0.380809 0.986160
vt 0.667403 0.060306
vt 0.740475 0.804158
vt 0.712942 0.001207
vt 0.725329 0.005232
vt 0.711435 0.016440
vt 0.376107 0.165992
vt 0.403443 0.157993
vt 0.450928 0.157993
vt 0.154085 0.916472
vt 0.158487 0.891509
vt 0.192974 0.917564
vt 0.189408 0.371121
vt 0.190051 0.443545
vt 0.160106 0.440925
vt 0.055392 0.081727
vt 0.055392 0.045234
vt 0.065686 0.049440
vt 0.041587 0.289809
vt 0.041986 0.314305
vt 0.016370 0.316546
vt 0.371222 0.858378
vt 0.419465 0.856964
vt 0.389237 0.859954
vt 0.929544 0.394426
vt 0.907091 0.812542
vt 0.892732 0.812727
vt 0.892732 0.759937
vt 0.908249 0.759822
vt 0.865706 0.215128
vt 0.890384 0.191903
vt 0.877104 0.211424
vt 0.594303 0.052375
vt 0.593649 0.061917
vt 0.578270 0.067515
vt 0.016347 0.287376
vt 0.185793 0.900698
vt 0.051588 0.564418
vt 0.704029 0.848375
vt 0.706861 0.828224
vt 0.729034 0.842383
vt 0.889096 0.694021
vt 0.889096 0.723985
vt 0.877731 0.680083
vt 0.998296 0.441923
vt 0.187837 0.012090
vt 0.191552 0.000655
vt 0.203340 0.011298
vt 0.378008 0.155086
vt 0.349072 0.156608
vt 0.129808 0.970276
vt 0.141028 0.985719
vt 0.116815 0.990018
vt 0.647476 0.866453
vt 0.736380 0.028412
vt 0.739628 0.015383
vt 0.754306 0.036088
vt 0.622979 0.069220
vt 0.012601 0.607030
vt 0.012601 0.622382
vt 0.004065 0.615256
vt 0.595115 0.774543
vt 0.630867 0.967454
vt 0.606878 0.975248
vt 0.607445 0.960536
vt 0.764610 0.910303
vt 0.764610 0.940678
vt 0.750586 0.928327
vt 0.976449 0.746847
vt 0.957865 0.733344
vt 0.974971 0.728153
vt 0.944290 0.363170
vt 0.935471 0.351035
vt 0.948730 0.351603
vt 0.482614 0.030684
vt 0.813851 0.229905
vt 0.811937 0.251787
vt 0.810484 0.188796
vt 0.623892 0.815430
vt 0.571093 0.848296
vt 0.571102 0.815430
vt 0.826424 0.822639
vt 0.828871 0.831513
vt 0.793294 0.316388
vt 0.816691 0.208574
vt 0.818438 0.259244
vt 0.384594 0.427403
vt 0.256582 0.427403
vt 0.272528 0.411323
vt 0.529421 0.952243
vt 0.531783 0.961060
vt 0.517398 0.952094
vt 0.071033 0.006921
vt 0.074860 0.013550
vt 0.060833 0.005925
vt 0.978212 0.399656
vt 0.970980 0.421913
vt 0.957572 0.400615
vt 0.136978 0.573412
vt 0.173788 0.501992
vt 0.173944 0.573412
vt 0.135860 0.501588
vt 0.056022 0.013683
vt 0.061229 0.762010
vt 0.061229 0.794853
vt 0.039751 0.783870
vt 0.573304 0.480767
vt 0.523062 0.473682
vt 0.523062 0.359920
vt 0.022406 0.874627
vt 0.013563 0.901844
vt 0.011908 0.878291
vt 0.507688 0.959896
vt 0.503511 0.952741
vt 0.997335 0.112486
vt 0.999892 0.120357
vt 0.989814 0.117196
vt 0.084516 0.213837
vt 0.091465 0.232929
vt 0.085399 0.255771
vt 0.863367 0.404972
vt 0.888104 0.420430
vt 0.883469 0.458753
vt 0.300679 0.911886
vt 0.337066 0.911886
vt 0.313382 0.926349
vt 0.032481 0.703096
vt 0.041939 0.706959
vt 0.033077 0.719615
vt 0.020244 0.521756
vt 0.033495 0.521756
vt 0.023013 0.548832
vt 0.181513 0.884887
vt 0.332483 0.950225
vt 0.333287 0.959423
vt 0.322595 0.950128
vt 0.659825 0.534409
vt 0.273491 0.610649
vt 0.100421 0.963766
vt 0.109243 0.964538
vt 0.099580 0.977104
vt 0.229723 0.731462
vt 0.524778 0.964082
vt 0.881777 0.849760
vt 0.879733 0.873118
vt 0.833420 0.847690
vt 0.833027 0.341789
vt 0.836085 0.317860
vt 0.847170 0.332605
vt 0.066249 0.722384
vt 0.068546 0.696132
vt 0.076398 0.732971
vt 0.261164 0.951521
vt 0.238405 0.968056
vt 0.238346 0.950571
vt 0.193728 0.921543
vt 0.193728 0.885319
vt 0.199409 0.885497
vt 0.023143 0.917752
vt 0.046465 0.943948
vt 0.023143 0.946373
vt 0.740579 0.805547
vt 0.062327 0.733279
vt 0.773024 0.884982
vt 0.770113 0.865414
vt 0.776456 0.865519
vt 0.986652 0.429359
vt 0.984940 0.413937
vt 0.992109 0.411328
vt 0.016035 0.586194
vt 0.026483 0.582989
vt 0.027706 0.596965
vt 0.997905 0.917669
vt 0.918528 0.923442
vt 0.880625 0.924912
vt 0.880625 0.889794
vt 0.776311 0.901743
vt 0.718993 0.040198
vt 0.704470 0.056727
vt 0.678765 0.055026
vt 0.868836 0.982516
vt 0.889498 0.982516
vt 0.878958 0.993955
vt 0.160950 0.451097
vt 0.190623 0.444247
vt 0.179626 0.520459
vt 0.093077 0.862172
vt 0.483587 0.483435
vt 0.363471 0.486203
vt 0.426864 0.462789
vt 0.877499 0.276540
vt 0.910239 0.326288
vt 0.877499 0.329272
vt 0.949256 0.560731
vt 0.949256 0.515740
vt 0.961038 0.542924
vt 0.978948 0.877908
vt 0.992350 0.868171
vt 0.998503 0.876756
vt 0.927945 0.294859
vt 0.963722 0.268866
vt 0.953765 0.293338
vt 0.354895 0.159495
vt 0.301366 0.173838
vt 0.234811 0.163436
vt 0.755804 0.793272
vt 0.443160 0.176716
vt 0.331099 0.166912
vt 0.461058 0.166922
vt 0.963615 0.861946
vt 0.964992 0.888219
vt 0.951675 0.853938
vt 0.323992 0.975852
vt 0.489082 0.983844
vt 0.482089 0.972653
vt 0.500282 0.977931
vt 0.302956 0.049906
vt 0.296228 0.039501
vt 0.304683 0.016271
vt 0.015431 0.572305
vt 0.027706 0.569702
vt 0.998448 0.078249
vt 0.982925 0.073205
vt 0.997814 0.060477
vt 0.984017 0.904165
vt 0.996375 0.895187
vt 0.995125 0.906284
vt 0.862561 0.379199
vt 0.890628 0.956770
vt 0.860842 0.956770
vt 0.879146 0.954994
vt 0.693212 0.059595
vt 0.006636 0.316485
vt 0.009997 0.300672
vt 0.015487 0.316190
vt 0.765919 0.013978
vt 0.761841 0.001428
vt 0.774433 0.000727
vt 0.012406 0.426549
vt 0.024700 0.422555
vt 0.027790 0.449994
vt 0.361374 0.957437
vt 0.343361 0.943364
vt 0.370365 0.950920
vt 0.988143 0.480167
vt 0.997092 0.489117
vt 0.982060 0.484437
vt 0.019652 0.712447
vt 0.004121 0.303649
vt 0.956762 0.326889
vt 0.930559 0.329181
vt 0.956768 0.308770
vt 0.928171 0.564061
vt 0.935212 0.544484
vt 0.948262 0.560518
vt 0.738286 0.294251
vt 0.744511 0.223103
vt 0.771616 0.295433
vt 0.045504 0.916373
vt 0.999773 0.881556
vt 0.995429 0.887536
vt 0.986992 0.879621
vt 0.379328 0.588570
vt 0.011730 0.884061
vt 0.011730 0.899272
vt 0.005427 0.887921
vt 0.972212 0.968003
vt 0.978278 0.957496
vt 0.977882 0.979269
vt 0.240301 0.968409
vt 0.262640 0.952179
vt 0.256405 0.968129
vt 0.866882 0.738702
vt 0.014584 0.988004
vt 0.008077 0.979047
vt 0.029668 0.969840
vt 0.367232 0.961538
vt 0.571458 0.791651
vt 0.170796 0.641771
vt 0.176533 0.681343
vt 0.170636 0.688370
vt 0.389307 0.877439
vt 0.371258 0.880781
vt 0.740893 0.208013
vt 0.777891 0.224418
vt 0.978863 0.203974
vt 0.959863 0.210147
vt 0.960691 0.203088
vt 0.997454 0.536102
vt 0.984899 0.526980
vt 0.997428 0.519780
vt 0.526580 0.730021
vt 0.598297 0.728497
vt 0.569797 0.741601
vt 0.079583 0.945040
vt 0.075141 0.931367
vt 0.106722 0.930450
vt 0.731211 0.898188
vt 0.720649 0.921910
vt 0.701632 0.919098
vt 0.269281 0.375900
vt 0.295054 0.299402
vt 0.265388 0.756901
vt 0.108577 0.977722
vt 0.213560 0.511418
vt 0.903833 0.205090
vt 0.946502 0.549380
vt 0.031994 0.369848
vt 0.041076 0.397800
vt 0.024610 0.387624
vt 0.980440 0.411387
vt 0.965753 0.722902
vt 0.965753 0.702098
vt 0.978855 0.704202
vt 0.720631 0.985515
vt 0.730248 0.976236
vt 0.733549 0.987562
vt 0.874630 0.737074
vt 0.930170 0.025385
vt 0.944413 0.037659
vt 0.918332 0.061142
vt 0.352973 0.033841
vt 0.422517 0.033841
vt 0.377624 0.037238
vt 0.821109 0.211133
vt 0.821109 0.177102
vt 0.825460 0.192382
vt 0.299409 0.935238
vt 0.274794 0.930454
vt 0.271669 0.915252
vt 0.938331 0.024550
vt 0.622173 0.554980
vt 0.059632 0.005419
vt 0.054741 0.011248
vt 0.040858 0.006260
vt 0.931656 0.521283
vt 0.997351 0.479511
vt 0.350530 0.800783
vt 0.131397 0.234543
vt 0.083735 0.964775
vt 0.088990 0.970029
vt 0.062481 0.969512
vt 0.660342 0.545640
vt 0.997009 0.937428
vt 0.999361 0.944665
vt 0.988875 0.944925
vt 0.913216 0.191735
vt 0.996400 0.974471
vt 0.979091 0.974471
vt 0.979270 0.966216
vt 0.624005 0.848203
vt 0.136857 0.970988
vt 0.126184 0.967705
vt 0.126020 0.958301
vt 0.959921 0.484611
vt 0.959921 0.460977
vt 0.978314 0.481304
vt 0.185642 0.638474
vt 0.501961 0.857530
vt 0.487435 0.879306
vt 0.494810 0.857530
vt 0.267931 0.897414
vt 0.256553 0.913074
vt 0.241368 0.876142
vt 0.609473 0.975720
vt 0.631213 0.968656
vt 0.616546 0.989187
vt 0.813974 0.813758
vt 0.771464 0.815973
vt 0.795959 0.792288
vt 0.042603 0.722958
vt 0.937542 0.061775
vt 0.851799 0.971657
vt 0.841192 0.982264
vt 0.826632 0.971778
vt 0.327156 0.269449
vt 0.932253 0.073489
vt 0.948299 0.516331
vt 0.929997 0.301970
vt 0.109155 0.475250
vt 0.095747 0.475250
vt 0.100841 0.430632
vt 0.768532 0.892993
vt 0.723624 0.892993
vt 0.767977 0.885438
vt 0.853339 0.059323
vt 0.853339 0.124330
vt 0.836367 0.124500
vt 0.093117 0.689688
vt 0.062275 0.667279
vt 0.079824 0.664724
vt 0.974205 0.580012
vt 0.992398 0.580012
vt 0.973707 0.585674
vt 0.500755 0.987151
vt 0.934513 0.349991
vt 0.923223 0.962667
vt 0.927291 0.952530
vt 0.938445 0.961889
vt 0.795344 0.954368
vt 0.765440 0.929946
vt 0.795344 0.932997
vt 0.316413 0.295910
vt 0.921670 0.453395
vt 0.700461 0.388767
vt 0.693687 0.345262
vt 0.700461 0.361928
vt 0.652207 0.551581
vt 0.577015 0.666188
vt 0.603751 0.663849
vt 0.580229 0.695403
vt 0.775831 0.786478
vt 0.970737 0.019307
vt 0.985146 0.019307
vt 0.984276 0.039516
vt 0.324769 0.782052
vt 0.361677 0.781868
vt 0.147900 0.786179
vt 0.114913 0.777340
vt 0.173812 0.775095
vt 0.049426 0.683602
vt 0.046796 0.690119
vt 0.036174 0.685167
vt 0.919302 0.333366
vt 0.928941 0.306883
vt 0.930208 0.358313
vt 0.331979 0.984999
vt 0.335675 0.996374
vt 0.322168 0.996348
vt 0.147510 0.956632
vt 0.144216 0.946659
vt 0.259287 0.017548
vt 0.241693 0.017548
vt 0.244592 0.007452
vt 0.917091 0.982205
vt 0.892223 0.982205
vt 0.902893 0.972207
vt 0.498271 0.950800
vt 0.498271 0.936440
vt 0.531041 0.951305
vt 0.833813 0.877310
vt 0.679102 0.917269
vt 0.712089 0.927987
vt 0.675656 0.931260
vt 0.891986 0.274444
vt 0.869714 0.216242
vt 0.891986 0.216682
vt 0.834453 0.192383
vt 0.864500 0.181447
vt 0.865057 0.246451
vt 0.984518 0.400254
vt 0.997404 0.396046
vt 0.998325 0.409215
vt 0.621077 0.659009
vt 0.669554 0.692537
vt 0.026805 0.341287
vt 0.023213 0.327880
vt 0.041677 0.346473
vt 0.773754 0.208620
vt 0.945228 0.039920
vt 0.507926 0.658078
vt 0.544016 0.672604
vt 0.530566 0.685060
vt 0.934226 0.754642
vt 0.917726 0.737124
vt 0.930000 0.725977
vt 0.613990 0.944908
vt 0.622035 0.684187
vt 0.569757 0.975487
vt 0.576741 0.953992
vt 0.583184 0.977380
vt 0.555915 0.050999
vt 0.604745 0.944137
vt 0.604745 0.971550
vt 0.579079 0.955653
vt 0.932019 0.712773
vt 0.757422 0.021190
vt 0.793556 0.045990
vt 0.794061 0.074888
vt 0.517451 0.880215
vt 0.994944 0.109690
vt 0.977115 0.109690
vt 0.989022 0.101585
vt 0.963467 0.141550
vt 0.952683 0.135324
vt 0.969376 0.134921
vt 0.822598 0.213392
vt 0.825442 0.197261
vt 0.824119 0.231660
vt 0.158969 0.370180
vt 0.033785 0.694425
vt 0.022243 0.683516
vt 0.012076 0.487811
vt 0.012076 0.503366
vt 0.004101 0.492796
vt 0.004730 0.858959
vt 0.003074 0.851512
vt 0.009672 0.851512
vt 0.985844 0.057303
vt 0.985844 0.037795
vt 0.993078 0.051102
vt 0.018450 0.960191
vt 0.004099 0.952879
vt 0.009825 0.936868
vt 0.669132 0.346849
vt 0.669460 0.295640
vt 0.950306 0.953865
vt 0.929474 0.773992
vt 0.918639 0.770871
vt 0.668294 0.039942
vt 0.423981 0.033227
vt 0.354451 0.033227
vt 0.389423 0.031479
vt 0.768470 0.953544
vt 0.390272 0.022143
vt 0.390445 0.015802
vt 0.408263 0.015802
vt 0.531141 0.937053
vt 0.862426 0.272531
vt 0.561110 0.898656
vt 0.792744 0.035097
vt 0.914054 0.725537
vt 0.074982 0.959286
vt 0.073689 0.950086
vt 0.084277 0.961724
vt 0.307734 0.982525
vt 0.313488 0.989382
vt 0.290434 0.989534
vt 0.419320 0.880708
vt 0.022143 0.691312
vt 0.685172 0.393086
vt 0.141640 0.365661
vt 0.145534 0.351128
vt 0.159148 0.363435
vt 0.779524 0.241531
vt 0.775715 0.172460
vt 0.794841 0.175188
vt 0.919256 0.923839
vt 0.919256 0.914887
vt 0.957215 0.923410
vt 0.046868 0.388667
vt 0.055576 0.364231
vt 0.066018 0.361039
vt 0.859828 0.996468
vt 0.855593 0.983434
vt 0.866466 0.983685
vt 0.569818 0.774047
vt 0.918884 0.890037
vt 0.028859 0.461252
vt 0.003984 0.461252
vt 0.005283 0.445121
vt 0.835370 0.246985
vt 0.042284 0.329189
vt 0.157088 0.296104
vt 0.009014 0.522050
vt 0.009136 0.548564
vt 0.866395 0.471909
vt 0.888997 0.456082
vt 0.887247 0.513035
vt 0.911897 0.859796
vt 0.927903 0.845591
vt 0.944476 0.859497
vt 0.940971 0.810792
vt 0.910736 0.273179
vt 0.014471 0.111672
vt 0.004156 0.111672
vt 0.006914 0.106465
vt 0.508064 0.830385
vt 0.535356 0.824517
vt 0.538071 0.829220
vt 0.640328 0.553609
vt 0.893054 0.611817
vt 0.893054 0.668575
vt 0.867730 0.668097
vt 0.292528 0.131259
vt 0.221687 0.108241
vt 0.292437 0.107467
vt 0.344965 0.021923
vt 0.325623 0.021923
vt 0.332985 0.008959
vt 0.992470 0.585565
vt 0.564613 0.955195
vt 0.537445 0.964023
vt 0.536858 0.941369
vt 0.199202 0.937794
vt 0.230210 0.937794
vt 0.222105 0.947500
vt 0.951964 0.515732
vt 0.968196 0.517438
vt 0.971075 0.529366
vt 0.040245 0.781711
vt 0.040245 0.750642
vt 0.062696 0.754037
vt 0.713240 0.954013
vt 0.688380 0.969157
vt 0.696115 0.954013
vt 0.990010 0.641005
vt 0.974206 0.641005
vt 0.985780 0.635956
vt 0.370443 0.874794
vt 0.273756 0.875183
vt 0.298478 0.861488
vt 0.321398 0.861488
vt 0.565474 0.980654
vt 0.583224 0.978027
vt 0.586046 0.994032
vt 0.100723 0.986234
vt 0.999756 0.270737
vt 0.999756 0.285146
vt 0.984558 0.283363
vt 0.564444 0.993855
vt 0.666206 0.387543
vt 0.056628 0.461604
vt 0.029646 0.461604
vt 0.054606 0.453102
vt 0.991607 0.389804
vt 0.289925 0.024185
vt 0.035590 0.512803
vt 0.010488 0.520959
vt 0.013745 0.498159
vt 0.321832 0.875276
vt 0.053324 0.954552
vt 0.863705 0.392910
vt 0.820870 0.406828
vt 0.857905 0.375400
vt 0.014618 0.395086
vt 0.005970 0.395086
vt 0.010283 0.379423
vt 0.009101 0.861724
vt 0.459111 0.011070
vt 0.451572 0.000694
vt 0.467056 0.002663
vt 0.623345 0.575690
vt 0.979137 0.229815
vt 0.979137 0.210871
vt 0.995863 0.225422
vt 0.196622 0.753523
vt 0.201365 0.738925
vt 0.258280 0.760585
vt 0.077734 0.408507
vt 0.077734 0.445905
vt 0.065893 0.430611
vt 0.337529 0.874695
vt 0.334337 0.896373
vt 0.326637 0.877613
vt 0.369442 0.883472
vt 0.362580 0.896384
vt 0.023923 0.758960
vt 0.038717 0.753576
vt 0.023194 0.770170
vt 0.959938 0.339410
vt 0.985270 0.335495
vt 0.981493 0.339030
vt 0.974786 0.334839
vt 0.412179 0.023413
vt 0.822935 0.859124
vt 0.412758 0.053704
vt 0.482049 0.047642
vt 0.482831 0.054809
vt 0.992457 0.368614
vt 0.990289 0.363249
vt 0.999416 0.366519
vt 0.216873 0.910030
vt 0.553475 0.050483
vt 0.109190 0.986219
vt 0.981719 0.398408
vt 0.966810 0.398408
vt 0.978306 0.378063
vt 0.761444 0.817246
vt 0.814352 0.832185
vt 0.761444 0.831498
vt 0.814537 0.815854
vt 0.957850 0.236633
vt 0.927102 0.236302
vt 0.927102 0.189468
vt 0.432561 0.011184
vt 0.440192 0.000680
vt 0.445380 0.011575
vt 0.959663 0.188367
vt 0.039568 0.782651
vt 0.024103 0.962584
vt 0.048931 0.946670
vt 0.042717 0.964212
vt 0.701693 0.716729
vt 0.702404 0.750985
vt 0.699392 0.743023
vt 0.612145 0.733872
vt 0.974708 0.343593
vt 0.470294 0.863499
vt 0.090647 0.987204
vt 0.077490 0.990485
vt 0.089677 0.973731
vt 0.981362 0.853479
vt 0.981849 0.859266
vt 0.972154 0.859266
vt 0.961906 0.045467
vt 0.966095 0.038822
vt 0.978290 0.045863
vt 0.026852 0.946572
vt 0.932523 0.378666
vt 0.931564 0.363090
vt 0.980666 0.351867
vt 0.962472 0.351867
vt 0.978568 0.344702
vt 0.698009 0.594616
vt 0.695009 0.560323
vt 0.729034 0.593180
vt 0.962288 0.021784
vt 0.039257 0.732688
vt 0.927979 0.241888
vt 0.954374 0.241888
vt 0.932513 0.289975
vt 0.715052 0.969516
vt 0.957812 0.735046
vt 0.976804 0.748845
vt 0.956530 0.749268
vt 0.965720 0.701364
vt 0.965720 0.678048
vt 0.977418 0.698401
vt 0.721062 0.734520
vt 0.802670 0.047034
vt 0.205977 0.951715
vt 0.234219 0.951715
vt 0.209912 0.965441
vt 0.964731 0.338282
vt 0.980519 0.668942
vt 0.994410 0.658850
vt 0.994972 0.673994
vt 0.994026 0.535540
vt 0.981059 0.537132
vt 0.978523 0.529534
vt 0.003077 0.874673
vt 0.011249 0.874955
vt 0.011249 0.883212
vt 0.002967 0.884641
vt 0.143905 0.987541
vt 0.135813 0.973526
vt 0.145069 0.964910
vt 0.999939 0.210968
vt 0.999939 0.219372
vt 0.991728 0.219425
vt 0.741134 0.982263
vt 0.621059 0.072530
vt 0.553001 0.070503
vt 0.052858 0.959793
vt 0.824695 0.385358
vt 0.175775 0.985304
vt 0.178201 0.997049
vt 0.169131 0.994448
vt 0.968670 0.537986
vt 0.984761 0.537986
vt 0.975842 0.558582
vt 0.175813 0.885566
vt 0.130560 0.885566
vt 0.138168 0.869336
vt 0.002688 0.487230
vt 0.002809 0.472084
vt 0.011038 0.472804
vt 0.820609 0.336799
vt 0.739097 0.973713
vt 0.184790 0.993983
vt 0.994944 0.547579
vt 0.995870 0.558167
vt 0.983224 0.544769
vt 0.773690 0.295908
vt 0.668448 0.081595
vt 0.630082 0.153209
vt 0.630188 0.081595
vt 0.808514 0.982418
vt 0.829231 0.982418
vt 0.820772 0.992582
vt 0.661494 0.129762
vt 0.259861 0.991489
vt 0.264205 0.978119
vt 0.281805 0.990975
vt 0.561544 0.829589
vt 0.992855 0.379230
vt 0.982443 0.378319
vt 0.992966 0.370280
vt 0.954059 0.272235
vt 0.574673 0.151661
vt 0.589326 0.159639
vt 0.574024 0.192455
vt 0.158171 0.369657
vt 0.158171 0.440637
vt 0.148691 0.417391
vt 0.977169 0.559152
vt 0.290213 0.270234
vt 0.892735 0.738795
vt 0.899472 0.747895
vt 0.982708 0.134963
vt 0.991970 0.141449
vt 0.976167 0.141507
vt 0.657395 0.558498
vt 0.084137 0.837176
vt 0.087055 0.853668
vt 0.076963 0.845542
vt 0.076468 0.862295
vt 0.087177 0.871558
vt 0.589380 0.996922
vt 0.589380 0.989815
vt 0.594934 0.996949
vt 0.997202 0.059653
vt 0.997202 0.045249
vt 0.998386 0.059517
vt 0.737176 0.586559
vt 0.157491 0.972248
vt 0.170393 0.990006
vt 0.153627 0.986124
vt 0.294513 0.686287
vt 0.262980 0.712746
vt 0.265214 0.659688
vt 0.042535 0.317501
vt 0.007092 0.579331
vt 0.007092 0.554002
vt 0.028202 0.557783
vt 0.318042 0.695042
vt 0.290583 0.718948
vt 0.293826 0.655562
vt 0.979107 0.619328
vt 0.980081 0.627427
vt 0.975327 0.639297
vt 0.022506 0.731418
vt 0.121388 0.957460
vt 0.121388 0.980285
vt 0.111946 0.975802
vt 0.097417 0.957795
vt 0.089496 0.969108
vt 0.088857 0.941186
vt 0.229507 0.680770
vt 0.232865 0.657319
vt 0.230400 0.711134
vt 0.059882 0.865671
vt 0.063384 0.859127
vt 0.067079 0.847881
vt 0.947350 0.977103
vt 0.947350 0.990054
vt 0.925199 0.984546
vt 0.060663 0.841599
vt 0.061223 0.832364
vt 0.206229 0.564832
vt 0.213472 0.587124
vt 0.182416 0.571456
vt 0.384280 0.988417
vt 0.377778 0.997367
vt 0.370622 0.990455
vt 0.981691 0.636111
vt 0.742506 0.982922
vt 0.742506 0.996490
vt 0.728573 0.992957
vt 0.950577 0.808459
vt 0.959843 0.837301
vt 0.949070 0.852686
vt 0.010794 0.487118
vt 0.370280 0.860898
vt 0.964818 0.619165
vt 0.926258 0.824507
vt 0.882076 0.823970
vt 0.917808 0.809872
vt 0.962427 0.640639
vt 0.788500 0.480885
vt 0.775967 0.522315
vt 0.751650 0.499661
vt 0.224320 0.605624
vt 0.204429 0.612682
vt 0.362094 0.773949
vt 0.362702 0.780899
vt 0.332751 0.779662
vt 0.171484 0.714957
vt 0.739167 0.013308
vt 0.735073 0.025908
vt 0.733382 0.014428
vt 0.587326 0.005964
vt 0.593066 0.001147
vt 0.592409 0.014539
vt 0.330343 0.773139
vt 0.156856 0.947653
vt 0.183123 0.949951
vt 0.156571 0.967298
vt 0.512039 0.479276
vt 0.616844 0.016087
vt 0.628744 0.007442
vt 0.628575 0.014933
vt 0.074428 0.934354
vt 0.052597 0.686303
vt 0.073481 0.694668
vt 0.055344 0.693853
vt 0.305144 0.773705
vt 0.303965 0.784704
vt 0.979477 0.342257
vt 0.992166 0.333037
vt 0.997974 0.342453
vt 0.976642 0.376146
vt 0.348809 0.111606
vt 0.186226 0.676308
vt 0.977262 0.668407
vt 0.954601 0.668407
vt 0.967605 0.644828
vt 0.137421 0.343706
vt 0.020726 0.783189
vt 0.357161 0.003050
vt 0.357161 0.011656
vt 0.344799 0.003687
vt 0.562393 0.893634
vt 0.593143 0.893634
vt 0.562345 0.926464
vt 0.042695 0.695069
vt 0.275299 0.759665
vt 0.655519 0.971769
vt 0.667900 0.978867
vt 0.656389 0.988525
vt 0.337775 0.990380
vt 0.346048 0.990380
vt 0.344619 0.996875
vt 0.913575 0.889165
vt 0.893335 0.888266
vt 0.885858 0.875314
vt 0.537301 0.980768
vt 0.537301 0.966291
vt 0.561228 0.971291
vt 0.342309 0.941811
vt 0.360102 0.936371
vt 0.372887 0.950394
vt 0.589701 0.230692
vt 0.261597 0.980135
vt 0.252148 0.988733
vt 0.240396 0.973139
vt 0.142764 0.917797
vt 0.177825 0.917797
vt 0.171551 0.935635
vt 0.969336 0.990922
vt 0.985076 0.990922
vt 0.981315 0.995843
vt 0.036288 0.513390
vt 0.036288 0.480954
vt 0.065550 0.514634
vt 0.830212 0.841721
vt 0.876636 0.140506
vt 0.880749 0.117176
vt 0.907004 0.140988
vt 0.751206 0.563723
vt 0.993571 0.191032
vt 0.978451 0.180047
vt 0.994098 0.180883
vt 0.990101 0.858667
vt 0.524709 0.892905
vt 0.527570 0.860200
vt 0.571479 0.890470
vt 0.725543 0.917339
vt 0.732301 0.898771
vt 0.732284 0.932601
vt 0.842164 0.950943
vt 0.844062 0.932891
vt 0.858816 0.926018
vt 0.676949 0.577326
vt 0.877694 0.086953
vt 0.525086 0.014694
vt 0.525086 0.000502
vt 0.536678 0.005118
vt 0.713566 0.141012
vt 0.706029 0.105556
vt 0.776814 0.130825
vt 0.821221 0.169032
vt 0.821221 0.147144
vt 0.822407 0.149643
vt 0.038253 0.671063
vt 0.032170 0.652339
vt 0.055598 0.665486
vt 0.938397 0.357668
vt 0.964487 0.353677
vt 0.964487 0.397929
vt 0.949729 0.353541
vt 0.078475 0.450336
vt 0.078475 0.408978
vt 0.107309 0.422906
vt 0.876761 0.888428
vt 0.870650 0.874560
vt 0.997403 0.989539
vt 0.981028 0.989539
vt 0.991980 0.979578
vt 0.066653 0.481597
vt 0.141941 0.917960
vt 0.135069 0.928372
vt 0.108059 0.915777
vt 0.758085 0.806085
vt 0.222950 0.001128
vt 0.222950 0.015539
vt 0.216756 0.008367
vt 0.779136 0.891916
vt 0.818904 0.878994
vt 0.812420 0.897966
vt 0.304597 0.277127
vt 0.498645 0.000650
vt 0.511159 0.000650
vt 0.505276 0.011115
vt 0.755374 0.894634
vt 0.769560 0.900953
vt 0.765976 0.906072
vt 0.199098 0.538762
vt 0.751085 0.983494
vt 0.770974 0.983494
vt 0.761182 0.993467
vt 0.627223 0.228585
vt 0.627334 0.339770
vt 0.607030 0.303946
vt 0.051943 0.256156
vt 0.050855 0.268596
vt 0.050109 0.238343
vt 0.733248 0.893716
vt 0.736888 0.902306
vt 0.022702 0.282822
vt 0.029867 0.273324
vt 0.033373 0.279355
vt 0.974776 0.801501
vt 0.973331 0.808303
vt 0.957087 0.807270
vt 0.026030 0.424526
vt 0.036715 0.421663
vt 0.029668 0.449468
vt 0.989197 0.449057
vt 0.974529 0.459713
vt 0.978743 0.448130
vt 0.795760 0.578313
vt 0.611436 0.987887
vt 0.614529 0.997407
vt 0.601157 0.993342
vt 0.762975 0.790815
vt 0.036475 0.450886
vt 0.048377 0.269138
vt 0.113211 0.597422
vt 0.084303 0.597422
vt 0.110059 0.573182
vt 0.965281 0.398336
vt 0.965281 0.377154
vt 0.976386 0.377555
vt 0.075672 0.516358
vt 0.069148 0.492011
vt 0.085754 0.525765
vt 0.962015 0.852815
vt 0.065046 0.656870
vt 0.049546 0.943528
vt 0.286551 0.010912
vt 0.286551 0.022515
vt 0.268963 0.009875
vt 0.034123 0.548411
vt 0.816598 0.060844
vt 0.806469 0.983448
vt 0.817550 0.991499
vt 0.808014 0.996454
vt 0.963675 0.808537
vt 0.692966 0.849388
vt 0.680564 0.861676
vt 0.684510 0.845445
vt 0.923731 0.889709
vt 0.950062 0.853467
vt 0.964994 0.892612
vt 0.908168 0.087583
vt 0.581293 0.014618
vt 0.566257 0.014618
vt 0.566292 0.001559
vt 0.692777 0.827217
vt 0.686920 0.812834
vt 0.174711 0.545326
vt 0.036475 0.013124
vt 0.040813 0.007955
vt 0.055191 0.012498
vt 0.615332 0.583069
vt 0.625312 0.600457
vt 0.596290 0.613990
vt 0.207261 0.890819
vt 0.201868 0.921405
vt 0.200092 0.885458
vt 0.959370 0.178977
vt 0.977885 0.178977
vt 0.961765 0.200927
vt 0.455360 0.514970
vt 0.447123 0.496305
vt 0.455842 0.512235
vt 0.420109 0.449091
vt 0.203962 0.015170
vt 0.203962 0.001007
vt 0.210253 0.011151
vt 0.996445 0.006467
vt 0.996445 0.021964
vt 0.985908 0.013693
vt 0.307253 0.990427
vt 0.304855 0.997808
vt 0.301080 0.990683
vt 0.185095 0.967543
vt 0.110772 0.931282
vt 0.544353 0.586340
vt 0.035849 0.237776
vt 0.991764 0.195244
vt 0.997942 0.195244
vt 0.994881 0.204756
vt 0.300451 0.934266
vt 0.272246 0.913774
vt 0.301283 0.914670
vt 0.072510 0.685914
vt 0.059959 0.667307
vt 0.090041 0.689556
vt 0.668146 0.057247
vt 0.668448 0.068083
vt 0.521747 0.604386
vt 0.961016 0.281486
vt 0.978231 0.285145
vt 0.955593 0.292044
vt 0.972411 0.202395
vt 0.971057 0.586814
vt 0.957095 0.593927
vt 0.962239 0.576570
vt 0.914154 0.877201
vt 0.972120 0.528227
vt 0.969249 0.516710
vt 0.985163 0.528878
vt 0.704184 0.643614
vt 0.693706 0.600060
vt 0.023151 0.316763
vt 0.036433 0.352019
vt 0.571860 0.869368
vt 0.238893 0.989606
vt 0.085419 0.485999
vt 0.540629 0.989139
vt 0.518685 0.989139
vt 0.529739 0.968214
vt 0.033797 0.367561
vt 0.021595 0.367561
vt 0.027749 0.364792
vt 0.577545 0.916088
vt 0.111841 0.860604
vt 0.099758 0.877861
vt 0.099223 0.845669
vt 0.651473 0.017365
vt 0.662988 0.015238
vt 0.699508 0.015238
vt 0.009580 0.830186
vt 0.002523 0.820473
vt 0.012183 0.817853
vt 0.974768 0.575190
vt 0.130107 0.877823
vt 0.598929 0.920937
vt 0.143424 0.860403
vt 0.400395 0.983487
vt 0.386905 0.987101
vt 0.376565 0.983645
vt 0.667300 0.740428
vt 0.687480 0.747298
vt 0.606000 0.340042
vt 0.951542 0.397890
vt 0.051611 0.649145
vt 0.558790 0.858565
vt 0.681688 0.816250
vt 0.361640 0.800974
vt 0.656635 0.019180
vt 0.620123 0.019959
vt 0.634827 0.015335
vt 0.668185 0.751662
vt 0.267370 0.023948
vt 0.595323 0.967201
vt 0.602757 0.972292
vt 0.589309 0.985740
vt 0.034331 0.267955
vt 0.418398 0.902706
vt 0.395404 0.911075
vt 0.378660 0.901179
vt 0.677791 0.019566
vt 0.154436 0.997377
vt 0.154436 0.987427
vt 0.167132 0.990645
vt 0.004446 0.013929
vt 0.014339 0.003524
vt 0.019510 0.014613
vt 0.993121 0.192364
vt 0.974526 0.198406
vt 0.978760 0.181986
vt 0.539341 0.964756
vt 0.565071 0.956396
vt 0.562678 0.970565
vt 0.071728 0.546929
vt 0.087598 0.532773
vt 0.088076 0.551309
vt 0.502394 0.888441
vt 0.500062 0.892931
vt 0.477152 0.888891
vt 0.271051 0.914321
vt 0.271051 0.924928
vt 0.253467 0.913776
vt 0.618431 0.917337
vt 0.600166 0.912443
vt 0.631052 0.914086
vt 0.634645 0.935596
vt 0.599179 0.934301
vt 0.599778 0.917339
vt 0.608562 0.018098
vt 0.004020 0.003946
vt 0.579306 0.918218
vt 0.579151 0.938615
vt 0.564717 0.941349
vt 0.561796 0.929283
vt 0.832304 0.857822
vt 0.583871 0.951390
vt 0.590906 0.935466
vt 0.600949 0.944365
vt 0.587730 0.928131
vt 0.921324 0.935632
vt 0.920472 0.962173
vt 0.891421 0.962173
vt 0.891683 0.933905
vt 0.292352 0.975915
vt 0.265836 0.976366
vt 0.265836 0.956968
vt 0.292497 0.957066
vt 0.593309 0.920884
vt 0.523829 0.891178
vt 0.026416 0.056502
vt 0.023754 0.059674
vt 0.017211 0.056648
vt 0.259284 0.997360
vt 0.249049 0.994035
vt 0.259208 0.984012
vt 0.253750 0.925330
vt 0.235321 0.913396
vt 0.242954 0.924347
vt 0.238023 0.970288
vt 0.235506 0.971462
vt 0.235823 0.959911
vt 0.851343 0.472114
vt 0.838831 0.489983
vt 0.838363 0.422272
vt 0.959678 0.455832
vt 0.956989 0.486570
vt 0.957671 0.439411
vt 0.569263 0.859597
vt 0.615462 0.858340
vt 0.577008 0.880876
vt 0.616521 0.879067
vt 0.241720 0.948677
vt 0.260764 0.950343
vt 0.229922 0.949437
vt 0.245626 0.877734
vt 0.273956 0.876441
vt 0.266204 0.889615
vt 0.289178 0.876072
vt 0.282209 0.888644
vt 0.952737 0.995425
vt 0.932557 0.995425
vt 0.941659 0.990849
vt 0.854851 0.004386
vt 0.842873 0.003338
vt 0.861539 0.002967
vt 0.470100 0.888862
vt 0.493569 0.893000
vt 0.447117 0.892464
vt 0.746065 0.174892
vt 0.661288 0.174892
vt 0.661941 0.155010
vt 0.801885 0.745901
vt 0.722625 0.741992
vt 0.763864 0.735713
vt 0.048811 0.611077
vt 0.029165 0.609358
vt 0.047749 0.580589
vt 0.028640 0.581264
vt 0.391027 0.910985
vt 0.391027 0.920878
vt 0.355542 0.913669
vt 0.037448 0.450393
vt 0.037448 0.422074
vt 0.067944 0.421666
vt 0.800054 0.734492
vt 0.223954 0.004949
vt 0.239204 0.003615
vt 0.223540 0.017402
vt 0.428937 0.700090
vt 0.775563 0.745930
vt 0.790147 0.750669
vt 0.727009 0.743171
vt 0.753543 0.922332
vt 0.473309 0.884885
vt 0.498459 0.887085
vt 0.452031 0.888645
vt 0.176556 0.596738
vt 0.174711 0.617489
vt 0.082868 0.553559
vt 0.071872 0.513397
vt 0.566436 0.157600
vt 0.211099 0.776312
vt 0.182895 0.756563
vt 0.241953 0.776002
vt 0.054660 0.077802
vt 0.036941 0.077802
vt 0.054788 0.046218
vt 0.490945 0.783898
vt 0.478799 0.791468
vt 0.460099 0.784662
vt 0.203492 0.950112
vt 0.220661 0.948610
vt 0.233763 0.950900
vt 0.725134 0.656834
vt 0.990335 0.754559
vt 0.994469 0.748655
vt 0.994456 0.768012
vt 0.139756 0.076012
vt 0.125215 0.081305
vt 0.139617 0.023767
vt 0.170288 0.575615
vt 0.680373 0.826313
vt 0.628148 0.791825
vt 0.680373 0.793258
vt 0.374306 0.392063
vt 0.242850 0.392063
vt 0.245734 0.373133
vt 0.626980 0.824684
vt 0.067053 0.209842
vt 0.036868 0.211245
vt 0.047231 0.208108
vt 0.037974 0.198008
vt 0.495917 0.800809
vt 0.781448 0.157489
vt 0.048877 0.190226
vt 0.930390 0.120042
vt 0.914340 0.070644
vt 0.930758 0.073828
vt 0.036388 0.046544
vt 0.488220 0.950398
vt 0.455407 0.950398
vt 0.463875 0.936367
vt 0.445264 0.515927
vt 0.563559 0.515927
vt 0.529151 0.528190
vt 0.964039 0.321634
vt 0.732890 0.924421
vt 0.806185 0.285994
vt 0.790874 0.312514
vt 0.792022 0.230624
vt 0.243576 0.759886
vt 0.499774 0.005932
vt 0.505877 0.014333
vt 0.489221 0.017107
vt 0.611671 0.984813
vt 0.601388 0.658815
vt 0.923628 0.774513
vt 0.984414 0.775153
vt 0.995414 0.792710
vt 0.984414 0.793111
vt 0.028944 0.874630
vt 0.053899 0.874630
vt 0.029276 0.904782
vt 0.125324 0.018205
vt 0.168903 0.023391
vt 0.808109 0.166909
vt 0.370305 0.023385
vt 0.370885 0.007007
vt 0.389989 0.007007
vt 0.212039 0.944528
vt 0.181098 0.944528
vt 0.184752 0.938315
vt 0.922111 0.929947
vt 0.929850 0.929947
vt 0.923808 0.958288
vt 0.662369 0.770689
vt 0.108593 0.935015
vt 0.108593 0.963514
vt 0.100231 0.961722
vt 0.822705 0.924227
vt 0.842455 0.938576
vt 0.806075 0.949793
vt 0.930926 0.346664
vt 0.677814 0.987743
vt 0.472284 0.477673
vt 0.241166 0.017464
vt 0.389425 0.023302
vt 0.781964 0.983493
vt 0.801860 0.983768
vt 0.799949 0.994609
vt 0.841094 0.923408
vt 0.803024 0.923408
vt 0.818422 0.919730
vt 0.636776 0.754482
vt 0.628014 0.774443
vt 0.624885 0.757668
vt 0.004929 0.353411
vt 0.028894 0.345624
vt 0.016699 0.363200
vt 0.777700 0.767123
vt 0.443650 0.782890
vt 0.437906 0.804364
vt 0.105421 0.061256
vt 0.121557 0.059845
vt 0.103002 0.108358
vt 0.194668 0.778240
vt 0.053105 0.305310
vt 0.053105 0.269200
vt 0.054738 0.271304
vt 0.194576 0.618591
vt 0.627084 0.603891
vt 0.602272 0.245023
vt 0.602272 0.284577
vt 0.582532 0.225161
vt 0.124449 0.120547
vt 0.908583 0.780795
vt 0.253685 0.939871
vt 0.256731 0.946404
vt 0.225622 0.944836
vt 0.976683 0.234091
vt 0.993416 0.233535
vt 0.993416 0.252652
vt 0.976927 0.253230
vt 0.583108 0.337584
vt 0.452685 0.155088
vt 0.031032 0.641340
vt 0.281553 0.247789
vt 0.292856 0.251008
vt 0.601867 0.745407
vt 0.627982 0.744675
vt 0.592860 0.759376
vt 0.106666 0.535125
vt 0.104113 0.477911
vt 0.134122 0.472620
vt 0.638239 0.744936
vt 0.654199 0.745443
vt 0.947731 0.616138
vt 0.962187 0.596242
vt 0.964034 0.616993
vt 0.133252 0.535714
vt 0.047728 0.638251
vt 0.104341 0.734449
vt 0.104341 0.743002
vt 0.073600 0.737972
vt 0.342022 0.247598
vt 0.735072 0.640691
vt 0.564151 0.504310
vt 0.724886 0.773467
vt 0.122980 0.143807
vt 0.122980 0.169933
vt 0.118421 0.118164
vt 0.925760 0.212974
vt 0.920216 0.195620
vt 0.926353 0.186855
vt 0.091117 0.006537
vt 0.079802 0.013070
vt 0.072118 0.006751
vt 0.122687 0.133552
vt 0.787847 0.995429
vt 0.042708 0.398407
vt 0.033351 0.369608
vt 0.052924 0.364338
vt 0.995978 0.775026
vt 0.273417 0.232924
vt 0.921300 0.238635
vt 0.214893 0.009315
vt 0.222814 0.017236
vt 0.203657 0.017645
vt 0.647941 0.761270
vt 0.249194 0.315603
vt 0.268508 0.299554
vt 0.266109 0.317083
vt 0.256646 0.297018
vt 0.118197 0.179875
vt 0.653644 0.595582
vt 0.678296 0.577576
vt 0.014029 0.815569
vt 0.011461 0.813414
vt 0.011901 0.787373
vt 0.135260 0.418632
vt 0.135260 0.479404
vt 0.132387 0.416185
vt 0.246474 0.215932
vt 0.243732 0.231481
vt 0.246314 0.173845
vt 0.426356 0.705579
vt 0.334429 0.691712
vt 0.393656 0.678140
vt 0.407830 0.709600
vt 0.890446 0.336398
vt 0.890446 0.392462
vt 0.871319 0.335479
vt 0.483699 0.322144
vt 0.482926 0.449915
vt 0.459438 0.388799
vt 0.421845 0.677655
vt 0.615556 0.268955
vt 0.591158 0.220789
vt 0.614544 0.156535
vt 0.931539 0.074068
vt 0.948853 0.082141
vt 0.932672 0.122011
vt 0.461902 0.368188
vt 0.590326 0.157511
vt 0.239548 0.245328
vt 0.557724 0.537518
vt 0.438845 0.537518
vt 0.441908 0.516404
vt 0.219817 0.166833
vt 0.235904 0.374770
vt 0.242453 0.344960
vt 0.127899 0.734104
vt 0.109229 0.791566
vt 0.104944 0.730003
vt 0.219212 0.294932
vt 0.300910 0.744008
vt 0.220168 0.744008
vt 0.243660 0.718737
vt 0.195410 0.842466
vt 0.144296 0.842466
vt 0.152998 0.825671
vt 0.683098 0.000522
vt 0.687218 0.013204
vt 0.676507 0.005852
s 1
usemtl Material
f 1109/1/1 1108/2/1 1114/3/1
f 1137/4/2 1106/5/3 1116/6/4
f 1106/7/3 1137/8/2 1107/9/5
f 1108/10/6 1109/11/6 1112/12/6
f 389/13/7 390/14/7 423/15/7
f 1115/16/8 1122/17/9 1121/18/10
f 1109/19/11 1121/18/10 1110/20/12
f 1122/17/9 1115/16/8 1111/21/13
f 1115/16/8 1121/18/10 1109/19/11
f 1137/8/14 1112/22/15 1107/9/16
f 1109/19/11 1110/20/12 1112/23/17
f 1058/24/18 1043/25/19 1121/26/10
f 1110/27/20 1121/26/10 1043/25/19
f 1107/28/21 1121/26/22 1112/29/23
f 1110/27/24 1112/29/23 1121/26/22
f 1112/29/25 1110/27/20 1043/25/19
f 1113/30/26 1114/31/26 1109/32/26
f 1109/33/27 1111/34/27 1115/35/27
f 1108/36/28 1112/37/29 1111/38/30
f 1116/39/31 1117/40/31 1137/41/31
f 1058/42/18 1121/43/10 1057/44/32
f 390/45/33 391/46/34 392/47/35
f 394/48/36 393/49/36 397/50/36
f 394/51/37 398/52/38 397/53/39
f 1109/54/40 1108/36/28 1111/38/30
f 1106/55/3 1107/56/5 1116/57/4
f 1137/58/14 1117/59/41 1112/60/15
f 399/61/42 398/52/38 394/51/37
f 1111/62/30 1112/63/29 1118/64/43
f 1111/65/44 1119/66/44 1122/67/44
f 1112/68/25 1043/69/19 1120/70/45
f 941/71/46 395/72/47 415/73/47
f 1107/56/5 1117/74/41 1116/57/4
f 1043/69/19 1132/75/48 1120/70/45
f 394/76/37 396/77/49 399/78/42
f 1112/63/29 1143/79/50 1118/64/43
f 1043/80/51 1130/81/51 1132/82/51
f 1121/83/10 1122/84/9 1075/85/52
f 1112/60/15 1117/59/41 943/86/53
f 1117/59/41 1107/87/5 943/86/53
f 413/88/54 405/89/54 404/90/54
f 406/91/55 413/92/56 416/93/57
f 1121/43/10 1135/94/58 1057/44/32
f 1122/84/9 1123/95/59 1075/85/52
f 397/96/60 398/97/60 403/98/60
f 1120/70/45 950/99/61 1112/68/25
f 941/100/62 415/101/63 1107/102/64
f 1111/62/30 1118/64/43 1129/103/65
f 1107/104/66 942/105/66 1137/106/66
f 1112/63/29 1145/107/67 1143/79/68
f 399/108/69 362/109/69 400/110/69
f 1124/111/70 1154/112/71 1125/113/72
f 1124/111/70 1139/114/73 1154/112/71
f 413/115/74 406/116/74 405/117/74
f 397/118/75 392/47/35 401/119/76
f 1124/120/70 1125/121/72 1128/122/77
f 1124/123/78 1128/124/78 1139/125/78
f 1125/126/79 1154/127/79 1149/128/79
f 1112/60/15 943/86/53 950/129/80
f 398/130/81 402/131/82 408/132/83
f 394/76/37 393/133/84 396/77/49
f 1121/83/10 1075/85/52 982/134/85
f 1126/135/86 1139/136/87 1143/137/50
f 1143/137/50 1139/136/87 1118/138/43
f 1118/138/43 1139/136/87 1127/139/88
f 1058/140/89 872/141/89 1043/142/89
f 1139/136/87 1128/143/77 1127/139/88
f 1127/139/88 1128/143/77 1118/138/43
f 1118/138/43 1128/143/77 1129/144/65
f 1107/145/90 982/146/90 943/147/90
f 1130/148/91 1131/149/92 1132/150/93
f 1128/122/77 1125/121/72 1133/151/94
f 398/152/38 399/153/42 402/154/95
f 398/155/96 406/156/96 402/157/96
f 1161/158/97 1134/159/98 1135/160/99
f 1057/161/32 1135/160/58 1134/159/100
f 397/162/101 403/163/102 941/164/103
f 1161/165/104 1160/166/105 1134/167/105
f 1134/167/105 1160/166/105 1136/168/106
f 1126/169/107 1143/170/107 1144/171/107
f 1143/172/108 1145/173/108 1146/174/108
f 404/175/109 405/176/110 407/177/111
f 1137/178/112 943/179/112 1107/180/112
f 1107/181/113 982/182/113 941/183/113
f 392/47/35 391/46/34 414/184/114
f 1154/185/71 1139/186/73 1138/187/115
f 404/175/109 407/177/111 406/188/55
f 1126/189/86 1155/190/116 1139/191/87
f 1125/121/72 1149/192/117 1133/151/94
f 1121/43/10 982/193/85 1135/94/58
f 1132/75/48 1151/194/118 1120/70/45
f 392/47/35 409/195/119 401/119/76
f 1140/196/120 1141/197/120 1142/198/120
f 1141/199/121 1139/187/121 1138/186/121
f 1143/200/122 1146/201/122 1144/202/122
f 1126/189/86 1144/203/123 1155/190/116
f 406/204/55 407/205/111 410/206/124
f 1148/207/125 1146/208/125 1144/209/125
f 1143/210/126 1144/211/126 1145/212/126
f 413/213/127 404/214/127 411/215/127
f 398/216/128 408/217/128 406/218/128
f 1137/178/129 950/219/129 943/179/129
f 1128/220/77 1037/221/130 1129/222/65
f 397/223/131 409/224/131 393/225/131
f 1161/226/132 1151/227/133 1134/228/134
f 942/229/135 1107/230/136 950/231/137
f 1141/232/138 1138/233/138 1142/234/138
f 401/119/76 409/195/119 397/118/75
f 404/235/109 406/236/55 466/237/139
f 1146/238/140 1145/239/140 1144/240/140
f 392/47/35 414/184/114 363/241/141
f 1132/150/93 1131/149/92 1147/242/142
f 1107/243/143 1137/244/143 950/245/143
f 413/92/56 472/246/144 416/93/57
f 1129/103/65 1037/247/130 1111/62/30
f 941/164/103 403/163/102 469/248/145
f 1128/220/77 1035/249/146 1037/221/130
f 1144/250/147 1145/251/147 1148/252/147
f 1149/253/148 1150/254/148 1133/255/148
f 406/256/149 410/257/149 405/258/149
f 391/46/34 390/45/33 414/184/114
f 1132/259/150 1054/260/150 1151/261/150
f 1120/70/45 1151/194/118 1152/262/151
f 404/263/109 466/264/139 411/265/152
f 392/266/35 397/267/75 355/268/153
f 1161/226/132 1009/269/154 1151/227/133
f 1145/107/67 1153/270/155 1143/79/156
f 1128/220/77 1133/271/94 1035/249/146
f 1133/272/157 1150/273/157 1035/274/157
f 1054/275/158 1132/150/93 1147/242/142
f 1107/276/159 943/277/160 942/278/161
f 1154/185/71 1138/187/115 1040/279/162
f 1131/280/163 1130/281/163 1060/282/163
f 392/266/35 355/268/153 390/283/33
f 406/284/164 408/285/165 402/286/166
f 1154/287/167 1040/288/167 1149/289/167
f 395/72/47 412/290/168 415/73/47
f 406/236/55 416/291/57 466/237/139
f 398/292/169 402/154/95 403/293/170
f 415/294/63 982/295/171 1107/296/64
f 1165/297/172 1155/298/172 1156/299/172
f 411/300/173 472/301/173 413/302/173
f 1134/228/134 1151/227/133 1157/303/174
f 1150/304/175 1149/305/175 1040/306/175
f 1138/187/115 1036/307/176 1040/279/162
f 1138/308/115 1163/309/177 1036/310/176
f 390/311/33 423/312/178 414/313/114
f 409/195/119 392/47/35 363/241/141
f 950/99/61 1120/70/45 1152/262/151
f 1139/191/87 1166/314/179 1138/308/115
f 1147/242/142 1131/149/92 1060/315/180
f 1161/316/181 1134/317/182 1157/318/183
f 1144/319/184 1148/320/184 1158/321/184
f 1155/190/116 1166/314/179 1139/191/87
f 405/322/185 410/323/185 476/324/185
f 415/325/186 465/326/187 982/327/188
f 1143/328/156 1168/329/189 1144/330/190
f 1155/190/116 1144/203/123 1166/314/191
f 399/153/42 365/331/192 402/154/95
f 941/332/193 982/333/194 492/334/193
f 1035/335/195 1150/336/196 1036/337/197
f 1144/338/198 1167/339/198 1158/340/198
f 1141/341/199 1044/342/199 1159/343/199
f 1155/344/200 1165/345/200 1166/346/200
f 1145/107/67 1112/63/29 1153/270/155
f 1138/308/115 1166/314/179 1163/309/177
f 1150/336/196 1040/347/201 1036/337/197
f 1036/348/202 1041/349/202 1035/350/202
f 943/351/203 944/352/203 950/353/203
f 1160/354/204 1161/355/204 952/356/204
f 405/357/110 468/358/205 407/359/111
f 1122/84/9 1048/360/206 1123/95/59
f 1040/361/207 1036/362/207 1039/363/207
f 1166/364/179 1162/365/208 1042/366/209
f 943/367/210 942/368/210 944/369/210
f 1036/370/211 1163/371/211 1039/372/211
f 1037/373/212 1035/374/212 1088/375/212
f 950/99/61 1152/262/151 946/376/213
f 941/332/193 492/334/193 428/377/214
f 1140/378/215 1050/379/215 1038/380/215
f 1042/366/209 1162/365/208 1164/381/216
f 1039/382/217 1055/383/218 1040/384/219
f 1144/330/190 1168/329/189 1167/385/220
f 944/386/221 945/387/222 950/388/223
f 944/386/221 405/389/110 945/387/222
f 1166/390/179 1042/391/209 1039/392/217
f 943/277/224 982/393/225 942/278/226
f 405/357/110 944/394/221 468/358/205
f 1165/395/227 1166/396/227 1162/397/227
f 1036/398/228 1040/399/219 1047/400/229
f 466/401/230 947/402/230 411/403/230
f 941/164/103 469/248/145 415/404/186
f 1040/405/219 1055/406/218 1047/407/229
f 945/408/222 476/409/231 949/410/232
f 405/411/233 476/412/233 945/413/233
f 1162/414/208 1166/415/191 1164/416/216
f 1166/390/179 1039/392/217 1163/417/177
f 1166/314/191 1144/203/123 1167/418/234
f 950/419/61 946/420/213 951/421/235
f 1036/398/228 1047/400/229 1041/422/236
f 1037/423/130 1088/424/237 1111/425/30
f 363/426/141 414/427/114 421/428/238
f 466/429/239 948/430/239 947/431/239
f 950/231/61 948/432/240 942/229/241
f 950/433/223 945/408/222 949/410/232
f 1112/63/29 950/434/242 1153/270/155
f 982/435/243 956/436/244 942/437/245
f 402/286/246 408/285/247 441/438/248
f 1164/416/216 1166/415/191 1167/439/234
f 1042/440/209 1064/441/249 1039/442/217
f 1054/443/158 1147/242/142 1060/315/180
f 402/154/95 365/331/192 403/293/170
f 941/444/250 428/445/250 397/446/250
f 393/133/84 409/447/251 396/77/49
f 1042/448/252 1164/449/252 1170/450/252
f 942/229/241 948/432/240 982/451/85
f 950/231/61 951/452/235 948/432/240
f 1042/440/209 1170/453/253 1064/441/249
f 1130/454/254 1043/455/255 1101/456/256
f 1049/457/257 1044/458/257 1159/459/257
f 396/77/49 362/460/258 399/78/42
f 947/461/259 948/462/259 411/463/259
f 466/464/260 411/465/260 948/466/260
f 942/467/261 956/468/261 944/469/261
f 1161/470/262 1135/471/262 1009/472/262
f 944/473/263 467/474/263 468/475/263
f 476/476/231 467/477/264 949/478/232
f 476/476/231 468/479/265 467/477/264
f 1039/382/217 1064/480/249 1055/383/218
f 1075/85/52 1123/95/59 1048/360/206
f 949/481/266 944/482/266 956/483/266
f 944/484/267 949/485/267 467/486/267
f 1164/416/216 1167/439/234 1061/487/268
f 1143/79/156 1153/270/155 1168/488/189
f 952/489/269 1013/490/270 1160/491/271
f 1047/407/229 1055/406/218 1051/492/272
f 468/493/273 471/494/273 467/495/273
f 467/496/274 949/497/274 956/498/274
f 1047/499/229 1052/500/275 1041/501/236
f 467/502/276 471/503/276 949/504/276
f 471/505/277 468/506/278 476/507/279
f 1169/508/280 1158/509/280 1167/510/280
f 1167/511/281 1153/512/281 1169/513/281
f 468/514/282 467/515/282 407/516/282
f 476/517/283 468/518/283 407/519/283
f 467/520/284 956/521/285 470/522/286
f 1045/523/287 1170/524/287 1046/525/287
f 1047/526/288 1051/527/288 1052/528/288
f 950/529/223 949/530/232 959/531/289
f 466/264/139 416/532/57 411/265/290
f 415/325/186 469/533/145 465/326/187
f 1170/534/291 1045/535/291 1064/536/291
f 407/537/111 467/520/284 470/522/286
f 402/131/292 419/538/293 408/132/294
f 1043/455/255 873/539/295 1101/456/256
f 955/540/296 411/541/296 956/542/296
f 411/543/297 955/544/297 472/545/297
f 950/546/242 959/547/298 1153/548/155
f 1088/549/299 1035/550/299 1041/551/299
f 1161/316/181 1157/318/183 1009/552/300
f 411/553/301 416/554/301 956/555/301
f 399/556/302 362/557/302 365/558/302
f 949/559/232 471/560/277 959/561/289
f 403/562/303 365/563/303 419/564/303
f 1167/565/220 961/566/304 1072/567/305
f 1043/568/255 872/569/306 873/570/295
f 951/571/307 948/572/308 475/573/309
f 951/452/310 959/574/311 948/432/312
f 354/575/313 358/576/313 420/577/313
f 1122/578/9 1119/579/314 1048/580/206
f 470/581/315 954/582/316 465/583/317
f 954/582/316 982/584/318 465/583/317
f 982/585/319 954/586/319 953/587/319
f 1161/588/320 1009/589/320 952/590/320
f 951/571/307 475/573/309 959/591/321
f 953/592/322 492/593/323 982/594/324
f 953/592/325 982/594/326 956/595/327
f 953/592/322 954/596/316 492/593/323
f 492/597/323 954/598/316 470/599/315
f 1170/600/328 1164/601/328 1061/602/328
f 428/603/329 470/604/329 492/605/329
f 1038/606/330 1049/607/330 1050/608/330
f 1064/609/249 1045/610/331 1046/611/332
f 1135/612/58 982/613/85 970/614/333
f 1151/615/334 1054/616/334 1067/617/334
f 407/618/111 470/619/286 473/620/335
f 948/432/240 970/621/333 982/451/85
f 400/622/336 362/623/336 417/624/336
f 982/625/337 956/626/337 492/627/337
f 492/599/338 956/628/338 470/597/338
f 396/77/49 363/629/339 362/460/258
f 1169/630/340 1153/631/340 1168/632/340
f 1153/548/155 959/547/298 1168/633/341
f 959/634/342 472/635/342 955/636/342
f 1051/637/272 1059/638/343 1052/639/275
f 1067/640/344 1053/641/344 1054/642/344
f 1170/643/345 1062/644/345 1046/645/345
f 1051/637/272 1055/646/218 1059/638/343
f 1060/647/180 1056/648/346 1054/649/158
f 476/650/279 474/651/347 471/652/277
f 1152/262/151 1067/653/348 946/376/213
f 1057/654/349 1026/655/349 1058/656/349
f 1060/657/350 1130/658/350 1056/659/350
f 410/660/351 365/661/351 418/662/351
f 471/560/277 474/663/347 959/561/289
f 948/432/312 959/574/311 475/664/352
f 959/665/353 951/421/235 946/420/213
f 402/286/246 441/438/248 357/666/354
f 956/667/355 416/668/355 959/669/355
f 956/670/356 475/671/356 470/672/356
f 1167/673/357 1072/674/357 1071/675/357
f 397/676/75 469/677/358 355/678/153
f 428/604/359 470/603/359 982/679/359
f 472/680/360 959/681/360 416/682/360
f 1152/683/361 1054/684/361 1067/685/361
f 1075/686/52 985/687/362 982/688/85
f 950/529/363 959/531/364 967/689/365
f 476/650/279 473/690/366 474/651/347
f 1064/609/249 1046/611/332 1062/691/367
f 470/692/368 465/693/368 982/694/368
f 1056/695/369 1130/454/254 1101/456/256
f 982/696/370 957/697/370 483/698/370
f 403/699/371 419/700/371 363/701/371
f 1167/385/220 1168/329/189 961/702/304
f 1041/501/236 1052/500/275 1077/703/372
f 470/704/373 959/667/373 956/669/373
f 473/705/374 470/706/374 474/707/374
f 956/708/375 958/709/376 485/710/377
f 474/711/378 470/712/378 475/713/378
f 959/714/379 474/715/379 475/716/379
f 410/717/380 481/718/380 476/719/380
f 982/327/381 465/326/187 957/720/382
f 956/721/375 485/722/377 475/723/383
f 1136/724/384 1157/725/384 1134/726/384
f 410/206/124 407/205/111 481/727/385
f 946/728/213 1067/729/348 1009/730/386
f 1052/731/275 1059/732/343 1077/733/372
f 1135/612/58 986/734/387 952/735/388
f 479/736/389 477/737/390 478/738/391
f 1064/739/249 1062/740/367 1069/741/392
f 479/736/389 484/742/393 975/743/394
f 966/744/395 975/745/395 484/746/395
f 479/747/389 480/748/396 477/749/390
f 1056/750/397 1060/751/397 1053/752/397
f 478/738/391 484/742/393 479/736/389
f 1151/753/398 1009/754/398 1157/755/398
f 357/756/399 419/757/399 402/758/399
f 423/759/400 390/760/400 360/761/400
f 1170/762/401 1061/763/268 1063/764/402
f 1041/501/236 1077/703/372 1088/765/403
f 484/766/404 960/767/405 966/768/406
f 1168/633/341 959/547/298 1009/769/407
f 397/446/75 428/445/408 469/770/358
f 1170/762/401 1063/764/402 1062/771/367
f 1054/649/158 1056/648/346 1053/772/409
f 1009/773/410 1135/774/410 952/775/410
f 1134/776/411 1157/777/411 1057/778/411
f 1168/779/189 967/780/412 961/781/304
f 476/782/413 481/783/413 473/784/413
f 1061/785/268 1167/786/234 1071/787/414
f 477/788/415 979/789/415 481/790/415
f 1064/739/249 1069/741/392 1068/791/416
f 472/792/417 416/793/417 486/794/417
f 979/795/418 962/796/418 971/797/418
f 979/798/419 477/799/420 482/800/421
f 979/801/422 488/802/423 962/803/424
f 1061/785/268 1071/787/414 1063/804/402
f 465/326/187 469/533/145 427/805/425
f 979/806/426 482/807/427 424/808/428
f 967/780/412 1168/779/189 971/809/429
f 469/248/145 403/163/102 356/810/430
f 1064/811/249 1068/812/416 1059/813/343
f 1160/814/431 1019/815/431 1136/816/431
f 1064/817/249 1059/638/343 1055/646/218
f 465/326/187 483/818/432 957/720/382
f 408/819/433 419/820/433 441/821/433
f 964/822/434 959/665/435 1009/823/436
f 971/809/437 962/824/424 963/825/438
f 479/747/389 975/826/394 480/748/396
f 966/768/406 960/767/405 433/827/439
f 946/420/213 1009/823/386 959/665/353
f 482/828/440 473/829/441 481/830/442
f 465/326/187 427/805/443 483/818/432
f 982/435/444 483/831/445 956/436/446
f 962/803/424 488/802/423 963/832/438
f 1013/490/270 1019/833/447 1160/491/271
f 484/834/448 478/835/448 425/836/448
f 979/837/449 971/838/449 488/839/449
f 956/840/450 483/841/450 958/842/450
f 970/621/333 948/432/240 475/664/451
f 1068/812/416 1065/843/452 1059/813/343
f 1088/765/403 1077/703/372 1066/844/453
f 971/809/429 963/825/454 967/780/412
f 482/800/421 477/799/420 481/845/455
f 1053/846/456 1056/847/456 1067/848/456
f 478/849/457 477/850/457 426/851/457
f 975/852/394 974/853/458 480/854/396
f 1062/771/367 1063/764/402 1069/855/392
f 959/547/435 964/856/434 972/857/459
f 407/618/111 473/620/335 481/858/385
f 484/859/404 425/860/460 960/861/405
f 964/862/461 482/863/461 965/864/461
f 1070/865/462 1068/866/462 1071/867/462
f 1065/868/452 1077/733/372 1059/732/343
f 975/869/463 966/870/406 433/871/439
f 1065/868/452 1070/872/464 1077/733/372
f 1168/873/465 973/874/465 971/875/465
f 1135/612/58 970/614/333 986/734/387
f 967/876/466 973/877/466 961/878/466
f 403/879/102 363/426/467 356/880/430
f 974/881/468 488/882/468 480/883/468
f 1168/884/469 1009/885/469 973/886/469
f 482/887/470 485/888/470 473/889/470
f 967/890/471 963/891/471 973/892/471
f 478/893/472 426/894/473 425/895/460
f 1063/896/474 1071/897/474 1069/898/474
f 1068/899/475 1069/900/475 1071/901/475
f 958/709/476 989/902/477 485/710/478
f 964/903/434 1009/904/436 972/905/479
f 959/547/435 972/857/459 1009/769/480
f 485/906/481 483/907/481 427/908/481
f 968/909/482 485/910/483 969/911/484
f 958/912/485 483/913/485 485/914/485
f 968/909/482 958/915/486 485/910/483
f 958/915/486 968/909/482 483/916/487
f 485/917/488 427/918/488 969/919/488
f 965/920/489 482/800/490 485/921/491
f 958/915/492 483/916/487 984/922/493
f 473/620/494 485/923/495 481/858/496
f 390/924/497 355/925/497 360/926/497
f 475/927/498 986/928/498 970/929/498
f 475/930/499 1009/931/499 986/932/499
f 416/933/500 486/934/500 487/935/500
f 982/688/85 968/936/501 428/937/408
f 1065/843/452 1068/812/416 1070/938/464
f 963/939/438 488/940/423 971/941/502
f 971/941/503 973/942/504 963/939/505
f 1067/729/348 1017/943/506 1009/730/386
f 1073/944/507 1070/945/508 1071/946/509
f 964/856/510 488/947/511 972/857/512
f 357/948/513 441/949/513 419/950/513
f 358/951/514 420/952/514 421/953/514
f 1157/954/515 1026/955/515 1057/956/515
f 1136/957/516 1026/958/516 1157/959/516
f 982/688/85 985/687/362 968/936/501
f 481/845/496 485/921/495 482/800/517
f 1073/944/507 1074/960/518 1070/945/508
f 1075/686/52 447/961/519 985/687/362
f 1071/962/509 1097/963/520 1073/964/507
f 475/723/383 485/722/377 490/965/521
f 1009/966/522 972/967/522 973/968/522
f 409/969/523 363/970/523 362/971/523
f 979/972/524 488/973/524 482/974/524
f 961/566/304 973/975/525 1072/567/305
f 989/902/477 438/976/526 485/710/478
f 958/977/527 984/978/527 1007/979/527
f 1136/980/528 1019/981/529 1026/982/530
f 972/857/531 488/947/532 980/983/533
f 1009/984/534 475/985/534 1008/986/534
f 975/869/463 433/871/439 429/987/535
f 1011/988/536 1015/989/536 1014/990/536
f 1072/567/305 973/975/525 991/991/537
f 986/992/538 1009/993/538 1007/994/538
f 984/995/539 985/996/539 1007/997/539
f 1067/998/540 1015/999/540 1017/1000/540
f 984/1001/493 483/1002/487 985/1003/541
f 1071/962/509 1072/1004/542 1097/963/520
f 974/1005/543 975/1006/543 429/1007/543
f 1073/1008/507 1091/1009/544 1074/1010/518
f 1048/1011/545 447/1012/546 1075/1013/547
f 428/937/408 968/936/501 976/1014/548
f 483/1002/487 968/1015/482 985/1003/541
f 428/1016/408 976/1017/548 469/1018/358
f 1009/1019/549 952/1020/550 1007/1021/551
f 1009/904/552 993/1022/553 972/905/554
f 969/1023/555 427/1024/555 968/1025/555
f 425/860/460 430/1026/556 960/861/405
f 481/830/557 365/1027/558 482/828/427
f 1056/695/369 1076/1028/559 1067/1029/560
f 1077/1030/372 1070/1031/464 1094/1032/561
f 1074/1033/562 1091/1034/562 1070/1035/562
f 480/854/563 974/853/564 429/1036/565
f 972/1037/531 988/1038/566 991/1039/537
f 972/1037/531 991/1039/537 973/1040/525
f 968/1015/567 437/1041/568 976/1042/569
f 426/894/473 430/1043/556 425/895/460
f 485/1044/570 444/1045/571 431/1046/572
f 985/1003/573 968/1015/574 976/1042/575
f 1067/1029/560 1076/1028/559 1015/1047/576
f 960/861/405 432/1048/577 433/1049/439
f 1009/1050/578 1010/1051/579 952/1052/580
f 1070/1053/581 1091/1054/581 1094/1055/581
f 968/1015/567 427/1056/582 437/1041/568
f 1011/1057/583 1015/1058/583 1012/1059/583
f 1009/1060/584 991/1061/584 993/1062/584
f 419/1063/585 441/1064/585 443/1065/585
f 958/709/476 1007/1066/586 989/902/477
f 979/1067/587 980/1068/587 488/1069/587
f 1073/964/507 1097/963/520 1078/1070/588
f 960/861/405 430/1026/556 432/1048/577
f 1009/1071/589 1013/1072/589 1010/1073/589
f 972/905/554 983/1074/590 488/1075/591
f 424/808/428 434/1076/592 979/806/426
f 972/857/531 980/983/533 988/1077/566
f 1073/1008/507 1078/1078/588 1091/1009/544
f 1078/1079/593 1080/1080/593 1079/1081/593
f 433/1082/594 432/1083/594 977/1084/594
f 1078/1085/595 1079/1086/595 1096/1087/595
f 485/722/377 438/1088/526 490/965/521
f 986/1089/596 1007/1090/596 985/1091/596
f 480/1092/396 436/1093/597 477/1094/390
f 1080/1095/598 1078/1070/588 1081/1096/599
f 986/1097/387 985/1098/600 952/1099/388
f 1078/1070/588 1087/1100/601 1081/1096/599
f 1078/1070/588 1097/963/520 1087/1100/601
f 1056/695/369 1101/456/256 1076/1028/559
f 441/1101/602 435/1102/602 443/1103/602
f 426/894/473 477/1104/390 436/1105/597
f 977/1106/603 429/987/535 433/871/439
f 419/1107/604 365/1108/604 359/1109/604
f 469/1110/605 427/1111/605 356/1112/605
f 1009/1113/606 1008/1114/607 991/1115/608
f 426/894/473 436/1105/597 430/1043/556
f 419/1116/609 359/1117/609 363/1118/609
f 437/1119/568 427/1120/582 356/1121/430
f 363/1122/610 359/1123/610 362/1124/610
f 1009/1125/611 1017/1126/611 1013/1127/611
f 972/905/554 993/1022/553 983/1074/590
f 485/1044/570 438/1128/612 444/1045/571
f 429/1129/613 434/1130/613 480/1131/613
f 1080/1132/614 1081/1133/614 1083/1134/614
f 488/1135/591 983/1136/590 482/1137/615
f 1094/1032/561 1066/1138/453 1077/1030/372
f 1085/1139/616 1089/1140/617 1082/1141/618
f 988/1142/619 978/1143/619 991/1144/619
f 1078/1078/588 1096/1145/620 1091/1009/544
f 1058/1146/621 1026/1147/622 872/1148/623
f 978/1149/624 987/1150/624 991/1151/624
f 978/1152/625 988/1153/625 980/1154/625
f 1014/1155/626 1100/1156/627 1015/1157/628
f 979/806/426 434/1076/592 439/1158/629
f 1076/1159/630 1084/1160/630 1015/1161/630
f 979/1162/631 439/1163/631 980/1164/631
f 978/1165/632 980/1166/632 987/1167/632
f 422/1168/633 423/1169/634 360/1170/635
f 1015/1171/636 1084/1172/636 1014/1173/636
f 1080/1174/637 1083/1175/637 1079/1176/637
f 978/1177/638 429/1178/638 980/1179/638
f 420/1180/639 421/1181/640 423/312/641
f 482/1137/615 983/1136/590 491/1182/642
f 482/807/427 365/1183/558 424/808/428
f 480/1092/396 434/1184/643 436/1093/597
f 361/1185/644 362/1186/645 363/1187/646
f 422/1188/647 362/1186/645 361/1185/644
f 421/1189/648 423/1190/648 422/1191/648
f 422/1192/649 364/1193/650 359/1194/651
f 361/1195/652 421/1196/652 363/1197/653
f 422/1198/654 421/1196/652 361/1195/652
f 469/1018/358 976/1017/548 440/1199/655
f 1084/1200/656 1076/1201/656 1101/1202/656
f 365/1203/657 359/1204/657 364/1205/657
f 1089/1206/617 1088/1207/403 1066/1208/453
f 1089/1206/617 1066/1208/453 1094/1209/561
f 1084/1210/658 1086/1211/658 1014/1212/658
f 441/1213/659 442/1214/659 435/1215/659
f 985/1098/573 976/1216/575 447/1217/660
f 1085/1139/616 1088/1218/403 1089/1140/617
f 1014/1219/661 1085/1220/662 1100/1221/663
f 485/1222/570 431/1223/572 438/1224/612
f 437/1119/568 356/1121/430 976/1225/569
f 443/1226/664 435/1227/664 442/1228/664
f 1015/1229/665 1017/1127/665 1013/1126/665
f 1088/1230/666 1085/1231/666 1100/1232/666
f 482/1137/615 491/1182/642 481/1233/557
f 985/1098/600 447/1217/667 952/1099/388
f 414/313/114 423/312/178 421/1181/238
f 475/1234/668 490/1235/668 1008/1236/668
f 436/1105/597 446/1237/669 430/1043/556
f 1097/1238/670 1096/1239/670 1087/1240/670
f 987/1241/671 980/1242/672 988/1243/673
f 987/1241/671 988/1243/673 991/1244/674
f 1085/1220/616 1082/1245/618 1100/1221/675
f 980/1246/676 997/1247/677 988/1038/678
f 976/1225/569 356/1121/430 996/1248/679
f 441/1249/680 443/1250/680 442/1251/680
f 359/1252/681 365/1253/682 367/1254/683
f 1084/1255/684 1101/1256/684 1019/1257/684
f 429/987/535 977/1106/603 981/1258/685
f 424/808/428 439/1158/629 434/1076/592
f 422/1259/686 365/1260/558 423/1261/687
f 1084/1262/688 1019/1263/689 1086/1264/690
f 1010/1051/579 1013/1265/691 952/1052/580
f 481/1233/557 491/1182/642 365/1266/558
f 952/1020/692 1013/1267/693 1007/1021/694
f 988/1038/678 997/1247/677 991/1039/695
f 977/1106/603 445/1268/696 981/1258/685
f 356/880/430 363/426/467 489/1269/697
f 364/1193/650 367/1254/683 365/1253/682
f 1087/1270/601 1096/1271/698 1081/1272/599
f 1099/1273/699 1088/1274/699 1100/1275/699
f 1082/1276/618 1089/1277/617 1090/1278/700
f 991/1279/701 1016/1280/701 987/1281/701
f 422/1282/702 423/1283/703 371/1284/704
f 1094/1285/561 1102/1286/705 1089/1287/617
f 997/1288/706 995/1289/706 994/1290/706
f 1082/1245/618 1090/1291/700 1100/1221/675
f 1013/1267/693 1017/1292/707 1007/1021/694
f 1079/1293/708 1083/1294/708 1096/1295/708
f 1081/1272/599 1096/1271/698 1083/1296/709
f 432/1048/577 449/1297/710 977/1298/603
f 421/428/711 386/1299/712 489/1269/697
f 363/426/467 421/428/711 489/1269/697
f 431/1223/713 442/1300/714 444/1301/715
f 991/991/537 1016/1302/716 1072/567/305
f 952/489/717 998/1303/718 1013/490/719
f 991/991/720 1017/1304/721 1016/1302/716
f 430/1026/556 449/1297/710 432/1048/577
f 434/1184/643 429/1305/535 450/1306/722
f 1007/1307/723 490/1308/723 989/1309/723
f 436/1093/597 434/1184/643 448/1310/724
f 1014/1311/725 1086/1312/690 1101/1313/726
f 360/1170/635 366/1314/727 422/1168/633
f 1091/1315/728 1095/1316/728 1094/1317/728
f 1089/1287/617 1102/1286/705 1092/1318/729
f 952/1319/730 1007/1320/730 998/1321/730
f 365/1322/731 422/1323/731 371/1324/731
f 977/1298/603 449/1297/710 445/1325/696
f 1019/1263/689 1101/1326/726 1086/1264/690
f 436/1105/597 448/1327/724 446/1237/669
f 991/1039/695 997/1247/677 990/1328/732
f 991/1039/695 990/1328/732 1018/1329/733
f 364/1193/650 422/1192/649 367/1254/683
f 991/1330/608 992/1331/734 993/1332/553
f 980/1246/676 1003/1333/735 997/1247/677
f 434/1184/643 450/1306/722 448/1310/724
f 1014/1311/725 1101/1313/736 1100/1334/737
f 367/1254/683 371/1335/738 359/1252/681
f 430/1026/556 446/1336/669 449/1297/710
f 491/1337/642 423/1261/687 365/1260/558
f 1111/1338/739 873/1339/739 1119/1340/739
f 1088/424/237 1099/1341/740 1093/1342/741
f 1088/424/237 1093/1342/741 1111/425/30
f 1008/1114/607 992/1343/734 991/1115/608
f 1072/567/305 1016/1302/716 1022/1344/742
f 1072/1345/743 1021/1346/743 1098/1347/743
f 991/1348/744 1018/1349/744 1017/1350/744
f 1089/1277/617 1092/1351/729 1090/1278/700
f 1094/1352/745 1095/1353/745 1102/1354/745
f 989/902/477 490/1355/521 438/976/526
f 1097/1356/746 1072/1357/746 1098/1358/746
f 1015/1157/628 1100/1156/627 1017/1359/747
f 1017/1360/748 490/1361/748 1007/1362/748
f 996/1248/679 356/1121/430 447/1363/749
f 994/1364/750 995/1365/750 1000/1366/750
f 1096/1367/751 1097/1368/751 1098/1369/751
f 997/1370/752 994/1371/753 451/1372/753
f 365/1183/558 172/1373/754 456/1374/755
f 1007/1375/756 447/1376/756 490/1377/756
f 365/1183/558 456/1374/755 424/808/428
f 1007/1378/757 490/1379/757 998/1380/757
f 423/1381/758 359/1382/681 379/1383/759
f 356/1121/430 489/1384/697 447/1363/749
f 429/1305/535 981/1385/685 450/1306/722
f 996/1386/679 447/1217/749 976/1216/569
f 1091/1387/544 1096/1388/620 1098/1389/760
f 995/1390/761 997/1391/761 1003/1392/761
f 980/1393/762 439/1394/762 456/1395/762
f 448/1396/724 449/1397/710 446/1398/669
f 469/677/358 440/1399/655 355/678/153
f 981/1400/685 449/1397/710 450/1401/722
f 448/1396/724 450/1401/722 449/1397/710
f 981/1400/685 445/1402/696 449/1397/710
f 440/1199/655 976/1017/548 453/1403/763
f 439/1158/629 424/808/428 456/1374/755
f 365/1183/558 371/1404/764 172/1373/754
f 997/1247/677 1003/1333/765 990/1328/732
f 1017/1405/721 1018/1406/766 1016/1302/716
f 1013/1407/767 1100/1408/627 1019/1409/768
f 1092/1410/729 1099/1411/769 1090/1412/700
f 1100/1413/675 1090/1412/700 1099/1411/769
f 431/1223/572 444/1301/571 438/1224/612
f 1100/1408/627 1013/1407/767 1017/1414/747
f 1019/1415/770 1100/1416/770 1101/1417/770
f 422/1418/771 366/1419/771 367/1420/771
f 1111/425/30 1093/1342/741 873/1421/772
f 1101/1422/773 1017/1423/774 1013/1424/773
f 1101/1422/773 1013/1424/773 1019/1425/775
f 1091/1387/544 1098/1389/760 1095/1426/776
f 993/1332/553 992/1331/734 983/1427/590
f 980/1428/676 456/1429/777 1003/1430/735
f 998/1431/778 490/1432/779 368/1433/780
f 1101/1434/781 1020/1435/781 1017/1436/781
f 994/1371/753 1000/1437/782 451/1372/753
f 1019/833/529 1013/490/719 1027/1438/783
f 1095/1439/776 1098/1440/760 1021/1441/784
f 1092/1442/785 1102/1443/785 1099/1444/785
f 368/1445/780 999/1446/786 998/1447/778
f 1092/1448/787 1099/1449/787 1103/1450/787
f 447/1451/788 489/1452/788 490/1453/788
f 1021/1454/789 1072/1455/789 1022/1456/789
f 368/1457/780 375/1458/790 440/1459/655
f 368/1460/780 489/1269/697 375/1461/790
f 1019/833/529 1027/1438/783 1026/1462/530
f 1093/1342/741 1099/1341/740 873/1421/772
f 423/1463/791 489/1269/697 368/1460/780
f 368/1457/780 440/1459/655 453/1464/763
f 990/1465/792 451/1466/792 1003/1467/792
f 368/1468/793 371/1284/794 423/1283/791
f 1017/1469/795 1020/1470/795 490/1471/795
f 983/1472/796 992/1473/796 491/1474/796
f 489/1475/797 423/1476/797 490/1477/797
f 386/1299/712 373/1478/798 489/1269/697
f 359/1382/681 371/1479/738 379/1383/759
f 423/1480/799 491/1481/799 490/1482/799
f 992/1483/800 490/1484/800 491/1485/800
f 992/1486/801 1008/1487/801 490/1488/801
f 451/1489/802 371/1490/802 368/1491/802
f 451/1492/803 368/1433/780 1020/1493/804
f 456/1429/777 1006/1494/805 1003/1430/735
f 1020/1493/804 368/1433/780 490/1432/779
f 451/1495/806 464/1496/807 371/1497/808
f 1003/1498/809 1000/1499/809 995/1500/809
f 1018/1501/766 1021/1441/784 1022/1502/742
f 1018/1501/766 1099/1503/740 1095/1439/776
f 1022/1344/742 1016/1302/716 1018/1406/766
f 1021/1441/784 1018/1501/766 1095/1439/776
f 1095/1504/810 1099/1505/810 1102/1506/810
f 1099/1341/740 1104/1507/811 873/1421/772
f 451/1508/803 1020/1509/804 745/1510/812
f 976/1511/813 447/1512/813 452/1513/813
f 1018/1514/766 1023/1515/814 1099/1516/740
f 1101/1517/256 1024/1518/815 1020/1519/816
f 386/1299/712 369/1520/817 373/1478/798
f 1101/1517/256 1105/1521/818 1024/1518/815
f 452/1522/819 368/1457/780 453/1464/763
f 873/539/295 1105/1523/818 1101/456/256
f 976/1524/820 452/1525/820 453/1526/820
f 1119/579/314 873/1527/821 1048/580/206
f 1023/1515/814 874/1528/822 1099/1516/740
f 1018/1514/766 1032/1529/823 1025/1530/824
f 1013/1531/719 998/1447/718 1027/1532/783
f 1018/1514/766 1025/1530/824 1023/1515/814
f 873/539/295 881/1533/825 1105/1523/818
f 489/1269/697 373/1478/798 369/1520/817
f 366/1534/826 370/1535/827 367/1254/683
f 370/1536/828 381/1537/829 376/1538/830
f 376/1538/830 379/1539/831 370/1536/828
f 451/1495/806 1004/1540/832 464/1496/807
f 376/1538/830 371/1541/833 379/1539/831
f 370/1536/828 366/1542/834 381/1537/829
f 423/1381/758 379/1383/759 382/1543/835
f 423/1544/836 382/1545/836 378/1546/836
f 371/1547/837 378/1548/837 423/1549/837
f 374/1550/838 372/1551/839 382/1552/840
f 368/1457/780 452/1522/819 999/1553/786
f 998/1554/841 1027/1555/841 1020/1556/841
f 382/1557/842 373/1558/843 423/1559/844
f 374/1560/838 382/1561/840 378/1562/845
f 378/1562/846 380/1563/847 375/1564/848
f 378/1562/846 375/1564/848 374/1560/849
f 372/1565/850 373/1566/850 382/1567/850
f 380/1563/851 378/1562/852 371/1568/853
f 375/1569/848 380/1570/854 374/1571/849
f 1018/1329/733 990/1328/732 745/1572/855
f 376/1573/856 139/1574/856 387/1575/856
f 998/1447/778 999/1446/786 1027/1532/857
f 423/1576/844 373/1577/843 377/1578/858
f 874/1528/822 1023/1515/814 1025/1530/824
f 990/1328/732 451/1579/859 745/1572/855
f 378/1580/860 372/1581/861 374/1571/862
f 371/1335/738 367/1254/683 379/1582/863
f 378/1580/864 374/1571/849 380/1570/854
f 489/1269/697 369/1520/817 375/1461/790
f 367/1254/683 370/1535/827 379/1582/863
f 1099/1341/740 874/1583/822 1104/1507/811
f 366/1584/865 384/1585/866 381/1586/829
f 380/1587/867 462/1588/867 378/1589/867
f 452/1590/868 338/1591/868 1004/1592/868
f 453/1593/869 459/1594/870 452/1595/871
f 1105/1596/818 1026/1597/530 1024/1598/815
f 1024/1598/815 1026/1597/530 1027/1599/783
f 376/1600/830 381/1601/829 139/1602/872
f 1024/1603/873 1020/1604/874 1027/1605/875
f 378/1606/876 382/1607/876 372/1608/876
f 454/1609/877 1006/1610/878 342/1611/879
f 454/1609/877 455/1612/880 1006/1610/878
f 423/1613/881 382/1614/881 383/1613/881
f 460/1615/882 454/1609/877 342/1611/879
f 1105/1616/883 878/1617/883 1026/1618/883
f 1001/1619/884 999/1620/786 1002/1621/885
f 456/1429/777 458/1622/886 1006/1494/805
f 999/1623/786 452/1624/819 1002/1625/885
f 461/1626/887 460/1615/882 342/1611/879
f 1002/1625/885 452/1624/819 1004/1627/832
f 1006/1494/805 458/1622/886 343/1628/888
f 451/1629/889 1000/1630/889 1003/1631/889
f 459/1632/890 463/1633/890 338/1634/890
f 451/1508/806 1001/1635/884 1004/1636/832
f 464/1637/807 1004/1638/832 343/1639/888
f 380/1640/891 375/1641/891 462/1642/891
f 456/1643/892 461/1644/892 347/1645/892
f 1004/1627/832 1001/1646/884 1002/1625/885
f 370/1647/893 382/1648/835 379/1649/759
f 1028/1650/894 1029/1651/895 751/1652/896
f 917/1653/897 1034/1654/898 884/1655/899
f 917/1653/897 884/1655/899 756/1656/900
f 1028/1650/894 1030/1657/901 1029/1651/895
f 1105/1523/818 881/1533/825 878/1658/902
f 376/1659/903 140/1660/903 371/1661/903
f 366/1662/904 383/1663/904 384/1664/904
f 355/1665/905 83/1666/906 360/1667/635
f 366/1668/907 370/1669/908 383/1670/909
f 457/1671/910 459/1594/870 453/1593/869
f 464/1637/807 343/1639/888 458/1672/886
f 380/1673/851 371/1674/853 462/1675/911
f 1004/1676/832 452/1677/912 1005/1678/913
f 338/1679/914 1004/1680/914 463/1681/914
f 464/1682/915 458/1683/915 347/1684/915
f 1031/1685/916 838/1686/917 1025/1687/824
f 1025/1687/824 1032/1688/823 1031/1685/916
f 1104/1507/811 881/1689/918 873/1421/772
f 838/1690/919 1033/1691/920 836/1692/921
f 841/1693/922 838/1690/919 836/1692/921
f 1104/1507/811 874/1583/822 881/1689/918
f 456/1429/777 347/1694/923 458/1622/886
f 1018/1329/733 745/1572/855 1032/1695/924
f 372/1696/925 388/1697/925 374/1698/925
f 837/1699/926 838/1690/919 841/1693/922
f 1033/1700/927 838/1701/927 705/1702/927
f 836/1703/921 1033/1704/920 704/1705/928
f 1020/1509/804 1024/1706/929 745/1510/812
f 338/1707/930 339/1708/930 459/1709/930
f 1034/1710/931 883/1711/931 884/1712/931
f 874/1713/822 838/1686/917 877/1714/932
f 452/1677/912 744/1715/933 1005/1678/913
f 451/1579/934 1003/1716/735 745/1572/855
f 1025/1687/824 838/1686/917 874/1713/822
f 382/1557/935 385/1717/936 373/1558/843
f 1018/1718/937 1032/1719/937 740/1720/937
f 382/1721/938 383/1722/938 370/1723/938
f 463/1724/939 457/1725/939 459/1726/939
f 376/1727/940 387/1728/940 140/1729/940
f 451/1508/806 745/1510/941 1001/1635/884
f 172/1730/754 347/1731/942 456/1732/755
f 836/1733/921 704/1734/928 841/1735/922
f 877/1736/932 875/1737/943 874/1738/822
f 455/1739/880 454/1740/877 336/1741/944
f 837/1742/945 875/1743/945 838/1744/945
f 379/1745/946 383/1670/947 370/1669/948
f 459/1746/949 339/1747/949 463/1748/949
f 461/1749/950 138/1750/950 460/1751/950
f 874/1738/822 875/1737/943 876/1752/951
f 374/1753/952 86/1754/952 388/1755/952
f 378/1756/953 462/1757/953 371/1758/953
f 837/1759/954 841/1760/954 880/1761/954
f 381/1586/829 384/1585/866 91/1762/955
f 366/1314/727 360/1170/635 383/1763/956
f 454/1740/877 460/1764/882 337/1765/957
f 338/1766/958 463/1767/959 339/1768/960
f 744/1715/933 741/1769/961 1005/1678/913
f 877/1770/932 838/1771/917 875/1772/943
f 1006/1773/962 343/1774/962 342/1775/962
f 1003/1716/735 1006/1776/805 343/1777/963
f 375/1461/790 369/1520/817 440/1778/655
f 878/1779/902 662/1780/964 1026/1781/965
f 381/1601/829 91/1782/955 139/1602/872
f 1031/1783/966 857/1784/966 838/1785/966
f 1006/1786/878 455/1787/880 343/1788/967
f 1003/1716/735 343/1777/963 741/1789/968
f 1024/1603/929 1027/1605/969 768/1790/970
f 883/1791/971 758/1792/972 879/1793/973
f 1003/1716/735 741/1789/968 745/1572/855
f 387/1574/974 140/1794/974 139/1575/974
f 455/1787/880 336/1795/944 343/1788/967
f 878/1796/902 881/1797/825 662/1798/964
f 1030/1799/975 768/1800/975 1029/1801/975
f 347/1802/976 342/1803/976 461/1804/976
f 1001/1619/884 742/1805/977 999/1620/786
f 841/1806/922 839/1807/978 840/1808/979
f 460/1764/882 138/1809/980 337/1765/957
f 452/1810/981 341/1811/981 744/1812/981
f 837/1813/982 880/1814/983 875/1815/984
f 1029/1816/985 768/1817/985 751/1818/985
f 881/1819/918 874/1820/822 882/1821/986
f 745/1822/855 740/1823/987 1032/1824/924
f 371/1825/988 144/1826/988 462/1827/988
f 880/1828/989 841/1829/989 840/1830/989
f 454/1740/877 337/1765/957 336/1741/944
f 745/1822/855 741/1831/968 740/1823/987
f 372/1832/990 84/1833/991 388/1834/992
f 1034/1835/898 879/1836/993 883/1837/994
f 873/1838/995 895/1839/996 881/1797/997
f 373/1577/843 385/1840/936 377/1578/858
f 1005/1678/913 343/1841/888 1004/1676/832
f 343/1841/888 1005/1678/913 741/1769/961
f 377/1842/998 383/1843/998 423/1843/998
f 742/1844/999 752/1845/999 999/1846/999
f 388/1847/1000 84/1848/1000 374/1849/1000
f 874/1820/822 876/1850/951 882/1821/986
f 385/1851/1001 107/1852/1001 372/1853/1001
f 343/1854/1002 741/1855/961 285/1856/1003
f 883/1837/1004 879/1836/1005 884/1857/899
f 371/1858/1006 141/1859/1006 144/1860/1006
f 371/1497/808 464/1496/807 173/1861/1007
f 377/1578/858 385/1840/936 383/1576/1008
f 383/1862/947 379/1863/946 105/1864/1009
f 840/1865/1010 839/1866/1010 843/1867/1010
f 462/1868/1011 87/1869/1011 144/1870/1011
f 372/1871/1012 388/1872/1012 385/1873/1012
f 1030/1874/901 753/1875/1013 768/1876/1014
f 1033/1704/920 706/1877/1015 704/1705/928
f 839/1878/978 842/1879/1016 843/1880/1017
f 343/1881/1018 285/1882/1019 720/1883/1020
f 457/1884/1021 463/1885/1021 340/1886/1021
f 875/1815/984 880/1814/983 890/1887/1022
f 741/1888/961 744/1889/933 763/1890/1023
f 1001/1891/1024 745/1892/1024 742/1893/1024
f 457/1894/1025 137/1895/1025 340/1896/1025
f 841/1806/922 704/1897/928 839/1807/978
f 745/1898/812 746/1899/1026 742/1900/1027
f 840/1901/1028 842/1902/1016 880/1903/983
f 882/1821/986 876/1850/951 885/1904/1029
f 1033/1905/1030 705/1906/1030 706/1907/1030
f 840/1901/1028 843/1908/1017 842/1902/1016
f 371/1479/1031 85/1909/1032 379/1383/946
f 1024/1706/929 768/1910/970 745/1510/812
f 371/1911/1033 141/1912/1033 172/1913/1033
f 880/1903/983 842/1902/1016 845/1914/1034
f 463/1915/1035 339/1916/1036 340/1917/1037
f 741/1918/1038 343/1881/1018 720/1883/1020
f 341/1919/1039 452/1920/1040 288/1921/1041
f 1027/1532/857 999/1446/786 748/1922/1042
f 744/1889/933 743/1923/1043 763/1890/1023
f 1032/1924/823 740/1925/1044 1031/1926/916
f 1027/1927/1045 748/1928/1045 768/1929/1045
f 707/1930/1046 750/1931/1047 710/1932/1048
f 743/1933/1043 744/1934/933 341/1935/1039
f 382/1557/935 383/1936/1049 385/1717/936
f 337/1765/957 138/1809/980 348/1937/1050
f 710/1932/1048 750/1931/1047 713/1938/1051
f 371/1939/1031 148/1940/1052 85/1941/1032
f 890/1942/1022 880/1903/983 845/1914/1034
f 745/1943/812 768/1944/970 746/1945/1026
f 741/1855/961 763/1946/1023 285/1856/1003
f 379/1863/946 85/1941/1032 105/1864/1009
f 374/1947/1053 84/1948/1053 86/1949/1053
f 707/1950/1054 741/1951/1054 750/1952/1054
f 1030/1953/901 688/1954/1055 747/1955/1056
f 463/1956/1057 340/1957/1057 296/1958/1057
f 342/1959/1058 343/1960/1059 285/1961/1060
f 138/1962/980 461/1963/1061 348/1964/1050
f 342/1959/1058 344/1965/1062 349/1966/1063
f 342/1959/1058 349/1966/1063 461/1967/1061
f 140/1968/1064 139/1969/1064 102/1970/1064
f 875/1737/943 899/1971/1065 896/1972/1066
f 885/1904/1029 876/1850/951 896/1973/1066
f 388/1974/1067 87/1975/1067 88/1976/1067
f 371/1977/1068 140/1978/1069 141/1979/1070
f 875/1737/943 896/1972/1066 876/1752/951
f 385/1980/1071 104/1981/1071 383/1982/1071
f 371/1983/1031 141/1984/1072 148/1985/1052
f 707/1986/1073 740/1987/1073 741/1988/1073
f 707/1989/1046 710/1990/1048 714/1991/1074
f 1030/1953/901 1028/1992/894 688/1954/1055
f 917/1993/897 886/1994/1075 1034/1995/898
f 1031/1996/1076 711/1997/1076 857/1998/1076
f 887/1999/1077 893/2000/1078 882/2001/986
f 889/2002/1079 849/2003/1080 888/2004/1081
f 888/2005/1082 849/2006/1082 844/2007/1082
f 385/2008/1083 388/2009/1084 107/2010/1085
f 95/2011/1086 96/2012/1087 143/2013/1088
f 95/2011/1086 143/2013/1088 90/2014/1089
f 89/2015/1090 96/2012/1087 95/2011/1086
f 999/2016/786 752/2017/1091 748/2018/1042
f 889/2002/1079 887/1999/1077 849/2003/1080
f 889/2002/1079 893/2000/1078 887/1999/1077
f 447/2019/1092 749/2020/1093 452/2021/1040
f 888/2022/1081 900/2023/1094 889/2024/1079
f 1031/1926/916 740/1925/1044 711/2025/1095
f 746/1899/1026 755/2026/1096 742/1900/1027
f 90/2027/1089 142/2028/1097 95/2029/1086
f 881/1819/918 882/1821/986 895/2030/1098
f 917/1993/897 643/2031/1099 886/1994/1075
f 875/2032/984 890/2033/1022 838/2034/1100
f 741/2035/1101 720/2036/1101 750/2037/1101
f 463/1767/1102 286/2038/1103 339/1768/1104
f 748/2039/1105 751/2040/1106 768/2041/1107
f 347/2042/942 344/2043/1108 464/2044/807
f 91/2045/955 384/2046/866 101/2047/1109
f 84/1833/991 372/1832/990 107/2048/1110
f 371/1983/808 173/2049/1007 141/1984/1111
f 740/2050/1112 707/1989/1046 714/1991/1074
f 750/2051/1113 708/2052/1113 713/2053/1113
f 461/1963/1061 349/2054/1063 348/1964/1050
f 882/2001/986 885/2055/1029 887/1999/1077
f 755/2056/1096 746/2057/1026 768/2058/1114
f 705/2059/1115 839/1878/978 704/2060/928
f 440/2061/655 369/2062/817 149/2063/1116
f 742/1900/1027 755/2026/1096 752/2064/1117
f 1048/2065/545 657/2066/1118 447/2067/546
f 842/2068/1119 705/2069/1119 845/2070/1119
f 704/2060/928 706/2071/1015 705/2059/1115
f 710/1990/1048 709/2072/1120 714/1991/1074
f 345/2073/1121 288/1921/1041 452/1920/1040
f 890/2074/1122 845/2075/1122 705/2076/1122
f 92/2077/1123 93/2078/1124 94/2079/1125
f 838/1771/1126 857/2080/1127 875/1772/1128
f 753/2081/1129 754/2082/1129 768/2083/1129
f 838/2084/1130 890/2085/1130 705/2086/1130
f 343/2087/967 336/2088/944 285/2089/1131
f 172/1730/754 296/2090/1132 347/1731/942
f 92/2091/1133 94/2092/1133 95/2093/1133
f 89/2094/1090 109/2095/1134 96/2096/1087
f 384/2046/866 37/2097/1135 101/2047/1109
f 1034/1835/898 891/2098/1136 879/1836/993
f 750/2099/1137 720/2100/1137 708/2101/1137
f 882/2001/986 893/2000/1078 895/2102/1098
f 388/2009/1138 86/2103/1139 84/2104/1140
f 89/2094/1090 97/2105/1141 109/2095/1134
f 1030/1874/901 747/2106/1056 753/1875/1013
f 92/2107/1123 112/2108/1142 93/2109/1124
f 440/2110/655 147/2111/1143 355/2112/153
f 143/2113/1088 142/2114/1097 90/2115/1089
f 1004/2116/1144 346/2117/1144 284/2118/1144
f 848/2119/1145 846/2120/1145 867/2121/1145
f 716/2122/1146 710/2123/1146 718/2124/1146
f 848/2125/1147 860/2126/1147 846/2127/1147
f 895/1839/1148 690/2128/1149 881/1797/825
f 849/2129/1080 887/2130/1077 892/2131/1150
f 768/1944/1151 548/2132/1152 746/1945/1153
f 710/2133/1154 709/2134/1154 718/2135/1154
f 873/2136/1155 690/2137/1155 1048/2138/1155
f 893/2139/1078 889/2024/1079 894/2140/1156
f 1034/1835/898 886/2141/1075 891/2098/1136
f 867/2142/1157 847/2143/1157 848/2144/1157
f 848/2145/1158 847/2146/1158 860/2147/1158
f 710/1990/1159 716/2148/1160 717/2149/1161
f 383/2150/1162 124/2151/1162 423/2152/1162
f 100/2153/1163 98/2154/1163 93/2155/1163
f 340/2156/1037 286/2038/1103 463/1767/1102
f 839/1878/978 705/2059/1115 842/1879/1016
f 893/2157/1164 894/2158/1164 895/2159/1164
f 885/2160/1029 896/2161/1066 887/2130/1077
f 755/2056/1096 768/2058/1114 748/2162/1165
f 887/2130/1077 896/2161/1066 897/2163/1166
f 889/2024/1079 900/2023/1094 894/2140/1156
f 768/2164/1167 754/2165/1167 757/2166/1167
f 96/2167/1168 109/2168/1168 143/2169/1168
f 881/1797/825 690/2128/1149 662/1798/964
f 879/1793/1169 758/1792/1170 927/2170/1171
f 887/2130/1077 897/2163/1166 892/2131/1150
f 464/2171/807 296/2172/1172 173/2173/1007
f 440/2174/1173 149/2175/1173 147/2176/1173
f 1028/2177/1174 751/2178/1174 748/2179/1174
f 748/2018/1042 752/2017/1091 743/1933/1043
f 342/1959/1058 285/1961/1060 344/1965/1062
f 388/2009/1084 84/2104/1175 107/2010/1085
f 849/2180/1080 892/2181/1150 844/2182/1176
f 89/2183/1090 95/2184/1086 97/2185/1141
f 340/1917/1037 339/1916/1036 286/2186/1103
f 860/2187/1177 847/2188/1177 855/2189/1177
f 369/2062/817 108/2190/1178 149/2063/1116
f 846/2191/1179 850/2192/1180 867/2193/1181
f 846/2191/1179 851/2194/1182 850/2192/1180
f 884/1857/899 879/1836/1005 927/2195/1183
f 768/2041/1184 760/2196/1185 748/2039/1165
f 140/1978/1069 102/2197/1186 141/1979/1070
f 857/2080/1127 898/2198/1187 875/1772/1128
f 339/1768/1188 286/2038/1189 283/2199/1190
f 95/2029/1086 112/2200/1142 92/2201/1123
f 855/2202/1191 857/2203/1191 860/2204/1191
f 93/2078/1124 100/2205/1192 94/2079/1125
f 710/2206/1193 713/2207/1193 718/2208/1193
f 888/2209/1081 844/2210/1194 852/2211/1195
f 844/2212/1196 853/2213/1197 858/2214/1198
f 383/2215/1199 105/2216/1200 103/2217/1201
f 853/2213/1202 854/2218/1203 858/2214/1204
f 752/2219/1205 755/2220/1205 743/2221/1205
f 710/1990/1159 717/2149/1206 709/2072/1207
f 756/2222/1208 663/2223/1208 917/2224/1208
f 85/1941/1032 99/2225/1209 105/1864/1009
f 884/2226/899 927/2227/1183 756/2228/900
f 112/2108/1142 100/2229/1210 93/2109/1124
f 844/2212/1196 858/2214/1198 852/2230/1211
f 141/2231/1212 173/2232/1212 110/2233/1212
f 347/2234/942 296/2235/1132 344/2236/1108
f 756/2228/900 927/2227/1183 663/2237/1213
f 754/2238/1214 753/1875/1013 757/2239/1215
f 107/2240/1216 84/2241/1216 108/2242/1216
f 452/2021/1040 749/2020/1093 345/2243/1121
f 857/2244/1217 855/2245/1217 898/2246/1217
f 844/2182/1176 892/2181/1150 859/2247/1218
f 895/2248/1219 873/2249/1219 690/2250/1219
f 464/2044/807 344/2043/1108 296/2251/1172
f 758/2252/1220 879/2253/1220 759/2254/1220
f 95/2184/1086 106/2255/1221 97/2185/1141
f 855/2256/1222 865/2257/1222 898/2258/1222
f 107/2048/1223 104/2259/1224 84/1833/1225
f 91/2260/955 101/2261/1109 139/2262/872
f 95/2263/1226 94/2264/1226 106/2265/1226
f 846/2266/1179 868/2267/1227 851/2268/1182
f 860/2269/1228 868/2267/1227 846/2266/1179
f 384/2270/1229 383/2271/1229 37/2272/1229
f 383/2273/956 360/2274/635 37/2275/1230
f 139/2262/872 101/2261/1109 102/2276/1186
f 888/2209/1081 852/2211/1195 863/2277/1231
f 856/2278/1232 861/2279/1233 857/2280/1234
f 844/2281/1196 852/2282/1211 853/2283/1197
f 857/2284/1235 711/2285/1235 856/2286/1235
f 763/2287/1023 743/2288/1043 762/2289/1236
f 86/2290/1237 145/2291/1237 84/2292/1237
f 888/2209/1081 863/2277/1231 900/2293/1094
f 105/1864/1009 99/2225/1209 37/2294/1135
f 748/2295/1165 760/2296/1185 755/2297/1096
f 875/2298/1238 905/2299/1238 899/2300/1238
f 369/2301/1239 386/2302/1239 108/2303/1239
f 853/2283/1197 852/2282/1211 858/2304/1198
f 337/1765/957 348/1937/1050 350/2305/1240
f 144/2306/1241 141/2307/1241 146/2308/1241
f 844/2210/1242 847/2309/1243 852/2211/1244
f 95/2029/1086 142/2028/1097 112/2200/1142
f 844/2310/1176 859/2311/1218 852/2312/1195
f 743/2288/1043 755/2313/1096 762/2289/1236
f 285/1961/1245 294/2314/1246 344/1965/1062
f 124/2315/1247 103/2316/1247 383/2317/1247
f 856/2318/1248 711/2319/1248 712/2320/1248
f 85/2321/1249 99/2322/1249 114/2323/1249
f 748/2018/1042 771/2324/1250 1028/2325/894
f 104/2326/1251 124/2327/1251 383/2328/1251
f 857/2280/1234 861/2279/1233 781/2329/1252
f 875/1772/1128 898/2198/1187 905/2330/1253
f 902/2331/1254 899/2332/1065 898/2333/1255
f 896/1972/1066 899/1971/1065 902/2334/1254
f 285/2335/1003 763/2336/1023 764/2337/1256
f 345/2338/1257 282/2339/1257 288/2340/1257
f 337/1765/957 350/2305/1240 353/2341/1258
f 894/2342/1156 900/2343/1094 901/2344/1259
f 105/2345/1260 37/2346/1260 383/2347/1260
f 860/2348/1228 857/2349/1234 781/2350/1252
f 106/2351/1261 100/2352/1261 97/2353/1261
f 106/2354/1262 94/2355/1262 100/2356/1262
f 348/2357/1263 349/2358/1263 350/2359/1263
f 855/2360/1264 847/2361/1264 781/2362/1264
f 768/2041/1184 769/2363/1265 760/2196/1185
f 896/2364/1066 902/2365/1254 910/2366/1266
f 336/1741/944 337/1765/957 351/2367/1267
f 383/2215/1268 103/2217/1269 104/2368/1270
f 141/2369/1271 146/2370/1272 103/2371/1272
f 85/1941/1273 148/1940/1274 99/2225/1209
f 708/2372/1275 719/2373/1276 713/2374/1277
f 87/2375/1278 146/2376/1278 141/2377/1278
f 855/2378/1279 781/2379/1279 865/2380/1279
f 714/2381/1280 709/2382/1280 715/2383/1280
f 107/2384/1281 108/2385/1281 104/2386/1281
f 383/2387/1282 423/2388/1282 125/2389/1282
f 97/2390/1283 100/2391/1283 109/2392/1283
f 85/2393/1284 148/2394/1285 141/2395/1286
f 716/2396/1287 718/2397/1287 717/2398/1287
f 383/2399/1288 114/2400/1288 124/2401/1288
f 147/2402/1289 149/2403/1289 145/2404/1289
f 143/2113/1088 109/2405/1290 142/2114/1097
f 87/2406/1291 146/2407/1291 145/2408/1291
f 285/1882/1019 294/2409/1292 720/1883/1020
f 768/2041/1184 757/2410/1215 769/2363/1265
f 85/2393/1293 114/2411/1294 148/2394/1295
f 336/2088/944 351/2412/1267 285/2089/1131
f 891/2098/1136 886/2141/1075 879/1836/993
f 713/2374/1277 719/2373/1276 718/2413/1296
f 85/2414/1284 110/2415/1297 114/2416/1298
f 85/2414/1284 141/2417/1286 110/2415/1297
f 141/2418/1299 148/2419/1300 155/2420/1299
f 114/2421/1301 383/2273/1302 37/2275/1303
f 344/2422/1304 285/2423/1304 296/2424/1304
f 141/2425/1305 110/2426/1305 146/2427/1305
f 341/1935/1039 773/2428/1306 743/1933/1043
f 861/2429/1233 856/2430/1232 712/2431/1307
f 862/2432/1308 851/2433/1308 850/2434/1308
f 927/2435/1309 758/2436/1309 759/2437/1309
f 103/2371/1272 146/2370/1272 84/2438/1310
f 852/2312/1195 859/2311/1218 863/2439/1231
f 108/2190/1311 386/2440/1312 111/2441/1313
f 764/2442/1256 761/2443/1314 285/2444/1003
f 104/2445/1315 103/2446/1315 124/2447/1315
f 84/2448/1316 145/2449/1317 149/2450/1318
f 141/2451/1319 103/2452/1319 110/2453/1319
f 84/2454/1320 146/2455/1320 145/2456/1320
f 149/2450/1321 108/2457/1322 84/2448/1323
f 755/2458/1096 772/2459/1324 762/2460/1236
f 708/2372/1275 720/2461/1325 719/2373/1276
f 714/2462/1326 715/2463/1326 740/2464/1326
f 145/2465/1327 146/2466/1327 147/2467/1327
f 900/2293/1094 863/2277/1231 864/2468/1328
f 662/1780/964 903/2469/1329 1026/1781/965
f 718/2470/1330 709/2471/1330 717/2472/1330
f 148/2473/1331 114/2474/1331 155/2475/1331
f 851/2476/1182 868/2477/1227 850/2478/1180
f 718/2479/1332 719/2480/1333 709/2481/1334
f 895/2482/1335 894/2342/1156 906/2483/1336
f 103/2484/1337 84/2485/1338 110/2486/1339
f 892/2487/1150 897/2488/1166 864/2489/1328
f 103/2484/1340 104/2490/1341 84/2485/1342
f 892/2491/1150 864/2492/1328 859/2493/1218
f 110/2494/1343 84/2495/1343 146/2496/1343
f 285/2497/1344 293/2498/1344 296/2499/1344
f 341/1935/1039 288/2500/1041 773/2428/1306
f 84/2485/1345 104/2490/1346 108/2501/1347
f 142/2502/1097 109/2503/1290 112/2504/1142
f 100/2505/1210 112/2504/1142 109/2503/1290
f 757/2239/1215 747/2106/1056 533/2506/1348
f 757/2239/1215 753/1875/1013 747/2106/1056
f 900/2507/1349 864/2508/1349 901/2509/1349
f 110/2510/1350 173/2173/1007 296/2172/1172
f 285/2444/1003 761/2443/1314 293/2511/1351
f 662/2512/1352 690/2513/1352 904/2514/1352
f 172/2515/1353 141/2516/1353 296/2517/1353
f 748/2018/1042 743/1933/1043 773/2428/1306
f 879/1836/1354 928/2518/1355 927/2195/1356
f 898/2519/1357 899/2520/1357 905/2521/1357
f 148/2522/1274 141/2523/1070 102/2524/1186
f 99/2525/1209 148/2526/1274 113/2527/1358
f 865/2528/1359 914/2529/1359 898/2530/1359
f 102/2531/1186 113/2527/1358 148/2526/1274
f 113/2527/1358 101/2532/1109 37/2533/1135
f 145/2455/1360 149/2534/1360 146/2456/1360
f 282/2535/1361 345/2536/1361 158/2537/1361
f 860/2348/1228 781/2350/1252 866/2538/1362
f 281/2539/1363 282/2540/1363 158/2541/1363
f 755/2458/1096 760/2542/1185 772/2459/1324
f 113/2527/1358 37/2533/1135 99/2525/1209
f 146/2543/1364 114/2544/1298 110/2545/1297
f 102/2531/1186 101/2532/1109 113/2527/1358
f 114/2546/1365 104/2547/1365 124/2548/1365
f 894/2342/1156 901/2344/1259 906/2483/1336
f 84/2549/1366 149/2550/1366 146/2551/1366
f 896/2552/1066 906/2553/1336 897/2488/1166
f 762/2554/1236 765/2555/1367 763/2556/1023
f 146/2557/1368 149/2558/1368 147/2559/1368
f 344/1965/1062 352/2560/1369 349/1966/1063
f 879/2561/993 886/2562/1075 759/2563/1370
f 337/1765/957 353/2341/1258 351/2367/1267
f 865/2564/1371 870/2565/1371 914/2566/1371
f 104/2567/1372 117/2568/1372 124/2569/1372
f 282/2570/1373 288/2571/1374 284/2572/1375
f 141/2418/1299 155/2420/1299 296/2573/1376
f 865/2574/1377 781/2575/1377 870/2576/1377
f 285/2577/1378 351/2578/1378 294/2579/1378
f 344/1965/1062 294/2314/1246 352/2560/1369
f 353/2580/1258 352/2581/1369 351/2582/1267
f 350/2583/1240 349/2584/1063 352/2581/1369
f 353/2580/1258 350/2583/1240 352/2581/1369
f 746/1945/1153 548/2132/1152 764/2585/1379
f 897/2488/1166 906/2553/1336 901/2586/1259
f 748/2018/1042 773/2428/1306 771/2324/1250
f 863/2587/1231 859/2493/1218 864/2492/1328
f 896/2588/1380 910/2589/1380 906/2590/1380
f 895/2591/1381 906/2592/1381 690/2593/1381
f 114/2594/1382 37/2595/1382 155/2596/1382
f 720/2597/1383 294/2598/1383 721/2599/1383
f 722/2600/1384 721/2601/1384 294/2602/1384
f 902/2331/1254 898/2333/1255 907/2603/1385
f 867/2604/1181 850/2605/1180 847/2606/1386
f 294/2607/1246 351/2582/1267 352/2581/1369
f 284/2572/1375 283/2608/1387 282/2570/1373
f 117/2609/1388 122/2610/1389 124/2611/1390
f 117/2609/1388 124/2611/1391 114/2612/1392
f 146/2543/1393 296/2613/1172 286/2614/1394
f 146/2543/1393 110/2545/1395 296/2613/1172
f 740/2615/1396 715/2616/1396 766/2617/1396
f 283/2618/1190 286/2619/1189 284/2620/1397
f 146/2543/1393 286/2614/1394 162/2621/1398
f 864/2489/1328 897/2488/1166 901/2586/1259
f 902/2365/1399 911/2622/1400 910/2366/1401
f 850/2478/1180 868/2477/1227 871/2623/1402
f 114/2612/1392 146/2624/1364 168/2625/1403
f 114/2612/1392 168/2625/1403 117/2609/1388
f 151/2626/1404 155/2627/1404 166/2628/1404
f 757/2410/1215 533/2629/1348 769/2363/1265
f 285/2630/1405 304/2631/1405 294/2632/1405
f 860/2348/1228 866/2538/1362 868/2633/1227
f 146/2634/1406 150/2635/1406 168/2636/1406
f 870/2637/1407 869/2638/1407 914/2639/1407
f 37/2640/1230 360/2641/635 83/2642/906
f 762/2460/1236 772/2459/1324 765/2643/1367
f 709/2481/1334 719/2480/1333 715/2644/1408
f 296/2645/1409 287/2646/1409 286/2647/1409
f 781/2648/1410 847/2649/1410 866/2650/1410
f 119/2651/1411 115/2652/1412 116/2653/1413
f 720/2654/1414 766/2655/1414 719/2656/1414
f 715/2657/1415 719/2658/1415 766/2659/1415
f 147/2111/1143 157/2660/1416 355/2112/153
f 117/2661/1388 127/2662/1417 122/2663/1389
f 781/2664/1418 783/2665/1418 870/2666/1418
f 286/2667/1394 297/2668/1419 299/2669/1420
f 720/2670/1421 721/2671/1422 726/2672/1423
f 868/2633/1227 866/2538/1362 871/2673/1402
f 284/2620/1424 286/2619/1425 289/2674/1426
f 286/2619/1425 287/2675/1427 289/2674/1426
f 902/2676/1428 905/2677/1428 910/2678/1428
f 1026/2679/622 903/2680/1429 872/2681/623
f 282/2682/1430 158/2683/1430 288/2684/1430
f 740/2685/1044 766/2686/1431 767/2687/1432
f 711/2025/1095 740/1925/1044 767/2688/1432
f 781/2689/1433 861/2690/1433 793/2691/1433
f 906/2692/1434 910/2693/1434 908/2694/1434
f 850/2605/1180 871/2695/1402 847/2606/1386
f 721/2696/1422 722/2697/1435 726/2698/1423
f 746/2699/1153 764/2700/1379 768/2701/1151
f 355/2112/153 157/2660/1416 154/2702/1436
f 908/2703/1437 912/2704/1438 906/2705/1439
f 284/2706/1440 297/2668/1419 286/2667/1394
f 286/2667/1394 299/2669/1420 162/2707/1398
f 864/2708/1441 789/2709/1441 780/2710/1441
f 284/2711/1442 289/2712/1442 293/2713/1442
f 760/2714/1185 769/2715/1265 772/2716/1324
f 759/2563/1370 909/2717/1443 922/2718/1444
f 149/2063/1445 108/2190/1311 118/2719/1446
f 847/2606/1386 871/2695/1402 866/2720/1362
f 149/2063/1445 118/2719/1446 147/2721/1447
f 870/2722/1448 783/2723/1448 869/2724/1448
f 910/2725/1449 905/2726/1450 911/2727/1451
f 146/2728/1393 154/2729/1452 147/2730/1453
f 288/2731/1041 158/2732/1454 290/2733/1455
f 119/2651/1411 166/2734/1456 115/2652/1412
f 911/2735/1451 905/2736/1450 902/2737/1457
f 764/2738/1256 763/2739/1023 770/2740/1458
f 898/2333/1255 914/2741/1459 907/2603/1385
f 864/2742/1460 912/2743/1460 908/2744/1460
f 720/2745/1421 724/2746/1461 766/2686/1431
f 906/2747/1462 923/2748/1462 690/2749/1462
f 166/2750/1463 51/2751/1463 151/2752/1463
f 864/2753/1464 780/2754/1464 918/2755/1464
f 911/2735/1465 902/2737/1466 916/2756/1467
f 781/2757/1468 793/2758/1468 783/2759/1468
f 285/2760/1469 344/2761/1469 292/2762/1469
f 711/2763/1095 802/2764/1470 712/2765/1307
f 759/2563/1370 886/2562/1075 909/2717/1443
f 293/2766/1471 297/2767/1419 284/2768/1440
f 902/2769/1472 907/2770/1472 916/2771/1472
f 152/2772/1473 291/2773/1474 153/2774/1474
f 928/2775/1475 927/2776/1475 663/2777/1475
f 304/2778/1476 285/2779/1476 292/2780/1476
f 764/2700/1379 770/2781/1477 768/2701/1151
f 747/1955/1056 688/1954/1055 538/2782/1478
f 344/2783/1479 333/2784/1479 292/2785/1479
f 296/2786/1480 293/2787/1480 287/2788/1480
f 886/2562/1075 913/2789/1481 909/2717/1443
f 767/2688/1432 723/2790/1482 711/2025/1095
f 782/2791/1483 793/2792/1484 783/2793/1485
f 908/2794/1486 920/2795/1487 864/2796/1488
f 712/2431/1307 802/2797/1470 861/2429/1233
f 344/2236/1489 296/2235/1490 333/2798/1489
f 108/2190/1311 111/2441/1313 118/2719/1446
f 908/2794/1486 910/2799/1491 920/2795/1487
f 711/2763/1095 723/2800/1482 802/2764/1470
f 864/2801/1492 795/2802/1492 789/2803/1492
f 720/2670/1421 726/2672/1423 724/2804/1461
f 152/2805/1493 153/2806/1493 164/2807/1493
f 906/2705/1439 912/2704/1438 923/2808/1494
f 907/2809/1385 914/2810/1459 915/2811/1495
f 722/2812/1435 294/2813/1496 304/2814/1497
f 914/2815/1498 813/2816/1498 788/2817/1498
f 763/2556/1023 765/2555/1367 761/2818/1314
f 907/2809/1385 915/2811/1495 916/2819/1467
f 288/2731/1041 290/2733/1455 773/2820/1306
f 447/2821/1499 657/2822/1499 749/2823/1499
f 158/2732/1454 157/2824/1500 290/2733/1455
f 147/2825/1501 154/2826/1501 157/2827/1501
f 864/2796/1488 920/2795/1487 795/2828/1502
f 864/2829/1503 918/2830/1503 912/2831/1503
f 780/2832/1504 797/2833/1504 918/2834/1504
f 155/2835/1505 174/2836/1505 335/2837/1505
f 548/2838/1506 770/2839/1506 764/2840/1506
f 783/2841/1507 803/2842/1508 869/2843/1509
f 119/2844/1411 167/2845/1510 166/2846/1456
f 914/2847/1511 869/2848/1511 813/2849/1511
f 299/2850/1512 297/2851/1512 311/2852/1512
f 287/2853/1427 295/2854/1513 289/2855/1426
f 292/2856/1514 333/2857/1514 334/2858/1514
f 293/2859/1515 295/2860/1515 287/2861/1515
f 293/2862/1516 289/2863/1516 295/2864/1516
f 296/2865/1517 335/2866/1517 333/2867/1517
f 155/2868/1518 133/2869/1519 120/2870/1520
f 772/2716/1324 536/2871/1521 771/2872/1250
f 295/2873/1522 289/2874/1523 241/2875/1524
f 295/2873/1522 241/2875/1524 335/2876/1525
f 155/2877/1526 335/2878/1526 62/2879/1526
f 335/2880/1525 311/2881/1527 295/2882/1522
f 335/2880/1525 299/2883/1420 311/2881/1527
f 311/2884/1528 297/2885/1528 241/2886/1528
f 241/2887/1524 289/2888/1523 311/2889/1529
f 761/2443/1314 764/2442/1256 770/2890/1458
f 155/2868/1518 37/2891/1230 133/2869/1519
f 772/2892/1324 771/2893/1250 765/2894/1367
f 765/2894/1367 771/2893/1250 773/2895/1306
f 783/2896/1530 784/2897/1530 803/2898/1530
f 241/2899/1531 333/2900/1531 335/2901/1531
f 914/2902/1532 788/2903/1532 915/2904/1532
f 241/2905/1533 297/2906/1419 298/2907/1534
f 911/2622/1535 931/2908/1536 910/2366/1537
f 241/2909/1538 334/2910/1538 333/2911/1538
f 116/2912/1539 123/2913/1539 119/2914/1539
f 911/2915/1465 916/2916/1467 915/2917/1495
f 289/2855/1523 295/2854/1540 334/2918/1541
f 311/2889/1529 289/2888/1523 334/2919/1541
f 911/2915/1465 915/2917/1495 925/2920/1542
f 915/2917/1495 788/2921/1543 925/2920/1542
f 910/2922/1544 931/2923/1544 920/2924/1544
f 295/2925/1545 311/2926/1545 324/2927/1545
f 307/2928/1546 292/2929/1547 333/2930/1548
f 335/2931/1525 229/2932/1549 299/2933/1420
f 765/2555/1367 535/2934/1550 761/2818/1314
f 783/2793/1551 793/2792/1552 784/2935/1553
f 724/2746/1461 767/2687/1432 766/2686/1431
f 300/2936/1554 333/2930/1548 335/2937/1555
f 301/2938/1556 307/2928/1546 305/2939/1557
f 304/2814/1497 725/2940/1558 722/2812/1435
f 166/2734/1456 121/2941/1559 115/2652/1412
f 300/2942/1554 322/2943/1560 302/2944/1561
f 302/2945/1561 305/2939/1557 333/2930/1548
f 333/2930/1548 305/2939/1557 307/2928/1546
f 157/2824/1500 182/2946/1562 290/2733/1455
f 763/2739/1023 761/2947/1314 770/2740/1458
f 345/2948/1121 749/2949/1093 158/2950/1563
f 869/2843/1509 803/2842/1508 813/2951/1564
f 773/2952/1306 776/2953/1565 765/2555/1367
f 793/2954/1566 861/2955/1566 787/2956/1566
f 302/2945/1561 333/2930/1548 300/2936/1554
f 917/2957/1567 663/2958/1568 643/2959/1569
f 769/2960/1570 538/2961/1570 688/2962/1570
f 122/2963/1389 123/2964/1571 124/2965/1390
f 793/2966/1572 786/2967/1572 784/2968/1572
f 127/2662/1417 123/2969/1571 122/2663/1389
f 297/2767/1419 293/2766/1471 303/2970/1573
f 297/2906/1419 303/2971/1573 298/2907/1534
f 1028/2325/894 771/2324/1250 536/2972/1521
f 765/2555/1367 776/2953/1565 535/2934/1550
f 918/2973/1574 919/2974/1575 912/2975/1438
f 166/2734/1456 36/2976/1576 121/2941/1559
f 722/2697/1435 725/2977/1558 726/2698/1423
f 788/2978/1577 813/2979/1578 793/2980/1579
f 769/2981/1580 533/2982/1580 538/2983/1580
f 795/2984/1502 920/2985/1487 919/2986/1575
f 725/2987/1558 724/2988/1461 726/2989/1423
f 304/2990/1497 724/2988/1461 725/2987/1558
f 292/2991/1581 334/2992/1581 304/2993/1581
f 305/2994/1557 319/2995/1582 301/2996/1556
f 789/2997/1583 795/2998/1583 785/2999/1583
f 116/3000/1413 115/3001/1412 123/3002/1584
f 117/2661/1388 126/3003/1585 127/2662/1417
f 904/3004/1586 690/3005/1587 921/3006/1588
f 295/3007/1589 324/3008/1589 334/3009/1589
f 793/2980/1579 813/2979/1578 786/3010/1590
f 423/3011/1591 125/3012/1591 82/3013/1591
f 724/3014/1592 774/3015/1592 767/3016/1592
f 730/3017/1593 774/3018/1594 724/3019/1595
f 730/3017/1593 728/3020/1596 774/3018/1594
f 923/3021/1494 912/2975/1438 926/3022/1597
f 298/2907/1534 303/2971/1573 241/2905/1533
f 290/2733/1455 534/3023/1598 773/2820/1306
f 160/3024/1599 159/3025/1600 156/3026/1601
f 169/3027/1602 156/3026/1601 159/3025/1600
f 728/3020/1596 730/3017/1593 727/3028/1603
f 423/3029/1604 82/3030/1604 386/3031/1604
f 147/2721/1447 118/2719/1446 39/3032/1605
f 728/3033/1606 727/3034/1606 736/3035/1606
f 155/3036/1607 151/3037/1607 73/3038/1607
f 784/3039/1608 786/3040/1608 803/3041/1608
f 861/3042/1609 802/3043/1609 787/3044/1609
f 126/3045/1610 127/3046/1610 118/3047/1610
f 334/3048/1611 241/3049/1611 316/3050/1611
f 166/3051/1612 155/3052/1612 33/3053/1612
f 772/2716/1324 769/2715/1265 775/3054/1613
f 772/2716/1324 775/3054/1613 536/2871/1521
f 117/2661/1388 168/3055/1403 41/3056/1614
f 912/2975/1438 919/2974/1575 924/3057/1615
f 153/2774/1474 291/2773/1474 177/3058/1616
f 903/3059/1617 662/3060/1617 673/3061/1617
f 788/3062/1618 813/3063/1618 925/3064/1618
f 789/3065/1619 785/3066/1620 780/3067/1621
f 662/3068/1622 904/3069/1586 673/3070/1623
f 759/3071/1624 922/3072/1624 927/3073/1624
f 773/3074/1625 534/3075/1625 776/3076/1625
f 306/3077/1626 534/3078/1626 290/3079/1626
f 307/3080/1546 314/3081/1627 292/3082/1547
f 117/2661/1388 41/3056/1614 126/3003/1585
f 150/3083/1628 146/3084/1628 40/3085/1628
f 923/3086/1494 926/3087/1597 690/3088/1629
f 289/3089/1630 324/3090/1630 295/3091/1630
f 335/3092/1631 333/3093/1631 309/3094/1631
f 335/3095/1555 309/3096/1632 300/2942/1554
f 688/3097/1633 649/3098/1633 769/3099/1633
f 790/3100/1634 787/3101/1634 791/3102/1634
f 728/3103/1596 736/3104/1635 729/3105/1636
f 299/2933/1420 229/2932/1549 308/3106/1637
f 162/2707/1398 299/2669/1420 165/3107/1638
f 166/3108/1639 33/3109/1639 34/3110/1639
f 118/2719/1446 128/3111/1640 39/3032/1605
f 790/3112/1641 791/3113/1641 792/3114/1641
f 813/3115/1642 788/3116/1577 834/3117/1643
f 333/3118/1644 316/3119/1645 309/3120/1632
f 793/3121/1579 787/3122/1646 794/3123/1647
f 813/2979/1578 803/3124/1648 786/3010/1590
f 795/3125/1502 919/3126/1575 785/3127/1620
f 304/3128/1497 334/3129/1649 316/3130/1650
f 155/3131/1518 120/3132/1520 62/3133/1651
f 728/3134/1596 729/3135/1636 774/3136/1594
f 121/2941/1559 36/2976/1576 134/3137/1652
f 536/3138/1521 775/3139/1613 776/3140/1565
f 535/3141/1550 776/3140/1565 775/3139/1613
f 152/3142/1653 175/3143/1653 291/3144/1653
f 335/3145/1654 174/3146/1654 229/3147/1654
f 788/3148/1577 793/3149/1579 818/3150/1655
f 802/3151/1470 723/3152/1482 735/3153/1656
f 787/3154/1657 796/3155/1658 791/3156/1659
f 780/3067/1621 785/3066/1620 797/3157/1660
f 157/3158/1661 154/3159/1662 158/3160/1663
f 786/3161/1664 798/3162/1664 799/3163/1665
f 159/3164/1666 160/3165/1666 171/3166/1666
f 121/2941/1559 134/3137/1652 115/2652/1412
f 788/3148/1577 818/3150/1655 800/3167/1667
f 801/3168/1668 799/3169/1668 798/3170/1668
f 802/3171/1669 735/3172/1669 787/3173/1669
f 919/2986/1575 920/2985/1487 924/3174/1615
f 735/3153/1656 723/3152/1482 734/3175/1670
f 793/3121/1579 794/3123/1647 818/3176/1655
f 912/2975/1438 924/3057/1615 926/3022/1597
f 921/3006/1588 690/3005/1587 673/3070/1623
f 307/3080/1546 321/3177/1671 314/3081/1627
f 126/3003/1585 41/3056/1614 53/3178/1672
f 292/3179/1547 316/3119/1645 333/3118/1644
f 925/3180/1673 813/3181/1673 834/3182/1673
f 786/3161/1664 803/3183/1674 798/3162/1664
f 724/3184/1595 495/3185/1675 730/3186/1593
f 355/3187/153 154/3188/1436 158/3189/1676
f 803/3190/1677 834/3191/1677 813/3192/1677
f 790/3193/1678 809/3194/1678 787/3195/1678
f 160/3196/1679 156/3197/1679 161/3198/1679
f 292/3082/1547 314/3081/1627 310/3199/1680
f 292/3179/1547 310/3200/1680 316/3119/1645
f 166/3201/1681 35/3202/1682 51/3203/1683
f 146/3204/1393 162/3205/1398 163/3206/1684
f 768/2701/1151 770/2781/1477 548/3207/1152
f 119/2844/1411 129/3208/1685 167/2845/1510
f 931/3209/1686 924/3210/1615 920/3211/1487
f 787/3212/1646 809/3213/1687 794/3214/1647
f 788/3116/1577 821/3215/1688 834/3117/1643
f 730/3186/1593 495/3185/1675 727/3216/1603
f 788/3116/1577 800/3217/1667 821/3215/1688
f 118/2719/1446 111/2441/1313 128/3111/1640
f 911/3218/1689 925/3219/1689 931/3220/1689
f 904/3069/1586 921/3006/1588 673/3070/1623
f 157/3158/1500 158/3160/1690 182/3221/1562
f 924/3210/1615 931/3209/1686 926/3222/1597
f 797/3223/1691 919/3224/1691 918/3225/1691
f 334/3226/1692 324/3227/1692 311/3228/1692
f 925/3229/1693 929/3230/1694 931/3231/1695
f 548/3232/1696 553/3233/1696 770/3234/1696
f 919/3126/1575 797/3235/1660 785/3127/1620
f 909/2717/1443 913/2789/1481 922/2718/1444
f 300/2942/1554 309/3096/1632 322/2943/1560
f 154/2729/1452 146/2728/1393 164/3236/1697
f 335/3237/1698 316/3238/1698 312/3239/1698
f 794/3214/1647 809/3213/1687 818/3240/1655
f 804/3241/1699 814/3242/1699 806/3243/1699
f 927/3244/1700 684/3245/1700 928/3246/1700
f 126/3003/1585 53/3178/1672 127/2662/1417
f 302/2944/1561 322/2943/1560 318/3247/1701
f 165/3107/1638 299/2669/1420 308/3248/1637
f 159/3249/1702 170/3250/1703 169/3251/1703
f 767/3252/1704 774/3253/1704 541/3254/1704
f 165/3255/1638 163/3206/1684 162/3205/1398
f 334/3256/1705 317/3257/1705 324/3257/1705
f 814/3258/1706 804/3259/1706 805/3260/1706
f 166/3261/1707 167/3262/1707 35/3263/1707
f 767/2688/1432 541/3264/1708 723/2790/1482
f 925/3265/1709 834/3266/1709 929/3267/1709
f 153/3268/1710 177/3269/1710 164/3270/1710
f 147/3271/1711 39/3272/1711 38/3273/1711
f 804/3274/1712 806/3275/1712 809/3276/1712
f 290/2733/1455 247/3277/1713 534/3023/1714
f 1028/1992/894 777/3278/1715 688/1954/1055
f 886/2562/1075 930/3279/1716 913/2789/1481
f 931/3280/1717 666/3281/1717 926/3282/1717
f 1048/3283/1718 655/3284/1718 657/3285/1718
f 124/3286/1719 82/3011/1719 423/3013/1719
f 302/3287/1561 319/2995/1582 305/2994/1557
f 913/2789/1481 930/3279/1716 922/2718/1444
f 926/3288/1597 933/3289/1720 807/3290/1721
f 732/3291/1722 811/3292/1722 731/3293/1722
f 774/3136/1594 493/3294/1723 541/3295/1724
f 735/3296/1725 796/3155/1658 787/3154/1657
f 807/3290/1721 933/3289/1720 932/3297/1726
f 774/3136/1594 729/3135/1636 493/3294/1723
f 813/3298/1727 834/3299/1727 818/3300/1727
f 791/3156/1659 796/3155/1658 792/3301/1728
f 535/3302/1550 543/3303/1729 761/3304/1314
f 798/3305/1730 809/3306/1731 806/3307/1732
f 776/3308/1565 534/3309/1714 544/3310/1733
f 798/3305/1730 813/3311/1734 818/3312/1735
f 159/3249/1702 171/3313/1736 170/3250/1703
f 929/3314/1737 834/3315/1737 822/3316/1737
f 335/3317/1738 155/3318/1739 177/3319/1740
f 727/3320/1741 494/3321/1741 736/3322/1741
f 150/3323/1742 40/3324/1742 168/3325/1742
f 732/3326/1743 731/3327/1743 733/3328/1743
f 807/3329/1721 932/3330/1726 808/3331/1744
f 723/3332/1745 778/3333/1745 734/3334/1745
f 355/3335/1746 158/3336/1746 70/3337/1746
f 811/3338/1747 732/3339/1748 733/3340/1749
f 808/3331/1744 932/3330/1726 820/3341/1750
f 807/3342/1721 808/3343/1744 937/3344/1751
f 933/3345/1720 934/3346/1752 932/3347/1726
f 37/2640/1230 83/2642/906 136/3348/1753
f 156/3349/1754 169/3350/1703 161/3351/1755
f 37/2891/1230 130/3352/1756 133/2869/1519
f 806/3353/1757 823/3354/1757 798/3355/1757
f 807/3356/1721 936/3357/1758 926/3358/1597
f 926/3359/1759 666/3360/1759 933/3361/1759
f 734/3362/1760 778/3363/1760 735/3364/1760
f 155/3365/1761 73/3366/1761 33/3367/1761
f 290/2733/1455 182/2946/1562 313/3368/1762
f 736/3369/1763 494/3370/1763 733/3371/1763
f 818/3150/1655 817/3372/1764 800/3167/1667
f 127/2662/1417 53/3178/1672 123/2969/1571
f 834/3192/1765 813/3191/1765 822/3373/1765
f 134/3374/1652 36/3375/1576 34/3376/1766
f 807/3356/1721 937/3377/1751 936/3357/1758
f 304/3128/1497 323/3378/1767 724/3379/1461
f 310/3200/1680 314/3380/1627 316/3119/1645
f 309/3120/1632 316/3119/1645 229/3381/1768
f 931/3231/1695 929/3230/1694 666/3382/1769
f 290/2733/1455 315/3383/1770 247/3277/1713
f 790/3384/1771 792/3385/1771 809/3386/1771
f 301/2996/1556 319/2995/1582 321/3387/1671
f 804/3388/1772 809/3389/1772 810/3390/1772
f 811/3338/1747 733/3340/1749 812/3391/1773
f 314/3380/1627 320/3392/1774 316/3119/1645
f 316/3393/1650 241/3394/1533 317/3395/1775
f 307/3080/1546 301/3396/1556 321/3177/1671
f 316/3130/1650 317/3397/1775 304/3128/1497
f 805/3398/1776 804/3399/1776 810/3400/1776
f 733/3401/1777 731/3402/1777 736/3403/1777
f 535/3404/1778 775/3405/1778 779/3406/1778
f 535/3407/1550 779/3408/1779 542/3409/1780
f 152/3410/1781 164/3411/1781 175/3412/1781
f 818/3312/1735 809/3306/1731 798/3305/1730
f 926/3358/1597 936/3357/1758 935/3413/1782
f 818/3150/1783 809/3414/1784 817/3372/1785
f 811/3415/1786 812/3416/1786 738/3417/1786
f 813/3418/1734 798/3419/1730 823/3420/1787
f 120/2870/1520 133/2869/1519 50/3421/1788
f 131/3422/1789 132/3423/1790 1/3424/1791
f 926/3087/1597 935/3425/1782 690/3088/1629
f 133/3426/1519 1/3424/1791 132/3423/1790
f 37/3427/1230 136/3428/1753 130/3429/1756
f 169/3350/1703 170/3430/1703 161/3351/1755
f 933/3345/1720 666/3431/1792 934/3346/1752
f 536/3432/1521 776/3308/1565 544/3310/1733
f 115/3001/1412 134/3433/1652 123/3002/1584
f 731/3434/1793 811/3435/1793 738/3436/1793
f 724/3437/1461 323/3438/1767 537/3439/1794
f 128/3440/1640 38/3441/1795 39/3442/1605
f 131/3443/1789 1/3444/1791 5/3445/1796
f 316/3119/1645 320/3392/1774 229/3446/1768
f 729/3447/1797 737/3448/1797 493/3449/1797
f 289/3450/1798 317/3451/1798 324/3451/1798
f 729/3105/1636 736/3104/1635 737/3452/1799
f 166/3453/1800 34/3454/1800 36/3455/1800
f 813/3418/1734 823/3420/1787 822/3456/1801
f 806/3457/1802 814/3458/1802 815/3459/1802
f 922/3460/1803 637/3461/1803 927/3462/1803
f 290/2733/1455 313/3368/1762 315/3383/1770
f 727/3463/1804 495/3464/1804 494/3465/1804
f 735/3296/1725 817/3466/1785 796/3155/1658
f 40/3467/1805 42/3468/1806 168/3469/1807
f 927/3470/1808 636/3471/1809 684/3472/1810
f 796/3473/1658 809/3474/1784 792/3475/1728
f 533/3476/1811 547/3477/1812 538/3478/1813
f 775/3054/1613 769/2715/1265 540/3479/1814
f 494/3480/1815 731/3481/1815 733/3482/1815
f 834/3483/1643 664/3484/1816 818/3485/1817
f 302/3287/1561 318/3486/1701 319/2995/1582
f 133/3426/1519 132/3423/1790 50/3487/1788
f 808/3343/1744 835/3488/1818 937/3344/1751
f 934/3346/1752 666/3431/1792 940/3489/1819
f 809/3474/1784 796/3473/1658 817/3490/1785
f 128/3491/1820 53/3492/1820 52/3493/1820
f 229/3494/1821 308/3495/1821 324/3496/1821
f 929/3497/1822 822/3498/1822 831/3499/1822
f 800/3167/1667 817/3372/1764 778/3500/1823
f 131/3443/1789 5/3445/1796 2/3501/1824
f 147/3502/1825 40/3503/1825 146/3504/1825
f 820/3505/1750 832/3506/1826 835/3507/1818
f 735/3296/1725 778/3508/1827 817/3466/1785
f 322/2943/1560 309/3096/1632 229/3509/1768
f 816/3510/1828 817/3511/1828 818/3512/1828
f 809/3513/1829 819/3514/1830 810/3515/1831
f 663/3516/1832 927/3517/1832 644/3518/1832
f 130/3519/1756 12/3520/1833 133/3521/1519
f 319/3522/1582 320/3523/1774 321/3524/1671
f 821/3215/1688 664/3525/1816 834/3117/1643
f 133/3521/1519 12/3520/1833 1/3444/1791
f 314/3526/1627 321/3524/1671 320/3523/1774
f 41/3527/1834 168/3528/1834 42/3529/1834
f 820/3530/1750 932/3531/1726 832/3532/1826
f 41/3533/1835 42/3534/1835 53/3535/1835
f 229/3536/1836 174/3537/1836 62/3538/1836
f 229/3539/1768 319/3522/1582 322/3540/1560
f 1/3444/1791 12/3520/1833 5/3445/1796
f 147/3541/1837 38/3542/1837 40/3543/1837
f 814/3544/1838 805/3545/1838 815/3546/1838
f 304/3128/1497 317/3397/1775 323/3378/1767
f 146/3204/1393 163/3206/1684 164/3547/1697
f 808/3548/1744 820/3505/1750 835/3507/1818
f 806/3549/1839 819/3550/1839 823/3551/1839
f 161/3552/1840 171/3553/1840 160/3554/1840
f 161/3555/1841 170/3556/1841 171/3557/1841
f 737/3558/1842 736/3559/1842 731/3560/1842
f 317/3397/1775 233/3561/1843 323/3378/1767
f 319/3522/1582 229/3539/1768 320/3523/1774
f 318/3562/1844 322/3563/1844 319/3564/1844
f 800/3565/1845 778/3566/1845 821/3567/1845
f 536/3432/1521 544/3310/1733 539/3568/1846
f 818/3485/1817 829/3569/1847 809/3513/1829
f 493/3570/1723 498/3571/1848 541/3572/1724
f 737/3573/1849 498/3571/1848 493/3570/1723
f 886/3574/1075 643/3575/1099 939/3576/1850
f 929/3230/1694 940/3577/1851 666/3382/1769
f 817/3578/1852 578/3579/1853 778/3580/1854
f 324/3581/1855 233/3582/1855 323/3583/1855
f 824/3584/1856 827/3585/1856 828/3586/1856
f 828/3587/1857 825/3588/1857 824/3589/1857
f 120/3590/1520 43/3591/1858 62/3592/1651
f 822/3593/1801 823/3594/1787 829/3595/1847
f 128/3111/1640 111/2441/1313 52/3596/1859
f 823/3594/1787 819/3597/1830 829/3595/1847
f 828/3598/1860 830/3599/1860 825/3600/1860
f 775/3601/1613 540/3602/1814 779/3408/1779
f 119/3603/1861 123/3604/1862 44/3605/1863
f 778/3580/1854 578/3579/1853 821/3606/1864
f 175/3607/1865 164/3608/1866 184/3609/1867
f 335/3610/1868 229/3611/1869 62/3612/1870
f 324/3613/1871 325/3614/1871 335/3615/1871
f 738/3616/1872 812/3617/1773 731/3618/1873
f 747/2106/1056 538/3619/1478 533/2506/1348
f 940/3577/1851 929/3230/1694 831/3620/1874
f 817/3621/1875 579/3622/1875 578/3623/1875
f 664/3624/1876 821/3625/1876 665/3626/1876
f 335/3317/1738 177/3319/1740 325/3627/1877
f 806/3628/1878 815/3629/1879 819/3630/1830
f 308/3631/1880 229/3632/1880 326/3633/1880
f 812/3617/1773 733/3634/1749 731/3618/1873
f 229/3635/1881 325/3636/1881 324/3637/1881
f 724/3638/1882 739/3639/1882 495/3640/1882
f 229/3641/1883 313/3642/1883 326/3643/1883
f 824/3644/1884 825/3645/1884 826/3646/1884
f 830/3647/1885 832/3507/1885 835/3506/1885
f 324/3648/1886 233/3649/1886 229/3650/1886
f 824/3651/1887 826/3652/1887 827/3653/1887
f 828/3654/1888 832/3655/1888 830/3656/1888
f 657/3657/1889 247/3658/1890 749/3659/1093
f 579/3660/1891 595/3661/1891 578/3662/1891
f 936/3663/1758 937/3664/1751 938/3665/1892
f 934/3666/1893 940/3667/1893 938/3668/1893
f 335/3610/1894 325/3669/1895 229/3611/1896
f 930/3279/1716 886/2562/1075 939/3670/1850
f 822/3671/1801 829/3672/1847 664/3673/1816
f 293/2766/1471 328/3674/1897 303/2970/1573
f 534/3023/1714 247/3277/1713 544/3675/1733
f 125/3676/1898 45/3677/1898 82/3678/1898
f 131/3679/1789 4/3680/1899 132/3681/1790
f 111/2441/1313 386/2440/1312 135/3682/1900
f 818/3485/1817 664/3484/1816 829/3569/1847
f 541/3683/1901 498/3684/1901 545/3685/1901
f 324/3686/1902 325/3687/1902 233/3688/1902
f 165/3689/1903 330/3690/1903 163/3691/1903
f 535/3302/1550 542/3692/1780 543/3303/1729
f 761/3693/1904 543/3694/1904 328/3695/1904
f 932/3531/1726 934/3696/1752 938/3697/1905
f 233/3698/1906 327/3699/1906 317/3700/1906
f 663/3701/1568 644/3702/1907 643/3703/1569
f 832/3704/1908 825/3705/1908 830/3706/1908
f 52/3707/1859 111/3708/1313 46/3709/1909
f 932/3531/1726 938/3697/1905 832/3532/1826
f 779/3408/1779 540/3602/1814 542/3409/1780
f 536/2972/1521 539/3710/1846 1028/2325/894
f 120/3590/1520 50/3711/1788 43/3591/1858
f 739/3712/1910 724/3437/1461 537/3439/1794
f 132/3681/1790 4/3680/1899 50/3713/1788
f 317/3714/1911 329/3715/1911 233/3716/1911
f 831/3717/1912 822/3671/1801 664/3673/1816
f 810/3718/1831 819/3719/1830 805/3720/1913
f 936/3663/1758 938/3665/1892 935/3721/1782
f 828/3722/1914 825/3723/1915 832/3724/1916
f 819/3514/1830 809/3513/1829 829/3569/1847
f 828/3722/1917 827/3725/1918 826/3726/1919
f 828/3722/1917 826/3726/1919 825/3723/1920
f 690/3727/1629 935/3728/1782 700/3729/1921
f 167/3730/1510 129/3731/1685 35/3202/1682
f 831/3732/1922 664/3733/1922 665/3734/1922
f 940/3735/1923 666/3736/1923 938/3737/1923
f 154/3188/1452 164/3738/1697 158/3189/1924
f 761/3739/1925 328/3740/1925 293/3741/1925
f 937/3742/1926 835/3743/1926 938/3744/1926
f 131/3679/1789 2/3745/1824 4/3680/1899
f 938/3746/1927 835/3747/1927 832/3748/1927
f 579/3749/1928 817/3750/1929 497/3751/1930
f 494/3752/1931 495/3753/1932 496/3754/1933
f 739/3755/1934 496/3754/1933 495/3753/1932
f 935/3756/1935 938/3757/1935 668/3758/1935
f 317/3395/1775 241/3394/1533 329/3759/1936
f 233/3760/1937 329/3761/1936 229/3762/1938
f 817/3763/1929 778/3764/1939 501/3765/1940
f 805/3720/1913 819/3719/1830 815/3766/1879
f 527/3767/1941 599/3768/1942 723/3769/1482
f 873/570/295 872/569/306 690/3770/1943
f 82/3771/1944 124/3772/1390 77/3773/1945
f 665/3774/1946 821/3775/1946 831/3776/1946
f 579/3777/1947 581/3778/1947 580/3779/1947
f 14/3780/1948 3/3781/1948 7/3782/1948
f 932/3783/1949 679/3784/1949 674/3785/1949
f 1048/3786/1950 700/3787/1921 656/3788/1951
f 579/3789/1952 580/3790/1952 595/3791/1952
f 325/3792/1953 230/3793/1954 323/3794/1955
f 230/3793/1954 325/3792/1953 231/3795/1956
f 123/3604/1862 47/3796/1957 44/3605/1863
f 542/3797/1780 540/3798/1814 539/3799/1846
f 542/3797/1780 539/3799/1846 544/3800/1733
f 128/3440/1640 52/3707/1958 38/3441/1795
f 666/3801/1959 668/3802/1959 938/3803/1959
f 326/3804/1960 232/3805/1960 308/3806/1960
f 494/3807/1931 496/3808/1933 731/3809/1961
f 158/2950/1563 749/2949/1093 247/3810/1890
f 819/3811/1962 833/3812/1962 583/3813/1962
f 579/3749/1928 497/3751/1930 581/3814/1963
f 833/3815/1964 819/3816/1964 595/3817/1964
f 165/3107/1638 308/3248/1637 330/3818/1965
f 580/3819/1966 581/3820/1966 582/3821/1966
f 233/3822/1967 325/3823/1967 323/3824/1967
f 303/3825/1968 328/3826/1968 247/3827/1968
f 229/3828/1938 205/3829/1969 313/3830/1970
f 537/3831/1971 323/3832/1971 506/3833/1971
f 831/3834/1972 821/3835/1864 606/3836/1973
f 505/3837/1974 506/3838/1974 323/3839/1974
f 308/3840/1637 232/3841/1975 330/3842/1965
f 497/3843/1930 817/3763/1929 501/3765/1940
f 545/3844/1976 498/3845/1976 739/3846/1976
f 935/3728/1782 667/3847/1977 700/3729/1921
f 238/3848/1978 230/3793/1954 231/3795/1956
f 819/3849/1979 583/3850/1980 592/3851/1981
f 229/3762/1938 329/3761/1936 234/3852/1982
f 238/3848/1978 323/3794/1955 230/3793/1954
f 123/3853/1862 134/3854/1983 72/3855/1984
f 541/3856/1708 545/3857/1985 546/3858/1986
f 731/3809/1961 496/3808/1933 737/3859/1849
f 326/3860/1987 313/3861/1988 232/3862/1975
f 586/3863/1989 596/3864/1990 674/3865/1991
f 498/3866/1848 737/3867/1849 496/3868/1933
f 124/2965/1390 123/2964/1571 134/3869/1992
f 498/3866/1848 496/3868/1933 739/3870/1934
f 819/3849/1979 592/3851/1981 664/3871/1993
f 130/3872/1994 48/3873/1994 12/3874/1994
f 595/3875/1995 583/3876/1980 833/3877/1996
f 247/3878/1713 315/3879/1770 266/3880/1997
f 537/3881/1794 506/3882/1998 509/3883/1999
f 819/3884/2000 664/3885/2000 585/3886/2000
f 2/3887/1824 5/3888/1796 6/3889/2001
f 231/3890/1956 325/3891/1953 235/3892/2002
f 935/3728/1782 668/3893/2003 667/3847/1977
f 503/3894/2004 507/3895/2005 500/3896/2006
f 500/3896/2006 504/3897/2007 503/3894/2004
f 819/3898/2008 585/3899/2009 595/3900/2010
f 539/3901/1846 540/3902/1814 547/3903/1812
f 4/3904/1899 2/3887/1824 6/3889/2001
f 315/3879/1770 331/3905/2011 266/3880/1997
f 537/3439/1794 545/3906/1985 739/3712/1910
f 5/3907/1796 12/3908/1833 6/3909/2001
f 541/3910/1708 546/3911/1986 723/3912/1482
f 666/3382/2012 940/3577/1851 668/3913/2013
f 668/3914/2014 669/3915/2014 667/3916/2014
f 592/3917/1981 595/3875/2015 664/3918/1993
f 325/3919/2016 177/3920/2016 250/3921/2016
f 497/3751/1930 588/3922/2017 581/3814/1963
f 674/3923/1991 679/3924/2018 586/3925/1989
f 540/3902/1814 769/3926/1265 547/3903/1812
f 584/3927/2019 585/3928/2019 664/3929/2019
f 52/3707/1958 49/3930/2020 38/3441/1795
f 583/3876/1980 595/3875/1995 592/3917/1981
f 4/3931/2021 48/3932/2021 50/3933/2021
f 235/3934/2022 325/3935/2022 236/3936/2022
f 674/3937/2023 596/3938/2023 675/3939/2023
f 673/3940/1623 690/3941/1587 670/3942/2024
f 72/3943/1984 47/3796/1957 123/3604/1862
f 134/3944/1992 77/3945/1945 124/3946/1390
f 507/3947/2005 499/3948/2025 500/3949/2006
f 33/3950/2026 51/3951/1683 34/3376/1766
f 690/3952/1629 700/3787/1921 1048/3786/1950
f 123/3953/1571 61/3954/2027 134/3944/2028
f 1048/3955/2029 656/3956/2029 655/3957/2029
f 668/3958/2013 671/3959/2030 669/3960/2031
f 940/3961/1851 831/3962/1874 668/3963/2013
f 586/3964/2032 679/3965/2032 587/3966/2032
f 537/3967/1794 504/3968/2033 545/3969/1985
f 504/3968/2033 537/3967/1794 502/3970/2034
f 831/3962/1874 671/3971/2030 668/3963/2013
f 778/3972/2035 599/3973/2035 501/3974/2035
f 158/3975/1563 331/3976/2036 70/3977/2037
f 664/3978/2038 595/3979/2038 585/3980/2038
f 679/3981/2039 674/3982/2040 669/3960/2041
f 581/3983/2042 588/3984/2042 582/3985/2042
f 229/3986/2043 325/3987/2043 250/3988/2043
f 52/3707/1859 46/3709/1909 49/3930/2020
f 4/3989/2044 6/3990/2044 48/3991/2044
f 14/3992/2045 7/3993/2045 8/3994/2045
f 930/3995/1716 939/3996/1850 672/3997/2046
f 548/3998/2047 569/3999/2048 552/4000/2049
f 315/3879/1770 313/4001/1762 331/3905/2011
f 52/4002/2050 49/4003/2051 53/4004/2051
f 50/3711/1788 48/4005/2052 43/3591/1858
f 778/4006/2053 723/3769/1482 599/3768/1942
f 176/4007/2054 179/4008/2055 181/4009/2056
f 158/2950/1563 247/3810/1890 331/4010/2036
f 669/3960/2031 671/3959/2030 689/4011/2057
f 130/3429/1756 136/3428/1753 48/4005/2052
f 238/4012/1978 237/4013/2058 323/4014/1955
f 501/4015/1940 599/4016/2059 510/4017/2060
f 578/4018/1853 595/4019/2061 593/4020/2062
f 236/4021/2063 240/4022/2063 235/4023/2063
f 164/4024/2064 177/4025/2064 184/4026/2064
f 231/4027/1956 237/4028/2058 238/4029/1978
f 12/3908/2065 48/4030/2066 6/3909/2067
f 821/4031/1864 578/4018/1853 593/4020/2062
f 163/4032/1684 330/4033/1965 177/4034/2068
f 831/4035/1874 689/4036/2069 671/4037/2030
f 669/4038/2041 678/4039/2070 667/4040/1977
f 821/3835/1864 593/4041/2062 606/3836/1973
f 134/3944/2028 61/3954/2027 77/3945/2071
f 504/4042/2033 502/4043/2034 514/4044/2072
f 177/4034/2068 164/4045/1697 163/4032/1684
f 123/4046/1571 53/4047/1672 54/4048/2073
f 586/4049/2074 587/4050/2074 597/4051/2074
f 537/4052/1794 517/4053/2075 502/4054/2034
f 184/3609/1867 190/4055/2076 175/3607/1865
f 158/4056/2077 70/4057/2078 332/4058/2078
f 504/4059/2007 511/4060/2079 503/4061/2004
f 291/4062/2080 180/4063/2080 177/4064/2080
f 580/4065/2081 582/4066/2081 588/4067/2081
f 9/4068/2082 10/4069/2082 11/4070/2082
f 158/4071/2083 164/4072/2083 70/4073/2083
f 669/3960/2041 689/4011/2057 679/3981/2039
f 83/1666/906 355/1665/905 136/4074/1753
f 135/4075/2084 386/4076/2084 78/4077/2084
f 6/4078/2085 12/4079/2085 17/4080/2085
f 53/4004/2051 49/4003/2051 54/4081/2086
f 549/4082/2087 550/4083/2088 559/4084/2089
f 673/4085/1623 670/4086/2024 903/4087/2090
f 674/4088/2040 675/4089/2091 669/4038/2041
f 497/4090/2092 580/4091/2092 588/4092/2092
f 586/4093/2093 597/4094/2093 596/4095/2093
f 669/4038/2041 675/4089/2091 678/4039/2070
f 501/4015/1940 510/4017/2060 497/4096/1930
f 53/4097/2094 42/4098/2094 55/4099/2094
f 53/4047/2095 55/4100/2096 54/4048/2073
f 176/4101/2054 178/4102/2097 179/4103/2055
f 550/4104/2098 549/4105/2098 557/4106/2098
f 589/4107/2099 590/4108/2099 592/4109/2099
f 591/4110/2100 589/4111/2101 592/4112/2102
f 554/4113/2103 551/4114/2104 555/4115/2105
f 930/3995/1716 672/3997/2046 922/4116/1444
f 176/4101/2054 191/4117/2106 178/4102/2097
f 543/4118/2107 552/4119/2108 553/4120/2109
f 593/4121/2062 585/4122/2110 606/4123/1973
f 545/4124/1985 504/4125/2033 563/4126/2111
f 231/4027/1956 248/4127/2112 237/4028/2058
f 589/4128/2113 594/4129/2113 590/4130/2113
f 1028/2325/894 539/3710/1846 777/4131/1715
f 589/4132/2114 608/4133/2114 594/4134/2114
f 549/4135/2115 554/4136/2115 557/4137/2115
f 592/4138/2116 590/4139/2116 602/4140/2116
f 241/2905/1533 303/2971/1573 328/4141/2117
f 595/4142/2118 592/4143/2118 585/4144/2118
f 592/4112/2102 595/4145/2119 591/4110/2100
f 111/3708/1313 135/4146/1900 46/3709/1909
f 303/4147/2120 239/4148/2121 328/4149/2122
f 231/3890/1956 240/4150/2123 248/4151/2112
f 504/4125/2007 500/4152/2006 515/4153/2124
f 177/4154/2125 180/4155/2125 183/4156/2125
f 497/4157/2126 601/4158/2126 580/4159/2126
f 769/4160/1265 649/4161/2127 547/4162/1812
f 6/4163/2128 17/4164/2128 13/4165/2128
f 177/4166/2129 62/4167/2129 164/4168/2129
f 329/3761/1936 241/4169/1533 328/4170/2117
f 643/3575/1099 676/4171/2130 939/3576/1850
f 179/4008/2055 185/4172/2131 181/4009/2056
f 502/4054/2034 517/4053/2075 514/4173/2072
f 585/3899/2132 604/4174/2133 595/3900/2119
f 585/4122/2110 605/4175/2134 606/4123/1973
f 231/3890/1956 235/3892/2002 240/4150/2123
f 14/4176/2135 15/4177/2135 8/4178/2135
f 831/4035/1874 687/4179/2136 689/4036/2069
f 585/4180/2137 593/4181/2137 619/4182/2137
f 176/4183/2054 181/4184/2056 191/4185/2106
f 723/3912/1482 546/3911/1986 527/4186/1941
f 595/4187/2061 601/4188/2138 593/4189/2062
f 158/4190/2139 332/4191/2139 182/4192/2139
f 55/4100/2096 42/3468/1806 54/4048/2073
f 8/4193/2140 3/4194/2141 14/4195/2142
f 510/4196/2143 601/4197/2143 497/4198/2143
f 504/4125/2033 515/4153/2144 563/4126/2111
f 580/4199/2145 601/4188/2138 595/4187/2061
f 62/3592/1651 43/3591/1858 192/4200/2146
f 48/4201/2147 56/4202/2147 57/4203/2147
f 592/4204/2148 605/4175/2134 585/4122/2110
f 551/4114/2104 554/4113/2103 559/4205/2089
f 543/3303/1729 542/3692/1780 552/4206/2149
f 177/4207/1740 155/3131/1739 62/3133/2150
f 554/4208/2151 555/4209/2151 557/4210/2151
f 48/4005/2052 58/4211/2152 43/3591/1858
f 48/4212/2153 56/4213/2153 59/4214/2153
f 585/3899/2132 619/4215/2154 604/4174/2133
f 831/4216/2155 606/4217/2155 687/4218/2155
f 507/3947/2005 508/4219/2156 499/3948/2025
f 596/4220/2157 597/4221/2158 598/4222/2159
f 325/4223/2160 250/4224/2160 236/4225/2160
f 303/4147/2120 247/4226/2161 239/4148/2121
f 595/4227/2119 611/4228/2162 591/4229/2100
f 8/4230/2140 15/4231/2163 3/4232/2141
f 589/4233/2164 591/4234/2164 608/4235/2164
f 182/4236/1562 332/4237/2165 313/4238/1762
f 939/3996/1850 676/4239/2130 672/3997/2046
f 510/4240/2166 593/4189/2062 601/4188/2138
f 679/4241/2167 683/4242/2167 587/4243/2167
f 46/3709/1909 38/3441/1795 49/3930/2020
f 48/4005/2052 136/3428/1753 58/4211/2152
f 229/3762/1938 234/3852/1982 205/4244/1969
f 593/4189/2062 510/4240/2166 599/4245/2168
f 592/4204/2148 600/4246/2169 605/4175/2134
f 553/4120/2109 552/4119/2108 548/4247/2170
f 190/4248/2171 180/4249/2171 175/4250/2171
f 175/4251/2172 180/4252/2172 291/4253/2172
f 927/4254/2173 686/4255/2173 644/4256/2173
f 229/4257/2174 188/4258/2174 250/4259/2174
f 177/4260/2175 183/4261/2176 184/4262/2176
f 549/4082/2087 559/4084/2089 554/4263/2103
f 328/4264/2177 552/4119/2178 543/4118/2179
f 239/4265/2180 246/4266/2181 242/4267/2181
f 505/4268/2182 509/4269/1999 506/4270/1998
f 234/3852/1982 329/3761/1936 243/4271/2183
f 134/3854/1983 77/4272/2184 72/3855/1984
f 14/4273/2185 18/4274/2186 11/4275/2187
f 43/3591/1858 58/4211/2152 60/4276/2188
f 14/4277/2185 11/4278/2187 15/4279/2189
f 313/4238/1762 332/4237/2165 253/4280/2190
f 3/4281/2191 25/4282/2191 16/4283/2191
f 544/4284/1733 556/4285/2192 542/3692/1780
f 17/4286/2193 30/4287/2193 18/4288/2193
f 675/4289/2091 677/4290/2194 678/4291/2070
f 17/4292/2195 18/4293/2195 56/4294/2195
f 17/4295/2196 56/4296/2196 30/4297/2196
f 675/4298/2091 596/4220/2157 677/4299/2194
f 679/4300/2197 689/4301/2197 680/4302/2197
f 592/4303/2198 621/4304/2198 600/4305/2198
f 507/4306/2005 503/4307/2004 508/4308/2156
f 323/4014/1955 237/4013/2058 252/4309/2199
f 3/4310/2200 19/4311/2200 25/4312/2200
f 323/4313/1955 251/4314/2201 505/4315/2182
f 544/4316/1733 247/4317/1713 244/4318/2202
f 178/4319/2097 185/4320/2131 179/4321/2055
f 18/4322/2186 30/4323/2203 11/4278/2187
f 557/4324/2204 552/4325/2205 550/4326/2206
f 500/4152/2006 499/4327/2025 515/4153/2124
f 232/3862/1975 313/3861/1988 190/4328/2207
f 247/4329/1890 266/4330/2208 331/4331/2036
f 601/4332/2209 604/4333/2210 510/4334/2211
f 545/3857/1985 563/4335/2111 546/3858/1986
f 11/4278/2187 30/4323/2203 29/4336/2212
f 56/4337/2213 18/4338/2213 20/4339/2213
f 539/3901/1846 547/3903/1812 657/4340/2214
f 236/4341/2215 250/4342/2215 240/4343/2215
f 599/4344/2168 510/4334/2211 604/4333/2210
f 247/4345/1713 239/4346/2216 244/4347/2202
f 595/4227/2119 604/4348/2133 611/4228/2162
f 679/4349/2217 680/4350/2217 683/4351/2217
f 593/4352/2062 599/4353/2168 619/4354/2218
f 331/4355/2219 313/4356/2219 266/4357/2219
f 537/3881/1794 509/3883/1999 517/4358/2075
f 678/4291/2070 680/4359/2220 667/4360/1977
f 597/4361/2158 587/4362/2221 598/4363/2159
f 689/4364/2222 671/4365/2223 681/4366/2224
f 527/4367/2225 546/4368/2225 558/4369/2225
f 592/4370/2226 602/4371/2226 621/4372/2226
f 18/4274/2186 28/4373/2227 20/4374/2228
f 245/4375/2229 242/4267/2181 246/4266/2181
f 601/4332/2209 603/4376/2230 620/4377/2231
f 123/4046/1571 54/4048/2073 61/4378/2027
f 119/4379/2232 44/4380/2232 129/4381/2232
f 505/4268/2182 251/4382/2201 509/4269/1999
f 177/4383/2068 330/4384/1965 190/4385/2207
f 503/4307/2004 511/4386/2079 508/4308/2156
f 596/4220/2157 598/4222/2159 677/4299/2194
f 323/4313/1955 252/4387/2199 251/4314/2201
f 232/3841/1975 190/4388/2207 330/3842/1965
f 601/4332/2209 620/4377/2231 604/4333/2210
f 239/4345/2233 246/4389/2233 247/4346/2233
f 599/4344/2168 604/4333/2210 619/4390/2218
f 559/4391/2089 560/4392/2234 551/4393/2104
f 266/4394/2235 246/4395/2235 245/4396/2235
f 329/3761/1936 328/4170/2117 243/4271/2183
f 250/4397/2236 248/4151/2112 240/4150/2123
f 667/4360/1977 680/4359/2220 682/4398/2237
f 18/4274/2186 14/4273/2185 3/4399/2238
f 62/4400/2239 63/4401/2240 164/4402/2241
f 533/4403/1811 538/4404/1813 576/4405/2242
f 246/4406/2243 266/4407/2243 247/4408/2243
f 542/3692/1780 556/4285/2192 552/4206/2149
f 922/4409/1444 692/4410/2244 637/4411/2245
f 680/4412/2246 677/4413/2246 683/4414/2246
f 38/3441/1795 46/3709/1909 64/4415/2247
f 514/4044/2072 515/4416/2144 504/4042/2033
f 24/4417/2248 21/4418/2248 22/4419/2248
f 544/4316/1733 244/4318/2202 556/4420/2192
f 550/4326/2206 552/4325/2049 561/4421/2249
f 164/4402/2241 63/4401/2240 70/4422/2250
f 677/4290/2194 680/4359/2220 678/4291/2070
f 555/4423/2105 548/3998/2047 557/4424/2204
f 557/4424/2204 548/3998/2047 552/4000/2205
f 237/4425/2251 248/4426/2251 252/4427/2251
f 252/4428/2252 249/4429/2253 250/4430/2236
f 248/4431/2112 249/4429/2253 252/4428/2252
f 511/4060/2079 504/4059/2007 515/4432/2124
f 249/4429/2253 248/4431/2112 250/4430/2236
f 186/4433/2254 211/4434/2254 187/4435/2254
f 604/4436/2133 621/4437/2255 611/4438/2162
f 60/4276/2188 65/4439/2256 43/3591/1858
f 251/4440/2257 252/4441/2257 517/4442/2257
f 251/4443/2258 517/4444/2258 509/4445/2258
f 601/4446/2259 615/4447/2259 603/4448/2259
f 3/4399/2238 28/4373/2227 18/4274/2186
f 184/4262/2176 183/4261/2176 190/4449/2260
f 24/4450/2261 22/4451/2261 23/4452/2261
f 24/4453/2262 23/4454/2262 21/4455/2262
f 604/4456/2263 619/4457/2263 606/4458/2263
f 313/4459/2264 253/4460/2264 190/4461/2264
f 590/4462/2265 621/4463/2255 602/4464/2266
f 191/4465/2267 227/4466/2267 178/4467/2267
f 636/3471/1809 685/4468/2268 684/3472/1810
f 927/4469/2269 684/4470/1810 685/4471/2268
f 587/4472/2221 683/4473/2270 677/4474/2194
f 181/4009/2056 185/4172/2131 193/4475/2271
f 3/4476/2272 25/4477/2272 26/4478/2272
f 598/4479/2159 587/4472/2221 677/4474/2194
f 3/4399/2238 26/4480/2273 28/4373/2227
f 211/4481/2274 254/4482/2274 187/4483/2274
f 178/4319/2097 227/4484/2275 185/4320/2131
f 670/4086/2024 648/4485/2276 903/4087/2090
f 250/4486/2277 209/4487/2277 188/4488/2277
f 927/4469/2269 685/4471/2268 686/4489/2278
f 15/4279/2189 11/4278/2187 29/4336/2212
f 560/4392/2234 559/4391/2089 561/4490/2249
f 599/4491/1942 527/4492/1941 510/4493/2279
f 683/4494/2280 610/4495/2280 677/4496/2280
f 689/4364/2222 681/4366/2224 687/4497/2281
f 594/4498/2282 609/4499/2282 590/4500/2282
f 192/4200/2146 43/3591/1858 202/4501/2283
f 550/4502/2284 559/4503/2284 561/4504/2284
f 777/4505/2285 649/4506/2285 688/4507/2285
f 510/4508/2286 615/4509/2286 601/4510/2286
f 605/4511/2134 612/4512/2287 606/4513/1973
f 605/4511/2134 600/4514/2169 621/4515/2288
f 605/4511/2134 621/4515/2288 612/4512/2287
f 555/4516/2105 551/4517/2104 548/4518/2047
f 670/3942/2024 690/3941/1587 648/4519/2276
f 689/4520/2289 687/4521/2290 680/4522/2220
f 177/4383/2068 190/4385/2207 188/4523/2291
f 43/3591/1858 65/4439/2256 202/4501/2283
f 134/3374/1652 34/3376/1766 77/4524/2184
f 151/4525/2292 51/4526/2292 73/4527/2292
f 610/4528/2293 683/4529/2293 695/4530/2293
f 15/4231/2163 32/4531/2294 3/4232/2141
f 35/3202/1682 129/3731/1685 44/4532/1863
f 185/4172/2131 227/4533/2275 193/4475/2271
f 603/4534/2295 615/4535/2295 607/4536/2295
f 511/4537/2079 499/4538/2025 508/4539/2156
f 499/4538/2025 511/4537/2079 515/4540/2124
f 260/4541/2296 259/4542/2297 252/4543/2252
f 594/4544/2298 608/4545/2298 609/4546/2298
f 252/4543/2252 250/4547/2236 260/4541/2296
f 551/4517/2104 568/4548/2299 548/4518/2047
f 677/4549/2300 625/4550/2301 614/4551/2302
f 250/4552/2303 198/4553/2304 209/4554/2305
f 547/4162/1812 649/4161/2127 562/4555/2306
f 680/4522/2220 687/4521/2290 638/4556/2307
f 591/4229/2100 611/4228/2162 608/4557/2308
f 56/4558/2309 20/4559/2309 30/4560/2309
f 677/4561/2310 695/4562/2311 683/4563/2312
f 62/4564/2313 192/4565/2313 63/4566/2313
f 677/4549/2300 610/4567/2314 625/4550/2301
f 682/4568/2237 648/4569/2315 667/3847/1977
f 254/4570/2316 211/4571/2316 189/4572/2316
f 266/4573/2317 313/4574/1970 255/4575/2318
f 62/4565/2319 192/4564/2319 33/4576/2319
f 672/3997/2046 642/4577/2320 922/4116/1444
f 46/3709/1909 135/4146/1900 64/4415/2247
f 250/4578/2236 209/4579/2305 260/4580/2296
f 590/4462/2265 609/4581/2321 621/4463/2255
f 604/4582/2322 606/4583/2322 612/4584/2322
f 608/4585/2323 611/4586/2323 609/4587/2323
f 188/4588/2324 198/4553/2304 250/4552/2303
f 244/4347/2202 239/4346/2216 328/4589/2325
f 612/4590/2326 621/4591/2326 604/4592/2326
f 680/4522/2220 638/4556/2307 691/4593/2327
f 253/4594/2328 218/4595/2328 190/4596/2328
f 38/4597/2329 66/4598/2329 67/4599/2329
f 638/4600/2307 687/4601/2290 606/4602/2330
f 638/4600/2307 606/4602/2330 694/4603/2331
f 667/3847/1977 648/4569/2315 700/3729/1921
f 22/4604/2332 21/4605/2332 23/4606/2332
f 694/4607/2333 606/4608/2333 619/4609/2333
f 181/4184/2056 194/4610/2334 191/4185/2106
f 547/3903/1812 533/4611/1811 576/4612/2242
f 234/3852/1982 243/4271/2183 205/4244/1969
f 614/4551/2302 625/4550/2301 616/4613/2335
f 527/4492/1941 512/4614/2336 510/4493/2279
f 638/4615/2307 695/4616/2337 691/4617/2327
f 527/4618/2338 639/4619/2338 512/4620/2338
f 690/4621/2339 872/4622/2339 702/4623/2339
f 558/4624/2340 546/4625/1986 563/4626/2111
f 615/4627/2341 510/4493/2279 512/4614/2336
f 181/4184/2056 193/4628/2271 194/4610/2334
f 695/4616/2337 638/4615/2307 610/4629/2342
f 680/4630/2220 691/4631/2327 682/4632/2237
f 513/4633/2343 563/4126/2111 515/4153/2144
f 514/4634/2072 513/4635/2343 515/4636/2144
f 547/3903/1812 576/4612/2242 657/4340/2214
f 30/4637/2344 20/4638/2344 68/4639/2344
f 516/4640/2345 513/4635/2343 514/4634/2072
f 516/4641/2346 517/4642/2346 513/4643/2346
f 621/4437/2255 609/4644/2321 611/4438/2162
f 603/4645/2230 613/4646/2347 620/4647/2231
f 209/4579/2305 256/4648/2348 260/4580/2296
f 26/4649/2273 27/4650/2349 28/4651/2227
f 514/4652/2350 517/4653/2350 516/4654/2350
f 682/4632/2237 691/4631/2327 648/4655/2315
f 328/4170/2117 257/4656/2351 243/4271/2183
f 619/4657/2352 604/4333/2353 612/4658/2354
f 194/4659/2355 227/4660/2355 191/4661/2355
f 60/4276/2188 58/4211/2152 68/4662/2356
f 604/4333/2210 620/4377/2231 612/4658/2357
f 190/4663/2207 199/4664/2358 188/4665/2291
f 199/4664/2358 192/4666/2359 188/4665/2291
f 63/4667/2240 192/4666/2359 199/4664/2358
f 183/4668/2360 180/4669/2360 190/4670/2360
f 513/4671/2361 519/4672/2361 563/4673/2361
f 313/4574/1970 219/4674/2362 255/4575/2318
f 513/4675/2363 516/4676/2363 519/4677/2363
f 516/4678/2364 518/4679/2365 522/4680/2366
f 561/4421/2249 552/4325/2049 565/4681/2367
f 517/4682/2368 252/4683/2368 258/4684/2368
f 517/4685/2369 258/4686/2370 516/4678/2364
f 519/4687/2371 516/4678/2364 522/4680/2366
f 258/4686/2370 518/4679/2365 516/4678/2364
f 210/4688/2372 193/4689/2271 226/4690/2373
f 922/4116/1444 642/4577/2320 692/4691/2244
f 607/4692/2374 613/4693/2374 603/4694/2374
f 614/4695/2375 629/4696/2375 677/4697/2375
f 522/4680/2366 524/4698/2376 520/4699/2377
f 518/4679/2365 524/4698/2376 522/4680/2366
f 521/4700/2378 524/4698/2376 518/4679/2365
f 192/4666/2146 226/4701/2373 227/4702/2275
f 192/4666/2146 227/4702/2275 194/4703/2334
f 615/4704/2379 613/4705/2379 607/4706/2379
f 188/4665/2324 192/4666/2146 194/4703/2334
f 676/4239/2130 642/4577/2320 672/3997/2046
f 188/4665/2324 194/4703/2334 193/4707/2271
f 188/4665/2324 193/4707/2271 210/4708/2372
f 518/4709/2365 258/4710/2370 528/4711/2380
f 614/4712/2381 616/4713/2381 629/4714/2381
f 226/4690/2373 193/4689/2271 227/4715/2275
f 253/4716/2382 195/4717/2382 218/4718/2382
f 203/4719/2383 228/4720/2384 204/4721/2385
f 558/4624/2340 563/4626/2111 519/4722/2386
f 636/3471/1809 927/3470/1808 637/4723/2387
f 196/4724/2388 210/4688/2372 226/4690/2373
f 777/4725/1715 539/4726/1846 657/4727/2214
f 196/4724/2388 226/4690/2373 212/4728/2389
f 15/4729/2189 29/4730/2212 31/4731/2390
f 252/4732/2252 267/4733/2391 258/4710/2370
f 617/4734/2392 618/4735/2393 621/4736/2394
f 328/4149/2117 239/4148/2395 257/4737/2351
f 187/4738/2396 197/4739/2396 211/4740/2396
f 694/4741/2397 693/4742/2397 638/4743/2397
f 621/4736/2394 620/4744/2398 617/4734/2392
f 35/3202/1682 44/4532/1863 51/3203/1683
f 187/4745/2399 254/4746/2400 197/4747/2401
f 65/4439/2256 60/4276/2188 202/4501/2283
f 266/4748/2402 70/3977/2037 331/3976/2036
f 619/4749/2403 693/4750/2403 694/4751/2403
f 551/4393/2104 560/4392/2234 568/4752/2299
f 20/4753/2228 28/4754/2227 69/4755/2404
f 612/4756/2405 621/4736/2406 623/4757/2407
f 619/4758/2408 612/4759/2408 623/4760/2408
f 613/4646/2347 626/4761/2409 620/4647/2231
f 205/3829/1969 219/4762/2362 313/3830/1970
f 239/4148/2395 246/4763/2410 257/4737/2351
f 22/4764/2411 23/4765/2411 32/4766/2411
f 63/4401/2240 217/4767/2412 70/4422/2250
f 548/4518/2047 568/4548/2299 569/4768/2048
f 623/4769/2413 693/4770/2413 619/4771/2413
f 259/4772/2297 260/4773/2296 261/4774/2414
f 20/4753/2228 69/4755/2404 68/4775/2415
f 676/4171/2130 643/3575/1099 642/4776/2320
f 188/4777/2324 213/4778/2416 198/4779/2304
f 695/4780/2417 696/4781/2417 691/4782/2417
f 63/4783/2240 199/4784/2358 200/4785/2418
f 558/4786/2419 519/4787/2419 564/4788/2419
f 620/4789/2420 631/4790/2420 617/4791/2420
f 69/4792/2404 28/4651/2227 27/4650/2349
f 212/4793/2389 201/4794/2421 196/4795/2388
f 636/4796/2422 637/4797/2422 685/4798/2422
f 615/4799/2423 626/4800/2423 613/4801/2423
f 522/4802/2366 520/4803/2377 523/4804/2424
f 34/3376/1766 51/3951/1683 44/4805/1863
f 561/4490/2249 568/4752/2299 560/4392/2234
f 621/4736/2425 612/4756/2426 620/4744/2427
f 520/4806/2377 524/4807/2376 525/4808/2428
f 30/4809/2203 31/4731/2390 29/4730/2212
f 677/4810/2429 629/4811/2429 696/4812/2429
f 695/4562/2311 677/4561/2310 696/4813/2430
f 259/4814/2297 261/4815/2414 252/4816/2252
f 26/4817/2431 3/4818/2431 27/4819/2431
f 618/4820/2432 631/4821/2432 621/4822/2432
f 58/4211/2152 136/3428/1753 79/4823/2433
f 34/3376/1766 44/4805/1863 77/4524/2184
f 524/4807/2376 521/4824/2378 525/4808/2428
f 619/4825/2434 612/4826/2434 624/4827/2434
f 30/4828/2435 68/4829/2435 31/4830/2435
f 203/4831/2436 205/4832/2436 262/4833/2436
f 192/4834/2146 202/4835/2283 226/4836/2373
f 700/3729/1921 648/4569/2315 701/4837/2437
f 203/4838/2383 204/4839/2385 205/4840/2438
f 15/4841/2439 31/4842/2439 32/4843/2439
f 190/4844/2207 218/4845/2440 200/4785/2418
f 206/4846/2441 207/4847/2441 208/4848/2441
f 520/4803/2377 525/4849/2428 523/4804/2424
f 512/4850/2336 526/4851/2442 615/4852/2341
f 332/4237/2165 71/4853/2443 253/4280/2190
f 558/4854/2444 564/4855/2444 527/4856/2444
f 3/4857/2445 32/4858/2445 27/4859/2445
f 243/4271/2183 263/4860/2446 205/4244/1969
f 610/4861/2447 638/4862/2447 697/4863/2447
f 188/4864/2448 209/4865/2449 205/4866/2450
f 190/4844/2207 200/4785/2418 199/4784/2358
f 518/4709/2365 528/4711/2380 521/4867/2378
f 619/4868/2451 693/4869/2451 612/4870/2451
f 355/4871/905 70/4872/2452 136/4873/1753
f 210/4874/2372 196/4875/2388 188/4876/2324
f 192/4877/2453 188/4864/2454 228/4878/2455
f 622/4879/2456 617/4880/2457 618/4881/2458
f 620/4882/2459 621/4883/2459 631/4884/2459
f 243/4271/2183 257/4656/2351 263/4860/2446
f 612/4885/2460 623/4886/2407 620/4887/2461
f 638/4888/2462 693/4889/2462 653/4890/2462
f 547/3477/1812 562/4891/2306 538/3478/1813
f 623/4892/2463 612/4893/2463 693/4894/2463
f 253/4280/2190 71/4853/2443 195/4895/2464
f 621/4896/2406 620/4887/2461 623/4886/2407
f 631/4897/2465 618/4881/2466 617/4880/2467
f 519/4898/2371 522/4899/2366 564/4900/2468
f 328/4901/2469 552/4902/2469 567/4903/2469
f 612/4904/2470 620/4905/2231 624/4906/2471
f 204/4721/2385 228/4720/2384 214/4907/2472
f 226/4836/2373 202/4835/2283 212/4908/2389
f 561/4490/2249 565/4909/2367 568/4752/2299
f 211/4910/2473 197/4911/2401 189/4912/2474
f 569/3999/2048 566/4913/2475 552/4000/2049
f 328/4589/2325 270/4914/2476 244/4347/2202
f 616/4915/2477 625/4916/2477 630/4917/2477
f 203/4719/2383 262/4918/2478 228/4720/2384
f 192/4919/2479 33/4920/2480 228/4921/2481
f 246/4922/2482 264/4923/2482 257/4924/2482
f 60/4276/2188 68/4662/2356 202/4501/2283
f 521/4824/2378 265/4925/2483 525/4808/2428
f 619/4926/2484 624/4927/2484 693/4928/2484
f 188/4929/2485 228/4921/2486 209/4930/2449
f 521/4867/2378 528/4711/2380 265/4931/2483
f 691/4932/2487 698/4933/2487 648/4934/2487
f 27/4935/2349 32/4936/2488 31/4937/2489
f 266/4938/2490 255/4939/2490 246/4940/2490
f 610/4941/2314 697/4942/2491 625/4943/2301
f 135/4944/2492 78/4945/2493 76/4946/2494
f 70/4057/2078 71/4947/2495 332/4058/2078
f 189/4948/2496 215/4949/2496 254/4950/2496
f 212/4951/2497 220/4952/2497 201/4953/2497
f 638/4954/2498 653/4955/2498 640/4956/2498
f 254/4746/2400 215/4957/2499 197/4747/2401
f 47/3796/1957 72/3943/1984 44/3605/1863
f 615/4852/2341 526/4851/2442 626/4958/2500
f 27/4935/2349 31/4937/2489 69/4959/2404
f 196/4875/2388 213/4960/2416 188/4876/2324
f 638/4961/2501 640/4962/2501 698/4963/2501
f 328/4964/2502 567/4965/2502 270/4966/2502
f 512/4967/2503 639/4968/2503 526/4969/2503
f 54/4048/2073 42/3468/1806 75/4970/2504
f 42/3468/1806 74/4971/2505 75/4970/2504
f 69/4959/2404 31/4937/2489 68/4972/2415
f 624/4973/2506 526/4974/2506 651/4975/2506
f 625/4943/2301 697/4942/2491 630/4976/2507
f 696/4977/2508 629/4978/2509 697/4979/2508
f 63/4783/2240 200/4785/2418 217/4980/2412
f 624/4981/2510 651/4982/2510 693/4983/2510
f 255/4575/2318 264/4984/2511 246/4985/2512
f 552/4325/2049 566/4986/2475 565/4681/2367
f 642/4987/2320 637/4411/2245 692/4410/2244
f 252/4816/2252 261/4815/2414 267/4988/2391
f 188/4864/2448 205/4866/2450 228/4878/2513
f 196/4795/2388 201/4794/2421 216/4989/2514
f 620/4905/2231 626/4990/2409 624/4906/2471
f 639/4991/2515 651/4992/2515 526/4993/2515
f 696/4994/2516 698/4995/2516 691/4996/2516
f 261/4774/2414 260/4773/2296 274/4997/2517
f 268/4998/2518 209/4999/2305 267/5000/2519
f 631/5001/2520 627/5002/2521 693/5003/2522
f 697/5004/2523 638/5005/2523 698/5006/2523
f 696/4977/2508 697/4979/2508 698/5007/2524
f 256/5008/2348 209/4999/2305 268/4998/2518
f 260/4773/2296 256/5009/2348 274/4997/2517
f 256/5008/2348 268/4998/2518 274/5010/2517
f 699/5011/2525 640/5012/2525 653/5013/2525
f 267/5014/2519 209/4554/2305 269/5015/2526
f 136/4873/1753 70/4872/2452 80/5016/2527
f 204/4839/2385 214/5017/2472 205/4840/2438
f 202/4835/2283 220/5018/2528 212/4908/2389
f 267/4988/2391 261/4815/2414 273/5019/2529
f 209/4930/2449 228/4921/2486 205/5020/2450
f 552/4206/2149 556/4285/2192 567/5021/2530
f 693/5022/2522 627/5023/2521 628/5024/2531
f 257/5025/2532 267/5014/2519 269/5015/2526
f 215/5026/2499 189/4912/2474 197/4911/2401
f 54/4048/2073 75/4970/2504 61/4378/2027
f 639/5027/2533 527/5028/2534 651/5029/2534
f 196/4875/2388 216/5030/2514 213/4960/2416
f 626/5031/2535 526/5032/2535 624/5033/2535
f 693/5003/2522 628/5034/2531 631/5001/2520
f 629/5035/2536 616/5036/2536 630/5037/2536
f 698/5038/2537 699/5039/2538 648/5040/2539
f 268/5041/2540 267/5042/2540 273/5043/2540
f 42/3468/1806 40/3467/1805 74/4971/2505
f 697/5044/2541 629/5045/2541 630/5046/2541
f 564/5047/2468 529/5048/2542 527/5049/2543
f 641/5050/2544 653/5051/2544 654/5052/2545
f 135/5053/1900 61/5054/2027 64/5055/2247
f 685/5056/2268 637/5057/2245 642/5058/2320
f 643/5059/1099 644/5060/2546 685/5056/2268
f 686/5061/2278 685/5056/2268 644/5060/2546
f 685/5056/2268 642/5058/2320 643/5059/1099
f 631/5062/2520 628/5024/2531 627/5023/2521
f 255/4575/2318 219/4674/2362 264/4984/2511
f 640/5063/2547 699/5039/2538 698/5038/2537
f 651/5064/2548 645/5065/2549 653/5066/2550
f 693/5067/2551 651/5064/2548 653/5066/2550
f 77/4524/2184 44/4805/1863 72/5068/1984
f 653/5069/2550 650/5070/2552 699/5071/2553
f 653/5069/2550 645/5065/2549 650/5070/2552
f 209/4554/2305 198/4553/2304 269/5015/2526
f 645/5065/2549 651/5064/2554 646/5072/2555
f 244/5073/2202 270/5074/2476 567/5075/2530
f 567/5075/2530 556/5076/2192 244/5073/2202
f 568/5077/2299 565/5078/2367 566/5079/2475
f 566/5079/2475 569/5080/2048 568/5077/2299
f 650/5070/2552 646/5072/2555 647/5081/2556
f 641/5050/2544 699/5082/2557 653/5051/2544
f 33/5083/2558 73/5084/2558 51/5085/2558
f 74/5086/2559 40/5087/2559 38/5088/2559
f 64/5055/2247 75/5089/2504 38/5090/1795
f 64/5055/2247 61/5054/2027 75/5089/2504
f 74/5091/2505 38/5090/1795 75/5089/2504
f 135/5092/2560 76/5093/2560 61/5094/2560
f 228/4921/2561 33/4920/2562 205/5020/2563
f 217/5095/2564 71/5096/2564 70/5097/2564
f 699/5098/2565 647/5099/2565 648/5100/2565
f 648/5101/2276 649/5102/2566 903/5103/2090
f 649/5102/2566 777/5104/1715 903/5103/2090
f 650/5105/2567 647/5106/2567 699/5107/2567
f 646/5072/2555 651/5064/2554 647/5081/2556
f 646/5072/2555 650/5070/2552 645/5065/2549
f 217/5108/2412 200/5109/2418 71/5110/2443
f 200/5109/2418 218/5111/2440 195/5112/2464
f 195/5112/2464 71/5110/2443 200/5109/2418
f 651/5113/2568 645/5114/2568 652/5115/2568
f 697/5116/2569 654/5117/2569 641/5118/2569
f 653/5119/2570 699/5120/2570 654/5121/2570
f 76/5122/2571 219/5123/2571 205/5124/2571
f 76/5125/2572 205/5126/2563 33/5127/2562
f 657/5128/2214 576/5129/2242 570/5130/2573
f 570/5130/2573 576/5129/2242 571/5131/2574
f 77/5132/2575 61/5133/2575 33/5134/2575
f 264/5135/2576 271/5136/2576 257/5137/2576
f 33/5127/2562 61/5138/2577 76/5125/2572
f 651/5139/2554 659/5140/2578 647/5141/2556
f 77/3773/1945 33/5142/2579 82/3771/1944
f 33/5143/2579 228/5144/2580 82/5145/1944
f 228/4878/2580 205/4866/1969 279/5146/2581
f 641/5147/2582 654/5148/2582 699/5149/2582
f 258/4710/2370 272/5150/2583 528/4711/2380
f 267/4733/2391 277/5151/2584 258/4710/2370
f 522/4899/2366 531/5152/2585 564/4900/2468
f 564/5047/2468 531/5153/2585 529/5048/2542
f 205/4244/1969 263/4860/2446 257/4656/2351
f 247/3658/1890 657/3657/1889 280/5154/2586
f 699/5155/2587 702/5156/2588 647/5157/2589
f 269/5015/2526 198/4553/2304 257/5025/2532
f 268/5158/2518 273/5159/2529 274/5160/2517
f 647/5161/2556 658/5162/2590 699/5163/2591
f 700/5164/2592 701/5165/2592 703/5166/2592
f 258/4710/2370 277/5151/2584 272/5150/2583
f 219/4674/2362 275/5167/2593 264/4984/2511
f 634/5168/2594 632/5169/2594 627/5170/2594
f 528/5171/2380 276/5172/2595 523/5173/2424
f 528/4711/2380 272/5150/2583 276/5174/2595
f 525/5175/2428 528/5176/2380 523/5177/2424
f 386/5178/2596 82/5179/2596 78/5180/2596
f 525/5175/2428 265/5181/2483 528/5176/2380
f 213/5182/2416 216/5183/2514 222/5184/2597
f 222/5184/2597 216/5183/2514 201/5185/2421
f 647/5161/2556 661/5186/2598 658/5162/2590
f 538/4404/1813 562/5187/2306 576/4405/2242
f 222/5184/2597 201/5185/2421 220/5188/2528
f 648/5189/2599 562/5190/2599 649/5191/2599
f 261/5192/2414 274/5160/2517 273/5159/2529
f 576/5193/2600 278/5194/2600 571/5195/2600
f 76/5196/2601 280/5197/2601 219/5198/2601
f 648/4519/2276 690/3941/1587 702/5199/2602
f 228/4878/2580 279/5146/2581 81/5200/2603
f 655/5201/2604 656/5202/2604 657/5203/2604
f 647/5157/2589 702/5156/2588 562/5204/2605
f 527/5205/2606 529/5206/2606 530/5207/2606
f 527/5028/2534 530/5208/2607 651/5029/2534
f 58/4211/2152 79/4823/2433 68/4662/2356
f 247/4329/1890 280/5209/2586 266/4330/2402
f 777/4725/1715 657/4727/2214 575/5210/2608
f 220/5211/2528 224/5212/2609 222/5213/2597
f 529/5214/2610 531/5215/2610 530/5216/2610
f 523/5173/2424 531/5217/2585 522/5218/2366
f 576/4405/2611 562/5187/2306 577/5219/2612
f 571/5220/2574 278/5221/2613 575/5222/2608
f 633/5223/2614 632/5224/2614 634/5225/2614
f 523/5173/2424 276/5172/2595 531/5217/2585
f 633/5226/2615 635/5227/2615 658/5228/2615
f 257/5025/2532 198/4553/2304 277/5229/2616
f 634/5230/2617 635/5231/2617 633/5232/2617
f 271/5233/2618 278/5234/2618 257/5235/2618
f 648/4569/2315 703/5236/2619 701/4837/2437
f 213/4778/2416 221/5237/2620 198/4779/2304
f 70/3977/2037 266/4748/2402 280/5238/2586
f 647/5141/2556 659/5140/2578 661/5239/2598
f 571/5220/2574 575/5222/2608 570/5240/2573
f 213/5241/2416 222/5242/2597 224/5243/2609
f 257/5244/2621 278/5245/2621 573/5246/2621
f 530/5247/2622 531/5248/2585 532/5249/2623
f 651/5250/2624 530/5251/2624 659/5252/2624
f 228/5144/2580 81/5253/2603 82/5145/1944
f 648/5254/2315 699/5163/2591 703/5255/2619
f 647/5256/2589 562/5257/2605 648/5258/2625
f 699/5155/2587 648/5259/2626 702/5156/2588
f 136/5260/2627 80/5261/2627 79/5262/2627
f 257/5263/2532 277/5151/2584 267/4733/2519
f 68/4662/2356 79/4823/2433 202/4501/2283
f 202/4501/2283 79/4823/2433 81/5264/2628
f 699/5163/2591 658/5162/2590 703/5255/2619
f 903/5265/2090 777/5266/1715 872/5267/2629
f 648/5258/2630 562/5257/2631 702/5268/2632
f 570/5269/2573 575/5210/2608 657/4727/2214
f 634/5270/2633 632/5271/2633 635/5272/2633
f 264/5273/2511 275/5274/2593 278/5275/2634
f 271/5276/2635 264/5273/2511 278/5275/2634
f 777/5266/1715 575/5277/2608 872/5267/2629
f 657/3657/1889 656/5278/2636 280/5154/2586
f 202/4835/2283 81/5279/2628 220/5018/2528
f 658/5162/2590 661/5186/2598 703/5255/2619
f 573/5280/2637 277/5281/2638 257/4656/2639
f 573/5282/2640 577/5283/2641 272/5284/2583
f 272/5285/2583 532/5286/2623 531/5287/2585
f 572/5288/2642 661/5289/2643 530/5247/2622
f 532/5249/2623 272/5284/2583 577/5283/2641
f 573/5290/2644 272/5291/2644 277/5292/2644
f 531/5287/2585 276/5293/2595 272/5285/2583
f 81/5279/2628 223/5294/2645 220/5018/2528
f 633/5295/2646 635/5296/2646 632/5297/2646
f 205/4244/1969 277/5281/2647 279/5298/2581
f 219/4674/2362 280/5299/2648 275/5167/2593
f 76/4946/2494 78/4945/2493 280/5300/2649
f 257/4656/2351 277/5281/2647 205/4244/1969
f 572/5288/2642 530/5247/2622 532/5249/2623
f 572/5288/2642 532/5249/2623 577/5283/2641
f 221/5301/2620 277/5229/2616 198/4553/2304
f 577/5302/2650 573/5303/2651 661/5304/2652
f 577/5305/2653 278/5306/2653 573/5307/2654
f 530/5308/2655 574/5309/2655 659/5310/2655
f 577/5302/2641 661/5304/2656 572/5311/2642
f 213/5241/2416 224/5243/2609 221/5312/2620
f 700/5313/2657 703/5314/2657 656/5315/2657
f 220/5211/2528 223/5316/2645 224/5212/2609
f 277/5281/2647 573/5280/2658 278/5317/2634
f 577/5305/2653 661/5318/2659 278/5306/2653
f 659/5319/2660 574/5320/2660 661/5321/2660
f 530/5247/2622 661/5289/2643 574/5322/2661
f 81/5323/2628 224/5324/2609 223/5325/2645
f 81/5323/2628 221/5326/2620 224/5324/2609
f 573/5303/2651 277/5327/2662 661/5304/2652
f 79/4823/2433 225/5328/2663 81/5264/2628
f 79/4823/2433 80/5329/2664 225/5328/2663
f 562/5330/2665 661/5331/2665 577/5332/2665
f 562/5333/2666 702/5334/2666 661/5335/2666
f 660/5336/2667 661/5337/2668 703/5338/2669
f 275/5339/2593 279/5340/2581 277/5341/2647
f 275/5339/2593 280/5342/2648 279/5340/2581
f 82/5343/2670 81/5344/2670 78/5345/2670
f 280/5346/2649 78/5347/2493 81/5348/2671
f 278/5349/2634 275/5339/2593 277/5341/2647
f 575/5350/2608 661/5351/2672 872/5352/2629
f 575/5353/2673 278/5354/2673 661/5355/2673
f 279/5356/2581 280/5346/2648 81/5348/2603
f 702/5357/2674 872/5352/2629 661/5351/2672
f 221/5326/2620 81/5323/2628 280/5358/2675
f 280/5359/2676 80/5360/2676 70/5361/2676
f 661/5337/2677 656/5362/2636 703/5338/2678
f 80/5363/2664 280/5358/2679 225/5364/2663
f 225/5364/2663 280/5358/2679 81/5323/2628
f 280/5365/2680 661/5366/2680 277/5367/2680
f 280/5368/2586 656/5362/2636 661/5337/2677
f 221/5369/2681 280/5370/2681 277/5371/2681
f 1137/5372/2682 942/5373/2682 950/5374/2682
f 956/5375/2683 959/5376/2683 955/5377/2683
