# Blender 4.4.0
# www.blender.org
mtllib Meshy_AI_a_run_down_truck_that_0822235303_texture.mtl
o Meshy_AI_a_run_down_truck_that_0822235303_texture
v -0.009191 0.319215 0.335829
v -0.078151 0.316842 0.372944
v 0.147110 0.316805 0.377357
v -0.011132 0.071404 0.379778
v 0.091571 0.320242 0.294433
v 0.007838 0.511954 0.193075
v 0.076795 0.483998 0.188355
v 0.011465 0.511416 -0.191274
v 0.042425 0.475459 0.259613
v 0.143183 0.316744 0.185891
v 0.098504 0.456881 0.184521
v 0.236911 0.071438 0.384946
v 0.298673 0.277945 0.417584
v 0.287476 -0.169344 0.375724
v 0.293343 0.363756 0.155246
v 0.299401 0.049179 0.164308
v 0.296461 0.315301 0.381587
v 0.300145 0.325010 0.205107
v 0.300220 -0.086874 0.236419
v 0.297356 0.084437 0.363621
v 0.305435 0.227990 0.190310
v 0.303501 0.163111 0.254942
v 0.297662 0.078573 0.219079
v 0.310215 -0.012385 0.010633
v 0.309214 0.011440 0.080883
v 0.327674 -0.046450 0.157716
v 0.340270 0.328962 0.169510
v 0.322908 0.085122 0.300936
v 0.313259 0.009000 0.067017
v 0.301654 -0.012628 0.357194
v 0.400793 0.075502 0.299110
v 0.310816 0.000266 0.379500
v 0.312035 -0.025252 0.351901
v 0.633813 -0.026156 0.360211
v 0.367414 -0.004971 -0.053446
v 0.322337 0.105195 0.194231
v 0.312735 0.113744 0.099038
v 0.297491 0.139043 0.295308
v 0.425030 0.022769 0.311526
v 0.388642 0.141693 0.188269
v 0.394576 0.024841 0.080918
v 0.387648 0.243007 -0.025257
v 0.427094 0.079862 0.219640
v 0.307197 0.150272 0.198350
v 0.427854 0.137196 0.294948
v 0.404586 0.143535 -0.045931
v 0.390933 0.014707 0.029930
v 0.387746 0.064158 0.203883
v 0.387841 0.223562 0.103347
v 0.387933 -0.069676 0.130616
v 0.425442 0.164370 0.254172
v 0.416152 0.228944 0.189590
v 0.422213 0.053113 -0.003803
v 0.420521 0.061698 0.004897
v 0.394387 -0.008933 0.023614
v 0.442558 0.330910 0.147293
v 0.416015 0.359769 0.165797
v 0.430412 0.084630 0.356544
v 0.419040 0.126308 0.214249
v 0.633444 0.067353 0.363783
v 0.154441 0.061691 0.369556
v 0.285611 0.043662 0.375410
v 0.166753 0.090537 0.337921
v 0.042686 0.313714 0.257831
v 0.286427 -0.035213 0.026569
v 0.088821 -0.310963 0.059436
v 0.153225 -0.299446 0.098285
v 0.156543 -0.197459 0.167026
v -0.039799 -0.177835 0.126526
v -0.008669 -0.111809 0.396467
v 0.009910 -0.202020 -0.086000
v 0.053052 -0.199905 0.114150
v 0.045429 -0.188513 0.150513
v 0.086681 -0.234727 0.320399
v 0.020232 -0.223630 0.204593
v -0.112173 -0.152472 0.222192
v 0.032455 -0.104732 0.383170
v 0.049926 -0.174473 0.090845
v 0.058028 -0.225836 0.180627
v 0.091099 -0.170384 0.128026
v 0.025930 -0.166721 0.126049
v 0.164753 -0.161022 0.298998
v 0.110097 -0.120168 0.396451
v 0.125030 -0.177942 0.151296
v 0.072373 -0.167989 0.082728
v -0.061425 -0.162227 0.297568
v 0.128784 -0.317801 0.354743
v 0.145958 -0.221571 0.244097
v 0.122147 -0.238666 0.314469
v -0.190497 -0.209230 0.132068
v 0.124239 -0.242877 0.148353
v 0.094611 -0.192808 0.096565
v 0.125468 -0.172343 0.089125
v 0.108328 -0.200523 0.053323
v 0.154979 -0.308428 0.059084
v 0.123286 -0.186976 0.277296
v -0.062069 -0.324918 0.010328
v -0.060378 -0.357943 -0.000069
v 0.157924 -0.170099 0.183899
v 0.143305 -0.260170 0.322892
v 0.145277 -0.383624 0.304791
v 0.143274 -0.310645 0.143765
v 0.146279 -0.252296 0.168543
v 0.153905 -0.194883 0.315822
v 0.198053 -0.286782 0.242185
v 0.146042 -0.405026 0.224204
v 0.174102 -0.212049 0.128285
v 0.300777 -0.089179 0.344340
v 0.309058 -0.118787 0.352615
v 0.045221 -0.170346 0.028857
v 0.094333 -0.176122 0.033434
v -0.234861 -0.089152 0.219009
v 0.288676 -0.083023 0.224916
v 0.114277 -0.201777 -0.012832
v 0.149373 -0.161317 0.025826
v 0.134882 -0.302666 -0.052193
v 0.114582 -0.162669 0.048722
v 0.166437 -0.200654 0.031552
v 0.140758 -0.167067 -0.025656
v 0.227266 -0.199665 0.092154
v 0.227279 -0.200274 -0.094608
v 0.155802 -0.172553 0.112896
v 0.373523 -0.171740 0.114221
v 0.254293 -0.262056 0.079283
v 0.253309 -0.211511 0.079561
v 0.236495 -0.211469 -0.069818
v 0.252218 -0.260991 -0.082892
v 0.307216 -0.283736 -0.076576
v 0.274448 -0.104372 -0.221478
v 0.278193 -0.109746 0.215930
v 0.289459 -0.164281 0.087837
v 0.289864 -0.162458 -0.134439
v 0.285415 0.039545 0.188625
v 0.368001 -0.162954 0.121918
v 0.299805 -0.163618 0.124326
v 0.373595 -0.170444 0.342513
v 0.414337 -0.153322 0.033921
v 0.304040 -0.152584 0.033968
v 0.377670 -0.116223 0.149735
v 0.299960 -0.153182 0.237408
v 0.410342 -0.153456 0.136003
v 0.393657 -0.094774 0.002565
v 0.357994 -0.133593 -0.041802
v 0.375948 -0.113029 0.241448
v 0.342191 -0.116721 0.126278
v 0.380129 -0.119932 -0.004811
v 0.297505 -0.074838 0.342136
v 0.305654 -0.153102 0.133586
v -0.236668 0.307492 -0.375589
v 0.084924 0.057353 -0.383422
v 0.080745 0.239789 -0.387721
v -0.239935 0.282459 -0.424383
v 0.297677 0.315402 -0.384103
v 0.104786 0.159650 -0.337561
v 0.098377 0.456856 -0.184913
v 0.236680 0.065418 -0.385304
v 0.157876 0.319034 -0.051291
v 0.233448 0.233655 -0.387361
v 0.109743 0.318881 -0.271364
v -0.083413 0.355749 -0.363847
v 0.136527 0.348336 -0.371730
v 0.273324 0.358264 -0.372220
v 0.133446 0.389538 0.183221
v 0.284408 0.048619 -0.224151
v 0.297245 0.324954 -0.194679
v 0.290306 0.373152 -0.207346
v 0.313593 0.121908 -0.220047
v 0.298327 0.300785 0.180136
v 0.297910 0.165492 -0.247290
v 0.303768 0.224275 -0.194882
v 0.301690 0.024320 -0.042120
v 0.305564 0.147045 -0.198374
v 0.311160 0.117857 -0.101428
v 0.326689 0.235420 -0.070024
v 0.313327 0.000904 -0.061403
v 0.326443 -0.073006 -0.132810
v 0.321571 0.077312 -0.297398
v 0.318725 0.052323 -0.196390
v 0.331027 0.327438 -0.172867
v 0.310230 0.170818 -0.016628
v 0.418555 0.330969 -0.150978
v 0.394735 0.036191 -0.090958
v 0.409214 0.162207 -0.264085
v 0.319468 0.008477 -0.379753
v 0.320292 0.229441 0.064325
v 0.298292 -0.016279 -0.357188
v 0.420118 0.359614 -0.168890
v 0.321006 0.093115 -0.354099
v 0.323480 0.121550 -0.305896
v 0.388055 0.200262 -0.143851
v 0.309427 -0.024346 -0.358620
v 0.399729 0.120849 -0.306425
v 0.389806 -0.034816 -0.173144
v 0.405136 0.109798 -0.220623
v 0.418542 0.223780 -0.196100
v 0.401651 0.071425 -0.295572
v 0.401220 0.106543 -0.078618
v 0.390906 0.141643 -0.192077
v 0.371082 0.160498 -0.052722
v 0.401661 0.137673 0.080749
v 0.431271 0.197032 -0.214557
v 0.242439 0.062176 -0.326502
v 0.284334 0.046213 -0.378691
v 0.113052 0.441109 -0.186249
v 0.293522 0.319861 -0.174278
v 0.299821 0.122639 -0.040915
v 0.125743 -0.242862 -0.149696
v 0.007957 -0.219717 -0.247482
v -0.020005 0.059788 -0.387262
v -0.239763 -0.176537 -0.384224
v -0.027297 -0.178609 -0.251778
v 0.088632 -0.407154 -0.253817
v -0.000993 -0.206601 -0.294397
v 0.022087 -0.223454 -0.208118
v 0.087877 -0.392468 -0.324603
v 0.027536 -0.192286 -0.119096
v -0.073981 -0.117287 -0.406835
v 0.114589 -0.116032 -0.407461
v 0.173114 -0.305389 -0.101292
v 0.100316 -0.226686 -0.203705
v 0.048010 -0.176898 -0.148879
v 0.108517 -0.106390 -0.385166
v -0.094545 -0.151497 -0.224144
v 0.070384 -0.170390 -0.049600
v 0.289292 -0.160399 -0.376923
v 0.122214 -0.199827 -0.092259
v 0.142823 -0.223527 -0.224703
v 0.110943 -0.201004 -0.053981
v 0.146218 -0.273614 -0.332495
v 0.161334 -0.166522 -0.158926
v 0.127811 -0.173709 -0.286111
v 0.159430 -0.166395 -0.125367
v 0.133933 -0.199640 -0.170248
v 0.200182 -0.287176 -0.262995
v 0.161039 -0.176082 -0.317308
v 0.143606 -0.385879 -0.309040
v 0.142749 -0.310870 -0.145328
v 0.270191 -0.155082 -0.214103
v 0.282160 -0.171361 -0.033754
v 0.277730 -0.156424 0.221368
v 0.285105 -0.086611 -0.220915
v 0.301256 -0.153702 -0.248068
v 0.281130 -0.164860 -0.377266
v 0.303967 -0.152925 -0.145831
v 0.306604 -0.109515 -0.042512
v 0.219164 -0.298679 -0.088809
v 0.369082 -0.161692 -0.034191
v 0.299338 -0.089346 -0.241726
v 0.371213 -0.171117 -0.116036
v 0.316685 -0.090632 -0.017420
v 0.395357 -0.089007 -0.062048
v 0.303516 -0.152651 -0.033694
v 0.367502 -0.161355 -0.351799
v 0.321924 -0.111926 -0.133681
v 0.395090 -0.116061 -0.137492
v 0.345144 -0.121608 -0.237570
v 0.303969 -0.152712 -0.044036
v 0.298577 -0.074684 -0.346024
v 0.422350 -0.076525 -0.239881
v 0.127990 -0.242634 -0.324116
v 0.540904 -0.215711 0.130243
v 0.816193 -0.160750 0.112756
v 0.426829 -0.086303 0.297844
v 0.911897 -0.081598 0.344282
v 0.693386 -0.160941 0.026466
v 0.810529 0.008273 0.351433
v 0.681850 -0.331252 0.053990
v 0.719602 -0.331732 0.026598
v 0.767860 -0.270786 0.351417
v 0.761992 -0.280458 0.164989
v 0.730324 -0.241358 0.005498
v 0.923130 0.078139 0.362526
v 0.446556 -0.268962 0.089504
v 0.814539 -0.161772 0.347723
v 0.800485 -0.234937 0.065167
v 0.763591 -0.273895 -0.080759
v 0.787119 -0.212301 0.090938
v 0.526395 -0.205419 0.092607
v 0.832528 -0.171045 0.114200
v 0.794521 -0.221655 -0.091127
v 0.769277 -0.270832 0.431192
v 0.844429 -0.270379 0.351720
v 0.920654 -0.123851 0.364459
v 0.898757 -0.350125 0.138021
v 0.911756 -0.072040 0.344275
v 0.777853 -0.262008 0.367529
v 0.844164 -0.263687 0.426677
v 0.872266 -0.199569 0.093687
v 0.820115 -0.188340 0.122106
v 0.831601 -0.168286 0.342357
v 0.854068 -0.276116 0.083622
v 0.838494 -0.161120 -0.036457
v 0.727057 -0.272291 0.118600
v 0.873214 -0.291845 0.118276
v 0.836861 -0.164594 0.120989
v 0.898907 -0.309586 0.366067
v 0.899734 -0.355083 0.413608
v 0.921704 -0.182192 0.352228
v 0.922892 -0.309032 -0.040056
v 0.919903 -0.020231 0.142199
v 0.919678 -0.020211 0.345733
v 0.911987 -0.081045 0.125759
v 0.922881 -0.308737 0.037197
v 0.931761 -0.351318 0.180987
v 0.916978 -0.310288 0.413643
v 0.923497 -0.127863 -0.004748
v 0.900867 -0.159295 0.349981
v 0.923842 0.077239 -0.365952
v 0.934286 -0.143729 0.259166
v 0.819710 -0.190331 0.245285
v 0.355589 -0.263458 0.430422
v 0.349696 -0.270879 0.351656
v 0.376381 -0.339305 0.334228
v 0.375763 -0.340706 0.428965
v 0.383249 -0.190490 0.248528
v 0.401340 -0.272226 0.350595
v 0.427016 -0.270923 0.432286
v 0.413765 -0.262508 0.367254
v 0.462105 -0.257077 0.262407
v 0.433884 -0.351584 0.263428
v 0.436510 -0.328999 0.342331
v 0.437780 -0.334065 0.415042
v 0.488407 -0.225188 0.345416
v 0.391491 -0.161490 0.349748
v 0.496434 -0.159350 0.428288
v 0.567993 -0.122117 0.352565
v 0.527618 0.011044 0.351537
v 0.563780 -0.160901 0.350392
v 0.564042 -0.189994 0.416708
v 0.527608 -0.207423 0.254004
v 0.519083 -0.492606 0.415003
v 0.464792 -0.442886 0.336445
v 0.548811 -0.510238 0.344037
v 0.588075 -0.511081 0.254529
v 0.560041 -0.188255 0.329292
v 0.454779 0.058581 0.368309
v 0.545523 -0.285830 0.244553
v 0.529680 -0.363688 0.375818
v 0.524497 -0.384117 0.420910
v 0.580308 -0.431061 0.425753
v 0.550402 -0.417144 0.246114
v 0.486945 -0.163002 0.366673
v 0.563205 -0.383262 0.337407
v 0.570430 -0.280785 0.287514
v 0.615409 -0.338617 0.309032
v 0.591838 -0.260745 0.203154
v 0.566936 -0.238477 0.223633
v 0.658355 -0.137691 0.364464
v 0.593036 -0.424302 0.289509
v 0.662618 -0.502976 0.343435
v 0.691100 -0.214218 0.346320
v 0.525697 -0.367252 0.291113
v 0.634452 -0.396518 0.366043
v 0.580614 -0.310578 0.215446
v 0.564154 -0.316949 0.338373
v 0.585953 -0.373540 0.308793
v 0.568696 -0.401243 0.221569
v 0.605730 -0.377812 0.215665
v 0.601013 -0.267807 0.245627
v 0.640701 -0.291752 0.290893
v 0.749887 -0.404437 0.262454
v 0.674201 -0.172265 0.351097
v 0.632897 -0.291654 0.376170
v 0.571461 -0.274510 0.420290
v 0.643080 -0.349203 0.337346
v 0.625652 -0.425531 0.246206
v 0.674193 -0.358923 0.246414
v 0.655158 -0.393849 0.289877
v 0.783958 -0.313744 0.188447
v 0.671631 -0.373848 0.420863
v 0.626024 -0.511011 0.416409
v 0.633888 -0.189865 0.415165
v 0.633757 -0.191873 0.254055
v 0.731581 -0.431959 0.334466
v 0.701169 -0.156277 0.423911
v 0.723388 -0.255902 0.254151
v 0.723223 -0.252324 0.416509
v 0.756134 -0.378621 0.409428
v 0.711856 -0.464320 0.415526
v 0.752909 -0.332645 0.332899
v 0.298149 -0.152923 0.350011
v 0.499160 -0.476718 0.258175
v 0.639472 -0.013909 0.356333
v 0.449115 -0.275575 0.119245
v 0.335330 -0.251120 0.117894
v 0.409758 -0.265176 0.083604
v 0.405248 -0.214174 -0.078804
v 0.307477 -0.357853 -0.011568
v 0.402443 -0.348197 0.024902
v 0.219096 -0.298578 0.086855
v 0.455215 -0.215851 0.090622
v 0.403924 -0.253946 0.158792
v 0.428748 -0.280106 0.164729
v 0.902845 -0.162701 -0.000575
v 0.667620 -0.217266 0.128117
v 0.529898 -0.355705 0.057019
v 0.467519 -0.308625 0.164851
v 0.593676 -0.328277 0.197756
v 0.527366 -0.306829 -0.034343
v 0.410194 -0.319160 0.183035
v 0.520511 -0.161353 0.001064
v 0.184346 -0.298661 0.133681
v 0.528809 -0.303160 0.033356
v 0.542450 -0.279606 0.195620
v 0.675788 -0.180859 0.022166
v 0.617170 -0.329624 0.162169
v 0.569132 -0.323091 0.091239
v 0.621570 -0.313079 0.087073
v 0.595262 -0.381368 0.175723
v 0.567908 -0.381710 0.074347
v 0.564302 -0.198285 0.200368
v 0.609308 -0.219777 0.183015
v 0.623633 -0.376404 0.083739
v 0.693713 -0.200313 0.090733
v 0.660897 -0.299442 0.000086
v 0.744534 -0.214232 0.090665
v 0.690411 -0.357814 -0.012350
v 0.662446 -0.367809 0.051150
v 0.719895 -0.362943 0.028108
v 0.713111 -0.323413 0.156185
v 0.770746 -0.288010 0.079436
v 0.404600 -0.220820 0.090265
v 0.649089 -0.189276 -0.125584
v 0.681703 -0.181451 -0.029937
v 0.572862 -0.161760 -0.211515
v 0.814817 -0.163196 -0.092813
v 0.646809 -0.022256 -0.365292
v 0.428852 0.084988 -0.360549
v 0.775308 -0.262826 -0.432823
v 0.606257 -0.213226 -0.184612
v 0.789866 -0.252487 -0.187234
v 0.691994 -0.182000 -0.353358
v 0.814455 -0.161766 -0.352049
v 0.701012 -0.223924 -0.262926
v 0.769656 -0.295759 -0.171021
v 0.703241 -0.159424 -0.369025
v 0.740924 -0.215908 -0.093059
v 0.771913 -0.271213 -0.353772
v 0.708658 -0.235689 -0.339072
v 0.807972 -0.166395 0.001601
v 0.777959 -0.261909 -0.368091
v 0.752833 -0.363837 -0.336414
v 0.751909 -0.346965 -0.255457
v 0.901616 -0.085353 -0.155812
v 0.920605 -0.123900 -0.368231
v 0.872782 -0.291924 -0.119772
v 0.808258 -0.282042 0.063247
v 0.802452 -0.001325 -0.354466
v 0.799057 -0.184200 -0.038195
v 0.838499 -0.271839 -0.434170
v 0.813118 -0.256181 -0.352853
v 0.879633 -0.240453 -0.366763
v 0.864605 -0.219502 0.087042
v 0.808602 -0.281986 -0.067512
v 0.869274 -0.270982 -0.077257
v 0.819773 -0.194060 -0.254859
v 0.837496 -0.166261 -0.129383
v 0.838314 -0.161507 -0.351921
v 0.681608 -0.330094 -0.122408
v 0.862340 -0.220302 -0.127909
v 0.865789 -0.207595 -0.081443
v 0.900102 -0.153606 -0.352305
v 0.899645 -0.310056 -0.132302
v 0.898984 -0.309414 -0.353015
v 0.898469 -0.351967 -0.141539
v 0.931727 -0.347626 -0.157740
v 0.947255 -0.350665 -0.067901
v 0.942226 -0.354678 0.067372
v 0.899530 -0.310113 0.145635
v 0.913629 -0.123729 0.006995
v 0.919639 -0.020197 -0.347444
v 0.919834 -0.131763 -0.130193
v 0.916983 -0.310284 -0.415485
v 0.900195 -0.355999 -0.415315
v 0.910221 -0.083037 -0.348097
v 0.929413 -0.174231 -0.258752
v 0.921843 -0.182151 -0.352480
v 0.922264 -0.225122 -0.120558
v 0.920286 -0.016631 0.008965
v 0.928569 -0.226632 -0.003281
v 0.928976 0.012942 0.128502
v 0.933608 0.002014 -0.136746
v 0.919956 -0.022377 -0.365414
v 0.925296 -0.348022 -0.001555
v 0.686623 -0.330633 -0.015665
v 0.738695 -0.218350 -0.124525
v 0.920346 -0.022867 0.006731
v 0.365715 -0.195601 -0.115273
v 0.408752 -0.267167 -0.064769
v 0.417173 -0.218370 -0.124857
v 0.334476 -0.259875 -0.119979
v 0.429583 -0.286104 -0.083123
v 0.383257 -0.188265 -0.250521
v 0.529451 -0.215714 -0.120888
v 0.473110 -0.250710 -0.118336
v 0.393127 -0.168311 -0.034389
v 0.684132 -0.201100 -0.094242
v 0.459476 -0.235131 -0.090687
v 0.543859 -0.211314 -0.092134
v 0.404448 -0.252747 -0.186607
v 0.664365 -0.162300 -0.036189
v 0.371052 -0.345898 -0.018894
v 0.556434 -0.200369 -0.046416
v 0.521191 -0.212020 0.029453
v 0.560677 -0.190388 -0.124134
v 0.533453 -0.347822 -0.061475
v 0.577558 -0.387194 -0.075264
v 0.530835 -0.397278 0.034664
v 0.574221 -0.372222 -0.166530
v 0.431737 -0.301984 -0.167107
v 0.577051 -0.330966 -0.200165
v 0.542793 -0.284709 -0.197893
v 0.390883 -0.160832 -0.084957
v 0.620006 -0.239407 -0.166860
v 0.565172 -0.331650 -0.078927
v 0.571836 -0.340684 -0.150974
v 0.617603 -0.328812 -0.165310
v 0.621836 -0.316846 -0.090816
v 0.660620 -0.368139 -0.047484
v 0.623647 -0.378051 -0.087785
v 0.831784 -0.188571 -0.114436
v 0.910185 -0.079517 -0.293775
v 0.429180 -0.080693 -0.129879
v 0.408944 -0.274808 -0.336507
v 0.375788 -0.340531 -0.337803
v 0.412471 -0.262607 -0.368760
v 0.393036 -0.162765 -0.353212
v 0.349349 -0.270922 -0.354110
v 0.447646 -0.417426 -0.409131
v 0.298185 -0.121472 -0.366106
v 0.465951 -0.179225 -0.419345
v 0.438532 -0.388713 -0.346409
v 0.449520 -0.278739 -0.409359
v 0.455410 -0.287313 -0.338319
v 0.436102 -0.378728 -0.263655
v 0.517178 -0.346486 -0.248338
v 0.502859 -0.486263 -0.262788
v 0.570372 -0.160969 -0.354418
v 0.401326 -0.274104 -0.435425
v 0.601171 -0.437189 -0.246898
v 0.535648 -0.390811 -0.292827
v 0.555184 -0.371612 -0.338665
v 0.555577 -0.290030 -0.293403
v 0.540899 -0.194152 -0.345972
v 0.600487 -0.193725 -0.335144
v 0.474534 -0.240397 -0.263548
v 0.654153 -0.304829 -0.255089
v 0.523309 -0.316864 -0.427612
v 0.593024 -0.303267 -0.339306
v 0.529560 -0.336805 -0.377881
v 0.522012 -0.401461 -0.428662
v 0.629447 -0.510237 -0.418663
v 0.573844 -0.222128 -0.233244
v 0.569157 -0.375857 -0.223538
v 0.488017 -0.230923 -0.416757
v 0.558539 -0.506737 -0.418620
v 0.595647 -0.506698 -0.338500
v 0.607010 -0.400763 -0.315040
v 0.590107 -0.282929 -0.193393
v 0.525634 -0.495234 -0.338422
v 0.632305 -0.191732 -0.256007
v 0.610053 -0.431024 -0.427596
v 0.662497 -0.496330 -0.334343
v 0.578946 -0.388041 -0.225889
v 0.624901 -0.132824 -0.417893
v 0.561572 -0.299095 -0.233144
v 0.592614 -0.320816 -0.235373
v 0.585711 -0.329952 -0.313221
v 0.628944 -0.416681 -0.291740
v 0.636036 -0.355676 -0.190157
v 0.668607 -0.350092 -0.293074
v 0.582059 -0.269436 -0.427515
v 0.653357 -0.197724 -0.417124
v 0.615175 -0.393242 -0.339105
v 0.674470 -0.364177 -0.426516
v 0.643244 -0.341128 -0.363091
v 0.715813 -0.464453 -0.345549
v 0.634850 -0.287808 -0.293002
v 0.700573 -0.163923 -0.432335
v 0.574522 -0.010513 -0.360154
v 0.658224 -0.504638 -0.263114
v 0.733509 -0.430440 -0.417055
v 0.910338 -0.071575 -0.347501
v 0.298329 -0.153087 -0.351825
v 0.298120 -0.088880 -0.345581
v 0.722152 -0.448246 -0.257514
v 0.738738 -0.279034 -0.417036
v -0.588464 0.329017 0.241110
v -0.315036 0.291283 0.333997
v -0.306972 0.312022 0.297799
v -0.508619 0.317614 -0.196511
v -0.318330 0.315393 -0.303344
v -0.402420 0.091243 0.344347
v -0.469339 0.409398 -0.194454
v -0.455963 0.413694 -0.226008
v -0.507488 0.317754 0.198265
v -0.456343 0.318979 -0.302032
v -0.467745 0.400463 0.232710
v -0.375989 0.267867 -0.346703
v -0.414049 0.460890 0.192703
v -0.341107 0.426875 -0.292673
v -0.554920 0.292919 -0.332331
v -0.301077 0.494862 -0.220876
v -0.346836 0.466039 0.271815
v -0.288584 0.347266 0.359466
v -0.414591 0.439141 0.258868
v -0.297581 0.486559 0.244586
v -0.431537 0.319664 0.313216
v -0.305294 -0.168783 0.336963
v -0.292497 0.282041 -0.208565
v -0.279408 0.503735 0.191777
v -0.287302 0.465424 0.274227
v -0.290203 0.278550 0.200522
v -0.343277 0.496621 -0.194636
v -0.255597 -0.169020 -0.362656
v -0.241140 0.350533 -0.323558
v -0.287021 0.348579 -0.320800
v -0.289828 0.317185 -0.336477
v -0.321796 0.501818 0.195634
v -0.368720 0.458972 -0.269692
v -0.239523 0.313813 0.382523
v -0.251795 0.299359 0.207702
v -0.243766 0.253782 -0.210021
v -0.239782 0.315553 -0.384180
v -0.235969 0.090754 0.375867
v -0.231483 -0.083364 -0.229467
v -0.180210 0.223391 0.384762
v -0.178897 0.067166 -0.387607
v -0.170694 0.242566 -0.385225
v 0.043789 0.481192 0.243281
v 0.015769 0.506640 -0.190014
v -0.243282 0.347732 0.326488
v -0.234629 0.308819 0.375204
v -0.016027 0.239612 0.381689
v 0.031937 0.317241 -0.334634
v -0.281687 0.502666 -0.191271
v -0.287261 0.443630 -0.287875
v -0.018215 0.239143 -0.387427
v 0.026082 0.313630 -0.210139
v 0.021375 0.474311 -0.267025
v 0.052724 0.450119 -0.267213
v 0.298492 0.277940 -0.421390
v 0.232402 0.228478 0.379290
v -0.239573 0.278149 0.417415
v -0.003187 0.299532 0.376352
v 0.027622 0.293934 -0.372721
v -0.272131 -0.215331 -0.139521
v -0.279591 -0.330601 0.004559
v -0.172290 -0.334950 0.061221
v -0.240488 -0.094266 -0.086959
v -0.198391 -0.199369 0.075111
v -0.177884 -0.171880 0.020981
v -0.194911 -0.199429 -0.017138
v -0.136680 -0.221010 0.200596
v -0.233607 -0.182170 0.018584
v -0.225622 -0.174759 0.126106
v -0.200468 -0.173101 0.170647
v -0.235990 -0.229138 0.199017
v -0.137372 -0.343571 -0.018319
v -0.233187 -0.159053 0.373968
v -0.205676 -0.152918 0.213974
v -0.227632 -0.163246 0.086953
v -0.123442 -0.173359 0.061845
v -0.216399 -0.242563 0.325380
v -0.055936 -0.228972 0.194581
v -0.112998 -0.152740 0.209618
v -0.069260 -0.177157 0.381900
v -0.176588 0.067311 0.384382
v -0.257333 -0.331323 0.107572
v -0.041092 -0.317562 0.086944
v -0.177596 -0.402822 0.211093
v -0.085608 -0.171431 0.053309
v -0.096061 -0.152775 0.209668
v -0.204309 -0.103753 0.213554
v -0.165090 -0.312126 0.347356
v -0.086356 -0.299716 0.048184
v -0.084644 -0.199790 0.090707
v -0.122353 -0.201544 0.120009
v 0.014196 -0.202200 0.280870
v -0.130006 -0.171347 -0.029959
v 0.002930 -0.171024 0.298428
v -0.267271 -0.296821 0.129566
v -0.048454 -0.299503 0.052183
v 0.011255 -0.172515 -0.033669
v -0.060010 -0.208195 0.293570
v -0.256265 -0.212133 0.113479
v -0.003185 -0.197695 0.132751
v 0.078715 -0.306186 0.345900
v 0.088940 -0.321796 0.141324
v -0.123608 -0.175895 0.145148
v -0.092759 -0.160767 0.119708
v -0.049648 -0.184281 0.236819
v -0.218255 -0.312539 0.354890
v 0.121253 -0.391044 0.327566
v 0.289062 -0.161136 0.373097
v -0.040040 -0.200232 0.113925
v -0.375521 -0.122036 0.368887
v -0.374287 -0.168543 0.129279
v -0.423679 -0.190151 0.308291
v -0.437717 -0.172700 0.225910
v -0.388344 -0.199713 -0.067364
v -0.399712 -0.210435 0.366324
v -0.361094 -0.277403 0.372003
v -0.402416 -0.225954 0.142755
v -0.402384 -0.158630 -0.155973
v -0.351330 -0.235757 0.116095
v -0.445588 -0.224853 0.037920
v -0.435592 -0.327427 0.051778
v -0.435409 -0.330545 -0.032489
v -0.484069 -0.319287 0.181890
v -0.397409 -0.162907 0.363645
v -0.387109 -0.258501 0.149160
v -0.325099 -0.263233 0.251108
v -0.384094 -0.271285 0.192561
v -0.375978 -0.235394 0.196631
v -0.363652 -0.245088 0.147588
v -0.322864 -0.288173 0.257089
v -0.354243 -0.275606 0.306720
v -0.384997 -0.451844 0.306579
v -0.399545 -0.159076 0.256202
v -0.388437 -0.210198 -0.014005
v -0.384883 -0.277020 -0.032717
v -0.350136 -0.275770 0.144460
v -0.336569 -0.278082 0.099008
v -0.376844 -0.280402 0.049766
v -0.345572 -0.229718 0.028801
v -0.403232 -0.202535 0.205055
v -0.356256 -0.318507 0.170322
v -0.315120 -0.297317 0.178223
v -0.341159 -0.343148 0.202871
v -0.351931 -0.378635 0.369899
v -0.287406 -0.274446 0.136711
v -0.317814 0.090924 0.373946
v -0.307194 -0.392315 0.383720
v -0.310730 -0.288338 0.346352
v -0.305516 -0.391350 0.266364
v -0.300804 -0.216939 0.169267
v -0.342096 -0.228378 0.383909
v -0.306135 -0.151885 -0.357436
v -0.316800 -0.074689 0.372684
v -0.306957 -0.329237 -0.055582
v -0.316739 -0.258584 -0.106735
v -0.283559 -0.224172 0.132882
v -0.319103 -0.250913 0.127283
v -0.282273 -0.283316 0.040580
v -0.232489 -0.386826 0.343397
v -0.216011 -0.387464 0.324467
v -0.289994 -0.303346 0.264780
v -0.252157 -0.299928 0.105592
v -0.237123 -0.293743 0.336936
v -0.254619 -0.318806 0.074893
v -0.235049 -0.385125 0.177787
v -0.219327 -0.197919 0.150694
v -0.196211 -0.170588 0.260562
v -0.236020 -0.236781 0.298347
v -0.201454 -0.168832 0.315770
v -0.237853 -0.283310 0.149015
v -0.178974 -0.333824 0.346502
v -0.282300 -0.287418 -0.040249
v -0.288521 0.302246 -0.110626
v -0.254927 -0.168771 0.359900
v -0.230989 -0.167484 -0.086180
v -0.231524 -0.161703 -0.307648
v -0.213824 -0.172848 -0.024532
v -0.237601 -0.285234 -0.149316
v -0.177899 -0.317638 -0.142338
v -0.229258 -0.159322 0.019222
v -0.196382 -0.171020 -0.261373
v 0.168787 -0.308461 -0.137624
v -0.225747 -0.183662 -0.139524
v -0.127810 -0.161477 -0.091269
v -0.205467 -0.106569 -0.219775
v -0.205661 -0.152841 -0.221309
v -0.172274 -0.201757 -0.116353
v -0.183220 -0.170141 -0.080789
v -0.286261 -0.252372 -0.145126
v -0.189389 -0.184505 -0.175356
v -0.010529 -0.164026 -0.122713
v -0.234424 -0.163306 -0.133626
v -0.114923 -0.304048 -0.020456
v -0.111789 -0.107742 -0.224783
v -0.237218 -0.381733 -0.180080
v -0.112496 -0.152955 -0.212852
v -0.240125 -0.079704 -0.384565
v -0.232042 -0.161113 -0.262097
v -0.210311 -0.236776 -0.317016
v 0.146311 -0.383659 -0.183710
v -0.181836 -0.213704 -0.195532
v -0.084152 -0.171803 -0.085231
v -0.112243 -0.152882 -0.226146
v -0.099722 -0.152833 -0.272166
v -0.094530 -0.153979 -0.212046
v -0.191852 -0.213917 -0.119045
v 0.047386 -0.106629 -0.385497
v -0.125701 -0.175857 -0.149913
v -0.069541 -0.160654 -0.030220
v -0.177518 -0.299969 -0.092146
v 0.097254 -0.304691 -0.036148
v -0.069332 -0.217101 -0.267608
v 0.088626 -0.298585 -0.359925
v -0.079902 -0.221703 -0.205592
v -0.006666 -0.153379 -0.325157
v 0.010457 -0.125802 -0.385337
v -0.074580 -0.198005 -0.136758
v 0.162440 -0.198111 -0.132053
v 0.001075 -0.170377 -0.301305
v -0.002939 -0.175362 0.071074
v -0.216468 -0.387553 -0.326486
v -0.032742 -0.178849 -0.128174
v -0.478904 -0.136365 -0.184430
v -0.346372 -0.230893 -0.123705
v -0.483721 -0.308976 -0.148708
v -0.390213 -0.260893 -0.145420
v -0.441108 -0.191974 -0.370367
v -0.431755 -0.145372 -0.370241
v -0.310903 -0.275125 -0.344946
v -0.345402 -0.236074 -0.256511
v -0.402172 -0.243812 -0.166798
v -0.408364 -0.169493 0.059060
v -0.359312 -0.168757 -0.022501
v -0.353851 -0.398229 -0.306779
v -0.369758 -0.178421 -0.348499
v -0.393330 -0.328515 -0.178458
v -0.414270 -0.337268 -0.148270
v -0.321440 -0.303240 -0.168606
v -0.320740 0.105127 -0.363947
v -0.336183 -0.343254 -0.205054
v -0.337378 -0.329278 -0.055585
v -0.306807 -0.348652 -0.257849
v -0.304719 -0.238153 -0.171701
v -0.347414 -0.217036 -0.170846
v -0.337546 -0.175703 0.044234
v -0.303130 -0.207333 -0.091894
v -0.338807 -0.330976 0.053684
v -0.308287 -0.392157 -0.385926
v -0.306228 -0.386866 -0.291913
v -0.297592 -0.231898 -0.123262
v -0.255007 -0.303968 -0.102853
v -0.255221 -0.330786 -0.118307
v -0.234143 -0.237040 -0.186053
v -0.273140 -0.394033 -0.240200
v -0.290441 -0.289271 -0.242682
v -0.233888 -0.277115 -0.334540
v -0.224017 -0.191176 -0.317393
v -0.233556 -0.383430 -0.306870
v -0.217649 -0.337425 -0.356443
v -0.180934 -0.400779 -0.271964
v -0.067026 -0.107795 -0.385869
v -0.327010 -0.069279 -0.370515
v -0.701489 -0.314285 0.306485
v -0.697562 -0.395825 0.364240
v -0.638390 -0.482196 0.304076
v -0.596674 -0.180372 0.306709
v -0.680103 -0.255883 0.363012
v -0.630782 0.035871 0.364214
v -0.586195 -0.275348 0.298035
v -0.658432 0.022375 0.357639
v -0.636016 -0.145426 0.358020
v -0.582093 -0.428736 0.289084
v -0.529646 -0.380011 0.397638
v -0.481976 -0.510464 0.304640
v -0.514046 -0.283172 0.288501
v -0.576799 -0.379418 0.307379
v -0.535625 -0.343881 0.258968
v -0.537257 -0.391107 0.248398
v -0.511525 -0.369098 0.301379
v -0.600171 -0.310859 0.379188
v -0.553099 -0.301512 0.396949
v -0.545168 -0.354775 0.233683
v -0.490346 -0.169737 0.372401
v -0.477470 -0.420410 0.361591
v -0.611559 -0.499287 0.364207
v -0.422418 -0.475683 0.371737
v -0.455704 -0.422298 0.290863
v -0.517683 -0.264767 0.381507
v -0.473162 -0.264572 0.298156
v -0.541681 -0.290117 0.235105
v -0.466616 -0.281675 0.378957
v -0.506802 -0.378999 0.385614
v -0.529999 -0.418496 0.389016
v -0.537046 -0.251165 0.296843
v -0.470721 -0.347874 0.403166
v -0.376882 -0.350403 0.288927
v -0.598001 -0.399279 0.375419
v -0.575259 -0.170769 0.365619
v -0.725485 -0.372663 0.172605
v -0.683222 -0.327231 -0.021099
v -0.550750 -0.325067 0.057714
v -0.668231 -0.273724 0.127608
v -0.642190 -0.273818 0.101643
v -0.559232 -0.321214 0.105572
v -0.629431 -0.221345 0.129879
v -0.534066 -0.270217 0.053682
v -0.553818 -0.141385 0.256742
v -0.691803 -0.286028 0.248883
v -0.610063 -0.209796 0.215642
v -0.506735 -0.201748 0.223795
v -0.540749 -0.209960 0.117357
v -0.768113 -0.277325 0.131849
v -0.436276 -0.213859 0.122013
v -0.675559 -0.307488 0.179021
v -0.659411 -0.292323 0.148345
v -0.505485 -0.340234 0.173517
v -0.446706 -0.169653 0.075900
v -0.556808 -0.409036 0.101475
v -0.561987 -0.129703 0.157121
v -0.535980 -0.218904 0.205651
v -0.431614 -0.189964 0.114250
v -0.513861 -0.297132 0.239332
v -0.516694 -0.401399 -0.106647
v -0.469654 -0.232703 0.145337
v -0.444452 -0.250006 0.086126
v -0.559587 -0.222120 0.035141
v -0.422360 -0.277517 0.065052
v -0.383424 -0.201955 0.133704
v -0.480857 -0.137729 0.189966
v -0.485310 -0.308616 0.145989
v -0.507625 -0.397375 0.189994
v -0.422944 -0.147304 0.212159
v -0.524147 -0.172865 0.175281
v -0.555478 -0.347541 0.140945
v -0.391672 -0.343378 0.138619
v -0.788637 -0.020225 0.361057
v -0.793304 -0.210360 0.378226
v -0.692677 0.060615 0.237571
v -0.837306 0.013263 0.301534
v -0.662417 0.062684 0.326338
v -0.762344 -0.034580 0.377560
v -0.684684 0.150042 0.045824
v -0.662128 0.075208 0.337554
v -0.656751 -0.016177 0.161375
v -0.655236 0.264158 -0.007165
v -0.627709 0.276656 0.321281
v -0.592598 0.252463 0.338340
v -0.579266 -0.139087 0.359562
v -0.639426 0.324881 0.003531
v -0.788042 0.023654 0.354019
v -0.922727 -0.139070 0.172921
v -0.863432 -0.038857 0.112538
v -0.887264 -0.057079 0.102905
v -0.920248 -0.110935 0.114094
v -0.887369 -0.111770 0.102933
v -0.929653 -0.032167 0.172965
v -0.880748 0.001365 -0.183899
v -0.887345 -0.110100 0.112319
v -0.894855 -0.161219 0.266356
v -0.878227 -0.000668 0.182969
v -0.921415 -0.071678 0.171484
v -0.887294 -0.184657 0.112038
v -0.875997 -0.225024 0.252298
v -0.875210 0.005965 0.183515
v -0.863535 -0.173238 0.279772
v -0.894852 -0.114497 0.275234
v -0.865796 -0.124253 0.268473
v -0.819969 -0.002316 0.194418
v -0.895140 -0.141402 0.332549
v -0.853400 -0.078746 0.308383
v -0.839928 -0.131467 0.319997
v -0.859552 -0.151802 0.139272
v -0.845580 -0.093870 0.157982
v -0.837010 -0.018926 0.162829
v -0.880766 -0.036125 0.194367
v -0.851903 -0.303879 0.302672
v -0.838411 -0.122826 0.182747
v -0.837970 -0.274191 0.192122
v -0.869345 -0.283801 0.202772
v -0.816140 -0.221480 0.167104
v -0.721447 -0.279540 0.377119
v -0.933794 -0.286593 0.194733
v -0.875430 -0.298568 0.348781
v -0.933815 -0.286285 -0.041096
v -0.920438 -0.213528 0.001036
v -0.888721 -0.221560 0.169987
v -0.920428 -0.157434 0.002773
v -0.878965 -0.283377 0.035490
v -0.878934 -0.283418 -0.037203
v -0.911438 -0.305176 0.144279
v -0.886943 -0.184414 0.172947
v -0.947191 -0.356144 0.178452
v -0.880169 -0.189472 0.104406
v -0.918239 -0.295847 0.096878
v -0.865994 -0.303591 0.108923
v -0.887328 -0.195711 0.002596
v -0.876608 -0.158028 -0.000050
v -0.847965 -0.229696 0.164750
v -0.864566 -0.303028 0.143378
v -0.898813 -0.301039 -0.133317
v -0.863003 -0.316297 0.176067
v -0.861667 -0.152606 0.140280
v -0.867404 -0.272093 0.143512
v -0.871871 -0.357072 0.352836
v -0.779423 -0.298718 0.364615
v -0.834057 -0.350295 0.174668
v -0.780403 -0.357091 0.364688
v -0.851710 -0.232781 0.191526
v -0.818471 -0.331296 0.139033
v -0.825168 -0.011701 0.192443
v -0.920729 -0.184566 0.104436
v -0.848174 -0.209351 0.159541
v -0.881096 -0.273593 0.112101
v -0.823874 -0.271468 -0.133278
v -0.788029 -0.361836 0.141501
v -0.720799 -0.291494 0.132157
v -0.775777 -0.243399 0.046643
v -0.746459 -0.216892 0.130023
v -0.725415 -0.374034 0.138587
v -0.764378 -0.319037 0.101384
v -0.743742 -0.317534 -0.089155
v -0.711290 -0.268281 0.095149
v -0.680830 -0.293942 0.074120
v -0.717776 -0.265628 -0.002979
v -0.722698 -0.274685 0.143351
v -0.696189 -0.045011 0.090991
v -0.628930 -0.187874 0.080427
v -0.645436 -0.157416 0.054399
v -0.677763 -0.131504 0.031889
v -0.654935 -0.214066 0.064799
v -0.652229 -0.273993 0.065606
v -0.650378 -0.221548 0.035600
v -0.633183 -0.184217 0.014459
v -0.685975 -0.017856 0.051068
v -0.612400 -0.237832 0.086867
v -0.521580 -0.278118 0.117926
v -0.534646 -0.196761 0.047885
v -0.607709 -0.164879 0.044228
v -0.652744 -0.075084 0.082218
v -0.652911 -0.089403 0.144979
v -0.588572 -0.185725 0.088174
v -0.648585 -0.083844 0.190557
v -0.809964 0.010712 -0.351193
v -0.842784 0.009919 -0.307932
v -0.858445 0.010904 0.265759
v -0.697443 0.069995 -0.211568
v -0.802037 -0.018960 -0.369340
v -0.695136 0.106138 -0.028465
v -0.670281 0.275156 0.174039
v -0.692601 0.065590 -0.127048
v -0.642982 0.053219 -0.347825
v -0.616645 0.324780 -0.060687
v -0.646487 0.041594 -0.367588
v -0.654786 0.275259 -0.275196
v -0.613909 0.225858 -0.334490
v -0.581501 0.358436 -0.268234
v -0.620428 0.328919 -0.244097
v -0.556795 0.331220 -0.271454
v -0.567410 0.316931 -0.236137
v -0.535758 0.341598 -0.238788
v -0.560488 0.367866 -0.238569
v -0.411801 0.083614 -0.346138
v -0.376931 0.007580 -0.374054
v -0.935405 -0.278042 0.096208
v -0.941215 -0.298127 -0.133748
v -0.943451 -0.254877 -0.176562
v -0.920800 -0.184523 -0.114091
v -0.947006 -0.356130 -0.178422
v -0.920150 -0.127937 0.002695
v -0.900218 -0.232971 -0.174554
v -0.920568 -0.138713 -0.115901
v -0.887232 -0.101069 -0.174935
v -0.888416 -0.102839 -0.117984
v -0.889638 -0.243165 -0.004954
v -0.887445 -0.195670 -0.107144
v -0.921717 -0.184699 -0.174995
v -0.920497 -0.056494 -0.116008
v -0.886793 -0.112404 -0.004627
v -0.879146 -0.157965 -0.108770
v -0.887221 -0.082584 0.002693
v -0.879502 -0.289674 -0.207646
v -0.887177 -0.047897 -0.005074
v -0.856138 -0.246179 -0.145130
v -0.892267 -0.328528 0.131714
v -0.848173 -0.058557 -0.080446
v -0.874102 -0.000909 -0.199984
v -0.825325 -0.284855 -0.197151
v -0.850218 -0.319797 -0.183125
v -0.859108 -0.230620 -0.170247
v -0.846987 -0.062456 -0.162191
v -0.824591 -0.272524 0.130134
v -0.819794 -0.232887 -0.141921
v -0.842721 -0.324860 -0.163769
v -0.717831 -0.267414 -0.152567
v -0.773499 -0.267372 -0.077685
v -0.725297 -0.284879 -0.115224
v -0.715223 -0.283331 0.037950
v -0.768133 -0.216963 -0.140658
v -0.668266 -0.289920 -0.154122
v -0.583274 -0.273503 -0.128163
v -0.667654 -0.021642 -0.038609
v -0.653872 -0.067364 -0.067500
v -0.668582 -0.159574 -0.130305
v -0.670666 -0.180200 -0.026914
v -0.651090 -0.039696 -0.152950
v -0.642801 -0.157221 -0.086933
v -0.596208 -0.261248 -0.029392
v -0.533583 -0.229097 -0.017200
v -0.874201 -0.041619 -0.107755
v -0.887255 -0.157453 -0.175046
v -0.921451 -0.111570 -0.175037
v -0.921476 -0.071567 -0.175162
v -0.931264 -0.028192 -0.176536
v -0.859743 -0.298639 -0.363991
v -0.878951 -0.109559 -0.198285
v -0.894102 -0.118445 -0.325519
v -0.895310 -0.174891 -0.314223
v -0.895384 -0.163408 -0.269825
v -0.858912 -0.224967 -0.302917
v -0.871495 -0.356792 -0.356297
v -0.849028 -0.304154 -0.310664
v -0.840077 -0.019217 -0.181914
v -0.854959 -0.080252 -0.308416
v -0.819986 0.001093 -0.194574
v -0.826020 -0.257181 -0.191737
v -0.663982 0.063228 -0.332571
v -0.844084 -0.172867 -0.142000
v -0.843984 -0.067979 -0.160376
v -0.825622 -0.123759 -0.279596
v -0.867389 -0.150575 -0.271389
v -0.841826 -0.150940 -0.319012
v -0.869576 -0.133692 -0.264193
v -0.849970 -0.130484 -0.321275
v -0.794526 -0.211311 -0.371148
v -0.823923 -0.286024 -0.210361
v -0.825557 -0.165351 -0.281011
v -0.721002 -0.270095 -0.365904
v -0.638953 -0.059503 -0.192226
v -0.635235 -0.101022 -0.361158
v -0.867366 -0.033926 -0.161080
v -0.789070 -0.361752 -0.143872
v -0.726857 -0.370193 -0.173626
v -0.536269 -0.318056 -0.186293
v -0.650983 -0.314626 -0.178138
v -0.692058 -0.286219 -0.249647
v -0.545547 -0.296878 -0.111998
v -0.688786 -0.244865 -0.024808
v -0.558341 -0.194411 -0.148106
v -0.596724 -0.201748 -0.211474
v -0.537335 -0.348322 -0.138109
v -0.459573 -0.267934 -0.032069
v -0.593371 -0.214038 -0.227088
v -0.502276 -0.399778 0.130990
v -0.544265 -0.416850 -0.133636
v -0.625497 -0.135457 -0.062225
v -0.438030 -0.171296 -0.227696
v -0.566762 -0.162417 -0.047073
v -0.465535 -0.317267 -0.182683
v -0.471350 -0.236718 -0.133638
v -0.496918 -0.387505 -0.182095
v -0.442022 -0.178997 -0.182012
v -0.529589 -0.213629 -0.233343
v -0.395104 -0.209488 -0.204237
v -0.403310 -0.160149 -0.256714
v -0.317292 -0.289535 -0.120362
v -0.468595 -0.216555 -0.143040
v -0.383137 -0.205967 -0.133563
v -0.428042 -0.147391 -0.213413
v -0.366389 -0.266100 -0.176794
v -0.330103 -0.319194 -0.102918
v -0.657305 -0.282404 -0.131236
v -0.725314 -0.373778 -0.142447
v -0.556804 -0.322218 -0.113032
v -0.779737 -0.356628 -0.359318
v -0.779433 -0.298528 -0.359058
v -0.807539 -0.364189 -0.172944
v -0.703316 -0.324113 -0.364448
v -0.701414 -0.382422 -0.308520
v -0.687855 -0.271355 -0.308585
v -0.649084 -0.473644 -0.307889
v -0.538943 -0.252685 -0.295149
v -0.655972 -0.232864 -0.370466
v -0.616456 -0.170280 -0.253714
v -0.607802 -0.410792 -0.293297
v -0.629531 -0.335560 -0.293371
v -0.651428 -0.472047 -0.365894
v -0.560363 -0.514147 -0.364617
v -0.568652 -0.267049 -0.377748
v -0.580543 -0.407409 -0.381678
v -0.512873 -0.348071 -0.170162
v -0.439134 -0.494834 -0.362761
v -0.543257 -0.399224 -0.191974
v -0.561642 -0.337878 -0.396949
v -0.538296 -0.370158 -0.273059
v -0.519263 -0.405092 -0.253336
v -0.512459 -0.373526 -0.227912
v -0.540972 -0.417120 -0.302561
v -0.536606 -0.312903 -0.241638
v -0.542774 -0.296779 -0.401075
v -0.523139 -0.445645 -0.291256
v -0.497700 -0.508448 -0.301591
v -0.510226 -0.263879 -0.220902
v -0.520424 -0.317690 -0.208959
v -0.459001 -0.277522 -0.295136
v -0.361941 -0.278437 -0.302043
v -0.528761 -0.168703 -0.365262
v -0.454827 -0.182439 -0.310041
v -0.412090 -0.463859 -0.297646
v -0.526570 -0.386442 -0.408786
v -0.470508 -0.415553 -0.377478
v -0.477502 -0.344004 -0.405711
v -0.438075 -0.398972 -0.290939
v -0.435803 -0.329414 -0.377243
v -0.372235 -0.435484 -0.364960
v -0.359888 -0.273171 -0.364390
v -0.414881 -0.347207 -0.383028
v -0.616619 -0.363941 -0.377343
v -0.589667 -0.129922 -0.361277
vn -0.9511 0.2804 0.1299
vn -0.9511 0.2803 0.1299
vn -0.9870 0.1604 0.0109
vn -0.9950 0.0997 -0.0005
vn -0.8885 0.3896 0.2426
vn -0.6956 -0.7172 -0.0428
vn -0.8738 0.4840 -0.0471
vn -0.7114 0.2820 -0.6437
vn -0.6606 -0.7164 -0.2246
vn 0.7192 0.6904 -0.0785
vn -0.1910 0.7795 0.5965
vn -0.0337 0.0059 0.9994
vn -0.1759 -0.9803 0.0901
vn -0.7254 -0.4795 0.4939
vn -0.2775 -0.0859 -0.9569
vn -0.7608 0.3410 -0.5522
vn 0.8673 0.4687 -0.1679
vn -0.7278 -0.0590 -0.6832
vn -0.7812 0.0864 -0.6183
vn -0.0704 -0.0002 0.9975
vn -0.1490 0.9865 0.0678
vn -0.7268 -0.0468 -0.6853
vn -0.4738 0.6446 0.6000
vn -0.1178 -0.9918 0.0497
vn -0.3105 -0.9501 -0.0293
vn -0.2045 -0.9789 0.0034
vn 0.0687 0.9975 -0.0167
vn -0.2498 -0.0158 -0.9682
vn -0.0596 -0.9957 0.0712
vn -0.1385 -0.9873 -0.0779
vn 0.6945 -0.6987 -0.1718
vn -0.1733 -0.0314 0.9844
vn -0.2964 -0.0173 0.9549
vn -0.5037 0.8638 0.0121
vn -0.1665 -0.1320 -0.9772
vn -0.6955 -0.7172 -0.0428
vn -0.2617 -0.9636 0.0548
vn -0.0309 -0.3616 -0.9318
vn -0.9397 -0.3385 -0.0486
vn -0.8974 -0.4359 -0.0686
vn -0.5364 -0.8434 0.0316
vn -0.8563 -0.4980 0.1371
vn -0.5299 -0.8439 0.0839
vn -0.8969 0.0077 0.4423
vn 0.0478 -0.9970 0.0604
vn -0.0423 0.0269 0.9987
vn 0.7187 -0.6911 0.0762
vn -0.7315 0.6606 0.1687
vn 0.8581 0.4754 -0.1938
vn 0.4494 -0.8934 0.0002
vn 0.4200 -0.9074 -0.0110
vn 0.4152 -0.8164 0.4013
vn 0.2537 0.2207 -0.9418
vn 0.2582 0.2135 -0.9422
vn 0.2538 0.2207 -0.9417
vn -0.9993 0.0187 -0.0331
vn 0.0013 -0.9742 0.2258
vn -0.3716 -0.1662 0.9134
vn -0.3792 -0.4224 -0.8233
vn 0.5217 0.2351 0.8201
vn 0.2693 -0.8737 -0.4051
vn 0.3441 0.3944 -0.8521
vn -0.8736 0.4862 0.0210
vn 0.6928 0.0624 0.7184
vn 0.1813 0.9759 -0.1214
vn 0.1265 0.8280 -0.5463
vn 0.0297 0.9657 0.2578
vn 0.0718 0.9591 0.2739
vn 0.4476 0.8942 0.0107
vn -0.3055 -0.9485 0.0833
vn 0.1807 0.0350 0.9829
vn -0.0261 0.9882 -0.1508
vn 0.3089 -0.9509 -0.0191
vn 0.5232 -0.8278 0.2023
vn -0.0514 0.8238 -0.5646
vn -0.0525 -0.9874 -0.1492
vn 0.7756 0.5780 0.2537
vn 0.1155 0.9566 -0.2676
vn -0.7449 0.6672 0.0038
vn -0.7008 0.7084 0.0842
vn -0.7445 0.6676 0.0053
vn 0.0499 -0.9930 0.1074
vn 0.5787 -0.8144 -0.0432
vn 0.5793 -0.8143 -0.0369
vn 0.5382 -0.8428 -0.0073
vn 0.8891 -0.3317 0.3154
vn 0.9041 -0.2475 0.3485
vn -0.8149 0.0319 -0.5787
vn -0.7318 -0.5773 0.3622
vn -0.5099 0.8384 -0.1927
vn -0.5391 0.8163 -0.2075
vn -0.4960 0.8470 -0.1913
vn 0.1008 -0.1475 -0.9839
vn -0.3050 0.1080 0.9462
vn 0.1471 -0.0415 -0.9882
vn 0.0040 -0.0024 1.0000
vn -0.1182 -0.0201 0.9928
vn -0.2244 -0.0611 0.9726
vn 0.1151 0.9501 0.2899
vn -0.8923 0.2989 0.3383
vn -0.3334 0.1265 -0.9343
vn -0.4077 -0.1161 0.9057
vn 0.9932 -0.0557 0.1023
vn 0.8490 -0.0103 -0.5283
vn 0.0935 0.9956 -0.0005
vn -0.8088 -0.5666 0.1578
vn 0.2962 0.9538 0.0503
vn -0.2592 0.9369 -0.2344
vn -0.4746 0.8705 0.1305
vn -0.5230 0.7926 0.3135
vn -0.5302 0.7227 0.4435
vn -0.5235 0.8520 0.0083
vn 0.4063 0.1187 -0.9060
vn 0.1907 0.1089 -0.9756
vn 0.4697 0.0308 -0.8823
vn -0.0004 -0.9021 -0.4315
vn -0.3170 -0.9484 -0.0000
vn -0.1206 -0.9921 0.0335
vn -0.1197 -0.9904 0.0691
vn -0.1186 -0.9923 -0.0370
vn 0.6180 -0.7819 -0.0817
vn -0.3981 0.0453 0.9162
vn -0.2243 0.0091 0.9745
vn -0.9655 0.1815 0.1866
vn -0.9562 0.2736 0.1041
vn -0.9614 -0.2086 -0.1795
vn 0.5401 -0.8415 -0.0128
vn 0.5391 -0.8420 -0.0224
vn 0.5387 -0.8424 -0.0131
vn 0.7850 0.6195 -0.0070
vn 0.0753 0.0217 0.9969
vn 0.0143 0.0097 0.9999
vn 0.0994 -0.0234 0.9948
vn -0.0748 -0.8926 0.4446
vn -0.2112 -0.8692 0.4470
vn -0.1064 -0.8828 0.4576
vn -0.0007 -0.1606 -0.9870
vn -0.0975 -0.1076 0.9894
vn -0.1390 -0.0844 0.9867
vn -0.1322 -0.1334 0.9822
vn -0.5732 0.8188 0.0319
vn -0.5377 0.8425 0.0342
vn -0.5787 0.8144 0.0432
vn 0.2832 0.9506 0.1272
vn 0.2987 0.9501 0.0901
vn 0.2966 0.9492 0.1048
vn -0.4407 0.1819 0.8790
vn -0.3160 0.2355 -0.9191
vn -0.3068 0.2227 -0.9253
vn -0.3599 0.1711 -0.9172
vn -0.9998 0.0200 -0.0068
vn -0.0776 0.9969 -0.0138
vn 0.1779 -0.0790 -0.9809
vn 0.1754 -0.0857 -0.9808
vn 0.1771 -0.0813 -0.9808
vn 0.2872 -0.7815 0.5539
vn -0.9134 -0.4067 0.0149
vn -0.6202 0.7844 0.0071
vn -0.0649 -0.0515 -0.9966
vn 0.1789 0.9562 -0.2318
vn 0.3481 0.9373 0.0172
vn 0.3047 0.9524 -0.0115
vn 0.3184 0.9479 -0.0075
vn 0.1751 0.0859 0.9808
vn -0.1869 0.6384 0.7466
vn 0.5439 0.2831 0.7900
vn 0.8157 0.5691 -0.1036
vn 0.0136 0.9999 0.0003
vn 0.0036 1.0000 -0.0040
vn 0.7748 -0.6215 -0.1163
vn -0.1539 -0.1157 -0.9813
vn -0.1108 -0.1935 -0.9748
vn -0.1533 -0.1325 -0.9793
vn -0.0501 0.6586 -0.7508
vn 0.0631 0.8392 -0.5402
vn 0.9785 -0.0860 -0.1874
vn 0.7356 -0.1404 0.6627
vn 0.8648 -0.0061 0.5020
vn -0.2762 -0.9606 0.0308
vn -0.0469 -0.9980 -0.0422
vn 0.0015 -1.0000 0.0094
vn -0.0488 -0.0646 0.9967
vn -0.0340 0.5149 -0.8566
vn -0.3198 0.9427 0.0950
vn -0.0031 -0.0192 -0.9998
vn -0.7204 0.5477 0.4256
vn -0.9994 -0.0062 -0.0333
vn 0.0643 0.0020 0.9979
vn 0.5946 0.2174 0.7741
vn 0.7986 -0.5751 -0.1773
vn 0.4275 0.9029 -0.0453
vn -0.7558 -0.6529 -0.0491
vn -0.8157 -0.5604 0.1436
vn 0.0988 -0.6873 0.7196
vn 0.6805 0.0093 0.7327
vn -0.2928 -0.1585 0.9429
vn -0.0871 -0.9961 0.0148
vn -0.9849 -0.0861 -0.1503
vn -0.4152 0.0485 -0.9084
vn -0.7384 0.6690 0.0844
vn -0.9582 0.1708 0.2295
vn -0.5307 0.8475 0.0083
vn 0.0894 -0.7517 -0.6535
vn -0.0948 0.0822 -0.9921
vn 0.0253 0.1069 -0.9939
vn -0.0789 0.1114 -0.9906
vn 0.2886 -0.2096 -0.9342
vn 0.1488 0.9888 -0.0097
vn 0.8354 -0.1038 -0.5398
vn 0.8503 0.3753 -0.3688
vn 0.9576 -0.2874 -0.0224
vn -0.0956 -0.0347 0.9948
vn -0.0968 -0.0271 0.9949
vn -0.0551 0.0180 0.9983
vn 0.2954 0.0780 -0.9522
vn -0.1374 -0.7883 0.5998
vn -0.4171 0.2194 -0.8820
vn 0.9177 0.0284 -0.3962
vn 0.1006 0.0550 0.9934
vn 0.0391 -0.1955 -0.9799
vn 0.1006 0.0182 -0.9948
vn -0.3830 0.0232 -0.9234
vn 0.2505 0.2259 -0.9414
vn -0.9606 0.2757 0.0346
vn 0.3949 -0.0040 -0.9187
vn -0.9806 0.1390 0.1381
vn -0.9959 -0.0485 -0.0762
vn -0.8494 -0.0097 -0.5277
vn -0.0935 0.0313 -0.9951
vn 0.7538 0.0822 0.6519
vn -0.2458 0.9693 -0.0084
vn 0.9121 -0.1330 0.3877
vn -0.8395 -0.0549 -0.5405
vn -0.7972 0.3497 -0.4922
vn 0.9927 0.0295 -0.1173
vn 0.6622 -0.7317 -0.1618
vn 0.9816 0.0191 -0.1901
vn -0.9684 -0.2156 0.1257
vn 0.1793 0.9763 -0.1215
vn -0.1038 0.8400 0.5326
vn -0.8356 0.4389 0.3303
vn 0.9374 -0.0927 -0.3356
vn 0.9441 0.0132 0.3294
vn 0.7452 -0.5595 -0.3629
vn 0.1342 -0.9068 -0.3996
vn 0.0704 0.4234 -0.9032
vn 0.9463 0.0139 -0.3229
vn 0.8898 0.0405 -0.4546
vn 0.8898 0.0406 -0.4546
vn 0.8734 0.4869 -0.0072
vn 0.9365 0.3505 -0.0071
vn 0.8816 0.4720 -0.0042
vn 0.9973 -0.0737 -0.0073
vn 0.5285 0.8448 0.0838
vn 0.9252 -0.3451 -0.1579
vn 0.9247 -0.3231 -0.2014
vn 0.8330 0.0606 -0.5499
vn 0.5649 -0.6218 0.5425
vn 0.6826 -0.4041 0.6089
vn 0.3376 -0.9411 0.0178
vn 0.9558 -0.1857 -0.2280
vn -0.7313 0.6820 0.0018
vn -0.2029 -0.9792 -0.0040
vn -0.0038 -0.0699 -0.9975
vn -0.1178 -0.0401 -0.9922
vn -0.1372 -0.0153 -0.9904
vn 0.4273 0.9003 0.0828
vn 0.5290 -0.8423 -0.1033
vn 0.6392 -0.7609 -0.1115
vn 0.8622 -0.0070 0.5066
vn 0.9108 -0.3964 -0.1156
vn -0.1844 0.0615 0.9809
vn 0.9711 -0.2360 -0.0344
vn 0.9984 -0.0371 -0.0428
vn 0.9925 -0.0349 -0.1173
vn 0.0225 0.0403 -0.9989
vn -0.0890 -0.9916 0.0942
vn 0.1516 0.9883 -0.0173
vn 0.9699 0.2339 -0.0680
vn 0.8700 0.4930 0.0027
vn 0.1040 -0.3111 -0.9447
vn 0.2148 0.9598 0.1805
vn 0.9982 -0.0217 0.0565
vn 0.9820 -0.0247 -0.1873
vn 0.9800 0.1449 -0.1361
vn -0.0659 -0.9499 0.3055
vn -0.5678 -0.8226 0.0310
vn -0.0378 0.9992 0.0088
vn -0.8031 -0.5665 -0.1847
vn 0.9601 -0.2430 -0.1388
vn -0.1700 -0.1933 0.9663
vn -0.9686 -0.2448 -0.0428
vn -0.9697 -0.2405 -0.0423
vn -0.9665 -0.2209 -0.1311
vn -0.9550 0.2857 -0.0800
vn -0.9403 -0.3380 -0.0398
vn -0.5941 -0.8019 -0.0627
vn -0.5200 -0.8534 0.0355
vn 0.7880 -0.3227 0.5243
vn -0.8477 -0.1581 -0.5064
vn -0.8702 -0.1165 -0.4787
vn -0.8769 -0.0759 -0.4747
vn 0.6279 -0.7075 -0.3244
vn 0.8132 -0.0418 -0.5805
vn -0.0610 -0.9981 0.0048
vn -0.5003 0.0747 -0.8626
vn -0.8769 -0.0759 -0.4746
vn -0.9948 0.0124 -0.1009
vn 0.8858 0.4306 0.1733
vn 0.1835 -0.4700 0.8634
vn -0.8243 -0.0608 0.5628
vn 0.3659 -0.9274 0.0773
vn -0.2571 -0.0494 0.9651
vn -0.2662 -0.0528 0.9625
vn -0.9853 -0.1706 0.0108
vn -0.2869 0.9579 -0.0095
vn 0.9522 -0.2805 -0.1212
vn 0.0665 0.9812 0.1812
vn 0.5646 0.0715 0.8223
vn 0.3019 0.1792 0.9364
vn -0.6492 0.0141 -0.7605
vn -0.5648 0.1174 -0.8168
vn 0.5915 0.0266 -0.8059
vn 0.4545 0.3292 0.8277
vn 0.9976 0.0626 -0.0303
vn -0.7812 0.0260 0.6238
vn -0.9993 -0.0362 0.0008
vn -0.9993 -0.0364 0.0008
vn -0.9997 -0.0259 0.0018
vn 0.5235 0.2014 0.8279
vn 0.9613 0.0456 0.2719
vn 0.9899 -0.0502 0.1327
vn 0.3654 0.9114 0.1892
vn 0.9995 0.0317 0.0076
vn 0.9908 -0.0837 -0.1060
vn -0.2504 0.9681 0.0057
vn -0.9999 -0.0099 -0.0141
vn -0.9998 -0.0142 -0.0153
vn -0.9943 -0.1055 -0.0138
vn 0.2119 -0.9771 -0.0193
vn -0.9917 -0.1285 -0.0083
vn -0.2044 0.9538 -0.2200
vn 0.0699 -0.9930 0.0953
vn 0.3142 0.9478 0.0547
vn -0.6106 0.0113 -0.7918
vn -0.5836 0.0033 -0.8120
vn -0.6299 -0.0058 -0.7767
vn -0.1283 0.0608 0.9899
vn -0.5955 -0.8019 -0.0491
vn 0.0752 -0.9803 -0.1828
vn -0.0105 -0.9995 0.0284
vn 0.0202 -0.9998 -0.0040
vn 0.1624 -0.0584 -0.9850
vn 0.1460 -0.0317 -0.9888
vn -0.9907 0.0241 0.1337
vn -0.0654 0.1490 -0.9867
vn -0.0202 0.2268 -0.9737
vn 0.0742 0.2141 -0.9740
vn -0.2130 0.0329 -0.9765
vn -0.5647 0.1173 -0.8169
vn 0.6115 -0.0095 -0.7912
vn 0.5563 -0.7732 0.3045
vn -0.3407 0.8336 -0.4348
vn 0.6421 0.5236 0.5600
vn -0.0586 -0.1607 0.9853
vn -0.1568 -0.1476 0.9765
vn -0.8347 -0.0195 0.5504
vn -0.9260 -0.0036 0.3776
vn -0.0524 0.0555 -0.9971
vn 0.0899 0.9371 -0.3372
vn -0.5745 0.4281 -0.6976
vn 0.1285 -0.0034 -0.9917
vn -0.4756 -0.7928 -0.3811
vn -0.9861 0.1093 -0.1253
vn 0.9418 -0.0491 -0.3326
vn -0.3506 0.9276 0.1290
vn -0.3261 0.0171 -0.9452
vn 0.3369 -0.0315 0.9410
vn 0.5380 0.1517 0.8292
vn -0.5906 0.0233 -0.8066
vn 0.7139 -0.1411 -0.6859
vn -0.5143 0.0091 -0.8576
vn -0.5432 0.0026 -0.8396
vn -0.5675 0.0089 -0.8233
vn -0.2745 -0.0558 0.9600
vn -0.7573 0.0007 0.6531
vn 0.9955 -0.0910 -0.0255
vn -0.4526 -0.8910 0.0359
vn 0.9960 -0.0595 0.0665
vn 0.9885 0.0469 0.1437
vn 0.9883 0.1223 0.0909
vn 0.9879 0.0112 0.1547
vn 0.0846 0.9957 -0.0378
vn 0.1342 -0.2445 -0.9603
vn -0.2476 0.9683 -0.0328
vn 0.3673 0.8171 -0.4444
vn -0.2254 -0.7789 0.5852
vn -0.0922 -0.3372 -0.9369
vn -0.0218 -0.2465 -0.9689
vn 0.3295 -0.0298 0.9437
vn 0.0329 -0.0046 0.9994
vn -0.9866 -0.0606 0.1513
vn -0.9872 -0.0541 0.1498
vn -0.9902 -0.0926 0.1042
vn -0.7762 0.2346 0.5853
vn -0.9355 0.2954 -0.1940
vn -0.9853 -0.0605 0.1600
vn -0.9961 -0.0707 0.0525
vn -0.9949 -0.0840 0.0562
vn 0.9945 -0.1047 0.0023
vn -0.7925 0.0394 -0.6085
vn -0.9954 -0.0867 0.0414
vn -0.9989 -0.0446 0.0135
vn -0.6627 0.0918 0.7432
vn 0.9646 -0.2334 0.1230
vn 0.0818 0.1946 0.9775
vn 0.9986 -0.0108 -0.0518
vn 0.8100 -0.0586 0.5834
vn 0.9998 0.0175 0.0001
vn 0.9999 -0.0018 -0.0118
vn -0.1627 0.0040 0.9867
vn 0.0609 -0.1430 -0.9878
vn 0.7499 -0.0777 -0.6569
vn -0.3030 0.9520 0.0443
vn -0.2835 0.8282 0.4835
vn -0.6619 0.7424 0.1034
vn 0.5600 0.6041 0.5670
vn -0.7572 0.4567 -0.4670
vn -0.6136 -0.6526 0.4445
vn -0.0937 0.2271 0.9694
vn -0.1276 0.2809 0.9512
vn -0.0641 0.3291 0.9421
vn -0.8870 0.4020 -0.2273
vn 0.1378 -0.4125 -0.9005
vn -0.0625 -0.0520 -0.9967
vn -0.5692 -0.4772 -0.6695
vn -0.3638 0.9254 -0.1060
vn 0.0162 -0.0370 -0.9992
vn 0.0437 0.0111 -0.9990
vn 0.0311 0.6153 -0.7877
vn 0.1308 0.2226 -0.9661
vn 0.2506 -0.7661 -0.5919
vn -0.1887 0.9531 -0.2366
vn 0.1167 0.3697 -0.9218
vn 0.0036 0.2227 -0.9749
vn -0.9380 0.3384 0.0750
vn -0.1859 -0.9622 0.1988
vn -0.4475 0.5028 -0.7395
vn -0.5415 0.0985 0.8349
vn 0.1660 -0.8020 -0.5738
vn 0.4793 -0.8751 0.0665
vn -0.8632 -0.4698 -0.1847
vn -0.9944 -0.1041 0.0206
vn 0.7863 0.1381 -0.6023
vn -0.9888 0.1456 0.0323
vn -0.1687 0.2643 0.9496
vn -0.0387 0.3379 0.9404
vn -0.0747 -0.9911 -0.1103
vn 0.0596 0.0772 0.9952
vn -0.0088 0.2026 0.9792
vn 0.0558 -0.0193 -0.9983
vn -0.1278 0.3228 0.9378
vn 0.0725 0.9890 -0.1290
vn -0.0217 -0.0591 0.9980
vn 0.1821 0.9778 0.1034
vn 0.0481 0.9968 0.0632
vn 0.1191 0.9881 0.0971
vn -0.1893 -0.9811 0.0392
vn 0.8268 -0.2816 0.4869
vn -0.0647 -0.5872 0.8069
vn 0.0936 -0.6945 0.7134
vn -0.0469 -0.9989 -0.0037
vn 0.0323 -0.7436 0.6678
vn 0.0226 -0.0293 -0.9993
vn 0.3993 -0.3118 0.8622
vn 0.0745 -0.9836 0.1642
vn 0.0295 -0.0430 0.9986
vn 0.7359 -0.6757 0.0436
vn 0.6928 -0.7077 0.1386
vn 0.9771 0.2087 -0.0426
vn 0.8125 0.5818 -0.0380
vn 0.7764 0.6271 -0.0623
vn 0.0236 0.1194 -0.9926
vn -0.6117 0.5298 0.5875
vn -0.0479 -0.9953 0.0837
vn -0.9978 0.0092 0.0662
vn -0.0575 0.2938 0.9541
vn -0.0911 0.6606 -0.7452
vn -0.0268 -0.9658 -0.2578
vn -0.3298 -0.9286 0.1700
vn -0.4637 -0.8218 0.3311
vn -0.0363 -0.6081 -0.7930
vn -0.0524 0.2356 -0.9704
vn -0.0197 0.0215 -0.9996
vn -0.0115 -0.0222 0.9997
vn -0.9947 0.1017 -0.0157
vn 0.2372 -0.8696 -0.4330
vn -0.3308 -0.7665 0.5505
vn -0.8283 0.0080 -0.5603
vn -0.8461 -0.2715 0.4588
vn -0.7171 0.4274 0.5506
vn -0.9635 0.1223 0.2382
vn 0.1061 0.9942 0.0199
vn 0.1068 0.9941 0.0214
vn 0.1068 0.9940 0.0213
vn -0.0345 0.3422 0.9390
vn 0.1356 -0.0201 0.9906
vn -0.9844 -0.1607 -0.0717
vn -0.5745 0.0957 -0.8129
vn -0.5665 -0.1070 -0.8171
vn -0.9486 0.3032 0.0906
vn 0.0048 0.1414 -0.9899
vn 0.0035 0.2398 0.9708
vn -0.6380 0.3992 0.6584
vn 0.1079 0.9939 0.0235
vn -0.6247 -0.5246 0.5784
vn -0.8898 -0.4534 -0.0516
vn -0.9571 -0.2817 -0.0677
vn -0.9404 -0.3315 -0.0752
vn -0.0938 -0.0816 -0.9922
vn 0.2277 0.0470 0.9726
vn 0.1923 0.8357 0.5144
vn -0.3298 -0.9286 0.1701
vn 0.2753 -0.8522 -0.4449
vn -0.8633 -0.3188 -0.3914
vn -0.9967 -0.0652 0.0478
vn -0.5773 -0.7455 0.3333
vn -0.9796 -0.2006 0.0136
vn -0.5887 -0.5525 -0.5901
vn -0.9679 -0.2450 0.0568
vn -0.5624 0.8260 0.0388
vn 0.2462 -0.8483 -0.4688
vn -0.8931 0.4489 -0.0307
vn -0.3451 0.8988 -0.2702
vn -0.1493 0.9886 -0.0170
vn -0.0249 0.8509 -0.5248
vn -0.5455 0.6393 -0.5420
vn -0.7848 -0.6192 -0.0270
vn -0.7819 -0.6229 -0.0271
vn -0.9834 -0.1715 0.0588
vn 0.8099 0.2069 -0.5489
vn -0.9892 0.1461 0.0092
vn -0.4089 -0.8176 0.4054
vn 0.0899 0.0519 0.9946
vn -0.7942 -0.5926 -0.1342
vn 0.0574 0.9979 -0.0304
vn 0.5960 -0.7874 0.1572
vn -0.6181 0.1759 -0.7662
vn 0.7981 0.3369 0.4995
vn 0.5443 0.6223 0.5625
vn -0.3618 0.9152 -0.1773
vn -0.0146 0.9997 -0.0191
vn -0.0448 0.9971 -0.0618
vn -0.6224 -0.6214 0.4759
vn -0.1200 -0.0183 -0.9926
vn -0.7592 -0.6311 0.1594
vn -0.3279 -0.2223 0.9182
vn -0.2448 0.1932 -0.9501
vn -0.4154 0.6733 -0.6117
vn -0.0882 -0.0485 -0.9949
vn -0.7990 -0.6013 -0.0029
vn -0.8853 -0.4635 0.0382
vn -0.1343 -0.9897 0.0489
vn 0.2181 0.0306 0.9754
vn -0.6115 0.7825 0.1175
vn -0.6219 0.7705 0.1399
vn -0.3432 0.9007 0.2663
vn -0.6794 0.4566 0.5744
vn 0.8123 0.2501 -0.5268
vn 0.4239 -0.2318 -0.8756
vn -0.0789 0.2138 -0.9737
vn 0.2960 0.8381 0.4583
vn -0.6417 0.4405 0.6279
vn -0.7284 0.0731 0.6812
vn -0.5230 0.8214 0.2275
vn 0.0956 0.1419 0.9853
vn -0.9643 0.1564 0.2139
vn -0.5704 0.5877 0.5738
vn -0.4396 -0.5662 0.6973
vn -0.9591 -0.2588 -0.1147
vn -0.5615 0.5745 0.5955
vn -0.0668 -0.6692 0.7401
vn -0.1093 -0.9655 -0.2363
vn -0.0109 -0.6785 0.7345
vn 0.9161 0.1989 -0.3481
vn -0.1393 -0.0314 0.9898
vn -0.1118 0.0491 0.9925
vn 0.5212 0.8453 -0.1176
vn -0.9673 -0.2514 -0.0324
vn -0.8905 -0.3855 0.2418
vn -0.8722 -0.4870 0.0462
vn -0.0395 0.0592 -0.9975
vn -0.1425 -0.0198 -0.9896
vn 0.1025 -0.9521 0.2881
vn 0.8444 -0.2158 -0.4902
vn -0.8829 -0.4692 -0.0175
vn -0.0520 0.4177 -0.9071
vn -0.9048 -0.4257 0.0023
vn -0.1546 -0.0621 0.9860
vn 0.6805 -0.3818 -0.6254
vn 0.6241 -0.7070 -0.3326
vn -0.1954 0.9679 -0.1579
vn -0.4323 -0.7923 -0.4307
vn 0.0316 -0.0350 0.9989
vn -0.1695 0.6063 -0.7770
vn -0.4622 0.8627 -0.2052
vn -0.6907 0.7218 -0.0432
vn 0.3080 0.6291 0.7137
vn -0.9241 -0.3768 -0.0632
vn 0.1230 0.1756 0.9767
vn -0.9986 -0.0513 0.0130
vn 0.3109 0.7092 0.6328
vn 0.0888 -0.2971 -0.9507
vn 0.0674 0.0555 0.9962
vn -0.0571 -0.1036 0.9930
vn -0.0389 -0.0326 0.9987
vn 0.1230 0.1756 0.9768
vn 0.0434 0.2332 0.9715
vn -0.0558 -0.2076 -0.9766
vn -0.0893 0.4507 0.8882
vn -0.6420 0.7663 0.0255
vn -0.4403 0.8911 -0.1103
vn -0.7865 0.3945 -0.4751
vn 0.2040 -0.5519 -0.8086
vn -0.2816 -0.1274 -0.9510
vn -0.2882 -0.1329 -0.9483
vn -0.2400 -0.1385 -0.9608
vn -0.0580 -0.0488 -0.9971
vn 0.9022 -0.3005 0.3095
vn 0.0602 0.1079 0.9923
vn -0.0023 -0.0224 0.9997
vn -0.4345 0.9004 -0.0226
vn 0.8497 0.2243 0.4772
vn 0.7163 -0.6974 -0.0231
vn -0.0053 0.7399 -0.6727
vn -0.2753 -0.9598 0.0552
vn 0.4168 -0.3019 -0.8574
vn -0.1077 0.2747 -0.9555
vn -0.5252 -0.8290 0.1922
vn -0.5894 -0.8053 0.0637
vn 0.8915 0.4289 0.1456
vn 0.9261 -0.3773 -0.0056
vn 0.9842 0.0163 0.1764
vn 0.4436 -0.7640 0.4685
vn 0.0028 -0.1706 -0.9853
vn 0.0270 0.0013 -0.9996
vn 0.8618 -0.4255 0.2763
vn 0.7881 -0.3476 -0.5081
vn 0.0889 0.0749 0.9932
vn -0.1579 -0.8039 -0.5734
vn -0.2428 0.7910 0.5616
vn 0.6319 -0.7617 -0.1435
vn 0.9843 0.0161 0.1759
vn -0.5003 0.4637 -0.7312
vn 0.1584 0.9854 0.0630
vn -0.0921 0.4615 0.8823
vn -0.0046 0.2731 0.9620
vn -0.1353 0.9618 -0.2381
vn -0.7038 -0.5455 0.4550
vn -0.0869 0.7856 -0.6126
vn 0.4867 0.8090 0.3296
vn 0.4119 -0.2002 0.8889
vn -0.2828 -0.0972 0.9542
vn -0.0666 -0.2230 0.9725
vn -0.3121 -0.0654 0.9478
vn 0.0123 0.3335 -0.9427
vn 0.0008 0.3205 -0.9472
vn -0.0099 0.1266 -0.9919
vn 0.0951 -0.4324 -0.8967
vn 0.2603 -0.2982 0.9183
vn 0.0893 0.0777 0.9930
vn -0.1320 0.9756 0.1752
vn -0.0727 0.9967 -0.0362
vn -0.1189 0.9924 0.0310
vn -0.9237 -0.3646 -0.1174
vn -0.2639 -0.1169 -0.9574
vn -0.2675 -0.1339 -0.9542
vn -0.3205 -0.0729 -0.9444
vn 0.0657 0.3624 0.9297
vn 0.0348 0.3755 0.9262
vn 0.7562 0.6021 0.2563
vn 0.1158 0.9924 -0.0421
vn 0.0146 0.9997 -0.0175
vn 0.0075 0.4964 0.8681
vn -0.1957 -0.0499 0.9794
vn 0.1730 -0.8948 0.4115
vn -0.4239 -0.9053 -0.0279
vn 0.0310 -0.7685 0.6391
vn -0.1133 -0.9928 0.0398
vn 0.0287 -0.9730 0.2291
vn 0.0863 0.9820 -0.1679
vn 0.1500 0.9725 -0.1780
vn -0.1076 0.2747 -0.9555
vn 0.3099 0.9158 -0.2554
vn 0.0211 0.6161 0.7874
vn 0.0544 0.2038 -0.9775
vn 0.0059 0.8995 -0.4368
vn 0.0450 0.1438 -0.9886
vn -0.1177 0.9897 -0.0821
vn -0.0807 0.9460 -0.3138
vn -0.5462 0.1684 -0.8205
vn -0.0239 0.0508 -0.9984
vn -0.2259 -0.1162 -0.9672
vn -0.8284 0.1385 0.5428
vn 0.6695 -0.7342 -0.1131
vn -0.2117 0.0097 -0.9773
vn -0.2561 0.0503 -0.9653
vn -0.3971 -0.0132 -0.9177
vn -0.0157 -0.9980 -0.0611
vn -0.0845 0.3931 -0.9156
vn -0.0350 -0.5381 -0.8422
vn -0.1090 -0.9849 0.1347
vn 0.0450 0.1010 -0.9939
vn -0.0538 0.6399 0.7666
vn 0.3637 -0.8851 -0.2905
vn -0.0272 0.4057 -0.9136
vn 0.3398 -0.9322 0.1245
vn 0.0077 0.7100 0.7042
vn -0.0768 0.9916 -0.1036
vn -0.0761 0.9913 -0.1073
vn -0.0765 0.9913 -0.1069
vn 0.0304 0.5542 0.8318
vn -0.0309 0.2595 0.9652
vn -0.0352 -0.5228 -0.8517
vn -0.0774 -0.5524 -0.8300
vn -0.0782 -0.5480 -0.8328
vn 0.1877 0.6490 0.7373
vn -0.1451 0.9894 0.0008
vn 0.0246 -0.9625 -0.2701
vn 0.0571 -0.9767 -0.2069
vn -0.4842 0.6899 0.5381
vn -0.0323 0.0683 0.9971
vn -0.1267 0.8447 0.5201
vn 0.0285 -0.8633 -0.5038
vn -0.0810 -0.3161 -0.9453
vn 0.1437 -0.9577 0.2494
vn -0.6902 -0.5745 -0.4399
vn -0.1218 -0.9482 0.2935
vn -0.0545 -0.9984 0.0134
vn -0.1470 -0.9865 0.0717
vn 0.1648 0.0754 -0.9834
vn 0.3442 0.0484 -0.9377
vn 0.1828 0.1734 -0.9677
vn 0.3011 0.8267 0.4752
vn 0.3215 -0.7687 -0.5530
vn -0.2257 -0.9690 -0.1003
vn -0.1775 -0.9412 -0.2874
vn -0.0295 -0.9776 -0.2085
vn 0.1722 -0.9714 -0.1633
vn -0.3994 0.8243 -0.4012
vn 0.1622 -0.8747 0.4567
vn -0.0620 0.8910 0.4497
vn -0.1737 -0.9649 -0.1968
vn -0.0314 -0.7594 -0.6499
vn 0.0854 0.0471 -0.9952
vn 0.4050 -0.1201 -0.9064
vn 0.2241 -0.2135 -0.9509
vn 0.0547 0.9985 -0.0005
vn 0.4903 0.4777 0.7290
vn 0.1474 -0.2175 0.9649
vn 0.1915 0.3329 -0.9233
vn -0.1407 -0.9894 -0.0352
vn 0.0718 -0.7634 0.6419
vn 0.4285 -0.9035 -0.0097
vn 0.1875 -0.9812 0.0448
vn 0.2058 -0.9760 0.0718
vn 0.0714 0.9956 0.0601
vn -0.0210 0.2199 0.9753
vn 0.0567 0.2442 0.9681
vn -0.0488 0.1886 0.9808
vn 0.0056 0.9916 -0.1294
vn -0.0167 0.0918 -0.9956
vn -0.0670 -0.1498 -0.9864
vn 0.5091 -0.8602 -0.0294
vn 0.3236 0.8144 0.4818
vn 0.0519 0.0406 0.9978
vn 0.5789 0.5919 -0.5609
vn 0.5818 0.5753 -0.5749
vn 0.5819 0.5748 -0.5753
vn -0.8697 -0.2261 0.4388
vn -0.7830 -0.5688 -0.2518
vn 0.0018 -0.7463 -0.6657
vn -0.8748 0.4705 0.1151
vn -0.4478 0.8925 -0.0536
vn 0.1061 0.9224 -0.3712
vn 0.1051 -0.9908 0.0847
vn -0.8850 -0.0723 0.4599
vn -0.3787 0.6442 0.6645
vn 0.6017 -0.7868 -0.1375
vn 0.5849 0.5556 -0.5909
vn 0.6321 0.7107 -0.3087
vn 0.7822 0.5722 -0.2466
vn 0.8224 0.4096 -0.3949
vn 0.9259 -0.1257 -0.3563
vn 0.8642 0.2143 -0.4552
vn 0.7481 -0.6558 -0.1020
vn -0.7276 0.1177 0.6759
vn -0.3616 0.8825 -0.3008
vn -0.2802 -0.5383 -0.7948
vn 0.2042 0.5785 0.7897
vn -0.6315 0.3390 0.6973
vn 0.4311 -0.8454 0.3154
vn -0.1695 0.9457 -0.2772
vn -0.1760 0.9364 -0.3035
vn -0.1956 0.9360 -0.2928
vn 0.0380 0.9991 -0.0191
vn 0.0431 -0.3848 -0.9220
vn 0.3534 0.7482 -0.5616
vn 0.1188 0.2625 0.9576
vn -0.0985 0.0676 -0.9928
vn -0.1737 -0.9846 -0.0207
vn 0.0986 0.9543 0.2821
vn 0.0731 0.8771 -0.4748
vn 0.5904 -0.1725 -0.7885
vn 0.0581 -0.2719 0.9606
vn -0.0345 0.9973 -0.0647
vn 0.1535 0.0135 -0.9881
vn -0.0400 0.0149 0.9991
vn 0.0483 0.7467 0.6634
vn -0.1692 0.9856 0.0035
vn 0.3672 -0.1842 -0.9117
vn -0.1071 -0.0505 -0.9930
vn -0.0985 0.0675 -0.9928
vn -0.0023 -0.1633 0.9866
vn -0.1989 -0.9276 -0.3162
vn 0.6113 -0.2923 0.7355
vn -0.0217 -0.7509 0.6601
vn -0.1474 -0.9832 -0.1077
vn -0.2156 -0.9571 -0.1937
vn -0.1512 -0.9884 -0.0159
vn -0.1291 -0.9911 -0.0328
vn 0.2855 -0.7324 -0.6182
vn -0.7955 -0.2434 -0.5550
vn 0.0588 0.5142 -0.8556
vn 0.0556 0.5114 -0.8575
vn 0.0543 0.5118 -0.8574
vn 0.0144 0.4561 0.8898
vn 0.0222 0.3535 -0.9352
vn 0.8545 -0.0524 -0.5167
vn -0.4068 -0.8641 0.2966
vn -0.3544 -0.8626 0.3610
vn -0.1546 -0.0622 0.9860
vn 0.1125 0.0095 0.9936
vn 0.0138 -0.9985 -0.0528
vn -0.0701 -0.9787 0.1932
vn 0.0990 -0.9166 0.3873
vn -0.0086 0.2771 0.9608
vn 0.6230 0.6811 -0.3847
vn 0.2224 -0.7850 0.5782
vn 0.8488 -0.2627 -0.4588
vn 0.8919 0.0942 0.4424
vn 0.2817 -0.4102 0.8674
vn -0.1026 -0.9894 -0.1031
vn 0.0581 -0.1676 -0.9841
vn 0.5174 -0.8555 -0.0182
vn -0.4809 -0.8681 -0.1228
vn 0.8494 0.2433 -0.4684
vn -0.1067 0.1676 0.9801
vn -0.0529 0.3157 0.9474
vn -0.0784 0.0856 0.9932
vn -0.0456 -0.9162 -0.3982
vn -0.2652 0.9275 -0.2633
vn -0.3044 0.9173 -0.2567
vn -0.2873 0.9260 -0.2451
vn 0.1383 -0.8924 0.4295
vn -0.1578 -0.9871 0.0259
vn -0.0096 -0.9999 -0.0108
vn -0.0208 0.0874 -0.9960
vn -0.0799 0.1670 -0.9827
vn 0.1890 -0.0071 0.9820
vn -0.5493 -0.8317 -0.0815
vn -0.8630 0.4878 -0.1317
vn -0.3297 -0.7698 -0.5465
vn 0.0423 0.4385 -0.8977
vn -0.1235 -0.3150 -0.9410
vn -0.1367 -0.2690 -0.9534
vn -0.4810 0.8766 0.0123
vn 0.5161 -0.7363 0.4377
vn -0.3232 -0.9281 -0.1847
vn -0.3368 -0.5411 0.7706
vn 0.6337 0.5774 0.5148
vn 0.6106 0.5600 0.5599
vn 0.6107 0.5601 0.5598
vn -0.0163 -0.2830 0.9590
vn 0.7347 0.3186 0.5989
vn -0.1708 0.7044 0.6890
vn -0.0523 0.1296 0.9902
vn -0.4892 0.2540 0.8343
vn 0.3193 0.1567 -0.9346
vn -0.0622 -0.0573 -0.9964
vn -0.0308 -0.0323 -0.9990
vn 0.0379 -0.0965 -0.9946
vn -0.0138 0.2689 -0.9631
vn 0.5511 -0.3364 -0.7636
vn -0.3811 -0.7704 0.5111
vn -0.7651 0.5395 0.3516
vn 0.0374 -0.5526 0.8326
vn -0.1394 -0.5761 0.8054
vn -0.0577 -0.5573 0.8283
vn 0.3613 0.0449 0.9314
vn -0.5741 -0.8092 -0.1248
vn 0.0159 0.9576 0.2878
vn -0.1226 0.9740 -0.1907
vn -0.1209 0.9911 0.0553
vn -0.1466 0.9726 0.1803
vn -0.1074 0.2479 -0.9628
vn 0.1028 -0.6530 -0.7503
vn -0.0697 -0.9929 -0.0968
vn 0.3322 0.3741 0.8658
vn 0.2502 0.9635 -0.0954
vn 0.3194 0.1567 -0.9346
vn -0.0671 0.0910 -0.9936
vn -0.1178 -0.3346 -0.9350
vn -0.4400 0.8565 0.2698
vn -0.4407 0.8554 0.2723
vn -0.4427 0.8521 0.2792
vn 0.1649 -0.2945 0.9413
vn -0.0199 0.2777 0.9605
vn 0.2129 -0.9765 0.0339
vn -0.0306 0.3142 0.9489
vn -0.3908 0.4848 -0.7824
vn 0.0434 -0.5113 0.8583
vn 0.3514 -0.0421 -0.9353
vn -0.1441 0.9896 -0.0008
vn -0.2680 -0.9632 0.0185
vn 0.1385 -0.1864 -0.9727
vn 0.1283 -0.1800 -0.9753
vn 0.0035 0.8137 0.5812
vn 0.4178 -0.5135 0.7495
vn 0.0242 0.5167 0.8558
vn 0.2172 -0.0309 0.9756
vn 0.4841 -0.6594 -0.5752
vn 0.0779 0.9772 -0.1977
vn 0.0434 0.9893 -0.1396
vn 0.0563 0.9899 -0.1299
vn 0.3309 -0.3182 -0.8884
vn -0.6674 -0.7377 -0.1021
vn 0.0921 -0.0823 -0.9923
vn -0.6033 0.2410 0.7602
vn 0.5150 -0.8571 0.0147
vn -0.9431 -0.2012 0.2646
vn -0.0215 0.0307 -0.9993
vn 0.1242 0.0154 -0.9921
vn 0.4910 -0.8694 -0.0553
vn 0.4600 -0.8808 0.1124
vn -0.0506 -0.4418 0.8957
vn 0.4134 0.8992 0.1436
vn -0.2146 0.5587 0.8011
vn -0.0555 -0.1681 0.9842
vn -0.1694 -0.9670 -0.1903
vn -0.4960 0.8682 0.0114
vn 0.0508 0.0165 -0.9986
vn -0.0289 0.0533 -0.9982
vn -0.0458 -0.9666 0.2523
vn -0.2594 -0.9606 0.1003
vn -0.2852 -0.9583 0.0171
vn -0.2968 0.9361 0.1889
vn 0.4030 -0.6058 -0.6860
vn 0.2831 0.8796 0.3823
vn 0.3281 -0.1426 0.9338
vn 0.0948 -0.0215 -0.9953
vn 0.0263 -0.3682 -0.9294
vn 0.0069 -0.4140 -0.9103
vn 0.0028 -0.4170 -0.9089
vn 0.1601 0.0343 -0.9865
vn 0.9967 -0.0739 -0.0329
vn 0.4926 -0.8654 -0.0916
vn -0.3052 0.5792 -0.7559
vn 0.9196 -0.3927 0.0142
vn -0.1126 0.0193 0.9935
vn -0.0289 0.8019 -0.5968
vn 0.5175 -0.8556 -0.0158
vn 0.1722 0.4046 0.8981
vn -0.8943 0.3596 0.2663
vn -0.2185 0.0596 -0.9740
vn -0.1099 0.7613 -0.6390
vn -0.1897 0.9411 0.2798
vn 0.5103 0.4819 0.7123
vn 0.3880 -0.8037 0.4512
vn 0.0308 0.1288 -0.9912
vn -0.9490 0.1112 -0.2950
vn -0.1764 0.1046 -0.9787
vn -0.1994 0.0830 -0.9764
vn -0.4333 0.4541 -0.7785
vn -0.9710 -0.1730 -0.1650
vn -0.2062 -0.7802 -0.5905
vn 0.4722 -0.8680 0.1535
vn 0.5691 -0.2798 -0.7732
vn -0.5043 0.7499 0.4281
vn 0.4905 -0.8669 0.0889
vn 0.9814 -0.1599 -0.1066
vn -0.0207 0.9987 -0.0462
vn -0.0335 -0.9991 -0.0265
vn 0.3496 -0.5340 0.7698
vn -0.2839 0.7395 0.6103
vn 0.3475 -0.6281 -0.6962
vn 0.0059 -0.6142 0.7892
vn -0.1053 0.1441 0.9839
vn 0.9798 -0.1987 -0.0231
vn -0.4434 0.8510 0.2815
vn -0.3991 0.8061 -0.4369
vn 0.1824 0.1105 -0.9770
vn -0.3707 0.7313 -0.5725
vn -0.1401 0.0420 0.9892
vn 0.1902 0.1723 -0.9665
vn 0.7535 -0.3516 0.5555
vn 0.0772 0.9341 0.3486
vn -0.7377 -0.6680 0.0979
vn -0.7998 -0.5839 0.1390
vn -0.6754 -0.7279 0.1186
vn 0.0307 0.6531 -0.7566
vn 0.1912 -0.2856 0.9391
vn 0.8864 0.4071 -0.2205
vn -0.4403 -0.8869 0.1397
vn 0.0777 -0.3613 0.9292
vn -0.0443 -0.0211 0.9988
vn 0.7715 -0.6145 0.1648
vn -0.1006 -0.9949 0.0033
vn -0.1735 0.9720 -0.1584
vn 0.3759 -0.8598 0.3456
vn -0.4911 0.0928 -0.8662
vn 0.0281 0.1630 -0.9862
vn 0.7716 -0.4342 -0.4649
vn 0.0688 -0.8963 -0.4381
vn 0.2129 -0.9765 0.0338
vn 0.1567 -0.8049 0.5723
vn -0.8675 -0.3358 0.3669
vn -0.5633 -0.7699 -0.3000
vn 0.6744 0.3947 -0.6240
vn 0.7801 0.5616 -0.2759
vn 0.8774 0.3597 -0.3174
vn 0.7044 0.7082 0.0483
vn -0.9704 0.2049 0.1278
vn 0.4284 0.2286 -0.8742
vn 0.8578 0.4788 -0.1869
vn 0.8159 0.5781 -0.0097
vn -0.2112 -0.3907 0.8960
vn 0.4412 -0.2029 -0.8742
vn -0.7846 -0.5887 -0.1945
vn -0.8482 -0.4324 -0.3059
vn 0.4481 0.8917 -0.0636
vn 0.3059 0.9338 0.1858
vn -0.8337 -0.3804 0.4003
vn -0.9383 -0.3159 0.1405
vn -0.8475 -0.5022 0.1721
vn 0.8695 -0.1514 -0.4701
vn 0.7626 0.6468 0.0079
vn 0.7535 0.6569 0.0284
vn 0.7727 0.6347 0.0131
vn 0.7376 0.2182 -0.6391
vn 0.8245 -0.5544 -0.1135
vn -0.5863 -0.0824 -0.8059
vn 0.0486 -0.0164 0.9987
vn -0.0935 -0.9944 -0.0492
vn 0.7732 0.6265 0.0984
vn 0.1839 -0.0264 0.9826
vn 0.2937 0.7419 -0.6028
vn 0.8753 -0.3708 -0.3106
vn 0.7485 -0.6401 0.1734
vn 0.9101 0.3853 0.1526
vn 0.7819 -0.2420 0.5746
vn 0.7868 -0.5668 0.2445
vn 0.3849 -0.8722 -0.3018
vn -0.5541 -0.6538 0.5153
vn 0.3362 -0.9409 -0.0396
vn -0.2731 0.8035 0.5290
vn -0.8963 -0.4384 -0.0673
vn -0.1876 0.5764 0.7953
vn -0.3782 0.8985 -0.2227
vn -0.9931 -0.1039 -0.0537
vn -0.9276 0.3544 0.1183
vn -0.7996 0.2718 -0.5355
vn 0.8344 0.5176 0.1895
vn -0.0916 0.4473 0.8897
vn -0.9306 0.3451 0.1220
vn 0.5151 0.2145 0.8298
vn -0.1877 0.3311 -0.9247
vn 0.5867 0.0057 -0.8098
vn -0.7746 -0.3051 0.5541
vn -0.7436 -0.2650 -0.6139
vn 0.4097 -0.5145 -0.7533
vn -0.5101 -0.7732 -0.3769
vn -0.1167 0.0771 0.9902
vn -0.3562 0.2039 0.9119
vn -0.3067 0.2532 0.9175
vn 0.0288 0.1378 0.9900
vn 0.6049 -0.5868 -0.5383
vn 0.9913 -0.0125 -0.1310
vn -0.0539 0.7818 -0.6212
vn 0.8487 0.4085 0.3359
vn -0.6739 0.3809 -0.6330
vn -0.0473 -0.5806 -0.8128
vn -0.9814 -0.1601 -0.1059
vn -0.4266 0.9044 0.0011
vn -0.2153 0.9455 0.2443
vn 0.8382 0.0871 -0.5384
vn 0.9803 -0.1712 0.0982
vn -0.0943 -0.5037 -0.8587
vn -0.1341 -0.5655 -0.8138
vn -0.0953 -0.5054 -0.8576
vn -0.9913 -0.1039 0.0806
vn 0.1027 -0.6530 -0.7504
vn -0.1713 -0.5090 -0.8435
vn -0.2938 0.9013 -0.3184
vn 0.0333 0.1076 -0.9936
vn 0.4838 0.0394 0.8743
vn 0.6428 0.7206 -0.2600
vn 0.3989 -0.7105 -0.5797
vn 0.7472 0.2000 -0.6338
vn 0.6739 -0.7182 -0.1734
vn 0.4761 -0.8650 -0.1587
vn -0.3302 -0.0092 0.9439
vn 0.0926 -0.8284 0.5524
vn 0.9819 0.1543 0.1094
vn -0.9261 0.3702 -0.0730
vn -0.1509 -0.6417 0.7520
vn 0.9666 -0.1175 0.2276
vn 0.9673 -0.1136 0.2268
vn 0.9602 -0.1834 0.2107
vn -0.0216 -0.5772 -0.8163
vn 0.0199 -0.5783 -0.8156
vn 0.0009 -0.5864 -0.8101
vn 0.8401 0.4406 0.3165
vn 0.0172 0.9594 0.2816
vn 0.1392 -0.8103 -0.5692
vn 0.0441 0.8623 0.5045
vn 0.5318 0.4222 -0.7341
vn 0.7480 0.1103 0.6545
vn -0.4555 -0.5056 0.7327
vn -0.3194 0.8148 0.4838
vn -0.1750 0.7717 0.6114
vn -0.0084 -0.1319 -0.9912
vn -0.0187 -0.9449 0.3268
vn -0.0375 0.9006 -0.4330
vn -0.2294 0.9050 -0.3583
vn 0.9948 -0.1020 -0.0072
vn 0.0013 -0.9999 -0.0155
vn 0.0170 0.5224 0.8526
vn 0.4334 0.8835 -0.1779
vn 0.6160 -0.1033 -0.7809
vn 0.0218 0.7890 -0.6140
vn 0.1915 0.5337 0.8237
vn 0.9607 -0.2055 -0.1865
vn 0.3636 -0.9194 -0.1501
vn 0.2366 -0.0591 -0.9698
vn 0.9936 -0.0820 -0.0779
vn 0.4677 0.8797 -0.0862
vn 0.4028 -0.9150 -0.0228
vn 0.9545 0.0036 0.2981
vn 0.8648 -0.4382 0.2451
vn 0.9900 0.1410 0.0054
vn 0.9962 0.0504 -0.0707
vn 0.9423 0.3203 -0.0978
vn -0.9981 -0.0621 0.0047
vn 0.9804 0.0194 0.1959
vn -0.9979 -0.0643 0.0022
vn -0.0694 0.9976 0.0072
vn -0.6452 -0.7639 0.0114
vn -0.6350 -0.7723 0.0189
vn -0.7785 -0.6247 0.0607
vn 0.3758 -0.5582 -0.7397
vn 0.6330 -0.7443 0.2130
vn 0.6485 -0.7567 -0.0827
vn 0.9996 -0.0299 -0.0021
vn 0.6370 -0.4887 0.5961
vn 0.6829 -0.5385 -0.4937
vn -0.6828 -0.7296 0.0373
vn 0.6271 0.4720 0.6197
vn 0.1090 0.1718 0.9791
vn 0.5480 -0.7874 0.2822
vn 1.0000 0.0034 -0.0011
vn -0.8423 -0.3842 -0.3781
vn -0.0139 -0.9977 -0.0659
vn -0.6737 0.5194 -0.5257
vn -0.0816 -0.4659 -0.8811
vn -0.7189 -0.6949 0.0157
vn 0.0164 -0.9889 -0.1475
vn 0.0443 -0.9930 -0.1095
vn -0.0175 -0.9878 -0.1547
vn -0.6466 -0.7240 0.2402
vn -0.8115 -0.5818 0.0551
vn -0.9977 -0.0676 0.0035
vn -0.9978 -0.0658 0.0062
vn -0.9978 -0.0655 0.0056
vn 0.1400 0.9600 -0.2425
vn -0.9804 -0.0589 -0.1881
vn -0.9975 -0.0703 0.0011
vn -0.8382 -0.0353 -0.5443
vn -0.9975 -0.0702 0.0009
vn -0.8799 -0.4424 -0.1733
vn -0.2840 -0.4129 -0.8654
vn -0.4407 -0.0280 0.8972
vn -0.0253 0.9997 0.0030
vn 0.6669 0.0727 0.7416
vn -0.3504 0.3793 -0.8563
vn -0.5343 0.0764 0.8418
vn -0.5518 -0.0859 -0.8295
vn 0.1731 0.9849 0.0048
vn 0.0401 0.9754 0.2167
vn 0.2126 0.9768 -0.0257
vn -0.9744 -0.1063 0.1980
vn 0.3473 0.7933 0.5001
vn 0.2483 0.8733 0.4191
vn 0.2976 0.8076 0.5091
vn 0.0137 -0.9989 0.0456
vn -0.9739 0.1192 -0.1933
vn -0.1305 0.9213 0.3663
vn -0.1443 0.9189 0.3671
vn -0.0852 0.8741 0.4783
vn -0.9698 0.2247 -0.0952
vn -0.3434 0.8334 0.4330
vn -0.3632 0.8876 -0.2833
vn -0.7361 0.6758 0.0376
vn 0.3222 0.4079 -0.8543
vn -0.3504 0.3793 -0.8564
vn -0.7790 -0.6204 0.0912
vn -0.8525 -0.1382 -0.5041
vn -0.6258 -0.7800 -0.0064
vn -0.9612 0.2724 -0.0426
vn -0.4954 0.8147 -0.3015
vn -0.6021 0.3420 -0.7215
vn -0.8353 0.1036 -0.5400
vn 1.0000 -0.0068 -0.0003
vn 0.9998 -0.0012 0.0201
vn 0.9962 -0.0469 -0.0736
vn 0.9995 -0.0327 -0.0009
vn 0.9973 -0.0287 -0.0676
vn -0.4506 0.1842 0.8735
vn -0.7883 0.4983 0.3609
vn 0.3337 -0.9419 0.0382
vn -0.4325 -0.5270 0.7316
vn -0.2749 0.1834 0.9438
vn 0.0139 0.9904 -0.1375
vn 0.1956 0.9491 -0.2467
vn -0.8074 0.3933 0.4399
vn -0.8578 0.2086 -0.4698
vn 0.0180 -0.9761 0.2166
vn 0.5119 -0.7495 0.4198
vn -0.8925 -0.1453 -0.4271
vn -0.7645 -0.2512 0.5936
vn 0.9913 -0.1225 0.0471
vn 0.9998 0.0023 0.0209
vn -0.9995 -0.0234 0.0229
vn -0.9963 -0.0735 -0.0446
vn -0.9979 0.0504 0.0405
vn -0.9999 0.0091 -0.0049
vn -0.9980 0.0619 0.0161
vn -0.8568 -0.5143 -0.0377
vn -0.9984 -0.0570 -0.0062
vn -0.9036 -0.4108 0.1218
vn -0.9755 -0.2123 0.0573
vn -0.9968 -0.0745 -0.0273
vn 0.9136 -0.4061 -0.0196
vn -0.9976 0.0045 0.0697
vn -0.9974 0.0040 0.0716
vn -0.9978 0.0036 0.0655
vn -0.9996 -0.0239 -0.0117
vn -0.6959 -0.0356 -0.7172
vn -0.9997 -0.0228 -0.0051
vn -0.6999 0.0200 -0.7139
vn -0.5090 -0.5287 0.6793
vn -0.6782 0.0154 0.7347
vn -0.9984 -0.0035 0.0555
vn -0.5090 -0.5286 0.6793
vn -0.0527 0.9686 0.2428
vn -0.6194 0.7650 0.1765
vn -0.0127 0.9544 0.2983
vn -0.1228 0.9911 -0.0513
vn 0.0155 -0.0421 0.9990
vn -0.2375 0.3479 0.9070
vn 0.9855 0.1628 0.0475
vn -0.3930 -0.8449 -0.3630
vn -0.0877 -0.9608 -0.2631
vn -0.6717 -0.5994 -0.4355
vn 0.9875 0.1000 -0.1222
vn 0.9983 -0.0380 0.0443
vn 0.9883 0.0817 -0.1287
vn 0.9528 0.3035 0.0069
vn 0.9221 0.3862 0.0237
vn 0.9993 -0.0275 -0.0272
vn 0.7178 -0.6962 0.0113
vn 0.9996 -0.0000 -0.0270
vn 0.9862 0.1619 0.0333
vn 0.5729 -0.5830 -0.5761
vn 0.5052 0.0022 -0.8630
vn 0.5416 0.8406 0.0065
vn 0.1630 0.7123 -0.6827
vn 0.9997 -0.0162 -0.0181
vn -0.3930 -0.8448 -0.3631
vn 0.0845 -0.9955 -0.0429
vn 0.9999 0.0112 -0.0058
vn 1.0000 -0.0004 0.0075
vn -0.9696 -0.2444 -0.0079
vn -0.9664 -0.2572 -0.0004
vn -0.9663 -0.2573 -0.0003
vn 0.4185 0.8822 -0.2159
vn -0.9654 -0.2607 0.0016
vn -0.9616 -0.2741 -0.0120
vn -0.9627 -0.2700 -0.0162
vn -0.9747 -0.2229 0.0157
vn -0.9147 -0.1045 -0.3905
vn -0.0423 0.0001 0.9991
vn 0.0325 -0.0132 0.9994
vn -0.7162 -0.6791 -0.1608
vn -0.1269 0.8313 -0.5412
vn -0.1636 0.8379 -0.5208
vn -0.1300 0.8303 -0.5420
vn -0.1060 0.9572 0.2694
vn 0.1285 0.9900 -0.0588
vn -0.7054 -0.6946 0.1413
vn 0.0144 0.0022 0.9999
vn -0.0117 -0.0029 -0.9999
vn 0.2600 -0.9485 0.1812
vn -0.0835 0.9091 0.4081
vn -0.3098 0.9508 -0.0048
vn -0.0082 0.9437 -0.3307
vn -0.7000 -0.0932 -0.7081
vn 0.1848 0.9799 0.0755
vn 0.2182 0.9639 0.1526
vn 0.1607 0.9770 0.1401
vn 0.2183 0.9639 0.1526
vn -0.0066 0.0068 -1.0000
vn -0.5168 0.3822 0.7660
vn -0.1212 -0.6395 0.7592
vn 0.1834 -0.9028 -0.3890
vn -0.0003 -0.7721 0.6355
vn 0.2611 0.9517 0.1617
vn 0.0186 -0.9989 0.0424
vn -0.6663 -0.6698 0.3278
vn -0.6943 -0.6944 0.1890
vn -0.6759 -0.6203 0.3979
vn -0.8436 0.2660 0.4665
vn -0.0568 0.9984 0.0002
vn -0.0863 -0.8771 -0.4725
vn 0.0694 -0.7416 0.6673
vn -0.2896 -0.9572 0.0029
vn -0.4853 0.7108 -0.5092
vn -0.1659 0.9549 -0.2464
vn -0.1654 0.9541 -0.2496
vn -0.1627 0.9640 -0.2105
vn -0.2449 -0.9275 0.2823
vn -0.0456 0.9965 0.0695
vn -0.0179 0.9995 -0.0271
vn -0.0247 0.9990 -0.0363
vn 0.7446 0.4374 0.5042
vn 0.4326 -0.2341 -0.8707
vn -0.0852 -0.8638 0.4965
vn 0.0033 0.9850 0.1723
vn 0.1268 0.9155 -0.3819
vn 0.0011 0.9947 -0.1025
vn -0.0294 0.9993 -0.0223
vn 0.0175 0.4332 0.9011
vn -0.0585 0.9879 0.1439
vn 0.5084 -0.1534 0.8474
vn 0.7716 -0.4980 0.3958
vn 0.8208 0.5684 -0.0562
vn -0.0537 -0.9284 -0.3676
vn -0.0935 -0.9955 -0.0171
vn 0.7718 -0.6156 -0.1593
vn -0.3073 -0.9513 0.0247
vn 0.8043 -0.5939 -0.0215
vn -0.2892 -0.6403 -0.7116
vn 0.2974 -0.8699 -0.3935
vn 0.4605 -0.6318 -0.6235
vn 0.4077 -0.7452 -0.5276
vn -0.3153 -0.9490 0.0036
vn 0.0776 0.3587 -0.9302
vn -0.2850 -0.1892 0.9397
vn -0.1668 -0.0067 0.9860
vn 0.0061 0.3764 -0.9265
vn 0.7629 -0.6460 -0.0253
vn -0.1036 0.9897 -0.0983
vn -0.3936 0.9158 -0.0796
vn -0.6887 -0.6023 -0.4036
vn -0.6902 -0.6011 -0.4029
vn -0.6876 -0.6041 -0.4028
vn 0.7748 0.3674 -0.5144
vn -0.9715 -0.0894 -0.2196
vn -0.1775 0.6950 -0.6967
vn 0.1766 -0.7491 -0.6385
vn -0.3154 0.6590 -0.6829
vn -0.3739 -0.3519 -0.8581
vn -0.0253 0.9995 0.0197
vn -0.0288 0.9996 0.0055
vn 0.2459 -0.1853 -0.9514
vn -0.0120 0.7278 0.6857
vn -0.0168 0.1436 0.9895
vn -0.0019 1.0000 0.0002
vn 0.0112 0.1454 -0.9893
vn 0.0478 -0.7919 -0.6087
vn 0.0073 0.9869 0.1611
vn 0.3040 0.3307 0.8934
vn 0.0524 0.8043 0.5920
vn 0.1990 -0.6893 0.6966
vn -0.0724 0.9045 -0.4203
vn -0.0179 0.9974 -0.0694
vn -0.0573 0.9861 -0.1558
vn 0.1593 -0.0234 0.9870
vn -0.0329 0.7759 -0.6300
vn 0.2278 0.6843 -0.6927
vn 0.1190 -0.0291 -0.9925
vn 0.0277 -0.9095 -0.4148
vn 0.2001 0.8973 -0.3935
vn 0.1761 -0.8448 0.5054
vn -0.0211 -0.9997 0.0126
vn -0.0083 -0.9988 -0.0478
vn 0.0625 -0.9907 0.1211
vn 0.0210 -0.9913 -0.1299
vn 0.0106 0.0072 0.9999
vn -0.2192 0.1391 -0.9657
vn -0.0469 -0.0072 -0.9989
vn -0.2477 0.8985 0.3625
vn 0.0082 -0.9991 0.0419
vn -0.7466 -0.1103 -0.6561
vn 0.0424 0.9772 -0.2078
vn -0.0320 -0.9842 -0.1739
vn -0.0388 -0.9975 0.0585
vn -0.0175 -0.9997 0.0158
vn 0.1116 -0.5923 -0.7980
vn 0.1014 0.8265 0.5537
vn 0.0837 0.9246 0.3716
vn -0.0333 0.9885 0.1478
vn 0.2606 -0.7802 -0.5686
vn 0.0518 -0.9980 0.0367
vn 0.0479 -0.8881 0.4571
vn -0.0341 -0.9989 0.0333
vn -0.2799 -0.3870 0.8786
vn 0.0202 0.9953 -0.0947
vn -0.0871 0.2555 0.9629
vn -0.0355 -0.9827 0.1820
vn 0.1962 -0.6734 0.7127
vn 0.1190 -0.0292 -0.9925
vn 0.0619 -0.6911 -0.7201
vn -0.0307 -0.9976 0.0623
vn -0.0039 -0.9996 0.0269
vn -0.0022 0.8607 0.5092
vn -0.0571 -0.9854 0.1601
vn 0.0013 1.0000 -0.0005
vn 0.0136 -0.0026 -0.9999
vn 0.0230 0.6975 -0.7162
vn -0.0054 0.0227 0.9997
vn 0.0060 0.3856 0.9227
vn 0.0054 0.3875 0.9218
vn 0.0051 0.3885 0.9215
vn -0.0498 -0.7025 -0.7099
vn 0.1546 0.6133 0.7746
vn -0.0572 0.3678 -0.9282
vn -0.0572 -0.9854 0.1601
vn -0.2037 -0.8368 0.5082
vn -0.7466 -0.1102 -0.6560
vn -0.0120 -0.9914 0.1302
vn -0.0119 -0.9914 0.1305
vn -0.0118 -0.9913 0.1310
vn 0.0860 -0.9402 0.3296
vn -0.0056 0.8258 0.5639
vn -0.4354 -0.5987 0.6723
vn 0.0181 0.8245 0.5656
vn 0.4082 0.9080 0.0943
vn -0.2502 0.9454 -0.2087
vn -0.1161 -0.7905 0.6014
vn 0.0837 0.9247 0.3715
vn -0.0145 0.9977 0.0669
vn -0.0333 0.9885 0.1477
vn -0.9778 -0.0391 -0.2060
vn -0.4728 -0.8812 -0.0001
vn -0.9648 0.0176 -0.2625
vn -0.3873 -0.9057 -0.1721
vn -0.0081 -0.0036 -1.0000
vn -0.1122 -0.7673 0.6315
vn 0.0056 0.9940 -0.1094
vn -0.0919 -0.0476 -0.9946
vn -0.0782 -0.4903 -0.8680
vn 0.1414 -0.9897 0.0240
vn -0.0445 0.9786 -0.2010
vn 0.6876 0.7260 0.0065
vn -0.0562 0.9944 -0.0891
vn -0.0108 0.9999 -0.0048
vn -0.0128 -0.0373 0.9992
vn 0.9253 0.3630 -0.1098
vn 0.9366 0.3503 0.0024
vn 0.4136 0.9070 0.0790
vn -0.0018 0.0182 -0.9998
vn -0.0052 -0.9921 0.1253
vn -0.0130 0.2987 -0.9543
vn 0.0017 0.2491 -0.9685
vn 0.4919 0.8379 -0.2366
vn -0.0036 0.9805 0.1965
vn 0.0942 -0.9252 0.3675
vn -0.0257 -0.9955 -0.0907
vn 0.6013 0.1581 0.7832
vn -0.1227 0.9598 0.2523
vn 0.6144 0.7726 0.1598
vn -0.0123 0.0515 -0.9986
vn 0.0727 0.1519 -0.9857
vn 0.0225 0.0515 -0.9984
vn 0.3861 0.6804 0.6229
vn -0.0110 -0.9992 0.0382
vn 0.0178 -0.9992 0.0363
vn 0.0990 0.9883 -0.1161
vn 0.0589 0.9862 -0.1550
vn 0.0637 0.9797 -0.1903
vn 0.7771 -0.4260 -0.4633
vn 0.8478 -0.1913 0.4946
vn 0.4636 -0.8517 -0.2444
vn 0.0019 0.0202 -0.9998
vn -0.0348 0.1678 -0.9852
vn 0.1015 -0.0810 -0.9915
vn 0.0289 -0.9723 0.2321
vn 0.0431 -0.9700 0.2394
vn 0.0259 -0.9661 0.2567
vn -0.0015 -0.9787 0.2053
vn -0.0251 0.1177 -0.9927
vn 0.1468 0.2237 0.9635
vn 0.1817 0.9533 -0.2414
vn -0.3605 0.9314 0.0508
vn 0.0599 -0.5242 0.8495
vn -0.0100 -0.9972 -0.0745
vn -0.1279 0.7492 0.6498
vn -0.0082 0.5431 -0.8396
vn -0.0117 -0.9913 0.1313
vn -0.0691 -0.9976 0.0011
vn -0.0088 -0.9997 -0.0213
vn 0.0770 0.5721 0.8166
vn 0.0349 0.9958 0.0846
vn 0.0484 0.9983 0.0314
vn 0.0474 0.9985 0.0284
vn -0.0035 0.9914 -0.1307
vn 0.0015 -1.0000 -0.0021
vn 0.0132 -0.3655 0.9307
vn 0.2726 -0.9609 0.0482
vn 0.1139 -0.9742 0.1948
vn 0.1134 -0.9857 0.1244
vn 0.5633 0.5850 -0.5836
vn -0.0140 0.9164 0.3999
vn -0.1474 -0.9874 -0.0581
vn -0.9722 0.2178 -0.0857
vn 0.0667 0.9972 -0.0334
vn -0.6624 0.7470 -0.0575
vn 0.0058 0.9847 -0.1743
vn -0.0297 0.5077 0.8610
vn 0.0233 -0.1236 -0.9921
vn -0.2729 -0.9581 0.0870
vn -0.0492 -0.9988 0.0082
vn -0.0575 -0.9979 0.0302
vn -0.3182 -0.9408 0.1168
vn -0.0005 -0.9961 0.0886
vn 0.0015 -1.0000 -0.0020
vn -0.0042 0.7403 0.6722
vn -0.0043 0.8357 0.5492
vn -0.9494 0.2775 -0.1468
vn -0.0165 0.6380 -0.7699
vn 0.1559 0.8858 -0.4372
vn -0.0801 -0.9917 0.1003
vn 0.0319 -0.9993 -0.0207
vn -0.3961 -0.9041 0.1602
vn -0.0247 0.9996 0.0111
vn -0.0050 -0.9971 -0.0766
vn 0.0016 -0.3002 -0.9539
vn -0.4040 -0.9084 0.1072
vn -0.0027 0.1695 0.9855
vn 0.0551 -0.5113 -0.8577
vn 0.0195 -0.1381 -0.9902
vn 0.0448 0.8339 0.5502
vn -0.0030 -0.0178 0.9998
vn 0.0258 -0.9891 -0.1453
vn 0.1321 -0.9899 -0.0509
vn 0.0173 -0.5469 -0.8370
vn -0.0915 -0.1992 0.9757
vn 0.0202 0.9995 -0.0235
vn 0.1462 0.9890 0.0234
vn -0.1701 0.9549 0.2433
vn -0.9993 0.0264 -0.0278
vn -0.0146 0.6386 -0.7694
vn -0.0633 -0.0244 0.9977
vn -0.0083 0.9220 0.3870
vn 0.0534 0.9971 0.0548
vn -0.0375 0.9928 -0.1134
vn 0.0480 0.6825 -0.7293
vn 0.0296 0.7138 0.6997
vn 0.0575 0.0010 -0.9983
vn -0.0215 -0.9823 -0.1861
vn -0.3594 0.6627 -0.6570
vn 0.2681 0.3308 -0.9048
vn 0.0414 -0.9775 0.2069
vn 0.0772 -0.9683 0.2376
vn -0.0254 -0.3325 -0.9428
vn -0.1974 -0.9669 0.1620
vn -0.7873 0.4581 0.4127
vn -0.0145 -0.9994 0.0323
vn -0.0257 -0.9955 -0.0908
vn -0.0430 0.9945 -0.0954
vn -0.0953 0.9676 0.2338
vn -0.2282 -0.0167 0.9735
vn 0.0021 -0.5071 -0.8619
vn 0.0312 0.1167 0.9927
vn 0.0138 0.9999 -0.0027
vn 0.0070 -0.0031 -1.0000
vn -0.1650 0.9781 0.1271
vn -0.0829 0.9934 -0.0796
vn -0.0924 0.9949 -0.0414
vn 0.1166 -0.9912 -0.0625
vn 0.1245 -0.9526 0.2775
vn -0.0457 -0.9973 0.0580
vn -0.0138 0.6927 0.7211
vn 0.0639 -0.9980 -0.0021
vn 0.3990 -0.6153 -0.6798
vn 0.0243 -0.6970 -0.7167
vn -0.4829 0.8716 -0.0844
vn -0.0136 -0.3277 0.9447
vn 0.0803 -0.9788 0.1884
vn 0.0728 0.9961 0.0500
vn -0.0569 0.2955 -0.9537
vn 0.4211 0.7098 0.5647
vn 0.1668 -0.9837 0.0670
vn 0.4004 0.8899 -0.2183
vn 0.6930 0.7195 -0.0448
vn 0.0915 -0.7772 -0.6226
vn -0.1762 -0.9830 -0.0506
vn 0.0193 0.9960 0.0876
vn 0.0094 -0.6608 0.7505
vn -0.0249 -0.4898 -0.8715
vn 0.0015 0.0196 0.9998
vn 0.0294 -0.0728 0.9969
vn 0.7349 -0.6732 0.0813
vn -0.0435 0.9979 -0.0479
vn -0.0125 -0.3765 0.9263
vn -0.0825 0.5777 -0.8120
vn 0.0431 -0.7405 -0.6707
vn 0.0566 -0.9954 0.0768
vn -0.6183 -0.6590 0.4283
vn -0.1797 -0.7319 -0.6573
vn -0.9302 -0.3090 0.1981
vn -0.9575 0.2612 -0.1226
vn -0.1013 0.9948 0.0068
vn 0.7022 -0.6396 -0.3128
vn -0.7414 -0.5868 0.3257
vn 0.0331 0.1561 -0.9872
vn -0.1427 -0.8675 0.4766
vn -0.0031 -0.0055 -1.0000
vn 0.0060 0.0923 -0.9957
vn 0.2600 -0.1064 -0.9597
vn -0.2261 0.4281 -0.8750
vn -0.3358 -0.3301 -0.8822
vn 0.0782 -0.6478 -0.7578
vn -0.1133 -0.7137 -0.6913
vn 0.0712 0.9460 0.3162
vn -0.1501 -0.1382 -0.9790
vn 0.0049 -0.9230 -0.3847
vn -0.3780 0.5209 0.7653
vn -0.1456 0.6524 0.7437
vn -0.2849 -0.0998 0.9534
vn 0.0113 0.2166 -0.9762
vn 0.4897 0.8487 -0.1997
vn 0.2204 0.9603 0.1710
vn 0.2580 0.9609 -0.1002
vn 0.0033 0.1157 0.9933
vn -0.0001 0.3521 0.9359
vn -0.0099 -0.7055 0.7086
vn 0.0069 -0.9999 -0.0075
vn -0.0987 -0.9720 -0.2133
vn -0.0500 0.0153 0.9986
vn -0.0096 0.9952 0.0972
vn 0.0435 -0.9987 0.0269
vn 0.0016 -0.9998 0.0208
vn 0.0036 -0.9998 0.0190
vn 0.0563 0.7987 0.5992
vn -0.0049 -0.3474 0.9377
vn -0.0447 0.9974 0.0566
vn -0.1086 0.9913 0.0742
vn 0.8078 -0.0173 0.5892
vn 0.2579 0.9609 -0.1002
vn -0.0224 0.7831 -0.6215
vn 0.0209 0.8185 0.5742
vn 0.0601 0.8883 0.4553
vn 0.0100 0.7720 -0.6355
vn 0.0059 0.9024 -0.4308
vn -0.0386 0.9676 -0.2495
vn -0.0385 0.9676 -0.2496
vn 0.0061 0.9999 0.0130
vn 0.0101 -0.0092 0.9999
vn 0.0393 -0.6772 0.7348
vn 0.1440 -0.9281 -0.3432
vn 0.3585 0.3110 0.8802
vn 0.5743 0.7915 0.2090
vn 0.0747 0.9963 -0.0423
vn 0.0068 0.3354 0.9420
vn 0.8078 -0.0173 0.5893
vn -0.1031 -0.9930 -0.0571
vn 0.0821 -0.9920 -0.0960
vn -0.4662 -0.4649 -0.7527
vn -0.0036 -0.9364 0.3510
vn 0.0003 0.9994 -0.0356
vn -0.0004 0.9996 -0.0277
vn -0.3488 -0.3763 -0.8583
vn 0.0831 -0.8438 -0.5302
vn 0.0027 0.9170 0.3988
vn 0.0181 -0.4657 0.8848
vn 0.0347 -0.4996 -0.8656
vn -0.4059 -0.9139 0.0002
vn 0.0327 0.8592 0.5106
vn 0.0085 -0.9994 -0.0344
vn 0.0617 -0.9980 -0.0167
vn 0.0871 -0.8447 0.5281
vn -0.0080 -0.7768 0.6297
vn 0.8810 0.3749 0.2886
vn 0.0003 0.7055 -0.7088
vn 0.0412 -0.0413 -0.9983
vn 0.0276 -0.0323 -0.9991
vn 0.8204 0.2926 0.4912
vn 0.0062 0.3847 0.9230
vn 0.7800 0.2899 -0.5545
vn 0.3313 0.7411 0.5840
vn -0.8701 -0.2725 0.4107
vn -0.1325 -0.1854 0.9737
vn -0.0066 0.0495 0.9988
vn -0.0083 0.9987 -0.0499
vn 0.8831 0.4655 -0.0594
vn 0.0222 -0.9926 -0.1192
vn 0.8257 0.5397 -0.1643
vn 0.0884 0.9944 -0.0573
vn -0.0146 0.9994 -0.0298
vn -0.0372 -0.8931 -0.4484
vn 0.0409 -0.9990 0.0185
vn 0.0638 -0.9975 0.0308
vn 0.0294 -0.9994 0.0178
vn -0.0099 -0.2643 0.9644
vn 0.0753 -0.0626 0.9952
vn 0.0433 -0.2103 0.9767
vn 0.7813 0.1450 -0.6071
vn -0.0793 -0.9966 -0.0199
vn -0.0140 0.0082 0.9999
vn -0.0521 -0.9941 -0.0955
vn 0.4298 0.3273 -0.8415
vn -0.0000 -0.6993 -0.7148
vn -0.0121 0.9981 -0.0610
vn 0.5380 -0.6429 -0.5452
vn 0.2440 0.9679 0.0600
vn 0.3120 0.9202 0.2363
vn -0.6846 0.6453 0.3390
vn 0.0299 -0.1160 -0.9928
vn -0.8423 -0.3735 -0.3885
vn -0.8199 -0.3330 -0.4657
vn -0.0385 0.9676 -0.2495
vn -0.0920 0.9957 -0.0090
vn -0.1176 0.4070 -0.9058
vn -0.1958 -0.4578 -0.8672
vn 0.2642 0.4705 -0.8419
vn 0.0575 -0.9673 -0.2471
vn 0.0129 0.5308 0.8474
vn 0.2583 0.9608 0.1012
vn 0.1450 0.9863 0.0782
vn 0.6039 0.7712 0.2015
vn 0.4289 -0.1084 -0.8968
vn -0.1456 0.6524 0.7438
vn -0.0804 0.5436 0.8355
vn -0.7580 -0.2476 -0.6034
vn 0.3897 -0.7708 -0.5041
vn 0.3172 -0.2131 -0.9241
vn 0.8611 -0.1991 -0.4679
vn 0.9354 -0.1907 -0.2977
vn 0.9794 -0.1963 0.0483
vn 0.7758 0.5975 0.2028
vn -0.0323 -0.9954 -0.0897
vn -0.0162 -0.9977 -0.0661
vn -0.0247 -0.9973 -0.0694
vn 0.3716 -0.3986 -0.8385
vn 0.7383 0.2456 -0.6282
vn 0.2867 -0.7801 0.5561
vn -0.0260 0.0401 0.9989
vn 0.9729 0.1370 0.1861
vn -0.0116 0.9999 -0.0080
vn -0.0023 0.5652 0.8249
vn -0.5761 0.7533 -0.3172
vn 0.7851 -0.6176 -0.0476
vn 0.7824 -0.6197 -0.0617
vn 0.7804 -0.6222 -0.0618
vn -0.9380 -0.3400 0.0670
vn 0.0651 -0.9861 0.1530
vn -0.0537 0.9985 -0.0049
vn -0.0581 0.9981 -0.0188
vn -0.0446 0.9990 -0.0020
vn 0.2208 0.9038 -0.3666
vn 0.7472 -0.3909 0.5375
vn -0.0125 -0.9955 0.0941
vn -0.2061 -0.9595 0.1923
vn 0.4792 -0.8471 0.2295
vn 0.7179 0.4162 0.5580
vn 0.0674 -0.9976 -0.0136
vn 0.0395 -0.9992 0.0088
vn 0.0357 -0.9994 -0.0022
vn 0.7793 -0.6222 -0.0748
vn -0.1829 0.5676 0.8027
vn -0.9527 -0.3038 0.0003
vn -0.7027 0.0823 -0.7067
vn 0.7078 -0.7009 0.0881
vn 0.6308 0.5175 0.5781
vn 0.9950 0.0826 0.0561
vn -0.6259 0.4985 0.5998
vn -0.2020 0.8143 -0.5442
vn 0.0003 0.9998 0.0188
vn -0.0045 0.9986 0.0523
vn 0.0675 -0.9730 -0.2208
vn -0.9386 -0.3341 0.0864
vn -0.9706 -0.2387 -0.0293
vn -0.7722 0.6301 0.0821
vn -0.3457 -0.9179 -0.1949
vn -0.8554 0.4980 0.1427
vn -0.0191 -0.9629 -0.2690
vn -0.7333 0.4255 0.5303
vn -0.7971 0.3902 0.4608
vn -0.7067 0.4550 0.5418
vn -0.0299 0.2988 -0.9539
vn -0.5464 -0.8362 0.0472
vn -0.5487 -0.8335 0.0652
vn -0.4654 -0.8763 0.1245
vn 0.6467 0.0346 0.7619
vn 0.0414 -0.0053 -0.9991
vn -0.2630 -0.9527 -0.1521
vn -0.5811 0.1477 -0.8003
vn 0.3613 0.6486 0.6700
vn 0.0305 0.9994 0.0139
vn -0.0050 0.9998 -0.0194
vn -0.8941 -0.4439 -0.0597
vn -0.9814 -0.0543 -0.1841
vn 0.0072 -0.0080 0.9999
vn 0.9633 0.2582 -0.0737
vn 0.4588 0.8876 -0.0404
vn -0.0227 0.9996 0.0171
vn 0.6621 -0.7490 0.0247
vn 0.0245 -0.2904 0.9566
vn 0.0229 -0.2676 0.9633
vn -0.0007 0.2399 -0.9708
vn 0.9387 0.3440 0.0214
vn 0.8987 -0.1693 0.4046
vn 0.5954 0.3997 -0.6969
vn 0.7619 0.3930 -0.5149
vn 0.7863 -0.0773 0.6129
vn 0.8261 0.2510 0.5045
vn 0.6166 -0.0210 -0.7870
vn 0.6644 0.1153 0.7384
vn 0.7636 -0.6446 0.0375
vn -0.5186 0.6151 0.5939
vn 0.8695 -0.4937 -0.0100
vn 0.8783 -0.1649 -0.4488
vn 0.0147 0.9981 -0.0603
vn 0.7540 0.6096 -0.2447
vn 0.8542 0.4767 0.2076
vn -0.0052 1.0000 0.0032
vn 0.0070 0.7495 0.6619
vn 0.7784 0.4218 0.4649
vn 0.9021 -0.4149 0.1187
vn -0.4092 -0.4896 -0.7700
vn -0.0434 0.9990 0.0064
vn 0.7367 0.6752 -0.0373
vn 0.6099 0.7912 0.0449
vn -0.0281 0.9971 0.0706
vn 0.6079 0.5808 -0.5415
vn -0.0095 -0.9995 -0.0314
vn -0.0243 -0.9989 -0.0412
vn -0.0285 -0.9993 -0.0238
vn -0.0142 -0.9991 -0.0397
vn -0.0740 0.1990 -0.9772
vn 0.0742 -0.9860 0.1491
vn 0.0096 0.0826 0.9965
vn 0.5144 0.8201 0.2506
vn -0.1424 0.9816 0.1269
vn -0.0555 0.9977 0.0395
vn -0.0555 0.9977 0.0394
vn 0.1112 -0.9923 0.0543
vn 0.0073 -0.0115 -0.9999
vn 0.0096 0.0827 0.9965
vn -0.0365 -0.7219 0.6911
vn 0.0007 -0.6939 -0.7201
vn -0.0236 -0.9931 0.1149
vn 0.0098 0.9999 -0.0028
vn -0.0230 -0.4923 -0.8701
vn 0.0108 0.2942 -0.9557
vn 0.0115 -0.9998 0.0165
vn 0.0163 -0.9998 0.0084
vn 0.0122 -0.9998 0.0153
vn 0.0166 -0.9998 0.0079
vn -0.4397 0.0336 0.8975
vn -0.8250 0.2187 0.5212
vn -0.0607 -0.1193 0.9910
vn -0.1522 -0.2739 0.9496
vn -0.0477 -0.2104 0.9765
vn 0.0018 0.9078 0.4193
vn -0.0956 -0.9865 -0.1332
vn -0.0130 0.9999 -0.0033
vn 0.0102 0.9995 0.0303
vn -0.0463 -0.9979 0.0451
vn 0.9966 -0.0823 0.0004
vn 0.9966 -0.0822 0.0004
vn 0.9966 -0.0822 0.0003
vn -0.9833 -0.1720 0.0590
vn -0.9935 -0.0200 0.1118
vn -0.9833 -0.1721 0.0590
vn -0.9523 -0.3050 0.0102
vn 0.1180 0.9883 0.0964
vn 0.0523 -0.9942 -0.0944
vn 0.3567 0.9342 -0.0078
vn -0.5999 0.8001 -0.0031
vn 0.0167 -0.9999 -0.0038
vn 0.0220 -0.2555 0.9666
vn -0.3821 -0.9241 -0.0012
vn -0.9999 0.0109 0.0087
vn -0.9961 0.0862 0.0175
vn 0.6147 0.7887 0.0076
vn 0.9998 -0.0119 -0.0173
vn 0.9963 -0.0850 -0.0096
vn -0.0025 0.1936 -0.9811
vn -1.0000 -0.0050 0.0064
vn -0.9998 -0.0193 0.0067
vn -0.9999 -0.0134 0.0081
vn -0.9999 0.0106 0.0083
vn -0.9996 -0.0273 -0.0023
vn -0.9997 -0.0057 -0.0241
vn -0.9992 -0.0389 -0.0109
vn -0.9987 0.0434 0.0255
vn -0.9997 -0.0240 0.0009
vn -0.9999 -0.0169 0.0014
vn -0.9864 -0.1639 0.0072
vn -0.9900 -0.1413 0.0046
vn -0.9999 0.0072 -0.0087
vn -0.9890 0.1476 -0.0030
vn 0.0318 -0.4545 0.8902
vn 0.9971 0.0752 -0.0095
vn 0.5444 -0.1390 -0.8273
vn 0.8906 -0.0770 -0.4482
vn 0.9984 0.0560 -0.0069
vn -0.1361 0.5164 0.8455
vn 1.0000 -0.0040 -0.0052
vn 1.0000 0.0025 -0.0055
vn 0.9999 0.0157 0.0039
vn 0.1419 -0.6149 -0.7757
vn 0.9997 0.0227 -0.0122
vn 0.9978 -0.0489 -0.0448
vn 0.9991 -0.0398 0.0162
vn 0.9986 -0.0081 0.0530
vn 0.9995 -0.0061 0.0312
vn 0.9996 0.0060 -0.0282
vn 0.9996 0.0185 -0.0199
vn 0.9995 0.0231 -0.0221
vn 0.9987 -0.0169 -0.0488
vn 0.8912 0.1557 0.4260
vn 0.4090 -0.1409 -0.9016
vn 0.6593 -0.1860 -0.7285
vn 0.9956 0.0683 -0.0641
vn 0.9456 0.2534 -0.2042
vn 0.8151 0.0597 -0.5762
vn 0.6907 0.5561 -0.4623
vn 0.9605 -0.1560 0.2306
vn 0.6899 -0.0662 0.7209
vn 0.7510 -0.0189 0.6601
vn 0.8403 0.0390 0.5407
vn 0.9989 -0.0161 0.0448
vn 0.8721 0.3074 0.3808
vn 0.4698 0.0077 -0.8827
vn 0.2570 0.0409 -0.9656
vn 0.9999 0.0026 -0.0117
vn 0.7139 0.0697 0.6968
vn 0.9966 -0.0747 0.0341
vn 0.4676 -0.0318 0.8834
vn 0.7764 0.0775 0.6254
vn 0.9997 0.0134 -0.0201
vn 0.7123 -0.6959 -0.0912
vn 0.7756 -0.3101 -0.5498
vn -0.1962 0.3879 -0.9006
vn -0.9515 0.1049 -0.2891
vn 0.1363 0.5918 -0.7945
vn 0.0159 0.9999 -0.0015
vn -0.7115 0.0187 0.7025
vn 0.5653 0.3632 -0.7406
vn 0.9981 -0.0609 0.0001
vn 0.5848 0.2513 0.7712
vn 0.6107 0.3968 0.6852
vn 0.0129 -0.9996 -0.0268
vn 0.0149 -0.9997 -0.0214
vn 0.0144 -0.9996 -0.0228
vn -0.0306 0.0613 0.9976
vn 0.7816 0.6237 -0.0092
vn 0.9373 0.3344 0.0977
vn 0.9063 0.4194 0.0518
vn 0.9988 -0.0033 0.0483
vn -0.1273 -0.1226 -0.9843
vn 0.0022 -0.9995 -0.0310
vn 0.0980 -0.9895 -0.1060
vn 0.1175 -0.9872 -0.1074
vn 0.1098 -0.9908 -0.0792
vn -0.9975 0.0706 -0.0042
vn 0.9904 -0.1061 0.0887
vn 0.6787 -0.4984 0.5394
vn 0.1328 -0.5308 -0.8370
vn 0.0011 0.0438 0.9990
vn -0.9991 0.0214 0.0364
vn -0.9219 -0.3561 -0.1527
vn -0.6246 0.7462 0.2302
vn -0.9903 -0.1115 0.0825
vn -0.9907 -0.1106 0.0791
vn -0.9901 -0.1153 0.0796
vn -0.9963 -0.0855 0.0131
vn -0.6231 -0.5658 0.5401
vn -0.5876 0.3270 -0.7402
vn -0.4290 -0.9033 0.0022
vn -0.9957 -0.0533 0.0759
vn -0.0478 0.2408 -0.9694
vn -0.9996 0.0280 -0.0018
vn -0.9927 0.0584 0.1054
vn -0.0330 0.2013 0.9790
vn -0.5469 0.7943 -0.2646
vn 0.0251 -0.3610 -0.9322
vn 0.0083 -0.2460 -0.9692
vn 0.9809 0.0789 0.1776
vn -0.5898 -0.7264 -0.3528
vn 0.1214 0.4072 0.9052
vn 0.9854 -0.1699 0.0112
vn -0.2837 0.0268 0.9585
vn 0.9938 0.1113 -0.0065
vn 0.4887 0.6852 -0.5401
vn 0.8450 -0.4209 0.3298
vn -0.9225 -0.2861 -0.2592
vn -0.0067 0.0271 0.9996
vn -0.0093 -0.9996 -0.0281
vn -0.5958 -0.1595 -0.7871
vn 0.0070 0.9926 0.1215
vn 0.3524 -0.8282 -0.4357
vn -0.0235 -0.9912 0.1299
vn 0.8346 0.4294 0.3449
vn 0.9986 -0.0475 -0.0232
vn 0.1688 -0.8352 0.5234
vn -0.1047 0.9847 0.1392
vn 0.0295 0.0334 -0.9990
vn -0.0019 0.0512 -0.9987
vn 0.0289 0.5946 -0.8035
vn -0.1588 -0.4125 -0.8970
vn 0.0985 -0.9936 -0.0548
vn 0.1973 0.3207 0.9264
vn 0.1450 0.4170 0.8973
vn -0.0664 0.5588 0.8266
vn -0.0196 -0.7345 0.6783
vn -0.0759 -0.8530 0.5164
vn -0.0942 -0.8675 0.4885
vn -0.3420 0.8618 0.3746
vn -0.4425 0.8462 -0.2970
vn -0.0113 0.4880 -0.8728
vn 0.8877 0.4033 0.2222
vn -0.0611 0.0151 0.9980
vn -0.2716 -0.4487 -0.8514
vn -0.0016 0.2354 -0.9719
vn 0.0586 0.9975 0.0394
vn -0.0601 0.7939 -0.6050
vn 0.0193 0.9990 0.0393
vn 0.6620 -0.7385 -0.1284
vn 0.1133 0.5981 0.7934
vn -0.2021 -0.0928 0.9750
vn -0.2840 -0.2339 0.9299
vn 0.6114 -0.0407 0.7903
vn -0.1623 0.5423 -0.8244
vn -0.1634 0.9721 0.1682
vn -0.0032 0.4764 0.8792
vn 0.0199 0.9997 0.0105
vn 0.2806 0.2974 0.9126
vn -0.3031 -0.9484 -0.0928
vn -0.1213 -0.7199 -0.6834
vn 0.0775 0.1943 0.9779
vn -0.0585 -0.9485 -0.3112
vn -0.0397 -0.9581 -0.2837
vn 0.0310 0.8408 -0.5404
vn -0.0566 0.8180 -0.5724
vn -0.0269 -0.9995 -0.0147
vn 0.5503 0.7593 0.3473
vn 0.0115 -0.9750 0.2219
vn -0.0353 0.2905 -0.9562
vn 0.7907 0.0103 -0.6121
vn 0.0794 0.9963 0.0335
vn 0.0540 -0.9979 -0.0346
vn -0.4914 -0.4382 0.7526
vn 0.1238 0.9904 0.0613
vn 0.0415 0.9966 -0.0714
vn -0.0042 0.0538 -0.9985
vn 0.0034 1.0000 0.0010
vn -0.1796 -0.9583 0.2221
vn 0.6186 -0.7723 0.1446
vn -0.6099 -0.7917 -0.0354
vn -0.7409 -0.6577 0.1358
vn 0.5743 0.8156 -0.0707
vn -0.0401 -0.9991 0.0133
vn -0.0302 -0.5303 0.8473
vn -0.0581 -0.5272 0.8478
vn -0.0743 -0.5259 0.8473
vn -0.1698 -0.1461 0.9746
vn 0.0042 0.1058 0.9944
vn 0.0151 0.0842 0.9963
vn 0.0151 0.0841 0.9963
vn -0.0235 -0.2237 0.9744
vn -0.0089 -0.9994 0.0346
vn -0.0109 -0.9993 0.0355
vn -0.0096 -0.9999 0.0047
vn 0.0529 -0.9977 -0.0421
vn -0.3598 0.0007 -0.9330
vn -0.1620 0.9188 0.3599
vn -0.1909 0.3945 -0.8988
vn -0.4709 -0.8819 -0.0231
vn 0.2051 -0.4698 0.8586
vn -0.0792 -0.0949 0.9923
vn -0.3525 0.6317 -0.6904
vn 0.0793 0.9797 0.1842
vn 0.2404 0.9706 0.0129
vn 0.0009 1.0000 0.0053
vn -0.0012 1.0000 -0.0074
vn 0.0009 1.0000 0.0059
vn -0.4503 0.8589 0.2439
vn -0.0021 0.7065 0.7077
vn -0.1967 -0.8237 0.5318
vn -0.0717 -0.9951 0.0682
vn 0.6351 -0.1291 -0.7616
vn -0.2441 -0.3271 -0.9129
vn -0.4360 -0.3393 0.8335
vn -0.0279 -0.0060 0.9996
vn 0.1017 -0.2484 -0.9633
vn 0.1061 -0.1808 -0.9778
vn 0.0018 0.9997 -0.0240
vn -0.0644 -0.9979 -0.0021
vn 0.9554 0.1477 -0.2556
vn 0.0136 0.8579 0.5136
vn -0.1100 0.7208 -0.6844
vn 0.0835 0.0586 -0.9948
vn 0.0102 -0.9986 -0.0514
vn -0.1821 -0.3311 0.9259
vn 0.6470 0.2394 -0.7239
vn 0.1151 0.0025 -0.9934
vn -0.0504 0.0282 -0.9983
vn 0.0085 -0.1890 -0.9819
vn -0.0004 -0.2023 -0.9793
vn -0.7992 0.5570 0.2258
vn -0.0095 0.9883 -0.1522
vn 0.4742 0.2430 0.8462
vn 0.4898 -0.8714 0.0287
vn 0.0497 0.9925 -0.1117
vn 0.0605 0.9952 -0.0771
vn 0.4343 0.8611 -0.2645
vn 0.3334 -0.9418 -0.0433
vn 0.0402 0.0917 0.9950
vn 0.6126 0.6359 -0.4695
vn -0.0332 -0.7830 -0.6211
vn -0.3335 0.9427 -0.0020
vn 0.8575 -0.3110 -0.4099
vn 0.5117 -0.5703 -0.6426
vn -0.0793 -0.1571 0.9844
vn 0.7520 0.6139 -0.2400
vn -0.0227 -0.3634 0.9313
vn -0.0663 0.5588 0.8266
vn -0.8486 -0.5290 -0.0085
vn -0.9688 0.1565 0.1923
vn -0.9654 0.2165 -0.1453
vn -0.8879 -0.4600 0.0069
vn 0.0301 0.0541 0.9981
vn 0.0800 -0.2799 -0.9567
vn 0.0703 -0.2767 -0.9584
vn 0.0484 -0.2244 -0.9733
vn -0.2441 -0.6820 0.6894
vn 0.8319 0.0224 -0.5544
vn 0.6239 -0.7611 0.1774
vn 0.2872 -0.6384 -0.7141
vn 0.2494 0.9557 -0.1562
vn 0.6499 -0.0446 -0.7587
vn -0.2870 -0.5806 -0.7619
vn -0.3754 -0.6097 0.6982
vn 0.1254 0.7450 -0.6552
vn -0.0456 0.7077 -0.7051
vn 0.5116 0.5372 0.6706
vn -0.0188 -0.0886 -0.9959
vn -0.7187 -0.2813 0.6358
vn 0.9626 -0.2697 0.0247
vn 0.3408 -0.1454 0.9288
vn 0.5086 -0.4501 0.7340
vn 0.9915 0.0792 -0.1034
vn 0.9908 0.0854 -0.1051
vn 0.9917 0.0768 -0.1027
vn 0.9906 0.0873 -0.1057
vn -0.4427 -0.8952 -0.0516
vn 0.5008 -0.8654 0.0156
vn 0.1037 -0.9946 -0.0057
vn 0.1080 0.1567 0.9817
vn 0.3859 -0.9225 -0.0056
vn 0.1597 -0.9871 0.0122
vn 0.3403 -0.9380 -0.0664
vn -0.4237 0.7526 0.5040
vn -0.9963 0.0626 0.0587
vn -0.8911 0.4481 0.0718
vn -0.0169 -0.0004 -0.9999
vn -0.0065 0.2142 0.9768
vn -0.0420 0.1436 -0.9887
vn -0.4319 -0.5748 0.6950
vn -0.0245 0.1789 0.9836
vn 0.9974 -0.0075 -0.0716
vn -0.0494 -0.0668 -0.9965
vn -0.0095 0.0746 -0.9972
vn 0.4158 -0.1942 0.8885
vn -0.1615 0.9767 -0.1414
vn -0.8409 0.3939 0.3711
vn 0.9978 -0.0559 0.0367
vn -0.7485 -0.2156 -0.6271
vn -0.9930 0.0620 0.1001
vn -0.0033 0.0125 -0.9999
vn -0.8372 -0.4559 -0.3021
vn 0.9991 -0.0098 0.0408
vn 0.9122 -0.0807 0.4017
vn 0.9932 0.0735 -0.0898
vn 0.9530 0.2080 -0.2201
vn -0.0672 0.1378 0.9882
vn 0.9524 -0.1999 -0.2302
vn 0.9784 0.0899 -0.1863
vn 0.9943 -0.0854 -0.0634
vn -0.2101 0.8848 0.4160
vn -0.2886 0.8331 -0.4718
vn -0.2444 0.9694 -0.0214
vn -0.1046 -0.9944 0.0141
vn 0.0796 -0.5361 -0.8404
vn 0.9593 -0.1337 0.2487
vn 0.9248 -0.3797 0.0231
vn 0.9263 0.3766 -0.0128
vn 0.0054 -0.1144 -0.9934
vn -0.0468 0.4920 -0.8693
vn -0.9836 -0.0862 -0.1583
vn -0.9866 -0.1346 0.0926
vn -0.9959 0.0833 -0.0350
vn -0.0202 -0.0295 0.9994
vn -0.4491 0.8036 -0.3906
vn -0.5974 -0.7901 0.1372
vn -0.9557 0.1468 -0.2550
vn -0.9597 0.2045 0.1926
vn -0.9748 -0.0041 0.2231
vn -0.9400 0.3400 -0.0300
vn 0.0036 -1.0000 0.0035
vn 0.0050 -1.0000 0.0059
vn 0.0044 -1.0000 0.0045
vn 0.5950 -0.1559 -0.7885
vn 0.2009 -0.9795 -0.0164
vn 0.9942 -0.1064 0.0180
vn -0.0360 -0.0383 0.9986
vn -0.0021 -1.0000 -0.0029
vn -0.0142 -0.9995 -0.0299
vn -0.9847 0.0302 0.1719
vn -0.9881 -0.0192 0.1529
vn -0.0803 0.1020 0.9915
vn -0.3586 0.5661 0.7422
vn 0.6436 -0.1657 0.7472
vn 0.8343 0.2014 -0.5132
vn 0.9896 -0.0168 -0.1427
vn 0.0361 0.7158 0.6973
vn -0.1563 -0.3573 -0.9208
vn 0.0757 -0.1518 -0.9855
vn 0.4241 -0.5567 0.7143
vn 0.4994 -0.6239 0.6011
vn 0.8667 -0.3567 -0.3488
vn -0.0015 1.0000 -0.0076
vn 0.9437 0.1645 0.2869
vn 0.9796 0.1550 -0.1279
vn 0.9960 0.0660 -0.0603
vn 0.9990 0.0083 -0.0441
vn -0.0198 0.0040 -0.9998
vn 0.9993 -0.0282 -0.0232
vn -0.0097 0.8520 0.5234
vn -0.1111 0.4048 0.9076
vn -0.0446 0.5710 0.8197
vn 0.9972 -0.0710 -0.0217
vn 0.8156 -0.5771 0.0426
vn 0.0388 0.8148 0.5784
vn -0.8291 0.5575 0.0425
vn -0.9738 -0.2063 -0.0960
vn -0.8158 -0.1026 0.5691
vn -0.9215 0.3862 0.0415
vn -0.5849 -0.0381 -0.8102
vn -0.8075 0.2807 -0.5188
vn -0.4948 0.1385 -0.8579
vn -0.9899 0.1381 -0.0335
vn -0.7128 0.3852 -0.5861
vn -0.8722 -0.4618 0.1612
vn 0.0122 0.2501 0.9681
vn -0.9028 -0.4300 0.0037
vn -0.8182 0.0843 0.5687
vn 0.1376 -0.9894 -0.0460
vn -0.6589 0.5429 0.5207
vn 0.3415 0.9354 -0.0914
vn -0.5005 -0.5330 -0.6822
vn -0.4268 -0.6369 0.6420
vn 0.0311 -0.0494 0.9983
vn -0.6790 0.7252 0.1143
vn 0.0038 -0.0073 -1.0000
vn 0.0223 0.9984 0.0521
vn -0.6023 0.7946 0.0759
vn 0.0263 0.2921 -0.9560
vn -0.3211 -0.2428 -0.9154
vn -0.2117 0.0353 -0.9767
vn 0.8599 -0.5093 -0.0340
vn 0.0187 0.9998 0.0073
vn 0.0166 0.4219 0.9065
vn -0.0277 0.2952 0.9550
vn -0.9647 0.2066 -0.1633
vn -0.4983 -0.8332 0.2397
vn 0.9867 -0.0050 0.1627
vn -0.4890 -0.6632 0.5667
vn 0.9860 -0.1616 0.0404
vn 0.0315 -0.0483 -0.9983
vn -0.0258 0.0085 0.9996
vn -0.3501 0.6298 -0.6933
vn 0.1110 0.1974 -0.9740
vn -0.0021 0.0913 -0.9958
vn -0.0341 0.0875 -0.9956
vn 0.3163 -0.2052 -0.9262
vn -0.5101 0.6012 -0.6151
vn 0.5577 -0.8140 -0.1623
vn -0.0076 -0.0999 -0.9950
vn 0.1326 -0.0980 -0.9863
vn -0.0125 0.0942 -0.9955
vn 0.0287 0.0952 0.9950
vn -0.3630 -0.9072 0.2125
vn -0.4640 -0.8820 -0.0821
vn -0.0306 0.9994 0.0129
vn 0.0181 -0.8449 -0.5346
vn -0.4208 -0.1289 0.8980
vn -0.0063 0.1585 0.9873
vn -0.1889 0.7431 0.6420
vn 0.6873 -0.4060 0.6023
vn -0.1846 -0.0372 0.9821
vn -0.1301 -0.8802 -0.4564
vn 0.1275 -0.9875 0.0929
vn -0.2308 0.0311 -0.9725
vn -0.1327 -0.0620 -0.9892
vn 0.0091 0.0790 0.9968
vn 0.0103 0.0199 0.9997
vn -0.5914 -0.7623 0.2630
vn 0.0052 0.1482 0.9889
vn 0.8299 -0.5538 -0.0679
vn -0.1359 -0.8612 0.4898
vn -0.2773 -0.6905 -0.6681
vn -0.2063 0.9760 0.0699
vn 0.0181 -0.9974 -0.0699
vn 0.1068 0.1725 -0.9792
vn 0.3267 0.1337 0.9356
vn -0.1079 0.3982 -0.9109
vn -0.3018 -0.9528 0.0320
vn 0.0026 0.0160 -0.9999
vn 0.8981 -0.2176 -0.3821
vn 0.0056 0.0156 0.9999
vn 0.0101 -0.9999 -0.0057
vn -0.0253 -0.0836 -0.9962
vn 0.6894 0.6658 -0.2853
vn 0.4516 -0.7227 -0.5231
vn 0.0765 0.9574 0.2786
vn 0.0765 0.9574 0.2785
vn 0.1397 0.9887 0.0548
vn 0.0150 0.9999 -0.0021
vn 0.0052 -0.7598 -0.6502
vn -0.9997 -0.0109 0.0219
vn 0.0022 0.8622 0.5065
vn -0.1635 0.9832 0.0811
vn -0.2894 0.4981 -0.8174
vn 0.0729 -0.7945 0.6028
vn -0.1077 -0.6745 -0.7304
vn 0.1760 -0.0718 0.9818
vn 0.0272 -0.0381 0.9989
vn -0.0145 0.0763 0.9970
vn -0.3275 0.0038 0.9449
vn -0.1163 -0.8087 0.5766
vn 0.8933 0.0385 0.4477
vn -0.8606 -0.2577 -0.4393
vn 0.9964 -0.0308 -0.0789
vn -0.6063 0.1751 0.7757
vn -0.0928 -0.3840 0.9187
vn 0.3677 -0.5780 0.7285
vn 0.9008 -0.2612 -0.3470
vn -0.1265 0.0282 0.9916
vn 0.9415 0.0361 0.3350
vn 0.5663 0.6970 -0.4399
vn 0.0684 0.9739 -0.2165
vn 0.2056 0.7399 -0.6405
vn 0.0396 -0.6099 -0.7915
vn 0.6913 0.6347 -0.3453
vn -0.0048 -0.8164 -0.5775
vn 0.9731 -0.1931 -0.1259
vn 0.0128 0.9990 0.0431
vn -0.0389 0.1741 0.9840
vn 0.0298 0.6222 -0.7823
vn 0.8544 -0.4885 0.1769
vn -0.7482 0.2595 0.6106
vn -0.6569 0.5742 -0.4887
vn 0.8014 -0.4318 -0.4139
vn -0.1085 -0.2086 -0.9720
vn -0.3236 -0.8477 0.4203
vn 0.5716 0.6873 -0.4482
vn -0.5478 0.5859 0.5972
vn 0.2093 0.6762 0.7063
vn -0.4275 0.5310 -0.7316
vn -0.6824 -0.6423 -0.3490
vn -0.4159 -0.1519 -0.8966
vn 0.8715 -0.2675 0.4110
vn -0.1686 -0.9382 -0.3024
vn 0.7481 -0.0204 0.6633
vn -0.2228 -0.4447 0.8675
vn 0.6141 -0.3467 -0.7090
vn 0.3094 -0.9485 -0.0680
vn 0.3019 0.8682 -0.3937
vn 0.2374 0.9479 0.2124
vn 0.0969 -0.7770 -0.6220
vn -0.3718 0.9177 0.1401
vn 0.2986 -0.3905 -0.8709
vn -0.0606 -0.1736 -0.9829
vn 0.2552 -0.2088 -0.9441
vn -0.8506 0.1350 -0.5082
vn -0.1533 0.6737 0.7230
vn -0.5707 0.5991 0.5615
vn 0.5623 0.8117 0.1580
vn -0.1001 0.5266 0.8442
vn -0.9521 -0.2699 -0.1435
vn -0.2892 -0.5929 -0.7516
vn -0.6546 -0.0376 -0.7551
vn 0.0720 0.0579 -0.9957
vn -0.1671 -0.1387 -0.9761
vn 0.2803 0.6986 0.6583
vn 0.3564 0.3667 0.8593
vn 0.1164 -0.2122 0.9703
vn 0.1326 -0.8138 0.5658
vn -0.7739 0.0591 -0.6306
vn -0.8443 0.1185 -0.5226
vn -0.8443 0.1185 -0.5225
vn -0.0005 0.9495 -0.3139
vn -0.0415 0.9977 -0.0532
vn -0.0328 0.9927 0.1164
vn -0.0127 0.9980 0.0612
vn -0.0572 0.4874 0.8713
vn -0.4786 -0.8779 0.0157
vn -0.1500 -0.9853 -0.0823
vn 0.6299 -0.7348 -0.2515
vn -0.0227 -0.9974 0.0682
vn -0.0128 0.2932 -0.9560
vn -0.0178 0.1167 -0.9930
vn -0.0027 -0.0033 -1.0000
vn -0.8825 0.1575 -0.4431
vn -0.8623 0.4928 -0.1163
vn -0.6913 0.5801 0.4308
vn -0.9790 0.1388 0.1496
vn -0.8718 0.4304 0.2338
vn 0.3030 0.6780 0.6697
vn -0.9621 0.2684 -0.0490
vn 0.8300 -0.1330 -0.5417
vn -0.7633 -0.3604 -0.5362
vn -0.0011 -0.9261 0.3774
vn -0.9167 0.3981 0.0346
vn -0.9140 -0.2671 -0.3054
vn 0.1829 -0.6133 -0.7684
vn 0.2126 -0.7909 0.5738
vn 0.8387 0.1215 0.5308
vn 0.5849 -0.4560 0.6708
vn 0.1105 0.9923 0.0551
vn -0.8360 0.1264 0.5340
vn 0.0436 0.6869 0.7254
vn 0.1376 0.1877 -0.9725
vn -0.2980 0.9182 -0.2611
vn -0.0308 -0.1946 0.9804
vn 0.4151 -0.8606 -0.2950
vn 0.3747 -0.9230 -0.0879
vn 0.1527 0.9883 -0.0053
vn -0.3071 -0.9452 0.1109
vn 0.0896 0.9280 0.3616
vn 0.1068 -0.1257 -0.9863
vn 0.1884 0.9316 -0.3108
vn 0.3158 0.9233 0.2187
vn 0.0092 -0.9999 -0.0045
vn 0.0064 -0.9999 -0.0121
vn 0.0099 -0.9999 -0.0025
vn 0.2699 0.9326 -0.2397
vn -0.0089 -0.0044 -1.0000
vn 0.0776 -0.8880 0.4532
vn 0.3662 -0.9305 -0.0048
vn 0.7549 -0.6249 0.1991
vn 0.5234 -0.8492 0.0709
vn -0.2884 0.9478 -0.1359
vn -0.0940 -0.9858 -0.1390
vn -0.0504 -0.9684 -0.2443
vn -0.0050 0.0222 -0.9997
vn -0.1483 -0.2863 -0.9466
vn 0.0070 -0.0147 0.9999
vn 0.7575 0.6469 -0.0878
vn 0.7762 -0.6194 0.1177
vn 0.8668 0.4215 -0.2664
vn -0.2235 -0.5720 0.7892
vn -0.1007 -0.8974 0.4296
vn 0.2005 0.0831 -0.9762
vn 0.1093 0.5657 0.8173
vn 0.0698 0.7050 -0.7057
vn 0.0121 0.7887 0.6146
vn 0.4453 0.2349 0.8640
vn -0.4724 0.8806 -0.0383
vn 0.0384 -0.0614 -0.9974
vn -0.0066 0.9827 -0.1853
vn 0.0202 0.0366 0.9991
vn 0.7631 -0.6440 0.0536
vn 0.7332 -0.6739 0.0909
vn 0.5265 -0.8479 -0.0625
vn -0.6531 -0.5812 0.4855
vn -0.0032 0.0422 -0.9991
vn 0.1588 -0.9843 -0.0774
vn 0.0102 -0.7850 -0.6194
vn -0.0072 -0.9980 0.0627
vn -0.0249 -0.9937 0.1090
vn 0.7136 -0.6912 0.1138
vn 0.2377 -0.9713 -0.0002
vn -0.1324 0.0920 0.9869
vn -0.0761 -0.1558 -0.9849
vn -0.0196 0.8283 -0.5600
vn -0.1252 -0.9182 -0.3759
vn 0.8437 0.5348 0.0477
vn 0.7472 0.6483 -0.1466
vn 0.0348 -0.8324 0.5531
vn 0.6994 -0.3642 -0.6150
vn 0.9912 0.0357 0.1277
vn 0.9779 0.1044 -0.1813
vn 0.0125 0.7784 0.6277
vn -0.3767 0.0497 -0.9250
vn -0.2623 -0.1222 0.9572
vn -0.4131 0.8468 -0.3352
vn 0.0101 0.9996 0.0258
vn -0.2089 0.1828 -0.9607
vn -0.2583 -0.1024 0.9606
vn -0.3701 -0.5946 0.7138
vn -0.2275 0.5350 0.8137
vn 0.1614 -0.6081 0.7772
vn -0.5305 0.8476 0.0093
vn 0.8321 0.1886 -0.5215
vn 0.8578 0.2903 -0.4242
vn 0.2321 -0.6740 -0.7013
vn 0.1598 -0.9867 0.0294
vn 0.1990 -0.9794 0.0337
vn 0.6454 -0.0192 0.7636
vn -0.3917 -0.9186 0.0526
vn -0.0175 -0.9991 -0.0375
vn -0.5001 -0.1250 -0.8569
vn -0.5749 -0.5831 -0.5740
vn 0.7587 0.6499 0.0450
vn -0.9628 0.0118 -0.2700
vn -0.8027 0.5846 0.1182
vn -0.5541 0.3452 0.7575
vn 0.1546 -0.1773 -0.9719
vn 0.8354 0.3409 0.4311
vn 0.2254 0.0316 -0.9738
vn -0.6956 0.6744 -0.2477
vn -0.6044 -0.7966 -0.0081
vn 0.0927 -0.0631 0.9937
vn -0.0930 0.3666 -0.9257
vn 0.1098 0.0326 0.9934
vn 0.0024 0.2140 -0.9768
vn 0.7608 -0.6488 -0.0168
vn 0.1771 -0.3189 -0.9311
vn -0.8560 -0.4642 0.2274
vn -0.7716 0.3693 0.5179
vn 0.4141 0.9049 -0.0982
vn -0.7765 -0.1161 0.6194
vn -0.2289 -0.0240 -0.9732
vn -0.0111 -0.1688 -0.9856
vn -0.5923 -0.4813 -0.6462
vn -0.9696 0.1420 -0.1995
vn 0.0741 -0.3804 0.9219
vn 0.0102 -0.6613 0.7500
vn 0.0210 0.0269 0.9994
vn 0.6755 0.4727 -0.5659
vn -0.1229 -0.2557 -0.9589
vn 0.2809 0.6477 0.7083
vn 0.7629 0.6457 -0.0326
vn -0.8395 0.2244 -0.4949
vn -0.0802 0.9927 -0.0906
vn -0.8124 -0.0680 0.5791
vn -0.6371 0.3659 -0.6784
vn 0.3655 0.9272 -0.0813
vn 0.5009 -0.4107 0.7618
vn 0.6783 -0.3736 -0.6327
vn -0.0217 0.1334 -0.9908
vn 0.8546 -0.5189 0.0200
vn 0.7846 0.6172 0.0592
vn 0.8960 0.4392 0.0653
vn 0.9458 0.3230 0.0349
vn 0.0696 -0.0015 -0.9976
vn 0.0811 0.3163 0.9452
vn 0.5815 -0.2188 0.7836
vn -0.0393 -0.9990 0.0202
vn 0.8345 -0.4658 0.2942
vn 0.5617 0.8073 0.1812
vn 0.8406 -0.5055 -0.1946
vn -0.0531 -0.9675 0.2471
vn -0.0236 -0.0319 0.9992
vn -0.0035 0.9656 -0.2601
vn 0.3781 -0.2695 0.8857
vn 0.0258 0.3111 0.9500
vn 0.8667 -0.4421 -0.2312
vn 0.7384 0.3066 -0.6006
vn 0.0106 -0.9988 -0.0478
vn -0.0083 0.1576 -0.9875
vn 0.9807 0.1671 -0.1013
vn 0.1625 0.9578 -0.2369
vn -0.5871 -0.0446 -0.8083
vn -0.7810 -0.3883 -0.4892
vn 0.5737 0.8029 -0.1621
vn -0.1406 -0.6051 -0.7836
vn -0.1400 -0.4244 -0.8946
vn 0.0616 -0.0079 0.9981
vn -0.0143 0.2021 0.9793
vn 0.7324 -0.0056 0.6809
vn 0.0062 -0.9999 -0.0131
vn -0.5698 -0.5775 0.5846
vn 0.1268 0.3571 -0.9254
vn 0.8788 -0.4757 0.0366
vn 0.0871 -0.0331 0.9956
vn 0.0079 -0.1549 0.9879
vn -0.1138 0.0132 0.9934
vn -0.0510 -0.9986 -0.0131
vn 0.8017 0.5948 -0.0585
vn 0.6575 -0.0146 -0.7533
vn -0.6581 -0.1837 -0.7302
vn -0.5458 -0.1688 -0.8207
vn -0.5264 -0.3829 -0.7591
vn -0.0023 0.1907 0.9816
vn 0.6929 0.6588 -0.2930
vn 0.0007 -0.0968 0.9953
vn 0.3472 0.6824 0.6433
vn -0.8257 -0.5549 0.1013
vn -0.8979 -0.3930 -0.1981
vn -0.9029 0.4296 0.0138
vn -0.7339 -0.6787 -0.0270
vn 0.7510 0.6503 0.1140
vn 0.0098 -0.9979 0.0647
vn 0.0084 -0.6453 0.7639
vn -0.0499 -0.2400 0.9695
vn -0.8599 -0.5103 0.0150
vn 0.0285 -0.8746 0.4840
vn -0.4856 -0.4355 0.7580
vn -0.0570 -0.9970 0.0519
vn 0.9999 0.0050 -0.0122
vn 0.8397 0.5109 0.1839
vn 0.9507 0.1836 0.2500
vn 0.9228 0.3838 0.0334
vn 0.9353 0.3535 -0.0134
vn 0.9240 0.2567 -0.2835
vn -0.0035 -1.0000 -0.0044
vn 0.9656 -0.2049 0.1598
vn 0.8745 0.4312 0.2222
vn 0.0047 -0.0602 0.9982
vn 0.0052 -0.2670 0.9637
vn -0.6764 -0.1428 0.7226
vn 0.3107 -0.4053 -0.8598
vn 0.2364 0.0956 -0.9669
vn 0.4183 0.9037 -0.0910
vn 0.7502 0.4468 -0.4875
vn 0.8361 -0.4539 -0.3079
vn 0.9567 -0.2825 0.0698
vn 0.8597 -0.5040 -0.0828
vn -0.0132 0.5264 -0.8501
vn -0.0283 0.9994 -0.0207
vn -0.4505 0.8220 -0.3483
vn -0.0101 -0.9999 -0.0041
vn -0.8269 -0.5617 -0.0251
vn -0.5885 -0.8078 -0.0336
vn -0.0452 0.9989 -0.0082
vn 0.0127 -0.9995 0.0302
vn 0.4170 -0.4318 -0.7998
vn 0.0124 -0.9995 -0.0282
vn 0.0046 -0.0058 -1.0000
vn 0.1082 0.9930 -0.0466
vn 0.1135 -0.5415 0.8330
vn -0.1426 -0.9836 -0.1105
vn 0.2397 0.2892 0.9268
vn 0.3348 -0.0112 0.9422
vn 0.8512 -0.5192 -0.0766
vn 0.8657 0.5004 0.0095
vn 0.0053 -1.0000 -0.0007
vn 0.1830 0.5777 0.7955
vn 0.1506 0.9771 0.1503
vn 0.2508 0.1933 0.9485
vn 0.0481 0.9933 -0.1052
vn -0.9736 -0.2283 -0.0027
vn -0.9862 -0.1637 0.0237
vn 0.0534 -0.1051 0.9930
vn -0.0355 0.0444 0.9984
vn -0.0333 0.0927 0.9951
vn 0.0001 0.1425 0.9898
vn -0.0366 0.0055 0.9993
vn 0.8506 -0.5240 0.0439
vn 0.3240 -0.9051 0.2754
vn 0.0859 -0.0472 0.9952
vn 0.4817 -0.0354 0.8756
vn -0.0683 0.9755 -0.2091
vn -0.0688 0.1878 -0.9798
vn -0.7367 0.1379 -0.6620
vn -0.7135 0.1288 -0.6887
vn -0.0010 -0.0886 -0.9961
vn -0.0255 -0.9990 -0.0357
vn -0.0445 0.9961 -0.0762
vn -0.2625 0.9606 0.0916
vn -0.2189 0.0647 -0.9736
vn -0.2019 0.9771 0.0676
vn -0.0182 -0.9998 -0.0088
vn -0.4682 -0.8836 0.0004
vn -0.8113 -0.5828 0.0473
vn -0.3376 -0.9093 0.2435
vn 0.1785 -0.9839 -0.0000
vn 0.5369 0.6378 -0.5522
vn -0.3932 -0.1021 0.9138
vn -0.3520 -0.0389 0.9352
vn -0.3519 -0.0388 0.9352
vn 0.0008 -0.0733 -0.9973
vn -0.1033 0.9897 -0.0996
vn -0.0999 0.9910 -0.0888
vn -0.1042 0.9905 -0.0901
vn -0.0793 -0.3793 -0.9219
vn 0.0401 -0.2136 -0.9761
vn 0.0402 -0.2136 -0.9761
vn 0.1702 -0.7690 0.6161
vn -0.3235 0.0031 0.9462
vn 0.4968 -0.6444 0.5814
vn 0.9832 0.1102 -0.1455
vn 0.9575 -0.2879 0.0190
vn -0.0280 -0.0401 -0.9988
vn 0.6216 -0.7294 -0.2856
vn 0.2344 -0.9719 -0.0223
vn 0.5504 -0.8273 0.1124
vn 0.1364 -0.9905 -0.0187
vn 0.1141 -0.9932 -0.0243
vn 0.1455 -0.0572 -0.9877
vn 0.0119 -0.9978 -0.0653
vn 0.2651 -0.9555 0.1290
vn -0.3876 -0.8167 0.4275
vn -0.2125 -0.9159 0.3407
vn 0.0106 0.9999 -0.0097
vn -0.6623 -0.5995 -0.4493
vn 0.0807 -0.9967 0.0005
vn 0.0556 0.9969 -0.0557
vn -0.0641 0.2165 -0.9742
vn -0.0455 -0.0841 0.9954
vn 0.8252 0.3677 -0.4288
vn 0.1188 -0.0759 -0.9900
vn 0.4135 0.7944 0.4449
vn -0.0186 0.9998 0.0007
vn 0.9984 0.0556 0.0109
vn 0.9785 -0.1873 0.0865
vn -0.0179 -0.1231 0.9922
vn -0.8798 -0.4732 0.0460
vn -0.1098 0.7879 0.6060
vn -0.7454 -0.6666 0.0113
vn -0.0419 -0.2668 0.9628
vn -0.7085 0.7057 0.0003
vn -0.1283 0.8308 -0.5416
vn -0.0375 -0.2118 -0.9766
vn -0.7246 0.6892 -0.0026
vn -0.6885 -0.7250 -0.0169
vn 0.8249 -0.5652 0.0066
vn 0.5697 0.8213 0.0299
vn 0.8546 -0.5172 -0.0455
vn 0.8302 -0.5464 0.1108
vn 0.5569 0.8301 -0.0287
vn -0.6845 0.0864 0.7239
vn 0.9042 -0.4247 -0.0455
vn 0.2816 -0.1110 -0.9531
vn -0.0096 -0.1063 -0.9943
vn -0.4036 0.0687 0.9124
vn -0.9971 0.0756 -0.0010
vn -0.9979 0.0646 -0.0007
vn -0.9821 -0.1841 0.0389
vn -0.9881 0.1537 0.0003
vn -0.9840 0.1781 0.0021
vn -0.9388 0.1093 -0.3267
vn -0.9413 -0.3375 -0.0012
vn -0.9705 -0.2354 0.0516
vn -0.9916 -0.1242 -0.0353
vn 0.8782 -0.3378 -0.3386
vn 0.9053 -0.3315 0.2655
vn 0.9994 0.0347 0.0002
vn 0.9994 -0.0341 0.0031
vn 0.2122 -0.9495 -0.2312
vn 0.0043 0.5086 0.8610
vn -0.1342 -0.9660 -0.2209
vn -0.9352 -0.3286 0.1322
vn -0.6727 -0.6473 -0.3585
vn -0.9991 0.0434 0.0014
vn -0.9860 0.1668 -0.0012
vn 0.8466 -0.0946 0.5238
vn 0.9646 -0.0374 0.2612
vn 0.7990 -0.1411 -0.5845
vn 0.7623 0.6453 0.0505
vn 0.7411 0.6466 0.1806
vn 0.9999 0.0022 0.0110
vn 0.9896 -0.1411 -0.0286
vn 0.9827 -0.1809 -0.0394
vn 0.8252 0.5648 0.0002
vn 0.9980 0.0507 -0.0378
vn 0.9915 -0.0094 0.1301
vn 0.8333 0.0571 0.5498
vn -0.0688 -0.7237 -0.6867
vn -0.5103 -0.8543 0.0987
vn -0.5319 -0.8467 0.0134
vn -0.4711 -0.8751 -0.1105
vn -0.6922 -0.7139 0.1059
vn -0.7091 -0.6729 0.2107
vn -0.3725 -0.9278 0.0208
vn -0.7358 -0.5360 -0.4140
vn -0.8556 -0.4930 -0.1579
vn -0.6730 -0.6732 0.3063
vn -0.7348 -0.5506 -0.3960
vt 0.706064 0.212648
vt 0.687753 0.230328
vt 0.636408 0.225836
vt 0.668721 0.127382
vt 0.735478 0.115611
vt 0.744886 0.128148
vt 0.745873 0.229455
vt 0.154662 0.508975
vt 0.152103 0.538224
vt 0.148418 0.479887
vt 0.157505 0.489180
vt 0.764386 0.055976
vt 0.764386 0.061499
vt 0.712853 0.056912
vt 0.419274 0.982497
vt 0.409083 0.984322
vt 0.406546 0.973333
vt 0.429689 0.046125
vt 0.429689 0.055197
vt 0.409755 0.047728
vt 0.966135 0.692200
vt 0.954407 0.714909
vt 0.954489 0.706582
vt 0.172475 0.461984
vt 0.168434 0.415787
vt 0.174689 0.403899
vt 0.943139 0.090981
vt 0.940859 0.132910
vt 0.931409 0.138365
vt 0.066137 0.739192
vt 0.076842 0.763783
vt 0.079004 0.779163
vt 0.073345 0.750716
vt 0.148830 0.478996
vt 0.150977 0.420583
vt 0.161987 0.442849
vt 0.561064 0.082367
vt 0.615147 0.082367
vt 0.592619 0.085034
vt 0.992949 0.940804
vt 0.992949 0.959342
vt 0.984046 0.949284
vt 0.374241 0.114650
vt 0.303194 0.137401
vt 0.335085 0.116702
vt 0.449600 0.061533
vt 0.400131 0.061533
vt 0.448618 0.052515
vt 0.782997 0.976741
vt 0.774575 0.978227
vt 0.760321 0.977402
vt 0.110588 0.778625
vt 0.092094 0.777979
vt 0.103447 0.757734
vt 0.158527 0.365909
vt 0.157911 0.404807
vt 0.147608 0.381503
vt 0.313380 0.121021
vt 0.190791 0.960265
vt 0.212839 0.959104
vt 0.203001 0.974816
vt 0.078724 0.770939
vt 0.090495 0.775046
vt 0.228863 0.367508
vt 0.222361 0.441825
vt 0.216560 0.364832
vt 0.962009 0.725323
vt 0.380395 0.047777
vt 0.972257 0.129979
vt 0.985206 0.128846
vt 0.972210 0.139051
vt 0.056754 0.028482
vt 0.045756 0.041589
vt 0.050477 0.003932
vt 0.047883 0.508430
vt 0.038754 0.492619
vt 0.046778 0.470033
vt 0.347267 0.760581
vt 0.309969 0.747006
vt 0.385678 0.761005
vt 0.016587 0.991552
vt 0.008667 0.994126
vt 0.004950 0.977485
vt 0.023958 0.211840
vt 0.012263 0.215640
vt 0.012674 0.183283
vt 0.080794 0.753963
vt 0.187101 0.219850
vt 0.203451 0.228181
vt 0.205459 0.277458
vt 0.921165 0.677399
vt 0.912524 0.639970
vt 0.933781 0.700705
vt 0.705807 0.815723
vt 0.642814 0.821234
vt 0.635358 0.811658
vt 0.085202 0.739241
vt 0.221386 0.290066
vt 0.210423 0.220356
vt 0.224544 0.210469
vt 0.983802 0.734201
vt 0.987352 0.729970
vt 0.989996 0.742361
vt 0.998879 0.766556
vt 0.994609 0.779699
vt 0.984479 0.769638
vt 0.956654 0.038010
vt 0.956654 0.012406
vt 0.966009 0.037424
vt 0.965988 0.043581
vt 0.965988 0.068998
vt 0.958075 0.044813
vt 0.983045 0.277339
vt 0.993953 0.272252
vt 0.997376 0.277919
vt 0.048329 0.399019
vt 0.046114 0.424339
vt 0.038057 0.398395
vt 0.834635 0.959718
vt 0.834885 0.952743
vt 0.846289 0.952743
vt 0.989744 0.468897
vt 0.975653 0.458660
vt 0.993020 0.462418
vt 0.591050 0.707093
vt 0.548819 0.694273
vt 0.597441 0.689889
vt 0.125255 0.931244
vt 0.107767 0.938069
vt 0.115470 0.931244
vt 0.966905 0.066998
vt 0.966905 0.043134
vt 0.973868 0.045503
vt 0.311017 0.110763
vt 0.159183 0.479075
vt 0.999277 0.188149
vt 0.995424 0.200006
vt 0.987997 0.188677
vt 0.979818 0.871988
vt 0.994435 0.873783
vt 0.978644 0.878869
vt 0.239740 0.016933
vt 0.228199 0.012959
vt 0.230302 0.003136
vt 0.987284 0.031751
vt 0.998521 0.023587
vt 0.997413 0.038576
vt 0.503881 0.689873
vt 0.037818 0.386234
vt 0.431240 0.891744
vt 0.379898 0.882691
vt 0.435080 0.879670
vt 0.037751 0.766127
vt 0.048278 0.780413
vt 0.037751 0.779127
vt 0.348690 0.044526
vt 0.355794 0.032947
vt 0.393845 0.043143
vt 0.930227 0.117707
vt 0.990171 0.578996
vt 0.973607 0.584378
vt 0.981571 0.570297
vt 0.037794 0.573726
vt 0.046827 0.597449
vt 0.036384 0.599291
vt 0.011256 0.252119
vt 0.021522 0.252837
vt 0.013361 0.261759
vt 0.003441 0.258009
vt 0.083458 0.764048
vt 0.948820 0.051078
vt 0.955732 0.048563
vt 0.955069 0.065510
vt 0.008563 0.083419
vt 0.016890 0.083419
vt 0.010829 0.098667
vt 0.951531 0.037769
vt 0.010779 0.831348
vt 0.017121 0.848773
vt 0.010779 0.863708
vt 0.003519 0.014697
vt 0.016550 0.014697
vt 0.006260 0.026419
vt 0.413036 0.094983
vt 0.376753 0.096906
vt 0.405543 0.086053
vt 0.945383 0.748367
vt 0.954763 0.743588
vt 0.948187 0.761093
vt 0.912774 0.677778
vt 0.342481 0.661183
vt 0.340234 0.648435
vt 0.417925 0.647877
vt 0.080401 0.118915
vt 0.069240 0.116948
vt 0.079785 0.110385
vt 0.991168 0.322185
vt 0.997545 0.325025
vt 0.984345 0.334202
vt 0.567535 0.940865
vt 0.575129 0.941797
vt 0.576860 0.965156
vt 0.972982 0.454735
vt 0.964084 0.477081
vt 0.963875 0.454257
vt 0.047127 0.766208
vt 0.119660 0.940252
vt 0.179857 0.535855
vt 0.179857 0.481772
vt 0.191141 0.534802
vt 0.088058 0.360971
vt 0.075490 0.365642
vt 0.074437 0.355626
vt 0.048396 0.803624
vt 0.999352 0.376410
vt 0.999352 0.388642
vt 0.986453 0.388630
vt 0.097922 0.931142
vt 0.965682 0.452435
vt 0.983766 0.148687
vt 0.094520 0.941104
vt 0.046387 0.611694
vt 0.859789 0.343421
vt 0.854919 0.404755
vt 0.852399 0.345401
vt 0.190844 0.542701
vt 0.987111 0.419967
vt 0.978510 0.411653
vt 0.985038 0.412232
vt 0.014167 0.654266
vt 0.003454 0.646482
vt 0.014081 0.645783
vt 0.983554 0.969132
vt 0.983554 0.950594
vt 0.987567 0.957114
vt 0.005891 0.265257
vt 0.189511 0.974720
vt 0.057034 0.041480
vt 0.037028 0.612275
vt 0.005754 0.988279
vt 0.008783 0.997602
vt 0.000028 0.998016
vt 0.853556 0.980628
vt 0.853556 0.991961
vt 0.835626 0.983286
vt 0.955696 0.068979
vt 0.859095 0.330439
vt 0.801520 0.017124
vt 0.791876 0.024749
vt 0.795004 0.014752
vt 0.458978 0.952605
vt 0.434138 0.960676
vt 0.432358 0.948771
vt 0.956577 0.329641
vt 0.965944 0.329968
vt 0.966085 0.353178
vt 0.987723 0.453045
vt 0.970672 0.453045
vt 0.982900 0.447102
vt 0.110419 0.830215
vt 0.110419 0.876589
vt 0.095651 0.835979
vt 0.995059 0.411918
vt 0.808058 0.973825
vt 0.799393 0.971138
vt 0.790047 0.960000
vt 0.581648 0.974002
vt 0.577813 0.958620
vt 0.594483 0.971057
vt 0.677923 0.984051
vt 0.677923 0.998328
vt 0.663242 0.991776
vt 0.386460 0.751687
vt 0.203748 0.210179
vt 0.818909 0.959821
vt 0.819098 0.952563
vt 0.813477 0.959116
vt 0.949465 0.733278
vt 0.983551 0.332744
vt 0.983551 0.315323
vt 0.992465 0.317248
vt 0.539118 0.990176
vt 0.539118 0.971644
vt 0.546540 0.979210
vt 0.038281 0.422677
vt 0.193613 0.482325
vt 0.168021 0.959587
vt 0.169717 0.965918
vt 0.168214 0.973354
vt 0.007208 0.145626
vt 0.007208 0.155428
vt 0.000624 0.145600
vt 0.062706 0.991914
vt 0.074837 0.991914
vt 0.064295 0.999275
vt 0.038741 0.442133
vt 0.047407 0.465944
vt 0.039891 0.480529
vt 0.995748 0.400023
vt 0.998797 0.409407
vt 0.984561 0.410060
vt 0.230055 0.854454
vt 0.179260 0.845497
vt 0.238753 0.845989
vt 0.989233 0.989526
vt 0.998530 0.982521
vt 0.994159 0.996432
vt 0.591230 0.978237
vt 0.932383 0.751017
vt 0.927639 0.773979
vt 0.918326 0.762812
vt 0.941939 0.813893
vt 0.947401 0.800373
vt 0.956250 0.825667
vt 0.147396 0.363781
vt 0.072808 0.341318
vt 0.930086 0.084346
vt 0.322653 0.643760
vt 0.038029 0.060509
vt 0.016793 0.074833
vt 0.036214 0.048515
vt 0.945270 0.705024
vt 0.987928 0.057101
vt 0.991024 0.045547
vt 0.990866 0.064096
vt 0.928729 0.774699
vt 0.940092 0.770563
vt 0.939552 0.825129
vt 0.839080 0.998851
vt 0.834260 0.984017
vt 0.851007 0.992336
vt 0.985550 0.696100
vt 0.996829 0.696100
vt 0.991593 0.711634
vt 0.500074 0.778506
vt 0.485640 0.786840
vt 0.426504 0.781161
vt 0.401729 0.989221
vt 0.081221 0.096180
vt 0.959155 0.118224
vt 0.957779 0.133953
vt 0.958105 0.106869
vt 0.039040 0.994863
vt 0.022144 0.994863
vt 0.027436 0.978705
vt 0.133795 0.832421
vt 0.125164 0.820095
vt 0.142640 0.820880
vt 0.083035 0.084098
vt 0.069682 0.043001
vt 0.082731 0.041698
vt 0.082455 0.739532
vt 0.738334 0.972571
vt 0.727049 0.973360
vt 0.740890 0.954198
vt 0.024291 0.950598
vt 0.034941 0.950641
vt 0.032741 0.958849
vt 0.983572 0.746290
vt 0.792520 0.893674
vt 0.755286 0.887109
vt 0.795865 0.885572
vt 0.974560 0.109338
vt 0.975760 0.095622
vt 0.976003 0.119258
vt 0.056827 0.380784
vt 0.061614 0.328467
vt 0.071399 0.341549
vt 0.400152 0.708829
vt 0.426254 0.659338
vt 0.418363 0.706071
vt 0.431064 0.733123
vt 0.397173 0.973089
vt 0.464934 0.996570
vt 0.449438 0.997926
vt 0.448428 0.995711
vt 0.007420 0.715821
vt 0.009731 0.708261
vt 0.025419 0.718458
vt 0.957145 0.118411
vt 0.466743 0.324528
vt 0.458367 0.420274
vt 0.459346 0.297787
vt 0.391533 0.032321
vt 0.403954 0.669443
vt 0.014913 0.957493
vt 0.410354 0.728472
vt 0.074909 0.085702
vt 0.193836 0.085686
vt 0.255334 0.086955
vt 0.215713 0.104043
vt 0.047219 0.981263
vt 0.052540 0.964885
vt 0.068787 0.981273
vt 0.543927 0.582252
vt 0.577409 0.561586
vt 0.581133 0.570163
vt 0.913287 0.985850
vt 0.913287 0.997508
vt 0.908543 0.993305
vt 0.817554 0.918555
vt 0.818141 0.901821
vt 0.828401 0.910674
vt 0.842260 0.891039
vt 0.068069 0.074917
vt 0.226264 0.102545
vt 0.578277 0.821408
vt 0.549576 0.832428
vt 0.524838 0.820893
vt 0.411330 0.650137
vt 0.184542 0.983414
vt 0.190790 0.989663
vt 0.171912 0.989664
vt 0.095476 0.527897
vt 0.102127 0.513634
vt 0.095113 0.561256
vt 0.244260 0.759080
vt 0.239554 0.750928
vt 0.302624 0.761539
vt 0.318621 0.745760
vt 0.315918 0.738332
vt 0.396270 0.743139
vt 0.244290 0.335158
vt 0.244290 0.254661
vt 0.248613 0.271849
vt 0.094174 0.616667
vt 0.105082 0.620111
vt 0.105082 0.654237
vt 0.102636 0.550084
vt 0.522378 0.851250
vt 0.989669 0.957005
vt 0.989669 0.975447
vt 0.983899 0.971647
vt 0.042356 0.958214
vt 0.203701 0.647812
vt 0.245638 0.661438
vt 0.207795 0.729574
vt 0.610310 0.992099
vt 0.604994 0.977495
vt 0.610865 0.975106
vt 0.106022 0.606654
vt 0.833580 0.427460
vt 0.851197 0.493206
vt 0.834038 0.501077
vt 0.247663 0.337049
vt 0.240892 0.414447
vt 0.236429 0.333962
vt 0.933964 0.596441
vt 0.945625 0.591003
vt 0.937521 0.648856
vt 0.922371 0.694162
vt 0.934282 0.702502
vt 0.922301 0.758114
vt 0.206566 0.279725
vt 0.553086 0.843698
vt 0.372864 0.808754
vt 0.380551 0.808350
vt 0.387959 0.811046
vt 0.933619 0.244656
vt 0.933619 0.183146
vt 0.945480 0.242518
vt 0.712876 0.137873
vt 0.786474 0.132318
vt 0.787687 0.136846
vt 0.289752 0.890052
vt 0.236334 0.891615
vt 0.235456 0.881587
vt 0.153278 0.422318
vt 0.512264 0.135638
vt 0.515383 0.147279
vt 0.431264 0.141690
vt 0.187642 0.106684
vt 0.261340 0.766071
vt 0.934238 0.588540
vt 0.318355 0.811327
vt 0.647459 0.548927
vt 0.907121 0.345942
vt 0.895349 0.283996
vt 0.907905 0.278141
vt 0.999478 0.499249
vt 0.987306 0.499249
vt 0.997337 0.486067
vt 0.977755 0.337977
vt 0.989645 0.344842
vt 0.972176 0.344817
vt 0.429171 0.151511
vt 0.344202 0.151511
vt 0.426458 0.140217
vt 0.007649 0.130807
vt 0.007649 0.140852
vt 0.001161 0.140781
vt 0.240959 0.802670
vt 0.247791 0.790345
vt 0.311531 0.802211
vt 0.998324 0.309635
vt 0.987609 0.314632
vt 0.984544 0.309450
vt 0.876522 0.257825
vt 0.860140 0.318962
vt 0.864466 0.251294
vt 0.899253 0.463182
vt 0.910243 0.525514
vt 0.897882 0.532413
vt 0.690833 0.056168
vt 0.701847 0.045154
vt 0.741864 0.054985
vt 0.034675 0.699554
vt 0.919912 0.014000
vt 0.887960 0.049335
vt 0.889728 0.011360
vt 0.725168 0.999410
vt 0.720643 0.993181
vt 0.734570 0.991780
vt 0.589228 0.927026
vt 0.586627 0.902286
vt 0.605737 0.929824
vt 0.399316 0.435104
vt 0.411046 0.446366
vt 0.407354 0.476431
vt 0.254881 0.113247
vt 0.223749 0.114589
vt 0.911678 0.718975
vt 0.900281 0.648349
vt 0.909384 0.653282
vt 0.983695 0.231610
vt 0.976472 0.244120
vt 0.976168 0.224798
vt 0.412962 0.475106
vt 0.873838 0.985644
vt 0.888176 0.975227
vt 0.888277 0.991488
vt 0.966920 0.588987
vt 0.972875 0.601758
vt 0.967282 0.610230
vt 0.139485 0.010644
vt 0.097421 0.010644
vt 0.109870 0.004040
vt 0.312450 0.081529
vt 0.312450 0.064335
vt 0.364985 0.075836
vt 0.607085 0.056046
vt 0.613162 0.045765
vt 0.640444 0.055695
vt 0.985184 0.793489
vt 0.985184 0.813951
vt 0.980063 0.797224
vt 0.698576 0.333296
vt 0.704131 0.439306
vt 0.663955 0.329661
vt 0.881620 0.281564
vt 0.227062 0.920942
vt 0.223968 0.930465
vt 0.193398 0.915350
vt 0.917991 0.766272
vt 0.929785 0.810526
vt 0.917991 0.808373
vt 0.053203 0.340791
vt 0.058518 0.352812
vt 0.053994 0.365241
vt 0.748423 0.963728
vt 0.743562 0.937885
vt 0.750320 0.957523
vt 0.410333 0.430375
vt 0.748414 0.963730
vt 0.743879 0.957579
vt 0.244236 0.767898
vt 0.130633 0.970330
vt 0.142422 0.975827
vt 0.117979 0.974830
vt 0.184578 0.672720
vt 0.208472 0.737093
vt 0.184578 0.738930
vt 0.516883 0.017179
vt 0.532829 0.026385
vt 0.488708 0.025482
vt 0.309389 0.038149
vt 0.310134 0.032435
vt 0.354830 0.032435
vt 0.992688 0.912040
vt 0.999481 0.916976
vt 0.993152 0.922027
vt 0.312086 0.774535
vt 0.527136 0.406063
vt 0.519969 0.404408
vt 0.551470 0.335312
vt 0.860214 0.249320
vt 0.388514 0.744624
vt 0.204852 0.720003
vt 0.581391 0.841215
vt 0.062610 0.930908
vt 0.029901 0.930908
vt 0.051951 0.923717
vt 0.002876 0.195468
vt 0.002876 0.207371
vt 0.000061 0.206951
vt 0.346142 0.085669
vt 0.532675 0.024908
vt 0.530312 0.018415
vt 0.569128 0.024693
vt 0.967636 0.932753
vt 0.963355 0.952891
vt 0.955027 0.929146
vt 0.764835 0.010615
vt 0.753031 0.010615
vt 0.757040 0.003580
vt 0.895706 0.640790
vt 0.664143 0.771643
vt 0.734090 0.783977
vt 0.659939 0.787828
vt 0.524565 0.016085
vt 0.502845 0.016085
vt 0.523614 0.003005
vt 0.413566 0.470700
vt 0.123921 0.811900
vt 0.006700 0.272391
vt 0.006700 0.281696
vt 0.000153 0.277648
vt 0.052593 0.381187
vt 0.993427 0.074260
vt 0.990337 0.064751
vt 0.999384 0.067111
vt 0.100559 0.992883
vt 0.112363 0.992883
vt 0.106877 0.999775
vt 0.999347 0.835471
vt 0.993668 0.843288
vt 0.990863 0.830231
vt 0.140322 0.009770
vt 0.120441 0.004443
vt 0.162476 0.003446
vt 0.358348 0.719741
vt 0.385664 0.713849
vt 0.360167 0.730276
vt 0.863718 0.188482
vt 0.883327 0.182634
vt 0.886778 0.210746
vt 0.288619 0.879800
vt 0.413776 0.972515
vt 0.426817 0.970216
vt 0.439381 0.971758
vt 0.399432 0.725558
vt 0.503026 0.003054
vt 0.577577 0.641272
vt 0.639679 0.684756
vt 0.545343 0.685209
vt 0.339371 0.726054
vt 0.848479 0.699229
vt 0.417372 0.497719
vt 0.186146 0.221875
vt 0.204502 0.278370
vt 0.178758 0.225630
vt 0.944484 0.646644
vt 0.009632 0.098340
vt 0.001137 0.092168
vt 0.008400 0.089618
vt 0.917009 0.828931
vt 0.379495 0.398022
vt 0.552648 0.647836
vt 0.290208 0.040825
vt 0.313647 0.042876
vt 0.267851 0.042294
vt 0.574436 0.017677
vt 0.657232 0.048061
vt 0.854223 0.220628
vt 0.343100 0.903485
vt 0.312946 0.900847
vt 0.352252 0.899745
vt 0.757229 0.152617
vt 0.758920 0.143027
vt 0.838463 0.151377
vt 0.315956 0.043434
vt 0.793732 0.137443
vt 0.897089 0.463695
vt 0.897089 0.536305
vt 0.889499 0.470737
vt 0.008732 0.935003
vt 0.008732 0.939691
vt 0.001547 0.936579
vt 0.510693 0.472813
vt 0.000217 0.915210
vt 0.008593 0.909124
vt 0.008536 0.921028
vt 0.791535 0.003151
vt 0.564456 0.856542
vt 0.825939 0.574142
vt 0.837301 0.560601
vt 0.836741 0.589646
vt 0.205454 0.128705
vt 0.242210 0.838589
vt 0.239122 0.845210
vt 0.181677 0.839778
vt 0.408934 0.973259
vt 0.428475 0.973259
vt 0.428560 0.985626
vt 0.325414 0.363237
vt 0.321157 0.367494
vt 0.323672 0.351462
vt 0.957515 0.623991
vt 0.974209 0.611862
vt 0.975916 0.638749
vt 0.596738 0.994269
vt 0.604912 0.983019
vt 0.610800 0.995934
vt 0.366557 0.333234
vt 0.159254 0.415069
vt 0.167226 0.412167
vt 0.166297 0.470848
vt 0.530029 0.890767
vt 0.474376 0.890767
vt 0.518661 0.884073
vt 0.323414 0.265888
vt 0.827167 0.263637
vt 0.775867 0.217447
vt 0.801605 0.177870
vt 0.853799 0.248105
vt 0.561102 0.943150
vt 0.562735 0.940818
vt 0.562372 0.959329
vt 0.804157 0.007464
vt 0.839823 0.876870
vt 0.850137 0.889161
vt 0.796951 0.888268
vt 0.668796 0.888359
vt 0.622196 0.884282
vt 0.679810 0.881098
vt 0.756718 0.149698
vt 0.678371 0.175155
vt 0.669126 0.129300
vt 0.803521 0.733201
vt 0.712877 0.733201
vt 0.767778 0.696559
vt 0.974466 0.917755
vt 0.960434 0.898442
vt 0.972737 0.897222
vt 0.929714 0.952184
vt 0.938719 0.961188
vt 0.929123 0.975374
vt 0.611843 0.045353
vt 0.599532 0.057664
vt 0.561921 0.045126
vt 0.628089 0.270432
vt 0.646898 0.256198
vt 0.661506 0.284868
vt 0.252073 0.999928
vt 0.248303 0.988324
vt 0.263200 0.994987
vt 0.574663 0.902586
vt 0.568508 0.889386
vt 0.603047 0.891900
vt 0.381879 0.980987
vt 0.387595 0.990887
vt 0.381862 0.995518
vt 0.904203 0.563969
vt 0.900484 0.571594
vt 0.896519 0.555357
vt 0.527830 0.455786
vt 0.570702 0.345720
vt 0.549202 0.444224
vt 0.640797 0.890405
vt 0.678831 0.892266
vt 0.649502 0.905483
vt 0.441498 0.047408
vt 0.402404 0.040816
vt 0.397464 0.012798
vt 0.829095 0.878166
vt 0.803023 0.885320
vt 0.814608 0.871410
vt 0.100640 0.217042
vt 0.086936 0.259218
vt 0.065782 0.224313
vt 0.448340 0.159690
vt 0.408976 0.173108
vt 0.419290 0.159690
vt 0.135974 0.792207
vt 0.520635 0.983461
vt 0.520635 0.995002
vt 0.503839 0.991054
vt 0.396483 0.887118
vt 0.418495 0.890604
vt 0.417725 0.916602
vt 0.422861 0.174133
vt 0.122916 0.800403
vt 0.579867 0.128239
vt 0.503323 0.128239
vt 0.579888 0.110136
vt 0.610715 0.972529
vt 0.604639 0.976325
vt 0.610730 0.959064
vt 0.605256 0.899828
vt 0.378318 0.061587
vt 0.329464 0.061587
vt 0.365912 0.054908
vt 0.189582 0.668927
vt 0.148888 0.664769
vt 0.187817 0.656364
vt 0.162646 0.354962
vt 0.171780 0.406760
vt 0.159106 0.414005
vt 0.203046 0.648253
vt 0.940046 0.692154
vt 0.943633 0.709031
vt 0.925187 0.749843
vt 0.842614 0.878004
vt 0.842614 0.861160
vt 0.871292 0.873908
vt 0.880485 0.563485
vt 0.596300 0.986139
vt 0.596300 0.967361
vt 0.602427 0.983456
vt 0.588672 0.197725
vt 0.577012 0.189815
vt 0.597007 0.165987
vt 0.094560 0.421824
vt 0.132557 0.394218
vt 0.112860 0.430060
vt 0.910845 0.585316
vt 0.979545 0.513013
vt 0.992948 0.519263
vt 0.975726 0.519292
vt 0.866217 0.891188
vt 0.065817 0.287554
vt 0.078978 0.276113
vt 0.065135 0.328880
vt 0.515934 0.146226
vt 0.529343 0.144998
vt 0.529343 0.151518
vt 0.643175 0.990511
vt 0.637535 0.982747
vt 0.657130 0.979142
vt 0.026824 0.929001
vt 0.020655 0.942231
vt 0.020870 0.911905
vt 0.884977 0.860647
vt 0.932229 0.814818
vt 0.014741 0.463591
vt 0.039591 0.481646
vt 0.018692 0.507530
vt 0.842403 0.940987
vt 0.858320 0.927631
vt 0.872722 0.941679
vt 0.111763 0.275973
vt 0.111763 0.224272
vt 0.115354 0.238751
vt 0.096392 0.306563
vt 0.140718 0.778106
vt 0.142029 0.724097
vt 0.156632 0.759139
vt 0.161289 0.775186
vt 0.093542 0.519760
vt 0.077433 0.495952
vt 0.094373 0.510262
vt 0.677830 0.902846
vt 0.093587 0.477304
vt 0.357481 0.007047
vt 0.390439 0.030993
vt 0.370331 0.031621
vt 0.158232 0.492585
vt 0.172165 0.462706
vt 0.171028 0.520652
vt 0.142870 0.782851
vt 0.673429 0.266480
vt 0.385705 0.712734
vt 0.334142 0.721665
vt 0.314640 0.708010
vt 0.008584 0.836930
vt 0.004260 0.853069
vt 0.003653 0.825345
vt 0.856653 0.544395
vt 0.638383 0.375226
vt 0.251494 0.897069
vt 0.215086 0.903489
vt 0.211551 0.896315
vt 0.947311 0.593290
vt 0.957318 0.603622
vt 0.946323 0.609970
vt 0.605164 0.174539
vt 0.834081 0.647426
vt 0.772471 0.872814
vt 0.460366 0.005493
vt 0.460366 0.046391
vt 0.449081 0.044250
vt 0.625415 0.516248
vt 0.579014 0.480001
vt 0.085776 0.940218
vt 0.073185 0.940218
vt 0.096858 0.931049
vt 0.987884 0.051235
vt 0.987884 0.033445
vt 0.991558 0.040549
vt 0.155225 0.922914
vt 0.138065 0.921714
vt 0.156186 0.906259
vt 0.417067 0.320738
vt 0.446429 0.378665
vt 0.419020 0.358002
vt 0.559883 0.922844
vt 0.559883 0.951850
vt 0.547802 0.939488
vt 0.653208 0.913209
vt 0.626301 0.906500
vt 0.637429 0.891490
vt 0.902376 0.336391
vt 0.902376 0.407613
vt 0.894981 0.386104
vt 0.732978 0.916999
vt 0.754308 0.887641
vt 0.770693 0.919505
vt 0.169712 0.637516
vt 0.159538 0.647003
vt 0.148448 0.616379
vt 0.254005 0.629384
vt 0.234590 0.589948
vt 0.243613 0.574320
vt 0.888560 0.867072
vt 0.898942 0.886845
vt 0.968630 0.725055
vt 0.968630 0.750226
vt 0.952075 0.729092
vt 0.619430 0.892855
vt 0.460562 0.930475
vt 0.449505 0.917297
vt 0.482948 0.930443
vt 0.117163 0.362158
vt 0.119259 0.342718
vt 0.129576 0.336762
vt 0.398015 0.891831
vt 0.419344 0.921189
vt 0.387312 0.910044
vt 0.569884 0.389962
vt 0.603753 0.389898
vt 0.583559 0.411550
vt 0.810479 0.990064
vt 0.807183 0.979920
vt 0.825710 0.978610
vt 0.065649 0.931158
vt 0.066075 0.735294
vt 0.036226 0.756981
vt 0.045551 0.733963
vt 0.249544 0.650840
vt 0.938507 0.826343
vt 0.960661 0.833541
vt 0.944530 0.856966
vt 0.929352 0.044275
vt 0.584621 0.376482
vt 0.582124 0.492927
vt 0.565695 0.496222
vt 0.482866 0.918082
vt 0.152804 0.590882
vt 0.964585 0.874505
vt 0.944221 0.859710
vt 0.965226 0.862737
vt 0.388211 0.998895
vt 0.392105 0.986910
vt 0.403762 0.996784
vt 0.249657 0.560936
vt 0.249657 0.478223
vt 0.259888 0.509777
vt 0.792662 0.338893
vt 0.801115 0.338893
vt 0.793425 0.381589
vt 0.172752 0.909752
vt 0.451319 0.662698
vt 0.500264 0.656290
vt 0.533783 0.656290
vt 0.394666 0.357474
vt 0.370255 0.386567
vt 0.392280 0.294838
vt 0.137577 0.398148
vt 0.148445 0.415668
vt 0.131248 0.430097
vt 0.310790 0.503540
vt 0.291354 0.490664
vt 0.284952 0.454357
vt 0.828105 0.020396
vt 0.809669 0.007487
vt 0.850145 0.006036
vt 0.957739 0.620121
vt 0.082738 0.874902
vt 0.105196 0.905813
vt 0.078848 0.905417
vt 0.048264 0.308460
vt 0.048264 0.346459
vt 0.043757 0.330511
vt 0.143911 0.010048
vt 0.162282 0.005126
vt 0.185506 0.009816
vt 0.313188 0.545172
vt 0.016072 0.488339
vt 0.005954 0.488339
vt 0.013651 0.472013
vt 0.515554 0.484428
vt 0.622683 0.012522
vt 0.635630 0.005047
vt 0.663171 0.013553
vt 0.855616 0.994450
vt 0.860281 0.980091
vt 0.868809 0.998862
vt 0.512673 0.184086
vt 0.564788 0.186529
vt 0.553162 0.191225
vt 0.932892 0.041890
vt 0.432610 0.012960
vt 0.741009 0.951775
vt 0.726411 0.971867
vt 0.715672 0.962898
vt 0.479996 0.046503
vt 0.474347 0.056287
vt 0.430430 0.048455
vt 0.839595 0.416727
vt 0.868246 0.396665
vt 0.841943 0.453547
vt 0.410259 0.357912
vt 0.406863 0.366864
vt 0.863995 0.816793
vt 0.826752 0.810226
vt 0.895226 0.810690
vt 0.822109 0.029273
vt 0.777500 0.029273
vt 0.809087 0.021633
vt 0.694710 0.109636
vt 0.727735 0.092028
vt 0.745162 0.109456
vt 0.053023 0.274386
vt 0.065571 0.262498
vt 0.087982 0.275437
vt 0.141022 0.439104
vt 0.372553 0.963210
vt 0.372785 0.949922
vt 0.387114 0.941831
vt 0.820916 0.341797
vt 0.808229 0.369005
vt 0.816825 0.328593
vt 0.831081 0.942344
vt 0.846654 0.948013
vt 0.817076 0.947577
vt 0.935013 0.500617
vt 0.942640 0.472918
vt 0.946677 0.500210
vt 0.595098 0.406010
vt 0.973922 0.011468
vt 0.966417 0.034564
vt 0.957062 0.008999
vt 0.049839 0.968743
vt 0.043924 0.980351
vt 0.028967 0.975332
vt 0.962197 0.478862
vt 0.124398 0.318295
vt 0.291010 0.512179
vt 0.759524 0.093477
vt 0.202835 0.836511
vt 0.205018 0.811556
vt 0.236179 0.833779
vt 0.149222 0.448157
vt 0.459403 0.565923
vt 0.455213 0.595421
vt 0.437494 0.585502
vt 0.960276 0.836582
vt 0.961242 0.850392
vt 0.944779 0.858964
vt 0.288243 0.520107
vt 0.399416 0.334262
vt 0.410582 0.344552
vt 0.934772 0.504479
vt 0.914974 0.526597
vt 0.915939 0.502833
vt 0.949375 0.555463
vt 0.946856 0.541181
vt 0.948557 0.525791
vt 0.956774 0.226837
vt 0.947777 0.251555
vt 0.946799 0.222747
vt 0.052562 0.497618
vt 0.052562 0.460287
vt 0.073174 0.497179
vt 0.275372 0.902510
vt 0.235642 0.902510
vt 0.258695 0.896315
vt 0.093792 0.475011
vt 0.606068 0.443259
vt 0.084210 0.976683
vt 0.102770 0.976683
vt 0.094150 0.990523
vt 0.042984 0.343514
vt 0.036801 0.334682
vt 0.041834 0.305532
vt 0.209882 0.579499
vt 0.521154 0.201321
vt 0.034100 0.614785
vt 0.027106 0.620653
vt 0.004079 0.614876
vt 0.559965 0.159103
vt 0.077602 0.689192
vt 0.083100 0.712800
vt 0.069064 0.738121
vt 0.850014 0.203169
vt 0.828376 0.200655
vt 0.845002 0.177236
vt 0.933879 0.525558
vt 0.268460 0.899162
vt 0.279374 0.896237
vt 0.308143 0.897240
vt 0.145319 0.337913
vt 0.152538 0.360671
vt 0.207082 0.647918
vt 0.376784 0.394952
vt 0.630468 0.092769
vt 0.623641 0.087041
vt 0.656774 0.082409
vt 0.311694 0.549170
vt 0.285496 0.552006
vt 0.837482 0.998421
vt 0.825268 0.998421
vt 0.833675 0.987874
vt 0.864848 0.416104
vt 0.520075 0.048779
vt 0.506723 0.045201
vt 0.556419 0.045370
vt 0.475770 0.552775
vt 0.473171 0.580581
vt 0.659748 0.096364
vt 0.517873 0.448501
vt 0.334442 0.814066
vt 0.347525 0.818827
vt 0.278026 0.815021
vt 0.642860 0.162639
vt 0.439295 0.652035
vt 0.315074 0.949836
vt 0.298712 0.954374
vt 0.305734 0.941999
vt 0.647573 0.170927
vt 0.226727 0.932310
vt 0.228315 0.919379
vt 0.257854 0.919814
vt 0.030252 0.834462
vt 0.030252 0.845675
vt 0.013800 0.834169
vt 0.985571 0.039893
vt 0.965481 0.039893
vt 0.981382 0.022760
vt 0.057126 0.148984
vt 0.043217 0.162893
vt 0.044590 0.125898
vt 0.086802 0.075533
vt 0.130526 0.089740
vt 0.097777 0.126131
vt 0.887120 0.639061
vt 0.849800 0.638457
vt 0.851638 0.626853
vt 0.102742 0.722745
vt 0.094568 0.782264
vt 0.141849 0.782264
vt 0.121882 0.795318
vt 0.984585 0.268663
vt 0.964509 0.268663
vt 0.975899 0.261439
vt 0.157941 0.685851
vt 0.137702 0.690153
vt 0.144956 0.665383
vt 0.560549 0.940076
vt 0.584492 0.912435
vt 0.578694 0.940076
vt 0.950583 0.535784
vt 0.950583 0.506311
vt 0.961312 0.511593
vt 0.856665 0.446639
vt 0.567220 0.888975
vt 0.575550 0.920063
vt 0.566398 0.924045
vt 0.412418 0.406092
vt 0.965562 0.093803
vt 0.977202 0.076847
vt 0.982166 0.095256
vt 0.640659 0.913085
vt 0.639796 0.931509
vt 0.622480 0.937135
vt 0.972585 0.379636
vt 0.960846 0.386972
vt 0.968376 0.363884
vt 0.822121 0.195942
vt 0.038005 0.696068
vt 0.049435 0.731245
vt 0.037692 0.730885
vt 0.467326 0.956994
vt 0.485944 0.970521
vt 0.459724 0.974479
vt 0.959468 0.127124
vt 0.973489 0.107825
vt 0.974943 0.122486
vt 0.900567 0.592461
vt 0.887499 0.918498
vt 0.907810 0.911899
vt 0.892027 0.930000
vt 0.093331 0.263542
vt 0.020731 0.097803
vt 0.022980 0.072104
vt 0.040453 0.092433
vt 0.610443 0.922377
vt 0.982285 0.149449
vt 0.961914 0.156068
vt 0.968588 0.141044
vt 0.959398 0.508972
vt 0.591678 0.940722
vt 0.722813 0.317172
vt 0.731460 0.311512
vt 0.720696 0.328942
vt 0.502854 0.203122
vt 0.129324 0.309893
vt 0.040093 0.819743
vt 0.011302 0.829098
vt 0.014610 0.793516
vt 0.762326 0.065023
vt 0.780816 0.047166
vt 0.799862 0.093933
vt 0.451468 0.931091
vt 0.458077 0.951434
vt 0.425917 0.945836
vt 0.062960 0.895604
vt 0.060165 0.853784
vt 0.074204 0.888303
vt 0.183695 0.975526
vt 0.174949 0.965103
vt 0.184326 0.952521
vt 0.066219 0.944585
vt 0.080279 0.949260
vt 0.065217 0.963341
vt 0.910660 0.263951
vt 0.909650 0.231561
vt 0.915715 0.245087
vt 0.058304 0.891900
vt 0.875953 0.414190
vt 0.927918 0.081203
vt 0.878250 0.081203
vt 0.924824 0.060745
vt 0.060771 0.046306
vt 0.067438 0.015771
vt 0.099352 0.024323
vt 0.573920 0.149148
vt 0.170810 0.817600
vt 0.202603 0.832425
vt 0.146883 0.832067
vt 0.823181 0.210907
vt 0.038503 0.062256
vt 0.652722 0.108796
vt 0.965460 0.074103
vt 0.131589 0.833315
vt 0.131589 0.883767
vt 0.113149 0.878557
vt 0.528789 0.211900
vt 0.446682 0.839088
vt 0.441865 0.860571
vt 0.416153 0.862820
vt 0.789131 0.927655
vt 0.820267 0.927655
vt 0.798843 0.941655
vt 0.077555 0.965556
vt 0.881443 0.085704
vt 0.876835 0.096992
vt 0.859052 0.086726
vt 0.076924 0.422537
vt 0.082988 0.419036
vt 0.083134 0.463980
vt 0.980472 0.346168
vt 0.993118 0.350277
vt 0.980450 0.364551
vt 0.102907 0.859747
vt 0.086828 0.870029
vt 0.088136 0.855231
vt 0.963613 0.880917
vt 0.940342 0.881205
vt 0.954914 0.868943
vt 0.009274 0.053191
vt 0.001186 0.059067
vt 0.000026 0.049107
vt 0.881572 0.454205
vt 0.649831 0.626458
vt 0.614897 0.639047
vt 0.566867 0.639047
vt 0.588584 0.623802
vt 0.568642 0.142657
vt 0.715395 0.922200
vt 0.706178 0.935363
vt 0.682060 0.922352
vt 0.983589 0.336496
vt 0.991575 0.330904
vt 0.999279 0.336742
vt 0.919487 0.216950
vt 0.927895 0.264269
vt 0.286982 0.941367
vt 0.007226 0.289930
vt 0.007226 0.299399
vt 0.000605 0.297420
vt 0.963736 0.745675
vt 0.963736 0.772191
vt 0.946200 0.765055
vt 0.564851 0.186689
vt 0.814168 0.210050
vt 0.310321 0.723218
vt 0.427942 0.600431
vt 0.819427 0.378271
vt 0.305381 0.566010
vt 0.262322 0.573662
vt 0.259736 0.536686
vt 0.495636 0.158545
vt 0.516781 0.173351
vt 0.454654 0.175091
vt 0.859728 0.045664
vt 0.881612 0.050509
vt 0.869467 0.059573
vt 0.073332 0.910824
vt 0.036311 0.910824
vt 0.040067 0.872338
vt 0.227714 0.032372
vt 0.273510 0.032372
vt 0.265883 0.043497
vt 0.102993 0.558675
vt 0.104738 0.606279
vt 0.094479 0.562645
vt 0.385428 0.840606
vt 0.930748 0.145882
vt 0.919335 0.187772
vt 0.911090 0.146569
vt 0.668488 0.025412
vt 0.651205 0.014236
vt 0.664501 0.014458
vt 0.946017 0.894136
vt 0.892946 0.895553
vt 0.936305 0.880267
vt 0.801562 0.394101
vt 0.622208 0.087236
vt 0.644506 0.109533
vt 0.580164 0.106560
vt 0.989861 0.383670
vt 0.971806 0.370554
vt 0.990505 0.365237
vt 0.982154 0.586159
vt 0.975950 0.605253
vt 0.967430 0.585643
vt 0.835367 0.891087
vt 0.798603 0.903033
vt 0.796057 0.888940
vt 0.087343 0.262327
vt 0.101477 0.218828
vt 0.106979 0.260371
vt 0.023890 0.867251
vt 0.999369 0.419750
vt 0.989373 0.419750
vt 0.994028 0.414807
vt 0.979123 0.387088
vt 0.177550 0.647484
vt 0.177285 0.606730
vt 0.186725 0.586485
vt 0.354415 0.940515
vt 0.363503 0.956293
vt 0.355440 0.963058
vt 0.666119 0.982861
vt 0.660821 0.972462
vt 0.672512 0.963297
vt 0.820620 0.153384
vt 0.840498 0.156185
vt 0.212350 0.903521
vt 0.172378 0.903521
vt 0.210524 0.897262
vt 0.944980 0.093335
vt 0.931548 0.055915
vt 0.944019 0.052339
vt 0.905960 0.880553
vt 0.593277 0.461506
vt 0.943938 0.203947
vt 0.926626 0.164910
vt 0.944152 0.160214
vt 0.259065 0.071691
vt 0.289422 0.069151
vt 0.276133 0.079649
vt 0.445433 0.006069
vt 0.456671 0.012558
vt 0.446999 0.046794
vt 0.204472 0.631177
vt 0.013728 0.182668
vt 0.026409 0.176755
vt 0.025926 0.209442
vt 0.603522 0.959261
vt 0.592375 0.967067
vt 0.580031 0.958533
vt 0.457225 0.155795
vt 0.339661 0.953003
vt 0.339931 0.943560
vt 0.601404 0.209905
vt 0.055018 0.855737
vt 0.078869 0.940954
vt 0.706134 0.013953
vt 0.665379 0.013953
vt 0.687938 0.006116
vt 0.638505 0.867714
vt 0.638505 0.822936
vt 0.696297 0.843910
vt 0.609564 0.344549
vt 0.255054 0.631694
vt 0.249195 0.565297
vt 0.025875 0.922768
vt 0.021109 0.903653
vt 0.049375 0.923073
vt 0.140610 0.973900
vt 0.147872 0.951548
vt 0.156145 0.976010
vt 0.022384 0.041879
vt 0.012858 0.021450
vt 0.021944 0.010005
vt 0.935267 0.554656
vt 0.914129 0.557862
vt 0.435236 0.402793
vt 0.960031 0.123813
vt 0.960343 0.105938
vt 0.973890 0.104283
vt 0.878889 0.178578
vt 0.865955 0.124396
vt 0.872869 0.129549
vt 0.924053 0.921672
vt 0.026041 0.520063
vt 0.038570 0.534995
vt 0.027203 0.554338
vt 0.991895 0.603156
vt 0.999295 0.603156
vt 0.998675 0.609766
vt 0.992709 0.922930
vt 0.999473 0.922338
vt 0.992695 0.930330
vt 0.197400 0.999886
vt 0.190453 0.990324
vt 0.202107 0.991690
vt 0.935767 0.967812
vt 0.935767 0.986177
vt 0.928648 0.979960
vt 0.101501 0.504323
vt 0.103766 0.478441
vt 0.105058 0.526454
vt 0.879324 0.961343
vt 0.902369 0.961343
vt 0.887476 0.972088
vt 0.374484 0.054882
vt 0.423362 0.054882
vt 0.379875 0.061613
vt 0.039778 0.576524
vt 0.039778 0.538014
vt 0.047839 0.548888
vt 0.363923 0.990369
vt 0.367000 0.999841
vt 0.354487 0.996576
vt 0.231452 0.984206
vt 0.221913 0.988653
vt 0.212014 0.983936
vt 0.000210 0.298625
vt 0.007132 0.300874
vt 0.001680 0.305878
vt 0.999245 0.929245
vt 0.727388 0.943950
vt 0.712718 0.948886
vt 0.722296 0.938306
vt 0.723596 0.930179
vt 0.731880 0.920913
vt 0.929786 0.045676
vt 0.275364 0.990760
vt 0.272700 0.998961
vt 0.261102 0.992053
vt 0.990552 0.459947
vt 0.986953 0.446514
vt 0.998362 0.460485
vt 0.565473 0.960087
vt 0.566143 0.940914
vt 0.574517 0.963148
vt 0.742984 0.943167
vt 0.733060 0.930824
vt 0.320962 0.942291
vt 0.335735 0.941389
vt 0.328379 0.952884
vt 0.272427 0.248991
vt 0.235649 0.254989
vt 0.262072 0.243012
vt 0.007136 0.969291
vt 0.026294 0.968287
vt 0.006011 0.976402
vt 0.015987 0.899701
vt 0.015987 0.930940
vt 0.009955 0.907359
vt 0.165803 0.975620
vt 0.816264 0.223513
vt 0.828472 0.050858
vt 0.049944 0.806097
vt 0.049079 0.766590
vt 0.069375 0.772442
vt 0.971574 0.582150
vt 0.962921 0.586185
vt 0.962836 0.562127
vt 0.092394 0.955058
vt 0.963721 0.893110
vt 0.665169 0.012994
vt 0.652501 0.008877
vt 0.655370 0.003648
vt 0.509107 0.574273
vt 0.046313 0.125234
vt 0.031294 0.116210
vt 0.057043 0.117819
vt 0.163108 0.351955
vt 0.176588 0.344173
vt 0.174966 0.403258
vt 0.934522 0.147986
vt 0.828195 0.216053
vt 0.908750 0.055293
vt 0.620590 0.363573
vt 0.087766 0.688426
vt 0.108721 0.704039
vt 0.090731 0.707149
vt 0.997971 0.447826
vt 0.023276 0.702237
vt 0.009368 0.697175
vt 0.034685 0.697933
vt 0.935965 0.490848
vt 0.935965 0.429368
vt 0.939219 0.451383
vt 0.833072 0.086585
vt 0.148815 0.092397
vt 0.175610 0.088253
vt 0.151491 0.110599
vt 0.093194 0.035279
vt 0.132682 0.032322
vt 0.142244 0.047047
vt 0.240940 0.011318
vt 0.283778 0.011318
vt 0.273267 0.030777
vt 0.266572 0.813789
vt 0.066582 0.800623
vt 0.208295 0.042884
vt 0.162238 0.042884
vt 0.195783 0.035922
vt 0.139738 0.719835
vt 0.095437 0.606051
vt 0.681032 0.109466
vt 0.917477 0.056403
vt 0.518361 0.056546
vt 0.560909 0.045145
vt 0.568276 0.059603
vt 0.992660 0.613891
vt 0.999298 0.623028
vt 0.986996 0.630847
vt 0.786055 0.943070
vt 0.754816 0.943070
vt 0.781569 0.924676
vt 0.173436 0.117347
vt 0.295646 0.722423
vt 0.835089 0.099233
vt 0.064380 0.327740
vt 0.049668 0.302260
vt 0.063902 0.288510
vt 0.750035 0.268341
vt 0.700888 0.320215
vt 0.953020 0.903940
vt 0.740246 0.948846
vt 0.270732 0.174282
vt 0.264008 0.191905
vt 0.239854 0.177210
vt 0.264799 0.834649
vt 0.418643 0.008106
vt 0.429991 0.004419
vt 0.430599 0.012224
vt 0.977001 0.270370
vt 0.984762 0.281454
vt 0.976080 0.290081
vt 0.987253 0.636436
vt 0.992977 0.647202
vt 0.979672 0.639321
vt 0.087727 0.792635
vt 0.121368 0.796170
vt 0.123727 0.821169
vt 0.870361 0.469708
vt 0.876816 0.113592
vt 0.685343 0.084341
vt 0.059713 0.552694
vt 0.077775 0.553493
vt 0.073626 0.566264
vt 0.713118 0.938786
vt 0.259415 0.983557
vt 0.259415 0.989522
vt 0.239851 0.985716
vt 0.900287 0.185033
vt 0.032279 0.835609
vt 0.053786 0.859719
vt 0.028127 0.871684
vt 0.102648 0.655124
vt 0.059368 0.655241
vt 0.062889 0.642205
vt 0.307436 0.941900
vt 0.311664 0.077847
vt 0.398827 0.972584
vt 0.373567 0.972584
vt 0.385516 0.970148
vt 0.086230 0.664207
vt 0.289807 0.946739
vt 0.297075 0.955402
vt 0.290484 0.970050
vt 0.976675 0.652844
vt 0.044483 0.947316
vt 0.034890 0.941778
vt 0.063005 0.941412
vt 0.770995 0.088709
vt 0.809546 0.110966
vt 0.744542 0.111575
vt 0.687665 0.097371
vt 0.932814 0.212913
vt 0.783674 0.773448
vt 0.739302 0.801464
vt 0.735034 0.789252
vt 0.028126 0.096989
vt 0.043582 0.958245
vt 0.961361 0.359936
vt 0.979512 0.346748
vt 0.979901 0.367397
vt 0.294419 0.411437
vt 0.308617 0.407633
vt 0.294445 0.462581
vt 0.209248 0.043393
vt 0.217151 0.037860
vt 0.255265 0.041455
vt 0.962352 0.515976
vt 0.969611 0.531543
vt 0.962667 0.540314
vt 0.068341 0.464958
vt 0.066697 0.426711
vt 0.077209 0.431866
vt 0.609978 0.464688
vt 0.602922 0.482147
vt 0.221402 0.940820
vt 0.249964 0.940820
vt 0.246306 0.955410
vt 0.498594 0.588433
vt 0.106627 0.080747
vt 0.763773 0.923793
vt 0.230494 0.960596
vt 0.221293 0.971561
vt 0.221745 0.946697
vt 0.305427 0.986412
vt 0.315515 0.989115
vt 0.296330 0.988960
vt 0.890211 0.369493
vt 0.858688 0.391565
vt 0.883605 0.336318
vt 0.908106 0.201223
vt 0.922517 0.201635
vt 0.020216 0.297143
vt 0.031231 0.311190
vt 0.015873 0.309075
vt 0.819976 0.082362
vt 0.627374 0.344694
vt 0.056831 0.563388
vt 0.709870 0.022464
vt 0.736480 0.012778
vt 0.754154 0.021048
vt 0.052221 0.808628
vt 0.040779 0.843844
vt 0.041009 0.813468
vt 0.594335 0.143908
vt 0.599093 0.150134
vt 0.956029 0.103871
vt 0.963814 0.079912
vt 0.965165 0.104620
vt 0.821727 0.421284
vt 0.802537 0.045078
vt 0.162658 0.958734
vt 0.973988 0.484724
vt 0.985661 0.500790
vt 0.972734 0.504018
vt 0.335959 0.962769
vt 0.207933 0.609632
vt 0.787238 0.086173
vt 0.062873 0.955508
vt 0.847403 0.942485
vt 0.875064 0.942485
vt 0.847414 0.951788
vt 0.721672 0.796617
vt 0.102761 0.653816
vt 0.062193 0.640635
vt 0.099620 0.639380
vt 0.651533 0.327392
vt 0.907553 0.049063
vt 0.791609 0.783361
vt 0.977108 0.605795
vt 0.983036 0.587548
vt 0.989119 0.603692
vt 0.060774 0.018291
vt 0.803546 0.952523
vt 0.818187 0.957852
vt 0.790722 0.958881
vt 0.800918 0.431543
vt 0.986757 0.078200
vt 0.968211 0.072269
vt 0.982981 0.069350
vt 0.901872 0.445867
vt 0.893246 0.465279
vt 0.838595 0.647337
vt 0.838595 0.559711
vt 0.842267 0.585295
vt 0.106550 0.720287
vt 0.953199 0.593702
vt 0.966037 0.589531
vt 0.965938 0.616049
vt 0.152844 0.125850
vt 0.299623 0.479664
vt 0.314179 0.470602
vt 0.114346 0.894467
vt 0.297503 0.396496
vt 0.982994 0.265282
vt 0.988075 0.249647
vt 0.996448 0.262101
vt 0.065864 0.591702
vt 0.803912 0.176652
vt 0.969267 0.694013
vt 0.985259 0.682394
vt 0.985701 0.693572
vt 0.897308 0.119253
vt 0.985223 0.061791
vt 0.996058 0.420703
vt 0.995569 0.427703
vt 0.985341 0.428048
vt 0.145927 0.514175
vt 0.148127 0.557261
vt 0.137479 0.567190
vt 0.075632 0.497498
vt 0.093784 0.522482
vt 0.063715 0.506141
vt 0.901897 0.408398
vt 0.363706 0.155243
vt 0.425437 0.155243
vt 0.451272 0.158511
vt 0.987802 0.405544
vt 0.987802 0.390344
vt 0.997024 0.394402
vt 0.019490 0.703742
vt 0.009389 0.703742
vt 0.011109 0.699097
vt 0.041046 0.642115
vt 0.036454 0.654733
vt 0.036291 0.615947
vt 0.389471 0.011254
vt 0.392392 0.029699
vt 0.358954 0.006522
vt 0.952889 0.140208
vt 0.952889 0.168652
vt 0.946279 0.163624
vt 0.545960 0.632774
vt 0.479053 0.916654
vt 0.442142 0.916654
vt 0.464951 0.912519
vt 0.889314 0.542219
vt 0.006558 0.268425
vt 0.020348 0.258438
vt 0.015325 0.264883
vt 0.945510 0.895286
vt 0.934422 0.903050
vt 0.908626 0.896701
vt 0.962102 0.656790
vt 0.934618 0.656790
vt 0.938290 0.649622
vt 0.586296 0.883150
vt 0.530199 0.889562
vt 0.538266 0.883150
vt 0.546975 0.890223
vt 0.191861 0.137395
vt 0.090640 0.798885
vt 0.127666 0.825786
vt 0.103388 0.827155
vt 0.624219 0.024476
vt 0.428887 0.173071
vt 0.958079 0.227286
vt 0.959849 0.241700
vt 0.948129 0.254358
vt 0.316591 0.461907
vt 0.995541 0.125572
vt 0.983274 0.127078
vt 0.981943 0.121086
vt 0.997817 0.278726
vt 0.996366 0.283193
vt 0.990436 0.278746
vt 0.035122 0.005029
vt 0.024553 0.037555
vt 0.024105 0.009359
vt 0.649732 0.045178
vt 0.700244 0.045178
vt 0.689617 0.053206
vt 0.836607 0.960427
vt 0.859917 0.960427
vt 0.851025 0.973983
vt 0.986136 0.839546
vt 0.990980 0.853616
vt 0.978184 0.845130
vt 0.985764 0.866761
vt 0.965778 0.866761
vt 0.979928 0.847875
vt 0.885999 0.546303
vt 0.678075 0.979604
vt 0.696374 0.979604
vt 0.691396 0.988580
vt 0.794447 0.796690
vt 0.791441 0.820013
vt 0.073699 0.420015
vt 0.067605 0.072501
vt 0.070430 0.049493
vt 0.082664 0.090987
vt 0.901961 0.442964
vt 0.620998 0.334495
vt 0.034116 0.384006
vt 0.021926 0.410147
vt 0.021195 0.375952
vt 0.915799 0.003061
vt 0.900284 0.007218
vt 0.894773 0.003505
vt 0.869432 0.546738
vt 0.633803 0.947952
vt 0.604083 0.947952
vt 0.607365 0.926253
vt 0.699811 0.978878
vt 0.678555 0.978878
vt 0.686077 0.956511
vt 0.722534 0.919213
vt 0.730721 0.894015
vt 0.725947 0.924878
vt 0.094385 0.535787
vt 0.789545 0.155373
vt 0.893040 0.200178
vt 0.462029 0.966705
vt 0.452176 0.972394
vt 0.436649 0.965932
vt 0.901543 0.112660
vt 0.967939 0.067803
vt 0.974467 0.047714
vt 0.980666 0.063292
vt 0.099501 0.895626
vt 0.363980 0.583576
vt 0.361350 0.586066
vt 0.355597 0.570706
vt 0.302543 0.393119
vt 0.322572 0.397426
vt 0.015756 0.327600
vt 0.239384 0.957031
vt 0.246177 0.977936
vt 0.240048 0.978847
vt 0.979320 0.713152
vt 0.966958 0.696138
vt 0.982136 0.695071
vt 0.457105 0.971724
vt 0.457105 0.989607
vt 0.451853 0.973605
vt 0.226400 0.002782
vt 0.216087 0.002782
vt 0.218973 0.000155
vt 0.626749 0.516215
vt 0.525387 0.992085
vt 0.525387 0.974141
vt 0.531881 0.976544
vt 0.621919 0.495795
vt 0.980063 0.821714
vt 0.980063 0.801389
vt 0.984695 0.817433
vt 0.018921 0.274369
vt 0.402164 0.610829
vt 0.861664 0.319644
vt 0.003925 0.192806
vt 0.004244 0.174553
vt 0.019080 0.172833
vt 0.882668 0.998010
vt 0.888000 0.994583
vt 0.896089 0.998355
vt 0.730466 0.816567
vt 0.534858 0.598613
vt 0.387099 0.944391
vt 0.383890 0.960898
vt 0.372568 0.965545
vt 0.991958 0.844024
vt 0.123688 0.715811
vt 0.998869 0.980656
vt 0.986447 0.989681
vt 0.986886 0.979972
vt 0.122438 0.656558
vt 0.118523 0.684719
vt 0.104350 0.661404
vt 0.659688 0.949720
vt 0.672521 0.950780
vt 0.671346 0.961959
vt 0.927402 0.941149
vt 0.896386 0.941149
vt 0.905026 0.934035
vt 0.990432 0.832630
vt 0.320830 0.380836
vt 0.761342 0.157625
vt 0.331275 0.408161
vt 0.658705 0.961173
vt 0.718296 0.332770
vt 0.457137 0.431586
vt 0.750816 0.383642
vt 0.047887 0.547126
vt 0.044624 0.528618
vt 0.046453 0.508674
vt 0.729926 0.920796
vt 0.348218 0.588046
vt 0.740816 0.821266
vt 0.547204 0.955590
vt 0.547204 0.977841
vt 0.540901 0.971393
vt 0.083355 0.544850
vt 0.069062 0.525177
vt 0.094423 0.547682
vt 0.027706 0.244476
vt 0.843919 0.020628
vt 0.875998 0.012479
vt 0.882220 0.023255
vt 0.352951 0.542703
vt 0.337924 0.530867
vt 0.341810 0.523287
vt 0.008280 0.088909
vt 0.000041 0.088909
vt 0.007495 0.083386
vt 0.801088 0.813984
vt 0.991807 0.063065
vt 0.991807 0.058325
vt 0.997914 0.061487
vt 0.146918 0.301035
vt 0.150098 0.308046
vt 0.129220 0.305830
vt 0.975165 0.289361
vt 0.965380 0.291086
vt 0.975883 0.271119
vt 0.007133 0.068383
vt 0.000209 0.068383
vt 0.001077 0.062797
vt 0.955322 0.180351
vt 0.959315 0.191322
vt 0.955027 0.208782
vt 0.595065 0.982016
vt 0.596097 0.993808
vt 0.585988 0.977642
vt 0.008719 0.840922
vt 0.008719 0.866861
vt 0.003518 0.865531
vt 0.095274 0.668480
vt 0.104418 0.676562
vt 0.891476 0.985982
vt 0.894504 0.993238
vt 0.053602 0.652361
vt 0.055901 0.666877
vt 0.038389 0.652075
vt 0.852547 0.956566
vt 0.864369 0.959733
vt 0.837051 0.959503
vt 0.101003 0.326922
vt 0.101962 0.311595
vt 0.118787 0.325631
vt 0.009754 0.691492
vt 0.000035 0.691492
vt 0.008181 0.680999
vt 0.966027 0.269854
vt 0.060951 0.003620
vt 0.661168 0.970495
vt 0.067347 0.662898
vt 0.009839 0.873290
vt 0.016104 0.890504
vt 0.010486 0.904977
vt 0.340920 0.602458
vt 0.586090 0.994458
vt 0.027941 0.941143
vt 0.038182 0.931593
vt 0.057228 0.932631
vt 0.767020 0.003975
vt 0.776225 0.010663
vt 0.765625 0.010709
vt 0.323533 0.097147
vt 0.289447 0.099840
vt 0.309839 0.090762
vt 0.100267 0.019501
vt 0.973981 0.956786
vt 0.968623 0.971505
vt 0.967772 0.949200
vt 0.999426 0.337742
vt 0.999426 0.350951
vt 0.988827 0.346895
vt 0.170660 0.985311
vt 0.167337 0.992437
vt 0.167079 0.981621
vt 0.757955 0.999770
vt 0.753059 0.996943
vt 0.757274 0.988972
vt 0.582969 0.003746
vt 0.603521 0.003625
vt 0.587903 0.014326
vt 0.994675 0.350502
vt 0.998395 0.361951
vt 0.983005 0.364623
vt 0.047158 0.993471
vt 0.055532 0.988536
vt 0.059941 0.994386
vt 0.858914 0.980151
vt 0.854742 0.991613
vt 0.855021 0.975592
vt 0.036235 0.675837
vt 0.036128 0.330365
vt 0.621929 0.013155
vt 0.604209 0.013155
vt 0.607625 0.005934
vt 0.649554 0.964454
vt 0.982458 0.652174
vt 0.994646 0.648213
vt 0.996006 0.662604
vt 0.977467 0.224100
vt 0.960369 0.224100
vt 0.968396 0.220834
vt 0.022032 0.754661
vt 0.038109 0.732617
vt 0.037276 0.750576
vt 0.035092 0.332687
vt 0.009940 0.332687
vt 0.015594 0.328595
vt 0.001063 0.404919
vt 0.011663 0.404919
vt 0.006824 0.411038
vt 0.395346 0.023505
vt 0.395346 0.046979
vt 0.393200 0.029794
vt 0.982746 0.771658
vt 0.982746 0.793687
vt 0.963412 0.783612
vt 0.089702 0.533821
vt 0.064702 0.004047
vt 0.107104 0.004047
vt 0.092889 0.010148
vt 0.000235 0.199483
vt 0.000235 0.187692
vt 0.002701 0.192205
vt 0.000000 0.000000
vt 0.332111 0.468467
vt 0.315831 0.470898
vt 0.009584 0.128693
vt 0.000695 0.131581
vt 0.002047 0.120988
vt 0.329016 0.998358
vt 0.317234 0.998811
vt 0.319089 0.991886
vt 0.258307 0.098838
vt 0.256007 0.088046
vt 0.164953 0.563488
vt 0.739440 0.951233
vt 0.715187 0.960149
vt 0.730377 0.944404
vt 0.013775 0.746645
vt 0.014794 0.723464
vt 0.133354 0.290341
vt 0.707476 0.985567
vt 0.703391 0.979908
vt 0.708259 0.966533
vt 0.712346 0.950625
vt 0.289156 0.959556
vt 0.268426 0.960643
vt 0.283199 0.941462
vt 0.103939 0.695449
vt 0.943727 0.648922
vt 0.953402 0.640482
vt 0.948901 0.650308
vt 0.946793 0.165550
vt 0.953354 0.179620
vt 0.947791 0.194215
vt 0.943836 0.715673
vt 0.953863 0.715673
vt 0.945041 0.742966
vt 0.290569 0.988843
vt 0.281013 0.990222
vt 0.069440 0.513992
vt 0.982625 0.745748
vt 0.969584 0.744607
vt 0.982404 0.735108
vt 0.286115 0.993763
vt 0.320048 0.086161
vt 0.969407 0.724639
vt 0.024131 0.721110
vt 0.630955 0.992717
vt 0.641980 0.992717
vt 0.642173 0.998961
vt 0.000123 0.505672
vt 0.006241 0.501226
vt 0.005664 0.511989
vt 0.330833 0.987484
vt 0.094541 0.691672
vt 0.598733 0.016444
vt 0.614501 0.958206
vt 0.629969 0.952576
vt 0.611504 0.975088
vt 0.005072 0.034223
vt 0.011080 0.027063
vt 0.011064 0.039506
vt 0.886776 0.012477
vt 0.716559 0.980525
vt 0.716559 0.994022
vt 0.712711 0.986573
vt 0.062064 0.989096
vt 0.946764 0.305413
vt 0.946764 0.276574
vt 0.958767 0.298835
vt 0.056059 0.692027
vt 0.111832 0.299773
vt 0.260036 0.957364
vt 0.046111 0.983587
vt 0.981205 0.446493
vt 0.969656 0.451218
vt 0.966971 0.446568
vt 0.703462 0.965975
vt 0.810977 0.998441
vt 0.809766 0.990791
vt 0.818722 0.997496
vt 0.069003 0.676129
vt 0.008223 0.354197
vt 0.000098 0.354197
vt 0.002751 0.346244
vt 0.989388 0.765887
vt 0.994410 0.761673
vt 0.998865 0.765982
vt 0.054594 0.871303
vt 0.947480 0.797205
vt 0.940430 0.812323
vt 0.941312 0.784838
vt 0.119715 0.283420
vt 0.958606 0.638918
vt 0.962294 0.655748
vt 0.108927 0.701865
vt 0.125306 0.573441
vt 0.947482 0.110840
vt 0.953334 0.132926
vt 0.946205 0.138908
vt 0.991862 0.045127
vt 0.998838 0.049776
vt 0.992220 0.057663
vt 0.324391 0.007007
vt 0.329214 0.007260
vt 0.323258 0.024319
vt 0.123766 0.703697
vt 0.824243 0.006345
vt 0.813055 0.006221
vt 0.818895 0.000997
vt 0.631276 0.975960
vt 0.953942 0.139282
vt 0.103557 0.301049
vt 0.110012 0.279049
vt 0.485810 0.047377
vt 0.490477 0.052938
vt 0.470527 0.061127
vt 0.961037 0.451696
vt 0.280649 0.997941
vt 0.579754 0.972127
vt 0.585348 0.989346
vt 0.564431 0.984490
vt 0.022919 0.044985
vt 0.011845 0.058183
vt 0.011834 0.026007
vt 0.586189 0.622607
vt 0.524792 0.617236
vt 0.630862 0.617322
vt 0.577555 0.991652
vt 0.173069 0.900925
vt 0.158127 0.896921
vt 0.198211 0.898184
vt 0.961135 0.446614
vt 0.360141 0.377601
vt 0.378364 0.399319
vt 0.331866 0.359896
vt 0.822020 0.929254
vt 0.837774 0.936600
vt 0.807356 0.937608
vt 0.031886 0.134480
vt 0.043493 0.127778
vt 0.041182 0.163460
vt 0.223615 0.259147
vt 0.228505 0.271733
vt 0.222792 0.337035
vt 0.943756 0.314096
vt 0.946063 0.340466
vt 0.939268 0.310910
vt 0.813287 0.001143
vt 0.228202 0.324732
vt 0.998464 0.057489
vt 0.806839 0.248009
vt 0.824242 0.263682
vt 0.798313 0.308591
vt 0.937441 0.373378
vt 0.822659 0.323973
vt 0.798951 0.337907
vt 0.888827 0.017699
vt 0.984939 0.539897
vt 0.997929 0.539897
vt 0.993668 0.555551
vt 0.350930 0.903199
vt 0.386662 0.904545
vt 0.364104 0.910805
vt 0.367624 0.407400
vt 0.824682 0.421914
vt 0.847226 0.351285
vt 0.845708 0.400887
vt 0.820909 0.360851
vt 0.839981 0.338512
vt 0.840388 0.411444
vt 0.968902 0.813112
vt 0.973340 0.825306
vt 0.969742 0.837891
vt 0.827817 0.333838
vt 0.337543 0.451036
vt 0.241724 0.990823
vt 0.247942 0.999381
vt 0.234681 0.999877
vt 0.000626 0.440391
vt 0.000626 0.428919
vt 0.002801 0.433899
vt 0.474503 0.582134
vt 0.560315 0.644480
vt 0.437727 0.645962
vt 0.333413 0.463892
vt 0.165857 0.999967
vt 0.160021 0.999967
vt 0.166260 0.987796
vt 0.952720 0.533679
vt 0.956727 0.529672
vt 0.954680 0.558924
vt 0.003522 0.328510
vt 0.012631 0.328510
vt 0.008672 0.332283
vt 0.322003 0.030140
vt 0.315507 0.013750
vt 0.322328 0.011267
vt 0.350489 0.913769
vt 0.985092 0.314545
vt 0.973302 0.314545
vt 0.981659 0.305353
vt 0.358834 0.917652
vt 0.370369 0.917387
vt 0.739913 0.244971
vt 0.331104 0.760465
vt 0.331104 0.806464
vt 0.320318 0.756877
vt 0.735719 0.338485
vt 0.618395 0.529813
vt 0.687084 0.435272
vt 0.704169 0.541722
vt 0.014112 0.427383
vt 0.002530 0.431147
vt 0.003696 0.420053
vt 0.154836 0.998224
vt 0.376441 0.910065
vt 0.256028 0.100392
vt 0.323023 0.100392
vt 0.260769 0.107146
vt 0.849034 0.644593
vt 0.843085 0.556093
vt 0.849034 0.556464
vt 0.838922 0.326207
vt 0.830201 0.324154
vt 0.846473 0.263424
vt 0.986947 0.918126
vt 0.986947 0.899299
vt 0.990537 0.904544
vt 0.991656 0.367830
vt 0.995548 0.378524
vt 0.990747 0.381069
vt 0.843175 0.640307
vt 0.381637 0.763752
vt 0.392532 0.760479
vt 0.380898 0.806471
vt 0.848213 0.346953
vt 0.052503 0.539346
vt 0.052503 0.498344
vt 0.058119 0.505734
vt 0.991092 0.076490
vt 0.991092 0.095316
vt 0.987860 0.091616
vt 0.240483 0.010570
vt 0.247280 0.003135
vt 0.258258 0.006076
vt 0.493739 0.045089
vt 0.036501 0.659274
vt 0.020278 0.659274
vt 0.036131 0.655459
vt 0.260741 0.010423
vt 0.962247 0.629128
vt 0.641947 0.962400
vt 0.655560 0.969040
vt 0.638357 0.981310
vt 0.461323 0.016886
vt 0.505393 0.016886
vt 0.489243 0.024230
vt 0.140824 0.728031
vt 0.116885 0.778320
vt 0.115661 0.742558
vt 0.966447 0.538514
vt 0.978244 0.522277
vt 0.985095 0.543802
vt 0.743383 0.963305
vt 0.748546 0.982853
vt 0.736795 0.978825
vt 0.876144 0.941049
vt 0.877426 0.923855
vt 0.888516 0.925811
vt 0.980699 0.870712
vt 0.974269 0.870712
vt 0.977115 0.867418
vt 0.430746 0.237002
vt 0.545759 0.239148
vt 0.479598 0.277994
vt 0.411813 0.372732
vt 0.480502 0.467274
vt 0.419093 0.516156
vt 0.461351 0.291632
vt 0.982888 0.433535
vt 0.996625 0.433389
vt 0.993032 0.443263
vt 0.977516 0.294853
vt 0.978477 0.292273
vt 0.988387 0.278633
vt 0.992872 0.301396
vt 0.974884 0.295314
vt 0.971174 0.321916
vt 0.964195 0.316292
vt 0.979156 0.294392
vt 0.992944 0.304409
vt 0.984288 0.308643
vt 0.759534 0.969311
vt 0.632055 0.976510
vt 0.056774 0.207834
vt 0.043767 0.206006
vt 0.060869 0.193637
vt 0.208076 0.000095
vt 0.217279 0.000095
vt 0.212054 0.001863
vt 0.864946 0.932556
vt 0.896189 0.940035
vt 0.990113 0.443797
vt 0.970729 0.443797
vt 0.981197 0.433344
vt 0.541497 0.247152
vt 0.469944 0.291562
vt 0.636962 0.488458
vt 0.598192 0.412258
vt 0.618896 0.400304
vt 0.919805 0.420083
vt 0.917786 0.397010
vt 0.934392 0.436874
vt 0.997049 0.285870
vt 0.932510 0.371741
vt 0.263145 0.069887
vt 0.237639 0.067656
vt 0.290505 0.067825
vt 0.650462 0.422190
vt 0.630201 0.405340
vt 0.637261 0.404566
vt 0.492434 0.743131
vt 0.500609 0.725600
vt 0.509822 0.762408
vt 0.186893 0.304537
vt 0.186893 0.368493
vt 0.184130 0.356353
vt 0.918667 0.627520
vt 0.935256 0.628971
vt 0.913006 0.633860
vt 0.580582 0.110223
vt 0.635662 0.161593
vt 0.617128 0.162416
vt 0.655791 0.161699
vt 0.634495 0.117830
vt 0.657304 0.110543
vt 0.932029 0.692108
vt 0.466620 0.955117
vt 0.491285 0.955117
vt 0.490866 0.970483
vt 0.435357 0.759609
vt 0.536621 0.974348
vt 0.533473 0.962486
vt 0.544778 0.958593
vt 0.959037 0.300658
vt 0.994314 0.794291
vt 0.983490 0.790774
vt 0.997910 0.780354
vt 0.702915 0.995932
vt 0.702915 0.982531
vt 0.708245 0.988577
vt 0.439870 0.968490
vt 0.414266 0.968490
vt 0.422949 0.965921
vt 0.908960 0.989713
vt 0.908710 0.981898
vt 0.914099 0.982370
vt 0.204203 0.492396
vt 0.228983 0.477908
vt 0.216464 0.490234
vt 0.963095 0.453006
vt 0.963095 0.479936
vt 0.962015 0.472785
vt 0.944628 0.007669
vt 0.924752 0.004164
vt 0.945536 0.004078
vt 0.206537 0.415582
vt 0.254383 0.070205
vt 0.218550 0.080740
vt 0.231310 0.068187
vt 0.270417 0.573247
vt 0.298668 0.573247
vt 0.270295 0.670512
vt 0.320992 0.651737
vt 0.267623 0.671184
vt 0.256755 0.690007
vt 0.265441 0.609553
vt 0.271416 0.081104
vt 0.254159 0.636867
vt 0.787132 0.774006
vt 0.801134 0.764165
vt 0.794780 0.772380
vt 0.784744 0.927421
vt 0.792766 0.902731
vt 0.822696 0.923533
vt 0.553140 0.572492
vt 0.477829 0.552312
vt 0.587272 0.548899
vt 0.008745 0.731437
vt 0.003981 0.733171
vt 0.008574 0.724208
vt 0.091778 0.964278
vt 0.106100 0.965531
vt 0.079412 0.965727
vt 0.004102 0.704910
vt 0.505255 0.728037
vt 0.759147 0.979810
vt 0.943013 0.859809
vt 0.881755 0.858346
vt 0.911176 0.851279
vt 0.905843 0.828894
vt 0.895834 0.833561
vt 0.905480 0.819084
vt 0.642667 0.402936
vt 0.630389 0.397005
vt 0.550813 0.976893
vt 0.559956 0.973205
vt 0.559071 0.981854
vt 0.380848 0.644935
vt 0.319225 0.642519
vt 0.347247 0.639010
vt 0.044095 0.284999
vt 0.048832 0.302675
vt 0.043190 0.322931
vt 0.005410 0.534386
vt 0.000088 0.527060
vt 0.007254 0.523372
vt 0.931390 0.851983
vt 0.146291 0.453376
vt 0.148622 0.504529
vt 0.139239 0.472751
vt 0.143893 0.031603
vt 0.137956 0.031084
vt 0.144793 0.018603
vt 0.879548 0.921779
vt 0.862504 0.926346
vt 0.844877 0.921427
vt 0.658204 0.977868
vt 0.217570 0.062707
vt 0.270438 0.062707
vt 0.231573 0.067004
vt 0.713643 0.834951
vt 0.696583 0.837959
vt 0.712637 0.822171
vt 0.228400 0.002778
vt 0.225781 0.000159
vt 0.236285 0.000326
vt 0.983532 0.926396
vt 0.986120 0.921913
vt 0.985148 0.941523
vt 0.982678 0.974283
vt 0.977463 0.980685
vt 0.963336 0.980685
vt 0.139239 0.495501
vt 0.998023 0.441889
vt 0.994675 0.942149
vt 0.991737 0.933109
vt 0.999452 0.932055
vt 0.000206 0.036726
vt 0.009583 0.039773
vt 0.002590 0.048443
vt 0.496217 0.813576
vt 0.496805 0.820296
vt 0.426837 0.819445
vt 0.962501 0.974756
vt 0.946182 0.222180
vt 0.946182 0.193386
vt 0.952007 0.216327
vt 0.006656 0.282718
vt 0.006656 0.289152
vt 0.000686 0.282556
vt 0.422820 0.642764
vt 0.935220 0.627849
vt 0.919406 0.623579
vt 0.933302 0.616973
vt 0.445561 0.820447
vt 0.457337 0.821498
vt 0.449957 0.863351
vt 0.907223 0.202315
vt 0.909790 0.271008
vt 0.901237 0.215154
vt 0.675951 0.936518
vt 0.675951 0.954818
vt 0.674025 0.946567
vt 0.971547 0.996925
vt 0.964396 0.992796
vt 0.979804 0.993139
vt 0.548218 0.964793
vt 0.506960 0.821931
vt 0.506230 0.860463
vt 0.089939 0.425404
vt 0.112961 0.431958
vt 0.097401 0.430249
vt 0.994072 0.861263
vt 0.984948 0.854873
vt 0.999389 0.854841
vt 0.972942 0.484622
vt 0.970972 0.500664
vt 0.963916 0.479268
vt 0.889248 0.913316
vt 0.883918 0.920653
vt 0.858182 0.895793
vt 0.029286 0.610299
vt 0.006935 0.610299
vt 0.026533 0.593196
vt 0.270760 0.705265
vt 0.270760 0.674690
vt 0.287386 0.706211
vt 0.120914 0.674550
vt 0.127791 0.644759
vt 0.132111 0.692980
vt 0.129938 0.111874
vt 0.136013 0.099984
vt 0.148020 0.088737
vt 0.989914 0.193641
vt 0.990998 0.203951
vt 0.981102 0.190078
vt 0.992909 0.248411
vt 0.976254 0.248411
vt 0.992421 0.243023
vt 0.640530 0.397029
vt 0.829723 0.980754
vt 0.835984 0.961487
vt 0.853096 0.979824
vt 0.974894 0.956279
vt 0.971263 0.946303
vt 0.974736 0.932610
vt 0.897169 0.814714
vt 0.966823 0.329628
vt 0.975419 0.335648
vt 0.967340 0.352212
vt 0.945904 0.007697
vt 0.950833 0.003561
vt 0.965990 0.007473
vt 0.681578 0.891668
vt 0.678441 0.861824
vt 0.709557 0.887762
vt 0.043238 0.708009
vt 0.043086 0.682928
vt 0.050893 0.694749
vt 0.988926 0.106274
vt 0.992138 0.116161
vt 0.975556 0.121332
vt 0.973128 0.215820
vt 0.965948 0.212472
vt 0.983146 0.212654
vt 0.811868 0.777004
vt 0.974111 0.414804
vt 0.960058 0.419425
vt 0.964414 0.409863
vt 0.000203 0.654339
vt 0.004283 0.648723
vt 0.012523 0.655242
vt 0.186490 0.990268
vt 0.186490 0.997756
vt 0.171317 0.990421
vt 0.910051 0.971618
vt 0.986885 0.609885
vt 0.978001 0.606998
vt 0.988226 0.604995
vt 0.988476 0.478862
vt 0.994525 0.483938
vt 0.978064 0.483718
vt 0.993893 0.584711
vt 0.988965 0.580576
vt 0.998309 0.580243
vt 0.051159 0.181976
vt 0.393161 0.985617
vt 0.396385 0.975070
vt 0.401259 0.992135
vt 0.965879 0.867550
vt 0.975384 0.867550
vt 0.968092 0.870580
vt 0.692838 0.990085
vt 0.697740 0.979572
vt 0.697764 0.994975
vt 0.364090 0.704545
vt 0.320919 0.653065
vt 0.996864 0.290463
vt 0.996864 0.307187
vt 0.995305 0.303774
vt 0.346564 0.622707
vt 0.429780 0.143549
vt 0.446097 0.143549
vt 0.430051 0.152095
vt 0.979736 0.408280
vt 0.348803 0.622957
vt 0.404985 0.781202
vt 0.407722 0.775333
vt 0.478030 0.777721
vt 0.639889 0.384942
vt 0.092130 0.443311
vt 0.689601 0.990064
vt 0.687295 0.996071
vt 0.678485 0.981413
vt 0.124507 0.099605
vt 0.137100 0.083692
vt 0.075818 0.605345
vt 0.063601 0.619904
vt 0.051446 0.593289
vt 0.450455 0.920307
vt 0.458503 0.932700
vt 0.458496 0.949003
vt 0.310817 0.997381
vt 0.295688 0.989924
vt 0.310817 0.989893
vt 0.320145 0.807454
vt 0.895246 0.579564
vt 0.907389 0.584148
vt 0.878839 0.580129
vt 0.009342 0.939254
vt 0.009342 0.909452
vt 0.015621 0.939299
vt 0.528676 0.895669
vt 0.564914 0.917549
vt 0.528676 0.916454
vt 0.186628 0.959629
vt 0.190620 0.948687
vt 0.214356 0.942327
vt 0.933761 0.830738
vt 0.992424 0.939094
vt 0.986529 0.944989
vt 0.986832 0.926279
vt 0.658928 0.990168
vt 0.658928 0.972142
vt 0.666574 0.986343
vt 0.317021 0.001038
vt 0.317021 0.012178
vt 0.305593 0.004120
vt 0.188342 0.775396
vt 0.182468 0.798801
vt 0.175820 0.789302
vt 0.924643 0.020902
vt 0.930102 0.013106
vt 0.940736 0.049232
vt 0.847873 0.553648
vt 0.520173 0.060213
vt 0.518364 0.959745
vt 0.050281 0.710143
vt 0.190236 0.939049
vt 0.945545 0.023518
vt 0.945545 0.061162
vt 0.944323 0.046864
vt 0.566282 0.888618
vt 0.102352 0.033214
vt 0.295644 0.997228
vt 0.206635 0.015207
vt 0.218584 0.032272
vt 0.175445 0.031603
vt 0.171362 0.997984
vt 0.144957 0.664683
vt 0.152991 0.648915
vt 0.196698 0.648581
vt 0.681266 0.994306
vt 0.622251 0.821157
vt 0.583745 0.817788
vt 0.635758 0.813736
vt 0.063161 0.116226
vt 0.104240 0.129574
vt 0.064373 0.159354
vt 0.086745 0.448434
vt 0.118512 0.739845
vt 0.113663 0.726242
vt 0.136236 0.723470
vt 0.863067 0.187381
vt 0.863067 0.116094
vt 0.877510 0.182876
vt 0.071314 0.619788
vt 0.118632 0.472758
vt 0.025074 0.579128
vt 0.096477 0.364898
vt 0.122201 0.365781
vt 0.130151 0.390247
vt 0.911954 0.829843
vt 0.889541 0.860516
vt 0.944542 0.862430
vt 0.892959 0.873272
vt 0.809673 0.790476
vt 0.030747 0.245581
vt 0.029084 0.222204
vt 0.030747 0.231994
vt 0.045719 0.457678
vt 0.045719 0.425097
vt 0.047771 0.463303
vt 0.128853 0.440801
vt 0.112188 0.435386
vt 0.135486 0.391309
vt 0.124730 0.722046
vt 0.930401 0.569545
vt 0.915828 0.623933
vt 0.912477 0.558642
vt 0.932963 0.563047
vt 0.164863 0.787336
vt 0.163415 0.803889
vt 0.144759 0.783213
vt 0.613442 0.016687
vt 0.615068 0.031282
vt 0.570933 0.031282
vt 0.593016 0.820221
vt 0.522990 0.820221
vt 0.572307 0.817077
vt 0.160598 0.083724
vt 0.048431 0.006947
vt 0.045465 0.035170
vt 0.027927 0.036616
vt 0.875707 0.601426
vt 0.023245 0.133135
vt 0.023245 0.097898
vt 0.025703 0.108919
vt 0.513199 0.052838
vt 0.887676 0.470398
vt 0.881489 0.541119
vt 0.880312 0.468671
vt 0.657884 0.110275
vt 0.734187 0.110275
vt 0.662823 0.127611
vt 0.648175 0.002130
vt 0.651491 0.008638
vt 0.641216 0.005456
vt 0.287679 0.366530
vt 0.283911 0.269337
vt 0.323040 0.350041
vt 0.754314 0.943715
vt 0.782152 0.943715
vt 0.756832 0.958879
vt 0.099219 0.215858
vt 0.070517 0.215858
vt 0.093679 0.175636
vt 0.153431 0.805987
vt 0.741530 0.882734
vt 0.047271 0.246494
vt 0.041813 0.245532
vt 0.045117 0.208719
vt 0.161118 0.684903
vt 0.183329 0.672079
vt 0.183962 0.729291
vt 0.061960 0.172489
vt 0.171523 0.794508
vt 0.357641 0.669349
vt 0.561074 0.699203
vt 0.644017 0.726152
vt 0.590634 0.725553
vt 0.000499 0.686623
vt 0.000499 0.679016
vt 0.008311 0.679227
vt 0.893879 0.398767
vt 0.887934 0.330822
vt 0.895717 0.328105
vt 0.805507 0.135087
vt 0.733250 0.111609
vt 0.811048 0.115176
vt 0.119484 0.495979
vt 0.048272 0.720400
vt 0.230600 0.185673
vt 0.234892 0.188151
vt 0.232690 0.264155
vt 0.162787 0.204021
vt 0.162787 0.246415
vt 0.149294 0.194877
vt 0.143507 0.837933
vt 0.171111 0.087531
vt 0.688090 0.057258
vt 0.666951 0.058498
vt 0.672770 0.051682
vt 0.941730 0.008037
vt 0.316745 0.060629
vt 0.309870 0.048034
vt 0.317469 0.052354
vt 0.880554 0.814505
vt 0.065153 0.171808
vt 0.746050 0.432082
vt 0.747432 0.509260
vt 0.739918 0.502173
vt 0.126285 0.063848
vt 0.151235 0.646275
vt 0.419418 0.297424
vt 0.387261 0.293260
vt 0.408478 0.267121
vt 0.173753 0.817563
vt 0.862464 0.896370
vt 0.900630 0.896455
vt 0.887416 0.910776
vt 0.222429 0.919127
vt 0.192119 0.912776
vt 0.216178 0.913882
vt 0.999485 0.469831
vt 0.990726 0.469831
vt 0.994853 0.462622
vt 0.227852 0.912493
vt 0.899824 0.909745
vt 0.102102 0.392697
vt 0.108811 0.409943
vt 0.338086 0.990447
vt 0.332497 0.998430
vt 0.332806 0.983459
vt 0.819848 0.771365
vt 0.827369 0.789068
vt 0.666455 0.049677
vt 0.031121 0.209143
vt 0.180028 0.003514
vt 0.208407 0.003514
vt 0.167022 0.005296
vt 0.154202 0.078422
vt 0.165137 0.079798
vt 0.019903 0.356961
vt 0.019903 0.390469
vt 0.014360 0.377759
vt 0.492833 0.770082
vt 0.490939 0.777152
vt 0.419550 0.771635
vt 0.089473 0.275569
vt 0.098310 0.262949
vt 0.100183 0.308270
vt 0.906001 0.960754
vt 0.879609 0.960754
vt 0.893967 0.955056
vt 0.358266 0.048055
vt 0.723585 0.331929
vt 0.771275 0.364541
vt 0.759475 0.370416
vt 0.934288 0.437726
vt 0.934288 0.503537
vt 0.917890 0.494425
vt 0.162083 0.781093
vt 0.908870 0.960495
vt 0.908870 0.975384
vt 0.886039 0.974349
vt 0.844034 0.830813
vt 0.202088 0.828128
vt 0.492964 0.772598
vt 0.566263 0.772598
vt 0.495896 0.776594
vt 0.820147 0.810710
vt 0.826747 0.811288
vt 0.791508 0.821203
vt 0.779390 0.838385
vt 0.773396 0.821919
vt 0.831596 0.821945
vt 0.124650 0.693342
vt 0.317492 0.745845
vt 0.237085 0.744480
vt 0.284535 0.733850
vt 0.636654 0.815548
vt 0.636363 0.846352
vt 0.631298 0.824826
vt 0.818063 0.800691
vt 0.350255 0.987462
vt 0.339874 0.990635
vt 0.333543 0.981953
vt 0.641947 0.921769
vt 0.654053 0.915481
vt 0.677192 0.923903
vt 0.000533 0.315595
vt 0.010235 0.312443
vt 0.004354 0.324366
vt 0.850884 0.180639
vt 0.853962 0.192125
vt 0.852166 0.255484
vt 0.860472 0.121896
vt 0.860472 0.196753
vt 0.858079 0.159464
vt 0.215232 0.957251
vt 0.649979 0.334352
vt 0.161839 0.768403
vt 0.148932 0.734779
vt 0.172021 0.779491
vt 0.162299 0.780150
vt 0.861943 0.818674
vt 0.279238 0.035723
vt 0.801007 0.903684
vt 0.836781 0.892067
vt 0.816879 0.900019
vt 0.358926 0.963492
vt 0.370504 0.965534
vt 0.344132 0.965299
vt 0.682443 0.837673
vt 0.598273 0.743054
vt 0.603068 0.735257
vt 0.651862 0.773266
vt 0.373625 0.276437
vt 0.092029 0.171586
vt 0.936145 0.906756
vt 0.926397 0.920677
vt 0.900860 0.906537
vt 0.803448 0.522385
vt 0.817455 0.553044
vt 0.813825 0.567606
vt 0.849999 0.245579
vt 0.828372 0.326293
vt 0.827926 0.238563
vt 0.369424 0.078658
vt 0.358461 0.067695
vt 0.410995 0.070341
vt 0.318709 0.289532
vt 0.513930 0.151286
vt 0.113699 0.599508
vt 0.122839 0.597123
vt 0.139918 0.644046
vt 0.655422 0.821855
vt 0.092743 0.472785
vt 0.184077 0.740661
vt 0.243725 0.760041
vt 0.194936 0.815385
vt 0.995676 0.516327
vt 0.985673 0.514322
vt 0.981572 0.503053
vt 0.060906 0.205242
vt 0.062932 0.228404
vt 0.060912 0.248992
vt 0.413593 0.862272
vt 0.352926 0.862272
vt 0.401608 0.856768
vt 0.176520 0.080499
vt 0.844278 0.937701
vt 0.820376 0.926556
vt 0.852654 0.926224
vt 0.260922 0.047631
vt 0.309318 0.047631
vt 0.306814 0.058096
vt 0.757584 0.025927
vt 0.713292 0.025927
vt 0.755380 0.022041
vt 0.738128 0.821159
vt 0.667648 0.821159
vt 0.701389 0.817118
vt 0.060840 0.203499
vt 0.999305 0.102910
vt 0.995248 0.115396
vt 0.988458 0.103338
vt 0.157190 0.818352
vt 0.051567 0.632359
vt 0.574951 0.018616
vt 0.999009 0.172676
vt 0.988264 0.172676
vt 0.995802 0.159679
vt 0.983415 0.671491
vt 0.983415 0.654989
vt 0.993580 0.662922
vt 0.601049 0.766355
vt 0.006564 0.521557
vt 0.007018 0.502029
vt 0.010079 0.508439
vt 0.995912 0.499826
vt 0.000071 0.700213
vt 0.005525 0.692706
vt 0.008740 0.704259
vt 0.857260 0.003641
vt 0.882339 0.003641
vt 0.873892 0.007127
vt 0.913865 0.994920
vt 0.915032 0.981585
vt 0.931460 0.994666
vt 0.562778 0.786574
vt 0.488616 0.786574
vt 0.556175 0.773876
vt 0.136949 0.694713
vt 0.213831 0.003645
vt 0.225491 0.009082
vt 0.184200 0.008760
vt 0.866729 0.919346
vt 0.839585 0.900365
vt 0.841312 0.894342
vt 0.282513 0.988620
vt 0.278695 0.986416
vt 0.297908 0.987343
vt 0.008143 0.770215
vt 0.004230 0.778606
vt 0.003605 0.750518
vt 0.579721 0.881230
vt 0.637117 0.881230
vt 0.605718 0.885779
vt 0.577736 0.846143
vt 0.610202 0.845077
vt 0.792658 0.477870
vt 0.793727 0.459972
vt 0.821468 0.467405
vt 0.849972 0.626479
vt 0.858487 0.784729
vt 0.928843 0.981801
vt 0.711520 0.939601
vt 0.688310 0.932974
vt 0.679229 0.923236
vt 0.508907 0.075329
vt 0.456830 0.078158
vt 0.478219 0.072644
vt 0.176654 0.768876
vt 0.156807 0.598096
vt 0.177519 0.588438
vt 0.174719 0.645049
vt 0.562911 0.784996
vt 0.644572 0.788972
vt 0.013889 0.367454
vt 0.013889 0.333965
vt 0.016948 0.363948
vt 0.139079 0.778577
vt 0.532316 0.806914
vt 0.498463 0.803952
vt 0.570064 0.804325
vt 0.390746 0.810916
vt 0.842938 0.894323
vt 0.892255 0.894323
vt 0.872583 0.895691
vt 0.085817 0.285361
vt 0.533230 0.980664
vt 0.538233 0.974701
vt 0.537486 0.991525
vt 0.005723 0.616307
vt 0.005723 0.645073
vt 0.003577 0.627266
vt 0.822943 0.920146
vt 0.183423 0.777417
vt 0.932043 0.993156
vt 0.940162 0.981982
vt 0.945588 0.995992
vt 0.822644 0.998479
vt 0.811633 0.990479
vt 0.827133 0.989774
vt 0.140829 0.595308
vt 0.285914 0.937475
vt 0.319078 0.937475
vt 0.303685 0.940645
vt 0.163669 0.820389
vt 0.285267 0.707022
vt 0.269565 0.706385
vt 0.100924 0.013776
vt 0.809280 0.910674
vt 0.855261 0.248395
vt 0.285032 0.011277
vt 0.186030 0.585775
vt 0.202842 0.558833
vt 0.216783 0.560545
vt 0.960202 0.445605
vt 0.960202 0.474989
vt 0.952672 0.475100
vt 0.625240 0.838433
vt 0.196097 0.555194
vt 0.313052 0.839513
vt 0.309413 0.853096
vt 0.252293 0.839861
vt 0.750501 0.422354
vt 0.728540 0.509534
vt 0.738096 0.431838
vt 0.194639 0.481758
vt 0.205066 0.537998
vt 0.191952 0.547180
vt 0.806024 0.999970
vt 0.795053 0.999970
vt 0.805583 0.992199
vt 0.020946 0.076534
vt 0.019522 0.103705
vt 0.009891 0.104572
vt 0.996381 0.864701
vt 0.986733 0.865375
vt 0.983551 0.855623
vt 0.003923 0.813812
vt 0.007519 0.803931
vt 0.007825 0.831899
vt 0.675947 0.930160
vt 0.672534 0.948346
vt 0.666836 0.938656
vt 0.998988 0.680935
vt 0.998988 0.696451
vt 0.998076 0.689341
vt 0.307455 0.746595
vt 0.319459 0.756156
vt 0.306195 0.760992
vt 0.116381 0.233735
vt 0.111226 0.219571
vt 0.114781 0.181831
vt 0.036228 0.290399
vt 0.039152 0.306983
vt 0.036929 0.328299
vt 0.269728 0.733697
vt 0.513125 0.135339
vt 0.597007 0.135339
vt 0.532043 0.143662
vt 0.376152 0.344485
vt 0.358511 0.280689
vt 0.009864 0.490191
vt 0.792889 0.744973
vt 0.789641 0.761787
vt 0.743036 0.757709
vt 0.873816 0.952570
vt 0.901025 0.952570
vt 0.878369 0.957366
vt 0.705990 0.837162
vt 0.006552 0.570673
vt 0.006552 0.538480
vt 0.010580 0.556280
vt 0.100646 0.658062
vt 0.093181 0.669150
vt 0.090398 0.663538
vt 0.216096 0.493200
vt 0.217250 0.539969
vt 0.147540 0.253484
vt 0.038531 0.680375
vt 0.035835 0.695667
vt 0.025978 0.674396
vt 0.249291 0.803769
vt 0.317522 0.803769
vt 0.317523 0.811992
vt 0.111321 0.879974
vt 0.111321 0.830745
vt 0.127543 0.830905
vt 0.235644 0.336172
vt 0.235644 0.255605
vt 0.243553 0.255743
vt 0.242460 0.749916
vt 0.637901 0.057600
vt 0.387609 0.102167
vt 0.335858 0.087579
vt 0.342617 0.085792
vt 0.371856 0.282950
vt 0.861620 0.318070
vt 0.882873 0.252659
vt 0.878965 0.307616
vt 0.907823 0.979171
vt 0.907823 0.994887
vt 0.897366 0.994612
vt 0.328163 0.094918
vt 0.255950 0.400004
vt 0.255597 0.470951
vt 0.249278 0.476253
vt 0.921962 0.004010
vt 0.928907 0.007248
vt 0.908097 0.006258
vt 0.323554 0.839508
vt 0.384718 0.839508
vt 0.382748 0.853100
vt 0.662664 0.948728
vt 0.032097 0.662389
vt 0.018738 0.677406
vt 0.654990 0.908374
vt 0.667886 0.904780
vt 0.348137 0.821288
vt 0.348137 0.814542
vt 0.417893 0.821156
vt 0.110749 0.945427
vt 0.139769 0.945261
vt 0.120867 0.950145
vt 0.358525 0.510105
vt 0.447643 0.574853
vt 0.364423 0.582406
vt 0.835996 0.734231
vt 0.869905 0.754727
vt 0.835996 0.757241
vt 0.960206 0.190397
vt 0.954625 0.169568
vt 0.960177 0.162026
vt 0.134270 0.995744
vt 0.147668 0.995744
vt 0.143911 0.997893
vt 0.285782 0.960492
vt 0.285782 0.975387
vt 0.263410 0.971180
vt 0.946096 0.426052
vt 0.941311 0.436403
vt 0.935941 0.426941
vt 0.487680 0.903179
vt 0.472558 0.891784
vt 0.504075 0.891553
vt 0.659276 0.946035
vt 0.945505 0.875656
vt 0.004514 0.118559
vt 0.007061 0.100435
vt 0.010376 0.128150
vt 0.189803 0.139329
vt 0.157479 0.137635
vt 0.139125 0.122541
vt 0.911963 0.807478
vt 0.911963 0.743672
vt 0.919168 0.746835
vt 0.785752 0.597936
vt 0.850077 0.549672
vt 0.960397 0.900849
vt 0.974502 0.920263
vt 0.961399 0.927345
vt 0.672725 0.059952
vt 0.708244 0.056844
vt 0.723750 0.060630
vt 0.079063 0.681252
vt 0.798652 0.884880
vt 0.741729 0.884880
vt 0.745594 0.871361
vt 0.565417 0.812715
vt 0.154012 0.305001
vt 0.154012 0.364113
vt 0.147015 0.314089
vt 0.083666 0.988100
vt 0.081319 0.979491
vt 0.083113 0.969315
vt 0.937729 0.374170
vt 0.440129 0.892313
vt 0.457548 0.892313
vt 0.419549 0.910708
vt 0.426772 0.893210
vt 0.658411 0.936525
vt 0.672217 0.644757
vt 0.645537 0.689424
vt 0.647652 0.645681
vt 0.683213 0.949010
vt 0.593250 0.704516
vt 0.598605 0.695146
vt 0.657850 0.709623
vt 0.677713 0.672117
vt 0.295179 0.828617
vt 0.285022 0.816513
vt 0.316002 0.827966
vt 0.183676 0.369951
vt 0.198529 0.383419
vt 0.183676 0.380830
vt 0.787892 0.130307
vt 0.707780 0.137316
vt 0.706968 0.129448
vt 0.793308 0.434030
vt 0.821812 0.456975
vt 0.206132 0.366216
vt 0.296887 0.854118
vt 0.236153 0.854118
vt 0.243737 0.838491
vt 0.668715 0.728281
vt 0.680781 0.704396
vt 0.690916 0.715464
vt 0.084375 0.686157
vt 0.284848 0.465652
vt 0.287712 0.480383
vt 0.266375 0.478516
vt 0.932722 0.798537
vt 0.783806 0.977230
vt 0.806503 0.977230
vt 0.797166 0.978227
vt 0.275131 0.901378
vt 0.286325 0.899404
vt 0.314688 0.900065
vt 0.447456 0.085850
vt 0.513386 0.087017
vt 0.450202 0.093396
vt 0.069692 0.670774
vt 0.083089 0.693418
vt 0.010014 0.107102
vt 0.656094 0.729770
vt 0.659693 0.711622
vt 0.653473 0.952365
vt 0.824527 0.473823
vt 0.832893 0.427872
vt 0.831681 0.516818
vt 0.960901 0.187804
vt 0.967449 0.183219
vt 0.982319 0.187030
vt 0.439825 0.282585
vt 0.428953 0.281139
vt 0.427640 0.269789
vt 0.266585 0.492633
vt 0.208453 0.359565
vt 0.203809 0.280670
vt 0.214487 0.290594
vt 0.787115 0.928725
vt 0.797809 0.942413
vt 0.794569 0.955759
vt 0.995836 0.828183
vt 0.990317 0.820588
vt 0.999404 0.820373
vt 0.305418 0.368600
vt 0.275375 0.461063
vt 0.270206 0.370842
vt 0.246599 0.975035
vt 0.239443 0.953011
vt 0.247586 0.958215
vt 0.472231 0.908251
vt 0.347381 0.819843
vt 0.497537 0.814207
vt 0.567563 0.814207
vt 0.498131 0.820644
vt 0.650045 0.943947
vt 0.213272 0.549080
vt 0.675815 0.906491
vt 0.018787 0.696397
vt 0.002888 0.178301
vt 0.002888 0.189786
vt 0.000049 0.182610
vt 0.579465 0.095369
vt 0.513535 0.095369
vt 0.514533 0.087206
vt 0.975366 0.225397
vt 0.975366 0.249395
vt 0.959044 0.227363
vt 0.140353 0.950970
vt 0.603259 0.706373
vt 0.247637 0.990135
vt 0.228134 0.990135
vt 0.233118 0.984412
vt 0.981252 0.121430
vt 0.980481 0.127713
vt 0.964905 0.127303
vt 0.997366 0.260400
vt 0.989899 0.250123
vt 0.998842 0.251819
vt 0.017513 0.106605
vt 0.545938 0.090081
vt 0.601188 0.085247
vt 0.609716 0.091944
vt 0.996510 0.082776
vt 0.992129 0.087996
vt 0.991743 0.075489
vt 0.466067 0.899013
vt 0.085937 0.689327
vt 0.964192 0.246804
vt 0.170277 0.983302
vt 0.166972 0.977578
vt 0.170217 0.971666
vt 0.758318 0.992674
vt 0.769729 0.990399
vt 0.772756 0.997890
vt 0.001313 0.308028
vt 0.007225 0.303067
vt 0.007133 0.311814
vt 0.001096 0.313184
vt 0.804577 0.744589
vt 0.799436 0.763487
vt 0.999451 0.102284
vt 0.989291 0.102284
vt 0.996050 0.092527
vt 0.356512 0.941800
vt 0.384555 0.941800
vt 0.363012 0.950515
vt 0.208533 0.382479
vt 0.781378 0.640023
vt 0.726074 0.563904
vt 0.791791 0.518078
vt 0.910770 0.422315
vt 0.902703 0.419052
vt 0.913743 0.356441
vt 0.246831 0.707222
vt 0.006754 0.921518
vt 0.001408 0.925403
vt 0.000099 0.916986
vt 0.013198 0.361834
vt 0.011440 0.369820
vt 0.002465 0.366904
vt 0.287652 0.514090
vt 0.677124 0.929958
vt 0.622662 0.646656
vt 0.615828 0.639823
vt 0.676357 0.642397
vt 0.975186 0.460115
vt 0.990550 0.471278
vt 0.977173 0.476253
vt 0.075414 0.977632
vt 0.184758 0.432610
vt 0.327972 0.101184
vt 0.964762 0.419568
vt 0.979427 0.414231
vt 0.984822 0.420326
vt 0.987873 0.078641
vt 0.987873 0.059881
vt 0.991569 0.073996
vt 0.551247 0.946369
vt 0.559680 0.953230
vt 0.547913 0.963104
vt 0.953785 0.929186
vt 0.956059 0.936186
vt 0.935792 0.937969
vt 0.419104 0.890565
vt 0.000636 0.028053
vt 0.007685 0.028053
vt 0.002564 0.035578
vt 0.987117 0.998354
vt 0.971767 0.998354
vt 0.983480 0.992836
vt 0.872048 0.060429
vt 0.922560 0.060429
vt 0.871860 0.080540
vt 0.006266 0.499731
vt 0.003101 0.489991
vt 0.008646 0.490364
vt 0.003027 0.355584
vt 0.088893 0.702500
vt 0.997993 0.710379
vt 0.992707 0.712096
vt 0.995093 0.705427
vt 0.991203 0.519829
vt 0.999497 0.522524
vt 0.995518 0.528140
vt 0.155814 0.588431
vt 0.985837 0.538787
vt 0.993877 0.527720
vt 0.994584 0.538848
vt 0.623951 0.660226
vt 0.604728 0.646171
vt 0.624554 0.653203
vt 0.984290 0.221239
vt 0.981607 0.215538
vt 0.994381 0.203626
vt 0.026557 0.217789
vt 0.023042 0.237719
vt 0.019781 0.215854
vt 0.869502 0.960202
vt 0.848281 0.952761
vt 0.868577 0.952671
vt 0.140896 0.463657
vt 0.133481 0.464699
vt 0.139180 0.449944
vt 0.875654 0.956693
vt 0.917951 0.385185
vt 0.917951 0.320150
vt 0.923948 0.384272
vt 0.029656 0.210556
vt 0.985756 0.478625
vt 0.974415 0.483913
vt 0.965786 0.478397
vt 0.246898 0.732401
vt 0.360694 0.274576
vt 0.968390 0.924706
vt 0.974341 0.929699
vt 0.968455 0.948520
vt 0.636357 0.866781
vt 0.956776 0.999885
vt 0.944839 0.999885
vt 0.949670 0.989836
vt 0.284651 0.549522
vt 0.223485 0.990469
vt 0.206191 0.989563
vt 0.205296 0.984078
vt 0.869903 0.733233
vt 0.877854 0.133185
vt 0.896498 0.145405
vt 0.878472 0.166887
vt 0.037007 0.948017
vt 0.015109 0.951050
vt 0.030710 0.942734
vt 0.029412 0.243677
vt 0.678244 0.891186
vt 0.645362 0.889091
vt 0.625151 0.885527
vt 0.210352 0.414921
vt 0.323494 0.551835
vt 0.010472 0.942913
vt 0.892019 0.201127
vt 0.936456 0.980843
vt 0.936456 0.966782
vt 0.958306 0.974633
vt 0.000540 0.604574
vt 0.008760 0.604574
vt 0.005742 0.609327
vt 0.817414 0.752726
vt 0.999303 0.218873
vt 0.298699 0.957490
vt 0.317500 0.971149
vt 0.290430 0.973127
vt 0.773742 0.984979
vt 0.312581 0.974473
vt 0.676579 0.959488
vt 0.676579 0.933645
vt 0.684165 0.959649
vt 0.227815 0.990928
vt 0.240124 0.990928
vt 0.230048 0.998793
vt 0.982100 0.678759
vt 0.964784 0.666178
vt 0.982842 0.655553
vt 0.818441 0.960530
vt 0.829546 0.960472
vt 0.829546 0.977341
vt 0.512450 0.095745
vt 0.465779 0.935030
vt 0.465779 0.955268
vt 0.461238 0.931701
vt 0.459331 0.957677
vt 0.950100 0.034609
vt 0.955920 0.012888
vt 0.955750 0.039975
vt 0.994573 0.806233
vt 0.998983 0.819807
vt 0.984375 0.819670
vt 0.083690 0.710024
vt 0.606152 0.175368
vt 0.703687 0.175941
vt 0.646175 0.223066
vt 0.560261 0.970910
vt 0.806773 0.978833
vt 0.973321 0.210921
vt 0.959969 0.192543
vt 0.975910 0.190939
vt 0.028550 0.959432
vt 0.050255 0.966484
vt 0.029375 0.974000
vt 0.996978 0.124638
vt 0.983443 0.120240
vt 0.994652 0.116674
vt 0.612186 0.866636
vt 0.987769 0.632927
vt 0.998526 0.625111
vt 0.997408 0.642632
vt 0.833020 0.527019
vt 0.421495 0.245856
vt 0.098203 0.479605
vt 0.057592 0.004498
vt 0.057592 0.026829
vt 0.052051 0.004926
vt 0.961269 0.951871
vt 0.219099 0.280781
vt 0.954975 0.366930
vt 0.967199 0.363193
vt 0.959559 0.387174
vt 0.055948 0.744039
vt 0.067246 0.747314
vt 0.060241 0.761063
vt 0.928599 0.937202
vt 0.929820 0.949154
vt 0.320664 0.091540
vt 0.257329 0.482522
vt 0.712332 0.705197
vt 0.691855 0.694309
vt 0.789300 0.692173
vt 0.036347 0.041319
vt 0.044430 0.043186
vt 0.040225 0.067035
vt 0.587858 0.771750
vt 0.513953 0.771750
vt 0.586898 0.764716
vt 0.690647 0.700557
vt 0.965212 0.071595
vt 0.957344 0.095811
vt 0.955982 0.069632
vt 0.311006 0.222421
vt 0.367536 0.174986
vt 0.410972 0.223937
vt 0.054230 0.172011
vt 0.038264 0.207728
vt 0.043328 0.181159
vt 0.724033 0.570452
vt 0.750634 0.616528
vt 0.643883 0.613588
vt 0.805761 0.768336
vt 0.879017 0.766334
vt 0.824277 0.602254
vt 0.824277 0.694858
vt 0.750369 0.676662
vt 0.034643 0.246900
vt 0.032721 0.281669
vt 0.028500 0.282414
vt 0.904974 0.356829
vt 0.029127 0.246221
vt 0.031893 0.245216
vt 0.031893 0.209018
vt 0.034676 0.223059
vt 0.703597 0.660442
vt 0.115531 0.443617
vt 0.077679 0.779211
vt 0.236260 0.680548
vt 0.236260 0.755576
vt 0.212100 0.744359
vt 0.403116 0.246076
vt 0.522671 0.934761
vt 0.491105 0.934761
vt 0.523633 0.916927
vt 0.490073 0.917018
vt 0.797464 0.478912
vt 0.457846 0.071132
vt 0.953022 0.562535
vt 0.962107 0.562507
vt 0.962107 0.589519
vt 0.952724 0.591678
vt 0.318975 0.903695
vt 0.296403 0.914220
vt 0.282591 0.903794
vt 0.249115 0.562843
vt 0.658865 0.217000
vt 0.361954 0.248070
vt 0.875812 0.700093
vt 0.103912 0.432779
vt 0.620826 0.891761
vt 0.958388 0.364932
vt 0.947633 0.364932
vt 0.954897 0.335998
vt 0.240619 0.672657
vt 0.339771 0.736224
vt 0.419896 0.736224
vt 0.417948 0.744441
vt 0.504532 0.127100
vt 0.428409 0.127100
vt 0.430665 0.118617
vt 0.934238 0.379758
vt 0.932135 0.355721
vt 0.932990 0.315788
vt 0.662738 0.773931
vt 0.215646 0.359792
vt 0.215646 0.438055
vt 0.207261 0.360793
vt 0.859451 0.255122
vt 0.859451 0.329802
vt 0.850779 0.256481
vt 0.735758 0.538272
vt 0.055433 0.809624
vt 0.078684 0.841627
vt 0.059241 0.847253
vt 0.594809 0.588743
vt 0.639539 0.596631
vt 0.559441 0.598409
vt 0.565297 0.576191
vt 0.875778 0.129681
vt 0.917174 0.114172
vt 0.897862 0.136433
vt 0.533246 0.613236
vt 0.007532 0.272848
vt 0.026242 0.286441
vt 0.008240 0.311587
vt 0.602829 0.930196
vt 0.602829 0.958203
vt 0.577298 0.957352
vt 0.344988 0.884630
vt 0.338336 0.890211
vt 0.290352 0.886337
vt 0.935424 0.501258
vt 0.942696 0.503206
vt 0.936484 0.555521
vt 0.584502 0.612263
vt 0.560380 0.611727
vt 0.906389 0.154140
vt 0.896484 0.190771
vt 0.581107 0.642475
vt 0.042461 0.079092
vt 0.366898 0.053618
vt 0.322136 0.061511
vt 0.318369 0.053027
vt 0.965741 0.668630
vt 0.973075 0.676162
vt 0.967048 0.676045
vt 0.235409 0.889145
vt 0.181135 0.889145
vt 0.230252 0.881290
vt 0.009593 0.099767
vt 0.000197 0.099767
vt 0.000760 0.094066
vt 0.931733 0.243804
vt 0.943971 0.262559
vt 0.932072 0.263199
vt 0.775208 0.923474
vt 0.773066 0.903353
vt 0.796195 0.895389
vt 0.170047 0.960574
vt 0.182865 0.978217
vt 0.171834 0.980199
vt 0.934505 0.308848
vt 0.908119 0.277052
vt 0.070942 0.911501
vt 0.069982 0.922472
vt 0.053222 0.911565
vt 0.052251 0.922567
vt 0.307141 0.175429
vt 0.276529 0.178107
vt 0.303632 0.145216
vt 0.901094 0.781663
vt 0.882861 0.768377
vt 0.894269 0.748807
vt 0.887257 0.783516
vt 0.016735 0.410273
vt 0.045031 0.428654
vt 0.014685 0.429777
vt 0.308720 0.145686
vt 0.332047 0.133823
vt 0.319263 0.167087
vt 0.875024 0.782553
vt 0.834099 0.772230
vt 0.360052 0.178952
vt 0.007699 0.876168
vt 0.004855 0.892295
vt 0.004049 0.866393
vt 0.473349 0.801294
vt 0.511965 0.808104
vt 0.440066 0.806847
vt 0.431981 0.729672
vt 0.463641 0.729875
vt 0.456859 0.739723
vt 0.453954 0.745513
vt 0.490934 0.803060
vt 0.432337 0.753840
vt 0.498130 0.725508
vt 0.088750 0.781934
vt 0.111397 0.791732
vt 0.095454 0.786628
vt 0.027804 0.451205
vt 0.535966 0.975792
vt 0.518584 0.971192
vt 0.517876 0.961065
vt 0.957991 0.394751
vt 0.966141 0.402901
vt 0.958043 0.420227
vt 0.478775 0.731457
vt 0.274799 0.140473
vt 0.275909 0.160889
vt 0.306631 0.941177
vt 0.316762 0.939390
vt 0.339478 0.940581
vt 0.884897 0.976479
vt 0.862151 0.976247
vt 0.876705 0.958910
vt 0.850886 0.768312
vt 0.879601 0.806623
vt 0.673818 0.952739
vt 0.677243 0.965524
vt 0.673711 0.970413
vt 0.013699 0.765186
vt 0.013627 0.776794
vt 0.010352 0.784510
vt 0.025366 0.454363
vt 0.003513 0.470240
vt 0.006100 0.430886
vt 0.967934 0.611216
vt 0.971570 0.607580
vt 0.983119 0.610255
vt 0.016250 0.441489
vt 0.499770 0.983580
vt 0.517148 0.983580
vt 0.499494 0.990967
vt 0.427469 0.761031
vt 0.445729 0.754957
vt 0.957981 0.388976
vt 0.976429 0.382982
vt 0.972838 0.408012
vt 0.032511 0.810461
vt 0.032511 0.774463
vt 0.049231 0.808104
vt 0.966626 0.691135
vt 0.945444 0.299116
vt 0.946017 0.311262
vt 0.035764 0.911861
vt 0.944677 0.281230
vt 0.068730 0.790782
vt 0.421777 0.232527
vt 0.966444 0.561652
vt 0.985587 0.561652
vt 0.984098 0.569038
vt 0.777204 0.892973
vt 0.001604 0.073762
vt 0.008036 0.069089
vt 0.008185 0.081669
vt 0.307080 0.137952
vt 0.348417 0.916541
vt 0.326168 0.920464
vt 0.312376 0.916630
vt 0.060080 0.041910
vt 0.056918 0.070319
vt 0.169218 0.939674
vt 0.161363 0.946092
vt 0.148184 0.940767
vt 0.149915 0.923214
vt 0.137195 0.928395
vt 0.225039 0.976140
vt 0.203742 0.976388
vt 0.216382 0.968345
vt 0.217758 0.955086
vt 0.283025 0.902955
vt 0.303140 0.901195
vt 0.322457 0.903015
vt 0.853501 0.072681
vt 0.840934 0.045732
vt 0.869640 0.080033
vt 0.819603 0.081043
vt 0.831079 0.071335
vt 0.062965 0.155541
vt 0.050594 0.134114
vt 0.062062 0.116119
vt 0.946724 0.329188
vt 0.955640 0.301747
vt 0.955870 0.329075
vt 0.841780 0.060880
vt 0.142201 0.952459
vt 0.277660 0.974804
vt 0.263732 0.980035
vt 0.258447 0.973737
vt 0.839087 0.069719
vt 0.823226 0.061226
vt 0.934465 0.565685
vt 0.933087 0.556504
vt 0.939873 0.561147
vt 0.023745 0.984074
vt 0.018314 0.991549
vt 0.006602 0.977124
vt 0.871048 0.062563
vt 0.039013 0.537160
vt 0.039013 0.572972
vt 0.028534 0.557399
vt 0.952023 0.022329
vt 0.948613 0.035055
vt 0.948912 0.011935
vt 0.960505 0.269517
vt 0.960505 0.245413
vt 0.974884 0.260557
vt 0.892243 0.730822
vt 0.879396 0.748976
vt 0.957421 0.532626
vt 0.961815 0.549026
vt 0.957862 0.561843
vt 0.973991 0.827407
vt 0.973991 0.851986
vt 0.968741 0.848110
vt 0.555358 0.278211
vt 0.536461 0.283359
vt 0.510604 0.276430
vt 0.100794 0.310415
vt 0.097740 0.355552
vt 0.085207 0.316088
vt 0.854841 0.049115
vt 0.423059 0.914050
vt 0.448832 0.918594
vt 0.421322 0.919509
vt 0.765936 0.919851
vt 0.748346 0.939669
vt 0.748033 0.919851
vt 0.862043 0.964501
vt 0.631064 0.960231
vt 0.639697 0.933661
vt 0.657238 0.960612
vt 0.008807 0.014045
vt 0.000004 0.011184
vt 0.003027 0.003577
vt 0.992711 0.366833
vt 0.999457 0.366833
vt 0.995542 0.374723
vt 0.148368 0.998914
vt 0.148368 0.983954
vt 0.157555 0.993431
vt 0.702149 0.958384
vt 0.682571 0.950473
vt 0.709010 0.941763
vt 0.000581 0.675539
vt 0.006276 0.667700
vt 0.007740 0.677381
vt 0.750657 0.545157
vt 0.790571 0.979075
vt 0.805546 0.979075
vt 0.793144 0.990269
vt 0.908231 0.976296
vt 0.899184 0.989117
vt 0.889889 0.983751
vt 0.125892 0.372040
vt 0.144060 0.366137
vt 0.151641 0.418493
vt 0.310947 0.982330
vt 0.321668 0.967254
vt 0.328285 0.979584
vt 0.760547 0.026563
vt 0.760099 0.031685
vt 0.716203 0.028523
vt 0.199155 0.937641
vt 0.200202 0.925669
vt 0.212318 0.940214
vt 0.986714 0.173616
vt 0.976229 0.158790
vt 0.985994 0.165392
vt 0.969634 0.764247
vt 0.985644 0.751294
vt 0.985380 0.768466
vt 0.948919 0.586128
vt 0.937638 0.586205
vt 0.563904 0.997882
vt 0.563904 0.985965
vt 0.577555 0.993222
vt 0.735874 0.919955
vt 0.970206 0.181108
vt 0.986547 0.175799
vt 0.990146 0.187882
vt 0.109012 0.264131
vt 0.100992 0.309619
vt 0.100484 0.262090
vt 0.015041 0.542480
vt 0.030414 0.562913
vt 0.006535 0.578421
vt 0.946323 0.276043
vt 0.947765 0.256098
vt 0.959697 0.268321
vt 0.407436 0.992723
vt 0.410186 0.985168
vt 0.424184 0.994578
vt 0.013173 0.338869
vt 0.012873 0.360206
vt 0.003959 0.344189
vt 0.024333 0.780740
vt 0.990558 0.554491
vt 0.976647 0.544384
vt 0.985718 0.544663
vt 0.278019 0.989939
vt 0.619004 0.518371
vt 0.603605 0.526936
vt 0.595009 0.512048
vt 0.022384 0.129658
vt 0.013348 0.124441
vt 0.022300 0.098437
vt 0.964335 0.876162
vt 0.972801 0.871274
vt 0.977421 0.889684
vt 0.987819 0.610778
vt 0.990147 0.603612
vt 0.997497 0.610319
vt 0.740839 0.991278
vt 0.740719 0.983373
vt 0.757568 0.983373
vt 0.753353 0.994111
vt 0.010557 0.784872
vt 0.025426 0.791331
vt 0.402594 0.230650
vt 0.027023 0.208802
vt 0.542767 0.297886
vt 0.029124 0.496929
vt 0.039495 0.513756
vt 0.029801 0.518276
vt 0.353387 0.987077
vt 0.336285 0.981520
vt 0.352789 0.979149
vt 0.965254 0.893777
vt 0.997053 0.800169
vt 0.987524 0.813284
vt 0.985815 0.793177
vt 0.253643 0.806794
vt 0.300327 0.810879
vt 0.248440 0.812393
vt 0.988358 0.017562
vt 0.988358 0.003485
vt 0.995979 0.004076
vt 0.365974 0.988065
vt 0.357585 0.991977
vt 0.365647 0.977338
vt 0.027621 0.172658
vt 0.761743 0.960069
vt 0.783533 0.944237
vt 0.780232 0.962762
vt 0.060333 0.721769
vt 0.059899 0.689256
vt 0.073652 0.693206
vt 0.093074 0.457225
vt 0.111637 0.147076
vt 0.116337 0.164616
vt 0.111269 0.198984
vt 0.079387 0.868647
vt 0.080077 0.888780
vt 0.070071 0.875171
vt 0.789211 0.980139
vt 0.792251 0.991485
vt 0.778478 0.980125
vt 0.182217 0.938819
vt 0.145674 0.991497
vt 0.140022 0.988234
vt 0.145832 0.975708
vt 0.338944 0.009702
vt 0.344890 0.004075
vt 0.355623 0.015994
vt 0.212790 0.926405
vt 0.232223 0.809386
vt 0.360686 0.231980
vt 0.085479 0.355762
vt 0.063288 0.990743
vt 0.072782 0.977675
vt 0.084534 0.991488
vt 0.329288 0.970356
vt 0.733820 0.930224
vt 0.985898 0.498753
vt 0.975619 0.484605
vt 0.993055 0.488406
vt 0.020008 0.397813
vt 0.013766 0.414961
vt 0.014641 0.381417
vt 0.979299 0.970845
vt 0.969795 0.972012
vt 0.977454 0.952608
vt 0.448171 0.931407
vt 0.415093 0.932254
vt 0.019842 0.999386
vt 0.009408 0.995996
vt 0.021428 0.991314
vt 0.722134 0.046553
vt 0.768996 0.046591
vt 0.746049 0.055258
vt 0.715748 0.452634
vt 0.715748 0.338360
vt 0.735060 0.449831
vt 0.990318 0.973443
vt 0.990318 0.959988
vt 0.998913 0.971520
vt 0.431947 0.986399
vt 0.448621 0.986399
vt 0.432359 0.998916
vt 0.995605 0.576432
vt 0.986298 0.573408
vt 0.999507 0.561923
vt 0.889615 0.975641
vt 0.992929 0.241660
vt 0.976234 0.247085
vt 0.986461 0.230155
vt 0.397030 0.012100
vt 0.400137 0.003563
vt 0.426759 0.012083
vt 0.424309 0.959183
vt 0.415582 0.957248
vt 0.424359 0.933132
vt 0.040382 0.497652
vt 0.808548 0.991556
vt 0.773705 0.052612
vt 0.976086 0.177970
vt 0.124550 0.976514
vt 0.142703 0.976514
vt 0.127819 0.987754
vt 0.037828 0.531461
vt 0.934765 0.657949
vt 0.945925 0.677835
vt 0.934153 0.682120
vt 0.297334 0.011204
vt 0.299336 0.005043
vt 0.315490 0.012578
vt 0.028681 0.772896
vt 0.598467 0.317312
vt 0.587384 0.322484
vt 0.597715 0.312575
vt 0.774563 0.990896
vt 0.805235 0.938404
vt 0.835000 0.938404
vt 0.813886 0.947549
vt 0.249748 0.954751
vt 0.250866 0.941970
vt 0.263966 0.953109
vt 0.418087 0.940583
vt 0.005955 0.470986
vt 0.012645 0.470986
vt 0.006680 0.483493
vt 0.274220 0.010220
vt 0.274220 0.003474
vt 0.286230 0.010629
vt 0.983473 0.672697
vt 0.995997 0.667381
vt 0.988077 0.687000
vt 0.357472 0.973760
vt 0.085817 0.981471
vt 0.094922 0.994003
vt 0.085694 0.994055
vt 0.855598 0.925515
vt 0.820858 0.925515
vt 0.828069 0.921769
vt 0.251812 0.974810
vt 0.251812 0.955684
vt 0.274864 0.964415
vt 0.944826 0.696921
vt 0.061359 0.077984
vt 0.053848 0.094093
vt 0.057129 0.071527
vt 0.110581 0.154603
vt 0.110581 0.198991
vt 0.099023 0.151964
vt 0.061669 0.111538
vt 0.083135 0.845418
vt 0.070342 0.856310
vt 0.070314 0.844944
vt 0.956592 0.326782
vt 0.956592 0.301216
vt 0.966071 0.324350
vt 0.378016 0.981724
vt 0.373121 0.973245
vt 0.393399 0.973639
vt 0.959073 0.247207
vt 0.088664 0.971722
vt 0.108536 0.975226
vt 0.084317 0.975904
vt 0.923612 0.941980
vt 0.920401 0.948866
vt 0.895771 0.941995
vt 0.310527 0.986378
vt 0.329708 0.986378
vt 0.321217 0.989637
vt 0.285623 0.003076
vt 0.861387 0.960489
vt 0.861387 0.979305
vt 0.854227 0.973471
vt 0.963173 0.958543
vt 0.965716 0.970506
vt 0.954216 0.956111
vt 0.043837 0.541718
vt 0.039374 0.525060
vt 0.043581 0.503314
vt 0.004361 0.333382
vt 0.463747 0.991954
vt 0.458161 0.974761
vt 0.478696 0.983356
vt 0.967425 0.003130
vt 0.987054 0.003130
vt 0.985367 0.021344
vt 0.528084 0.915745
vt 0.490516 0.916091
vt 0.527728 0.911676
vt 0.503641 0.912452
vt 0.482021 0.916264
vt 0.466501 0.911440
vt 0.514317 0.911614
vt 0.355279 0.006772
vt 0.949928 0.556232
vt 0.143340 0.978166
vt 0.135685 0.991976
vt 0.128809 0.988758
vt 0.671357 0.352802
vt 0.661209 0.468787
vt 0.652936 0.352065
vt 0.074217 0.681559
vt 0.071809 0.716604
vt 0.977687 0.584638
vt 0.987441 0.581088
vt 0.991476 0.585334
vt 0.277418 0.942419
vt 0.423981 0.984374
vt 0.027563 0.976240
vt 0.044880 0.981866
vt 0.037719 0.990476
vt 0.961321 0.128764
vt 0.961321 0.156601
vt 0.958895 0.128781
vt 0.993018 0.880193
vt 0.993018 0.898138
vt 0.979415 0.883074
vt 0.018602 0.754435
vt 0.976634 0.899053
vt 0.034680 0.760473
vt 0.992130 0.912543
vt 0.992130 0.931314
vt 0.986823 0.920132
vt 0.054456 0.716715
vt 0.068963 0.733600
vt 0.049980 0.733418
vt 0.046879 0.594649
vt 0.042279 0.577483
vt 0.047295 0.556109
vt 0.499003 0.982545
vt 0.510760 0.966362
vt 0.524003 0.982732
vt 0.977907 0.872347
vt 0.052092 0.694691
vt 0.227850 0.031621
vt 0.227231 0.013901
vt 0.248965 0.031435
vt 0.518361 0.973607
vt 0.938256 0.904706
vt 0.900707 0.905956
vt 0.914226 0.900469
vt 0.024944 0.248058
vt 0.009319 0.241745
vt 0.015547 0.218413
vt 0.118919 0.992050
vt 0.100975 0.992050
vt 0.119289 0.975644
vt 0.905992 0.899233
vt 0.998416 0.679818
vt 0.986749 0.557195
vt 0.392135 0.925165
vt 0.398626 0.928104
vt 0.395149 0.943166
vt 0.974859 0.177947
vt 0.961510 0.159573
vt 0.975348 0.159302
vt 0.147256 0.147710
vt 0.121811 0.176981
vt 0.147242 0.141495
vt 0.676454 0.416037
vt 0.273508 0.010616
vt 0.261490 0.010616
vt 0.262356 0.003089
vt 0.719532 0.892034
vt 0.726870 0.894000
vt 0.720167 0.925880
vt 0.017984 0.696405
vt 0.007958 0.696405
vt 0.014078 0.692239
vt 0.964919 0.750868
vt 0.259848 0.990531
vt 0.215778 0.062390
vt 0.224564 0.073019
vt 0.204785 0.062574
vt 0.158206 0.071724
vt 0.163472 0.068994
vt 0.182484 0.081933
vt 0.606593 0.317463
vt 0.602016 0.322612
vt 0.039992 0.614153
vt 0.020213 0.614153
vt 0.030473 0.611006
vt 0.389333 0.991491
vt 0.383757 0.980548
vt 0.395000 0.974246
vt 0.007281 0.908027
vt 0.000062 0.913272
vt 0.000128 0.902195
vt 0.875123 0.101276
vt 0.897148 0.102808
vt 0.868686 0.107579
vt 0.864502 0.118222
vt 0.103296 0.978340
vt 0.139816 0.999323
vt 0.127438 0.999323
vt 0.131607 0.995783
vt 0.888507 0.083932
vt 0.461511 0.001010
vt 0.465823 0.006149
vt 0.461245 0.012206
vt 0.570659 0.320240
vt 0.985171 0.715687
vt 0.996381 0.718070
vt 0.982571 0.723374
vt 0.101776 0.826484
vt 0.082372 0.815852
vt 0.088063 0.801024
vt 0.630193 0.988889
vt 0.613484 0.976974
vt 0.631264 0.976646
vt 0.193633 0.081552
vt 0.202031 0.083167
vt 0.612984 0.991048
vt 0.175642 0.064263
vt 0.929428 0.116964
vt 0.915763 0.107648
vt 0.095492 0.742710
vt 0.107677 0.724477
vt 0.114983 0.733622
vt 0.190524 0.092817
vt 0.918508 0.960687
vt 0.895823 0.954609
vt 0.922092 0.952676
vt 0.062401 0.965529
vt 0.037809 0.961192
vt 0.064491 0.959582
vt 0.064645 0.802587
vt 0.043382 0.645369
vt 0.041751 0.651458
vt 0.041297 0.612859
vt 0.447498 0.998900
vt 0.898826 0.089298
vt 0.907819 0.091893
vt 0.046633 0.981896
vt 0.064478 0.981896
vt 0.063152 0.988246
vt 0.035071 0.570094
vt 0.421374 0.935072
vt 0.408037 0.935683
vt 0.571394 0.287503
vt 0.016753 0.882897
vt 0.010448 0.871977
vt 0.017452 0.850827
vt 0.960763 0.160237
vt 0.956026 0.162971
vt 0.957218 0.134630
vt 0.183363 0.103542
vt 0.824972 0.687667
vt 0.834129 0.682380
vt 0.825806 0.696185
vt 0.954143 0.971446
vt 0.944494 0.960656
vt 0.416647 0.941884
vt 0.940304 0.966760
vt 0.821894 0.110231
vt 0.860436 0.110231
vt 0.854232 0.185413
vt 0.389527 0.941134
vt 0.356924 0.941134
vt 0.359758 0.936007
vt 0.114700 0.651923
vt 0.114700 0.603583
vt 0.131996 0.640660
vt 0.115723 0.975283
vt 0.097031 0.971987
vt 0.121275 0.970385
vt 0.100797 0.173713
vt 0.427871 0.614988
vt 0.444865 0.678408
vt 0.429301 0.707087
vt 0.111170 0.141275
vt 0.151679 0.134449
vt 0.957004 0.526245
vt 0.961297 0.514451
vt 0.961743 0.543797
vt 0.345751 0.941253
vt 0.325728 0.935888
vt 0.358560 0.936131
vt 0.909999 0.819230
vt 0.883171 0.798685
vt 0.902334 0.785267
vt 0.921432 0.084768
vt 0.629841 0.297347
vt 0.031641 0.773960
vt 0.031641 0.807048
vt 0.025139 0.798434
vt 0.087870 0.924964
vt 0.062931 0.929361
vt 0.055057 0.923796
vt 0.012351 0.169661
vt 0.041255 0.164565
vt 0.044917 0.171216
vt 0.175966 0.032848
vt 0.221978 0.032848
vt 0.194133 0.034210
vt 0.047330 0.285216
vt 0.036371 0.280964
vt 0.042251 0.279163
vt 0.976005 0.475346
vt 0.965747 0.477526
vt 0.973534 0.456884
vt 0.022260 0.628691
vt 0.035498 0.615454
vt 0.035071 0.649842
vt 0.036562 0.347220
vt 0.036562 0.381611
vt 0.027070 0.377861
vt 0.335959 0.263298
vt 0.349918 0.254233
vt 0.377208 0.353207
vt 0.792915 0.992205
vt 0.783583 0.998985
vt 0.782709 0.992298
vt 0.982270 0.409681
vt 0.975071 0.401102
vt 0.987239 0.405510
vt 0.147006 0.594084
vt 0.151128 0.568058
vt 0.189754 0.559611
vt 0.976550 0.390124
vt 0.429708 0.118604
vt 0.401039 0.124872
vt 0.378148 0.124872
vt 0.987019 0.390718
vt 0.698376 0.999301
vt 0.686841 0.999301
vt 0.691590 0.990909
vt 0.423692 0.125644
vt 0.239680 0.980296
vt 0.226791 0.980296
vt 0.231775 0.959988
vt 0.617554 0.917194
vt 0.603712 0.924554
vt 0.605355 0.902129
vt 0.630419 0.914827
vt 0.615616 0.893361
vt 0.700966 0.708996
vt 0.701077 0.730148
vt 0.683901 0.724033
vt 0.025155 0.406744
vt 0.036460 0.382502
vt 0.037008 0.416813
vt 0.970603 0.420987
vt 0.958201 0.444378
vt 0.957933 0.420987
vt 0.097447 0.197948
vt 0.250808 0.927809
vt 0.272490 0.922804
vt 0.254203 0.941191
vt 0.267629 0.028951
vt 0.588376 0.902343
vt 0.494439 0.945124
vt 0.522666 0.935952
vt 0.523182 0.945595
vt 0.277376 0.906092
vt 0.287616 0.936476
vt 0.150245 0.140213
vt 0.154036 0.149094
vt 0.150342 0.162878
vt 0.708612 0.741595
vt 0.681015 0.747177
vt 0.014718 0.654837
vt 0.014719 0.622207
vt 0.035698 0.653043
vt 0.474453 0.442840
vt 0.460145 0.437320
vt 0.459695 0.413011
vt 0.519549 0.545208
vt 0.969933 0.445876
vt 0.827610 0.708160
vt 0.119270 0.905259
vt 0.136353 0.929656
vt 0.108132 0.910435
vt 0.101533 0.930277
vt 0.954952 0.129980
vt 0.946187 0.103003
vt 0.955429 0.100074
vt 0.627988 0.533390
vt 0.908145 0.752968
vt 0.911249 0.770202
vt 0.203127 0.154015
vt 0.193505 0.152826
vt 0.191815 0.120584
vt 0.194300 0.922700
vt 0.185085 0.935383
vt 0.173624 0.910922
vt 0.066370 0.940584
vt 0.035441 0.940584
vt 0.064807 0.931663
vt 0.160480 0.042457
vt 0.134284 0.032922
vt 0.180939 0.034198
vt 0.110009 0.247024
vt 0.098618 0.204513
vt 0.110877 0.200847
vt 0.468137 0.396347
vt 0.807720 0.084239
vt 0.816700 0.105219
vt 0.816700 0.148262
vt 0.484321 0.465415
vt 0.476963 0.438099
vt 0.495742 0.441598
vt 0.480247 0.429950
vt 0.041830 0.844738
vt 0.053355 0.809267
vt 0.058023 0.845652
vt 0.572088 0.379598
vt 0.047009 0.247334
vt 0.952367 0.797258
vt 0.943691 0.786918
vt 0.962350 0.791304
vt 0.816862 0.694760
vt 0.592661 0.285892
vt 0.489338 0.915916
vt 0.489338 0.945562
vt 0.483741 0.923060
vt 0.163152 0.921585
vt 0.750754 0.232362
vt 0.699854 0.283262
vt 0.636911 0.230689
vt 0.115345 0.109363
vt 0.966751 0.698200
vt 0.979773 0.716124
vt 0.963447 0.722260
vt 0.162360 0.144125
vt 0.697298 0.764328
vt 0.234962 0.903260
vt 0.271645 0.903260
vt 0.256569 0.915634
vt 0.192155 0.256297
vt 0.200533 0.281954
vt 0.184738 0.276673
vt 0.184428 0.951844
vt 0.155758 0.951844
vt 0.177711 0.935577
vt 0.102296 0.485403
vt 0.095139 0.525997
vt 0.094962 0.477919
vt 0.473130 0.406610
vt 0.478360 0.428856
vt 0.362700 0.019859
vt 0.323081 0.031672
vt 0.339463 0.011402
vt 0.189162 0.302857
vt 0.666438 0.730302
vt 0.037175 0.730138
vt 0.027925 0.720889
vt 0.037174 0.695706
vt 0.113339 0.770873
vt 0.339116 0.964445
vt 0.356746 0.977254
vt 0.330968 0.981223
vt 0.848634 0.015863
vt 0.829642 0.029168
vt 0.827234 0.021597
vt 0.150781 0.932411
vt 0.941791 0.770045
vt 0.963251 0.773334
vt 0.519541 0.738826
vt 0.541063 0.744593
vt 0.516447 0.763866
vt 0.500821 0.465487
vt 0.704323 0.655647
vt 0.712860 0.641519
vt 0.728214 0.661765
vt 0.217490 0.511960
vt 0.229401 0.479235
vt 0.227518 0.541431
vt 0.120766 0.497935
vt 0.122412 0.519027
vt 0.111301 0.508353
vt 0.138341 0.503645
vt 0.366102 0.030321
vt 0.817819 0.148248
vt 0.823215 0.084495
vt 0.714927 0.335523
vt 0.710893 0.450086
vt 0.706777 0.343673
vt 0.752251 0.083786
vt 0.705196 0.097612
vt 0.688278 0.083415
vt 0.597373 0.495995
vt 0.506233 0.299563
vt 0.946131 0.898263
vt 0.946131 0.931604
vt 0.919263 0.931888
vt 0.593685 0.763377
vt 0.197410 0.121040
vt 0.036498 0.571253
vt 0.035279 0.604698
vt 0.027134 0.573762
vt 0.060497 0.116437
vt 0.038378 0.102615
vt 0.047984 0.081312
vt 0.482107 0.491580
vt 0.033674 0.897785
vt 0.027510 0.876471
vt 0.033391 0.872353
vt 0.637084 0.550015
vt 0.548626 0.334448
vt 0.533657 0.350022
vt 0.532922 0.336241
vt 0.988174 0.431311
vt 0.978498 0.431988
vt 0.973647 0.421659
vt 0.030009 0.907383
vt 0.668257 0.755548
vt 0.657268 0.742120
vt 0.757131 0.885724
vt 0.731894 0.893272
vt 0.729808 0.885485
vt 0.685006 0.658839
vt 0.023015 0.149280
vt 0.025232 0.123944
vt 0.026422 0.158974
vt 0.741215 0.640559
vt 0.083138 0.170742
vt 0.045594 0.170742
vt 0.053254 0.154760
vt 0.169980 0.294628
vt 0.175447 0.268256
vt 0.155292 0.952756
vt 0.182446 0.952756
vt 0.174948 0.961586
vt 0.143716 0.521085
vt 0.970623 0.176377
vt 0.961037 0.185963
vt 0.960850 0.161075
vt 0.667274 0.003163
vt 0.678291 0.006742
vt 0.665811 0.012501
vt 0.984025 0.426706
vt 0.976019 0.421100
vt 0.993144 0.421067
vt 0.618144 0.294891
vt 0.027810 0.249836
vt 0.027810 0.282714
vt 0.018690 0.279478
vt 0.968364 0.032569
vt 0.974897 0.012463
vt 0.977793 0.024661
vt 0.975576 0.210914
vt 0.975975 0.200781
vt 0.990650 0.205834
vt 0.700976 0.647333
vt 0.966600 0.539452
vt 0.973455 0.545923
vt 0.959498 0.560890
vt 0.979688 0.190456
vt 0.640747 0.639564
vt 0.653175 0.624753
vt 0.741044 0.639186
vt 0.481504 0.403456
vt 0.924090 0.979364
vt 0.914712 0.980328
vt 0.909978 0.967320
vt 0.497415 0.975827
vt 0.498652 0.989968
vt 0.487288 0.975279
vt 0.701180 0.960593
vt 0.698203 0.972533
vt 0.685506 0.953066
vt 0.539377 0.292569
vt 0.495037 0.300388
vt 0.423422 0.292368
vt 0.975724 0.617935
vt 0.987076 0.633560
vt 0.976953 0.639040
vt 0.758084 0.656288
vt 0.159727 0.858106
vt 0.147073 0.839597
vt 0.172743 0.852928
vt 0.215931 0.934811
vt 0.219213 0.929126
vt 0.218552 0.952910
vt 0.391652 0.801857
vt 0.463953 0.801857
vt 0.422313 0.806562
vt 0.976870 0.558558
vt 0.000224 0.927973
vt 0.008587 0.921897
vt 0.007662 0.934197
vt 0.723572 0.887144
vt 0.945240 0.991002
vt 0.942319 0.982012
vt 0.960765 0.981587
vt 0.026037 0.036981
vt 0.036868 0.003646
vt 0.044448 0.009741
vt 0.820530 0.026457
vt 0.632782 0.978553
vt 0.642609 0.992078
vt 0.631008 0.991994
vt 0.502062 0.004421
vt 0.500009 0.016068
vt 0.469257 0.003511
vt 0.818275 0.016440
vt 0.224336 0.918590
vt 0.243644 0.911562
vt 0.260245 0.918310
vt 0.261419 0.941117
vt 0.280458 0.939451
vt 0.294626 0.940321
vt 0.990014 0.710964
vt 0.980618 0.714017
vt 0.983301 0.694695
vt 0.999311 0.187310
vt 0.992858 0.187310
vt 0.995194 0.178329
vt 0.626449 0.271375
vt 0.480790 0.989153
vt 0.653586 0.999289
vt 0.656782 0.989453
vt 0.666532 0.997373
vt 0.008673 0.880123
vt 0.008673 0.905975
vt 0.003564 0.903367
vt 0.560283 0.998778
vt 0.549849 0.995387
vt 0.560197 0.984091
vt 0.495479 0.990753
vt 0.505990 0.994168
vt 0.497676 0.999947
vt 0.148947 0.185726
vt 0.739579 0.990072
vt 0.720807 0.992127
vt 0.717102 0.980725
vt 0.507032 0.946251
vt 0.507032 0.970049
vt 0.498842 0.969560
vt 0.493680 0.500850
vt 0.619035 0.001002
vt 0.622519 0.011724
vt 0.614387 0.007899
vt 0.930695 0.951232
vt 0.947602 0.957847
vt 0.939146 0.959683
vt 0.987444 0.173306
vt 0.995425 0.173306
vt 0.991311 0.187438
vt 0.205021 0.988099
vt 0.196163 0.990184
vt 0.199555 0.983512
vt 0.735913 0.998975
vt 0.735913 0.991235
vt 0.747690 0.994111
vt 0.998499 0.005594
vt 0.998509 0.020208
vt 0.992650 0.012565
vt 0.496890 0.970992
vt 0.496890 0.946286
vt 0.505557 0.946637
vt 0.011666 0.193362
vt 0.011666 0.206050
vt 0.005466 0.197440
vt 0.488422 0.391928
vt 0.435886 0.004930
vt 0.441352 0.009517
vt 0.435790 0.019543
vt 0.924043 0.958488
vt 0.976516 0.096075
vt 0.984900 0.108877
vt 0.977152 0.115378
vt 0.012181 0.312386
vt 0.014949 0.316959
vt 0.004140 0.327769
vt 0.689335 0.105033
vt 0.464442 0.794789
vt 0.392141 0.794789
vt 0.395632 0.789646
vt 0.029804 0.605938
vt 0.467141 0.931023
vt 0.478043 0.934396
vt 0.466578 0.954254
vt 0.148795 0.876900
vt 0.181109 0.872045
vt 0.003517 0.402662
vt 0.003517 0.376095
vt 0.013125 0.400870
vt 0.987786 0.021327
vt 0.003763 0.943716
vt 0.014827 0.959781
vt 0.003653 0.969157
vt 0.075128 0.595272
vt 0.091007 0.599527
vt 0.077025 0.608474
vt 0.604698 0.013851
vt 0.648850 0.013851
vt 0.631165 0.019923
vt 0.589842 0.354683
vt 0.586506 0.371940
vt 0.014858 0.327849
vt 0.988263 0.728573
vt 0.997543 0.728667
vt 0.996508 0.740488
vt 0.062581 0.072133
vt 0.066618 0.091178
vt 0.062358 0.115336
vt 0.991499 0.743282
vt 0.004130 0.579130
vt 0.023771 0.579130
vt 0.004254 0.587782
vt 0.990624 0.166816
vt 0.976581 0.156613
vt 0.990254 0.145470
vt 0.813561 0.989530
vt 0.827856 0.979144
vt 0.832547 0.987665
vt 0.990689 0.096234
vt 0.039684 0.990244
vt 0.045485 0.984443
vt 0.044986 0.996467
vt 0.708636 0.003966
vt 0.708636 0.013655
vt 0.695182 0.007853
vt 0.239052 0.005718
vt 0.239189 0.013544
vt 0.232666 0.004077
vt 0.999390 0.851511
vt 0.991800 0.853977
vt 0.993834 0.844505
vt 0.990018 0.724247
vt 0.982648 0.733030
vt 0.970824 0.724141
vt 0.869697 0.010526
vt 0.851805 0.017477
vt 0.851805 0.003571
vt 0.022233 0.160018
vt 0.007994 0.155479
vt 0.022354 0.130606
vt 0.803838 0.017220
vt 0.147483 0.299040
vt 0.457526 0.001473
vt 0.457526 0.011743
vt 0.446047 0.003149
vt 0.294486 0.988261
vt 0.294486 0.999992
vt 0.285543 0.996445
vt 0.169827 0.836522
vt 0.733760 0.973609
vt 0.714235 0.889863
vt 0.963844 0.666769
vt 0.966160 0.679904
vt 0.964287 0.692507
vt 0.027673 0.967644
vt 0.012516 0.967350
vt 0.132754 0.539720
vt 0.112180 0.530385
vt 0.647277 0.756686
vt 0.629616 0.744487
vt 0.869069 0.007621
vt 0.471547 0.110287
vt 0.548032 0.110287
vt 0.532968 0.120257
vt 0.516599 0.351140
vt 0.940962 0.657858
vt 0.952907 0.657441
vt 0.965059 0.664634
vt 0.509940 0.479235
vt 0.120979 0.549544
vt 0.486205 0.943645
vt 0.482636 0.951919
vt 0.495243 0.954929
vt 0.599009 0.730695
vt 0.519933 0.730695
vt 0.531168 0.699065
vt 0.880451 0.009769
vt 0.971142 0.441422
vt 0.971142 0.420546
vt 0.977952 0.433638
vt 0.092826 0.612749
vt 0.003462 0.418309
vt 0.012095 0.406427
vt 0.014159 0.423725
vt 0.963730 0.998970
vt 0.951101 0.989794
vt 0.963189 0.981451
vt 0.008876 0.129752
vt 0.509762 0.959986
vt 0.523020 0.948305
vt 0.525782 0.957449
vt 0.618692 0.991929
vt 0.629590 0.999567
vt 0.617296 0.999847
vt 0.985642 0.980539
vt 0.985642 0.992050
vt 0.967858 0.982735
vt 0.960014 0.220543
vt 0.960014 0.195512
vt 0.968033 0.205874
vt 0.956726 0.952344
vt 0.872317 0.998939
vt 0.872317 0.986377
vt 0.887351 0.993042
vt 0.630379 0.989873
vt 0.941289 0.981305
vt 0.961795 0.974642
vt 0.960880 0.979909
vt 0.947572 0.909084
vt 0.958618 0.901349
vt 0.946710 0.923851
vt 0.985995 0.144394
vt 0.985995 0.128245
vt 0.997853 0.134241
vt 0.970782 0.990838
vt 0.986436 0.766781
vt 0.986436 0.750596
vt 0.993496 0.760507
vt 0.962393 0.661695
vt 0.963362 0.651627
vt 0.975677 0.654927
vt 0.803228 0.992296
vt 0.793492 0.999370
vt 0.793444 0.991330
vt 0.644584 0.730357
vt 0.077822 0.816037
vt 0.081401 0.827053
vt 0.067707 0.823921
vt 0.634030 0.757927
vt 0.288830 0.001713
vt 0.295587 0.011014
vt 0.287379 0.010480
vt 0.834871 0.759617
vt 0.186071 0.983384
vt 0.984566 0.537793
vt 0.990108 0.520455
vt 0.993097 0.526473
vt 0.221871 0.944751
vt 0.238726 0.952255
vt 0.237397 0.965675
vt 0.064831 0.804293
vt 0.969388 0.528063
vt 0.962444 0.506690
vt 0.977840 0.512187
vt 0.776269 0.635105
vt 0.979492 0.521163
vt 0.144213 0.642537
vt 0.144360 0.611442
vt 0.158458 0.647959
vt 0.201283 0.221007
vt 0.193373 0.179662
vt 0.203545 0.157848
vt 0.141591 0.596779
vt 0.526481 0.939451
vt 0.461227 0.015361
vt 0.651496 0.428536
vt 0.946294 0.089878
vt 0.955080 0.071036
vt 0.956300 0.099302
vt 0.665824 0.015035
vt 0.710093 0.014922
vt 0.684968 0.028439
vt 0.351630 0.902459
vt 0.364847 0.888116
vt 0.390416 0.902878
vt 0.221909 0.556008
vt 0.533584 0.961185
vt 0.189778 0.255330
vt 0.157420 0.270901
vt 0.159292 0.249326
vt 0.772371 0.652927
vt 0.973892 0.790056
vt 0.973892 0.814937
vt 0.957091 0.796173
vt 0.082502 0.844752
vt 0.548486 0.953870
vt 0.052441 0.459557
vt 0.052441 0.419053
vt 0.054755 0.445841
vt 0.960289 0.926845
vt 0.226876 0.989798
vt 0.226876 0.999923
vt 0.215121 0.996405
vt 0.549957 0.993013
vt 0.549379 0.977618
vt 0.558461 0.983231
vt 0.160331 0.308677
vt 0.978134 0.822881
vt 0.989407 0.821497
vt 0.993476 0.828038
vt 0.974648 0.156923
vt 0.962367 0.157566
vt 0.978895 0.151783
vt 0.705043 0.377946
vt 0.495912 0.345134
vt 0.973807 0.822951
vt 0.990461 0.828362
vt 0.984516 0.836374
vt 0.540413 0.991135
vt 0.958661 0.803002
vt 0.957909 0.824551
vt 0.948338 0.799532
vt 0.077811 0.621191
vt 0.645809 0.030740
vt 0.669697 0.026528
vt 0.689971 0.030545
vt 0.975392 0.257238
vt 0.967230 0.250390
vt 0.986759 0.250164
vt 0.976463 0.641632
vt 0.479254 0.990248
vt 0.492357 0.990248
vt 0.484654 0.998983
vt 0.680113 0.204747
vt 0.772312 0.174790
vt 0.776079 0.230007
vt 0.981570 0.263297
vt 0.961373 0.637865
vt 0.708112 0.030110
vt 0.479507 0.984416
vt 0.474947 0.998452
vt 0.465671 0.993306
vt 0.950094 0.421384
vt 0.957280 0.394566
vt 0.957395 0.423838
vt 0.008885 0.976508
vt 0.028315 0.970195
vt 0.024249 0.982815
vt 0.760711 0.979168
vt 0.777058 0.979408
vt 0.767949 0.989505
vt 0.758919 0.988983
vt 0.869072 0.023011
vt 0.867142 0.030831
vt 0.842984 0.028718
vt 0.001550 0.060510
vt 0.008548 0.055426
vt 0.008729 0.068412
vt 0.385866 0.888570
vt 0.199015 0.062123
vt 0.172428 0.058451
vt 0.150960 0.045036
vt 0.997183 0.153030
vt 0.989753 0.142803
vt 0.999478 0.135761
vt 0.004945 0.588948
vt 0.022465 0.581148
vt 0.007653 0.603385
vt 0.185221 0.847339
vt 0.196538 0.859933
vt 0.982864 0.682268
vt 0.966720 0.693998
vt 0.972263 0.681920
vt 0.384289 0.003977
vt 0.395936 0.003977
vt 0.395228 0.015113
vt 0.532808 0.995040
vt 0.526418 0.992963
vt 0.532013 0.979507
vt 0.058130 0.551916
vt 0.054454 0.534220
vt 0.057878 0.531822
vt 0.985429 0.474562
vt 0.997781 0.470548
vt 0.997929 0.484909
vt 0.498901 0.363684
vt 0.558813 0.499788
vt 0.565621 0.514625
vt 0.530109 0.504278
vt 0.564952 0.981663
vt 0.564952 0.961068
vt 0.579444 0.970795
vt 0.961815 0.807898
vt 0.676986 0.642600
vt 0.828540 0.736316
vt 0.146995 0.256672
vt 0.954799 0.634094
vt 0.946084 0.640197
vt 0.945752 0.613352
vt 0.457433 0.427722
vt 0.446000 0.362882
vt 0.457573 0.311387
vt 0.081233 0.632554
vt 0.047069 0.346254
vt 0.048750 0.378329
vt 0.036908 0.342180
vt 0.995676 0.760894
vt 0.987848 0.750119
vt 0.998936 0.752920
vt 0.980093 0.337798
vt 0.994455 0.337798
vt 0.989872 0.343064
vt 0.989997 0.555615
vt 0.978042 0.556451
vt 0.974271 0.544871
vt 0.942382 0.667954
vt 0.935880 0.657548
vt 0.961820 0.666054
vt 0.466121 0.380695
vt 0.826224 0.744875
vt 0.110453 0.475519
vt 0.110453 0.523013
vt 0.108343 0.496436
vt 0.961690 0.831928
vt 0.940414 0.825827
vt 0.940540 0.814670
vt 0.974880 0.826941
vt 0.983637 0.837377
vt 0.974757 0.847068
vt 0.037406 0.385637
vt 0.037406 0.347598
vt 0.047763 0.382270
vt 0.498804 0.764672
vt 0.572170 0.764672
vt 0.503536 0.771794
vt 0.757535 0.612831
vt 0.177196 0.099045
vt 0.983208 0.716169
vt 0.981213 0.722696
vt 0.964418 0.723381
vt 0.721336 0.971191
vt 0.713318 0.982641
vt 0.713554 0.962048
vt 0.028017 0.286593
vt 0.034636 0.281959
vt 0.034055 0.318139
vt 0.866269 0.990140
vt 0.862171 0.977529
vt 0.881343 0.977065
vt 0.955374 0.619533
vt 0.986931 0.228221
vt 0.998874 0.228221
vt 0.996351 0.243634
vt 0.710859 0.889440
vt 0.705216 0.903915
vt 0.692430 0.891128
vt 0.520146 0.509346
vt 0.079568 0.549835
vt 0.092089 0.548739
vt 0.083249 0.576084
vt 0.950152 0.056850
vt 0.951808 0.072278
vt 0.946381 0.067211
vt 0.989795 0.900575
vt 0.999437 0.897442
vt 0.993305 0.906240
vt 0.465853 0.360043
vt 0.947336 0.358783
vt 0.947336 0.329910
vt 0.955258 0.330329
vt 0.311885 0.062194
vt 0.339169 0.064581
vt 0.286871 0.062579
vt 0.154855 0.062483
vt 0.506771 0.999819
vt 0.506771 0.992838
vt 0.518192 0.995790
vt 0.997053 0.908236
vt 0.991498 0.613218
vt 0.986069 0.629927
vt 0.975217 0.612363
vt 0.494972 0.973445
vt 0.492053 0.956891
vt 0.496199 0.955581
vt 0.887805 0.030365
vt 0.947199 0.085098
vt 0.701594 0.774068
vt 0.773688 0.774068
vt 0.742967 0.785404
vt 0.718316 0.921622
vt 0.681586 0.921185
vt 0.413690 0.549081
vt 0.505638 0.541036
vt 0.530021 0.550006
vt 0.999350 0.227494
vt 0.988902 0.227494
vt 0.996024 0.221356
vt 0.058615 0.511227
vt 0.151482 0.194937
vt 0.964915 0.214563
vt 0.982332 0.219230
vt 0.961378 0.220582
vt 0.064307 0.620994
vt 0.064970 0.637041
vt 0.539380 0.516270
vt 0.095752 0.637229
vt 0.820203 0.826813
vt 0.842684 0.826813
vt 0.800870 0.864540
vt 0.204860 0.878603
vt 0.554113 0.747925
vt 0.519478 0.731775
vt 0.597350 0.731361
vt 0.432302 0.985566
vt 0.430896 0.972828
vt 0.450395 0.972828
vt 0.998443 0.158543
vt 0.991278 0.158543
vt 0.991328 0.153743
vt 0.813685 0.749341
vt 0.982847 0.315734
vt 0.982847 0.336738
vt 0.965269 0.326969
vt 0.080446 0.944864
vt 0.109960 0.943716
vt 0.083558 0.949309
vt 0.146561 0.250581
vt 0.134854 0.236249
vt 0.133258 0.218013
vt 0.161174 0.198505
vt 0.098353 0.377506
vt 0.081899 0.418426
vt 0.081066 0.374458
vt 0.520268 0.724754
vt 0.428337 0.724754
vt 0.486937 0.660953
vt 0.524015 0.894893
vt 0.504787 0.891503
vt 0.543181 0.891792
vt 0.603541 0.948719
vt 0.630429 0.948719
vt 0.616540 0.955833
vt 0.686656 0.907062
vt 0.066700 0.374944
vt 0.148190 0.198269
vt 0.602084 0.276074
vt 0.841642 0.865194
vt 0.565685 0.918696
vt 0.550079 0.924376
vt 0.530253 0.917523
vt 0.108620 0.951536
vt 0.792119 0.840191
vt 0.791785 0.861655
vt 0.985075 0.921621
vt 0.975083 0.921621
vt 0.985759 0.902134
vt 0.597069 0.747040
vt 0.299103 0.955982
vt 0.319787 0.949678
vt 0.327916 0.964965
vt 0.946692 0.697360
vt 0.946692 0.671616
vt 0.961644 0.696003
vt 0.750781 0.442908
vt 0.715200 0.333402
vt 0.747444 0.388931
vt 0.316453 0.967600
vt 0.016636 0.072802
vt 0.011975 0.059268
vt 0.035504 0.046140
vt 0.704900 0.517138
vt 0.704900 0.404006
vt 0.717028 0.517188
vt 0.006554 0.251410
vt 0.006554 0.220935
vt 0.011067 0.226425
vt 0.140442 0.951621
vt 0.141748 0.963700
vt 0.128319 0.960102
vt 0.997918 0.022305
vt 0.984894 0.031767
vt 0.982503 0.022075
vt 0.003496 0.745894
vt 0.008251 0.732830
vt 0.007663 0.761051
vt 0.115717 0.951867
vt 0.094383 0.593209
vt 0.437173 0.646722
vt 0.533458 0.646722
vt 0.533423 0.655285
vt 0.424917 0.764126
vt 0.498235 0.764126
vt 0.495633 0.769403
vt 0.353944 0.122330
vt 0.961776 0.670726
vt 0.368105 0.814983
vt 0.438062 0.814983
vt 0.420404 0.820357
vt 0.451140 0.985322
vt 0.918650 0.422570
vt 0.923000 0.472287
vt 0.917920 0.488345
vt 0.781234 0.026926
vt 0.766607 0.031252
vt 0.768350 0.011333
vt 0.031173 0.162412
vt 0.007132 0.170223
vt 0.004559 0.158215
vt 0.573334 0.004038
vt 0.588740 0.016965
vt 0.547824 0.017009
vt 0.414932 0.950778
vt 0.413104 0.971675
vt 0.402761 0.951214
vt 0.784824 0.862390
vt 0.400114 0.972374
vt 0.142450 0.914678
vt 0.120015 0.904216
vt 0.155560 0.904985
vt 0.132322 0.886880
vt 0.132322 0.833629
vt 0.158427 0.858554
vt 0.389277 0.957334
vt 0.790762 0.013004
vt 0.537962 0.932359
vt 0.524841 0.918288
vt 0.554028 0.926966
vt 0.038134 0.441597
vt 0.038134 0.477150
vt 0.026966 0.464440
vt 0.413002 0.225054
vt 0.318287 0.235039
vt 0.316724 0.223915
vt 0.366136 0.994418
vt 0.368024 0.977682
vt 0.376654 0.981883
vt 0.975578 0.901677
vt 0.444877 0.046400
vt 0.436180 0.022506
vt 0.444751 0.005485
vt 0.524923 0.938120
vt 0.553883 0.928710
vt 0.542898 0.941579
vt 0.746193 0.011392
vt 0.983461 0.586109
vt 0.996470 0.586109
vt 0.992955 0.602340
vt 0.523799 0.937317
vt 0.963058 0.480825
vt 0.970438 0.503539
vt 0.961036 0.505469
vt 0.173151 0.887328
vt 0.180757 0.890096
vt 0.166608 0.887090
vt 0.516296 0.174814
vt 0.495749 0.210404
vt 0.416645 0.176784
vt 0.206374 0.892330
vt 0.158958 0.893652
vt 0.980954 0.505688
vt 0.981781 0.512423
vt 0.965356 0.506142
vt 0.204743 0.209322
vt 0.203782 0.129396
vt 0.224006 0.137430
vt 0.957703 0.393714
vt 0.951254 0.394851
vt 0.953538 0.365795
vt 0.348456 0.464697
vt 0.317562 0.559777
vt 0.309400 0.477484
vt 0.334277 0.970392
vt 0.331262 0.961664
vt 0.335221 0.946887
vt 0.253006 0.940080
vt 0.221786 0.940080
vt 0.248406 0.936082
vt 0.644511 0.256541
vt 0.620595 0.265246
vt 0.528763 0.256046
vt 0.006422 0.660018
vt 0.026373 0.660018
vt 0.010745 0.690937
vt 0.511295 0.908791
vt 0.490462 0.935471
vt 0.520307 0.935471
vt 0.492792 0.943629
vt 0.066863 0.115037
vt 0.983561 0.229495
vt 0.977106 0.221802
vt 0.993526 0.221923
vt 0.329487 0.953368
vt 0.147898 0.977202
vt 0.166346 0.976603
vt 0.151992 0.985982
vt 0.961945 0.152708
vt 0.961945 0.128252
vt 0.971486 0.129935
vt 0.003630 0.779449
vt 0.007628 0.783448
vt 0.005166 0.807433
vt 0.218785 0.992244
vt 0.208870 0.999447
vt 0.202165 0.989784
vt 0.001857 0.208323
vt 0.011666 0.206593
vt 0.000081 0.218762
vt 0.352613 0.997923
vt 0.342427 0.997567
vt 0.352788 0.987882
vt 0.158141 0.992071
vt 0.323559 0.028349
vt 0.331644 0.003467
vt 0.336744 0.012563
vt 0.965734 0.355711
vt 0.958404 0.356095
vt 0.955950 0.332109
vt 0.504838 0.906356
vt 0.766693 0.750428
vt 0.712359 0.749454
vt 0.730938 0.747300
vt 0.713448 0.757594
vt 0.673621 0.977283
vt 0.676881 0.968325
vt 0.677334 0.983217
vt 0.978574 0.270319
vt 0.994994 0.270319
vt 0.982582 0.275936
vt 0.120551 0.903384
vt 0.157588 0.897735
vt 0.160898 0.903468
vt 0.339820 0.992059
vt 0.959311 0.195853
vt 0.959311 0.224607
vt 0.953073 0.224118
vt 0.079037 0.592914
vt 0.071060 0.591788
vt 0.137604 0.883111
vt 0.546473 0.255453
vt 0.546473 0.243323
vt 0.660575 0.251970
vt 0.153841 0.076843
vt 0.338311 0.922487
vt 0.350155 0.916964
vt 0.374366 0.921485
vt 0.956880 0.454010
vt 0.948633 0.431353
vt 0.956898 0.424600
vt 0.753644 0.962309
vt 0.746997 0.944047
vt 0.753737 0.935390
vt 0.004520 0.003513
vt 0.034638 0.003513
vt 0.010066 0.013619
vt 0.806556 0.868244
vt 0.526259 0.003594
vt 0.560822 0.008475
vt 0.541899 0.008376
vt 0.310753 0.916337
vt 0.314128 0.921157
vt 0.278139 0.918761
vt 0.525269 0.020880
vt 0.562347 0.004225
vt 0.176016 0.909160
vt 0.191373 0.904223
vt 0.191373 0.919076
vt 0.156155 0.904471
vt 0.972436 0.775143
vt 0.963932 0.780053
vt 0.965110 0.755924
vt 0.153391 0.887703
vt 0.164966 0.881679
vt 0.371703 0.000193
vt 0.379458 0.000193
vt 0.371588 0.007532
vt 0.791827 0.423448
vt 0.791827 0.517326
vt 0.779882 0.515484
vt 0.011626 0.218169
vt 0.789410 0.001149
vt 0.789410 0.011578
vt 0.779591 0.001243
vt 0.010249 0.512149
vt 0.010249 0.544141
vt 0.006393 0.535695
vt 0.597507 0.763010
vt 0.382206 0.008617
vt 0.078409 0.922047
vt 0.078453 0.906636
vt 0.093832 0.912233
vt 0.113466 0.906672
vt 0.972896 0.582826
vt 0.966467 0.563038
vt 0.980670 0.568989
vt 0.418915 0.921974
vt 0.382847 0.921974
vt 0.395410 0.918457
vt 0.184120 0.164707
vt 0.192339 0.160231
vt 0.148012 0.881162
vt 0.340919 0.889754
vt 0.373960 0.881661
vt 0.374736 0.886060
vt 0.703116 0.963763
vt 0.710406 0.941327
vt 0.710491 0.966161
vt 0.435987 0.891153
vt 0.491205 0.880752
vt 0.470999 0.891153
vt 0.777893 0.011105
vt 0.486013 0.971612
vt 0.482514 0.982378
vt 0.463082 0.975201
vt 0.395743 0.889252
vt 0.062633 0.973168
vt 0.083150 0.966740
vt 0.075481 0.975433
vt 0.588994 0.584238
vt 0.669176 0.537945
vt 0.696371 0.584424
vt 0.677255 0.924917
vt 0.668505 0.933882
vt 0.646199 0.937816
vt 0.098067 0.417852
vt 0.603305 0.961008
vt 0.603305 0.981723
vt 0.597380 0.966601
vt 0.645310 0.923173
vt 0.060266 0.966319
vt 0.066600 0.419473
vt 0.933556 0.734420
vt 0.942536 0.715163
vt 0.945543 0.768929
vt 0.934763 0.768416
vt 0.960505 0.852770
vt 0.970001 0.859418
vt 0.947278 0.859044
vt 0.380805 0.994254
vt 0.100664 0.930431
vt 0.066248 0.930431
vt 0.100061 0.923705
vt 0.332246 0.251137
vt 0.321494 0.248953
vt 0.328001 0.236322
vt 0.343671 0.966313
vt 0.366559 0.966313
vt 0.364485 0.975439
vt 0.658333 0.980461
vt 0.653429 0.995555
vt 0.643184 0.992160
vt 0.604043 0.950288
vt 0.609369 0.957894
vt 0.604390 0.973353
vt 0.790333 0.736775
vt 0.712515 0.733840
vt 0.164008 0.987818
vt 0.334932 0.510471
vt 0.367819 0.409255
vt 0.417882 0.505868
vt 0.013523 0.371199
vt 0.013523 0.397768
vt 0.003608 0.372555
vt 0.017888 0.081095
vt 0.009033 0.080786
vt 0.009635 0.055958
vt 0.314849 0.239515
vt 0.435863 0.881355
vt 0.266605 0.149678
vt 0.849560 0.648700
vt 0.843381 0.683737
vt 0.842560 0.641407
vt 0.743736 0.167661
vt 0.778433 0.166468
vt 0.788458 0.173488
vt 0.849527 0.682559
vt 0.843157 0.726680
vt 0.745395 0.174207
vt 0.700040 0.169036
vt 0.338439 0.142373
vt 0.370310 0.134670
vt 0.381361 0.141051
vt 0.942969 0.378418
vt 0.945920 0.344687
vt 0.945051 0.395330
vt 0.496149 0.124609
vt 0.453318 0.120086
vt 0.494145 0.119103
vt 0.387808 0.135785
vt 0.423676 0.139628
vt 0.228259 0.222372
vt 0.224386 0.236826
vt 0.228869 0.187660
vt 0.950717 0.207272
vt 0.952741 0.184142
vt 0.954324 0.212824
vt 0.508463 0.118171
vt 0.956259 0.455822
vt 0.951230 0.474594
vt 0.952098 0.445132
vt 0.529550 0.121188
vt 0.227635 0.266085
vt 0.946185 0.033919
vt 0.949557 0.037291
vt 0.947031 0.057123
vt 0.943984 0.407148
vt 0.317446 0.259687
vt 0.445189 0.224674
vt 0.465662 0.224674
vt 0.413942 0.231885
vt 0.260492 0.138681
vt 0.286156 0.132585
vt 0.304811 0.139375
vt 0.238730 0.138717
vt 0.520373 0.226715
vt 0.727308 0.452936
vt 0.727308 0.561749
vt 0.719095 0.452942
vt 0.983451 0.787520
vt 0.983451 0.770972
vt 0.994033 0.781681
vt 0.413937 0.223828
vt 0.160412 0.500944
vt 0.170749 0.532879
vt 0.154752 0.516495
vt 0.921015 0.685105
vt 0.919247 0.735724
vt 0.913123 0.706788
vt 0.264593 0.130781
vt 0.999281 0.090520
vt 0.991908 0.090520
vt 0.998379 0.082754
vt 0.912074 0.742847
vt 0.011021 0.040381
vt 0.011021 0.052619
vt 0.004643 0.048376
vt 0.517805 0.795551
vt 0.499135 0.801286
vt 0.468497 0.793076
vt 0.913085 0.689255
vt 0.513368 0.803106
vt 0.458321 0.799874
vt 0.714256 0.838978
vt 0.714256 0.823003
vt 0.771428 0.838019
vt 0.772772 0.821452
vt 0.632977 0.229005
vt 0.579013 0.245126
vt 0.580903 0.229005
vt 0.635729 0.244948
vt 0.230195 0.138035
vt 0.244485 0.123607
vt 0.229697 0.122330
vt 0.411768 0.208644
vt 0.266457 0.116132
vt 0.155615 0.558772
vt 0.170285 0.552261
vt 0.284933 0.116195
vt 0.122897 0.976565
vt 0.127714 0.991389
vt 0.122952 0.991620
vt 0.317163 0.839049
vt 0.371317 0.853560
vt 0.310523 0.853181
vt 0.523621 0.211810
vt 0.390941 0.923229
vt 0.393068 0.943108
vt 0.390698 0.951954
vt 0.949834 0.474102
vt 0.947376 0.464932
vt 0.948814 0.444645
vt 0.915577 0.678592
vt 0.524222 0.801318
vt 0.529932 0.794769
vt 0.753644 0.854025
vt 0.731702 0.846515
vt 0.772113 0.853561
vt 0.397416 0.854831
vt 0.374766 0.858825
vt 0.336798 0.858018
vt 0.599648 0.223481
vt 0.523840 0.212534
vt 0.635729 0.213919
vt 0.218705 0.285550
vt 0.218705 0.363984
vt 0.210565 0.345704
vt 0.163439 0.345385
vt 0.159445 0.368035
vt 0.158342 0.309509
vt 0.174012 0.308910
vt 0.606357 0.891150
vt 0.565866 0.887607
vt 0.622583 0.887685
vt 0.711444 0.004908
vt 0.752090 0.004908
vt 0.712610 0.020056
vt 0.716941 0.848084
vt 0.898071 0.007204
vt 0.876769 0.007204
vt 0.887310 0.004054
vt 0.407149 0.949795
vt 0.355172 0.883924
vt 0.403500 0.078152
vt 0.414775 0.068691
vt 0.456020 0.076861
vt 0.362232 0.169179
vt 0.672857 0.967445
vt 0.672857 0.985565
vt 0.666839 0.984627
vt 0.317676 0.365715
vt 0.318181 0.268321
vt 0.319133 0.182798
vt 0.325750 0.174912
vt 0.325903 0.198038
vt 0.270279 0.202566
vt 0.270315 0.178061
vt 0.293921 0.180793
vt 0.963145 0.297107
vt 0.948131 0.276441
vt 0.965232 0.270196
vt 0.160542 0.737544
vt 0.155164 0.740403
vt 0.150895 0.701614
vt 0.168378 0.701804
vt 0.275041 0.272469
vt 0.283669 0.282468
vt 0.283669 0.364619
vt 0.255245 0.342289
vt 0.473154 0.102211
vt 0.406924 0.102211
vt 0.424935 0.085748
vt 0.184396 0.750173
s 1
usemtl Material
f 979/1/1 1051/2/2 1052/3/3
f 979/4/4 1052/5/4 1055/6/4
f 1051/2/2 979/1/1 970/7/5
f 971/8/6 1051/9/7 1053/10/8
f 971/8/6 1053/10/8 1052/11/9
f 1051/12/10 981/13/10 1052/14/10
f 1053/15/8 1057/16/11 1063/17/12
f 1052/18/9 987/19/13 971/20/6
f 969/21/14 978/22/15 973/23/16
f 970/24/17 977/25/17 1051/26/17
f 1053/27/8 1100/28/18 944/29/19
f 1053/30/8 1098/31/20 1100/32/18
f 1053/30/8 1063/33/12 1098/31/20
f 1053/34/8 1051/35/7 1061/36/21
f 969/37/22 943/38/22 938/39/22
f 990/40/23 1051/41/23 977/42/23
f 943/43/24 1100/44/25 1069/45/26
f 1052/46/27 981/47/27 987/48/27
f 943/49/28 948/50/28 938/51/28
f 969/52/14 973/53/16 1051/54/7
f 943/55/24 1069/56/26 939/57/29
f 1100/44/25 1096/58/30 1069/45/26
f 969/59/14 1051/60/7 990/61/31
f 1100/32/18 1098/31/20 1099/62/32
f 1100/32/18 1099/62/32 1127/63/33
f 1100/64/34 943/65/34 944/66/34
f 969/21/14 938/67/35 978/22/15
f 971/20/36 987/19/13 1051/68/37
f 1052/69/9 1053/70/8 987/71/38
f 1054/72/39 1057/73/40 972/74/41
f 973/75/42 998/76/42 972/77/42
f 972/78/41 1057/79/40 973/80/43
f 973/81/44 978/82/44 998/83/44
f 971/84/45 976/85/45 1051/86/45
f 1098/31/20 1063/33/12 1097/87/46
f 1055/88/47 987/89/47 981/90/47
f 972/91/48 973/92/48 1054/93/48
f 1055/94/49 981/95/49 1071/96/49
f 1061/97/21 1051/54/7 973/53/16
f 1055/98/50 1071/99/51 979/100/52
f 981/101/53 1051/102/54 1000/103/55
f 941/104/56 938/105/56 948/106/56
f 974/107/57 1054/108/57 984/109/57
f 1056/110/58 1058/111/59 1065/112/60
f 1058/113/61 1098/114/61 1059/115/61
f 1058/116/59 1056/117/58 1060/118/62
f 941/119/63 945/120/64 940/121/65
f 998/122/66 938/123/66 949/124/66
f 974/125/67 998/126/68 984/127/68
f 1054/128/69 1060/129/70 1058/130/71
f 1056/131/72 941/132/72 942/133/72
f 1069/58/73 1064/134/73 1096/45/73
f 1053/34/8 1061/36/21 1057/135/11
f 1099/136/74 1127/137/74 1064/138/74
f 941/139/75 948/140/75 945/141/75
f 1100/142/76 1127/143/76 1096/144/76
f 1098/145/77 1058/146/77 1097/147/77
f 998/126/78 980/126/78 972/148/78
f 1058/116/79 1060/118/80 1059/149/81
f 1051/150/82 987/151/82 1000/152/82
f 1063/153/83 1066/154/84 1054/155/85
f 1052/156/86 1055/157/87 1101/158/87
f 1053/27/8 944/29/19 1102/159/88
f 938/160/89 998/161/89 978/162/89
f 974/163/90 1066/164/91 1054/165/92
f 1058/166/93 1060/167/70 1066/168/94
f 1058/166/71 1066/168/95 1054/169/69
f 1098/31/96 1097/87/97 1059/170/98
f 998/126/68 980/126/99 984/127/68
f 941/171/100 942/172/101 998/173/102
f 978/174/103 973/175/103 980/176/103
f 941/171/63 940/177/65 942/172/104
f 1051/178/105 975/179/105 976/180/105
f 1064/181/106 1099/182/106 1060/183/106
f 1057/184/11 1061/185/21 1070/186/107
f 1064/187/108 1096/188/108 1099/189/108
f 972/92/109 973/91/109 983/190/109
f 943/191/110 947/192/111 944/193/112
f 943/194/113 962/195/114 948/196/115
f 941/197/116 945/198/116 938/199/116
f 1054/200/117 1062/201/117 983/202/117
f 998/203/118 983/204/119 980/205/120
f 1063/153/83 1097/206/121 1066/154/84
f 1054/128/69 1066/207/94 1060/129/70
f 943/208/122 969/209/14 962/210/123
f 956/211/124 953/212/125 946/213/126
f 1054/155/127 1066/154/128 984/214/129
f 938/215/130 978/216/130 949/217/130
f 1058/130/131 1060/129/132 1064/218/133
f 998/203/134 980/205/135 949/219/136
f 1053/70/8 1070/220/137 987/71/38
f 1064/218/138 1060/129/139 1096/221/140
f 1054/165/141 1066/164/142 1097/222/143
f 1054/223/144 973/224/145 1062/225/146
f 943/208/110 962/210/147 947/226/111
f 1056/227/148 1067/228/149 1065/229/150
f 1105/230/151 1103/231/151 1104/232/151
f 1051/233/152 990/234/152 1000/235/152
f 1054/169/153 1066/168/154 1062/236/155
f 969/59/14 990/61/31 966/237/156
f 1057/73/40 1054/72/39 1063/238/157
f 1054/165/141 1097/222/143 1063/239/158
f 974/240/159 984/241/159 983/242/159
f 943/243/160 962/244/160 940/245/160
f 1065/112/60 1058/111/59 1060/246/62
f 1054/223/161 1062/225/162 1063/247/163
f 990/248/164 977/249/165 986/250/166
f 1067/251/167 1060/252/167 1064/253/167
f 974/254/168 984/255/168 1066/256/168
f 998/257/169 978/258/169 949/259/169
f 977/260/170 970/261/170 979/262/170
f 1056/227/171 1065/229/172 984/263/173
f 1052/264/174 987/265/175 1080/266/176
f 977/267/165 979/268/52 988/269/177
f 948/270/178 938/271/178 945/272/178
f 973/80/179 1057/79/180 985/273/181
f 1098/31/20 1059/170/98 1099/62/32
f 979/100/52 1071/99/51 988/274/177
f 941/119/100 998/275/102 949/276/182
f 1052/264/174 1080/266/176 1055/277/183
f 1064/188/184 1096/187/184 1127/278/184
f 942/279/185 980/280/185 998/281/185
f 1105/282/186 1110/283/186 1103/284/186
f 1056/117/58 1065/285/60 1060/118/62
f 969/209/14 966/286/156 962/210/123
f 1065/287/187 1067/288/187 1069/289/187
f 974/290/188 984/291/188 1056/292/188
f 1000/293/189 977/294/189 982/295/189
f 972/296/190 980/297/190 973/298/190
f 1058/299/191 1066/300/191 1097/301/191
f 981/302/192 987/303/192 1071/304/192
f 1104/305/193 1106/306/193 1105/307/193
f 977/267/165 988/269/177 986/308/166
f 1055/309/183 1080/310/176 987/311/194
f 1105/312/195 1106/313/195 1110/314/195
f 1099/62/32 1059/170/98 1127/63/196
f 943/55/24 939/57/29 962/315/197
f 956/211/124 946/213/126 950/316/198
f 1053/27/8 1102/159/88 1068/317/199
f 947/192/200 1032/318/201 944/193/202
f 945/120/64 941/119/100 949/276/182
f 1000/319/203 899/320/203 977/321/203
f 973/23/204 978/22/205 985/322/206
f 1067/323/207 1056/324/207 1069/325/207
f 981/326/208 982/327/208 987/328/208
f 1060/329/209 1099/330/209 1096/331/209
f 1057/332/210 1063/333/210 1062/334/210
f 1057/335/211 1062/336/211 973/337/211
f 1057/16/212 1076/338/213 1063/17/214
f 938/339/215 948/196/115 962/195/114
f 945/340/64 949/341/182 940/342/65
f 1053/343/216 1068/344/216 1070/345/216
f 987/346/38 1070/347/137 1080/348/217
f 979/349/218 970/350/218 991/351/218
f 1059/170/98 1097/87/97 1076/352/213
f 1056/353/219 984/354/219 1069/355/219
f 1104/356/220 1103/357/221 1120/358/222
f 1000/103/55 982/359/223 981/101/53
f 983/360/224 973/361/224 984/362/224
f 1065/363/225 1069/364/225 984/365/225
f 962/366/226 966/367/227 950/368/198
f 1110/369/228 1068/370/229 1102/371/88
f 1102/371/88 944/372/19 1110/369/228
f 1097/373/97 1063/17/214 1076/338/213
f 942/374/230 949/375/230 980/376/230
f 947/377/200 962/378/226 1032/379/201
f 949/341/182 942/380/104 940/342/65
f 962/366/226 946/213/126 953/212/125
f 962/366/226 950/368/198 946/213/126
f 944/381/231 1032/382/231 1031/383/231
f 1055/157/87 1107/384/232 1101/158/87
f 1059/170/98 1076/352/213 1127/63/196
f 1068/370/229 1110/369/228 1106/385/233
f 1104/356/220 1120/358/222 1106/386/233
f 944/372/19 1031/387/234 1110/369/228
f 938/339/215 962/195/114 978/388/205
f 966/389/235 951/390/236 952/391/237
f 950/392/238 966/393/238 963/394/238
f 1061/395/239 973/396/239 985/397/239
f 1057/398/240 1070/399/240 1076/400/240
f 956/401/124 957/402/241 953/403/125
f 953/403/125 957/402/241 962/404/226
f 978/388/205 962/195/114 985/405/206
f 951/390/236 954/406/242 952/391/237
f 1068/407/229 1119/408/243 1073/409/244
f 1068/370/229 1106/385/233 1108/410/245
f 1076/411/246 1057/412/246 1114/413/246
f 1102/414/247 1127/415/248 1068/416/249
f 1127/417/250 944/418/251 939/419/252
f 947/420/253 962/421/253 944/422/253
f 944/423/254 962/424/254 939/425/254
f 985/426/255 990/427/31 1061/428/256
f 1127/415/248 1076/429/257 1068/416/249
f 1073/409/244 1119/408/243 1030/430/258
f 1102/431/259 1109/432/259 1127/433/259
f 1103/357/221 1110/434/228 1120/358/222
f 1073/435/260 1037/436/260 951/437/260
f 1068/438/261 1076/439/261 1070/440/261
f 966/441/156 990/427/31 985/426/255
f 973/442/262 1114/443/262 1057/444/262
f 947/445/263 944/446/263 997/447/263
f 962/448/264 997/449/265 966/450/266
f 1080/451/267 987/452/267 1071/453/267
f 1071/99/268 987/454/269 988/274/177
f 1068/407/229 1118/455/270 1119/408/243
f 982/456/271 986/457/166 988/458/177
f 951/459/272 966/460/272 955/461/272
f 1076/462/273 999/463/274 985/464/275
f 1068/465/229 1073/466/244 1111/467/276
f 1069/56/26 1072/468/277 939/57/29
f 951/469/278 955/470/278 1073/471/278
f 952/391/237 963/472/279 966/389/235
f 939/419/252 1072/473/280 1127/417/250
f 947/474/281 997/449/265 962/448/264
f 987/475/269 982/456/271 988/458/177
f 973/397/282 985/396/282 1114/476/282
f 1114/477/283 959/478/284 999/479/285
f 988/480/286 1071/481/286 996/482/286
f 1096/483/287 1077/484/287 1072/485/287
f 1073/486/288 955/487/288 1111/488/288
f 1096/489/289 1127/490/289 1077/491/289
f 1076/492/273 1114/493/290 999/494/274
f 1068/495/291 1074/496/291 1112/497/291
f 989/498/292 1114/499/293 999/500/294
f 1114/501/295 989/502/295 960/503/295
f 960/504/296 939/505/296 1072/506/296
f 962/378/226 957/507/241 1032/379/201
f 1030/508/258 1037/509/297 1073/510/244
f 986/511/298 982/512/298 996/513/298
f 956/514/299 950/515/299 957/516/299
f 962/517/300 960/518/301 995/519/302
f 954/406/242 926/520/303 958/521/304
f 954/406/242 951/390/236 926/520/303
f 985/522/305 1076/523/305 1079/524/305
f 1119/408/243 1118/455/270 1030/430/258
f 1112/525/306 1075/526/306 1076/527/306
f 995/519/307 960/518/301 985/528/308
f 939/529/309 962/530/309 960/531/309
f 1114/532/310 1076/533/310 1112/534/310
f 1127/535/311 1076/536/311 1114/537/311
f 987/538/312 1001/539/312 1000/540/312
f 1068/541/313 1112/542/314 1102/543/314
f 1076/544/315 1080/545/315 1070/546/315
f 1031/547/316 1032/548/316 1113/549/316
f 959/478/284 1114/477/283 960/550/317
f 990/551/318 1078/552/318 1061/553/318
f 995/554/319 961/555/319 962/556/319
f 999/557/285 959/558/284 960/559/317
f 1127/560/320 1114/561/320 1077/562/320
f 962/517/321 961/563/322 960/518/323
f 1127/564/324 1115/565/324 1109/561/324
f 1072/473/280 1115/566/325 1127/417/250
f 989/567/326 999/568/326 960/569/326
f 960/570/327 1077/571/328 1114/572/329
f 1109/564/330 1127/561/330 1114/560/330
f 1114/573/331 1112/574/331 1109/575/331
f 995/576/332 985/577/332 961/578/332
f 1117/579/333 1123/580/333 1118/581/333
f 960/582/334 1114/493/335 1115/566/325
f 985/583/336 967/584/336 1076/585/336
f 1114/499/337 985/586/338 999/500/339
f 1057/79/180 967/587/340 985/273/181
f 1077/571/328 960/570/327 1072/588/341
f 1068/407/229 1108/589/245 1118/455/270
f 1115/566/325 1072/473/280 960/582/334
f 977/590/342 899/591/342 982/592/342
f 1068/593/343 1122/594/343 1074/595/343
f 1070/186/107 1061/185/21 1078/596/344
f 1127/597/345 1109/598/346 1076/599/347
f 958/521/304 963/472/279 952/391/237
f 991/600/348 994/601/348 970/602/348
f 1119/603/349 1118/604/349 1123/605/349
f 1057/606/180 1076/524/350 1079/523/351
f 1000/607/352 1001/608/352 1078/609/352
f 970/610/353 992/611/354 991/612/354
f 999/613/355 985/528/308 960/518/301
f 1070/347/356 1079/614/357 1080/348/358
f 1117/615/359 1116/616/359 1123/617/359
f 960/559/323 961/618/360 999/557/361
f 1117/619/362 1118/620/362 1116/621/362
f 1118/622/363 1119/623/363 1116/624/363
f 993/625/364 996/626/364 988/627/364
f 964/628/365 962/629/365 985/630/365
f 1106/631/233 1120/632/222 1121/633/366
f 950/634/367 963/635/279 924/636/368
f 1068/465/229 1111/467/276 1122/637/369
f 1000/638/370 1078/639/370 899/640/370
f 1120/632/222 1110/369/228 1034/641/371
f 991/612/354 992/611/354 994/642/372
f 951/643/236 1037/644/297 927/645/373
f 1106/631/233 1121/633/366 1108/646/245
f 1057/606/180 1079/523/351 967/647/340
f 964/648/374 985/519/374 995/528/374
f 1076/492/375 1115/566/325 1114/493/335
f 1070/649/376 1078/650/376 1079/651/376
f 966/450/266 997/449/265 965/652/377
f 1119/653/378 1123/654/378 1116/655/378
f 962/555/379 964/656/379 961/556/379
f 961/517/380 985/657/380 962/563/380
f 951/643/236 927/645/373 926/658/303
f 964/659/381 995/660/381 961/661/381
f 1109/598/382 1112/662/383 1076/599/384
f 1102/543/314 1112/542/314 1109/663/385
f 957/664/386 950/634/367 924/636/368
f 1115/665/387 1076/666/387 1109/667/387
f 944/668/388 1109/669/388 997/670/388
f 961/576/389 995/578/389 999/671/389
f 954/406/242 958/521/304 952/391/237
f 995/672/390 985/464/391 999/463/392
f 1076/673/393 967/674/393 1079/675/393
f 985/676/394 999/677/394 967/678/394
f 1079/679/395 985/584/395 967/583/395
f 1076/680/396 1079/681/396 1112/682/396
f 986/250/166 996/683/397 990/248/164
f 1108/589/245 1121/684/366 1118/455/270
f 996/685/397 982/686/398 1007/687/399
f 963/472/279 958/521/304 924/688/368
f 966/689/400 965/690/400 955/691/400
f 1110/369/228 1031/387/234 1034/641/371
f 1107/692/401 1161/693/401 1162/694/401
f 1112/695/402 1074/696/403 1079/697/404
f 958/521/304 926/520/303 924/688/368
f 1032/698/405 957/699/405 937/700/405
f 1120/632/222 1034/641/371 1121/633/366
f 965/701/406 967/702/406 1078/703/406
f 1112/695/407 1079/697/408 1109/704/409
f 1001/705/410 1079/706/410 1078/707/410
f 965/708/411 997/709/411 967/710/411
f 1109/704/409 1079/697/408 997/711/412
f 1079/712/413 967/713/413 997/714/413
f 957/664/386 924/636/368 937/715/414
f 1074/716/415 1122/717/415 1079/718/415
f 1078/719/416 990/248/164 996/683/397
f 1079/720/417 1122/721/417 1111/722/417
f 967/723/418 955/724/418 965/725/418
f 1111/726/419 955/727/419 967/728/419
f 1111/729/420 967/730/420 1079/731/420
f 1118/455/270 1121/684/366 1030/430/258
f 970/732/421 994/733/421 992/734/421
f 1107/735/422 1101/736/422 1162/737/422
f 926/738/423 923/739/423 924/740/423
f 1032/741/424 937/742/425 925/743/426
f 996/744/427 993/745/427 1002/746/427
f 1034/747/371 1031/748/234 1113/749/428
f 1080/750/429 1163/751/429 1128/752/429
f 1079/753/430 1001/754/431 1085/755/432
f 1113/756/428 1032/757/424 1033/758/433
f 926/759/303 927/760/373 923/761/434
f 924/762/435 923/763/434 857/764/436
f 1078/765/416 1005/766/437 899/767/438
f 1034/768/439 1205/769/439 1121/770/439
f 982/771/398 1003/772/440 1007/773/399
f 1079/614/357 1081/774/441 1080/348/358
f 1079/775/442 1085/776/442 1082/777/442
f 967/778/443 1005/779/443 1004/780/443
f 899/781/444 1003/772/440 982/771/398
f 1079/614/357 1085/782/445 1081/774/441
f 1005/783/446 1085/784/446 899/785/446
f 1128/786/447 1163/787/447 1159/788/447
f 1113/749/428 1040/789/448 1034/747/371
f 937/790/449 924/791/449 928/792/449
f 1008/793/450 1007/794/451 1082/795/452
f 1082/796/453 1007/797/453 899/798/453
f 1082/795/452 1085/799/454 1008/793/450
f 1085/800/455 1082/801/455 899/802/455
f 1078/803/416 996/804/397 1012/805/456
f 1001/754/431 1083/806/457 1085/755/432
f 1159/807/458 1163/808/458 1129/809/458
f 937/810/425 928/811/459 855/812/460
f 1121/813/461 1205/814/461 1124/815/461
f 1083/806/457 1001/754/431 987/816/462
f 1128/817/463 1129/818/463 1163/819/463
f 1078/803/416 1012/805/456 1005/820/437
f 1121/821/366 1124/822/464 1030/823/258
f 1128/824/465 1159/825/466 1129/826/467
f 1006/827/468 886/828/468 1002/829/468
f 899/830/469 1007/831/469 1005/832/469
f 996/804/397 901/833/470 1012/805/456
f 1080/310/471 1131/834/472 987/311/473
f 1034/835/474 1040/836/474 1205/837/474
f 1007/838/475 1009/839/475 1005/840/475
f 987/841/476 1158/842/476 1083/843/476
f 1030/823/258 1124/822/464 1126/844/477
f 1007/845/451 1008/846/450 1084/847/478
f 1007/845/451 1084/847/478 1009/848/479
f 1084/849/478 1008/850/450 1011/851/480
f 927/760/373 857/852/436 923/761/434
f 1008/850/450 1085/853/454 1011/851/480
f 1011/854/481 1005/855/481 1009/856/481
f 1011/857/480 1085/858/454 1005/859/482
f 1080/348/358 1081/774/441 1086/860/483
f 937/742/425 930/861/484 925/743/426
f 987/862/473 1131/863/472 1160/864/485
f 1084/865/486 1009/866/486 1011/867/486
f 1085/755/432 1083/806/457 1087/868/487
f 1032/741/424 925/743/426 1033/869/433
f 1080/870/488 1086/871/488 1131/872/488
f 1084/873/489 1010/874/490 1009/875/491
f 937/810/425 855/812/460 930/876/484
f 996/685/397 1007/687/399 891/877/492
f 1005/766/437 892/878/493 899/767/494
f 1124/879/495 1205/880/495 1126/881/495
f 1033/758/433 925/882/426 1035/883/496
f 1084/884/489 1011/885/497 1010/886/490
f 1081/887/498 1131/888/498 1086/889/498
f 1164/890/499 1165/891/500 1166/892/501
f 996/893/397 891/894/492 901/895/470
f 851/896/502 854/897/502 850/898/502
f 1011/899/503 1009/900/504 1018/901/505
f 987/902/473 1160/903/485 1158/904/506
f 924/905/507 858/906/507 928/907/507
f 1013/908/508 1021/909/509 1016/910/510
f 925/911/426 929/912/511 1035/913/496
f 1081/774/441 1085/782/445 1086/860/512
f 1005/820/437 902/914/513 892/915/493
f 1019/916/514 1011/917/514 1018/918/514
f 1009/900/504 889/919/515 1018/901/505
f 1165/920/500 1164/921/499 1167/922/516
f 1021/923/517 1088/924/518 1089/925/519
f 924/926/520 858/927/520 968/928/520
f 1165/929/500 1171/930/521 1166/931/501
f 1005/820/437 1012/805/456 902/914/513
f 901/932/522 902/933/522 1012/934/522
f 1010/886/523 1011/885/497 1134/935/524
f 850/936/525 852/937/525 851/938/525
f 925/911/426 930/939/484 929/912/511
f 1134/940/526 887/941/526 1010/942/526
f 1030/508/258 1038/943/527 1037/509/297
f 1165/929/500 1167/944/516 1171/930/521
f 1035/883/496 929/945/511 932/946/528
f 1164/921/499 1173/947/529 1167/922/516
f 1013/908/508 1016/910/510 1017/948/530
f 1011/949/531 1019/950/531 1134/951/531
f 1003/952/532 1009/953/532 889/954/532
f 1035/883/496 932/946/528 1033/758/433
f 1041/955/533 1036/956/533 936/957/533
f 1006/958/534 886/959/535 921/960/536
f 1169/961/537 1164/890/499 1166/892/501
f 1041/962/538 932/963/528 1036/964/539
f 931/965/540 927/966/373 1037/967/297
f 1021/968/509 1026/969/541 1016/970/510
f 1037/971/297 1088/972/518 931/973/540
f 1090/974/542 1091/975/542 1092/976/542
f 1010/874/490 889/977/543 1009/875/491
f 1030/978/544 1126/979/544 1040/980/544
f 1090/981/545 1019/982/545 1091/983/545
f 1088/984/546 1021/985/546 931/986/546
f 1037/971/297 1038/987/527 1088/972/518
f 1010/988/547 1018/989/547 889/990/547
f 1033/758/433 932/946/528 1042/991/548
f 1091/992/549 1093/993/549 1092/994/549
f 1013/995/550 1026/996/550 1021/997/550
f 1041/998/551 936/999/552 1039/1000/553
f 1030/508/258 1040/1001/554 1038/943/527
f 924/762/435 857/764/436 858/1002/555
f 851/1003/556 852/1004/556 872/1005/556
f 1017/1006/557 1014/1007/557 1013/1008/557
f 850/1009/558 853/1010/559 852/1011/560
f 931/965/540 1027/1012/561 1029/1013/562
f 1036/1014/563 932/1015/563 933/1016/563
f 1013/1017/564 1014/1018/564 1026/1019/564
f 936/1020/565 1036/1021/566 588/1022/567
f 850/1023/558 854/1024/568 853/1025/559
f 1016/970/510 1026/969/541 1015/1026/569
f 1016/1027/570 1015/1028/570 1017/1029/570
f 889/1030/571 891/1031/492 1003/1032/440
f 1091/1033/572 1019/1034/572 1093/1035/572
f 1033/758/433 1042/991/548 1113/756/428
f 1170/1036/573 1132/1037/574 1136/1038/575
f 1166/931/501 1171/930/521 1172/1039/576
f 1018/1040/577 892/1041/577 1019/1042/577
f 1019/1043/578 1020/1044/578 1091/1045/578
f 1132/1037/574 1086/1046/579 1136/1038/575
f 1088/924/518 1092/1047/580 1089/925/519
f 1088/972/518 1038/987/527 1092/1048/580
f 933/1049/581 588/1022/567 1036/1021/566
f 1010/1050/582 887/1051/583 888/1052/584
f 1026/969/541 1014/1053/585 1015/1026/569
f 851/1054/586 867/1055/587 854/1056/568
f 892/1057/588 1022/1058/588 1019/1059/588
f 1092/1048/580 1038/987/527 1125/1060/589
f 1021/1061/590 1026/1062/591 931/965/540
f 1164/1063/499 1175/1064/592 1204/1065/593
f 1083/1066/594 1158/1067/594 1087/1068/594
f 1090/1069/595 1092/1070/595 1093/1071/595
f 1021/1072/517 1089/1073/519 1026/1074/596
f 1081/1075/597 1130/1076/597 1131/1077/597
f 1089/1073/519 1025/1078/598 1026/1074/596
f 931/965/540 1026/1062/591 1027/1012/561
f 1166/931/501 1172/1039/576 1168/1079/599
f 1019/1080/600 1022/1081/600 1018/1082/600
f 1090/1083/601 1093/1084/601 1019/1085/601
f 929/912/511 930/939/484 932/1086/528
f 1039/1000/553 1046/1087/602 1041/998/551
f 889/1088/603 890/1089/603 891/1090/603
f 858/1091/604 855/812/460 928/811/459
f 894/1092/605 896/1093/606 895/1094/607
f 1164/1095/499 1204/1096/593 1173/1097/529
f 1164/1063/499 1169/1098/537 1175/1064/592
f 1081/1099/608 1086/1100/608 1130/1101/608
f 1089/925/519 1142/1102/609 1025/1103/598
f 930/939/484 933/1104/581 932/1086/528
f 931/965/540 1029/1013/562 857/1105/436
f 1018/1106/610 1010/1107/582 888/1108/584
f 1040/1109/554 1126/1110/611 1038/987/527
f 1015/1111/612 1014/1112/612 1025/1113/612
f 853/1010/559 856/1114/613 852/1011/560
f 857/1105/436 927/966/373 931/965/540
f 889/1115/614 1003/1116/614 1023/1117/614
f 1038/987/527 1126/1110/611 1125/1060/589
f 851/1054/586 872/1118/615 884/1119/616
f 1018/1106/617 888/1108/584 893/1120/618
f 1089/925/519 1092/1047/580 1142/1102/609
f 1113/756/428 1042/991/548 1040/1121/448
f 1003/1122/619 899/1123/619 1023/1124/619
f 930/876/484 855/812/460 934/1125/620
f 1041/962/538 1042/1126/548 932/963/528
f 892/1127/621 1028/1128/622 1022/1129/623
f 930/876/484 934/1125/620 933/1130/581
f 1019/1131/624 1020/1132/624 1024/1133/624
f 1015/1134/625 1025/1135/626 1017/1136/627
f 1134/1137/628 1094/1138/628 887/1139/628
f 902/1140/629 892/1141/629 895/1142/629
f 934/1143/630 855/1144/630 593/1145/630
f 855/1146/460 858/1147/604 935/1148/631
f 895/1094/607 896/1093/606 892/1149/632
f 1026/1150/633 1022/1151/633 1025/1152/633
f 1017/1153/634 1025/1154/634 1014/1155/634
f 894/1156/605 897/1157/635 896/1158/606
f 1026/1159/591 906/1160/636 1027/1161/561
f 884/1119/616 867/1055/587 851/1054/586
f 1132/1162/637 1170/1163/637 1139/1164/637
f 852/1011/560 856/1114/613 859/1165/638
f 1125/1166/639 1126/1167/639 1205/1168/639
f 1029/1013/562 935/1169/640 857/1105/436
f 1171/1170/521 1204/1171/641 1172/1172/576
f 856/1173/613 867/1174/642 884/1175/643
f 1022/1176/644 892/1177/644 1018/1178/644
f 1173/1097/529 1204/1096/593 1176/1179/645
f 857/1180/646 935/1181/646 858/1182/646
f 1204/1183/647 1175/1184/647 1172/1185/647
f 1022/1186/648 1025/1187/648 1028/1188/648
f 855/1146/460 935/1148/631 593/1189/649
f 1173/1190/529 1174/1191/650 1167/1192/516
f 854/1024/568 885/1193/651 853/1025/559
f 1132/1194/574 1139/1195/652 1086/1196/579
f 856/1173/653 884/1175/653 859/1197/653
f 1041/1198/654 602/1199/654 1042/1200/654
f 1136/1038/575 1086/1046/579 1135/1201/655
f 1027/1161/561 906/1160/636 1029/1202/562
f 1087/1203/487 1158/1204/656 1133/1205/657
f 1046/1087/602 602/1206/658 1041/998/551
f 1092/1047/580 1125/1207/589 1142/1102/609
f 1026/1208/659 1025/1209/659 906/1210/659
f 1029/1211/562 906/1212/636 935/1213/640
f 1018/1214/660 892/1215/660 893/1216/660
f 933/1217/581 590/1218/661 588/1219/567
f 1204/1220/662 1180/1221/662 1175/1222/662
f 884/1223/663 860/1224/664 867/1225/665
f 1134/1226/666 1095/1227/667 1094/1228/668
f 934/1229/620 590/1218/661 933/1217/581
f 881/1230/669 856/1114/613 853/1010/559
f 894/1231/670 895/1232/670 897/1233/670
f 935/1234/631 697/1235/671 593/1236/649
f 1129/826/672 1159/825/673 1177/1237/674
f 1125/1238/675 1205/1239/675 1142/1240/675
f 1204/1096/676 1180/1241/677 1176/1179/678
f 1139/1195/652 1135/1242/655 1086/1196/579
f 1018/1106/679 893/1120/618 913/1243/680
f 1204/1171/641 1171/1170/521 1176/1244/681
f 936/1245/682 588/1246/682 596/1247/682
f 1039/1000/553 591/1248/683 1046/1087/602
f 892/1249/632 896/1250/606 897/1251/635
f 1018/1252/684 913/1253/684 1019/1254/684
f 860/1224/664 868/1255/685 867/1225/665
f 892/1256/686 1022/1257/687 898/1258/688
f 886/1259/689 1006/1260/689 865/1261/689
f 1139/1262/690 1149/1263/690 1135/1264/690
f 1135/1265/655 1149/1266/691 1136/1267/575
f 880/1268/692 859/1269/693 884/1270/694
f 1046/1271/695 1043/1272/695 1044/1273/695
f 852/1011/560 859/1165/638 874/1274/696
f 899/1275/494 892/1276/493 900/1277/697
f 899/1275/494 900/1277/697 1023/1278/698
f 1159/825/673 1137/1279/699 1177/1237/674
f 1134/1280/700 1019/1281/700 1095/1282/700
f 1175/1283/701 1186/1284/701 1180/1285/701
f 1094/1228/668 1138/1286/702 887/1287/583
f 1022/1129/687 1028/1128/622 913/1288/703
f 1046/1289/704 1048/1290/704 1043/1291/704
f 1172/1292/705 1175/1293/705 1168/1294/705
f 1039/1000/553 936/1295/552 591/1248/683
f 1180/1241/706 1196/1296/707 1176/1179/708
f 1130/1297/709 1160/864/485 1131/863/472
f 854/1056/568 867/1055/587 885/1298/651
f 889/1030/710 1023/1299/698 891/1031/492
f 1006/1300/534 905/1301/711 865/1302/712
f 1086/1303/512 1085/1304/445 1153/1305/713
f 892/1306/621 898/1307/714 1028/1308/622
f 895/1309/715 892/1310/715 897/1311/715
f 1129/1312/716 1177/1313/716 1179/1314/716
f 901/1315/470 710/1316/717 902/1317/718
f 892/1249/719 897/1251/720 915/1318/721
f 902/1319/718 917/1320/722 892/1321/723
f 1170/1322/724 1149/1323/725 1139/1324/726
f 1166/1325/501 1194/1326/727 1169/1327/537
f 886/959/535 903/1328/728 921/960/536
f 1025/1329/729 1142/1330/729 904/1331/729
f 856/1332/613 875/1333/730 867/1334/642
f 1025/1335/731 1017/1336/731 1028/1337/731
f 1159/1338/732 1141/1339/732 1137/1340/732
f 903/1341/733 886/1342/733 865/1343/733
f 1017/1136/734 1025/1135/735 1024/1344/736
f 1046/1345/737 1043/1346/737 1045/1347/737
f 856/1332/613 881/1348/669 875/1333/730
f 1025/1349/738 904/1350/739 698/1351/740
f 884/1352/741 867/1353/742 868/1354/743
f 1170/1355/744 1136/1356/744 1149/1357/744
f 1173/1097/529 1178/1358/745 1174/1359/650
f 1129/1360/746 1141/1361/746 1159/1362/746
f 1129/1363/747 1179/1364/748 1141/1365/749
f 1194/1326/727 1193/1366/750 1169/1327/537
f 1166/931/501 1168/1079/599 1194/1367/727
f 1006/1368/534 921/1369/536 905/1370/711
f 1017/1371/734 1024/1372/736 1028/1373/751
f 1025/1374/752 1028/1375/752 904/1376/752
f 1025/1349/738 698/1351/740 906/1377/636
f 872/1378/753 852/1379/753 861/1380/753
f 1176/1381/754 1196/1382/754 1197/1383/754
f 1086/1303/512 1153/1305/713 812/1384/755
f 884/1352/741 879/1385/756 880/1386/757
f 884/1352/741 868/1354/743 879/1385/756
f 936/1295/552 596/1387/758 591/1248/683
f 934/1229/620 589/1388/759 590/1218/661
f 884/1223/663 880/1389/760 860/1224/664
f 1173/1097/529 1176/1179/645 1178/1358/745
f 1025/1390/761 904/1391/761 1024/1392/761
f 1205/1393/762 1151/1394/762 1142/1395/762
f 1171/930/521 1167/944/516 1188/1396/763
f 1141/1397/764 1140/1398/765 905/1301/766
f 1176/1399/767 1171/1400/767 1197/1401/767
f 1176/1402/768 1197/1403/769 1180/1404/770
f 1019/1405/771 913/1406/771 1095/1407/771
f 1169/1098/537 1193/1408/750 814/1409/772
f 901/895/470 891/894/492 710/1410/717
f 862/1411/773 866/1412/773 863/1413/773
f 1140/1414/765 1141/1415/764 910/1416/774
f 1169/1098/537 814/1409/772 1175/1064/592
f 1167/1192/516 1174/1191/650 1188/1417/763
f 1171/1418/775 1187/1419/775 1197/1420/775
f 1046/1421/776 1047/1422/776 1048/1423/776
f 1045/1424/777 1043/1425/778 1047/1426/779
f 1181/1427/780 1184/1428/780 1182/1429/780
f 1179/1430/781 1181/1431/781 1182/1432/781
f 898/1433/782 900/1434/782 892/1435/782
f 1177/1436/783 1181/1437/783 1179/1438/783
f 1141/1439/784 905/1440/784 910/1441/784
f 1086/1442/785 812/1443/785 1130/1444/785
f 905/1301/711 1140/1398/786 865/1302/712
f 864/1445/787 865/1446/787 866/1447/787
f 867/1448/788 868/1449/788 875/1450/788
f 1046/1451/789 1045/1452/789 1047/1453/789
f 1043/1425/778 1048/1454/790 1047/1426/779
f 1181/1455/791 1177/1456/792 1183/1457/793
f 1182/1458/794 1184/1459/795 1183/1457/793
f 1141/1365/749 1179/1364/748 1147/1460/796
f 1141/1461/797 910/1462/797 1137/1463/797
f 1185/1464/798 1181/1465/799 1190/1466/800
f 907/1467/801 877/1468/801 897/1469/801
f 1185/1470/798 1183/1457/802 1181/1471/799
f 865/1472/803 863/1473/804 866/1474/805
f 588/1475/567 590/1476/661 596/1477/806
f 1046/1087/602 591/1248/683 602/1206/658
f 877/1478/807 907/1479/807 909/1480/807
f 1175/1481/808 1200/1482/808 1186/1483/808
f 1180/1404/770 1197/1403/769 1186/1484/809
f 1196/1296/707 1180/1241/706 1198/1485/810
f 906/1212/636 720/1486/811 935/1213/640
f 1095/1227/667 1138/1286/702 1094/1228/668
f 1028/1487/622 908/1488/812 707/1489/813
f 907/1490/814 897/1491/814 909/1492/814
f 868/1255/685 860/1224/664 882/1493/815
f 880/1268/692 871/1494/816 859/1269/693
f 869/1495/817 877/1496/817 909/1497/817
f 872/1118/615 873/1498/818 884/1119/616
f 885/1499/651 870/1500/819 853/1501/559
f 905/1502/820 1140/1503/820 910/1504/820
f 905/1370/711 921/1369/536 1140/1505/821
f 1180/1241/706 1186/1506/822 1198/1485/823
f 1028/1308/622 898/1307/714 908/1507/812
f 1171/930/521 1188/1396/763 1187/1508/824
f 1174/1509/650 1178/1510/745 1188/1511/763
f 1181/1465/799 1183/1512/802 1190/1466/800
f 880/1513/825 884/1514/825 871/1515/825
f 1142/1516/826 1151/1517/826 810/1518/826
f 1022/1257/687 900/1519/827 898/1258/688
f 885/1520/651 867/1521/587 870/1522/819
f 1142/1523/828 810/1524/829 705/1525/830
f 935/1526/831 720/1527/831 711/1528/831
f 887/1051/583 709/1529/832 888/1052/584
f 1028/1487/622 707/1489/813 913/1530/703
f 1143/1531/833 1144/1532/833 810/1533/833
f 894/1156/834 720/1534/835 897/1157/836
f 902/1317/718 710/1316/717 917/1535/722
f 893/1120/618 707/1536/837 913/1243/680
f 1182/1537/794 1147/1460/796 1179/1364/748
f 1040/1538/838 1049/1539/838 1050/1540/838
f 866/1541/839 864/1542/839 862/1543/839
f 1175/1544/840 1200/1545/841 1168/1546/842
f 867/1521/587 878/1547/843 870/1522/819
f 1130/1297/709 1145/1548/844 1160/864/485
f 912/1549/845 900/1519/827 1022/1257/687
f 872/1550/846 861/1551/846 873/1552/846
f 1085/1553/432 1087/1203/487 1146/1554/847
f 859/1269/638 871/1494/816 874/1555/696
f 1185/1470/798 1190/1556/800 1183/1457/802
f 602/1557/658 591/1558/683 592/1559/848
f 888/1052/584 709/1529/832 708/1560/849
f 1189/1561/850 1190/1562/850 1185/1563/850
f 865/1564/851 918/1565/851 903/1566/851
f 880/1567/760 871/1568/852 860/1569/664
f 1205/1570/853 815/1571/853 1151/1572/853
f 874/1274/696 861/1573/854 852/1011/560
f 1141/1415/749 1147/1574/796 910/1416/855
f 888/1108/584 708/1575/849 893/1120/618
f 875/1576/730 881/1577/669 876/1578/856
f 1181/1471/857 1183/1457/793 1184/1459/795
f 1182/1458/794 1183/1457/793 1147/1579/796
f 877/1580/858 909/1581/858 897/1582/858
f 892/1321/723 917/1320/722 911/1583/859
f 934/1584/620 593/1585/860 589/1586/759
f 1022/1587/687 707/1588/861 912/1589/845
f 865/1472/862 866/1474/863 918/1590/864
f 1024/1372/736 904/1591/865 1028/1373/751
f 865/1592/866 1140/1593/866 918/1594/866
f 913/1595/703 707/1588/861 1022/1587/687
f 915/1596/867 727/1597/867 897/1598/867
f 860/1569/664 871/1568/852 882/1599/815
f 875/1600/868 878/1601/868 867/1602/868
f 1042/1603/548 599/1604/869 1040/1605/448
f 1147/1579/796 1183/1457/793 1177/1456/792
f 914/1606/870 707/1536/837 893/1120/618
f 887/1287/583 1138/1286/702 709/1607/832
f 596/1608/871 594/1609/872 591/1610/873
f 1087/1203/487 1133/1205/657 1146/1554/847
f 893/1120/618 708/1575/849 914/1606/870
f 853/1501/559 870/1500/819 699/1611/874
f 868/1612/875 875/1601/876 878/1600/875
f 1197/1613/877 1187/1614/877 1199/1615/877
f 591/1616/873 595/1617/878 596/1618/871
f 1143/1619/879 1148/1620/879 1144/1621/879
f 1186/1622/880 1198/1623/880 1200/1624/880
f 1144/1625/881 1148/1626/882 810/1627/883
f 1168/1079/599 1191/1628/884 1192/1629/885
f 1149/1630/886 1150/1631/886 1151/1632/886
f 884/1119/616 873/1498/818 871/1633/887
f 1142/1523/828 705/1525/830 904/1634/739
f 1168/1546/599 1200/1545/841 1191/1635/884
f 916/1636/888 920/1637/888 700/1638/888
f 879/1639/756 882/1640/889 880/1641/757
f 1205/1642/890 1040/1643/891 815/1644/892
f 721/1645/893 722/1646/894 1095/1227/667
f 596/1647/871 608/1648/895 598/1649/896
f 898/1258/897 900/1519/898 915/1650/899
f 1199/1651/900 1187/1508/824 1188/1396/763
f 876/1578/856 878/1652/901 875/1576/730
f 913/1653/902 707/1654/902 721/1655/902
f 913/1656/903 721/1657/903 1095/1658/903
f 1095/1227/667 722/1646/894 1138/1286/702
f 1177/1237/674 1137/1279/699 824/1659/904
f 1177/1237/674 824/1659/904 823/1660/905
f 1177/1661/906 823/1662/906 1147/1663/906
f 1023/1299/698 723/1664/907 891/1031/492
f 906/1212/636 916/1665/908 720/1486/811
f 1186/1484/809 1197/1403/769 1198/1666/909
f 1193/1667/910 1194/1668/910 814/1669/910
f 879/1385/756 868/1354/743 882/1670/911
f 906/1377/636 698/1351/740 916/1671/908
f 602/1672/912 599/1604/869 1042/1603/548
f 868/1612/875 878/1600/875 882/1673/913
f 710/1674/914 714/1675/915 917/1676/916
f 591/1610/873 594/1609/872 597/1677/917
f 918/1678/918 728/1679/918 903/1680/918
f 1133/1205/657 1152/1681/919 1146/1554/847
f 898/1307/714 900/1682/920 908/1507/812
f 594/1609/872 596/1608/871 598/1683/896
f 880/1684/921 882/1685/921 871/1686/921
f 711/1687/922 697/1235/671 935/1234/631
f 916/1688/923 919/1689/923 920/1690/923
f 903/1328/728 728/1691/924 921/960/536
f 916/1692/908 698/1693/740 919/1694/925
f 874/1274/696 883/1695/926 861/1573/854
f 861/1573/854 883/1695/926 719/1696/927
f 1085/1697/928 811/1698/928 1153/1699/928
f 1188/1511/763 1178/1510/745 1195/1700/929
f 1137/1701/930 910/1702/930 824/1703/930
f 878/1547/843 702/1704/931 870/1522/819
f 608/1705/895 596/1618/871 606/1706/932
f 1135/1265/933 1154/1707/934 1149/1266/935
f 591/1616/873 597/1708/917 595/1617/878
f 1198/1709/936 1197/1710/936 1196/1711/936
f 878/1652/901 876/1578/856 883/1712/937
f 1176/1179/645 1197/1713/938 1178/1358/745
f 1197/1714/939 1200/1715/939 1198/1716/939
f 910/1416/855 1147/1574/796 824/1717/940
f 720/1718/811 916/1692/908 919/1694/925
f 908/1719/941 904/1720/941 707/1721/941
f 1040/1722/891 1050/1723/942 849/1724/943
f 1140/1725/821 922/1726/944 918/1727/945
f 853/1010/559 699/1728/874 881/1230/669
f 1085/1729/946 1146/1730/946 811/1731/946
f 870/1732/947 702/1733/947 699/1734/947
f 916/1735/948 700/1736/948 919/1737/948
f 876/1738/949 881/1739/949 883/1740/949
f 1140/1741/821 921/1742/536 922/1743/944
f 1024/1744/950 701/1745/950 721/1746/950
f 1023/1278/698 900/1277/697 706/1747/951
f 1130/1748/952 1156/1749/952 1145/1750/952
f 1175/1064/592 814/1409/772 1200/1751/953
f 810/1752/954 1151/1753/955 1155/1754/956
f 1130/1755/957 812/1756/957 1156/1757/957
f 920/1758/958 919/1759/958 700/1760/958
f 892/1761/723 704/1762/959 900/1763/697
f 892/1761/723 911/1764/859 704/1762/959
f 878/1547/843 871/1765/960 702/1704/931
f 1040/1766/961 599/1767/961 1049/1768/961
f 1170/1322/962 1151/1769/963 1149/1323/964
f 1153/1305/713 811/1770/965 812/1384/755
f 878/1771/966 882/1772/966 871/1773/966
f 596/1618/871 595/1617/878 600/1774/967
f 1168/1079/599 1192/1629/885 1194/1367/727
f 810/1775/968 1155/1776/968 1143/1777/968
f 1143/1778/969 1155/1779/969 1148/1780/969
f 702/1781/970 871/1782/970 703/1783/970
f 921/1784/971 728/1785/971 922/1786/971
f 596/1618/871 600/1774/967 606/1706/932
f 861/1787/972 719/1788/972 873/1789/972
f 914/1790/870 726/1791/973 707/1792/837
f 1197/1793/974 1199/1794/974 1200/1795/974
f 1200/1751/953 814/1409/772 1203/1796/975
f 897/1797/976 720/1798/976 727/1799/976
f 598/1800/896 619/1801/977 594/1609/872
f 810/1627/883 1148/1626/882 1155/1802/978
f 1145/1803/979 1156/1804/979 1160/1805/979
f 881/1230/669 699/1728/874 883/1806/980
f 1188/1396/763 1195/1807/929 1199/1651/900
f 871/1808/981 878/1809/981 874/1810/981
f 897/1811/982 727/1812/982 715/1813/982
f 1197/1814/983 1200/1751/953 1203/1796/975
f 878/1815/984 883/1816/984 874/1817/984
f 1191/1818/985 1200/1819/985 1199/1820/985
f 723/1821/907 1023/1822/698 744/1823/986
f 918/1727/945 922/1726/944 728/1824/987
f 1178/1358/745 1197/1713/938 1201/1825/988
f 911/1583/859 917/1320/722 704/1826/959
f 811/1827/989 818/1828/989 812/1829/989
f 1147/1574/796 823/1830/990 824/1717/940
f 707/1831/991 908/1832/991 912/1833/991
f 1149/1266/935 1154/1707/934 1150/1834/992
f 904/1835/739 819/1836/993 698/1837/740
f 597/1838/917 601/1839/994 595/1617/878
f 608/1648/895 604/1840/995 598/1649/896
f 812/1841/996 818/1842/996 813/1843/996
f 897/1844/997 715/1845/997 720/1846/997
f 591/1558/683 596/1477/806 590/1476/661
f 704/1847/998 917/1848/998 712/1849/998
f 912/1850/999 908/1851/999 900/1852/999
f 1191/1628/884 1195/1853/929 1192/1629/885
f 917/1854/916 714/1855/915 712/1856/1000
f 1138/1286/702 722/1646/894 709/1607/832
f 1191/1628/884 1199/1857/900 1195/1853/929
f 1156/1858/1001 812/1859/1001 813/1860/1001
f 1155/1754/956 1151/1753/955 705/1861/830
f 904/1835/739 705/1862/830 819/1836/993
f 1040/1643/891 849/1863/943 815/1644/892
f 814/1864/1002 1202/1865/1002 1203/1866/1002
f 900/1867/697 704/1868/959 706/1869/951
f 597/1677/917 594/1609/872 620/1870/1003
f 919/1694/925 698/1693/740 720/1718/811
f 871/1633/887 873/1498/818 703/1871/1004
f 699/1872/1005 718/1873/1005 883/1874/1005
f 810/1752/829 1155/1754/956 705/1861/830
f 914/1790/870 725/1875/1006 726/1791/973
f 1178/1510/745 1201/1876/988 1195/1700/929
f 707/1877/1007 726/1878/1007 721/1879/1007
f 815/1880/1008 816/1881/1009 1151/1882/1010
f 708/1883/849 709/1884/832 722/1885/894
f 602/1886/1011 592/1887/1011 599/1888/1011
f 708/1889/849 725/1875/1006 914/1790/870
f 601/1839/994 597/1838/917 618/1890/1012
f 1197/1713/938 1202/1891/1013 1201/1825/988
f 600/1774/967 595/1617/878 603/1892/1014
f 708/1883/849 722/1885/894 725/1893/1006
f 1160/1894/1015 1152/1681/919 1133/1205/657
f 710/1410/717 891/894/492 723/1895/907
f 1133/1894/1016 1160/1205/1016 1157/1896/1016
f 1197/1897/1017 1203/1898/1017 1202/1899/1017
f 1023/1822/698 706/1900/951 744/1823/986
f 819/1836/993 832/1901/1018 698/1837/740
f 619/1801/977 614/1902/1019 594/1609/872
f 710/1903/1020 723/1904/1020 714/1905/1020
f 1049/1906/1021 599/1907/1022 1050/1908/942
f 1151/1753/955 822/1909/1023 705/1861/830
f 1160/1910/1015 1156/1911/1024 1152/1912/1025
f 720/1913/811 609/1914/1026 711/1915/922
f 712/1916/1027 715/1917/1027 704/1918/1027
f 598/1800/896 604/1919/995 619/1801/977
f 813/1920/1028 818/1921/1028 1156/1922/1028
f 727/1923/1029 720/1924/1030 713/1925/1031
f 814/1926/1032 1194/1927/727 1202/1928/1013
f 712/1929/1033 714/1930/1033 715/1931/1033
f 595/1617/878 601/1839/994 603/1892/1014
f 815/1932/1034 822/1933/1034 816/1934/1034
f 614/1902/1019 620/1870/1003 594/1609/872
f 702/1935/1035 703/1936/1036 699/1937/1036
f 1146/1938/1037 1152/1939/1037 742/1940/1037
f 1150/1941/1038 1151/1882/1039 817/1942/1040
f 704/1868/959 715/1943/1041 716/1944/1042
f 715/1945/1043 717/1946/1044 720/1947/1045
f 883/1948/1046 718/1949/1046 719/1950/1046
f 711/1951/1047 738/1952/1048 720/1953/1049
f 721/1954/1050 726/1955/1050 722/1956/1050
f 1202/1928/1013 1194/1927/727 1192/1957/885
f 711/1687/922 609/1958/1026 697/1235/671
f 720/1913/811 698/1837/740 609/1914/1026
f 716/1944/1042 706/1869/951 704/1868/959
f 726/1959/1051 725/1893/1006 722/1885/894
f 715/1945/1043 730/1960/1052 717/1946/1044
f 873/1961/1053 731/1962/1053 703/1963/1053
f 819/1836/993 820/1964/1054 832/1901/1018
f 699/1937/1036 703/1936/1036 718/1965/1055
f 1195/1966/1056 821/1967/1056 1192/1968/1056
f 818/1969/1057 811/1970/1057 1156/1971/1057
f 819/1972/993 705/1973/830 820/1974/1054
f 697/1235/671 609/1958/1026 593/1975/649
f 701/1976/1058 705/1977/1058 820/1978/1058
f 1195/1979/1059 1201/1980/1059 821/1981/1059
f 716/1982/1060 715/1983/1060 723/1984/1060
f 715/1985/1061 714/1986/1061 723/1987/1061
f 815/1988/892 849/1989/943 822/1990/1023
f 873/1991/1062 719/1992/1062 731/1993/1062
f 725/1994/1063 724/1995/1064 706/1996/951
f 823/1997/1065 825/1998/1065 824/1999/1065
f 720/1947/1045 717/1946/1044 738/2000/1066
f 1151/1882/1039 816/1881/1067 817/1942/1040
f 608/1648/895 605/2001/1068 604/1840/995
f 824/2002/1069 1152/2003/1069 825/2004/1069
f 724/2005/1064 725/1893/1063 726/1959/1070
f 725/2006/1071 706/2007/1071 832/2008/1071
f 725/2009/1072 832/2010/1072 726/2011/1072
f 1151/2012/955 816/2013/1073 822/2014/1023
f 1146/2015/1074 742/2016/1074 811/2017/1074
f 1156/2018/1075 811/2019/1075 831/2020/1075
f 727/2021/1076 730/2022/1076 715/2023/1076
f 618/2024/1077 597/2025/1077 620/2026/1077
f 1050/1908/942 599/1907/1022 826/2027/1078
f 593/2028/1079 609/2029/1079 740/2030/1079
f 728/2031/1080 716/2032/1080 723/2033/1080
f 728/2034/1081 723/2034/1081 729/2034/1081
f 600/1774/967 607/2035/1082 606/2036/932
f 1156/2037/1083 825/2038/1083 830/2039/1083
f 716/2040/1084 728/2041/1085 729/2042/1086
f 592/1559/848 591/1558/683 590/1476/661
f 822/2043/1023 739/2044/1087 705/1973/830
f 849/1724/943 1050/1723/942 826/2045/1078
f 1201/2046/988 1202/2047/1013 821/2048/1088
f 698/1837/740 832/1901/1018 609/1914/1026
f 1150/2049/1038 827/2050/1089 1151/2012/1090
f 727/1923/1029 713/1925/1031 730/2051/1052
f 705/1973/830 739/2044/1087 820/1974/1054
f 811/2052/1091 742/2053/1092 828/2054/1093
f 821/2048/1088 1202/2047/1013 1192/2055/885
f 828/2056/1093 726/2057/1070 811/2058/1091
f 1150/1941/1038 817/1942/1040 829/2059/1094
f 716/2060/1042 743/2061/1095 706/2062/951
f 703/2063/1096 731/2064/1096 719/2065/1096
f 718/2066/1097 703/2067/1097 719/2068/1097
f 723/2069/1098 732/2070/1099 728/2069/1100
f 599/1907/1022 592/2071/848 826/2027/1078
f 724/2072/1064 726/2073/1070 834/2074/1101
f 723/2069/1102 744/2075/986 732/2070/1103
f 820/1974/1054 739/2044/1087 832/2076/1018
f 726/2073/1070 828/2077/1093 834/2074/1101
f 1151/2012/1090 827/2050/1089 829/2078/1094
f 716/2079/1104 737/2080/1104 743/2081/1104
f 831/2082/1105 830/2083/1105 1156/2084/1105
f 716/2040/1084 729/2042/1086 737/2085/1106
f 1150/1941/1038 829/2059/1094 827/2086/1089
f 822/1990/1023 849/1989/943 739/2087/1087
f 606/2088/932 607/2089/1082 608/2090/895
f 825/2091/1107 1156/2092/1107 1152/2093/1107
f 1156/1911/1108 830/2094/1109 1152/1912/1110
f 728/2095/1111 732/2096/1111 729/2097/1111
f 724/1995/1064 744/2098/986 706/1996/951
f 593/2099/1112 740/2100/1112 733/2101/1112
f 738/2000/1066 717/1946/1044 734/2102/1113
f 720/1953/1030 735/2103/1114 713/1925/1031
f 726/2057/1070 832/2104/1115 811/2058/1091
f 724/1995/1064 834/2105/1101 744/2098/1116
f 828/2106/1117 1152/2107/1118 742/2108/1119
f 720/1953/1030 738/1952/1066 735/2103/1114
f 828/2054/1120 742/2053/1121 741/2109/1122
f 1151/2012/1090 829/2078/1094 816/2013/1123
f 817/1942/1040 816/1881/1067 829/2059/1094
f 811/2110/1124 837/2111/1124 831/2112/1124
f 730/1960/1052 736/2113/1125 717/1946/1044
f 723/2114/1126 729/2115/1126 732/2116/1126
f 724/2117/1127 744/2118/1127 732/2119/1127
f 593/1585/860 733/2120/1128 589/1586/759
f 601/2121/1129 618/2122/1129 603/2123/1129
f 730/2051/1052 713/1925/1031 736/2124/1125
f 706/2062/951 743/2061/1095 686/2125/1130
f 706/2062/951 686/2125/1130 832/2126/1131
f 717/1946/1044 736/2113/1125 734/2102/1113
f 829/2059/1132 816/1881/1133 836/2127/1134
f 849/1724/943 826/2045/1078 739/2128/1087
f 832/2129/1115 833/2130/1135 811/2131/1091
f 729/2132/1086 732/2133/1136 737/2134/1106
f 735/2103/1114 736/2124/1125 713/1925/1031
f 600/1774/967 603/1892/1014 607/2035/1082
f 828/2135/1137 741/2136/1137 834/2137/1137
f 835/2138/1138 836/2127/1134 816/1881/1133
f 831/2139/1139 837/2140/1140 830/2141/1109
f 608/2090/895 607/2089/1082 605/2142/1068
f 811/2131/1091 833/2130/1135 837/2143/1141
f 738/2144/1066 734/2145/1113 735/2103/1114
f 605/2146/1068 632/2147/1142 604/2148/995
f 1152/2107/1110 776/2149/1143 742/2108/1144
f 732/2070/1136 744/2075/1145 743/2150/1146
f 735/2103/1114 734/2145/1113 736/2124/1125
f 816/2151/1133 829/2152/1132 835/2153/1138
f 832/2154/1147 686/2155/1147 833/2156/1147
f 832/2157/1148 739/2158/1148 609/2159/1148
f 829/2152/1132 836/2160/1134 835/2153/1138
f 740/2161/1149 609/2162/1149 733/2163/1149
f 742/2108/1144 776/2149/1143 837/2164/1140
f 826/2165/1078 592/2166/848 739/2167/1087
f 834/2168/1150 741/2169/1150 744/2170/1150
f 741/2171/1151 742/2172/1151 744/2173/1151
f 590/2174/661 613/2175/1152 592/2176/848
f 589/2177/759 733/2178/1128 590/2179/661
f 837/2140/1140 776/2180/1143 830/2141/1109
f 592/2176/848 613/2175/1152 610/2181/1153
f 732/2133/1136 743/2182/1146 737/2134/1106
f 605/2183/1068 607/2184/1082 760/2185/1154
f 733/2178/1128 609/2186/1155 590/2179/661
f 603/2187/1014 760/2185/1154 607/2184/1082
f 760/2185/1154 603/2187/1014 618/2188/1156
f 830/2094/1109 776/2189/1143 1152/1912/1110
f 734/2190/1157 746/2191/1157 736/2192/1157
f 744/2193/1158 742/2194/1159 745/2195/1160
f 610/2196/1153 739/2167/1087 592/2166/848
f 605/2197/1161 636/2198/1162 611/2199/1163
f 605/2197/1161 760/2200/1164 636/2198/1162
f 636/2198/1162 760/2200/1164 637/2201/1165
f 611/2199/1163 612/2202/1166 605/2197/1161
f 742/2203/1167 759/2204/1167 745/2205/1167
f 637/2201/1165 760/2200/1164 617/2206/1168
f 610/2196/1153 613/2207/1152 739/2167/1087
f 744/2208/1169 682/2209/1169 686/2210/1169
f 744/2211/1170 686/2212/1170 743/2213/1170
f 609/2214/1171 739/2215/1171 590/2216/1171
f 590/2217/661 739/2167/1087 613/2207/1152
f 742/2218/1144 837/2219/1140 838/2220/1172
f 592/2221/1173 618/2222/1173 760/2223/1173
f 833/2224/1174 647/2225/1174 837/2226/1174
f 612/2227/1166 632/2228/1175 605/2229/1161
f 744/2193/1158 745/2195/1160 682/2230/1176
f 836/2231/1177 845/2232/1178 841/2233/1179
f 751/2234/1180 745/2195/1160 648/2235/1181
f 761/2236/1182 605/2183/1183 760/2185/1184
f 614/2237/1019 8/2238/1185 620/2239/1003
f 615/2240/1186 760/2185/1187 618/2188/1188
f 615/2241/1189 761/2242/1182 760/2243/1184
f 742/2244/1144 838/2245/1172 759/2246/1190
f 837/2219/1140 647/2247/1191 838/2220/1172
f 759/2248/1190 648/2235/1181 745/2195/1160
f 605/2249/1192 761/2250/1192 621/2251/1192
f 605/2252/1193 616/2253/1194 617/2254/1168
f 618/2255/1188 624/2256/1195 615/2257/1186
f 839/2258/1196 647/2259/1196 776/2260/1196
f 682/2261/1197 743/2262/1197 686/2263/1197
f 605/2252/1193 632/2264/1198 616/2253/1194
f 619/2265/977 604/2266/995 6/2267/1199
f 745/2195/1160 751/2234/1180 682/2230/1176
f 620/2268/1003 624/2256/1195 618/2255/1188
f 686/2269/1200 647/2270/1200 833/2271/1200
f 647/2272/1201 839/2273/1201 838/2274/1201
f 648/2275/1181 759/2276/1190 838/2277/1172
f 605/2146/1202 621/2278/1203 632/2147/1204
f 746/2279/1205 736/2280/1205 747/2281/1205
f 648/2275/1181 838/2277/1172 839/2282/1206
f 743/2061/1207 90/2283/1208 686/2125/1209
f 842/2284/1210 840/2285/1211 786/2286/1212
f 647/2287/1213 686/2288/1213 655/2289/1213
f 620/2290/1003 635/2291/1214 624/2292/1215
f 748/2293/1216 752/2294/1216 747/2295/1216
f 842/2296/1210 845/2297/1217 841/2298/1218
f 748/2299/1219 658/2300/1220 757/2301/1221
f 669/2302/1222 682/2303/1222 749/2304/1222
f 761/2305/1223 624/2306/1224 622/2307/1225
f 761/2308/1226 615/2309/1226 624/2310/1226
f 761/2305/1223 622/2307/1225 621/2311/1227
f 748/2312/1219 750/2313/1228 755/2314/1229
f 841/2233/1218 845/2232/1230 782/2315/1231
f 842/2316/1210 841/2317/1218 765/2318/1232
f 647/2319/1233 655/2320/1234 653/2321/1233
f 842/2322/1235 765/2323/1235 840/2324/1235
f 842/2296/1210 843/2325/1236 845/2297/1217
f 842/2284/1210 786/2286/1212 843/2326/1236
f 751/2327/1180 648/2328/1181 649/2329/1237
f 682/2330/1238 751/2331/1238 749/2332/1238
f 748/2299/1219 755/2333/1229 658/2300/1220
f 748/2299/1219 757/2301/1221 752/2334/1239
f 614/2237/1019 619/2265/977 8/2238/1185
f 748/2335/1240 747/2336/1240 750/2337/1240
f 622/2307/1241 616/2338/1194 632/2339/1198
f 624/2306/1242 616/2338/1194 622/2307/1241
f 622/2340/1243 650/2341/1244 655/2342/1245
f 650/2343/1244 626/2344/1246 655/2345/1245
f 841/2317/1218 782/2346/1231 765/2318/1232
f 210/2347/1247 655/2345/1245 626/2344/1246
f 770/2348/1248 655/2349/1248 763/2350/1248
f 112/2351/1249 662/2352/1250 656/2353/1251
f 655/2342/1245 662/2352/1250 112/2351/1249
f 112/2354/1249 656/2355/1251 660/2356/1252
f 655/2342/1245 112/2351/1249 622/2340/1243
f 655/2357/1253 210/2358/1253 763/2359/1253
f 632/2360/1254 622/2361/1255 621/2362/1256
f 622/2363/1243 626/2364/1257 650/2365/1244
f 784/2366/1258 626/2364/1257 623/2367/1259
f 784/2366/1258 623/2367/1259 624/2368/1260
f 660/2369/1261 621/2362/1262 622/2361/1243
f 626/2370/1263 784/2371/1263 210/2372/1263
f 112/2354/1249 660/2356/1264 622/2373/1243
f 623/2367/1259 622/2363/1243 624/2368/1260
f 626/2364/1257 622/2363/1243 623/2367/1259
f 686/2374/1265 651/2375/1266 655/2376/1267
f 647/2319/1233 653/2321/1233 774/2377/1268
f 743/2378/1269 682/2379/1269 90/2380/1269
f 647/2381/1270 793/2382/1270 770/2383/1270
f 655/2384/1271 770/2385/1271 762/2386/1271
f 655/2387/1272 764/2388/1273 653/2389/1274
f 210/2390/1275 626/2391/1276 763/2392/1277
f 770/2393/1278 763/2394/1278 785/2395/1278
f 770/2396/1279 785/2397/1279 779/2398/1279
f 210/2390/1280 149/2399/1281 626/2391/1282
f 650/2400/1283 763/2401/1277 626/2402/1276
f 633/2403/1284 625/2404/1285 149/2405/1281
f 625/2404/1285 626/2406/1282 149/2405/1281
f 767/2407/1286 650/2408/1283 660/2409/1287
f 650/2400/1283 767/2410/1286 763/2401/1277
f 112/2411/1288 660/2409/1287 650/2408/1283
f 655/2412/1289 762/2413/1290 764/2414/1273
f 660/2415/1291 112/2416/1291 625/2417/1291
f 112/2418/1292 626/2419/1292 625/2420/1292
f 763/2421/1293 844/2422/1294 785/2423/1295
f 8/2238/1185 619/2265/977 6/2267/1199
f 763/2424/1296 773/2425/1296 210/2426/1296
f 785/2423/1295 844/2422/1294 770/2427/1297
f 753/2428/1298 660/2356/1299 656/2355/1300
f 845/2297/1217 843/2325/1236 846/2429/1301
f 621/2430/1262 660/2431/1261 668/2432/1302
f 765/2433/1232 766/2434/1303 840/2435/1211
f 656/2353/1251 662/2352/1250 753/2436/1304
f 662/2352/1250 651/2437/1266 753/2436/1304
f 655/2438/1305 652/2439/1306 653/2440/1307
f 767/2441/1286 660/2442/1287 661/2443/1308
f 660/2444/1309 754/2445/1309 656/2446/1309
f 762/2447/1310 770/2448/1310 793/2449/1310
f 621/2430/1262 668/2432/1302 627/2450/1311
f 784/2451/1258 624/2452/1260 628/2453/1312
f 617/2454/1168 616/2455/1194 637/2456/1165
f 753/2457/1313 754/2458/1313 660/2459/1313
f 840/2285/1211 788/2460/1314 786/2286/1212
f 763/2461/1315 767/2462/1315 773/2463/1315
f 658/2464/1220 654/2465/1316 757/2466/1221
f 770/2467/1317 779/2468/1317 777/2469/1317
f 755/2470/1318 664/2471/1318 658/2472/1318
f 770/2473/1319 777/2474/1320 768/2475/1321
f 624/2452/1260 629/2476/1322 628/2453/1312
f 755/2314/1229 750/2313/1228 664/2477/1323
f 793/2478/1324 775/2479/1324 762/2480/1324
f 655/2481/1325 652/2482/1325 651/2483/1325
f 624/2484/1326 152/2485/1326 153/2486/1326
f 785/2487/1327 770/2473/1319 768/2475/1321
f 770/2488/1328 844/2489/1328 777/2490/1328
f 651/2437/1329 662/2352/1330 655/2342/1331
f 753/2491/1332 657/2492/1332 656/2493/1332
f 767/2441/1286 661/2443/1308 773/2494/1333
f 765/2495/1232 782/2496/1231 766/2497/1303
f 612/2498/1166 611/2499/1163 630/2500/1334
f 839/2501/1335 769/2502/1335 797/2503/1335
f 660/2504/1336 754/2505/1336 756/2506/1336
f 770/2507/1337 777/2508/1337 647/2509/1337
f 655/2438/1338 662/2510/1339 652/2439/1340
f 636/2511/1162 631/2512/1341 611/2499/1163
f 656/2513/1342 754/2514/1343 657/2515/1344
f 651/2516/1345 652/2517/1345 662/2518/1345
f 752/2519/1346 757/2520/1346 671/2521/1346
f 616/2522/1347 624/2523/1347 635/2524/1347
f 658/2525/1220 664/2526/1348 654/2527/1316
f 632/2528/1349 1/2529/1350 622/2530/1351
f 632/2531/1142 1/2532/1352 604/2533/995
f 762/2534/1290 775/2535/1353 771/2536/1354
f 775/2537/1355 764/2538/1355 793/2539/1355
f 653/2540/1356 793/2541/1356 764/2542/1356
f 753/2436/1304 651/2437/1266 90/2543/1357
f 648/2544/1358 839/2545/1358 659/2546/1358
f 844/2547/1359 768/2548/1359 777/2549/1359
f 840/2435/1211 766/2434/1303 788/2550/1314
f 752/2551/1360 671/2552/1360 747/2553/1360
f 753/2554/1361 657/2555/1361 754/2556/1361
f 633/2557/1284 645/2558/1362 625/2559/1285
f 659/2560/1363 839/2561/1364 797/2562/1365
f 845/2563/1366 847/2564/1366 782/2565/1366
f 843/2566/1367 786/2567/1367 846/2568/1367
f 762/2413/1290 771/2569/1354 764/2414/1273
f 750/2570/1228 747/2571/1368 758/2572/1369
f 693/2573/1370 758/2574/1370 747/2575/1370
f 772/2576/1371 773/2577/1372 781/2578/1373
f 775/2579/1374 653/2389/1375 764/2388/1376
f 763/2580/1377 768/2581/1377 844/2582/1377
f 775/2583/1378 774/2584/1378 653/2585/1378
f 753/2586/1379 657/2587/1379 90/2588/1379
f 648/2328/1181 659/2589/1363 649/2329/1237
f 845/2590/1380 846/2591/1380 847/2592/1380
f 793/2593/1381 775/2594/1381 774/2595/1381
f 693/2596/1382 664/2597/1382 758/2598/1382
f 624/2599/1383 622/2530/1351 157/2600/1384
f 647/2601/1385 774/2602/1385 793/2603/1385
f 661/2443/1308 660/2442/1287 76/2604/1386
f 661/2605/1308 76/2606/1386 674/2607/1387
f 750/2570/1228 758/2572/1369 664/2608/1323
f 773/2494/1333 661/2443/1308 666/2609/1388
f 776/2610/1389 647/2611/1389 805/2612/1389
f 90/2543/1357 651/2437/1266 678/2613/1390
f 656/2513/1391 657/2515/1392 690/2614/1393
f 657/2615/1392 753/2616/1394 690/2617/1393
f 764/2618/1273 680/2619/1395 775/2535/1353
f 773/2620/1372 791/2621/1396 210/2622/1397
f 751/2623/1398 649/2624/1398 676/2625/1398
f 772/2626/1371 790/2627/1399 773/2628/1372
f 620/2239/1003 8/2238/1185 640/2629/1400
f 777/2630/1401 779/2631/1402 795/2632/1403
f 751/2633/1404 676/2634/1404 749/2635/1404
f 785/2636/1405 778/2637/1406 779/2638/1402
f 660/2639/1261 756/2640/1407 86/2641/1408
f 621/2430/1262 627/2450/1311 634/2642/1409
f 651/2643/1410 662/2644/1410 663/2645/1410
f 674/2646/1411 666/2647/1411 661/2648/1411
f 652/2649/1412 651/2650/1412 663/2651/1412
f 662/2652/1413 691/2653/1414 663/2654/1415
f 768/2655/1416 763/2656/1417 806/2657/1418
f 775/2535/1353 680/2619/1395 771/2536/1354
f 777/2630/1401 795/2632/1403 221/2658/1419
f 632/2147/1420 621/2278/1421 1/2659/1422
f 651/2375/1266 686/2374/1265 678/2660/1390
f 780/2661/1423 659/2560/1363 797/2562/1365
f 756/2640/1407 754/2662/1424 86/2641/1408
f 686/2663/1425 696/2664/1425 678/2665/1425
f 785/2636/1405 806/2666/1426 778/2637/1406
f 616/2455/1194 635/2667/1427 637/2456/1165
f 772/2626/1371 781/2668/1373 790/2627/1399
f 754/2669/1428 660/2670/1428 681/2671/1428
f 773/2577/1372 783/2672/1429 781/2578/1373
f 782/2673/1430 847/2674/1430 212/2675/1430
f 753/2616/1394 90/2676/1431 690/2617/1393
f 777/2677/1432 221/2678/1419 647/2679/1433
f 660/2680/1434 656/2681/1435 681/2682/1435
f 656/2513/1391 690/2614/1393 691/2683/1436
f 662/2684/1413 652/2685/1437 691/2686/1414
f 773/2687/1438 666/2688/1438 783/2689/1438
f 773/2620/1372 790/2690/1399 791/2621/1396
f 1/2529/1350 157/2600/1384 622/2530/1351
f 628/2453/1312 629/2476/1322 209/2691/1439
f 664/2526/1348 665/2692/1440 654/2527/1316
f 784/2693/1258 628/2694/1312 209/2695/1439
f 668/2432/1302 4/2696/1441 627/2450/1311
f 693/2697/1442 74/2698/1443 664/2699/1444
f 764/2414/1273 771/2569/1354 796/2700/1445
f 764/2701/1273 796/2702/1445 680/2703/1395
f 768/2704/1446 806/2705/1446 785/2706/1446
f 846/2707/1447 786/2708/1447 800/2709/1447
f 652/2685/1448 663/2710/1449 691/2686/1450
f 671/2711/1451 106/2712/1452 747/2713/1453
f 782/2496/1231 787/2714/1454 766/2497/1303
f 788/2715/1314 801/2716/1455 786/2717/1212
f 636/2718/1162 637/2719/1165 641/2720/1456
f 621/2721/1457 13/2722/1457 2/2723/1457
f 680/2619/1395 789/2724/1458 771/2536/1354
f 664/2725/1459 685/2726/1459 665/2727/1459
f 778/2728/1406 795/2632/1403 779/2631/1402
f 754/2729/1460 681/2730/1460 86/2731/1460
f 611/2499/1163 631/2512/1341 630/2500/1334
f 621/2278/1461 2/2732/1462 1/2659/1463
f 783/2733/1464 674/2734/1464 781/2735/1464
f 674/2736/1465 783/2737/1465 666/2738/1465
f 790/2739/1466 781/2740/1466 791/2741/1466
f 633/2742/1284 149/2743/1281 64/2744/1467
f 784/2745/1468 848/2746/1468 210/2747/1468
f 660/2748/1261 667/2749/1469 668/2750/1302
f 786/2717/1212 801/2716/1455 799/2751/1470
f 660/2752/1287 625/2559/1285 645/2558/1362
f 669/2753/1471 749/2754/1471 670/2755/1471
f 671/2756/1472 757/2757/1472 689/2758/1472
f 649/2329/1237 659/2589/1363 97/2759/1473
f 691/2653/1474 672/2760/1475 663/2654/1476
f 157/2600/1384 635/2761/1477 624/2599/1383
f 149/2762/1478 203/2763/1478 646/2764/1478
f 781/2765/1479 223/2766/1479 791/2767/1479
f 673/2768/1480 792/2769/1480 781/2770/1480
f 673/2771/1481 781/2772/1481 674/2773/1481
f 209/2691/1439 629/2476/1322 638/2774/1482
f 780/2661/1423 97/2775/1473 659/2560/1363
f 682/2776/1483 749/2777/1483 402/2778/1483
f 675/2779/1484 688/2780/1485 747/2781/1485
f 786/2717/1212 799/2751/1470 260/2782/1486
f 778/2783/1487 771/2536/1354 789/2724/1458
f 649/2784/1237 97/2785/1473 676/2786/1488
f 763/2656/1417 210/2787/1489 806/2657/1418
f 678/2788/1490 696/2789/1491 677/2790/1492
f 788/2550/1314 766/2434/1303 801/2791/1455
f 667/2749/1469 4/2792/1441 668/2750/1302
f 776/2793/1493 805/2794/1494 207/2795/1495
f 672/2796/1475 789/2724/1458 680/2619/1395
f 604/2533/995 1/2532/1352 9/2797/1496
f 778/2798/1497 806/2799/1418 232/2800/1498
f 691/2653/1499 81/2801/1500 672/2760/1501
f 677/2802/1492 793/2803/1502 789/2804/1458
f 677/2805/1492 789/2806/1458 672/2807/1475
f 691/2808/1503 678/2809/1490 677/2810/1492
f 677/2805/1492 672/2807/1475 691/2811/1503
f 789/2804/1458 793/2803/1502 795/2812/1504
f 848/2813/1505 784/2693/1258 794/2814/1506
f 691/2815/1507 69/2816/1507 678/2817/1507
f 771/2569/1508 795/2818/1509 778/2819/1510
f 624/2452/1260 638/2774/1482 629/2476/1322
f 784/2693/1258 209/2695/1439 794/2814/1506
f 676/2786/1488 97/2785/1473 683/2820/1511
f 796/2702/1445 684/2821/1512 680/2703/1395
f 685/2822/1513 664/2823/1513 679/2824/1513
f 795/2825/1504 796/2826/1514 789/2724/1458
f 795/2827/1515 672/2828/1515 796/2829/1515
f 682/2830/1516 669/2831/1516 67/2832/1516
f 780/2833/1423 797/2834/1365 798/2835/1517
f 793/2836/1518 809/2837/1518 795/2838/1518
f 677/2790/1492 696/2789/1491 793/2839/1502
f 786/2840/1519 260/2841/1519 800/2842/1519
f 747/2843/1453 106/2844/1452 694/2845/1520
f 796/2700/1445 771/2569/1354 778/2819/1521
f 672/2760/1475 680/2846/1395 663/2654/1476
f 663/2847/1522 680/2848/1522 684/2849/1522
f 766/2434/1303 237/2850/1523 801/2791/1455
f 691/2653/1524 681/2851/1525 81/2801/1526
f 682/2852/1527 67/2853/1527 749/2854/1527
f 676/2855/1488 683/2856/1511 749/2857/1528
f 786/2858/1529 846/2859/1529 260/2860/1529
f 663/2710/1530 684/2861/1531 691/2686/1532
f 624/2862/1260 153/2863/1533 638/2864/1482
f 2/2865/1462 3/2866/1534 1/2867/1463
f 796/2700/1445 778/2819/1521 684/2868/1535
f 685/2869/1536 692/2870/1536 665/2871/1536
f 799/2872/1470 208/2873/1537 260/2874/1486
f 799/2875/1538 801/2876/1538 211/2877/1538
f 686/2878/1539 90/2879/1539 107/2880/1539
f 686/2881/1540 107/2882/1540 696/2883/1540
f 660/2639/1261 86/2641/1408 667/2884/1469
f 90/2543/1357 678/2613/1390 107/2885/1541
f 672/2886/1542 795/2887/1543 69/2888/1544
f 672/2886/1542 69/2888/1544 691/2889/1545
f 683/2856/1511 67/2890/1546 749/2857/1547
f 632/2228/1175 612/2227/1166 630/2891/1334
f 696/2892/1491 107/2893/1548 72/2894/1549
f 672/2895/1550 691/2896/1550 796/2897/1550
f 757/2466/1221 654/2465/1316 665/2898/1440
f 791/2899/1396 223/2900/1551 238/2901/1552
f 806/2799/1418 231/2902/1553 232/2800/1498
f 681/2682/1435 656/2681/1435 81/2903/1554
f 691/2904/1555 687/2905/1555 681/2906/1555
f 157/2907/1384 159/2908/1556 635/2909/1477
f 626/2910/1557 241/2911/1557 650/2912/1557
f 675/2913/1558 664/2914/1558 688/2915/1558
f 149/2743/1281 639/2916/1559 64/2744/1467
f 674/2607/1387 76/2606/1386 130/2917/1560
f 808/2918/1561 846/2919/1561 800/2920/1561
f 757/2466/1221 665/2898/1440 689/2921/1562
f 690/2614/1393 73/2922/1563 691/2683/1436
f 149/2923/1564 210/2924/1564 203/2925/1564
f 801/2926/1565 799/2927/1566 213/2928/1565
f 656/2929/1567 691/2930/1567 81/2931/1567
f 90/2932/1568 68/2933/1568 690/2934/1568
f 789/2724/1458 796/2826/1514 684/2935/1569
f 796/2936/1570 691/2937/1570 684/2938/1570
f 793/2939/1502 696/2940/1491 807/2941/1571
f 69/2942/1572 809/2943/1572 696/2944/1572
f 749/2945/1573 67/2946/1573 670/2947/1573
f 4/2792/1441 667/2749/1469 70/2948/1574
f 685/2949/1575 679/2950/1575 692/2951/1575
f 801/2716/1576 208/2952/1537 799/2751/1470
f 791/2621/1396 802/2953/1577 210/2622/1397
f 684/2935/1569 778/2783/1487 789/2724/1458
f 636/2718/1162 641/2720/1456 631/2954/1341
f 665/2955/1578 692/2956/1578 75/2957/1578
f 801/2958/1579 214/2959/1579 211/2960/1579
f 791/2899/1396 238/2901/1552 802/2961/1577
f 848/2962/1505 794/2963/1506 803/2964/1580
f 801/2926/1565 213/2928/1565 214/2965/1581
f 211/2966/1582 213/2967/1582 799/2968/1582
f 691/2969/1583 73/2970/1583 687/2971/1583
f 665/2972/1584 75/2973/1585 685/2974/1585
f 776/2975/1586 769/2976/1586 839/2977/1586
f 684/2861/1587 110/2978/1588 691/2686/1589
f 848/2979/1505 803/2980/1580 210/2981/1590
f 793/2982/1502 71/2983/1591 216/2984/1592
f 809/2985/1593 778/2986/1593 795/2987/1593
f 804/2988/1594 795/2989/1594 221/2990/1594
f 793/2991/1595 805/2992/1595 809/2993/1595
f 627/2450/1311 4/2696/1441 634/2642/1409
f 157/2994/1384 1/2867/1350 10/2995/1596
f 209/2996/1439 150/2997/1597 794/2998/1506
f 795/2632/1598 778/2728/1599 806/2999/1600
f 795/2819/1601 778/2818/1601 807/3000/1601
f 685/2974/1585 75/2973/1585 679/3001/1602
f 683/3002/1511 66/3003/1603 67/3004/1546
f 2/3005/1462 13/3006/1604 3/3007/1534
f 69/2888/1544 795/2887/1543 807/3008/1605
f 689/3009/1562 106/3010/1606 671/3011/1607
f 210/3012/1397 802/2961/1577 225/3013/1608
f 809/3014/1609 805/3015/1609 778/3016/1609
f 620/2290/1003 640/3017/1400 635/2291/1214
f 670/3018/1610 67/3019/1610 669/3020/1610
f 604/2266/995 9/3021/1496 6/2267/1199
f 690/3022/1611 68/3023/1611 73/3024/1611
f 780/2833/1423 798/2835/1517 97/3025/1473
f 81/3026/1612 72/3027/1612 69/3028/1612
f 110/3029/1613 691/3030/1613 807/3031/1613
f 807/3032/1571 71/2983/1591 793/2982/1502
f 69/2888/1544 807/3008/1605 81/3033/1614
f 679/3034/1615 75/3035/1615 692/3036/1615
f 211/3037/1616 214/3038/1616 213/3039/1616
f 846/2920/1617 800/2919/1617 847/3040/1617
f 807/3041/1618 778/3042/1618 684/3043/1618
f 801/2716/1576 214/3044/1619 208/2952/1537
f 209/3045/1439 638/2864/1482 150/3046/1597
f 637/2456/1165 635/2667/1427 641/3047/1456
f 696/2892/1491 72/2894/1549 807/3048/1571
f 797/2501/1620 839/2503/1620 219/3049/1620
f 632/2228/1175 630/2891/1334 1/3050/1621
f 4/3051/1441 77/3052/1622 83/3053/1623
f 681/3054/1624 687/3055/1624 81/3056/1624
f 10/2995/1596 1/2867/1350 5/3057/1625
f 4/3051/1441 70/3058/1574 77/3052/1622
f 693/3059/1626 747/3060/1626 694/3061/1626
f 846/3062/1627 260/2842/1627 800/2841/1627
f 769/3063/1628 776/3064/1493 207/2795/1495
f 782/3065/1231 212/3066/1629 787/3067/1454
f 81/3068/1630 807/3069/1630 72/3070/1630
f 805/3071/1631 71/3072/1631 778/3073/1631
f 778/3074/1632 71/3075/1632 684/3076/1632
f 684/3077/1633 71/3078/1633 807/3079/1633
f 684/3080/1587 807/3081/1634 110/3082/1588
f 213/3083/1635 214/3084/1635 208/3085/1635
f 631/3086/1341 641/3087/1456 155/3088/1636
f 678/3089/1390 69/3090/1637 107/3091/1541
f 69/3092/1638 72/3093/1638 107/3094/1638
f 638/2864/1482 153/2863/1533 151/3095/1639
f 638/2864/1482 151/3095/1639 150/3046/1597
f 674/3096/1640 130/3097/1640 673/3098/1640
f 806/2799/1418 210/3099/1590 243/3100/1641
f 218/3101/1642 803/2964/1580 794/2963/1506
f 800/3102/1643 215/3103/1644 847/3104/1645
f 71/3105/1646 805/3106/1646 216/3107/1646
f 645/2558/1362 61/3108/1647 660/2752/1287
f 217/3109/1648 218/3110/1648 803/3111/1648
f 802/2961/1577 238/2901/1552 225/3013/1608
f 687/3112/1649 73/3113/1650 81/3114/1651
f 847/3115/1645 215/3116/1644 212/3066/1629
f 747/2781/1485 688/2780/1485 694/3117/1652
f 679/3118/1653 74/3119/1654 75/3120/1655
f 76/3121/1656 240/3122/1656 130/3123/1656
f 808/3124/1657 215/3125/1657 800/3126/1657
f 152/3127/1658 642/3128/1658 153/3129/1658
f 630/3130/1334 631/3086/1341 155/3088/1636
f 97/2785/1473 798/3131/1517 683/2820/1511
f 797/3132/1365 116/3133/1659 798/3134/1517
f 806/2799/1418 243/3100/1641 235/3135/1660
f 682/3136/1661 91/3137/1661 90/3138/1661
f 778/3139/1662 684/3140/1662 224/3141/1662
f 797/3132/1365 219/3142/1663 116/3133/1659
f 749/3143/1664 67/3144/1546 402/3145/1665
f 77/3146/1666 70/3147/1666 83/3148/1666
f 693/3149/1667 694/3150/1667 87/3151/1667
f 807/3081/1668 78/3152/1669 110/3082/1670
f 665/3153/1440 75/3120/1671 79/3154/1672
f 214/3155/1673 220/3156/1674 208/2873/1537
f 152/3157/1675 624/3158/1675 642/3159/1675
f 778/3160/1676 232/3161/1677 221/3162/1678
f 112/3163/1679 241/3164/1679 626/3165/1679
f 4/3166/1441 643/3167/1680 634/3168/1409
f 681/3169/1681 96/3170/1681 82/3171/1681
f 807/3172/1682 85/3173/1682 78/3174/1682
f 1/3175/1683 5/3176/1683 9/3177/1683
f 6/3178/1199 9/3179/1496 7/3180/1684
f 79/3181/1672 689/3182/1562 665/3183/1440
f 78/3152/1669 85/3184/1685 110/3082/1670
f 664/2698/1686 688/3185/1686 74/2699/1686
f 110/3186/1687 115/3187/1688 807/3188/1689
f 203/3189/1690 154/3190/1690 646/3191/1690
f 90/3192/1691 107/3193/1691 68/3194/1691
f 624/3195/1692 635/2909/1693 153/3196/1533
f 630/3197/1694 5/3198/1694 1/3199/1694
f 793/3200/1695 216/3201/1695 226/3202/1695
f 73/3113/1650 80/3203/1696 81/3114/1651
f 766/3204/1697 787/3205/1697 237/3206/1697
f 647/2679/1433 221/2678/1419 805/3207/1698
f 630/3208/1699 155/3209/1699 11/3210/1699
f 110/3211/1670 111/3212/1700 115/3213/1688
f 8/3214/1185 6/3178/1199 7/3180/1684
f 214/3215/1673 801/3216/1455 237/3217/1523
f 214/3215/1673 237/3217/1523 220/3218/1674
f 208/2873/1537 220/3156/1674 260/2874/1486
f 110/3082/1670 85/3184/1685 111/3219/1700
f 81/3220/1651 82/3221/1701 681/3222/1702
f 683/3002/1511 798/3223/1517 66/3003/1603
f 667/3224/1469 86/3225/1408 82/3221/1701
f 667/3224/1469 82/3221/1701 14/3226/1703
f 81/3220/1651 122/3227/1704 82/3221/1701
f 70/3228/1574 667/3229/1469 83/3230/1623
f 9/3231/1496 163/3232/1705 7/3233/1684
f 624/3234/1706 153/3235/1706 642/3236/1706
f 75/3120/1671 74/3119/1654 79/3154/1672
f 794/2998/1506 156/3237/1707 222/3238/1708
f 9/3231/1496 5/3239/1709 163/3232/1705
f 693/3240/1442 87/3241/1710 74/3242/1443
f 640/3243/1400 159/3244/1711 635/3245/1214
f 73/3113/1650 84/3246/1712 80/3203/1696
f 635/3247/1427 159/3248/1713 641/3249/1456
f 634/2642/1409 643/3250/1680 621/2430/1262
f 794/2998/1506 150/2997/1597 156/3237/1707
f 807/3251/1714 93/3252/1714 85/3253/1714
f 86/3254/1715 681/3255/1715 82/3256/1715
f 781/3257/1716 129/3258/1717 223/3259/1551
f 81/3260/1651 80/3203/1696 122/3261/1704
f 115/3187/1688 117/3262/1718 807/3188/1689
f 640/3243/1400 8/3263/1185 204/3264/1719
f 85/3184/1685 80/3265/1720 111/3219/1700
f 635/2909/1693 159/2908/1721 153/3196/1533
f 803/3266/1580 222/3238/1708 243/3267/1641
f 803/3266/1580 243/3267/1641 210/3268/1590
f 72/3269/1722 92/3270/1722 107/3271/1722
f 684/3272/1723 224/3273/1724 119/3274/1725
f 641/3249/1456 159/3248/1713 155/3275/1636
f 682/3276/1726 402/3277/1727 91/3278/1728
f 74/3279/1729 87/3280/1729 694/3281/1729
f 85/3282/1730 93/3283/1730 80/3284/1730
f 203/3285/1731 210/3286/1731 225/3287/1731
f 216/3288/1732 805/3289/1732 226/3290/1732
f 689/3182/1562 79/3181/1672 103/3291/1733
f 667/3229/1469 14/3292/1703 83/3230/1623
f 621/3293/1734 13/3294/1734 644/3295/1734
f 93/3296/1735 111/3219/1700 80/3265/1720
f 215/3116/1644 236/3297/1736 212/3066/1629
f 260/2874/1486 220/3156/1674 227/3298/1737
f 806/2799/1418 235/3135/1660 231/2902/1553
f 74/3119/1654 88/3299/1738 79/3154/1672
f 111/3300/1739 93/3301/1739 117/3302/1739
f 80/3203/1696 84/3246/1712 122/3261/1704
f 673/3303/1740 130/3304/1740 240/3305/1740
f 5/3306/1741 630/3307/1742 10/3308/1742
f 221/3162/1743 232/3161/1677 230/3309/1744
f 8/3263/1185 7/3310/1684 204/3264/1719
f 640/3243/1400 204/3264/1719 159/3244/1711
f 221/3311/1745 230/3312/1745 233/3313/1745
f 74/3314/1746 89/3315/1746 87/3316/1746
f 224/3317/1747 119/3318/1747 228/3319/1747
f 807/3188/1689 117/3262/1718 93/3320/1748
f 90/3321/1749 91/3322/1749 107/3323/1749
f 228/3324/1750 226/3325/1751 224/3326/1752
f 689/3182/1562 103/3291/1733 102/3327/1753
f 73/3113/1754 68/3328/1755 84/3246/1712
f 630/3307/1742 11/3329/1756 10/3308/1742
f 92/3330/1757 93/3331/1757 122/3332/1757
f 92/3333/1758 122/3334/1758 107/3335/1758
f 117/3336/1759 93/3337/1760 94/3338/1761
f 111/3339/1762 117/3336/1759 94/3338/1761
f 224/3273/1763 778/2798/1764 232/2800/1765
f 800/3102/1766 229/3340/1767 236/3341/1736
f 111/3342/1768 114/3343/1768 115/3344/1768
f 74/3345/1769 694/3346/1769 100/3347/1769
f 5/3239/1709 10/3348/1770 163/3232/1705
f 215/3103/1644 800/3102/1766 236/3341/1736
f 112/3349/1771 113/3350/1771 241/3351/1771
f 781/3352/1716 792/3353/1772 129/3354/1717
f 150/3046/1597 151/3095/1639 156/3355/1707
f 92/3356/1773 93/3357/1773 94/3358/1773
f 114/3359/1774 119/3360/1775 115/3361/1776
f 159/3248/1713 157/3362/1777 155/3275/1636
f 66/3003/1603 95/3363/1778 67/3004/1546
f 226/3364/1779 805/3365/1780 793/3366/1781
f 212/3066/1629 236/3297/1736 787/3067/1454
f 79/3367/1782 88/3368/1782 103/3369/1782
f 111/3212/1762 94/3370/1761 115/3213/1783
f 7/3233/1684 163/3232/1705 204/3371/1719
f 797/3132/1784 769/3372/1628 219/3142/1663
f 221/3373/1785 233/3374/1785 805/3375/1785
f 694/3376/1786 106/3377/1786 101/3378/1786
f 74/3379/1654 100/3380/1787 88/3381/1738
f 224/3273/1788 232/2800/1789 119/3274/1790
f 798/3223/1517 95/3363/1778 66/3003/1603
f 798/3382/1517 116/3383/1659 95/3384/1778
f 220/3218/1674 237/3217/1523 227/3385/1737
f 114/3386/1791 228/3387/1791 119/3388/1791
f 92/3389/1792 107/3390/1792 93/3391/1792
f 11/3392/1793 155/3393/1793 10/3394/1793
f 226/3395/1794 232/3396/1794 805/3397/1794
f 115/3361/1783 94/3398/1761 114/3359/1795
f 84/3246/1796 107/3399/1796 122/3261/1796
f 232/3400/1797 805/3401/1797 230/3402/1797
f 96/3403/1798 104/3404/1798 82/3405/1798
f 689/3009/1562 102/3406/1753 106/3010/1606
f 93/3407/1799 118/3408/1799 94/3409/1799
f 114/3410/1800 121/3411/1801 228/3412/1750
f 229/3413/1767 260/3414/1486 227/3415/1737
f 68/3416/1802 96/3417/1803 84/3418/1804
f 230/3419/1805 231/3420/1806 233/3421/1807
f 117/3422/1718 115/3423/1688 122/3424/1808
f 805/3425/1809 230/3419/1810 233/3421/1811
f 97/3426/1812 388/3427/1812 98/3428/1812
f 84/3418/1813 107/3429/1814 68/3416/1815
f 224/3430/1816 226/3431/1816 232/3432/1816
f 153/2863/1533 158/3433/1817 151/3095/1639
f 228/3412/1750 121/3411/1801 226/3364/1751
f 231/2902/1806 235/3135/1818 233/3434/1807
f 114/3435/1819 119/3436/1819 121/3437/1819
f 1/2867/1463 17/3438/1820 5/3057/1821
f 114/3439/1822 94/3440/1822 118/3441/1822
f 155/3275/1636 157/3362/1777 10/3442/1823
f 119/3443/1824 232/3444/1824 805/3445/1824
f 643/3167/1680 4/3166/1441 12/3446/1825
f 159/3447/1711 204/3448/1719 157/3449/1826
f 84/3450/1804 96/3451/1803 99/3452/1827
f 5/3057/1821 17/3438/1820 10/2995/1828
f 96/3417/1803 68/3416/1802 104/3453/1829
f 3/2866/1534 17/3438/1820 1/2867/1463
f 160/3454/1830 161/3455/1831 162/3456/1831
f 163/3232/1705 10/3348/1770 157/3457/1826
f 660/2442/1287 695/3458/1832 76/2604/1386
f 96/3451/1803 82/3459/1833 99/3452/1827
f 204/3448/1719 163/3460/1705 157/3449/1826
f 237/3461/1834 787/3462/1834 234/3463/1834
f 84/3464/1835 99/3465/1835 68/3466/1835
f 229/3340/1767 234/3467/1836 236/3341/1736
f 229/3413/1767 227/3415/1737 234/3468/1836
f 100/3469/1787 694/3470/1837 105/3471/1838
f 93/3472/1839 122/3335/1839 107/3334/1839
f 101/3473/1840 105/3471/1838 694/3470/1837
f 233/3474/1841 235/3475/1841 230/3476/1841
f 114/3477/1842 118/3478/1842 119/3479/1842
f 787/3480/1843 236/3481/1843 234/3482/1843
f 102/3483/1753 103/3484/1733 105/3485/1844
f 223/3259/1551 129/3258/1717 238/3486/1552
f 99/3487/1827 82/3488/1833 68/3489/1802
f 68/3489/1802 82/3488/1833 104/3490/1829
f 231/3491/1845 230/3492/1845 235/3493/1845
f 103/3494/1846 88/3495/1846 105/3496/1846
f 68/3497/1847 107/3261/1847 122/3399/1847
f 792/3498/1772 240/3499/1848 238/3500/1849
f 100/3380/1787 105/3501/1838 88/3381/1738
f 102/3483/1753 105/3485/1844 106/3502/1606
f 237/3503/1850 234/3504/1850 227/3505/1850
f 106/3506/1851 105/3507/1851 101/3508/1851
f 122/3509/1852 120/3510/1852 107/3511/1852
f 157/2994/1853 10/2995/1828 18/3512/1854
f 93/3513/1855 107/3514/1855 118/3515/1855
f 226/3364/1751 121/3411/1801 805/3365/1856
f 159/2908/1721 157/2907/1853 165/3516/1857
f 232/2800/1858 239/3517/1859 119/3274/1860
f 207/2795/1495 805/2794/1494 769/3063/1628
f 122/3424/1808 115/3423/1688 132/3518/1861
f 232/3519/1862 132/3520/1862 805/3521/1862
f 116/3383/1659 246/3522/1863 95/3384/1778
f 91/3278/1728 402/3277/1727 107/3523/1864
f 119/3524/1865 118/3525/1865 121/3526/1865
f 107/3527/1866 120/3528/1867 118/3529/1868
f 67/3530/1546 95/3384/1778 390/3531/1869
f 116/3133/1659 219/3142/1663 246/3532/1863
f 390/3533/1869 402/3145/1665 67/3144/1546
f 61/3534/1647 62/3535/1870 660/3536/1287
f 122/3537/1704 107/3538/1871 135/3539/1872
f 156/3355/1707 151/3095/1639 158/3433/1817
f 13/3540/1873 621/3541/1873 17/3542/1873
f 122/3227/1704 135/3543/1872 82/3221/1701
f 222/3238/1708 156/3237/1707 243/3267/1641
f 119/3544/1874 239/3545/1874 115/3546/1874
f 792/3547/1875 673/3548/1875 240/3549/1875
f 122/3550/1808 123/3551/1876 120/3552/1877
f 112/3553/1878 650/3554/1879 113/3555/1880
f 621/3556/1262 643/3167/1680 17/3557/1820
f 650/3558/1879 241/3559/1881 113/3560/1880
f 805/3561/1856 488/3562/1882 249/3563/1883
f 792/3353/1772 238/3564/1849 129/3354/1717
f 805/3561/1884 249/3563/1885 232/3565/1886
f 95/3384/1778 246/3522/1863 390/3531/1869
f 232/3566/1887 249/3567/1887 132/3568/1887
f 660/3536/1287 62/3535/1870 695/3569/1832
f 122/3424/1808 132/3518/1861 131/3570/1888
f 118/3529/1868 120/3528/1867 121/3571/1889
f 10/2995/1828 17/3438/1820 18/3512/1854
f 76/3572/1890 695/3573/1890 240/3574/1890
f 231/2902/1553 132/3575/1891 232/2800/1498
f 390/3576/1892 246/3577/1893 120/3578/1892
f 246/3577/1893 121/3579/1894 120/3578/1892
f 157/2907/1853 18/3580/1854 165/3516/1857
f 3/3007/1534 13/3006/1604 17/3581/1820
f 82/3221/1701 135/3543/1872 14/3226/1703
f 124/3582/1895 125/3583/1896 126/3584/1897
f 127/3585/1898 124/3582/1895 126/3584/1897
f 115/3586/1899 239/3587/1899 132/3588/1899
f 83/3053/1623 14/3589/1703 4/3051/1441
f 232/2800/1858 132/3575/1900 239/3517/1859
f 240/3499/1901 132/3590/1902 238/3500/1552
f 243/3591/1903 132/3575/1891 231/2902/1553
f 12/3446/1825 4/3166/1441 14/3592/1703
f 122/3424/1808 131/3570/1888 123/3593/1876
f 161/3455/1831 153/3594/1904 162/3456/1831
f 127/3595/1905 128/3596/1905 124/3597/1905
f 159/2908/1721 165/3516/1857 153/3196/1533
f 12/3446/1825 14/3592/1703 643/3167/1680
f 158/3433/1817 243/3598/1641 156/3355/1707
f 129/3599/1906 240/3600/1906 130/3601/1906
f 240/3602/1907 129/3603/1907 238/3604/1907
f 240/3605/1908 131/3606/1908 132/3607/1908
f 238/2901/1552 132/3608/1902 225/3013/1608
f 240/3609/1909 238/3610/1909 130/3611/1909
f 129/3612/1910 130/3613/1910 238/3614/1910
f 805/2794/1494 491/3615/1911 769/3063/1628
f 243/3598/1641 158/3433/1817 153/2863/1533
f 65/3616/1912 164/3617/1912 241/3618/1912
f 65/3619/1913 241/3620/1914 113/3621/1915
f 65/3619/1913 113/3621/1915 133/3622/1916
f 164/3623/1917 225/3624/1608 241/3625/1918
f 113/3621/1915 695/3626/1919 133/3622/1916
f 164/3627/1920 203/3628/1920 225/3629/1920
f 695/3630/1921 62/3631/1921 133/3632/1921
f 18/3633/1922 15/3634/1922 165/3635/1922
f 166/3636/1923 165/3637/1923 15/3638/1923
f 131/3639/1924 240/3640/1925 113/3621/1915
f 132/3641/1902 131/3642/1924 241/3625/1918
f 131/3639/1924 113/3621/1915 241/3620/1918
f 240/3640/1925 695/3626/1919 113/3621/1915
f 241/3625/1918 225/3624/1608 132/3641/1902
f 14/3592/1703 17/3557/1820 643/3167/1680
f 121/3411/1801 488/3643/1882 805/3365/1856
f 135/3539/1872 107/3538/1864 134/3644/1926
f 205/3645/1927 15/3646/1927 168/3647/1927
f 166/3648/1928 179/3649/1929 165/3650/1857
f 166/3651/1930 15/3652/1930 205/3653/1930
f 166/3654/1931 205/3655/1931 179/3656/1931
f 108/3657/1932 140/3658/1933 19/3659/1934
f 171/3660/1935 250/3661/1936 244/3662/1937
f 140/3663/1938 108/3664/1938 381/3665/1938
f 19/3659/1939 250/3666/1936 16/3667/1940
f 584/3668/1941 585/3669/1942 242/3670/1943
f 585/3669/1942 248/3671/1944 242/3670/1943
f 171/3672/1935 244/3673/1937 167/3674/1945
f 168/3675/1946 37/3676/1947 206/3677/1948
f 168/3675/1946 44/3678/1949 37/3676/1947
f 188/3679/1950 153/3680/1533 169/3681/1951
f 172/3682/1952 205/3683/1953 206/3684/1948
f 16/3685/1940 250/3686/1936 37/3676/1947
f 168/3687/1946 206/3684/1948 205/3683/1953
f 109/3688/1954 33/3689/1954 14/3690/1954
f 188/3691/1950 243/3692/1641 153/3693/1533
f 17/3694/1820 20/3695/1955 38/3696/1956
f 17/3694/1820 38/3696/1956 22/3697/1957
f 188/3691/1950 191/3698/1958 243/3692/1641
f 17/3694/1820 22/3697/1957 18/3699/1854
f 20/3695/1955 17/3694/1820 14/3700/1703
f 243/3701/1641 191/3702/1958 530/3703/1959
f 153/3680/1533 165/3704/1857 169/3681/1951
f 248/3705/1944 258/3706/1960 186/3707/1961
f 206/3684/1948 167/3674/1945 172/3682/1952
f 30/3708/1962 147/3709/1962 19/3710/1962
f 33/3711/1963 20/3695/1955 14/3700/1703
f 186/3712/1961 167/3674/1945 248/3713/1944
f 44/3714/1964 23/3715/1964 19/3716/1964
f 206/3684/1948 171/3672/1935 167/3674/1945
f 19/3717/1965 23/3718/1966 30/3719/1967
f 24/3720/1968 37/3676/1947 250/3686/1936
f 37/3676/1947 44/3678/1949 16/3685/1940
f 16/3685/1940 44/3678/1949 19/3721/1939
f 188/3722/1969 184/3723/1969 191/3724/1969
f 169/3725/1951 189/3726/1970 188/3727/1950
f 244/3673/1937 248/3713/1944 167/3674/1945
f 126/3728/1971 125/3729/1971 387/3730/1971
f 33/3731/1963 32/3732/1972 20/3733/1955
f 165/3704/1857 170/3734/1973 169/3681/1951
f 257/3735/1974 244/3736/1974 245/3737/1974
f 15/3738/1975 18/3699/1854 21/3739/1976
f 108/3740/1977 19/3741/1978 263/3742/1979
f 22/3697/1957 21/3739/1976 18/3699/1854
f 246/3743/1980 492/3744/1980 121/3745/1980
f 165/3650/1857 179/3649/1929 170/3746/1973
f 138/3747/1981 252/3748/1982 250/3666/1936
f 244/3749/1937 242/3670/1943 248/3671/1944
f 138/3747/1981 250/3666/1936 148/3750/1983
f 250/3666/1936 19/3659/1939 148/3750/1983
f 19/3659/1939 140/3658/1984 148/3750/1983
f 530/3703/1959 528/3751/1985 243/3701/1641
f 131/3570/1888 132/3518/1986 123/3593/1876
f 239/3517/1987 132/3575/1988 247/3752/1989
f 244/3753/1990 252/3754/1990 245/3755/1990
f 244/3662/1937 250/3661/1936 252/3756/1982
f 44/3757/1991 22/3758/1991 23/3759/1991
f 172/3682/1952 167/3674/1945 169/3760/1992
f 805/3761/1993 132/3762/1993 249/3763/1993
f 402/3764/1727 385/3765/1994 107/3538/1864
f 24/3766/1968 25/3767/1995 37/3768/1947
f 180/3769/1996 37/3768/1947 185/3770/1997
f 171/3771/1998 250/3772/1999 24/3773/2000
f 250/3772/2001 25/3774/1995 24/3773/1968
f 36/3775/2002 25/3776/2002 250/3777/2002
f 171/3778/1935 172/3779/2003 250/3780/2004
f 185/3781/1997 172/3779/2003 180/3782/1996
f 250/3783/2005 26/3784/2005 36/3785/2005
f 126/3786/2006 387/3787/2006 127/3788/2006
f 173/3789/2007 180/3782/1996 172/3779/2003
f 37/3768/1947 36/3790/2008 185/3770/1997
f 21/3791/1976 27/3792/2009 15/3793/1975
f 173/3789/2007 172/3779/2003 171/3778/1935
f 36/3790/2008 37/3768/1947 25/3767/1995
f 206/3794/1948 173/3789/2007 171/3778/1935
f 172/3779/2003 185/3781/1997 174/3795/2010
f 168/3796/1946 15/3797/2011 27/3798/2012
f 107/3538/1864 385/3765/1994 134/3644/1926
f 173/3799/2013 206/3800/2013 175/3801/2013
f 172/3779/2003 176/3802/2014 250/3780/2004
f 121/3803/2015 492/3804/2015 488/3805/2015
f 24/3806/2016 175/3807/2016 29/3808/2016
f 243/3809/2017 528/3810/2017 253/3811/2017
f 175/3812/2018 206/3677/1948 29/3813/2019
f 186/3814/2020 177/3815/2020 167/3816/2020
f 185/3817/2021 36/3818/2021 44/3819/2021
f 384/3820/2022 385/3821/1994 402/3822/1727
f 37/3676/1947 29/3813/2019 206/3677/1948
f 14/3823/1703 135/3824/1872 136/3825/2023
f 172/3779/2003 178/3826/2024 176/3802/2014
f 205/3827/1953 172/3828/1952 179/3829/1929
f 148/3830/1983 137/3831/2025 138/3832/1981
f 23/3718/1966 28/3833/2026 30/3719/1967
f 124/3834/2027 128/3835/2027 386/3836/2027
f 20/3837/2028 28/3838/2028 38/3839/2028
f 189/3840/2029 177/3841/2029 188/3842/2029
f 180/3843/2030 173/3844/2030 199/3845/2030
f 248/3846/2031 259/3847/2031 258/3848/2031
f 245/3849/2032 143/3850/2032 257/3851/2032
f 805/2794/1494 249/3852/2033 491/3615/1911
f 29/3853/2019 37/3854/1947 41/3855/2034
f 30/3856/1967 28/3857/2026 31/3858/2035
f 205/3859/2036 181/3860/2036 168/3861/2036
f 173/3862/2037 175/3863/2038 182/3864/2039
f 32/3865/2040 33/3866/2040 34/3867/2040
f 177/3868/2041 196/3869/2042 167/3870/1945
f 29/3871/2019 35/3872/2043 24/3873/2044
f 179/3874/1929 195/3875/2045 170/3876/1973
f 168/3796/1946 40/3877/2046 44/3878/1949
f 19/3879/2047 140/3880/2047 144/3881/2047
f 138/3832/1981 137/3831/2025 252/3882/1982
f 178/3883/2048 193/3884/2048 176/3885/2048
f 30/3886/2049 383/3887/2049 147/3888/2049
f 125/3889/2050 422/3890/2051 387/3891/2052
f 250/3892/2004 176/3893/2014 251/3894/2053
f 169/3895/1992 167/3896/1945 183/3897/2054
f 36/3898/2055 26/3899/2056 48/3900/2057
f 189/3726/1970 169/3725/1951 192/3901/2058
f 388/3902/2059 389/3903/2059 502/3904/2059
f 21/3791/1976 52/3905/2060 27/3792/2009
f 148/3906/1983 141/3907/2061 137/3908/2025
f 109/3909/2062 14/3910/2062 318/3911/2062
f 180/3912/1996 199/3913/2063 200/3914/2064
f 245/3915/2065 252/3916/2065 143/3917/2065
f 172/3918/1952 169/3919/1992 183/3920/2066
f 172/3918/1952 183/3920/2066 198/3921/2067
f 188/3922/2068 192/3901/2058 428/3923/2069
f 132/3575/1891 243/3591/1903 249/3924/2070
f 120/3552/1877 123/3551/1876 422/3925/2051
f 134/3926/1926 385/3821/1994 384/3820/2022
f 44/3927/1949 49/3928/2071 185/3929/1997
f 44/3930/2072 51/3931/2072 22/3932/2072
f 180/3912/1996 200/3914/2064 37/3933/1947
f 188/3934/2073 428/3935/2073 184/3936/2073
f 145/3937/2074 254/3938/2075 139/3939/2076
f 26/3940/2077 145/3941/2077 139/3942/2077
f 28/3943/2078 20/3944/2079 31/3945/2079
f 120/3552/1877 422/3925/2051 390/3946/2080
f 140/3947/2081 141/3948/2081 148/3949/2081
f 26/3950/2082 250/3951/2004 142/3952/2083
f 132/3518/1986 247/3953/2084 123/3593/1876
f 254/3954/2085 143/3955/2085 139/3956/2085
f 174/3957/2010 185/3958/1997 42/3959/2086
f 28/3960/2026 23/3961/1966 31/3962/2087
f 177/3868/2088 186/3963/2089 196/3869/2090
f 44/3964/2091 36/3965/2091 59/3966/2091
f 38/3967/2092 28/3968/2093 45/3969/2094
f 167/3870/1945 196/3869/2042 194/3970/2095
f 144/3971/2096 145/3937/2097 139/3939/2098
f 243/3591/1903 253/3972/2099 249/3924/2070
f 135/3824/1872 134/3973/1926 136/3825/2023
f 14/3974/2100 136/3975/2100 312/3976/2100
f 175/3863/2038 35/3977/2043 182/3864/2039
f 143/3978/2101 252/3882/1982 137/3831/2025
f 22/3979/2102 59/3980/2102 23/3981/2102
f 254/3982/2103 256/3983/2103 143/3984/2103
f 26/3985/2104 50/3986/2104 48/3987/2104
f 168/3796/1946 27/3798/2012 40/3877/2046
f 172/3828/1952 198/3988/2105 187/3989/2106
f 175/3990/2107 24/3991/2107 35/3992/2107
f 254/3993/2075 145/3994/2074 146/3995/2108
f 242/3996/2109 462/3997/2110 584/3998/2111
f 177/3999/2112 192/4000/2112 188/4001/2112
f 22/4002/1957 51/4003/2113 21/4004/1976
f 312/4005/2114 316/4006/2115 311/4007/2116
f 30/3856/1967 31/3858/2035 39/4008/2117
f 173/4009/2118 182/4010/2118 199/4011/2118
f 179/3829/1929 172/3828/1952 187/3989/2106
f 125/4012/2119 124/4013/2119 386/4014/2119
f 387/4015/2120 489/4016/2121 127/4017/2121
f 44/3927/1949 40/4018/2046 49/3928/2071
f 37/3854/1947 200/4019/2064 41/3855/2034
f 145/3994/2074 139/4020/2122 146/3995/2108
f 29/3871/2019 41/4021/2034 35/3872/2043
f 528/4022/2123 539/4023/2123 524/4024/2123
f 185/3929/1997 49/3928/2071 42/4025/2086
f 146/4026/2108 255/4027/2124 254/4028/2075
f 22/4029/2125 38/4030/2125 45/4031/2125
f 169/3725/1951 183/4032/2126 192/3901/2058
f 249/4033/2033 490/4034/2127 491/4035/1911
f 23/3961/1966 43/4036/2128 31/3962/2087
f 318/4037/2129 14/4038/2129 312/4039/2129
f 172/4040/2003 198/4041/2130 178/4042/2024
f 127/4017/2121 489/4016/2121 128/4043/2131
f 254/4044/2132 176/4045/2132 255/4046/2132
f 177/4047/2133 189/4048/1970 196/4049/2134
f 311/4050/2116 317/4051/2135 312/4052/2114
f 20/3944/2079 58/4053/2136 31/3945/2079
f 26/4054/2137 139/4055/2137 50/4056/2137
f 139/4057/2138 143/4058/2138 146/4059/2138
f 19/4060/2139 147/4061/2139 263/4062/2139
f 254/4028/2140 255/4027/2124 256/4063/2141
f 143/4064/2142 255/4065/2124 146/4066/2108
f 32/4067/1972 34/4068/2143 20/4069/1955
f 143/4064/2142 256/4070/2141 255/4065/2124
f 172/4071/2003 190/4072/2144 198/4073/2130
f 312/4074/2145 315/4075/2145 316/4076/2145
f 172/4071/2003 174/3957/2010 190/4072/2144
f 257/4077/2146 143/4078/2146 244/4079/2146
f 193/4080/2147 251/3894/2053 176/3893/2014
f 184/4081/2148 428/4082/2148 191/4083/2148
f 386/4084/2149 422/4085/2149 125/4086/2149
f 35/4087/2043 41/4088/2034 55/4089/2150
f 189/4048/1970 192/4090/2058 196/4049/2134
f 148/4091/2151 141/4092/2151 139/4093/2151
f 35/4094/2043 55/4095/2150 182/4096/2152
f 253/4097/2153 493/4098/2153 249/4099/2153
f 36/3898/2055 48/3900/2057 40/4100/2046
f 253/4101/2154 528/4102/2154 493/4103/2154
f 312/4104/2155 136/4105/2155 315/4106/2155
f 488/4107/1882 123/4108/1876 249/4109/1883
f 134/4110/2156 315/4111/2156 136/4112/2156
f 247/4113/2084 249/4109/1883 123/4108/1876
f 28/3968/2093 31/4114/2157 45/3969/2094
f 15/3797/2158 57/4115/2159 27/3798/2160
f 44/4116/2161 59/4117/2161 51/4118/2161
f 191/4119/1958 445/4120/2162 530/4121/1959
f 174/3957/2010 42/3959/2086 190/4072/2144
f 769/3372/1628 246/3532/1863 219/3142/1663
f 250/3951/2004 251/4122/2053 142/3952/2083
f 142/3952/2083 50/4123/2163 26/3950/2082
f 36/4124/2164 40/4125/2164 59/4126/2164
f 178/4042/2024 198/4041/2130 193/4127/2147
f 167/3896/1945 194/4128/2095 183/3897/2054
f 22/4129/2165 45/4130/2165 59/4131/2165
f 258/4132/2166 259/4133/2166 585/4134/2166
f 313/4135/2167 314/4136/2168 316/4137/2169
f 170/4138/1973 183/4032/2170 169/3725/1951
f 316/4137/2169 314/4136/2168 317/4139/2171
f 170/4138/1973 195/4140/2045 183/4032/2170
f 27/3798/2012 57/4115/2172 40/3877/2046
f 488/4141/2173 492/4142/2173 387/4143/2173
f 493/4144/2174 528/4145/2175 527/4146/2176
f 324/4147/2177 315/4148/2178 134/4149/2179
f 315/4150/2178 324/4151/2177 316/4152/2180
f 199/3913/2063 46/4153/2181 200/3914/2064
f 527/4146/2176 249/4154/2182 493/4144/2174
f 248/4155/2183 585/4156/2183 259/4157/2183
f 186/3707/1961 258/3706/1960 585/4158/2184
f 123/4159/1876 488/4160/1882 496/4161/2185
f 128/4162/2186 489/4163/2186 386/4164/2186
f 314/4165/2168 313/4166/2167 317/4167/2171
f 496/4161/2185 488/4160/1882 513/4168/2187
f 312/4052/2114 317/4051/2135 318/4169/2188
f 311/4007/2116 316/4006/2115 317/4170/2135
f 47/4171/2189 41/4172/2189 200/4173/2189
f 539/4174/2190 525/4175/2190 524/4176/2190
f 249/4177/2182 527/4178/2176 513/4179/2187
f 191/4119/1958 427/4180/2191 445/4120/2162
f 177/4181/2192 196/4182/2192 192/4183/2192
f 422/4184/2193 386/4185/2193 390/4186/2193
f 199/4187/2194 197/4188/2194 46/4189/2194
f 195/3875/2045 179/3874/1929 187/4190/2106
f 27/3792/2009 52/3905/2060 57/4191/2195
f 190/4192/2144 42/4193/2086 198/4194/2130
f 142/4195/2083 251/4196/2053 182/4197/2196
f 249/4033/2033 505/4198/2197 494/4199/2198
f 199/4200/2199 182/4201/2199 197/4202/2199
f 528/4203/2200 526/4204/2200 539/4205/2200
f 31/4206/2201 58/4207/2201 45/4208/2201
f 48/4209/2057 41/4210/2202 40/4211/2046
f 40/4211/2046 41/4210/2202 49/4212/2071
f 313/4166/2167 316/4213/2169 317/4167/2171
f 387/4214/2203 492/4215/2203 489/4216/2203
f 48/4209/2057 50/4217/2163 41/4210/2202
f 45/4218/2204 51/4219/2204 59/4220/2204
f 491/4035/1911 490/4034/2127 495/4221/2205
f 31/4222/2206 43/4223/2206 39/4224/2206
f 182/4225/2196 55/4226/2207 142/4227/2083
f 200/4228/2208 42/4229/2086 49/4230/2071
f 197/4231/2209 42/4193/2086 46/4232/2210
f 46/4233/2210 42/4229/2086 200/4228/2208
f 251/4196/2053 193/4234/2147 182/4197/2196
f 49/4235/2071 41/4210/2202 200/4236/2208
f 527/4237/2176 528/4238/2175 524/4239/2211
f 182/4197/2212 197/4231/2213 53/4240/2214
f 42/4193/2086 197/4231/2209 198/4194/2130
f 389/4241/2215 399/4242/2216 502/4243/2217
f 386/4244/2218 489/4245/2218 273/4246/2218
f 142/4227/2083 55/4226/2207 50/4247/2163
f 386/4248/2219 273/4249/2219 390/4250/2219
f 21/4004/1976 51/4003/2113 52/4251/2060
f 183/4032/2126 428/3923/2069 192/3901/2058
f 197/4231/2209 182/4197/2196 198/4194/2130
f 193/4234/2147 198/4194/2130 182/4197/2196
f 41/4210/2220 55/4252/2221 53/4253/2214
f 50/4217/2163 55/4252/2207 41/4210/2202
f 249/4033/2033 494/4199/2198 490/4034/2127
f 200/4236/2222 41/4210/2220 53/4253/2214
f 23/4254/2223 59/4255/2223 43/4256/2223
f 422/3890/2051 391/4257/2224 387/3891/2052
f 200/4172/2225 46/4258/2226 54/4259/2227
f 384/3820/2022 261/4260/2228 134/3926/1926
f 194/4261/2229 196/4262/2229 186/4263/2229
f 489/4264/2230 492/4265/2230 273/4266/2230
f 182/4197/2212 53/4240/2214 55/4267/2221
f 200/4172/2225 54/4259/2227 41/4173/2231
f 422/4268/2051 123/4269/1876 391/4270/2224
f 182/4096/2232 54/4271/2227 197/4272/2233
f 55/4095/2234 54/4271/2227 182/4096/2232
f 41/4173/2231 54/4259/2227 55/4273/2234
f 197/4272/2233 54/4271/2227 46/4274/2226
f 324/4275/2235 134/4276/2236 262/4277/2237
f 57/4278/2238 59/4279/2238 40/4280/2238
f 168/4281/2239 181/4282/2239 56/4283/2239
f 46/4284/2240 200/4285/2240 197/4286/2240
f 34/4068/2143 336/4287/2241 20/4069/1955
f 262/4288/2237 328/4289/2242 324/4290/2235
f 513/4179/2187 425/4291/2243 496/4292/2185
f 52/4293/2244 51/4294/2244 57/4295/2244
f 195/4296/2245 187/4297/2245 183/4298/2245
f 109/4299/2246 318/4300/2188 342/4301/2247
f 200/4236/2222 53/4253/2214 197/4302/2213
f 769/4303/1628 491/4035/1911 495/4221/2205
f 187/4304/2248 198/4305/2248 201/4306/2248
f 187/4307/2249 201/4308/2249 183/4309/2249
f 57/4310/2250 51/4311/2250 59/4312/2250
f 20/4313/2251 60/4314/2251 58/4315/2251
f 400/4316/2252 392/4317/2253 393/4318/2253
f 39/4319/2254 58/4320/2254 30/4321/2254
f 428/4322/2255 183/4323/2255 186/4324/2255
f 186/4325/2256 183/4326/2256 194/4327/2256
f 242/4328/2109 244/4329/2257 462/4330/2110
f 183/4331/2258 198/4332/2258 194/4333/2258
f 59/4334/2259 45/4335/2260 43/4336/2261
f 191/4337/2262 428/4338/2262 427/4339/2262
f 58/4340/2263 43/4336/2261 45/4335/2260
f 488/4341/2264 499/4342/2265 497/4343/2266
f 58/4340/2263 39/4344/2267 43/4336/2261
f 198/4345/2268 183/4346/2268 201/4347/2268
f 387/4348/2269 499/4342/2265 488/4341/2264
f 539/4349/2270 526/4350/2270 531/4351/2270
f 532/4352/2271 535/4353/2272 534/4354/2273
f 529/4355/2274 532/4352/2271 533/4356/2275
f 532/4352/2271 534/4354/2273 533/4356/2275
f 320/4357/2276 321/4358/2277 319/4359/2278
f 320/4360/2279 382/4361/2279 321/4362/2279
f 317/4363/2135 342/4364/2247 318/4365/2188
f 20/4069/1955 336/4287/2241 60/4366/2280
f 321/4367/2277 332/4368/2281 322/4369/2282
f 259/4156/2283 523/4370/2283 585/4157/2283
f 535/4353/2272 546/4371/2284 534/4354/2273
f 391/4372/2285 498/4373/2285 387/4374/2285
f 321/4367/2277 382/4375/2286 332/4368/2281
f 331/4376/2287 322/4369/2282 332/4368/2281
f 387/4377/2269 498/4378/2288 499/4379/2265
f 321/4358/2277 322/4380/2282 323/4381/2289
f 319/4359/2278 321/4358/2277 323/4381/2289
f 324/4382/2290 328/4383/2290 316/4384/2290
f 382/4385/2286 320/4386/2276 319/4387/2278
f 141/3907/2061 394/4388/2291 137/3908/2025
f 317/4363/2135 325/4389/2292 342/4364/2247
f 123/4269/1876 278/4390/2293 391/4270/2224
f 528/4391/1985 530/4392/1959 526/4393/2294
f 531/4394/2295 526/4393/2294 530/4392/1959
f 273/4395/2296 492/4396/2296 498/4397/2296
f 141/3907/2061 140/4398/2297 394/4388/2291
f 348/4399/2298 326/4400/2299 109/4299/2246
f 500/4401/2300 510/4402/2301 514/4403/2302
f 535/4404/2272 532/4405/2271 537/4406/2303
f 273/4407/2304 498/4408/2304 391/4409/2304
f 58/4410/2305 60/4411/2305 30/4412/2305
f 34/4413/2306 33/4414/2306 109/4415/2306
f 319/4387/2278 330/4416/2307 382/4385/2286
f 60/4417/2308 327/4418/2309 30/4419/2310
f 529/4420/2274 533/4421/2275 548/4422/2311
f 533/4421/2275 555/4423/2312 548/4422/2311
f 316/4424/2313 328/4425/2313 317/4426/2313
f 495/4221/2205 490/4034/2127 486/4427/2314
f 109/4299/2246 342/4301/2247 348/4399/2298
f 392/4317/2253 412/4428/2315 393/4318/2253
f 533/4429/2275 534/4430/2273 555/4431/2312
f 391/4270/2224 278/4390/2293 273/4432/2316
f 261/4260/2228 384/3820/2022 395/4433/2317
f 502/4434/2318 508/4435/2318 389/4436/2318
f 532/4405/2271 560/4437/2319 537/4406/2303
f 523/4438/2320 263/4439/2320 285/4440/2320
f 496/4292/2185 425/4291/2243 501/4441/2321
f 389/4442/2215 396/4443/2322 399/4444/2216
f 498/4378/2288 492/4445/2323 499/4379/2265
f 322/4380/2282 329/4446/2324 323/4381/2289
f 317/4447/2325 328/4448/2325 325/4449/2325
f 546/4450/2284 535/4451/2272 536/4452/2326
f 508/4453/2327 502/4454/2327 506/4455/2327
f 390/4456/2328 273/4457/2328 402/4458/2328
f 382/4385/2286 337/4459/2329 341/4460/2330
f 186/4461/1961 580/4462/2331 428/4463/2332
f 535/4451/2272 537/4464/2303 536/4452/2326
f 319/4359/2278 323/4381/2289 330/4465/2307
f 532/4466/2333 529/4467/2333 556/4468/2333
f 527/4237/2176 524/4239/2211 538/4469/2334
f 539/4470/2335 531/4471/2335 524/4472/2335
f 389/4473/2215 508/4474/2336 396/4475/2322
f 532/4405/2271 556/4476/2337 560/4437/2319
f 546/4477/2284 544/4478/2338 534/4430/2273
f 382/4385/2286 330/4416/2307 337/4459/2329
f 496/4479/2185 401/4480/2339 123/4481/1876
f 529/4420/2274 548/4422/2311 551/4482/2340
f 331/4483/2287 339/4484/2341 322/4485/2282
f 531/4486/2295 530/4487/1959 565/4488/2342
f 332/4489/2281 333/4490/2343 331/4491/2287
f 332/4489/2281 382/4492/2286 333/4490/2343
f 186/4461/1961 585/4493/2184 580/4462/2331
f 30/4494/2310 327/4418/2309 383/4495/2344
f 769/4496/1628 446/4497/2345 246/4498/1863
f 109/4499/2246 326/4500/2299 34/4501/2346
f 137/3908/2025 394/4388/2291 143/4502/2101
f 527/4178/2176 425/4291/2243 513/4179/2187
f 769/4303/1628 495/4221/2205 446/4503/2345
f 527/4504/2347 538/4505/2347 425/4506/2347
f 123/4481/1876 401/4480/2339 279/4507/2348
f 500/4401/2300 514/4403/2302 430/4508/2349
f 500/4509/2300 430/4510/2349 510/4511/2301
f 524/4512/2350 531/4513/2350 538/4514/2350
f 529/4420/2274 551/4482/2340 556/4515/2337
f 397/4516/2351 398/4517/2352 406/4518/2353
f 140/4398/2297 381/4519/2354 394/4388/2291
f 382/4520/2286 341/4521/2330 334/4522/2355
f 396/4523/2356 403/4524/2356 399/4525/2356
f 397/4516/2351 400/4526/2357 398/4517/2352
f 329/4527/2324 335/4528/2358 323/4381/2289
f 502/4529/2217 399/4530/2216 506/4531/2359
f 331/4483/2287 371/4532/2360 339/4484/2341
f 397/4533/2361 406/4534/2361 400/4535/2361
f 322/4485/2282 339/4484/2341 364/4536/2362
f 336/4537/2363 34/4538/2363 60/4539/2363
f 537/4464/2303 540/4540/2364 536/4452/2326
f 555/4431/2312 534/4430/2273 544/4478/2338
f 546/4450/2284 536/4452/2326 566/4541/2365
f 496/4542/2366 503/4543/2366 401/4544/2366
f 382/4492/2286 334/4545/2355 333/4490/2343
f 352/4546/2367 341/4547/2367 337/4548/2367
f 401/4549/2368 503/4550/2368 504/4551/2368
f 504/4552/2369 401/4553/2369 278/4554/2369
f 134/3926/1926 261/4260/2228 262/4555/2370
f 400/4556/2371 409/4557/2371 398/4558/2371
f 541/4559/2372 566/4560/2372 536/4561/2372
f 548/4562/2311 550/4563/2373 551/4564/2340
f 339/4484/2341 371/4532/2360 340/4565/2374
f 339/4566/2341 338/4567/2375 364/4568/2362
f 550/4563/2373 542/4569/2376 551/4564/2340
f 244/4570/2377 143/4571/2377 394/4572/2377
f 555/4423/2312 573/4573/2378 548/4422/2311
f 338/4574/2375 339/4575/2341 340/4576/2374
f 548/4577/2311 572/4578/2379 550/4579/2373
f 541/4580/2380 536/4581/2380 540/4582/2380
f 402/4583/2381 273/4584/2381 294/4585/2381
f 541/4586/2382 543/4587/2382 566/4588/2382
f 322/4485/2282 364/4536/2362 329/4589/2324
f 544/4590/2338 546/4591/2284 545/4592/2383
f 494/4593/2384 505/4594/2384 490/4595/2384
f 249/4596/2385 426/4597/2385 505/4598/2385
f 338/4567/2375 355/4599/2386 364/4568/2362
f 396/4600/2387 407/4601/2387 403/4602/2387
f 399/4530/2216 515/4603/2388 506/4531/2359
f 337/4604/2389 344/4605/2389 352/4606/2389
f 400/4607/2390 406/4608/2390 409/4609/2390
f 508/4474/2336 410/4610/2391 396/4475/2322
f 352/4611/2392 349/4612/2392 341/4613/2392
f 342/4614/2247 325/4615/2292 348/4616/2298
f 396/4475/2322 410/4610/2391 407/4617/2393
f 546/4618/2394 566/4619/2394 547/4620/2394
f 573/4621/2395 572/4622/2395 548/4623/2395
f 506/4624/2396 507/4625/2396 508/4626/2396
f 506/4627/2397 515/4628/2397 507/4629/2397
f 323/4381/2289 335/4528/2358 330/4465/2307
f 402/3822/1727 294/4630/2398 384/3820/2022
f 550/4579/2373 572/4578/2379 549/4631/2399
f 338/4632/2400 343/4633/2400 355/4634/2400
f 510/4635/2401 509/4636/2401 516/4637/2401
f 542/4638/2402 550/4639/2402 549/4640/2402
f 337/4641/2403 359/4642/2403 344/4643/2403
f 499/4379/2265 492/4445/2323 497/4644/2266
f 551/4645/2340 542/4646/2376 574/4647/2404
f 510/4648/2405 516/4649/2405 511/4650/2405
f 551/4482/2340 552/4651/2406 556/4515/2337
f 337/4652/2407 346/4653/2407 404/4654/2407
f 352/4655/2408 345/4656/2409 356/4657/2410
f 566/4658/2411 512/4659/2411 553/4660/2411
f 566/4661/2412 511/4662/2413 567/4663/2414
f 512/4664/2415 559/4665/2415 553/4666/2415
f 566/4667/2412 554/4668/2416 511/4669/2413
f 510/4670/2417 511/4671/2417 509/4672/2417
f 346/4673/2418 337/4674/2418 347/4675/2418
f 337/4459/2329 330/4416/2307 359/4676/2419
f 566/4677/2420 567/4678/2420 554/4679/2420
f 338/4574/2375 340/4576/2374 353/4680/2421
f 541/4681/2422 568/4682/2423 543/4683/2424
f 354/4684/2425 398/4685/2426 357/4686/2427
f 326/4500/2299 348/4687/2298 34/4501/2346
f 426/4688/2428 249/4689/2428 513/4690/2428
f 510/4511/2301 430/4510/2349 514/4691/2302
f 399/4692/2429 403/4693/2430 415/4694/2431
f 555/4695/2312 544/4590/2338 573/4696/2378
f 504/4697/2432 405/4698/2432 401/4699/2432
f 511/4669/2413 554/4668/2416 509/4700/2433
f 508/4701/2336 507/4702/2434 519/4703/2435
f 560/4704/2319 556/4705/2337 557/4706/2436
f 496/4707/2437 501/4708/2437 503/4709/2437
f 505/4710/2438 423/4711/2439 490/4034/2127
f 357/4686/2427 398/4685/2426 409/4712/2440
f 507/4713/2434 515/4714/2388 516/4715/2441
f 261/4716/2228 395/4717/2317 262/4718/2370
f 516/4715/2441 509/4719/2433 507/4713/2434
f 345/4720/2442 354/4721/2442 356/4722/2442
f 354/4723/2443 357/4724/2443 356/4725/2443
f 410/4726/2444 409/4727/2444 406/4728/2444
f 541/4681/2422 558/4729/2445 568/4682/2423
f 511/4730/2446 516/4731/2446 559/4732/2446
f 559/4733/2447 566/4734/2447 553/4735/2447
f 347/4736/2448 411/4737/2448 346/4738/2448
f 512/4739/2449 566/4740/2449 559/4741/2449
f 554/4742/2450 567/4743/2450 568/4744/2450
f 554/4745/2416 568/4746/2451 558/4747/2452
f 537/4748/2303 560/4749/2319 581/4750/2453
f 410/4610/2391 406/4751/2454 407/4617/2393
f 537/4464/2303 586/4752/2455 540/4540/2364
f 349/4753/2456 366/4754/2456 341/4755/2456
f 559/4756/2457 430/4757/2457 553/4758/2457
f 546/4591/2284 561/4759/2458 545/4592/2383
f 551/4645/2340 574/4647/2404 562/4760/2459
f 399/4530/2216 518/4761/2460 515/4603/2388
f 560/4762/2461 557/4763/2461 563/4764/2461
f 509/4765/2433 520/4766/2462 507/4702/2434
f 333/4490/2343 350/4767/2463 331/4768/2287
f 335/4528/2358 329/4769/2324 351/4770/2464
f 554/4745/2416 558/4747/2452 564/4771/2465
f 530/4772/2466 436/4773/2466 565/4774/2466
f 334/4522/2355 341/4521/2330 366/4775/2467
f 352/4776/2468 356/4777/2468 368/4778/2468
f 60/4417/2308 383/4495/2344 327/4418/2309
f 551/4482/2340 562/4779/2459 552/4651/2406
f 331/4768/2287 350/4767/2463 371/4780/2360
f 407/4781/2393 408/4782/2469 403/4693/2430
f 406/4783/2454 408/4782/2469 407/4781/2393
f 263/4784/2470 302/4785/2471 264/4786/2472
f 554/4745/2416 564/4771/2465 509/4787/2433
f 403/4693/2430 408/4782/2469 415/4694/2431
f 338/4788/2473 353/4789/2473 343/4790/2473
f 557/4706/2436 556/4705/2337 552/4791/2406
f 542/4792/2474 549/4793/2474 574/4794/2474
f 355/4795/2475 363/4796/2475 364/4797/2475
f 560/4749/2319 563/4798/2476 581/4750/2453
f 409/4799/2477 410/4800/2391 413/4801/2478
f 544/4590/2338 545/4592/2383 573/4696/2378
f 516/4802/2441 518/4803/2460 517/4804/2479
f 566/4805/2480 543/4806/2424 547/4807/2481
f 352/4808/2482 368/4809/2482 349/4810/2482
f 345/4656/2409 352/4655/2408 360/4811/2483
f 355/4812/2484 343/4813/2484 365/4814/2484
f 516/4802/2441 515/4815/2388 518/4803/2460
f 345/4816/2485 398/4817/2485 354/4818/2485
f 567/4819/2414 570/4820/2486 568/4821/2487
f 355/4822/2488 365/4823/2488 363/4824/2488
f 543/4806/2424 578/4825/2489 547/4807/2481
f 559/4826/2490 570/4827/2490 511/4828/2490
f 543/4829/2424 568/4830/2423 578/4831/2489
f 559/4832/2491 516/4833/2491 517/4834/2491
f 330/4465/2307 335/4528/2358 373/4835/2492
f 509/4836/2433 564/4837/2465 570/4838/2486
f 329/4769/2324 372/4839/2493 351/4770/2464
f 411/4840/2494 346/4841/2494 412/4842/2494
f 123/4269/1876 279/4843/2348 278/4390/2293
f 511/4662/2413 570/4844/2486 567/4663/2414
f 541/4845/2422 569/4846/2495 558/4847/2445
f 352/4848/2496 344/4849/2496 360/4850/2496
f 509/4836/2433 570/4838/2486 520/4851/2462
f 399/4852/2497 415/4853/2497 518/4854/2497
f 329/4589/2324 364/4536/2362 377/4855/2498
f 541/4845/2422 540/4856/2364 569/4846/2495
f 356/4857/2499 357/4858/2500 345/4859/2500
f 490/4034/2127 423/4711/2439 486/4427/2314
f 495/4860/2205 486/4861/2314 446/4862/2345
f 409/4858/2501 358/4863/2501 357/4858/2501
f 410/4800/2391 508/4864/2336 413/4801/2478
f 325/4615/2292 375/4865/2502 348/4616/2298
f 530/4121/1959 445/4120/2162 436/4866/2503
f 503/4867/2504 424/4868/2504 504/4869/2504
f 531/4870/2295 579/4871/2505 538/4872/2506
f 325/4873/2292 328/4874/2507 375/4875/2502
f 357/4858/2500 409/4858/2508 345/4859/2500
f 531/4486/2295 565/4488/2342 579/4876/2505
f 373/4835/2492 335/4528/2358 351/4770/2464
f 418/4877/2509 413/4801/2478 508/4864/2336
f 546/4878/2284 547/4879/2510 561/4880/2458
f 507/4702/2434 520/4766/2462 519/4703/2435
f 329/4589/2324 377/4855/2498 372/4881/2493
f 572/4882/2379 575/4883/2511 549/4884/2399
f 558/4885/2452 570/4838/2486 564/4837/2465
f 508/4864/2336 519/4886/2435 418/4877/2509
f 505/4887/2512 426/4888/2512 423/4889/2512
f 568/4821/2487 570/4820/2486 558/4890/2452
f 344/4891/2513 359/4892/2513 360/4893/2513
f 406/4894/2454 413/4895/2478 408/4896/2469
f 537/4464/2303 581/4897/2453 586/4752/2455
f 559/4898/2514 517/4899/2514 570/4900/2514
f 517/4901/2515 518/4902/2515 570/4903/2515
f 246/4498/1863 446/4497/2345 492/4904/2516
f 366/4775/2467 361/4905/2517 334/4522/2355
f 570/4906/2518 518/4907/2518 520/4908/2518
f 413/4895/2478 406/4894/2454 409/4909/2477
f 398/4910/2519 345/4911/2519 409/4912/2519
f 557/4706/2436 552/4791/2406 563/4913/2476
f 401/4914/2520 405/4915/2520 440/4916/2520
f 345/4917/2409 360/4918/2483 368/4919/2521
f 540/4540/2364 586/4752/2455 547/4879/2510
f 568/4830/2423 571/4920/2522 578/4831/2489
f 349/4921/2523 368/4922/2523 366/4923/2523
f 333/4490/2343 334/4545/2355 350/4767/2463
f 244/4924/2524 394/4925/2524 462/4926/2524
f 356/4927/2525 345/4917/2409 368/4919/2521
f 558/4928/2526 571/4920/2522 568/4830/2423
f 579/4871/2505 432/4929/2527 538/4872/2506
f 343/4930/2528 353/4931/2528 365/4932/2528
f 570/4933/2529 435/4934/2529 517/4935/2529
f 340/4936/2530 370/4937/2530 353/4938/2530
f 518/4939/2531 415/4940/2532 519/4941/2435
f 520/4942/2462 518/4939/2531 519/4941/2435
f 424/4943/2533 405/4944/2534 504/4945/2535
f 413/4946/2536 418/4947/2536 408/4948/2536
f 328/4874/2507 362/4949/2537 375/4875/2502
f 401/4950/2339 265/4951/2538 279/4952/2348
f 549/4953/2539 576/4954/2539 574/4955/2539
f 363/4956/2540 370/4957/2540 364/4958/2540
f 545/4592/2383 561/4959/2458 439/4960/2541
f 353/4961/2542 363/4962/2542 365/4963/2542
f 366/4964/2543 368/4965/2543 367/4966/2543
f 558/4967/2544 569/4968/2544 571/4969/2544
f 503/4970/2545 501/4971/2321 424/4972/2533
f 408/4973/2546 418/4974/2546 415/4975/2546
f 361/4905/2517 366/4775/2467 367/4976/2547
f 572/4977/2379 573/4978/2378 575/4979/2511
f 574/4980/2548 575/4981/2548 562/4982/2548
f 549/4884/2399 575/4883/2511 576/4983/2549
f 340/4565/2374 371/4532/2360 370/4984/2550
f 278/4390/2293 414/4985/2551 273/4432/2316
f 561/4880/2458 547/4879/2510 434/4986/2552
f 569/4987/2495 540/4988/2364 547/4989/2510
f 147/4990/2553 383/4991/2553 285/4992/2553
f 552/4791/2406 577/4993/2554 563/4913/2476
f 406/4994/2555 369/4995/2555 409/4996/2555
f 578/4997/2556 571/4998/2556 547/4999/2556
f 415/5000/2557 418/5001/2557 267/5002/2557
f 561/5003/2558 434/5004/2558 439/5005/2558
f 360/5006/2559 359/5007/2559 368/5008/2559
f 373/5009/2492 359/4676/2419 330/4416/2307
f 273/4432/2316 414/4985/2551 416/5010/2560
f 328/5011/2561 274/5012/2561 362/5013/2561
f 359/5014/2562 367/5015/2562 368/5016/2562
f 459/5017/2563 519/5018/2563 415/5019/2563
f 409/5020/2564 369/5021/2564 398/5022/2564
f 488/5023/2565 426/5024/2565 513/5025/2565
f 364/4536/2362 370/5026/2566 377/4855/2498
f 514/4403/2567 435/5027/2568 430/4508/2569
f 415/5028/2570 485/5029/2570 459/5030/2570
f 576/5031/2571 575/5032/2571 574/5033/2571
f 406/5034/2572 398/5035/2572 369/5036/2572
f 353/5037/2573 370/5038/2573 363/5039/2573
f 569/4987/2495 547/4989/2510 571/5040/2574
f 436/5041/2575 579/5042/2575 565/5043/2575
f 371/5044/2360 350/5045/2463 379/5046/2576
f 552/4651/2406 562/4779/2459 582/5047/2577
f 383/5048/2344 60/5049/2308 266/5050/2578
f 418/5051/2509 519/5052/2435 417/5053/2579
f 415/5054/2580 267/5055/2581 485/5056/2582
f 373/5009/2492 376/5057/2583 359/4676/2419
f 430/5058/2584 435/5059/2584 431/5060/2584
f 370/5061/2585 371/5062/2585 377/5063/2585
f 401/4950/2339 440/5064/2586 265/4951/2538
f 267/5065/2587 418/5066/2587 417/5067/2587
f 267/5055/2581 417/5068/2579 485/5056/2582
f 545/4592/2383 439/4960/2541 573/4696/2378
f 351/5069/2588 372/5070/2588 377/5071/2588
f 459/5072/2589 485/5073/2582 417/5074/2579
f 440/5075/2590 405/4944/2534 424/4943/2533
f 359/4676/2419 361/4905/2517 367/4976/2547
f 519/5052/2435 459/5076/2589 417/5053/2579
f 448/5077/2591 428/5078/2591 580/5079/2591
f 334/5080/2355 361/5081/2517 350/5045/2463
f 285/5082/2592 263/5083/2592 147/5084/2592
f 418/5085/2593 419/5086/2593 267/5087/2593
f 501/4971/2321 440/5088/2590 424/4972/2533
f 497/4644/2266 492/4445/2323 437/5089/2594
f 267/5090/2595 420/5091/2595 418/5092/2595
f 575/4979/2511 582/5047/2577 562/4779/2459
f 581/5093/2453 563/4913/2476 586/5094/2455
f 573/4978/2378 587/5095/2596 575/4979/2511
f 552/4791/2406 582/5096/2577 577/4993/2554
f 425/5097/2243 538/5098/2506 426/5099/2597
f 439/4960/2541 587/5100/2596 573/4696/2378
f 427/5101/2191 428/5102/2598 308/5103/2599
f 432/5104/2527 579/5105/2505 429/5106/2600
f 563/4913/2476 577/4993/2554 586/5094/2455
f 267/5107/2601 268/5108/2601 419/5109/2601
f 547/4879/2510 586/4752/2455 434/4986/2552
f 273/4432/2316 416/5010/2560 421/5110/2602
f 373/5111/2603 351/5112/2603 376/5113/2603
f 430/5114/2604 431/5115/2605 514/5116/2567
f 371/5117/2360 379/5118/2576 378/5119/2606
f 437/5089/2594 492/4445/2323 276/5120/2607
f 348/5121/2298 301/5122/2608 34/5123/2346
f 361/4905/2517 359/4676/2419 376/5057/2583
f 523/5124/2609 302/5125/2471 263/5126/2470
f 432/5127/2527 433/5128/2610 538/5129/2506
f 423/5130/2611 426/5131/2611 486/5132/2611
f 350/5045/2463 361/5081/2517 374/5133/2612
f 34/5123/2346 301/5122/2608 60/5134/2308
f 371/5117/2360 378/5119/2606 377/5135/2613
f 384/3820/2022 293/5136/2614 395/4433/2317
f 538/5098/2506 433/5137/2610 426/5099/2597
f 350/5045/2463 374/5133/2612 379/5046/2576
f 586/5138/2615 443/5139/2615 434/5140/2615
f 514/5116/2567 431/5115/2605 435/5141/2568
f 575/4979/2511 587/5095/2596 582/5047/2577
f 501/5142/2321 425/5097/2243 449/5143/2616
f 579/5144/2505 436/5145/2617 429/5146/2600
f 427/5101/2191 308/5103/2599 483/5147/2618
f 362/5148/2537 274/5149/2619 282/5150/2620
f 362/5151/2537 269/5152/2621 375/5153/2502
f 585/5154/2622 583/5155/2622 580/5156/2622
f 362/5148/2537 282/5150/2620 269/5157/2621
f 348/5158/2623 375/5159/2623 286/5160/2623
f 584/5161/2624 462/5162/2624 585/5163/2624
f 412/5164/2625 369/5165/2625 270/5166/2625
f 421/5167/2602 416/5168/2560 271/5169/2626
f 271/5170/2627 437/5171/2627 276/5172/2627
f 271/5173/2628 416/5174/2628 437/5175/2628
f 265/4951/2538 440/5064/2586 279/4952/2348
f 271/5169/2626 276/5176/2629 421/5167/2602
f 266/5050/2578 60/5049/2308 272/5177/2630
f 585/5178/2631 475/5179/2631 522/5180/2631
f 488/5181/2632 521/5182/2632 426/5183/2632
f 497/4343/2266 521/5184/2633 488/4341/2264
f 375/5153/2502 269/5152/2621 281/5185/2634
f 492/5186/2635 446/5187/2635 276/5188/2635
f 432/5104/2527 429/5106/2600 438/5189/2636
f 273/5190/2637 421/5191/2637 294/5192/2637
f 577/5193/2554 582/5194/2577 442/5195/2638
f 375/5196/2639 281/5197/2639 286/5198/2639
f 376/5199/2640 351/5200/2640 361/5201/2640
f 434/5202/2641 443/5203/2642 439/5204/2541
f 501/5142/2321 449/5143/2616 440/5205/2590
f 443/5203/2642 442/5206/2638 439/5204/2541
f 377/5207/2643 378/5208/2643 351/5209/2643
f 328/5210/2242 262/5211/2237 274/5212/2644
f 439/5204/2541 442/5206/2638 587/5213/2596
f 577/5193/2554 442/5195/2638 586/5214/2455
f 374/5215/2612 380/5216/2645 379/5217/2576
f 351/5218/2646 378/5219/2646 380/5220/2646
f 585/5221/2647 462/5222/2648 475/5223/2649
f 294/5224/2398 421/5225/2650 275/5226/2651
f 436/5145/2617 441/5227/2652 429/5146/2600
f 351/5228/2653 380/5229/2653 361/5230/2653
f 379/5231/2654 380/5232/2654 378/5233/2654
f 587/5234/2596 442/5195/2638 582/5194/2577
f 442/5235/2655 443/5236/2655 586/5237/2655
f 361/5238/2517 380/5216/2645 374/5215/2612
f 276/5239/2656 275/5240/2656 421/5241/2656
f 416/5242/2560 414/5243/2551 277/5244/2657
f 585/5245/2658 523/5246/2658 583/5247/2658
f 278/5248/2293 279/5249/2348 414/5243/2551
f 426/5250/2659 457/5251/2659 486/5252/2659
f 523/5253/2660 522/5254/2661 444/5255/2662
f 449/5143/2616 425/5097/2243 426/5099/2597
f 416/5256/2663 277/5257/2663 437/5258/2663
f 585/5259/2664 522/5260/2664 523/5261/2664
f 497/5262/2266 437/5263/2594 521/5264/2633
f 441/5265/2665 445/5266/2665 451/5267/2665
f 108/5268/1977 263/5269/1979 264/5270/2666
f 441/5271/2667 436/5272/2667 445/5273/2667
f 384/3820/2022 294/4630/2398 293/5136/2614
f 432/5127/2527 438/5274/2636 433/5128/2610
f 437/5275/2668 277/5276/2668 280/5277/2668
f 262/4718/2370 395/4717/2317 289/5278/2669
f 429/5279/2670 450/5280/2670 438/5281/2670
f 437/5263/2594 280/5282/2671 521/5264/2633
f 276/5283/2672 446/5284/2345 280/5285/2671
f 275/5286/2673 276/5287/2673 280/5288/2673
f 277/5289/2674 275/5290/2674 280/5291/2674
f 281/5292/2675 269/5293/2675 282/5294/2675
f 286/5295/2676 281/5296/2677 282/5297/2678
f 277/5244/2657 414/5243/2551 279/5249/2348
f 429/5298/2600 441/5299/2652 450/5300/2679
f 280/5285/2671 446/5284/2345 521/5301/2633
f 447/5302/2680 280/5303/2680 454/5304/2680
f 447/5305/2681 275/5306/2681 280/5307/2681
f 438/5274/2636 451/5308/2682 433/5128/2610
f 580/5309/2683 471/5310/2684 448/5311/2685
f 580/5309/2683 583/5312/2686 471/5310/2684
f 449/5313/2687 426/5314/2687 440/5315/2687
f 438/5316/2688 450/5317/2688 451/5318/2688
f 348/5319/2298 307/5320/2689 283/5321/2690
f 441/5299/2652 451/5322/2691 450/5300/2679
f 420/5323/2692 469/5324/2692 284/5325/2692
f 383/5048/2344 301/5326/2693 285/5327/2694
f 348/5319/2298 286/5328/2676 307/5320/2689
f 381/5329/2695 108/5330/2695 307/5331/2695
f 440/5064/2586 426/5332/2696 279/4952/2348
f 521/5333/2697 449/5334/2697 279/5335/2697
f 280/5336/2698 275/5337/2698 453/5338/2698
f 445/5339/2699 452/5340/2699 451/5341/2699
f 280/5342/2700 453/5343/2700 461/5344/2700
f 426/5099/2597 433/5137/2610 457/5345/2701
f 274/5346/2619 289/5347/2669 310/5348/2702
f 426/5349/2703 521/5350/2703 279/5351/2703
f 274/5346/2619 310/5348/2702 282/5352/2620
f 262/5353/2370 289/5347/2669 274/5346/2619
f 456/5354/2704 433/5355/2610 451/5356/2682
f 433/5355/2610 456/5354/2704 457/5357/2701
f 454/5358/2705 455/5359/2705 447/5360/2705
f 277/5244/2657 279/5249/2348 288/5361/2706
f 277/5244/2657 288/5361/2706 275/5362/2651
f 447/5363/2707 291/5364/2708 275/5365/2709
f 108/5366/2710 264/5367/2710 307/5368/2710
f 281/5296/2711 287/5369/2712 282/5297/2713
f 454/5370/2714 280/5371/2715 455/5372/2716
f 395/5373/2717 288/5374/2717 289/5375/2717
f 445/5376/2162 427/5101/2191 483/5147/2618
f 275/5365/2709 291/5364/2708 453/5377/2718
f 451/5378/2682 458/5379/2719 456/5380/2704
f 458/5379/2719 457/5381/2701 456/5380/2704
f 282/5382/2720 310/5383/2720 290/5384/2720
f 279/5385/2721 521/5386/2721 292/5387/2721
f 486/4861/2314 457/5388/2722 460/5389/2723
f 282/5390/2678 307/5320/2689 286/5328/2676
f 383/5048/2344 266/5050/2578 301/5326/2693
f 290/5391/2724 289/5392/2669 295/5393/2725
f 447/5394/2726 455/5395/2726 291/5396/2726
f 458/5397/2719 394/5398/2727 457/5399/2701
f 280/5371/2715 461/5400/2728 455/5372/2716
f 292/5401/2729 394/5402/2729 279/5403/2729
f 295/5393/2725 289/5392/2669 394/5404/2730
f 521/5405/2633 394/5406/2731 292/5407/2732
f 381/5408/2733 307/5409/2733 394/5410/2733
f 395/5411/2317 293/5412/2614 294/5413/2398
f 348/5121/2298 283/5414/2690 301/5122/2608
f 486/4861/2314 460/5389/2723 446/4862/2345
f 279/5415/2734 394/5416/2734 288/5417/2734
f 294/5413/2398 288/5418/2706 395/5411/2317
f 521/5405/2633 460/5419/2723 394/5406/2731
f 301/5122/2608 272/5420/2630 60/5134/2308
f 272/5177/2630 301/5326/2693 266/5050/2578
f 295/5421/2725 394/5422/2730 307/5423/2735
f 295/5421/2725 307/5423/2735 290/5424/2724
f 292/5425/2736 394/5426/2736 457/5427/2736
f 294/5224/2398 275/5226/2651 288/5428/2706
f 465/5429/2737 459/5430/2737 463/5431/2737
f 451/5432/2682 452/5433/2738 458/5434/2719
f 394/5435/2739 460/5436/2739 457/5437/2739
f 282/5438/2740 290/5439/2740 307/5440/2740
f 289/5441/2741 288/5442/2741 394/5443/2741
f 428/5444/2598 448/5311/2685 308/5445/2599
f 521/5301/2633 446/5284/2345 460/5446/2723
f 523/5447/2742 285/5448/2742 583/5449/2742
f 461/5450/2743 453/5451/2743 455/5452/2743
f 453/5453/2744 291/5454/2744 455/5455/2744
f 458/5434/2719 477/5456/2745 462/5222/2648
f 458/5397/2719 462/5457/2648 394/5398/2727
f 523/5253/2660 444/5255/2662 302/5458/2746
f 458/5434/2719 452/5433/2738 477/5456/2745
f 296/5459/2747 284/5460/2748 297/5461/2749
f 463/5462/2750 464/5463/2751 474/5464/2752
f 469/5465/2753 465/5466/2754 284/5460/2748
f 465/5467/2754 463/5462/2750 474/5464/2752
f 284/5460/2748 296/5459/2747 469/5465/2753
f 465/5467/2754 469/5468/2753 463/5462/2750
f 465/5469/2754 468/5470/2755 284/5471/2748
f 469/5472/2753 296/5473/2747 303/5474/2756
f 465/5475/2754 474/5476/2752 466/5477/2757
f 284/5471/2748 304/5478/2758 297/5479/2749
f 463/5480/2750 299/5481/2759 464/5482/2751
f 307/5483/2760 296/5484/2760 283/5485/2760
f 465/5475/2754 466/5477/2757 467/5486/2761
f 452/5487/2762 445/5488/2762 464/5489/2762
f 465/5475/2754 467/5486/2761 468/5490/2755
f 469/5491/2753 299/5481/2759 463/5480/2750
f 448/5311/2685 471/5310/2684 308/5445/2599
f 307/5492/2763 298/5493/2763 296/5494/2763
f 303/5474/2756 299/5495/2759 469/5472/2753
f 462/5222/2648 477/5456/2745 475/5223/2649
f 284/5471/2748 468/5470/2755 304/5478/2758
f 452/5433/2738 464/5496/2764 477/5456/2745
f 300/5497/2765 479/5498/2766 285/5499/2694
f 444/5500/2662 470/5501/2767 302/5502/2746
f 470/5501/2767 444/5500/2662 522/5503/2661
f 285/5499/2694 479/5498/2766 471/5504/2768
f 583/5505/2769 285/5506/2769 471/5507/2769
f 264/5508/2770 309/5509/2770 307/5510/2770
f 301/5511/2693 300/5497/2765 285/5499/2694
f 264/5512/2771 302/5513/2746 309/5514/2772
f 303/5515/2756 296/5516/2747 304/5517/2758
f 522/5503/2661 472/5518/2773 470/5501/2767
f 305/5519/2774 297/5520/2774 296/5521/2774
f 297/5522/2749 304/5517/2758 296/5516/2747
f 464/5523/2775 474/5524/2775 473/5525/2775
f 299/5526/2759 466/5527/2757 464/5528/2751
f 468/5529/2755 303/5515/2756 304/5517/2758
f 466/5527/2757 299/5526/2759 467/5530/2761
f 464/5528/2751 466/5527/2757 474/5531/2752
f 445/5532/2162 483/5533/2618 306/5534/2776
f 483/5533/2618 487/5535/2777 306/5534/2776
f 301/5536/2608 306/5537/2776 487/5538/2777
f 306/5537/2776 301/5536/2608 283/5539/2690
f 522/5503/2661 475/5540/2649 476/5541/2778
f 476/5541/2778 475/5540/2649 477/5542/2745
f 300/5497/2765 301/5511/2693 272/5543/2779
f 472/5518/2773 478/5544/2780 470/5501/2767
f 480/5545/2781 302/5513/2746 470/5546/2767
f 480/5547/2781 470/5501/2767 478/5544/2780
f 309/5548/2782 298/5549/2782 307/5550/2782
f 302/5513/2746 480/5545/2781 309/5514/2772
f 472/5518/2773 476/5541/2778 478/5544/2780
f 471/5551/2783 479/5552/2783 308/5553/2783
f 479/5498/2766 300/5497/2765 272/5543/2779
f 479/5498/2766 272/5543/2779 308/5554/2784
f 522/5503/2661 476/5541/2778 472/5518/2773
f 296/5555/2785 298/5556/2786 283/5557/2786
f 445/5558/2787 477/5559/2787 464/5560/2787
f 468/5529/2755 484/5561/2788 303/5515/2756
f 484/5562/2788 299/5526/2759 303/5563/2756
f 467/5530/2761 299/5526/2759 484/5562/2788
f 478/5564/2780 476/5565/2778 480/5566/2781
f 487/5567/2789 482/5568/2789 308/5569/2789
f 481/5570/2790 308/5571/2784 272/5572/2779
f 308/5573/2791 481/5574/2791 487/5575/2791
f 272/5572/2779 301/5536/2608 481/5570/2790
f 482/5576/2792 487/5577/2777 483/5578/2618
f 483/5578/2618 308/5579/2599 482/5576/2792
f 301/5536/2608 487/5538/2777 481/5570/2790
f 309/5580/2793 306/5581/2793 283/5582/2793
f 445/5532/2162 306/5534/2776 476/5565/2778
f 306/5583/2794 309/5584/2794 480/5585/2794
f 480/5566/2781 476/5565/2778 306/5534/2776
f 476/5565/2778 477/5586/2745 445/5532/2162
f 468/5587/2755 467/5588/2761 484/5589/2788
f 298/5556/2786 309/5590/2795 283/5557/2786
f 290/5391/2724 310/5591/2702 289/5392/2669
f 966/5592/2796 985/5593/2796 962/5594/2796
f 1003/772/440 891/5595/492 1007/773/399
f 62/5596/2797 61/5597/2797 63/5598/2797
f 645/5599/1362 633/2742/1284 64/2744/1467
f 639/2916/1559 149/2743/1281 646/5600/2798
f 202/5601/2799 203/5602/2800 164/5603/2801
f 639/5604/1559 646/5605/2798 154/5606/2802
f 133/5607/2803 62/5608/2803 63/5609/2803
f 63/5610/2804 61/5611/1647 645/5612/1362
f 63/5610/2804 645/5612/1362 64/5613/1467
f 154/5606/2802 203/5602/2800 202/5601/2799
f 154/5606/2802 202/5601/2799 164/5603/2801
f 639/5604/1559 154/5606/2802 164/5603/2801
f 64/5614/1467 639/5604/1559 164/5603/2801
f 64/5615/2805 164/5616/2805 65/5617/2805
f 64/5618/2806 65/5619/2806 133/5620/2806
f 64/5613/1467 133/5621/2807 63/5610/2804
