# Blender 4.4.0
# www.blender.org
mtllib Meshy_AI_Trees_are_sparse_thi_0822235212_texture.mtl
o Meshy_AI_Trees_are_sparse_thi_0822235212_texture
v 0.733423 0.574469 0.618168
v 0.733387 0.581765 0.596448
v 0.736393 0.578491 0.593472
v 0.745344 0.585020 0.584353
v 0.750266 0.611274 0.576728
v 0.742900 0.590194 0.584003
v 0.752816 0.612386 0.569935
v 0.748132 0.594679 0.575564
v 0.820236 0.670636 0.758043
v 0.834865 0.617403 0.810318
v 0.826323 0.685845 0.730484
v 0.819319 0.666821 0.750728
v 0.825888 0.666612 0.749168
v 0.830655 0.647054 0.781584
v 0.834530 0.608214 0.809071
v 0.826433 0.684081 0.726319
v 0.825793 0.673473 0.753731
v 0.823955 0.639778 0.774391
v 0.838209 0.690286 0.719792
v 0.836266 0.635035 0.781235
v 0.842148 0.601988 0.804809
v 0.846582 0.613881 0.813982
v 0.849600 0.707319 0.697502
v 0.853772 0.551921 0.820575
v 0.841638 0.691645 0.705115
v 0.842300 0.603924 0.822837
v 0.851189 0.629840 0.832150
v 0.861703 0.626839 0.832113
v 0.859315 0.636304 0.836769
v 0.852225 0.601939 0.814198
v 0.843011 0.577961 0.817579
v 0.857603 0.634237 0.822929
v 0.852347 0.602288 0.820145
v 0.859537 0.552587 0.825393
v 0.870762 0.694668 0.845574
v 0.870828 0.711336 0.854273
v 0.871466 0.707571 0.843440
v 0.859618 0.680514 0.833821
v 0.868325 0.681849 0.832924
v 0.862827 0.718804 0.687942
v 0.880715 0.716262 0.857386
v 0.880721 0.722703 0.856252
v 0.855094 0.706141 0.693103
v 0.892053 0.743816 0.884695
v 0.896622 0.739976 0.880517
v 0.888784 0.750694 0.681208
v 0.888698 0.740213 0.686029
v 0.898541 0.769412 0.670134
v 0.895346 0.757768 0.680260
v 0.905141 0.758722 0.894570
v 0.897374 0.805074 0.656796
v 0.899165 0.803573 0.654798
v 0.907419 0.833171 0.659364
v 0.732026 0.546584 0.627055
v 0.733706 0.537757 0.640321
v 0.731403 0.552896 0.634481
v 0.735004 0.541160 0.631826
v 0.735019 0.564200 0.617084
v 0.734708 0.542754 0.658000
v 0.744379 0.545388 0.674337
v 0.755833 0.544615 0.683697
v 0.736829 0.549300 0.636892
v 0.762391 0.539690 0.683518
v 0.774877 0.527204 0.701423
v 0.756187 0.534417 0.680416
v 0.761620 0.531250 0.697500
v 0.774585 0.522402 0.709436
v 0.772395 0.508655 0.705875
v 0.781919 0.501580 0.708562
v 0.781491 0.474585 0.726597
v 0.781290 0.509568 0.713121
v 0.810888 0.381820 0.769772
v 0.783048 0.461599 0.717318
v 0.780953 0.452648 0.729494
v 0.799780 0.407590 0.758913
v 0.795435 0.428749 0.730258
v 0.789124 0.431948 0.728762
v 0.797378 0.315242 0.768684
v 0.808370 0.395007 0.779342
v 0.794804 0.437160 0.740375
v 0.805025 0.423599 0.744528
v 0.824440 0.387933 0.774030
v 0.816734 0.394458 0.792037
v 0.806865 0.295638 0.754956
v 0.815358 0.383309 0.767969
v 0.826263 0.398458 0.789660
v 0.814153 0.412397 0.790925
v 0.834244 0.459620 0.820449
v 0.839227 0.474489 0.811101
v 0.819925 0.400501 0.773723
v 0.814616 0.402914 0.775403
v 0.832442 0.464900 0.815155
v 0.846733 0.459728 0.806226
v 0.828299 0.429099 0.787025
v 0.847515 0.499541 0.836114
v 0.853622 0.473845 0.822680
v 0.855468 0.509117 0.820493
v 0.857852 0.491710 0.824441
v 0.857629 0.514217 0.836005
v 0.853245 0.544774 0.839581
v 0.743808 -0.053644 0.786175
v 0.755928 -0.007734 0.797575
v 0.751250 -0.070711 0.777854
v 0.757713 -0.087935 0.797630
v 0.763276 -0.172000 0.793496
v 0.769509 -0.159762 0.791234
v 0.749555 -0.001983 0.779268
v 0.751352 0.038762 0.792984
v 0.762980 0.042898 0.782046
v 0.783391 0.107453 0.784005
v 0.767900 0.087205 0.800223
v 0.764201 -0.222393 0.814101
v 0.780805 0.078040 0.807642
v 0.763650 -0.138884 0.804673
v 0.760462 -0.057675 0.779144
v 0.767411 -0.187721 0.816566
v 0.769266 -0.128932 0.792210
v 0.791000 0.102051 0.792258
v 0.774698 -0.293461 0.844988
v 0.779492 0.121445 0.785174
v 0.778948 -0.297619 0.829798
v 0.783265 -0.289926 0.848267
v 0.778191 0.104123 0.804375
v 0.781237 -0.208419 0.813581
v 0.779357 -0.215241 0.822544
v 0.789712 -0.294417 0.831749
v 0.766845 0.018135 0.790326
v 0.802667 0.228086 0.777043
v 0.793701 0.140724 0.777705
v 0.787154 0.106125 0.804702
v 0.794549 0.205049 0.761428
v 0.786432 0.085736 0.803625
v 0.799705 0.120602 0.818495
v 0.799441 0.145542 0.793927
v 0.808550 0.123085 0.841426
v 0.819756 0.150396 0.871233
v 0.835297 0.155116 0.859469
v 0.798508 0.250305 0.754354
v 0.806880 0.227584 0.756000
v 0.792951 0.217828 0.774207
v 0.803476 0.276693 0.775335
v 0.815826 0.159690 0.864753
v 0.807548 0.142491 0.836713
v 0.777690 0.092738 0.813019
v 0.807049 0.175880 0.771740
v 0.806932 0.182296 0.783498
v 0.818386 0.323005 0.770838
v 0.823372 0.164803 0.857114
v 0.832859 0.149461 0.864567
v 0.695219 0.777713 -0.065101
v 0.698684 0.817470 -0.073033
v 0.698457 0.783387 -0.067000
v 0.693704 0.788641 -0.068207
v 0.707671 0.756299 -0.043470
v 0.707926 0.747339 -0.041169
v 0.712487 0.739781 -0.033068
v 0.719708 0.723819 -0.026628
v 0.718745 0.718628 -0.024067
v 0.731042 0.708723 -0.021540
v 0.752392 0.701836 -0.018348
v 0.763469 0.773983 0.090216
v 0.770067 0.754880 0.082065
v 0.765285 0.796830 0.094465
v 0.761793 0.693571 -0.013188
v 0.793055 0.645241 -0.019996
v 0.787223 0.646618 -0.023208
v 0.771842 0.683010 -0.016831
v 0.775152 0.746760 0.073705
v 0.785944 0.735860 0.067971
v 0.792243 0.712474 0.054516
v 0.795790 0.707880 0.056271
v 0.804882 0.643087 -0.024386
v 0.792207 0.648843 -0.026538
v 0.803815 0.647018 -0.026001
v 0.798552 0.669941 0.005410
v 0.787024 0.723967 0.066054
v 0.810870 0.644226 -0.015946
v 0.801634 0.700219 0.032445
v 0.800597 0.689049 0.013120
v 0.798590 0.689554 0.021106
v 0.810815 0.622005 -0.039691
v 0.808099 0.636174 -0.023614
v 0.803126 0.634877 -0.033854
v 0.817389 0.633131 -0.035683
v 0.830715 0.597615 -0.049744
v 0.803543 0.629834 -0.030578
v 0.810814 0.633119 -0.037803
v 0.819189 0.620994 -0.046787
v 0.814707 0.636411 -0.042586
v 0.807866 0.647522 -0.038827
v 0.812581 0.642391 -0.040109
v 0.818303 0.647750 -0.041694
v 0.823767 0.602359 -0.050104
v 0.821705 0.624629 -0.040136
v 0.832163 0.633618 -0.056654
v 0.830323 0.622194 -0.046819
v 0.828525 0.615329 -0.053802
v 0.837025 0.582682 -0.059291
v 0.844182 0.650864 -0.065386
v 0.859964 0.661150 -0.066285
v 0.856408 0.666649 -0.067823
v 0.878904 0.695470 -0.073084
v 0.859424 0.662205 -0.073247
v 0.875267 0.691928 -0.078807
v 0.879317 0.690605 -0.075281
v 0.900927 0.727938 -0.090685
v 0.886970 0.720346 -0.086392
v 0.920076 0.757425 -0.110951
v 0.906742 0.730685 -0.098994
v 0.755717 0.465334 -0.026098
v 0.753880 0.466437 -0.030643
v 0.771825 0.447223 -0.037447
v 0.777941 0.436416 -0.034849
v 0.771871 0.376225 -0.048216
v 0.776038 0.401217 -0.034661
v 0.777783 0.372025 -0.048635
v 0.779732 0.445543 -0.040721
v 0.773811 0.370770 -0.038905
v 0.787169 0.464000 -0.035650
v 0.783506 0.419646 -0.033958
v 0.780097 0.410927 -0.041938
v 0.795751 0.477076 -0.045264
v 0.824428 0.528640 -0.056999
v 0.812810 0.498604 -0.041779
v 0.796096 0.467947 -0.036865
v 0.823038 0.501501 -0.048427
v 0.826786 0.510124 -0.059888
v 0.831549 0.527674 -0.054285
v 0.829540 0.583538 -0.063354
v 0.832641 0.515699 -0.057566
v 0.830205 0.527808 -0.065981
v 0.833969 0.558994 -0.055941
v 0.838866 0.544290 -0.063202
v 0.395097 0.707154 0.051607
v 0.396022 0.694378 0.051994
v 0.389192 0.701564 0.057905
v 0.406883 0.651341 0.045996
v 0.394929 0.743276 0.042371
v 0.403278 0.752882 0.042094
v 0.400096 0.697562 0.055084
v 0.403091 0.697047 0.045908
v 0.403302 0.746531 0.037499
v 0.418655 0.834368 0.000542
v 0.425396 0.605829 0.038739
v 0.427888 0.584541 0.029835
v 0.416623 0.757571 0.027456
v 0.402144 0.789535 0.032198
v 0.418438 0.829885 0.009229
v 0.404766 0.759889 0.036026
v 0.392430 0.779487 0.036035
v 0.396469 0.792405 0.035970
v 0.420407 0.848748 -0.004507
v 0.433986 0.774061 0.012339
v 0.436364 0.560802 0.029116
v 0.444030 0.872080 -0.019791
v 0.447859 0.870725 -0.024612
v 0.449504 0.779489 0.001465
v 0.442498 0.404459 -0.025947
v 0.444042 0.396565 -0.026533
v 0.442978 0.386262 -0.006611
v 0.446113 0.404216 -0.019678
v 0.449030 0.389465 -0.016350
v 0.460998 0.345289 0.012685
v 0.453058 0.405293 -0.026733
v 0.448810 0.882920 -0.031622
v 0.461027 0.440029 -0.056436
v 0.457911 0.359445 0.000892
v 0.460005 0.428935 -0.054230
v 0.451503 0.896820 -0.036804
v 0.436182 0.770543 0.018707
v 0.447746 0.783554 0.006365
v 0.463563 0.425149 -0.047743
v 0.468060 0.470150 -0.083027
v 0.481984 0.806336 -0.034223
v 0.472031 0.473239 -0.079825
v 0.483287 0.806859 -0.029784
v 0.491095 0.821558 -0.040424
v 0.443287 0.369698 -0.008992
v 0.437784 0.386145 -0.011766
v 0.489601 0.310188 0.030319
v 0.525865 0.272103 0.038909
v 0.525300 0.260382 0.040303
v 0.455104 0.344910 0.008366
v 0.525459 0.249778 0.054365
v 0.530184 0.254127 0.059318
v 0.518387 0.283842 0.040075
v 0.545586 0.242852 0.061668
v 0.538828 0.219954 0.067418
v 0.542089 0.219318 0.061152
v 0.539638 0.022619 0.112767
v 0.545225 -0.006296 0.111035
v 0.549598 0.227350 0.057662
v 0.551746 -0.012411 0.127599
v 0.556070 0.171990 0.077254
v 0.564899 0.174769 0.080794
v 0.560764 0.206272 0.080995
v 0.556742 -0.015092 0.102605
v 0.552800 0.191335 0.088784
v 0.547525 0.152996 0.088767
v 0.563110 -0.042093 0.107145
v 0.554041 0.005925 0.129084
v 0.568661 0.181759 0.086436
v 0.557079 -0.036006 0.122381
v 0.572818 -0.009745 0.122763
v 0.561488 0.176214 0.094418
v 0.562850 0.041381 0.116580
v 0.567066 0.003256 0.106566
v 0.559555 0.032536 0.102285
v 0.568343 0.257691 0.087954
v 0.562963 0.202250 0.080175
v 0.580571 -0.070969 0.115210
v 0.577267 -0.039433 0.129525
v 0.574383 0.251830 0.086537
v 0.571422 0.257578 0.094602
v 0.581025 -0.020409 0.110567
v 0.618195 -0.097255 0.118626
v 0.651532 -0.110635 0.088408
v 0.636811 -0.078119 0.107511
v 0.643743 -0.135251 0.087454
v 0.677228 -0.152163 0.104335
v 0.657507 -0.106567 0.102263
v 0.740458 -0.154411 0.101320
v 0.768495 -0.019280 0.140814
v 0.779993 -0.041609 0.144743
v 0.769376 0.304766 -0.030342
v 0.789006 -0.014890 0.129465
v 0.774940 -0.113131 0.103387
v 0.777240 -0.015904 0.151008
v 0.768737 0.333403 -0.040110
v 0.767744 -0.053470 0.139685
v 0.767248 0.308127 -0.023807
v 0.780595 0.266639 -0.008357
v 0.772475 0.314721 -0.024006
v 0.779642 0.276878 -0.006729
v 0.779927 0.017515 0.143825
v 0.804457 0.046043 0.139594
v 0.799427 0.055271 0.153931
v 0.813860 0.059562 0.163258
v 0.781127 0.230441 0.005444
v 0.754319 -0.100966 0.103876
v 0.786384 0.258279 -0.000056
v 0.785453 0.230293 0.004086
v 0.784437 0.276178 -0.014095
v 0.807031 0.065905 0.149704
v 0.822405 0.072775 0.145648
v 0.806317 0.021901 0.149101
v 0.830161 0.068921 0.158663
v 0.857144 0.119946 0.159730
v 0.880869 0.162753 0.169301
v 0.903255 0.206748 0.188316
v 0.895984 0.202719 0.179758
v 0.872872 0.134952 0.170045
v 0.905607 0.206904 0.181059
v 0.546412 0.113447 0.107795
v 0.544828 0.016993 0.124340
v 0.545438 0.024441 0.102367
v 0.545411 -0.007413 0.120479
v 0.005145 0.580486 0.431589
v -0.000920 0.581198 0.425272
v 0.007805 0.576435 0.426188
v 0.022761 0.594461 0.412953
v 0.016522 0.584305 0.412720
v 0.016391 0.589257 0.423267
v 0.033779 0.580241 0.391346
v 0.042039 0.576088 0.386908
v 0.014360 0.592554 0.416431
v 0.028044 0.590099 0.412063
v 0.055850 0.567013 0.360412
v 0.073066 0.553152 0.346532
v 0.045479 0.580469 0.373488
v 0.080735 0.559445 0.344157
v 0.073393 0.549511 0.334542
v 0.067862 0.562696 0.342952
v 0.081712 0.556687 0.334773
v 0.084399 0.542053 0.317319
v 0.079115 0.624028 0.368336
v 0.073232 0.570670 0.350130
v 0.082634 0.631512 0.363882
v 0.085594 0.628466 0.369546
v 0.090814 0.521027 0.304040
v 0.102412 0.505828 0.294196
v 0.084388 0.611898 0.361918
v 0.097482 0.531018 0.306202
v 0.105664 0.741677 0.378309
v 0.098500 0.745652 0.384500
v 0.102018 0.439343 0.204171
v 0.092287 0.472298 0.199398
v 0.104066 0.430340 0.212138
v 0.099047 0.473480 0.198994
v 0.093492 0.680430 0.371657
v 0.108074 0.441370 0.206090
v 0.131558 0.457960 0.242399
v 0.107907 0.725086 0.375430
v 0.095738 0.676234 0.365284
v 0.102366 0.694891 0.370334
v 0.100400 0.711838 0.369658
v 0.091097 0.768148 0.400061
v 0.125955 0.402577 0.221684
v 0.123754 0.382184 0.219490
v 0.124351 0.479134 0.250543
v 0.114442 0.395829 0.219420
v 0.122132 0.383275 0.224118
v 0.116018 0.485177 0.256051
v 0.121961 0.446482 0.239411
v 0.126639 0.450793 0.233521
v 0.122939 0.462888 0.252772
v 0.127934 0.401247 0.234779
v 0.126564 0.441217 0.242904
v 0.132398 0.449397 0.233571
v 0.020928 0.169311 0.289522
v 0.036208 0.108449 0.293520
v 0.032169 0.047586 0.306927
v 0.036965 0.115843 0.286540
v 0.013925 0.171488 0.291525
v 0.021299 0.169564 0.296278
v 0.022090 0.026247 0.300932
v 0.005865 -0.047828 0.321684
v 0.038535 0.058871 0.291846
v 0.014535 -0.050914 0.319243
v 0.043892 0.070493 0.294820
v 0.045342 0.124806 0.293564
v 0.038535 0.131453 0.288369
v 0.048162 0.168260 0.267427
v 0.047636 0.122150 0.279851
v 0.062962 0.202470 0.264876
v 0.057586 0.169853 0.262506
v 0.061655 0.171075 0.269871
v 0.061151 0.199639 0.258503
v 0.068479 0.192137 0.266640
v 0.097775 0.250119 0.249118
v 0.073130 0.201976 0.252851
v 0.094895 0.241182 0.246455
v 0.106924 0.250027 0.255062
v 0.100240 0.236775 0.244890
v 0.091490 0.218103 0.259336
v 0.134582 0.272698 0.238737
v 0.130783 0.301382 0.235340
v 0.121518 0.282093 0.233311
v 0.139370 0.289239 0.225064
v 0.133112 0.338627 0.229395
v 0.133464 0.314846 0.221692
v 0.126062 0.398964 0.217727
v 0.135806 0.367470 0.227569
v 0.144333 0.323702 0.217155
v 0.143460 0.345531 0.220390
v 0.145252 0.297193 0.230566
v 0.575786 0.614729 -0.757901
v 0.583058 0.603617 -0.748583
v 0.578293 0.601699 -0.752767
v 0.583848 0.614503 -0.754239
v 0.589047 0.588750 -0.736567
v 0.608004 0.584899 -0.731984
v 0.594048 0.591079 -0.735244
v 0.620991 0.566084 -0.733609
v 0.638904 0.545345 -0.731927
v 0.631950 0.562767 -0.738654
v 0.634860 0.542954 -0.738640
v 0.642742 0.547386 -0.736351
v 0.629964 0.568562 -0.733831
v 0.674416 0.535776 -0.741895
v 0.656298 0.529924 -0.736130
v 0.638876 0.535509 -0.735701
v 0.665373 0.534374 -0.746410
v 0.692547 0.531639 -0.759941
v 0.702799 0.522239 -0.759733
v 0.701118 0.522147 -0.771847
v 0.713961 0.515238 -0.774944
v 0.710791 0.509110 -0.768318
v 0.715339 0.512874 -0.771370
v 0.718866 0.503952 -0.781849
v 0.710460 0.497961 -0.781235
v 0.717717 0.455842 -0.789324
v 0.791402 0.424796 -0.847697
v 0.817575 0.493387 -0.855473
v 0.817024 0.590867 -0.843718
v 0.810258 0.582243 -0.847560
v 0.817057 0.591863 -0.854975
v 0.825876 0.554569 -0.865053
v 0.823964 0.503017 -0.863440
v 0.821447 0.642751 -0.850073
v 0.817874 0.658162 -0.861880
v 0.818590 0.592359 -0.848182
v 0.822583 0.534810 -0.858513
v 0.820127 0.666684 -0.859420
v 0.827188 0.658636 -0.859536
v 0.826184 0.467031 -0.844208
v 0.829396 0.686062 -0.877430
v 0.836160 0.700194 -0.874680
v 0.824438 0.772002 -0.866768
v 0.824260 0.744501 -0.865545
v 0.825661 0.747272 -0.863598
v 0.820538 0.565356 -0.849673
v 0.826516 0.614549 -0.847724
v 0.827607 0.741160 -0.869180
v 0.839256 0.526036 -0.858706
v 0.837592 0.548475 -0.860618
v 0.833857 0.718883 -0.866491
v 0.838086 0.512409 -0.851401
v 0.834031 0.484458 -0.852794
v 0.843841 0.707116 -0.870811
v 0.836636 0.686148 -0.873483
v 0.836640 0.733638 -0.868314
v 0.838200 0.697445 -0.881304
v 0.730354 0.426605 -0.793050
v 0.767155 0.375184 -0.833718
v 0.746496 0.399164 -0.809560
v 0.732423 0.442289 -0.799680
v 0.748074 0.410793 -0.802796
v 0.747829 0.418092 -0.805881
v 0.728299 0.430390 -0.804405
v 0.767940 0.373616 -0.824570
v 0.752050 0.260171 -0.827155
v 0.771247 0.386622 -0.836276
v 0.757944 0.225261 -0.824610
v 0.756079 0.318529 -0.831119
v 0.751896 0.236250 -0.816645
v 0.764402 0.279735 -0.833932
v 0.755947 0.281218 -0.812702
v 0.773941 0.374435 -0.820702
v 0.780226 0.389508 -0.822660
v 0.779783 0.138189 -0.801380
v 0.772070 0.287227 -0.818344
v 0.771736 0.302426 -0.832469
v 0.785409 0.380198 -0.839783
v 0.770081 0.171441 -0.793329
v 0.774760 0.237809 -0.813041
v 0.787936 0.150466 -0.781132
v 0.787637 0.391436 -0.824201
v 0.798295 0.417571 -0.845490
v 0.824281 0.490357 -0.844502
v 0.810433 0.119486 -0.787648
v 0.794969 0.440096 -0.846437
v 0.773866 0.396629 -0.830090
v 0.780807 0.203366 -0.802023
v 0.833741 0.161144 -0.819237
v 0.833425 0.155411 -0.822530
v 0.840051 0.152939 -0.820568
v 0.842045 0.156139 -0.815649
v 0.772045 0.252546 -0.824812
v 0.125642 0.046172 -0.795287
v 0.125917 0.041063 -0.799448
v 0.125256 -0.027799 -0.787057
v 0.120309 -0.035714 -0.758362
v 0.132511 0.023454 -0.775703
v 0.109111 -0.104240 -0.780089
v 0.136373 0.016195 -0.798942
v 0.127582 0.036104 -0.785494
v 0.131785 -0.055029 -0.761681
v 0.149043 0.052166 -0.811641
v 0.156804 0.137446 -0.863025
v 0.135464 0.002039 -0.767535
v 0.145387 0.035012 -0.784278
v 0.142940 0.060102 -0.819391
v 0.152064 0.129338 -0.851749
v 0.148179 0.080359 -0.809173
v 0.160819 0.098634 -0.830221
v 0.165145 0.145363 -0.855321
v 0.166753 0.138626 -0.866429
v 0.176918 0.205259 -0.891450
v 0.175749 0.206751 -0.899511
v 0.172879 0.155046 -0.865057
v 0.185007 0.208052 -0.894567
v 0.776620 0.138899 -0.794897
v 0.770800 -0.153145 -0.764858
v 0.773438 -0.108250 -0.774631
v 0.778730 -0.189060 -0.751913
v 0.774018 -0.093357 -0.763048
v 0.779087 -0.219235 -0.768307
v 0.780145 -0.178380 -0.780489
v 0.787878 -0.155819 -0.784949
v 0.803269 0.044068 -0.752470
v 0.789335 0.033702 -0.757828
v 0.784163 0.094931 -0.781964
v 0.785715 0.025413 -0.772256
v 0.807444 0.085139 -0.790992
v 0.770289 0.210082 -0.824169
v 0.799261 -0.249115 -0.770476
v 0.794383 0.028064 -0.783438
v 0.797562 -0.124859 -0.783901
v 0.809458 0.098555 -0.769952
v 0.805352 -0.222222 -0.746078
v 0.791902 -0.157827 -0.750428
v 0.803134 -0.136417 -0.759242
v 0.814727 0.020141 -0.756082
v 0.818058 0.000672 -0.768699
v 0.796587 0.067154 -0.788522
v 0.815023 0.088990 -0.782448
v 0.808575 0.116347 -0.795332
v 0.812648 0.103282 -0.778905
v 0.824409 0.122347 -0.797238
v 0.825996 -0.350378 -0.733426
v 0.792378 -0.196195 -0.746734
v 0.821276 -0.282494 -0.745338
v 0.619529 -0.374874 0.029856
v 0.615949 -0.471744 0.026201
v 0.616423 -0.434953 0.055515
v 0.617973 -0.376794 0.041410
v 0.631253 -0.391163 0.059211
v 0.621428 -0.950074 0.048742
v 0.609074 -0.445477 0.037870
v 0.641114 -0.330532 0.049943
v 0.638002 -0.949973 0.035418
v 0.628749 -0.949821 0.063810
v 0.641673 -0.949915 0.065499
v 0.620702 -0.435149 0.020504
v 0.643758 -0.322311 0.030969
v 0.648006 -0.949994 0.040749
v 0.632919 -0.368043 0.018629
v 0.641583 -0.672768 0.030299
v 0.654866 -0.416860 0.034138
v 0.681692 -0.264651 0.051995
v 0.654100 -0.369194 0.056981
v 0.651308 -0.950060 0.055310
v 0.654427 -0.567600 0.044456
v 0.653634 -0.338671 0.017665
v 0.664311 -0.373343 0.028767
v 0.673334 -0.202541 0.080938
v 0.679573 -0.194942 0.096086
v 0.624169 -0.118465 0.104322
v 0.653737 -0.419454 0.046313
v 0.660412 -0.385136 0.046398
v 0.666279 -0.308006 0.024394
v 0.667978 -0.333624 0.019888
v 0.678317 -0.275838 0.058919
v 0.688777 -0.187493 0.098131
v 0.686702 -0.290052 0.065080
v 0.706876 -0.288819 0.039865
v 0.684171 -0.240944 0.077371
v 0.687881 -0.162369 0.085927
v 0.704018 -0.225242 0.063494
v 0.670584 -0.176427 0.075254
v 0.676080 -0.330024 0.055600
v 0.716333 -0.263706 0.070910
v 0.715260 -0.277776 0.060125
v 0.693834 -0.182608 0.094123
v 0.708418 -0.229621 0.052725
v 0.708382 -0.219843 0.074804
v 0.692331 -0.246330 0.051887
v 0.730370 -0.174756 0.080485
v 0.737676 -0.186085 0.096631
v 0.706844 -0.241724 0.076833
v 0.742656 -0.215399 0.065601
v 0.753899 -0.193036 0.085475
v 0.754839 -0.160054 0.077453
v 0.771538 -0.127292 0.110408
v 0.633657 -0.610029 0.066597
v 0.650711 -0.619190 0.058958
v 0.644471 -0.469624 0.057994
v 0.732953 -0.203452 0.059770
v 0.115168 -0.193764 -0.775456
v 0.152289 -0.307804 -0.758972
v 0.111505 -0.199121 -0.747878
v 0.133341 -0.242078 -0.758818
v 0.136344 -0.494396 -0.670345
v 0.121413 -0.265295 -0.733242
v 0.152588 -0.487907 -0.658343
v 0.131859 -0.538984 -0.702175
v 0.146092 -0.460066 -0.704469
v 0.177110 -0.331540 -0.733167
v 0.142858 -0.371912 -0.706018
v 0.152516 -0.510886 -0.709176
v 0.143195 -0.628694 -0.666325
v 0.167825 -0.339930 -0.703402
v 0.165807 -0.493591 -0.657408
v 0.166375 -0.606131 -0.697810
v 0.154023 -0.949620 -0.677711
v 0.158163 -0.640870 -0.673955
v 0.166765 -0.431652 -0.666296
v 0.156114 -0.331826 -0.754264
v 0.182176 -0.494874 -0.669018
v 0.172084 -0.463565 -0.660256
v 0.168739 -0.587582 -0.681291
v 0.184957 -0.363317 -0.727842
v 0.188592 -0.419293 -0.714599
v 0.179556 -0.424218 -0.670980
v 0.175217 -0.496319 -0.704839
v 0.185239 -0.374401 -0.695396
v 0.190313 -0.431263 -0.679621
v 0.751292 -0.579225 -0.688014
v 0.738080 -0.562982 -0.704487
v 0.742676 -0.524802 -0.701389
v 0.751084 -0.492622 -0.715580
v 0.742033 -0.949539 -0.701520
v 0.768248 -0.949587 -0.715918
v 0.750253 -0.505467 -0.697417
v 0.752963 -0.949545 -0.693612
v 0.764975 -0.949764 -0.696790
v 0.762161 -0.523040 -0.724894
v 0.772387 -0.521305 -0.720263
v 0.765620 -0.557107 -0.720023
v 0.772817 -0.549687 -0.703192
v 0.765948 -0.565628 -0.691709
v 0.764473 -0.499846 -0.692156
v 0.756805 -0.949431 -0.722989
v 0.789567 -0.395275 -0.715581
v 0.778538 -0.514474 -0.706393
v 0.809204 -0.425502 -0.701688
v 0.821669 -0.396952 -0.717792
v 0.793891 -0.428842 -0.695413
v 0.818828 -0.372376 -0.735128
v 0.793198 -0.305248 -0.735729
v 0.794942 -0.388085 -0.727426
v 0.801649 -0.324512 -0.748265
v 0.795956 -0.358000 -0.719851
v 0.814316 -0.367099 -0.706498
v 0.804124 -0.377945 -0.703747
v 0.818272 -0.302534 -0.753208
v 0.820384 -0.378080 -0.708453
v 0.824563 -0.323239 -0.726581
v 0.142543 -0.433065 -0.693240
v 0.148239 -0.319946 -0.712612
v 0.147401 -0.465458 -0.665417
v 0.177188 -0.339028 -0.711166
v 0.193760 -0.445114 -0.690327
v 0.193084 -0.400693 -0.696935
v 0.742577 -0.521965 -0.711787
v 0.742272 -0.550695 -0.716683
v 0.751340 -0.523360 -0.723125
v 0.793548 -0.419215 -0.728057
v -0.837724 0.478817 0.854606
v -0.828314 0.140637 0.799129
v -0.822401 0.463687 0.858748
v -0.846279 0.157457 0.814574
v -0.822577 0.106502 0.786117
v -0.838451 0.155460 0.822570
v -0.846364 0.153177 0.818902
v -0.840120 0.161170 0.816009
v -0.829402 0.147186 0.812737
v -0.828439 0.122923 0.802826
v -0.822273 0.058946 0.765727
v -0.818768 0.033370 0.755801
v -0.823307 0.008240 0.772555
v -0.812615 -0.044702 0.781574
v -0.815677 0.120242 0.789039
v -0.818548 0.086531 0.787316
v -0.806113 0.024289 0.750771
v -0.813055 0.119950 0.795288
v -0.810894 -0.210983 0.771089
v -0.787124 0.408528 0.842019
v -0.809605 0.073457 0.759419
v -0.801485 0.068002 0.758906
v -0.795855 0.025328 0.755350
v -0.792823 0.127871 0.802069
v -0.796066 -0.112514 0.785964
v -0.797108 0.397091 0.826874
v -0.790921 0.379490 0.838099
v -0.817608 -0.287067 0.759801
v -0.781683 0.216086 0.802953
v -0.805782 0.069565 0.790128
v -0.791276 0.034056 0.770583
v -0.787282 0.119818 0.793138
v -0.779410 0.249006 0.821631
v -0.781775 -0.129781 0.780785
v -0.778337 0.312387 0.833058
v -0.784070 -0.178483 0.778932
v -0.777472 0.283544 0.816889
v -0.777157 -0.174904 0.764793
v -0.787120 0.189294 0.817187
v -0.781913 0.396528 0.826699
v -0.764944 0.197418 0.809918
v -0.777229 0.387303 0.836365
v -0.756942 0.286713 0.819983
v -0.767760 0.273022 0.809671
v -0.772494 0.374244 0.824710
v -0.740700 0.410340 0.804805
v -0.746090 0.423386 0.807147
v -0.765086 0.265437 0.832058
v -0.761744 0.237945 0.826206
v -0.763951 0.316247 0.834230
v -0.782935 0.388248 0.820992
v -0.756815 0.253313 0.814847
v -0.772634 0.380240 0.833390
v -0.811719 -0.010420 0.751831
v -0.793218 0.020310 0.777744
v -0.780045 0.171556 0.789074
v -0.832774 -0.313704 0.736140
v -0.835825 -0.388368 0.725993
v -0.816412 -0.559182 0.691120
v -0.825139 -0.422431 0.701459
v -0.824526 -0.406610 0.733327
v -0.829386 -0.319253 0.725641
v -0.822984 -0.369866 0.709345
v -0.801147 -0.504525 0.687984
v -0.812872 -0.312410 0.754453
v -0.812837 -0.565695 0.709265
v -0.805322 -0.191908 0.749349
v -0.811172 -0.949562 0.704498
v -0.809850 -0.164521 0.762151
v -0.811055 -0.949397 0.690883
v -0.808340 -0.572279 0.682022
v -0.786471 -0.949651 0.686947
v -0.801987 -0.542063 0.682441
v -0.813285 -0.405604 0.732427
v -0.806973 -0.400987 0.726626
v -0.800910 -0.297278 0.734384
v -0.805865 -0.350087 0.734305
v -0.797475 -0.688183 0.679587
v -0.806626 -0.403555 0.710905
v -0.784399 -0.564851 0.700394
v -0.787555 -0.523007 0.699250
v -0.802681 -0.949630 0.683472
v -0.795625 -0.239723 0.769691
v -0.781175 -0.118454 0.755588
v -0.792855 -0.599803 0.711213
v -0.784555 -0.221235 0.764746
v -0.784417 -0.569166 0.693022
v -0.783013 -0.949589 0.703691
v -0.787096 -0.612277 0.684585
v -0.797734 -0.949786 0.713086
v -0.763587 -0.280135 0.093126
v -0.834038 -0.388335 0.713214
v -0.831436 -0.339994 0.742504
v -0.917107 0.774490 0.128493
v -0.848634 0.702929 0.878271
v -0.845544 0.544643 0.856467
v -0.834886 0.686160 0.877328
v -0.836028 0.477313 0.846536
v -0.841993 0.707248 0.874175
v -0.839941 0.692662 0.871509
v -0.832394 0.748237 0.863486
v -0.842092 0.731108 0.864761
v -0.832440 0.736892 0.866913
v -0.844119 0.716318 0.865081
v -0.840436 0.541631 0.865153
v -0.834583 0.531984 0.848510
v -0.830528 0.651828 0.861140
v -0.816016 0.462649 0.840512
v -0.843838 0.508616 0.859697
v -0.834252 0.608362 0.847612
v -0.838049 0.717218 0.866776
v -0.840107 0.682302 0.873014
v -0.829651 0.494828 0.863254
v -0.832270 0.583141 0.861780
v -0.828931 0.563244 0.849055
v -0.824761 0.567533 0.854274
v -0.821488 0.590737 0.843479
v -0.827641 0.769991 0.866835
v -0.828421 0.519741 0.854871
v -0.826096 0.669388 0.866429
v -0.824304 0.594063 0.855333
v -0.825485 0.664783 0.857455
v -0.828669 0.644344 0.849610
v -0.827943 0.590148 0.845726
v -0.818148 0.590415 0.850382
v -0.740385 0.434514 0.796126
v -0.718396 0.508251 0.771576
v -0.742385 0.415809 0.797604
v -0.724755 0.447131 0.787089
v -0.725860 0.447738 0.797875
v -0.723360 0.500017 0.783523
v -0.712445 0.521238 0.769721
v -0.700298 0.528105 0.757621
v -0.714978 0.496235 0.775002
v -0.694438 0.531604 0.762625
v -0.712182 0.515095 0.778096
v -0.661760 0.535626 0.746244
v -0.636118 0.544089 0.741011
v -0.659948 0.534052 0.736812
v -0.643286 0.543347 0.734716
v -0.640738 0.535651 0.737395
v -0.615091 0.578761 0.734091
v -0.623202 0.563445 0.738208
v -0.623788 0.572818 0.738570
v -0.595548 0.586001 0.739717
v -0.580411 0.610653 0.753174
v -0.588216 0.608768 0.750891
v -0.593754 0.582048 0.734374
v -0.920068 0.763071 0.115211
v -0.901289 0.739362 0.098176
v -0.896322 0.738547 0.089434
v -0.890672 0.725504 0.088930
v -0.908313 0.743689 0.096329
v -0.875250 0.709809 0.079662
v -0.869722 0.642300 0.066673
v -0.883189 0.720517 0.078431
v -0.865672 0.682800 0.073283
v -0.854090 0.625363 0.072927
v -0.865262 0.631910 0.073302
v -0.852119 0.631530 0.064251
v -0.855675 0.617243 0.063085
v -0.844200 0.586706 0.069146
v -0.846399 0.622117 0.060941
v -0.820765 0.510397 0.061598
v -0.826237 0.562153 0.069818
v -0.846663 0.625987 0.067145
v -0.831676 0.652951 0.039149
v -0.832045 0.645308 0.049452
v -0.833840 0.551209 0.065688
v -0.821575 0.512640 0.068747
v -0.818601 0.522062 0.072444
v -0.811832 0.515758 0.068586
v -0.813126 0.499562 0.055500
v -0.798340 0.457179 0.044894
v -0.801382 0.349558 0.031941
v -0.794123 0.430995 0.053853
v -0.789515 0.460438 0.049695
v -0.811816 0.664065 0.035026
v -0.798528 0.674688 -0.022252
v -0.797431 0.696866 0.010834
v -0.794012 0.689565 0.008769
v -0.802737 0.685287 0.028484
v -0.794855 0.690680 0.021105
v -0.797368 0.682036 -0.021918
v -0.799048 0.686341 -0.048917
v -0.788724 0.445704 0.045365
v -0.795901 0.378015 0.049830
v -0.783245 0.449063 0.052199
v -0.795150 0.401861 0.045635
v -0.792910 0.696514 0.006210
v -0.784745 0.455102 0.041761
v -0.773274 0.475496 0.035919
v -0.766674 0.475065 0.035986
v -0.768913 0.474522 0.032036
v -0.511813 0.382829 0.094315
v -0.508474 0.383664 0.099823
v -0.517372 0.394428 0.103134
v -0.516326 0.361513 0.092190
v -0.506424 0.393935 0.084456
v -0.504373 0.380798 0.084101
v -0.479112 0.447054 0.082952
v -0.471104 0.454140 0.083036
v -0.472947 0.449960 0.070557
v -0.453882 0.475820 0.070596
v -0.461642 0.469788 0.064268
v -0.422179 0.552752 0.033841
v -0.455679 0.497940 0.062961
v -0.433996 0.512967 0.054308
v -0.418614 0.546633 0.032136
v -0.439553 0.516557 0.044148
v -0.418450 0.549574 0.043207
v -0.397031 0.574031 0.031211
v -0.383336 0.618323 0.010891
v -0.346520 0.891088 0.027704
v -0.337385 0.908373 0.059120
v -0.331878 0.905757 0.060062
v -0.348692 0.871797 0.027699
v -0.334390 0.913836 0.057449
v -0.342667 0.944172 0.077452
v -0.340316 0.946326 0.072621
v -0.332504 0.902597 0.049797
v -0.330160 0.914240 0.064003
v -0.802767 0.307868 0.030754
v -0.802957 0.338885 0.040082
v -0.789154 0.281141 0.019008
v -0.793178 0.274846 0.023206
v -0.790163 0.381067 0.051721
v -0.792828 0.295025 0.034015
v -0.791225 0.343819 0.040477
v -0.795569 0.323937 0.024677
v -0.785612 0.294690 0.030193
v -0.783611 0.280369 0.020469
v -0.779449 0.240465 0.030665
v -0.765804 0.209788 0.028814
v -0.746441 0.169754 0.042396
v -0.724547 0.151354 0.040003
v -0.731047 0.140681 0.036149
v -0.775448 0.244946 0.033104
v -0.733826 0.168019 0.043893
v -0.726990 0.118941 0.049926
v -0.747751 0.196160 0.028034
v -0.715147 0.122434 0.048427
v -0.651467 0.029788 0.039629
v -0.590608 0.088219 0.057529
v -0.587238 0.075363 0.058221
v -0.561011 0.099937 0.056578
v -0.566687 0.131633 0.064824
v -0.550708 0.123535 0.077137
v -0.560315 0.110691 0.053397
v -0.578362 0.084047 0.040020
v -0.587618 0.063147 0.037954
v -0.517411 0.192802 0.094515
v -0.522881 0.211138 0.098568
v -0.524021 0.207891 0.111073
v -0.509151 0.221785 0.118879
v -0.492429 0.235122 0.114319
v -0.518263 0.346522 0.104133
v -0.504365 0.270912 0.108233
v -0.514610 0.309677 0.100669
v -0.518108 0.324389 0.106598
v -0.498584 0.232046 0.106038
v -0.504508 0.256152 0.120136
v -0.508553 0.241317 0.106291
v -0.496856 0.267722 0.123813
v -0.502363 0.319479 0.108006
v -0.498819 0.378207 0.093920
v -0.490783 0.280726 0.107921
v -0.490689 0.264134 0.120042
v -0.507995 0.331833 0.096227
v -0.491032 0.244554 0.118236
v -0.499948 0.236896 0.123593
v -0.474237 0.252982 0.134579
v -0.472346 0.251278 0.128777
v -0.472614 0.243974 0.135518
v -0.470251 0.243107 0.129563
v 0.008952 -0.049599 0.311047
v -0.770033 -0.018084 -0.096006
v -0.750425 -0.113914 0.066873
v -0.780733 -0.275774 0.092802
v -0.775940 -0.278409 0.086843
v -0.757360 -0.126023 0.076337
v -0.734604 0.000627 -0.073246
v -0.723644 -0.004191 -0.074733
v -0.765422 -0.278462 0.100728
v -0.742711 -0.144429 0.074902
v -0.757827 -0.165046 0.091605
v -0.737077 -0.088530 0.078384
v -0.739788 -0.080329 0.073144
v -0.718462 -0.044776 0.047438
v -0.742722 -0.006471 -0.065110
v -0.735574 -0.021325 -0.057744
v -0.718121 -0.016237 -0.069102
v -0.728062 -0.023620 -0.059445
v -0.693549 -0.016417 0.057475
v -0.714769 -0.052100 0.048090
v -0.728936 -0.097429 0.072431
v -0.719724 0.104333 0.038299
v -0.708799 -0.007180 0.035409
v -0.715186 -0.000967 0.036137
v -0.720783 -0.039937 0.053686
v -0.715297 0.094266 0.052830
v -0.705601 0.071003 0.046867
v -0.715571 -0.034147 0.058262
v -0.701235 -0.020485 0.040205
v -0.699458 -0.010879 0.047699
v -0.666960 0.007056 0.030555
v -0.621639 0.026015 0.033327
v -0.687569 -0.026352 0.053987
v -0.659069 0.018108 0.047776
v -0.658874 0.020886 0.032343
v -0.651099 0.010543 0.049534
v -0.574621 0.108195 0.047626
v -0.588573 0.060826 0.049560
v -0.627172 0.033444 0.026532
v -0.389729 0.601566 0.027704
v -0.379495 0.652606 0.003068
v -0.365891 0.707097 -0.006544
v -0.373379 0.644452 0.003036
v -0.380047 0.796478 -0.001624
v -0.370394 0.740680 -0.012460
v -0.364765 0.764584 -0.012573
v -0.373104 0.636950 0.012540
v -0.373331 0.797450 -0.000419
v -0.371903 0.697899 -0.011167
v -0.374575 0.796887 -0.007025
v -0.365795 0.706484 -0.017441
v -0.369038 0.776260 -0.002776
v -0.360406 0.792004 0.008130
v -0.367230 0.738954 -0.007180
v -0.358908 0.726651 -0.014481
v -0.357500 0.774615 0.003158
v -0.360310 0.699583 -0.010566
v -0.361331 0.745022 -0.016593
v -0.352616 0.819764 0.016752
v -0.342530 0.816087 0.014477
v -0.348175 0.820179 0.011942
v -0.357896 0.856307 0.017713
v -0.351668 0.884381 0.028049
v -0.352189 0.860955 0.013127
v -0.346592 0.827963 0.023279
v -0.342213 0.816120 0.020728
v -0.352275 0.843299 0.020980
v -0.077036 0.684660 -0.384185
v -0.079943 0.651655 -0.398961
v -0.082887 0.640290 -0.396938
v -0.076631 0.660078 -0.391131
v -0.072276 0.599784 -0.404901
v -0.070963 0.683243 -0.381484
v -0.069048 0.596384 -0.408266
v -0.077215 0.590484 -0.412647
v -0.083279 0.745482 -0.382108
v -0.075299 0.715989 -0.377403
v -0.069455 0.706185 -0.378582
v -0.072570 0.618434 -0.407335
v -0.183748 0.253298 -0.500471
v -0.178089 0.242270 -0.495123
v -0.188141 0.251130 -0.493888
v -0.174447 0.218672 -0.483966
v -0.168795 0.239992 -0.483130
v -0.169374 0.209069 -0.484820
v -0.171297 0.281031 -0.498705
v -0.178101 0.256084 -0.495924
v -0.159485 0.381205 -0.483933
v -0.159133 0.341309 -0.491478
v -0.156417 0.319319 -0.488687
v -0.164473 0.224633 -0.492773
v -0.153033 0.182377 -0.451326
v -0.148907 0.159497 -0.448862
v -0.166658 0.336401 -0.482861
v -0.147058 0.176556 -0.461324
v -0.140184 0.470186 -0.459540
v -0.153476 0.445629 -0.472758
v -0.166868 0.222077 -0.477514
v -0.149324 0.189425 -0.461711
v -0.158759 0.318416 -0.482796
v -0.146207 0.454606 -0.475053
v -0.138297 0.465743 -0.468583
v -0.131874 0.106738 -0.400338
v -0.124126 0.383770 -0.493272
v -0.150767 0.343848 -0.485300
v -0.117859 0.382611 -0.489709
v -0.133579 0.488371 -0.465973
v -0.147212 0.471641 -0.462877
v -0.122001 0.508664 -0.449521
v -0.114559 0.101047 -0.399552
v -0.126726 0.141010 -0.422474
v -0.123664 0.496836 -0.451555
v -0.126201 0.125784 -0.402713
v -0.125726 0.076415 -0.384926
v -0.119380 0.382231 -0.494731
v -0.118998 0.038831 -0.356308
v -0.108862 0.515971 -0.452396
v -0.112053 0.110357 -0.391363
v -0.116060 0.120166 -0.404853
v -0.097362 0.538939 -0.434373
v -0.105965 0.121366 -0.408802
v -0.103376 0.122184 -0.402961
v -0.110072 0.095091 -0.385179
v -0.101670 0.171491 -0.412210
v -0.098421 0.164959 -0.420285
v -0.094734 0.168720 -0.415738
v -0.077155 0.570273 -0.423984
v -0.077668 0.557482 -0.425886
v -0.078989 0.564303 -0.416921
v -0.085101 0.561602 -0.424178
v 0.044677 0.190524 -0.800913
v 0.014899 0.206487 -0.784615
v 0.012716 0.239763 -0.784360
v 0.051237 0.157025 -0.801334
v 0.062913 0.140552 -0.794545
v 0.059082 0.156277 -0.789480
v 0.069325 0.139616 -0.808825
v 0.067744 0.161792 -0.793081
v 0.070532 0.150980 -0.807014
v 0.098242 0.105632 -0.803770
v 0.094175 0.079413 -0.793447
v 0.101490 0.099968 -0.795603
v 0.109117 0.053443 -0.804020
v -0.006736 0.247066 -0.773423
v -0.110888 0.729699 -0.896889
v -0.106043 0.732591 -0.892330
v -0.102145 0.699787 -0.872046
v -0.106638 0.728895 -0.897844
v -0.093953 0.547128 -0.828386
v -0.091498 0.623064 -0.842626
v -0.097546 0.714784 -0.880958
v -0.097023 0.525653 -0.816614
v -0.094681 0.697668 -0.867351
v -0.083081 0.629319 -0.850099
v -0.083441 0.632876 -0.845970
v -0.098808 0.693654 -0.865078
v -0.086732 0.566333 -0.834165
v -0.090072 0.540318 -0.814610
v -0.088320 0.526997 -0.822508
v -0.079569 0.483331 -0.804918
v -0.085314 0.621345 -0.837987
v -0.081732 0.617871 -0.842167
v -0.054033 0.670394 -0.816864
v -0.065706 0.401644 -0.779634
v -0.069188 0.371272 -0.783977
v -0.062571 0.388049 -0.791109
v -0.058149 0.471265 -0.803739
v -0.061210 0.463803 -0.802521
v -0.063822 0.463762 -0.805539
v -0.063770 0.476276 -0.803254
v -0.061549 0.476923 -0.810614
v -0.060854 0.325593 -0.777048
v -0.056465 0.660180 -0.826935
v -0.071361 0.480712 -0.797250
v -0.059093 0.423613 -0.784979
v -0.052463 0.316336 -0.785468
v -0.062507 0.363070 -0.773829
v -0.055888 0.367204 -0.782591
v -0.053523 0.501287 -0.827310
v -0.040219 0.314682 -0.774078
v -0.049082 0.488199 -0.826531
v -0.046993 0.503184 -0.829369
v -0.051177 0.477528 -0.816562
v -0.047439 0.307495 -0.770516
v -0.023070 0.281049 -0.785164
v -0.045104 0.293693 -0.781442
v -0.026793 0.266662 -0.773723
v -0.044486 0.673142 -0.806644
v -0.040395 0.686144 -0.803232
v -0.006810 0.259915 -0.773579
v -0.035076 0.690549 -0.794268
v -0.015257 0.703383 -0.786456
v -0.023814 0.691697 -0.792144
v -0.005960 0.698939 -0.781717
v -0.006658 0.695817 -0.787333
v -0.004472 0.701806 -0.785463
v 0.018397 0.683185 -0.779687
v 0.016233 0.678089 -0.780673
v 0.021704 0.677649 -0.783695
v 0.050765 0.684928 -0.776848
v -0.922246 0.194109 -0.191071
v -0.901989 0.176232 -0.184299
v -0.920845 0.200444 -0.187504
v -0.918687 0.200503 -0.194286
v -0.907669 0.192213 -0.184071
v -0.891293 0.168041 -0.178256
v -0.894160 0.164308 -0.172972
v -0.854781 0.073840 -0.165636
v -0.871227 0.118811 -0.162963
v -0.861369 0.106165 -0.165413
v -0.851125 -0.124620 -0.275216
v -0.841821 -0.141848 -0.321624
v -0.845415 -0.121060 -0.247669
v -0.839864 -0.116156 -0.295472
v -0.839269 -0.104034 -0.268637
v -0.820302 0.006118 -0.161094
v -0.820307 0.037993 -0.160012
v -0.836100 -0.129480 -0.315273
v -0.869790 0.106851 -0.161030
v -0.840118 0.061342 -0.154862
v -0.822346 -0.077949 -0.175188
v -0.812352 -0.094402 -0.247683
v -0.810732 -0.000957 -0.156581
v -0.811823 -0.127491 -0.290647
v -0.812501 -0.142763 -0.322115
v -0.802804 -0.002747 -0.166134
v -0.795112 -0.047377 -0.170524
v -0.815809 0.018833 -0.168722
v -0.804890 -0.049580 -0.168855
v -0.804720 -0.045504 -0.157059
v -0.811064 -0.134440 -0.279124
v -0.820534 -0.149230 -0.279349
v -0.779673 -0.047914 -0.106356
v -0.815262 -0.106151 -0.193510
v -0.775192 -0.063289 -0.160105
v -0.791349 -0.042387 -0.162956
v -0.788383 -0.044442 -0.113499
v -0.783726 0.104181 -0.809176
v -0.808663 0.158176 -0.789072
v -0.804639 -0.064514 -0.141276
v -0.763148 -0.028680 -0.128926
v -0.803199 0.123060 -0.838862
v -0.775913 0.081904 -0.809107
v -0.775755 0.079607 -0.786929
v -0.783295 0.079670 -0.810267
v -0.762323 0.064280 -0.796151
v -0.767852 0.022247 -0.798992
v -0.777534 0.051448 -0.788915
v -0.775199 -0.144291 -0.796006
v -0.759485 0.044054 -0.785435
v -0.762041 -0.113319 -0.801249
v -0.761851 -0.047902 -0.795352
v -0.764639 -0.100708 -0.781417
v -0.758853 -0.014365 -0.778091
v -0.778829 -0.297552 -0.835061
v -0.758439 -0.152611 -0.796108
v -0.752322 0.019127 -0.794262
v -0.755821 -0.096574 -0.781168
v -0.751337 -0.037441 -0.779353
v -0.747651 -0.052900 -0.786243
v -0.828091 -0.098750 -0.195988
v -0.836816 -0.093657 -0.217603
v -0.797568 -0.091995 -0.220953
v -0.910222 0.762137 -0.891503
v -0.900191 0.749491 -0.891076
v -0.903997 0.744850 -0.888953
v -0.890738 0.743870 -0.684204
v -0.883332 0.736966 -0.682241
v -0.884959 0.723740 -0.868419
v -0.897443 0.840120 -0.659476
v -0.889472 0.823391 -0.656815
v -0.893001 0.771219 -0.668377
v -0.878732 0.722037 -0.859553
v -0.888620 0.824954 -0.661046
v -0.884798 0.794645 -0.660388
v -0.875369 0.712480 -0.848407
v -0.893719 0.761769 -0.677417
v -0.871002 0.677164 -0.832134
v -0.863589 0.684604 -0.840608
v -0.884169 0.720597 -0.856115
v -0.869424 0.679154 -0.842199
v -0.865790 0.628313 -0.834476
v -0.872315 0.722013 -0.688513
v -0.856185 0.601929 -0.815950
v -0.859575 0.659215 -0.829944
v -0.867534 0.689316 -0.835723
v -0.861592 0.522784 -0.838302
v -0.859397 0.483784 -0.820081
v -0.858602 0.544237 -0.822534
v -0.864803 0.535822 -0.831196
v -0.854430 0.492653 -0.836303
v -0.849592 0.517543 -0.838343
v -0.859570 0.558380 -0.836286
v -0.859021 0.632195 -0.836757
v -0.853037 0.602555 -0.824702
v -0.863347 0.721043 -0.691659
v -0.851470 0.612991 -0.807360
v -0.840394 0.600630 -0.812767
v -0.847710 0.574429 -0.831353
v -0.848003 0.546154 -0.829459
v -0.849912 0.605371 -0.804821
v -0.852263 0.613879 -0.814527
v -0.849774 0.515168 -0.824463
v -0.849858 0.695120 -0.706688
v -0.832231 0.670873 -0.748543
v -0.845440 0.612353 -0.820102
v -0.834082 0.627473 -0.803093
v -0.832304 0.654603 -0.763882
v -0.853233 0.708151 -0.695482
v -0.841270 0.689586 -0.710953
v -0.824427 0.652476 -0.765143
v -0.832959 0.656117 -0.773362
v -0.825945 0.674854 -0.754850
v -0.822265 0.667732 -0.759451
v -0.824262 0.673408 -0.745200
v -0.793443 0.455062 -0.732705
v -0.785037 0.504167 -0.719759
v -0.768367 0.533483 -0.705191
v -0.775460 0.529963 -0.707702
v -0.785342 0.447918 -0.726514
v -0.770006 0.537830 -0.693166
v -0.773469 0.518911 -0.702270
v -0.763081 0.532268 -0.693250
v -0.761729 0.544840 -0.693059
v -0.746219 0.540556 -0.668528
v -0.752620 0.623937 -0.579107
v -0.752249 0.607612 -0.580970
v -0.739477 0.545163 -0.668963
v -0.752259 0.623600 -0.571401
v -0.740562 0.593787 -0.592007
v -0.739096 0.554800 -0.640842
v -0.744257 0.551098 -0.666110
v -0.737712 0.543260 -0.641415
v -0.736377 0.581503 -0.611439
v -0.746330 0.596053 -0.593812
v -0.732846 0.546420 -0.650148
v -0.737154 0.584614 -0.619702
v -0.732469 0.576950 -0.627732
v -0.734456 0.590148 -0.608012
v -0.732728 0.546208 -0.640033
v -0.849842 0.451194 -0.814426
v -0.828620 0.420171 -0.803337
v -0.842570 0.444615 -0.797509
v -0.857237 0.503204 -0.820264
v -0.839741 0.467190 -0.824443
v -0.839732 0.467956 -0.811203
v -0.791284 0.098282 -0.803643
v -0.836466 0.160018 -0.856479
v -0.821020 0.162825 -0.860832
v -0.824193 0.400572 -0.775579
v -0.818286 0.287138 -0.770086
v -0.818362 0.158013 -0.865940
v -0.821994 0.383511 -0.770176
v -0.828173 0.387277 -0.774585
v -0.812374 0.417342 -0.748976
v -0.812837 0.284284 -0.756222
v -0.815215 0.401832 -0.779177
v -0.836665 0.147893 -0.860768
v -0.829161 0.147929 -0.869450
v -0.790941 0.086189 -0.806192
v -0.799489 0.436306 -0.742510
v -0.805626 0.238289 -0.777308
v -0.824550 0.432625 -0.800895
v -0.811003 0.385840 -0.775917
v -0.804615 0.316517 -0.761750
v -0.802875 0.315004 -0.774441
v -0.809352 0.285363 -0.776851
v -0.805655 0.206692 -0.759272
v -0.812659 0.194760 -0.766402
v -0.801510 0.426212 -0.734716
v -0.800227 0.128582 -0.826701
v -0.802373 0.259623 -0.755832
v -0.794861 0.432695 -0.744309
v -0.799872 0.141427 -0.779255
v -0.795135 0.206432 -0.774517
v -0.796680 0.225936 -0.761403
v -0.785430 0.132547 -0.785345
v -0.786488 0.109379 -0.804696
v -0.796659 0.420217 -0.739525
v -0.791980 0.448255 -0.722872
v -0.785540 0.503794 -0.711009
v -0.781537 0.472135 -0.726840
v -0.186698 -0.004862 -0.415408
v -0.178799 -0.033020 -0.409306
v -0.170267 -0.040058 -0.402919
v -0.162990 -0.060496 -0.399309
v -0.150570 -0.079598 -0.379599
v -0.151007 -0.070861 -0.387127
v -0.104250 -0.143358 -0.346584
v -0.114277 -0.111963 -0.355889
v -0.158882 -0.076440 -0.389121
v -0.139651 -0.102978 -0.369662
v -0.122238 -0.082000 -0.343879
v -0.122858 0.098439 -0.383121
v -0.123860 -0.075628 -0.352753
v -0.115435 -0.121893 -0.347950
v -0.125623 -0.045244 -0.349410
v -0.109165 -0.121689 -0.334505
v -0.113621 0.012587 -0.348379
v -0.111043 -0.092131 -0.359650
v -0.115932 0.034787 -0.374337
v -0.107928 -0.028180 -0.360431
v -0.103805 -0.091022 -0.339976
v -0.115231 0.068558 -0.367168
v -0.106466 -0.017927 -0.348027
v -0.096330 -0.117225 -0.352329
v -0.086465 -0.165009 -0.327736
v -0.089090 -0.161144 -0.350307
v -0.093215 -0.164107 -0.330483
v -0.073126 -0.174770 -0.330594
v -0.066132 -0.245346 -0.362446
v -0.044518 -0.296186 -0.368012
v -0.057332 -0.224725 -0.340532
v -0.075517 -0.190992 -0.354027
v -0.050610 -0.263096 -0.382844
v -0.043282 -0.255995 -0.379028
v -0.042374 -0.242188 -0.357105
v -0.043102 -0.333949 -0.398817
v -0.047651 -0.336620 -0.388810
v -0.036014 -0.263415 -0.375892
v -0.037173 -0.308912 -0.398450
v -0.037133 -0.366635 -0.395680
v -0.027475 -0.366205 -0.402864
v -0.030446 -0.333645 -0.373140
v -0.019987 -0.329202 -0.383317
v -0.021777 -0.411610 -0.376331
v -0.008681 -0.468516 -0.378001
v -0.009963 -0.369622 -0.398410
v -0.015022 -0.412113 -0.367635
v 0.008114 -0.498217 -0.348314
v 0.004671 -0.401058 -0.378669
v 0.012265 -0.428779 -0.377744
v 0.086994 -0.181195 -0.768271
v 0.088300 -0.137562 -0.759935
v 0.101380 -0.245113 -0.769430
v 0.102509 -0.255939 -0.745918
v 0.120800 0.009637 -0.776150
v 0.100708 -0.078477 -0.759036
v 0.115091 -0.073065 -0.752802
v 0.115155 -0.237055 -0.775901
v 0.089050 0.093831 -0.807194
v 0.108578 -0.282353 -0.751243
v 0.121426 -0.289351 -0.765810
v 0.103571 -0.188351 -0.779879
v 0.116442 -0.016363 -0.782017
v 0.091029 -0.115163 -0.768895
v 0.101162 -0.180104 -0.748479
v 0.127362 -0.073367 -0.775079
v 0.131147 -0.249589 -0.741814
v 0.133918 -0.334025 -0.722587
v 0.117065 -0.154115 -0.768476
v 0.122501 -0.205091 -0.760214
v 0.142012 -0.361685 -0.734201
v -0.073401 -0.187647 -0.329594
v -0.066055 -0.185101 -0.348443
v -0.029678 -0.306921 -0.395052
v -0.011331 -0.470367 -0.365213
v -0.018514 -0.692826 -0.344675
v -0.018520 -0.666729 -0.362083
v -0.018912 -0.949460 -0.359081
v -0.004636 -0.560877 -0.365871
v -0.003686 -0.640489 -0.336262
v -0.012295 -0.626734 -0.340818
v -0.011166 -0.949386 -0.340475
v 0.003619 -0.949666 -0.340242
v 0.012740 -0.948942 -0.350968
v -0.009658 -0.949541 -0.370069
v -0.008442 -0.692458 -0.371375
v 0.008372 -0.589290 -0.337532
v -0.004778 -0.510002 -0.350101
v 0.003642 -0.949612 -0.370222
v 0.012772 -0.949649 -0.359183
v 0.010748 -0.666953 -0.344214
v 0.012921 -0.569058 -0.365700
v 0.003164 -0.425126 -0.391274
v 0.014816 -0.467907 -0.360225
v 0.020216 -0.557232 -0.352052
v 0.117450 -0.605663 -0.687612
v 0.118216 -0.613463 -0.698011
v 0.121680 -0.949504 -0.685196
v 0.126060 -0.707677 -0.710642
v 0.122134 -0.650136 -0.675722
v 0.123309 -0.549578 -0.684877
v 0.134612 -0.596618 -0.713027
v 0.136818 -0.949788 -0.711244
v 0.157397 -0.949562 -0.702206
v 0.121762 -0.949511 -0.698407
v 0.133001 -0.949644 -0.673517
v 0.155878 -0.569840 -0.711070
v -0.835897 -0.154511 -0.333347
v -0.811011 -0.223326 -0.315919
v -0.839226 -0.157510 -0.287548
v -0.847875 -0.149723 -0.288434
v -0.823233 -0.175584 -0.346454
v -0.826339 -0.175371 -0.300392
v -0.814730 -0.171045 -0.299943
v -0.794783 -0.295942 -0.346816
v -0.794010 -0.286828 -0.326541
v -0.804920 -0.153517 -0.311484
v -0.806914 -0.169669 -0.343364
v -0.785215 -0.193232 -0.333970
v -0.775359 -0.294599 -0.366375
v -0.787243 -0.231882 -0.816602
v -0.787057 -0.326611 -0.330135
v -0.791721 -0.296301 -0.832046
v -0.782862 -0.292417 -0.849804
v -0.787295 -0.663020 -0.344600
v -0.786792 -0.764206 -0.318302
v -0.795518 -0.292765 -0.844788
v -0.752103 -0.272827 -0.328087
v -0.776214 -0.949803 -0.318872
v -0.778794 -0.412273 -0.353599
v -0.773224 -0.307546 -0.315069
v -0.771562 -0.713808 -0.309087
v -0.766403 -0.948925 -0.317976
v -0.758313 -0.581753 -0.361515
v -0.765734 -0.159714 -0.790909
v -0.779873 -0.949998 -0.331885
v -0.762064 -0.950109 -0.322410
v -0.777456 -0.294518 -0.844405
v -0.757885 -0.261004 -0.352779
v -0.761797 -0.949838 -0.331403
v -0.750708 -0.739592 -0.330684
v -0.740740 -0.300560 -0.345341
v -0.740728 -0.331315 -0.355733
v -0.846957 -0.157686 -0.318099
v -0.797416 -0.197723 -0.353164
v -0.789109 -0.670909 -0.324248
v -0.790246 -0.748580 -0.330592
v -0.779579 -0.191808 -0.816571
v -0.819649 -0.214523 -0.348298
v -0.778654 -0.549796 -0.356743
v -0.779807 -0.736681 -0.346836
v -0.782398 -0.217592 -0.317558
v -0.800187 -0.210827 -0.310671
v -0.774540 -0.579564 -0.317425
v -0.755051 -0.343280 -0.313698
v -0.767135 -0.950016 -0.337271
v -0.765849 -0.746583 -0.309779
v -0.749857 -0.352300 -0.363434
v -0.749638 -0.305435 -0.361635
v -0.748751 -0.585067 -0.356372
v -0.743251 -0.629799 -0.339731
v -0.749499 -0.596687 -0.319545
v -0.741475 -0.303327 -0.331174
v -0.736119 -0.434431 -0.328347
v -0.739626 -0.365960 -0.322230
v -0.733911 -0.366707 -0.342388
vn -0.8917 0.3552 -0.2806
vn -0.0665 -0.4185 -0.9058
vn -0.5132 -0.7438 -0.4282
vn 0.2796 0.6964 -0.6610
vn -0.5010 0.6413 0.5811
vn -0.8648 -0.2175 -0.4526
vn 0.2431 -0.3297 0.9122
vn 0.4916 0.8553 0.1639
vn 0.3122 0.8324 -0.4578
vn -0.6896 -0.2335 0.6856
vn 0.3825 -0.0003 -0.9240
vn 0.4666 -0.0426 -0.8835
vn 0.8584 0.5010 -0.1101
vn 0.7666 0.3982 -0.5037
vn 0.2473 0.2280 0.9417
vn -0.0161 0.3628 0.9317
vn -0.3759 0.6223 0.6866
vn -0.6604 -0.6680 0.3430
vn 0.1010 0.0598 -0.9931
vn 0.5375 0.5232 0.6613
vn -0.2388 0.0826 0.9675
vn 0.6086 -0.7165 -0.3409
vn 0.2378 -0.5585 -0.7947
vn -0.9192 -0.2334 0.3171
vn -0.6962 -0.4628 0.5487
vn -0.7116 -0.3184 0.6263
vn -0.1107 -0.4450 0.8886
vn -0.7625 0.2813 0.5826
vn -0.6599 -0.7371 -0.1459
vn 0.1516 -0.7417 -0.6534
vn 0.7758 0.6306 0.0211
vn 0.7695 0.6374 0.0399
vn -0.1315 -0.1409 0.9812
vn 0.8311 0.4521 0.3239
vn 0.8329 0.4007 0.3817
vn 0.8297 0.4483 0.3327
vn 0.4001 0.3336 -0.8536
vn -0.1566 0.6861 0.7104
vn -0.9940 0.0897 -0.0633
vn -0.8857 -0.4619 0.0475
vn -0.6959 -0.1138 0.7090
vn 0.3140 0.4209 0.8511
vn 0.2861 -0.2380 0.9282
vn 0.9757 0.0679 0.2082
vn 0.8021 0.0883 -0.5907
vn 0.3649 0.6383 0.6778
vn 0.4839 -0.0338 0.8745
vn 0.4288 0.0039 0.9034
vn 0.0474 0.3610 -0.9313
vn 0.8780 0.4374 -0.1944
vn -0.7105 0.1920 0.6770
vn 0.3659 0.4936 0.7890
vn 0.9133 0.2160 -0.3452
vn 0.6212 0.3819 -0.6843
vn -0.4135 -0.2046 0.8872
vn -0.3983 -0.2875 -0.8710
vn -0.9124 -0.1481 0.3817
vn -0.7789 -0.4152 -0.4701
vn -0.3391 -0.1014 -0.9353
vn 0.0393 0.1571 -0.9868
vn -0.5880 -0.2646 -0.7644
vn -0.1804 0.0396 -0.9828
vn 0.0602 0.1624 -0.9849
vn -0.8043 -0.0307 0.5935
vn 0.8205 0.3034 0.4844
vn 0.4001 -0.0706 -0.9137
vn -0.0154 -0.0833 0.9964
vn -0.6625 -0.3579 0.6580
vn -0.0193 -0.0899 0.9958
vn 0.8216 0.1623 0.5465
vn 0.9326 0.1900 -0.3069
vn 0.2043 -0.4328 0.8780
vn 0.2708 -0.3734 0.8872
vn 0.2616 -0.2219 0.9393
vn -0.9981 -0.0514 -0.0351
vn -0.6290 -0.1275 -0.7669
vn -0.9743 -0.1520 -0.1665
vn -0.1441 -0.1716 0.9746
vn -0.5327 0.1258 -0.8369
vn -0.2230 -0.3282 -0.9179
vn -0.7939 -0.5154 -0.3224
vn 0.5491 -0.2174 -0.8070
vn -0.3025 0.0426 0.9522
vn -0.6778 0.1364 0.7225
vn 0.6537 -0.1052 -0.7494
vn -0.1816 0.4342 -0.8823
vn -0.9685 0.2448 -0.0460
vn -0.9737 0.1059 0.2019
vn 0.6397 0.3379 0.6904
vn -0.8416 -0.3220 -0.4337
vn 0.5484 0.0230 -0.8359
vn 0.7949 0.0357 -0.6057
vn 0.2770 0.1657 0.9465
vn 0.9397 -0.1346 0.3145
vn 0.8210 0.1320 0.5554
vn 0.5777 0.6131 -0.5389
vn 0.0164 0.1736 0.9847
vn -0.4211 -0.4372 0.7947
vn -0.9455 0.2935 0.1410
vn -0.8816 0.0142 0.4718
vn -0.8866 -0.1997 0.4172
vn -0.2972 0.1509 -0.9428
vn -0.2208 -0.0829 -0.9718
vn 0.4001 0.7016 0.5896
vn 0.7405 0.3236 0.5890
vn 0.0795 0.7174 0.6921
vn -0.7950 -0.4000 -0.4561
vn 0.3207 -0.4871 -0.8123
vn -0.9654 0.2468 -0.0841
vn -0.9660 -0.0373 -0.2557
vn -0.8604 -0.4358 0.2642
vn 0.8573 -0.4015 0.3222
vn -0.8471 0.3298 -0.4166
vn -0.9061 -0.3068 0.2912
vn 0.7432 0.5029 0.4413
vn -0.6881 -0.1700 -0.7055
vn -0.9283 -0.1374 0.3456
vn -0.9246 -0.2167 0.3132
vn -0.7896 0.1422 0.5969
vn -0.0741 0.9749 -0.2102
vn -0.7292 -0.1030 -0.6765
vn -0.3889 0.7642 -0.5145
vn 0.2845 0.9547 0.0868
vn -0.6068 0.6421 -0.4686
vn -0.8031 -0.4866 -0.3438
vn -0.2323 -0.5352 0.8122
vn -0.9108 -0.4051 0.0796
vn -0.9723 -0.2211 -0.0753
vn 0.7725 0.5854 0.2461
vn 0.7105 -0.0926 -0.6975
vn -0.4838 0.3402 -0.8064
vn -0.7208 0.0866 0.6877
vn -0.7137 0.5962 -0.3676
vn -0.4684 0.6328 0.6166
vn -0.4865 0.6074 0.6280
vn -0.7078 0.7012 -0.0854
vn 0.8630 0.3566 0.3579
vn 0.7335 0.5072 0.4525
vn -0.9772 0.2120 -0.0086
vn -0.5734 -0.6696 0.4721
vn -0.9269 -0.0768 -0.3673
vn 0.9994 -0.0328 0.0143
vn 0.8870 0.1789 0.4257
vn -0.9003 0.0850 -0.4270
vn -0.9109 -0.2993 0.2841
vn 0.5075 -0.4102 0.7578
vn -0.9849 0.0618 -0.1620
vn -0.8613 0.0048 0.5081
vn -0.3461 0.0259 0.9378
vn 0.5756 0.0420 0.8167
vn -0.4588 0.0256 -0.8882
vn -0.7591 -0.1089 -0.6418
vn 0.9852 0.1528 -0.0779
vn 0.8894 0.4021 -0.2176
vn 0.7833 -0.6209 0.0289
vn 0.6083 0.0784 0.7898
vn -0.6785 0.0526 -0.7327
vn 0.0161 0.9293 -0.3690
vn -0.9339 -0.3567 -0.0228
vn 0.6991 0.3500 -0.6235
vn 0.6874 -0.6337 0.3548
vn 0.5441 -0.1291 -0.8290
vn -0.3118 0.9409 -0.1324
vn -0.0518 -0.6588 0.7505
vn -0.2698 0.8322 -0.4844
vn -0.6703 -0.2530 0.6977
vn -0.8977 -0.1383 0.4183
vn -0.7246 -0.5364 0.4327
vn 0.2931 -0.6418 -0.7087
vn 0.1562 0.6468 -0.7465
vn 0.2775 0.4733 0.8361
vn -0.1097 0.9116 -0.3961
vn -0.3696 0.2037 0.9066
vn -0.3613 0.2710 0.8922
vn -0.3933 0.2930 0.8715
vn -0.8760 -0.3342 -0.3477
vn 0.0847 0.7160 -0.6930
vn -0.6554 0.6870 -0.3137
vn 0.7372 0.2607 0.6233
vn -0.9223 -0.0410 -0.3842
vn 0.5246 0.8449 0.1041
vn 0.6367 -0.6897 -0.3448
vn -0.7500 -0.0860 -0.6558
vn -0.9771 0.2126 0.0083
vn -0.2421 -0.2396 0.9402
vn -0.8345 -0.1543 0.5289
vn -0.8409 -0.1682 0.5144
vn 0.0815 -0.1463 0.9859
vn 0.2184 0.0108 0.9758
vn 0.5267 -0.0080 0.8500
vn -0.8835 0.2162 -0.4155
vn -0.9236 -0.3802 0.0496
vn 0.1632 -0.0123 -0.9865
vn -0.7752 0.6315 -0.0163
vn 0.7934 0.5445 0.2720
vn -0.1781 0.1561 -0.9716
vn -0.9979 0.0468 -0.0448
vn -0.7921 -0.1948 0.5785
vn -0.9886 0.1046 0.1087
vn -0.2132 -0.5540 0.8048
vn -0.3478 -0.1179 0.9301
vn -0.0728 -0.0359 -0.9967
vn 0.7867 -0.1797 -0.5906
vn -0.6928 -0.3729 0.6173
vn -0.8490 0.1938 -0.4915
vn 0.8131 -0.1046 0.5727
vn -0.4141 -0.2752 0.8676
vn 0.9479 0.3066 -0.0863
vn 0.8002 0.5989 -0.0300
vn -0.8741 -0.4753 0.1005
vn -0.7123 0.1665 -0.6819
vn 0.1815 0.2278 -0.9566
vn -0.1348 -0.8490 0.5109
vn -0.4597 0.0574 -0.8862
vn -0.5427 -0.2268 0.8087
vn -0.0970 -0.0129 -0.9952
vn -0.9580 0.0114 0.2866
vn -0.0714 -0.6158 0.7847
vn 0.0471 -0.4997 0.8649
vn 0.5896 -0.4864 0.6448
vn -0.7356 0.2366 -0.6348
vn -0.9579 0.0183 -0.2864
vn -0.9463 -0.3186 0.0542
vn 0.9460 0.1823 -0.2679
vn 0.9823 0.0415 0.1829
vn -0.4783 0.0862 -0.8740
vn 0.5242 0.6883 -0.5014
vn -0.1627 0.3756 -0.9124
vn 0.7139 -0.0846 -0.6951
vn 0.9312 -0.1533 0.3306
vn 0.8621 0.2502 0.4406
vn 0.4446 -0.1648 0.8804
vn 0.5690 -0.2915 0.7689
vn 0.4749 0.7121 -0.5171
vn 0.1462 -0.3189 0.9364
vn 0.8831 0.0727 0.4635
vn -0.5484 -0.0521 0.8346
vn 0.2518 -0.0281 0.9674
vn 0.0811 0.6817 0.7272
vn -0.5931 0.0484 0.8037
vn -0.3162 0.5986 -0.7360
vn 0.2488 0.7648 -0.5943
vn 0.1674 0.1094 -0.9798
vn 0.2206 0.1335 -0.9662
vn 0.4322 -0.2909 -0.8536
vn 0.4871 0.5217 -0.7004
vn -0.0559 0.2587 -0.9643
vn -0.4970 0.2117 0.8416
vn 0.7327 0.2522 0.6321
vn 0.8971 -0.1311 -0.4218
vn -0.0302 -0.1021 0.9943
vn 0.9002 0.2796 -0.3339
vn 0.9508 0.2040 -0.2330
vn 0.2559 0.5143 0.8185
vn -0.9896 -0.1023 -0.1016
vn 0.5639 0.1246 -0.8164
vn -0.7519 -0.2155 0.6231
vn -0.3017 -0.7458 0.5940
vn 0.4217 -0.7297 -0.5382
vn 0.6630 -0.0951 0.7426
vn -0.9657 -0.0878 -0.2443
vn -0.4820 -0.1389 0.8651
vn -0.1289 0.7412 0.6588
vn 0.6351 -0.0073 0.7724
vn 0.9514 -0.2077 0.2275
vn 0.4327 -0.1318 0.8919
vn 0.4403 0.3630 -0.8212
vn 0.9165 0.1819 -0.3564
vn -0.8268 -0.1384 0.5453
vn -0.3754 -0.0035 0.9269
vn -0.9229 0.0961 -0.3729
vn -0.5629 -0.0526 -0.8248
vn -0.9908 0.0153 0.1345
vn -0.7902 -0.0877 -0.6065
vn 0.9851 0.0216 -0.1704
vn -0.7753 -0.0275 0.6310
vn -0.9221 0.1656 0.3497
vn -0.8882 0.4450 0.1141
vn -0.8846 -0.0541 0.4632
vn -0.4140 0.0274 0.9099
vn -0.1920 0.9321 -0.3071
vn -0.6667 -0.1217 0.7354
vn 0.4081 0.8996 -0.1555
vn -0.7928 -0.3088 0.5255
vn -0.7253 -0.1417 0.6737
vn 0.3814 0.2431 -0.8919
vn -0.9415 -0.0038 -0.3370
vn -0.3019 0.8766 -0.3747
vn 0.0623 0.4060 0.9117
vn -0.4942 0.7131 0.4972
vn 0.2388 0.5987 -0.7646
vn 0.4790 0.4478 -0.7550
vn -0.6107 0.0015 0.7918
vn 0.6279 0.3154 -0.7115
vn -0.3981 0.6824 -0.6131
vn -0.0052 0.1582 0.9874
vn -0.5303 0.2266 -0.8169
vn -0.8358 -0.2597 0.4837
vn 0.7880 0.3433 0.5110
vn -0.6999 -0.4325 0.5684
vn 0.4795 -0.2708 0.8347
vn 0.3253 -0.3470 0.8797
vn 0.9102 0.1028 -0.4012
vn -0.7666 -0.2933 0.5712
vn -0.2697 0.0426 -0.9620
vn 0.0198 -0.0425 -0.9989
vn -0.3557 -0.1244 -0.9263
vn 0.2993 0.7198 -0.6264
vn -0.0443 -0.2769 -0.9599
vn -0.2786 0.2328 -0.9318
vn -0.9001 0.3168 0.2992
vn -0.6590 0.2263 -0.7173
vn 0.1460 -0.1235 0.9815
vn -0.4975 -0.7517 -0.4331
vn -0.6597 0.5115 -0.5507
vn -0.3328 0.7541 -0.5663
vn 0.9900 0.1177 -0.0784
vn -0.1405 -0.0290 -0.9897
vn -0.9518 0.0796 -0.2962
vn 0.9141 0.3048 0.2675
vn 0.9433 -0.1749 0.2822
vn 0.9189 0.3665 -0.1462
vn -0.0673 0.0933 -0.9934
vn -0.7207 -0.5753 0.3868
vn 0.4449 -0.6888 0.5724
vn 0.7435 -0.0813 -0.6638
vn 0.2508 0.3895 -0.8862
vn -0.7110 -0.6226 -0.3268
vn -0.9381 0.0856 0.3356
vn 0.6703 0.2507 0.6985
vn 0.4979 0.5995 0.6267
vn -0.3377 -0.6590 -0.6720
vn -0.9308 -0.1906 -0.3120
vn 0.9516 0.1774 -0.2510
vn -0.6590 -0.0420 -0.7509
vn 0.5423 0.4304 -0.7216
vn 0.8555 0.1066 -0.5067
vn -0.9286 -0.2889 -0.2329
vn -0.3646 -0.1370 -0.9210
vn -0.5539 0.3945 0.7332
vn -0.0406 -0.0560 0.9976
vn -0.9918 -0.0022 -0.1274
vn 0.9410 0.3251 -0.0944
vn 0.5296 -0.6531 -0.5413
vn -0.9042 -0.2919 0.3117
vn -0.4689 -0.0727 0.8803
vn 0.2744 -0.2881 0.9175
vn 0.6356 -0.0540 0.7701
vn 0.8635 -0.3623 0.3509
vn 0.8980 -0.3934 0.1972
vn 0.4343 0.0914 0.8961
vn 0.1551 0.0581 -0.9862
vn -0.9539 -0.2793 0.1103
vn 0.9274 0.0192 0.3736
vn 0.6925 0.5757 -0.4348
vn 0.8629 0.2561 -0.4358
vn 0.9822 -0.1589 -0.1001
vn 0.8739 -0.0628 -0.4821
vn 0.8863 0.4595 -0.0584
vn 0.8809 0.4684 -0.0673
vn 0.9827 -0.1225 -0.1386
vn -0.0328 -0.6414 0.7665
vn -0.1483 -0.6891 0.7094
vn 0.1016 -0.6158 0.7813
vn -0.0064 -0.4794 0.8776
vn 0.8285 0.5588 0.0362
vn 0.4792 -0.0220 0.8774
vn -0.6848 0.2286 -0.6920
vn -0.1862 0.0849 -0.9788
vn 0.0300 -0.0961 0.9949
vn 0.1886 -0.2611 0.9467
vn 0.3493 0.3403 -0.8730
vn 0.3773 0.0955 0.9211
vn 0.1551 -0.0039 -0.9879
vn 0.7686 0.4226 -0.4803
vn 0.1259 -0.8269 0.5481
vn 0.8244 -0.5309 0.1961
vn 0.8202 0.0516 0.5697
vn 0.4504 0.2218 -0.8648
vn 0.6977 0.1593 -0.6984
vn 0.5293 0.3425 -0.7762
vn -0.8988 0.2807 -0.3368
vn -0.4493 -0.5488 0.7049
vn -0.9890 0.0369 -0.1429
vn 0.9625 0.0503 0.2666
vn 0.9488 0.2537 -0.1883
vn -0.3284 0.1494 -0.9327
vn -0.5469 -0.1857 0.8163
vn -0.9859 0.1112 0.1252
vn -0.9917 0.1254 -0.0275
vn 0.1776 -0.3400 0.9235
vn -0.6311 -0.0234 0.7754
vn 0.8273 -0.0789 0.5562
vn -0.9901 -0.1398 0.0087
vn 0.0712 0.2295 -0.9707
vn -0.2400 -0.1167 -0.9637
vn 0.7664 -0.6422 -0.0137
vn -0.6995 0.0435 -0.7133
vn -0.8964 -0.3595 0.2593
vn -0.8552 -0.2765 -0.4385
vn 0.9445 -0.0475 -0.3250
vn 0.9437 -0.0394 -0.3285
vn 0.7944 -0.0021 -0.6073
vn 0.9463 0.1798 -0.2688
vn -0.3542 0.0074 0.9352
vn -0.7001 -0.6742 -0.2350
vn 0.3475 0.1230 0.9296
vn 0.3947 0.0434 0.9178
vn -0.8647 0.0288 0.5014
vn -0.4073 0.5013 -0.7634
vn 0.4656 -0.0738 0.8819
vn 0.8375 0.4940 -0.2337
vn 0.4012 0.6788 -0.6150
vn -0.1058 -0.0514 0.9931
vn -0.0565 -0.0354 0.9978
vn -0.1867 0.2285 -0.9555
vn 0.2543 -0.2876 -0.9234
vn 0.6884 -0.6426 0.3364
vn 0.3829 -0.3867 0.8390
vn 0.9365 -0.3476 0.0457
vn -0.2148 -0.1298 -0.9680
vn -0.9846 0.1588 -0.0738
vn -0.1917 -0.0960 0.9767
vn -0.2082 -0.0637 0.9760
vn -0.9204 -0.2030 0.3341
vn -0.8917 -0.2385 -0.3847
vn -0.6541 0.2636 -0.7090
vn -0.9095 -0.3265 0.2574
vn 0.9313 -0.2781 0.2354
vn -0.8082 -0.4764 0.3461
vn 0.0876 0.6195 0.7801
vn 0.8817 0.1780 0.4370
vn 0.6892 0.0960 -0.7182
vn -0.4220 0.0968 -0.9014
vn 0.2568 0.4528 -0.8538
vn -0.4601 0.1153 -0.8803
vn 0.6873 0.0025 -0.7263
vn -0.0823 0.8445 0.5293
vn 0.9027 -0.2970 0.3112
vn 0.9847 -0.1516 -0.0854
vn 0.9855 -0.1522 -0.0747
vn 0.5839 0.1090 0.8045
vn -0.5737 -0.4528 0.6825
vn 0.9060 0.0755 -0.4165
vn -0.8753 -0.0569 -0.4802
vn -0.3317 0.8592 -0.3897
vn -0.7457 -0.6394 -0.1872
vn -0.7291 -0.6844 0.0011
vn -0.9903 0.1384 0.0110
vn 0.9783 0.1586 0.1334
vn 0.7775 0.0820 0.6235
vn -0.8079 -0.2106 0.5504
vn -0.9066 -0.0016 0.4220
vn 0.9980 0.0607 -0.0200
vn 0.9835 -0.1667 -0.0698
vn 0.9862 -0.1601 -0.0432
vn 0.8496 -0.4261 0.3109
vn 0.4414 0.0134 -0.8972
vn 0.9853 -0.1520 -0.0779
vn 0.4112 0.6784 -0.6089
vn 0.8800 0.1129 0.4614
vn -0.8409 0.2679 -0.4702
vn 0.9279 -0.3726 -0.0137
vn 0.5921 0.0159 -0.8057
vn -0.1095 -0.9554 -0.2744
vn 0.4479 0.8111 0.3762
vn -0.8990 0.0657 -0.4329
vn -0.8104 -0.0931 -0.5785
vn -0.6046 -0.2263 0.7638
vn -0.0021 0.8292 -0.5590
vn -0.7136 -0.0662 0.6974
vn -0.2536 -0.2509 -0.9342
vn 0.3407 0.0460 0.9391
vn -0.9436 0.0789 0.3215
vn -0.8765 -0.2046 -0.4357
vn -0.9950 0.0283 -0.0953
vn -0.9943 0.1033 -0.0276
vn -0.9755 0.2151 -0.0469
vn -0.8492 0.0169 0.5278
vn -0.5110 0.3594 -0.7808
vn 0.4096 0.0267 0.9119
vn 0.6858 0.1622 -0.7095
vn -0.7994 0.2988 -0.5213
vn 0.7239 0.1584 0.6715
vn -0.7624 -0.0020 0.6471
vn -0.3583 0.3033 -0.8830
vn -0.6587 -0.7361 0.1560
vn -0.1353 -0.9466 -0.2927
vn -0.0532 -0.9475 -0.3154
vn -0.9914 -0.0754 0.1071
vn -0.6517 -0.0529 -0.7566
vn -0.7839 -0.3468 0.5150
vn -0.3831 -0.0184 0.9235
vn 0.4861 0.0379 -0.8731
vn 0.7952 0.2878 0.5337
vn -0.2718 -0.0099 0.9623
vn 0.7838 -0.4820 -0.3915
vn 0.2124 -0.4673 -0.8582
vn 0.9644 -0.0112 0.2643
vn -0.7238 0.6367 0.2659
vn -0.5034 -0.5889 0.6323
vn -0.4461 -0.1792 0.8768
vn -0.9449 -0.2815 0.1671
vn -0.8771 -0.1786 0.4459
vn -0.5840 0.0266 -0.8113
vn -0.2187 0.9265 -0.3061
vn 0.9947 -0.1013 0.0152
vn -0.6394 -0.3101 -0.7036
vn -0.5752 0.8146 -0.0743
vn 0.8983 0.4369 -0.0478
vn -0.6057 0.5958 -0.5275
vn 0.9373 -0.3282 0.1170
vn -0.9864 0.0738 0.1466
vn 0.9031 -0.1080 -0.4156
vn -0.1766 0.0984 0.9794
vn 0.6156 -0.2661 0.7418
vn -0.7513 -0.3157 -0.5796
vn 0.5357 -0.4814 0.6937
vn 0.9516 -0.2847 0.1156
vn -0.9410 -0.3329 0.0607
vn -0.8573 0.3562 0.3717
vn 0.2856 -0.4259 0.8585
vn 0.8402 -0.0285 -0.5416
vn 0.2622 -0.0840 -0.9613
vn -0.2994 0.1869 0.9356
vn 0.7307 0.1806 0.6584
vn -0.5806 -0.0588 0.8121
vn -0.1750 -0.0688 -0.9822
vn 0.2181 -0.0399 0.9751
vn -0.6794 0.1413 -0.7200
vn 0.1160 -0.2471 0.9620
vn 0.0737 0.2109 -0.9747
vn -0.1515 -0.1318 0.9796
vn 0.1869 -0.3157 0.9303
vn 0.7230 0.4445 -0.5288
vn -0.4433 0.1013 0.8906
vn -0.8137 -0.4758 -0.3339
vn -0.2945 -0.6698 -0.6817
vn -0.2456 -0.9521 0.1824
vn -0.0732 -0.1758 -0.9817
vn 0.2839 -0.0453 0.9578
vn 0.4130 -0.8648 0.2856
vn 0.0642 -0.0252 -0.9976
vn 0.3360 -0.8529 0.3997
vn 0.5487 0.1900 -0.8141
vn 0.7257 0.1325 -0.6751
vn -0.2614 0.3572 0.8967
vn 0.2837 -0.6042 -0.7446
vn 0.0091 -0.9999 -0.0094
vn -0.6344 -0.1929 -0.7486
vn 0.1066 -0.8957 -0.4317
vn -0.8458 -0.0996 -0.5242
vn -0.9746 0.0041 -0.2240
vn 0.6923 0.3297 0.6419
vn 0.1206 -0.0505 -0.9914
vn 0.3310 0.2109 -0.9198
vn -0.6609 0.4591 -0.5937
vn -0.6687 0.4762 -0.5711
vn -0.7944 0.2978 -0.5294
vn 0.7183 -0.1172 -0.6858
vn 0.4450 -0.0977 -0.8902
vn -0.7621 0.1811 -0.6216
vn 0.0659 0.9828 -0.1725
vn 0.9824 -0.1628 0.0915
vn -0.8439 0.1689 -0.5092
vn -0.3893 -0.0286 -0.9207
vn 0.5645 0.0343 0.8247
vn 0.7078 -0.2256 0.6694
vn 0.3093 0.0419 0.9500
vn -0.9320 0.3586 0.0525
vn -0.0293 0.8681 -0.4955
vn -0.0018 0.9506 -0.3104
vn -0.1243 0.6870 0.7159
vn 0.3824 -0.0267 -0.9236
vn -0.3254 0.0645 0.9434
vn 0.9320 -0.0838 -0.3526
vn -0.1613 -0.3638 -0.9174
vn -0.1559 0.7622 -0.6283
vn 0.9624 -0.2497 0.1065
vn 0.7973 0.1729 -0.5783
vn 0.6288 0.0834 0.7731
vn 0.8803 -0.4004 -0.2544
vn 0.0642 -0.9975 -0.0282
vn 0.9322 0.0209 -0.3615
vn 0.4879 -0.1755 0.8551
vn 0.7202 -0.2728 0.6379
vn 0.9087 0.0408 -0.4154
vn 0.7398 -0.0367 -0.6718
vn 0.7898 -0.4987 0.3572
vn -0.2638 -0.1552 -0.9520
vn 0.1633 -0.7669 -0.6206
vn 0.9946 -0.0788 0.0682
vn 0.9982 -0.0527 0.0280
vn 0.6741 0.3510 -0.6500
vn 0.2711 0.7875 -0.5535
vn 0.9599 -0.1132 0.2566
vn -0.7397 -0.1921 0.6450
vn 0.0936 -0.2163 -0.9718
vn 0.5825 0.1473 0.7993
vn 0.9474 -0.0641 -0.3137
vn 0.2051 -0.9736 -0.1006
vn 0.5123 0.0245 0.8585
vn -0.0500 0.1079 0.9929
vn -0.7638 0.5149 0.3893
vn -0.9326 0.2039 -0.2978
vn -0.5445 0.8208 0.1728
vn -0.7177 -0.0260 0.6958
vn -0.3717 0.6722 -0.6403
vn -0.9703 -0.0348 -0.2393
vn -0.2524 0.9661 0.0541
vn 0.9352 0.2835 -0.2122
vn 0.8421 0.2151 0.4945
vn 0.8172 -0.1117 -0.5654
vn 0.8117 0.0034 -0.5840
vn 0.9838 -0.1763 -0.0320
vn -0.8475 -0.5150 -0.1288
vn 0.8412 0.3190 -0.4366
vn 0.9755 -0.1335 -0.1748
vn 0.9132 0.0585 0.4032
vn 0.5263 0.3907 0.7553
vn 0.7266 -0.2467 -0.6412
vn 0.5497 -0.0254 0.8350
vn 0.4849 0.3872 0.7842
vn -0.9270 0.1738 -0.3324
vn 0.4727 -0.0100 0.8812
vn 0.9130 -0.1866 0.3628
vn 0.4566 -0.5284 0.7158
vn 0.8727 0.4335 0.2245
vn 0.8234 0.4362 -0.3630
vn 0.1989 -0.5032 0.8410
vn 0.9900 -0.0690 -0.1227
vn 0.9113 -0.1908 0.3647
vn -0.8900 0.3439 -0.2995
vn -0.5945 0.0469 -0.8027
vn -0.4454 -0.8774 0.1784
vn 0.7269 -0.4396 0.5276
vn 0.3286 0.5351 0.7783
vn -0.1596 0.0403 0.9864
vn -0.8132 0.2596 -0.5208
vn -0.8727 -0.4783 -0.0980
vn -0.0489 0.9071 -0.4181
vn 0.9209 -0.2086 -0.3292
vn -0.9863 -0.0661 0.1512
vn -0.9866 0.1320 -0.0956
vn 0.3453 0.5286 0.7755
vn 0.0386 -0.4310 -0.9015
vn 0.6879 0.4254 -0.5881
vn 0.9315 -0.3632 -0.0220
vn -0.5491 0.6542 0.5202
vn 0.1476 -0.6133 0.7759
vn 0.4503 0.7623 -0.4648
vn 0.6288 -0.5413 -0.5583
vn -0.3592 -0.5253 -0.7714
vn 0.5932 0.1258 0.7952
vn 0.8439 -0.5238 0.1159
vn 0.4275 -0.3551 -0.8314
vn 0.9595 -0.2792 0.0385
vn 0.2568 0.0760 0.9635
vn -0.7296 0.3070 0.6111
vn -0.6549 0.6741 0.3417
vn -0.1540 0.2314 0.9606
vn 0.5520 0.0444 0.8327
vn -0.8124 0.5145 0.2744
vn 0.7529 -0.2915 -0.5900
vn -0.0354 0.1925 0.9807
vn -0.2860 -0.1451 -0.9472
vn -0.9799 -0.0628 0.1895
vn 0.8389 0.2643 0.4758
vn 0.5896 0.0974 -0.8018
vn 0.3491 0.5291 0.7734
vn 0.6156 -0.5134 -0.5978
vn -0.2448 0.4186 0.8746
vn 0.1336 -0.0292 -0.9906
vn -0.5868 -0.0346 -0.8090
vn -0.4749 0.7534 0.4548
vn 0.5319 -0.5007 0.6829
vn 0.9955 0.0890 0.0339
vn -0.7065 0.0802 0.7032
vn -0.1563 0.0421 0.9868
vn -0.7511 0.2573 -0.6080
vn -0.0977 -0.1080 -0.9893
vn -0.3028 0.7385 0.6025
vn 0.7202 0.0071 -0.6938
vn -0.0463 0.8876 0.4583
vn 0.9477 0.0679 -0.3118
vn -0.4175 0.8200 -0.3915
vn -0.4177 -0.2359 -0.8774
vn 0.5338 -0.7848 0.3150
vn -0.4498 -0.4639 -0.7632
vn -0.2567 -0.0308 -0.9660
vn 0.5684 -0.7606 -0.3136
vn -0.2315 0.5123 0.8270
vn 0.5484 -0.3763 0.7468
vn -0.5815 0.4805 -0.6565
vn -0.6290 0.7765 0.0369
vn 0.5230 -0.0961 0.8469
vn 0.1510 -0.0811 -0.9852
vn 0.3093 -0.6060 -0.7329
vn 0.0291 -0.0418 -0.9987
vn 0.3321 -0.5193 0.7874
vn -0.2707 0.9422 0.1972
vn -0.6413 0.3339 0.6908
vn -0.6414 0.5004 -0.5815
vn -0.2792 0.4330 -0.8571
vn 0.6361 -0.4276 -0.6423
vn 0.8239 -0.5158 0.2349
vn 0.7661 -0.3090 0.5636
vn -0.7086 0.6727 0.2131
vn 0.0672 -0.0343 0.9972
vn -0.4999 0.3888 0.7739
vn 0.6104 -0.6942 0.3814
vn 0.0569 -0.2872 -0.9562
vn 0.4749 -0.6237 0.6209
vn 0.4190 -0.5626 0.7126
vn -0.3932 0.0608 0.9174
vn -0.8986 0.4262 -0.1040
vn 0.6813 -0.4114 -0.6055
vn -0.4101 0.8498 0.3312
vn -0.0813 -0.3863 0.9188
vn -0.1121 0.7805 -0.6151
vn -0.2663 -0.0179 0.9637
vn 0.3885 -0.0469 -0.9203
vn -0.6459 0.4938 -0.5822
vn 0.8222 -0.5383 -0.1852
vn 0.4701 -0.6264 0.6218
vn 0.4691 -0.6273 0.6216
vn 0.6243 -0.4818 0.6149
vn -0.1708 -0.3893 0.9052
vn 0.1289 0.5019 -0.8552
vn 0.6329 0.0320 -0.7736
vn -0.8185 0.0090 0.5744
vn 0.5965 -0.1130 -0.7946
vn -0.5439 0.5574 -0.6273
vn -0.1048 -0.3164 0.9428
vn 0.5818 -0.5139 0.6304
vn 0.7829 -0.1471 -0.6046
vn -0.7531 -0.1611 -0.6379
vn -0.9236 0.1733 0.3420
vn -0.9804 0.0329 -0.1943
vn -0.9657 0.0147 -0.2593
vn -0.5967 0.3522 -0.7211
vn 0.0172 0.1108 0.9937
vn -0.8323 0.0424 0.5526
vn -0.6054 -0.1949 -0.7717
vn -0.9363 0.3455 0.0632
vn 0.1545 -0.1492 -0.9767
vn 0.0892 0.2166 0.9722
vn 0.0060 0.2851 0.9585
vn -0.8511 0.2716 0.4493
vn -0.6066 -0.6446 0.4654
vn -0.8063 0.2273 -0.5461
vn 0.1768 -0.0838 -0.9807
vn 0.1173 -0.4324 -0.8940
vn 0.5358 0.0100 -0.8443
vn 0.8450 -0.4013 0.3536
vn -0.3241 0.0079 0.9460
vn 0.9172 0.3819 -0.1135
vn 0.7961 -0.1862 -0.5759
vn -0.7085 0.4430 0.5493
vn 0.7680 -0.1028 -0.6321
vn 0.0869 0.0787 0.9931
vn 0.9990 0.0164 -0.0421
vn 0.5224 -0.7759 -0.3536
vn 0.9114 -0.0659 0.4063
vn 0.1391 -0.2194 -0.9657
vn 0.3489 0.1500 0.9251
vn 0.9176 0.2673 -0.2943
vn 0.4535 0.1728 0.8743
vn 0.3992 -0.8713 0.2853
vn -0.8621 0.4376 0.2555
vn -0.5760 0.7972 0.1809
vn 0.9107 0.1987 -0.3620
vn 0.7926 -0.5195 0.3192
vn -0.1531 0.9336 -0.3241
vn 0.0625 -0.2702 -0.9608
vn -0.1049 0.4316 0.8959
vn -0.8789 0.3525 -0.3214
vn -0.8952 0.4432 0.0474
vn 0.8644 -0.4944 0.0914
vn 0.5798 -0.5697 -0.5825
vn 0.1495 -0.4978 -0.8543
vn 0.8612 -0.4701 0.1935
vn 0.7591 -0.4109 -0.5050
vn 0.1837 0.2981 0.9367
vn -0.9441 0.0309 -0.3282
vn 0.8849 -0.2036 0.4190
vn -0.8676 0.0743 -0.4917
vn -0.0830 -0.1768 0.9807
vn 0.4342 -0.4264 -0.7935
vn -0.1325 0.9894 -0.0593
vn -0.9369 -0.1290 0.3248
vn -0.9290 0.0205 -0.3694
vn -0.3597 -0.1882 0.9139
vn 0.3508 0.2063 -0.9134
vn 0.0635 0.2649 -0.9622
vn -0.2510 0.3902 0.8859
vn 0.6508 0.0476 0.7578
vn -0.9838 0.0973 -0.1504
vn -0.0524 -0.2187 -0.9744
vn 0.1586 -0.0027 -0.9873
vn 0.9937 -0.1036 -0.0433
vn -0.5949 -0.2138 0.7748
vn 0.7590 -0.0256 0.6506
vn 0.1264 -0.3032 0.9445
vn -0.1580 -0.1333 -0.9784
vn -0.9960 0.0401 0.0793
vn 0.8853 0.1369 -0.4444
vn -0.6039 -0.1042 0.7902
vn -0.9968 -0.0081 -0.0791
vn -0.6432 0.2531 -0.7227
vn 0.6989 -0.1688 0.6950
vn -0.1096 0.1921 -0.9752
vn -0.8144 0.4702 -0.3402
vn 0.3764 0.1666 0.9114
vn -0.8093 0.5368 -0.2386
vn -0.4930 -0.1405 0.8586
vn 0.0064 -0.2302 0.9731
vn -0.8342 0.5483 -0.0591
vn -0.8177 -0.2083 0.5367
vn 0.9149 0.1862 -0.3581
vn -0.3502 -0.4276 0.8334
vn 0.3792 -0.7298 0.5688
vn 0.3256 -0.5555 0.7651
vn 0.7716 -0.5849 0.2500
vn 0.8831 -0.4609 0.0880
vn -0.8779 0.4788 -0.0082
vn -0.3219 -0.3393 0.8839
vn -0.1584 -0.3854 0.9091
vn -0.8633 -0.1433 -0.4840
vn 0.8060 0.1280 -0.5780
vn -0.7141 0.1850 -0.6751
vn 0.5666 0.5266 -0.6338
vn -0.9756 -0.2090 0.0665
vn 0.8137 0.3765 -0.4428
vn -0.5791 -0.5766 -0.5763
vn -0.3007 -0.2323 -0.9250
vn -0.7364 -0.5196 -0.4333
vn -0.4425 0.8968 0.0001
vn 0.6396 -0.0439 -0.7674
vn -0.9954 -0.0387 0.0871
vn -0.5956 0.0070 0.8033
vn -0.5663 0.0767 0.8206
vn -0.6741 0.1228 0.7284
vn 0.4207 0.0943 0.9023
vn -0.5268 -0.5155 -0.6758
vn -0.1194 0.5747 0.8096
vn -0.2989 0.0342 -0.9537
vn -0.2055 0.0968 -0.9739
vn 0.5434 -0.2575 -0.7990
vn 0.6462 0.0964 -0.7571
vn 0.3860 0.8795 0.2784
vn 0.6958 0.0587 -0.7158
vn -0.7989 0.0160 0.6013
vn 0.5593 -0.0566 0.8270
vn -0.8132 0.1056 0.5724
vn -0.7064 0.1439 -0.6930
vn 0.1570 0.0773 -0.9846
vn -0.5215 0.1874 0.8324
vn -0.4477 -0.5692 -0.6896
vn 0.8757 -0.2824 -0.3916
vn -0.4523 0.1149 0.8844
vn -0.6916 0.0329 0.7215
vn -0.5484 -0.5460 -0.6333
vn -0.4576 0.4476 0.7683
vn 0.8486 0.5091 0.1442
vn 0.5594 -0.2295 -0.7965
vn -0.1286 0.6863 0.7159
vn 0.7715 0.5912 0.2351
vn 0.2695 -0.4458 0.8536
vn -0.9821 0.1357 -0.1303
vn -0.4525 0.2753 0.8482
vn 0.6896 0.0975 -0.7176
vn -0.1814 0.1056 -0.9777
vn 0.9077 -0.1669 -0.3850
vn -0.9477 0.2263 0.2252
vn -0.9094 -0.3349 -0.2467
vn 0.0285 0.0891 0.9956
vn -0.2795 0.4032 -0.8714
vn -0.0050 -0.5394 -0.8421
vn 0.8808 0.4734 0.0114
vn -0.4751 0.1767 -0.8620
vn -0.3877 0.4223 0.8193
vn 0.8536 -0.5194 0.0393
vn -0.5717 0.3919 -0.7208
vn -0.5075 -0.7176 -0.4771
vn -0.8714 0.0812 0.4838
vn -0.8193 0.4445 0.3622
vn 0.6575 -0.0133 -0.7534
vn 0.3525 -0.5217 -0.7769
vn 0.2057 -0.4900 0.8471
vn -0.3193 0.5258 0.7884
vn 0.4998 -0.3695 -0.7834
vn 0.4968 0.6564 0.5677
vn 0.5347 0.0146 -0.8449
vn -0.8111 -0.2060 0.5475
vn 0.8487 0.1542 0.5059
vn -0.9126 0.0807 0.4009
vn -0.9373 -0.2393 -0.2532
vn -0.8327 0.0454 0.5519
vn 0.2425 0.8233 -0.5132
vn 0.2624 0.9530 -0.1516
vn -0.3712 -0.2217 -0.9017
vn -0.9266 0.1027 0.3617
vn -0.9266 -0.1350 0.3509
vn 0.1504 0.2934 0.9441
vn -0.6091 0.1124 0.7851
vn 0.3302 0.5677 0.7541
vn -0.1376 0.0538 -0.9890
vn -0.3767 0.3596 0.8537
vn 0.2148 -0.1930 -0.9574
vn -0.5993 -0.0145 0.8004
vn 0.1775 0.3178 0.9314
vn 0.7727 0.2467 0.5848
vn -0.4850 0.5016 0.7163
vn 0.8595 0.1177 0.4975
vn 0.8516 -0.0514 -0.5217
vn 0.1768 -0.1908 -0.9656
vn 0.3643 -0.4237 -0.8293
vn -0.8476 -0.1860 0.4970
vn 0.4151 0.2859 0.8637
vn 0.3849 0.2767 0.8805
vn 0.0312 0.8287 -0.5588
vn -0.7631 -0.3636 0.5343
vn -0.8336 0.5299 0.1559
vn -0.8582 0.1713 -0.4839
vn -0.8262 -0.5463 -0.1377
vn 0.8164 -0.2807 -0.5046
vn 0.9757 -0.2031 0.0828
vn -0.9319 -0.3504 -0.0943
vn -0.4178 0.3472 0.8396
vn -0.7020 0.3606 0.6141
vn 0.2110 -0.2152 -0.9535
vn 0.8906 -0.0410 0.4529
vn 0.7868 0.1564 -0.5971
vn -0.2814 -0.6604 -0.6962
vn -0.9035 -0.0185 0.4281
vn -0.7435 0.5862 -0.3219
vn 0.4454 -0.5544 -0.7031
vn -0.5212 -0.2752 -0.8078
vn 0.1621 0.4449 0.8808
vn -0.2150 -0.1156 0.9698
vn -0.5199 -0.1479 -0.8413
vn 0.3544 0.6175 0.7022
vn 0.9167 0.0766 0.3923
vn 0.9239 0.2641 -0.2767
vn -0.0116 0.7751 -0.6317
vn 0.7913 -0.6110 0.0256
vn 0.5644 0.0992 -0.8195
vn -0.9558 -0.0241 -0.2932
vn -0.9009 0.0538 0.4307
vn 0.4328 -0.1942 -0.8803
vn -0.2770 -0.2457 -0.9289
vn -0.5678 -0.2848 -0.7723
vn -0.9816 -0.1760 0.0738
vn 0.3153 -0.1942 -0.9289
vn -0.6147 0.1949 0.7643
vn 0.2604 0.3551 0.8978
vn -0.8047 0.1035 0.5846
vn -0.9062 0.4048 0.1219
vn -0.0576 0.2751 0.9597
vn -0.2816 0.1927 0.9400
vn 0.5265 -0.6374 0.5626
vn 0.9857 0.1684 0.0042
vn 0.7971 0.3390 0.4998
vn 0.4164 -0.2456 -0.8754
vn 0.9939 0.0395 0.1032
vn 0.5281 0.8477 0.0493
vn 0.0216 -0.2142 0.9766
vn 0.9774 0.1142 -0.1777
vn -0.9445 -0.3089 -0.1120
vn 0.7495 0.2177 0.6252
vn 0.7056 0.5839 -0.4015
vn -0.8855 -0.1857 0.4260
vn -0.4464 -0.1717 0.8782
vn -0.8725 0.1429 -0.4672
vn -0.7601 -0.1700 0.6272
vn -0.4679 -0.2341 0.8522
vn -0.1608 -0.2308 0.9596
vn -0.1543 0.2092 -0.9656
vn 0.1470 0.3097 -0.9394
vn -0.4552 0.4346 -0.7771
vn -0.5342 0.3842 -0.7530
vn -0.5940 0.0326 0.8038
vn 0.2887 -0.2442 0.9257
vn 0.9391 -0.0538 -0.3394
vn 0.5384 -0.2201 0.8135
vn 0.9090 -0.0283 -0.4159
vn 0.7023 0.3166 -0.6376
vn 0.9872 0.0358 0.1553
vn 0.7177 -0.2431 0.6526
vn 0.7969 -0.3878 0.4631
vn -0.9311 -0.0984 0.3511
vn -0.5465 -0.2253 0.8066
vn 0.8374 -0.3684 0.4037
vn -0.2131 -0.5846 -0.7828
vn 0.3508 -0.5501 0.7578
vn 0.4627 -0.3617 0.8094
vn -0.8867 0.2242 -0.4044
vn -0.1291 -0.1381 0.9820
vn -0.2338 -0.1590 0.9592
vn -0.1431 -0.2018 0.9689
vn -0.7769 0.6291 -0.0260
vn -0.5550 0.2266 0.8004
vn 0.8581 0.0417 -0.5118
vn 0.6248 0.2850 0.7269
vn 0.7573 0.1478 -0.6361
vn 0.7647 0.0952 0.6373
vn -0.3783 0.2630 -0.8875
vn -0.9418 -0.2429 -0.2325
vn -0.1688 0.2481 0.9539
vn 0.6488 -0.1167 -0.7520
vn 0.0417 -0.1496 -0.9879
vn -0.0442 -0.2281 -0.9726
vn 0.5934 0.6154 0.5188
vn 0.7433 -0.1925 -0.6407
vn -0.8246 -0.0481 -0.5637
vn 0.4252 -0.0268 0.9047
vn 0.6508 -0.6691 0.3588
vn 0.5153 0.2404 -0.8226
vn 0.4768 -0.3078 0.8234
vn 0.1413 0.2250 0.9641
vn -0.9582 -0.1891 0.2145
vn -0.2535 0.7091 -0.6580
vn -0.7529 0.6536 -0.0773
vn 0.7728 0.2876 0.5657
vn 0.5048 0.3668 -0.7814
vn -0.1678 -0.2668 -0.9490
vn -0.3524 -0.1748 0.9194
vn -0.5735 -0.2412 -0.7829
vn -0.5779 -0.2815 -0.7660
vn 0.9291 0.2095 0.3047
vn 0.9787 0.0745 0.1914
vn -0.9880 -0.1544 0.0001
vn 0.9983 0.0572 0.0105
vn 0.8904 -0.3110 0.3322
vn 0.4932 0.7521 0.4372
vn 0.4849 -0.7730 -0.4091
vn 0.2683 -0.7402 -0.6166
vn 0.4912 0.4293 0.7579
vn 0.1075 0.5377 0.8363
vn 0.6783 0.3011 0.6702
vn 0.8774 0.3818 0.2906
vn -0.2591 -0.1447 -0.9550
vn -0.4876 -0.0822 -0.8692
vn -0.8726 -0.4742 0.1168
vn 0.9095 0.3397 -0.2397
vn -0.9219 -0.1377 0.3621
vn 0.9894 -0.1236 0.0756
vn -0.0835 0.1045 -0.9910
vn -0.8683 -0.2232 -0.4429
vn -0.8990 0.3041 0.3151
vn -0.6266 -0.1926 0.7552
vn -0.6545 0.4259 0.6247
vn 0.3178 0.3607 -0.8769
vn -0.1522 -0.0468 -0.9872
vn -0.8306 -0.5549 0.0477
vn 0.1308 -0.3353 0.9330
vn 0.4910 0.1318 0.8611
vn 0.6500 0.1678 0.7412
vn -0.3050 -0.2619 -0.9156
vn 0.7094 0.2839 -0.6451
vn 0.9550 0.2463 -0.1651
vn -0.1024 -0.5404 0.8352
vn 0.7409 0.5584 -0.3732
vn -0.7513 -0.0437 0.6585
vn 0.5439 0.0487 -0.8377
vn 0.1782 0.0553 0.9824
vn 0.7423 0.4573 0.4897
vn -0.1759 -0.1651 0.9705
vn 0.0229 -0.8390 0.5436
vn 0.2274 0.5971 -0.7693
vn 0.6321 0.1869 -0.7520
vn 0.0449 -0.8755 0.4811
vn -0.4166 0.0929 0.9043
vn -0.8779 0.0680 0.4741
vn -0.9361 -0.0447 -0.3490
vn -0.8475 -0.5161 -0.1242
vn -0.7264 -0.0767 -0.6829
vn -0.7507 0.0834 0.6554
vn -0.7111 -0.0924 0.6970
vn 0.1645 -0.9583 0.2338
vn -0.7158 0.0307 -0.6977
vn -0.3548 -0.6319 -0.6891
vn -0.4800 -0.5218 0.7052
vn -0.9954 -0.0814 0.0505
vn -0.1465 -0.2263 0.9630
vn 0.2047 0.3047 -0.9302
vn -0.2824 0.0638 -0.9572
vn -0.0346 0.0198 0.9992
vn 0.2549 0.6739 0.6934
vn 0.4382 0.8649 -0.2447
vn 0.1270 -0.7900 -0.5998
vn 0.5094 -0.8604 -0.0130
vn 0.4210 -0.0494 -0.9057
vn 0.3159 -0.6510 0.6902
vn 0.7493 -0.6088 0.2605
vn -0.8123 -0.5418 -0.2161
vn 0.2826 0.0126 0.9592
vn -0.6268 -0.6453 0.4367
vn 0.5686 -0.1105 -0.8152
vn -0.1639 0.1738 0.9710
vn 0.9295 0.2882 -0.2302
vn 0.8570 0.0251 -0.5147
vn 0.2660 0.1650 0.9498
vn 0.8280 0.0610 0.5574
vn -0.2928 -0.6052 -0.7403
vn -0.0993 -0.1085 0.9891
vn 0.1900 0.5121 0.8376
vn -0.4655 0.8623 -0.1993
vn -0.5145 0.8371 0.1860
vn 0.4245 0.4859 -0.7640
vn 0.6061 0.2567 0.7528
vn -0.4752 -0.8001 0.3661
vn 0.6387 0.6636 -0.3895
vn -0.3183 -0.9458 0.0651
vn -0.3227 -0.7113 -0.6245
vn 0.2862 0.2950 0.9116
vn 0.7705 -0.0112 -0.6373
vn -0.7987 -0.4674 0.3790
vn 0.4399 0.4735 0.7631
vn 0.8028 -0.4480 0.3934
vn -0.1189 -0.1397 0.9830
vn -0.7406 0.0932 -0.6655
vn 0.8644 0.2513 0.4355
vn -0.1488 -0.1582 -0.9761
vn -0.9620 0.1527 -0.2263
vn -0.7524 0.0885 -0.6527
vn 0.9811 0.0788 0.1767
vn -0.3818 -0.7136 -0.5873
vn 0.4248 0.8035 0.4170
vn 0.7267 0.1060 0.6787
vn 0.8304 -0.5002 0.2452
vn 0.9982 0.0591 -0.0133
vn 0.2830 0.9577 -0.0514
vn -0.8011 0.0767 0.5936
vn -0.1566 -0.3546 0.9218
vn 0.7527 0.4603 0.4707
vn 0.2864 0.0731 0.9553
vn 0.7481 0.3212 0.5807
vn 0.7471 0.4753 0.4647
vn -0.8494 -0.3137 -0.4244
vn -0.5652 -0.1743 0.8063
vn 0.3171 -0.2871 -0.9039
vn 0.1384 -0.9131 0.3835
vn 0.8532 0.4430 -0.2754
vn 0.3973 0.4520 -0.7987
vn 0.3118 0.1735 -0.9342
vn 0.2924 0.0669 0.9540
vn 0.9661 -0.2399 0.0952
vn 0.8012 -0.2981 -0.5188
vn -0.8168 -0.1623 -0.5536
vn -0.0731 0.0337 -0.9968
vn 0.0532 0.1109 -0.9924
vn -0.5101 -0.7823 -0.3575
vn 0.3027 -0.8613 0.4081
vn 0.0377 0.6007 -0.7986
vn -0.7796 -0.3749 0.5016
vn -0.2670 0.0829 -0.9601
vn -0.5593 -0.0768 -0.8254
vn -0.0779 -0.1574 0.9845
vn 0.0637 -0.9699 0.2349
vn -0.3824 0.7793 -0.4964
vn 0.7610 0.0010 0.6488
vn 0.7758 0.4439 -0.4485
vn 0.0528 -0.0322 0.9981
vn 0.1013 0.9546 -0.2802
vn 0.1313 -0.2439 -0.9609
vn -0.9661 0.1237 -0.2267
vn -0.9004 0.1558 -0.4062
vn 0.6418 0.7284 0.2398
vn -0.7664 -0.4808 -0.4260
vn -0.8671 0.3975 0.3000
vn -0.6060 0.4310 0.6685
vn -0.2883 0.3887 0.8751
vn 0.1821 -0.3540 -0.9173
vn -0.8259 0.2360 -0.5120
vn 0.1744 -0.7955 0.5803
vn -0.7752 0.0839 -0.6262
vn -0.2633 0.7373 -0.6221
vn 0.8518 -0.1528 0.5011
vn 0.5123 0.3151 -0.7989
vn 0.5484 -0.4618 0.6972
vn 0.8158 0.2744 0.5091
vn 0.2249 -0.3718 -0.9007
vn 0.6141 -0.1144 0.7809
vn -0.5077 0.5563 0.6579
vn 0.8939 0.4428 -0.0694
vn -0.8787 -0.4002 -0.2601
vn -0.0188 0.0855 0.9962
vn 0.1479 0.0590 -0.9872
vn -0.3597 -0.3643 0.8590
vn -0.4412 0.5777 -0.6867
vn 0.0277 0.7681 -0.6397
vn -0.8492 -0.4899 -0.1972
vn -0.7923 -0.0154 0.6099
vn 0.2238 -0.3338 0.9157
vn -0.7998 -0.0313 0.5994
vn -0.7337 0.1041 -0.6715
vn -0.3636 0.3416 -0.8667
vn 0.2397 -0.3263 0.9144
vn 0.2537 -0.3426 0.9046
vn 0.6878 -0.5811 0.4351
vn 0.0753 -0.7678 0.6363
vn 0.9368 0.1168 -0.3299
vn 0.0786 -0.1073 0.9911
vn -0.8224 0.3888 -0.4154
vn 0.9840 -0.1146 0.1361
vn -0.9621 -0.2704 -0.0347
vn -0.5485 0.2203 0.8066
vn -0.2430 0.0493 -0.9688
vn 0.1402 -0.4186 -0.8973
vn -0.9624 -0.0515 -0.2666
vn -0.8853 0.2575 0.3872
vn -0.9167 0.1344 -0.3764
vn 0.6978 0.3037 -0.6488
vn -0.1764 0.0824 -0.9809
vn -0.3260 0.1770 -0.9286
vn -0.8977 -0.0028 0.4407
vn 0.9533 -0.1808 0.2421
vn 0.6861 0.6752 -0.2708
vn -0.0950 0.2483 0.9640
vn -0.7857 -0.2864 -0.5483
vn 0.5254 0.0721 -0.8478
vn -0.2270 0.0393 -0.9731
vn 0.9832 -0.1439 -0.1123
vn 0.9057 -0.2244 -0.3596
vn 0.8002 0.5928 -0.0909
vn -0.5897 0.3191 -0.7419
vn -0.4119 0.3362 -0.8470
vn -0.5594 0.3203 -0.7645
vn -0.0140 0.2650 0.9642
vn 0.0186 0.0977 0.9950
vn -0.5029 0.3500 0.7903
vn -0.7191 0.6803 -0.1417
vn -0.4870 -0.3996 -0.7766
vn -0.7365 -0.0121 0.6763
vn -0.9428 -0.3194 -0.0957
vn 0.1507 0.9630 -0.2235
vn -0.8600 0.0916 0.5021
vn -0.3329 0.1741 0.9268
vn -0.0399 0.0062 -0.9992
vn 0.0579 -0.1402 -0.9884
vn -0.6146 0.4233 -0.6657
vn 0.9355 0.3401 -0.0958
vn -0.8027 0.2120 0.5574
vn -0.2046 0.2760 -0.9391
vn -0.0691 0.1284 0.9893
vn -0.5592 0.1548 -0.8145
vn -0.2973 -0.2212 -0.9288
vn -0.2250 0.2048 0.9526
vn 0.6494 -0.0703 0.7572
vn -0.0301 -0.1478 -0.9886
vn 0.8917 -0.1202 -0.4364
vn 0.4420 0.0868 -0.8928
vn -0.2409 -0.0835 -0.9669
vn 0.1255 -0.4552 0.8815
vn -0.9677 -0.2080 0.1427
vn -0.4677 -0.3325 -0.8190
vn -0.4686 -0.0448 -0.8823
vn -0.1540 -0.5142 0.8437
vn 0.6046 0.3692 0.7058
vn 0.8419 0.0203 0.5392
vn 0.8201 -0.4693 0.3275
vn -0.2691 0.1393 0.9530
vn -0.1597 0.9744 0.1583
vn -0.4509 -0.3120 -0.8362
vn -0.6271 -0.1462 -0.7651
vn 0.6675 0.0496 -0.7429
vn 0.9749 -0.0561 -0.2153
vn 0.5901 0.1590 -0.7915
vn -0.9480 0.2124 -0.2370
vn -0.1920 0.1972 0.9614
vn 0.9665 0.1715 0.1908
vn 0.9586 -0.1268 -0.2548
vn 0.6123 0.4491 0.6507
vn -0.8685 -0.0916 0.4871
vn 0.8862 0.3993 0.2349
vn 0.0738 0.1155 0.9906
vn 0.5666 0.5385 -0.6237
vn 0.8638 -0.1311 0.4865
vn -0.8252 0.4344 -0.3610
vn 0.6518 0.4885 -0.5801
vn 0.4937 -0.0292 0.8691
vn -0.4648 -0.2431 -0.8514
vn -0.6518 -0.0613 0.7559
vn 0.1555 0.2932 0.9433
vn -0.8480 -0.2220 -0.4813
vn -0.9611 0.0903 0.2610
vn -0.9030 0.0305 -0.4285
vn -0.7264 -0.6029 -0.3299
vn -0.7162 -0.6381 0.2826
vn -0.5168 -0.0035 -0.8561
vn -0.7764 -0.0724 0.6261
vn -0.8157 -0.5575 -0.1545
vn 0.7179 0.0711 -0.6925
vn -0.7475 -0.0692 0.6607
vn -0.9936 -0.0637 -0.0938
vn -0.9906 0.1054 0.0877
vn -0.4294 0.3031 -0.8508
vn -0.1632 0.4296 0.8882
vn -0.8400 0.0961 0.5339
vn -0.3538 0.0117 -0.9352
vn -0.0506 -0.2917 0.9552
vn 0.5025 0.1792 -0.8458
vn -0.9139 -0.0977 0.3941
vn -0.2903 -0.2232 0.9306
vn -0.9439 -0.1458 -0.2964
vn 0.2925 -0.5078 -0.8103
vn 0.5448 -0.1895 -0.8168
vn 0.9062 0.4199 0.0491
vn -0.7192 0.1960 -0.6665
vn -0.0734 -0.7350 -0.6741
vn 0.3917 0.2630 0.8817
vn -0.3465 -0.1961 -0.9173
vn 0.0936 0.3529 -0.9310
vn 0.3239 -0.1198 -0.9385
vn -0.4677 0.5678 0.6774
vn -0.4320 -0.6973 0.5720
vn -0.9909 0.0364 0.1297
vn -0.3184 -0.1368 -0.9380
vn 0.8527 0.4132 -0.3196
vn -0.3483 0.1555 0.9244
vn 0.6344 -0.0179 0.7728
vn -0.8876 0.4029 0.2231
vn 0.0484 -0.0933 0.9945
vn -0.3679 0.3291 0.8697
vn -0.2004 -0.1235 -0.9719
vn 0.9532 0.2357 -0.1894
vn 0.6949 -0.6038 -0.3906
vn 0.7076 0.0809 -0.7020
vn 0.6152 -0.7759 0.1395
vn -0.1428 -0.5190 -0.8427
vn 0.9976 0.0372 0.0589
vn 0.9484 0.3117 0.0585
vn -0.3774 0.0271 0.9256
vn -0.6961 -0.2859 -0.6585
vn 0.7686 -0.4371 -0.4671
vn 0.7411 0.1807 0.6466
vn -0.7572 0.5426 0.3637
vn 0.6073 0.1151 0.7861
vn 0.0192 0.4510 0.8923
vn -0.8120 0.1299 -0.5690
vn 0.8933 0.3069 -0.3283
vn -0.9714 0.0397 0.2342
vn -0.1151 0.0760 -0.9904
vn 0.9486 -0.0577 0.3112
vn 0.1956 -0.0282 0.9803
vn 0.5639 0.1431 -0.8133
vn -0.6595 0.1605 0.7344
vn -0.9089 0.3974 0.1265
vn 0.9992 0.0388 0.0081
vn 0.2904 -0.1141 -0.9501
vn -0.5204 -0.2011 -0.8299
vn 0.7557 -0.0534 0.6527
vn -0.0588 0.4889 0.8703
vn 0.1908 0.4155 0.8893
vn 0.9535 -0.0779 0.2912
vn 0.2908 -0.0656 0.9545
vn 0.4552 -0.4981 -0.7381
vn 0.9399 -0.0553 0.3369
vn 0.9142 -0.1463 -0.3780
vn -0.0396 0.3163 0.9478
vn 0.4846 -0.0916 -0.8699
vn 0.1304 0.4932 0.8601
vn 0.7658 -0.1087 0.6338
vn 0.3265 0.1474 0.9336
vn 0.7870 0.4609 0.4101
vn 0.9791 -0.1685 0.1138
vn -0.5671 -0.2569 -0.7825
vn 0.8859 0.0701 -0.4586
vn -0.8940 0.3991 0.2035
vn 0.8010 -0.1734 -0.5730
vn 0.3677 0.3538 0.8600
vn 0.9561 -0.2928 -0.0113
vn 0.6544 0.3340 0.6784
vn 0.3875 0.5074 0.7697
vn -0.2455 0.9462 0.2107
vn 0.8306 0.1015 0.5476
vn 0.4745 -0.2935 0.8299
vn 0.9617 0.2643 0.0726
vn 0.4710 -0.4349 -0.7675
vn -0.0496 -0.6622 0.7477
vn -0.4033 0.1306 0.9057
vn 0.2336 0.3105 0.9214
vn -0.3506 0.2414 0.9049
vn -0.7716 0.6321 0.0719
vn -0.1863 -0.6384 -0.7468
vn -0.3357 -0.1521 -0.9296
vn 0.2749 -0.8994 -0.3398
vn -0.9605 -0.2442 -0.1334
vn 0.5156 0.1305 0.8468
vn -0.2822 -0.2735 0.9195
vn -0.1996 -0.1252 -0.9718
vn -0.0026 0.2414 0.9704
vn -0.0883 0.2259 0.9701
vn 0.5837 0.1339 0.8008
vn 0.5762 0.1612 0.8013
vn 0.6224 0.0501 -0.7811
vn -0.2409 0.2365 0.9413
vn -0.0798 0.3922 -0.9164
vn 0.0454 -0.0682 -0.9966
vn 0.9180 0.1296 0.3748
vn 0.6582 -0.3776 0.6513
vn 0.9479 0.1323 0.2896
vn 0.3726 -0.6229 -0.6878
vn 0.7002 0.0332 0.7131
vn -0.7239 -0.0614 -0.6872
vn 0.8265 0.0932 0.5552
vn 0.0025 -0.8862 -0.4633
vn 0.8859 0.2634 -0.3818
vn 0.0301 -0.6379 -0.7695
vn -0.6273 -0.1888 -0.7555
vn -0.8367 0.5474 -0.0167
vn -0.9441 0.2944 -0.1485
vn 0.5441 -0.0606 0.8368
vn -0.6877 0.5836 -0.4319
vn 0.2505 0.3927 0.8849
vn 0.9426 0.2713 -0.1950
vn -0.9236 -0.3354 0.1859
vn 0.8156 -0.4503 -0.3634
vn 0.4985 -0.8318 -0.2443
vn 0.2425 0.6845 0.6876
vn -0.9882 0.0280 -0.1509
vn -0.9460 0.3077 -0.1024
vn 0.1148 -0.3417 -0.9328
vn -0.4088 -0.6067 -0.6818
vn -0.0752 0.6636 0.7443
vn -0.6795 -0.0173 -0.7335
vn 0.3387 0.6030 0.7223
vn -0.9304 -0.2693 0.2488
vn 0.9831 -0.1826 0.0166
vn -0.2041 -0.4292 -0.8799
vn 0.9839 -0.1110 0.1401
vn -0.5911 0.1396 0.7944
vn -0.9106 -0.3779 0.1674
vn -0.1808 0.3392 0.9232
vn -0.7045 0.0242 0.7093
vn 0.8412 0.5099 -0.1801
vn -0.9438 0.0618 -0.3247
vn -0.7403 0.3858 0.5506
vn 0.8181 -0.3332 -0.4688
vn 0.7944 0.1625 0.5853
vn 0.8495 -0.4474 0.2794
vn 0.6785 -0.4459 -0.5839
vn 0.1920 0.5308 0.8255
vn -0.4473 0.8898 -0.0901
vn -0.7423 0.5325 0.4068
vn 0.7970 -0.4260 -0.4281
vn 0.6906 0.3727 -0.6198
vn -0.4881 0.8712 0.0536
vn -0.1262 -0.4183 -0.8995
vn 0.5841 -0.8081 -0.0762
vn -0.7123 0.6998 0.0538
vn -0.7779 0.6047 0.1712
vn -0.8125 0.5567 0.1729
vn -0.8614 -0.4849 0.1512
vn -0.2555 0.4129 0.8742
vn 0.4058 0.6320 0.6602
vn 0.6351 0.4658 -0.6162
vn 0.7217 0.6411 0.2610
vn -0.9477 -0.3173 -0.0348
vn -0.4867 -0.4803 -0.7297
vn 0.5524 0.0770 -0.8300
vn -0.5735 0.0579 0.8171
vn -0.9976 -0.0686 0.0002
vn -0.6812 0.1179 0.7225
vn -0.6514 0.1246 0.7484
vn -0.8797 0.0146 -0.4754
vn -0.5489 -0.0223 -0.8356
vn -0.9347 -0.1756 0.3091
vn -0.9159 -0.1691 -0.3640
vn -0.6075 -0.2044 0.7676
vn 0.6239 0.7812 0.0195
vn -0.0224 0.2315 0.9726
vn 0.2758 -0.3736 -0.8856
vn -0.4199 -0.3247 -0.8475
vn -0.4430 0.0087 -0.8965
vn -0.7806 -0.4439 0.4400
vn 0.6573 -0.2664 -0.7050
vn 0.3004 0.2563 0.9187
vn 0.7781 0.1458 -0.6110
vn 0.6006 -0.0689 -0.7966
vn -0.7466 -0.3521 -0.5645
vn 0.7355 0.1258 -0.6657
vn 0.9731 -0.1275 0.1918
vn -0.4044 0.1061 0.9084
vn -0.8462 0.1920 -0.4970
vn 0.0102 -0.0332 0.9994
vn 0.7698 0.3316 0.5454
vn 0.9119 0.0845 0.4016
vn -0.9013 0.1091 0.4193
vn -0.0890 0.1465 -0.9852
vn 0.8266 -0.0242 -0.5623
vn -0.7420 -0.5894 0.3195
vn 0.6335 0.7208 -0.2812
vn 0.9046 -0.1114 0.4115
vn 0.5532 0.5519 -0.6240
vn -0.1891 -0.3037 0.9338
vn 0.7220 0.6498 0.2377
vn -0.6437 0.5586 -0.5231
vn -0.3663 -0.9299 -0.0328
vn 0.4127 -0.6005 0.6849
vn 0.6980 0.7156 -0.0253
vn -0.6097 0.3279 -0.7216
vn -0.0842 -0.8509 0.5185
vn 0.0666 0.9722 -0.2246
vn 0.7103 -0.3286 0.6224
vn 0.2354 0.4799 -0.8452
vn -0.1942 0.0774 0.9779
vn -0.2730 -0.2332 0.9333
vn 0.2729 0.7632 0.5857
vn 0.1908 0.1421 -0.9713
vn -0.5636 -0.1051 -0.8193
vn -0.0923 -0.1314 0.9870
vn 0.5260 0.6165 -0.5859
vn -0.9838 0.1321 -0.1212
vn -0.8949 0.1737 -0.4112
vn -0.7923 -0.0380 -0.6090
vn -0.6773 0.1108 0.7273
vn -0.9465 0.2884 0.1451
vn -0.7755 -0.6157 0.1399
vn -0.5355 -0.1002 -0.8386
vn -0.5072 -0.5021 0.7005
vn -0.4552 0.2117 0.8649
vn -0.4802 -0.5617 -0.6738
vn -0.7765 -0.6075 -0.1672
vn -0.0752 0.1167 0.9903
vn -0.1382 -0.6348 -0.7603
vn 0.5773 0.7362 0.3532
vn 0.5770 0.1563 0.8016
vn -0.8097 0.3329 0.4833
vn 0.1655 -0.6395 0.7508
vn -0.4333 -0.0643 -0.8990
vn 0.2649 0.0370 -0.9636
vn -0.4241 0.0864 -0.9015
vn 0.0245 0.0628 0.9977
vn -0.4830 -0.8716 0.0845
vn -0.8626 -0.4988 -0.0848
vn -0.2172 0.1444 -0.9654
vn -0.8136 0.1260 0.5676
vn 0.3064 -0.2564 0.9167
vn -0.8021 0.4254 -0.4192
vn 0.6322 -0.6390 -0.4381
vn 0.5905 0.7692 -0.2440
vn 0.5669 0.0449 0.8226
vn -0.0667 0.0155 -0.9977
vn 0.7116 0.0094 0.7025
vn 0.9885 -0.1023 -0.1112
vn -0.6890 0.6452 -0.3301
vn -0.2216 0.3753 -0.9000
vn 0.8263 0.5346 0.1774
vn 0.0209 -0.8686 0.4951
vn 0.9651 -0.0069 0.2617
vn -0.4979 0.0059 -0.8672
vn 0.3845 0.6667 0.6386
vn -0.4183 0.2489 -0.8735
vn 0.8903 -0.2662 0.3696
vn 0.7725 -0.5957 0.2201
vn 0.9772 -0.0099 -0.2121
vn 0.7611 -0.3637 -0.5371
vn -0.2850 -0.1855 0.9404
vn -0.9422 -0.3177 0.1061
vn -0.3555 -0.3553 0.8645
vn 0.3800 0.0186 -0.9248
vn 0.8010 0.5333 -0.2720
vn 0.6345 -0.4350 0.6389
vn 0.3405 -0.1661 0.9255
vn -0.6196 -0.3543 -0.7004
vn 0.7022 -0.2869 -0.6516
vn -0.7863 -0.2827 0.5494
vn -0.2955 0.6562 -0.6943
vn -0.1490 -0.9884 0.0282
vn -0.9688 -0.1992 0.1477
vn 0.8209 -0.5183 0.2397
vn -0.9684 0.2222 -0.1130
vn -0.3494 0.1975 -0.9159
vn 0.5550 0.7748 0.3029
vn 0.3569 -0.3713 0.8572
vn 0.7065 0.6225 0.3368
vn -0.2927 0.6338 -0.7160
vn 0.8383 0.2569 0.4808
vn 0.0671 0.2096 -0.9755
vn -0.1131 0.5265 -0.8426
vn 0.1446 -0.0898 -0.9854
vn -0.4367 0.5300 -0.7269
vn -0.7502 -0.2630 -0.6066
vn 0.2102 -0.3459 -0.9144
vn -0.6934 -0.5443 -0.4722
vn 0.1862 -0.3048 0.9340
vn -0.9251 -0.3765 -0.0496
vn -0.8973 -0.3628 0.2515
vn -0.8125 -0.5711 0.1171
vn -0.8424 0.0138 0.5387
vn -0.0619 0.5845 0.8090
vn -0.0053 -0.3001 -0.9539
vn 0.0563 -0.1757 -0.9828
vn 0.0569 -0.1744 -0.9830
vn -0.5288 0.1007 0.8427
vn -0.7809 0.1355 0.6098
vn 0.5766 0.6387 0.5095
vn 0.6662 0.7300 0.1529
vn 0.8874 -0.0908 -0.4520
vn 0.3509 0.8389 -0.4161
vn -0.8398 0.0712 0.5381
vn -0.7688 0.1092 0.6301
vn -0.8099 0.1163 0.5749
vn -0.8749 0.0785 -0.4778
vn 0.8290 0.1529 0.5380
vn 0.6309 0.3973 -0.6664
vn 0.4660 0.6002 -0.6501
vn -0.2339 0.7670 0.5975
vn 0.9200 0.3323 -0.2079
vn -0.9472 -0.2911 0.1344
vn -0.0155 -0.8946 0.4467
vn -0.8873 -0.0258 0.4604
vn -0.7630 0.4600 -0.4542
vn -0.9584 -0.2036 0.2003
vn 0.0987 0.4342 0.8954
vn 0.6554 -0.2018 0.7278
vn 0.9680 0.1892 0.1648
vn 0.1114 -0.3699 -0.9224
vn -0.0392 -0.4460 -0.8942
vn -0.4562 0.7547 -0.4715
vn -0.0176 -0.3984 -0.9170
vn 0.8167 -0.2298 -0.5293
vn -0.1209 -0.3458 0.9305
vn -0.9159 -0.4000 0.0324
vn -0.8782 -0.4563 -0.1431
vn -0.8635 -0.4945 0.0994
vn -0.8535 -0.0474 -0.5189
vn 0.0139 0.2805 -0.9597
vn -0.4141 -0.2890 0.8631
vn -0.9063 0.0878 0.4133
vn 0.8177 0.3507 -0.4565
vn -0.6818 -0.5860 0.4378
vn 0.1596 0.5230 0.8373
vn -0.9976 -0.0197 -0.0670
vn -0.9877 -0.1498 -0.0444
vn -0.9972 -0.0708 -0.0235
vn -0.9910 0.1260 0.0440
vn -0.2388 -0.9494 -0.2038
vn -0.7500 -0.6358 0.1824
vn 0.8581 -0.3555 -0.3705
vn -0.9209 0.3754 -0.1052
vn 0.0411 0.9033 0.4271
vn -0.3327 0.9357 0.1176
vn 0.0428 0.6001 0.7988
vn 0.3770 -0.8051 -0.4579
vn -0.8177 -0.3095 -0.4854
vn -0.8252 -0.4606 -0.3268
vn 0.8472 -0.4622 0.2621
vn 0.0830 0.3428 -0.9357
vn 0.6987 0.4055 -0.5894
vn -0.7452 0.5678 0.3496
vn 0.3546 -0.1694 0.9195
vn 0.3448 -0.5060 -0.7906
vn -0.9121 0.2769 -0.3025
vn 0.9502 -0.2020 -0.2372
vn 0.9967 0.0144 -0.0802
vn 0.9882 0.1511 0.0234
vn 0.5604 0.8278 -0.0265
vn 0.4328 0.1705 -0.8852
vn -0.8637 -0.1423 -0.4835
vn 0.9805 0.1376 0.1403
vn 0.0204 -0.4604 0.8875
vn 0.2782 -0.2694 -0.9220
vn 0.1341 0.3252 -0.9361
vn 0.8117 0.4114 0.4145
vn -0.9828 0.0351 0.1813
vn -0.8791 0.1927 0.4360
vn -0.9568 0.0568 -0.2850
vn -0.8813 -0.1136 -0.4588
vn 0.5390 -0.8393 -0.0719
vn 0.7488 0.2792 0.6012
vn 0.7487 0.2792 0.6012
vn 0.7149 0.2924 0.6351
vn -0.3342 -0.5797 -0.7431
vn -0.8564 -0.4926 0.1548
vn -0.3538 0.0464 0.9342
vn -0.3450 -0.1941 0.9183
vn -0.8961 0.2710 -0.3515
vn 0.3605 -0.9047 -0.2271
vn -0.9859 0.0909 -0.1407
vn -0.4927 -0.7469 -0.4465
vn -0.0213 0.9939 0.1081
vn -0.3445 0.8555 -0.3865
vn -0.9991 0.0399 0.0135
vn -0.6520 0.0030 0.7582
vn -0.9892 0.1166 0.0884
vn -0.5652 -0.1435 -0.8124
vn 0.8569 -0.3455 -0.3825
vn 0.6048 -0.7903 0.0979
vn -0.1456 -0.6268 0.7655
vn -0.2787 -0.9563 -0.0887
vn -0.7644 0.3275 0.5553
vn 0.3127 0.2104 0.9263
vn 0.3184 0.6493 -0.6907
vn -0.0240 0.0522 -0.9984
vn -0.4494 -0.0566 -0.8915
vn -0.0664 -0.5817 -0.8107
vn -0.8368 -0.1652 0.5220
vn -0.4862 -0.1880 -0.8534
vn 0.7179 -0.0875 -0.6906
vn 0.5019 -0.6431 0.5784
vn 0.2260 0.6877 0.6899
vn 0.2391 -0.0457 0.9699
vn 0.4512 0.7706 -0.4502
vn -0.9854 0.0664 -0.1570
vn 0.9624 -0.1401 0.2328
vn -0.8439 0.0220 -0.5361
vn -0.9802 -0.1447 0.1353
vn -0.5839 0.2003 0.7867
vn 0.0523 -0.0209 0.9984
vn -0.9883 0.1369 0.0671
vn -0.6564 0.1010 -0.7476
vn 0.8793 0.3014 -0.3687
vn -0.6147 -0.7135 0.3362
vn -0.6652 -0.2138 -0.7154
vn -0.7837 0.0958 0.6137
vn 0.4765 0.2268 0.8494
vn 0.5448 0.7398 -0.3949
vn -0.1151 0.0598 -0.9916
vn -0.5336 0.4847 0.6930
vn -0.4209 0.4691 0.7764
vn -0.2420 0.7835 0.5723
vn -0.7615 0.2374 0.6031
vn 0.4722 -0.2139 -0.8551
vn 0.8782 0.4381 -0.1918
vn -0.4581 0.0063 -0.8889
vn -0.0068 -0.2003 -0.9797
vn -0.4138 0.1063 0.9041
vn -0.2714 0.5565 -0.7853
vn -0.9736 0.1957 0.1171
vn 0.6291 -0.0817 -0.7731
vn -0.0432 -0.2397 -0.9699
vn -0.0665 0.0641 -0.9957
vn 0.7659 0.2720 0.5826
vn -0.9387 0.3126 0.1455
vn 0.5797 -0.0237 0.8145
vn 0.2706 -0.1943 -0.9429
vn -0.3769 0.2616 0.8886
vn -0.9805 0.1925 0.0383
vn 0.8290 -0.0478 -0.5571
vn -0.5159 -0.1642 0.8408
vn -0.8542 0.1698 -0.4914
vn -0.6071 -0.3004 -0.7357
vn -0.9093 -0.3505 0.2242
vn 0.5325 0.0124 0.8463
vn 0.7493 -0.2986 0.5911
vn -0.5973 0.1121 -0.7942
vn -0.5982 0.2556 0.7595
vn 0.7053 0.6995 -0.1153
vn -0.9724 0.1406 0.1859
vn 0.9550 -0.2621 -0.1387
vn 0.2039 -0.3080 0.9293
vn 0.7040 -0.1529 -0.6935
vn -0.9612 -0.2022 0.1877
vn -0.7383 -0.3245 -0.5913
vn -0.9172 0.3932 -0.0647
vn 0.6946 0.7069 -0.1332
vn 0.4320 -0.2277 0.8727
vn -0.9883 -0.1312 0.0776
vn -0.3157 0.3850 -0.8672
vn 0.5258 0.0211 -0.8504
vn -0.7713 -0.6304 0.0872
vn -0.6596 -0.4951 -0.5656
vn -0.7603 -0.6310 0.1542
vn -0.7095 -0.4919 0.5046
vn -0.8265 -0.5564 -0.0854
vn -0.6352 -0.4741 0.6097
vn -0.8697 -0.0757 0.4877
vn -0.7976 0.1051 0.5940
vn -0.9920 0.0854 0.0931
vn 0.9935 0.1104 0.0278
vn -0.3536 -0.7554 -0.5516
vn 0.9000 -0.2436 0.3614
vn 0.9059 -0.2980 0.3007
vn 0.8778 -0.3101 0.3652
vn -0.1747 -0.4050 -0.8975
vn 0.2179 -0.2240 0.9499
vn 0.8538 0.0773 0.5148
vn 0.6448 0.2112 0.7346
vn -0.8986 -0.1317 -0.4186
vn 0.9856 -0.1567 -0.0641
vn 0.9001 -0.0921 -0.4257
vn 0.9276 0.0459 -0.3708
vn -0.4833 0.1971 -0.8530
vn 0.5408 0.2361 0.8073
vn 0.8306 0.1039 0.5470
vn 0.3675 0.3090 -0.8772
vn 0.9112 -0.3121 -0.2691
vn 0.7036 0.0865 -0.7053
vn -0.5058 -0.8486 0.1553
vn 0.7504 0.4123 0.5167
vn -0.6343 -0.5006 -0.5892
vn -0.5502 0.1763 0.8162
vn -0.2130 0.3977 0.8925
vn -0.0310 0.0448 0.9985
vn -0.7333 0.2403 -0.6360
vn -0.9217 0.0173 -0.3874
vn -0.4737 -0.0718 0.8778
vn 0.3246 0.0253 0.9455
vn 0.5326 -0.1698 0.8292
vn 0.6221 0.7584 0.1943
vn -0.8809 -0.4213 0.2156
vn -0.9999 -0.0156 0.0047
vn -0.8690 -0.0227 -0.4943
vn -0.8749 -0.1523 -0.4597
vn 0.1184 0.5516 -0.8257
vn 0.4069 -0.2867 -0.8673
vn -0.2905 -0.3688 -0.8829
vn -0.1888 -0.1693 -0.9673
vn -0.9247 0.0256 0.3799
vn -0.9086 -0.1467 0.3909
vn -0.6836 0.1399 0.7163
vn 0.9191 0.0806 0.3856
vn 0.7280 -0.0048 -0.6856
vn -0.7173 0.2366 0.6553
vn -0.9783 -0.1110 0.1748
vn 0.8617 0.0795 -0.5011
vn -0.4233 0.2079 0.8818
vn -0.4219 -0.4306 -0.7979
vn -0.6333 -0.0043 0.7739
vn -0.7274 0.4541 0.5144
vn 0.8586 -0.1518 -0.4896
vn -0.3134 0.2883 -0.9048
vn 0.9944 0.1012 -0.0297
vn -0.0754 0.0701 -0.9947
vn -0.6278 -0.2535 -0.7360
vn 0.9124 -0.2732 -0.3049
vn -0.4370 -0.1624 0.8847
vn 0.9646 -0.1744 -0.1978
vn 0.7649 -0.4523 0.4587
vn 0.6679 0.3370 0.6636
vn 0.7743 0.4051 0.4862
vn -0.2057 -0.2150 -0.9547
vn -0.3211 0.1991 0.9259
vn -0.0189 0.3640 0.9312
vn -0.0886 0.2893 0.9531
vn 0.7543 0.1371 -0.6421
vn 0.9260 -0.1007 -0.3640
vn -0.8890 0.1299 -0.4392
vn 0.6664 0.3065 0.6797
vn 0.7987 -0.5528 -0.2377
vn -0.5032 -0.5183 0.6915
vn -0.1441 0.4039 0.9034
vn 0.9741 -0.2255 0.0172
vn 0.7013 -0.2862 0.6529
vn 0.6984 -0.2189 0.6814
vn -0.6755 0.3151 0.6666
vn -0.9449 0.2672 0.1892
vn 0.9739 -0.2267 0.0114
vn -0.5423 -0.7431 0.3919
vn 0.7924 0.5100 0.3345
vn 0.8674 0.4747 0.1489
vn 0.0430 -0.1127 -0.9927
vn 0.0634 0.0528 0.9966
vn -0.9770 -0.0177 -0.2125
vn -0.9873 -0.0691 -0.1432
vn 0.8779 -0.4694 -0.0947
vn 0.6233 -0.1961 0.7570
vn -0.8062 -0.0029 0.5917
vn -0.1036 -0.1286 0.9863
vn -0.5302 -0.0761 -0.8444
vn -0.5385 -0.0525 -0.8410
vn 0.7003 0.0878 -0.7085
vn -0.4877 0.3830 0.7845
vn 0.1660 -0.3649 -0.9161
vn 0.2578 0.4623 0.8484
vn -0.3415 0.0434 -0.9389
vn -0.7300 -0.0667 -0.6802
vn 0.3010 0.1298 0.9447
vn -0.2727 0.2358 0.9327
vn 0.4594 0.0661 0.8858
vn 0.8776 0.4772 -0.0445
vn 0.7627 -0.0868 -0.6409
vn 0.0263 -0.0685 -0.9973
vn -0.2919 -0.3445 -0.8923
vn -0.3574 -0.3449 -0.8679
vn -0.3787 0.2412 0.8935
vn -0.3735 0.1145 -0.9205
vn -0.7120 -0.1023 -0.6946
vn -0.2058 0.1529 0.9666
vn -0.8177 -0.1724 -0.5493
vn -0.4087 -0.1359 -0.9025
vn 0.1147 -0.1885 -0.9754
vn 0.7698 0.4437 0.4589
vn 0.3665 0.0542 0.9289
vn -0.8834 -0.0002 0.4686
vn 0.5556 -0.3022 -0.7746
vn -0.9626 -0.0264 0.2697
vn -0.0886 0.5183 0.8506
vn 0.7726 -0.2222 0.5948
vn 0.9739 -0.0646 -0.2174
vn 0.3346 -0.2272 -0.9146
vn -0.8761 0.3202 -0.3603
vn 0.5186 -0.4546 -0.7241
vn -0.3879 -0.3881 0.8360
vn 0.7945 0.1114 -0.5969
vn 0.6864 0.0111 -0.7271
vn 0.3976 0.2084 -0.8936
vn -0.0222 -0.2253 -0.9740
vn -0.0954 -0.5698 -0.8162
vn -0.8511 0.2370 -0.4685
vn -0.8497 0.4878 0.2002
vn -0.9181 -0.0196 -0.3958
vn -0.4383 -0.2266 -0.8698
vn 0.0845 0.2541 0.9635
vn 0.7486 -0.0631 0.6600
vn -0.4921 -0.2182 0.8427
vn -0.9249 0.0048 -0.3803
vn 0.4456 -0.6046 0.6603
vn 0.8913 0.3626 -0.2723
vn -0.6117 0.2760 0.7414
vn -0.9901 0.0455 0.1331
vn -0.9972 0.0579 -0.0472
vn -0.4373 0.6883 -0.5788
vn -0.8023 -0.5927 0.0701
vn -0.8023 -0.5927 0.0700
vn -0.8108 -0.5549 0.1861
vn 0.1620 -0.7571 0.6328
vn 0.2012 -0.7587 0.6196
vn 0.3911 -0.1293 0.9112
vn 0.8112 -0.5846 0.0164
vn -0.5485 -0.0458 -0.8349
vn 0.8321 -0.2500 -0.4950
vn -0.7919 -0.6106 0.0021
vn 0.6039 0.3371 0.7223
vn 0.6817 0.7280 0.0731
vn 0.1514 0.3739 0.9150
vn 0.6149 -0.1731 -0.7694
vn -0.3385 0.0700 0.9384
vn -0.9296 -0.0566 -0.3641
vn -0.9881 -0.0054 0.1537
vn -0.6287 0.0989 -0.7714
vn 0.6309 0.2148 0.7456
vn 0.3129 0.8486 0.4266
vn 0.5235 -0.2088 -0.8261
vn 0.0177 0.3840 0.9231
vn 0.4655 -0.6964 0.5462
vn -0.0843 0.4281 0.8998
vn 0.7217 0.6875 -0.0805
vn -0.0260 -0.5390 -0.8419
vn 0.0769 0.0660 -0.9949
vn 0.8028 -0.3641 -0.4721
vn -0.8619 0.2697 -0.4295
vn -0.8960 -0.4392 0.0655
vn -0.9956 0.0744 -0.0574
vn 0.1227 0.5341 -0.8365
vn 0.2441 -0.4306 0.8689
vn -0.8046 -0.5628 0.1893
vn -0.4190 -0.9066 -0.0510
vn -0.4810 0.8599 0.1711
vn 0.8946 0.4401 0.0779
vn 0.4349 0.0164 0.9003
vn -0.5488 0.3627 -0.7532
vn -0.9352 0.2245 0.2737
vn 0.5990 -0.3187 -0.7346
vn -0.8497 0.4322 -0.3019
vn -0.3201 0.8240 0.4676
vn 0.7006 0.2724 0.6595
vn -0.8281 0.0397 0.5591
vn 0.7180 0.3476 0.6031
vn -0.9619 0.1890 0.1974
vn 0.9767 -0.0998 0.1901
vn -0.4721 -0.4963 0.7286
vn 0.0555 0.5246 0.8495
vn -0.5475 0.8364 0.0267
vn 0.8319 0.0138 0.5547
vn 0.9687 0.0669 0.2392
vn 0.2169 0.1165 -0.9692
vn 0.5686 -0.0459 -0.8213
vn 0.0797 -0.6238 0.7775
vn -0.9291 0.2365 -0.2842
vn -0.9613 0.1732 0.2144
vn 0.7544 -0.5561 0.3487
vn -0.7701 -0.3114 -0.5567
vn -0.1087 -0.6587 0.7445
vn -0.0883 -0.6501 0.7547
vn -0.1513 -0.6262 0.7648
vn 0.7012 0.1003 0.7059
vn 0.9919 0.0372 -0.1217
vn -0.9757 0.0645 0.2096
vn 0.2162 -0.2378 -0.9469
vn 0.9807 -0.1587 -0.1145
vn 0.9439 -0.3152 0.0983
vn 0.8851 0.3609 0.2937
vn -0.1026 0.5396 -0.8357
vn -0.1235 0.1100 -0.9862
vn 0.5569 0.7269 -0.4020
vn 0.9073 0.2347 0.3490
vn 0.9928 -0.1183 -0.0173
vn -0.0355 -0.3311 0.9429
vn 0.7884 -0.2606 0.5572
vn -0.0306 -0.1358 -0.9903
vn 0.7552 0.0689 0.6519
vn 0.9313 -0.0609 -0.3591
vn -0.0317 -0.1913 -0.9810
vn -0.7840 0.2768 0.5557
vn -0.9679 0.2503 0.0248
vn -0.3069 0.0049 0.9517
vn 0.7231 0.5652 0.3971
vn -0.5901 0.2732 -0.7597
vn 0.8314 -0.5335 0.1553
vn -0.6927 -0.1912 -0.6954
vn -0.7500 0.4784 0.4568
vn -0.9455 0.1175 -0.3037
vn -0.9482 0.0173 0.3171
vn -0.6785 -0.0770 -0.7305
vn 0.1261 0.9811 -0.1466
vn 0.2507 0.4452 -0.8596
vn 0.8462 0.5328 -0.0103
vn -0.2530 -0.2703 0.9289
vn -0.4751 -0.3056 0.8252
vn -0.2344 0.0024 -0.9721
vn -0.4367 0.2073 -0.8754
vn -0.1053 0.3838 0.9174
vn 0.1538 -0.8680 -0.4722
vn -0.7814 0.6014 0.1666
vn 0.7992 -0.2989 0.5215
vn 0.6575 -0.6085 -0.4444
vn -0.8474 0.5308 -0.0119
vn -0.4649 -0.6340 0.6179
vn -0.8566 -0.1248 -0.5007
vn 0.6507 0.2828 -0.7047
vn -0.2349 -0.2115 -0.9487
vn 0.9875 0.1565 -0.0207
vn 0.7661 0.6229 0.1587
vn -0.9379 0.3464 0.0194
vn 0.8618 -0.2381 -0.4480
vn -0.1242 -0.3017 -0.9453
vn -0.9513 0.0652 0.3014
vn 0.9102 -0.3932 0.1300
vn 0.8605 -0.0722 0.5043
vn -0.4240 0.2684 0.8650
vn -0.9140 -0.2828 -0.2909
vn -0.6451 0.6492 0.4031
vn -0.9084 -0.1414 -0.3934
vn -0.5092 0.1184 -0.8525
vn -0.9140 0.0421 -0.4035
vn 0.8695 0.2098 0.4473
vn 0.9551 -0.1468 -0.2573
vn -0.6745 0.7274 0.1261
vn 0.3592 0.1073 0.9271
vn -0.8427 -0.4410 -0.3087
vn -0.6480 -0.0237 -0.7613
vn -0.1898 0.0476 0.9807
vn 0.2770 -0.2765 -0.9202
vn 0.9117 -0.4087 0.0416
vn -0.6265 0.4352 0.6466
vn 0.1122 0.3669 0.9235
vn -0.5652 -0.1582 -0.8096
vn 0.9291 -0.2156 -0.3005
vn 0.6127 0.6941 0.3780
vn -0.9063 0.2470 -0.3430
vn 0.8576 -0.4787 -0.1879
vn 0.6551 -0.5539 -0.5138
vn 0.4494 0.7395 0.5011
vn 0.5669 0.1840 -0.8030
vn -0.9191 0.3327 -0.2112
vn -0.0481 0.4972 -0.8663
vn 0.8321 -0.1494 0.5341
vn -0.7885 0.3780 -0.4851
vn -0.9652 0.2467 0.0864
vn -0.9916 -0.1026 0.0790
vn -0.9679 -0.0049 -0.2513
vn -0.7902 -0.1432 -0.5959
vn -0.9448 0.1732 -0.2781
vn 0.3229 0.0566 -0.9447
vn 0.1010 -0.4382 -0.8932
vn 0.4718 -0.2725 -0.8385
vn 0.7429 0.1234 0.6579
vn 0.8782 -0.2900 -0.3804
vn -0.6289 -0.0216 0.7772
vn -0.9975 -0.0531 -0.0474
vn 0.9119 -0.4015 0.0849
vn -0.9586 -0.2775 0.0631
vn -0.1497 -0.8218 -0.5497
vn 0.2551 0.1475 -0.9556
vn 0.2623 0.2540 -0.9310
vn -0.9694 -0.2181 -0.1125
vn -0.9695 -0.2164 -0.1150
vn -0.9697 -0.2133 -0.1195
vn 0.0327 0.4621 -0.8862
vn 0.8063 -0.5481 -0.2223
vn 0.4541 0.0131 0.8908
vn 0.6786 -0.1037 -0.7271
vn 0.8875 0.0905 0.4519
vn 0.9652 0.0797 0.2492
vn 0.8967 -0.1897 0.3999
vn 0.0635 -0.1083 0.9921
vn 0.0312 -0.4529 -0.8910
vn 0.8611 0.1168 0.4949
vn 0.5955 -0.1039 0.7966
vn 0.2764 0.0305 0.9606
vn 0.9654 0.0079 -0.2608
vn 0.1653 0.0226 0.9860
vn -0.9697 -0.2118 -0.1217
vn -0.7859 0.0996 -0.6103
vn 0.4269 0.0311 0.9038
vn 0.5821 0.6415 -0.4995
vn 0.8922 0.0229 -0.4511
vn 0.7766 -0.4508 0.4402
vn 0.8760 -0.4804 -0.0426
vn 0.9499 0.1324 -0.2832
vn 0.9090 -0.0612 -0.4123
vn 0.8984 -0.4390 -0.0140
vn -0.1663 -0.1699 0.9713
vn 0.9317 -0.0599 -0.3583
vn 0.0150 0.5988 0.8007
vn 0.5329 0.1732 0.8283
vn 0.8618 -0.1492 0.4848
vn -0.5524 0.2218 -0.8035
vn -0.6506 -0.0876 0.7543
vn -0.0060 -0.1215 -0.9926
vn 0.9297 -0.0610 -0.3632
vn -0.4950 0.6580 0.5675
vn 0.9287 0.1880 0.3197
vn 0.7191 -0.3026 0.6255
vn 0.8129 -0.0226 0.5819
vn -0.6850 0.2064 0.6987
vn -0.0396 0.9937 0.1053
vn -0.9436 -0.2142 -0.2523
vn 0.5536 0.3916 -0.7349
vn 0.5116 0.5061 -0.6944
vn 0.0698 0.8761 0.4770
vn -0.2457 -0.1223 0.9616
vn 0.1808 -0.5128 -0.8393
vn 0.3988 -0.6344 -0.6622
vn 0.9090 0.0216 0.4163
vn 0.4292 0.6676 -0.6083
vn 0.0502 0.9264 -0.3731
vn 0.9285 -0.2895 -0.2324
vn 0.3149 -0.2740 -0.9087
vn -0.7549 0.0455 0.6542
vn -0.9457 0.1298 0.2981
vn 0.0360 0.2751 -0.9607
vn 0.9062 -0.2808 0.3161
vn 0.8192 -0.3980 0.4129
vn 0.2310 -0.0520 0.9716
vn 0.7278 0.0559 -0.6835
vn 0.6543 0.3351 -0.6780
vn 0.2929 0.3102 0.9044
vn 0.9542 -0.2978 -0.0294
vn 0.2987 0.0137 -0.9542
vn -0.7570 -0.1334 -0.6397
vn 0.3229 -0.4601 -0.8271
vn -0.5444 -0.0245 -0.8385
vn 0.6545 -0.0207 0.7558
vn 0.4050 0.1752 -0.8974
vn 0.8934 -0.4347 0.1133
vn 0.6404 0.0116 -0.7679
vn -0.3043 0.3305 -0.8934
vn 0.6392 0.0268 -0.7686
vn 0.9338 0.1825 -0.3077
vn 0.8429 0.0583 0.5348
vn 0.8607 0.1750 0.4781
vn -0.8979 0.0354 0.4388
vn 0.9082 -0.2055 0.3647
vn -0.8193 0.0771 0.5682
vn -0.4189 0.1820 -0.8896
vn -0.8419 0.5076 -0.1832
vn 0.5970 0.1568 -0.7868
vn 0.5324 -0.3666 0.7630
vn -0.7536 0.5646 -0.3367
vn 0.8854 -0.4626 -0.0450
vn 0.1384 0.4876 0.8620
vn -0.6347 0.7713 0.0485
vn 0.8314 -0.5372 0.1423
vn 0.6932 -0.2178 -0.6871
vn 0.6507 0.2179 -0.7274
vn 0.4256 -0.5698 -0.7030
vn 0.7044 -0.5619 0.4337
vn 0.9248 -0.0668 -0.3745
vn 0.8958 -0.0779 -0.4375
vn -0.1140 -0.6520 0.7496
vn -0.7987 0.5897 -0.1195
vn -0.7861 0.1398 0.6021
vn 0.2943 0.8908 -0.3463
vn 0.1585 -0.4326 -0.8875
vn 0.2437 -0.4907 -0.8365
vn 0.2736 -0.4537 -0.8481
vn 0.1621 -0.7173 0.6776
vn 0.0926 0.7815 -0.6170
vn 0.4902 -0.8698 0.0555
vn -0.3063 0.3999 0.8639
vn -0.3784 0.4588 0.8039
vn -0.9974 -0.0714 -0.0100
vn -0.2810 -0.3946 -0.8748
vn 0.7954 -0.2640 -0.5456
vn 0.7137 -0.2231 -0.6640
vn 0.0178 0.4672 0.8840
vn 0.0799 0.4597 0.8845
vn -0.0036 0.5243 0.8515
vn 0.8028 0.2381 0.5467
vn 0.9007 -0.3982 -0.1737
vn 0.8603 -0.4327 0.2695
vn -0.8050 -0.2356 -0.5446
vn -0.3846 0.9171 -0.1049
vn 0.1585 -0.6633 0.7314
vn 0.1301 -0.6575 0.7422
vn 0.1554 -0.6368 0.7552
vn 0.8293 0.2193 0.5139
vn 0.8217 0.2231 0.5245
vn 0.0248 0.2442 -0.9694
vn 0.5990 -0.2826 0.7492
vn -0.4736 -0.1518 -0.8676
vn -0.1490 0.6057 0.7816
vn -0.0663 0.5511 0.8318
vn -0.0815 0.5999 0.7959
vn 0.8329 -0.1815 0.5229
vt 0.007969 0.925293
vt 0.005703 0.923646
vt 0.008017 0.922269
vt 0.009440 0.810267
vt 0.006820 0.811779
vt 0.007016 0.800010
vt 0.011697 0.672596
vt 0.009867 0.662216
vt 0.011983 0.655656
vt 0.008660 0.393698
vt 0.008660 0.374086
vt 0.012174 0.387521
vt 0.019505 0.127659
vt 0.022850 0.141961
vt 0.019874 0.144937
vt 0.009324 0.099126
vt 0.012017 0.099126
vt 0.011769 0.105142
vt 0.037420 0.995213
vt 0.037266 0.973917
vt 0.039970 0.980748
vt 0.023711 0.147462
vt 0.022711 0.164715
vt 0.019160 0.168266
vt 0.006304 0.612638
vt 0.007781 0.595761
vt 0.008940 0.613589
vt 0.828492 0.947674
vt 0.820315 0.956141
vt 0.830975 0.942668
vt 0.010511 0.628000
vt 0.008290 0.621898
vt 0.010341 0.610821
vt 0.003239 0.214450
vt 0.007934 0.215448
vt 0.007940 0.227623
vt 0.011012 0.592185
vt 0.011012 0.610051
vt 0.008805 0.597787
vt 0.578466 0.984106
vt 0.544377 0.981123
vt 0.580623 0.979817
vt 0.019926 0.154772
vt 0.038503 0.961596
vt 0.255587 0.073636
vt 0.243381 0.076143
vt 0.244322 0.073636
vt 0.022371 0.186380
vt 0.352144 0.012396
vt 0.379056 0.021140
vt 0.352921 0.017133
vt 0.044360 0.972937
vt 0.038652 0.959491
vt 0.051795 0.979436
vt 0.041856 0.952406
vt 0.983614 0.487634
vt 0.975228 0.520809
vt 0.976830 0.494417
vt 0.017068 0.166958
vt 0.014815 0.147883
vt 0.018213 0.153868
vt 0.968703 0.206439
vt 0.976419 0.241017
vt 0.971169 0.234628
vt 0.978743 0.249072
vt 0.986197 0.221253
vt 0.984867 0.267753
vt 0.558025 0.983353
vt 0.557026 0.986667
vt 0.543946 0.984361
vt 0.046296 0.788390
vt 0.061936 0.764307
vt 0.048563 0.808863
vt 0.980383 0.289418
vt 0.935450 0.965913
vt 0.935752 0.969361
vt 0.895139 0.963565
vt 0.886403 0.968168
vt 0.076825 0.152120
vt 0.080779 0.146474
vt 0.077045 0.189559
vt 0.018972 0.180647
vt 0.057319 0.661853
vt 0.052437 0.660922
vt 0.055525 0.625628
vt 0.018308 0.166548
vt 0.508558 0.020186
vt 0.484563 0.021741
vt 0.488909 0.020186
vt 0.040030 0.937738
vt 0.580038 0.985559
vt 0.102859 0.968192
vt 0.152222 0.968192
vt 0.130516 0.975914
vt 0.864644 0.923940
vt 0.054235 0.672136
vt 0.973440 0.588613
vt 0.968125 0.608447
vt 0.968305 0.568665
vt 0.018864 0.345349
vt 0.018864 0.305566
vt 0.025343 0.332257
vt 0.223803 0.077798
vt 0.217961 0.075913
vt 0.074201 0.176022
vt 0.017918 0.141985
vt 0.023562 0.094732
vt 0.024674 0.133419
vt 0.019025 0.104462
vt 0.973258 0.603393
vt 0.019099 0.125232
vt 0.977614 0.454801
vt 0.000131 0.272866
vt 0.002410 0.279129
vt 0.001243 0.293699
vt 0.030885 0.432009
vt 0.030885 0.471954
vt 0.027550 0.437780
vt 0.441250 0.879348
vt 0.403157 0.872506
vt 0.437943 0.872255
vt 0.971275 0.274252
vt 0.073683 0.209427
vt 0.083329 0.241379
vt 0.077766 0.243973
vt 0.022676 0.225480
vt 0.018482 0.230478
vt 0.019725 0.191270
vt 0.476591 0.868111
vt 0.013273 0.972320
vt 0.013273 0.944855
vt 0.017215 0.950883
vt 0.390695 0.954605
vt 0.344569 0.927001
vt 0.358379 0.931126
vt 0.488171 0.946797
vt 0.477748 0.951308
vt 0.454543 0.947217
vt 0.371210 0.947152
vt 0.500298 0.877126
vt 0.852697 0.927562
vt 0.971186 0.212713
vt 0.974361 0.153709
vt 0.978001 0.198096
vt 0.306605 0.930217
vt 0.268027 0.925469
vt 0.304509 0.924457
vt 0.975129 0.221799
vt 0.457018 0.952594
vt 0.969047 0.663156
vt 0.974042 0.702065
vt 0.969482 0.706625
vt 0.039602 0.438630
vt 0.039602 0.482102
vt 0.037126 0.453035
vt 0.109181 0.993853
vt 0.075778 0.993853
vt 0.104604 0.989378
vt 0.970943 0.633063
vt 0.372386 0.897518
vt 0.362355 0.903050
vt 0.332901 0.889315
vt 0.108403 0.413079
vt 0.126432 0.371170
vt 0.131534 0.380045
vt 0.389278 0.903368
vt 0.075692 0.280410
vt 0.338964 0.902414
vt 0.433577 0.948052
vt 0.013706 0.075734
vt 0.019630 0.097844
vt 0.013399 0.101095
vt 0.329026 0.925606
vt 0.148939 0.979462
vt 0.163617 0.978178
vt 0.194557 0.980155
vt 0.965219 0.017517
vt 0.956171 0.022001
vt 0.950826 0.018258
vt 0.055662 0.766097
vt 0.041899 0.723740
vt 0.048924 0.730200
vt 0.860858 0.501059
vt 0.868601 0.523141
vt 0.859187 0.520166
vt 0.869908 0.550034
vt 0.423704 0.898389
vt 0.004314 0.086059
vt 0.008077 0.091238
vt 0.003102 0.093311
vt 0.423580 0.891362
vt 0.593184 0.986044
vt 0.592013 0.979404
vt 0.629532 0.982470
vt 0.985533 0.910044
vt 0.982805 0.889239
vt 0.993313 0.871040
vt 0.375987 0.994789
vt 0.368529 0.982853
vt 0.401289 0.994073
vt 0.867579 0.584740
vt 0.861920 0.563316
vt 0.982908 0.851595
vt 0.514691 0.229608
vt 0.484373 0.244644
vt 0.484159 0.234991
vt 0.507008 0.237609
vt 0.017673 0.212328
vt 0.014389 0.200074
vt 0.018639 0.187570
vt 0.464003 0.019417
vt 0.130023 0.322868
vt 0.139625 0.319485
vt 0.137981 0.328886
vt 0.134259 0.318384
vt 0.981085 0.022117
vt 0.721357 0.010346
vt 0.727570 0.014278
vt 0.722006 0.015631
vt 0.969599 0.726580
vt 0.055342 0.096779
vt 0.057331 0.101034
vt 0.053262 0.101751
vt 0.880420 0.891420
vt 0.914916 0.894438
vt 0.853946 0.902788
vt 0.817230 0.754083
vt 0.836827 0.742724
vt 0.826546 0.754289
vt 0.441328 0.249691
vt 0.830258 0.736544
vt 0.991515 0.846562
vt 0.811725 0.767538
vt 0.544659 0.235000
vt 0.007593 0.372381
vt 0.002062 0.370899
vt 0.006996 0.352213
vt 0.958378 0.073479
vt 0.950132 0.085255
vt 0.949438 0.049798
vt 0.008066 0.379849
vt 0.004453 0.392100
vt 0.003631 0.386183
vt 0.131782 0.760255
vt 0.145290 0.776811
vt 0.152280 0.798324
vt 0.436116 0.241146
vt 0.704848 0.009775
vt 0.814661 0.739504
vt 0.003256 0.157961
vt 0.006398 0.153474
vt 0.006028 0.164107
vt 0.809343 0.756276
vt 0.958590 0.131096
vt 0.003113 0.372128
vt 0.077503 0.218363
vt 0.144215 0.953173
vt 0.126703 0.948481
vt 0.162555 0.950827
vt 0.161865 0.793754
vt 0.187835 0.074036
vt 0.190862 0.817913
vt 0.182989 0.824079
vt 0.955480 0.495023
vt 0.960149 0.488419
vt 0.964754 0.495896
vt 0.062977 0.726093
vt 0.056818 0.761017
vt 0.055926 0.713576
vt 0.846048 0.482300
vt 0.988306 0.972291
vt 0.982225 0.929022
vt 0.998466 0.975450
vt 0.011105 0.073015
vt 0.008116 0.074957
vt 0.010001 0.070877
vt 0.892685 0.901429
vt 0.003982 0.529801
vt 0.000087 0.517637
vt 0.005495 0.524157
vt 0.003118 0.519519
vt 0.799315 0.779633
vt 0.484753 0.938941
vt 0.480512 0.935383
vt 0.504494 0.925896
vt 0.016542 0.919943
vt 0.016542 0.947435
vt 0.012929 0.933972
vt 0.005297 0.751015
vt 0.005297 0.736281
vt 0.008931 0.750768
vt 0.132431 0.735422
vt 0.336438 0.222130
vt 0.369626 0.242264
vt 0.339735 0.229799
vt 0.066056 0.138401
vt 0.064184 0.152766
vt 0.061992 0.139490
vt 0.005503 0.510850
vt 0.068654 0.376365
vt 0.073117 0.382289
vt 0.069316 0.403849
vt 0.646571 0.015696
vt 0.650998 0.012954
vt 0.656511 0.015294
vt 0.016162 0.823223
vt 0.014491 0.842327
vt 0.013309 0.813669
vt 0.007387 0.392462
vt 0.007387 0.412416
vt 0.002775 0.393346
vt 0.078704 0.352246
vt 0.082045 0.543868
vt 0.091882 0.586064
vt 0.085428 0.582538
vt 0.183765 0.947741
vt 0.851743 0.608655
vt 0.386928 0.251447
vt 0.000075 0.233823
vt 0.000942 0.243733
vt 0.000385 0.247885
vt 0.007187 0.071580
vt 0.198886 0.078030
vt 0.007637 0.302024
vt 0.011164 0.294459
vt 0.011019 0.314789
vt 0.824227 0.733231
vt 0.820607 0.977227
vt 0.806960 0.979121
vt 0.808458 0.976164
vt 0.796790 0.790443
vt 0.011944 0.098563
vt 0.009397 0.098563
vt 0.010677 0.093511
vt 0.593684 0.337629
vt 0.594958 0.335551
vt 0.616949 0.343366
vt 0.127228 0.714011
vt 0.474259 0.057976
vt 0.456169 0.066516
vt 0.426930 0.061361
vt 0.085547 0.531135
vt 0.002208 0.191987
vt 0.003830 0.187532
vt 0.005414 0.195262
vt 0.000668 0.681301
vt 0.000668 0.665244
vt 0.002889 0.680371
vt 0.994959 0.096334
vt 0.994482 0.047150
vt 0.999923 0.077810
vt 0.659985 0.013244
vt 0.543234 0.958946
vt 0.531296 0.949619
vt 0.562768 0.960786
vt 0.078711 0.996882
vt 0.075280 0.994480
vt 0.096976 0.994520
vt 0.002245 0.200172
vt 0.514373 0.019213
vt 0.534169 0.015315
vt 0.529107 0.019213
vt 0.122535 0.994366
vt 0.121268 0.997215
vt 0.113398 0.993545
vt 0.965760 0.525875
vt 0.065229 0.054555
vt 0.065974 0.087941
vt 0.062074 0.056376
vt 0.012037 0.168770
vt 0.008796 0.172011
vt 0.011270 0.162846
vt 0.119401 0.277293
vt 0.039032 0.415978
vt 0.034139 0.398373
vt 0.038676 0.372640
vt 0.842946 0.738838
vt 0.752253 0.974038
vt 0.764414 0.973125
vt 0.771517 0.978099
vt 0.062576 0.095202
vt 0.081830 0.409789
vt 0.090426 0.413730
vt 0.090426 0.482995
vt 0.448250 0.927539
vt 0.981005 0.905126
vt 0.974428 0.923196
vt 0.979515 0.888214
vt 0.739813 0.103506
vt 0.761666 0.116692
vt 0.712194 0.094214
vt 0.655630 0.122942
vt 0.681293 0.117228
vt 0.672632 0.121952
vt 0.757393 0.017035
vt 0.739278 0.018620
vt 0.726855 0.015933
vt 0.982119 0.860848
vt 0.262897 0.922818
vt 0.238780 0.907755
vt 0.276295 0.914248
vt 0.006125 0.902635
vt 0.009627 0.902635
vt 0.009530 0.908849
vt 0.636597 0.357591
vt 0.076642 0.410966
vt 0.931671 0.054171
vt 0.910292 0.073822
vt 0.897538 0.080634
vt 0.011944 0.694337
vt 0.011944 0.709626
vt 0.008382 0.694478
vt 0.758759 0.978602
vt 0.005355 0.481686
vt 0.000743 0.488273
vt 0.000747 0.469044
vt 0.595389 0.990853
vt 0.603124 0.991306
vt 0.612707 0.996401
vt 0.112251 0.276059
vt 0.930049 0.051389
vt 0.822889 0.894591
vt 0.365465 0.247631
vt 0.793958 0.484057
vt 0.812561 0.447344
vt 0.817502 0.453922
vt 0.513110 0.066096
vt 0.978578 0.767199
vt 0.978944 0.724731
vt 0.982170 0.746823
vt 0.447322 0.992498
vt 0.480524 0.992498
vt 0.459192 0.994799
vt 0.386216 0.245263
vt 0.055152 0.115810
vt 0.031971 0.704247
vt 0.019350 0.696961
vt 0.030132 0.663131
vt 0.900737 0.074472
vt 0.582924 0.983274
vt 0.034375 0.412960
vt 0.770061 0.930735
vt 0.788832 0.922923
vt 0.820137 0.922923
vt 0.710037 0.101425
vt 0.008920 0.163828
vt 0.140510 0.681597
vt 0.467485 0.964449
vt 0.477631 0.965737
vt 0.489488 0.980011
vt 0.507185 0.057404
vt 0.440231 0.057404
vt 0.526233 0.052860
vt 0.432572 0.980230
vt 0.469867 0.980230
vt 0.444566 0.983693
vt 0.718607 0.081987
vt 0.698130 0.093626
vt 0.096196 0.892393
vt 0.104602 0.901846
vt 0.091983 0.898672
vt 0.002051 0.235962
vt 0.007475 0.228215
vt 0.007604 0.242313
vt 0.172858 0.766259
vt 0.175022 0.758405
vt 0.246089 0.746918
vt 0.007585 0.493079
vt 0.009931 0.498108
vt 0.007346 0.511495
vt 0.105294 0.260702
vt 0.128913 0.461900
vt 0.121564 0.423841
vt 0.134533 0.453874
vt 0.311602 0.023142
vt 0.321494 0.019541
vt 0.346935 0.022014
vt 0.186976 0.745932
vt 0.081898 0.604028
vt 0.833292 0.729863
vt 0.923704 0.013494
vt 0.902007 0.013494
vt 0.915416 0.010388
vt 0.012825 0.505977
vt 0.013825 0.493306
vt 0.016427 0.491484
vt 0.647757 0.013572
vt 0.640981 0.015644
vt 0.636395 0.011795
vt 0.024849 0.182048
vt 0.027860 0.191972
vt 0.025234 0.197604
vt 0.819178 0.721365
vt 0.816366 0.693115
vt 0.964151 0.925279
vt 0.969305 0.868571
vt 0.971727 0.897007
vt 0.136094 0.992942
vt 0.130006 0.997404
vt 0.972840 0.929702
vt 0.527313 0.763847
vt 0.468395 0.777604
vt 0.442691 0.779853
vt 0.667116 0.018298
vt 0.981663 0.720755
vt 0.986504 0.179248
vt 0.986504 0.110894
vt 0.998252 0.176918
vt 0.910218 0.127632
vt 0.016647 0.510660
vt 0.995688 0.026633
vt 0.000171 0.762260
vt 0.011008 0.767361
vt 0.000286 0.776358
vt 0.055643 0.759652
vt 0.051572 0.729744
vt 0.055014 0.722363
vt 0.604010 0.988708
vt 0.199456 0.013287
vt 0.187259 0.019097
vt 0.187231 0.002623
vt 0.873737 0.327178
vt 0.871984 0.300385
vt 0.877910 0.319949
vt 0.055736 0.022424
vt 0.055736 0.069039
vt 0.049955 0.060601
vt 0.825301 0.928315
vt 0.064923 0.112112
vt 0.010465 0.240681
vt 0.008844 0.236226
vt 0.010104 0.227307
vt 0.973547 0.913067
vt 0.974566 0.893917
vt 0.511419 0.945210
vt 0.016215 0.481157
vt 0.012748 0.476206
vt 0.015345 0.452278
vt 0.668470 0.022107
vt 0.204626 0.036788
vt 0.186136 0.036903
vt 0.170428 0.031186
vt 0.164785 0.760828
vt 0.512859 0.058929
vt 0.908602 0.852234
vt 0.936419 0.868294
vt 0.835430 0.863616
vt 0.569432 0.931607
vt 0.513836 0.936471
vt 0.512377 0.930399
vt 0.166113 0.034181
vt 0.544571 0.020254
vt 0.125744 0.562948
vt 0.016535 0.782999
vt 0.013953 0.775906
vt 0.014988 0.752570
vt 0.051409 0.120988
vt 0.975970 0.883383
vt 0.195373 0.000720
vt 0.972657 0.884453
vt 0.461154 0.973648
vt 0.435776 0.976487
vt 0.432413 0.971684
vt 0.104016 0.908098
vt 0.010894 0.772877
vt 0.137598 0.669559
vt 0.082744 0.478137
vt 0.913821 0.097665
vt 0.635298 0.401663
vt 0.642781 0.400125
vt 0.641034 0.414277
vt 0.831565 0.925259
vt 0.770856 0.979095
vt 0.995949 0.977297
vt 0.974949 0.996280
vt 0.971127 0.994964
vt 0.983225 0.993144
vt 0.999910 0.979209
vt 0.960747 0.919044
vt 0.929502 0.920346
vt 0.952911 0.912469
vt 0.999928 0.032164
vt 0.701989 0.110290
vt 0.722920 0.116241
vt 0.689682 0.119352
vt 0.799466 0.856044
vt 0.870122 0.850117
vt 0.873515 0.855341
vt 0.005392 0.914926
vt 0.004033 0.919109
vt 0.002738 0.914225
vt 0.744763 0.122195
vt 0.249112 0.923765
vt 0.460190 0.293084
vt 0.436823 0.282260
vt 0.479009 0.284348
vt 0.894169 0.831862
vt 0.074147 0.086121
vt 0.072195 0.107464
vt 0.068917 0.105639
vt 0.010000 0.087922
vt 0.011996 0.090773
vt 0.009853 0.092972
vt 0.144516 0.660169
vt 0.677404 0.097504
vt 0.979754 0.391234
vt 0.974791 0.371488
vt 0.977286 0.367167
vt 0.529611 0.770969
vt 0.170553 0.733741
vt 0.223043 0.741319
vt 0.658519 0.508116
vt 0.242629 0.906397
vt 0.285954 0.914006
vt 0.056890 0.142550
vt 0.672953 0.022833
vt 0.671337 0.016801
vt 0.680193 0.022227
vt 0.172844 0.076741
vt 0.445921 0.169368
vt 0.447858 0.180349
vt 0.375048 0.167271
vt 0.053909 0.365948
vt 0.058040 0.342520
vt 0.058896 0.389696
vt 0.636298 0.349333
vt 0.626661 0.015093
vt 0.013085 0.481718
vt 0.848308 0.051923
vt 0.792868 0.476889
vt 0.821392 0.417023
vt 0.125178 0.902949
vt 0.104454 0.472313
vt 0.098159 0.464029
vt 0.101554 0.425219
vt 0.626125 0.012465
vt 0.795590 0.120612
vt 0.784264 0.014616
vt 0.800143 0.011816
vt 0.807708 0.015623
vt 0.437432 0.279543
vt 0.472754 0.277950
vt 0.956697 0.903345
vt 0.940742 0.879681
vt 0.938488 0.815151
vt 0.016154 0.481833
vt 0.835308 0.019902
vt 0.820051 0.022633
vt 0.808514 0.019542
vt 0.513830 0.174393
vt 0.907382 0.371770
vt 0.897075 0.364343
vt 0.897392 0.335157
vt 0.386438 0.284573
vt 0.647710 0.405520
vt 0.648260 0.424350
vt 0.873733 0.250128
vt 0.242812 0.901947
vt 0.030293 0.177849
vt 0.508846 0.017751
vt 0.518258 0.010397
vt 0.529772 0.010197
vt 0.639798 0.385133
vt 0.644355 0.379420
vt 0.899721 0.818245
vt 0.289427 0.929175
vt 0.228866 0.929175
vt 0.240005 0.924484
vt 0.196379 0.028756
vt 0.241432 0.023232
vt 0.248369 0.028090
vt 0.496125 0.924632
vt 0.494660 0.916324
vt 0.565299 0.921083
vt 0.802912 0.656712
vt 0.912848 0.914927
vt 0.903758 0.339291
vt 0.025294 0.386689
vt 0.025294 0.426827
vt 0.018405 0.388680
vt 0.032398 0.053125
vt 0.030610 0.032682
vt 0.032185 0.019537
vt 0.529911 0.174252
vt 0.565705 0.163146
vt 0.597960 0.171789
vt 0.024077 0.158595
vt 0.112281 0.948113
vt 0.082016 0.934001
vt 0.141561 0.935766
vt 0.002544 0.588081
vt 0.011077 0.573302
vt 0.010213 0.591333
vt 0.053438 0.712909
vt 0.420841 0.165410
vt 0.531104 0.165997
vt 0.170979 0.072377
vt 0.676126 0.773186
vt 0.041856 0.020460
vt 0.051132 0.020460
vt 0.048907 0.063381
vt 0.835744 0.900295
vt 0.835273 0.911450
vt 0.801431 0.905483
vt 0.478779 0.958659
vt 0.490330 0.953780
vt 0.096238 0.451406
vt 0.676211 0.767989
vt 0.409781 0.972770
vt 0.910735 0.147290
vt 0.424362 0.188259
vt 0.373890 0.179313
vt 0.702488 0.016858
vt 0.409402 0.752915
vt 0.409360 0.757010
vt 0.533888 0.832756
vt 0.463071 0.836286
vt 0.468318 0.826979
vt 0.938076 0.867580
vt 0.372133 0.188420
vt 0.015168 0.680360
vt 0.013287 0.673343
vt 0.014842 0.650432
vt 0.238099 0.022233
vt 0.204991 0.022233
vt 0.234823 0.019942
vt 0.768833 0.693006
vt 0.762286 0.640710
vt 0.768833 0.653431
vt 0.075032 0.137259
vt 0.161170 0.828662
vt 0.250278 0.815647
vt 0.271305 0.823300
vt 0.909665 0.902853
vt 0.252167 0.744552
vt 0.988803 0.392813
vt 0.991309 0.421458
vt 0.986333 0.459829
vt 0.729761 0.015062
vt 0.739055 0.012723
vt 0.756012 0.015712
vt 0.505169 0.181872
vt 0.976237 0.521720
vt 0.981080 0.503644
vt 0.980637 0.569527
vt 0.273262 0.877476
vt 0.271565 0.872689
vt 0.289343 0.877850
vt 0.284627 0.887981
vt 0.006455 0.822723
vt 0.010682 0.825747
vt 0.006516 0.834289
vt 0.019972 0.741997
vt 0.030841 0.771858
vt 0.020255 0.783409
vt 0.977179 0.704346
vt 0.495694 0.282279
vt 0.802904 0.021694
vt 0.466426 0.186920
vt 0.000102 0.573797
vt 0.238369 0.742174
vt 0.460004 0.012354
vt 0.482069 0.012354
vt 0.480019 0.016609
vt 0.510396 0.601854
vt 0.513806 0.603331
vt 0.507640 0.638301
vt 0.831370 0.685424
vt 0.815273 0.680933
vt 0.772527 0.631460
vt 0.770433 0.611323
vt 0.664201 0.521155
vt 0.870978 0.990072
vt 0.877080 0.995192
vt 0.847163 0.994730
vt 0.513842 0.622984
vt 0.081607 0.019186
vt 0.051523 0.019186
vt 0.078907 0.014859
vt 0.364460 0.858734
vt 0.321888 0.852839
vt 0.360165 0.853616
vt 0.261741 0.289881
vt 0.261433 0.281149
vt 0.958740 0.564934
vt 0.067835 0.204706
vt 0.068946 0.166030
vt 0.073331 0.204226
vt 0.169314 0.023074
vt 0.667883 0.299262
vt 0.802117 0.974107
vt 0.484860 0.013376
vt 0.507518 0.013376
vt 0.506607 0.017112
vt 0.122610 0.032979
vt 0.555205 0.176166
vt 0.415755 0.241799
vt 0.465142 0.224802
vt 0.467596 0.233962
vt 0.703155 0.022074
vt 0.375840 0.275513
vt 0.380677 0.101696
vt 0.338477 0.105233
vt 0.243585 0.101300
vt 0.915285 0.924102
vt 0.772377 0.910937
vt 0.073933 0.141330
vt 0.519592 0.601459
vt 0.968104 0.513954
vt 0.973461 0.520339
vt 0.971918 0.578526
vt 0.748667 0.992348
vt 0.721213 0.996206
vt 0.751856 0.986517
vt 0.221144 0.884440
vt 0.233575 0.874868
vt 0.259023 0.874868
vt 0.912360 0.459769
vt 0.915978 0.461514
vt 0.913697 0.473675
vt 0.907809 0.474032
vt 0.961008 0.388258
vt 0.956911 0.386365
vt 0.956911 0.343152
vt 0.305984 0.824937
vt 0.007055 0.349739
vt 0.001583 0.359216
vt 0.001920 0.338955
vt 0.657347 0.100739
vt 0.007355 0.714260
vt 0.004259 0.702706
vt 0.007428 0.698849
vt 0.521563 0.539878
vt 0.522729 0.555858
vt 0.595715 0.866919
vt 0.654381 0.877264
vt 0.556493 0.879016
vt 0.632669 0.016975
vt 0.664079 0.021357
vt 0.636994 0.022129
vt 0.011159 0.829990
vt 0.599771 0.840786
vt 0.623713 0.838171
vt 0.619314 0.846022
vt 0.653045 0.016489
vt 0.510469 0.667265
vt 0.539863 0.065863
vt 0.590011 0.060664
vt 0.609036 0.067447
vt 0.330021 0.027158
vt 0.334885 0.032022
vt 0.318794 0.031091
vt 0.582964 0.074268
vt 0.647560 0.077653
vt 0.623096 0.085022
vt 0.170784 0.884623
vt 0.344912 0.031128
vt 0.780031 0.856313
vt 0.786626 0.861847
vt 0.750245 0.864381
vt 0.003020 0.160700
vt 0.006368 0.171006
vt 0.002270 0.171617
vt 0.095876 0.204162
vt 0.091116 0.172378
vt 0.095775 0.145955
vt 0.879541 0.221094
vt 0.330192 0.819819
vt 0.515198 0.527036
vt 0.834165 0.409267
vt 0.028198 0.095386
vt 0.031374 0.059083
vt 0.031761 0.097421
vt 0.067752 0.149144
vt 0.021281 0.028869
vt 0.013044 0.043135
vt 0.023764 0.014283
vt 0.131625 0.912618
vt 0.008108 0.664529
vt 0.002730 0.662782
vt 0.012006 0.647971
vt 0.776371 0.699199
vt 0.224070 0.917361
vt 0.505947 0.214502
vt 0.531368 0.215698
vt 0.896977 0.911772
vt 0.513777 0.883838
vt 0.483364 0.886499
vt 0.526936 0.873156
vt 0.312100 0.884232
vt 0.155490 0.074686
vt 0.930803 0.105922
vt 0.933716 0.122442
vt 0.919953 0.093047
vt 0.969561 0.661144
vt 0.974037 0.609984
vt 0.973720 0.674061
vt 0.770428 0.542178
vt 0.761309 0.897493
vt 0.972227 0.323705
vt 0.980517 0.336183
vt 0.000528 0.831695
vt 0.916130 0.416727
vt 0.384097 0.857344
vt 0.084449 0.840733
vt 0.081870 0.818183
vt 0.084449 0.820352
vt 0.040838 0.916070
vt 0.056697 0.903456
vt 0.056761 0.909636
vt 0.524544 0.973372
vt 0.012166 0.363049
vt 0.012166 0.382886
vt 0.009175 0.365239
vt 0.648827 0.838215
vt 0.579644 0.885347
vt 0.062433 0.304505
vt 0.062433 0.358605
vt 0.060026 0.332055
vt 0.317082 0.028430
vt 0.899420 0.482956
vt 0.897087 0.531444
vt 0.568389 0.967066
vt 0.592751 0.969197
vt 0.541395 0.969418
vt 0.935918 0.116735
vt 0.014828 0.390166
vt 0.014828 0.365931
vt 0.020233 0.384181
vt 0.779381 0.580735
vt 0.008649 0.364086
vt 0.008649 0.344248
vt 0.011676 0.361256
vt 0.009944 0.734521
vt 0.006316 0.732426
vt 0.009050 0.719748
vt 0.162216 0.874524
vt 0.101878 0.916561
vt 0.391671 0.104542
vt 0.366075 0.110082
vt 0.646353 0.941933
vt 0.647839 0.939700
vt 0.677585 0.946567
vt 0.999052 0.121360
vt 0.996539 0.100383
vt 0.999786 0.097136
vt 0.523104 0.230078
vt 0.546910 0.223334
vt 0.620830 0.235961
vt 0.961307 0.404437
vt 0.956376 0.419552
vt 0.007933 0.841735
vt 0.007200 0.835771
vt 0.011600 0.831538
vt 0.235444 0.923281
vt 0.744066 0.035309
vt 0.723353 0.039862
vt 0.719988 0.035851
vt 0.515352 0.674147
vt 0.053789 0.887906
vt 0.050105 0.887488
vt 0.056692 0.874581
vt 0.514990 0.285062
vt 0.813703 0.864724
vt 0.006946 0.150217
vt 0.003217 0.143759
vt 0.006942 0.140942
vt 0.777730 0.716966
vt 0.768867 0.707493
vt 0.021118 0.278181
vt 0.019024 0.290057
vt 0.020871 0.250593
vt 0.602269 0.223772
vt 0.004608 0.590143
vt 0.007078 0.592216
vt 0.005352 0.608027
vt 0.754708 0.012235
vt 0.660941 0.097470
vt 0.705622 0.980142
vt 0.705522 0.973618
vt 0.737010 0.973618
vt 0.595754 0.058061
vt 0.758079 0.044975
vt 0.532800 0.060171
vt 0.095553 0.387951
vt 0.449156 0.826824
vt 0.023348 0.279535
vt 0.023348 0.319043
vt 0.019335 0.292881
vt 0.032382 0.212377
vt 0.031033 0.194240
vt 0.032286 0.179921
vt 0.060280 0.902427
vt 0.962741 0.795149
vt 0.956385 0.812613
vt 0.965871 0.752049
vt 0.993179 0.014344
vt 0.989259 0.022750
vt 0.965662 0.016329
vt 0.699632 0.921625
vt 0.679275 0.916170
vt 0.723329 0.912217
vt 0.089108 0.794298
vt 0.000823 0.825035
vt 0.031366 0.053257
vt 0.028394 0.053781
vt 0.029528 0.035163
vt 0.894997 0.948214
vt 0.954597 0.948214
vt 0.916870 0.951176
vt 0.441148 0.925435
vt 0.502450 0.925435
vt 0.479060 0.930764
vt 0.915377 0.275037
vt 0.928626 0.259194
vt 0.919704 0.287708
vt 0.928999 0.285952
vt 0.985788 0.077087
vt 0.989445 0.097824
vt 0.982838 0.077033
vt 0.009176 0.114026
vt 0.011167 0.120239
vt 0.005222 0.122763
vt 0.002409 0.878862
vt 0.000320 0.884600
vt 0.000132 0.876579
vt 0.508322 0.393618
vt 0.243492 0.108615
vt 0.012822 0.015353
vt 0.013257 0.976764
vt 0.014468 0.972245
vt 0.014690 0.995743
vt 0.925068 0.510630
vt 0.825710 0.858594
vt 0.813637 0.863626
vt 0.007976 0.908702
vt 0.007976 0.913960
vt 0.002694 0.913330
vt 0.547051 0.027911
vt 0.505191 0.024249
vt 0.565947 0.022394
vt 0.003782 0.106153
vt 0.003782 0.099131
vt 0.008921 0.100750
vt 0.995640 0.097732
vt 0.804411 0.413569
vt 0.807348 0.388462
vt 0.809232 0.408748
vt 0.326808 0.063192
vt 0.328541 0.055247
vt 0.349258 0.070395
vt 0.698159 0.958674
vt 0.776771 0.733737
vt 0.940577 0.263639
vt 0.944885 0.201449
vt 0.951191 0.203444
vt 0.501675 0.394121
vt 0.085615 0.784362
vt 0.089872 0.779337
vt 0.026561 0.202639
vt 0.030352 0.218962
vt 0.384083 0.851772
vt 0.426080 0.859102
vt 0.695918 0.921614
vt 0.334194 0.035850
vt 0.317694 0.032923
vt 0.755860 0.977983
vt 0.446573 0.984920
vt 0.452146 0.988137
vt 0.428093 0.982391
vt 0.880480 0.990744
vt 0.804040 0.874924
vt 0.830840 0.875680
vt 0.835366 0.885067
vt 0.746433 0.969432
vt 0.696148 0.969432
vt 0.746007 0.962987
vt 0.965374 0.828236
vt 0.514440 0.063017
vt 0.420651 0.072039
vt 0.677658 0.277118
vt 0.003029 0.115437
vt 0.002553 0.120117
vt 0.868604 0.597783
vt 0.869223 0.721323
vt 0.859435 0.602665
vt 0.353082 0.047880
vt 0.803992 0.378299
vt 0.931823 0.335781
vt 0.934724 0.290038
vt 0.260280 0.462792
vt 0.256415 0.506972
vt 0.254083 0.419244
vt 0.984698 0.720941
vt 0.981778 0.682241
vt 0.990275 0.705620
vt 0.270081 0.339640
vt 0.918817 0.429860
vt 0.352254 0.875354
vt 0.524302 0.538110
vt 0.091950 0.128155
vt 0.407677 0.833871
vt 0.934098 0.142018
vt 0.011640 0.473622
vt 0.011640 0.479011
vt 0.007161 0.474944
vt 0.777768 0.562899
vt 0.343002 0.890737
vt 0.384652 0.876031
vt 0.383307 0.889064
vt 0.215062 0.911559
vt 0.028085 0.072560
vt 0.900736 0.872047
vt 0.900321 0.882372
vt 0.826460 0.398475
vt 0.999407 0.131545
vt 0.996663 0.162913
vt 0.993987 0.094201
vt 0.064983 0.787262
vt 0.053439 0.797657
vt 0.063389 0.763817
vt 0.093065 0.360114
vt 0.094281 0.346220
vt 0.097385 0.372377
vt 0.723908 0.847404
vt 0.698008 0.839535
vt 0.700183 0.834042
vt 0.859435 0.656824
vt 0.062925 0.086322
vt 0.050058 0.078200
vt 0.049279 0.069300
vt 0.526780 0.521495
vt 0.519474 0.392926
vt 0.512957 0.393273
vt 0.439010 0.889790
vt 0.830753 0.356390
vt 0.917735 0.331718
vt 0.060867 0.144839
vt 0.040251 0.184708
vt 0.055268 0.144052
vt 0.984988 0.812260
vt 0.993163 0.781753
vt 0.990801 0.845788
vt 0.830518 0.821037
vt 0.840371 0.778684
vt 0.843114 0.799221
vt 0.036277 0.997436
vt 0.033640 0.994293
vt 0.036482 0.971568
vt 0.926340 0.368855
vt 0.922335 0.362785
vt 0.929903 0.350227
vt 0.001057 0.719899
vt 0.001612 0.706925
vt 0.006056 0.718079
vt 0.936247 0.143073
vt 0.811854 0.381296
vt 0.950141 0.180817
vt 0.079844 0.768006
vt 0.083129 0.768239
vt 0.161574 0.917567
vt 0.901218 0.298347
vt 0.568574 0.915665
vt 0.602913 0.916622
vt 0.583487 0.919661
vt 0.250827 0.290275
vt 0.949797 0.864120
vt 0.949797 0.809960
vt 0.957594 0.898373
vt 0.102352 0.415726
vt 0.989299 0.655583
vt 0.922085 0.348704
vt 0.248718 0.482821
vt 0.669196 0.829933
vt 0.290935 0.028701
vt 0.207382 0.903182
vt 0.167756 0.884704
vt 0.223013 0.899744
vt 0.849041 0.767152
vt 0.052395 0.809862
vt 0.238634 0.903405
vt 0.249826 0.594887
vt 0.245162 0.594385
vt 0.081183 0.774398
vt 0.081183 0.846029
vt 0.073797 0.824594
vt 0.465200 0.982515
vt 0.839061 0.862107
vt 0.852905 0.856349
vt 0.986266 0.054189
vt 0.408191 0.049994
vt 0.418781 0.048437
vt 0.444098 0.055221
vt 0.984643 0.659771
vt 0.103236 0.412305
vt 0.553807 0.975483
vt 0.519454 0.975483
vt 0.571502 0.973176
vt 0.162150 0.229358
vt 0.168643 0.155138
vt 0.167404 0.330635
vt 0.673832 0.038334
vt 0.245904 0.498349
vt 0.092186 0.333980
vt 0.327689 0.964201
vt 0.303908 0.962120
vt 0.353104 0.962547
vt 0.549086 0.970147
vt 0.052211 0.172019
vt 0.987670 0.355357
vt 0.987670 0.405403
vt 0.981334 0.337991
vt 0.008118 0.492261
vt 0.896988 0.294593
vt 0.119203 0.961349
vt 0.066686 0.961349
vt 0.125895 0.955725
vt 0.968645 0.130260
vt 0.974952 0.130260
vt 0.970076 0.199008
vt 0.048651 0.080619
vt 0.043052 0.061805
vt 0.491202 0.943770
vt 0.516507 0.949057
vt 0.020641 0.886294
vt 0.023275 0.921565
vt 0.017383 0.924236
vt 0.664633 0.022493
vt 0.664633 0.035434
vt 0.580793 0.024346
vt 0.001711 0.893521
vt 0.004733 0.894152
vt 0.001923 0.900178
vt 0.041242 0.089323
vt 0.653195 0.914320
vt 0.283777 0.033018
vt 0.680150 0.832229
vt 0.237182 0.896868
vt 0.942286 0.170304
vt 0.961280 0.823960
vt 0.010449 0.132927
vt 0.010449 0.139338
vt 0.003533 0.132728
vt 0.534040 0.961969
vt 0.081645 0.052941
vt 0.081645 0.124904
vt 0.077908 0.053342
vt 0.101139 0.944647
vt 0.069576 0.948274
vt 0.003752 0.704898
vt 0.003942 0.140163
vt 0.176950 0.427356
vt 0.225532 0.541807
vt 0.167261 0.431016
vt 0.900048 0.274730
vt 0.981551 0.395258
vt 0.021649 0.936322
vt 0.019324 0.962898
vt 0.017477 0.924805
vt 0.571429 0.842573
vt 0.627373 0.847468
vt 0.506265 0.845646
vt 0.807629 0.373659
vt 0.898465 0.258311
vt 0.614327 0.922606
vt 0.504042 0.428149
vt 0.504042 0.551777
vt 0.498070 0.427585
vt 0.543701 0.924783
vt 0.512903 0.004898
vt 0.514096 0.001083
vt 0.533415 0.001083
vt 0.714042 0.647324
vt 0.722466 0.648657
vt 0.711684 0.770640
vt 0.534353 0.006031
vt 0.004895 0.899481
vt 0.006096 0.131178
vt 0.002564 0.923140
vt 0.002564 0.919847
vt 0.004549 0.920962
vt 0.075900 0.124236
vt 0.075900 0.052577
vt 0.080604 0.124253
vt 0.456917 0.048844
vt 0.690798 0.041800
vt 0.010393 0.492333
vt 0.999917 0.538143
vt 0.995510 0.550253
vt 0.996999 0.513460
vt 0.187095 0.794756
vt 0.361178 0.794756
vt 0.187769 0.801280
vt 0.093858 0.068104
vt 0.105500 0.123635
vt 0.093687 0.131907
vt 0.489276 0.941976
vt 0.434505 0.941976
vt 0.437036 0.936581
vt 0.865093 0.452721
vt 0.862940 0.335838
vt 0.875372 0.436794
vt 0.875200 0.327767
vt 0.510436 0.541031
vt 0.078952 0.489615
vt 0.067676 0.485982
vt 0.071855 0.477020
vt 0.039477 0.331662
vt 0.033694 0.337445
vt 0.036669 0.318843
vt 0.493740 0.048593
vt 0.476857 0.054375
vt 0.038980 0.361543
vt 0.363021 0.992118
vt 0.366232 0.996704
vt 0.344133 0.996173
vt 0.096492 0.052544
vt 0.873090 0.581601
vt 0.865943 0.461082
vt 0.879992 0.487443
vt 0.566193 0.896216
vt 0.543977 0.897923
vt 0.530064 0.892859
vt 0.222548 0.285266
vt 0.220164 0.369092
vt 0.207029 0.397258
vt 0.835315 0.692175
vt 0.848731 0.731388
vt 0.843652 0.737589
vt 0.008104 0.419474
vt 0.001042 0.419474
vt 0.002623 0.399632
vt 0.009297 0.425578
vt 0.009297 0.406739
vt 0.012044 0.419949
vt 0.348148 0.887548
vt 0.338901 0.845987
vt 0.268377 0.841617
vt 0.282353 0.836016
vt 0.031904 0.875621
vt 0.623496 0.109723
vt 0.840254 0.697221
vt 0.123451 0.422318
vt 0.691426 0.077817
vt 0.691159 0.087317
vt 0.002254 0.136800
vt 0.849360 0.744735
vt 0.088979 0.171202
vt 0.085562 0.173595
vt 0.090338 0.136026
vt 0.641744 0.841135
vt 0.736089 0.849390
vt 0.627224 0.851954
vt 0.598776 0.892709
vt 0.621359 0.891433
vt 0.597345 0.896107
vt 0.084012 0.127970
vt 0.086008 0.116957
vt 0.084792 0.148069
vt 0.800443 0.296045
vt 0.806722 0.241411
vt 0.803893 0.298656
vt 0.992254 0.028192
vt 0.980815 0.051120
vt 0.873316 0.116086
vt 0.873316 0.216231
vt 0.869571 0.116454
vt 0.003255 0.297640
vt 0.003255 0.277055
vt 0.007416 0.297342
vt 0.997995 0.487857
vt 0.262303 0.030631
vt 0.537787 0.000206
vt 0.559266 0.000206
vt 0.557441 0.003351
vt 0.749513 0.865384
vt 0.849572 0.865384
vt 0.749880 0.868356
vt 0.042117 0.044315
vt 0.878771 0.465167
vt 0.725422 0.867733
vt 0.625575 0.867733
vt 0.725543 0.863466
vt 0.041314 0.178178
vt 0.040678 0.159982
vt 0.052818 0.135847
vt 0.627939 0.948780
vt 0.627471 0.957715
vt 0.577346 0.940660
vt 0.090697 0.100287
vt 0.091293 0.122698
vt 0.429154 0.078166
vt 0.326436 0.078166
vt 0.428885 0.072241
vt 0.932002 0.171905
vt 0.207963 0.525326
vt 0.801457 0.320489
vt 0.575045 0.898710
vt 0.427664 0.810491
vt 0.355627 0.820607
vt 0.257804 0.813665
vt 0.072584 0.453619
vt 0.810864 0.363809
vt 0.339385 0.748136
vt 0.257696 0.726247
vt 0.398923 0.750980
vt 0.207976 0.433630
vt 0.258057 0.886267
vt 0.044312 0.329864
vt 0.047130 0.323821
vt 0.049264 0.331062
vt 0.803839 0.342813
vt 0.132864 0.407909
vt 0.141235 0.312236
vt 0.137300 0.479431
vt 0.213236 0.428295
vt 0.247258 0.992371
vt 0.215531 0.990708
vt 0.215140 0.980698
vt 0.865807 0.022155
vt 0.835921 0.022155
vt 0.860940 0.015446
vt 0.510904 0.577411
vt 0.218518 0.848435
vt 0.017867 0.534380
vt 0.025832 0.524888
vt 0.022059 0.538420
vt 0.368170 0.879549
vt 0.052739 0.900542
vt 0.045894 0.910171
vt 0.821011 0.939706
vt 0.808405 0.944518
vt 0.785165 0.936059
vt 0.716970 0.563710
vt 0.095317 0.317095
vt 0.244337 0.839024
vt 0.024799 0.511156
vt 0.707412 0.570759
vt 0.806251 0.336718
vt 0.059696 0.396113
vt 0.059696 0.343216
vt 0.061747 0.362258
vt 0.067627 0.449952
vt 0.091639 0.305289
vt 0.407010 0.819283
vt 0.044184 0.874545
vt 0.145083 0.411898
vt 0.945706 0.976142
vt 0.978128 0.978978
vt 0.931933 0.979651
vt 0.655329 0.095481
vt 0.552708 0.095481
vt 0.516928 0.088971
vt 0.395391 0.741652
vt 0.927724 0.173934
vt 0.498864 0.611459
vt 0.878507 0.576314
vt 0.878507 0.696552
vt 0.870477 0.587318
vt 0.072476 0.980123
vt 0.094411 0.980624
vt 0.074567 0.985960
vt 0.018029 0.498165
vt 0.053681 0.968563
vt 0.059075 0.980606
vt 0.031470 0.334019
vt 0.026700 0.337359
vt 0.023917 0.308781
vt 0.999847 0.379507
vt 0.997500 0.333367
vt 0.999959 0.326611
vt 0.743122 0.019955
vt 0.756887 0.019563
vt 0.758552 0.024136
vt 0.031256 0.297804
vt 0.462074 0.013951
vt 0.477515 0.018088
vt 0.448806 0.018570
vt 0.280309 0.071936
vt 0.211666 0.062118
vt 0.293094 0.048335
vt 0.199284 0.072937
vt 0.367633 0.872988
vt 0.783857 0.942053
vt 0.921780 0.487124
vt 0.929372 0.447160
vt 0.954236 0.518246
vt 0.318093 0.930319
vt 0.341868 0.934153
vt 0.322485 0.937347
vt 0.234741 0.599372
vt 0.339139 0.925814
vt 0.955369 0.466783
vt 0.775679 0.020003
vt 0.956777 0.541661
vt 0.000188 0.271789
vt 0.000188 0.258399
vt 0.009184 0.276198
vt 0.930606 0.192142
vt 0.047305 0.291510
vt 0.430094 0.012448
vt 0.452528 0.012448
vt 0.448190 0.017531
vt 0.113554 0.011827
vt 0.128194 0.011316
vt 0.134922 0.018663
vt 0.073149 0.435928
vt 0.368899 0.947206
vt 0.363554 0.951218
vt 0.045325 0.995360
vt 0.764355 0.944414
vt 0.770102 0.935564
vt 0.073871 0.994779
vt 0.016072 0.270489
vt 0.493244 0.609065
vt 0.229405 0.596413
vt 0.834131 0.985571
vt 0.806565 0.984276
vt 0.814774 0.980384
vt 0.078071 0.430100
vt 0.080747 0.433704
vt 0.181700 0.020358
vt 0.204173 0.022325
vt 0.168795 0.022258
vt 0.658305 0.979651
vt 0.641188 0.975477
vt 0.647488 0.972077
vt 0.843333 0.980406
vt 0.230789 0.047490
vt 0.227948 0.922344
vt 0.198528 0.928714
vt 0.197410 0.918847
vt 0.072663 0.975376
vt 0.091494 0.971886
vt 0.094264 0.975843
vt 0.930379 0.978747
vt 0.928135 0.982635
vt 0.893808 0.981152
vt 0.000191 0.603489
vt 0.000191 0.585535
vt 0.003366 0.594047
vt 0.001240 0.610407
vt 0.003841 0.595653
vt 0.003648 0.613189
vt 0.006343 0.558855
vt 0.000219 0.550108
vt 0.006387 0.540230
vt 0.722507 0.984180
vt 0.705436 0.981170
vt 0.742734 0.979742
vt 0.770463 0.979847
vt 0.807789 0.979847
vt 0.805645 0.983568
vt 0.165853 0.927773
vt 0.096227 0.296831
vt 0.027506 0.342498
vt 0.030902 0.367624
vt 0.027025 0.382095
vt 0.091890 0.482946
vt 0.091890 0.557197
vt 0.083923 0.518430
vt 0.606939 0.978240
vt 0.442419 0.990405
vt 0.436285 0.995367
vt 0.414903 0.991597
vt 0.052804 0.207571
vt 0.046664 0.224442
vt 0.052502 0.179013
vt 0.046281 0.183429
vt 0.009549 0.792017
vt 0.008163 0.798539
vt 0.004678 0.785810
vt 0.461708 0.736813
vt 0.929135 0.202176
vt 0.017455 0.441708
vt 0.020603 0.405732
vt 0.022687 0.445894
vt 0.043724 0.296491
vt 0.030004 0.347038
vt 0.407683 0.994591
vt 0.217423 0.492521
vt 0.835364 0.120070
vt 0.808049 0.127389
vt 0.704270 0.125074
vt 0.842793 0.192789
vt 0.842793 0.323979
vt 0.834545 0.210263
vt 0.926004 0.192123
vt 0.108329 0.976546
vt 0.005283 0.255306
vt 0.016022 0.259811
vt 0.998104 0.315106
vt 0.326727 0.911670
vt 0.351078 0.925729
vt 0.288658 0.922490
vt 0.207874 0.473846
vt 0.301235 0.688849
vt 0.244866 0.627759
vt 0.251446 0.628572
vt 0.046464 0.285808
vt 0.512059 0.718248
vt 0.456678 0.729374
vt 0.103077 0.970609
vt 0.121951 0.974768
vt 0.184922 0.019659
vt 0.164316 0.019659
vt 0.185787 0.015402
vt 0.881555 0.465378
vt 0.876067 0.461535
vt 0.879686 0.357793
vt 0.010808 0.392312
vt 0.011931 0.400048
vt 0.009260 0.403232
vt 0.492006 0.642683
vt 0.915900 0.744685
vt 0.924017 0.727278
vt 0.918402 0.765680
vt 0.894693 0.582474
vt 0.894693 0.696489
vt 0.887320 0.601457
vt 0.956646 0.308867
vt 0.945793 0.283505
vt 0.955977 0.225747
vt 0.006076 0.801979
vt 0.005819 0.809363
vt 0.002054 0.797852
vt 0.234406 0.622097
vt 0.157201 0.016645
vt 0.911633 0.649463
vt 0.926273 0.666421
vt 0.208771 0.496231
vt 0.949898 0.215523
vt 0.008600 0.111079
vt 0.005628 0.106834
vt 0.008518 0.103352
vt 0.012082 0.411550
vt 0.997319 0.246197
vt 0.992011 0.185530
vt 0.997306 0.178092
vt 0.717403 0.994065
vt 0.708814 0.995903
vt 0.710127 0.992782
vt 0.101307 0.018068
vt 0.112688 0.013926
vt 0.130400 0.018594
vt 0.580701 0.991733
vt 0.551628 0.990531
vt 0.579153 0.987480
vt 0.815167 0.114272
vt 0.792991 0.093592
vt 0.822613 0.108987
vt 0.225018 0.654133
vt 0.293820 0.836842
vt 0.384089 0.826974
vt 0.321511 0.841725
vt 0.227422 0.528035
vt 0.545783 0.991427
vt 0.570999 0.992379
vt 0.556593 0.995362
vt 0.553920 0.987383
vt 0.781036 0.093642
vt 0.638617 0.093964
vt 0.592367 0.085420
vt 0.601141 0.080324
vt 0.360100 0.840314
vt 0.226144 0.539938
vt 0.685036 0.996219
vt 0.203142 0.683340
vt 0.691810 0.992603
vt 0.492507 0.714975
vt 0.580233 0.992787
vt 0.495741 0.722568
vt 0.544807 0.986926
vt 0.761661 0.076829
vt 0.002430 0.182793
vt 0.002112 0.173673
vt 0.006018 0.172390
vt 0.005854 0.176917
vt 0.005854 0.187920
vt 0.002784 0.185635
vt 0.018216 0.213124
vt 0.016517 0.220612
vt 0.013422 0.219169
vt 0.210945 0.686760
vt 0.000121 0.744933
vt 0.003436 0.746847
vt 0.000897 0.759132
vt 0.009780 0.523372
vt 0.012070 0.519407
vt 0.011367 0.537504
vt 0.510773 0.087981
vt 0.018590 0.238604
vt 0.507548 0.720589
vt 0.010015 0.325435
vt 0.008278 0.329161
vt 0.009539 0.316071
vt 0.008316 0.309050
vt 0.021666 0.639201
vt 0.018890 0.607471
vt 0.023793 0.598604
vt 0.602925 0.014585
vt 0.593743 0.012685
vt 0.591326 0.009805
vt 0.998945 0.246593
vt 0.998945 0.314382
vt 0.985811 0.255826
vt 0.692123 0.075769
vt 0.419595 0.839306
vt 0.002307 0.219617
vt 0.005870 0.225788
vt 0.002260 0.233635
vt 0.999909 0.980856
vt 0.993101 0.993111
vt 0.990693 0.991776
vt 0.579494 0.013764
vt 0.640069 0.939486
vt 0.621790 0.936613
vt 0.632307 0.932973
vt 0.191479 0.718986
vt 0.008513 0.196114
vt 0.006223 0.200080
vt 0.006934 0.187624
vt 0.516233 0.089303
vt 0.492966 0.107652
vt 0.486911 0.106030
vt 0.347542 0.792683
vt 0.322629 0.792990
vt 0.322967 0.789947
vt 0.001689 0.134653
vt 0.001689 0.126017
vt 0.004408 0.126455
vt 0.214171 0.980152
vt 0.242946 0.972084
vt 0.245765 0.976110
vt 0.815016 0.654796
vt 0.824605 0.621517
vt 0.826189 0.630835
vt 0.825550 0.639287
vt 0.001831 0.215361
vt 0.000911 0.225883
vt 0.000201 0.213142
vt 0.299155 0.788777
vt 0.978749 0.996278
vt 0.464527 0.112830
vt 0.008723 0.803313
vt 0.010557 0.792912
vt 0.011094 0.805665
vt 0.000753 0.722695
vt 0.003312 0.720549
vt 0.003069 0.735244
vt 0.263980 0.979361
vt 0.284483 0.784679
vt 0.829452 0.618385
vt 0.999784 0.779975
vt 0.999147 0.792830
vt 0.996150 0.789960
vt 0.997298 0.771872
vt 0.104091 0.583470
vt 0.108616 0.640925
vt 0.100226 0.605390
vt 0.835269 0.581407
vt 0.586049 0.937938
vt 0.998887 0.830262
vt 0.831169 0.575460
vt 0.422275 0.114959
vt 0.103826 0.640973
vt 0.245532 0.782545
vt 0.429537 0.111486
vt 0.153586 0.966949
vt 0.111441 0.963262
vt 0.159900 0.961913
vt 0.220307 0.775041
vt 0.023030 0.583044
vt 0.019981 0.577877
vt 0.019981 0.569653
vt 0.023801 0.563651
vt 0.103447 0.653631
vt 0.014789 0.717929
vt 0.016715 0.707010
vt 0.016490 0.737096
vt 0.107039 0.660376
vt 0.022614 0.598107
vt 0.666471 0.036576
vt 0.674777 0.041371
vt 0.655900 0.039229
vt 0.821927 0.539563
vt 0.814764 0.521525
vt 0.821418 0.530882
vt 0.389961 0.094376
vt 0.404829 0.112234
vt 0.368930 0.086906
vt 0.655564 0.042445
vt 0.003903 0.892545
vt 0.000670 0.892545
vt 0.000861 0.885402
vt 0.649226 0.035068
vt 0.018620 0.184563
vt 0.011694 0.194453
vt 0.011360 0.170892
vt 0.918915 0.380635
vt 0.922140 0.397644
vt 0.917870 0.392582
vt 0.837167 0.564887
vt 0.358999 0.123452
vt 0.347024 0.124092
vt 0.348025 0.118417
vt 0.415606 0.116078
vt 0.018881 0.604032
vt 0.839139 0.480288
vt 0.853443 0.451264
vt 0.845394 0.480288
vt 0.832559 0.562873
vt 0.410025 0.111190
vt 0.504201 0.021605
vt 0.524214 0.019854
vt 0.548136 0.021812
vt 0.836896 0.018280
vt 0.840414 0.012650
vt 0.857717 0.010176
vt 0.101378 0.664497
vt 0.830401 0.552024
vt 0.619791 0.043184
vt 0.833950 0.546953
vt 0.842123 0.520762
vt 0.203320 0.778161
vt 0.193627 0.764109
vt 0.200360 0.768774
vt 0.003671 0.686785
vt 0.007216 0.677043
vt 0.007508 0.693892
vt 0.223478 0.779117
vt 0.205214 0.778285
vt 0.179196 0.796185
vt 0.172784 0.801657
vt 0.200236 0.786676
vt 0.215797 0.773930
vt 0.308614 0.123331
vt 0.625146 0.871008
vt 0.665657 0.868566
vt 0.660927 0.871008
vt 0.408620 0.124984
vt 0.210376 0.759763
vt 0.921225 0.430852
vt 0.405886 0.122966
vt 0.008207 0.688812
vt 0.008207 0.671961
vt 0.010594 0.672040
vt 0.925626 0.456140
vt 0.001102 0.812359
vt 0.001102 0.800446
vt 0.004487 0.808998
vt 0.590975 0.041455
vt 0.211904 0.757794
vt 0.293280 0.118780
vt 0.009953 0.188782
vt 0.007832 0.187793
vt 0.009249 0.179612
vt 0.847177 0.535004
vt 0.007031 0.074396
vt 0.007031 0.077794
vt 0.004750 0.074916
vt 0.004656 0.078043
vt 0.296828 0.123394
vt 0.920808 0.442632
vt 0.690486 0.872796
vt 0.723431 0.868828
vt 0.920048 0.490808
vt 0.851919 0.577700
vt 0.859203 0.979620
vt 0.811021 0.979620
vt 0.831609 0.978205
vt 0.270919 0.121182
vt 0.269438 0.127034
vt 0.963899 0.828821
vt 0.965424 0.861969
vt 0.960479 0.863769
vt 0.851030 0.557162
vt 0.250238 0.126990
vt 0.795857 0.025800
vt 0.797301 0.022473
vt 0.816428 0.024146
vt 0.967355 0.168932
vt 0.965563 0.189411
vt 0.963497 0.152116
vt 0.233578 0.122074
vt 0.756235 0.025272
vt 0.209090 0.128026
vt 0.966351 0.892517
vt 0.960739 0.903394
vt 0.967397 0.138369
vt 0.334293 0.986154
vt 0.319633 0.980818
vt 0.356180 0.981162
vt 0.966853 0.117500
vt 0.110641 0.169618
vt 0.104294 0.205612
vt 0.106974 0.133643
vt 0.946032 0.049841
vt 0.948997 0.081828
vt 0.943280 0.094089
vt 0.901498 0.461065
vt 0.905127 0.466419
vt 0.897337 0.483125
vt 0.008539 0.082787
vt 0.004165 0.082787
vt 0.005717 0.078798
vt 0.104452 0.075893
vt 0.110114 0.112041
vt 0.106296 0.113415
vt 0.896555 0.369683
vt 0.901395 0.369009
vt 0.910028 0.388932
vt 0.908112 0.404399
vt 0.646261 0.982176
vt 0.608778 0.979662
vt 0.632515 0.977173
vt 0.135850 0.054533
vt 0.207825 0.052006
vt 0.182036 0.058574
vt 0.646303 0.977803
vt 0.112169 0.139143
vt 0.909257 0.431554
vt 0.947904 0.100228
vt 0.758789 0.018093
vt 0.758143 0.013861
vt 0.771945 0.013861
vt 0.780475 0.019167
vt 0.914420 0.425732
vt 0.914171 0.401106
vt 0.984376 0.542108
vt 0.982422 0.500419
vt 0.987599 0.505270
vt 0.833509 0.053882
vt 0.856564 0.060059
vt 0.821267 0.059162
vt 0.939652 0.031711
vt 0.932035 0.022494
vt 0.967215 0.038219
vt 0.945852 0.137151
vt 0.138929 0.060219
vt 0.116870 0.047505
vt 0.121904 0.056724
vt 0.968508 0.055032
vt 0.986799 0.476184
vt 0.015946 0.577553
vt 0.014914 0.565762
vt 0.016590 0.548463
vt 0.802227 0.060657
vt 0.019519 0.378154
vt 0.019519 0.346146
vt 0.025704 0.386069
vt 0.407259 0.050724
vt 0.438404 0.075058
vt 0.394423 0.049942
vt 0.382673 0.051366
vt 0.999876 0.023589
vt 0.787308 0.057874
vt 0.780663 0.051469
vt 0.888723 0.014782
vt 0.891049 0.019770
vt 0.865283 0.014787
vt 0.975604 0.081556
vt 0.023682 0.346149
vt 0.865048 0.018943
vt 0.761323 0.052896
vt 0.018754 0.043728
vt 0.018215 0.063113
vt 0.013766 0.046054
vt 0.441435 0.071455
vt 0.795522 0.064384
vt 0.014076 0.722207
vt 0.016594 0.750986
vt 0.012877 0.752387
vt 0.975933 0.092343
vt 0.015193 0.067553
vt 0.768628 0.056640
vt 0.467429 0.072470
vt 0.227671 0.982097
vt 0.245754 0.977252
vt 0.264199 0.980898
vt 0.777407 0.012913
vt 0.756612 0.013180
vt 0.774699 0.009686
vt 0.018727 0.293486
vt 0.013793 0.297626
vt 0.015120 0.273004
vt 0.502052 0.984795
vt 0.538599 0.984795
vt 0.510594 0.992847
vt 0.003984 0.533769
vt 0.003984 0.541944
vt 0.000499 0.523884
vt 0.046006 0.853742
vt 0.041725 0.829460
vt 0.049024 0.853171
vt 0.000081 0.542681
vt 0.018806 0.969284
vt 0.021844 0.957945
vt 0.021465 0.995307
vt 0.013846 0.598102
vt 0.016018 0.618508
vt 0.012946 0.622896
vt 0.755113 0.010340
vt 0.041268 0.873284
vt 0.049179 0.857904
vt 0.003981 0.614065
vt 0.003981 0.631361
vt 0.001100 0.614117
vt 0.957212 0.987090
vt 0.940166 0.980886
vt 0.977517 0.979882
vt 0.010584 0.328869
vt 0.010584 0.348977
vt 0.008217 0.331038
vt 0.000073 0.445758
vt 0.003992 0.451356
vt 0.001248 0.465319
vt 0.031335 0.012489
vt 0.013241 0.012489
vt 0.038081 0.011393
vt 0.018753 0.419190
vt 0.014276 0.402483
vt 0.018572 0.394326
vt 0.014018 0.627508
vt 0.261541 0.077679
vt 0.254016 0.079977
vt 0.258798 0.073761
vt 0.006339 0.093137
vt 0.008388 0.099444
vt 0.004315 0.097470
vt 0.005105 0.891002
vt 0.009631 0.891002
vt 0.007022 0.898632
vt 0.238681 0.080854
vt 0.966407 0.290471
vt 0.960905 0.276885
vt 0.962527 0.270832
vt 0.128497 0.158050
vt 0.119820 0.148554
vt 0.128104 0.136724
vt 0.233688 0.084775
vt 0.010638 0.751163
vt 0.010638 0.765605
vt 0.004606 0.753918
vt 0.537909 0.117417
vt 0.530102 0.115399
vt 0.516975 0.107821
vt 0.558782 0.118195
vt 0.549952 0.112368
vt 0.325154 0.907157
vt 0.318990 0.908287
vt 0.309210 0.903727
vt 0.437011 0.935130
vt 0.431041 0.923412
vt 0.484610 0.940409
vt 0.817573 0.827600
vt 0.771501 0.828409
vt 0.761587 0.822685
vt 0.932370 0.843461
vt 0.934442 0.769436
vt 0.936293 0.828820
vt 0.745108 0.835865
vt 0.804521 0.835947
vt 0.781055 0.839010
vt 0.122481 0.159227
vt 0.930577 0.795604
vt 0.196058 0.084426
vt 0.378154 0.867142
vt 0.386477 0.874126
vt 0.332108 0.865390
vt 0.791637 0.323266
vt 0.787188 0.311034
vt 0.793566 0.287232
vt 0.956865 0.251763
vt 0.018233 0.284307
vt 0.016812 0.268061
vt 0.019265 0.258884
vt 0.782641 0.255788
vt 0.960371 0.246418
vt 0.119409 0.182509
vt 0.331278 0.869029
vt 0.511291 0.857403
vt 0.544502 0.864484
vt 0.515883 0.867251
vt 0.584937 0.112573
vt 0.120282 0.188010
vt 0.596400 0.117195
vt 0.299683 0.906050
vt 0.142473 0.077423
vt 0.222154 0.089794
vt 0.204669 0.094089
vt 0.957848 0.233087
vt 0.725435 0.964490
vt 0.701089 0.967311
vt 0.705999 0.964490
vt 0.550838 0.868715
vt 0.681411 0.831278
vt 0.932196 0.731234
vt 0.906812 0.525447
vt 0.905258 0.554272
vt 0.900734 0.548130
vt 0.106877 0.901178
vt 0.121874 0.896867
vt 0.196985 0.903438
vt 0.842769 0.834722
vt 0.848199 0.838920
vt 0.785929 0.325783
vt 0.786940 0.397849
vt 0.791658 0.390409
vt 0.221290 0.094325
vt 0.153601 0.078012
vt 0.045718 0.180980
vt 0.045718 0.225524
vt 0.041681 0.196054
vt 0.193933 0.898302
vt 0.118099 0.242540
vt 0.859374 0.833971
vt 0.869730 0.841334
vt 0.059458 0.221418
vt 0.059458 0.165269
vt 0.062493 0.212416
vt 0.898314 0.586688
vt 0.034089 0.309180
vt 0.036560 0.280933
vt 0.039590 0.322921
vt 0.016694 0.620544
vt 0.016694 0.650289
vt 0.012777 0.648627
vt 0.288320 0.873555
vt 0.786243 0.411387
vt 0.268659 0.908013
vt 0.173278 0.977280
vt 0.220523 0.977280
vt 0.191898 0.979021
vt 0.111340 0.252836
vt 0.092944 0.699777
vt 0.090685 0.726923
vt 0.086591 0.710781
vt 0.247450 0.086731
vt 0.253098 0.901673
vt 0.644840 0.110826
vt 0.583060 0.862085
vt 0.240505 0.085455
vt 0.674972 0.962567
vt 0.969752 0.406958
vt 0.969752 0.341518
vt 0.973337 0.360890
vt 0.289241 0.876480
vt 0.610660 0.865156
vt 0.903080 0.600427
vt 0.639255 0.119873
vt 0.980532 0.177009
vt 0.985705 0.174022
vt 0.980949 0.195861
vt 0.985433 0.209237
vt 0.039506 0.280229
vt 0.772999 0.430188
vt 0.119896 0.262605
vt 0.659346 0.121346
vt 0.965491 0.220372
vt 0.925205 0.959863
vt 0.907292 0.960348
vt 0.912905 0.952762
vt 0.270589 0.214235
vt 0.285069 0.210235
vt 0.288901 0.214066
vt 0.897049 0.603719
vt 0.008459 0.914793
vt 0.008459 0.919048
vt 0.006277 0.916894
vt 0.198389 0.208535
vt 0.125919 0.287565
vt 0.546867 0.904215
vt 0.619292 0.904215
vt 0.578304 0.910826
vt 0.962080 0.215119
vt 0.208353 0.859391
vt 0.239907 0.856256
vt 0.295034 0.861079
vt 0.308236 0.209125
vt 0.097346 0.785313
vt 0.102969 0.831626
vt 0.095750 0.803556
vt 0.099545 0.844900
vt 0.905551 0.619973
vt 0.302573 0.853352
vt 0.600061 0.860453
vt 0.026921 0.068827
vt 0.026921 0.106986
vt 0.023384 0.088751
vt 0.497382 0.980863
vt 0.505930 0.992206
vt 0.471713 0.981437
vt 0.103946 0.765365
vt 0.084901 0.733715
vt 0.016180 0.524872
vt 0.013800 0.538371
vt 0.013956 0.509393
vt 0.898205 0.622584
vt 0.303002 0.205684
vt 0.309801 0.216235
vt 0.905125 0.640204
vt 0.312480 0.854921
vt 0.065362 0.697158
vt 0.057605 0.714393
vt 0.058936 0.704817
vt 0.255776 0.222975
vt 0.188676 0.209843
vt 0.169371 0.202790
vt 0.132262 0.599100
vt 0.134714 0.524982
vt 0.135723 0.562903
vt 0.580548 0.928214
vt 0.550463 0.925582
vt 0.612139 0.923920
vt 0.017319 0.473792
vt 0.022823 0.470614
vt 0.021737 0.484513
vt 0.332123 0.216245
vt 0.057877 0.666705
vt 0.238273 0.221551
vt 0.012187 0.083582
vt 0.012187 0.088166
vt 0.009663 0.084794
vt 0.447520 0.018681
vt 0.418842 0.018681
vt 0.429706 0.013839
vt 0.999985 0.729529
vt 0.999985 0.758508
vt 0.994828 0.714450
vt 0.089880 0.751312
vt 0.136781 0.022797
vt 0.138950 0.016837
vt 0.168097 0.021139
vt 0.893366 0.959689
vt 0.270129 0.077723
vt 0.320130 0.209066
vt 0.018384 0.444348
vt 0.063298 0.893357
vt 0.057637 0.884045
vt 0.062717 0.855235
vt 0.896120 0.300776
vt 0.884876 0.330018
vt 0.891553 0.300377
vt 0.061713 0.902895
vt 0.994426 0.772847
vt 0.670867 0.016195
vt 0.687414 0.013277
vt 0.697019 0.016167
vt 0.169864 0.851165
vt 0.231525 0.849006
vt 0.173828 0.858032
vt 0.893888 0.955972
vt 0.057909 0.855474
vt 0.136754 0.615490
vt 0.018655 0.136061
vt 0.015898 0.135574
vt 0.017662 0.110891
vt 0.887989 0.324617
vt 0.125691 0.848777
vt 0.088122 0.773801
vt 0.013442 0.344436
vt 0.013442 0.319690
vt 0.018062 0.334012
vt 0.468736 0.981767
vt 0.502809 0.992839
vt 0.491375 0.994859
vt 0.917604 0.907559
vt 0.915191 0.910638
vt 0.887226 0.908192
vt 0.284838 0.235366
vt 0.135333 0.641412
vt 0.901271 0.911341
vt 0.866859 0.957052
vt 0.998307 0.721409
vt 0.992038 0.685853
vt 0.997892 0.672392
vt 0.000181 0.744212
vt 0.000181 0.729819
vt 0.004393 0.744267
vt 0.009814 0.896562
vt 0.010150 0.901365
vt 0.006110 0.901710
vt 0.979234 0.242645
vt 0.284317 0.231503
vt 0.865445 0.953251
vt 0.024812 0.467190
vt 0.024812 0.507404
vt 0.020919 0.500944
vt 0.066214 0.644412
vt 0.070473 0.693082
vt 0.066747 0.708230
vt 0.572041 0.125304
vt 0.535759 0.122679
vt 0.524091 0.115943
vt 0.674102 0.072286
vt 0.684436 0.077105
vt 0.585889 0.073441
vt 0.509483 0.110468
vt 0.510415 0.117100
vt 0.694298 0.773336
vt 0.633788 0.793626
vt 0.640491 0.785758
vt 0.331390 0.206231
vt 0.627754 0.968903
vt 0.597138 0.968903
vt 0.648289 0.965040
vt 0.895341 0.412530
vt 0.887604 0.376985
vt 0.090683 0.767442
vt 0.599524 0.786873
vt 0.691288 0.769337
vt 0.638706 0.964221
vt 0.592069 0.968301
vt 0.587412 0.963610
vt 0.068440 0.876882
vt 0.063673 0.863784
vt 0.066922 0.818748
vt 0.059336 0.341858
vt 0.053469 0.335991
vt 0.058109 0.294829
vt 0.281739 0.071865
vt 0.380354 0.071865
vt 0.322477 0.077525
vt 0.643903 0.968757
vt 0.710444 0.928077
vt 0.763784 0.925890
vt 0.711851 0.931943
vt 0.032578 0.506643
vt 0.038157 0.502880
vt 0.038308 0.547223
vt 0.301650 0.232178
vt 0.960335 0.911547
vt 0.933948 0.672924
vt 0.931062 0.705913
vt 0.932442 0.647018
vt 0.603940 0.792673
vt 0.242478 0.100478
vt 0.224175 0.098405
vt 0.288891 0.075846
vt 0.935808 0.756946
vt 0.931526 0.715745
vt 0.934532 0.714048
vt 0.770756 0.932850
vt 0.147182 0.658147
vt 0.270425 0.079494
vt 0.653544 0.973143
vt 0.697835 0.975278
vt 0.660509 0.980109
vt 0.284886 0.253239
vt 0.480166 0.116158
vt 0.287448 0.267230
vt 0.970671 0.746084
vt 0.972420 0.716603
vt 0.974451 0.739536
vt 0.973116 0.779332
vt 0.985381 0.420798
vt 0.982672 0.454026
vt 0.978380 0.446926
vt 0.981448 0.407699
vt 0.030851 0.372113
vt 0.030851 0.411932
vt 0.027076 0.390014
vt 0.987067 0.473907
vt 0.981595 0.470864
vt 0.136978 0.660599
vt 0.006361 0.325227
vt 0.006361 0.345505
vt 0.002277 0.331439
vt 0.027317 0.058453
vt 0.024727 0.073139
vt 0.024513 0.035601
vt 0.709677 0.734811
vt 0.330035 0.223652
vt 0.022095 0.030030
vt 0.023788 0.067531
vt 0.019498 0.037167
vt 0.016645 0.840691
vt 0.016645 0.869167
vt 0.012827 0.847257
vt 0.031818 0.226770
vt 0.031818 0.266117
vt 0.027633 0.254936
vt 0.815992 0.964629
vt 0.845525 0.964629
vt 0.815895 0.968940
vt 0.016736 0.667194
vt 0.016736 0.697136
vt 0.015784 0.683492
vt 0.127208 0.692498
vt 0.401205 0.197881
vt 0.044493 0.989885
vt 0.040365 0.995781
vt 0.041075 0.968141
vt 0.466933 0.124936
vt 0.021681 0.663213
vt 0.017953 0.664951
vt 0.019188 0.624175
vt 0.013771 0.147487
vt 0.015690 0.169414
vt 0.012766 0.171619
vt 0.863010 0.334153
vt 0.860730 0.290979
vt 0.863104 0.263840
vt 0.290900 0.019499
vt 0.308916 0.022676
vt 0.276450 0.022233
vt 0.801296 0.967163
vt 0.795735 0.962462
vt 0.027700 0.777532
vt 0.027700 0.819013
vt 0.022605 0.784081
vt 0.704688 0.979484
vt 0.549470 0.798217
vt 0.013804 0.894566
vt 0.015541 0.874709
vt 0.016684 0.902222
vt 0.019403 0.053493
vt 0.574896 0.015671
vt 0.594440 0.013961
vt 0.601425 0.016018
vt 0.239315 0.106055
vt 0.217983 0.121695
vt 0.378393 0.206147
vt 0.636213 0.994787
vt 0.649540 0.989936
vt 0.668666 0.995836
vt 0.007235 0.243755
vt 0.010041 0.241401
vt 0.009070 0.255551
vt 0.425418 0.115585
vt 0.780118 0.551765
vt 0.794675 0.594801
vt 0.767351 0.532398
vt 0.723755 0.851822
vt 0.730306 0.858373
vt 0.705575 0.858918
vt 0.663634 0.851712
vt 0.783588 0.987895
vt 0.809744 0.994903
vt 0.777146 0.995337
vt 0.925210 0.135828
vt 0.913713 0.194573
vt 0.919081 0.146444
vt 0.040064 0.498509
vt 0.997478 0.665985
vt 0.997478 0.605865
vt 0.999981 0.606179
vt 0.062779 0.849990
vt 0.058107 0.852807
vt 0.053543 0.850105
vt 0.002577 0.785785
vt 0.006564 0.798056
vt 0.001566 0.796793
vt 0.261270 0.934771
vt 0.293533 0.930097
vt 0.308938 0.937281
vt 0.091518 0.758055
vt 0.091518 0.733317
vt 0.096998 0.771899
vt 0.753415 0.852689
vt 0.092653 0.809366
vt 0.437844 0.978016
vt 0.402580 0.979637
vt 0.410868 0.975656
vt 0.034118 0.066877
vt 0.034118 0.029159
vt 0.041086 0.056018
vt 0.179512 0.118290
vt 0.140051 0.080752
vt 0.184207 0.114022
vt 0.916379 0.100611
vt 0.924106 0.106176
vt 0.766752 0.859162
vt 0.044282 0.831663
vt 0.051596 0.836172
vt 0.204970 0.118819
vt 0.264393 0.137012
vt 0.216701 0.128603
vt 0.278908 0.133893
vt 0.852343 0.244238
vt 0.309947 0.142739
vt 0.882647 0.078778
vt 0.896144 0.115335
vt 0.888854 0.113977
vt 0.969213 0.860289
vt 0.972769 0.819649
vt 0.974820 0.867339
vt 0.138955 0.075905
vt 0.879241 0.029780
vt 0.844042 0.023574
vt 0.906467 0.024423
vt 0.007668 0.778254
vt 0.010625 0.774031
vt 0.010225 0.787961
vt 0.386851 0.980137
vt 0.887170 0.011228
vt 0.886741 0.013715
vt 0.873234 0.011333
vt 0.043929 0.873755
vt 0.348547 0.011279
vt 0.327267 0.018193
vt 0.329433 0.014259
vt 0.049671 0.501419
vt 0.060410 0.516256
vt 0.892665 0.148827
vt 0.317491 0.934888
vt 0.864354 0.014178
vt 0.313951 0.132902
vt 0.047739 0.826956
vt 0.749957 0.473736
vt 0.754940 0.475737
vt 0.915053 0.085407
vt 0.189635 0.122738
vt 0.972031 0.875771
vt 0.861803 0.205990
vt 0.008799 0.509641
vt 0.011317 0.500243
vt 0.011526 0.518558
vt 0.898857 0.151688
vt 0.752301 0.490387
vt 0.166685 0.150387
vt 0.745828 0.452245
vt 0.995953 0.502886
vt 0.989479 0.488535
vt 0.995248 0.464868
vt 0.975401 0.882079
vt 0.338443 0.137213
vt 0.741240 0.449544
vt 0.034426 0.101062
vt 0.033721 0.078416
vt 0.040974 0.058491
vt 0.727858 0.472902
vt 0.066307 0.564583
vt 0.072921 0.602092
vt 0.067444 0.622917
vt 0.078586 0.542856
vt 0.074110 0.562137
vt 0.066739 0.560837
vt 0.075433 0.600635
vt 0.217257 0.020072
vt 0.188230 0.020072
vt 0.203268 0.013972
vt 0.169854 0.149254
vt 0.040355 0.087475
vt 0.191215 0.136251
vt 0.978002 0.988249
vt 0.964526 0.994249
vt 0.979329 0.981092
vt 0.372221 0.130019
vt 0.993771 0.218321
vt 0.988445 0.219260
vt 0.990173 0.179968
vt 0.155561 0.182792
vt 0.001092 0.420233
vt 0.005533 0.427924
vt 0.000565 0.440031
vt 0.169308 0.159744
vt 0.884280 0.188498
vt 0.071708 0.774816
vt 0.068174 0.734422
vt 0.074610 0.716546
vt 0.049028 0.936435
vt 0.053615 0.919315
vt 0.051246 0.965340
vt 0.983148 0.970182
vt 0.490941 0.009697
vt 0.506421 0.012426
vt 0.484432 0.012661
vt 0.683476 0.436986
vt 0.741092 0.439942
vt 0.075125 0.601453
vt 0.987201 0.969673
vt 0.010063 0.294664
vt 0.003657 0.274950
vt 0.009604 0.278952
vt 0.446483 0.509314
vt 0.437562 0.524765
vt 0.428874 0.364192
vt 0.989944 0.437676
vt 0.785092 0.369630
vt 0.451715 0.546768
vt 0.451611 0.613504
vt 0.997594 0.164335
vt 0.999866 0.151447
vt 0.999147 0.175789
vt 0.440147 0.585465
vt 0.514308 0.260437
vt 0.675089 0.252266
vt 0.675116 0.260437
vt 0.440313 0.363450
vt 0.996802 0.436138
vt 0.378464 0.116555
vt 0.335984 0.117701
vt 0.342096 0.113373
vt 0.990087 0.247877
vt 0.037097 0.956609
vt 0.023031 0.939706
vt 0.027698 0.934144
vt 0.083755 0.019254
vt 0.079426 0.012325
vt 0.095179 0.018313
vt 0.453949 0.253511
vt 0.528874 0.252515
vt 0.267592 0.460341
vt 0.277443 0.490056
vt 0.271945 0.497908
vt 0.271647 0.314403
vt 0.523423 0.938674
vt 0.539267 0.948768
vt 0.511728 0.942206
vt 0.970765 0.011106
vt 0.977900 0.010410
vt 0.977266 0.013472
vt 0.081667 0.005100
vt 0.089237 0.002088
vt 0.763913 0.394755
vt 0.280055 0.314172
vt 0.444611 0.636890
vt 0.437266 0.638417
vt 0.093697 0.003537
vt 0.097912 0.010358
vt 0.446013 0.670086
vt 0.234999 0.595459
vt 0.234999 0.449244
vt 0.242563 0.595464
vt 0.818898 0.874376
vt 0.800525 0.867689
vt 0.898663 0.867494
vt 0.283600 0.519339
vt 0.003578 0.456846
vt 0.007601 0.457556
vt 0.004530 0.476080
vt 0.235083 0.321360
vt 0.247217 0.379000
vt 0.237232 0.374346
vt 0.606620 0.053663
vt 0.562030 0.049762
vt 0.647828 0.048980
vt 0.555963 0.941757
vt 0.023712 0.932822
vt 0.274060 0.564610
vt 0.567540 0.949929
vt 0.562158 0.959192
vt 0.281337 0.571449
vt 0.265286 0.620788
vt 0.284295 0.519185
vt 0.286633 0.474893
vt 0.242691 0.295797
vt 0.037944 0.915342
vt 0.996206 0.012047
vt 0.291528 0.016976
vt 0.274826 0.016423
vt 0.289989 0.010308
vt 0.288068 0.314472
vt 0.390323 0.167129
vt 0.403522 0.160079
vt 0.469802 0.154281
vt 0.645289 0.903394
vt 0.559488 0.903394
vt 0.608814 0.895387
vt 0.003835 0.106884
vt 0.008406 0.113174
vt 0.002773 0.113644
vt 0.835684 0.994615
vt 0.816763 0.996271
vt 0.813198 0.993059
vt 0.005132 0.922549
vt 0.005132 0.918407
vt 0.008080 0.920633
vt 0.009551 0.665230
vt 0.004325 0.681314
vt 0.002136 0.667569
vt 0.065134 0.748988
vt 0.070028 0.767253
vt 0.065977 0.806907
vt 0.682156 0.740103
vt 0.682156 0.523616
vt 0.690303 0.523743
vt 0.837247 0.586920
vt 0.836640 0.630051
vt 0.833017 0.602706
vt 0.279214 0.020688
vt 0.862013 0.873082
vt 0.006320 0.627161
vt 0.011045 0.630263
vt 0.003182 0.639633
vt 0.976114 0.982409
vt 0.959522 0.992184
vt 0.958844 0.988695
vt 0.701508 0.746535
vt 0.696837 0.746944
vt 0.705126 0.586149
vt 0.487640 0.950230
vt 0.474791 0.960339
vt 0.471169 0.954066
vt 0.692740 0.530496
vt 0.839006 0.988526
vt 0.873393 0.988526
vt 0.852638 0.992166
vt 0.919528 0.819778
vt 0.911816 0.820453
vt 0.915706 0.766329
vt 0.895617 0.551754
vt 0.886395 0.532755
vt 0.895280 0.499597
vt 0.888397 0.595515
vt 0.491581 0.001160
vt 0.512993 0.001160
vt 0.510154 0.003921
vt 0.131686 0.584664
vt 0.121647 0.589345
vt 0.133476 0.527677
vt 0.268939 0.020631
vt 0.889113 0.481721
vt 0.129221 0.667953
vt 0.120589 0.663977
vt 0.011037 0.644181
vt 0.960998 0.699321
vt 0.965452 0.648408
vt 0.966848 0.723035
vt 0.001629 0.912398
vt 0.001629 0.906199
vt 0.005485 0.908840
vt 0.909232 0.708900
vt 0.830763 0.668688
vt 0.269463 0.109941
vt 0.868876 0.157632
vt 0.871375 0.226654
vt 0.863890 0.269104
vt 0.771827 0.911359
vt 0.759275 0.910173
vt 0.762929 0.906222
vt 0.082525 0.126296
vt 0.082525 0.053582
vt 0.086682 0.109278
vt 0.051017 0.321595
vt 0.047381 0.280043
vt 0.052720 0.275458
vt 0.055291 0.516804
vt 0.055291 0.562972
vt 0.049892 0.519849
vt 0.673450 0.702827
vt 0.677963 0.677238
vt 0.680756 0.755912
vt 0.529837 0.011707
vt 0.527739 0.015066
vt 0.508780 0.019289
vt 0.406448 0.994749
vt 0.380836 0.980352
vt 0.407892 0.990305
vt 0.982694 0.105078
vt 0.976148 0.105651
vt 0.978871 0.036117
vt 0.274993 0.175242
vt 0.266775 0.171410
vt 0.353716 0.175727
vt 0.838896 0.667055
vt 0.354581 0.168877
vt 0.433092 0.952856
vt 0.022752 0.842215
vt 0.026862 0.874462
vt 0.021411 0.883903
vt 0.192207 0.177281
vt 0.225322 0.158446
vt 0.211810 0.168140
vt 0.485657 0.014752
vt 0.506958 0.018508
vt 0.477798 0.019293
vt 0.026731 0.845634
vt 0.002573 0.300048
vt 0.007082 0.298406
vt 0.006947 0.318972
vt 0.833434 0.678204
vt 0.269980 0.116262
vt 0.549059 0.135798
vt 0.517550 0.140421
vt 0.482544 0.134248
vt 0.242743 0.187123
vt 0.173421 0.181058
vt 0.261263 0.180620
vt 0.502912 0.157681
vt 0.430789 0.079363
vt 0.317870 0.083188
vt 0.332651 0.079362
vt 0.912945 0.702922
vt 0.664968 0.639929
vt 0.939028 0.983191
vt 0.729778 0.618095
vt 0.727046 0.625601
vt 0.723302 0.589653
vt 0.111947 0.985557
vt 0.117491 0.980906
vt 0.154313 0.985474
vt 0.867913 0.281392
vt 0.373612 0.982299
vt 0.051949 0.019986
vt 0.095409 0.019986
vt 0.085943 0.028795
vt 0.994357 0.610316
vt 0.994357 0.675761
vt 0.988874 0.647013
vt 0.671578 0.632800
vt 0.297498 0.190315
vt 0.031312 0.223350
vt 0.026107 0.252869
vt 0.026447 0.213594
vt 0.597654 0.681245
vt 0.611624 0.647912
vt 0.606569 0.672330
vt 0.664265 0.600659
vt 0.697685 0.911353
vt 0.241977 0.159645
vt 0.732412 0.649324
vt 0.230200 0.178258
vt 0.430957 0.885993
vt 0.402004 0.878235
vt 0.456247 0.880957
vt 0.994008 0.786091
vt 0.998741 0.840196
vt 0.992620 0.844498
vt 0.461704 0.141152
vt 0.172858 0.180209
vt 0.355542 0.183664
vt 0.670780 0.597108
vt 0.455192 0.885817
vt 0.727684 0.669095
vt 0.257430 0.152938
vt 0.295101 0.995213
vt 0.265875 0.993681
vt 0.264350 0.984462
vt 0.399912 0.148547
vt 0.435194 0.143100
vt 0.435706 0.148946
vt 0.518544 0.195269
vt 0.552297 0.207187
vt 0.570715 0.219148
vt 0.497557 0.153584
vt 0.633102 0.606392
vt 0.073698 0.817550
vt 0.073698 0.746474
vt 0.079757 0.756247
vt 0.666954 0.576573
vt 0.675001 0.571944
vt 0.567018 0.211855
vt 0.454794 0.133372
vt 0.498402 0.880553
vt 0.451111 0.150019
vt 0.228751 0.115397
vt 0.625158 0.606572
vt 0.678984 0.534738
vt 0.269740 0.156860
vt 0.733100 0.677218
vt 0.460706 0.142607
vt 0.828787 0.717958
vt 0.289739 0.075857
vt 0.030708 0.765535
vt 0.026531 0.756577
vt 0.031396 0.724303
vt 0.161006 0.637692
vt 0.156035 0.609438
vt 0.164108 0.620100
vt 0.286115 0.152495
vt 0.433655 0.979602
vt 0.476056 0.972126
vt 0.485552 0.979443
vt 0.818876 0.937919
vt 0.769930 0.933637
vt 0.827123 0.933524
vt 0.887774 0.382810
vt 0.895792 0.426227
vt 0.891089 0.431831
vt 0.146074 0.923535
vt 0.205552 0.904209
vt 0.202929 0.917323
vt 0.107271 0.431813
vt 0.114663 0.423004
vt 0.111235 0.466095
vt 0.420661 0.142783
vt 0.105358 0.475922
vt 0.475515 0.151837
vt 0.729102 0.728600
vt 0.976785 0.765789
vt 0.982057 0.780274
vt 0.980549 0.828215
vt 0.109775 0.480258
vt 0.432298 0.979268
vt 0.426192 0.982115
vt 0.394938 0.981359
vt 0.999292 0.841617
vt 0.999292 0.889582
vt 0.993595 0.846732
vt 0.531812 0.160819
vt 0.304868 0.159455
vt 0.108630 0.521213
vt 0.627744 0.547107
vt 0.733507 0.712440
vt 0.032199 0.989670
vt 0.032734 0.958411
vt 0.037572 0.959202
vt 0.779994 0.069370
vt 0.801251 0.064513
vt 0.812445 0.068587
vt 0.528567 0.152485
vt 0.107862 0.031948
vt 0.122622 0.027504
vt 0.158798 0.030669
vt 0.632557 0.828163
vt 0.594860 0.818062
vt 0.653598 0.822440
vt 0.362990 0.974164
vt 0.413941 0.974164
vt 0.376150 0.979597
vt 0.167325 0.652279
vt 0.890463 0.471322
vt 0.813498 0.049126
vt 0.855655 0.049126
vt 0.811007 0.056233
vt 0.940012 0.364496
vt 0.949064 0.395346
vt 0.939326 0.403518
vt 0.186853 0.028081
vt 0.766766 0.543816
vt 0.766766 0.576277
vt 0.756657 0.540862
vt 0.884696 0.495747
vt 0.615605 0.213780
vt 0.113650 0.533481
vt 0.312878 0.946419
vt 0.297505 0.942300
vt 0.350869 0.942624
vt 0.020994 0.192132
vt 0.024230 0.185193
vt 0.023675 0.224360
vt 0.331593 0.965029
vt 0.304187 0.974503
vt 0.309857 0.968862
vt 0.632035 0.815948
vt 0.083700 0.345161
vt 0.084808 0.385170
vt 0.075253 0.376687
vt 0.758992 0.512620
vt 0.875494 0.069177
vt 0.963340 0.317670
vt 0.964773 0.344652
vt 0.960024 0.352878
vt 0.945363 0.415651
vt 0.071848 0.040735
vt 0.075193 0.075941
vt 0.066575 0.041665
vt 0.424072 0.137733
vt 0.491542 0.145120
vt 0.682150 0.814538
vt 0.684220 0.806668
vt 0.966373 0.103032
vt 0.964666 0.129998
vt 0.959387 0.129104
vt 0.830824 0.062744
vt 0.756653 0.582220
vt 0.558133 0.162034
vt 0.591359 0.209331
vt 0.355476 0.158433
vt 0.068472 0.068158
vt 0.680416 0.985157
vt 0.655701 0.980799
vt 0.692368 0.980911
vt 0.961197 0.102605
vt 0.281212 0.965871
vt 0.080087 0.417034
vt 0.031026 0.951895
vt 0.761080 0.682285
vt 0.753187 0.661555
vt 0.750276 0.620173
vt 0.589281 0.807354
vt 0.629866 0.487706
vt 0.751616 0.516742
vt 0.207720 0.950599
vt 0.197725 0.942790
vt 0.235221 0.956724
vt 0.220984 0.949611
vt 0.184494 0.942666
vt 0.962738 0.393712
vt 0.112392 0.557687
vt 0.270296 0.965182
vt 0.260580 0.973334
vt 0.220050 0.968672
vt 0.166105 0.707120
vt 0.579445 0.931432
vt 0.636510 0.931432
vt 0.588200 0.936454
vt 0.114478 0.845527
vt 0.233083 0.840083
vt 0.153499 0.848941
vt 0.404940 0.920577
vt 0.381403 0.924703
vt 0.385005 0.915236
vt 0.900986 0.649993
vt 0.915773 0.624382
vt 0.905942 0.658459
vt 0.730485 0.777725
vt 0.369277 0.170537
vt 0.926232 0.020432
vt 0.920148 0.053482
vt 0.914361 0.062394
vt 0.018349 0.676667
vt 0.030956 0.637866
vt 0.031956 0.651060
vt 0.525576 0.151142
vt 0.750003 0.490479
vt 0.028192 0.525068
vt 0.028820 0.553697
vt 0.018436 0.551871
vt 0.031476 0.654574
vt 0.018829 0.693495
vt 0.019650 0.680654
vt 0.755574 0.625486
vt 0.096610 0.182261
vt 0.102710 0.184892
vt 0.102710 0.206134
vt 0.068125 0.103574
vt 0.104810 0.165229
vt 0.097389 0.140910
vt 0.566994 0.154412
vt 0.386409 0.145592
vt 0.982195 0.714385
vt 0.977663 0.701933
vt 0.978074 0.651469
vt 0.702750 0.804123
vt 0.128266 0.076392
vt 0.136875 0.076844
vt 0.121682 0.084732
vt 0.105626 0.125167
vt 0.641223 0.204840
vt 0.931168 0.029122
vt 0.554961 0.802426
vt 0.378912 0.022221
vt 0.347715 0.022221
vt 0.352801 0.018429
vt 0.128966 0.101062
vt 0.770361 0.048442
vt 0.008268 0.152995
vt 0.011041 0.161529
vt 0.008274 0.162554
vt 0.112907 0.147634
vt 0.038899 0.364652
vt 0.033764 0.393776
vt 0.034042 0.350634
vt 0.170558 0.715048
vt 0.066265 0.267782
vt 0.066265 0.204271
vt 0.072963 0.215203
vt 0.128989 0.326413
vt 0.120122 0.322843
vt 0.112019 0.292603
vt 0.984433 0.929455
vt 0.994281 0.938322
vt 0.999815 0.975525
vt 0.726543 0.806413
vt 0.509858 0.995391
vt 0.542479 0.984792
vt 0.534585 0.995020
vt 0.342011 0.917607
vt 0.465337 0.389267
vt 0.471259 0.393715
vt 0.471259 0.584848
vt 0.463745 0.584835
vt 0.479376 0.447350
vt 0.458139 0.414581
vt 0.044870 0.646683
vt 0.044403 0.621210
vt 0.051633 0.628101
vt 0.004263 0.200724
vt 0.008174 0.200861
vt 0.008440 0.212894
vt 0.072284 0.297652
vt 0.068738 0.262412
vt 0.072522 0.260647
vt 0.025920 0.565379
vt 0.958932 0.065669
vt 0.617899 0.030316
vt 0.635631 0.035067
vt 0.602521 0.036287
vt 0.938131 0.446354
vt 0.464234 0.357178
vt 0.546492 0.028946
vt 0.579250 0.023982
vt 0.548239 0.035469
vt 0.855836 0.721641
vt 0.853936 0.743355
vt 0.850628 0.715428
vt 0.791621 0.402134
vt 0.782445 0.437504
vt 0.773965 0.443442
vt 0.451439 0.325838
vt 0.462315 0.357301
vt 0.483914 0.384148
vt 0.965135 0.053945
vt 0.599160 0.031210
vt 0.625525 0.498013
vt 0.216346 0.848058
vt 0.164565 0.740154
vt 0.167612 0.839249
vt 0.150646 0.836258
vt 0.198107 0.828004
vt 0.975691 0.161201
vt 0.975691 0.113299
vt 0.984857 0.173034
vt 0.888926 0.979571
vt 0.889823 0.976222
vt 0.936786 0.977566
vt 0.495953 0.025559
vt 0.509668 0.032658
vt 0.551869 0.036339
vt 0.567409 0.029718
vt 0.538716 0.143547
vt 0.753128 0.993575
vt 0.786506 0.982730
vt 0.769276 0.994913
vt 0.307120 0.974724
vt 0.323585 0.970133
vt 0.321858 0.979396
vt 0.474976 0.350747
vt 0.045122 0.602300
vt 0.482509 0.585148
vt 0.928030 0.616745
vt 0.848421 0.725530
vt 0.112371 0.313588
vt 0.168612 0.742374
vt 0.146747 0.060699
vt 0.188953 0.839334
vt 0.207961 0.827670
vt 0.854168 0.708829
vt 0.485755 0.384308
vt 0.947111 0.458674
vt 0.631608 0.982877
vt 0.648664 0.982877
vt 0.613531 0.987500
vt 0.454496 0.584999
vt 0.153629 0.777249
vt 0.618157 0.480760
vt 0.599176 0.455262
vt 0.894558 0.048970
vt 0.909646 0.036298
vt 0.900023 0.073028
vt 0.921486 0.599670
vt 0.018124 0.987782
vt 0.014905 0.969524
vt 0.017860 0.960388
vt 0.981156 0.129665
vt 0.559807 0.075434
vt 0.538825 0.080486
vt 0.511708 0.078114
vt 0.656821 0.217529
vt 0.586919 0.430544
vt 0.014396 0.232745
vt 0.020665 0.246191
vt 0.014624 0.258108
vt 0.444844 0.402581
vt 0.051508 0.426922
vt 0.058328 0.432676
vt 0.044397 0.454129
vt 0.906874 0.555018
vt 0.906538 0.543269
vt 0.928282 0.592103
vt 0.711131 0.260016
vt 0.679879 0.229719
vt 0.697061 0.240020
vt 0.985184 0.103897
vt 0.072196 0.233852
vt 0.470581 0.290148
vt 0.571770 0.020154
vt 0.559004 0.020823
vt 0.576135 0.009781
vt 0.983421 0.813269
vt 0.983421 0.749231
vt 0.992697 0.776462
vt 0.572799 0.003049
vt 0.554454 0.007516
vt 0.564061 0.000010
vt 0.112961 0.335450
vt 0.639158 0.989684
vt 0.082608 0.594131
vt 0.076436 0.601486
vt 0.080771 0.530120
vt 0.031782 0.137043
vt 0.025636 0.114106
vt 0.031060 0.098221
vt 0.823410 0.033257
vt 0.890388 0.038077
vt 0.105767 0.272448
vt 0.111624 0.375642
vt 0.110979 0.331519
vt 0.845203 0.708703
vt 0.951218 0.806909
vt 0.948413 0.805993
vt 0.953009 0.753461
vt 0.767322 0.468290
vt 0.769907 0.485225
vt 0.689409 0.225080
vt 0.848987 0.685114
vt 0.037998 0.669292
vt 0.037998 0.711805
vt 0.033648 0.700919
vt 0.498885 0.089419
vt 0.136487 0.917811
vt 0.145835 0.925077
vt 0.143926 0.939100
vt 0.839159 0.819728
vt 0.875923 0.807716
vt 0.834562 0.826577
vt 0.832866 0.022500
vt 0.066897 0.326532
vt 0.066159 0.304674
vt 0.070020 0.308820
vt 0.978088 0.931874
vt 0.968737 0.944420
vt 0.983491 0.902548
vt 0.544690 0.148583
vt 0.695628 0.733577
vt 0.683437 0.733577
vt 0.690538 0.550975
vt 0.295427 0.941041
vt 0.334108 0.937657
vt 0.348882 0.941409
vt 0.562995 0.139322
vt 0.899523 0.035649
vt 0.170502 0.940204
vt 0.183217 0.946131
vt 0.856525 0.702939
vt 0.854188 0.656494
vt 0.660364 0.207183
vt 0.778847 0.496695
vt 0.665476 0.993783
vt 0.653464 0.984398
vt 0.685967 0.994769
vt 0.942833 0.958317
vt 0.925879 0.959684
vt 0.058754 0.411725
vt 0.498246 0.369360
vt 0.495291 0.585361
vt 0.123186 0.947535
vt 0.950521 0.759537
vt 0.179054 0.936314
vt 0.431255 0.284169
vt 0.394051 0.432633
vt 0.388249 0.436517
vt 0.849027 0.648646
vt 0.891026 0.804704
vt 0.985706 0.961273
vt 0.779548 0.519687
vt 0.889715 0.034041
vt 0.107219 0.377377
vt 0.067883 0.262391
vt 0.221191 0.835506
vt 0.262105 0.836689
vt 0.940164 0.293384
vt 0.944189 0.270556
vt 0.944602 0.306339
vt 0.940682 0.329848
vt 0.943144 0.336456
vt 0.789025 0.542045
vt 0.573465 0.377294
vt 0.578814 0.392680
vt 0.578130 0.543590
vt 0.432243 0.717238
vt 0.381260 0.556944
vt 0.392724 0.567527
vt 0.913379 0.023063
vt 0.972361 0.956703
vt 0.276692 0.825300
vt 0.901677 0.729802
vt 0.901945 0.751402
vt 0.424782 0.720404
vt 0.849073 0.616909
vt 0.501850 0.077951
vt 0.373339 0.502386
vt 0.899258 0.028577
vt 0.896477 0.804601
vt 0.936272 0.849974
vt 0.379341 0.538017
vt 0.950685 0.717481
vt 0.107817 0.411495
vt 0.485692 0.089709
vt 0.366337 0.492950
vt 0.203135 0.992150
vt 0.163222 0.992150
vt 0.161194 0.989049
vt 0.433079 0.078179
vt 0.462810 0.088130
vt 0.357514 0.970269
vt 0.342532 0.498105
vt 0.785748 0.549195
vt 0.905394 0.751952
vt 0.576568 0.344296
vt 0.330971 0.504514
vt 0.900481 0.783053
vt 0.585196 0.321087
vt 0.790142 0.576525
vt 0.011620 0.074367
vt 0.011620 0.078072
vt 0.007689 0.077000
vt 0.355083 0.980070
vt 0.938528 0.361512
vt 0.941677 0.364098
vt 0.312206 0.498178
vt 0.311660 0.502926
vt 0.006468 0.841754
vt 0.000138 0.833043
vt 0.005738 0.835622
vt 0.909065 0.751925
vt 0.906173 0.773558
vt 0.900805 0.808344
vt 0.254028 0.026239
vt 0.253616 0.021525
vt 0.288051 0.023617
vt 0.571834 0.309811
vt 0.908128 0.790314
vt 0.567778 0.284662
vt 0.581672 0.301526
vt 0.590759 0.313594
vt 0.002190 0.901635
vt 0.005432 0.900582
vt 0.005361 0.907345
vt 0.015175 0.866219
vt 0.013358 0.886988
vt 0.012772 0.858947
vt 0.037921 0.017891
vt 0.037921 0.038989
vt 0.033630 0.013959
vt 0.835150 0.018520
vt 0.814301 0.018577
vt 0.833173 0.013086
vt 0.312617 0.957946
vt 0.306849 0.961011
vt 0.288277 0.943692
vt 0.040048 0.011825
vt 0.337739 0.961288
vt 0.808650 0.012634
vt 0.385705 0.943218
vt 0.402773 0.955619
vt 0.378553 0.944073
vt 0.405752 0.961316
vt 0.406419 0.026408
vt 0.381075 0.026408
vt 0.407825 0.023303
vt 0.126600 0.951525
vt 0.153400 0.955615
vt 0.153400 0.959799
vt 0.059561 0.410754
vt 0.061882 0.437291
vt 0.061097 0.463230
vt 0.361524 0.930961
vt 0.825614 0.011911
vt 0.024638 0.023092
vt 0.029732 0.017998
vt 0.027436 0.049583
vt 0.556725 0.004261
vt 0.552124 0.006917
vt 0.535247 0.005057
vt 0.032842 0.503824
vt 0.032704 0.498043
vt 0.037140 0.498043
vt 0.831093 0.022499
vt 0.800788 0.033396
vt 0.799906 0.027998
vt 0.027135 0.435829
vt 0.027135 0.395980
vt 0.030284 0.428257
vt 0.746651 0.026048
vt 0.993748 0.607448
vt 0.989241 0.633006
vt 0.987960 0.567198
vt 0.180818 0.950770
vt 0.353193 0.022881
vt 0.034411 0.486853
vt 0.249180 0.027721
vt 0.302311 0.023600
vt 0.314996 0.026999
vt 0.926206 0.928973
vt 0.893948 0.932307
vt 0.898363 0.928973
vt 0.974434 0.129513
vt 0.968147 0.125156
vt 0.972954 0.118290
vt 0.098854 0.774699
vt 0.091694 0.727143
vt 0.095381 0.735002
vt 0.888622 0.976236
vt 0.881989 0.980065
vt 0.840545 0.977443
vt 0.537941 0.983938
vt 0.513009 0.984149
vt 0.533872 0.980524
vt 0.681864 0.920368
vt 0.653000 0.920716
vt 0.640548 0.916184
vt 0.037926 0.473123
vt 0.970204 0.102504
vt 0.865969 0.928981
vt 0.620621 0.921722
vt 0.511128 0.980282
vt 0.326423 0.023697
vt 0.059545 0.326102
vt 0.059545 0.285438
vt 0.062406 0.271459
vt 0.329072 0.024662
vt 0.051527 0.256560
vt 0.048358 0.226747
vt 0.051527 0.228384
vt 0.098141 0.705148
vt 0.972230 0.091537
vt 0.501185 0.981705
vt 0.035097 0.460099
vt 0.938456 0.038706
vt 0.938456 0.052081
vt 0.931971 0.031175
vt 0.935020 0.049078
vt 0.033483 0.641955
vt 0.036851 0.653594
vt 0.033137 0.655325
vt 0.611327 0.919885
vt 0.094891 0.697862
vt 0.037493 0.640921
vt 0.018298 0.371403
vt 0.015950 0.362642
vt 0.018602 0.346077
vt 0.109567 0.553992
vt 0.105216 0.548850
vt 0.109573 0.541303
vt 0.932619 0.074709
vt 0.960871 0.748704
vt 0.955430 0.753268
vt 0.956693 0.742390
vt 0.960280 0.730552
vt 0.110186 0.833823
vt 0.113768 0.810029
vt 0.116417 0.809990
vt 0.013371 0.707822
vt 0.013371 0.677849
vt 0.016608 0.705239
vt 0.951731 0.722785
vt 0.105082 0.537899
vt 0.004794 0.627910
vt 0.004794 0.610403
vt 0.006893 0.618672
vt 0.034953 0.683775
vt 0.098252 0.567836
vt 0.956770 0.774118
vt 0.000950 0.621412
vt 0.000206 0.629911
vt 0.000066 0.613484
vt 0.052760 0.210920
vt 0.036688 0.415776
vt 0.038071 0.429032
vt 0.034592 0.427667
vt 0.935531 0.080438
vt 0.103382 0.511703
vt 0.962305 0.290213
vt 0.957567 0.281810
vt 0.957567 0.265492
vt 0.953669 0.770583
vt 0.934180 0.103479
vt 0.120349 0.787481
vt 0.968381 0.060528
vt 0.100467 0.521118
vt 0.553775 0.976277
vt 0.544334 0.979708
vt 0.511763 0.976858
vt 0.999862 0.932240
vt 0.997851 0.955233
vt 0.996581 0.931454
vt 0.956370 0.802928
vt 0.100556 0.488058
vt 0.957029 0.342231
vt 0.035542 0.459224
vt 0.512765 0.979295
vt 0.105942 0.210989
vt 0.114351 0.151153
vt 0.107863 0.221353
vt 0.953071 0.803638
vt 0.962686 0.315303
vt 0.842949 0.701519
vt 0.841509 0.626511
vt 0.847291 0.685314
vt 0.038650 0.018449
vt 0.041126 0.019350
vt 0.040497 0.049641
vt 0.501611 0.980024
vt 0.118964 0.147158
vt 0.847603 0.619760
vt 0.117039 0.752663
vt 0.107802 0.752405
vt 0.963283 0.655151
vt 0.959260 0.693691
vt 0.956178 0.674670
vt 0.013847 0.898084
vt 0.015657 0.918776
vt 0.013306 0.925595
vt 0.954406 0.702356
vt 0.849548 0.601690
vt 0.113257 0.736337
vt 0.820603 0.726740
vt 0.800945 0.760036
vt 0.812231 0.732657
vt 0.845888 0.601580
vt 0.122237 0.124397
vt 0.118347 0.719213
vt 0.701121 0.205270
vt 0.698057 0.216599
vt 0.636960 0.187312
vt 0.794555 0.171910
vt 0.705781 0.207002
vt 0.607376 0.173103
vt 0.701516 0.244248
vt 0.704245 0.240012
vt 0.111387 0.683454
vt 0.111938 0.703702
vt 0.128136 0.123565
vt 0.794038 0.766852
vt 0.697780 0.331108
vt 0.697416 0.324658
vt 0.706116 0.349629
vt 0.964293 0.731028
vt 0.956804 0.724986
vt 0.706239 0.337138
vt 0.727302 0.427222
vt 0.848530 0.574904
vt 0.317568 0.980271
vt 0.291676 0.987209
vt 0.281009 0.981106
vt 0.686394 0.061759
vt 0.665838 0.057102
vt 0.673637 0.052352
vt 0.957251 0.131842
vt 0.963446 0.132025
vt 0.954776 0.145882
vt 0.101921 0.652710
vt 0.093340 0.664966
vt 0.098191 0.586050
vt 0.845820 0.586835
vt 0.838365 0.641697
vt 0.840018 0.554080
vt 0.139703 0.099383
vt 0.784438 0.789594
vt 0.786400 0.787487
vt 0.668223 0.323169
vt 0.863130 0.203414
vt 0.858224 0.207282
vt 0.842225 0.178232
vt 0.845433 0.546245
vt 0.091168 0.590665
vt 0.653956 0.049013
vt 0.149648 0.092163
vt 0.135375 0.096652
vt 0.840934 0.188934
vt 0.962602 0.150763
vt 0.694026 0.530987
vt 0.663305 0.446582
vt 0.699980 0.532846
vt 0.837615 0.512774
vt 0.296426 0.989358
vt 0.331622 0.989358
vt 0.304923 0.993874
vt 0.699465 0.303555
vt 0.708621 0.296787
vt 0.671347 0.436312
vt 0.674262 0.463242
vt 0.766333 0.792390
vt 0.769973 0.794029
vt 0.118050 0.989473
vt 0.160405 0.989473
vt 0.118246 0.993251
vt 0.772032 0.185775
vt 0.804144 0.174836
vt 0.779466 0.185910
vt 0.683628 0.830171
vt 0.679906 0.825584
vt 0.015045 0.424650
vt 0.016581 0.451686
vt 0.012890 0.449277
vt 0.013502 0.422806
vt 0.712297 0.270725
vt 0.668229 0.420731
vt 0.818832 0.820175
vt 0.814019 0.168091
vt 0.012127 0.080261
vt 0.009903 0.083322
vt 0.008198 0.078264
vt 0.708138 0.568222
vt 0.704393 0.572026
vt 0.955544 0.165762
vt 0.827887 0.167092
vt 0.728386 0.240482
vt 0.695432 0.393643
vt 0.018690 0.782546
vt 0.022665 0.793548
vt 0.017729 0.795850
vt 0.403932 0.013821
vt 0.415026 0.017528
vt 0.410550 0.023273
vt 0.012904 0.786969
vt 0.018513 0.812301
vt 0.401532 0.018710
vt 0.013898 0.812982
vt 0.384262 0.021864
vt 0.385036 0.017264
vt 0.597650 0.058315
vt 0.840918 0.111766
vt 0.231791 0.943287
vt 0.231222 0.938657
vt 0.242250 0.950721
vt 0.853586 0.087325
vt 0.889340 0.996131
vt 0.891673 0.992091
vt 0.921635 0.996222
vt 0.749272 0.022589
vt 0.713162 0.035524
vt 0.707547 0.028832
vt 0.261092 0.950936
vt 0.864828 0.925821
vt 0.857679 0.936476
vt 0.833084 0.948472
vt 0.963879 0.208605
vt 0.151406 0.236291
vt 0.149289 0.260485
vt 0.146071 0.227842
vt 0.418226 0.769749
vt 0.438161 0.773264
vt 0.414915 0.776343
vt 0.439188 0.777125
vt 0.954312 0.196341
vt 0.144640 0.240386
vt 0.244072 0.772150
vt 0.433379 0.765706
vt 0.032862 0.137260
vt 0.032862 0.176257
vt 0.028114 0.167131
vt 0.244206 0.777814
vt 0.244912 0.752500
vt 0.359659 0.758676
vt 0.408034 0.819876
vt 0.578755 0.812685
vt 0.578749 0.819876
vt 0.839383 0.949665
vt 0.705572 0.351247
vt 0.454381 0.766111
vt 0.009942 0.861120
vt 0.009942 0.868311
vt 0.004420 0.859857
vt 0.001237 0.862906
vt 0.263531 0.958193
vt 0.351502 0.011423
vt 0.346831 0.020589
vt 0.330409 0.019415
vt 0.137939 0.159787
vt 0.912556 0.256826
vt 0.911455 0.269404
vt 0.898928 0.189655
vt 0.143675 0.263439
vt 0.283513 0.953552
vt 0.455470 0.769438
vt 0.167774 0.987790
vt 0.196250 0.981451
vt 0.190347 0.987790
vt 0.682104 0.386417
vt 0.014062 0.568757
vt 0.016028 0.591228
vt 0.012935 0.597909
vt 0.902565 0.302723
vt 0.729135 0.219628
vt 0.245185 0.748101
vt 0.930364 0.841416
vt 0.919230 0.801234
vt 0.927051 0.809141
vt 0.485045 0.809698
vt 0.458710 0.775698
vt 0.145756 0.279738
vt 0.006418 0.869818
vt 0.908878 0.292332
vt 0.820639 0.957818
vt 0.924934 0.728126
vt 0.926432 0.775321
vt 0.474188 0.755285
vt 0.117262 0.992440
vt 0.102442 0.987685
vt 0.105683 0.980735
vt 0.745869 0.631718
vt 0.712217 0.503305
vt 0.719962 0.501779
vt 0.735383 0.632914
vt 0.709664 0.529328
vt 0.738405 0.632604
vt 0.052421 0.961677
vt 0.056366 0.958445
vt 0.067498 0.975588
vt 0.904958 0.739618
vt 0.898732 0.713322
vt 0.898732 0.626663
vt 0.481538 0.767088
vt 0.139187 0.286309
vt 0.139533 0.274870
vt 0.847431 0.081844
vt 0.929793 0.725149
vt 0.209767 0.988061
vt 0.943610 0.822635
vt 0.942744 0.789614
vt 0.947326 0.806178
vt 0.690427 0.029253
vt 0.074811 0.992842
vt 0.550849 0.980067
vt 0.582790 0.971153
vt 0.577578 0.977728
vt 0.948168 0.817607
vt 0.054374 0.930408
vt 0.894588 0.712488
vt 0.741367 0.632283
vt 0.949533 0.757837
vt 0.001881 0.867604
vt 0.249041 0.035766
vt 0.242098 0.042262
vt 0.229177 0.044485
vt 0.972556 0.483992
vt 0.972059 0.516607
vt 0.967993 0.487821
vt 0.406470 0.917159
vt 0.388993 0.906012
vt 0.403359 0.910486
vt 0.379877 0.913588
vt 0.737075 0.449988
vt 0.702094 0.487919
vt 0.994811 0.708413
vt 0.989018 0.741784
vt 0.983848 0.738535
vt 0.631156 0.994877
vt 0.614032 0.994877
vt 0.640653 0.990592
vt 0.992701 0.699785
vt 0.143207 0.304001
vt 0.672322 0.437716
vt 0.606806 0.989371
vt 0.894845 0.724307
vt 0.702658 0.376757
vt 0.430877 0.921764
vt 0.413726 0.930878
vt 0.399562 0.922700
vt 0.900929 0.728329
vt 0.257824 0.031131
vt 0.253818 0.037984
vt 0.477559 0.764792
vt 0.462859 0.019671
vt 0.464227 0.024775
vt 0.442045 0.024629
vt 0.236813 0.938255
vt 0.275922 0.945355
vt 0.261905 0.949956
vt 0.948730 0.836565
vt 0.274625 0.949205
vt 0.947815 0.850394
vt 0.342514 0.916051
vt 0.273516 0.046613
vt 0.986775 0.755143
vt 0.032938 0.597625
vt 0.037879 0.613696
vt 0.032751 0.619807
vt 0.670049 0.030142
vt 0.056131 0.564934
vt 0.056131 0.517383
vt 0.064804 0.522473
vt 0.993724 0.764646
vt 0.419411 0.019433
vt 0.892298 0.743764
vt 0.992916 0.733578
vt 0.679348 0.061833
vt 0.695965 0.067881
vt 0.657848 0.067102
vt 0.000040 0.777620
vt 0.004533 0.776665
vt 0.000052 0.789392
vt 0.703973 0.022028
vt 0.729563 0.017515
vt 0.735052 0.022119
vt 0.969819 0.470780
vt 0.602606 0.978977
vt 0.665211 0.058811
vt 0.679314 0.061453
vt 0.652698 0.064013
vt 0.370444 0.928674
vt 0.914352 0.055794
vt 0.915664 0.030769
vt 0.925079 0.019918
vt 0.292151 0.940765
vt 0.207611 0.858777
vt 0.175845 0.864168
vt 0.169486 0.858832
vt 0.037369 0.625910
vt 0.291450 0.035571
vt 0.057720 0.705586
vt 0.047215 0.677780
vt 0.056605 0.684310
vt 0.665362 0.022402
vt 0.010938 0.731022
vt 0.010313 0.723885
vt 0.011537 0.716133
vt 0.137720 0.317855
vt 0.233603 0.993401
vt 0.220965 0.995033
vt 0.221425 0.992335
vt 0.968385 0.451381
vt 0.279000 0.843041
vt 0.271176 0.848522
vt 0.263768 0.843335
vt 0.390823 0.982726
vt 0.427266 0.982726
vt 0.410365 0.989328
vt 0.987512 0.924291
vt 0.996292 0.913828
vt 0.996736 0.928296
vt 0.883883 0.750661
vt 0.888598 0.696763
vt 0.888894 0.765048
vt 0.034721 0.640687
vt 0.211599 0.857671
vt 0.316856 0.854007
vt 0.692289 0.885943
vt 0.728523 0.874389
vt 0.741487 0.878522
vt 0.421098 0.023591
vt 0.200340 0.995257
vt 0.893557 0.708020
vt 0.705690 0.931626
vt 0.656637 0.935918
vt 0.648477 0.930952
vt 0.045939 0.661284
vt 0.679466 0.022954
vt 0.739742 0.022954
vt 0.690746 0.027859
vt 0.206469 0.991024
vt 0.015401 0.077411
vt 0.019119 0.063534
vt 0.019660 0.088905
vt 0.727784 0.859449
vt 0.732559 0.872967
vt 0.892478 0.681318
vt 0.989258 0.901687
vt 0.003065 0.239576
vt 0.007538 0.253342
vt 0.000084 0.255851
vt 0.403682 0.027510
vt 0.426148 0.024461
vt 0.406590 0.035499
vt 0.418044 0.033658
vt 0.011571 0.116229
vt 0.009262 0.111277
vt 0.011545 0.108364
vt 0.026140 0.458431
vt 0.030262 0.473814
vt 0.026777 0.498378
vt 0.887185 0.650095
vt 0.757024 0.877729
vt 0.995193 0.866420
vt 0.941897 0.521469
vt 0.956569 0.549534
vt 0.950383 0.544784
vt 0.061218 0.616396
vt 0.065351 0.569156
vt 0.066323 0.618344
vt 0.971019 0.405642
vt 0.974497 0.406907
vt 0.968593 0.416987
vt 0.759780 0.074622
vt 0.797979 0.086329
vt 0.802993 0.092304
vt 0.061169 0.143157
vt 0.058111 0.139873
vt 0.061076 0.123061
vt 0.823884 0.088389
vt 0.295290 0.045795
vt 0.624631 0.058643
vt 0.634719 0.963007
vt 0.675296 0.963527
vt 0.652794 0.964589
vt 0.508051 0.033213
vt 0.483184 0.034520
vt 0.484023 0.024931
vt 0.107599 0.930188
vt 0.072379 0.923978
vt 0.132905 0.924997
vt 0.352661 0.034438
vt 0.970745 0.470883
vt 0.861859 0.911008
vt 0.836392 0.904184
vt 0.910560 0.904032
vt 0.056495 0.113701
vt 0.659197 0.968395
vt 0.685403 0.967521
vt 0.849806 0.073053
vt 0.146893 0.863698
vt 0.455611 0.025750
vt 0.939773 0.597221
vt 0.773519 0.922475
vt 0.812295 0.912637
vt 0.814462 0.920726
vt 0.041327 0.453071
vt 0.042655 0.427736
vt 0.055726 0.410750
vt 0.826034 0.912727
vt 0.836237 0.924762
vt 0.029968 0.529911
vt 0.025926 0.506984
vt 0.029956 0.489906
vt 0.046386 0.646670
vt 0.053716 0.626530
vt 0.050856 0.662698
vt 0.376292 0.014313
vt 0.378995 0.019617
vt 0.353221 0.011379
vt 0.009430 0.789628
vt 0.005305 0.784348
vt 0.005616 0.776429
vt 0.382425 0.967158
vt 0.383720 0.971991
vt 0.357941 0.973899
vt 0.136859 0.859683
vt 0.343161 0.028778
vt 0.625241 0.065677
vt 0.739900 0.891279
vt 0.831747 0.891279
vt 0.803593 0.898355
vt 0.242625 0.989214
vt 0.227180 0.983592
vt 0.263673 0.982331
vt 0.663743 0.897924
vt 0.737629 0.891460
vt 0.755464 0.902747
vt 0.096038 0.027658
vt 0.099084 0.010378
vt 0.098647 0.033829
vt 0.061391 0.095664
vt 0.082314 0.912489
vt 0.069245 0.895655
vt 0.072456 0.887290
vt 0.835816 0.986771
vt 0.803014 0.989641
vt 0.799347 0.984953
vt 0.311474 0.037495
vt 0.424875 0.032905
vt 0.555737 0.021117
vt 0.531153 0.013129
vt 0.554659 0.011403
vt 0.066622 0.881755
vt 0.070041 0.909972
vt 0.063089 0.901791
vt 0.076094 0.918088
vt 0.052483 0.672759
vt 0.705331 0.020186
vt 0.701337 0.010302
vt 0.723460 0.017486
vt 0.727618 0.991632
vt 0.693113 0.980421
vt 0.727582 0.986270
vt 0.087241 0.837095
vt 0.087618 0.850209
vt 0.081371 0.850974
vt 0.082188 0.923156
vt 0.408827 0.971705
vt 0.438691 0.915604
vt 0.429774 0.920704
vt 0.424428 0.919181
vt 0.299090 0.995342
vt 0.277086 0.986896
vt 0.270524 0.975186
vt 0.674904 0.935693
vt 0.670318 0.939988
vt 0.647090 0.938771
vt 0.018115 0.305027
vt 0.018115 0.330136
vt 0.014914 0.318062
vt 0.576133 0.264907
vt 0.428625 0.264797
vt 0.422544 0.256113
vt 0.821025 0.348653
vt 0.816013 0.353666
vt 0.817899 0.194845
vt 0.972804 0.290789
vt 0.976891 0.244067
vt 0.975833 0.311827
vt 0.407258 0.257546
vt 0.448996 0.915852
vt 0.855573 0.923974
vt 0.822640 0.945824
vt 0.839798 0.924249
vt 0.764326 0.885946
vt 0.058894 0.164884
vt 0.058894 0.212149
vt 0.053402 0.190972
vt 0.807531 0.195093
vt 0.038999 0.558510
vt 0.032648 0.569510
vt 0.033664 0.526018
vt 0.621660 0.013391
vt 0.629468 0.019942
vt 0.607500 0.020146
vt 0.081704 0.861485
vt 0.784614 0.349221
vt 0.779090 0.325016
vt 0.785267 0.301961
vt 0.439976 0.921315
vt 0.124353 0.923685
vt 0.009460 0.848675
vt 0.008951 0.859033
vt 0.003597 0.859033
vt 0.004105 0.848284
vt 0.808553 0.952551
vt 0.575908 0.270271
vt 0.089470 0.857401
vt 0.477875 0.993958
vt 0.481983 0.997405
vt 0.456025 0.996235
vt 0.603764 0.014385
vt 0.304159 0.834101
vt 0.277499 0.834101
vt 0.311736 0.827023
vt 0.789418 0.887502
vt 0.867761 0.071822
vt 0.163329 0.987697
vt 0.147885 0.982075
vt 0.190022 0.980799
vt 0.363877 0.821191
vt 0.640643 0.168672
vt 0.669311 0.165410
vt 0.675549 0.170644
vt 0.000703 0.851873
vt 0.939891 0.615218
vt 0.773386 0.365402
vt 0.420000 0.946238
vt 0.402071 0.950049
vt 0.367094 0.932065
vt 0.391279 0.825137
vt 0.799501 0.021796
vt 0.781577 0.021796
vt 0.810903 0.016695
vt 0.851059 0.840127
vt 0.869827 0.848879
vt 0.833998 0.851438
vt 0.396589 0.266120
vt 0.399303 0.260286
vt 0.760254 0.841273
vt 0.811745 0.364606
vt 0.168430 0.311827
vt 0.200993 0.267786
vt 0.210238 0.271151
vt 0.071902 0.633654
vt 0.069833 0.673121
vt 0.066247 0.628770
vt 0.426622 0.025732
vt 0.208566 0.861687
vt 0.236684 0.860788
vt 0.228026 0.868770
vt 0.248061 0.900455
vt 0.292850 0.896536
vt 0.338829 0.903260
vt 0.765676 0.390572
vt 0.043332 0.362963
vt 0.047007 0.404970
vt 0.040392 0.407362
vt 0.618431 0.159960
vt 0.784934 0.015806
vt 0.041835 0.730347
vt 0.051157 0.756293
vt 0.040287 0.742954
vt 0.771976 0.272643
vt 0.727905 0.167254
vt 0.721754 0.163755
vt 0.074663 0.608915
vt 0.302105 0.278449
vt 0.255659 0.277018
vt 0.285942 0.268258
vt 0.127493 0.866325
vt 0.065100 0.499056
vt 0.073231 0.519367
vt 0.065632 0.522910
vt 0.946884 0.627468
vt 0.956688 0.571867
vt 0.960129 0.660856
vt 0.025325 0.225254
vt 0.025325 0.264584
vt 0.018883 0.232307
vt 0.329756 0.273267
vt 0.044383 0.363804
vt 0.051653 0.362522
vt 0.050749 0.408311
vt 0.607689 0.822255
vt 0.594302 0.828152
vt 0.438247 0.825416
vt 0.065262 0.557346
vt 0.607993 0.826637
vt 0.698439 0.957092
vt 0.779856 0.276238
vt 0.510868 0.773902
vt 0.658252 0.773902
vt 0.505506 0.779960
vt 0.479323 0.779646
vt 0.341663 0.263327
vt 0.855850 0.361196
vt 0.862646 0.377591
vt 0.862646 0.448511
vt 0.083896 0.897451
vt 0.108446 0.862852
vt 0.664206 0.317487
vt 0.668502 0.301456
vt 0.664498 0.375002
vt 0.169740 0.251181
vt 0.309726 0.868887
vt 0.481698 0.991823
vt 0.447672 0.991823
vt 0.468633 0.983279
vt 0.647980 0.943772
vt 0.699581 0.960538
vt 0.684852 0.961208
vt 0.658380 0.778845
vt 0.601291 0.060458
vt 0.479320 0.918306
vt 0.055241 0.772702
vt 0.687374 0.987226
vt 0.685393 0.993325
vt 0.653073 0.982285
vt 0.657752 0.391334
vt 0.568359 0.576446
vt 0.567658 0.527789
vt 0.573166 0.539935
vt 0.950086 0.683955
vt 0.948281 0.758061
vt 0.942699 0.711524
vt 0.112356 0.859030
vt 0.123549 0.560839
vt 0.114054 0.526372
vt 0.122366 0.479233
vt 0.648547 0.860075
vt 0.647000 0.855827
vt 0.661494 0.855406
vt 0.579564 0.591477
vt 0.202056 0.046643
vt 0.120606 0.046643
vt 0.146022 0.039740
vt 0.090765 0.605334
vt 0.943463 0.777428
vt 0.427826 0.983959
vt 0.447118 0.989128
vt 0.411113 0.990635
vt 0.442000 0.924623
vt 0.627853 0.959145
vt 0.583329 0.948866
vt 0.577432 0.943294
vt 0.596830 0.695057
vt 0.593587 0.649047
vt 0.596830 0.649075
vt 0.241734 0.037849
vt 0.209448 0.046500
vt 0.160197 0.039751
vt 0.385593 0.146220
vt 0.226195 0.146220
vt 0.385334 0.140873
vt 0.184755 0.975366
vt 0.135367 0.975366
vt 0.182836 0.969248
vt 0.572663 0.616589
vt 0.449521 0.848489
vt 0.362520 0.850203
vt 0.433935 0.839491
vt 0.101749 0.019315
vt 0.135040 0.019822
vt 0.128186 0.023976
vt 0.075144 0.545583
vt 0.546040 0.929640
vt 0.512594 0.929315
vt 0.531426 0.924321
vt 0.946922 0.607442
vt 0.945888 0.630054
vt 0.937223 0.621294
vt 0.480237 0.841747
vt 0.427992 0.836903
vt 0.465088 0.837688
vt 0.534620 0.828363
vt 0.605502 0.830694
vt 0.579927 0.832327
vt 0.430834 0.820878
vt 0.408614 0.728318
vt 0.429128 0.721051
vt 0.434786 0.729132
vt 0.747094 0.968078
vt 0.760793 0.962626
vt 0.792788 0.968268
vt 0.546984 0.925804
vt 0.063714 0.939892
vt 0.547961 0.543429
vt 0.571010 0.457407
vt 0.560336 0.550696
vt 0.106625 0.024384
vt 0.561188 0.611656
vt 0.604515 0.977492
vt 0.607642 0.974474
vt 0.637485 0.971863
vt 0.048025 0.920804
vt 0.048025 0.965883
vt 0.043946 0.949481
vt 0.164737 0.575516
vt 0.159193 0.419448
vt 0.166316 0.416126
vt 0.833511 0.386617
vt 0.838862 0.369179
vt 0.842302 0.407268
vt 0.073616 0.840205
vt 0.066119 0.812226
vt 0.071680 0.781746
vt 0.180797 0.026853
vt 0.103756 0.026853
vt 0.161319 0.022436
vt 0.955716 0.403401
vt 0.950923 0.348614
vt 0.956089 0.309505
vt 0.472753 0.901323
vt 0.507562 0.891996
vt 0.559767 0.902211
vt 0.575515 0.497777
vt 0.069332 0.938952
vt 0.869159 0.832479
vt 0.787646 0.835257
vt 0.840041 0.827345
vt 0.861307 0.321814
vt 0.586093 0.971187
vt 0.060051 0.755987
vt 0.065145 0.721709
vt 0.075112 0.708952
vt 0.091189 0.470989
vt 0.091189 0.396547
vt 0.096819 0.471847
vt 0.942398 0.664953
vt 0.571212 0.495395
vt 0.367033 0.274092
vt 0.255892 0.717324
vt 0.415017 0.723065
vt 0.255771 0.725046
vt 0.879093 0.219507
vt 0.872010 0.232098
vt 0.874447 0.213451
vt 0.508874 0.925047
vt 0.663325 0.395815
vt 0.519414 0.642855
vt 0.549073 0.618930
vt 0.551915 0.631653
vt 0.794679 0.162291
vt 0.401692 0.258232
vt 0.993547 0.592867
vt 0.988517 0.564341
vt 0.995223 0.527052
vt 0.937496 0.980769
vt 0.937162 0.990351
vt 0.905491 0.993317
vt 0.949464 0.682569
vt 0.213790 0.968190
vt 0.233680 0.973520
vt 0.184003 0.969992
vt 0.430832 0.829172
vt 0.988911 0.556293
vt 0.988911 0.490456
vt 0.994321 0.511539
vt 0.601923 0.020432
vt 0.622795 0.022258
vt 0.586554 0.023267
vt 0.126834 0.487257
vt 0.127308 0.466416
vt 0.569886 0.930862
vt 0.335841 0.624899
vt 0.276032 0.590566
vt 0.307132 0.594038
vt 0.050998 0.016667
vt 0.051778 0.012998
vt 0.072477 0.009755
vt 0.888328 0.204960
vt 0.890195 0.231697
vt 0.884752 0.225239
vt 0.013349 0.371441
vt 0.013349 0.347563
vt 0.016123 0.352168
vt 0.740581 0.314919
vt 0.755611 0.307134
vt 0.741420 0.333742
vt 0.367108 0.989682
vt 0.337919 0.996421
vt 0.367874 0.984270
vt 0.626592 0.097991
vt 0.642093 0.103632
vt 0.618517 0.104594
vt 0.180665 0.719906
vt 0.166945 0.636937
vt 0.192127 0.711881
vt 0.481377 0.902104
vt 0.314973 0.554457
vt 0.306740 0.531580
vt 0.096184 0.886963
vt 0.119275 0.873703
vt 0.152763 0.888270
vt 0.111379 0.894590
vt 0.329729 0.603550
vt 0.570059 0.935547
vt 0.569191 0.940469
vt 0.514290 0.937171
vt 0.061269 0.711276
vt 0.787410 0.201908
vt 0.776107 0.266658
vt 0.962889 0.994105
vt 0.941104 0.994885
vt 0.941756 0.990379
vt 0.047613 0.760497
vt 0.044636 0.794520
vt 0.042326 0.750704
vt 0.571224 0.651444
vt 0.794595 0.651870
vt 0.786332 0.669589
vt 0.780451 0.587498
vt 0.202141 0.975916
vt 0.165216 0.401915
vt 0.838177 0.274642
vt 0.840132 0.309156
vt 0.171274 0.681712
vt 0.615246 0.944579
vt 0.579310 0.939788
vt 0.611633 0.939418
vt 0.507296 0.835083
vt 0.660502 0.830484
vt 0.620518 0.834746
vt 0.042768 0.638862
vt 0.045570 0.670888
vt 0.040812 0.682784
vt 0.576390 0.655028
vt 0.159330 0.404949
vt 0.584073 0.097789
vt 0.453508 0.892504
vt 0.429070 0.905261
vt 0.400012 0.905261
vt 0.947716 0.459435
vt 0.955740 0.413926
vt 0.955552 0.464386
vt 0.851685 0.301870
vt 0.852063 0.249235
vt 0.859189 0.291154
vt 0.173196 0.624370
vt 0.633089 0.939060
vt 0.056750 0.023071
vt 0.069472 0.029003
vt 0.056545 0.070933
vt 0.793626 0.156592
vt 0.836524 0.923166
vt 0.836524 0.909659
vt 0.875850 0.922471
vt 0.356977 0.843065
vt 0.474480 0.903915
vt 0.104801 0.853197
vt 0.104801 0.756695
vt 0.110646 0.859159
vt 0.465892 0.713674
vt 0.357045 0.962972
vt 0.380343 0.966708
vt 0.361579 0.969447
vt 0.951134 0.369964
vt 0.654161 0.410965
vt 0.110180 0.648798
vt 0.120270 0.636773
vt 0.105408 0.699031
vt 0.743498 0.431692
vt 0.740013 0.420329
vt 0.748352 0.422595
vt 0.825064 0.334649
vt 0.836414 0.254067
vt 0.836707 0.291198
vt 0.823145 0.309331
vt 0.900265 0.915501
vt 0.655275 0.433493
vt 0.797114 0.965275
vt 0.142179 0.132202
vt 0.134036 0.175858
vt 0.129724 0.166423
vt 0.019916 0.059064
vt 0.024291 0.075390
vt 0.021170 0.096931
vt 0.036227 0.585179
vt 0.037602 0.608593
vt 0.033187 0.590446
vt 0.004478 0.503538
vt 0.000096 0.515577
vt 0.000434 0.496618
vt 0.059585 0.152102
vt 0.068972 0.155519
vt 0.063717 0.209687
vt 0.089204 0.622556
vt 0.094807 0.697058
vt 0.085747 0.642162
vt 0.597232 0.505805
vt 0.602418 0.537007
vt 0.593647 0.516052
vt 0.760363 0.381748
vt 0.888085 0.285213
vt 0.999366 0.905323
vt 0.997622 0.925254
vt 0.997078 0.900458
vt 0.594382 0.847720
vt 0.557518 0.634285
vt 0.894796 0.288821
vt 0.115404 0.423751
vt 0.110056 0.229021
vt 0.100819 0.281408
vt 0.101803 0.226995
vt 0.743646 0.831884
vt 0.106427 0.052335
vt 0.115117 0.048283
vt 0.113186 0.137185
vt 0.552191 0.835462
vt 0.880531 0.202612
vt 0.163693 0.599949
vt 0.305398 0.433369
vt 0.941395 0.700993
vt 0.713694 0.061783
vt 0.669740 0.050006
vt 0.756581 0.051077
vt 0.853906 0.376273
vt 0.004182 0.719685
vt 0.006489 0.720092
vt 0.004571 0.734583
vt 0.997270 0.446201
vt 0.999858 0.460877
vt 0.996077 0.470974
vt 0.765068 0.316899
vt 0.003809 0.889545
vt 0.003211 0.881273
vt 0.008984 0.880768
vt 0.008780 0.890066
vt 0.747755 0.381205
vt 0.986202 0.555049
vt 0.984891 0.620765
vt 0.980617 0.618875
vt 0.173920 0.578871
vt 0.746938 0.587135
vt 0.752535 0.669247
vt 0.746938 0.636846
vt 0.592620 0.615898
vt 0.038968 0.565361
vt 0.036631 0.565187
vt 0.577408 0.693398
vt 0.091394 0.904836
vt 0.295450 0.987533
vt 0.316474 0.981899
vt 0.331075 0.988629
vt 0.464046 0.720134
vt 0.794138 0.674421
vt 0.084055 0.686976
vt 0.760584 0.303316
vt 0.598788 0.628386
vt 0.605148 0.599540
vt 0.601136 0.597060
vt 0.594831 0.598372
vt 0.294009 0.445933
vt 0.883451 0.980989
vt 0.878241 0.987198
vt 0.847240 0.980790
vt 0.163924 0.351908
vt 0.571987 0.478289
vt 0.930404 0.993563
vt 0.573574 0.717898
vt 0.942361 0.136621
vt 0.935180 0.109819
vt 0.939471 0.051387
vt 0.884168 0.316381
vt 0.584587 0.854689
vt 0.084411 0.201416
vt 0.088859 0.226832
vt 0.088859 0.275719
vt 0.127125 0.176480
vt 0.119143 0.423409
vt 0.065440 0.644002
vt 0.065440 0.692889
vt 0.059560 0.663236
vt 0.827103 0.245649
vt 0.960259 0.009795
vt 0.974378 0.013579
vt 0.948894 0.012931
vt 0.495287 0.924514
vt 0.104323 0.562148
vt 0.552357 0.102647
vt 0.053373 0.217128
vt 0.060255 0.223753
vt 0.052550 0.252509
vt 0.996345 0.401055
vt 0.993380 0.434936
vt 0.988920 0.374920
vt 0.346124 0.274883
vt 0.956486 0.449461
vt 0.959628 0.413544
vt 0.965262 0.475883
vt 0.329515 0.967129
vt 0.875459 0.171212
vt 0.260502 0.990541
vt 0.266718 0.995756
vt 0.234807 0.996248
vt 0.419598 0.715313
vt 0.579922 0.930678
vt 0.626456 0.922473
vt 0.640098 0.929828
vt 0.115732 0.573130
vt 0.420739 0.970806
vt 0.408781 0.969760
vt 0.428264 0.963645
vt 0.588991 0.473759
vt 0.060632 0.909697
vt 0.057895 0.924990
vt 0.057328 0.913000
vt 0.556325 0.097881
vt 0.057277 0.264071
vt 0.569905 0.693988
vt 0.878433 0.046616
vt 0.793315 0.046616
vt 0.838778 0.038750
vt 0.598574 0.486771
vt 0.079428 0.628964
vt 0.086222 0.614394
vt 0.084287 0.651170
vt 0.995278 0.367909
vt 0.589694 0.438582
vt 0.818781 0.201429
vt 0.129840 0.198004
vt 0.041894 0.699977
vt 0.043736 0.678919
vt 0.045505 0.723013
vt 0.047737 0.094440
vt 0.048028 0.101269
vt 0.040296 0.089967
vt 0.010190 0.747355
vt 0.005635 0.733337
vt 0.011133 0.738179
vt 0.165417 0.880289
vt 0.492418 0.743433
vt 0.426481 0.749202
vt 0.500345 0.730241
vt 0.662108 0.439574
vt 0.060822 0.090418
vt 0.727732 0.950508
vt 0.680503 0.935163
vt 0.735655 0.945785
vt 0.965194 0.399625
vt 0.755781 0.245199
vt 0.066941 0.432241
vt 0.074514 0.429485
vt 0.063189 0.454661
vt 0.059271 0.605055
vt 0.058603 0.578742
vt 0.065898 0.558699
vt 0.434054 0.947022
vt 0.437071 0.942714
vt 0.488710 0.943799
vt 0.082491 0.910364
vt 0.714300 0.936277
vt 0.742963 0.659822
vt 0.065785 0.396457
vt 0.396263 0.861979
vt 0.467410 0.868204
vt 0.367448 0.865731
vt 0.376614 0.963873
vt 0.179730 0.892236
vt 0.586789 0.598095
vt 0.588638 0.529682
vt 0.438832 0.284161
vt 0.431578 0.334933
vt 0.414603 0.364334
vt 0.082502 0.686928
vt 0.174089 0.995262
vt 0.140952 0.995262
vt 0.152553 0.991019
vt 0.498151 0.104849
vt 0.097769 0.201824
vt 0.754417 0.241580
vt 0.623893 0.134206
vt 0.598881 0.140336
vt 0.574118 0.133701
vt 0.011605 0.646237
vt 0.001606 0.660000
vt 0.002908 0.641322
vt 0.880423 0.159231
vt 0.011125 0.454307
vt 0.011125 0.473030
vt 0.006660 0.469291
vt 0.082846 0.972351
vt 0.087623 0.966796
vt 0.112261 0.964640
vt 0.062342 0.216019
vt 0.062342 0.270770
vt 0.059609 0.247817
vt 0.823445 0.034096
vt 0.791326 0.045731
vt 0.761625 0.045731
vt 0.869205 0.132035
vt 0.856089 0.114278
vt 0.862954 0.075346
vt 0.574856 0.460129
vt 0.739054 0.029981
vt 0.770929 0.039927
vt 0.949989 0.009763
vt 0.939939 0.021741
vt 0.924503 0.010254
vt 0.298002 0.010817
vt 0.326490 0.010817
vt 0.310634 0.022211
vt 0.948851 0.390060
vt 0.942761 0.360844
vt 0.950023 0.357458
vt 0.285099 0.980038
vt 0.272091 0.965592
vt 0.315317 0.979186
vt 0.978738 0.597262
vt 0.548495 0.134799
vt 0.572492 0.434569
vt 0.063606 0.387000
vt 0.063606 0.328955
vt 0.074097 0.354490
vt 0.288819 0.336008
vt 0.320298 0.904120
vt 0.392608 0.904120
vt 0.346187 0.913461
vt 0.180862 0.502418
vt 0.958380 0.573751
vt 0.963877 0.604926
vt 0.960687 0.649826
vt 0.790386 0.680442
vt 0.061459 0.515710
vt 0.060041 0.468545
vt 0.066992 0.484328
vt 0.047415 0.134627
vt 0.042571 0.126357
vt 0.062839 0.939172
vt 0.604001 0.016936
vt 0.582965 0.023206
vt 0.575510 0.016950
vt 0.155785 0.603981
vt 0.138997 0.551067
vt 0.142959 0.505785
vt 0.572320 0.022060
vt 0.588090 0.058749
vt 0.576880 0.053084
vt 0.603649 0.055115
vt 0.053354 0.322957
vt 0.053354 0.276129
vt 0.059451 0.276166
vt 0.489288 0.712919
vt 0.484707 0.716829
vt 0.587513 0.144957
vt 0.858496 0.189305
vt 0.874366 0.149214
vt 0.413302 0.450994
vt 0.714209 0.128732
vt 0.704698 0.135222
vt 0.329569 0.909288
vt 0.278832 0.924045
vt 0.295454 0.911076
vt 0.913409 0.014439
vt 0.928623 0.015157
vt 0.917714 0.023671
vt 0.978795 0.577468
vt 0.175671 0.036335
vt 0.103636 0.042638
vt 0.096179 0.034598
vt 0.267992 0.922389
vt 0.751362 0.686124
vt 0.579508 0.448992
vt 0.657766 0.150208
vt 0.689966 0.141374
vt 0.737138 0.145501
vt 0.268025 0.019275
vt 0.268025 0.000034
vt 0.283805 0.008464
vt 0.899579 0.135347
vt 0.912921 0.151787
vt 0.901578 0.146686
vt 0.264967 0.971535
vt 0.515762 0.059254
vt 0.106912 0.366292
vt 0.096064 0.354755
vt 0.108204 0.309446
vt 0.944753 0.339551
vt 0.865502 0.201585
vt 0.138659 0.215393
vt 0.750403 0.138016
vt 0.064060 0.965294
vt 0.634581 0.139617
vt 0.059896 0.442795
vt 0.058653 0.488091
vt 0.052401 0.455778
vt 0.804799 0.531275
vt 0.812612 0.575588
vt 0.791144 0.522936
vt 0.585576 0.615718
vt 0.576255 0.624883
vt 0.406868 0.433552
vt 0.012094 0.677972
vt 0.012094 0.693471
vt 0.008739 0.691674
vt 0.854372 0.190609
vt 0.899629 0.016310
vt 0.874414 0.127150
vt 0.946913 0.137413
vt 0.954042 0.183732
vt 0.941791 0.166463
vt 0.904408 0.208466
vt 0.002787 0.200782
vt 0.006024 0.209675
vt 0.002614 0.213853
vt 0.384778 0.016129
vt 0.389976 0.000132
vt 0.404856 0.012151
vt 0.132235 0.217653
vt 0.002154 0.326545
vt 0.002154 0.306077
vt 0.006992 0.323302
vt 0.709199 0.946221
vt 0.729144 0.953940
vt 0.718217 0.958188
vt 0.819321 0.932822
vt 0.771458 0.932822
vt 0.831693 0.928967
vt 0.232692 0.953052
vt 0.203832 0.940888
vt 0.229814 0.939516
vt 0.218006 0.927538
vt 0.207339 0.932402
vt 0.595743 0.143901
vt 0.471481 0.905068
vt 0.447486 0.911497
vt 0.399454 0.907409
vt 0.419911 0.436895
vt 0.057956 0.802674
vt 0.065999 0.821965
vt 0.056969 0.841330
vt 0.097500 0.206759
vt 0.949777 0.295916
vt 0.783616 0.686288
vt 0.194031 0.498754
vt 0.817844 0.151747
vt 0.760764 0.128740
vt 0.485128 0.710050
vt 0.537473 0.708468
vt 0.499298 0.109020
vt 0.702014 0.163443
vt 0.641129 0.152592
vt 0.634332 0.144606
vt 0.696679 0.067442
vt 0.755403 0.053493
vt 0.757289 0.064189
vt 0.200219 0.011475
vt 0.219796 0.010791
vt 0.222037 0.019696
vt 0.127248 0.289546
vt 0.636300 0.705150
vt 0.626241 0.664477
vt 0.642786 0.602728
vt 0.174826 0.993107
vt 0.198141 0.993107
vt 0.183519 0.996731
vt 0.695982 0.952543
vt 0.925785 0.249384
vt 0.918555 0.269248
vt 0.919524 0.241596
vt 0.008585 0.437614
vt 0.008585 0.457203
vt 0.000054 0.441297
vt 0.000690 0.813700
vt 0.009980 0.813862
vt 0.003034 0.822958
vt 0.169567 0.364672
vt 0.283802 0.199689
vt 0.370249 0.181582
vt 0.302390 0.204670
vt 0.911846 0.247784
vt 0.913566 0.988627
vt 0.890360 0.982409
vt 0.926714 0.983514
vt 0.065890 0.467014
vt 0.586585 0.438657
vt 0.064015 0.793324
vt 0.668540 0.755485
vt 0.611053 0.745400
vt 0.591107 0.724520
vt 0.064875 0.956401
vt 0.009924 0.535697
vt 0.011560 0.544972
vt 0.009274 0.553734
vt 0.142692 0.242575
vt 0.053866 0.490132
vt 0.057334 0.614529
vt 0.063922 0.621443
vt 0.057013 0.636258
vt 0.743405 0.687487
vt 0.539634 0.718403
vt 0.430429 0.498788
vt 0.736273 0.347626
vt 0.728181 0.355718
vt 0.716489 0.325309
vt 0.007368 0.695861
vt 0.001270 0.704570
vt 0.001796 0.688723
vt 0.594018 0.001061
vt 0.607064 0.008593
vt 0.586025 0.008072
vt 0.000058 0.849387
vt 0.000058 0.838621
vt 0.007564 0.843910
vt 0.004485 0.812205
vt 0.184483 0.930426
vt 0.635003 0.598026
vt 0.097312 0.293979
vt 0.526066 0.707422
vt 0.012862 0.110060
vt 0.016610 0.109399
vt 0.014935 0.133995
vt 0.055209 0.274283
vt 0.041844 0.242798
vt 0.043998 0.231815
vt 0.701797 0.930727
vt 0.647009 0.929223
vt 0.647009 0.923484
vt 0.002655 0.155929
vt 0.002655 0.145901
vt 0.005983 0.151685
vt 0.601459 0.147345
vt 0.725105 0.274629
vt 0.717035 0.282878
vt 0.739303 0.215615
vt 0.098215 0.218506
vt 0.100457 0.236961
vt 0.091108 0.224469
vt 0.953681 0.110351
vt 0.098819 0.764552
vt 0.110359 0.722284
vt 0.112055 0.736168
vt 0.708682 0.927691
vt 0.584510 0.008029
vt 0.570778 0.000101
vt 0.591823 0.000128
vt 0.608120 0.045703
vt 0.525518 0.045703
vt 0.548015 0.036614
vt 0.189908 0.939551
vt 0.646631 0.540065
vt 0.100317 0.683618
vt 0.168849 0.345110
vt 0.688484 0.921407
vt 0.696105 0.991533
vt 0.693173 0.981943
vt 0.709056 0.991446
vt 0.724470 0.410401
vt 0.586068 0.152511
vt 0.788445 0.770734
vt 0.538508 0.550605
vt 0.546155 0.549256
vt 0.531263 0.578422
vt 0.091296 0.296230
vt 0.058720 0.662401
vt 0.534101 0.050502
vt 0.575499 0.853067
vt 0.535321 0.577221
vt 0.133242 0.504488
vt 0.541036 0.516807
vt 0.515161 0.077230
vt 0.433961 0.076327
vt 0.507193 0.071652
vt 0.676852 0.935105
vt 0.507949 0.706844
vt 0.022255 0.802925
vt 0.027270 0.821641
vt 0.021002 0.844433
vt 0.949540 0.090659
vt 0.600709 0.205975
vt 0.530932 0.193672
vt 0.605558 0.199106
vt 0.722000 0.308884
vt 0.005540 0.880019
vt 0.009817 0.870518
vt 0.010534 0.876522
vt 0.781126 0.500263
vt 0.556250 0.478858
vt 0.791634 0.066050
vt 0.323315 0.953028
vt 0.302883 0.947554
vt 0.355653 0.946362
vt 0.557002 0.862646
vt 0.024147 0.298737
vt 0.024110 0.270820
vt 0.031784 0.296691
vt 0.123407 0.765678
vt 0.129794 0.768767
vt 0.137407 0.792199
vt 0.999383 0.390427
vt 0.999383 0.435793
vt 0.994520 0.433825
vt 0.969107 0.771531
vt 0.974999 0.787718
vt 0.970137 0.834160
vt 0.865066 0.785181
vt 0.858809 0.784302
vt 0.869894 0.751635
vt 0.023940 0.944206
vt 0.029932 0.949824
vt 0.023497 0.970903
vt 0.117025 0.694846
vt 0.124056 0.733027
vt 0.724979 0.912305
vt 0.787069 0.917737
vt 0.716996 0.920520
vt 0.491816 0.004014
vt 0.470582 0.004014
vt 0.489649 0.000559
vt 0.762594 0.919918
vt 0.762141 0.925102
vt 0.700312 0.922298
vt 0.907025 0.540950
vt 0.939009 0.517016
vt 0.921372 0.544795
vt 0.813733 0.655992
vt 0.803479 0.653244
vt 0.818729 0.629047
vt 0.424547 0.501770
vt 0.099078 0.288949
vt 0.043258 0.550258
vt 0.047189 0.527969
vt 0.046907 0.553535
vt 0.030365 0.981552
vt 0.777559 0.769840
vt 0.778574 0.716990
vt 0.903856 0.023228
vt 0.867485 0.023228
vt 0.867835 0.019963
vt 0.545615 0.180929
vt 0.736956 0.190956
vt 0.750468 0.182540
vt 0.785337 0.169849
vt 0.999916 0.605130
vt 0.997543 0.578009
vt 0.999034 0.543244
vt 0.117233 0.977276
vt 0.094712 0.979532
vt 0.096709 0.977276
vt 0.928300 0.928275
vt 0.866415 0.928275
vt 0.891023 0.919285
vt 0.538092 0.072467
vt 0.674327 0.480381
vt 0.677231 0.536291
vt 0.664795 0.546726
vt 0.727559 0.993159
vt 0.550074 0.472759
vt 0.850654 0.810052
vt 0.829802 0.824576
vt 0.160611 0.332564
vt 0.789671 0.486847
vt 0.972698 0.316010
vt 0.988133 0.323716
vt 0.995799 0.367189
vt 0.246569 0.937555
vt 0.302720 0.937555
vt 0.271751 0.943543
vt 0.001914 0.870489
vt 0.076311 0.682947
vt 0.083390 0.727432
vt 0.081017 0.754553
vt 0.053033 0.017545
vt 0.075016 0.010402
vt 0.074512 0.014435
vt 0.165129 0.322368
vt 0.160521 0.305073
vt 0.058594 0.557039
vt 0.656643 0.603329
vt 0.994552 0.299478
vt 0.161533 0.257002
vt 0.153856 0.222143
vt 0.161447 0.220805
vt 0.713434 0.188622
vt 0.241036 0.014264
vt 0.261247 0.010701
vt 0.266586 0.015214
vt 0.404161 0.209823
vt 0.403081 0.201991
vt 0.488601 0.196625
vt 0.263573 0.208662
vt 0.057077 0.957681
vt 0.166619 0.433041
vt 0.072300 0.977484
vt 0.241787 0.873643
vt 0.193410 0.870732
vt 0.198353 0.862005
vt 0.151219 0.799279
vt 0.865494 0.703371
vt 0.029885 0.637405
vt 0.022452 0.657826
vt 0.023765 0.617073
vt 0.103388 0.285131
vt 0.158424 0.436670
vt 0.141421 0.465188
vt 0.152320 0.265319
vt 0.223300 0.186678
vt 0.182597 0.184278
vt 0.742027 0.947057
vt 0.711935 0.933025
vt 0.769264 0.933823
vt 0.141820 0.173992
vt 0.819997 0.598818
vt 0.960702 0.963076
vt 0.985766 0.963809
vt 0.968293 0.973916
vt 0.474865 0.971381
vt 0.450577 0.968943
vt 0.461957 0.963928
vt 0.012144 0.712777
vt 0.008648 0.718831
vt 0.008181 0.703933
vt 0.492626 0.185902
vt 0.643907 0.618104
vt 0.834513 0.987927
vt 0.835366 0.992764
vt 0.801829 0.991830
vt 0.917015 0.352397
vt 0.913322 0.394616
vt 0.906122 0.351598
vt 0.510850 0.182354
vt 0.773740 0.169817
vt 0.228192 0.929992
vt 0.285527 0.929992
vt 0.235989 0.937387
vt 0.905139 0.302307
vt 0.916606 0.281197
vt 0.747571 0.717006
vt 0.660251 0.170790
vt 0.048139 0.528639
vt 0.055835 0.572283
vt 0.047824 0.574004
vt 0.030860 0.270184
vt 0.570506 0.163308
vt 0.025509 0.123032
vt 0.031401 0.139220
vt 0.026898 0.162029
vt 0.045601 0.572641
vt 0.023764 0.982624
vt 0.000645 0.874350
vt 0.559340 0.460557
vt 0.835360 0.548227
vt 0.827224 0.505797
vt 0.827224 0.467429
vt 0.936490 0.965470
vt 0.051340 0.619395
vt 0.047451 0.595445
vt 0.058240 0.611172
vt 0.006045 0.483311
vt 0.006045 0.502462
vt 0.000561 0.494472
vt 0.087307 0.692856
vt 0.150522 0.185158
vt 0.816063 0.460993
vt 0.814239 0.572709
vt 0.148683 0.311349
vt 0.045418 0.681563
vt 0.055700 0.703614
vt 0.046774 0.726974
vt 0.939012 0.612558
vt 0.781865 0.462244
vt 0.798061 0.447592
vt 0.821009 0.403071
vt 0.768400 0.980571
vt 0.779381 0.982152
vt 0.753242 0.992367
vt 0.629951 0.175122
vt 0.606940 0.171802
vt 0.641696 0.170164
vt 0.753491 0.985268
vt 0.541241 0.443620
vt 0.056489 0.573187
vt 0.010441 0.122682
vt 0.010441 0.130875
vt 0.005311 0.123774
vt 0.801455 0.417002
vt 0.118875 0.676379
vt 0.126219 0.687217
vt 0.743993 0.979686
vt 0.436692 0.536769
vt 0.727038 0.862337
vt 0.696801 0.863423
vt 0.670404 0.856349
vt 0.168267 0.866693
vt 0.076790 0.351067
vt 0.066698 0.333586
vt 0.077103 0.281047
vt 0.634003 0.523661
vt 0.027964 0.259189
vt 0.439346 0.962054
vt 0.401615 0.596428
vt 0.157493 0.302685
vt 0.499805 0.868771
vt 0.402682 0.861487
vt 0.491642 0.861922
vt 0.005704 0.129578
vt 0.167985 0.822106
vt 0.525646 0.618884
vt 0.423001 0.970417
vt 0.666351 0.529337
vt 0.512815 0.373682
vt 0.278589 0.864763
vt 0.334823 0.855765
vt 0.332149 0.864763
vt 0.646560 0.501571
vt 0.504331 0.854298
vt 0.000045 0.554598
vt 0.008085 0.562638
vt 0.000807 0.572943
vt 0.266073 0.015937
vt 0.244753 0.023697
vt 0.234435 0.016437
vt 0.143376 0.875800
vt 0.520870 0.601611
vt 0.848054 0.071743
vt 0.806739 0.082814
vt 0.749507 0.071150
vt 0.095074 0.024527
vt 0.095494 0.051593
vt 0.084596 0.054513
vt 0.083876 0.031310
vt 0.834904 0.417729
vt 0.111705 0.875418
vt 0.102702 0.879412
vt 0.090023 0.855567
vt 0.837874 0.461324
vt 0.835844 0.542549
vt 0.829472 0.464382
vt 0.099587 0.851213
vt 0.090642 0.845470
vt 0.073729 0.452836
vt 0.087348 0.498016
vt 0.081914 0.499255
vt 0.671986 0.704070
vt 0.651252 0.647718
vt 0.520602 0.623255
vt 0.144955 0.152574
vt 0.069160 0.886165
vt 0.069160 0.827757
vt 0.078706 0.883744
vt 0.644331 0.633914
vt 0.978277 0.614888
vt 0.985137 0.640490
vt 0.980898 0.680336
vt 0.174642 0.822605
vt 0.524224 0.637497
vt 0.640363 0.487599
vt 0.587783 0.989424
vt 0.609597 0.997364
vt 0.577903 0.996846
vt 0.916695 0.200661
vt 0.052373 0.410000
vt 0.052373 0.362866
vt 0.059415 0.409569
vt 0.087191 0.098948
vt 0.659753 0.683455
vt 0.653560 0.685321
vt 0.649166 0.462447
vt 0.369977 0.931556
vt 0.426771 0.931556
vt 0.415687 0.943444
vt 0.090393 0.804023
vt 0.632697 0.507899
vt 0.091946 0.300832
vt 0.077770 0.339780
vt 0.079389 0.266927
vt 0.742892 0.728516
vt 0.620083 0.913404
vt 0.675937 0.906822
vt 0.692925 0.911374
vt 0.641538 0.460977
vt 0.627519 0.455927
vt 0.074828 0.525314
vt 0.814122 0.528318
vt 0.062420 0.430647
vt 0.060039 0.403434
vt 0.062369 0.377788
vt 0.626113 0.866212
vt 0.086317 0.189674
vt 0.078317 0.191817
vt 0.082053 0.145368
vt 0.091469 0.575185
vt 0.093352 0.543543
vt 0.104161 0.547967
vt 0.661064 0.898588
vt 0.208670 0.961951
vt 0.204841 0.967419
vt 0.159725 0.963929
vt 0.218098 0.030003
vt 0.210013 0.037080
vt 0.181946 0.029559
vt 0.542875 0.967840
vt 0.534588 0.962038
vt 0.586347 0.964816
vt 0.380456 0.862776
vt 0.094889 0.496969
vt 0.838211 0.412227
vt 0.804676 0.524552
vt 0.079603 0.217945
vt 0.439613 0.888109
vt 0.484971 0.889367
vt 0.484971 0.896718
vt 0.209502 0.962114
vt 0.258486 0.962114
vt 0.227447 0.967256
vt 0.508742 0.038648
vt 0.524681 0.046081
vt 0.499884 0.044713
vt 0.611957 0.894373
vt 0.660210 0.891329
vt 0.664784 0.896781
vt 0.921686 0.159614
vt 0.747419 0.742758
vt 0.046386 0.465006
vt 0.051683 0.445235
vt 0.051083 0.490740
vt 0.518838 0.857764
vt 0.491591 0.842032
vt 0.533464 0.859187
vt 0.024304 0.724414
vt 0.019904 0.740834
vt 0.021712 0.699714
vt 0.963797 0.572569
vt 0.967385 0.613573
vt 0.958936 0.568855
vt 0.264193 0.028469
vt 0.230481 0.037060
vt 0.155565 0.015700
vt 0.160285 0.011739
vt 0.182849 0.014361
vt 0.526850 0.885294
vt 0.812214 0.486285
vt 0.481626 0.846175
vt 0.967149 0.538358
vt 0.874356 0.987609
vt 0.839567 0.987609
vt 0.843293 0.981903
vt 0.465510 0.044442
vt 0.462623 0.038269
vt 0.703591 0.892884
vt 0.324758 0.992814
vt 0.357152 0.982288
vt 0.346590 0.991426
vt 0.975168 0.379204
vt 0.980041 0.396916
vt 0.974228 0.389955
vt 0.459340 0.845458
vt 0.746505 0.769572
vt 0.898340 0.156124
vt 0.898196 0.213280
vt 0.888245 0.193797
vt 0.977445 0.445999
vt 0.337354 0.995813
vt 0.304922 0.995813
vt 0.319286 0.992500
vt 0.426902 0.858686
vt 0.026868 0.706527
vt 0.026868 0.747741
vt 0.022928 0.747688
vt 0.852460 0.975512
vt 0.803028 0.975512
vt 0.803391 0.972659
vt 0.008271 0.088854
vt 0.004650 0.083870
vt 0.008562 0.083402
vt 0.442290 0.042294
vt 0.836581 0.968914
vt 0.850483 0.964013
vt 0.885980 0.967119
vt 0.885514 0.964281
vt 0.836107 0.020698
vt 0.857017 0.011822
vt 0.862064 0.013907
vt 0.012876 0.539843
vt 0.015579 0.538859
vt 0.013579 0.567848
vt 0.085555 0.410324
vt 0.085555 0.336627
vt 0.096355 0.378021
vt 0.895379 0.267148
vt 0.797518 0.944674
vt 0.786078 0.952684
vt 0.743640 0.947292
vt 0.329951 0.852074
s 1
usemtl Material.001
f 1195/1/1 1197/2/1 1198/3/1
f 1195/4/2 1198/5/2 1196/6/2
f 1195/7/3 1196/8/3 1201/9/3
f 813/10/4 869/11/4 868/12/4
f 868/13/5 872/14/6 869/15/7
f 1198/16/8 1197/17/8 1199/18/8
f 868/19/5 870/20/9 872/21/6
f 868/22/5 869/23/7 870/24/9
f 1195/25/10 1201/26/10 1197/27/10
f 1196/28/11 1198/29/12 1200/30/13
f 1198/31/14 1199/32/14 1200/33/14
f 1260/34/15 1259/35/15 1258/36/15
f 1197/37/16 1201/38/16 1199/39/16
f 1260/40/17 1274/41/17 1259/42/17
f 872/14/6 871/43/18 869/15/7
f 872/21/6 870/20/9 875/44/19
f 1199/45/20 1201/46/21 1200/47/13
f 869/23/7 873/48/22 870/24/9
f 1259/49/23 1263/50/23 1260/51/23
f 1271/52/24 1261/53/25 1266/54/26
f 1266/54/26 1261/53/25 1262/55/27
f 1274/56/28 1260/57/29 1263/58/30
f 872/59/6 875/60/19 871/61/18
f 1259/62/31 1267/63/32 1263/64/30
f 1266/65/26 1262/66/27 1269/67/33
f 1265/68/34 1268/69/35 1264/70/36
f 1271/71/37 1269/72/37 1262/73/37
f 1266/65/26 1269/67/33 1265/74/38
f 1265/75/38 1268/76/39 1266/77/26
f 1266/77/26 1268/76/39 1271/78/24
f 1201/79/21 1196/80/11 1202/81/40
f 870/24/9 873/48/22 875/82/19
f 1274/83/28 1267/84/32 1259/85/31
f 869/15/7 871/43/18 873/86/22
f 1201/87/21 1213/88/41 1203/89/42
f 1261/53/25 1277/90/43 1262/55/27
f 1268/69/44 1265/68/38 1269/91/33
f 1271/92/45 1268/93/45 1269/94/45
f 1196/28/11 1200/30/13 1202/95/40
f 1274/83/28 1270/96/46 1267/84/32
f 1262/97/27 1290/98/47 1271/99/48
f 1271/100/49 1290/101/49 1261/102/49
f 1203/103/42 1204/104/50 1201/46/21
f 1201/79/21 1202/81/40 1213/105/41
f 875/60/19 873/106/22 871/61/18
f 1200/47/13 1201/46/21 1204/104/50
f 1274/107/28 1272/108/51 1270/109/46
f 1262/97/27 1277/110/43 1290/98/47
f 1272/108/51 1280/111/52 1270/109/46
f 1274/56/28 1263/58/30 1273/112/53
f 875/113/54 873/114/54 876/115/54
f 875/116/55 874/117/55 873/118/55
f 1272/119/51 1274/120/28 1275/121/56
f 1263/64/30 1267/63/32 1273/122/53
f 1274/123/28 1273/124/53 1275/125/56
f 874/126/57 878/127/57 873/128/57
f 1276/129/58 1272/119/51 1275/121/56
f 1261/130/59 1290/131/59 1277/132/59
f 875/133/60 880/134/61 874/135/62
f 1267/136/32 1270/137/46 1273/138/53
f 875/133/60 876/139/63 880/134/61
f 1276/129/58 1278/140/64 1272/119/51
f 1202/95/40 1200/30/13 1204/141/50
f 1272/142/51 1278/143/64 1279/144/65
f 1276/145/58 1275/146/56 1288/147/66
f 1272/142/51 1279/144/65 1280/148/52
f 1270/137/46 1280/149/52 1273/138/53
f 873/150/67 878/151/68 877/152/69
f 873/153/70 877/154/70 876/155/70
f 880/156/71 876/157/71 877/158/71
f 1277/110/72 1298/159/73 1290/98/74
f 1284/160/75 1281/161/76 1282/162/77
f 1282/163/77 1283/164/78 1284/165/75
f 1284/160/75 1287/166/79 1281/161/76
f 1275/125/56 1273/124/53 1288/167/66
f 1282/162/77 1281/161/76 1285/168/80
f 1280/149/52 1279/169/65 1273/138/53
f 1276/170/81 1289/171/81 1278/172/81
f 1276/145/58 1288/147/66 1289/173/82
f 1282/174/83 1338/175/83 1283/176/83
f 880/177/61 878/178/68 874/179/62
f 1279/180/84 1278/181/84 1296/182/84
f 1285/183/80 1281/184/76 1286/185/85
f 1281/184/76 1287/186/79 1286/185/85
f 1284/160/75 1289/187/86 1287/166/79
f 880/188/87 877/189/87 879/190/87
f 1278/191/88 1289/187/86 1284/160/75
f 1296/192/89 1300/193/89 1279/194/89
f 1273/195/53 1279/196/65 1288/197/66
f 1282/198/90 1285/199/90 1335/200/90
f 1287/186/79 1289/201/86 1293/202/91
f 1287/186/79 1293/202/91 1286/185/85
f 1288/197/66 1279/196/65 1300/203/92
f 1338/204/93 1294/205/94 1283/206/78
f 1338/204/93 1297/207/95 1294/205/94
f 1290/208/96 1303/209/96 1298/210/96
f 1213/88/41 1214/211/97 1203/89/42
f 1284/165/75 1283/164/78 1295/212/98
f 1296/213/99 1278/214/88 1291/215/100
f 1278/214/88 1284/165/75 1291/215/100
f 880/177/61 881/216/101 878/178/68
f 880/217/61 879/218/102 882/219/103
f 878/151/68 881/220/101 877/152/69
f 877/221/104 885/222/105 879/223/106
f 1335/224/107 1285/225/80 1336/226/108
f 1205/227/109 1520/228/110 1487/229/111
f 1284/165/75 1295/212/98 1291/215/100
f 1283/206/78 1294/205/94 1292/230/112
f 1205/227/109 1206/231/113 1520/228/110
f 1289/232/82 1288/197/66 1300/203/92
f 1205/227/109 1487/229/111 1207/233/114
f 1338/204/93 1340/234/115 1297/207/95
f 882/235/116 879/236/116 886/237/116
f 1335/238/107 1337/239/117 1282/240/118
f 814/241/119 821/242/120 823/243/121
f 1293/244/91 1294/245/94 1286/246/85
f 1295/247/98 1283/206/78 1292/230/112
f 880/217/61 882/219/103 881/248/101
f 1205/227/109 1208/249/122 1206/231/113
f 1296/250/123 1291/251/123 1300/252/123
f 1205/227/109 1209/253/124 1208/249/122
f 1335/238/107 1348/254/125 1337/239/117
f 814/241/119 823/243/121 831/255/126
f 1213/105/41 1202/81/40 1210/256/127
f 881/257/101 882/258/103 888/259/128
f 1294/245/94 1297/260/95 1286/246/85
f 1204/104/50 1203/103/42 1211/261/129
f 1297/260/95 1340/262/115 1339/263/130
f 1520/264/110 1206/265/113 1484/266/131
f 1282/267/132 1337/268/132 1338/269/132
f 1285/183/80 1286/185/85 1339/270/130
f 1291/271/133 1306/272/133 1300/273/133
f 1286/246/85 1297/260/95 1339/263/130
f 726/274/134 725/275/135 723/276/136
f 1336/226/108 1285/225/80 1339/277/130
f 821/278/120 814/279/119 830/280/137
f 814/279/119 818/281/138 830/280/137
f 1205/227/109 1207/233/114 1256/282/139
f 1487/283/111 1486/284/140 1207/285/114
f 815/286/141 817/287/141 828/288/141
f 882/289/142 887/290/143 885/291/105
f 1292/292/112 1294/245/94 1293/244/91
f 1298/293/144 1299/294/145 1304/295/146
f 815/296/147 828/297/148 824/298/149
f 814/279/119 816/299/150 818/281/138
f 815/300/147 825/301/151 817/302/152
f 823/303/153 818/304/138 819/305/154
f 1300/306/155 1301/307/155 1289/308/155
f 877/309/156 881/310/156 885/311/156
f 815/300/147 829/312/157 825/301/151
f 1298/313/144 1307/314/158 1299/315/145
f 888/259/128 882/258/103 883/316/159
f 1289/201/86 1301/317/160 1293/202/91
f 1295/247/98 1292/230/112 1305/318/161
f 823/319/162 819/320/162 831/321/162
f 725/275/135 727/322/163 723/276/136
f 1203/103/42 1214/323/97 1211/261/129
f 1298/324/164 1304/325/164 1303/326/164
f 1209/253/124 1205/227/109 1256/282/139
f 1206/231/113 1208/249/122 1212/327/165
f 828/328/166 817/329/152 720/330/167
f 1256/282/139 1207/233/114 1255/331/168
f 823/332/169 830/333/169 818/334/169
f 723/335/136 727/336/163 721/337/170
f 1293/244/91 1301/338/160 1292/292/112
f 1337/339/171 1340/340/115 1338/341/93
f 1298/313/144 1303/342/172 1307/314/158
f 822/343/173 820/344/174 821/345/175
f 723/346/176 729/347/176 726/348/176
f 1300/349/177 1306/350/178 1301/351/160
f 818/304/138 816/352/150 819/305/154
f 881/353/101 884/354/179 885/355/105
f 831/356/180 819/357/180 842/358/180
f 830/359/137 822/343/181 821/345/120
f 882/360/142 886/361/182 887/362/143
f 831/363/126 816/364/150 814/365/119
f 1520/264/110 1484/266/131 1525/366/183
f 885/367/105 884/368/179 882/369/142
f 821/370/120 822/371/181 823/372/121
f 1291/215/100 1295/212/98 1306/373/178
f 826/374/184 829/375/157 815/376/147
f 1206/231/113 1212/327/165 1484/377/131
f 828/378/166 720/379/167 722/380/185
f 815/296/147 824/298/149 826/381/184
f 1342/382/186 1352/383/187 1354/384/186
f 1487/283/111 1529/385/188 1486/284/140
f 824/386/149 832/387/189 833/388/190
f 1207/389/114 1486/390/140 1255/391/168
f 723/392/136 724/393/191 729/394/192
f 829/395/193 834/396/193 825/397/193
f 826/398/184 824/386/149 833/388/190
f 1256/399/139 1224/400/194 1209/401/124
f 727/402/195 725/403/195 728/404/195
f 723/335/136 721/337/170 724/405/191
f 817/302/152 825/301/151 827/406/196
f 777/407/197 812/408/198 776/409/199
f 726/410/200 729/411/200 725/412/200
f 828/378/166 722/380/185 832/413/189
f 828/414/201 832/415/201 824/416/201
f 829/417/157 843/418/202 834/419/203
f 1306/373/178 1295/212/98 1302/420/204
f 777/407/197 776/409/199 811/421/205
f 1348/422/125 1335/224/107 1336/226/108
f 1299/294/145 1309/423/206 1304/295/146
f 1487/424/111 1485/425/207 1529/426/188
f 1340/340/115 1337/339/171 1351/427/208
f 1213/428/41 1210/429/127 1214/430/97
f 1486/431/209 1529/432/209 1489/433/209
f 1295/247/98 1305/318/161 1302/434/204
f 885/222/105 887/435/143 879/223/106
f 1487/436/210 1520/437/210 1485/438/210
f 811/421/205 776/409/199 781/439/211
f 829/417/157 842/440/212 843/418/202
f 829/375/157 826/374/184 842/441/212
f 1303/442/172 1304/443/146 1309/444/206
f 1486/390/140 1228/445/213 1255/391/168
f 823/372/121 822/371/181 830/446/137
f 1301/338/160 1305/447/161 1292/292/112
f 1484/448/131 1488/449/214 1525/450/183
f 777/451/215 778/452/215 812/453/215
f 1204/454/216 1222/455/216 1202/456/216
f 1256/457/139 1255/391/168 1215/458/217
f 1486/459/218 1489/460/219 1226/461/220
f 1352/462/221 1342/463/221 1353/464/221
f 777/465/197 811/466/205 778/467/222
f 842/468/223 826/469/223 831/470/223
f 1302/420/204 1299/471/145 1306/373/178
f 1336/472/108 1339/473/130 1357/474/224
f 832/475/189 838/476/225 833/477/190
f 811/466/205 779/478/226 778/467/222
f 1299/315/145 1307/314/158 1306/479/178
f 1212/327/165 1219/480/227 1484/377/131
f 842/481/228 819/482/228 841/483/228
f 825/484/229 834/485/203 835/486/230
f 727/487/163 728/488/231 721/489/170
f 729/490/232 728/491/231 725/492/233
f 1302/434/204 1309/423/206 1299/294/145
f 1208/493/122 1219/480/227 1212/327/165
f 1208/493/122 1216/494/234 1219/480/227
f 1340/495/115 1351/496/208 1357/497/224
f 826/498/235 839/499/236 831/363/126
f 1340/495/115 1357/497/224 1339/500/130
f 831/363/126 839/499/236 816/364/150
f 778/501/222 780/502/237 812/503/198
f 816/352/150 839/504/236 819/305/154
f 1210/429/127 1217/505/238 1214/430/97
f 1302/434/204 1305/318/161 1309/423/206
f 1342/506/239 1341/507/239 1343/508/239
f 812/408/198 738/509/240 776/409/199
f 825/484/229 835/486/230 838/510/225
f 1306/350/178 1307/511/158 1301/351/160
f 1342/512/241 1343/513/242 1353/514/243
f 1204/515/50 1211/516/129 1222/517/244
f 834/419/203 843/418/202 836/518/245
f 1484/519/131 1219/520/227 1494/521/246
f 811/522/205 781/523/211 782/524/247
f 1337/525/248 1348/526/248 1344/527/248
f 1307/528/158 1303/442/172 1309/444/206
f 882/369/142 884/368/179 891/529/249
f 822/530/250 820/531/250 837/532/250
f 833/388/190 838/533/225 835/534/230
f 881/353/101 890/535/251 884/354/179
f 825/536/252 838/537/252 827/538/252
f 819/305/154 839/504/236 841/539/253
f 881/540/101 888/541/128 890/542/251
f 811/466/205 782/543/247 779/478/226
f 1344/544/254 1351/427/208 1337/339/171
f 1348/545/255 1336/546/255 1345/547/255
f 882/548/256 891/549/256 883/550/256
f 889/551/257 890/542/251 888/541/128
f 887/362/258 886/361/259 897/552/260
f 1336/472/108 1357/474/224 1345/553/261
f 839/554/262 826/555/262 840/556/262
f 879/223/106 887/435/143 886/557/263
f 833/388/190 840/558/264 826/398/184
f 1484/519/131 1494/521/246 1488/559/214
f 833/388/190 844/560/265 840/558/264
f 1202/561/40 1222/562/244 1210/563/127
f 1226/461/220 1489/460/219 1490/564/266
f 1353/514/243 1343/513/242 1346/565/267
f 833/388/190 835/534/230 844/560/265
f 1301/338/160 1308/566/268 1305/447/161
f 1342/382/186 1354/384/186 1341/567/269
f 738/509/240 812/408/198 747/568/270
f 730/569/271 731/570/272 732/571/273
f 1307/528/158 1309/444/206 1308/572/268
f 817/329/152 745/573/274 720/330/167
f 840/574/275 841/575/253 839/576/236
f 842/577/212 841/575/253 843/578/202
f 1348/579/276 1349/580/277 1344/581/278
f 1307/511/158 1308/582/268 1301/351/160
f 730/583/271 732/584/273 735/585/279
f 1345/586/261 1347/587/280 1348/588/276
f 843/589/281 840/590/281 836/591/281
f 732/584/273 733/592/282 735/585/279
f 1215/593/217 1224/400/194 1256/399/139
f 812/594/198 780/595/237 747/596/270
f 1348/588/276 1347/587/280 1349/597/277
f 888/598/128 883/599/159 889/600/257
f 840/601/283 844/602/283 836/603/283
f 1309/604/206 1305/447/161 1308/566/268
f 1215/458/217 1255/391/168 1234/605/284
f 884/606/179 890/607/251 891/608/249
f 843/578/202 841/575/253 840/574/275
f 778/501/222 785/609/285 780/502/237
f 779/478/226 782/610/247 783/611/286
f 732/571/273 731/570/272 788/612/287
f 1209/401/124 1223/613/288 1208/614/122
f 887/435/258 901/615/289 886/557/290
f 883/616/291 891/617/249 892/618/292
f 730/583/271 735/585/279 724/393/191
f 724/393/191 735/585/279 729/394/192
f 1224/400/194 1223/613/288 1209/401/124
f 1214/323/97 1217/619/238 1211/261/129
f 1345/620/261 1350/621/293 1347/622/280
f 827/623/294 838/624/294 739/625/294
f 724/405/191 721/337/170 734/626/295
f 721/489/170 728/488/231 737/627/296
f 836/628/245 835/486/230 834/485/203
f 1255/391/168 1228/445/213 1234/605/284
f 776/409/199 786/629/297 781/439/211
f 1520/630/110 1492/631/298 1485/425/207
f 1529/632/188 1490/564/266 1489/460/219
f 838/633/225 832/634/189 739/635/299
f 721/489/170 737/627/296 734/636/295
f 732/584/273 788/637/287 733/592/282
f 729/638/300 735/639/300 749/640/300
f 780/595/237 793/641/301 784/642/302
f 1357/643/224 1351/644/208 1360/645/303
f 836/628/245 844/646/265 835/486/230
f 887/647/258 897/648/260 901/649/289
f 1345/620/261 1363/650/304 1350/621/293
f 817/651/152 827/652/196 770/653/305
f 780/595/237 785/654/285 793/641/301
f 731/570/272 736/655/306 773/656/307
f 781/523/211 786/657/297 782/524/247
f 1223/613/288 1221/658/308 1208/614/122
f 729/490/232 737/659/296 728/491/231
f 901/660/309 897/661/309 886/662/309
f 730/663/271 724/405/191 740/664/310
f 730/663/271 740/664/310 731/570/272
f 780/595/237 784/642/302 747/596/270
f 1347/587/280 1364/665/311 1349/597/277
f 776/666/312 788/667/312 786/668/312
f 733/669/282 749/670/313 735/671/279
f 1352/672/314 1353/673/314 1354/674/314
f 1208/493/122 1221/675/308 1216/494/234
f 1344/581/278 1349/580/277 1355/676/315
f 817/651/152 770/653/305 745/677/274
f 1344/678/316 1355/679/316 1351/680/316
f 1216/681/317 1218/682/317 1219/683/317
f 1345/684/261 1356/685/318 1363/686/304
f 729/490/232 749/687/313 737/659/296
f 788/612/287 731/570/272 773/656/307
f 1363/688/319 1356/689/319 1233/690/319
f 1226/691/220 1493/692/320 1225/693/321
f 1211/516/129 1220/694/322 1222/517/244
f 1345/684/261 1357/695/224 1361/696/323
f 1211/261/129 1217/619/238 1220/697/322
f 778/501/222 787/698/324 785/609/285
f 1347/699/325 1358/700/325 1364/701/325
f 1353/702/243 1346/703/267 1236/704/326
f 1494/705/246 1521/706/327 1488/449/214
f 832/634/189 722/707/185 739/635/299
f 1345/684/261 1361/696/323 1356/685/318
f 778/501/222 789/708/328 787/698/324
f 731/570/272 740/664/310 736/655/306
f 724/405/191 734/626/295 740/664/310
f 1222/562/244 1221/709/308 1210/563/127
f 776/409/199 738/509/240 788/710/329
f 1350/621/293 1359/711/330 1347/712/280
f 892/618/292 891/617/249 896/713/331
f 778/467/222 801/714/332 789/715/328
f 1520/716/110 1491/717/333 1492/718/298
f 1351/644/208 1358/719/334 1360/645/303
f 1347/712/280 1359/711/330 1358/720/334
f 883/721/335 892/722/335 893/723/335
f 770/724/336 827/725/336 759/726/336
f 783/727/286 782/728/247 798/729/337
f 883/599/159 893/730/338 889/600/257
f 1357/731/224 1360/732/303 1361/733/323
f 1351/644/208 1355/734/315 1358/719/334
f 778/467/222 790/735/339 801/714/332
f 1341/736/340 1365/737/340 1343/738/340
f 1222/739/244 1220/740/322 1221/741/308
f 1363/650/304 1362/742/341 1350/621/293
f 788/743/342 738/744/342 733/745/342
f 1218/746/343 1225/747/321 1493/748/320
f 1218/746/343 1493/748/320 1219/749/227
f 787/750/324 789/751/328 791/752/344
f 1363/753/345 1233/754/345 1368/755/345
f 778/467/222 779/478/226 790/735/339
f 1210/429/127 1224/756/346 1217/505/238
f 747/596/270 784/642/302 802/757/347
f 901/649/348 897/648/349 902/758/350
f 1350/621/293 1362/742/341 1366/759/351
f 1226/691/220 1490/760/266 1493/692/320
f 779/478/226 792/761/352 790/735/339
f 1210/762/353 1223/763/353 1224/764/353
f 793/765/301 794/766/354 784/767/302
f 1218/768/355 1216/494/234 1257/769/356
f 782/728/247 796/770/357 798/729/337
f 782/728/247 795/771/358 796/770/357
f 788/612/287 773/656/307 786/772/297
f 739/773/299 759/774/359 827/775/360
f 784/767/302 794/766/354 796/776/357
f 1218/777/361 1257/778/361 1225/779/361
f 1364/780/362 1358/781/363 1373/782/364
f 787/783/324 809/784/365 785/654/285
f 1520/264/110 1525/366/183 1491/785/333
f 1343/786/242 1365/787/366 1346/788/267
f 733/669/282 744/789/367 749/670/313
f 734/626/295 748/790/368 740/664/310
f 745/791/274 722/380/185 720/379/167
f 1210/792/369 1221/793/369 1223/794/369
f 889/551/257 895/795/370 890/542/251
f 1363/650/304 1368/796/371 1362/742/341
f 1358/797/334 1359/798/330 1360/799/303
f 893/800/372 892/618/292 896/713/331
f 793/641/301 785/654/285 804/801/373
f 779/478/226 783/611/286 792/761/352
f 790/802/339 797/803/374 801/804/332
f 1349/580/277 1364/805/311 1355/676/315
f 1346/703/267 1232/806/375 1236/704/326
f 1346/788/267 1365/787/366 1232/807/375
f 796/776/357 794/766/354 798/808/337
f 1486/809/376 1226/810/376 1229/811/376
f 1225/812/377 1257/813/377 1226/814/377
f 1362/815/341 1370/816/378 1366/817/351
f 740/818/310 741/819/379 742/820/380
f 740/818/310 742/820/380 736/821/306
f 1355/822/315 1367/823/381 1358/824/334
f 1361/733/323 1360/732/303 1356/825/318
f 901/826/382 900/827/382 897/828/382
f 1234/605/284 1228/445/213 1227/829/383
f 942/830/384 943/831/384 894/832/384
f 793/765/301 799/833/385 794/766/354
f 794/766/354 800/834/386 798/808/337
f 1233/835/387 1356/836/387 1372/837/387
f 943/838/388 908/839/389 894/840/390
f 789/751/328 801/841/332 791/752/344
f 749/842/313 743/843/391 737/844/296
f 943/838/388 906/845/392 908/839/389
f 802/846/347 784/767/302 796/776/357
f 744/847/367 774/848/393 749/849/313
f 1350/621/293 1366/759/351 1359/711/330
f 942/850/394 949/851/395 944/852/396
f 1486/853/140 1229/854/397 1228/855/213
f 1362/815/341 1368/856/371 1370/816/378
f 942/850/394 894/857/398 949/851/395
f 745/858/274 746/859/399 722/860/185
f 901/861/400 899/862/400 900/863/400
f 1226/864/401 1257/865/356 1229/866/402
f 786/657/297 803/867/403 782/524/247
f 794/766/354 799/833/385 800/834/386
f 1360/732/303 1369/868/404 1356/825/318
f 793/765/301 804/869/373 799/833/385
f 1485/425/207 1507/870/405 1529/426/188
f 1354/871/406 1353/872/406 1239/873/406
f 889/600/257 893/730/338 895/874/370
f 1494/875/246 1219/876/227 1521/877/327
f 1529/632/188 1528/878/407 1490/564/266
f 1224/879/408 1230/880/408 1217/881/408
f 783/727/286 798/729/337 800/882/386
f 1215/593/217 1231/883/409 1224/400/194
f 1366/884/351 1370/885/378 1359/798/330
f 785/654/285 809/784/365 804/801/373
f 1364/805/311 1310/886/410 1355/676/315
f 738/887/240 747/888/270 755/889/411
f 1493/748/320 1495/890/412 1219/749/227
f 1359/798/330 1370/885/378 1360/799/303
f 1217/619/238 1230/891/413 1220/697/322
f 943/892/388 947/893/414 946/894/415
f 894/895/416 907/896/416 949/897/416
f 782/728/247 803/898/403 795/771/358
f 1353/702/243 1236/704/326 1239/899/417
f 890/607/251 895/900/370 896/901/331
f 890/607/251 896/901/331 891/608/249
f 787/750/324 791/752/344 807/902/418
f 740/818/310 748/903/368 741/819/379
f 1364/780/362 1373/782/364 1374/904/419
f 943/905/388 946/906/415 906/907/392
f 897/908/349 900/909/420 902/910/350
f 1488/449/214 1496/911/421 1525/450/183
f 898/912/422 899/913/422 903/914/422
f 737/844/296 743/843/391 758/915/423
f 738/887/240 755/889/411 733/916/424
f 733/917/425 755/918/425 744/919/425
f 942/850/394 944/852/396 945/920/426
f 773/921/307 736/821/306 786/922/297
f 908/923/427 907/924/427 894/925/427
f 1216/494/234 1221/675/308 1257/769/356
f 942/926/394 947/893/414 943/892/388
f 1233/927/428 1341/928/428 1368/929/428
f 796/770/357 795/771/358 805/930/429
f 899/931/430 898/932/430 900/933/430
f 1341/934/431 1232/935/431 1365/936/431
f 1368/856/371 1371/937/432 1370/816/378
f 1490/564/266 1528/878/407 1493/938/320
f 792/939/352 808/940/433 790/802/339
f 734/941/295 737/942/296 758/943/423
f 1233/944/434 1372/945/435 1341/946/436
f 1356/947/318 1369/948/404 1372/949/435
f 797/803/374 790/802/339 808/940/433
f 1355/822/315 1310/950/410 1376/951/437
f 901/952/438 902/953/438 899/954/438
f 1234/955/284 1231/883/409 1215/593/217
f 749/956/313 751/957/439 743/958/391
f 796/776/357 805/959/429 802/846/347
f 903/960/440 898/961/441 904/962/440
f 747/596/270 802/757/347 755/963/411
f 746/859/399 769/964/442 722/860/185
f 1488/449/214 1521/706/327 1496/911/421
f 893/965/443 905/966/443 907/967/443
f 1360/799/303 1370/885/378 1369/948/404
f 783/727/286 806/968/444 792/969/352
f 908/970/445 906/971/445 893/972/445
f 1355/822/315 1376/951/437 1367/823/381
f 1370/885/378 1371/973/432 1369/948/404
f 899/974/446 909/975/446 903/976/446
f 1220/740/322 1230/977/413 1221/741/308
f 1234/605/284 1227/829/383 1231/978/409
f 1503/979/447 1499/980/448 1497/981/449
f 774/848/393 750/982/450 749/849/313
f 749/956/313 750/983/450 751/957/439
f 744/847/367 753/984/451 774/848/393
f 722/707/185 769/985/442 739/635/299
f 1491/717/333 1498/986/452 1492/718/298
f 893/987/453 906/988/453 895/989/453
f 947/990/414 948/991/454 946/992/415
f 900/909/420 898/961/455 909/993/456
f 1367/994/381 1314/995/457 1358/996/334
f 893/997/458 907/998/458 908/999/458
f 898/961/455 903/960/459 909/993/456
f 1221/1000/308 1235/1001/460 1257/1002/356
f 906/907/392 946/906/415 895/1003/370
f 809/1004/365 787/750/324 807/902/418
f 947/1005/414 950/1006/461 948/1007/454
f 1364/1008/462 1311/1009/462 1310/1010/462
f 1358/1011/463 1314/1012/463 1373/1013/463
f 741/1014/379 751/1015/439 742/1016/380
f 742/1016/380 751/1015/439 750/1017/450
f 1239/1018/417 1236/1019/326 1237/1020/464
f 1499/1021/448 1503/1022/447 1500/1023/465
f 899/1024/466 902/1025/466 909/1026/466
f 900/909/420 909/993/456 902/910/350
f 804/869/373 807/1027/418 799/833/385
f 801/804/332 797/803/374 791/1028/344
f 1372/949/435 1369/948/404 1371/973/432
f 1219/876/227 1495/1029/412 1521/877/327
f 783/727/286 800/882/386 806/968/444
f 1341/1030/467 1354/1031/467 1368/1032/467
f 736/821/306 803/1033/403 786/922/297
f 745/858/274 756/1034/468 754/1035/469
f 745/858/274 754/1035/469 746/859/399
f 893/1036/470 896/1037/470 910/1038/470
f 1374/1039/471 1375/1040/471 1364/1041/471
f 893/1042/472 910/1043/472 905/1044/472
f 1341/946/436 1372/945/435 1232/1045/375
f 1368/1046/371 1238/1047/473 1371/1048/432
f 1522/1049/474 1501/1050/475 1523/1051/476
f 1485/425/207 1492/631/298 1507/870/405
f 734/941/295 758/943/423 752/1052/477
f 736/821/306 742/820/380 803/1033/403
f 792/969/352 806/968/444 808/1053/433
f 1364/1054/478 1375/1055/479 1311/1056/480
f 809/1057/365 807/1027/418 804/869/373
f 895/1003/370 907/1058/481 896/1059/331
f 949/1060/395 948/991/454 951/1061/482
f 1374/904/419 1314/1062/457 1375/1063/479
f 1221/1000/308 1230/1064/413 1235/1001/460
f 944/852/396 949/1065/395 951/1066/482
f 1497/981/449 1524/1067/483 1503/979/447
f 950/1068/461 951/1069/482 948/1070/454
f 739/773/299 761/1071/484 759/774/359
f 1522/1072/474 1523/1073/476 1502/1074/485
f 791/1028/344 797/803/374 808/940/433
f 1373/782/364 1314/1062/457 1374/904/419
f 1503/1075/486 1524/1076/486 1500/1077/486
f 1367/994/381 1376/1078/437 1314/995/457
f 744/847/367 755/1079/411 753/984/451
f 1523/1051/476 1501/1050/475 1512/1080/487
f 895/1003/370 946/906/415 907/1058/481
f 734/626/295 752/1081/477 748/790/368
f 1500/1023/465 1249/1082/488 1499/1021/448
f 1500/1023/465 1514/1083/489 1249/1082/488
f 1522/1084/474 1506/1085/490 1501/1086/475
f 1512/1080/487 1501/1050/475 1527/1087/491
f 1368/1046/371 1242/1088/492 1238/1047/473
f 753/1089/451 750/1017/450 774/1090/393
f 1522/1091/474 1502/1092/485 1530/1093/493
f 1310/1094/410 1311/1095/480 1376/1096/437
f 1522/1091/474 1530/1093/493 1506/1097/490
f 748/903/368 775/1098/494 741/819/379
f 1493/748/320 1504/1099/495 1495/890/412
f 800/834/386 799/833/385 806/1100/444
f 1257/865/356 1235/1101/460 1229/866/402
f 1491/717/333 1506/1102/490 1498/986/452
f 942/926/394 957/1103/496 947/893/414
f 905/1104/497 910/1105/498 907/1106/481
f 805/930/429 795/771/358 757/1107/499
f 1525/1108/183 1496/1109/421 1491/1110/333
f 1231/883/409 996/1111/500 1224/400/194
f 947/1005/414 957/1112/496 950/1006/461
f 1512/1113/487 1505/1114/501 1523/1073/476
f 1498/1115/452 1507/870/405 1492/631/298
f 948/991/454 949/1060/395 946/992/415
f 1497/1116/502 1499/1117/502 1511/1118/502
f 1354/1119/503 1242/1120/492 1368/1121/371
f 945/1122/426 952/1123/504 942/1124/394
f 746/1125/399 754/1126/469 769/1127/442
f 1506/1085/490 1526/1128/505 1501/1086/475
f 1523/1073/476 1505/1114/501 1502/1074/485
f 1236/1129/326 1232/1130/375 1237/1131/464
f 808/1132/433 806/1100/444 799/833/385
f 791/1133/344 808/1132/433 807/1134/418
f 1491/1110/333 1496/1109/421 1506/1135/490
f 1498/1115/452 1506/1136/490 1507/870/405
f 803/1137/403 742/1016/380 750/1017/450
f 1224/1138/194 1001/1139/506 1230/1140/413
f 946/1141/507 949/1142/507 907/1143/507
f 741/1144/379 775/1145/494 751/1146/439
f 1354/1147/508 1239/1148/508 1241/1149/508
f 802/1150/347 805/1151/429 755/1152/411
f 896/1153/331 911/1154/509 910/1155/498
f 808/1132/433 799/833/385 807/1134/418
f 942/926/394 952/1156/504 957/1103/496
f 1238/1047/473 1240/1157/510 1371/1048/432
f 1375/1055/479 1313/1158/511 1311/1056/480
f 896/1059/331 912/1159/512 911/1160/509
f 1493/938/320 1528/878/407 1504/1161/495
f 745/677/274 770/653/305 756/1162/468
f 1497/1163/449 1243/1164/513 1524/1165/483
f 1506/1097/490 1530/1093/493 1507/1166/405
f 1501/1167/475 1526/1168/505 1527/1169/491
f 769/985/442 761/1170/484 739/635/299
f 1376/1096/437 1311/1095/480 1312/1171/514
f 805/1151/429 757/1172/499 755/1152/411
f 1502/1092/485 1508/1173/515 1530/1093/493
f 758/915/423 743/843/391 768/1174/516
f 945/920/426 944/852/396 953/1175/517
f 755/1152/411 757/1172/499 753/1089/451
f 896/1059/331 907/1058/481 912/1159/512
f 1375/1176/479 1314/1177/457 1316/1178/518
f 751/1146/439 775/1145/494 760/1179/519
f 1354/1119/503 1241/1180/520 1242/1120/492
f 1375/1176/479 1316/1178/518 1315/1181/521
f 1505/1182/501 1509/1183/522 1502/1092/485
f 795/1184/523 803/1185/523 757/1186/523
f 950/1068/461 957/1187/496 951/1069/482
f 752/1188/477 756/1034/468 748/1189/368
f 1239/1018/417 1237/1020/464 1241/1190/524
f 1238/1191/473 1242/1192/492 1248/1193/525
f 1311/1095/480 1313/1194/511 1312/1171/514
f 761/1170/484 769/985/442 772/1195/526
f 1243/1196/513 1497/1197/449 1247/1198/527
f 1527/1199/528 1510/1200/528 1512/1201/528
f 743/958/391 751/957/439 768/1202/516
f 1502/1092/485 1533/1203/529 1508/1173/515
f 945/1122/426 953/1204/517 952/1123/504
f 752/1205/530 758/1206/530 754/1207/530
f 1497/1197/449 1511/1208/531 1247/1198/527
f 752/1188/477 754/1035/469 756/1034/468
f 1224/1138/194 996/1209/500 1001/1139/506
f 1376/1210/437 1312/1211/514 1314/1212/457
f 907/1106/481 910/1105/498 912/1213/512
f 756/1162/468 770/653/305 763/1214/532
f 1227/1215/383 1010/1216/533 1231/1217/409
f 803/1137/403 750/1017/450 753/1089/451
f 1502/1092/485 1509/1183/522 1533/1203/529
f 1499/1218/534 1249/1219/534 1511/1220/534
f 1232/1130/375 1372/1221/435 1240/1222/510
f 1232/1130/375 1240/1222/510 1237/1131/464
f 1521/706/327 1495/1223/412 1515/1224/535
f 1507/1225/405 1528/1226/407 1529/1227/188
f 998/1228/536 1003/1229/536 1005/1230/536
f 803/1137/403 753/1089/451 757/1172/499
f 998/1231/537 999/1232/538 1003/1233/539
f 1372/1221/435 1371/1234/432 1240/1222/510
f 1230/1064/413 1001/1235/506 1235/1001/460
f 944/852/396 951/1066/482 960/1236/540
f 754/1126/469 767/1237/541 769/1127/442
f 1315/1181/521 1316/1178/518 1317/1238/542
f 1375/1055/479 1315/1239/521 1313/1158/511
f 1527/1169/491 1526/1168/505 1510/1240/543
f 1505/1241/501 1512/1242/487 1513/1243/544
f 1521/706/327 1515/1224/535 1535/1244/545
f 1500/1245/546 1250/1246/546 1514/1247/546
f 996/1248/500 1231/1217/409 1009/1249/547
f 911/1154/509 913/1250/548 910/1155/498
f 1512/1242/487 1532/1251/549 1513/1243/544
f 999/1252/538 997/1253/550 810/1254/551
f 756/1162/468 763/1214/532 748/1255/368
f 1314/1212/457 1312/1211/514 1316/1256/518
f 944/852/396 960/1236/540 953/1175/517
f 1241/1257/552 1246/1258/552 1242/1259/552
f 1506/1260/553 1496/1261/553 1526/1262/553
f 754/1126/469 758/915/423 767/1237/541
f 1238/1047/473 1244/1263/554 1240/1157/510
f 748/1255/368 763/1214/532 775/1264/494
f 1524/1165/483 1243/1164/513 1245/1265/555
f 998/1266/537 997/1267/550 999/1268/538
f 1245/1265/555 1500/1269/556 1524/1165/483
f 770/1270/557 759/1271/558 766/1272/559
f 1510/1273/543 1536/1274/560 1512/1275/561
f 770/1270/557 766/1272/559 847/1276/562
f 999/1232/538 810/1277/551 1003/1233/539
f 1505/1241/501 1513/1243/544 1509/1278/522
f 911/1279/563 912/1280/563 913/1281/563
f 758/915/423 768/1174/516 767/1237/541
f 1514/1282/564 1250/1283/564 1249/1284/564
f 1231/1217/409 1010/1216/533 1009/1249/547
f 1242/1192/492 1246/1285/565 1248/1193/525
f 751/957/439 760/1286/519 768/1202/516
f 910/1105/498 913/1287/548 912/1213/512
f 1245/1288/555 1243/1289/513 1246/1290/565
f 1512/1291/566 1536/1292/566 1532/1293/566
f 1508/1294/515 1538/1295/567 1530/1296/493
f 1227/1297/383 1012/1298/568 1010/1299/533
f 1507/1300/405 1530/1301/493 1531/1302/569
f 1530/1301/493 1538/1303/567 1531/1302/569
f 998/1266/537 1000/1304/570 997/1267/550
f 1316/1305/518 1312/1306/514 1317/1307/542
f 1315/1308/521 1318/1309/571 1313/1310/511
f 1243/1311/513 1247/1312/527 1246/1285/565
f 1315/1308/521 1326/1313/572 1318/1309/571
f 759/1314/573 761/1315/573 766/1316/573
f 1246/1285/565 1247/1312/527 1248/1193/525
f 1538/1295/567 1508/1294/515 1533/1317/529
f 1526/1318/505 1496/1319/421 1534/1320/574
f 1248/1321/525 1244/1322/554 1238/1323/473
f 998/1324/537 1005/1325/575 1000/1326/570
f 770/1327/305 762/1328/576 763/1329/532
f 1521/706/327 1535/1244/545 1496/911/421
f 764/1330/577 770/1331/577 765/1332/577
f 1313/1333/578 1318/1334/578 1312/1335/578
f 1495/890/412 1504/1099/495 1515/1336/535
f 1500/1337/556 1245/1338/555 1250/1339/579
f 1507/1225/405 1531/1340/569 1528/1226/407
f 1227/829/383 1228/445/213 1012/1341/568
f 770/1327/305 764/1342/580 762/1328/576
f 766/1343/581 761/1170/484 772/1195/526
f 1229/854/397 1002/1344/582 1012/1345/568
f 1229/854/397 1012/1345/568 1228/855/213
f 1532/1251/549 1516/1346/583 1513/1243/544
f 760/1179/519 775/1145/494 771/1347/584
f 764/1348/580 772/1349/526 762/1350/576
f 1526/1351/505 1534/1352/574 1510/1353/543
f 1247/1354/527 1511/1355/531 1252/1356/585
f 767/1357/541 768/1358/516 769/1359/442
f 1511/1360/531 1249/1361/586 1250/1362/579
f 1247/1354/527 1252/1356/585 1248/1321/525
f 1246/1363/565 1241/1190/524 1251/1364/587
f 1532/1365/588 1517/1366/588 1516/1367/588
f 764/1368/589 765/1369/589 772/1370/589
f 1245/1288/555 1246/1290/565 1251/1371/587
f 953/1175/517 960/1236/540 956/1372/590
f 772/1349/526 769/1359/442 762/1350/576
f 770/1373/591 847/1374/591 765/1375/591
f 775/1145/494 763/1329/532 771/1347/584
f 1513/1376/544 1517/1377/592 1509/1378/522
f 1237/1131/464 1240/1222/510 1251/1379/587
f 763/1329/532 762/1328/576 771/1347/584
f 1237/1020/464 1251/1364/587 1241/1190/524
f 1496/1319/421 1535/1380/545 1534/1320/574
f 1516/1381/593 1517/1382/593 1513/1383/593
f 1229/1384/594 1235/1385/594 1002/1386/594
f 1001/1387/595 1002/1388/595 1235/1389/595
f 760/1390/519 771/1391/584 768/1358/516
f 769/1359/442 768/1358/516 771/1391/584
f 810/1392/596 1004/1393/596 1003/1394/596
f 952/1156/504 954/1395/597 957/1103/496
f 810/1254/551 997/1253/550 1004/1396/598
f 1511/1360/531 1250/1362/579 1252/1397/585
f 769/1359/442 771/1391/584 762/1350/576
f 1248/1321/525 1252/1356/585 1253/1398/599
f 1536/1399/560 1517/1400/592 1532/1401/600
f 1317/1307/542 1312/1306/514 1319/1402/601
f 1240/1157/510 1244/1263/554 1251/1403/587
f 1244/1322/554 1248/1321/525 1253/1398/599
f 1005/1404/575 1003/1405/602 1006/1406/603
f 1000/1326/570 1005/1325/575 1007/1407/604
f 1317/1238/542 1319/1408/601 1315/1181/521
f 766/1409/559 845/1410/605 847/1411/562
f 1244/1263/554 1253/1412/599 1251/1403/587
f 1533/1413/529 1509/1414/522 1538/1415/567
f 1007/1407/604 1005/1325/575 1006/1416/603
f 996/1417/606 1009/1418/606 1001/1419/606
f 1326/1420/607 1315/1421/607 1319/1422/607
f 1000/1304/570 1007/1423/604 997/1267/550
f 1245/1338/555 1251/1424/587 1250/1339/579
f 1320/1425/608 1321/1426/609 1323/1427/610
f 1504/1099/495 1518/1428/611 1515/1336/535
f 1528/1226/407 1539/1429/612 1504/1430/495
f 1312/1431/514 1318/1432/571 1322/1433/613
f 1510/1273/543 1519/1434/614 1536/1274/560
f 952/1123/504 953/1204/517 954/1435/597
f 1250/1339/579 1251/1424/587 1254/1436/615
f 1321/1426/609 1320/1425/608 1329/1437/616
f 1534/1438/574 1519/1434/614 1510/1273/543
f 1250/1362/579 1254/1439/615 1252/1397/585
f 951/1440/617 955/1441/617 960/1442/617
f 1312/1306/514 1322/1443/613 1319/1402/601
f 953/1204/517 956/1444/590 954/1435/597
f 1536/1399/560 1537/1445/618 1517/1400/592
f 1528/1226/407 1531/1340/569 1541/1446/619
f 1509/1414/522 1517/1447/592 1538/1415/567
f 957/1448/620 958/1449/620 951/1450/620
f 1253/1412/599 1252/1397/585 1254/1439/615
f 1003/1451/621 1004/1452/621 1015/1453/621
f 1003/1405/602 1015/1454/622 1006/1406/603
f 1528/1226/407 1541/1446/619 1539/1429/612
f 954/1395/597 958/1455/623 957/1103/496
f 997/1267/550 1007/1423/604 1019/1456/624
f 1251/1403/587 1253/1412/599 1254/1439/615
f 1531/1457/625 1538/1458/625 1541/1459/625
f 1535/1460/545 1515/1461/535 1518/1462/611
f 1320/1425/608 1333/1463/626 1329/1437/616
f 1534/1464/574 1535/1460/545 1519/1465/614
f 1320/1466/608 1323/1467/610 1324/1468/627
f 951/1469/628 958/1470/623 955/1471/629
f 1321/1472/609 1329/1473/616 1324/1474/627
f 1320/1466/608 1324/1468/627 1333/1475/626
f 1321/1476/630 1324/1477/630 1323/1478/630
f 1536/1479/560 1542/1480/631 1537/1481/618
f 1536/1479/560 1519/1482/614 1542/1480/631
f 1504/1099/495 1539/1483/612 1518/1428/611
f 1318/1432/571 1326/1484/572 1322/1433/613
f 1538/1485/567 1517/1486/592 1540/1487/632
f 1319/1488/601 1325/1489/633 1326/1490/572
f 997/1253/550 1008/1491/634 1004/1396/598
f 1535/1460/545 1518/1462/611 1519/1465/614
f 1319/1488/601 1327/1492/635 1325/1489/633
f 1540/1487/632 1517/1486/592 1537/1493/618
f 1329/1473/616 1328/1494/636 1324/1474/627
f 1541/1495/619 1538/1485/567 1540/1487/632
f 1009/1496/547 1010/1497/533 1001/1498/637
f 954/1395/597 959/1499/638 958/1455/623
f 845/1410/605 846/1500/639 847/1411/562
f 1329/1501/640 1331/1502/640 1328/1503/640
f 1329/1504/641 1333/1505/641 1331/1506/641
f 1319/1402/601 1322/1443/613 1330/1507/642
f 1325/1489/633 1327/1492/635 1328/1508/643
f 1325/1489/633 1328/1508/643 1331/1509/644
f 1519/1465/614 1518/1462/611 1542/1510/631
f 1325/1511/633 1330/1512/642 1326/1484/572
f 1518/1462/611 1539/1513/612 1542/1510/631
f 1010/1497/533 1002/1514/645 1001/1498/637
f 997/1267/550 1019/1456/624 1008/1515/634
f 1004/1396/598 1008/1491/634 1014/1516/646
f 1325/1517/633 1331/1518/644 1332/1519/647
f 1319/1402/601 1334/1520/648 1327/1521/635
f 766/1522/649 772/1523/649 849/1524/649
f 1324/1525/627 1328/1526/636 1333/1527/626
f 1325/1517/633 1332/1519/647 1330/1528/642
f 1319/1402/601 1330/1507/642 1334/1520/648
f 1540/1529/632 1537/1481/618 1542/1480/631
f 1539/1530/612 1541/1531/619 1542/1532/631
f 1326/1484/572 1330/1512/642 1322/1433/613
f 960/1533/540 955/1534/629 956/1535/590
f 1327/1536/650 1334/1537/650 1328/1538/650
f 1333/1539/651 1332/1540/651 1331/1541/651
f 847/1542/652 848/1543/652 765/1544/652
f 1002/1545/653 1011/1546/653 1012/1547/653
f 765/1548/654 848/1549/654 772/1550/654
f 772/1551/655 848/1552/655 849/1553/655
f 1540/1554/632 1542/1532/631 1541/1531/619
f 954/1435/597 956/1444/590 959/1555/638
f 846/1556/639 848/1557/656 847/1558/562
f 1004/1559/657 1014/1560/657 1015/1561/657
f 1328/1526/636 1334/1562/648 1333/1527/626
f 845/1563/605 849/1564/658 850/1565/659
f 1332/1566/647 1333/1567/626 1330/1568/642
f 1334/1569/648 1330/1568/642 1333/1567/626
f 845/1570/660 766/1571/660 849/1572/660
f 1006/1406/603 1015/1454/622 1013/1573/661
f 959/1499/638 1020/1574/662 958/1455/623
f 1019/1575/663 1007/1576/663 1022/1577/663
f 845/1410/605 850/1578/659 846/1500/639
f 853/1579/664 848/1557/656 846/1556/639
f 850/1565/659 849/1564/658 855/1580/665
f 1007/1407/604 1006/1416/603 1013/1581/661
f 956/1582/666 1016/1583/666 1022/1584/666
f 956/1585/667 1022/1586/667 959/1587/667
f 958/1455/623 1020/1574/662 961/1588/668
f 956/1535/590 955/1534/629 1016/1589/669
f 1012/1590/568 1011/1591/670 1010/1497/533
f 958/1470/623 961/1592/668 955/1471/629
f 1014/1593/671 1027/1594/671 1015/1595/671
f 1007/1407/604 1013/1581/661 1022/1596/672
f 1010/1497/533 1011/1591/670 1002/1514/645
f 1016/1597/669 1017/1598/673 1018/1599/674
f 850/1578/659 851/1600/675 846/1500/639
f 1019/1456/624 1016/1601/669 1008/1515/634
f 1015/1454/622 1027/1602/676 1013/1573/661
f 961/1603/668 1021/1604/677 955/1534/629
f 848/1605/656 853/1606/664 849/1607/658
f 1019/1608/678 1022/1609/678 1016/1610/678
f 850/1611/659 855/1612/665 851/1613/675
f 1016/1601/669 1018/1614/674 1008/1515/634
f 1008/1491/634 1018/1599/674 1017/1598/673
f 1020/1615/662 1021/1616/677 961/1617/668
f 959/1618/679 1022/1619/679 1020/1620/679
f 1016/1589/669 955/1534/629 1021/1604/677
f 1016/1621/669 1021/1622/677 1017/1623/673
f 851/1624/680 852/1625/680 846/1626/680
f 1008/1491/634 1017/1598/673 1023/1627/681
f 1008/1491/634 1023/1627/681 1014/1516/646
f 853/1606/664 855/1628/665 849/1607/658
f 1022/1629/672 1024/1630/682 1020/1615/662
f 1022/1596/672 1013/1581/661 1024/1631/682
f 1020/1615/662 1024/1630/682 1021/1616/677
f 1017/1623/673 1021/1622/677 1023/1632/681
f 853/1633/683 846/1634/683 855/1635/683
f 851/1613/675 855/1612/665 854/1636/684
f 1021/1637/685 1024/1638/685 1023/1639/685
f 851/1640/675 854/1641/684 852/1642/686
f 846/1643/687 852/1644/687 858/1645/687
f 846/1646/688 858/1647/689 855/1648/665
f 1024/1649/682 1025/1650/690 1023/1651/681
f 1014/1516/646 1023/1627/681 1025/1652/690
f 1014/1653/646 1026/1654/691 1027/1655/676
f 1013/1581/661 1028/1656/692 1024/1631/682
f 855/1657/665 856/1658/693 854/1659/684
f 855/1648/665 858/1647/689 856/1660/693
f 1025/1650/690 1024/1649/682 1029/1661/694
f 1024/1662/682 962/1663/695 1029/1664/694
f 1027/1655/676 1026/1654/691 1030/1665/696
f 1024/1631/682 1028/1656/692 962/1666/695
f 852/1642/686 854/1641/684 859/1667/697
f 1014/1516/646 1025/1652/690 1026/1668/691
f 852/1642/686 859/1667/697 858/1669/689
f 1013/1573/661 1027/1602/676 1030/1670/696
f 854/1659/684 856/1658/693 859/1671/697
f 1013/1573/661 1030/1670/696 1028/1672/692
f 856/1660/693 858/1647/689 860/1673/698
f 1025/1650/690 1029/1661/694 1033/1674/699
f 856/1675/700 860/1676/700 857/1677/700
f 856/1678/701 857/1679/701 859/1680/701
f 858/1681/689 859/1682/697 860/1683/698
f 1025/1652/690 1033/1684/699 1026/1668/691
f 859/1685/702 857/1686/702 863/1687/702
f 863/1688/703 861/1689/703 859/1690/703
f 962/1663/695 1031/1691/704 1029/1664/694
f 859/1682/697 861/1692/705 860/1683/698
f 1028/1672/692 1030/1670/696 962/1693/695
f 857/1694/706 860/1695/698 862/1696/707
f 860/1695/698 861/1697/705 862/1696/707
f 962/1698/708 963/1699/708 1031/1700/708
f 857/1701/706 862/1702/707 863/1703/709
f 1030/1704/710 964/1705/710 962/1706/710
f 1029/1661/694 1031/1707/704 1033/1674/699
f 1030/1665/696 1026/1654/691 1032/1708/711
f 862/1709/712 861/1710/712 867/1711/712
f 862/1712/707 867/1713/713 864/1714/714
f 862/1702/707 864/1715/714 863/1703/709
f 963/1716/715 966/1717/716 1031/1718/704
f 1026/1668/691 1033/1684/699 970/1719/717
f 861/1720/718 863/1721/718 864/1722/718
f 1030/1723/696 1032/1724/711 964/1725/719
f 1026/1726/691 970/1727/717 1032/1728/711
f 861/1729/720 864/1730/720 867/1731/720
f 962/1732/721 964/1733/719 963/1734/715
f 1033/1735/699 1031/1736/704 969/1737/722
f 1033/1735/699 969/1737/722 970/1738/717
f 864/1739/723 866/1740/723 867/1741/723
f 1032/1728/711 970/1727/717 965/1742/724
f 864/1714/725 867/1713/726 865/1743/726
f 964/1725/719 1032/1724/711 967/1744/727
f 866/1745/728 864/1746/728 865/1747/728
f 866/1748/729 865/1749/729 867/1750/729
f 966/1751/716 963/1734/715 964/1733/719
f 1032/1728/711 965/1742/724 967/1752/727
f 969/1737/722 1031/1736/704 968/1753/730
f 969/1754/722 968/1755/730 965/1756/724
f 969/1754/722 965/1756/724 970/1757/717
f 964/1758/719 973/1759/731 966/1760/716
f 1031/1736/704 971/1761/732 968/1753/730
f 966/1717/716 972/1762/733 1031/1718/704
f 965/1756/724 968/1755/730 971/1763/732
f 972/1764/733 971/1761/732 1031/1736/704
f 964/1725/719 967/1744/727 974/1765/734
f 966/1760/716 973/1759/731 972/1766/733
f 965/1742/724 971/1767/732 967/1752/727
f 964/1725/719 974/1765/734 973/1768/731
f 974/1769/735 967/1770/735 975/1771/735
f 967/1752/727 971/1767/732 975/1772/736
f 978/1773/737 979/1774/738 976/1775/739
f 976/1775/739 917/1776/740 978/1773/737
f 973/1759/731 982/1777/741 972/1766/733
f 976/1778/742 979/1779/742 915/1780/742
f 981/1781/743 982/1777/741 973/1759/731
f 979/1774/738 978/1773/737 977/1782/744
f 917/1783/740 976/1784/739 914/1785/745
f 978/1786/737 917/1787/740 988/1788/746
f 979/1789/738 983/1790/747 915/1791/748
f 914/1785/745 976/1784/739 915/1792/749
f 914/1793/750 915/1794/750 916/1795/750
f 917/1783/740 914/1785/745 918/1796/751
f 917/1797/752 985/1798/752 988/1799/752
f 917/1800/740 918/1801/751 919/1802/753
f 971/1761/732 972/1764/733 980/1803/754
f 917/1804/740 919/1805/753 985/1806/755
f 973/1768/731 974/1765/734 990/1807/756
f 977/1782/744 981/1808/743 979/1774/738
f 915/1809/748 984/1810/757 985/1811/755
f 972/1764/733 982/1812/741 980/1803/754
f 973/1768/731 990/1807/756 981/1813/743
f 979/1789/738 981/1813/743 983/1790/747
f 983/1814/747 984/1815/757 915/1816/748
f 984/1817/758 988/1818/758 985/1819/758
f 982/1777/741 981/1781/743 977/1820/744
f 978/1786/737 988/1788/746 977/1821/744
f 982/1812/741 977/1821/744 980/1803/754
f 914/1785/745 920/1822/759 918/1796/751
f 990/1807/756 983/1790/747 981/1813/743
f 977/1821/744 988/1788/746 986/1823/760
f 977/1821/744 986/1823/760 980/1803/754
f 915/1809/748 985/1811/755 921/1824/761
f 983/1825/747 990/1826/756 989/1827/762
f 975/1828/763 994/1829/763 974/1830/763
f 971/1767/732 980/1831/754 975/1772/736
f 983/1825/747 989/1827/762 987/1832/764
f 983/1825/747 987/1832/764 984/1833/757
f 988/1834/746 984/1833/757 986/1835/760
f 980/1831/754 989/1836/762 975/1772/736
f 980/1831/754 986/1835/760 989/1836/762
f 919/1805/753 922/1837/765 985/1806/755
f 984/1833/757 987/1832/764 986/1835/760
f 914/1785/745 915/1792/748 920/1822/759
f 989/1836/762 986/1835/760 987/1832/764
f 915/1838/748 921/1839/761 920/1840/759
f 974/1765/734 993/1841/766 990/1807/756
f 989/1836/762 992/1842/767 975/1772/736
f 919/1802/753 918/1801/751 922/1843/765
f 990/1807/756 993/1841/766 991/1844/768
f 974/1845/769 994/1846/769 993/1847/769
f 918/1801/751 926/1848/770 922/1843/765
f 990/1849/771 991/1850/771 989/1851/771
f 918/1796/751 920/1822/759 926/1852/770
f 975/1772/736 992/1842/767 994/1853/772
f 985/1806/755 922/1837/765 923/1854/773
f 991/1855/774 992/1856/774 989/1857/774
f 985/1811/755 923/1858/773 921/1824/761
f 991/1859/768 993/1860/766 992/1861/767
f 993/1860/766 994/1862/772 992/1861/767
f 922/1837/765 924/1863/775 923/1854/773
f 926/1848/770 924/1864/775 922/1843/765
f 920/1840/759 921/1839/761 926/1865/770
f 921/1839/761 930/1866/776 926/1865/770
f 926/1848/770 925/1867/777 924/1864/775
f 921/1824/761 923/1858/773 930/1868/776
f 924/1869/778 925/1870/778 929/1871/778
f 924/1863/775 927/1872/779 923/1854/773
f 929/1873/780 927/1872/779 924/1863/775
f 926/1874/770 930/1875/776 925/1876/777
f 923/1858/773 927/1877/779 930/1868/776
f 927/1872/779 929/1873/780 928/1878/781
f 925/1879/777 928/1880/781 929/1881/780
f 930/1882/776 927/1883/779 931/1884/782
f 928/1878/781 931/1885/782 927/1872/779
f 925/1879/777 932/1886/783 928/1880/781
f 928/1878/781 932/1887/783 931/1885/782
f 930/1875/776 1034/1888/784 925/1876/777
f 925/1876/777 1034/1888/784 932/1889/783
f 930/1882/776 931/1884/782 1034/1890/784
f 932/1891/785 1034/1892/785 1035/1893/785
f 1034/1890/784 931/1884/782 1041/1894/786
f 1035/1895/787 1034/1896/784 1036/1897/788
f 931/1898/782 932/1899/783 1041/1900/786
f 1035/1901/787 1037/1902/789 932/1903/783
f 1038/1904/790 1042/1905/790 1044/1906/790
f 1038/1907/791 1039/1908/792 1048/1909/793
f 1038/1910/791 1044/1911/794 1040/1912/795
f 1038/1910/791 1040/1912/795 1039/1913/792
f 1038/1914/791 1048/1915/793 1046/1916/796
f 1036/1917/788 1034/1918/784 1041/1919/786
f 1038/1914/791 1046/1916/796 1042/1920/797
f 1035/1895/787 1036/1897/788 1043/1921/798
f 1035/1901/787 1043/1922/798 1037/1902/789
f 932/1899/783 1037/1923/789 1041/1900/786
f 1044/1924/794 1042/1925/797 1046/1926/796
f 1044/1924/794 1046/1926/796 1040/1927/795
f 1043/1921/798 1036/1897/788 1039/1908/792
f 1039/1908/792 1036/1897/788 1048/1909/793
f 1043/1922/798 1045/1928/799 1037/1902/789
f 1043/1922/798 1039/1913/792 1052/1929/800
f 1043/1922/798 1052/1929/800 1045/1928/799
f 1039/1913/792 1040/1912/795 1052/1929/800
f 1037/1930/789 1045/1931/799 1051/1932/801
f 1046/1933/796 1048/1934/793 1047/1935/802
f 1048/1936/793 1049/1937/803 1050/1938/804
f 1037/1923/789 1051/1939/801 1041/1900/786
f 1036/1917/788 1041/1919/786 1051/1940/801
f 1048/1941/793 1051/1940/801 1049/1942/803
f 1048/1936/793 1050/1938/804 1047/1943/802
f 1036/1917/788 1051/1940/801 1048/1941/793
f 1045/1931/799 1052/1944/800 1051/1932/801
f 1052/1945/805 1049/1946/805 1051/1947/805
f 1046/1933/796 1047/1935/802 1053/1948/806
f 1046/1949/796 1053/1950/806 1040/1951/795
f 1040/1952/795 1054/1953/807 1052/1954/800
f 1052/1954/800 1054/1953/807 1049/1955/803
f 1050/1938/804 1049/1937/803 1054/1956/807
f 1053/1948/806 1061/1957/808 1056/1958/809
f 1056/1959/809 1058/1960/810 1053/1961/806
f 1047/1943/802 1050/1938/804 1060/1962/811
f 1053/1950/806 1055/1963/812 1040/1951/795
f 1058/1960/810 1055/1964/812 1053/1961/806
f 1056/1958/809 1061/1957/808 1057/1965/813
f 1056/1966/809 1057/1967/813 1058/1968/810
f 1040/1952/795 1055/1969/812 1054/1953/807
f 1047/1935/802 1059/1970/814 1053/1948/806
f 1050/1971/804 1054/1972/807 1060/1973/811
f 1053/1948/806 1059/1970/814 1061/1957/808
f 1047/1943/802 1060/1962/811 1059/1974/814
f 1057/1967/813 933/1975/815 1058/1968/810
f 1057/1965/813 1061/1957/808 936/1976/816
f 1055/1969/812 1058/1977/810 1054/1953/807
f 936/1978/817 1061/1979/817 1054/1980/817
f 1057/1981/813 934/1982/818 933/1983/815
f 1057/1984/819 936/1985/819 934/1986/819
f 936/1987/820 1054/1988/820 1058/1989/820
f 1059/1990/814 1060/1991/811 1061/1992/808
f 934/1993/821 936/1994/822 935/1995/823
f 1061/1992/808 1060/1991/811 1054/1996/807
f 936/1997/824 1058/1998/824 940/1999/824
f 936/2000/822 940/2001/825 935/2002/823
f 934/1982/818 937/2003/826 933/1983/815
f 939/2004/827 934/1993/821 941/2005/828
f 939/2006/829 941/2007/829 938/2008/829
f 933/2009/830 940/2010/830 1058/2011/830
f 934/2012/831 939/2013/831 937/2014/831
f 937/2015/832 940/2016/832 933/2017/832
f 934/1993/821 935/1995/823 941/2005/828
f 937/2018/833 939/2019/833 940/2020/833
f 939/2021/834 941/2022/834 940/2023/834
f 940/2001/825 941/2024/828 935/2002/823
f 1074/2025/835 1075/2026/836 1076/2027/837
f 1076/2028/838 1081/2029/838 1074/2030/838
f 1074/2031/839 1081/2032/839 1075/2033/839
f 1075/2026/836 1077/2034/840 1076/2027/837
f 1377/2035/841 1378/2036/842 1379/2037/843
f 1077/2038/840 1078/2039/844 1076/2040/837
f 1075/2026/836 1079/2041/845 1077/2034/840
f 1076/2042/846 1078/2043/846 1081/2044/846
f 1075/2045/836 1081/2046/847 1080/2047/848
f 1079/2048/845 1075/2045/836 1085/2049/849
f 1378/2050/850 1379/2051/851 1380/2052/852
f 1075/2045/836 1080/2047/848 1085/2049/849
f 1081/2053/853 1078/2054/853 1088/2055/853
f 1078/2056/844 1094/2057/854 1088/2058/855
f 1081/2059/847 1082/2060/856 1080/2061/848
f 1080/2062/848 1082/2063/856 1083/2064/857
f 1078/2039/844 1077/2038/840 1092/2065/858
f 1081/2059/847 1088/2066/855 1082/2060/856
f 1077/2034/840 1079/2041/845 1087/2067/859
f 1078/2068/844 1085/2069/849 1094/2070/854
f 1083/2071/857 1084/2072/860 1080/2073/848
f 1379/2037/851 1378/2036/861 1385/2074/862
f 1378/2075/863 1380/2076/863 1385/2077/863
f 1080/2073/848 1084/2072/860 1085/2078/849
f 1379/2037/851 1385/2074/862 1381/2079/864
f 1078/2039/844 1092/2065/858 1093/2080/865
f 1094/2070/854 1085/2069/849 1084/2081/860
f 1078/2082/844 1093/2083/865 1085/2084/849
f 1079/2048/845 1085/2049/849 1089/2085/866
f 1092/2065/858 1077/2038/840 1086/2086/867
f 1079/2048/845 1089/2085/866 1087/2087/859
f 1379/2051/851 1382/2088/868 1380/2052/852
f 1088/2089/855 1090/2090/869 1091/2091/870
f 1385/2074/862 1386/2092/871 1381/2079/864
f 1379/2093/851 1381/2094/864 1382/2095/868
f 1085/2084/849 1093/2083/865 1089/2096/866
f 1088/2058/855 1094/2057/854 1090/2097/869
f 1088/2066/855 1091/2098/870 1082/2060/856
f 1092/2099/858 1086/2100/867 1093/2101/865
f 1094/2102/854 1099/2103/872 1090/2104/869
f 1082/2063/856 1091/2105/870 1095/2106/873
f 1082/2063/856 1095/2106/873 1083/2064/857
f 1083/2071/857 1099/2107/872 1084/2072/860
f 1099/2107/872 1083/2071/857 1096/2108/874
f 1095/2109/873 1096/2108/874 1083/2071/857
f 1091/2091/870 1090/2090/869 1102/2110/875
f 1077/2034/840 1087/2067/859 1097/2111/876
f 1094/2112/877 1100/2113/877 1099/2114/877
f 1099/2103/872 1096/2115/874 1090/2104/869
f 1077/2038/840 1097/2116/876 1086/2086/867
f 1091/2105/870 1102/2117/875 1101/2118/878
f 1380/2119/879 1383/2120/879 1385/2121/879
f 1091/2105/870 1101/2118/878 1095/2106/873
f 1086/2100/867 1105/2122/880 1093/2101/865
f 1099/2123/872 1098/2124/881 1084/2125/860
f 1099/2126/882 1100/2127/882 1098/2128/882
f 1084/2081/860 1100/2129/883 1094/2070/854
f 1095/2109/873 1101/2130/878 1096/2108/874
f 1380/2052/852 1382/2088/868 1384/2131/884
f 1385/2132/885 1383/2133/885 1386/2134/885
f 1097/2116/876 1388/2135/886 1086/2086/867
f 1102/2136/875 1103/2137/887 1101/2138/878
f 1102/2110/875 1090/2090/869 1103/2139/887
f 1380/2052/852 1384/2131/884 1383/2140/888
f 1087/2087/859 1089/2085/866 1104/2141/889
f 1089/2096/866 1093/2083/865 1105/2142/880
f 1090/2090/869 1106/2143/890 1103/2139/887
f 1381/2094/864 1384/2144/884 1382/2095/868
f 1086/2145/891 1388/2146/891 1107/2147/891
f 1084/2081/860 1109/2148/892 1100/2129/883
f 1089/2096/866 1105/2142/880 1104/2149/889
f 1086/2100/867 1107/2150/893 1105/2122/880
f 1097/2151/876 1087/2087/859 1104/2141/889
f 1090/2152/869 1096/2153/874 1106/2154/890
f 1106/2154/890 1096/2153/874 1111/2155/894
f 1084/2125/860 1098/2124/881 1109/2156/892
f 1101/2130/878 1111/2157/894 1096/2108/874
f 1097/2116/876 1108/2158/895 1388/2135/886
f 1097/2151/876 1104/2141/889 1108/2159/895
f 1386/2092/871 1384/2160/884 1381/2079/864
f 1108/2161/895 1104/2162/889 1117/2163/896
f 1391/2164/897 1389/2165/898 1387/2166/899
f 1107/2150/893 1113/2167/900 1105/2122/880
f 1098/2168/901 1100/2169/901 1109/2170/901
f 1391/2164/897 1388/2171/886 1389/2165/898
f 1108/2158/895 1395/2172/902 1388/2135/886
f 1388/2173/903 1391/2174/903 1110/2175/903
f 1386/2092/871 1390/2176/904 1384/2160/884
f 1388/2177/886 1395/2178/902 1389/2179/898
f 1389/2165/898 1390/2180/904 1387/2166/899
f 1387/2181/899 1393/2182/905 1391/2183/897
f 1391/2183/897 1393/2182/905 1110/2184/906
f 1107/2150/893 1388/2185/907 1113/2167/900
f 1389/2179/898 1395/2178/902 1394/2186/908
f 1104/2149/889 1105/2142/880 1113/2187/900
f 1388/2188/909 1110/2189/909 1398/2190/909
f 1108/2191/910 1117/2192/910 1395/2193/910
f 1387/2181/899 1392/2194/911 1393/2182/905
f 1103/2137/887 1111/2195/894 1101/2138/878
f 1110/2196/912 1393/2197/912 1398/2198/912
f 1388/2185/907 1117/2199/896 1113/2167/900
f 1390/2180/904 1389/2165/898 1384/2200/884
f 1387/2166/899 1390/2180/904 1392/2201/911
f 1398/2202/913 1117/2199/896 1388/2185/907
f 1389/2179/898 1394/2186/908 1384/2203/884
f 1113/2204/900 1117/2205/896 1112/2206/914
f 1392/2207/911 1399/2208/915 1393/2209/905
f 1394/2210/908 1395/2211/902 1396/2212/916
f 1395/2213/917 1117/2214/917 1396/2215/917
f 1113/2216/900 1115/2217/918 1104/2218/889
f 1390/2180/904 1403/2219/919 1392/2201/911
f 1113/2204/900 1112/2206/914 1118/2220/920
f 1392/2207/911 1397/2221/921 1399/2208/915
f 1139/2222/922 1140/2223/922 1142/2224/922
f 1386/2225/923 1383/2226/923 1390/2227/923
f 1398/2228/913 1393/2229/905 1117/2230/896
f 1103/2137/887 1114/2231/924 1111/2195/894
f 1118/2232/925 1119/2233/925 1113/2234/925
f 1104/2162/889 1115/2235/918 1117/2163/896
f 1103/2139/887 1106/2143/890 1114/2236/924
f 1390/2180/904 1383/2237/926 1403/2219/919
f 1113/2216/900 1119/2238/927 1115/2217/918
f 1112/2239/914 1116/2240/928 1118/2241/920
f 1139/2242/929 1150/2243/930 1140/2244/931
f 1112/2239/914 1117/2245/896 1116/2240/928
f 1393/2229/905 1399/2246/915 1117/2230/896
f 1383/2247/932 1384/2248/932 1394/2249/932
f 1396/2250/916 1117/2251/896 1399/2252/915
f 1115/2235/918 1116/2253/928 1117/2163/896
f 1118/2241/920 1116/2240/928 1120/2254/933
f 1394/2210/908 1396/2212/916 1400/2255/934
f 1139/2256/929 1142/2257/935 1141/2258/936
f 1139/2242/929 1141/2259/936 1150/2243/930
f 1396/2250/916 1399/2252/915 1400/2260/934
f 1114/2231/924 1121/2261/937 1111/2195/894
f 1141/2262/938 1142/2263/938 1145/2264/938
f 1394/2265/939 1402/2266/939 1383/2267/939
f 1150/2268/930 1147/2269/940 1140/2270/931
f 1392/2207/911 1401/2271/941 1397/2221/921
f 1394/2210/908 1400/2255/934 1402/2272/942
f 1140/2270/931 1147/2269/940 1145/2273/943
f 1115/2235/918 1119/2274/927 1116/2253/928
f 1399/2275/944 1397/2276/944 1400/2277/944
f 1140/2278/945 1145/2279/945 1142/2280/945
f 1118/2281/946 1120/2282/946 1119/2283/946
f 1111/2155/894 1122/2284/947 1106/2154/890
f 1392/2207/911 1403/2285/919 1401/2271/941
f 1116/2253/928 1119/2274/927 1120/2286/933
f 1111/2287/948 1121/2288/948 1122/2289/948
f 1144/2290/949 1143/2291/949 1146/2292/949
f 1144/2293/950 1151/2294/951 1143/2295/952
f 1141/2296/953 1145/2297/953 1151/2298/953
f 1146/2299/954 1143/2295/952 1153/2300/955
f 1144/2301/956 1146/2302/954 1152/2303/957
f 1403/2219/919 1383/2237/926 1402/2304/942
f 1114/2305/924 1106/2306/890 1123/2307/958
f 1141/2259/936 1151/2308/951 1144/2309/950
f 1141/2259/936 1144/2309/950 1150/2243/930
f 1114/2231/924 1124/2310/959 1121/2261/937
f 1153/2300/955 1143/2295/952 1151/2294/951
f 1146/2302/954 1168/2311/960 1152/2303/957
f 1152/2303/957 1155/2312/961 1144/2301/956
f 1106/2313/962 1122/2314/962 1123/2315/962
f 1145/2316/963 1147/2317/963 1148/2318/963
f 1144/2319/950 1149/2320/964 1150/2321/930
f 1151/2322/965 1145/2323/965 1148/2324/965
f 1114/2305/924 1123/2307/958 1124/2325/959
f 1155/2326/961 1152/2327/957 1156/2328/966
f 1168/2329/960 1164/2330/967 1152/2331/957
f 1403/2285/919 1448/2332/968 1401/2271/941
f 1147/2269/940 1150/2268/930 1148/2333/969
f 1151/2334/951 1156/2335/966 1153/2336/955
f 1146/2302/954 1154/2337/970 1168/2311/960
f 1404/2338/971 1449/2339/972 1397/2340/921
f 1150/2341/930 1149/2342/964 1148/2343/969
f 1153/2344/955 1156/2328/966 1152/2327/957
f 1402/2272/942 1400/2255/934 1449/2345/972
f 1397/2340/921 1449/2339/972 1400/2346/934
f 1152/2347/957 1164/2348/967 1153/2349/955
f 1148/2343/969 1156/2335/966 1151/2334/951
f 1401/2271/941 1404/2350/971 1397/2221/921
f 1146/2299/954 1153/2300/955 1154/2351/970
f 1401/2271/941 1448/2352/968 1404/2350/971
f 1064/2353/973 1062/2354/974 1063/2355/975
f 1148/2343/969 1149/2342/964 1156/2335/966
f 1064/2353/973 1063/2355/975 1069/2356/976
f 1064/2357/973 1069/2358/976 1066/2359/977
f 1064/2357/973 1066/2359/977 1065/2360/978
f 1069/2361/979 1063/2362/979 1073/2363/979
f 1124/2364/959 1123/2365/958 1069/2358/976
f 1402/2272/942 1449/2345/972 1408/2366/980
f 1124/2367/981 1069/2368/981 1121/2369/981
f 1062/2370/982 1072/2371/982 1063/2372/982
f 1155/2312/961 1157/2373/983 1144/2301/956
f 1403/2285/919 1407/2374/984 1448/2332/968
f 1063/2375/985 1072/2376/986 1065/2377/987
f 1123/2365/958 1066/2359/977 1069/2358/976
f 1065/2378/988 1073/2379/988 1063/2380/988
f 1065/2381/989 1066/2382/989 1073/2383/989
f 1062/2384/974 1064/2385/973 1067/2386/990
f 1067/2387/991 1064/2388/991 1065/2389/991
f 1402/2272/942 1408/2366/980 1405/2390/992
f 1403/2219/919 1402/2304/942 1406/2391/993
f 1123/2392/994 1122/2393/994 1068/2394/994
f 1154/2351/970 1153/2300/955 1163/2395/995
f 1155/2396/996 1156/2397/996 1157/2398/996
f 1123/2399/997 1068/2400/997 1066/2401/997
f 1402/2402/942 1405/2403/992 1406/2404/993
f 1069/2405/998 1073/2406/998 1121/2407/998
f 1062/2384/999 1072/2408/1000 1071/2409/1001
f 1062/2384/974 1067/2386/990 1072/2408/986
f 1144/2410/1002 1157/2411/1002 1149/2412/1002
f 1153/2349/955 1164/2348/967 1163/2413/995
f 1154/2337/970 1158/2414/1003 1168/2311/960
f 1121/2415/1004 1068/2416/1004 1122/2417/1004
f 1072/2376/986 1067/2418/990 1065/2377/987
f 1070/2419/1005 1071/2420/1005 1072/2421/1005
f 1448/2422/968 1407/2423/984 1404/2338/971
f 1403/2285/919 1406/2424/993 1407/2374/984
f 1073/2425/1006 1068/2426/1006 1121/2427/1006
f 1066/2428/1007 1068/2429/1007 1073/2430/1007
f 1154/2351/970 1163/2395/995 1158/2431/1003
f 1405/2432/992 1408/2433/980 1409/2434/1008
f 1159/2435/1009 1171/2436/1010 1158/2437/1003
f 1158/2437/1003 1163/2438/995 1159/2435/1009
f 1149/2439/1011 1167/2440/1011 1156/2441/1011
f 1159/2442/1009 1162/2443/1012 1160/2444/1013
f 1168/2329/960 1161/2445/1014 1164/2330/967
f 1159/2446/1015 1163/2447/1015 1162/2448/1015
f 1163/2449/995 1164/2450/967 1165/2451/1016
f 1168/2452/1017 1162/2453/1017 1161/2454/1017
f 1156/2455/1018 1167/2456/1019 1182/2457/1020
f 1158/2458/1003 1171/2459/1010 1169/2460/1021
f 1159/2435/1009 1166/2461/1022 1171/2436/1010
f 1158/2458/1003 1169/2460/1021 1168/2462/960
f 1149/2463/1023 1157/2464/1024 1167/2465/1019
f 1168/2466/1025 1169/2467/1025 1162/2468/1025
f 1409/2469/1008 1408/2470/980 1410/2471/1026
f 1159/2442/1009 1170/2472/1027 1166/2473/1022
f 1160/2444/1013 1170/2472/1027 1159/2442/1009
f 1166/2461/1022 1178/2474/1028 1171/2436/1010
f 1165/2451/1016 1173/2475/1029 1175/2476/1030
f 1165/2451/1016 1175/2476/1030 1163/2449/995
f 1404/2338/971 1407/2423/984 1411/2477/1031
f 1404/2338/971 1411/2477/1031 1449/2339/972
f 1160/2478/1013 1162/2479/1012 1172/2480/1032
f 1405/2403/992 1413/2481/1033 1406/2404/993
f 1170/2482/1027 1160/2478/1013 1172/2480/1032
f 1169/2483/1021 1171/2484/1010 1172/2485/1032
f 1157/2486/1024 1156/2487/1018 1182/2488/1020
f 1408/2470/980 1449/2489/972 1410/2471/1026
f 1169/2490/1034 1172/2491/1034 1162/2492/1034
f 1161/2493/1035 1162/2494/1035 1177/2495/1035
f 1157/2464/1024 1183/2496/1036 1167/2465/1019
f 1162/2497/1037 1163/2498/995 1177/2499/1038
f 1165/2451/1016 1164/2450/967 1176/2500/1039
f 1165/2501/1040 1176/2502/1040 1173/2503/1040
f 1164/2330/967 1161/2445/1014 1177/2504/1041
f 1164/2330/967 1177/2504/1041 1176/2505/1039
f 1171/2484/1010 1174/2506/1042 1172/2485/1032
f 1167/2456/1019 1183/2507/1036 1182/2457/1020
f 1163/2498/995 1175/2508/1030 1177/2499/1038
f 1172/2480/1032 1174/2509/1042 1170/2482/1027
f 1173/2475/1029 1176/2510/1043 1175/2476/1030
f 1405/2432/992 1409/2434/1008 1412/2511/1044
f 1405/2432/992 1412/2511/1044 1413/2512/1033
f 1166/2473/1022 1170/2472/1027 1180/2513/1045
f 1449/2339/972 1411/2477/1031 1414/2514/1046
f 1157/2486/1024 1182/2488/1020 1183/2515/1036
f 1413/2481/1033 1420/2516/1047 1406/2404/993
f 1175/2517/1048 1176/2518/1048 1177/2519/1048
f 1178/2520/1028 1174/2506/1042 1171/2484/1010
f 1412/2511/1044 1409/2434/1008 1415/2521/1049
f 1409/2469/1008 1410/2471/1026 1415/2522/1049
f 1413/2512/1033 1412/2511/1044 1416/2523/1050
f 1413/2524/1033 1416/2525/1050 1420/2526/1047
f 1183/2515/1051 1182/2488/1052 1185/2527/1053
f 1170/2482/1027 1174/2509/1042 1179/2528/1054
f 1412/2511/1044 1417/2529/1055 1416/2523/1050
f 1166/2530/1022 1180/2531/1045 1181/2532/1056
f 1449/2339/972 1414/2514/1046 1410/2471/1026
f 1412/2511/1044 1415/2521/1049 1417/2533/1055
f 1407/2534/1057 1406/2535/1057 1419/2536/1057
f 1406/2537/993 1418/2538/1058 1419/2539/1059
f 1406/2537/993 1420/2540/1047 1418/2538/1058
f 1170/2541/1060 1179/2542/1060 1180/2543/1060
f 1415/2522/1049 1410/2471/1026 1450/2544/1061
f 1166/2530/1022 1181/2532/1056 1178/2545/1028
f 1407/2423/984 1419/2546/1062 1411/2477/1031
f 1185/2547/1053 1182/2548/1052 1187/2549/1063
f 1174/2509/1042 1127/2550/1064 1179/2528/1054
f 1410/2471/1026 1414/2514/1046 1450/2544/1061
f 1420/2551/1047 1423/2552/1065 1418/2553/1058
f 1417/2554/1055 1415/2522/1049 1450/2544/1061
f 1182/2555/1066 1183/2556/1066 1187/2557/1066
f 1411/2477/1031 1419/2558/1062 1414/2514/1046
f 1174/2506/1042 1178/2520/1028 1184/2559/1067
f 1174/2560/1068 1184/2561/1068 1127/2562/1068
f 1181/2563/1069 1138/2564/1069 1178/2565/1069
f 1185/2547/1053 1187/2549/1063 1189/2566/1070
f 1414/2514/1046 1419/2558/1062 1450/2544/1061
f 1185/2567/1053 1186/2568/1071 1183/2569/1051
f 1417/2529/1055 1450/2570/1061 1422/2571/1072
f 1418/2538/1058 1423/2572/1065 1419/2539/1059
f 1189/2566/1070 1188/2573/1073 1185/2547/1053
f 1185/2574/1074 1188/2575/1074 1186/2576/1074
f 1452/2577/1075 1453/2578/1076 1454/2579/1077
f 1420/2526/1047 1416/2525/1050 1421/2580/1078
f 1416/2523/1050 1417/2529/1055 1421/2581/1078
f 1452/2577/1075 1457/2582/1079 1464/2583/1080
f 1187/2584/1081 1183/2585/1081 1189/2586/1081
f 1452/2577/1075 1464/2583/1080 1455/2587/1082
f 1452/2577/1075 1455/2587/1082 1453/2578/1076
f 1453/2588/1076 1461/2589/1083 1454/2590/1077
f 1454/2579/1077 1458/2591/1084 1452/2577/1075
f 1420/2526/1047 1421/2580/1078 1451/2592/1085
f 1178/2593/1028 1138/2594/1086 1184/2595/1067
f 1420/2551/1047 1451/2596/1085 1423/2552/1065
f 1183/2597/1051 1186/2598/1071 1189/2599/1087
f 1454/2600/1077 1461/2601/1083 1458/2602/1084
f 1453/2588/1076 1455/2603/1082 1462/2604/1088
f 1452/2605/1075 1456/2606/1089 1457/2607/1079
f 1452/2605/1075 1458/2608/1084 1456/2606/1089
f 1453/2588/1076 1462/2604/1088 1461/2589/1083
f 1419/2609/1062 1422/2610/1072 1450/2611/1061
f 1186/2612/1071 1188/2613/1090 1190/2614/1091
f 1461/2601/1083 1465/2615/1092 1466/2616/1093
f 1461/2601/1083 1466/2616/1093 1458/2602/1084
f 1417/2529/1055 1422/2571/1072 1469/2617/1094
f 1456/2606/1089 1458/2608/1084 1459/2618/1095
f 1464/2583/1080 1451/2619/1085 1455/2587/1082
f 1451/2619/1085 1421/2620/1078 1455/2587/1082
f 1458/2602/1084 1460/2621/1096 1459/2622/1095
f 1417/2529/1055 1469/2617/1094 1421/2581/1078
f 1451/2619/1085 1464/2583/1080 1423/2623/1065
f 1461/2624/1083 1462/2625/1088 1465/2626/1092
f 1181/2627/1056 1180/2628/1045 1128/2629/1097
f 1457/2607/1079 1456/2606/1089 1463/2630/1098
f 1188/2631/1099 1189/2632/1099 1192/2633/1099
f 1421/2634/1078 1468/2635/1100 1455/2636/1082
f 1423/2637/1101 1424/2638/1101 1419/2639/1101
f 1419/2609/1062 1425/2640/1102 1422/2610/1072
f 1458/2602/1084 1466/2616/1093 1460/2621/1096
f 1186/2598/1071 1190/2641/1091 1189/2599/1087
f 1457/2607/1079 1463/2630/1098 1464/2642/1080
f 1455/2636/1082 1468/2635/1100 1462/2625/1088
f 1422/2610/1072 1426/2643/1103 1469/2644/1094
f 1464/2642/1080 1424/2645/1104 1423/2646/1065
f 1463/2647/1098 1456/2606/1089 1467/2648/1105
f 1456/2606/1089 1459/2618/1095 1467/2648/1105
f 1462/2625/1088 1468/2635/1100 1465/2626/1092
f 1421/2634/1078 1469/2649/1094 1468/2635/1100
f 1425/2640/1102 1426/2643/1103 1422/2610/1072
f 1190/2641/1091 1193/2650/1106 1189/2599/1087
f 1188/2613/1090 1191/2651/1107 1190/2614/1091
f 1464/2642/1080 1463/2630/1098 1424/2645/1104
f 358/2652/1108 366/2653/1109 359/2654/1110
f 1467/2648/1105 1459/2618/1095 1460/2655/1096
f 1180/2656/1045 1179/2657/1054 1125/2658/1111
f 1419/2659/1112 1424/2660/1112 1425/2661/1112
f 359/2662/1113 360/2663/1113 358/2664/1113
f 1190/2665/1114 1191/2666/1114 1193/2667/1114
f 417/2668/1115 995/2669/1115 419/2670/1115
f 359/2671/1116 362/2672/1116 360/2673/1116
f 1424/2674/1117 1470/2675/1117 1425/2676/1117
f 1468/2677/1118 1466/2678/1118 1465/2679/1118
f 1181/2680/1056 1126/2681/1119 1138/2682/1086
f 358/2652/1108 363/2683/1120 366/2653/1109
f 1181/2627/1056 1128/2629/1097 1126/2684/1119
f 358/2685/1108 360/2686/1121 363/2687/1120
f 1188/2688/1090 1192/2689/1122 1191/2690/1107
f 1460/2691/1096 1466/2692/1093 1467/2693/1105
f 359/2694/1110 366/2695/1109 362/2696/1123
f 1468/2697/1100 1467/2693/1105 1466/2692/1093
f 1425/2698/1124 1470/2699/1124 1426/2700/1124
f 995/2701/1125 417/2702/1126 416/2703/1127
f 1463/2704/1098 1471/2705/1128 1424/2706/1104
f 1463/2704/1098 1467/2707/1105 1471/2705/1128
f 1189/2708/1087 1193/2709/1106 1192/2710/1129
f 1468/2711/1100 1471/2712/1128 1467/2713/1105
f 366/2653/1109 363/2683/1120 361/2714/1130
f 1424/2706/1104 1471/2705/1128 1470/2715/1131
f 1469/2716/1094 1471/2712/1128 1468/2711/1100
f 1471/2712/1128 1469/2716/1094 1426/2717/1103
f 360/2686/1121 362/2718/1132 363/2687/1120
f 1470/2719/1133 1471/2720/1133 1426/2721/1133
f 414/2722/1134 415/2723/1134 410/2724/1134
f 417/2702/1126 411/2725/1135 416/2703/1127
f 1126/2681/1119 1130/2726/1136 1138/2682/1086
f 1184/2595/1067 1138/2594/1086 1132/2727/1137
f 417/2728/1126 412/2729/1138 411/2730/1135
f 363/2731/1120 367/2732/1139 361/2733/1130
f 1184/2734/1140 1132/2735/1140 1127/2736/1140
f 414/2737/1141 413/2738/1141 411/2739/1141
f 414/2740/1142 411/2741/1142 415/2742/1142
f 416/2743/1127 418/2744/1143 995/2745/1125
f 1192/2746/1144 1193/2747/1144 1194/2748/1144
f 415/2749/1145 422/2750/1146 410/2751/1147
f 417/2752/1148 419/2753/1148 412/2754/1148
f 418/2755/1143 420/2756/1149 995/2757/1125
f 1126/2681/1119 1128/2758/1097 1130/2726/1136
f 995/2757/1125 420/2756/1149 419/2759/1150
f 362/2696/1123 366/2695/1109 370/2760/1151
f 414/2761/1152 422/2762/1146 413/2763/1153
f 362/2764/1123 370/2765/1151 364/2766/1154
f 362/2767/1155 364/2768/1155 363/2769/1155
f 414/2761/1152 410/2770/1147 422/2762/1146
f 1193/2771/1156 1191/2772/1156 1194/2773/1156
f 1128/2758/1097 1129/2774/1157 1130/2726/1136
f 1138/2594/1086 1130/2775/1136 1132/2727/1137
f 1179/2776/1054 1127/2777/1064 1125/2778/1111
f 412/2779/1138 419/2780/1150 420/2781/1149
f 1180/2656/1045 1125/2658/1111 1131/2782/1158
f 1180/2783/1045 1131/2784/1158 1128/2785/1097
f 416/2703/1127 411/2725/1135 413/2786/1159
f 413/2787/1159 418/2744/1143 416/2743/1127
f 1192/2689/1122 1194/2788/1160 1191/2690/1107
f 364/2789/1154 365/2790/1161 363/2791/1120
f 366/2792/1162 361/2793/1162 370/2794/1162
f 411/2730/1135 412/2729/1138 421/2795/1163
f 415/2749/1145 421/2796/1164 422/2750/1146
f 415/2797/1165 411/2798/1165 421/2799/1165
f 361/2800/1166 377/2801/1166 370/2802/1166
f 413/2787/1159 424/2803/1167 418/2744/1143
f 412/2779/1138 420/2781/1149 421/2804/1163
f 422/2805/1168 423/2806/1168 413/2807/1168
f 363/2808/1120 365/2809/1161 367/2810/1139
f 413/2787/1159 423/2811/1169 424/2803/1167
f 361/2733/1130 367/2732/1139 377/2812/1170
f 370/2765/1151 368/2813/1171 364/2766/1154
f 364/2789/1154 368/2814/1171 365/2790/1161
f 418/2755/1143 424/2815/1167 420/2756/1149
f 423/2816/1169 422/2817/1172 425/2818/1173
f 425/2819/1174 422/2820/1174 421/2821/1174
f 1127/2777/1064 1132/2822/1137 1125/2778/1111
f 424/2815/1167 425/2823/1173 420/2756/1149
f 420/2781/1149 425/2824/1173 421/2804/1163
f 423/2811/1169 426/2825/1175 424/2803/1167
f 423/2816/1169 425/2818/1173 428/2826/1176
f 368/2814/1171 369/2827/1177 365/2790/1161
f 368/2813/1171 370/2765/1151 373/2828/1178
f 370/2829/1179 377/2830/1179 373/2831/1179
f 424/2832/1167 426/2833/1175 427/2834/1180
f 424/2835/1167 427/2836/1180 425/2837/1173
f 1125/2658/1111 1133/2838/1181 1131/2782/1158
f 367/2810/1139 365/2809/1161 371/2839/1182
f 367/2840/1183 371/2841/1183 377/2842/1183
f 423/2811/1169 428/2843/1176 426/2825/1175
f 428/2843/1176 431/2844/1184 426/2825/1175
f 425/2837/1173 427/2836/1180 429/2845/1185
f 1125/2778/1111 1132/2822/1137 1133/2846/1181
f 428/2826/1176 425/2818/1173 430/2847/1186
f 427/2834/1180 426/2833/1175 429/2848/1185
f 1130/2775/1136 1136/2849/1187 1132/2727/1137
f 365/2809/1161 369/2850/1177 371/2839/1182
f 428/2843/1176 430/2851/1186 431/2844/1184
f 368/2813/1171 373/2828/1178 372/2852/1188
f 368/2814/1171 372/2853/1188 369/2827/1177
f 426/2833/1175 431/2854/1184 429/2848/1185
f 1128/2758/1097 1135/2855/1189 1129/2774/1157
f 1128/2785/1097 1131/2784/1158 1435/2856/1190
f 1130/2857/1191 1129/2858/1191 1136/2859/1191
f 375/2860/1192 373/2861/1178 374/2862/1193
f 373/2828/1178 375/2863/1192 372/2852/1188
f 1128/2864/1194 1435/2865/1194 1135/2866/1194
f 377/2867/1195 378/2868/1195 373/2869/1195
f 377/2870/1196 376/2871/1197 378/2872/1198
f 378/2873/1199 374/2874/1199 373/2875/1199
f 377/2876/1196 371/2877/1200 382/2878/1201
f 1132/2822/1137 1136/2879/1187 1133/2846/1181
f 377/2876/1196 382/2878/1201 376/2880/1197
f 431/2854/1184 435/2881/1202 429/2848/1185
f 372/2853/1188 381/2882/1203 369/2827/1177
f 378/2883/1204 382/2884/1204 374/2885/1204
f 376/2880/1197 382/2878/1201 379/2886/1205
f 430/2887/1206 432/2888/1206 431/2889/1206
f 374/2890/1207 382/2891/1207 371/2892/1207
f 1131/2782/1158 1133/2838/1181 1435/2893/1190
f 372/2852/1188 375/2863/1192 380/2894/1208
f 376/2880/1197 379/2886/1205 390/2895/1209
f 381/2896/1203 371/2839/1182 369/2850/1177
f 380/2897/1208 381/2882/1203 372/2853/1188
f 431/2898/1184 432/2899/1210 434/2900/1211
f 1427/2901/1212 1428/2902/1213 1440/2903/1214
f 1133/2838/1181 1134/2904/1215 1435/2893/1190
f 382/2905/1216 378/2906/1198 394/2907/1217
f 1427/2908/1212 1430/2909/1218 1428/2910/1213
f 382/2911/1219 394/2912/1219 379/2913/1219
f 374/2862/1193 383/2914/1220 375/2860/1192
f 376/2871/1197 390/2915/1209 378/2872/1198
f 430/2916/1186 425/2917/1173 433/2918/1221
f 1427/2919/1212 1429/2920/1222 1430/2921/1218
f 378/2906/1198 396/2922/1223 394/2907/1217
f 1427/2923/1212 1440/2924/1214 1438/2925/1224
f 378/2872/1198 390/2915/1209 396/2926/1223
f 425/2837/1173 429/2845/1185 433/2927/1221
f 390/2895/1209 379/2886/1205 395/2928/1225
f 394/2929/1226 395/2930/1226 379/2931/1226
f 374/2932/1227 371/2933/1227 383/2934/1227
f 397/2935/1228 384/2936/1229 385/2937/1230
f 1430/2909/1218 1441/2938/1231 1428/2910/1213
f 1129/2939/1157 1135/2940/1189 1136/2941/1232
f 1427/2923/1212 1438/2925/1224 1429/2942/1222
f 1428/2902/1213 1431/2943/1233 1440/2903/1214
f 387/2944/1234 386/2945/1235 388/2946/1236
f 1430/2921/1218 1429/2920/1222 1436/2947/1237
f 387/2948/1234 388/2949/1236 389/2950/1238
f 1133/2846/1181 1136/2879/1187 1134/2951/1215
f 431/2854/1184 434/2952/1211 435/2881/1202
f 1432/2953/1239 1428/2910/1213 1433/2954/1240
f 386/2955/1235 387/2956/1234 389/2957/1238
f 1428/2902/1213 1432/2958/1239 1431/2943/1233
f 1440/2924/1214 545/2959/1241 1438/2925/1224
f 1435/2893/1190 1134/2904/1215 1137/2960/1242
f 433/2927/1221 429/2845/1185 435/2961/1202
f 1428/2910/1213 1441/2938/1231 1433/2954/1240
f 380/2894/1208 375/2863/1192 403/2962/1243
f 388/2949/1236 391/2963/1244 389/2950/1238
f 396/2964/1245 390/2965/1245 393/2966/1245
f 389/2957/1238 391/2967/1244 386/2955/1235
f 385/2937/1230 396/2968/1246 397/2935/1228
f 1136/2941/1232 1135/2940/1189 547/2969/1247
f 432/2899/1210 430/2970/1248 434/2900/1211
f 1435/2971/1190 1137/2972/1242 542/2973/1249
f 1430/2909/1218 655/2974/1250 1441/2938/1231
f 371/2839/1182 381/2896/1203 392/2975/1251
f 1438/2925/1224 1434/2976/1252 1429/2942/1222
f 385/2937/1230 384/2936/1229 396/2968/1246
f 396/2977/1223 393/2978/1253 394/2979/1217
f 394/2979/1217 393/2978/1253 395/2980/1225
f 396/2977/1246 384/2981/1229 393/2978/1254
f 388/2946/1236 386/2945/1235 399/2982/1255
f 390/2895/1209 395/2928/1225 393/2983/1253
f 396/2984/1256 393/2985/1256 397/2986/1256
f 375/2860/1192 383/2914/1220 403/2987/1243
f 1435/2988/1257 1439/2989/1257 1135/2990/1257
f 371/2991/1182 392/2992/1251 383/2993/1220
f 1429/2994/1222 1437/2995/1258 1436/2996/1237
f 430/2997/1248 438/2998/1259 434/2999/1211
f 380/2897/1208 406/3000/1260 381/2882/1203
f 380/2894/1208 403/2962/1243 406/3001/1260
f 655/3002/1250 652/3003/1261 1441/3004/1231
f 397/3005/1262 393/3006/1262 384/3007/1262
f 434/2952/1211 436/3008/1263 435/2881/1202
f 1429/2942/1222 1434/2976/1252 1437/3009/1258
f 388/3010/1236 401/3011/1264 398/3012/1265
f 388/3013/1266 399/3014/1266 401/3015/1266
f 1435/2971/1190 542/2973/1249 1439/3016/1267
f 1438/3017/1224 650/3018/1268 1434/3019/1252
f 388/2949/1236 398/3020/1265 391/2963/1244
f 1438/3017/1224 1445/3021/1269 650/3018/1268
f 545/3022/1241 1445/3021/1269 1438/3017/1224
f 1134/2904/1215 540/3023/1270 1137/2960/1242
f 1134/2951/1215 1136/2879/1187 540/3024/1270
f 1431/3025/1271 1439/3026/1271 1440/3027/1271
f 1432/2953/1239 1433/2954/1240 543/3028/1272
f 652/3029/1261 1446/3030/1273 1441/3031/1231
f 545/3022/1241 1442/3032/1274 1445/3021/1269
f 435/2961/1202 436/3033/1263 433/2927/1221
f 652/3003/1261 655/3002/1250 1443/3034/1275
f 1430/2909/1218 1444/3035/1276 655/2974/1250
f 1136/3036/1277 547/3037/1277 540/3038/1277
f 1441/3031/1231 1446/3030/1273 1445/3039/1269
f 1440/2924/1214 1439/3016/1267 542/2973/1249
f 1440/2924/1214 542/2973/1249 545/2959/1241
f 430/2916/1186 433/2918/1221 437/3040/1278
f 1137/3041/1279 540/3042/1279 541/3043/1279
f 1441/3031/1231 1445/3039/1269 548/3044/1280
f 438/3045/1281 430/3046/1281 437/3047/1281
f 403/2987/1243 383/2914/1220 400/3048/1282
f 1441/3049/1283 548/3050/1283 1433/3051/1283
f 1137/3052/1242 541/3053/1284 542/3054/1249
f 1439/3055/1285 1431/3056/1285 1135/3057/1285
f 1432/2953/1239 543/3028/1272 1431/3058/1233
f 1135/3059/1286 1431/3060/1286 547/3061/1286
f 1436/2996/1237 1437/2995/1258 1447/3062/1287
f 1472/3063/1288 1473/3064/1289 1481/3065/1290
f 1472/3063/1288 1481/3065/1290 1474/3066/1291
f 1473/3064/1289 1475/3067/1292 1481/3065/1290
f 1472/3063/1288 1474/3066/1291 1476/3068/1293
f 1445/3069/1269 1446/3070/1273 650/3071/1268
f 399/3072/1294 402/3073/1294 401/3074/1294
f 391/3075/1244 398/3076/1265 442/3077/1295
f 401/3011/1264 402/3078/1296 398/3012/1265
f 391/2967/1244 442/3079/1295 386/2955/1235
f 406/3080/1260 403/3081/1243 404/3082/1297
f 1430/2921/1218 1436/2947/1237 1444/3083/1276
f 1472/3063/1288 1477/3084/1298 1473/3064/1289
f 404/3085/1297 403/3086/1243 405/3087/1299
f 1431/3088/1233 543/3089/1272 544/3090/1300
f 1445/3091/1269 1442/3092/1274 548/3093/1280
f 1472/3063/1288 654/3094/1301 1477/3095/1298
f 1475/3067/1292 1473/3064/1289 1478/3096/1302
f 386/2955/1235 442/3079/1295 399/3097/1255
f 404/3082/1297 408/3098/1303 406/3080/1260
f 406/3099/1260 392/2975/1251 381/2896/1203
f 1472/3063/1288 1476/3068/1293 654/3094/1301
f 383/2993/1220 392/2992/1251 400/3100/1282
f 403/2987/1243 400/3048/1282 405/3101/1299
f 1434/3102/1252 650/3103/1268 651/3104/1304
f 402/3105/1296 441/3106/1305 407/3107/1306
f 402/3108/1307 399/3109/1307 441/3110/1307
f 402/3111/1296 404/3085/1297 398/3112/1265
f 402/3113/1296 407/3114/1306 404/3082/1297
f 434/2952/1211 439/3115/1308 436/3008/1263
f 404/3082/1297 407/3114/1306 408/3098/1303
f 398/3112/1265 404/3085/1297 405/3087/1299
f 545/3116/1309 542/3117/1309 1442/3118/1309
f 652/3119/1261 1443/3120/1275 653/3121/1310
f 1473/3064/1289 1477/3084/1298 657/3122/1311
f 1473/3064/1289 657/3122/1311 1478/3096/1302
f 650/3071/1268 1446/3070/1273 653/3123/1310
f 1481/3065/1290 1475/3067/1292 1479/3124/1312
f 434/2999/1211 438/2998/1259 439/3125/1308
f 544/3090/1300 543/3089/1272 551/3126/1313
f 541/3053/1284 546/3127/1314 542/3054/1249
f 405/3101/1299 400/3048/1282 409/3128/1315
f 652/3029/1261 653/3129/1310 1446/3030/1273
f 1437/3130/1258 1434/3102/1252 669/3131/1316
f 544/3090/1300 547/3132/1317 1431/3088/1233
f 1475/3067/1292 1478/3133/1302 1479/3124/1312
f 1436/2947/1237 1447/3134/1287 1444/3083/1276
f 543/3135/1272 1433/3136/1240 551/3137/1313
f 1474/3066/1291 1482/3138/1318 1476/3068/1293
f 1434/3102/1252 651/3104/1304 669/3131/1316
f 405/3101/1299 409/3128/1315 398/3139/1265
f 408/3140/1303 407/3141/1306 392/2975/1251
f 654/3142/1301 710/3143/1319 1477/3144/1298
f 408/3140/1303 392/2975/1251 406/3099/1260
f 438/2998/1259 441/3145/1320 439/3125/1308
f 400/3146/1321 392/3147/1321 409/3148/1321
f 441/3106/1305 440/3149/1322 407/3107/1306
f 650/3150/1268 653/3151/1310 651/3152/1304
f 437/3153/1278 433/2927/1221 436/3033/1263
f 407/3141/1306 443/3154/1323 392/2975/1251
f 438/3155/1324 437/3156/1324 441/3157/1324
f 1476/3068/1293 1482/3138/1318 662/3158/1325
f 1444/3159/1276 711/3160/1326 655/3161/1250
f 399/3162/1255 442/3163/1295 444/3164/1327
f 407/3165/1306 440/3166/1322 443/3167/1323
f 441/3106/1305 437/3168/1278 440/3149/1322
f 398/3076/1265 443/3169/1328 442/3077/1295
f 1477/3084/1298 710/3170/1319 657/3122/1311
f 1479/3171/1312 1480/3172/1329 1481/3173/1290
f 409/3174/1330 443/3175/1330 398/3176/1330
f 437/3153/1278 436/3033/1263 440/3166/1322
f 1474/3177/1291 1481/3173/1290 666/3178/1331
f 1474/3177/1291 666/3178/1331 1482/3179/1318
f 541/3053/1284 553/3180/1332 546/3127/1314
f 1433/3136/1240 548/3181/1280 551/3137/1313
f 441/3145/1320 444/3164/1327 439/3125/1308
f 409/3182/1333 392/3183/1333 443/3184/1333
f 442/3185/1334 443/3186/1334 445/3187/1334
f 654/3142/1301 1476/3188/1293 656/3189/1335
f 542/3054/1249 546/3127/1314 1442/3190/1274
f 541/3053/1284 550/3191/1336 553/3180/1332
f 546/3127/1314 549/3192/1337 1442/3190/1274
f 399/3162/1255 444/3164/1327 441/3145/1320
f 544/3090/1300 551/3126/1313 552/3193/1338
f 541/3194/1284 540/3195/1339 550/3196/1336
f 551/3197/1313 548/3093/1280 552/3198/1338
f 1481/3173/1290 1480/3172/1329 666/3178/1331
f 440/3166/1322 445/3199/1340 443/3167/1323
f 544/3090/1300 555/3200/1341 547/3132/1317
f 544/3090/1300 552/3193/1338 555/3200/1341
f 657/3201/1342 710/3202/1342 658/3203/1342
f 651/3152/1304 653/3151/1310 659/3204/1343
f 1444/3205/1276 1447/3206/1287 660/3207/1344
f 655/3208/1250 711/3209/1326 1443/3210/1275
f 1476/3188/1293 662/3211/1325 656/3189/1335
f 546/3212/1314 553/3213/1332 549/3214/1337
f 657/3215/1311 661/3216/1345 1478/3217/1302
f 439/3115/1308 446/3218/1346 436/3008/1263
f 1482/3219/1347 666/3220/1347 662/3221/1347
f 442/3222/1348 445/3223/1348 444/3224/1348
f 444/3225/1327 446/3218/1346 439/3115/1308
f 712/3226/1349 654/3142/1301 656/3189/1335
f 710/3143/1319 654/3142/1301 712/3226/1349
f 710/3227/1319 712/3228/1349 660/3207/1344
f 540/3229/1339 547/3132/1317 554/3230/1350
f 440/3166/1322 436/3033/1263 446/3231/1346
f 1442/3092/1274 549/3232/1337 548/3093/1280
f 1447/3206/1287 710/3227/1319 660/3207/1344
f 548/3093/1280 549/3232/1337 552/3198/1338
f 444/3233/1351 445/3234/1351 446/3235/1351
f 661/3216/1345 1483/3236/1352 1478/3237/1302
f 440/3166/1322 446/3231/1346 445/3199/1340
f 660/3238/1344 711/3160/1326 1444/3159/1276
f 1479/3124/1312 1483/3239/1352 1480/3240/1329
f 660/3207/1344 712/3228/1349 711/3241/1326
f 540/3195/1339 554/3242/1350 550/3196/1336
f 1479/3124/1312 1478/3133/1302 1483/3239/1352
f 710/3227/1319 1447/3206/1287 658/3243/1353
f 666/3244/1331 667/3245/1354 662/3246/1325
f 554/3230/1350 547/3132/1317 557/3247/1355
f 547/3132/1317 555/3200/1341 557/3247/1355
f 711/3209/1326 663/3248/1356 1443/3210/1275
f 657/3215/1311 658/3249/1353 661/3216/1345
f 549/3232/1337 556/3250/1357 552/3198/1338
f 656/3189/1335 662/3211/1325 664/3251/1358
f 553/3180/1332 550/3191/1336 558/3252/1359
f 553/3213/1332 558/3253/1359 549/3214/1337
f 1437/3130/1258 669/3131/1316 1447/3254/1287
f 1447/3254/1287 669/3131/1316 658/3255/1353
f 555/3256/1341 552/3257/1338 556/3258/1357
f 557/3259/1355 555/3256/1341 561/3260/1360
f 558/3261/1359 556/3250/1357 549/3232/1337
f 1483/3262/1352 665/3263/1361 1480/3264/1329
f 666/3265/1331 665/3266/1361 667/3267/1354
f 712/3226/1349 656/3189/1335 668/3268/1362
f 555/3256/1341 556/3258/1357 561/3260/1360
f 661/3216/1345 676/3269/1363 1483/3236/1352
f 658/3255/1353 669/3131/1316 676/3270/1363
f 712/3271/1349 668/3272/1362 711/3209/1326
f 666/3265/1331 1480/3273/1329 665/3266/1361
f 554/3230/1350 557/3247/1355 559/3274/1364
f 658/3249/1353 676/3269/1363 661/3216/1345
f 651/3152/1304 659/3204/1343 669/3275/1316
f 662/3246/1325 667/3245/1354 670/3276/1365
f 668/3268/1362 656/3189/1335 671/3277/1366
f 663/3248/1356 713/3278/1367 1443/3279/1275
f 667/3267/1354 665/3266/1361 672/3280/1368
f 664/3251/1358 671/3277/1366 656/3189/1335
f 667/3267/1354 672/3280/1368 670/3276/1365
f 550/3196/1336 554/3242/1350 560/3281/1369
f 550/3191/1336 560/3282/1369 558/3252/1359
f 659/3204/1343 673/3283/1370 669/3275/1316
f 711/3209/1326 668/3272/1362 663/3248/1356
f 664/3284/1358 662/3246/1325 670/3276/1365
f 554/3285/1371 559/3286/1371 560/3287/1371
f 676/3288/1363 669/3275/1316 674/3289/1372
f 1443/3120/1275 713/3290/1367 653/3121/1310
f 664/3284/1358 670/3276/1365 671/3291/1366
f 556/3250/1357 558/3261/1359 561/3292/1360
f 668/3272/1362 675/3293/1373 663/3248/1356
f 1483/3262/1352 676/3294/1363 665/3263/1361
f 665/3266/1361 714/3295/1374 672/3280/1368
f 663/3248/1356 677/3296/1375 713/3278/1367
f 665/3263/1361 676/3294/1363 714/3297/1374
f 558/3261/1359 562/3298/1376 561/3292/1360
f 560/3299/1377 559/3300/1377 562/3301/1377
f 653/3121/1310 713/3290/1367 659/3302/1343
f 559/3303/1364 557/3259/1355 562/3304/1376
f 675/3293/1373 677/3296/1375 663/3248/1356
f 669/3275/1316 673/3283/1370 674/3289/1372
f 557/3259/1355 561/3260/1360 562/3304/1376
f 668/3305/1362 671/3291/1366 678/3306/1378
f 668/3307/1379 678/3308/1379 675/3309/1379
f 671/3291/1366 670/3276/1365 678/3306/1378
f 677/3296/1375 675/3293/1373 678/3310/1378
f 713/3278/1367 715/3311/1380 659/3312/1343
f 560/3313/1381 562/3314/1381 558/3315/1381
f 713/3278/1367 677/3296/1375 715/3311/1380
f 672/3280/1368 714/3295/1374 670/3276/1365
f 676/3294/1363 674/3316/1372 714/3297/1374
f 659/3312/1343 715/3311/1380 673/3317/1370
f 670/3276/1365 714/3295/1374 678/3306/1378
f 677/3296/1375 678/3310/1378 715/3311/1380
f 673/3318/1370 715/3319/1380 674/3316/1372
f 678/3320/1378 714/3297/1374 715/3319/1380
f 674/3316/1372 715/3319/1380 714/3297/1374
f 235/3321/1382 240/3322/1382 236/3323/1382
f 250/3324/1383 238/3325/1383 251/3326/1383
f 234/3327/1384 238/3328/1385 236/3329/1386
f 238/3330/1387 250/3331/1388 242/3332/1389
f 235/3333/1390 236/3334/1386 238/3335/1385
f 236/3329/1386 240/3336/1391 234/3327/1384
f 238/3335/1385 237/3337/1392 235/3333/1390
f 250/3331/1388 247/3338/1393 242/3332/1389
f 238/3339/1385 234/3340/1384 239/3341/1394
f 234/3340/1384 240/3342/1391 239/3341/1394
f 235/3343/1390 237/3344/1392 240/3345/1391
f 238/3346/1395 247/3347/1396 251/3348/1397
f 238/3349/1398 241/3350/1398 237/3351/1398
f 238/3339/1395 239/3341/1399 247/3352/1396
f 242/3332/1389 247/3338/1393 249/3353/1400
f 238/3354/1401 239/3355/1401 241/3356/1401
f 239/3357/1402 249/3358/1402 247/3359/1402
f 238/3360/1387 242/3361/1389 239/3362/1403
f 239/3363/1394 240/3364/1391 241/3365/1404
f 250/3366/1405 243/3367/1405 247/3368/1405
f 241/3365/1404 240/3364/1391 244/3369/1406
f 237/3370/1407 241/3371/1407 245/3372/1407
f 251/3348/1397 247/3347/1396 248/3373/1408
f 237/3344/1392 244/3374/1406 240/3345/1391
f 242/3361/1389 246/3375/1409 239/3362/1403
f 241/3376/1404 244/3377/1406 245/3378/1410
f 247/3379/1396 243/3380/1411 248/3381/1408
f 242/3382/1389 249/3383/1400 246/3384/1409
f 250/3385/1412 252/3386/1413 243/3387/1411
f 250/3388/1414 251/3389/1414 252/3390/1414
f 239/3391/1403 270/3392/1415 249/3393/1400
f 251/3394/1397 248/3395/1408 252/3396/1413
f 239/3362/1403 246/3375/1409 270/3397/1415
f 249/3383/1400 253/3398/1416 246/3384/1409
f 248/3381/1408 243/3380/1411 255/3399/1417
f 248/3395/1408 255/3400/1417 252/3396/1413
f 249/3393/1400 270/3392/1415 253/3401/1416
f 237/3344/1392 254/3402/1418 244/3374/1406
f 237/3403/1419 245/3404/1419 254/3405/1419
f 245/3378/1410 244/3377/1406 254/3406/1418
f 243/3407/1411 256/3408/1420 255/3409/1417
f 252/3386/1413 256/3410/1420 243/3387/1411
f 246/3384/1409 253/3398/1416 257/3411/1421
f 253/3401/1416 270/3392/1415 271/3412/1422
f 246/3375/1409 257/3413/1421 270/3397/1415
f 279/3414/1423 258/3415/1424 278/3416/1425
f 258/3415/1424 259/3417/1426 278/3416/1425
f 279/3418/1423 261/3419/1427 258/3420/1424
f 252/3396/1413 255/3400/1417 265/3421/1428
f 252/3386/1413 265/3422/1428 256/3410/1420
f 279/3418/1423 260/3423/1429 261/3419/1427
f 279/3424/1430 278/3425/1430 283/3426/1430
f 260/3427/1429 262/3428/1431 261/3429/1427
f 258/3415/1424 268/3430/1432 259/3417/1426
f 259/3431/1426 264/3432/1433 262/3433/1431
f 259/3431/1426 262/3433/1431 278/3434/1425
f 279/3435/1434 283/3436/1435 263/3437/1436
f 279/3438/1437 263/3439/1437 260/3440/1437
f 278/3434/1425 262/3433/1431 267/3441/1438
f 261/3429/1427 262/3428/1431 264/3442/1433
f 255/3443/1439 269/3444/1439 265/3445/1439
f 258/3420/1424 261/3419/1427 266/3446/1440
f 262/3428/1431 260/3427/1429 267/3447/1438
f 259/3431/1426 268/3448/1432 264/3432/1433
f 265/3449/1441 269/3450/1441 256/3451/1441
f 256/3408/1420 269/3452/1442 255/3409/1417
f 270/3453/1415 257/3454/1421 271/3455/1422
f 258/3415/1424 266/3456/1440 268/3430/1432
f 261/3429/1427 264/3442/1433 266/3457/1440
f 263/3458/1436 267/3459/1438 260/3460/1429
f 264/3432/1433 268/3448/1432 272/3461/1443
f 266/3456/1440 273/3462/1444 268/3430/1432
f 283/3436/1435 280/3463/1445 263/3437/1436
f 257/3411/1421 253/3398/1416 274/3464/1446
f 264/3442/1433 272/3465/1443 266/3457/1440
f 253/3466/1416 271/3467/1422 274/3468/1446
f 273/3469/1447 266/3470/1447 275/3471/1447
f 268/3448/1432 273/3472/1444 272/3461/1443
f 266/3457/1440 272/3465/1443 275/3473/1448
f 263/3458/1436 281/3474/1449 267/3459/1438
f 271/3455/1422 257/3454/1421 276/3475/1450
f 271/3467/1422 276/3476/1450 274/3468/1446
f 267/3477/1438 281/3478/1449 278/3479/1425
f 273/3472/1444 275/3480/1448 272/3461/1443
f 263/3458/1436 280/3481/1445 281/3474/1449
f 278/3482/1425 282/3483/1451 283/3484/1435
f 274/3485/1452 276/3486/1452 257/3487/1452
f 274/3468/1453 276/3476/1454 277/3488/1455
f 278/3479/1425 281/3478/1449 282/3489/1451
f 283/3484/1435 282/3483/1451 284/3490/1456
f 283/3436/1435 285/3491/1457 280/3463/1445
f 283/3436/1435 284/3492/1456 285/3491/1457
f 280/3493/1445 285/3494/1457 286/3495/1458
f 280/3496/1459 286/3497/1459 281/3498/1459
f 285/3494/1457 287/3499/1460 286/3495/1458
f 284/3490/1456 282/3483/1451 288/3500/1461
f 284/3492/1456 288/3501/1461 285/3491/1457
f 286/3502/1458 287/3503/1460 281/3504/1449
f 282/3483/1451 289/3505/1462 288/3500/1461
f 282/3489/1451 281/3478/1449 292/3506/1463
f 288/3501/1461 298/3507/1464 285/3491/1457
f 290/3508/1465 355/3509/1466 354/3510/1467
f 290/3508/1465 299/3511/1468 356/3512/1469
f 290/3508/1465 354/3510/1467 299/3513/1468
f 290/3508/1465 357/3514/1470 355/3509/1466
f 290/3508/1465 356/3512/1469 291/3515/1471
f 290/3508/1465 291/3515/1471 357/3514/1470
f 354/3516/1467 298/3507/1464 299/3517/1468
f 282/3489/1451 292/3506/1463 289/3518/1462
f 281/3504/1449 287/3503/1460 292/3519/1463
f 357/3520/1470 293/3521/1472 355/3522/1466
f 285/3494/1457 298/3523/1464 296/3524/1473
f 285/3494/1457 296/3524/1473 287/3499/1460
f 355/3522/1466 301/3525/1474 354/3526/1467
f 288/3500/1461 289/3505/1462 294/3527/1475
f 288/3528/1476 294/3529/1476 299/3530/1476
f 288/3501/1461 299/3517/1468 298/3507/1464
f 356/3531/1469 297/3532/1477 291/3533/1471
f 357/3534/1470 291/3535/1471 303/3536/1478
f 299/3537/1468 295/3538/1479 356/3539/1469
f 354/3540/1467 301/3541/1474 305/3542/1480
f 289/3518/1462 292/3506/1463 294/3543/1475
f 287/3503/1460 310/3544/1481 292/3519/1463
f 293/3521/1472 301/3525/1474 355/3522/1466
f 287/3503/1460 296/3545/1473 310/3544/1481
f 357/3520/1470 303/3546/1478 293/3521/1472
f 356/3547/1469 308/3548/1482 297/3549/1477
f 354/3540/1467 305/3542/1480 298/3550/1464
f 295/3538/1479 308/3551/1482 356/3539/1469
f 291/3533/1471 297/3532/1477 300/3552/1483
f 299/3553/1468 294/3543/1475 295/3554/1479
f 297/3549/1477 308/3548/1482 307/3555/1484
f 291/3535/1471 300/3556/1483 303/3536/1478
f 294/3543/1475 292/3506/1463 295/3554/1479
f 305/3557/1480 301/3558/1474 302/3559/1485
f 298/3550/1464 305/3542/1480 309/3560/1486
f 298/3561/1487 309/3562/1487 296/3563/1487
f 303/3564/1478 312/3565/1488 293/3521/1472
f 293/3521/1472 312/3565/1488 301/3525/1474
f 301/3558/1474 304/3566/1489 306/3567/1490
f 295/3568/1479 292/3519/1463 302/3569/1485
f 301/3558/1474 306/3567/1490 302/3559/1485
f 292/3519/1463 310/3544/1481 302/3569/1485
f 309/3570/1491 305/3571/1491 314/3572/1491
f 306/3573/1490 307/3574/1484 308/3575/1482
f 306/3576/1490 308/3577/1482 302/3569/1485
f 308/3577/1482 295/3568/1479 302/3569/1485
f 296/3578/1473 309/3579/1492 313/3580/1493
f 296/3578/1473 313/3580/1493 310/3581/1481
f 303/3564/1478 311/3582/1494 312/3565/1488
f 301/3558/1474 312/3583/1488 304/3566/1489
f 310/3544/1481 313/3584/1493 302/3569/1485
f 306/3573/1490 304/3585/1489 307/3574/1484
f 309/3586/1495 314/3587/1495 313/3588/1495
f 302/3559/1485 313/3589/1493 305/3557/1480
f 314/3590/1496 305/3557/1480 313/3589/1493
f 303/3536/1478 300/3556/1483 311/3591/1494
f 304/3585/1489 315/3592/1497 307/3574/1484
f 312/3565/1488 311/3582/1494 316/3593/1498
f 312/3583/1488 318/3594/1499 304/3566/1489
f 447/3595/1500 449/3596/1501 448/3597/1502
f 449/3598/1501 447/3599/1500 450/3600/1503
f 447/3595/1500 448/3597/1502 450/3601/1503
f 307/3555/1484 315/3592/1497 297/3549/1477
f 449/3596/1504 451/3602/1505 448/3597/1506
f 449/3598/1501 450/3600/1503 448/3603/1502
f 451/3602/1505 453/3604/1507 448/3597/1506
f 449/3598/1504 453/3605/1507 451/3606/1505
f 448/3603/1506 453/3605/1507 449/3598/1504
f 300/3552/1483 297/3532/1477 317/3607/1508
f 304/3585/1489 318/3608/1499 315/3592/1497
f 453/3609/1509 451/3610/1510 452/3611/1511
f 297/3549/1477 315/3592/1497 317/3612/1508
f 451/3613/1512 453/3614/1512 454/3615/1512
f 300/3616/1483 317/3617/1508 319/3618/1513
f 451/3610/1510 454/3619/1514 452/3611/1511
f 453/3620/1509 452/3621/1511 456/3622/1515
f 300/3556/1483 319/3623/1513 311/3591/1494
f 600/3624/1516 594/3625/1517 595/3626/1518
f 596/3627/1519 597/3628/1520 600/3629/1516
f 600/3629/1516 597/3628/1520 594/3630/1517
f 311/3591/1494 319/3623/1513 619/3631/1521
f 595/3626/1518 594/3625/1517 605/3632/1522
f 600/3629/1516 603/3633/1523 596/3627/1519
f 597/3628/1520 596/3627/1519 598/3634/1524
f 453/3635/1525 456/3636/1525 454/3637/1525
f 603/3633/1523 600/3629/1516 599/3638/1526
f 596/3627/1519 603/3639/1523 646/3640/1527
f 600/3641/1516 602/3642/1528 599/3643/1526
f 452/3621/1511 459/3644/1529 456/3622/1515
f 312/3583/1488 320/3645/1530 318/3594/1499
f 597/3628/1520 598/3634/1524 601/3646/1531
f 599/3647/1526 602/3648/1528 603/3649/1523
f 603/3649/1523 602/3648/1528 604/3650/1532
f 454/3619/1514 459/3651/1529 452/3611/1511
f 596/3627/1519 646/3640/1527 598/3634/1524
f 454/3652/1533 456/3653/1533 457/3654/1533
f 595/3626/1518 609/3655/1534 600/3624/1516
f 595/3656/1518 605/3657/1522 609/3658/1534
f 594/3625/1517 608/3659/1535 605/3632/1522
f 454/3619/1514 455/3660/1536 459/3651/1529
f 597/3628/1520 601/3661/1531 594/3630/1517
f 454/3662/1514 462/3663/1537 455/3664/1536
f 312/3583/1488 316/3665/1498 320/3645/1530
f 454/3666/1538 457/3667/1538 462/3668/1538
f 605/3657/1522 615/3669/1539 609/3658/1534
f 311/3582/1494 619/3670/1521 316/3593/1498
f 603/3639/1523 604/3671/1532 646/3640/1527
f 624/3672/1540 598/3673/1524 612/3674/1541
f 600/3641/1516 609/3675/1534 602/3642/1528
f 601/3661/1531 606/3676/1542 594/3630/1517
f 594/3625/1517 606/3677/1542 608/3659/1535
f 604/3650/1532 602/3648/1528 607/3678/1543
f 608/3679/1535 615/3669/1539 605/3657/1522
f 456/3622/1515 459/3644/1529 458/3680/1544
f 646/3681/1527 648/3682/1545 598/3673/1524
f 601/3646/1531 598/3634/1524 624/3683/1540
f 318/3608/1499 317/3612/1508 315/3592/1497
f 456/3684/1515 458/3685/1544 457/3686/1546
f 604/3687/1532 647/3688/1547 646/3689/1527
f 602/3690/1528 609/3691/1534 607/3692/1543
f 598/3673/1524 648/3682/1545 612/3674/1541
f 455/3693/1536 458/3694/1544 459/3695/1529
f 615/3696/1539 610/3697/1548 609/3698/1534
f 606/3676/1542 601/3661/1531 611/3699/1549
f 608/3659/1535 606/3677/1542 622/3700/1550
f 608/3659/1535 622/3700/1550 615/3701/1539
f 318/3608/1499 321/3702/1551 317/3612/1508
f 648/3682/1545 646/3681/1527 647/3703/1547
f 455/3664/1536 462/3663/1537 461/3704/1552
f 612/3705/1541 648/3706/1545 620/3707/1553
f 319/3618/1513 317/3617/1508 631/3708/1554
f 458/3685/1544 460/3709/1555 457/3686/1546
f 457/3710/1546 460/3711/1555 463/3712/1556
f 612/3705/1541 620/3707/1553 621/3713/1557
f 455/3693/1536 460/3714/1555 458/3694/1544
f 609/3698/1534 610/3697/1548 620/3715/1553
f 604/3687/1532 613/3716/1558 647/3688/1547
f 620/3707/1553 648/3706/1545 614/3717/1559
f 607/3678/1543 613/3718/1558 604/3650/1532
f 615/3719/1539 616/3720/1560 610/3721/1548
f 624/3722/1540 612/3723/1541 626/3724/1561
f 457/3725/1546 461/3726/1552 462/3727/1537
f 457/3725/1546 463/3728/1556 461/3726/1552
f 648/3729/1545 647/3688/1547 614/3730/1559
f 619/3731/1521 617/3732/1562 618/3733/1563
f 319/3734/1513 631/3735/1554 619/3736/1521
f 619/3731/1521 618/3733/1563 316/3737/1498
f 609/3691/1534 614/3730/1559 607/3692/1543
f 606/3677/1542 611/3738/1549 622/3700/1550
f 620/3739/1553 614/3730/1559 609/3691/1534
f 631/3735/1554 617/3740/1562 619/3736/1521
f 647/3688/1547 613/3716/1558 614/3730/1559
f 607/3692/1543 614/3730/1559 613/3716/1558
f 620/3715/1553 610/3697/1548 621/3741/1557
f 318/3594/1499 320/3645/1530 321/3742/1551
f 455/3743/1536 461/3744/1552 460/3745/1555
f 610/3697/1548 616/3746/1560 621/3741/1557
f 615/3719/1539 622/3747/1550 623/3748/1564
f 615/3719/1539 623/3748/1564 616/3720/1560
f 601/3661/1531 624/3749/1540 611/3699/1549
f 317/3750/1508 321/3751/1551 629/3752/1565
f 316/3753/1498 618/3754/1563 320/3755/1530
f 612/3705/1541 621/3713/1557 632/3756/1566
f 618/3754/1563 625/3757/1567 320/3755/1530
f 612/3705/1541 632/3756/1566 626/3758/1561
f 463/3728/1556 466/3759/1568 461/3726/1552
f 623/3748/1564 627/3760/1569 616/3720/1560
f 617/3732/1562 628/3761/1570 618/3733/1563
f 321/3762/1551 320/3763/1530 629/3764/1565
f 317/3617/1508 630/3765/1571 631/3708/1554
f 461/3766/1572 466/3767/1572 465/3768/1572
f 617/3732/1562 611/3769/1573 628/3761/1570
f 317/3750/1508 629/3752/1565 630/3770/1571
f 621/3741/1557 616/3746/1560 632/3771/1566
f 617/3732/1562 631/3772/1554 611/3769/1573
f 632/3773/1566 616/3774/1560 634/3775/1574
f 611/3776/1575 624/3777/1575 628/3778/1575
f 631/3779/1576 638/3780/1576 611/3781/1576
f 624/3722/1540 626/3724/1561 628/3782/1570
f 460/3711/1555 464/3783/1577 463/3712/1556
f 626/3784/1561 632/3785/1566 633/3786/1578
f 460/3745/1555 461/3744/1552 465/3787/1579
f 463/3788/1580 464/3789/1580 466/3790/1580
f 628/3791/1570 625/3757/1567 618/3754/1563
f 616/3792/1560 627/3793/1569 634/3794/1574
f 320/3763/1530 635/3795/1581 629/3764/1565
f 622/3747/1550 649/3796/1582 623/3748/1564
f 460/3797/1555 465/3798/1579 464/3799/1577
f 631/3708/1554 630/3765/1571 638/3800/1583
f 611/3801/1584 638/3802/1584 636/3803/1584
f 611/3738/1549 636/3804/1585 622/3700/1550
f 320/3805/1530 625/3806/1567 635/3807/1581
f 628/3782/1570 626/3724/1561 625/3808/1567
f 153/3809/1586 152/3810/1587 150/3811/1588
f 649/3796/1582 627/3760/1569 623/3748/1564
f 632/3773/1566 634/3775/1574 633/3786/1578
f 625/3812/1589 626/3813/1589 641/3814/1589
f 466/3815/1590 468/3816/1591 465/3817/1592
f 150/3818/1588 155/3819/1593 153/3820/1586
f 635/3795/1581 637/3821/1594 629/3764/1565
f 150/3811/1588 152/3810/1587 155/3822/1593
f 152/3810/1595 153/3809/1596 151/3823/1597
f 622/3824/1550 636/3825/1585 649/3826/1582
f 630/3770/1571 629/3752/1565 637/3827/1594
f 625/3806/1567 641/3828/1598 635/3807/1581
f 155/3819/1593 154/3829/1599 153/3820/1586
f 154/3830/1600 152/3831/1600 153/3832/1600
f 464/3799/1577 465/3798/1579 467/3833/1601
f 155/3834/1602 152/3835/1602 154/3836/1602
f 635/3807/1581 641/3828/1598 637/3837/1594
f 466/3838/1603 464/3839/1603 467/3840/1603
f 638/3841/1583 630/3842/1571 636/3825/1585
f 155/3819/1604 156/3843/1605 154/3829/1606
f 466/3815/1590 471/3844/1607 468/3816/1591
f 465/3845/1608 468/3846/1608 467/3847/1608
f 471/3848/1607 466/3849/1590 470/3850/1609
f 466/3849/1590 467/3851/1610 470/3850/1609
f 468/3852/1611 469/3853/1611 467/3854/1611
f 155/3855/1612 156/3856/1612 157/3857/1612
f 155/3819/1613 158/3858/1614 156/3843/1615
f 630/3842/1571 639/3859/1616 636/3825/1585
f 471/3844/1607 472/3860/1617 468/3816/1591
f 156/3861/1615 158/3862/1614 157/3863/1618
f 636/3825/1585 639/3859/1616 649/3826/1582
f 468/3864/1619 472/3865/1619 469/3866/1619
f 467/3867/1610 469/3868/1620 470/3869/1609
f 155/3870/1613 157/3871/1621 158/3872/1614
f 630/3873/1571 637/3874/1594 639/3875/1616
f 158/3872/1622 157/3871/1623 159/3876/1624
f 649/3796/1582 642/3877/1625 627/3760/1569
f 626/3784/1561 633/3786/1578 640/3878/1626
f 626/3879/1561 640/3880/1626 641/3881/1598
f 472/3882/1627 510/3883/1628 504/3884/1629
f 472/3885/1630 471/3886/1630 510/3887/1630
f 471/3848/1607 470/3850/1609 507/3888/1631
f 470/3869/1609 469/3868/1620 507/3889/1631
f 472/3890/1632 504/3891/1632 469/3892/1632
f 639/3875/1616 637/3874/1594 322/3893/1633
f 637/3894/1594 641/3881/1598 640/3880/1626
f 637/3894/1594 640/3880/1626 322/3895/1633
f 159/3876/1624 157/3871/1623 160/3896/1634
f 627/3793/1569 642/3897/1625 634/3794/1574
f 504/3884/1629 510/3883/1628 506/3898/1635
f 158/3862/1636 160/3899/1634 157/3863/1623
f 2/3900/1637 54/3901/1638 56/3902/1639
f 56/3903/1640 1/3904/1640 2/3905/1640
f 54/3901/1638 55/3906/1641 59/3907/1642
f 54/3901/1638 59/3907/1642 56/3902/1639
f 2/3908/1643 58/3909/1643 54/3910/1643
f 2/3911/1644 1/3912/1645 6/3913/1646
f 56/3914/1647 62/3915/1647 1/3916/1647
f 54/3917/1638 57/3918/1648 55/3919/1641
f 2/3920/1644 3/3921/1649 58/3922/1650
f 642/3897/1625 643/3923/1651 634/3794/1574
f 471/3848/1607 507/3888/1631 510/3924/1652
f 634/3775/1574 643/3925/1651 633/3786/1578
f 469/3926/1653 508/3927/1653 507/3928/1653
f 59/3929/1654 60/3930/1654 56/3931/1654
f 469/3932/1655 504/3933/1655 508/3934/1655
f 54/3935/1656 58/3936/1656 57/3937/1656
f 322/3893/1633 340/3938/1657 639/3875/1616
f 62/3939/1658 58/3940/1659 1/3941/1660
f 60/3942/1661 62/3943/1661 56/3944/1661
f 649/3796/1582 644/3945/1662 642/3877/1625
f 510/3883/1628 505/3946/1663 506/3898/1635
f 58/3947/1664 3/3948/1664 1/3949/1664
f 504/3950/1629 506/3951/1635 508/3952/1665
f 58/3940/1659 62/3939/1658 57/3953/1648
f 2/3911/1644 6/3913/1646 8/3954/1666
f 510/3955/1667 507/3956/1667 509/3957/1667
f 6/3958/1646 1/3959/1645 4/3960/1668
f 680/3961/1669 681/3962/1670 716/3963/1671
f 57/3953/1648 62/3939/1658 55/3964/1641
f 3/3921/1649 2/3920/1644 8/3965/1666
f 716/3966/1671 717/3967/1672 680/3968/1669
f 1/3969/1673 3/3970/1673 4/3971/1673
f 508/3972/1674 509/3973/1675 507/3974/1676
f 3/3975/1677 8/3976/1677 4/3977/1677
f 683/3978/1678 679/3979/1679 680/3980/1669
f 680/3981/1669 717/3982/1672 683/3983/1678
f 159/3984/1680 164/3985/1680 158/3986/1680
f 680/3980/1669 679/3979/1679 681/3987/1670
f 716/3966/1671 682/3988/1681 717/3967/1672
f 55/3989/1641 65/3990/1682 59/3991/1642
f 639/3859/1616 644/3992/1662 649/3826/1582
f 101/3993/1683 108/3994/1683 107/3995/1683
f 694/3996/1684 683/3983/1678 717/3982/1672
f 60/3997/1685 61/3998/1685 62/3999/1685
f 8/4000/1666 6/4001/1646 5/4002/1686
f 716/3963/1671 681/3962/1670 682/4003/1681
f 101/4004/1687 102/4005/1688 108/4006/1689
f 717/3967/1672 682/3988/1681 718/4007/1690
f 62/3939/1658 61/4008/1691 55/3964/1641
f 683/4009/1678 694/4010/1684 684/4011/1692
f 683/4009/1678 684/4011/1692 686/4012/1693
f 59/3991/1642 65/3990/1682 66/4013/1694
f 683/3978/1678 686/4014/1693 679/3979/1679
f 681/3962/1670 685/4015/1695 682/4003/1681
f 6/4016/1696 4/4017/1696 5/4018/1696
f 8/4000/1666 5/4002/1686 7/4019/1697
f 101/4020/1687 107/4021/1698 103/4022/1699
f 639/3859/1616 340/4023/1657 644/3992/1662
f 159/3876/1624 160/3896/1634 164/4024/1700
f 60/4025/1701 59/4026/1701 66/4027/1701
f 101/4020/1687 103/4022/1699 105/4028/1702
f 107/4029/1698 115/4030/1703 103/4031/1699
f 686/4012/1693 684/4011/1692 687/4032/1704
f 158/3862/1636 164/4033/1705 160/3899/1634
f 102/4005/1688 101/4004/1687 104/4034/1706
f 510/4035/1707 509/4036/1707 513/4037/1707
f 101/4020/1687 105/4028/1702 112/4038/1708
f 8/4039/1666 7/4040/1697 4/4041/1709
f 512/4042/1710 516/4043/1711 518/4044/1712
f 681/3987/1670 679/3979/1679 693/4045/1713
f 681/3987/1670 693/4045/1713 685/4046/1695
f 512/4042/1710 518/4044/1712 511/4047/1714
f 717/3982/1672 718/4048/1690 694/3996/1684
f 510/4049/1628 513/4050/1715 505/4051/1663
f 65/4052/1682 55/4053/1641 63/4054/1716
f 505/3946/1663 511/4055/1717 506/3898/1635
f 512/4056/1710 514/4057/1718 516/4058/1711
f 511/4059/1719 515/4060/1719 512/4061/1719
f 101/4004/1687 114/4062/1720 104/4034/1706
f 55/4063/1721 61/4064/1721 63/4065/1721
f 107/4029/1698 109/4066/1722 115/4030/1703
f 4/4041/1709 7/4040/1697 5/4067/1686
f 60/4068/1723 66/4069/1724 61/4070/1725
f 108/4006/1689 102/4005/1688 144/4071/1726
f 105/4072/1702 103/4031/1699 106/4073/1727
f 65/4052/1682 63/4054/1716 64/4074/1728
f 512/4075/1710 515/4076/1729 517/4077/1730
f 633/3786/1578 643/3925/1651 640/3878/1626
f 642/3897/1625 644/4078/1662 643/3923/1651
f 107/4079/1698 108/4080/1689 109/4081/1722
f 516/4082/1711 525/4083/1731 518/4084/1712
f 513/4085/1732 509/4086/1732 533/4087/1732
f 512/4075/1710 517/4077/1730 514/4088/1718
f 511/4089/1733 505/4090/1733 515/4091/1733
f 718/4092/1690 690/4093/1734 694/4094/1684
f 108/4080/1689 110/4095/1735 109/4081/1722
f 718/4092/1690 688/4096/1736 690/4093/1734
f 509/3973/1675 508/3972/1674 533/4097/1737
f 108/4006/1689 144/4071/1726 111/4098/1738
f 679/4099/1679 686/4100/1693 692/4101/1739
f 679/4099/1679 692/4101/1739 693/4102/1713
f 517/4077/1730 576/4103/1740 514/4088/1718
f 112/4104/1708 116/4105/1741 101/4106/1687
f 685/4015/1695 695/4107/1742 682/4003/1681
f 644/4078/1662 327/4108/1743 643/3923/1651
f 322/4109/1633 640/4110/1626 330/4111/1744
f 517/4077/1730 515/4076/1729 473/4112/1745
f 514/4057/1718 521/4113/1746 516/4058/1711
f 65/4114/1747 68/4115/1747 66/4116/1747
f 104/4117/1748 127/4118/1748 102/4119/1748
f 686/4100/1693 687/4120/1704 692/4101/1739
f 640/3878/1626 643/3925/1651 645/4121/1749
f 718/4007/1690 682/3988/1681 719/4122/1750
f 66/4069/1724 67/4123/1751 61/4070/1725
f 211/4124/1752 210/4125/1752 212/4126/1752
f 322/4109/1633 330/4111/1744 323/4127/1753
f 106/4073/1727 103/4031/1699 115/4030/1703
f 115/4128/1703 109/4129/1722 127/4130/1754
f 322/4131/1633 323/4132/1753 340/4133/1657
f 643/3923/1651 327/4108/1743 645/4134/1749
f 640/4135/1626 645/4136/1749 324/4137/1755
f 688/4138/1736 689/4139/1756 690/4140/1734
f 104/4141/1706 115/4128/1703 127/4130/1754
f 516/4142/1757 563/4143/1757 525/4144/1757
f 65/4052/1682 64/4074/1728 68/4145/1758
f 323/4132/1753 335/4146/1759 340/4133/1657
f 164/4147/1760 167/4148/1760 160/4149/1760
f 718/4007/1690 719/4122/1750 688/4150/1736
f 102/4151/1761 113/4152/1761 144/4153/1761
f 516/4154/1711 521/4155/1746 563/4156/1762
f 644/4157/1763 340/4158/1763 326/4159/1763
f 694/4160/1764 691/4161/1764 684/4162/1764
f 211/4163/1765 213/4164/1766 210/4165/1767
f 104/4141/1706 114/4166/1720 115/4128/1703
f 160/4167/1768 166/4168/1769 164/4169/1770
f 61/4170/1725 67/4171/1751 64/4172/1728
f 111/4173/1738 110/4095/1735 108/4080/1689
f 331/4174/1771 218/4175/1772 329/4176/1773
f 66/4177/1724 68/4178/1758 67/4179/1751
f 106/4180/1727 115/4181/1703 117/4182/1774
f 101/4183/1687 116/4184/1741 114/4185/1720
f 105/4028/1702 121/4186/1775 112/4038/1708
f 692/4187/1739 696/4188/1776 693/4189/1713
f 102/4190/1777 127/4191/1754 113/4192/1778
f 329/4176/1773 325/4193/1779 331/4174/1771
f 506/3951/1635 519/4194/1780 508/3952/1665
f 518/4195/1712 525/4196/1731 522/4197/1781
f 61/4170/1725 64/4172/1728 63/4198/1716
f 114/4166/1720 117/4199/1774 115/4128/1703
f 331/4200/1771 333/4201/1782 218/4202/1772
f 161/4203/1783 168/4204/1783 162/4205/1783
f 505/4051/1663 513/4050/1715 515/4076/1729
f 694/4206/1684 690/4207/1734 691/4208/1784
f 517/4209/1730 523/4210/1785 539/4211/1786
f 162/4212/1787 161/4213/1787 163/4214/1787
f 164/4215/1788 165/4216/1788 167/4217/1788
f 525/4218/1789 526/4219/1789 522/4220/1789
f 160/4221/1790 167/4222/1790 166/4223/1790
f 515/4076/1729 513/4050/1715 473/4112/1745
f 109/4129/1722 118/4224/1791 127/4130/1754
f 511/4225/1717 519/4194/1780 506/3951/1635
f 644/4226/1662 326/4227/1792 327/4228/1743
f 112/4104/1708 119/4229/1793 116/4105/1741
f 331/4200/1771 334/4230/1794 333/4201/1782
f 211/4231/1765 212/4232/1795 213/4233/1766
f 511/4234/1796 518/4235/1796 519/4236/1796
f 68/4178/1758 70/4237/1797 67/4179/1751
f 109/4129/1722 110/4238/1735 118/4224/1791
f 693/4045/1713 699/4239/1798 685/4046/1695
f 684/4240/1692 691/4241/1784 687/4242/1704
f 110/4243/1735 111/4244/1738 120/4245/1799
f 218/4175/1772 214/4246/1800 329/4176/1773
f 323/4127/1753 330/4111/1744 328/4247/1801
f 508/4248/1665 519/4249/1780 520/4250/1802
f 121/4251/1775 105/4072/1702 106/4073/1727
f 514/4088/1718 576/4103/1740 521/4252/1746
f 161/4253/1803 162/4254/1803 169/4255/1803
f 520/4256/1804 533/4257/1804 508/4258/1804
f 68/4178/1758 74/4259/1805 70/4237/1797
f 564/4260/1806 565/4261/1807 568/4262/1808
f 119/4263/1793 112/4038/1708 121/4186/1775
f 161/4264/1809 169/4265/1809 168/4266/1809
f 329/4267/1810 216/4268/1810 325/4269/1810
f 691/4241/1784 692/4187/1739 687/4242/1704
f 330/4270/1744 640/4135/1626 324/4137/1755
f 330/4270/1744 324/4137/1755 328/4271/1801
f 331/4174/1771 325/4193/1779 332/4272/1811
f 576/4273/1740 517/4274/1730 539/4275/1786
f 214/4276/1812 216/4277/1812 329/4278/1812
f 692/4187/1739 691/4241/1784 696/4188/1776
f 564/4279/1806 567/4280/1813 565/4281/1807
f 331/4282/1814 332/4283/1814 334/4284/1814
f 564/4285/1806 566/4286/1815 567/4287/1813
f 218/4288/1816 333/4289/1816 216/4290/1816
f 68/4291/1758 64/4292/1728 69/4293/1817
f 218/4294/1772 213/4295/1818 214/4296/1800
f 682/3988/1681 695/4297/1742 719/4122/1750
f 518/4195/1712 522/4197/1781 519/4249/1780
f 522/4298/1781 539/4275/1786 523/4299/1785
f 564/4300/1806 568/4301/1808 701/4302/1819
f 564/4300/1806 701/4302/1819 566/4303/1815
f 522/4298/1781 526/4304/1820 539/4275/1786
f 119/4305/1821 122/4306/1821 116/4307/1821
f 213/4233/1766 212/4232/1795 217/4308/1822
f 128/4309/1823 111/4098/1738 123/4310/1824
f 333/4311/1782 334/4312/1794 343/4313/1825
f 212/4314/1826 210/4315/1826 217/4316/1826
f 114/4166/1720 124/4317/1827 117/4199/1774
f 335/4318/1759 336/4319/1828 340/4320/1657
f 568/4262/1808 565/4261/1807 569/4321/1829
f 690/4207/1734 696/4322/1776 691/4208/1784
f 473/4323/1745 524/4324/1830 517/4209/1730
f 218/4294/1772 215/4325/1831 213/4295/1818
f 111/4098/1738 144/4071/1726 123/4310/1824
f 325/4326/1779 216/4327/1832 333/4328/1782
f 106/4180/1727 117/4182/1774 124/4329/1827
f 116/4184/1741 122/4330/1833 125/4331/1834
f 70/4332/1797 71/4333/1835 67/4334/1751
f 517/4209/1730 524/4324/1830 523/4210/1785
f 114/4166/1720 125/4335/1834 124/4317/1827
f 689/4336/1756 696/4322/1776 690/4207/1734
f 68/4291/1758 69/4293/1817 73/4337/1836
f 116/4184/1741 125/4331/1834 114/4185/1720
f 525/4338/1837 534/4339/1838 526/4340/1839
f 214/4341/1800 221/4342/1840 216/4343/1841
f 576/4273/1740 539/4275/1786 526/4304/1820
f 74/4344/1805 68/4345/1758 73/4346/1836
f 213/4295/1818 217/4347/1842 214/4296/1800
f 325/4326/1779 333/4328/1782 343/4348/1825
f 213/4349/1843 217/4350/1843 210/4351/1843
f 121/4251/1775 106/4073/1727 126/4352/1844
f 218/4353/1772 216/4354/1841 215/4355/1831
f 164/4169/1770 166/4168/1769 165/4356/1845
f 525/4338/1837 527/4357/1846 534/4339/1838
f 327/4358/1847 338/4359/1847 645/4360/1847
f 693/4189/1713 696/4188/1776 697/4361/1848
f 69/4362/1817 64/4363/1728 71/4364/1835
f 214/4341/1800 217/4365/1842 221/4342/1840
f 323/4127/1753 328/4247/1801 335/4366/1759
f 221/4367/1840 220/4368/1849 216/4369/1841
f 525/4370/1837 563/4371/1762 527/4372/1846
f 215/4373/1831 219/4374/1850 213/4375/1818
f 215/4373/1831 220/4376/1849 219/4374/1850
f 216/4354/1841 220/4377/1849 215/4355/1831
f 328/4247/1801 337/4378/1851 335/4366/1759
f 127/4191/1754 132/4379/1852 113/4192/1778
f 127/4380/1754 118/4381/1791 132/4382/1852
f 162/4383/1853 168/4384/1853 169/4385/1853
f 332/4386/1811 325/4387/1779 343/4388/1825
f 67/4389/1854 71/4390/1854 64/4391/1854
f 165/4392/1855 173/4393/1855 167/4394/1855
f 111/4395/1738 128/4396/1823 120/4397/1799
f 569/4398/1829 565/4399/1807 570/4400/1856
f 566/4286/1815 571/4401/1857 567/4287/1813
f 565/4281/1807 567/4280/1813 574/4402/1858
f 332/4403/1859 339/4404/1859 334/4405/1859
f 688/4138/1736 698/4406/1860 689/4139/1756
f 519/4249/1780 522/4197/1781 528/4407/1861
f 519/4249/1780 528/4407/1861 520/4250/1802
f 567/4280/1813 572/4408/1862 574/4402/1858
f 645/4136/1749 338/4409/1863 324/4137/1755
f 166/4410/1769 167/4411/1864 173/4412/1865
f 326/4227/1792 338/4413/1866 327/4228/1743
f 533/4414/1867 520/4415/1867 530/4416/1867
f 106/4180/1727 124/4329/1827 126/4417/1844
f 120/4245/1799 129/4418/1868 110/4243/1735
f 217/4347/1842 213/4295/1818 219/4419/1850
f 522/4298/1781 523/4299/1785 528/4420/1861
f 70/4237/1797 74/4259/1805 80/4421/1869
f 217/4422/1842 222/4423/1870 221/4424/1840
f 74/4344/1805 73/4346/1836 72/4425/1871
f 339/4426/1872 342/4427/1872 341/4428/1872
f 339/4429/1873 341/4430/1873 334/4431/1873
f 571/4401/1857 566/4286/1815 582/4432/1874
f 119/4433/1793 121/4434/1775 126/4435/1844
f 119/4433/1793 126/4435/1844 122/4436/1833
f 567/4287/1813 571/4401/1857 572/4437/1862
f 128/4438/1823 123/4439/1824 130/4440/1875
f 217/4347/1842 219/4419/1850 222/4441/1870
f 340/4442/1657 336/4443/1828 326/4444/1876
f 563/4156/1762 521/4155/1746 586/4445/1877
f 339/4446/1878 332/4386/1811 342/4447/1879
f 125/4335/1834 122/4448/1833 124/4317/1827
f 685/4015/1695 706/4449/1880 695/4107/1742
f 168/4450/1881 169/4451/1881 176/4452/1881
f 699/4453/1798 693/4189/1713 697/4361/1848
f 335/4318/1759 337/4454/1851 336/4319/1828
f 120/4397/1799 128/4396/1823 131/4455/1882
f 566/4286/1815 592/4456/1883 582/4432/1874
f 573/4457/1884 572/4458/1862 563/4156/1762
f 332/4386/1811 343/4388/1825 342/4447/1879
f 574/4459/1858 578/4460/1885 565/4399/1807
f 523/4299/1785 524/4461/1830 528/4420/1861
f 473/4462/1886 529/4463/1886 524/4464/1886
f 689/4336/1756 698/4465/1860 696/4322/1776
f 110/4238/1735 129/4466/1868 118/4224/1791
f 334/4312/1794 341/4467/1887 343/4313/1825
f 520/4250/1802 528/4407/1861 530/4468/1888
f 573/4457/1884 563/4156/1762 586/4445/1877
f 73/4469/1889 77/4470/1889 72/4471/1889
f 574/4402/1858 572/4408/1862 573/4472/1884
f 688/4138/1736 700/4473/1890 698/4406/1860
f 72/4474/1871 75/4475/1891 74/4476/1805
f 573/4457/1884 578/4460/1885 574/4459/1858
f 118/4381/1791 130/4477/1875 132/4382/1852
f 328/4271/1801 324/4137/1755 338/4478/1863
f 74/4479/1892 75/4480/1892 80/4481/1892
f 219/4374/1850 220/4376/1849 225/4482/1893
f 563/4371/1762 572/4437/1862 527/4372/1846
f 341/4483/1894 342/4484/1894 343/4485/1894
f 688/4150/1736 719/4122/1750 700/4486/1890
f 221/4367/1840 222/4487/1870 220/4368/1849
f 73/4337/1836 69/4293/1817 76/4488/1895
f 513/4489/1715 533/4490/1896 473/4491/1745
f 521/4492/1746 576/4493/1740 575/4494/1897
f 685/4046/1695 699/4239/1798 706/4495/1880
f 565/4399/1807 578/4460/1885 570/4400/1856
f 70/4496/1797 80/4497/1869 69/4498/1817
f 70/4499/1797 69/4362/1817 71/4364/1835
f 120/4245/1799 131/4500/1882 129/4418/1868
f 144/4501/1898 113/4502/1898 135/4503/1898
f 576/4273/1740 526/4304/1820 531/4504/1899
f 576/4505/1900 531/4506/1900 575/4507/1900
f 220/4368/1849 222/4487/1870 225/4508/1893
f 130/4509/1875 133/4510/1901 132/4511/1852
f 569/4398/1829 570/4400/1856 577/4512/1902
f 123/4513/1824 133/4514/1901 130/4515/1875
f 73/4337/1836 76/4488/1895 77/4516/1903
f 533/4490/1896 532/4517/1904 473/4491/1745
f 122/4448/1833 126/4518/1844 124/4317/1827
f 533/4519/1905 530/4520/1905 532/4521/1905
f 568/4522/1808 569/4398/1829 577/4512/1902
f 573/4457/1884 586/4445/1877 578/4460/1885
f 176/4523/1906 169/4524/1906 170/4525/1906
f 521/4492/1746 575/4494/1897 586/4526/1877
f 568/4522/1808 577/4512/1902 703/4527/1907
f 219/4374/1850 225/4482/1893 224/4528/1908
f 130/4477/1875 118/4381/1791 134/4529/1909
f 346/4530/1910 338/4531/1910 326/4532/1910
f 695/4533/1742 702/4534/1911 719/4535/1750
f 131/4536/1912 128/4537/1912 140/4538/1912
f 568/4301/1808 703/4539/1907 701/4302/1819
f 76/4540/1895 69/4541/1817 81/4542/1913
f 572/4437/1862 571/4401/1857 527/4372/1846
f 328/4247/1801 338/4543/1863 337/4378/1851
f 695/4533/1742 704/4544/1914 702/4534/1911
f 140/4545/1915 78/4546/1916 131/4547/1882
f 80/4497/1869 81/4548/1913 69/4498/1817
f 144/4071/1726 143/4549/1917 123/4310/1824
f 170/4550/1918 171/4551/1919 176/4552/1920
f 144/4553/1921 135/4554/1922 136/4555/1923
f 113/4556/1924 132/4557/1924 137/4558/1924
f 695/4107/1742 706/4449/1880 704/4559/1914
f 78/4546/1916 138/4560/1925 131/4547/1882
f 326/4444/1876 336/4443/1828 346/4561/1926
f 170/4550/1918 178/4562/1927 171/4551/1919
f 534/4563/1928 531/4564/1928 526/4565/1928
f 132/4511/1852 133/4510/1901 137/4566/1929
f 701/4302/1819 705/4567/1930 566/4303/1815
f 570/4400/1856 578/4568/1885 579/4569/1931
f 140/4570/1915 141/4571/1932 78/4572/1916
f 170/4523/1933 176/4525/1933 178/4573/1933
f 701/4574/1934 702/4575/1934 704/4576/1934
f 72/4577/1871 77/4516/1903 76/4488/1895
f 173/4412/1865 183/4578/1935 166/4410/1769
f 566/4286/1815 705/4579/1930 592/4456/1883
f 571/4580/1857 580/4581/1936 527/4582/1846
f 165/4583/1937 172/4584/1937 173/4585/1937
f 131/4500/1882 139/4586/1938 129/4418/1868
f 173/4587/1939 172/4588/1939 174/4589/1939
f 570/4400/1856 579/4569/1931 577/4512/1902
f 140/4590/1915 128/4591/1823 141/4592/1932
f 113/4593/1940 137/4594/1940 135/4595/1940
f 171/4596/1941 178/4597/1942 179/4598/1943
f 78/4599/1916 84/4600/1944 138/4601/1925
f 129/4466/1868 145/4602/1945 118/4224/1791
f 179/4598/1946 175/4603/1947 180/4604/1948
f 173/4605/1949 174/4606/1949 183/4607/1949
f 165/4608/1950 186/4609/1950 172/4610/1950
f 166/4611/1769 183/4612/1935 186/4613/1951
f 180/4604/1952 171/4596/1941 179/4598/1943
f 75/4614/1891 91/4615/1953 80/4616/1869
f 130/4440/1875 134/4617/1909 128/4438/1823
f 527/4582/1846 580/4581/1936 534/4618/1838
f 129/4466/1868 139/4619/1938 145/4602/1945
f 178/4620/1954 176/4621/1954 171/4622/1954
f 524/4461/1830 486/4623/1955 528/4420/1861
f 179/4624/1946 177/4625/1956 175/4626/1947
f 222/4441/1870 219/4419/1850 223/4627/1957
f 524/4628/1958 529/4629/1958 486/4630/1958
f 336/4319/1828 337/4454/1851 344/4631/1959
f 144/4632/1726 142/4633/1960 143/4634/1917
f 702/4534/1911 701/4635/1819 703/4636/1907
f 123/4513/1824 143/4637/1917 133/4514/1901
f 701/4638/1819 704/4639/1914 705/4640/1930
f 219/4641/1850 224/4642/1908 223/4643/1957
f 706/4644/1880 705/4640/1930 704/4639/1914
f 592/4645/1883 581/4646/1961 582/4647/1874
f 144/4648/1962 136/4649/1962 142/4650/1962
f 699/4453/1798 705/4651/1930 706/4652/1880
f 534/4618/1838 580/4581/1936 531/4653/1963
f 78/4599/1916 72/4654/1871 84/4600/1944
f 131/4500/1882 138/4655/1925 139/4586/1938
f 78/4572/1916 141/4571/1932 87/4656/1964
f 582/4657/1874 583/4658/1965 571/4580/1857
f 171/4659/1941 180/4660/1952 178/4661/1942
f 182/4662/1966 177/4663/1967 172/4664/1968
f 128/4438/1823 134/4617/1909 146/4665/1969
f 177/4666/1970 179/4667/1970 180/4668/1970
f 180/4660/1952 179/4669/1943 178/4661/1942
f 336/4443/1828 345/4670/1971 346/4561/1926
f 577/4512/1902 579/4569/1931 707/4671/1972
f 702/4534/1911 703/4636/1907 719/4535/1750
f 180/4672/1948 175/4673/1947 177/4674/1973
f 699/4453/1798 697/4361/1848 705/4651/1930
f 183/4675/1974 174/4676/1974 190/4677/1974
f 582/4678/1874 579/4679/1931 583/4680/1965
f 75/4614/1891 79/4681/1975 91/4615/1953
f 592/4645/1883 705/4682/1930 581/4646/1961
f 225/4683/1893 222/4684/1870 226/4685/1976
f 186/4613/1951 183/4612/1935 181/4686/1977
f 78/4599/1916 79/4687/1975 72/4654/1871
f 118/4381/1791 145/4688/1945 134/4529/1909
f 182/4689/1978 177/4674/1979 175/4673/1980
f 128/4591/1823 146/4690/1969 141/4592/1932
f 571/4580/1857 583/4658/1965 584/4691/1981
f 80/4692/1869 91/4693/1953 81/4694/1913
f 224/4695/1908 225/4696/1893 226/4697/1976
f 586/4698/1877 587/4699/1982 578/4568/1885
f 78/4572/1916 87/4656/1964 79/4700/1975
f 575/4701/1983 531/4702/1983 588/4703/1983
f 72/4654/1871 85/4704/1984 84/4600/1944
f 186/4705/1951 182/4662/1966 172/4664/1968
f 138/4655/1925 84/4706/1944 139/4586/1938
f 581/4707/1961 579/4708/1931 582/4709/1874
f 583/4680/1965 579/4679/1931 585/4710/1985
f 586/4711/1877 575/4712/1897 587/4713/1982
f 172/4714/1986 183/4715/1986 190/4716/1986
f 134/4529/1909 145/4688/1945 146/4717/1969
f 172/4718/1987 190/4719/1987 174/4720/1987
f 181/4721/1977 183/4722/1935 187/4723/1988
f 532/4724/1989 530/4725/1989 473/4726/1989
f 177/4727/1967 184/4728/1990 172/4729/1968
f 183/4730/1935 172/4729/1968 187/4731/1988
f 580/4581/1936 589/4732/1991 531/4653/1963
f 147/4733/1992 141/4734/1932 146/4735/1969
f 87/4656/1964 141/4571/1932 83/4736/1993
f 578/4568/1885 587/4699/1982 579/4569/1931
f 703/4737/1907 700/4738/1890 719/4739/1750
f 75/4475/1891 72/4474/1871 79/4740/1975
f 186/4613/1951 181/4686/1977 185/4741/1994
f 344/4631/1959 345/4742/1971 336/4319/1828
f 222/4441/1870 223/4627/1957 231/4743/1995
f 182/4689/1966 185/4744/1994 177/4674/1967
f 186/4745/1951 185/4744/1994 182/4689/1966
f 172/4729/1968 184/4728/1990 187/4731/1988
f 705/4651/1930 697/4361/1848 708/4746/1996
f 76/4540/1895 81/4542/1913 82/4747/1997
f 72/4577/1871 76/4488/1895 85/4748/1984
f 583/4749/1965 585/4750/1985 584/4751/1981
f 473/4752/1998 530/4753/1999 474/4754/2000
f 190/4755/2001 187/4756/2001 184/4757/2001
f 147/4758/1992 146/4717/1969 145/4688/1945
f 141/4759/1932 147/4760/1992 83/4761/1993
f 190/4762/2002 184/4763/2002 191/4764/2002
f 181/4721/1977 187/4723/1988 188/4765/2003
f 338/4766/1863 346/4767/1926 347/4768/2004
f 187/4769/2005 190/4770/2005 189/4771/2005
f 475/4772/2006 477/4773/2007 476/4774/2008
f 571/4580/1857 584/4691/1981 580/4581/1936
f 697/4775/1848 696/4322/1776 698/4465/1860
f 530/4776/1888 528/4777/1861 486/4778/1955
f 579/4679/1931 587/4779/1982 585/4710/1985
f 588/4780/2009 536/4781/2009 575/4782/2009
f 143/4634/1917 142/4633/1960 148/4783/2010
f 577/4512/1902 707/4671/1972 703/4784/1907
f 703/4737/1907 707/4785/1972 700/4738/1890
f 139/4786/1938 84/4787/1944 147/4788/1992
f 143/4637/1917 148/4789/2010 133/4514/1901
f 190/4790/2011 191/4791/2011 189/4792/2011
f 145/4688/1945 139/4793/1938 147/4758/1992
f 91/4693/1953 90/4794/2012 81/4694/1913
f 475/4795/2006 476/4796/2008 492/4797/2013
f 346/4561/1926 345/4670/1971 347/4798/2004
f 76/4540/1895 82/4747/1997 85/4799/1984
f 87/4656/1964 83/4736/1993 88/4800/2014
f 476/4801/2008 477/4802/2007 478/4803/2015
f 191/4804/2016 192/4805/2016 189/4806/2016
f 191/4807/2017 184/4808/2017 192/4809/2017
f 189/4810/2018 184/4811/2018 187/4812/2018
f 477/4773/2007 475/4772/2006 482/4813/2019
f 187/4731/1988 184/4728/1990 188/4814/2003
f 83/4761/1993 147/4760/1992 86/4815/2020
f 226/4685/1976 222/4684/1870 227/4816/2021
f 81/4542/1913 90/4817/2012 82/4747/1997
f 85/4799/1984 147/4788/1992 84/4787/1944
f 588/4818/2022 531/4819/2022 536/4820/2022
f 181/4821/2023 193/4822/2023 185/4823/2023
f 481/4824/2024 477/4825/2007 482/4826/2019
f 575/4827/2025 589/4828/2025 587/4829/2025
f 589/4732/1991 580/4581/1936 587/4830/1982
f 474/4831/2000 479/4832/2026 473/4833/1998
f 79/4834/1975 87/4835/1964 91/4836/1953
f 581/4707/1961 593/4837/2027 579/4708/1931
f 177/4838/1967 194/4839/2028 184/4840/1990
f 481/4824/2024 482/4826/2019 484/4841/2029
f 189/4842/2030 192/4843/2030 184/4844/2030
f 222/4845/2031 231/4846/2031 227/4847/2031
f 184/4728/1990 194/4848/2028 188/4814/2003
f 580/4581/1936 584/4751/1981 587/4830/1982
f 83/4761/1993 86/4815/2020 88/4849/2014
f 177/4838/1967 185/4850/1994 194/4839/2028
f 697/4775/1848 698/4465/1860 708/4851/1996
f 482/4826/2019 480/4852/2032 484/4841/2029
f 589/4853/1991 575/4854/2033 590/4855/2034
f 477/4802/2007 481/4856/2024 478/4803/2015
f 531/4653/1963 589/4732/1991 590/4857/2034
f 337/4454/1851 350/4858/2035 344/4631/1959
f 12/4859/2036 9/4860/2037 16/4861/2038
f 87/4835/1964 89/4862/2039 91/4836/1953
f 476/4796/2008 483/4863/2040 492/4797/2013
f 581/4646/1961 705/4682/1930 709/4864/2041
f 700/4473/1890 591/4865/2042 698/4406/1860
f 587/4830/1982 584/4751/1981 585/4750/1985
f 16/4861/2038 9/4860/2037 11/4866/2043
f 223/4643/1957 224/4642/1908 228/4867/2044
f 12/4859/2036 18/4868/2045 9/4860/2037
f 707/4869/1972 579/4870/1931 593/4871/2027
f 181/4721/1977 188/4765/2003 193/4872/2046
f 705/4651/1930 708/4746/1996 709/4873/2041
f 482/4874/2047 493/4875/2047 480/4876/2047
f 581/4707/1961 709/4877/2041 593/4837/2027
f 473/4878/1998 479/4879/2026 529/4880/2048
f 85/4799/1984 82/4747/1997 147/4788/1992
f 476/4801/2008 478/4803/2015 483/4881/2040
f 136/4882/1923 148/4883/2010 142/4884/1960
f 224/4695/1908 226/4697/1976 230/4885/2049
f 9/4860/2037 18/4868/2045 10/4886/2050
f 474/4754/2000 530/4753/1999 483/4887/2040
f 474/4831/2000 483/4881/2040 479/4832/2026
f 484/4888/2051 480/4889/2051 488/4890/2051
f 700/4473/1890 707/4891/1972 591/4865/2042
f 481/4892/2024 487/4893/2052 485/4894/2053
f 9/4895/2037 17/4896/2054 11/4897/2043
f 531/4898/2055 535/4899/2055 536/4900/2055
f 499/4901/2056 486/4902/2056 529/4903/2056
f 12/4904/2036 13/4905/2057 18/4906/2045
f 481/4907/2024 484/4908/2029 487/4909/2052
f 9/4895/2037 10/4910/2050 14/4911/2058
f 90/4912/2059 93/4913/2059 82/4914/2059
f 475/4915/2060 493/4916/2060 482/4917/2060
f 90/4918/2061 91/4919/2061 93/4920/2061
f 194/4921/2028 185/4922/1994 196/4923/2062
f 188/4924/2003 194/4925/2028 195/4926/2063
f 87/4656/1964 88/4800/2014 92/4927/2064
f 87/4835/1964 92/4928/2064 89/4862/2039
f 490/4929/2065 489/4930/2066 494/4931/2067
f 484/4908/2029 488/4932/2068 487/4909/2052
f 344/4631/1959 350/4933/2035 348/4934/2069
f 575/4935/2070 536/4936/2070 537/4937/2070
f 479/4879/2026 499/4938/2071 529/4880/2048
f 9/4895/2037 14/4911/2058 17/4896/2054
f 480/4939/2072 485/4940/2053 488/4941/2068
f 91/4942/2073 94/4943/2073 93/4944/2073
f 489/4945/2066 490/4946/2065 491/4947/2074
f 483/4881/2040 478/4803/2015 479/4832/2026
f 530/4948/2075 492/4949/2075 483/4950/2075
f 707/4869/1972 593/4871/2027 591/4951/2042
f 147/4952/1992 82/4953/1997 86/4954/2020
f 344/4631/1959 348/4934/2069 345/4742/1971
f 575/4854/2033 537/4955/2076 590/4855/2034
f 18/4868/2045 15/4956/2077 10/4886/2050
f 12/4904/2036 16/4957/2038 25/4958/2078
f 698/4465/1860 591/4959/2042 708/4851/1996
f 224/4695/1908 230/4885/2049 228/4960/2044
f 188/4961/2003 197/4962/2079 229/4963/2080
f 188/4964/2081 229/4965/2082 193/4966/2083
f 148/4883/2010 136/4882/1923 137/4967/1929
f 89/4968/2039 94/4969/2084 91/4970/1953
f 135/4971/2085 137/4972/2085 149/4973/2085
f 708/4851/1996 591/4959/2042 709/4974/2041
f 593/4975/2027 709/4974/2041 591/4959/2042
f 135/4554/1922 149/4976/2086 136/4555/1923
f 82/4953/1997 93/4977/2087 86/4954/2020
f 188/4961/2003 195/4978/2063 197/4962/2079
f 14/4979/2058 13/4980/2057 17/4981/2054
f 480/4939/2072 493/4982/2088 485/4940/2053
f 489/4983/2089 491/4984/2089 494/4985/2089
f 481/4986/2024 485/4987/2053 478/4988/2015
f 530/4776/1888 486/4778/1955 498/4989/2090
f 148/4789/2010 137/4990/1929 133/4514/1901
f 223/4627/1957 229/4991/2080 231/4743/1995
f 13/4905/2057 12/4904/2036 25/4958/2078
f 491/4947/2074 490/4946/2065 497/4992/2091
f 18/4993/2045 21/4994/2092 15/4995/2077
f 17/4896/2054 19/4996/2093 11/4897/2043
f 18/4906/2045 13/4905/2057 21/4997/2092
f 475/4998/2094 492/4999/2094 493/5000/2094
f 226/4685/1976 227/4816/2021 230/5001/2049
f 229/5002/2080 223/4643/1957 232/5003/2095
f 14/4979/2058 20/5004/2096 13/4980/2057
f 492/5005/2097 498/4989/2090 493/5006/2088
f 229/5007/2082 232/5008/2098 193/5009/2083
f 492/5005/2097 530/4776/1888 498/4989/2090
f 13/4980/2057 25/5010/2078 17/4981/2054
f 194/4925/2028 199/5011/2099 195/4926/2063
f 197/5012/2079 195/5013/2063 196/5014/2062
f 491/5015/2074 497/5016/2091 502/5017/2100
f 223/4643/1957 228/4867/2044 232/5003/2095
f 494/5018/2101 491/5019/2101 502/5020/2101
f 479/4879/2026 478/4988/2015 496/5021/2102
f 86/4954/2020 93/4977/2087 96/5022/2103
f 537/5023/2104 538/5024/2104 590/5025/2104
f 229/5026/2080 197/5027/2079 198/5028/2105
f 479/4879/2026 495/5029/2106 499/4938/2071
f 485/4987/2053 496/5021/2102 478/4988/2015
f 488/4941/2068 485/4940/2053 501/5030/2107
f 193/5031/2108 232/5032/2108 185/5033/2108
f 229/5026/2080 233/5034/2109 231/5035/1995
f 479/4879/2026 496/5021/2102 495/5029/2106
f 347/4798/2004 345/4670/1971 348/5036/2069
f 485/4940/2053 493/4982/2088 496/5037/2102
f 531/5038/2110 538/5039/2110 535/5040/2110
f 485/4894/2053 487/4893/2052 501/5041/2107
f 531/4653/1963 590/4857/2034 538/5042/2111
f 486/5043/2112 499/5044/2112 498/5045/2112
f 490/4929/2065 494/4931/2067 497/5046/2091
f 487/4909/2052 488/4932/2068 503/5047/2113
f 229/5026/2080 198/5028/2105 233/5034/2109
f 136/4882/1923 149/5048/2086 137/4967/1929
f 10/4886/2050 15/4956/2077 26/5049/2114
f 13/5050/2057 20/5051/2096 21/5052/2092
f 196/5014/2062 185/5053/1994 197/5012/2079
f 227/5054/2021 231/5055/1995 230/5056/2049
f 497/5057/2115 494/5058/2115 502/5059/2115
f 89/4968/2039 93/5060/2087 94/4969/2084
f 25/5010/2078 19/5061/2093 17/4981/2054
f 21/5052/2092 20/5051/2096 30/5062/2116
f 194/4925/2028 201/5063/2117 199/5011/2099
f 14/4979/2058 30/5064/2116 20/5004/2096
f 197/5065/2118 185/5066/2118 198/5067/2118
f 196/4923/2062 200/5068/2119 194/4921/2028
f 228/4960/2044 233/5069/2109 232/5070/2095
f 232/5070/2095 233/5069/2109 185/5071/2120
f 497/5072/2121 502/5073/2122 503/5074/2113
f 498/5075/2090 499/5076/2071 495/5077/2106
f 493/4982/2088 498/5075/2090 495/5077/2106
f 230/4885/2049 233/5069/2109 228/4960/2044
f 503/5074/2113 488/5078/2068 497/5072/2121
f 15/4956/2077 31/5079/2123 26/5049/2114
f 231/5055/1995 233/5080/2109 230/5056/2049
f 535/5081/2124 538/5082/2125 536/5083/2125
f 185/5071/2120 233/5069/2109 198/5084/2105
f 10/4910/2050 26/5085/2114 22/5086/2126
f 493/4982/2088 495/5077/2106 496/5037/2102
f 488/5078/2068 501/5087/2107 497/5072/2121
f 92/4927/2064 88/4800/2014 95/5088/2127
f 195/5089/2063 199/5090/2099 203/5091/2128
f 31/5092/2123 15/4995/2077 21/4994/2092
f 196/5093/2129 195/5094/2129 200/5095/2129
f 86/4815/2020 96/5096/2103 88/4849/2014
f 487/4893/2052 503/5097/2113 501/5041/2107
f 497/5016/2121 500/5098/2130 502/5017/2122
f 92/4927/2064 95/5088/2127 31/5099/2123
f 14/4979/2058 22/5100/2126 30/5064/2116
f 10/4910/2050 22/5086/2126 14/4911/2058
f 92/5101/2064 31/5102/2123 89/5103/2039
f 536/5083/2125 538/5082/2125 537/5104/2131
f 19/4996/2093 23/5105/2132 11/4897/2043
f 16/4861/2038 11/4866/2043 23/5106/2132
f 501/5107/2107 500/5098/2130 497/5016/2121
f 338/4543/1863 350/5108/2035 337/4378/1851
f 31/5079/2123 95/5109/2127 26/5049/2114
f 195/5110/2063 203/5111/2128 200/5112/2119
f 88/4849/2014 96/5096/2103 95/5113/2127
f 89/5103/2039 31/5102/2123 93/5114/2087
f 501/5115/2133 503/5116/2133 500/5117/2133
f 502/5118/2122 500/5119/2130 503/5120/2113
f 31/5092/2123 21/4994/2092 24/5121/2134
f 16/4861/2038 23/5106/2132 25/5122/2078
f 95/5123/2135 100/5124/2135 26/5125/2135
f 26/5126/2114 27/5127/2136 32/5128/2137
f 26/5126/2114 32/5128/2137 22/5129/2126
f 21/5052/2092 30/5062/2116 24/5130/2134
f 26/5131/2114 33/5132/2138 28/5133/2139
f 201/5134/2117 194/5135/2028 200/5136/2119
f 27/5137/2136 26/5131/2114 29/5138/2140
f 24/5139/2134 30/5140/2116 33/5141/2138
f 93/4977/2087 31/5142/2123 97/5143/2141
f 23/5106/2132 43/5144/2142 25/5122/2078
f 25/5010/2078 43/5145/2142 19/5061/2093
f 26/5146/2143 100/5147/2143 33/5148/2143
f 93/4977/2087 98/5149/2144 96/5022/2103
f 29/5138/2140 26/5131/2114 28/5133/2139
f 97/5143/2141 98/5149/2144 93/4977/2087
f 31/5150/2145 24/5151/2145 97/5152/2145
f 19/4996/2093 43/5153/2142 23/5105/2132
f 23/5106/2146 40/5154/2147 43/5144/2148
f 95/5113/2127 96/5096/2103 99/5155/2149
f 22/5156/2150 32/5157/2150 30/5158/2150
f 347/4768/2004 352/5159/2151 338/4766/1863
f 24/5160/2152 33/5161/2152 34/5162/2152
f 32/5128/2137 27/5127/2136 38/5163/2153
f 24/5164/2154 34/5165/2155 97/5143/2141
f 95/5113/2127 99/5155/2149 100/5166/2156
f 33/5167/2157 100/5168/2157 34/5169/2157
f 27/5137/2136 29/5138/2140 38/5170/2153
f 96/5096/2103 98/5171/2144 99/5155/2149
f 38/5172/2158 29/5173/2158 36/5174/2158
f 97/5143/2141 34/5165/2155 98/5149/2144
f 348/5036/2069 352/5175/2151 347/4798/2004
f 29/5176/2140 35/5177/2159 36/5178/2160
f 100/5179/2156 99/5155/2149 34/5180/2155
f 33/5141/2138 30/5140/2116 28/5181/2139
f 199/5011/2099 201/5063/2117 204/5182/2161
f 350/5183/2162 349/5184/2162 348/5185/2162
f 199/5090/2099 204/5186/2161 203/5091/2128
f 98/5171/2144 34/5180/2155 99/5155/2149
f 38/5187/2153 39/5188/2163 32/5189/2137
f 30/5190/2116 32/5191/2137 28/5192/2139
f 29/5176/2140 39/5193/2163 35/5177/2159
f 23/5194/2164 43/5195/2164 47/5196/2164
f 36/5197/2160 37/5198/2165 38/5199/2153
f 29/5200/2140 28/5201/2139 39/5202/2163
f 203/5111/2128 205/5203/2166 200/5112/2119
f 32/5191/2137 39/5204/2163 28/5192/2139
f 200/5136/2119 202/5205/2167 201/5134/2117
f 201/5063/2117 202/5206/2167 204/5182/2161
f 39/5188/2163 38/5187/2153 37/5207/2165
f 203/5208/2128 204/5209/2161 205/5210/2166
f 23/5211/2168 47/5212/2168 40/5213/2168
f 36/5214/2160 35/5215/2159 41/5216/2169
f 200/5217/2119 205/5218/2166 202/5219/2167
f 350/5220/2035 338/4766/1863 352/5159/2151
f 348/5036/2069 349/5221/2170 352/5175/2151
f 37/5222/2171 42/5223/2171 39/5224/2171
f 40/5225/2147 47/5226/2172 43/5227/2148
f 35/5228/2173 39/5229/2173 41/5230/2173
f 41/5231/2169 39/5232/2174 42/5233/2175
f 37/5198/2165 44/5234/2176 42/5235/2177
f 37/5198/2165 36/5197/2160 44/5234/2176
f 350/5236/2178 351/5237/2178 349/5238/2178
f 207/5239/2179 205/5210/2166 204/5209/2161
f 204/5182/2161 202/5206/2167 207/5240/2179
f 40/5225/2180 46/5241/2181 47/5226/2182
f 42/5233/2175 45/5242/2183 41/5231/2169
f 42/5243/2184 44/5244/2184 45/5245/2184
f 36/5214/2160 45/5246/2183 44/5247/2176
f 36/5214/2160 41/5216/2169 45/5246/2183
f 207/5248/2179 202/5219/2167 205/5218/2166
f 207/5249/2185 209/5250/2185 206/5251/2185
f 47/5252/2186 49/5253/2187 46/5254/2188
f 47/5226/2189 46/5241/2188 48/5255/2190
f 352/5175/2151 349/5221/2170 353/5256/2191
f 202/5257/2192 206/5258/2193 207/5259/2194
f 46/5254/2188 49/5253/2187 52/5260/2195
f 47/5261/2196 48/5262/2196 49/5263/2196
f 46/5241/2188 52/5264/2195 48/5255/2190
f 352/5265/2197 353/5266/2197 350/5267/2197
f 49/5268/2198 51/5269/2198 52/5270/2198
f 351/5271/2199 350/5272/2199 353/5273/2199
f 44/5247/2200 45/5246/2201 50/5274/2202
f 49/5275/2203 48/5276/2190 51/5277/2204
f 48/5276/2190 52/5278/2195 51/5277/2204
f 349/5279/2205 351/5280/2205 353/5281/2205
f 51/5282/2206 52/5283/2206 53/5284/2206
f 207/5285/2207 208/5286/2207 209/5287/2207
f 207/5259/2208 206/5258/2209 208/5288/2210
f 206/5289/2211 209/5290/2211 208/5291/2211
f 165/4356/1845 166/4168/1769 186/5292/1951
