# Blender 4.4.0
# www.blender.org
mtllib Meshy_AI_Trees_are_sparse_thi_0822235203_texture.mtl
o Meshy_AI_Trees_are_sparse_thi_0822235203_texture
v 0.343190 0.088933 0.896479
v 0.449899 0.066569 0.878304
v 0.527514 0.010937 0.857858
v 0.472888 0.238642 0.747722
v 0.551411 0.152694 0.764382
v 0.536962 -0.077138 0.376037
v 0.533302 -0.048929 0.353556
v 0.525808 0.030387 0.837135
v 0.565355 0.059792 0.905532
v 0.533894 0.186568 0.771913
v 0.594610 0.018179 0.763506
v 0.566680 0.123169 0.779708
v 0.553164 0.222047 0.687167
v 0.548063 0.018378 0.836015
v 0.556545 -0.001152 0.781781
v 0.578563 -0.030552 0.769380
v 0.587967 -0.001267 0.787259
v 0.588027 0.022304 0.649210
v 0.589947 -0.080897 0.746636
v 0.617463 0.006190 0.784545
v 0.625704 -0.153066 0.773948
v 0.597566 -0.013062 0.797112
v 0.632036 0.120376 0.803206
v 0.621054 0.278228 0.810974
v 0.626890 0.136209 0.833118
v 0.650802 0.287483 0.826537
v 0.627342 0.382069 0.817587
v 0.649717 0.177374 0.831037
v 0.689771 0.215708 0.840286
v 0.597222 -0.556453 0.574568
v 0.407921 -0.543102 0.693979
v 0.532686 -0.546958 0.796013
v 0.454999 -0.523322 0.662946
v 0.451667 -0.506934 0.677402
v 0.485940 -0.497985 0.700075
v 0.490299 -0.493787 0.656451
v 0.486630 -0.535551 0.725003
v 0.507305 -0.459082 0.640197
v 0.518241 -0.485486 0.675489
v 0.507124 -0.506435 0.697495
v 0.552837 -0.522437 0.736210
v 0.555514 -0.508680 0.748112
v 0.558411 -0.455221 0.688859
v 0.548837 -0.484540 0.703148
v 0.579692 -0.519388 0.714049
v 0.564526 -0.490558 0.719218
v 0.591678 -0.455060 0.667575
v 0.579535 -0.518996 0.731573
v 0.588883 -0.497956 0.735439
v 0.615994 -0.516550 0.727378
v 0.593544 -0.533376 0.803365
v 0.635006 -0.562624 0.750419
v 0.635160 -0.551306 0.806935
v 0.619669 -0.453664 0.639017
v 0.611824 -0.527538 0.798916
v 0.729858 -0.553209 0.618351
v 0.602341 -0.496887 0.720594
v 0.649729 -0.444952 0.703794
v 0.621495 -0.497398 0.753530
v 0.600038 -0.085895 0.783016
v 0.639190 -0.542689 0.801089
v 0.634707 -0.431580 0.781106
v 0.661611 -0.433455 0.659201
v 0.608654 -0.440718 0.692433
v 0.634174 -0.495176 0.723607
v 0.629483 -0.510192 0.734952
v 0.738274 -0.547284 0.723118
v 0.603420 -0.523219 0.749333
v 0.650943 -0.537320 0.767402
v 0.676003 -0.547137 0.759746
v 0.679687 -0.533715 0.730642
v 0.684156 -0.450802 0.680994
v 0.651616 -0.443351 0.635149
v 0.653180 -0.484938 0.613547
v 0.662264 -0.500570 0.627565
v 0.656467 -0.510296 0.716596
v 0.702769 -0.545461 0.717355
v 0.687056 -0.513473 0.682199
v 0.671826 -0.480881 0.720034
v 0.679759 -0.465463 0.635894
v 0.692469 -0.488740 0.657130
v 0.692279 -0.522094 0.573550
v 0.678629 -0.496240 0.703826
v 0.714404 -0.541374 0.709780
v 0.708634 -0.527070 0.676062
v 0.726850 -0.540073 0.672351
v 0.732677 -0.534342 0.642552
v 0.761002 -0.540503 0.549377
v 0.782220 -0.540424 0.514771
v 0.682262 -0.551115 0.911238
v 0.541741 -0.492190 0.550516
v 0.525361 -0.492002 0.570330
v 0.508238 -0.484444 0.610077
v 0.440410 -0.553557 0.553720
v 0.610196 -0.554362 0.480566
v 0.565758 -0.466503 0.577906
v 0.541592 -0.479024 0.498656
v 0.576012 -0.480274 0.564833
v 0.558683 -0.485148 0.537651
v 0.560189 -0.490409 0.452538
v 0.569192 -0.474566 0.507599
v 0.551312 -0.457736 0.635087
v 0.598049 -0.487215 0.449829
v 0.580863 -0.455898 0.620481
v 0.587545 -0.489956 0.494464
v 0.582553 -0.471640 0.541759
v 0.616260 -0.493576 0.428914
v 0.582529 -0.478967 0.518427
v 0.640965 -0.467333 0.599941
v 0.607505 -0.453791 0.543400
v 0.604115 -0.479812 0.484681
v 0.613952 -0.446802 0.565889
v 0.628566 -0.482209 0.491927
v 0.615433 -0.494529 0.506364
v 0.613779 -0.471374 0.512257
v 0.640521 -0.433371 0.586659
v 0.638925 -0.470774 0.475584
v 0.684586 -0.427197 0.579289
v 0.653571 -0.401906 0.563585
v 0.668888 -0.398590 0.539076
v 0.678749 -0.487730 0.581400
v 0.665533 -0.515304 0.614636
v 0.670179 -0.514055 0.529875
v 0.679399 -0.500845 0.476541
v 0.690857 -0.500169 0.549573
v 0.677204 -0.510354 0.577168
v 0.668438 -0.507983 0.508579
v 0.676650 -0.516672 0.489898
v 0.644545 -0.402491 0.535379
v 0.651139 -0.489547 0.577165
v 0.675085 -0.487826 0.602097
v 0.666239 -0.522217 0.564345
v 0.666947 -0.485433 0.518727
v 0.699880 -0.427599 0.546303
v 0.669535 -0.423565 0.503715
v 0.676535 -0.486845 0.510293
v 0.684484 -0.454278 0.590914
v 0.703241 -0.459558 0.561025
v 0.707842 -0.461798 0.534861
v 0.700882 -0.533130 0.644392
v 0.737602 -0.543494 0.528717
v 0.916594 -0.548137 0.910282
v 0.493650 -0.493591 0.623468
v 0.720897 -0.542810 0.606729
v 0.733369 -0.546164 0.563951
v 0.375881 -0.544782 0.287406
v 0.311273 -0.544758 0.377631
v 0.253934 -0.536904 0.480574
v 0.260186 -0.520108 0.506729
v 0.239833 -0.544931 0.488507
v 0.258185 -0.547880 0.539276
v 0.265926 -0.531619 0.524725
v 0.231442 -0.523410 0.515641
v 0.297057 -0.547269 0.575002
v 0.228680 -0.546933 0.575159
v 0.202017 -0.502022 0.541288
v 0.313651 -0.543324 0.511391
v 0.275794 -0.549206 0.487129
v 0.509037 -0.553399 0.196483
v 0.396905 -0.547191 0.537929
v 0.359751 -0.535879 0.414272
v 0.211648 -0.511500 0.498933
v 0.438994 -0.516323 0.625238
v 0.430154 -0.506505 0.541655
v 0.321862 -0.545122 0.694834
v 0.496601 -0.542557 0.772861
v 0.504548 -0.492418 0.547771
v 0.541566 -0.471100 0.524208
v 0.399653 -0.542690 0.662771
v 0.462503 -0.502101 0.491914
v 0.568229 -0.504529 0.378713
v 0.562811 -0.447950 0.388527
v 0.427774 -0.518848 0.260086
v 0.523884 -0.068544 0.349636
v 0.532886 -0.075864 0.336588
v 0.563179 -0.121113 0.389324
v 0.550288 -0.049191 0.344229
v 0.567289 -0.076979 0.349605
v 0.567630 -0.143695 0.382909
v 0.559505 -0.293070 0.375759
v 0.584541 -0.269205 0.383405
v 0.664208 -0.120117 0.390799
v 0.660492 -0.098016 0.378953
v 0.646930 -0.141976 0.379518
v 0.664708 -0.295286 0.390451
v 0.666807 -0.139924 0.376509
v 0.766536 -0.272672 0.374750
v 0.710763 -0.197236 0.383286
v 0.711744 -0.267723 0.383199
v 0.719070 -0.189894 0.383309
v 0.664883 -0.273796 0.381182
v 0.748755 -0.120986 0.389985
v 0.740983 -0.266517 0.382797
v 0.748162 -0.295252 0.388857
v 0.767161 -0.122016 0.374921
v 0.767725 -0.141217 0.388966
v 0.764241 -0.097892 0.378605
v 0.912210 -0.294983 0.388537
v 0.913898 -0.274486 0.376092
v 0.912219 -0.120958 0.389616
v 0.531697 -0.496187 0.381819
v 0.607488 -0.491076 0.266498
v 0.561076 -0.293534 0.389378
v 0.638028 -0.515929 0.380746
v 0.661074 -0.518580 0.323163
v 0.650495 -0.508083 0.402325
v 0.648554 -0.425365 0.376989
v 0.642646 -0.296341 0.383906
v 0.634598 -0.488759 0.465794
v 0.674910 -0.474312 0.405691
v 0.652594 -0.496445 0.420491
v 0.645979 -0.450841 0.452585
v 0.672252 -0.440120 0.408810
v 0.684057 -0.520795 0.349051
v 0.640300 -0.465920 0.429620
v 0.674225 -0.518082 0.387083
v 0.659781 -0.469285 0.483305
v 0.674046 -0.430115 0.469013
v 0.662290 -0.449623 0.388759
v 0.677983 -0.501486 0.418911
v 0.702258 -0.515183 0.455088
v 0.710295 -0.527735 0.321439
v 0.690526 -0.423714 0.485590
v 0.679474 -0.396159 0.454510
v 0.694419 -0.404345 0.413627
v 0.672175 -0.462021 0.490679
v 0.715943 -0.390498 0.432609
v 0.702695 -0.478239 0.484029
v 0.711133 -0.520294 0.395941
v 0.726573 -0.408974 0.470015
v 0.690696 -0.513305 0.438878
v 0.713022 -0.500527 0.449932
v 0.691024 -0.455690 0.502505
v 0.722587 -0.475082 0.471201
v 0.713302 -0.460248 0.401964
v 0.693969 -0.447624 0.393673
v 0.766094 -0.516385 0.463070
v 0.720299 -0.415901 0.410147
v 0.739759 -0.464307 0.440203
v 0.720176 -0.486110 0.426656
v 0.734708 -0.433605 0.477198
v 0.710077 -0.543475 0.353583
v 0.768352 -0.542194 0.195244
v 0.780600 -0.539518 0.394444
v 0.745151 -0.433309 0.441310
v 0.744851 -0.520039 0.398938
v 0.777353 -0.536784 0.245078
v 0.769895 -0.514103 0.423153
v 0.747724 -0.425776 0.383462
v 0.791978 -0.538572 0.357167
v 0.798381 -0.530211 0.462798
v 0.801563 -0.532969 0.490432
v 0.780071 -0.544393 0.430885
v 0.795096 -0.545517 0.478955
v 0.776081 -0.534997 0.483424
v 0.752649 -0.449749 0.388806
v 0.914973 -0.447548 0.374823
v 0.767976 -0.274581 0.389041
v 0.912198 -0.421670 0.383972
v 0.922944 -0.520214 0.382123
v 0.912113 -0.447799 0.388346
v 0.928266 -0.096628 0.378883
v 0.430728 -0.514638 0.230918
v 0.551053 -0.475529 0.214873
v 0.495399 -0.321984 0.057106
v 0.528214 -0.297548 0.067274
v 0.520760 -0.477006 0.023696
v 0.481034 -0.477052 0.077004
v 0.518473 -0.245471 0.098152
v 0.579078 -0.081731 0.111937
v 0.539557 -0.252285 0.098275
v 0.524125 -0.242319 0.121988
v 0.535052 -0.399818 0.066028
v 0.579970 -0.244776 0.067684
v 0.641478 -0.519098 0.018898
v 0.548883 0.037969 0.065057
v 0.656360 -0.517526 0.055474
v 0.596309 -0.078800 0.098049
v 0.524954 -0.347576 0.076311
v 0.571380 -0.334395 0.063296
v 0.659638 -0.317546 0.086643
v 0.580642 -0.159624 0.108277
v 0.607612 0.040391 0.159463
v 0.641420 -0.503782 0.205548
v 0.682378 -0.509526 0.150046
v 0.594584 -0.256689 0.055545
v 0.697637 -0.250712 0.051389
v 0.608475 -0.514679 0.013924
v 0.662973 -0.522030 -0.010392
v 0.595757 -0.520201 -0.053083
v 0.711251 -0.526560 0.023733
v 0.659388 -0.502110 0.207505
v 0.670354 -0.517593 0.223509
v 0.531572 -0.553709 0.360319
v 0.732523 -0.535912 -0.022292
v 0.734644 -0.530689 0.243026
v 0.750768 -0.540610 0.027370
v 0.730675 -0.541462 -0.045899
v 0.713381 -0.546081 0.053528
v 0.731405 -0.140639 0.084868
v 0.753747 -0.539812 0.071934
v 0.756083 -0.542783 0.135648
v 0.718963 -0.199512 0.065408
v 0.734967 -0.090662 0.098927
v 0.741861 -0.107944 0.110809
v 0.744592 -0.167722 0.071619
v 0.924754 -0.548465 0.319656
v 0.670010 -0.512334 0.249767
v 0.213741 -0.547361 -0.104740
v 0.289482 -0.532767 -0.007293
v 0.304840 -0.544753 -0.053109
v 0.305451 -0.521719 -0.127747
v 0.335522 -0.529796 -0.062708
v 0.280897 -0.541034 -0.049009
v 0.328407 -0.524886 0.047546
v 0.371030 -0.548781 0.153485
v 0.406850 -0.519726 -0.068920
v 0.404016 -0.517910 0.100477
v 0.372333 -0.512705 -0.102817
v 0.386640 -0.493753 -0.139494
v 0.394561 -0.519677 0.116203
v 0.391609 -0.476763 -0.188212
v 0.365007 -0.527679 0.011418
v 0.442439 -0.505603 -0.051632
v 0.423271 -0.470914 -0.126598
v 0.394264 -0.478522 -0.107059
v 0.437606 -0.513936 0.118666
v 0.419591 -0.490256 -0.080556
v 0.457643 -0.475477 -0.164935
v 0.443931 -0.459031 -0.200092
v 0.434987 -0.471232 -0.219297
v 0.429690 -0.476636 -0.181391
v 0.445837 -0.498581 -0.086949
v 0.450863 -0.485689 -0.119147
v 0.496125 -0.490830 -0.133689
v 0.395018 -0.515876 0.206954
v 0.539938 -0.481183 0.058756
v 0.454916 -0.470529 -0.212590
v 0.486652 -0.478967 0.024138
v 0.517974 -0.458012 -0.188579
v 0.489676 -0.477856 -0.227207
v 0.477857 -0.492634 -0.063011
v 0.506676 -0.476904 -0.157169
v 0.516372 -0.495973 -0.148872
v 0.515545 -0.482179 -0.216889
v 0.552586 -0.511723 -0.107451
v 0.534397 -0.454274 -0.202388
v 0.530001 -0.489444 -0.133902
v 0.553024 -0.477763 -0.159054
v 0.531884 -0.471342 -0.159405
v 0.563500 -0.468931 -0.200433
v 0.552061 -0.501996 -0.122476
v 0.582715 -0.514072 -0.075073
v 0.566482 -0.498722 -0.131780
v 0.609810 -0.527719 -0.148462
v 0.619820 -0.517403 -0.026845
v 0.553712 -0.509684 -0.148106
v 0.577841 -0.515533 -0.233912
v 0.673980 -0.527577 -0.121661
v 0.231359 -0.546596 -0.000774
v 0.321069 -0.548886 0.108348
v 0.547387 -0.490791 -0.239702
v 0.541698 -0.464600 -0.217540
v 0.551100 -0.501788 -0.177353
v 0.512795 -0.493080 -0.210073
v 0.574125 -0.502451 -0.326489
v 0.748770 -0.529285 -0.310704
v 0.714363 -0.529302 -0.085745
v 0.741676 -0.545266 -0.126453
v 0.661715 -0.543484 -0.136487
v 0.688004 -0.545038 -0.179368
v 0.685682 -0.546164 -0.101225
v 0.782347 -0.540327 -0.276683
v 0.795220 -0.540437 -0.163907
v 0.760838 -0.547308 -0.027716
v 0.778446 -0.538629 -0.210472
v 0.767984 -0.270498 -0.428219
v 0.769439 -0.294862 -0.422874
v 0.914120 -0.274836 -0.422097
v 0.924543 -0.548042 -0.214026
v 0.807191 -0.543878 -0.440042
v 0.913801 -0.274487 -0.435658
v 0.752601 -0.449973 -0.422911
v 0.912519 -0.447326 -0.422429
v 0.913496 -0.122324 -0.435798
v 0.924770 -0.512519 -0.422382
v 0.928440 -0.097907 -0.434467
v 0.913471 -0.428370 -0.435223
v 0.923910 -0.517841 -0.438230
v 0.537782 -0.486782 -0.217638
v 0.785407 -0.543241 -0.368084
v 0.786748 -0.546553 -0.324898
v 0.773636 -0.529793 -0.180248
v -0.754639 0.154949 0.726341
v -0.611179 0.020595 0.810729
v -0.675656 0.117706 0.773460
v -0.646231 0.087789 0.767423
v -0.619024 0.015832 0.795349
v -0.559246 -0.112582 0.766241
v -0.554838 -0.047662 0.775913
v -0.569029 -0.272154 0.792158
v -0.570344 -0.145666 0.773081
v -0.537796 -0.025205 0.810861
v -0.559427 -0.291757 0.762177
v -0.571093 0.163188 0.760175
v -0.526226 -0.044618 0.783937
v -0.561850 -0.147582 0.750474
v -0.547219 -0.136986 0.786077
v -0.482226 0.044061 0.808026
v -0.529276 -0.001488 0.812781
v -0.498673 0.017028 0.882435
v -0.505147 -0.009267 0.866003
v -0.463524 0.375383 0.842700
v -0.475448 0.272832 0.824899
v -0.457994 0.176699 0.837997
v -0.718308 -0.547121 0.468012
v -0.658914 -0.546327 0.695431
v -0.608685 -0.545028 0.743404
v -0.638777 -0.543724 0.582450
v -0.611778 -0.539596 0.662114
v -0.620256 -0.533095 0.723914
v -0.600307 -0.512898 0.748503
v -0.612257 -0.497573 0.702818
v -0.605181 -0.544424 0.710111
v -0.591316 -0.486610 0.722674
v -0.580319 -0.524488 0.689841
v -0.548762 -0.498063 0.735691
v -0.552228 -0.544207 0.817740
v -0.589123 -0.540024 0.758811
v -0.570435 -0.387771 0.739657
v -0.593814 -0.505133 0.685668
v -0.544969 -0.523477 0.698302
v -0.571753 -0.529200 0.792410
v -0.578405 -0.554198 0.789743
v -0.538206 -0.553399 0.744511
v -0.570982 -0.569340 0.753821
v -0.541837 -0.277537 0.802921
v -0.525553 -0.521345 0.778604
v -0.555063 -0.429849 0.782049
v -0.531472 -0.572673 0.801153
v -0.537884 -0.553040 0.806240
v -0.551310 -0.355169 0.739152
v -0.527662 -0.543926 0.831088
v -0.526979 -0.528802 0.815912
v -0.528195 -0.282526 0.781951
v -0.492826 -0.496627 0.646452
v -0.527302 -0.546411 0.853954
v -0.514172 -0.541796 0.855616
v -0.449779 -0.529452 0.814450
v -0.485427 -0.516706 0.783443
v -0.470828 -0.532752 0.845190
v -0.455178 -0.500998 0.693559
v -0.475056 -0.542621 0.845065
v -0.437790 -0.541523 0.831109
v -0.356261 -0.505485 0.718807
v -0.399169 -0.482616 0.629492
v -0.412979 -0.533687 0.828237
v -0.349324 -0.544585 0.823501
v -0.357312 -0.485384 0.623034
v -0.292773 -0.540963 0.813433
v -0.275522 -0.508220 0.655139
v -0.615541 -0.543823 0.609712
v -0.520866 -0.498241 0.623599
v -0.657795 -0.544694 0.529745
v -0.701131 -0.544898 0.494182
v -0.635031 -0.526161 0.492822
v -0.660972 -0.524877 0.523448
v -0.619508 -0.527738 0.524239
v -0.650721 -0.539780 0.422263
v -0.657253 -0.530523 0.536510
v -0.579324 -0.514855 0.511529
v -0.544751 -0.509874 0.612705
v -0.522371 -0.500891 0.549295
v -0.555565 -0.519807 0.486392
v -0.532795 -0.511629 0.444252
v -0.648954 -0.553006 0.283543
v -0.499533 -0.501818 0.558247
v -0.553048 -0.496337 0.380725
v -0.534274 -0.506585 0.503778
v -0.542253 -0.499738 0.544760
v -0.544556 -0.474265 0.393746
v -0.530873 -0.495999 0.477490
v -0.513115 -0.477830 0.446836
v -0.543573 -0.502446 0.415780
v -0.533993 -0.449400 0.374836
v -0.501542 -0.460367 0.397869
v -0.476956 -0.479951 0.373854
v -0.520323 -0.472674 0.491520
v -0.531041 -0.470450 0.534676
v -0.528181 -0.484196 0.561591
v -0.467484 -0.458293 0.529752
v -0.468676 -0.465507 0.465364
v -0.468929 -0.492675 0.654284
v -0.464225 -0.492744 0.560849
v -0.476163 -0.480032 0.431170
v -0.484937 -0.397197 0.459273
v -0.485133 -0.477212 0.404846
v -0.455564 -0.473757 0.393198
v -0.463987 -0.435383 0.456849
v -0.470270 -0.421581 0.475974
v -0.446640 -0.493424 0.358458
v -0.457046 -0.454291 0.424478
v -0.474122 -0.438971 0.509466
v -0.461044 -0.407264 0.460743
v -0.416260 -0.471063 0.537093
v -0.431510 -0.499164 0.555041
v -0.449847 -0.456790 0.489065
v -0.440969 -0.399452 0.460150
v -0.411576 -0.444927 0.437260
v -0.444400 -0.439482 0.492894
v -0.429377 -0.446817 0.501281
v -0.413940 -0.500016 0.556366
v -0.450183 -0.405654 0.511672
v -0.413068 -0.424953 0.484438
v -0.444679 -0.425470 0.518830
v -0.431966 -0.430050 0.463448
v -0.418336 -0.404879 0.511979
v -0.403065 -0.439825 0.467153
v -0.404970 -0.492655 0.294663
v -0.391287 -0.443881 0.482935
v -0.435020 -0.397891 0.534381
v -0.392222 -0.464674 0.427824
v -0.422498 -0.482215 0.374684
v -0.383463 -0.462471 0.546819
v -0.371582 -0.465620 0.439686
v -0.358090 -0.455061 0.477182
v -0.355762 -0.485460 0.451285
v -0.375512 -0.488808 0.399157
v -0.375986 -0.500067 0.548875
v -0.334031 -0.500137 0.551781
v -0.327339 -0.470308 0.480001
v -0.334841 -0.497702 0.668102
v -0.136226 -0.548058 0.675452
v -0.198373 -0.470852 0.529701
v -0.087198 -0.547060 0.602506
v -0.050482 -0.544637 0.597356
v -0.378238 -0.555476 0.593953
v 0.583224 -0.554577 0.773664
v -0.546363 -0.551130 0.911214
v -0.008948 -0.541373 0.590627
v -0.042275 -0.543904 0.568612
v -0.046523 -0.524288 0.587928
v 0.015755 -0.525088 0.522738
v -0.006750 -0.515742 0.508654
v 0.252442 -0.472838 0.531931
v 0.004130 -0.514726 0.610584
v 0.008077 -0.494271 0.610615
v 0.006653 -0.473586 0.572559
v 0.029370 -0.462934 0.542541
v 0.034641 -0.510383 0.540455
v 0.046144 -0.543617 0.572596
v 0.027517 -0.533776 0.476237
v 0.088942 -0.530375 0.487875
v 0.031376 -0.515093 0.625656
v 0.060623 -0.522146 0.606651
v 0.041140 -0.478414 0.606360
v 0.063947 -0.491460 0.590699
v 0.054359 -0.484417 0.539816
v 0.056506 -0.531780 0.576576
v 0.082714 -0.517901 0.529444
v 0.084703 -0.518332 0.505980
v 0.081553 -0.535511 0.552169
v 0.126031 -0.508685 0.539421
v -0.190724 -0.473340 0.504393
v 0.251946 -0.488813 0.492524
v 0.110475 -0.518645 0.516218
v 0.121363 -0.534857 0.480786
v 0.133643 -0.549304 0.575617
v 0.124290 -0.526196 0.567781
v 0.156889 -0.509592 0.498498
v 0.053700 -0.506583 0.542966
v 0.151229 -0.533839 0.569872
v 0.158923 -0.516167 0.533911
v 0.172504 -0.533425 0.522416
v 0.195437 -0.540329 0.561604
v 0.183868 -0.525241 0.480470
v 0.190226 -0.545038 0.473428
v 0.052512 -0.533375 0.467750
v -0.426573 -0.553424 0.073999
v -0.269602 -0.553587 0.318501
v -0.380291 -0.498453 0.349821
v -0.371310 -0.509781 0.310026
v -0.351045 -0.515544 0.355703
v -0.362025 -0.504943 0.271870
v -0.297424 -0.519075 0.384881
v -0.365994 -0.457513 0.512010
v -0.326662 -0.485009 0.461418
v -0.296420 -0.519996 0.307360
v -0.298695 -0.488302 0.543298
v -0.365645 -0.477089 0.539248
v -0.287509 -0.490901 0.578708
v -0.278276 -0.531380 0.190862
v -0.286929 -0.500404 0.549737
v -0.254845 -0.520091 0.308032
v -0.322598 -0.494563 0.490632
v -0.227452 -0.491401 0.619101
v -0.269827 -0.501668 0.626613
v -0.229660 -0.521060 0.674625
v -0.258654 -0.546522 0.231649
v -0.226063 -0.522319 0.331544
v -0.203656 -0.546667 0.333407
v -0.238765 -0.516395 0.644091
v -0.226331 -0.511892 0.632911
v -0.230474 -0.510317 0.384827
v -0.189154 -0.522330 0.684812
v -0.191608 -0.494547 0.460053
v -0.201803 -0.502174 0.544008
v -0.168578 -0.544318 0.498679
v -0.137527 -0.518123 0.518079
v -0.096761 -0.512565 0.537139
v -0.168282 -0.544949 0.527466
v -0.135678 -0.537906 0.545130
v -0.164717 -0.531450 0.460432
v -0.122504 -0.538809 0.505907
v -0.124493 -0.524804 0.567276
v -0.108800 -0.521115 0.476515
v 0.348033 -0.555102 0.057995
v 0.028555 -0.507912 0.497648
v -0.196094 -0.500464 0.490398
v -0.089447 -0.521219 0.602911
v 0.055547 -0.550009 0.439826
v -0.086430 -0.499427 0.566582
v -0.049304 -0.517302 0.550250
v -0.157613 -0.550491 0.359132
v -0.057141 -0.536898 0.494391
v -0.051528 -0.516250 0.504472
v 0.014086 -0.499047 0.543790
v -0.090655 -0.543646 0.471513
v -0.015722 -0.542144 0.544967
v -0.308379 -0.484200 0.609108
v -0.177313 -0.522923 0.413145
v 0.431239 -0.189786 -0.610678
v 0.442872 -0.119535 -0.627138
v 0.445976 0.014497 -0.478388
v 0.497885 0.188287 -0.381678
v 0.494110 0.289151 -0.347775
v 0.484481 0.301493 -0.342434
v 0.515617 0.010603 -0.484225
v 0.511363 -0.068129 -0.472422
v 0.529409 -0.054696 -0.485150
v 0.492084 -0.016422 -0.473865
v 0.496093 0.084921 -0.510136
v 0.506711 -0.026680 -0.490746
v 0.540698 -0.139786 -0.472472
v 0.561054 -0.141722 -0.426263
v 0.646171 -0.179463 -0.427865
v 0.646232 -0.273707 -0.425972
v 0.663823 -0.295773 -0.436961
v 0.644956 -0.120468 -0.422730
v 0.660605 -0.098039 -0.432856
v 0.642787 -0.120975 -0.435196
v 0.664608 -0.120414 -0.422568
v 0.769701 -0.139998 -0.434686
v 0.762697 -0.096345 -0.432851
v 0.510977 0.168551 -0.397460
v 0.502653 -0.416447 -0.369873
v 0.531990 -0.419025 -0.390371
v 0.530331 -0.467091 -0.387107
v 0.554166 -0.433135 -0.402073
v 0.554627 -0.458352 -0.417831
v 0.650282 -0.524322 -0.543409
v 0.579346 -0.475655 -0.489735
v 0.560840 -0.501848 -0.439944
v 0.558853 -0.475341 -0.409042
v 0.580513 -0.476844 -0.435797
v 0.571754 -0.456108 -0.518438
v 0.595834 -0.429963 -0.439815
v 0.567066 -0.369700 -0.398613
v 0.587129 -0.456703 -0.514637
v 0.584354 -0.350639 -0.437961
v 0.611524 -0.453321 -0.435877
v 0.603022 -0.418077 -0.424636
v 0.695641 -0.524889 -0.423758
v 0.620358 -0.519695 -0.423591
v 0.638943 -0.427206 -0.430019
v 0.680310 -0.527895 -0.326478
v 0.661080 -0.464350 -0.425428
v 0.515470 -0.553774 -0.182891
v 0.545486 -0.554225 -0.116514
v 0.666460 -0.426641 -0.429209
v 0.686683 -0.543638 -0.542622
v 0.697141 -0.546330 -0.341745
v 0.740593 -0.422402 -0.428099
v 0.748827 -0.120754 -0.422684
v 0.748274 -0.295302 -0.422834
v 0.750455 -0.274198 -0.435893
v 0.762578 -0.541463 -0.463670
v 0.924456 -0.549279 -0.938202
v 0.746237 -0.544071 -0.502946
v 0.769875 -0.531797 -0.450350
v 0.375240 -0.330045 -0.575915
v 0.355216 -0.303464 -0.574933
v 0.405082 -0.357794 -0.576246
v 0.389462 -0.215489 -0.580403
v 0.380903 -0.275219 -0.582299
v 0.414655 -0.229176 -0.601277
v 0.404775 -0.215625 -0.588373
v 0.399385 -0.227081 -0.604517
v 0.425993 -0.338749 -0.537732
v 0.432670 -0.346219 -0.572629
v 0.428338 -0.341877 -0.435935
v 0.436302 -0.340694 -0.456053
v 0.433345 -0.388636 -0.575363
v 0.425227 -0.167474 -0.604813
v 0.464294 -0.342752 -0.391325
v 0.456849 -0.345255 -0.435143
v 0.455294 -0.334520 -0.541762
v 0.448754 -0.352710 -0.577764
v 0.475075 -0.429274 -0.556094
v 0.467145 -0.354029 -0.561036
v 0.494593 -0.329833 -0.507330
v 0.496036 -0.379242 -0.552811
v 0.496374 -0.334692 -0.541439
v 0.503362 -0.462386 -0.534520
v 0.497437 -0.331610 -0.425920
v 0.489723 -0.425236 -0.552186
v 0.516097 -0.335426 -0.542627
v 0.505305 -0.415432 -0.546141
v 0.530198 -0.330052 -0.473505
v 0.509708 -0.351635 -0.410262
v 0.525063 -0.386356 -0.382714
v 0.528045 -0.395683 -0.547016
v 0.523110 -0.483503 -0.514842
v 0.524445 -0.417249 -0.378019
v 0.503151 -0.359067 -0.376460
v 0.547653 -0.341186 -0.410854
v 0.550137 -0.497935 -0.503209
v 0.550210 -0.433415 -0.538184
v 0.561705 -0.331470 -0.426614
v 0.540116 -0.330860 -0.438346
v 0.545777 -0.096607 -0.431990
v 0.564809 -0.296242 -0.428255
v 0.564415 -0.327368 -0.518057
v 0.526732 -0.327374 -0.495632
v 0.558554 -0.355244 -0.549989
v 0.583112 -0.388024 -0.542095
v 0.576466 -0.354085 -0.412882
v 0.549167 -0.332156 -0.484992
v 0.584252 -0.377480 -0.490612
v 0.590828 -0.386472 -0.515925
v 0.591811 -0.420460 -0.488956
v 0.464009 -0.326386 -0.455136
v 0.529783 -0.544779 -0.760013
v 0.450293 -0.504061 -0.602478
v 0.490697 -0.542577 -0.730668
v 0.442653 -0.533696 -0.722543
v 0.494749 -0.518003 -0.676263
v 0.446172 -0.526499 -0.747138
v 0.487433 -0.479003 -0.525052
v 0.480753 -0.497847 -0.679871
v 0.686713 -0.551322 -0.950067
v 0.501208 -0.489503 -0.668407
v 0.516519 -0.537188 -0.717738
v 0.511381 -0.540877 -0.754728
v 0.549393 -0.502225 -0.562879
v 0.562550 -0.510001 -0.599137
v 0.617086 -0.539002 -0.694121
v 0.642900 -0.544917 -0.616420
v 0.669624 -0.546520 -0.680319
v 0.636814 -0.533374 -0.643197
v 0.643416 -0.525347 -0.670292
v 0.661625 -0.542470 -0.654993
v 0.681906 -0.539330 -0.613598
v 0.727628 -0.540486 -0.558029
v 0.373569 -0.545855 -0.704535
v 0.514271 -0.496927 -0.588187
v 0.256776 -0.502431 -0.184098
v 0.246633 -0.523416 -0.184748
v 0.277083 -0.527477 -0.271784
v 0.253087 -0.527811 -0.360351
v 0.285553 -0.517910 -0.351840
v 0.265515 -0.515033 -0.329325
v 0.287815 -0.508370 -0.193682
v 0.251848 -0.546913 -0.160381
v 0.294989 -0.501343 -0.238168
v 0.311337 -0.498368 -0.215407
v 0.350464 -0.492621 -0.209376
v 0.330851 -0.487119 -0.308807
v 0.353726 -0.515554 -0.140906
v 0.331147 -0.488340 -0.246916
v 0.316222 -0.480011 -0.380452
v 0.481311 -0.553094 -0.433430
v 0.339728 -0.497047 -0.378876
v 0.341147 -0.458818 -0.359830
v 0.385320 -0.482567 -0.225726
v 0.459887 -0.476980 -0.291472
v 0.516315 -0.488303 -0.237423
v 0.533339 -0.491659 -0.282324
v 0.321722 -0.522189 -0.421274
v 0.250525 -0.507690 -0.406662
v 0.348355 -0.496868 -0.402607
v 0.352944 -0.454818 -0.409324
v 0.370490 -0.515045 -0.444372
v 0.326790 -0.477693 -0.410594
v 0.393450 -0.465624 -0.423482
v 0.331356 -0.531113 -0.613302
v 0.387351 -0.506403 -0.574706
v 0.356848 -0.365815 -0.539497
v 0.365876 -0.332884 -0.563646
v 0.367717 -0.359821 -0.580115
v 0.361860 -0.389500 -0.495784
v 0.363969 -0.404843 -0.520389
v 0.370806 -0.429809 -0.552229
v 0.356155 -0.369729 -0.564982
v 0.378057 -0.414894 -0.569014
v 0.369604 -0.358003 -0.490704
v 0.388206 -0.451941 -0.494164
v 0.368611 -0.406057 -0.477790
v 0.370374 -0.396633 -0.399018
v 0.359397 -0.358713 -0.418028
v 0.361414 -0.358785 -0.518087
v 0.400303 -0.337557 -0.550358
v 0.365978 -0.360456 -0.453595
v 0.401902 -0.341669 -0.480062
v 0.357877 -0.417817 -0.431076
v 0.423775 -0.514127 -0.409811
v 0.387335 -0.347189 -0.429630
v 0.369844 -0.473233 -0.389353
v 0.396112 -0.433569 -0.397840
v 0.387321 -0.352097 -0.398778
v 0.401092 -0.389253 -0.385481
v 0.394647 -0.484036 -0.525089
v 0.377560 -0.469261 -0.459680
v 0.374364 -0.452269 -0.430851
v 0.400830 -0.498474 -0.544715
v 0.395747 -0.468314 -0.464408
v 0.400962 -0.492371 -0.462021
v 0.425552 -0.335694 -0.505473
v 0.415727 -0.448801 -0.390258
v 0.385067 -0.392581 -0.583652
v 0.429579 -0.491689 -0.544038
v 0.386623 -0.431048 -0.478165
v 0.450780 -0.485642 -0.392026
v 0.431307 -0.367053 -0.359107
v 0.428315 -0.438365 -0.381593
v 0.427712 -0.408558 -0.379634
v 0.429878 -0.492993 -0.465390
v 0.420430 -0.492805 -0.492761
v 0.424283 -0.418656 -0.574892
v 0.461356 -0.445204 -0.551479
v 0.454702 -0.437105 -0.362683
v 0.443941 -0.354895 -0.378503
v 0.448647 -0.411233 -0.352744
v 0.480212 -0.356166 -0.367902
v 0.470842 -0.422102 -0.362072
v 0.480111 -0.475443 -0.390188
v 0.492528 -0.436227 -0.380880
v 0.497184 -0.465532 -0.394711
v 0.504964 -0.457838 -0.424250
v 0.521833 -0.486236 -0.408644
v 0.498765 -0.500384 -0.400811
v 0.534266 -0.484824 -0.391199
v 0.542859 -0.448667 -0.389306
v 0.538617 -0.501835 -0.409651
v 0.369431 -0.541362 -0.681639
v -0.099311 -0.520746 -0.423334
v -0.020450 -0.546940 -0.444153
v -0.064661 -0.505208 -0.406346
v -0.097213 -0.536001 -0.368983
v -0.037512 -0.534903 -0.388644
v -0.056678 -0.538428 -0.369053
v -0.179949 -0.538742 -0.025449
v -0.058824 -0.521608 -0.427443
v 0.053905 -0.510311 -0.406999
v 0.014551 -0.549109 -0.433924
v 0.046066 -0.520314 -0.429764
v 0.033666 -0.547141 -0.410432
v 0.031662 -0.524650 -0.384810
v 0.092384 -0.528918 -0.479856
v 0.087386 -0.524842 -0.380672
v -0.003502 -0.470308 -0.423074
v 0.088558 -0.545552 -0.410794
v 0.072998 -0.545440 -0.445012
v 0.058803 -0.527748 -0.367678
v 0.072923 -0.549252 -0.375867
v 0.090083 -0.534714 -0.429713
v 0.134305 -0.520177 -0.460469
v 0.112783 -0.526095 -0.430871
v 0.084627 -0.539480 -0.475079
v 0.250130 -0.545397 -0.286989
v 0.140021 -0.546745 -0.441190
v 0.138354 -0.550307 -0.510182
v 0.142062 -0.541079 -0.396071
v 0.227336 -0.544058 -0.446580
v 0.234963 -0.520635 -0.427378
v 0.237505 -0.547375 -0.209431
v 0.207192 -0.499209 -0.507340
v 0.233032 -0.527764 -0.469554
v 0.216076 -0.545344 -0.529803
v 0.229410 -0.478201 -0.447701
v 0.258647 -0.507567 -0.462020
v 0.207339 -0.470430 -0.469159
v 0.242420 -0.535496 -0.297282
v 0.231991 -0.541738 -0.379784
v 0.244105 -0.503518 -0.522693
v 0.264225 -0.478084 -0.456788
v 0.244263 -0.466484 -0.451258
v 0.224504 -0.453483 -0.487327
v 0.237228 -0.479002 -0.521384
v 0.267134 -0.516703 -0.501354
v 0.292151 -0.478275 -0.495085
v 0.301920 -0.478431 -0.458501
v 0.298749 -0.517408 -0.474050
v 0.075261 -0.535467 -0.714950
v 0.109973 -0.510186 -0.757950
v 0.110432 -0.533951 -0.734019
v 0.143413 -0.545742 -0.750599
v 0.137074 -0.505344 -0.779991
v 0.193058 -0.543517 -0.789425
v 0.155177 -0.505420 -0.803639
v 0.167664 -0.490451 -0.776396
v 0.170218 -0.490430 -0.751083
v 0.167104 -0.489998 -0.715051
v 0.140796 -0.509459 -0.719842
v 0.202954 -0.486362 -0.729701
v 0.168225 -0.516021 -0.693283
v 0.216602 -0.499795 -0.751248
v 0.185532 -0.524959 -0.667191
v 0.202643 -0.490316 -0.677252
v 0.205350 -0.509311 -0.803491
v 0.216307 -0.533026 -0.652485
v 0.234763 -0.502830 -0.674561
v 0.207698 -0.543368 -0.672332
v 0.243718 -0.531083 -0.665776
v 0.230458 -0.486081 -0.764822
v 0.247691 -0.513359 -0.791749
v 0.267265 -0.515356 -0.685001
v 0.267041 -0.543324 -0.709124
v 0.251085 -0.546360 -0.782105
v 0.275216 -0.542580 -0.611527
v 0.258506 -0.492334 -0.711270
v 0.271696 -0.508328 -0.761964
v 0.284547 -0.535253 -0.748377
v 0.257823 -0.543905 -0.585073
v 0.283390 -0.544754 -0.605334
v 0.277559 -0.506379 -0.715228
v 0.262548 -0.525996 -0.484474
v 0.193158 -0.545064 -0.714792
v -0.181836 -0.486322 -0.727724
v -0.226246 -0.538032 -0.749230
v -0.183352 -0.532711 -0.754998
v -0.167463 -0.544255 -0.772549
v -0.167631 -0.516925 -0.795519
v -0.198456 -0.503577 -0.688566
v -0.169338 -0.484825 -0.676696
v -0.167610 -0.515698 -0.730783
v -0.179197 -0.506317 -0.762608
v -0.146231 -0.505628 -0.649989
v -0.189122 -0.546648 -0.651706
v -0.140236 -0.478507 -0.739456
v -0.109537 -0.482166 -0.754784
v -0.128255 -0.514319 -0.680419
v -0.162128 -0.486095 -0.781822
v -0.138373 -0.544856 -0.705905
v -0.149979 -0.525973 -0.641797
v -0.127098 -0.537955 -0.491303
v -0.092264 -0.486138 -0.716321
v -0.133693 -0.510221 -0.790665
v -0.076795 -0.534826 -0.748979
v -0.010558 -0.492145 -0.454494
v -0.058053 -0.547323 -0.481185
v -0.125671 -0.533266 -0.689815
v -0.064332 -0.531051 -0.708098
v -0.173780 -0.554893 -0.781812
v -0.034583 -0.534754 -0.685158
v -0.037739 -0.508120 -0.728626
v -0.034734 -0.501741 -0.700779
v -0.004241 -0.486227 -0.689268
v -0.042418 -0.534986 -0.710077
v -0.034309 -0.520426 -0.774992
v -0.016389 -0.519984 -0.746263
v 0.021822 -0.545912 -0.678560
v -0.011315 -0.478330 -0.737608
v -0.025357 -0.546605 -0.752840
v 0.045882 -0.490000 -0.715444
v -0.001249 -0.546291 -0.654373
v -0.002679 -0.536755 -0.678244
v 0.012969 -0.545862 -0.743104
v 0.030882 -0.522639 -0.686750
v 0.015815 -0.513794 -0.653364
v 0.023290 -0.532770 -0.627204
v 0.053672 -0.515497 -0.714524
v 0.017451 -0.503835 -0.677937
v 0.019045 -0.525760 -0.803813
v 0.043091 -0.549156 -0.498002
v 0.039420 -0.529106 -0.491449
v 0.039451 -0.525138 -0.454800
v 0.025384 -0.488241 -0.754693
v 0.058455 -0.471028 -0.743993
v 0.067561 -0.538839 -0.671139
v 0.043756 -0.520985 -0.815134
v 0.081224 -0.499454 -0.705915
v 0.075648 -0.514426 -0.779957
v 0.073900 -0.542211 -0.737571
v 0.069222 -0.543813 -0.781672
v 0.056370 -0.497731 -0.799710
v 0.103058 -0.517191 -0.709170
v -0.020233 -0.549474 -0.473156
v 0.056188 -0.531114 -0.638636
v -0.924002 -0.548261 0.906894
v -0.926446 -0.548154 -0.117339
v -0.673231 -0.547073 0.383036
v -0.656329 -0.541546 0.171035
v -0.637422 -0.543274 0.127720
v -0.656982 -0.538088 0.458063
v -0.643987 -0.537296 0.351691
v -0.581270 -0.523025 0.332080
v -0.594056 -0.523597 0.400904
v -0.608360 -0.533337 0.215388
v -0.606154 -0.521544 0.142086
v -0.647208 -0.541737 0.323054
v -0.606393 -0.546038 0.373196
v -0.611516 -0.544845 0.317129
v -0.626402 -0.546594 0.169884
v -0.590182 -0.523873 0.168779
v -0.525193 -0.519504 0.341899
v -0.558078 -0.487801 0.191107
v -0.542361 -0.470351 0.228125
v -0.557445 -0.511182 0.216701
v -0.534246 -0.506986 0.240153
v -0.499843 -0.515613 0.319007
v -0.219830 -0.555180 0.472951
v -0.517993 -0.446597 0.184403
v -0.532074 -0.458709 0.168256
v -0.480048 -0.456590 0.181692
v -0.547693 -0.512721 0.194468
v -0.497335 -0.474384 0.160276
v -0.490158 -0.472568 0.227709
v -0.511612 -0.506970 0.222076
v -0.549115 -0.514734 0.363863
v -0.489489 -0.501737 0.342122
v -0.467258 -0.475233 0.194488
v -0.481061 -0.464435 0.198259
v -0.440576 -0.479211 0.175472
v -0.411177 -0.554767 -0.412773
v -0.511940 -0.479672 0.036259
v -0.550002 -0.497480 0.161419
v -0.518562 -0.501708 0.134984
v -0.508750 -0.462985 0.130578
v -0.513848 -0.475472 0.154681
v -0.517744 -0.486962 0.061571
v -0.481104 -0.474648 0.098969
v -0.490471 -0.443329 0.064109
v -0.483155 -0.484416 -0.007492
v -0.446706 -0.476542 -0.021447
v -0.490514 -0.430815 0.034046
v -0.469384 -0.473763 0.153157
v -0.458640 -0.439359 0.060417
v -0.452368 -0.496864 -0.178582
v -0.449753 -0.461578 0.173727
v -0.460517 -0.490921 -0.063415
v -0.460263 -0.462509 -0.057479
v -0.454316 -0.470758 -0.113149
v -0.449307 -0.476882 0.034435
v -0.475489 -0.435085 0.007905
v -0.441147 -0.462346 -0.138717
v -0.461984 -0.496574 -0.112227
v -0.357840 -0.484512 0.119799
v -0.443333 -0.447038 0.039009
v -0.436872 -0.451380 -0.058742
v -0.408737 -0.469068 -0.075069
v -0.443047 -0.497233 -0.126143
v -0.411482 -0.470043 -0.122823
v -0.394470 -0.480104 -0.037258
v -0.421741 -0.495996 -0.124901
v -0.448154 -0.474643 -0.088363
v -0.393925 -0.500777 -0.130752
v -0.376213 -0.492625 0.067217
v -0.390559 -0.495345 -0.072120
v -0.358176 -0.501935 0.177851
v -0.326981 -0.500813 0.092848
v -0.313322 -0.519755 -0.112302
v -0.338456 -0.490692 -0.165703
v -0.305936 -0.513600 0.149383
v -0.307351 -0.545917 0.112960
v -0.262321 -0.545450 0.063426
v -0.292610 -0.521349 -0.113082
v -0.217443 -0.532305 -0.052702
v -0.203473 -0.546745 -0.131352
v -0.275116 -0.540812 0.167733
v -0.217740 -0.544160 0.037876
v -0.226692 -0.546620 -0.081903
v -0.298427 -0.523563 -0.074106
v -0.215746 -0.548832 -0.006946
v -0.724610 -0.546907 -0.149374
v -0.644573 -0.541639 -0.014955
v -0.670152 -0.540603 -0.117131
v -0.641211 -0.527772 -0.108315
v -0.602563 -0.545666 -0.116023
v -0.610431 -0.543677 -0.042969
v -0.559124 -0.521488 -0.016777
v -0.550529 -0.523488 -0.069700
v -0.599800 -0.530846 0.062512
v -0.626946 -0.543869 0.088902
v -0.645753 -0.547178 0.052564
v -0.571746 -0.495968 0.028100
v -0.607165 -0.527609 0.033595
v -0.610288 -0.543685 0.030989
v -0.537527 -0.517959 -0.209735
v -0.499568 -0.519704 -0.128753
v -0.551144 -0.509544 0.051861
v -0.560890 -0.510880 0.018723
v -0.561729 -0.502416 0.084776
v -0.578721 -0.519584 0.120449
v -0.504955 -0.513536 -0.179058
v -0.536040 -0.505068 -0.010640
v -0.697485 -0.546862 -0.186366
v -0.689584 -0.546774 -0.149437
v -0.483490 -0.454812 -0.245669
v -0.491172 -0.496632 -0.223694
v -0.491887 -0.501244 -0.171938
v -0.439074 -0.447386 -0.241727
v -0.462332 -0.447570 -0.218287
v -0.428205 -0.485052 -0.364780
v -0.415560 -0.454690 -0.175979
v -0.424310 -0.465585 -0.221605
v -0.400783 -0.482697 -0.208974
v -0.457599 -0.497858 -0.402137
v -0.393770 -0.487651 -0.368198
v -0.404253 -0.501464 -0.406898
v -0.384618 -0.461235 -0.176863
v -0.434689 -0.487142 -0.205955
v -0.379143 -0.497121 -0.166746
v -0.390248 -0.495687 -0.397075
v -0.329100 -0.489404 -0.328669
v -0.392199 -0.462623 -0.146626
v -0.361747 -0.506151 -0.151813
v -0.339107 -0.470719 -0.232574
v -0.378806 -0.447009 -0.386040
v -0.373724 -0.445863 -0.366074
v -0.344459 -0.501930 -0.390839
v -0.332717 -0.498525 -0.368783
v -0.365852 -0.490391 -0.359868
v -0.366851 -0.490149 -0.378223
v -0.373458 -0.505199 -0.405220
v -0.363095 -0.483586 -0.462462
v -0.346508 -0.509742 -0.452160
v -0.328921 -0.492903 -0.459785
v -0.306377 -0.482577 -0.200645
v -0.286175 -0.500700 -0.204084
v -0.275816 -0.512748 -0.409170
v -0.295434 -0.506557 -0.390073
v -0.296161 -0.478189 -0.402026
v -0.284135 -0.469150 -0.387644
v -0.270698 -0.482045 -0.373252
v -0.262346 -0.496069 -0.402740
v -0.259064 -0.511750 -0.363164
v -0.203489 -0.545504 -0.170826
v -0.236555 -0.508685 -0.201224
v -0.211410 -0.469451 -0.425423
v -0.225384 -0.514641 -0.320396
v -0.260811 -0.501879 -0.259933
v -0.227589 -0.532398 -0.259829
v -0.208357 -0.532018 -0.261052
v -0.169163 -0.546800 -0.415143
v -0.205167 -0.531098 -0.187656
v -0.177899 -0.547010 -0.224109
v -0.161762 -0.542716 -0.179506
v -0.217524 -0.537149 -0.287491
v -0.221627 -0.539577 -0.352727
v -0.168910 -0.536168 -0.394104
v 0.449782 -0.554455 -0.207691
v -0.370622 -0.555407 -0.366105
v -0.113992 -0.535046 -0.401188
v -0.696120 -0.542962 -0.052271
v -0.757692 -0.547242 -0.405241
v -0.710906 -0.545358 -0.406872
v -0.710960 -0.545436 -0.297705
v -0.718236 -0.533608 -0.360707
v -0.672135 -0.525186 -0.457804
v -0.717261 -0.539695 -0.258458
v -0.659790 -0.545748 -0.345030
v -0.648189 -0.532424 -0.133967
v -0.697622 -0.543831 -0.523510
v -0.647413 -0.529342 -0.349350
v -0.598881 -0.517375 -0.289522
v -0.664724 -0.523492 -0.502659
v -0.640093 -0.523479 -0.522111
v -0.691593 -0.544888 -0.475999
v -0.698051 -0.545765 -0.449890
v -0.646937 -0.513123 -0.448072
v -0.656501 -0.513339 -0.481971
v -0.625323 -0.413210 -0.461452
v -0.614091 -0.515707 -0.465420
v -0.659157 -0.543366 -0.531927
v -0.567607 -0.511189 -0.226750
v -0.615491 -0.537541 -0.628878
v -0.571931 -0.513301 -0.409231
v -0.609882 -0.287859 -0.448880
v -0.555135 -0.512137 -0.299474
v -0.491645 -0.492677 -0.447039
v -0.531599 -0.515743 -0.250788
v -0.537994 -0.496393 -0.215715
v -0.561681 -0.513269 -0.255320
v -0.514398 -0.495469 -0.394120
v -0.523130 -0.494011 -0.257508
v -0.522836 -0.494472 -0.437990
v -0.507353 -0.470766 -0.440665
v -0.496030 -0.463276 -0.380559
v -0.491422 -0.493980 -0.243881
v -0.507685 -0.509005 -0.238682
v -0.485954 -0.507438 -0.189245
v -0.515311 -0.512427 -0.200009
v -0.513888 -0.496847 -0.223296
v -0.487447 -0.494145 -0.289515
v -0.475748 -0.481649 -0.378912
v -0.510862 -0.485957 -0.365197
v -0.473864 -0.489117 -0.207012
v -0.487514 -0.480835 -0.412749
v -0.463595 -0.500680 -0.455151
v -0.487404 -0.500381 -0.405336
v -0.452706 -0.480290 -0.269113
v -0.418450 -0.491597 -0.383174
v -0.456474 -0.469849 -0.431082
v -0.411800 -0.478102 -0.406415
v -0.413369 -0.476761 -0.450757
v -0.422694 -0.466289 -0.435278
v -0.399719 -0.468567 -0.435598
v -0.707281 -0.540885 -0.219524
v -0.377897 -0.492667 -0.495943
v -0.398382 -0.486750 -0.544037
v -0.295758 -0.508342 -0.480923
v -0.268038 -0.521135 -0.630393
v -0.236211 -0.533406 -0.559478
v -0.254033 -0.517745 -0.444450
v -0.303512 -0.503636 -0.459416
v -0.343578 -0.469059 -0.434643
v -0.216013 -0.480256 -0.450496
v -0.265758 -0.547084 -0.674688
v -0.258522 -0.530808 -0.592143
v -0.225332 -0.546843 -0.646187
v -0.159212 -0.510372 -0.451807
v -0.175262 -0.544797 -0.568304
v -0.239298 -0.522077 -0.468919
v -0.223529 -0.504497 -0.748871
v -0.213187 -0.520780 -0.421949
v -0.191746 -0.546580 -0.613075
v -0.219278 -0.518301 -0.523754
v -0.211106 -0.545229 -0.617593
v -0.196675 -0.489520 -0.462757
v -0.178301 -0.502802 -0.506035
v -0.216178 -0.482240 -0.493818
v -0.210163 -0.486338 -0.731698
v -0.187464 -0.530434 -0.480568
v -0.210126 -0.517114 -0.457084
v -0.202463 -0.501688 -0.661575
v -0.182364 -0.495308 -0.653898
v -0.179998 -0.496210 -0.472716
v -0.122573 -0.517474 -0.439315
v -0.155548 -0.521423 -0.420470
v -0.175270 -0.544563 -0.486255
v -0.148560 -0.549086 -0.541994
v -0.178586 -0.527902 -0.512548
v -0.142632 -0.522728 -0.518524
v -0.139038 -0.494166 -0.503307
v -0.141941 -0.537410 -0.469582
v -0.101170 -0.509874 -0.392183
v -0.098348 -0.539446 -0.445976
v -0.071230 -0.514730 -0.447550
v -0.604306 -0.544846 -0.571996
v -0.584290 -0.545459 -0.658522
v -0.555810 -0.515686 -0.517996
v -0.534245 -0.525444 -0.684308
v -0.541424 -0.545845 -0.715199
v -0.507177 -0.525206 -0.694446
v -0.494747 -0.509356 -0.643188
v -0.507986 -0.500969 -0.663910
v -0.475822 -0.490341 -0.694634
v -0.527968 -0.520405 -0.631297
v -0.456109 -0.525156 -0.705699
v -0.436073 -0.531959 -0.732165
v -0.466729 -0.485250 -0.566983
v -0.455573 -0.490237 -0.522052
v -0.452078 -0.492136 -0.711747
v -0.417682 -0.490749 -0.583388
v -0.413829 -0.500184 -0.650566
v -0.434228 -0.482429 -0.650185
v -0.416114 -0.470772 -0.672118
v -0.437256 -0.470998 -0.665527
v -0.436973 -0.469007 -0.712469
v -0.924185 -0.548406 -0.943980
v -0.389917 -0.500414 -0.460736
v -0.394292 -0.493865 -0.764496
v -0.390035 -0.529108 -0.726280
v -0.398992 -0.502448 -0.726702
v -0.367017 -0.516852 -0.690975
v -0.401360 -0.504198 -0.670714
v -0.414810 -0.519651 -0.683971
v -0.363201 -0.493341 -0.606281
v -0.392077 -0.476096 -0.717874
v -0.367662 -0.492783 -0.690272
v -0.362388 -0.457213 -0.698469
v -0.373514 -0.545691 -0.787088
v -0.310420 -0.469988 -0.721808
v -0.359720 -0.527722 -0.672813
v -0.340843 -0.504929 -0.677109
v -0.359985 -0.498512 -0.761666
v -0.333372 -0.509599 -0.774744
v -0.302748 -0.514822 -0.687365
v -0.332709 -0.452042 -0.706581
v -0.317972 -0.474348 -0.665717
v -0.318768 -0.523751 -0.716642
v -0.317862 -0.529320 -0.688831
v -0.306853 -0.518641 -0.762155
v -0.298963 -0.497557 -0.745221
v -0.324946 -0.545519 -0.764827
v -0.197685 -0.546124 -0.702028
v -0.214374 -0.518671 -0.760910
v 0.141658 -0.554553 -0.799113
v -0.358840 -0.492058 -0.558068
v -0.689807 -0.225537 -0.554707
v -0.636111 -0.235968 -0.516546
v -0.697225 -0.207553 -0.608892
v -0.643965 -0.264371 -0.426381
v -0.659042 0.057538 -0.426584
v -0.581711 0.177040 -0.669346
v -0.648766 0.237367 -0.736217
v -0.645494 -0.245839 -0.531223
v -0.647992 -0.211326 -0.443109
v -0.678996 0.247315 -0.767322
v -0.630558 -0.284459 -0.475644
v -0.594208 -0.524597 -0.500402
v -0.597288 0.180131 -0.700249
v -0.588127 0.213055 -0.659870
v -0.585909 0.266024 -0.633676
v -0.501237 -0.545921 -0.724380
v -0.569694 0.116356 -0.640954
v -0.535594 0.065901 -0.580733
v -0.528277 0.031523 -0.528492
v -0.500377 0.009915 -0.498287
v -0.506212 -0.012786 -0.525605
v -0.514223 0.074616 -0.594248
v -0.484988 0.004560 -0.499858
v -0.482879 0.089694 -0.458034
v -0.490118 -0.185684 -0.601569
v -0.511131 -0.074622 -0.716512
v -0.502413 0.032667 -0.532787
v -0.491776 -0.014841 -0.494601
v -0.484724 -0.091519 -0.684435
v -0.474570 0.125606 -0.403822
v -0.421709 -0.167136 -0.560320
v -0.433612 -0.073467 -0.519599
v -0.464045 0.133423 -0.413173
v -0.431866 -0.263144 -0.581913
v -0.435829 -0.151915 -0.523745
v -0.451854 -0.231606 -0.567559
v -0.459946 -0.265029 -0.556323
v -0.407096 0.151585 -0.300620
v -0.448188 -0.272786 -0.535424
v -0.381964 -0.126258 -0.585860
v -0.414173 -0.197784 -0.564365
v -0.399376 -0.141763 -0.529719
vn -0.0083 1.0000 -0.0019
vn -0.0179 0.9998 0.0044
vn -0.0508 0.9985 -0.0209
vn -0.0174 -0.9998 -0.0001
vn -0.0162 -0.9999 0.0002
vn -0.0052 -1.0000 -0.0016
vn -0.0578 0.9964 0.0624
vn -0.1035 0.9940 -0.0363
vn -0.4070 0.9134 0.0012
vn -0.0096 0.9995 0.0295
vn -0.0180 0.9998 -0.0051
vn -0.0257 0.9996 0.0087
vn -0.3638 0.9269 -0.0919
vn -0.0013 -1.0000 0.0027
vn -0.1688 0.9851 -0.0340
vn -0.1122 0.9926 -0.0464
vn -0.1914 0.9815 0.0035
vn 0.0225 0.9968 -0.0763
vn -0.2221 0.9747 0.0269
vn -0.0189 0.9998 0.0047
vn -0.0059 1.0000 0.0077
vn -0.3714 0.8481 0.3779
vn 0.2278 -0.9733 -0.0273
vn -0.5445 0.8194 0.1790
vn -0.4891 0.8689 0.0757
vn -0.0119 -0.9999 0.0048
vn -0.0302 -0.9927 0.1172
vn -0.0449 0.9884 -0.1449
vn -0.1850 0.9710 -0.1515
vn -0.0000 0.9992 -0.0392
vn -0.0377 0.9991 -0.0206
vn -0.0038 0.9996 -0.0290
vn -0.1207 0.9907 0.0631
vn -0.2827 0.9364 -0.2080
vn -0.0571 0.9961 0.0675
vn -0.0038 1.0000 -0.0016
vn -0.5872 -0.6694 0.4552
vn 0.8498 0.5270 0.0008
vn -0.2589 0.9594 -0.1116
vn -0.2303 0.9725 -0.0336
vn -0.4619 0.8822 -0.0916
vn -0.2758 0.9603 0.0419
vn -0.0456 0.9974 -0.0559
vn -0.0164 -0.9981 0.0589
vn 0.1431 -0.9897 -0.0035
vn 0.0598 -0.9948 0.0825
vn -0.1086 -0.9941 -0.0026
vn 0.0068 1.0000 0.0007
vn -0.3176 -0.9265 -0.2020
vn -0.2032 -0.9791 -0.0008
vn -0.1735 -0.9848 -0.0005
vn -0.3077 0.9495 -0.0608
vn -0.5498 0.7785 0.3028
vn -0.4220 0.8940 0.1505
vn -0.3091 -0.9271 0.2121
vn -0.6833 0.6866 -0.2483
vn -0.0741 0.9958 0.0543
vn -0.0071 -0.9999 -0.0094
vn -0.0630 0.9965 -0.0550
vn -0.4296 0.9015 -0.0525
vn -0.6283 0.1423 0.7648
vn -0.0436 0.9464 0.3201
vn -0.2410 0.9683 0.0655
vn -0.0189 0.9995 -0.0252
vn -0.5713 -0.4637 0.6771
vn -0.1536 0.9870 0.0470
vn -0.2805 -0.9218 -0.2675
vn -0.0511 0.9986 -0.0094
vn 0.0006 -1.0000 0.0011
vn -0.1965 0.9798 0.0364
vn -0.2207 0.9753 0.0034
vn -0.4126 0.9049 -0.1039
vn -0.2795 0.9600 -0.0145
vn -0.4902 0.8685 -0.0738
vn -0.5484 0.8091 0.2114
vn -0.5107 0.8407 0.1801
vn -0.2883 0.8855 -0.3645
vn 0.8365 0.0192 -0.5477
vn -0.3415 0.9346 0.1000
vn -0.3054 0.9515 -0.0361
vn -0.1646 0.9758 -0.1438
vn -0.1449 0.9758 -0.1636
vn -0.0011 1.0000 0.0030
vn -0.0070 0.9997 0.0231
vn -0.0056 0.9997 0.0247
vn -0.1822 0.5701 -0.8011
vn -0.0267 -0.9974 0.0666
vn -0.0140 -0.9999 0.0053
vn -0.0267 -0.9989 0.0383
vn -0.7961 -0.3374 0.5024
vn -0.7945 -0.3325 0.5082
vn -0.7928 -0.3309 0.5119
vn -0.6136 -0.4764 -0.6298
vn -0.9160 0.0765 -0.3938
vn -0.9887 -0.0171 0.1487
vn -0.9966 -0.0006 0.0827
vn -0.9947 -0.0465 0.0919
vn -0.1117 0.9937 0.0135
vn 0.0262 0.9997 -0.0010
vn -0.3315 0.2353 0.9136
vn -0.9693 -0.0654 0.2369
vn -0.6594 0.1687 -0.7326
vn -0.1132 -0.1370 0.9841
vn -0.9324 -0.1261 0.3388
vn -0.2450 0.9694 -0.0183
vn -0.2820 0.9184 -0.2775
vn -0.1065 0.9890 0.1022
vn 0.6966 0.6084 0.3802
vn -0.2324 -0.9726 0.0110
vn -0.2324 -0.9726 0.0109
vn -0.1972 -0.9789 -0.0533
vn 0.0027 0.3032 0.9529
vn -0.6360 0.5537 -0.5375
vn 0.3569 0.7769 0.5186
vn -0.0046 0.9757 0.2188
vn -0.6698 0.5799 0.4639
vn -0.8831 0.2393 0.4036
vn -0.2065 0.9750 -0.0815
vn -0.1853 0.9808 -0.0609
vn -0.0145 0.9999 0.0025
vn 0.0761 0.9899 -0.1195
vn -0.0144 0.9999 0.0025
vn -0.1792 0.9576 0.2256
vn -0.3085 0.4194 -0.8538
vn -0.3564 0.9339 -0.0277
vn -0.0259 0.9775 0.2092
vn -0.0563 -0.9984 0.0040
vn 0.0992 0.9913 0.0861
vn 0.6960 -0.1438 -0.7035
vn -0.6375 0.7311 -0.2432
vn 0.8641 0.1390 -0.4838
vn -0.3194 -0.9303 0.1802
vn -0.1044 -0.9888 -0.1065
vn -0.2837 0.9566 0.0666
vn 0.0167 0.9627 0.2699
vn -0.4414 0.8414 -0.3119
vn -0.2371 0.9713 0.0162
vn -0.4742 0.8737 -0.1088
vn -0.2470 0.9690 0.0016
vn -0.1267 0.9904 0.0550
vn 0.1426 0.6814 0.7179
vn -0.1800 0.9804 -0.0801
vn -0.4535 0.8913 0.0004
vn -0.3508 0.9308 0.1026
vn -0.1712 0.9817 -0.0835
vn 0.9686 0.1440 0.2029
vn 0.8796 0.4214 0.2207
vn 0.1162 -0.9928 0.0303
vn 0.0774 0.9906 -0.1126
vn -0.1507 0.9852 -0.0819
vn -0.1930 0.9667 -0.1680
vn 0.0596 0.9982 -0.0000
vn -0.6384 -0.7478 0.1823
vn 0.4255 0.1563 -0.8913
vn 0.0889 0.9960 0.0131
vn -0.4464 0.2361 0.8631
vn -0.1890 0.9820 -0.0042
vn -0.5822 0.5869 -0.5626
vn -0.5755 0.5372 -0.6166
vn -0.5967 0.5438 -0.5901
vn -0.4482 0.8135 0.3707
vn -0.4087 0.8376 0.3626
vn -0.5298 0.3023 -0.7924
vn -0.3959 0.2080 -0.8944
vn -0.4429 0.2267 -0.8674
vn -0.5244 0.8511 -0.0266
vn -0.8467 0.3076 0.4342
vn -0.4896 0.4919 0.7199
vn 0.0610 0.9980 -0.0156
vn 0.5638 -0.5119 -0.6481
vn -0.4676 0.7942 0.3880
vn -0.4717 0.8163 0.3334
vn 0.8624 -0.0525 0.5035
vn 0.7828 0.2394 -0.5743
vn 0.7894 0.1800 -0.5869
vn -0.3692 0.2182 -0.9034
vn -0.5130 -0.2072 -0.8330
vn -0.1356 0.9823 0.1289
vn -0.7261 -0.4589 0.5119
vn -0.7282 -0.4551 0.5124
vn -0.7237 -0.4615 0.5131
vn -0.4170 0.9076 -0.0492
vn -0.3013 -0.9515 -0.0630
vn -0.9806 -0.1646 -0.1062
vn -0.2450 0.9694 -0.0184
vn -0.4085 0.8943 -0.1827
vn -0.1424 0.1553 -0.9776
vn 0.5354 0.6902 -0.4868
vn -0.4119 0.9112 -0.0102
vn -0.1592 0.9837 0.0832
vn -0.1468 0.9635 -0.2238
vn 0.3246 0.8227 -0.4666
vn -0.3575 0.9293 0.0925
vn 0.4063 -0.7439 0.5306
vn -0.8717 -0.2639 0.4130
vn -0.0656 0.7582 0.6487
vn -0.3538 0.9289 0.1092
vn -0.5336 0.8296 -0.1647
vn -0.3811 0.9151 -0.1316
vn -0.2396 0.9675 -0.0809
vn -0.3680 0.8440 -0.3902
vn -0.6724 -0.5705 -0.4716
vn -0.1856 0.9826 0.0033
vn -0.2465 0.9688 -0.0277
vn -0.8845 0.4535 0.1092
vn -0.7222 -0.0950 -0.6851
vn -0.3030 0.9530 -0.0074
vn 0.5012 0.5711 -0.6501
vn -0.0704 0.9974 -0.0156
vn 0.6921 0.2965 -0.6581
vn -0.1303 0.9799 0.1511
vn -0.6204 0.2762 0.7341
vn -0.0018 -1.0000 -0.0020
vn -0.4280 0.8242 0.3709
vn -0.4589 0.8413 0.2857
vn -0.2011 0.7652 0.6116
vn -0.3330 0.9357 -0.1169
vn 0.3698 -0.1614 0.9150
vn -0.6769 -0.0468 -0.7346
vn -0.8823 -0.0163 0.4704
vn 0.2338 -0.0464 -0.9712
vn 0.7093 0.6644 -0.2354
vn -0.8949 0.1294 -0.4272
vn -0.1632 -0.0612 0.9847
vn -0.5906 -0.8067 -0.0227
vn -0.5178 0.8451 -0.1332
vn 0.4926 -0.6550 0.5729
vn -0.9644 0.0035 0.2643
vn 0.0660 0.9854 0.1570
vn 0.2017 0.9288 0.3108
vn -0.4907 0.7620 -0.4226
vn -0.9356 0.0089 -0.3529
vn -0.9594 0.2501 -0.1302
vn -0.3351 -0.0120 0.9421
vn -0.0052 -1.0000 0.0048
vn -0.4418 0.8080 -0.3898
vn -0.4354 0.8730 -0.2197
vn 0.0352 0.9450 0.3252
vn 0.2979 0.3070 -0.9039
vn 0.0858 0.9963 -0.0041
vn -0.0814 0.9535 -0.2902
vn -0.2580 0.9631 -0.0761
vn -0.4797 0.8443 -0.2389
vn -0.8491 -0.4003 -0.3447
vn -0.8479 0.5172 0.1162
vn -0.6371 -0.6097 0.4716
vn -0.5786 0.6897 0.4353
vn 0.6429 -0.1437 0.7523
vn 0.3319 -0.8803 -0.3390
vn -0.1192 0.9157 0.3839
vn -0.6838 0.7274 -0.0571
vn -0.3972 0.9057 -0.1483
vn -0.1598 -0.7555 0.6354
vn -0.2979 0.9545 -0.0146
vn 0.1221 0.1194 0.9853
vn -0.4897 0.1425 0.8602
vn -0.8684 -0.0002 0.4959
vn -0.4099 -0.8677 0.2811
vn -0.3107 0.9505 0.0047
vn -0.2330 0.9601 0.1543
vn 0.0057 -0.9999 0.0147
vn -0.3463 -0.3397 0.8745
vn -0.8221 -0.0205 0.5689
vn 0.0157 0.5985 -0.8010
vn -0.7991 0.5992 0.0481
vn -0.4391 0.2312 0.8682
vn 0.0370 0.4718 0.8809
vn -0.1682 0.9849 -0.0417
vn 0.9133 0.3635 -0.1835
vn -0.4252 -0.2927 -0.8565
vn -0.9945 0.0408 0.0965
vn 0.4222 0.3567 -0.8334
vn -0.5451 0.8137 -0.2019
vn -0.8972 -0.3985 0.1901
vn -0.4394 0.5649 -0.6984
vn -0.0624 -0.6816 -0.7290
vn -0.4886 -0.7341 -0.4715
vn 0.5463 -0.0586 -0.8355
vn -0.9703 0.0620 0.2336
vn 0.9439 0.3149 0.0997
vn -0.2979 0.9289 0.2200
vn 0.4710 0.0008 -0.8821
vn -0.2606 0.9617 0.0852
vn -0.9473 0.2524 -0.1973
vn 0.8732 -0.1126 -0.4742
vn -0.9329 0.2786 -0.2282
vn -0.5724 0.8164 0.0762
vn 0.9841 0.0152 -0.1768
vn -0.0906 -0.9850 0.1469
vn 0.8126 -0.1478 0.5638
vn -0.0427 0.9968 0.0679
vn 0.9266 0.2877 0.2421
vn -0.3839 0.4029 -0.8309
vn 0.2275 0.7823 0.5799
vn -0.7647 0.3200 -0.5593
vn -0.7803 0.6065 -0.1524
vn -0.7815 0.6239 -0.0051
vn -0.2779 0.6679 0.6904
vn -0.0017 -1.0000 -0.0025
vn -0.0366 0.6147 0.7879
vn -0.1143 0.6199 0.7763
vn 0.9254 -0.0045 -0.3790
vn 0.9030 0.1296 -0.4097
vn -0.3040 0.8904 0.3387
vn -0.5334 0.8270 -0.1775
vn -0.3168 0.9378 0.1421
vn -0.1844 0.3823 0.9054
vn -0.0962 0.9936 -0.0594
vn -0.3781 0.2378 -0.8947
vn 0.1723 0.8281 0.5335
vn 0.8446 0.0955 0.5268
vn 0.0613 0.8377 0.5427
vn 0.1062 0.9750 0.1951
vn -0.3487 -0.8249 0.4449
vn -0.8985 0.1138 0.4240
vn -0.8715 0.3198 0.3718
vn 0.0457 0.9603 -0.2753
vn 0.8851 -0.1257 0.4481
vn -0.9540 -0.2955 -0.0496
vn -0.3585 0.8379 0.4115
vn -0.4243 0.9049 -0.0331
vn -0.3204 0.9294 0.1831
vn -0.4001 0.8550 0.3300
vn -0.8773 -0.4481 -0.1720
vn -0.2834 0.9356 0.2107
vn -0.8371 -0.1265 0.5322
vn 0.0210 0.3161 0.9485
vn 0.2378 -0.4789 -0.8451
vn -0.3831 0.9235 0.0171
vn -0.2656 0.7115 -0.6505
vn -0.8163 0.5523 0.1696
vn 0.9500 0.3120 -0.0068
vn 0.2630 0.9416 0.2103
vn -0.6467 0.7554 -0.1056
vn -0.6175 -0.3004 0.7269
vn -0.9974 0.0682 0.0231
vn 0.0482 -0.9983 -0.0320
vn 0.3691 0.7682 0.5231
vn -0.3488 0.8516 0.3912
vn -0.0152 0.9488 0.3154
vn 0.6287 0.3390 0.6999
vn -0.3678 0.9243 0.1021
vn 0.5117 -0.4523 0.7305
vn -0.9690 0.2467 0.0101
vn -0.9683 0.2360 -0.0826
vn -0.5783 0.8123 -0.0756
vn 0.1463 0.9870 -0.0663
vn 0.4060 0.7737 -0.4863
vn 0.5453 0.8299 -0.1184
vn 0.2786 0.8463 -0.4540
vn 0.7815 0.6027 -0.1612
vn -0.2274 -0.6143 -0.7556
vn -0.4261 0.6000 -0.6771
vn -0.3292 0.8908 -0.3132
vn 0.8146 0.3612 -0.4539
vn 0.0615 0.8405 -0.5384
vn -0.2819 0.0762 -0.9564
vn -0.1591 0.5340 -0.8303
vn -0.7621 0.5667 -0.3132
vn -0.8547 0.5150 -0.0649
vn -0.2862 0.8815 -0.3756
vn -0.5669 0.7982 -0.2035
vn -0.1937 0.9801 0.0437
vn 0.3170 -0.5979 -0.7362
vn -0.2912 0.9546 0.0635
vn -0.0408 0.9965 -0.0733
vn 0.2181 0.9740 -0.0619
vn 0.2677 0.8115 0.5194
vn -0.8825 0.4644 0.0743
vn -0.3051 -0.6313 0.7130
vn 0.9559 -0.1221 -0.2670
vn -0.6293 0.4660 -0.6219
vn -0.2739 0.9545 0.1177
vn -0.4626 0.7399 -0.4884
vn -0.9524 -0.2233 -0.2076
vn -0.1379 0.9228 0.3597
vn -0.2761 0.9583 -0.0736
vn -0.1737 0.8805 0.4410
vn -0.0299 0.9950 0.0958
vn 0.0066 0.7695 0.6386
vn -0.1507 0.8511 0.5030
vn -0.8917 0.3799 -0.2459
vn 0.1670 -0.7184 0.6753
vn 0.1212 0.9144 -0.3863
vn -0.1234 0.9685 0.2162
vn -0.2595 0.9612 -0.0935
vn -0.7147 0.4139 0.5639
vn -0.0288 0.9985 -0.0459
vn -0.2385 0.9625 0.1294
vn -0.7993 -0.3671 0.4758
vn -0.7854 -0.3832 0.4862
vn -0.7853 -0.3832 0.4862
vn -0.0185 0.8894 0.4568
vn -0.7807 -0.3884 0.4895
vn -0.3619 0.9150 -0.1785
vn 0.0543 0.9363 0.3471
vn 0.7320 -0.6106 -0.3024
vn 0.2238 -0.9336 0.2797
vn -0.3171 0.8063 -0.4993
vn -0.2405 0.9590 -0.1500
vn 0.3291 0.7971 0.5063
vn -0.6243 0.7523 0.2105
vn 0.0612 0.4389 -0.8965
vn 0.9315 0.2133 -0.2946
vn -0.1274 0.3006 -0.9452
vn 0.9730 -0.1141 -0.2008
vn -0.1542 0.9697 0.1896
vn -0.5474 0.8331 0.0790
vn 0.1787 0.9053 0.3854
vn -0.4205 0.6128 0.6690
vn -0.1610 0.8180 -0.5522
vn -0.1573 0.8208 -0.5491
vn -0.1588 0.8186 -0.5520
vn -0.0172 -0.2133 0.9768
vn 0.2907 0.3989 0.8697
vn -0.4901 0.8634 0.1195
vn -0.9257 -0.3448 -0.1555
vn -0.8947 0.1994 0.3998
vn 0.0636 0.9227 0.3802
vn -0.2362 -0.1324 -0.9626
vn -0.0712 0.9796 -0.1877
vn 0.1689 0.2023 0.9647
vn 0.3650 -0.0128 0.9309
vn 0.4120 0.2605 0.8732
vn 0.4397 0.8940 -0.0861
vn 0.1806 0.9796 -0.0880
vn 0.0969 0.9816 0.1648
vn -0.2221 0.9694 -0.1045
vn -0.3961 0.9073 -0.1414
vn 0.6807 0.6767 0.2807
vn -0.1321 -0.6091 0.7820
vn -0.9779 0.2086 0.0117
vn -0.0148 0.7418 0.6704
vn 0.6207 0.7113 -0.3298
vn 0.7320 0.6119 -0.2995
vn -0.7827 0.3558 0.5107
vn 0.0364 -0.9248 0.3788
vn -0.3462 0.9376 -0.0320
vn -0.1959 0.6391 -0.7438
vn 0.3960 0.7963 0.4573
vn -0.5632 0.0765 -0.8227
vn 0.1172 0.6523 0.7489
vn -0.1136 0.9933 -0.0208
vn 0.2437 0.9204 -0.3059
vn -0.2549 0.9109 0.3244
vn -0.5456 0.8358 -0.0616
vn -0.6622 0.7088 0.2431
vn 0.1103 0.9939 -0.0024
vn -0.5546 0.8287 -0.0753
vn -0.7258 0.6195 -0.2991
vn -0.6050 0.6821 -0.4109
vn 0.7127 0.3288 -0.6197
vn -0.7870 0.6095 0.0961
vn -0.4392 0.8087 -0.3913
vn -0.8734 -0.4831 0.0617
vn -0.8771 0.3719 0.3040
vn -0.0498 0.8696 -0.4913
vn 0.4042 0.8774 -0.2586
vn -0.7204 -0.0364 0.6926
vn -0.9160 -0.3408 -0.2118
vn -0.1293 0.3510 0.9274
vn -0.4269 0.4928 -0.7582
vn 0.8317 0.5548 -0.0230
vn -0.9425 0.2530 -0.2185
vn -0.1097 0.9872 0.1156
vn 0.2302 0.9382 0.2584
vn -0.0589 0.9714 0.2301
vn 0.7675 0.2673 -0.5827
vn 0.1868 -0.0953 0.9778
vn 0.8431 0.5249 0.1171
vn -0.3033 0.9482 -0.0941
vn -0.9452 0.0316 -0.3248
vn -0.6973 0.3365 -0.6329
vn -0.5427 0.7331 0.4099
vn -0.7333 -0.5661 -0.3765
vn -0.9606 0.2765 0.0287
vn -0.5174 0.3848 -0.7644
vn -0.7355 -0.1842 0.6520
vn 0.0421 0.7113 -0.7016
vn 0.9094 0.3880 -0.1500
vn 0.0161 0.9995 -0.0254
vn -0.0347 0.9937 0.1069
vn 0.0353 0.9994 0.0008
vn 0.3503 -0.1617 0.9226
vn 0.7564 -0.4453 0.4792
vn 0.2550 0.8678 0.4265
vn -0.9146 0.0905 -0.3942
vn -0.5910 0.7738 -0.2280
vn -0.0397 0.2719 0.9615
vn 0.1661 0.6021 0.7810
vn 0.1022 0.3604 0.9272
vn -0.1699 0.9167 -0.3616
vn -0.9383 -0.3451 -0.0224
vn 0.0635 0.8293 0.5552
vn 0.0931 0.9955 0.0188
vn -0.9418 -0.0607 0.3307
vn -0.5700 0.8196 0.0585
vn 0.6077 0.7814 -0.1420
vn 0.0050 0.8567 -0.5157
vn 0.0061 0.8578 -0.5140
vn 0.0100 0.8581 -0.5134
vn -0.0411 0.6492 -0.7595
vn 0.0382 0.9393 -0.3411
vn -0.2212 0.6524 0.7249
vn -0.9838 0.1464 0.1035
vn -0.2901 -0.6688 -0.6845
vn -0.4294 0.4439 -0.7865
vn -0.9159 -0.0654 -0.3960
vn -0.3518 0.0365 0.9353
vn -0.9952 0.0950 -0.0242
vn -0.9586 0.2846 -0.0041
vn -0.5573 0.7716 -0.3067
vn 0.0368 0.7589 0.6502
vn -0.5355 0.8038 0.2591
vn -0.6678 -0.0868 -0.7392
vn 0.5232 0.8444 -0.1150
vn 0.5334 0.4267 0.7304
vn 0.6220 0.2503 -0.7419
vn 0.8642 -0.1228 0.4879
vn 0.5750 0.3714 0.7290
vn 0.1401 0.9862 0.0881
vn -0.2787 0.0514 0.9590
vn -0.0022 -1.0000 -0.0033
vn 0.0904 0.8823 0.4619
vn 0.3905 0.9192 -0.0505
vn -0.1212 0.7929 -0.5971
vn -0.9778 0.1162 0.1746
vn -0.0199 0.9396 -0.3417
vn 0.4662 0.3595 -0.8083
vn 0.9805 -0.1964 0.0010
vn 0.4560 -0.3267 0.8279
vn -0.1509 0.9783 -0.1421
vn 0.9195 -0.2829 -0.2729
vn -0.9598 0.0984 0.2628
vn 0.1780 0.7314 -0.6583
vn -0.8369 0.5471 0.0182
vn -0.3327 0.9428 0.0230
vn -0.4004 0.7885 -0.4668
vn 0.0310 0.9866 0.1603
vn 0.2181 0.9753 0.0354
vn -0.8386 0.3448 0.4216
vn -0.1721 0.7974 0.5784
vn -0.1783 0.5847 0.7914
vn 0.0083 0.7214 0.6925
vn -0.6097 0.5346 0.5852
vn -0.1372 0.4022 0.9052
vn 0.2811 0.8367 -0.4701
vn -0.4998 -0.0342 0.8654
vn -0.9671 -0.2279 0.1127
vn -0.5310 -0.4845 0.6951
vn -0.9293 -0.1338 0.3442
vn -0.5697 -0.7256 0.3859
vn -0.2070 0.2894 -0.9345
vn 0.3419 0.9349 0.0953
vn -0.3628 0.8140 0.4535
vn 0.1801 0.9733 0.1422
vn 0.0447 0.8525 0.5209
vn 0.3505 0.1724 -0.9206
vn 0.2904 0.7177 -0.6329
vn -0.2190 -0.3527 0.9098
vn -0.4147 0.9046 -0.0989
vn -0.8372 0.3086 -0.4516
vn 0.8421 0.2963 0.4505
vn -0.3770 0.3322 0.8646
vn 0.6543 0.7532 -0.0683
vn 0.0913 0.9597 0.2657
vn 0.0927 0.9229 -0.3737
vn -0.1132 0.9792 -0.1685
vn -0.1757 0.7428 -0.6460
vn -0.0065 0.6999 -0.7142
vn 0.2198 0.6288 0.7458
vn -0.2886 0.2391 -0.9271
vn 0.9055 0.3204 0.2782
vn -0.0034 0.4849 -0.8746
vn -0.4665 0.6699 -0.5775
vn -0.3885 0.9125 0.1282
vn 0.1683 0.8061 0.5674
vn 0.3834 0.6461 0.6600
vn 0.5824 0.5594 0.5898
vn -0.0201 0.9501 -0.3114
vn 0.0090 0.9266 0.3759
vn 0.4181 0.8049 0.4212
vn 0.0025 0.9991 0.0424
vn -0.0592 -0.4738 -0.8786
vn 0.8414 0.0943 -0.5321
vn 0.1640 0.9740 -0.1560
vn 0.1271 0.9208 0.3687
vn 0.0859 0.8921 0.4436
vn 0.1079 0.7615 -0.6391
vn 0.5174 -0.8465 -0.1252
vn 0.3285 0.4967 0.8034
vn -0.0115 -0.8547 0.5190
vn 0.3651 0.9190 -0.1490
vn -0.1994 0.7764 -0.5979
vn 0.4034 0.8520 -0.3338
vn 0.1276 0.9168 0.3784
vn -0.0530 0.9986 0.0092
vn -0.0268 0.9905 0.1346
vn 0.2302 0.7775 0.5852
vn 0.4114 0.8867 0.2109
vn 0.4787 0.8745 0.0782
vn 0.3133 0.9487 0.0417
vn -0.0955 0.2960 -0.9504
vn 0.5227 0.8299 0.1954
vn 0.4003 0.9026 0.1581
vn -0.2006 0.4511 -0.8696
vn 0.3991 0.7282 0.5571
vn 0.3594 0.3042 -0.8822
vn 0.5299 0.1148 -0.8403
vn 0.5474 0.8361 0.0375
vn 0.6188 0.5653 -0.5455
vn 0.5847 0.7047 -0.4018
vn 0.5160 0.7538 -0.4068
vn 0.4148 0.7522 -0.5120
vn 0.3777 0.8761 -0.2997
vn 0.8147 0.1474 0.5608
vn 0.5276 0.0176 0.8493
vn 0.9204 -0.3504 0.1736
vn 0.1537 0.9774 -0.1452
vn 0.1131 0.6374 -0.7622
vn 0.4745 0.7996 -0.3682
vn 0.2086 0.9732 0.0970
vn 0.0020 0.9868 0.1617
vn 0.6279 -0.7743 -0.0793
vn 0.4104 0.7859 -0.4625
vn 0.7613 0.1416 -0.6328
vn -0.0174 0.9465 -0.3222
vn -0.4381 0.5351 -0.7223
vn -0.3598 0.4685 -0.8069
vn -0.3188 0.8902 -0.3254
vn 0.4032 0.8019 0.4408
vn 0.4229 0.8943 -0.1462
vn 0.5443 0.8124 0.2092
vn 0.5791 0.7708 -0.2656
vn 0.5657 -0.1427 -0.8122
vn 0.0796 0.6387 0.7653
vn -0.5154 0.7211 -0.4630
vn 0.1228 0.9304 0.3453
vn 0.0684 0.9496 0.3059
vn 0.2449 0.9623 -0.1187
vn -0.5794 -0.7763 -0.2483
vn -0.6866 -0.2415 -0.6857
vn -0.8954 0.3337 -0.2949
vn -0.6387 0.6910 -0.3386
vn -0.2101 0.9169 -0.3395
vn 0.1543 -0.2290 0.9611
vn 0.1611 0.3696 0.9151
vn 0.2197 -0.1598 0.9624
vn 0.5530 0.2103 -0.8062
vn 0.4511 0.8823 0.1343
vn -0.8051 0.3673 -0.4657
vn 0.3652 0.8686 -0.3348
vn -0.1424 0.7130 -0.6866
vn 0.1951 0.9698 -0.1462
vn 0.0193 0.9997 0.0148
vn 0.2192 0.9710 -0.0955
vn -0.1235 0.9772 0.1728
vn 0.1795 0.9836 -0.0186
vn 0.1004 0.1410 -0.9849
vn 0.4806 0.8240 0.3001
vn 0.1637 0.9786 0.1249
vn -0.3251 0.2029 -0.9236
vn 0.2173 0.9499 0.2248
vn -0.2773 0.0844 0.9571
vn 0.8104 0.5398 0.2280
vn 0.2698 0.9533 0.1355
vn 0.1012 0.9327 0.3461
vn 0.4844 0.1435 0.8630
vn 0.1492 0.9805 0.1276
vn 0.5700 0.6955 -0.4376
vn -0.2721 0.9623 -0.0010
vn -0.0928 0.9388 0.3317
vn -0.2450 0.0990 0.9645
vn 0.4367 0.8083 -0.3948
vn 0.2037 0.8693 -0.4503
vn 0.2428 0.9687 0.0521
vn 0.2286 0.9730 -0.0314
vn 0.6752 0.6030 0.4248
vn 0.2427 0.9622 -0.1234
vn 0.4411 0.8676 -0.2293
vn -0.0213 0.8464 -0.5322
vn 0.9287 0.2089 -0.3065
vn 0.9433 0.2157 -0.2525
vn 0.9582 0.1920 -0.2122
vn 0.5231 0.5397 0.6596
vn 0.1645 0.9560 0.2429
vn -0.0848 0.9722 -0.2184
vn -0.5315 0.7997 0.2793
vn 0.0712 0.9729 -0.2200
vn 0.4138 0.7717 -0.4829
vn -0.0044 -1.0000 -0.0046
vn 0.1530 0.9529 0.2619
vn 0.1557 0.9261 -0.3437
vn 0.9559 0.2784 -0.0939
vn -0.0160 -0.7162 -0.6977
vn 0.1239 -0.2946 -0.9475
vn -0.3051 -0.9032 0.3019
vn 0.7301 0.6824 -0.0348
vn 0.9853 0.1706 -0.0025
vn 0.4036 0.9149 -0.0072
vn 0.6819 0.7179 0.1399
vn 0.3896 0.3478 -0.8528
vn -0.0391 0.4429 -0.8957
vn -0.2257 -0.3256 0.9182
vn -0.0624 0.4094 0.9102
vn 0.0881 0.7452 0.6610
vn 0.4572 0.8264 0.3288
vn 0.1939 0.9675 -0.1622
vn 0.4401 0.8199 -0.3663
vn 0.4182 0.2363 0.8771
vn 0.1026 0.9947 0.0008
vn 0.4753 0.8709 0.1247
vn -0.3043 0.3677 -0.8788
vn 0.2521 -0.7544 0.6060
vn 0.0772 0.9799 0.1839
vn 0.1038 0.9913 0.0808
vn 0.4134 0.8055 -0.4247
vn -0.0418 0.9916 0.1220
vn -0.0178 0.9384 -0.3450
vn -0.5249 -0.3387 -0.7809
vn 0.1704 0.9820 0.0812
vn 0.0324 0.3840 0.9228
vn 0.2254 0.7082 -0.6691
vn -0.0199 0.8745 0.4846
vn 0.2006 0.9406 0.2740
vn -0.0546 0.9734 -0.2224
vn 0.3495 0.8030 0.4828
vn 0.0651 0.9664 -0.2487
vn 0.3987 0.9151 -0.0596
vn 0.2417 0.9322 0.2695
vn 0.1709 0.9847 -0.0351
vn -0.0091 0.9997 -0.0209
vn 0.3771 -0.1632 -0.9117
vn 0.0771 0.5685 0.8190
vn 0.5787 -0.1758 0.7963
vn 0.2385 0.9593 -0.1511
vn 0.6794 0.7188 0.1473
vn 0.8727 0.4635 0.1535
vn 0.9403 0.2300 -0.2509
vn 0.1820 0.9806 -0.0724
vn 0.0593 0.9967 -0.0560
vn 0.1621 0.9803 -0.1129
vn 0.6911 -0.7040 -0.1635
vn 0.1159 0.3068 0.9447
vn 0.9096 -0.3353 0.2455
vn -0.2793 0.9471 0.1578
vn 0.9384 -0.1691 -0.3014
vn -0.0189 -0.5445 -0.8386
vn 0.0157 0.6884 0.7251
vn 0.0301 0.5091 0.8602
vn 0.3873 0.9201 0.0587
vn -0.0834 0.9187 -0.3860
vn 0.0030 0.8120 0.5836
vn 0.4846 0.8453 0.2251
vn 0.9196 0.2754 -0.2801
vn 0.2561 0.9612 -0.1027
vn 0.1448 0.9839 -0.1046
vn -0.0812 0.9872 0.1373
vn 0.2586 0.9451 0.1995
vn 0.8851 -0.1787 -0.4298
vn 0.0866 0.9937 -0.0715
vn 0.4121 0.8617 0.2959
vn 0.1173 0.9363 -0.3309
vn -0.9312 -0.3334 0.1474
vn 0.2223 0.9731 -0.0604
vn 0.7527 0.6299 -0.1915
vn 0.0536 0.9985 0.0096
vn -0.7131 -0.2877 -0.6393
vn 0.0315 0.9995 0.0043
vn 0.1805 0.9821 -0.0544
vn -0.6682 0.1156 0.7350
vn -0.3997 0.5859 0.7050
vn -0.8109 0.2095 0.5464
vn 0.0320 0.4935 0.8692
vn 0.0557 0.8381 0.5427
vn 0.0175 0.2614 0.9651
vn 0.2309 0.6488 0.7251
vn 0.6258 0.5282 0.5739
vn 0.3652 0.6986 0.6153
vn 0.3031 0.9372 -0.1726
vn 0.1656 0.9848 -0.0531
vn -0.5846 0.6180 -0.5256
vn 0.2439 0.3961 0.8852
vn 0.7917 0.3294 -0.5145
vn -0.1263 0.9840 0.1257
vn 0.0350 0.8733 -0.4859
vn 0.4070 0.9134 -0.0053
vn 0.3295 0.6505 -0.6843
vn 0.1620 -0.9324 0.3231
vn 0.0125 0.4883 -0.8726
vn 0.5131 0.7643 -0.3906
vn 0.2815 0.8836 0.3742
vn -0.7431 0.6232 0.2438
vn -0.1793 0.9436 0.2783
vn 0.0202 0.9994 -0.0278
vn 0.6326 0.7591 -0.1535
vn 0.8612 0.5082 0.0023
vn 0.7753 0.6148 -0.1448
vn 0.7968 -0.5362 -0.2785
vn 0.1389 0.9667 0.2151
vn -0.0398 0.9927 -0.1137
vn 0.4510 0.8545 -0.2578
vn 0.1743 0.9452 0.2761
vn 0.2121 0.9726 -0.0955
vn -0.3395 0.9333 0.1169
vn -0.0524 0.6495 -0.7586
vn 0.0027 -0.7232 -0.6906
vn 0.0114 0.5593 0.8289
vn 0.2885 0.9562 -0.0485
vn -0.4538 0.8905 -0.0316
vn 0.4293 0.6706 0.6050
vn 0.2101 0.9302 -0.3009
vn 0.0576 0.9825 -0.1769
vn 0.3235 0.8236 -0.4658
vn 0.2125 0.3656 0.9062
vn 0.3641 0.8805 -0.3035
vn 0.4219 0.4566 -0.7832
vn 0.1143 0.9914 -0.0631
vn 0.3076 0.9468 0.0946
vn 0.6763 0.2688 0.6858
vn -0.0265 0.7685 -0.6393
vn 0.5355 0.8408 0.0794
vn 0.3309 0.9406 -0.0758
vn 0.2176 0.9747 -0.0508
vn 0.8710 -0.1399 -0.4710
vn 0.1119 0.9844 -0.1360
vn 0.6975 0.6805 0.2246
vn 0.0140 0.0699 -0.9975
vn -0.0270 0.9196 -0.3918
vn 0.1244 -0.4428 0.8880
vn 0.1919 0.9552 0.2253
vn 0.3960 0.8905 -0.2240
vn -0.2908 0.8703 0.3974
vn 0.1961 0.9740 -0.1134
vn 0.1416 0.9562 -0.2561
vn 0.2221 0.9506 -0.2171
vn 0.0103 -0.6801 -0.7331
vn -0.2929 0.9427 0.1597
vn 0.1708 0.9852 0.0155
vn -0.0047 -0.9472 -0.3205
vn 0.1848 0.9723 -0.1429
vn -0.8941 0.3290 -0.3038
vn -0.8481 0.4933 -0.1933
vn -0.0309 0.9832 -0.1801
vn 0.0592 0.7374 0.6728
vn 0.5769 0.4803 -0.6607
vn -0.9611 0.2748 0.0268
vn -0.7539 0.0681 -0.6535
vn -0.6130 0.7704 -0.1751
vn 0.0428 0.9958 -0.0814
vn 0.1949 0.7837 -0.5898
vn -0.1335 -0.9481 0.2885
vn 0.0862 0.8888 -0.4502
vn -0.0029 0.7951 0.6064
vn 0.8362 0.4749 -0.2743
vn 0.7279 0.5876 -0.3535
vn 0.7283 0.5800 -0.3651
vn -0.0130 0.9936 -0.1121
vn -0.0300 0.7221 -0.6912
vn 0.1711 -0.9651 -0.1985
vn -0.1138 -0.9840 -0.1368
vn -0.0557 0.9761 0.2101
vn 0.9812 -0.0254 0.1914
vn 0.1697 0.9690 0.1794
vn -0.1705 0.7852 -0.5953
vn 0.1037 0.6869 0.7193
vn 0.2462 0.9650 0.0902
vn -0.0717 0.9973 -0.0178
vn -0.2288 0.5401 -0.8099
vn 0.3898 0.7333 0.5570
vn 0.5001 0.8477 -0.1770
vn 0.9284 0.2412 0.2825
vn -0.0543 0.9220 0.3833
vn -0.0554 0.2594 0.9642
vn 0.4392 -0.1463 0.8864
vn -0.8400 0.3943 0.3727
vn 0.0017 0.9995 -0.0317
vn 0.0962 0.4818 0.8710
vn 0.5855 0.7754 -0.2367
vn 0.7363 0.6707 -0.0901
vn 0.0777 0.9944 0.0714
vn -0.1510 0.8527 -0.5002
vn 0.2642 0.9637 0.0381
vn 0.1660 -0.5820 -0.7961
vn 0.2115 0.2699 -0.9394
vn -0.0967 -0.2617 -0.9603
vn -0.4043 0.5583 0.7244
vn -0.6981 -0.6433 0.3145
vn -0.6933 0.5068 0.5123
vn 0.0181 -0.9556 -0.2942
vn 0.4221 -0.4580 0.7824
vn 0.2036 0.9647 0.1671
vn 0.0839 -0.3092 0.9473
vn -0.3262 -0.3519 -0.8774
vn -0.1790 0.7398 -0.6486
vn 0.5801 0.8103 0.0828
vn -0.4543 0.8909 -0.0016
vn -0.8950 -0.1686 -0.4129
vn -0.7610 -0.0663 -0.6454
vn -0.0043 0.9815 0.1913
vn 0.0084 0.9847 0.1741
vn 0.3825 0.9235 0.0300
vn 0.4191 0.8978 0.1352
vn -0.8511 0.3324 -0.4063
vn -0.9399 -0.2230 -0.2584
vn -0.5708 0.8129 0.1159
vn -0.1413 0.7335 0.6649
vn -0.0414 0.9989 0.0223
vn 0.4798 -0.4504 0.7529
vn 0.8674 0.4435 -0.2255
vn 0.6601 0.6612 -0.3564
vn 0.3565 -0.1951 -0.9137
vn -0.0350 -0.9150 0.4019
vn 0.1882 0.8471 0.4970
vn 0.1107 0.9912 -0.0719
vn -0.6961 0.3036 0.6506
vn -0.1828 -0.9019 0.3912
vn -0.6456 0.7366 0.2017
vn -0.8796 0.4287 -0.2061
vn -0.0058 0.6550 0.7556
vn 0.0154 0.5193 0.8545
vn -0.0582 0.4848 0.8727
vn 0.2663 0.0287 0.9635
vn -0.2928 0.8198 -0.4921
vn 0.2513 0.6925 0.6762
vn 0.4485 0.7972 -0.4041
vn -0.5022 0.0889 -0.8602
vn 0.7282 0.6167 0.2989
vn 0.0060 0.3726 0.9280
vn 0.6901 -0.5528 0.4671
vn 0.0504 -0.8501 -0.5243
vn -0.1470 0.9886 -0.0324
vn 0.1814 0.9691 0.1671
vn 0.2246 0.7833 0.5796
vn 0.1174 0.8668 0.4846
vn 0.8439 -0.2619 -0.4683
vn 0.5053 0.7563 -0.4156
vn 0.1730 0.7023 -0.6905
vn 0.0775 0.9936 -0.0820
vn 0.3634 0.8896 -0.2766
vn -0.8800 0.3138 0.3565
vn 0.0100 0.4704 -0.8824
vn 0.1477 -0.9810 0.1256
vn -0.6449 0.5884 0.4878
vn 0.5862 0.8017 0.1173
vn 0.0302 0.9864 -0.1618
vn 0.0408 0.8861 -0.4618
vn 0.0208 0.9994 -0.0269
vn 0.0525 0.3976 -0.9161
vn 0.2256 0.5585 -0.7983
vn 0.0583 0.9931 -0.1017
vn -0.0966 0.9860 -0.1359
vn 0.1190 0.8270 -0.5494
vn 0.2302 -0.6253 -0.7457
vn 0.8761 -0.0407 0.4805
vn -0.3480 0.9365 -0.0426
vn -0.1193 0.9921 -0.0397
vn -0.8476 -0.4542 -0.2742
vn -0.1254 -0.9902 -0.0609
vn -0.9110 0.3007 0.2822
vn -0.5189 0.2708 0.8108
vn 0.7882 -0.1838 0.5873
vn 0.8367 -0.4049 -0.3689
vn -0.1238 0.8371 0.5329
vn -0.4715 -0.6758 0.5665
vn -0.3720 0.9276 0.0344
vn 0.5800 0.8020 0.1429
vn 0.0003 -1.0000 0.0007
vn 0.7227 -0.6892 0.0524
vn 0.5799 0.8021 0.1429
vn 0.1783 0.9101 -0.3741
vn -0.0046 0.9998 0.0177
vn -0.3410 0.9203 0.1920
vn -0.2736 -0.7623 -0.5865
vn 0.7118 0.6599 -0.2406
vn 0.0049 0.9953 -0.0964
vn 0.0133 0.9505 -0.3104
vn -0.2167 0.8031 0.5551
vn -0.6898 -0.0100 0.7239
vn 0.0051 -1.0000 0.0010
vn -0.8502 0.2717 0.4510
vn 0.2468 0.0467 -0.9679
vn -0.8538 0.4360 -0.2845
vn -0.8329 0.5051 -0.2260
vn -0.7861 0.4963 -0.3684
vn 0.0273 -0.3600 -0.9325
vn 0.0143 0.9999 -0.0029
vn -0.6922 -0.4285 -0.5807
vn 0.7658 -0.1989 0.6116
vn 0.6873 0.7060 0.1707
vn -0.0570 -0.9156 -0.3980
vn 0.0359 -0.9004 -0.4335
vn -0.0230 -0.8966 -0.4422
vn 0.0163 -0.9746 -0.2233
vn 0.6220 0.5042 0.5991
vn -0.1123 0.9929 -0.0381
vn -0.3161 0.7823 -0.5368
vn -0.3034 0.0762 0.9498
vn -0.2454 0.9106 -0.3325
vn -0.0598 -0.9982 0.0015
vn -0.1409 0.9216 -0.3618
vn 0.2590 0.3275 0.9087
vn -0.0958 -0.9932 0.0664
vn 0.0030 -0.6502 -0.7597
vn 0.0729 -0.9935 0.0869
vn 0.7874 -0.5927 -0.1694
vn 0.0653 -0.9930 0.0989
vn 0.1397 0.8868 -0.4405
vn -0.5390 0.5508 -0.6373
vn -0.4995 0.7606 0.4147
vn 0.2130 0.9057 0.3665
vn 0.7683 -0.6118 -0.1881
vn -0.0367 0.0088 -0.9993
vn 0.1057 0.7202 0.6857
vn 0.1938 0.7285 0.6571
vn 0.2602 0.7480 0.6106
vn 0.0412 0.6669 0.7440
vn 0.0125 0.0192 0.9997
vn -0.0578 -0.9980 0.0270
vn -0.0017 -1.0000 -0.0042
vn 0.2383 0.8240 0.5141
vn 0.0012 0.9602 -0.2792
vn 0.4070 0.4042 -0.8191
vn 0.4069 0.4043 -0.8191
vn 0.3558 0.4663 -0.8099
vn 0.8453 0.2520 0.4712
vn 0.1470 0.9725 -0.1808
vn 0.0077 1.0000 -0.0048
vn 0.4749 0.8709 0.1264
vn 0.1417 0.9893 0.0346
vn -0.0908 0.9959 -0.0005
vn 0.0278 0.9951 0.0947
vn 0.5073 0.2628 -0.8207
vn 0.5220 0.7793 -0.3466
vn 0.9698 -0.2380 -0.0526
vn 0.0943 0.9954 0.0183
vn 0.4283 0.7184 0.5482
vn 0.1359 0.9669 0.2159
vn -0.5250 0.8470 -0.0838
vn -0.5888 -0.7040 0.3972
vn 0.1796 0.7407 -0.6474
vn 0.5566 0.8294 0.0485
vn 0.5233 0.5734 0.6304
vn 0.7828 0.5773 -0.2322
vn -0.1168 -0.9919 -0.0498
vn 0.0602 -0.8377 -0.5428
vn 0.0399 -0.8339 -0.5505
vn 0.0545 -0.7678 -0.6383
vn 0.5992 0.7749 0.2012
vn 0.5857 0.7996 0.1328
vn 0.5372 0.8423 -0.0433
vn -0.1019 -0.9569 -0.2719
vn -0.6416 -0.4123 0.6469
vn -0.9450 0.1830 -0.2710
vn -0.8717 -0.4900 -0.0088
vn 0.9710 0.2375 -0.0276
vn 0.0065 0.7955 -0.6059
vn -0.8049 0.4768 0.3532
vn 0.4663 -0.7555 -0.4602
vn 0.0098 0.8201 -0.5722
vn -0.0046 -1.0000 -0.0025
vn -0.0582 0.0591 0.9966
vn -0.1992 0.7631 0.6148
vn 0.0028 -1.0000 -0.0025
vn 0.5377 0.8403 -0.0694
vn -0.5716 -0.5265 -0.6294
vn -0.3283 -0.9107 -0.2507
vn -0.0649 0.9708 0.2311
vn -0.8475 0.0566 0.5278
vn -0.8475 0.0563 0.5278
vn -0.8484 -0.0066 0.5293
vn -0.0228 0.9997 0.0039
vn 0.0545 0.9982 0.0261
vn -0.8394 0.1540 0.5212
vn -0.0973 0.6233 0.7759
vn -0.0857 0.9941 0.0671
vn -0.1848 -0.9821 0.0362
vn -0.7261 -0.4583 -0.5126
vn -0.0009 -0.9994 -0.0359
vn -0.5387 0.2338 -0.8094
vn -0.1873 0.9369 -0.2953
vn -0.0092 -0.6290 0.7773
vn -0.2865 0.8223 -0.4917
vn -0.2015 0.9736 -0.1071
vn -0.5244 0.3248 -0.7870
vn -0.2404 -0.1557 0.9581
vn 0.0175 0.9996 -0.0205
vn 0.1379 -0.6987 0.7020
vn -0.1080 0.0961 0.9895
vn -0.0279 0.8118 0.5833
vn -0.1279 0.8660 0.4834
vn -0.0290 0.9996 0.0034
vn -0.0965 0.8708 -0.4820
vn -0.1644 0.7647 -0.6231
vn -0.2070 -0.5811 0.7871
vn -0.0291 0.9820 0.1864
vn 0.4939 0.7594 0.4236
vn -0.3339 -0.8821 -0.3324
vn -0.2714 0.8922 0.3609
vn -0.8645 0.4468 0.2303
vn -0.3627 0.8963 0.2549
vn -0.3351 0.8903 0.3084
vn 0.2571 0.3281 0.9090
vn -0.8294 -0.5565 0.0486
vn -0.8909 0.3996 0.2161
vn -0.7640 0.6181 0.1853
vn 0.4167 0.9068 -0.0640
vn -0.8062 0.3241 -0.4951
vn -0.4653 -0.6080 -0.6433
vn 0.0122 0.9999 -0.0023
vn -0.2432 0.7808 -0.5755
vn -0.0077 -0.8566 0.5160
vn 0.0201 -0.9179 0.3964
vn -0.0873 -0.6398 0.7636
vn -0.4877 -0.8720 -0.0420
vn -0.4811 0.0915 0.8719
vn -0.4402 -0.8979 -0.0038
vn -0.0581 0.9982 0.0174
vn -0.1036 0.9939 -0.0368
vn -0.0070 0.9991 -0.0423
vn 0.3378 0.7707 0.5402
vn 0.3849 0.8108 0.4410
vn -0.5434 -0.8392 0.0193
vn -0.7652 0.2907 0.5744
vn 0.2004 0.5797 -0.7898
vn 0.0969 0.4684 -0.8782
vn -0.4400 0.7989 -0.4102
vn -0.0894 0.9949 0.0458
vn -0.7386 0.6391 -0.2147
vn -0.1225 0.4874 0.8645
vn 0.9089 -0.3978 -0.1250
vn -0.9326 0.2319 -0.2765
vn 0.1883 -0.5810 0.7919
vn 0.6571 0.0137 0.7537
vn 0.0699 0.8226 -0.5643
vn 0.0215 -0.9267 0.3751
vn 0.0044 -0.9453 -0.3261
vn 0.1540 0.9843 0.0863
vn 0.4179 0.9065 -0.0602
vn 0.6247 -0.0806 0.7767
vn -0.0427 0.9505 0.3078
vn -0.4875 0.4251 0.7626
vn -0.4642 0.0024 0.8857
vn 0.7333 -0.3653 0.5734
vn -0.2454 0.9614 0.1246
vn -0.9822 -0.1867 0.0210
vn -0.7828 0.3237 0.5315
vn 0.3319 0.8466 0.4162
vn -0.5155 0.8007 0.3051
vn 0.4775 0.2834 0.8317
vn 0.1577 -0.4860 0.8596
vn -0.6227 0.7724 -0.1250
vn 0.2064 -0.3953 -0.8951
vn 0.0302 0.9899 -0.1388
vn 0.0037 0.9899 -0.1415
vn -0.3180 0.8596 -0.4001
vn -0.0198 -0.8329 -0.5531
vn -0.0499 0.9982 -0.0343
vn 0.7274 -0.6761 0.1170
vn -0.0042 0.9982 -0.0598
vn -0.0690 0.9964 -0.0483
vn -0.0153 0.9994 -0.0301
vn 0.8986 0.3987 0.1832
vn 0.3889 0.3498 -0.8523
vn 0.2077 0.9322 -0.2963
vn -0.2721 -0.0484 0.9611
vn 0.4908 -0.6315 0.6002
vn 0.0057 0.9908 -0.1352
vn 0.1851 -0.5146 -0.8372
vn 0.3882 0.9209 -0.0361
vn 0.4164 0.9063 -0.0724
vn 0.7746 0.1995 0.6002
vn 0.9825 0.1656 0.0849
vn 0.6598 -0.1072 -0.7438
vn -0.0319 0.8241 -0.5656
vn -0.0172 0.6619 -0.7494
vn -0.0173 0.6620 -0.7493
vn 0.0646 0.8178 0.5719
vn 0.6703 -0.4555 0.5859
vn 0.4773 0.2554 0.8408
vn -0.0121 0.3045 0.9524
vn 0.6596 -0.1008 -0.7448
vn 0.5907 0.7185 -0.3673
vn 0.0632 0.9956 0.0692
vn -0.2190 -0.6670 0.7122
vn 0.2793 0.9522 -0.1239
vn -0.2951 0.9186 0.2630
vn -0.0320 0.9403 -0.3390
vn 0.0078 -1.0000 -0.0021
vn 0.0027 -1.0000 -0.0059
vn -0.5039 0.8356 -0.2188
vn 0.4187 -0.0699 0.9054
vn 0.6760 0.5968 -0.4323
vn 0.3581 0.2873 0.8884
vn 0.1361 0.9789 -0.1522
vn 0.5467 -0.1686 -0.8202
vn 0.4869 0.7804 -0.3922
vn -0.0578 0.9983 -0.0038
vn -0.0756 0.9971 0.0099
vn -0.0248 0.9995 0.0200
vn 0.1080 0.8959 -0.4309
vn 0.6291 0.7531 0.1926
vn 0.1140 -0.9779 0.1754
vn 0.0159 0.9997 0.0161
vn 0.0366 0.0881 0.9954
vn 0.0624 -0.8535 0.5173
vn 0.9790 0.1717 -0.1101
vn 0.8392 -0.4323 0.3299
vn 0.0443 0.9473 -0.3174
vn -0.3111 0.9261 0.2135
vn 0.6265 0.7541 0.1971
vn -0.0916 0.4414 -0.8926
vn 0.3527 -0.7239 0.5929
vn 0.1045 -0.9880 0.1141
vn -0.3631 0.9294 0.0657
vn -0.8129 -0.5822 0.0166
vn 0.7047 -0.4966 -0.5067
vn -0.1947 0.9310 0.3089
vn -0.8504 0.2522 0.4618
vn 0.9693 0.1836 0.1638
vn -0.0387 -0.1973 -0.9796
vn -0.3576 0.7784 0.5159
vn -0.8320 -0.4478 -0.3276
vn -0.0084 -0.8814 -0.4723
vn -0.5440 0.0201 -0.8388
vn -0.3398 0.8113 -0.4757
vn 0.0022 -0.2857 -0.9583
vn -0.0272 0.5126 -0.8582
vn -0.1695 0.9849 -0.0356
vn 0.6242 0.5424 0.5623
vn 0.2161 0.8427 -0.4931
vn 0.2713 0.8114 0.5177
vn 0.4315 0.6439 0.6318
vn -0.6043 0.7816 0.1547
vn 0.5496 0.4591 0.6979
vn -0.0214 -0.9993 0.0319
vn -0.7585 -0.6110 0.2266
vn -0.5921 0.7661 0.2498
vn 0.0413 0.5375 -0.8423
vn 0.0278 -0.5274 0.8492
vn -0.2029 0.4297 -0.8799
vn -0.3690 0.1930 0.9092
vn -0.0043 0.3525 0.9358
vn -0.2171 0.9716 -0.0945
vn 0.2847 0.8299 -0.4798
vn -0.5023 -0.6594 0.5594
vn 0.5680 0.8131 -0.1278
vn -0.7780 0.3726 -0.5058
vn -0.2665 0.9615 0.0676
vn -0.0771 0.3492 0.9339
vn 0.0511 0.9957 -0.0776
vn 0.6004 -0.3353 -0.7260
vn -0.5865 0.8077 -0.0604
vn -0.3538 0.9344 -0.0418
vn -0.5177 0.5357 0.6671
vn 0.0315 0.5915 0.8057
vn -0.3049 0.9522 0.0174
vn 0.8418 0.3981 0.3645
vn 0.3868 0.9040 0.1822
vn 0.5452 0.8046 0.2352
vn -0.0071 0.9975 -0.0708
vn 0.1242 0.9746 -0.1861
vn -0.7289 -0.5270 0.4371
vn 0.1604 0.9833 0.0857
vn 0.1597 0.9838 0.0818
vn 0.7989 0.5993 0.0505
vn 0.7964 0.5962 0.1013
vn 0.8044 0.5907 0.0635
vn -0.0000 0.4383 -0.8988
vn 0.1263 0.9749 -0.1833
vn -0.0148 -0.2474 -0.9688
vn 0.2385 0.6291 0.7398
vn -0.5581 0.4757 0.6799
vn 0.0318 -0.5366 0.8432
vn -0.7618 0.6471 0.0296
vn -0.1456 0.9810 0.1283
vn -0.1007 0.9942 -0.0377
vn -0.7573 0.4027 0.5141
vn -0.7084 -0.1758 0.6836
vn -0.1221 0.9883 -0.0914
vn -0.9360 -0.1967 -0.2920
vn -0.0019 -0.9996 -0.0283
vn -0.0127 0.8044 0.5940
vn 0.1005 0.3608 -0.9272
vn -0.6140 0.7874 0.0557
vn 0.0050 -0.9368 -0.3500
vn -0.0122 0.9998 -0.0157
vn -0.0535 0.9985 0.0121
vn -0.0193 -0.7145 -0.6993
vn -0.3794 0.9222 -0.0747
vn 0.0028 -0.3009 0.9537
vn 0.0253 0.9965 -0.0800
vn -0.4671 0.8830 0.0457
vn -0.0654 0.9978 -0.0066
vn -0.8257 0.5309 0.1909
vn -0.9086 -0.2533 -0.3320
vn -0.9673 0.2119 -0.1392
vn 0.3245 0.8196 -0.4722
vn 0.0950 0.5634 -0.8207
vn 0.1181 0.7032 -0.7011
vn 0.2047 -0.0153 -0.9787
vn 0.1452 0.9859 0.0834
vn 0.2859 0.7336 0.6165
vn 0.0785 0.2361 -0.9686
vn -0.5121 0.8541 -0.0911
vn -0.7204 0.4883 -0.4925
vn -0.2452 0.4868 0.8384
vn -0.9148 0.3993 -0.0614
vn -0.0938 0.9956 0.0011
vn 0.4966 -0.3427 0.7975
vn -0.1910 0.9774 -0.0903
vn -0.5831 -0.7419 0.3310
vn -0.1269 0.9743 -0.1860
vn -0.2076 -0.0997 0.9731
vn 0.5152 0.8571 0.0006
vn -0.1467 0.9833 -0.1073
vn 0.0811 0.8927 0.4432
vn -0.8483 -0.5091 0.1457
vn 0.7138 0.6393 0.2858
vn 0.3967 0.7942 0.4604
vn -0.6156 0.7880 -0.0081
vn -0.5128 0.8566 -0.0572
vn 0.3115 0.9223 0.2286
vn -0.2105 -0.8674 -0.4509
vn -0.3795 0.6736 0.6343
vn 0.4992 0.2677 -0.8241
vn -0.6444 0.7643 0.0236
vn 0.6115 0.7408 0.2779
vn 0.0960 -0.9471 -0.3062
vn -0.0658 -0.8477 -0.5263
vn -0.0477 -0.8348 -0.5485
vn -0.2535 0.9671 -0.0233
vn -0.1620 -0.3398 -0.9264
vn -0.3893 -0.0601 -0.9191
vn 0.2525 -0.0265 0.9672
vn 0.4015 0.8942 0.1981
vn 0.0669 -0.7583 -0.6484
vn 0.2397 0.8178 -0.5232
vn 0.7801 0.1937 0.5949
vn -0.7747 0.3632 0.5176
vn -0.7784 0.3603 0.5141
vn -0.7618 0.3064 0.5708
vn -0.0405 0.9109 0.4106
vn -0.2459 0.8413 -0.4815
vn 0.7010 0.4729 -0.5339
vn -0.3404 0.9146 -0.2184
vn -0.5960 0.7958 -0.1072
vn 0.0988 0.9382 -0.3318
vn -0.3435 0.7539 0.5600
vn 0.4007 0.2411 -0.8839
vn -0.5259 0.8475 -0.0723
vn -0.6097 0.2915 0.7371
vn -0.3605 0.8481 0.3884
vn -0.5285 0.8473 -0.0531
vn 0.7301 0.2390 -0.6402
vn -0.1642 0.9839 -0.0700
vn 0.2704 -0.6382 -0.7208
vn 0.2451 0.9681 0.0513
vn 0.0284 0.9870 0.1581
vn 0.5410 0.7447 0.3908
vn -0.2366 0.9666 -0.0982
vn -0.2050 0.9312 -0.3014
vn 0.7471 0.1650 0.6439
vn 0.0074 0.9987 0.0500
vn 0.8823 0.4632 0.0834
vn -0.2638 0.1570 -0.9517
vn -0.4385 0.8962 -0.0668
vn -0.2830 0.9554 0.0842
vn 0.7122 -0.0143 -0.7019
vn -0.4886 0.7371 0.4669
vn 0.4222 0.7258 -0.5432
vn 0.2089 0.9767 0.0486
vn 0.9049 0.1564 0.3959
vn 0.1051 -0.7045 -0.7019
vn 0.3399 0.4129 0.8450
vn 0.3484 -0.9366 -0.0372
vn 0.4294 -0.1339 -0.8931
vn 0.5160 -0.2000 -0.8329
vn -0.1488 -0.9779 -0.1468
vn 0.3499 0.7106 0.6104
vn 0.0093 1.0000 0.0018
vn 0.0118 0.9982 0.0582
vn -0.0163 -0.7770 0.6293
vn 0.9096 -0.1987 0.3648
vn -0.2453 0.9507 -0.1898
vn -0.1018 0.9765 -0.1902
vn 0.1023 0.9934 -0.0514
vn -0.6086 0.7215 -0.3302
vn 0.5629 -0.4914 -0.6645
vn -0.1994 0.9704 0.1365
vn 0.1464 -0.2466 0.9580
vn 0.0439 0.9946 -0.0940
vn -0.3084 0.8947 0.3231
vn -0.3153 0.9011 0.2978
vn -0.0301 0.9888 0.1460
vn -0.1878 0.9664 -0.1757
vn 0.1162 0.6318 0.7664
vn 0.1800 -0.3771 0.9085
vn 0.4728 0.5769 -0.6660
vn -0.0560 0.2246 -0.9728
vn -0.1910 0.9815 -0.0161
vn -0.3459 0.9145 0.2098
vn -0.1068 -0.9152 0.3885
vn -0.0044 -1.0000 0.0008
vn -0.1902 0.9717 -0.1402
vn 0.9659 0.0243 -0.2578
vn 0.1967 0.2109 0.9575
vn -0.3047 0.9274 0.2169
vn -0.2173 0.9752 0.0417
vn -0.0994 0.4475 -0.8887
vn -0.2093 0.9740 0.0861
vn -0.4626 -0.1568 0.8726
vn 0.1854 0.1688 -0.9681
vn -0.2218 0.9614 0.1628
vn -0.2368 0.9329 0.2713
vn -0.5560 -0.7908 -0.2558
vn -0.6443 0.7460 -0.1685
vn -0.0051 -0.9785 0.2060
vn 0.0748 -0.9929 -0.0925
vn 0.0933 -0.9934 -0.0672
vn -0.0152 0.1421 -0.9897
vn -0.6062 0.7913 -0.0805
vn -0.6000 -0.7680 -0.2239
vn -0.1580 0.6211 0.7676
vn -0.4207 0.8992 -0.1201
vn -0.3045 0.9513 0.0479
vn 0.0608 0.9973 -0.0408
vn -0.9122 -0.0139 0.4096
vn 0.0716 -0.6708 -0.7382
vn 0.0120 -0.9999 -0.0044
vn -0.3515 -0.4070 0.8431
vn -0.0454 0.9786 -0.2009
vn -0.1300 0.9643 0.2308
vn -0.7281 0.3219 0.6052
vn -0.1799 0.9811 0.0707
vn -0.4719 0.8483 0.2402
vn 0.5602 -0.3860 0.7330
vn -0.2331 0.9487 -0.2135
vn -0.4158 0.9083 0.0462
vn 0.0165 0.9998 -0.0125
vn 0.0034 0.9993 -0.0367
vn -0.3365 0.0294 -0.9412
vn 0.6517 -0.7223 0.2315
vn -0.9190 0.2800 -0.2775
vn -0.7941 0.2639 -0.5475
vn -0.4913 0.0467 -0.8698
vn -0.3088 0.9465 0.0941
vn 0.5998 0.7733 0.2055
vn 0.0355 -0.9972 -0.0652
vn -0.2301 0.9007 -0.3685
vn -0.9591 -0.0498 -0.2785
vn -0.9979 -0.0388 0.0513
vn -0.9542 0.0369 0.2969
vn -0.9870 0.0911 0.1322
vn -0.9604 -0.2666 0.0815
vn -0.6220 0.7646 0.1687
vn -0.8888 -0.3676 -0.2737
vn -0.9566 -0.2695 0.1104
vn -0.8200 0.5142 0.2512
vn -0.8463 0.5189 -0.1205
vn -0.6868 -0.0877 0.7215
vn 0.0116 -0.9999 -0.0016
vn 0.6481 0.4659 0.6024
vn -0.6490 -0.3251 -0.6878
vn 0.4321 -0.4506 -0.7812
vn -0.1828 0.9820 0.0475
vn -0.8115 0.5806 0.0663
vn -0.9618 -0.2677 -0.0568
vn -0.8632 -0.4416 0.2447
vn -0.2094 0.9677 0.1403
vn -0.8558 -0.5093 0.0907
vn -0.3168 0.6975 0.6428
vn -0.5518 0.6913 -0.4665
vn -0.0702 0.8701 0.4878
vn -0.3396 0.9401 -0.0282
vn -0.1187 0.5454 0.8297
vn -0.0374 -0.5197 0.8535
vn -0.8557 0.1462 0.4964
vn -0.4131 0.9054 0.0977
vn 0.3164 0.7748 -0.5473
vn -0.8038 0.0050 -0.5949
vn -0.1047 0.3130 0.9440
vn -0.7264 0.3145 0.6111
vn -0.2819 0.9585 0.0427
vn -0.1260 0.9560 -0.2649
vn -0.2249 -0.1924 -0.9552
vn -0.8040 -0.5550 0.2135
vn -0.0233 0.9995 0.0193
vn -0.0386 0.9805 0.1928
vn -0.1483 0.9852 0.0865
vn -0.1351 0.9661 0.2200
vn -0.5747 -0.3413 0.7438
vn 0.0138 0.7306 0.6827
vn -0.6860 0.5774 -0.4426
vn 0.3181 0.0441 -0.9470
vn -0.1341 0.7896 0.5988
vn -0.5041 0.7366 0.4510
vn -0.4377 -0.0586 0.8972
vn 0.0156 -0.9998 -0.0138
vn -0.4843 0.6654 0.5682
vn -0.3356 0.3043 -0.8915
vn -0.8561 -0.4688 0.2177
vn -0.6979 -0.7152 -0.0384
vn -0.3831 0.9078 0.1707
vn -0.1491 0.9874 0.0525
vn -0.1774 0.8391 -0.5142
vn -0.4162 -0.2934 -0.8606
vn -0.3304 0.9405 -0.0793
vn 0.5803 0.7751 0.2498
vn 0.9312 0.1566 -0.3292
vn -0.1756 0.9805 0.0887
vn -0.3799 -0.7019 0.6024
vn -0.7509 -0.5925 -0.2916
vn -0.5711 0.7117 -0.4091
vn -0.2115 0.9772 -0.0180
vn 0.1187 -0.1887 -0.9748
vn 0.2658 -0.7648 0.5868
vn -0.5202 -0.2482 0.8172
vn -0.1943 0.9804 -0.0312
vn -0.4262 0.8533 -0.3005
vn 0.0840 0.9663 0.2434
vn -0.2152 0.9766 0.0019
vn -0.0730 0.9962 -0.0473
vn -0.2751 0.9371 0.2149
vn -0.2399 0.9416 0.2362
vn -0.0669 0.9955 -0.0675
vn -0.0177 0.9915 0.1291
vn -0.1155 0.9902 0.0785
vn -0.2308 0.7455 -0.6253
vn -0.7433 0.0894 -0.6630
vn -0.0973 0.9866 0.1312
vn -0.5135 -0.4581 0.7256
vn -0.1847 0.8640 0.4683
vn -0.0051 0.4704 -0.8824
vn 0.0039 -1.0000 -0.0053
vn 0.0780 0.7448 -0.6628
vn -0.1051 -0.4240 0.8996
vn -0.6077 0.7931 -0.0406
vn -0.5417 -0.2315 0.8081
vn -0.6311 0.7723 0.0730
vn 0.9697 0.0355 -0.2416
vn 0.0214 0.9998 -0.0005
vn -0.2740 0.9569 0.0961
vn 0.1556 -0.0972 -0.9830
vn 0.0168 0.9981 -0.0588
vn -0.4714 0.8816 -0.0245
vn 0.5868 -0.0542 0.8079
vn 0.3746 0.8626 0.3401
vn -0.2591 0.7911 0.5542
vn -0.0938 0.8959 0.4343
vn 0.2999 0.2354 0.9245
vn 0.0116 0.9867 0.1622
vn 0.2253 0.3163 -0.9215
vn -0.0635 0.9623 -0.2645
vn -0.7176 -0.1858 0.6712
vn -0.2309 -0.1881 0.9546
vn 0.2728 -0.3347 -0.9020
vn -0.7889 0.6141 -0.0227
vn 0.3638 0.8438 0.3946
vn 0.7522 0.0297 0.6582
vn 0.0023 -1.0000 -0.0011
vn -0.1027 0.9831 -0.1515
vn -0.1077 -0.3881 0.9153
vn -0.1697 0.9608 -0.2192
vn -0.0627 0.9855 -0.1575
vn -0.0897 0.9246 0.3701
vn 0.6654 0.3557 0.6563
vn -0.1289 0.9826 0.1334
vn 0.1286 -0.1791 0.9754
vn 0.1194 0.9899 -0.0768
vn -0.1991 0.9742 -0.1062
vn -0.2049 -0.2407 -0.9487
vn -0.1084 0.9937 -0.0289
vn -0.1512 0.9191 0.3639
vn -0.2463 0.3859 0.8890
vn 0.1682 0.7947 -0.5832
vn 0.0273 0.9513 -0.3069
vn 0.0712 0.9971 0.0278
vn -0.7348 0.6720 0.0915
vn -0.1450 0.9642 0.2220
vn 0.0652 0.7139 0.6972
vn -0.3289 0.7997 0.5024
vn -0.5910 -0.2746 0.7584
vn -0.5539 -0.2420 0.7967
vn -0.5539 -0.2420 0.7966
vn 0.2571 0.5972 0.7598
vn 0.9896 -0.0448 0.1366
vn 0.4756 0.7473 -0.4640
vn -0.2179 0.8884 -0.4041
vn 0.4773 -0.1627 0.8635
vn -0.6246 0.7634 -0.1648
vn 0.4492 0.1065 -0.8871
vn 0.2110 0.3119 -0.9264
vn -0.8778 0.4631 0.1227
vn -0.8249 -0.4589 0.3300
vn -0.3034 0.9493 0.0823
vn 0.2811 -0.3853 0.8789
vn -0.0073 0.8364 -0.5481
vn 0.2039 0.9359 -0.2872
vn 0.3192 0.7727 -0.5486
vn 0.0456 0.9661 0.2541
vn -0.0431 0.9478 0.3159
vn 0.4945 0.8625 0.1078
vn 0.7377 0.6746 0.0278
vn 0.1943 -0.2279 -0.9541
vn 0.0370 0.9629 0.2674
vn 0.0663 0.7385 0.6710
vn 0.0085 0.7054 -0.7088
vn -0.5719 0.4463 0.6883
vn -0.7862 0.6132 -0.0762
vn -0.5384 0.4932 -0.6833
vn 0.1018 0.9619 -0.2538
vn -0.0621 0.9894 -0.1313
vn -0.2225 -0.9266 -0.3030
vn 0.0451 0.9960 0.0765
vn 0.4551 0.7106 -0.5366
vn -0.5582 -0.8295 0.0204
vn -0.0627 0.9904 -0.1234
vn 0.3509 0.5571 0.7527
vn -0.9911 0.0779 -0.1081
vn 0.4214 -0.0042 -0.9069
vn 0.2396 0.9166 0.3200
vn 0.3364 -0.0590 -0.9399
vn -0.2908 0.9547 0.0628
vn 0.0233 0.8642 0.5025
vn -0.3045 0.9506 0.0610
vn -0.1806 0.9639 0.1957
vn -0.0827 0.8599 0.5038
vn -0.0545 0.6889 0.7228
vn 0.2393 -0.3904 0.8890
vn 0.1812 -0.3665 -0.9126
vn -0.8574 0.4554 -0.2396
vn 0.1226 -0.3121 0.9421
vn 0.1867 0.9325 0.3092
vn -0.9546 0.1232 0.2713
vn -0.4099 -0.1171 0.9046
vn -0.6719 0.3194 -0.6683
vn -0.2676 0.8534 0.4473
vn 0.3806 -0.2196 0.8983
vn -0.0379 -0.2357 0.9711
vn -0.4587 0.3492 -0.8171
vn -0.6279 0.1875 -0.7554
vn -0.4586 0.3492 -0.8172
vn -0.4379 -0.1453 0.8872
vn -0.0450 0.9894 -0.1382
vn -0.6830 0.4767 -0.5535
vn -0.5452 0.7632 -0.3468
vn -0.5735 0.5607 0.5972
vn 0.7321 0.1931 -0.6533
vn -0.2687 0.9453 -0.1850
vn -0.1609 -0.3200 0.9337
vn -0.1411 0.9353 -0.3246
vn 0.2605 0.9514 -0.1642
vn 0.6461 0.7454 -0.1641
vn -0.0746 0.7330 0.6762
vn -0.0011 -1.0000 -0.0033
vn 0.1066 0.9597 -0.2600
vn 0.3367 -0.1270 -0.9330
vn -0.7104 -0.6125 -0.3466
vn -0.6360 0.2778 -0.7199
vn -0.0431 0.9620 0.2696
vn -0.6769 0.3390 -0.6533
vn 0.4480 -0.1921 0.8732
vn -0.7608 0.3535 -0.5443
vn 0.0175 0.9979 0.0626
vn 0.3832 -0.3659 0.8481
vn 0.1295 -0.4684 0.8740
vn -0.5187 -0.3424 0.7834
vn 0.0898 0.7289 -0.6787
vn 0.2553 0.9585 -0.1270
vn -0.9291 -0.3498 -0.1203
vn 0.4776 0.0392 0.8777
vn 0.5414 0.0668 0.8381
vn 0.0831 0.7293 -0.6791
vn 0.5847 0.5548 0.5918
vn 0.1546 0.9839 -0.0896
vn 0.5817 0.6165 0.5307
vn 0.0547 -0.9981 -0.0266
vn 0.7665 -0.3262 0.5532
vn 0.7589 -0.2542 0.5996
vn -0.8036 -0.3138 -0.5057
vn -0.0403 0.9288 -0.3684
vn 0.2942 0.9557 -0.0060
vn 0.3641 0.6927 -0.6226
vn 0.4116 0.2719 -0.8699
vn -0.1013 -0.3710 0.9231
vn -0.0288 0.6603 -0.7504
vn -0.3285 0.4473 -0.8319
vn -0.1830 -0.4049 0.8959
vn -0.0581 0.9912 -0.1187
vn 0.7211 -0.0514 -0.6909
vn 0.6519 -0.0087 -0.7583
vn 0.7770 -0.0448 -0.6279
vn 0.2194 0.2197 0.9506
vn -0.4443 0.8612 0.2470
vn -0.2703 0.4339 0.8594
vn -0.5712 0.6478 -0.5040
vn -0.2807 -0.9098 -0.3056
vn 0.5817 0.0923 0.8082
vn 0.0058 -0.0957 -0.9954
vn 0.3430 -0.1291 0.9304
vn 0.1308 0.7907 0.5981
vn -0.4392 0.6297 -0.6408
vn 0.1859 0.9817 -0.0406
vn -0.5745 -0.0357 -0.8177
vn -0.3943 0.7548 0.5242
vn 0.3429 -0.2944 0.8920
vn -0.0217 0.9876 -0.1553
vn -0.8527 -0.4571 -0.2528
vn -0.8527 -0.4572 -0.2527
vn -0.8616 -0.4036 -0.3079
vn 0.2556 -0.0125 -0.9667
vn 0.3230 -0.0206 -0.9462
vn 0.3431 -0.0359 -0.9386
vn 0.9502 0.0836 0.3001
vn 0.5805 0.0348 0.8135
vn 0.2974 0.8933 0.3370
vn 0.0448 0.8841 0.4652
vn 0.2252 0.9259 -0.3033
vn 0.5576 0.0367 0.8293
vn -0.7227 -0.0682 0.6878
vn -0.9934 -0.0718 0.0898
vn -0.1229 0.1296 0.9839
vn 0.9276 0.2004 -0.3152
vn -0.9180 -0.0367 0.3949
vn -0.7649 -0.3011 0.5695
vn 0.6111 -0.0557 0.7896
vn 0.6403 0.4667 -0.6100
vn -0.0979 0.7598 -0.6428
vn 0.9654 -0.1516 -0.2121
vn -0.4299 0.8517 -0.2998
vn 0.1670 0.8140 0.5563
vn -0.4081 0.8813 -0.2382
vn 0.6407 -0.1100 -0.7599
vn 0.6069 0.3032 -0.7347
vn 0.8537 0.0059 0.5207
vn 0.0793 0.0648 0.9947
vn 0.7111 0.5324 -0.4592
vn 0.3761 0.9263 0.0237
vn 0.1856 -0.3271 -0.9266
vn -0.8199 -0.5555 -0.1388
vn 0.4110 0.9021 0.1317
vn -0.8363 -0.0563 -0.5454
vn 0.8765 0.4737 -0.0856
vn -0.8158 0.2920 0.4992
vn -0.8937 0.0174 0.4484
vn 0.1343 -0.0426 -0.9900
vn -0.4417 0.3750 -0.8150
vn 0.5891 -0.0293 -0.8075
vn 0.6623 0.0935 -0.7434
vn 0.6347 -0.0308 -0.7721
vn 0.0438 0.8064 0.5897
vn -0.1664 0.8711 0.4621
vn -0.8738 0.3166 0.3691
vn 0.9473 -0.3151 -0.0583
vn 0.2681 0.9624 0.0432
vn -0.5264 0.5332 -0.6623
vn 0.6065 -0.3259 0.7252
vn 0.2320 0.9617 0.1459
vn 0.1678 0.9852 -0.0344
vn 0.9774 0.2079 0.0388
vn -0.0671 -0.1731 -0.9826
vn 0.8803 0.3949 0.2628
vn 0.4338 0.3460 -0.8320
vn 0.2237 0.9644 -0.1414
vn 0.0712 0.9854 -0.1546
vn 0.5668 0.2362 0.7893
vn 0.5318 0.1436 0.8346
vn 0.3780 0.7510 -0.5414
vn 0.0830 0.3249 0.9421
vn 0.3841 -0.3346 0.8605
vn 0.3684 -0.4024 0.8381
vn 0.4357 -0.3518 0.8285
vn -0.3012 0.1278 -0.9450
vn 0.4398 0.8265 -0.3513
vn -0.1405 0.9565 0.2555
vn 0.7181 0.6209 0.3143
vn -0.9627 0.0159 0.2699
vn -0.1980 0.1867 0.9623
vn -0.1211 0.0845 0.9890
vn 0.5338 0.3808 0.7550
vn 0.8513 0.5150 0.1006
vn 0.9786 0.0102 -0.2058
vn -0.9844 0.0444 0.1700
vn 0.3903 0.0200 -0.9205
vn -0.2349 0.0164 0.9719
vn -0.3139 0.0101 0.9494
vn 0.3392 0.4691 0.8154
vn 0.1908 0.1224 -0.9740
vn -0.2810 -0.0060 0.9597
vn -0.1810 0.9635 0.1975
vn 0.3497 -0.0929 -0.9322
vn 0.8320 0.4449 -0.3313
vn 0.9267 0.2772 -0.2537
vn -0.9288 0.3550 0.1060
vn 0.3907 0.6042 0.6945
vn 0.6055 0.7903 0.0942
vn 0.1753 0.9834 0.0476
vn 0.6072 0.7878 0.1028
vn 0.4760 0.8787 0.0355
vn 0.5682 0.8112 0.1382
vn 0.5683 0.8111 0.1383
vn 0.5190 -0.2082 0.8291
vn 0.7536 0.6552 0.0529
vn -0.7098 -0.2880 0.6428
vn 0.6919 -0.5713 -0.4415
vn -0.3179 0.8988 -0.3017
vn -0.4795 0.0497 0.8762
vn -0.3455 0.7374 -0.5804
vn -0.7209 -0.2273 -0.6547
vn 0.9008 0.3541 0.2514
vn 0.3861 0.1861 0.9035
vn 0.8580 -0.2609 0.4425
vn 0.5901 -0.7496 0.2998
vn 0.2014 0.9638 -0.1746
vn 0.2051 0.9768 -0.0616
vn 0.7018 0.0079 0.7123
vn 0.6769 -0.4913 0.5481
vn 0.9693 -0.0224 0.2447
vn 0.7750 -0.2876 0.5628
vn 0.3173 -0.3925 -0.8633
vn 0.8883 0.4593 -0.0000
vn 0.8991 0.4351 0.0482
vn 0.9326 0.3247 -0.1574
vn -0.3963 0.9170 0.0453
vn 0.0831 0.8850 -0.4581
vn -0.5960 -0.5906 -0.5440
vn 0.2186 0.9677 -0.1259
vn 0.3579 -0.0492 0.9325
vn 0.0492 0.7067 -0.7058
vn 0.6013 -0.1027 -0.7924
vn -0.9706 -0.1401 0.1958
vn -0.1231 0.9750 -0.1849
vn 0.9874 -0.1379 0.0773
vn -0.4458 0.3213 0.8355
vn 0.3492 -0.1012 -0.9316
vn -0.3846 0.3837 -0.8396
vn -0.3848 0.8770 -0.2878
vn 0.5801 0.0466 -0.8132
vn 0.0844 0.9910 -0.1042
vn 0.2296 0.8828 -0.4099
vn 0.7647 -0.6251 -0.1565
vn 0.3161 0.5891 0.7437
vn -0.1241 0.5201 0.8450
vn -0.2518 0.8916 0.3764
vn -0.5151 0.5055 0.6922
vn 0.2305 0.9694 0.0842
vn 0.9988 -0.0177 -0.0458
vn 0.9929 -0.0488 -0.1080
vn 0.6828 -0.0719 0.7270
vn 0.1879 0.1154 -0.9754
vn 0.8550 0.5118 0.0837
vn 0.0457 -0.1665 0.9850
vn 0.9928 0.0394 -0.1132
vn 0.1961 0.9464 0.2566
vn 0.8527 0.5038 0.1382
vn 0.9957 -0.0100 -0.0916
vn 0.8932 0.0076 0.4495
vn -0.0999 -0.0678 -0.9927
vn 0.7895 0.3426 -0.5093
vn 0.8989 0.3261 -0.2927
vn 0.8967 0.2901 -0.3344
vn 0.8101 0.0416 0.5848
vn 0.0374 0.9730 -0.2277
vn -0.2885 0.9494 -0.1243
vn 0.6681 -0.2195 -0.7110
vn 0.6799 0.1963 0.7065
vn -0.1230 0.1297 0.9839
vn -0.7392 0.3993 -0.5424
vn -0.2435 0.8983 0.3658
vn -0.1159 0.9845 -0.1320
vn -0.0819 0.9565 -0.2800
vn 0.1778 0.9226 0.3424
vn 0.5459 -0.6064 0.5781
vn 0.3295 -0.1181 0.9368
vn 0.1904 0.5973 0.7791
vn 0.9182 0.3958 0.0179
vn 0.7834 0.0171 -0.6212
vn -0.1683 0.8579 0.4856
vn 0.8354 -0.5497 -0.0007
vn -0.4781 0.8563 -0.1951
vn 0.4912 -0.2299 0.8402
vn 0.9626 -0.2644 -0.0584
vn -0.0967 0.8683 0.4865
vn 0.2016 -0.4254 -0.8822
vn 0.6468 0.7247 0.2374
vn 0.0718 0.1719 0.9825
vn 0.1525 0.4789 -0.8645
vn -0.3845 -0.9230 0.0172
vn 0.5667 0.2901 0.7712
vn 0.5143 0.4461 0.7325
vn 0.5243 0.4219 0.7396
vn 0.2265 0.7174 -0.6588
vn 0.6998 0.6442 0.3086
vn 0.2350 0.9689 -0.0775
vn 0.6187 0.5641 0.5468
vn 0.6466 -0.5437 -0.5350
vn 0.4949 0.8245 -0.2745
vn 0.8130 0.1790 0.5540
vn 0.4714 0.8805 -0.0505
vn 0.9487 0.3009 -0.0972
vn -0.6351 0.2068 -0.7443
vn 0.0884 0.0077 -0.9961
vn -0.0236 -0.0759 -0.9968
vn -0.0680 -0.0321 -0.9972
vn 0.1202 0.9814 -0.1496
vn -0.1320 0.9834 -0.1246
vn 0.1119 -0.8733 0.4741
vn -0.0052 -0.1714 0.9852
vn -0.9077 0.3811 0.1756
vn -0.0436 0.9756 -0.2152
vn -0.0617 0.1967 -0.9785
vn 0.2118 -0.3521 -0.9117
vn -0.8688 -0.2290 0.4389
vn 0.1503 -0.9085 0.3898
vn 0.3285 -0.2547 0.9095
vn 0.7242 0.6109 -0.3199
vn 0.9130 -0.3284 0.2420
vn 0.2266 -0.9601 -0.1639
vn 0.0552 0.6013 0.7971
vn -0.1014 0.5570 0.8243
vn 0.1702 0.9853 -0.0147
vn 0.1704 0.9852 -0.0168
vn -0.0364 -0.9989 -0.0298
vn 0.1082 0.9913 0.0756
vn -0.3180 0.9180 -0.2370
vn 0.9995 -0.0303 -0.0083
vn -0.5805 0.1097 0.8068
vn 0.0966 0.9933 -0.0630
vn -0.9502 0.3116 -0.0106
vn -0.3066 0.8029 -0.5112
vn 0.5136 -0.0373 0.8572
vn 0.6588 -0.0738 0.7487
vn 0.6087 -0.0274 0.7929
vn 0.9586 -0.0556 -0.2793
vn -0.4606 -0.8876 -0.0055
vn 0.6677 0.7316 0.1379
vn -0.1711 0.1525 -0.9734
vn -0.0280 0.9630 0.2680
vn 0.0315 0.7199 0.6934
vn 0.2186 0.7242 0.6540
vn 0.7997 0.3216 0.5071
vn -0.3998 0.9119 0.0928
vn -0.8528 0.5132 -0.0969
vn -0.0143 -0.9999 -0.0044
vn 0.0647 -0.9965 0.0523
vn -0.9290 0.2266 0.2924
vn 0.1126 0.2049 -0.9723
vn -0.1752 0.9466 -0.2708
vn 0.2435 0.9646 0.1014
vn 0.0155 -0.3737 0.9274
vn 0.1509 0.2253 0.9625
vn -0.2457 0.9693 0.0033
vn -0.8691 -0.0099 -0.4946
vn -0.9235 -0.3136 0.2209
vn 0.3364 -0.9203 -0.1998
vn 0.0739 0.9047 0.4196
vn 0.3061 0.9518 0.0212
vn -0.0003 -1.0000 -0.0033
vn 0.8025 0.0441 -0.5950
vn -0.6222 0.6172 -0.4816
vn -0.7666 0.4622 0.4458
vn -0.4958 0.8255 0.2697
vn 0.3834 0.1247 0.9151
vn 0.3481 0.0430 0.9365
vn 0.0730 -0.9947 -0.0718
vn -0.7094 0.1506 -0.6885
vn -0.6020 -0.5998 -0.5270
vn -0.7233 0.6551 -0.2183
vn 0.0028 -0.0341 -0.9994
vn 0.0974 0.9776 -0.1868
vn 0.2107 0.9749 -0.0724
vn 0.0833 0.9963 -0.0199
vn 0.1225 0.3761 -0.9184
vn -0.7068 0.6150 0.3495
vn -0.0543 -0.7670 -0.6393
vn 0.0488 0.9694 -0.2406
vn 0.9909 -0.1123 -0.0735
vn -0.5720 -0.3472 0.7431
vn -0.1084 0.6769 0.7281
vn -0.0766 0.8423 0.5335
vn -0.3288 0.9438 -0.0337
vn -0.1978 0.8210 0.5356
vn -0.3080 -0.2327 0.9225
vn 0.4649 0.0417 0.8844
vn 0.9154 0.1594 -0.3696
vn 0.1680 0.9858 0.0039
vn -0.0674 -0.0138 -0.9976
vn -0.0935 0.8018 0.5903
vn -0.0975 0.7991 0.5932
vn -0.1160 0.7916 0.5999
vn 0.2378 0.9703 0.0453
vn 0.9147 -0.1212 -0.3855
vn 0.6989 0.0867 -0.7099
vn 0.0336 -0.0200 -0.9992
vn -0.9032 -0.3817 0.1962
vn -0.9059 -0.3732 0.2000
vn -0.9292 -0.3029 0.2119
vn -0.3391 0.5114 -0.7896
vn 0.1235 0.1039 -0.9869
vn 0.1066 0.7407 0.6633
vn -0.7777 0.1023 -0.6202
vn -0.7159 0.5893 -0.3745
vn 0.0498 0.7904 -0.6105
vn 0.0687 -0.6695 0.7397
vn 0.0708 -0.0502 0.9962
vn 0.3689 0.9138 0.1700
vn 0.5886 -0.4059 0.6991
vn 0.5969 -0.5175 0.6131
vn 0.9205 0.0075 0.3906
vn 0.1618 0.9852 -0.0563
vn 0.6866 0.0305 -0.7264
vn -0.1554 0.8968 -0.4143
vn 0.9749 0.0922 0.2025
vn -0.0243 -0.0135 0.9996
vn 0.0425 0.0303 0.9986
vn 0.0277 0.0201 0.9994
vn 0.0271 0.0177 0.9995
vn 0.7303 -0.6764 0.0958
vn 0.0155 0.1367 0.9905
vn -0.3702 0.5425 0.7541
vn 0.8056 0.0840 -0.5865
vn 0.8383 0.0030 -0.5452
vn -0.1336 -0.9906 -0.0310
vn -0.0104 0.4482 0.8939
vn -0.0026 0.4359 0.9000
vn 0.0053 0.4389 0.8985
vn -0.0420 0.9979 0.0489
vn 0.6875 -0.3807 -0.6184
vn 0.3538 0.9331 -0.0649
vn 0.2690 -0.2929 -0.9175
vn 0.2068 -0.3124 -0.9272
vn 0.3141 -0.2241 -0.9226
vn 0.0069 0.0129 -0.9999
vn 0.0692 -0.2171 -0.9737
vn -0.0274 0.0357 -0.9990
vn -0.5803 0.7473 -0.3237
vn 0.1691 0.9374 -0.3043
vn 0.2629 0.8239 -0.5020
vn 0.1932 0.9172 -0.3484
vn 0.1965 0.9803 -0.0204
vn 0.0825 0.9961 0.0310
vn -0.4172 -0.0368 -0.9081
vn 0.5498 -0.2064 0.8094
vn -0.0343 0.9993 -0.0169
vn 0.3513 0.9264 0.1358
vn 0.1382 0.8697 -0.4738
vn -0.5098 0.1081 0.8535
vn 0.9282 -0.0755 -0.3644
vn 0.0210 0.0254 -0.9995
vn 0.5968 0.1902 0.7795
vn -0.6407 0.7542 0.1435
vn 0.7521 -0.5711 0.3289
vn 0.5144 0.4088 0.7538
vn 0.1638 -0.1799 -0.9700
vn -0.0755 -0.1283 -0.9889
vn -0.0606 -0.1059 -0.9925
vn 0.0367 0.9923 0.1179
vn -0.0075 0.9342 0.3566
vn -0.0053 -1.0000 -0.0044
vn -0.1896 0.9276 -0.3220
vn 0.5209 0.0604 -0.8515
vn -0.2339 0.7999 0.5527
vn 0.1610 0.9866 0.0263
vn 0.1429 0.6818 -0.7175
vn -0.4566 -0.0282 0.8892
vn -0.4622 -0.0045 0.8868
vn -0.4563 -0.0290 0.8894
vn -0.0143 -0.0700 0.9974
vn -0.0220 -0.0858 0.9961
vn -0.0199 -0.0871 0.9960
vn 0.0178 0.0407 0.9990
vn 0.8503 0.2832 -0.4435
vn -0.5421 0.4363 -0.7182
vn -0.9617 0.2663 -0.0642
vn 0.3078 0.9513 -0.0143
vn -0.5941 0.7477 0.2967
vn -0.9831 -0.0043 -0.1831
vn -0.5279 0.0116 -0.8492
vn -0.5452 -0.0172 -0.8382
vn -0.5528 -0.0046 -0.8333
vn -0.0336 -0.0126 -0.9994
vn -0.4264 -0.8523 -0.3029
vn -0.4478 -0.0045 0.8941
vn -0.1665 0.0452 -0.9850
vn -0.0863 0.0128 -0.9962
vn -0.7175 -0.0700 0.6930
vn -0.4720 -0.0326 0.8810
vn -0.0962 -0.0350 -0.9947
vn -0.9031 -0.1045 -0.4166
vn -0.4861 0.3108 0.8168
vn -0.0289 -0.0250 0.9993
vn -0.1572 -0.0041 0.9876
vn -0.0096 -0.0319 -0.9994
vn -0.4712 0.0161 -0.8819
vn 0.7395 0.5125 -0.4365
vn 0.0819 -0.0526 -0.9953
vn -0.0077 0.0399 0.9992
vn -0.0082 -0.0212 0.9997
vn 0.9340 0.0351 0.3557
vn 0.5827 0.7617 0.2834
vn 0.5876 0.7028 0.4009
vn -0.7902 0.6023 0.1130
vn 0.5144 0.7531 0.4101
vn 0.9616 0.0478 -0.2703
vn -0.5203 -0.6827 -0.5131
vn 0.9241 0.3746 -0.0751
vn 0.8909 0.3235 -0.3187
vn 0.9012 0.4166 -0.1192
vn -0.7658 0.5107 -0.3908
vn 0.8939 0.4467 -0.0363
vn 0.5002 0.0261 -0.8655
vn -0.0517 0.9609 0.2721
vn 0.1029 0.9868 -0.1253
vn 0.0203 0.9994 -0.0281
vn 0.8621 0.4407 0.2501
vn -0.8549 -0.5065 0.1121
vn 0.6728 0.3228 0.6657
vn 0.6097 0.7387 0.2875
vn 0.7769 0.5030 0.3787
vn 0.5370 0.5252 0.6601
vn 0.1677 -0.2004 0.9653
vn 0.9126 0.3646 -0.1848
vn 0.8438 0.2720 -0.4626
vn 0.2219 0.9716 -0.0819
vn -0.8634 0.0860 -0.4971
vn -0.3593 0.8136 0.4571
vn 0.6074 -0.0344 0.7936
vn -0.0540 0.9984 -0.0174
vn 0.1631 0.6395 -0.7513
vn 0.2142 0.9731 -0.0850
vn 0.4981 0.7706 0.3975
vn 0.7835 0.4591 -0.4187
vn -0.7676 0.5130 0.3842
vn -0.6879 0.3896 -0.6124
vn 0.6452 0.7596 0.0823
vn 0.1164 0.9916 -0.0570
vn 0.3625 0.9319 0.0113
vn -0.1628 0.9861 0.0317
vn 0.6501 0.7050 -0.2834
vn -0.5632 0.0315 -0.8257
vn -0.1486 -0.2955 -0.9437
vn 0.1436 -0.7889 -0.5975
vn 0.2452 0.9522 -0.1820
vn -0.7724 0.5264 -0.3553
vn 0.1007 0.9601 -0.2610
vn 0.9932 -0.0029 0.1167
vn 0.6031 0.0222 0.7973
vn -0.6524 0.4152 0.6340
vn 0.2118 0.9768 -0.0318
vn 0.4848 -0.0390 0.8737
vn 0.9997 -0.0155 -0.0170
vn 0.8530 0.4381 -0.2836
vn 0.2107 0.0430 -0.9766
vn 0.7447 0.0193 0.6671
vn 0.8590 -0.2759 0.4313
vn 0.9819 -0.0075 0.1890
vn -0.9943 0.1021 -0.0293
vn 0.3369 0.3229 -0.8844
vn 0.6250 -0.7726 -0.1115
vn 0.8414 -0.5340 0.0832
vn 0.6539 -0.7556 -0.0380
vn 0.0391 0.9461 -0.3216
vn -0.9390 0.0032 -0.3439
vn 0.9246 0.3810 -0.0032
vn 0.9012 -0.2721 0.3372
vn 0.8691 -0.4499 -0.2056
vn -0.3897 -0.7300 -0.5615
vn -0.0812 0.2446 0.9662
vn -0.8002 -0.5592 0.2167
vn -0.0663 0.2076 0.9760
vn 0.9943 0.0907 -0.0554
vn 0.5744 0.1469 0.8053
vn 0.5796 0.7305 0.3612
vn 0.5903 0.7631 0.2631
vn 0.2036 0.9780 0.0461
vn 0.9011 0.2061 -0.3815
vn -0.0431 0.8157 -0.5769
vn 0.5116 -0.7112 0.4821
vn -0.1662 0.8328 -0.5281
vn 0.1407 0.9875 -0.0716
vn 0.7382 0.6170 -0.2726
vn 0.3192 0.9250 0.2061
vn 0.6303 0.7196 0.2914
vn 0.2687 0.5816 -0.7678
vn 0.6050 -0.0432 -0.7951
vn 0.6669 -0.0220 -0.7448
vn 0.6149 -0.1069 -0.7813
vn 0.0396 -0.9870 0.1557
vn 0.3583 -0.1432 0.9226
vn 0.7374 -0.1712 -0.6534
vn 0.6139 0.6872 0.3885
vn -0.8189 -0.2797 0.5012
vn 0.7122 -0.4282 -0.5563
vn 0.7245 -0.2049 -0.6582
vn 0.7122 -0.4283 -0.5562
vn 0.8586 -0.4741 0.1950
vn 0.1669 0.9851 -0.0426
vn 0.2218 0.9751 0.0021
vn -0.2839 -0.0551 -0.9573
vn 0.9901 -0.0784 -0.1167
vn -0.2623 0.5543 0.7899
vn -0.1565 0.7819 0.6035
vn 0.6300 0.7766 0.0079
vn 0.6684 -0.5965 -0.4442
vn -0.0826 0.9718 0.2207
vn 0.8556 0.5172 0.0218
vn 0.7003 0.5573 -0.4462
vn 0.4255 0.3166 -0.8478
vn -0.1373 -0.5271 0.8386
vn 0.0285 0.2076 0.9778
vn 0.8568 0.0626 -0.5118
vn 0.9505 0.0926 0.2966
vn 0.5894 0.8031 -0.0875
vn 0.6682 0.7412 -0.0639
vn -0.3179 0.9006 -0.2965
vn 0.0018 -0.5849 0.8111
vn -0.8003 -0.5591 0.2167
vn -0.0306 -0.4371 -0.8989
vn 0.0067 0.1768 0.9842
vn 0.6534 -0.5773 -0.4897
vn 0.4124 -0.6498 0.6385
vn -0.9849 0.0430 0.1674
vn -0.5485 -0.1164 -0.8280
vn 0.2681 -0.0444 0.9624
vn 0.9882 -0.1449 -0.0492
vn 0.7255 -0.1708 0.6667
vn 0.6872 0.6574 0.3093
vn 0.4189 -0.0358 0.9073
vn -0.1138 -0.4150 0.9027
vn 0.0715 0.9886 -0.1323
vn -0.0179 0.9975 0.0680
vn 0.9061 -0.0543 0.4197
vn 0.0406 0.9971 0.0651
vn -0.0291 -0.0391 -0.9988
vn -0.0946 0.0334 -0.9950
vn -0.0997 0.0078 -0.9950
vn -0.0804 0.0441 0.9958
vn 0.4963 -0.3998 -0.7706
vn -0.7413 0.6640 -0.0981
vn 0.9708 -0.1194 -0.2079
vn -0.0533 0.4025 0.9139
vn -0.0495 0.4246 0.9040
vn -0.0515 0.3725 0.9266
vn 0.0099 -0.1947 -0.9808
vn -0.0588 -0.2381 -0.9695
vn -0.0067 -0.2197 -0.9755
vn 0.5047 0.6692 0.5454
vn 0.3529 0.4819 0.8020
vn 0.5565 0.8204 0.1313
vn 0.5294 0.8473 -0.0419
vn 0.1093 0.0634 0.9920
vn -0.0754 0.1000 0.9921
vn -0.0889 0.0153 0.9959
vn 0.1709 0.8934 0.4156
vn 0.0512 0.9838 0.1719
vn 0.1098 0.9913 0.0729
vn 0.5871 -0.7860 0.1938
vn 0.0905 -0.9913 -0.0951
vn -0.0015 -0.9229 0.3850
vn 0.2020 0.6680 -0.7163
vn -0.0855 -0.1149 -0.9897
vn 0.3674 -0.0812 -0.9265
vn -0.0456 -0.4868 -0.8723
vn -0.0155 0.9980 -0.0613
vn -0.0397 0.9978 -0.0525
vn -0.0478 0.9983 -0.0340
vn 0.7483 0.1026 0.6553
vn 0.6863 -0.4875 0.5397
vn 0.0184 -0.1496 -0.9886
vn 0.5379 0.8416 -0.0499
vn 0.7489 0.6064 -0.2673
vn 0.5510 0.3447 -0.7600
vn 0.1039 -0.0237 -0.9943
vn 0.0319 -0.0117 -0.9994
vn 0.0988 -0.0319 -0.9946
vn -0.0015 0.0080 -1.0000
vn 0.0443 0.0006 -0.9990
vn 0.2114 0.9465 -0.2439
vn 0.0667 0.9899 0.1253
vn -0.1141 0.3001 -0.9471
vn -0.0792 0.3654 -0.9275
vn -0.0855 0.3887 -0.9174
vn -0.1242 0.0031 0.9923
vn -0.1302 0.9830 0.1296
vn -0.1210 0.9850 0.1230
vn -0.1482 0.9653 0.2152
vn 0.0043 0.9981 -0.0609
vn 0.3714 0.8759 0.3080
vn 0.0163 0.9674 -0.2528
vn 0.1098 0.9913 0.0728
vn 0.1100 -0.0247 0.9936
vn -0.1862 0.3309 -0.9251
vn -0.1729 0.3160 -0.9329
vn -0.1892 0.3267 -0.9260
vn -0.0811 0.0654 -0.9946
vn -0.0733 0.0414 -0.9964
vn -0.0785 0.1039 -0.9915
vn -0.0036 -0.0042 1.0000
vn -0.0528 0.0695 0.9962
vn -0.0404 0.1026 0.9939
vn -0.0671 0.0697 0.9953
vn 0.5951 0.7989 0.0874
vn -0.1338 0.7035 0.6980
vn -0.1217 0.6500 0.7501
vn 0.0678 0.3193 0.9452
vn 0.2420 0.9670 -0.0796
vn -0.0334 0.9980 0.0542
vn -0.0168 0.9998 0.0139
vn -0.0309 0.9995 0.0116
vn 0.9593 -0.1704 -0.2250
vn 0.8377 0.5134 -0.1863
vn 0.1199 0.9766 0.1784
vn -0.0477 0.1885 -0.9809
vn -0.0501 0.6853 -0.7265
vn 0.9231 -0.3703 -0.1040
vn 0.1426 -0.5314 -0.8350
vn 0.1219 0.8252 0.5516
vn 0.1510 -0.9879 0.0346
vn 0.9875 -0.1358 0.0804
vn 0.0787 -0.9967 0.0181
vn 0.4289 0.9017 0.0543
vn 0.0067 0.1767 0.9842
vn 0.0010 0.5299 -0.8480
vn 0.1357 0.9898 0.0429
vn 0.4522 0.8802 -0.1442
vn -0.5955 -0.7593 -0.2625
vn 0.0778 0.2008 0.9765
vn 0.1626 0.0430 -0.9858
vn 0.1558 0.0286 -0.9874
vn 0.1249 -0.1404 -0.9822
vn -0.1194 0.4894 -0.8639
vn 0.0500 -0.9987 0.0103
vn -0.1588 0.9864 -0.0426
vn 0.8316 0.2229 -0.5087
vn -0.9351 -0.1916 0.2980
vn 0.1452 -0.9894 0.0065
vn -0.9938 -0.0370 -0.1046
vn -0.0105 0.0021 -0.9999
vn 0.1047 0.0210 -0.9943
vn 0.0070 0.0885 -0.9961
vn 0.1731 -0.9454 0.2761
vn 0.0585 -0.0243 0.9980
vn -0.0733 -0.0276 0.9969
vn -0.2700 0.0222 0.9626
vn 0.9844 0.0870 -0.1531
vn 0.2142 0.9505 -0.2252
vn 0.5420 0.8397 0.0344
vn -0.6531 0.7469 -0.1245
vn 0.2112 0.9773 0.0174
vn -0.8981 -0.0586 0.4359
vn 0.0380 -0.1779 -0.9833
vn -0.0252 -0.1955 -0.9804
vn -0.0055 -0.1741 -0.9847
vn -0.0467 0.9965 0.0699
vn 0.0179 0.1146 0.9933
vn -0.3223 -0.2350 0.9170
vn 0.1655 0.9852 -0.0440
vn 0.2079 -0.3463 0.9148
vn 0.0835 0.5181 0.8512
vn 0.1588 -0.1257 -0.9793
vn -0.1502 0.3304 -0.9318
vn -0.1599 0.3119 -0.9366
vn -0.1637 0.3150 -0.9349
vn 0.0823 0.9617 -0.2614
vn 0.3644 0.9298 -0.0515
vn -0.6327 0.7740 0.0251
vn 0.5169 0.8558 0.0193
vn 0.1347 0.9895 -0.0522
vn -0.0790 -0.0447 0.9959
vn 0.0484 0.9959 -0.0763
vn -0.0351 0.9976 0.0604
vn -0.2986 -0.5328 0.7918
vn -0.0206 0.9986 0.0482
vn 0.2922 0.9384 -0.1847
vn -0.1125 -0.9523 -0.2836
vn -0.4576 0.0384 -0.8883
vn -0.6513 -0.0027 0.7588
vn -0.4452 0.0803 -0.8918
vn -0.9804 0.0061 -0.1967
vn -0.4901 0.0449 -0.8705
vn 0.9463 0.2064 -0.2489
vn -0.0086 0.9997 0.0232
vn 0.2113 0.9773 0.0174
vn 0.9228 0.3670 -0.1172
vn -0.7844 -0.0230 0.6198
vn -0.9835 0.0439 -0.1756
vn -0.2908 0.0023 -0.9568
vn 0.0208 0.9998 -0.0066
vn 0.0204 0.9987 0.0460
vn 0.4968 -0.0023 0.8678
vn 0.2584 -0.9655 -0.0306
vn 0.0663 0.9977 -0.0116
vn -0.6488 0.0118 0.7609
vn -0.9980 0.0349 -0.0529
vn -0.5132 -0.0045 0.8582
vn 0.0019 0.0005 1.0000
vn -0.2760 0.9486 -0.1548
vn -0.5320 -0.0498 -0.8453
vn -0.5254 -0.0468 -0.8496
vn -0.4946 0.0081 -0.8691
vn -0.2348 -0.9720 -0.0098
vn -0.3653 -0.9297 0.0463
vn -0.3732 -0.9277 -0.0084
vn 0.0103 0.9951 -0.0988
vn -0.0256 0.9993 -0.0264
vn -0.0835 0.9944 -0.0650
vn 0.0036 -0.5700 0.8217
vn 0.3197 -0.0063 0.9475
vn 0.0136 0.3808 0.9246
vn 0.1249 0.9921 0.0154
vn -0.7905 -0.6104 0.0491
vn 0.9351 0.3514 0.0461
vn 0.6237 -0.7811 -0.0279
vn -0.0240 0.9993 0.0300
vn 0.5186 -0.0089 0.8550
vn 0.3470 0.7627 -0.5458
vn 0.1744 0.0746 0.9818
vn 0.2094 0.0456 0.9768
vn 0.5041 -0.0788 -0.8601
vn 0.4095 -0.0505 -0.9109
vn 0.6346 -0.0340 0.7721
vn 0.6314 -0.0418 0.7743
vn 0.0382 0.9993 -0.0024
vn 0.0017 0.5901 0.8073
vn 0.0216 -0.9996 -0.0188
vn 0.0859 -0.5866 -0.8053
vn 0.3896 0.6307 -0.6711
vn 0.3931 0.9167 0.0720
vn 0.3927 0.9153 0.0897
vn -0.2491 0.6508 0.7173
vn 0.9418 0.3312 0.0580
vn -0.4930 -0.8683 -0.0538
vn 0.2874 0.9546 0.0785
vn -0.0506 -0.9987 -0.0065
vn 0.3714 -0.9087 0.1907
vn 0.4582 0.8803 -0.1226
vn 0.0297 0.9996 -0.0006
vn 0.1137 0.9928 0.0375
vn 0.8303 0.1413 -0.5392
vn -0.4783 -0.5870 -0.6533
vn 0.3936 0.9181 0.0463
vn -0.0346 0.2122 0.9766
vn -0.1620 -0.6192 0.7683
vn 0.0015 0.9978 -0.0669
vn 0.0137 0.3808 0.9246
vn -0.0653 0.4761 -0.8770
vn 0.0110 0.9913 0.1313
vn 0.1210 0.9925 -0.0168
vn -0.0474 -0.2046 -0.9777
vn 0.0469 -0.9988 0.0148
vn 0.0127 -0.9999 0.0007
vn 0.0020 -0.5268 -0.8500
vn -0.0011 -0.5640 -0.8258
vn 0.9267 -0.3482 -0.1415
vn 0.0087 -1.0000 -0.0020
vn 0.0152 -0.9999 0.0010
vn 0.0103 -0.9999 -0.0012
vn 0.1252 0.9921 -0.0098
vn 0.1037 0.9946 0.0061
vn -0.0107 0.1932 0.9811
vn -0.0429 0.2180 0.9750
vn -0.9934 0.0325 0.1099
vn 0.1184 0.9929 -0.0075
vn -0.0837 -0.2263 -0.9705
vn -0.0642 -0.2914 -0.9544
vn -0.0803 -0.2326 -0.9693
vn 0.2065 0.9740 0.0933
vn 0.0122 -0.9998 -0.0160
vn 0.2249 0.9727 -0.0575
vn 0.0716 -0.4837 -0.8723
vn 0.0167 -0.9999 0.0017
vn 0.0014 -0.5191 -0.8547
vn 0.1637 0.9837 -0.0739
vn -0.0576 0.9975 0.0403
vn 0.1036 0.9946 0.0061
vn -0.1988 0.9680 0.1534
vn 0.0286 0.9993 0.0250
vn 0.0130 0.9883 -0.1520
vn 0.0755 0.5130 0.8551
vn 0.0125 -0.9999 -0.0077
vn 0.0235 0.9997 0.0002
vn -0.0017 -0.9997 -0.0257
vn 0.0224 0.9997 -0.0002
vn 0.0022 0.8988 -0.4384
vn 0.0297 0.9813 -0.1903
vn 0.0788 0.8142 -0.5752
vn 0.0510 0.0010 0.9987
vn 0.2970 0.0592 0.9530
vn 0.0118 -0.5598 -0.8285
vn -0.0054 0.3328 -0.9430
vn -0.4024 0.0243 0.9151
vn -0.9793 0.0005 -0.2025
vn -0.9871 -0.1434 -0.0715
vn -0.9780 -0.1361 -0.1581
vn -0.9763 -0.1834 0.1146
vn -0.8947 -0.0478 -0.4442
vn -0.9699 -0.1272 -0.2075
vn -0.9654 0.1200 0.2315
vn -0.4757 0.0213 -0.8793
vn -0.9911 0.0009 -0.1330
vn 0.9284 0.1747 0.3279
vn -0.9734 -0.1746 0.1482
vn -0.9997 -0.0020 0.0235
vn 0.9742 0.0304 -0.2238
vn -0.2273 0.0862 0.9700
vn 0.7213 0.0096 -0.6925
vn -0.9600 -0.0039 -0.2801
vn -0.8637 -0.0393 0.5024
vn 0.0055 0.0063 -1.0000
vn 0.5093 -0.0002 0.8606
vn -0.5566 0.0006 -0.8308
vn 0.0899 -0.0007 -0.9959
vn 0.5613 -0.0052 0.8276
vn 0.5144 0.0001 0.8575
vn 0.4922 0.0210 0.8702
vn 0.9987 -0.0103 -0.0507
vt 0.556000 0.290937
vt 0.646846 0.117679
vt 0.650361 0.196577
vt 0.829562 0.007983
vt 0.829562 0.205533
vt 0.776217 0.128085
vt 0.719949 0.383676
vt 0.762883 0.465467
vt 0.725569 0.577636
vt 0.656386 0.218695
vt 0.649885 0.227982
vt 0.617786 0.874416
vt 0.584299 0.959199
vt 0.577759 0.927534
vt 0.532067 0.839088
vt 0.657914 0.212512
vt 0.530416 0.048625
vt 0.640005 0.128247
vt 0.532025 0.253040
vt 0.771360 0.481651
vt 0.416778 0.000525
vt 0.421881 0.135320
vt 0.413951 0.140024
vt 0.775874 0.493169
vt 0.777195 0.524140
vt 0.247520 0.646994
vt 0.321530 0.646994
vt 0.287110 0.650754
vt 0.606599 0.983635
vt 0.461793 0.088309
vt 0.442817 0.137107
vt 0.484851 0.082891
vt 0.183150 0.208078
vt 0.155441 0.212963
vt 0.136635 0.205744
vt 0.472832 0.299499
vt 0.453689 0.310454
vt 0.456094 0.299606
vt 0.843684 0.984277
vt 0.772815 0.794371
vt 0.892976 0.887537
vt 0.516509 0.043956
vt 0.022106 0.872817
vt 0.027849 0.880605
vt 0.022530 0.888202
vt 0.658678 0.268763
vt 0.179353 0.455900
vt 0.153468 0.447956
vt 0.156955 0.438871
vt 0.034701 0.873384
vt 0.455973 0.124720
vt 0.055145 0.144078
vt 0.033004 0.150183
vt 0.040576 0.145097
vt 0.572786 0.960382
vt 0.144666 0.442246
vt 0.105968 0.987894
vt 0.145256 0.987894
vt 0.134420 0.993986
vt 0.048716 0.164092
vt 0.071264 0.164092
vt 0.061730 0.166956
vt 0.778259 0.468833
vt 0.779589 0.475992
vt 0.124130 0.800497
vt 0.131408 0.802529
vt 0.124762 0.806654
vt 0.462153 0.116821
vt 0.925840 0.283874
vt 0.925776 0.000071
vt 0.925840 0.283875
vt 0.138609 0.511101
vt 0.146729 0.509405
vt 0.159556 0.515940
vt 0.131822 0.515887
vt 0.041791 0.389352
vt 0.056152 0.390356
vt 0.055917 0.406926
vt 0.158539 0.503234
vt 0.396232 0.166290
vt 0.409656 0.200747
vt 0.401698 0.190184
vt 0.772839 0.463491
vt 0.168408 0.501931
vt 0.121887 0.790993
vt 0.121065 0.781128
vt 0.487123 0.804821
vt 0.576780 0.928223
vt 0.462887 0.973828
vt 0.925808 0.999929
vt 0.222164 0.433044
vt 0.216739 0.439707
vt 0.211612 0.438242
vt 0.052738 0.120515
vt 0.052738 0.142952
vt 0.044716 0.140399
vt 0.080152 0.816190
vt 0.065320 0.810791
vt 0.092368 0.810157
vt 0.782010 0.522386
vt 0.172701 0.036498
vt 0.136782 0.042454
vt 0.142321 0.036498
vt 0.925030 0.906774
vt 0.041927 0.850694
vt 0.029559 0.854008
vt 0.026143 0.850724
vt 0.432649 0.302411
vt 0.440962 0.278367
vt 0.053483 0.142445
vt 0.053483 0.118574
vt 0.059151 0.130055
vt 0.183934 0.472980
vt 0.892144 0.869552
vt 0.447215 0.351387
vt 0.421567 0.319331
vt 0.130353 0.814997
vt 0.382749 0.165131
vt 0.121329 0.816680
vt 0.374869 0.175460
vt 0.383293 0.132290
vt 0.134603 0.808298
vt 0.135579 0.815326
vt 0.101187 0.237442
vt 0.074131 0.237442
vt 0.077543 0.234154
vt 0.394668 0.157171
vt 0.228530 0.437996
vt 0.133666 0.822692
vt 0.468957 0.101793
vt 0.270793 0.206127
vt 0.250885 0.187150
vt 0.267593 0.183359
vt 0.249556 0.203167
vt 0.128964 0.036390
vt 0.014265 0.444290
vt 0.026872 0.444290
vt 0.021745 0.447483
vt 0.177679 0.501689
vt 0.260446 0.046373
vt 0.247390 0.079799
vt 0.255214 0.045915
vt 0.094758 0.994547
vt 0.106025 0.989293
vt 0.129532 0.994127
vt 0.237576 0.014965
vt 0.174898 0.009482
vt 0.241360 0.006582
vt 0.566902 0.983213
vt 0.554941 0.977635
vt 0.630554 0.987595
vt 0.137994 0.803120
vt 0.086135 0.926127
vt 0.074900 0.931366
vt 0.059311 0.926946
vt 0.494814 0.983809
vt 0.255718 0.646241
vt 0.274444 0.641223
vt 0.331941 0.645675
vt 0.157395 0.099833
vt 0.152066 0.078415
vt 0.157591 0.047082
vt 0.061655 0.709006
vt 0.039226 0.709006
vt 0.058937 0.703335
vt 0.399152 0.113313
vt 0.237577 0.191621
vt 0.137434 0.044062
vt 0.101548 0.044062
vt 0.126466 0.038210
vt 0.048111 0.772961
vt 0.044258 0.780562
vt 0.034444 0.772327
vt 0.032140 0.256570
vt 0.024133 0.253969
vt 0.033654 0.240002
vt 0.190631 0.383692
vt 0.226630 0.390644
vt 0.200176 0.388142
vt 0.490659 0.080837
vt 0.030976 0.705238
vt 0.047378 0.705238
vt 0.032938 0.709551
vt 0.211487 0.452180
vt 0.125054 0.460759
vt 0.110916 0.445616
vt 0.118874 0.428591
vt 0.132473 0.467099
vt 0.029834 0.147771
vt 0.023545 0.147771
vt 0.024133 0.131857
vt 0.130414 0.645067
vt 0.136191 0.656361
vt 0.132354 0.664815
vt 0.399327 0.259399
vt 0.404419 0.265497
vt 0.403370 0.266611
vt 0.275646 0.171227
vt 0.056412 0.142361
vt 0.064591 0.117189
vt 0.076301 0.120894
vt 0.479546 0.092645
vt 0.147992 0.099335
vt 0.271107 0.849374
vt 0.261269 0.853132
vt 0.241466 0.849640
vt 0.066406 0.261529
vt 0.067970 0.267364
vt 0.045155 0.267199
vt 0.081603 0.998982
vt 0.056007 0.998982
vt 0.058093 0.994162
vt 0.053705 0.772380
vt 0.059042 0.528326
vt 0.046976 0.528115
vt 0.041350 0.515259
vt 0.521076 0.506809
vt 0.495861 0.504089
vt 0.506573 0.492307
vt 0.035970 0.138741
vt 0.224370 0.449447
vt 0.150015 0.650700
vt 0.182049 0.439749
vt 0.190056 0.444986
vt 0.416877 0.332858
vt 0.010496 0.114028
vt 0.014983 0.110262
vt 0.022315 0.113947
vt 0.188062 0.259441
vt 0.198163 0.291677
vt 0.183108 0.284982
vt 0.145318 0.668005
vt 0.229801 0.175789
vt 0.155814 0.232262
vt 0.162981 0.240803
vt 0.143225 0.236224
vt 0.034834 0.553798
vt 0.026650 0.545614
vt 0.043380 0.546246
vt 0.397369 0.248119
vt 0.397679 0.260820
vt 0.379306 0.226968
vt 0.526910 0.519905
vt 0.115585 0.701253
vt 0.103376 0.691009
vt 0.123889 0.692203
vt 0.409352 0.397901
vt 0.380493 0.404671
vt 0.359203 0.400917
vt 0.193919 0.999823
vt 0.143495 0.999823
vt 0.144679 0.989403
vt 0.011381 0.715622
vt 0.023879 0.715622
vt 0.014873 0.721694
vt 0.074494 0.268185
vt 0.068752 0.266095
vt 0.091875 0.266684
vt 0.411489 0.284101
vt 0.082703 0.201470
vt 0.056798 0.202014
vt 0.069778 0.199191
vt 0.240867 0.383107
vt 0.089138 0.699969
vt 0.182717 0.457108
vt 0.072708 0.195635
vt 0.041519 0.870517
vt 0.039755 0.858123
vt 0.050885 0.859096
vt 0.144865 0.723442
vt 0.142579 0.679805
vt 0.159086 0.725680
vt 0.234724 0.854348
vt 0.150843 0.052229
vt 0.192230 0.233970
vt 0.050299 0.998316
vt 0.038206 0.995076
vt 0.056799 0.994338
vt 0.064162 0.541427
vt 0.072228 0.543158
vt 0.068869 0.548150
vt 0.143687 0.543820
vt 0.142650 0.535372
vt 0.190357 0.550818
vt 0.332496 0.404108
vt 0.312758 0.408759
vt 0.313404 0.400741
vt 0.255653 0.402411
vt 0.055886 0.195877
vt 0.081212 0.539205
vt 0.015788 0.142818
vt 0.011767 0.130443
vt 0.023003 0.130516
vt 0.050702 0.870380
vt 0.044036 0.851819
vt 0.249183 0.003942
vt 0.229740 0.163118
vt 0.264449 0.148778
vt 0.033393 0.938455
vt 0.039933 0.943034
vt 0.023730 0.942956
vt 0.041806 0.519623
vt 0.045538 0.528859
vt 0.027920 0.522873
vt 0.394449 0.101903
vt 0.125878 0.372775
vt 0.135140 0.398223
vt 0.125941 0.415178
vt 0.089635 0.035857
vt 0.090547 0.041029
vt 0.062734 0.038974
vt 0.396819 0.050067
vt 0.399213 0.068945
vt 0.375343 0.057097
vt 0.179848 0.252384
vt 0.144777 0.266560
vt 0.144509 0.255410
vt 0.661385 0.285361
vt 0.047202 0.683331
vt 0.053106 0.690366
vt 0.040986 0.688079
vt 0.402930 0.078381
vt 0.386416 0.082638
vt 0.090730 0.526259
vt 0.073692 0.521694
vt 0.103585 0.520754
vt 0.039305 0.132873
vt 0.010391 0.946628
vt 0.022910 0.946628
vt 0.017144 0.952490
vt 0.512599 0.547905
vt 0.102749 0.105126
vt 0.089674 0.103982
vt 0.116986 0.104006
vt 0.138034 0.687450
vt 0.159737 0.659761
vt 0.158056 0.289310
vt 0.391904 0.260815
vt 0.056847 0.269937
vt 0.082722 0.269937
vt 0.062476 0.276586
vt 0.026335 0.784528
vt 0.019561 0.788440
vt 0.013332 0.784974
vt 0.407590 0.314741
vt 0.485676 0.544385
vt 0.470143 0.519357
vt 0.234375 0.144230
vt 0.049733 0.208630
vt 0.034993 0.213995
vt 0.032540 0.208796
vt 0.191879 0.976442
vt 0.182824 0.963711
vt 0.193026 0.966268
vt 0.172446 0.986753
vt 0.034213 0.825498
vt 0.042544 0.839631
vt 0.029444 0.835726
vt 0.414354 0.328613
vt 0.065236 0.411443
vt 0.079177 0.412663
vt 0.056475 0.413239
vt 0.507669 0.069825
vt 0.051332 0.849855
vt 0.088693 0.196682
vt 0.082302 0.176971
vt 0.089101 0.184985
vt 0.042296 0.820996
vt 0.726639 0.113672
vt 0.670031 0.287895
vt 0.672057 0.166661
vt 0.081082 0.546256
vt 0.088899 0.548944
vt 0.053271 0.704035
vt 0.024878 0.619359
vt 0.020227 0.605046
vt 0.029724 0.604441
vt 0.217394 0.458347
vt 0.139536 0.803074
vt 0.126380 0.788966
vt 0.126744 0.761079
vt 0.266898 0.388025
vt 0.311320 0.399928
vt 0.230796 0.399153
vt 0.272228 0.433363
vt 0.240533 0.444084
vt 0.226256 0.432105
vt 0.034355 0.005968
vt 0.038645 0.011661
vt 0.023549 0.006451
vt 0.004057 0.109881
vt 0.013573 0.109881
vt 0.005705 0.115388
vt 0.237470 0.390368
vt 0.257729 0.378197
vt 0.291780 0.370117
vt 0.338256 0.378312
vt 0.105787 0.006790
vt 0.114888 0.001535
vt 0.142499 0.005803
vt 0.163192 0.665566
vt 0.340022 0.405832
vt 0.281167 0.628577
vt 0.324171 0.626062
vt 0.318109 0.635090
vt 0.376697 0.160021
vt 0.371141 0.118787
vt 0.382616 0.129827
vt 0.043576 0.770767
vt 0.026453 0.765203
vt 0.036851 0.761064
vt 0.118482 0.178315
vt 0.281992 0.621521
vt 0.271314 0.625163
vt 0.337680 0.369484
vt 0.647930 0.669085
vt 0.724894 0.814866
vt 0.648748 0.858828
vt 0.262759 0.502265
vt 0.255060 0.506359
vt 0.253701 0.465863
vt 0.200979 0.849904
vt 0.189262 0.954244
vt 0.213087 0.465058
vt 0.198266 0.953655
vt 0.371073 0.129000
vt 0.301657 0.431038
vt 0.282586 0.437741
vt 0.039775 0.704004
vt 0.668780 0.291724
vt 0.392074 0.280625
vt 0.401112 0.104112
vt 0.246683 0.080125
vt 0.232749 0.075990
vt 0.244844 0.050053
vt 0.005189 0.406241
vt 0.000198 0.404620
vt 0.002079 0.400321
vt 0.030465 0.327589
vt 0.031048 0.320927
vt 0.038585 0.325232
vt 0.245517 0.465930
vt 0.025501 0.131928
vt 0.036692 0.131928
vt 0.031838 0.149169
vt 0.069151 0.357825
vt 0.057904 0.353732
vt 0.083134 0.354110
vt 0.175658 0.659807
vt 0.413977 0.336996
vt 0.036687 0.317872
vt 0.368283 0.063548
vt 0.260397 0.386370
vt 0.310389 0.398421
vt 0.254331 0.383401
vt 0.316426 0.386721
vt 0.038461 0.273382
vt 0.038461 0.291751
vt 0.028630 0.279918
vt 0.335288 0.382676
vt 0.396253 0.294236
vt 0.410504 0.329704
vt 0.905041 0.882642
vt 0.027372 0.332660
vt 0.027372 0.348045
vt 0.022089 0.344561
vt 0.261305 0.125411
vt 0.381540 0.090208
vt 0.063023 0.039806
vt 0.042756 0.046391
vt 0.046992 0.039309
vt 0.004413 0.049443
vt 0.008945 0.048229
vt 0.003644 0.055811
vt 0.471801 0.531452
vt 0.006343 0.982406
vt 0.006343 0.989680
vt 0.001982 0.988144
vt 0.009089 0.057060
vt 0.484782 0.554169
vt 0.243410 0.634578
vt 0.010979 0.484053
vt 0.017415 0.487054
vt 0.007070 0.486963
vt 0.015075 0.776698
vt 0.021947 0.782068
vt 0.010374 0.779031
vt 0.376383 0.235805
vt 0.061629 0.978931
vt 0.041212 0.985565
vt 0.042891 0.971341
vt 0.062117 0.815747
vt 0.073425 0.814956
vt 0.057330 0.835386
vt 0.033193 0.335873
vt 0.187483 0.465494
vt 0.143275 0.350592
vt 0.136776 0.342846
vt 0.169628 0.343166
vt 0.338979 0.399589
vt 0.250727 0.080812
vt 0.240832 0.089990
vt 0.226257 0.083193
vt 0.229405 0.436345
vt 0.129410 0.736589
vt 0.169756 0.749699
vt 0.127991 0.747671
vt 0.157715 0.347644
vt 0.411513 0.337391
vt 0.325997 0.589317
vt 0.331151 0.598244
vt 0.268440 0.596753
vt 0.142680 0.275316
vt 0.311783 0.242744
vt 0.230823 0.242744
vt 0.292406 0.230811
vt 0.206975 0.467984
vt 0.020985 0.935462
vt 0.023872 0.941129
vt 0.011387 0.937140
vt 0.017072 0.263807
vt 0.006924 0.263807
vt 0.007411 0.259210
vt 0.078621 0.626604
vt 0.071337 0.641891
vt 0.060948 0.633774
vt 0.240671 0.132519
vt 0.226384 0.154252
vt 0.036986 0.200792
vt 0.052333 0.207948
vt 0.033367 0.208121
vt 0.132288 0.325668
vt 0.178192 0.325668
vt 0.134249 0.333000
vt 0.125833 0.921359
vt 0.115326 0.935985
vt 0.109720 0.939910
vt 0.075042 0.241211
vt 0.099520 0.239069
vt 0.104684 0.242811
vt 0.108861 0.857197
vt 0.131531 0.859180
vt 0.098145 0.860727
vt 0.240814 0.000134
vt 0.265733 0.002314
vt 0.220555 0.000736
vt 0.026857 0.228609
vt 0.020787 0.224358
vt 0.036021 0.223888
vt 0.078809 0.194865
vt 0.068507 0.194183
vt 0.068273 0.187472
vt 0.077794 0.615210
vt 0.460503 0.529760
vt 0.242293 0.005575
vt 0.020754 0.943891
vt 0.035074 0.943891
vt 0.031229 0.945923
vt 0.450704 0.518775
vt 0.268981 0.061197
vt 0.250770 0.005147
vt 0.337379 0.001977
vt 0.064879 0.794593
vt 0.075850 0.803800
vt 0.052455 0.790138
vt 0.229208 0.765843
vt 0.226178 0.754535
vt 0.269228 0.753727
vt 0.389196 0.092932
vt 0.401787 0.084758
vt 0.358455 0.071534
vt 0.066212 0.616750
vt 0.146561 0.281371
vt 0.017202 0.312484
vt 0.025404 0.301195
vt 0.025154 0.314378
vt 0.037939 0.335898
vt 0.011811 0.741439
vt 0.024918 0.741439
vt 0.016103 0.753174
vt 0.183153 0.492093
vt 0.137951 0.492642
vt 0.164546 0.485321
vt 0.164939 0.020821
vt 0.164548 0.028291
vt 0.123993 0.013824
vt 0.054599 0.756311
vt 0.069274 0.753724
vt 0.079583 0.757540
vt 0.363457 0.117649
vt 0.068685 0.006139
vt 0.060242 0.000227
vt 0.087163 0.000349
vt 0.056877 0.408737
vt 0.063558 0.382644
vt 0.063594 0.405605
vt 0.198451 0.752766
vt 0.183009 0.349303
vt 0.019454 0.636188
vt 0.019454 0.648337
vt 0.010909 0.637306
vt 0.092057 0.547876
vt 0.081897 0.583904
vt 0.071878 0.596295
vt 0.056554 0.583436
vt 0.358886 0.596609
vt 0.045482 0.372576
vt 0.029444 0.372576
vt 0.032359 0.354162
vt 0.404934 0.334961
vt 0.063267 0.234119
vt 0.076772 0.240416
vt 0.053003 0.239806
vt 0.797712 0.782270
vt 0.056413 0.609286
vt 0.057158 0.389375
vt 0.009461 0.058531
vt 0.015957 0.049590
vt 0.016983 0.059616
vt 0.033296 0.824676
vt 0.025962 0.817342
vt 0.043088 0.817800
vt 0.052872 0.815641
vt 0.182196 0.956304
vt 0.409181 0.341602
vt 0.185621 0.946075
vt 0.191339 0.946630
vt 0.007487 0.583966
vt 0.018468 0.583966
vt 0.015285 0.588904
vt 0.043930 0.497377
vt 0.041975 0.503395
vt 0.025609 0.496115
vt 0.018081 0.174918
vt 0.015926 0.179147
vt 0.008364 0.178544
vt 0.046519 0.506317
vt 0.029387 0.506317
vt 0.033501 0.501518
vt 0.079597 0.913355
vt 0.070371 0.916713
vt 0.054096 0.913879
vt 0.031211 0.002320
vt 0.018740 0.002320
vt 0.024728 0.000128
vt 0.198451 0.947502
vt 0.022850 0.181731
vt 0.015290 0.187025
vt 0.010940 0.181905
vt 0.007953 0.500125
vt 0.007580 0.489445
vt 0.016270 0.499383
vt 0.363545 0.139715
vt 0.360003 0.138960
vt 0.016905 0.493268
vt 0.401944 0.328595
vt 0.393161 0.333360
vt 0.102111 0.066982
vt 0.073697 0.057750
vt 0.092747 0.054957
vt 0.055758 0.116112
vt 0.048454 0.119951
vt 0.046102 0.113489
vt 0.387195 0.302434
vt 0.337320 0.095932
vt 0.324707 0.106264
vt 0.299026 0.105893
vt 0.511838 0.559372
vt 0.009793 0.683148
vt 0.002450 0.683148
vt 0.004975 0.679732
vt 0.315427 0.396323
vt 0.396857 0.333674
vt 0.025015 0.631450
vt 0.029800 0.628565
vt 0.035848 0.633640
vt 0.084465 0.252485
vt 0.063305 0.242618
vt 0.091446 0.243116
vt 0.017802 0.253300
vt 0.031660 0.257802
vt 0.022129 0.266779
vt 0.107096 0.520314
vt 0.128672 0.528167
vt 0.093659 0.527509
vt 0.309890 0.090760
vt 0.006711 0.510839
vt 0.001124 0.512655
vt 0.001245 0.506934
vt 0.086442 0.412173
vt 0.070705 0.410796
vt 0.094330 0.410550
vt 0.010642 0.635398
vt 0.008751 0.641440
vt 0.003071 0.638420
vt 0.055024 0.097483
vt 0.058661 0.305630
vt 0.052723 0.309142
vt 0.052788 0.304388
vt 0.003545 0.722572
vt 0.007735 0.728339
vt 0.003039 0.728457
vt 0.084135 0.611960
vt 0.022127 0.525652
vt 0.026214 0.524164
vt 0.033211 0.525787
vt 0.335213 0.490558
vt 0.325987 0.496135
vt 0.320265 0.485013
vt 0.216258 0.463787
vt 0.212881 0.469418
vt 0.147185 0.489384
vt 0.015082 0.502719
vt 0.056132 0.190809
vt 0.015696 0.827403
vt 0.022012 0.819877
vt 0.021882 0.833404
vt 0.082234 0.779948
vt 0.055865 0.779948
vt 0.072814 0.774411
vt 0.001191 0.828923
vt 0.002504 0.824883
vt 0.005665 0.830357
vt 0.015092 0.623200
vt 0.010464 0.623200
vt 0.014876 0.618373
vt 0.184320 0.938822
vt 0.005953 0.787443
vt 0.010971 0.784546
vt 0.014125 0.787392
vt 0.011223 0.613875
vt 0.391563 0.323393
vt 0.018468 0.629552
vt 0.007487 0.629552
vt 0.012996 0.624610
vt 0.122267 0.950186
vt 0.210400 0.248321
vt 0.223089 0.245572
vt 0.212719 0.275324
vt 0.055863 0.182706
vt 0.055651 0.297561
vt 0.039844 0.297561
vt 0.051794 0.295975
vt 0.004810 0.630842
vt 0.007256 0.616383
vt 0.101847 0.406877
vt 0.092081 0.395239
vt 0.100685 0.372261
vt 0.018852 0.357512
vt 0.026722 0.368345
vt 0.014904 0.369716
vt 0.317184 0.112448
vt 0.004986 0.612843
vt 0.182982 0.475513
vt 0.171250 0.475283
vt 0.175209 0.467740
vt 0.014533 0.551337
vt 0.007994 0.549212
vt 0.013767 0.539750
vt 0.134354 0.475943
vt 0.172891 0.306382
vt 0.349764 0.135546
vt 0.010827 0.157909
vt 0.015142 0.154887
vt 0.021984 0.158041
vt 0.004049 0.909897
vt 0.013091 0.909897
vt 0.007390 0.915275
vt 0.126318 0.246330
vt 0.120850 0.266784
vt 0.113840 0.273793
vt 0.105700 0.265575
vt 0.086208 0.482131
vt 0.086208 0.456158
vt 0.103207 0.476786
vt 0.136142 0.489216
vt 0.151514 0.297934
vt 0.152993 0.299844
vt 0.073658 0.939187
vt 0.052437 0.935445
vt 0.074890 0.935514
vt 0.091846 0.174508
vt 0.076909 0.177142
vt 0.066332 0.173495
vt 0.018560 0.174178
vt 0.011350 0.171835
vt 0.023976 0.162038
vt 0.091697 0.173573
vt 0.126716 0.173573
vt 0.118323 0.177553
vt 0.437336 0.568293
vt 0.433770 0.580057
vt 0.426434 0.584835
vt 0.161587 0.301836
vt 0.512608 0.583606
vt 0.448996 0.626005
vt 0.445036 0.641578
vt 0.141012 0.109400
vt 0.111751 0.114559
vt 0.102866 0.108751
vt 0.005086 0.901638
vt 0.013523 0.899490
vt 0.011687 0.906434
vt 0.071609 0.037103
vt 0.057863 0.032100
vt 0.083665 0.030967
vt 0.007190 0.304848
vt 0.007190 0.312684
vt 0.002605 0.309361
vt 0.011283 0.158829
vt 0.005600 0.621314
vt 0.044835 0.300480
vt 0.173582 0.229766
vt 0.215252 0.229766
vt 0.179587 0.231547
vt 0.002609 0.706745
vt 0.011103 0.706745
vt 0.003934 0.714900
vt 0.232160 0.270623
vt 0.156347 0.737973
vt 0.146443 0.733355
vt 0.192930 0.733133
vt 0.376336 0.311720
vt 0.196981 0.512035
vt 0.200815 0.507082
vt 0.200855 0.512103
vt 0.126539 0.424803
vt 0.130553 0.418943
vt 0.135858 0.424109
vt 0.144319 0.427612
vt 0.147921 0.418786
vt 0.158071 0.432320
vt 0.112127 0.455210
vt 0.057474 0.311603
vt 0.049148 0.325062
vt 0.029567 0.624900
vt 0.037186 0.627673
vt 0.022560 0.627794
vt 0.107780 0.340617
vt 0.143514 0.337490
vt 0.144424 0.341256
vt 0.132039 0.350487
vt 0.096169 0.350487
vt 0.110986 0.345889
vt 0.010946 0.918852
vt 0.022844 0.918852
vt 0.011181 0.926888
vt 0.138492 0.431695
vt 0.006837 0.020864
vt 0.004006 0.012152
vt 0.011175 0.010968
vt 0.018321 0.976179
vt 0.022804 0.978767
vt 0.010497 0.978134
vt 0.040134 0.311067
vt 0.026330 0.124237
vt 0.018327 0.122093
vt 0.029665 0.122090
vt 0.041586 0.628358
vt 0.007421 0.788000
vt 0.013046 0.795741
vt 0.003115 0.795051
vt 0.165200 0.747073
vt 0.150449 0.740195
vt 0.194311 0.741122
vt 0.183585 0.476977
vt 0.032327 0.583784
vt 0.050925 0.583784
vt 0.035669 0.594473
vt 0.140824 0.414569
vt 0.021312 0.279412
vt 0.015442 0.274748
vt 0.024898 0.267622
vt 0.894987 0.804261
vt 0.078135 0.379518
vt 0.053599 0.379518
vt 0.061149 0.375624
vt 0.022821 0.499853
vt 0.025048 0.497208
vt 0.030620 0.499807
vt 0.313379 0.500451
vt 0.011341 0.276843
vt 0.017909 0.267601
vt 0.022183 0.814834
vt 0.022183 0.811023
vt 0.037563 0.812795
vt 0.478798 0.567516
vt 0.074795 0.233024
vt 0.065763 0.226423
vt 0.074363 0.216530
vt 0.043010 0.781084
vt 0.025550 0.781084
vt 0.032019 0.773764
vt 0.057562 0.476175
vt 0.056736 0.479261
vt 0.037443 0.476642
vt 0.293075 0.125046
vt 0.285396 0.129570
vt 0.281762 0.114495
vt 0.163567 0.227294
vt 0.193821 0.221960
vt 0.221840 0.229069
vt 0.188601 0.221176
vt 0.142567 0.227645
vt 0.191419 0.211630
vt 0.131806 0.406440
vt 0.003100 0.995236
vt 0.008127 0.998888
vt 0.000688 0.998817
vt 0.198883 0.939687
vt 0.003132 0.559822
vt 0.009600 0.559822
vt 0.004008 0.568484
vt 0.023127 0.113805
vt 0.029331 0.109461
vt 0.029938 0.118983
vt 0.056938 0.214086
vt 0.024832 0.622343
vt 0.016793 0.622343
vt 0.019303 0.608803
vt 0.455083 0.642047
vt 0.429293 0.600632
vt 0.138918 0.004207
vt 0.123964 0.000200
vt 0.161050 0.000425
vt 0.227112 0.482923
vt 0.220008 0.500111
vt 0.384977 0.333789
vt 0.053077 0.849706
vt 0.071079 0.851562
vt 0.063194 0.857330
vt 0.052823 0.759896
vt 0.035831 0.757863
vt 0.045232 0.746747
vt 0.023245 0.108457
vt 0.036666 0.599281
vt 0.024059 0.599281
vt 0.028987 0.582893
vt 0.169739 0.428325
vt 0.143588 0.226023
vt 0.146817 0.215461
vt 0.191868 0.208355
vt 0.021132 0.007950
vt 0.025972 0.011240
vt 0.024127 0.024372
vt 0.013222 0.026574
vt 0.024486 0.030233
vt 0.013498 0.029756
vt 0.136481 0.370640
vt 0.099970 0.367446
vt 0.137053 0.366872
vt 0.008013 0.278341
vt 0.017941 0.278341
vt 0.010889 0.281894
vt 0.010135 0.859187
vt 0.007417 0.867551
vt 0.003088 0.860788
vt 0.051590 0.867238
vt 0.101898 0.447839
vt 0.110842 0.635614
vt 0.103512 0.631308
vt 0.112007 0.628808
vt 0.215341 0.477983
vt 0.035816 0.740104
vt 0.447060 0.646533
vt 0.282220 0.095037
vt 0.205819 0.486707
vt 0.012141 0.688092
vt 0.012141 0.698294
vt 0.004999 0.697192
vt 0.012549 0.195146
vt 0.009363 0.204952
vt 0.005570 0.198403
vt 0.013661 0.220098
vt 0.023478 0.228632
vt 0.010313 0.233224
vt 0.007878 0.894251
vt 0.002956 0.840118
vt 0.005827 0.831282
vt 0.012225 0.837940
vt 0.134031 0.405134
vt 0.275428 0.135946
vt 0.203236 0.276478
vt 0.221745 0.296660
vt 0.007950 0.927627
vt 0.018985 0.927627
vt 0.013384 0.933783
vt 0.002663 0.522103
vt 0.010560 0.522103
vt 0.005634 0.527848
vt 0.030252 0.103348
vt 0.152943 0.625543
vt 0.153684 0.634006
vt 0.112722 0.626924
vt 0.021406 0.872315
vt 0.021406 0.885765
vt 0.015323 0.882936
vt 0.074268 0.860133
vt 0.081605 0.576225
vt 0.068324 0.573199
vt 0.076928 0.561781
vt 0.126772 0.278967
vt 0.309972 0.473445
vt 0.019720 0.916409
vt 0.033170 0.916409
vt 0.025586 0.919047
vt 0.003519 0.477656
vt 0.011662 0.480302
vt 0.004589 0.486594
vt 0.071560 0.501116
vt 0.094777 0.517983
vt 0.070747 0.515651
vt 0.017372 0.497691
vt 0.002665 0.751781
vt 0.007633 0.751781
vt 0.002651 0.759483
vt 0.036583 0.170031
vt 0.036673 0.187951
vt 0.027479 0.180881
vt 0.007632 0.206224
vt 0.007632 0.214442
vt 0.003142 0.212316
vt 0.037203 0.271898
vt 0.024012 0.281482
vt 0.024557 0.272008
vt 0.114002 0.631341
vt 0.451624 0.687164
vt 0.544458 0.687912
vt 0.484643 0.692986
vt 0.237018 0.285294
vt 0.014771 0.455312
vt 0.021006 0.452536
vt 0.026365 0.462744
vt 0.039282 0.298836
vt 0.012864 0.687794
vt 0.020480 0.683745
vt 0.013121 0.699213
vt 0.020289 0.539117
vt 0.016192 0.526505
vt 0.025434 0.526719
vt 0.135375 0.400687
vt 0.233555 0.445735
vt 0.228208 0.467690
vt 0.212243 0.486056
vt 0.016469 0.237786
vt 0.470428 0.578165
vt 0.205615 0.935382
vt 0.071909 0.554137
vt 0.024740 0.384984
vt 0.024740 0.399541
vt 0.017865 0.396743
vt 0.002021 0.608187
vt 0.002021 0.600921
vt 0.008753 0.601784
vt 0.000583 0.011051
vt 0.000583 0.004620
vt 0.007252 0.010320
vt 0.012940 0.295566
vt 0.015439 0.293067
vt 0.024768 0.295571
vt 0.387317 0.856307
vt 0.370768 0.855724
vt 0.385560 0.845215
vt 0.005273 0.583841
vt 0.013087 0.589518
vt 0.004543 0.588830
vt 0.075651 0.940543
vt 0.075651 0.934579
vt 0.104075 0.939727
vt 0.014544 0.115528
vt 0.017412 0.126231
vt 0.007563 0.115199
vt 0.009105 0.537115
vt 0.002648 0.537115
vt 0.007308 0.528507
vt 0.125430 0.961599
vt 0.282252 0.493516
vt 0.072252 0.551905
vt 0.064206 0.548977
vt 0.089075 0.550007
vt 0.063351 0.553060
vt 0.024047 0.553564
vt 0.015726 0.553735
vt 0.019262 0.544018
vt 0.219597 0.320050
vt 0.224115 0.314804
vt 0.263883 0.137042
vt 0.005121 0.336272
vt 0.014957 0.333076
vt 0.011654 0.339794
vt 0.052974 0.838471
vt 0.064403 0.841402
vt 0.063492 0.850069
vt 0.029022 0.187530
vt 0.008438 0.459297
vt 0.015558 0.456983
vt 0.014260 0.469559
vt 0.008177 0.546513
vt 0.003211 0.547388
vt 0.011199 0.538385
vt 0.201228 0.494967
vt 0.025823 0.695413
vt 0.008505 0.478080
vt 0.019409 0.474537
vt 0.018309 0.480899
vt 0.179893 0.481843
vt 0.360000 0.844906
vt 0.145111 0.366439
vt 0.166435 0.374131
vt 0.165356 0.386765
vt 0.133697 0.466976
vt 0.127976 0.426266
vt 0.142993 0.465070
vt 0.074842 0.849559
vt 0.008060 0.125081
vt 0.092817 0.053745
vt 0.064381 0.053745
vt 0.069449 0.045178
vt 0.057053 0.876162
vt 0.052711 0.888774
vt 0.039911 0.887844
vt 0.892157 0.869555
vt 0.016616 0.081981
vt 0.010500 0.090399
vt 0.007380 0.082390
vt 0.022974 0.252637
vt 0.010327 0.252637
vt 0.021764 0.247853
vt 0.407132 0.627446
vt 0.121454 0.428638
vt 0.304805 0.506592
vt 0.272719 0.104199
vt 0.467577 0.584624
vt 0.020524 0.207630
vt 0.029817 0.211013
vt 0.019311 0.215751
vt 0.101693 0.627581
vt 0.031268 0.010709
vt 0.054941 0.772785
vt 0.071861 0.773376
vt 0.049589 0.780594
vt 0.234167 0.488616
vt 0.038681 0.997023
vt 0.023023 0.997023
vt 0.024580 0.984368
vt 0.043413 0.728162
vt 0.028085 0.717026
vt 0.041563 0.714052
vt 0.080865 0.913878
vt 0.083709 0.901560
vt 0.088263 0.924869
vt 0.021378 0.412234
vt 0.010453 0.408684
vt 0.018757 0.398246
vt 0.012076 0.939801
vt 0.009368 0.942072
vt 0.009776 0.936478
vt 0.019883 0.853030
vt 0.008521 0.853030
vt 0.012891 0.842367
vt 0.025554 0.546657
vt 0.011683 0.934147
vt 0.003009 0.934147
vt 0.007014 0.929222
vt 0.005508 0.553807
vt 0.006757 0.549964
vt 0.014080 0.553856
vt 0.038937 0.782781
vt 0.031895 0.783397
vt 0.027175 0.782715
vt 0.021306 0.789076
vt 0.013309 0.793693
vt 0.009546 0.788580
vt 0.032278 0.207197
vt 0.442050 0.651402
vt 0.431153 0.657929
vt 0.093872 0.629271
vt 0.008665 0.590840
vt 0.011690 0.600150
vt 0.002512 0.599285
vt 0.105313 0.850697
vt 0.105646 0.854494
vt 0.075549 0.852537
vt 0.010679 0.662118
vt 0.012231 0.667209
vt 0.007053 0.671871
vt 0.019746 0.005001
vt 0.030611 0.003086
vt 0.033633 0.005240
vt 0.236417 0.455576
vt 0.034558 0.216408
vt 0.136145 0.378403
vt 0.005408 0.416478
vt 0.014181 0.416478
vt 0.007293 0.426813
vt 0.356563 0.859031
vt 0.457723 0.596567
vt 0.491059 0.604338
vt 0.014910 0.539801
vt 0.026321 0.464363
vt 0.015305 0.472366
vt 0.016418 0.458584
vt 0.004625 0.940710
vt 0.253278 0.067659
vt 0.104864 0.284032
vt 0.455183 0.772024
vt 0.478216 0.855867
vt 0.464269 0.885775
vt 0.002513 0.537822
vt 0.158449 0.115416
vt 0.199501 0.107405
vt 0.200056 0.115416
vt 0.098861 0.893936
vt 0.102998 0.365688
vt 0.114822 0.362520
vt 0.135984 0.364733
vt 0.018078 0.240241
vt 0.018078 0.248088
vt 0.009551 0.239162
vt 0.008856 0.250554
vt 0.208986 0.492846
vt 0.195436 0.502355
vt 0.024962 0.947299
vt 0.024710 0.961124
vt 0.017900 0.953225
vt 0.372790 0.875247
vt 0.347783 0.868146
vt 0.365143 0.866048
vt 0.025736 0.541892
vt 0.033242 0.060868
vt 0.031248 0.071126
vt 0.023565 0.073314
vt 0.094082 0.097640
vt 0.126780 0.097640
vt 0.104877 0.101674
vt 0.159222 0.152503
vt 0.166464 0.206459
vt 0.159222 0.192274
vt 0.672036 0.604183
vt 0.656838 0.603687
vt 0.675671 0.590386
vt 0.052229 0.666788
vt 0.038336 0.671844
vt 0.032982 0.666549
vt 0.078947 0.688789
vt 0.098359 0.681724
vt 0.112043 0.689971
vt 0.141205 0.366626
vt 0.138664 0.371487
vt 0.137267 0.364516
vt 0.170357 0.153672
vt 0.404755 0.585535
vt 0.018263 0.393716
vt 0.011953 0.392143
vt 0.022816 0.384932
vt 0.095348 0.634531
vt 0.085881 0.635140
vt 0.222997 0.485167
vt 0.002584 0.746105
vt 0.002584 0.738224
vt 0.007700 0.742091
vt 0.036598 0.166257
vt 0.026903 0.179602
vt 0.025596 0.164179
vt 0.005357 0.067557
vt 0.002667 0.059279
vt 0.011534 0.059860
vt 0.348218 0.840787
vt 0.347872 0.813035
vt 0.041853 0.949695
vt 0.045552 0.957330
vt 0.041897 0.970972
vt 0.146662 0.110521
vt 0.190183 0.006672
vt 0.150094 0.003164
vt 0.197114 0.003123
vt 0.681113 0.598760
vt 0.042281 0.609890
vt 0.047000 0.603394
vt 0.040842 0.622204
vt 0.331156 0.779799
vt 0.327685 0.805607
vt 0.003106 0.936597
vt 0.014356 0.797329
vt 0.021368 0.806981
vt 0.011933 0.805261
vt 0.045518 0.370205
vt 0.038285 0.359356
vt 0.045305 0.356083
vt 0.126239 0.155516
vt 0.123501 0.150143
vt 0.132748 0.153614
vt 0.234405 0.304271
vt 0.015964 0.673338
vt 0.051682 0.950591
vt 0.479881 0.679871
vt 0.405723 0.668002
vt 0.287288 0.478495
vt 0.032700 0.757395
vt 0.025577 0.757395
vt 0.026067 0.741626
vt 0.066398 0.305450
vt 0.050120 0.300191
vt 0.064229 0.300799
vt 0.042450 0.626283
vt 0.071302 0.481729
vt 0.057925 0.463809
vt 0.071850 0.457316
vt 0.041043 0.353449
vt 0.037684 0.349447
vt 0.046794 0.349247
vt 0.057539 0.692553
vt 0.059339 0.698967
vt 0.055936 0.700503
vt 0.073289 0.299839
vt 0.050333 0.972856
vt 0.046872 0.969952
vt 0.055103 0.967535
vt 0.002511 0.393583
vt 0.002511 0.384755
vt 0.011691 0.393615
vt 0.008110 0.071359
vt 0.004962 0.068211
vt 0.014137 0.068498
vt 0.013478 0.796297
vt 0.010308 0.806054
vt 0.005132 0.800792
vt 0.029112 0.353495
vt 0.336425 0.827487
vt 0.002534 0.101869
vt 0.004892 0.094610
vt 0.006771 0.103235
vt 0.015195 0.960742
vt 0.137569 0.388081
vt 0.480623 0.617708
vt 0.021189 0.384262
vt 0.021189 0.375231
vt 0.028762 0.382208
vt 0.053673 0.607269
vt 0.275420 0.930129
vt 0.282648 0.935426
vt 0.276442 0.956404
vt 0.022950 0.806890
vt 0.023149 0.800555
vt 0.031110 0.793387
vt 0.026624 0.074304
vt 0.034785 0.071191
vt 0.034200 0.075234
vt 0.006484 0.171621
vt 0.015553 0.174567
vt 0.006487 0.177547
vt 0.357723 0.885139
vt 0.335559 0.900416
vt 0.339020 0.880134
vt 0.003560 0.706092
vt 0.005419 0.700372
vt 0.013090 0.705771
vt 0.015450 0.754644
vt 0.009036 0.754644
vt 0.011192 0.743887
vt 0.285439 0.529690
vt 0.281953 0.507514
vt 0.046435 0.351147
vt 0.695190 0.592414
vt 0.028514 0.368921
vt 0.062682 0.454118
vt 0.154043 0.401175
vt 0.392002 0.581876
vt 0.340202 0.847929
vt 0.051460 0.615823
vt 0.080056 0.627762
vt 0.090923 0.613652
vt 0.006901 0.384543
vt 0.016385 0.755555
vt 0.024499 0.744386
vt 0.024751 0.758062
vt 0.288975 0.963669
vt 0.063136 0.693973
vt 0.272519 0.440927
vt 0.304530 0.448333
vt 0.234477 0.932775
vt 0.233464 0.941597
vt 0.226545 0.933362
vt 0.023961 0.028687
vt 0.014727 0.025686
vt 0.020204 0.013429
vt 0.669105 0.587012
vt 0.701912 0.563845
vt 0.238246 0.952196
vt 0.226618 0.945903
vt 0.338098 0.866662
vt 0.037008 0.889873
vt 0.029583 0.897601
vt 0.028035 0.891455
vt 0.230680 0.927236
vt 0.009228 0.816524
vt 0.012158 0.825393
vt 0.007958 0.825983
vt 0.063589 0.700559
vt 0.394649 0.608383
vt 0.134378 0.142189
vt 0.027354 0.465468
vt 0.027410 0.472849
vt 0.021423 0.469777
vt 0.042935 0.894188
vt 0.046268 0.958427
vt 0.218646 0.958783
vt 0.103080 0.541667
vt 0.118974 0.537239
vt 0.109955 0.550467
vt 0.785539 0.770706
vt 0.800661 0.631449
vt 0.872149 0.667489
vt 0.087686 0.552379
vt 0.010761 0.170888
vt 0.002951 0.170888
vt 0.003749 0.161629
vt 0.070729 0.692194
vt 0.043152 0.194526
vt 0.056623 0.192151
vt 0.065075 0.194725
vt 0.033965 0.510856
vt 0.051736 0.511126
vt 0.042942 0.513262
vt 0.037105 0.516568
vt 0.006823 0.670311
vt 0.001012 0.670311
vt 0.001415 0.665144
vt 0.005472 0.816938
vt 0.274803 0.485006
vt 0.036584 0.935317
vt 0.025175 0.940638
vt 0.022181 0.934974
vt 0.021780 0.790564
vt 0.054591 0.949769
vt 0.031261 0.474966
vt 0.026789 0.478700
vt 0.033557 0.494396
vt 0.022761 0.494396
vt 0.028759 0.478669
vt 0.129329 0.131329
vt 0.042916 0.072105
vt 0.241251 0.964703
vt 0.130822 0.383044
vt 0.133067 0.376891
vt 0.324241 0.872666
vt 0.019669 0.480173
vt 0.466428 0.632315
vt 0.266570 0.500211
vt 0.025403 0.667994
vt 0.020244 0.670400
vt 0.014753 0.668203
vt 0.039525 0.131143
vt 0.025118 0.131143
vt 0.029180 0.128407
vt 0.285587 0.919331
vt 0.302842 0.915583
vt 0.140359 0.565765
vt 0.124857 0.581267
vt 0.136923 0.558339
vt 0.024384 0.093993
vt 0.015123 0.093977
vt 0.020193 0.089946
vt 0.040267 0.904500
vt 0.080420 0.633998
vt 0.384909 0.722109
vt 0.397203 0.658611
vt 0.247768 0.971756
vt 0.235406 0.970016
vt 0.007378 0.375174
vt 0.012109 0.371861
vt 0.018087 0.375446
vt 0.706117 0.577982
vt 0.056921 0.632327
vt 0.064039 0.617063
vt 0.058992 0.636101
vt 0.005706 0.171474
vt 0.005706 0.178183
vt 0.000661 0.176752
vt 0.240471 0.972830
vt 0.027584 0.903020
vt 0.016076 0.047093
vt 0.009879 0.055623
vt 0.010395 0.046728
vt 0.715710 0.578560
vt 0.702812 0.591824
vt 0.450563 0.611800
vt 0.079472 0.616214
vt 0.492771 0.634530
vt 0.078964 0.696200
vt 0.139227 0.406208
vt 0.061692 0.453633
vt 0.054773 0.464321
vt 0.048046 0.453555
vt 0.211349 0.937947
vt 0.456879 0.913578
vt 0.005848 0.918612
vt 0.000518 0.916880
vt 0.003810 0.911946
vt 0.057235 0.612185
vt 0.012835 0.090906
vt 0.017280 0.083284
vt 0.154116 0.410626
vt 0.329080 0.965261
vt 0.006918 0.990032
vt 0.006918 0.981123
vt 0.012818 0.989634
vt 0.034408 0.908186
vt 0.335525 0.993466
vt 0.128377 0.552465
vt 0.022506 0.997389
vt 0.015973 0.993233
vt 0.022436 0.984002
vt 0.384467 0.602347
vt 0.302058 0.898797
vt 0.306145 0.909875
vt 0.083143 0.699502
vt 0.002064 0.501300
vt 0.007164 0.497595
vt 0.007240 0.501425
vt 0.033756 0.057307
vt 0.024520 0.070019
vt 0.025120 0.060193
vt 0.025641 0.968814
vt 0.029172 0.965028
vt 0.024432 0.978451
vt 0.014713 0.985645
vt 0.019611 0.974995
vt 0.130455 0.519053
vt 0.138232 0.517682
vt 0.159457 0.517675
vt 0.125046 0.867344
vt 0.118067 0.872174
vt 0.090784 0.862244
vt 0.265267 0.515833
vt 0.094684 0.357179
vt 0.124317 0.354586
vt 0.129606 0.357951
vt 0.029271 0.908364
vt 0.017816 0.970179
vt 0.147766 0.549114
vt 0.125670 0.860441
vt 0.095039 0.673900
vt 0.101648 0.677716
vt 0.072202 0.676986
vt 0.017351 0.963273
vt 0.025195 0.837104
vt 0.034219 0.849524
vt 0.022099 0.849968
vt 0.060529 0.816586
vt 0.055352 0.837297
vt 0.043745 0.817335
vt 0.336235 0.934369
vt 0.327532 0.917724
vt 0.048758 0.462991
vt 0.040658 0.455874
vt 0.006932 0.232623
vt 0.014999 0.238484
vt 0.004590 0.238475
vt 0.015609 0.979606
vt 0.133035 0.332897
vt 0.096642 0.332897
vt 0.131190 0.327730
vt 0.156048 0.419519
vt 0.149576 0.413589
vt 0.210581 0.973472
vt 0.077003 0.931918
vt 0.090130 0.925797
vt 0.107130 0.932675
vt 0.211804 0.912960
vt 0.012170 0.443822
vt 0.006713 0.446972
vt 0.004480 0.443981
vt 0.252851 0.459647
vt 0.010592 0.611988
vt 0.002630 0.609401
vt 0.007573 0.606426
vt 0.202820 0.946451
vt 0.041462 0.296523
vt 0.032485 0.296523
vt 0.014280 0.675066
vt 0.008287 0.680436
vt 0.008048 0.676165
vt 0.236826 0.338398
vt 0.234244 0.341093
vt 0.216365 0.332756
vt 0.012500 0.682813
vt 0.085956 0.861436
vt 0.101061 0.868479
vt 0.080818 0.873628
vt 0.321790 0.906589
vt 0.078259 0.172835
vt 0.052985 0.172835
vt 0.068208 0.166048
vt 0.019376 0.682916
vt 0.250488 0.516604
vt 0.113110 0.872791
vt 0.108026 0.532752
vt 0.079535 0.532752
vt 0.094271 0.529442
vt 0.251090 0.444588
vt 0.064229 0.408065
vt 0.071422 0.381221
vt 0.070537 0.409181
vt 0.006628 0.496830
vt 0.002560 0.495508
vt 0.006745 0.488968
vt 0.719566 0.022795
vt 0.663588 0.017898
vt 0.820252 0.016382
vt 0.335546 0.635278
vt 0.345189 0.643370
vt 0.309400 0.636299
vt 0.073214 0.970745
vt 0.074654 0.980991
vt 0.062189 0.976864
vt 0.123537 0.539986
vt 0.020091 0.647881
vt 0.020279 0.637100
vt 0.029371 0.636155
vt 0.082727 0.968354
vt 0.092393 0.997660
vt 0.075579 0.979793
vt 0.065005 0.381911
vt 0.043291 0.839144
vt 0.004868 0.695172
vt 0.002937 0.690736
vt 0.009659 0.689061
vt 0.035449 0.428081
vt 0.046927 0.431156
vt 0.030448 0.431860
vt 0.007456 0.714231
vt 0.009756 0.710248
vt 0.017520 0.714336
vt 0.334883 0.144707
vt 0.334883 0.245597
vt 0.307135 0.163631
vt 0.199259 0.955950
vt 0.736692 0.578774
vt 0.002584 0.683869
vt 0.063753 0.669397
vt 0.084181 0.667656
vt 0.073475 0.672935
vt 0.097197 0.125047
vt 0.121318 0.123702
vt 0.115757 0.130020
vt 0.133458 0.537734
vt 0.463470 0.904040
vt 0.141925 0.116766
vt 0.176297 0.037376
vt 0.194266 0.043917
vt 0.142659 0.042607
vt 0.006315 0.088646
vt 0.013710 0.094018
vt 0.004409 0.093387
vt 0.195330 0.926109
vt 0.055112 0.474947
vt 0.494411 0.395901
vt 0.509157 0.410646
vt 0.463394 0.405530
vt 0.216653 0.339900
vt 0.711369 0.526148
vt 0.719105 0.542645
vt 0.747178 0.605536
vt 0.031771 0.671057
vt 0.039915 0.683598
vt 0.025475 0.671297
vt 0.046429 0.735225
vt 0.028988 0.740892
vt 0.033822 0.722869
vt 0.048255 0.785160
vt 0.041814 0.789670
vt 0.030100 0.784767
vt 0.035601 0.634960
vt 0.023165 0.634960
vt 0.026557 0.632914
vt 0.042715 0.714593
vt 0.052780 0.714593
vt 0.044617 0.727696
vt 0.308803 0.642673
vt 0.094051 0.054110
vt 0.105769 0.045596
vt 0.105379 0.068939
vt 0.024238 0.688885
vt 0.101571 0.529971
vt 0.134962 0.529971
vt 0.111171 0.532223
vt 0.708787 0.466840
vt 0.719579 0.418950
vt 0.710235 0.500941
vt 0.084305 0.998345
vt 0.019517 0.584617
vt 0.027686 0.582881
vt 0.023291 0.596845
vt 0.016879 0.590148
vt 0.442789 0.395426
vt 0.062862 0.989282
vt 0.336386 0.489731
vt 0.344869 0.520099
vt 0.335472 0.523152
vt 0.016886 0.722954
vt 0.030127 0.722954
vt 0.018888 0.727095
vt 0.046735 0.472092
vt 0.090628 0.036603
vt 0.101827 0.036274
vt 0.097575 0.043550
vt 0.087741 0.069662
vt 0.115168 0.077601
vt 0.102863 0.091034
vt 0.102492 0.622392
vt 0.104052 0.608331
vt 0.125054 0.600686
vt 0.041339 0.213062
vt 0.049412 0.210124
vt 0.061991 0.213481
vt 0.170894 0.000064
vt 0.194701 0.002147
vt 0.157405 0.002384
vt 0.049836 0.736926
vt 0.234419 0.240718
vt 0.200470 0.243236
vt 0.219976 0.232380
vt 0.209012 0.988117
vt 0.122374 0.622270
vt 0.057171 0.441953
vt 0.040282 0.454224
vt 0.041664 0.435590
vt 0.039311 0.274254
vt 0.051265 0.295285
vt 0.039311 0.294153
vt 0.000679 0.448842
vt 0.004446 0.447618
vt 0.004708 0.453459
vt 0.334147 0.909466
vt 0.017732 0.582184
vt 0.024703 0.578933
vt 0.030750 0.582145
vt 0.055118 0.272296
vt 0.004150 0.376029
vt 0.004414 0.372257
vt 0.009072 0.372361
vt 0.331873 0.899212
vt 0.059122 0.288915
vt 0.121857 0.065509
vt 0.101913 0.593380
vt 0.090909 0.259950
vt 0.071328 0.263403
vt 0.065311 0.259614
vt 0.071008 0.030658
vt 0.048482 0.030658
vt 0.068302 0.026639
vt 0.056941 0.147495
vt 0.063575 0.138256
vt 0.074607 0.139807
vt 0.070949 0.995680
vt 0.057029 0.988869
vt 0.070948 0.352395
vt 0.070053 0.335656
vt 0.084541 0.342413
vt 0.016912 0.557902
vt 0.010263 0.558134
vt 0.008553 0.554991
vt 0.352032 0.655978
vt 0.265500 0.655357
vt 0.343324 0.649880
vt 0.074750 0.153150
vt 0.015367 0.347984
vt 0.028230 0.351431
vt 0.014865 0.351527
vt 0.716393 0.511645
vt 0.011055 0.340918
vt 0.012209 0.346644
vt 0.008136 0.342742
vt 0.081760 0.671527
vt 0.090997 0.673187
vt 0.132969 0.123652
vt 0.007897 0.345247
vt 0.021661 0.345829
vt 0.051839 0.025297
vt 0.042307 0.022921
vt 0.039248 0.009473
vt 0.048754 0.811570
vt 0.051686 0.815756
vt 0.032546 0.814889
vt 0.030038 0.860127
vt 0.040086 0.873957
vt 0.024557 0.868739
vt 0.075282 0.124029
vt 0.070441 0.021686
vt 0.059369 0.001409
vt 0.069338 0.009080
vt 0.034551 0.054791
vt 0.026537 0.034827
vt 0.043866 0.040447
vt 0.782637 0.339530
vt 0.833957 0.418556
vt 0.849587 0.523349
vt 0.052478 0.025719
vt 0.052506 0.000236
vt 0.201227 0.984167
vt 0.025486 0.158070
vt 0.015225 0.153286
vt 0.029339 0.152410
vt 0.722829 0.530760
vt 0.188569 0.985367
vt 0.193718 0.975253
vt 0.014280 0.342210
vt 0.080581 0.997423
vt 0.127668 0.617523
vt 0.086536 0.372259
vt 0.098840 0.371830
vt 0.080886 0.384372
vt 0.016040 0.889246
vt 0.022840 0.888890
vt 0.012909 0.892697
vt 0.086368 0.351485
vt 0.335525 0.646177
vt 0.010907 0.394242
vt 0.017986 0.394242
vt 0.015623 0.396650
vt 0.025674 0.050732
vt 0.187339 0.931849
vt 0.178402 0.947317
vt 0.165699 0.935423
vt 0.024552 0.206642
vt 0.024552 0.189539
vt 0.032549 0.206217
vt 0.094915 0.235507
vt 0.082567 0.233103
vt 0.088587 0.218203
vt 0.035830 0.509660
vt 0.045790 0.506991
vt 0.055257 0.509480
vt 0.071320 0.095784
vt 0.056059 0.093093
vt 0.079103 0.092756
vt 0.187490 0.237872
vt 0.199426 0.231298
vt 0.171839 0.949459
vt 0.130553 0.525726
vt 0.110677 0.520400
vt 0.150342 0.519328
vt 0.088573 0.401922
vt 0.209968 0.653500
vt 0.164584 0.657470
vt 0.155849 0.653905
vt 0.172431 0.965784
vt 0.011324 0.576812
vt 0.016300 0.575000
vt 0.019039 0.576652
vt 0.198611 0.358436
vt 0.193293 0.368434
vt 0.192191 0.358029
vt 0.055990 0.414351
vt 0.063930 0.416039
vt 0.052445 0.422382
vt 0.074881 0.413563
vt 0.183791 0.366669
vt 0.011836 0.325014
vt 0.021534 0.314478
vt 0.021264 0.327540
vt 0.000240 0.582718
vt 0.003406 0.586552
vt 0.000240 0.586092
vt 0.011767 0.317006
vt 0.238803 0.593671
vt 0.226260 0.614458
vt 0.229051 0.603423
vt 0.209768 0.357553
vt 0.207137 0.370340
vt 0.201382 0.369178
vt 0.004679 0.657626
vt 0.000708 0.657626
vt 0.002394 0.653833
vt 0.113609 0.583289
vt 0.004657 0.582401
vt 0.002616 0.037078
vt 0.000003 0.033481
vt 0.006363 0.032951
vt 0.194799 0.339987
vt 0.075851 0.231266
vt 0.124847 0.037377
vt 0.040580 0.191812
vt 0.002632 0.779693
vt 0.008702 0.777720
vt 0.003813 0.783494
vt 0.098899 0.347541
vt 0.234556 0.023657
vt 0.231828 0.075709
vt 0.213044 0.090936
vt 0.002674 0.862983
vt 0.005371 0.866694
vt 0.000506 0.865644
vt 0.129723 0.588057
vt 0.075507 0.217728
vt 0.039238 0.121609
vt 0.050380 0.121801
vt 0.045636 0.134837
vt 0.001050 0.146910
vt 0.004827 0.145682
vt 0.003845 0.152065
vt 0.013550 0.368974
vt 0.005549 0.371573
vt 0.008089 0.360062
vt 0.307121 0.797996
vt 0.313568 0.776910
vt 0.330141 0.868536
vt 0.001223 0.421406
vt 0.004576 0.416790
vt 0.005144 0.422094
vt 0.018548 0.345409
vt 0.158589 0.204656
vt 0.153203 0.165343
vt 0.157863 0.152538
vt 0.149096 0.931167
vt 0.264034 0.605725
vt 0.158460 0.967209
vt 0.236810 0.370901
vt 0.061167 0.373701
vt 0.052116 0.378926
vt 0.039715 0.373277
vt 0.173082 0.372614
vt 0.054311 0.657327
vt 0.061491 0.665885
vt 0.039390 0.665059
vt 0.003071 0.239110
vt 0.008683 0.239110
vt 0.007102 0.241301
vt 0.005041 0.347406
vt 0.013662 0.350424
vt 0.007369 0.352399
vt 0.037159 0.316252
vt 0.026053 0.315049
vt 0.026053 0.301911
vt 0.097420 0.336016
vt 0.041676 0.143327
vt 0.030640 0.934308
vt 0.026056 0.927999
vt 0.036534 0.933501
vt 0.072939 0.731016
vt 0.052613 0.722654
vt 0.058121 0.710283
vt 0.096036 0.150219
vt 0.096446 0.145535
vt 0.101113 0.157674
vt 0.143220 0.171613
vt 0.038100 0.298832
vt 0.011570 0.783170
vt 0.023479 0.071526
vt 0.017876 0.073257
vt 0.016651 0.069250
vt 0.052429 0.737318
vt 0.389962 0.403600
vt 0.043003 0.657630
vt 0.025557 0.657630
vt 0.031551 0.650401
vt 0.002543 0.431716
vt 0.004943 0.424332
vt 0.008230 0.432182
vt 0.006162 0.578827
vt 0.001184 0.578827
vt 0.001826 0.574454
vt 0.106275 0.855321
vt 0.106625 0.841784
vt 0.126184 0.818474
vt 0.006054 0.892437
vt 0.007809 0.888675
vt 0.010293 0.892611
vt 0.040055 0.916818
vt 0.033724 0.924214
vt 0.142586 0.151858
vt 0.014058 0.347591
vt 0.029230 0.871518
vt 0.016314 0.871518
vt 0.021718 0.869422
vt 0.147602 0.238897
vt 0.155567 0.241485
vt 0.144209 0.254201
vt 0.005744 0.330772
vt 0.008743 0.333772
vt 0.002520 0.333672
vt 0.024858 0.629596
vt 0.021545 0.635299
vt 0.022236 0.628942
vt 0.272706 0.610266
vt 0.123485 0.580869
vt 0.105358 0.583740
vt 0.127257 0.551911
vt 0.001501 0.596758
vt 0.001501 0.589824
vt 0.007314 0.590487
vt 0.126999 0.233314
vt 0.024766 0.946093
vt 0.014411 0.946093
vt 0.016551 0.943720
vt 0.016551 0.953493
vt 0.013730 0.959828
vt 0.007935 0.959677
vt 0.015003 0.888486
vt 0.028939 0.270147
vt 0.034696 0.268051
vt 0.043539 0.269563
vt 0.020418 0.632970
vt 0.031051 0.999449
vt 0.022253 0.998679
vt 0.033574 0.998103
vt 0.002042 0.253355
vt 0.007752 0.257504
vt 0.002853 0.261827
vt 0.029968 0.080178
vt 0.034104 0.076041
vt 0.047408 0.079973
vt 0.083189 0.205237
vt 0.012708 0.599843
vt 0.017285 0.592291
vt 0.023307 0.599467
vt 0.169586 0.983133
vt 0.727199 0.962487
vt 0.632002 0.993418
vt 0.611684 0.812654
vt 0.366781 0.589603
vt 0.056030 0.887957
vt 0.058047 0.876513
vt 0.068337 0.889736
vt 0.012772 0.060936
vt 0.018896 0.062237
vt 0.009018 0.065901
vt 0.083050 0.876180
vt 0.005029 0.826713
vt 0.015049 0.826713
vt 0.008704 0.832445
vt 0.819846 0.013958
vt 0.648115 0.013958
vt 0.829848 0.006120
vt 0.128299 0.857334
vt 0.118532 0.154054
vt 0.035155 0.741524
vt 0.035155 0.758965
vt 0.027529 0.741832
vt 0.011781 0.070904
vt 0.201450 0.862147
vt 0.200012 0.858196
vt 0.271254 0.853818
vt 0.043679 0.160142
vt 0.066425 0.158192
vt 0.056155 0.163485
vt 0.472612 0.830956
vt 0.075983 0.554992
vt 0.101294 0.573390
vt 0.083416 0.576578
vt 0.023841 0.838106
vt 0.019835 0.850435
vt 0.013377 0.839675
vt 0.011778 0.012819
vt 0.015034 0.022839
vt 0.007493 0.023420
vt 0.053945 0.547066
vt 0.043595 0.549266
vt 0.047778 0.538239
vt 0.040856 0.267875
vt 0.059046 0.267875
vt 0.051385 0.269833
vt 0.096376 0.165127
vt 0.003114 0.198369
vt 0.007600 0.204544
vt 0.002684 0.208095
vt 0.013830 0.635505
vt 0.032421 0.793090
vt 0.037675 0.809261
vt 0.025988 0.806963
vt 0.771976 0.795426
vt 0.833313 0.984202
vt 0.775954 0.962443
vt 0.169107 0.240594
vt 0.011732 0.396657
vt 0.005408 0.396657
vt 0.009274 0.394235
vt 0.016293 0.332394
vt 0.019967 0.330681
vt 0.026312 0.332377
vt 0.054348 0.530068
vt 0.066507 0.163551
vt 0.004810 0.981841
vt 0.002608 0.975064
vt 0.011104 0.975448
vt 0.102959 0.137809
vt 0.114961 0.132209
vt 0.047026 0.917361
vt 0.070506 0.917361
vt 0.057873 0.924461
vt 0.010484 0.590656
vt 0.010065 0.266736
vt 0.002668 0.269140
vt 0.003491 0.262692
vt 0.051762 0.000091
vt 0.051762 0.022436
vt 0.040305 0.008458
vt 0.170941 0.731737
vt 0.187382 0.728838
vt 0.217404 0.731984
vt 0.021521 0.523265
vt 0.010310 0.513518
vt 0.018019 0.512484
vt 0.110098 0.950915
vt 0.079912 0.950915
vt 0.092068 0.945755
vt 0.004139 0.580280
vt 0.008541 0.579083
vt 0.006433 0.583013
vt 0.003961 0.270060
vt 0.011060 0.275218
vt 0.003142 0.280381
vt 0.002611 0.122891
vt 0.003124 0.117031
vt 0.006693 0.123343
vt 0.013001 0.582959
vt 0.006942 0.668364
vt 0.002999 0.665062
vt 0.009244 0.661160
vt 0.263038 0.639357
vt 0.014732 0.033797
vt 0.025425 0.040159
vt 0.014732 0.042301
vt 0.022111 0.032054
vt 0.079380 0.583108
vt 0.336856 0.843595
vt 0.011048 0.518676
vt 0.779258 0.138935
vt 0.752367 0.291441
vt 0.728753 0.112832
vt 0.279011 0.554494
vt 0.312236 0.573676
vt 0.230370 0.576260
vt 0.004616 0.658766
vt 0.011243 0.521365
vt 0.002469 0.521365
vt 0.005421 0.512425
vt 0.127755 0.280398
vt 0.017069 0.310286
vt 0.018856 0.298431
vt 0.024811 0.299588
vt 0.006615 0.116129
vt 0.013679 0.377296
vt 0.020500 0.375748
vt 0.020500 0.384906
vt 0.113799 0.165419
vt 0.007399 0.725537
vt 0.002594 0.718923
vt 0.008670 0.718636
vt 0.309817 0.859279
vt 0.298904 0.781632
vt 0.328912 0.868710
vt 0.126784 0.136120
vt 0.386422 0.520222
vt 0.365043 0.562180
vt 0.389713 0.509804
vt 0.095178 0.231952
vt 0.093459 0.209262
vt 0.096588 0.214546
vt 0.014856 0.305929
vt 0.002544 0.462809
vt 0.009210 0.462809
vt 0.004494 0.472059
vt 0.010972 0.554368
vt 0.023309 0.554368
vt 0.019808 0.557777
vt 0.011821 0.388699
vt 0.023536 0.045810
vt 0.080347 0.192142
vt 0.304592 0.610961
vt 0.172087 0.335703
vt 0.003534 0.104333
vt 0.011647 0.104333
vt 0.008379 0.107714
vt 0.008632 0.815806
vt 0.009670 0.811520
vt 0.012727 0.813431
vt 0.001744 0.646395
vt 0.000126 0.641414
vt 0.005751 0.641068
vt 0.002594 0.731309
vt 0.011608 0.728380
vt 0.005638 0.736360
vt 0.043556 0.218159
vt 0.035889 0.222585
vt 0.025494 0.218620
vt 0.022470 0.111504
vt 0.016304 0.107942
vt 0.014281 0.103971
vt 0.039178 0.870159
vt 0.028503 0.855575
vt 0.038949 0.857050
vt 0.099486 0.210767
vt 0.041037 0.852172
vt 0.014747 0.623950
vt 0.027858 0.623950
vt 0.018868 0.628254
vt 0.001984 0.873399
vt 0.007320 0.876562
vt 0.003325 0.876274
vt 0.003923 0.813515
vt 0.294739 0.984468
vt 0.258740 0.987618
vt 0.223381 0.986089
vt 0.006415 0.873193
vt 0.336046 0.458389
vt 0.064949 0.781221
vt 0.056740 0.783421
vt 0.043278 0.781884
vt 0.054466 0.577014
vt 0.079716 0.577014
vt 0.078827 0.581654
vt 0.798671 0.163817
vt 0.786956 0.268475
vt 0.134074 0.336875
vt 0.100198 0.339839
vt 0.098051 0.334010
vt 0.001626 0.082781
vt 0.006061 0.082781
vt 0.000536 0.087027
vt 0.925026 0.000124
vt 0.925026 0.240816
vt 0.903083 0.002448
vt 0.010140 0.796925
vt 0.003184 0.799186
vt 0.002103 0.795819
vt 0.003178 0.972577
vt 0.003497 0.968933
vt 0.007106 0.973359
vt 0.006728 0.965426
vt 0.099543 0.205329
vt 0.002860 0.158119
vt 0.005731 0.155175
vt 0.010237 0.157777
vt 0.120849 0.157387
vt 0.119656 0.131945
vt 0.002496 0.153830
vt 0.041772 0.662449
vt 0.025591 0.659596
vt 0.042969 0.658315
vt 0.025513 0.964233
vt 0.025513 0.947618
vt 0.038150 0.950328
vt 0.010607 0.296599
vt 0.003082 0.299044
vt 0.005433 0.290574
vt 0.024335 0.482005
vt 0.018397 0.486163
vt 0.011414 0.482270
vt 0.791499 0.574544
vt 0.000704 0.929205
vt 0.005662 0.929205
vt 0.001803 0.932695
vt 0.001452 0.019100
vt 0.004887 0.019705
vt 0.000671 0.023995
vt 0.036939 0.075647
vt 0.054996 0.075009
vt 0.054046 0.080231
vt 0.006674 0.023708
vt 0.053625 0.501435
vt 0.051451 0.483958
vt 0.058146 0.479955
vt 0.124569 0.127894
vt 0.010341 0.107434
vt 0.005319 0.367825
vt 0.004237 0.371157
vt 0.000557 0.368069
vt 0.268387 0.762591
vt 0.270887 0.756833
vt 0.278687 0.757929
vt 0.044915 0.384834
vt 0.039693 0.379612
vt 0.060699 0.380272
vt 0.006810 0.086682
vt 0.105255 0.199982
vt 0.101111 0.199382
vt 0.002615 0.292031
vt 0.118581 0.164967
vt 0.075273 0.082282
vt 0.079860 0.084421
vt 0.056481 0.091692
vt 0.016809 0.649529
vt 0.023837 0.649529
vt 0.020728 0.650177
vt 0.091098 0.200635
vt 0.002577 0.923830
vt 0.006495 0.919273
vt 0.010040 0.925173
vt 0.003517 0.491001
vt 0.001650 0.488431
vt 0.005696 0.488759
vt 0.064021 0.642280
vt 0.064409 0.637838
vt 0.067089 0.641680
vt 0.060564 0.639037
vt 0.284503 0.754929
vt 0.003142 0.089599
vt 0.010553 0.406293
vt 0.008563 0.403662
vt 0.017392 0.397707
vt 0.011208 0.397331
vt 0.002669 0.359120
vt 0.007125 0.359120
vt 0.005387 0.366639
vt 0.000576 0.887861
vt 0.006770 0.887861
vt 0.003656 0.893236
vt 0.276134 0.660345
vt 0.079555 0.091961
vt 0.072819 0.644208
vt 0.072180 0.666824
vt 0.066750 0.668279
vt 0.010156 0.919216
vt 0.057576 0.078955
vt 0.005456 0.927992
vt 0.044566 0.638924
vt 0.002674 0.105290
vt 0.006663 0.108188
vt 0.001173 0.108226
vt 0.005521 0.433017
vt 0.014557 0.439249
vt 0.005521 0.443084
vt 0.126009 0.165445
vt 0.009975 0.433396
vt 0.014382 0.427102
vt 0.014464 0.437665
vt 0.013054 0.442689
vt 0.067120 0.642691
vt 0.008553 0.426684
vt 0.029238 0.163046
vt 0.022554 0.159187
vt 0.038170 0.159267
vt 0.009165 0.413302
vt 0.007399 0.408931
vt 0.016597 0.412008
vt 0.084558 0.089249
vt 0.082853 0.092555
vt 0.011693 0.574549
vt 0.007999 0.578242
vt 0.003978 0.574762
vt 0.003759 0.181223
vt 0.005173 0.185575
vt 0.000704 0.184774
vt 0.060102 0.691742
vt 0.058770 0.685130
vt 0.063988 0.683238
vt 0.000193 0.528549
vt 0.005684 0.528549
vt 0.001910 0.534135
vt 0.070443 0.691257
vt 0.014956 0.189444
vt 0.007619 0.191828
vt 0.007081 0.188682
vt 0.013701 0.094543
vt 0.007693 0.102813
vt 0.006377 0.095312
vt 0.012618 0.219431
vt 0.009993 0.229149
vt 0.007691 0.219603
vt 0.006678 0.476955
vt 0.002137 0.476955
vt 0.002983 0.474073
vt 0.052896 0.687457
vt 0.046653 0.480213
vt 0.053453 0.480175
vt 0.002067 0.220666
vt 0.002067 0.213223
vt 0.009196 0.217717
vt 0.063977 0.615542
vt 0.060933 0.611196
vt 0.086471 0.613118
vt 0.075516 0.753984
vt 0.079272 0.752528
vt 0.080510 0.756577
vt 0.000061 0.459708
vt 0.000551 0.454102
vt 0.004626 0.459397
vt 0.006097 0.992339
vt 0.009988 0.994496
vt 0.003596 0.994002
vt 0.103393 0.518704
vt 0.129712 0.518704
vt 0.106650 0.519494
vt 0.017458 0.765443
vt 0.008987 0.773196
vt 0.010148 0.766340
vt 0.005012 0.224559
vt 0.093436 0.745092
vt 0.295278 0.751566
vt 0.008381 0.476923
vt 0.006542 0.475085
vt 0.012557 0.475311
vt 0.083323 0.775476
vt 0.144765 0.486755
vt 0.138158 0.478471
vt 0.148371 0.476807
vt 0.005146 0.233239
vt 0.003483 0.238357
vt 0.000731 0.234881
vt 0.014070 0.043479
vt 0.008946 0.033991
vt 0.014070 0.032916
vt 0.014523 0.992540
vt 0.015635 0.253752
vt 0.009185 0.257476
vt 0.005423 0.253298
vt 0.000146 0.957157
vt 0.002022 0.954575
vt 0.005731 0.958256
vt 0.008506 0.997377
vt 0.013984 0.776183
vt 0.004836 0.454176
vt 0.126541 0.157348
vt 0.070116 0.677937
vt 0.083763 0.081784
vt 0.070096 0.264769
vt 0.096015 0.260198
vt 0.098856 0.265267
vt 0.307338 0.761511
vt 0.013264 0.918064
vt 0.015232 0.916412
vt 0.020037 0.917943
vt 0.795993 0.793200
vt 0.820981 0.746065
vt 0.915564 0.637260
vt 0.009385 0.042253
vt 0.007320 0.459413
vt 0.008124 0.461886
vt 0.002160 0.462233
vt 0.108733 0.470990
vt 0.112996 0.470039
vt 0.120474 0.477906
vt 0.003329 0.068162
vt 0.005686 0.071407
vt 0.001170 0.070578
vt 0.006202 0.192878
vt 0.000654 0.191899
vt 0.005608 0.186162
vt 0.007969 0.918573
vt 0.006495 0.916468
vt 0.013093 0.916393
vt 0.000771 0.186400
vt 0.059074 0.666730
vt 0.029593 0.151719
vt 0.019148 0.149878
vt 0.030803 0.148966
vt 0.003622 0.329042
vt 0.010771 0.319342
vt 0.011069 0.329042
vt 0.004580 0.322155
vt 0.018933 0.448515
vt 0.019851 0.451941
vt 0.013140 0.445219
vt 0.005120 0.181751
vt 0.008814 0.181317
vt 0.009894 0.185083
vt 0.182102 0.666971
vt 0.166486 0.715030
vt 0.174344 0.663776
vt 0.001151 0.618811
vt 0.003850 0.615097
vt 0.004725 0.621436
vt 0.011578 0.451905
vt 0.001480 0.318300
vt 0.001480 0.311634
vt 0.006845 0.318630
vt 0.008552 0.447311
vt 0.000749 0.785372
vt 0.005685 0.785200
vt 0.000681 0.789382
vt 0.110698 0.461950
vt 0.320143 0.244648
vt 0.332927 0.253599
vt 0.248856 0.243952
vt 0.006956 0.187264
vt 0.089095 0.157115
vt 0.076524 0.123982
vt 0.091944 0.149694
vt 0.024282 0.095364
vt 0.026428 0.100560
vt 0.016104 0.103327
vt 0.011154 0.907722
vt 0.002558 0.907722
vt 0.002789 0.902268
vt 0.015687 0.095232
vt 0.052476 0.673885
vt 0.014335 0.883999
vt 0.021498 0.887339
vt 0.009843 0.887794
vt 0.100435 0.137268
vt 0.728207 0.112318
vt 0.728207 0.296595
vt 0.680216 0.285982
vt 0.009632 0.715482
vt 0.008111 0.717917
vt 0.004080 0.717165
vt 0.001012 0.142765
vt 0.002929 0.136863
vt 0.006824 0.142436
vt 0.117918 0.472587
vt 0.003855 0.790706
vt 0.115401 0.484515
vt 0.006478 0.314090
vt 0.013979 0.187929
vt 0.002991 0.131141
vt 0.005311 0.124001
vt 0.011211 0.129462
vt 0.359429 0.691314
vt 0.346900 0.710290
vt 0.334866 0.253495
vt 0.316149 0.238739
vt 0.317115 0.197087
vt 0.096242 0.162462
vt 0.071021 0.158015
vt 0.099400 0.157812
vt 0.295448 0.759854
vt 0.294217 0.764403
vt 0.288758 0.764430
vt 0.013101 0.002730
vt 0.019586 0.000254
vt 0.016815 0.002405
vt 0.009307 0.000208
vt 0.008281 0.766908
vt 0.008581 0.770334
vt 0.002797 0.763611
vt 0.013072 0.646570
vt 0.009773 0.648309
vt 0.008935 0.643999
vt 0.240453 0.958284
vt 0.240453 0.875702
vt 0.301663 0.903540
vt 0.098002 0.259396
vt 0.117009 0.245586
vt 0.100258 0.262131
vt 0.010879 0.639725
vt 0.017999 0.648718
vt 0.021603 0.108979
vt 0.027379 0.649366
vt 0.032748 0.649835
vt 0.024549 0.649851
vt 0.009194 0.398360
vt 0.006632 0.406244
vt 0.003049 0.399219
vt 0.007490 0.513528
vt 0.007490 0.502632
vt 0.016995 0.510007
vt 0.298685 0.767144
vt 0.012693 0.503270
vt 0.002683 0.771649
vt 0.228333 0.363987
vt 0.195966 0.350248
vt 0.263388 0.369634
vt 0.009108 0.415547
vt 0.002156 0.415547
vt 0.003943 0.408155
vt 0.004585 0.867326
vt 0.011218 0.872145
vt 0.003474 0.872060
vt 0.348282 0.083238
vt 0.349704 0.001791
vt 0.410288 0.000014
vt 0.326495 0.766138
vt 0.026144 0.763827
vt 0.021238 0.759710
vt 0.036549 0.759679
vt 0.119084 0.470483
vt 0.021953 0.805398
vt 0.014286 0.794845
vt 0.020882 0.791076
vt 0.495306 0.079471
vt 0.528789 0.192390
vt 0.503462 0.172698
vt 0.008846 0.631488
vt 0.020047 0.631488
vt 0.012054 0.634917
vt 0.020540 0.998398
vt 0.009332 0.998398
vt 0.014518 0.993767
vt 0.259850 0.427853
vt 0.201905 0.422784
vt 0.273120 0.423267
vt 0.107609 0.130309
vt 0.090296 0.124957
vt 0.011812 0.045874
vt 0.015562 0.044126
vt 0.020509 0.045982
vt 0.058152 0.051815
vt 0.037832 0.051815
vt 0.045142 0.048577
vt 0.037133 0.031509
vt 0.035629 0.034113
vt 0.023102 0.031799
vt 0.002454 0.648037
vt 0.007153 0.641569
vt 0.008810 0.648833
vt 0.247958 0.369259
vt 0.307336 0.253575
vt 0.045663 0.710558
vt 0.040334 0.709618
vt 0.057120 0.709991
vt 0.338181 0.749413
vt 0.009141 0.339993
vt 0.002674 0.344692
vt 0.002612 0.336993
vt 0.085459 0.190275
vt 0.075331 0.189869
vt 0.080641 0.178481
vt 0.012589 0.029991
vt 0.007312 0.030268
vt 0.012697 0.024581
vt 0.073917 0.258393
vt 0.056345 0.258393
vt 0.070815 0.247483
vt 0.003953 0.027851
vt 0.591335 0.860734
vt 0.534312 0.713198
vt 0.647373 0.722036
vt 0.197969 0.221352
vt 0.264147 0.221925
vt 0.225383 0.228697
vt 0.019845 0.003557
vt 0.016718 0.005747
vt 0.010517 0.003935
vt 0.834658 0.721694
vt 0.046530 0.345812
vt 0.063186 0.343692
vt 0.070022 0.346181
vt 0.158761 0.925046
vt 0.157136 0.920788
vt 0.175574 0.930050
vt 0.265002 0.251184
vt 0.024061 0.297456
vt 0.039112 0.297456
vt 0.026910 0.299997
vt 0.148111 0.920011
vt 0.057049 0.179688
vt 0.156182 0.046633
vt 0.137138 0.057187
vt 0.128287 0.048336
vt 0.064463 0.287951
vt 0.057866 0.279489
vt 0.070996 0.275223
vt 0.005514 0.739057
vt 0.011583 0.730704
vt 0.013095 0.740403
vt 0.016030 0.312394
vt 0.007476 0.318609
vt 0.008452 0.304799
vt 0.149919 0.924766
vt 0.083224 0.253621
vt 0.099181 0.267254
vt 0.126288 0.244499
vt 0.105791 0.500912
vt 0.018931 0.699871
vt 0.012829 0.704144
vt 0.008493 0.700159
vt 0.130463 0.930431
vt 0.132498 0.923813
vt 0.141840 0.921417
vt 0.005181 0.803634
vt 0.011207 0.808012
vt 0.002995 0.810960
vt 0.054336 0.407978
vt 0.047284 0.409349
vt 0.041648 0.391337
vt 0.349564 0.724586
vt 0.015727 0.190488
vt 0.022021 0.189035
vt 0.015785 0.194412
vt 0.302992 0.770312
vt 0.111671 0.501811
vt 0.072663 0.284970
vt 0.016841 0.254337
vt 0.020565 0.266232
vt 0.017217 0.261521
vt 0.010300 0.192268
vt 0.158251 0.719672
vt 0.134687 0.913239
vt 0.208511 0.712617
vt 0.215983 0.719993
vt 0.218755 0.732000
vt 0.027881 0.926046
vt 0.014724 0.926046
vt 0.021998 0.921162
vt 0.307415 0.199051
vt 0.065323 0.340401
vt 0.271585 0.860542
vt 0.010287 0.259321
vt 0.319782 0.778931
vt 0.190733 0.553942
vt 0.199245 0.576323
vt 0.183938 0.572612
vt 0.452212 0.231696
vt 0.536551 0.272394
vt 0.473568 0.278497
vt 0.002143 0.357781
vt 0.002143 0.350838
vt 0.008631 0.354497
vt 0.079750 0.283082
vt 0.140109 0.908301
vt 0.010012 0.333451
vt 0.008018 0.330604
vt 0.016468 0.330741
vt 0.808059 0.468847
vt 0.778673 0.341565
vt 0.848653 0.524253
vt 0.081016 0.276613
vt 0.085014 0.742382
vt 0.078845 0.738416
vt 0.085204 0.732057
vt 0.151587 0.908142
vt 0.007569 0.356253
vt 0.017896 0.356253
vt 0.014318 0.367547
vt 0.202394 0.207694
vt 0.273610 0.207694
vt 0.268121 0.215420
vt 0.729810 0.685423
vt 0.780550 0.576612
vt 0.749345 0.714802
vt 0.267751 0.227026
vt 0.125811 0.056758
vt 0.002518 0.650891
vt 0.011194 0.650891
vt 0.005150 0.656160
vt 0.342463 0.733013
vt 0.086110 0.278406
vt 0.073673 0.732452
vt 0.273149 0.371280
vt 0.252033 0.378965
vt 0.201876 0.372823
vt 0.007252 0.290685
vt 0.002540 0.284198
vt 0.008234 0.283752
vt 0.069301 0.246567
vt 0.050190 0.260453
vt 0.052471 0.242486
vt 0.123577 0.075526
vt 0.120085 0.089544
vt 0.117576 0.078583
vt 0.011095 0.883857
vt 0.007909 0.874052
vt 0.019515 0.873244
vt 0.838844 0.709187
vt 0.023738 0.852697
vt 0.029286 0.858616
vt 0.023013 0.868655
vt 0.730073 0.700472
vt 0.013396 0.654002
vt 0.024801 0.657208
vt 0.023449 0.664877
vt 0.080418 0.725913
vt 0.115121 0.047556
vt 0.019196 0.854632
vt 0.010773 0.156000
vt 0.004899 0.153191
vt 0.006232 0.143706
vt 0.014200 0.146277
vt 0.007240 0.958214
vt 0.003154 0.954127
vt 0.013007 0.954346
vt 0.057700 0.123689
vt 0.055869 0.097172
vt 0.069096 0.109103
vt 0.525836 0.290949
vt 0.487731 0.301687
vt 0.038943 0.909569
vt 0.038472 0.914949
vt 0.032088 0.909042
vt 0.120863 0.069955
vt 0.128212 0.058018
vt 0.014920 0.909945
vt 0.028664 0.909945
vt 0.020246 0.914247
vt 0.052963 0.045601
vt 0.064152 0.040673
vt 0.064584 0.046006
vt 0.015627 0.900377
vt 0.011383 0.894537
vt 0.024366 0.890025
vt 0.004061 0.158886
vt 0.010473 0.158886
vt 0.010631 0.168734
vt 0.073464 0.725580
vt 0.296819 0.232228
vt 0.290770 0.217065
vt 0.004140 0.885357
vt 0.007470 0.877115
vt 0.010632 0.885862
vt 0.067009 0.503877
vt 0.046605 0.503877
vt 0.049183 0.501510
vt 0.018864 0.765526
vt 0.030190 0.773755
vt 0.015844 0.775070
vt 0.043516 0.267287
vt 0.031456 0.259648
vt 0.038654 0.262425
vt 0.128540 0.898659
vt 0.039197 0.680625
vt 0.041000 0.672144
vt 0.050829 0.680374
vt 0.077302 0.040943
vt 0.003570 0.878535
vt 0.112728 0.082521
vt 0.115982 0.055290
vt 0.025534 0.267194
vt 0.295321 0.186281
vt 0.114329 0.093304
vt 0.013605 0.667252
vt 0.203138 0.007226
vt 0.197886 0.003548
vt 0.209103 0.003943
vt 0.502014 0.186268
vt 0.051296 0.673248
vt 0.012022 0.777130
vt 0.003649 0.777130
vt 0.005151 0.771842
vt 0.007874 0.853786
vt 0.015633 0.853786
vt 0.011175 0.856302
vt 0.052405 0.216074
vt 0.061610 0.223178
vt 0.052578 0.226010
vt 0.022729 0.820298
vt 0.031140 0.824267
vt 0.022980 0.835921
vt 0.059568 0.643197
vt 0.066041 0.646215
vt 0.055898 0.656727
vt 0.055605 0.166737
vt 0.041088 0.167413
vt 0.044122 0.164712
vt 0.022152 0.648341
vt 0.031336 0.635699
vt 0.031717 0.648826
vt 0.084618 0.716699
vt 0.076733 0.718599
vt 0.065390 0.668262
vt 0.022761 0.915640
vt 0.080762 0.105791
vt 0.023160 0.781487
vt 0.002066 0.680192
vt 0.002066 0.673383
vt 0.009197 0.673399
vt 0.070024 0.233975
vt 0.057726 0.233012
vt 0.178811 0.574817
vt 0.009726 0.131751
vt 0.006873 0.140532
vt 0.002517 0.132115
vt 0.056275 0.270535
vt 0.044791 0.272560
vt 0.036772 0.271107
vt 0.038281 0.693987
vt 0.032568 0.692250
vt 0.040493 0.685231
vt 0.008360 0.292722
vt 0.009118 0.284064
vt 0.016125 0.292213
vt 0.035972 0.164615
vt 0.038251 0.153399
vt 0.048864 0.149170
vt 0.045238 0.156657
vt 0.105417 0.202880
vt 0.118852 0.190148
vt 0.141890 0.221857
vt 0.043269 0.514792
vt 0.051460 0.512750
vt 0.061530 0.528386
vt 0.082784 0.817295
vt 0.105556 0.804147
vt 0.117020 0.818282
vt 0.833303 0.217637
vt 0.860267 0.246072
vt 0.837694 0.233914
vt 0.106745 0.243740
vt 0.014311 0.812791
vt 0.009807 0.809638
vt 0.021045 0.809864
vt 0.287816 0.210055
vt 0.048128 0.670383
vt 0.034251 0.687116
vt 0.784881 0.771086
vt 0.030830 0.829377
vt 0.291794 0.532024
vt 0.249841 0.560941
vt 0.257150 0.526537
vt 0.047772 0.599965
vt 0.036833 0.615021
vt 0.029603 0.601031
vt 0.102549 0.509315
vt 0.139860 0.509315
vt 0.125055 0.514681
vt 0.039116 0.704583
vt 0.032151 0.237528
vt 0.018779 0.241873
vt 0.020163 0.234620
vt 0.055305 0.606150
vt 0.046730 0.597575
vt 0.055621 0.582880
vt 0.802598 0.259031
vt 0.817314 0.221520
vt 0.015934 0.281225
vt 0.190122 0.649737
vt 0.192457 0.598474
vt 0.197733 0.638867
vt 0.028068 0.688918
vt 0.032739 0.500654
vt 0.028311 0.503754
vt 0.018681 0.500963
vt 0.094633 0.748408
vt 0.127208 0.758992
vt 0.097430 0.786852
vt 0.081137 0.712564
vt 0.085921 0.091710
vt 0.083488 0.068566
vt 0.103584 0.094020
vt 0.075606 0.553031
vt 0.108037 0.553031
vt 0.097973 0.566949
vt 0.038495 0.100798
vt 0.027507 0.100606
vt 0.024678 0.091171
vt 0.039135 0.876182
vt 0.035641 0.888840
vt 0.029121 0.881284
vt 0.559519 0.334432
vt 0.537253 0.336758
vt 0.552961 0.324190
vt 0.017036 0.355487
vt 0.009899 0.355487
vt 0.010073 0.353132
vt 0.181539 0.534697
vt 0.190978 0.549804
vt 0.142518 0.531000
vt 0.070405 0.505003
vt 0.062995 0.527808
vt 0.052514 0.511852
vt 0.039739 0.811714
vt 0.032010 0.811037
vt 0.047814 0.810715
vt 0.052698 0.157047
vt 0.200226 0.987351
vt 0.193792 0.995019
vt 0.148941 0.989167
vt 0.058713 0.149026
vt 0.090026 0.744860
vt 0.078202 0.751675
vt 0.069542 0.744408
vt 0.274475 0.208770
vt 0.273103 0.188440
vt 0.016760 0.671064
vt 0.023886 0.671319
vt 0.023886 0.684470
vt 0.169349 0.560075
vt 0.017066 0.676887
vt 0.171434 0.576316
vt 0.537094 0.318664
vt 0.519326 0.318933
vt 0.558564 0.353212
vt 0.056297 0.666584
vt 0.294342 0.168640
vt 0.514209 0.195632
vt 0.101968 0.412849
vt 0.125260 0.412849
vt 0.106807 0.450031
vt 0.813882 0.636471
vt 0.816766 0.594275
vt 0.878406 0.589225
vt 0.878159 0.245226
vt 0.900137 0.197477
vt 0.891231 0.259039
vt 0.268464 0.227405
vt 0.165567 0.017747
vt 0.230613 0.017747
vt 0.165670 0.027310
vt 0.837580 0.280840
vt 0.264582 0.580384
vt 0.351970 0.580384
vt 0.301479 0.584160
vt 0.039875 0.103191
vt 0.039875 0.081432
vt 0.060517 0.086649
vt 0.454385 0.961346
vt 0.438292 0.996546
vt 0.433577 0.967708
vt 0.227305 0.574344
vt 0.101688 0.108737
vt 0.082473 0.112125
vt 0.072651 0.109378
vt 0.573780 0.686300
vt 0.025997 0.889734
vt 0.081022 0.708867
vt 0.081022 0.700535
vt 0.111926 0.702706
vt 0.050736 0.419980
vt 0.032516 0.425900
vt 0.033955 0.404658
vt 0.062275 0.747875
vt 0.021639 0.810158
vt 0.026882 0.808250
vt 0.034679 0.810262
vt 0.085376 0.713709
vt 0.100227 0.709730
vt 0.097308 0.741503
vt 0.764964 0.285810
vt 0.200832 0.111976
vt 0.225710 0.082327
vt 0.210619 0.137716
vt 0.925045 0.243267
vt 0.869838 0.263882
vt 0.043743 0.661014
vt 0.043743 0.640161
vt 0.058607 0.643081
vt 0.169248 0.400198
vt 0.158407 0.397293
vt 0.208391 0.400454
vt 0.083149 0.202760
vt 0.074632 0.215457
vt 0.065717 0.207431
vt 0.028059 0.349905
vt 0.028059 0.333249
vt 0.042950 0.347283
vt 0.082720 0.743369
vt 0.055869 0.743369
vt 0.070168 0.733124
vt 0.410951 0.999837
vt 0.158342 0.563222
vt 0.142991 0.705280
vt 0.126033 0.679997
vt 0.129212 0.665042
vt 0.248246 0.003900
vt 0.198076 0.349466
vt 0.223950 0.343966
vt 0.267644 0.369550
vt 0.080085 0.701873
vt 0.071882 0.727118
vt 0.059974 0.702216
vt 0.052646 0.529412
vt 0.040946 0.545515
vt 0.039910 0.530403
vt 0.792704 0.342945
vt 0.516523 0.339791
vt 0.489696 0.322999
vt 0.506208 0.204162
vt 0.487848 0.213610
vt 0.270686 0.183104
vt 0.374868 0.991947
vt 0.223295 0.154696
vt 0.415283 0.780754
vt 0.455922 0.905828
vt 0.420007 0.899208
vt 0.034310 0.790406
vt 0.049431 0.790406
vt 0.038914 0.809986
vt 0.463621 0.412068
vt 0.412273 0.424029
vt 0.379489 0.412097
vt 0.526781 0.212475
vt 0.158949 0.572850
vt 0.086280 0.742768
vt 0.056611 0.932767
vt 0.036925 0.939163
vt 0.041087 0.916860
vt 0.384547 0.914047
vt 0.368716 0.947054
vt 0.350346 0.892425
vt 0.127661 0.096459
vt 0.098588 0.096459
vt 0.111401 0.094531
vt 0.128710 0.708122
vt 0.923150 0.576374
vt 0.830583 0.571714
vt 0.332857 0.996007
vt 0.252843 0.970009
vt 0.260379 0.947186
vt 0.039555 0.434444
vt 0.039555 0.452431
vt 0.026557 0.436323
vt 0.122035 0.086148
vt 0.128926 0.084005
vt 0.130169 0.098205
vt 0.907595 0.279022
vt 0.056257 0.611820
vt 0.056257 0.634508
vt 0.039728 0.632590
vt 0.149528 0.030004
vt 0.206006 0.030004
vt 0.198389 0.041005
vt 0.495196 0.355536
vt 0.383966 0.600939
vt 0.368366 0.602924
vt 0.376253 0.582896
vt 0.390129 0.591083
vt 0.345482 0.621394
vt 0.355073 0.601596
vt 0.360574 0.625511
vt 0.150521 0.567615
vt 0.380313 0.634458
vt 0.530397 0.210364
vt 0.130236 0.979276
vt 0.101057 0.988599
vt 0.100098 0.970303
vt 0.340369 0.357938
vt 0.328076 0.339844
vt 0.343837 0.334369
vt 0.142576 0.558931
vt 0.269516 0.821478
vt 0.298208 0.830295
vt 0.275792 0.885776
vt 0.020240 0.449052
vt 0.027104 0.446822
vt 0.028241 0.462091
vt 0.250108 0.524910
vt 0.240702 0.530341
vt 0.240186 0.501445
vt 0.072846 0.334681
vt 0.055298 0.335908
vt 0.053501 0.319822
vt 0.887839 0.286353
vt 0.096992 0.951656
vt 0.121834 0.955763
vt 0.342406 0.604527
vt 0.248624 0.493000
vt 0.353770 0.656753
vt 0.340702 0.633515
vt 0.334057 0.615327
vt 0.143680 0.797188
vt 0.159079 0.769917
vt 0.178063 0.771245
vt 0.347950 0.666601
vt 0.338272 0.673549
vt 0.362658 0.300028
vt 0.374279 0.286332
vt 0.388208 0.293870
vt 0.370141 0.964106
vt 0.212978 0.148263
vt 0.171868 0.135407
vt 0.180171 0.126958
vt 0.074745 0.816938
vt 0.074745 0.844669
vt 0.057478 0.837185
vt 0.266054 0.668487
vt 0.242375 0.662222
vt 0.258064 0.651354
vt 0.105063 0.483019
vt 0.105063 0.498606
vt 0.080132 0.484383
vt 0.388965 0.431223
vt 0.406648 0.826239
vt 0.396858 0.844651
vt 0.383909 0.794170
vt 0.140644 0.625331
vt 0.115225 0.623107
vt 0.154608 0.622465
vt 0.109355 0.819482
vt 0.123785 0.818473
vt 0.101484 0.846072
vt 0.042588 0.029654
vt 0.025482 0.029654
vt 0.026532 0.014420
vt 0.129802 0.058504
vt 0.274168 0.684913
vt 0.257815 0.684009
vt 0.334057 0.950462
vt 0.415421 0.811100
vt 0.232752 0.513260
vt 0.078580 0.503644
vt 0.126417 0.964713
vt 0.126691 0.921673
vt 0.134599 0.947167
vt 0.196594 0.581899
vt 0.336172 0.308693
vt 0.167545 0.658300
vt 0.224308 0.653334
vt 0.232552 0.660573
vt 0.263494 0.698759
vt 0.106465 0.782142
vt 0.117879 0.817270
vt 0.104942 0.800489
vt 0.190801 0.205379
vt 0.168682 0.206152
vt 0.195667 0.177080
vt 0.016564 0.962863
vt 0.008720 0.973119
vt 0.007432 0.964474
vt 0.150202 0.575928
vt 0.361161 0.276858
vt 0.285378 0.819853
vt 0.215921 0.324862
vt 0.243643 0.323383
vt 0.239322 0.335774
vt 0.378768 0.668155
vt 0.313602 0.315721
vt 0.301805 0.334171
vt 0.293477 0.329135
vt 0.319866 0.327712
vt 0.123904 0.703417
vt 0.397198 0.895437
vt 0.408091 0.826064
vt 0.413081 0.903225
vt 0.238835 0.455947
vt 0.392192 0.673522
vt 0.140222 0.951761
vt 0.176533 0.324740
vt 0.040580 0.551242
vt 0.057275 0.547997
vt 0.039688 0.560720
vt 0.213108 0.028286
vt 0.111400 0.309706
vt 0.110964 0.322210
vt 0.102012 0.308134
vt 0.399109 0.911851
vt 0.316570 0.124662
vt 0.328857 0.105469
vt 0.323753 0.131959
vt 0.078667 0.422233
vt 0.060591 0.445741
vt 0.056495 0.438940
vt 0.069928 0.448482
vt 0.190654 0.149872
vt 0.236977 0.687681
vt 0.029122 0.367730
vt 0.023783 0.361855
vt 0.029848 0.354627
vt 0.095706 0.516981
vt 0.064444 0.086136
vt 0.049702 0.082186
vt 0.073216 0.081837
vt 0.365578 0.699670
vt 0.127457 0.122802
vt 0.102880 0.118468
vt 0.140509 0.116669
vt 0.226771 0.653614
vt 0.415462 0.927443
vt 0.128217 0.024490
vt 0.109574 0.027778
vt 0.097052 0.023643
vt 0.159696 0.129849
vt 0.324147 0.286939
vt 0.457284 0.357747
vt 0.004327 0.941742
vt 0.012057 0.944254
vt 0.003614 0.950031
vt 0.415782 0.825710
vt 0.143148 0.574707
vt 0.370927 0.685281
vt 0.125216 0.325936
vt 0.451744 0.328836
vt 0.198973 0.666139
vt 0.900890 0.315328
vt 0.150296 0.766722
vt 0.023041 0.352152
vt 0.145865 0.939842
vt 0.418486 0.579637
vt 0.427486 0.551691
vt 0.435674 0.562409
vt 0.031779 0.709937
vt 0.019641 0.706577
vt 0.021468 0.697984
vt 0.016428 0.973963
vt 0.407372 0.555277
vt 0.039154 0.080857
vt 0.039154 0.099359
vt 0.027938 0.091219
vt 0.916103 0.301353
vt 0.073631 0.663004
vt 0.074511 0.637801
vt 0.083079 0.665333
vt 0.314150 0.136291
vt 0.322035 0.296166
vt 0.383792 0.269441
vt 0.158285 0.105201
vt 0.158285 0.047567
vt 0.173196 0.104140
vt 0.479914 0.458538
vt 0.432641 0.528691
vt 0.419036 0.479500
vt 0.112995 0.289147
vt 0.240015 0.718352
vt 0.040755 0.563298
vt 0.049495 0.563298
vt 0.041507 0.571390
vt 0.443412 0.562152
vt 0.347838 0.426071
vt 0.394681 0.775215
vt 0.056420 0.210766
vt 0.351963 0.257635
vt 0.086973 0.925370
vt 0.058963 0.925370
vt 0.079445 0.914493
vt 0.530761 0.220235
vt 0.143318 0.508705
vt 0.105458 0.508705
vt 0.120114 0.505007
vt 0.032205 0.056606
vt 0.018195 0.061159
vt 0.016766 0.046579
vt 0.398788 0.575866
vt 0.369675 0.568337
vt 0.380070 0.561452
vt 0.427605 0.926086
vt 0.176508 0.754232
vt 0.862315 0.363376
vt 0.357553 0.972167
vt 0.422854 0.901043
vt 0.104595 0.447016
vt 0.089333 0.447016
vt 0.101615 0.428448
vt 0.102319 0.118089
vt 0.082881 0.123298
vt 0.073489 0.117643
vt 0.048100 0.574538
vt 0.321979 0.997703
vt 0.397414 0.997703
vt 0.383678 0.999848
vt 0.361178 0.108241
vt 0.354746 0.125169
vt 0.019882 0.915576
vt 0.009011 0.915576
vt 0.013576 0.911064
vt 0.176058 0.064042
vt 0.020719 0.713868
vt 0.294046 0.281159
vt 0.432016 0.910878
vt 0.764945 0.562308
vt 0.781487 0.547366
vt 0.797401 0.559153
vt 0.320918 0.259586
vt 0.416186 0.947062
vt 0.041614 0.583127
vt 0.193194 0.083505
vt 0.322550 0.897581
vt 0.011734 0.623959
vt 0.006625 0.628245
vt 0.002957 0.624078
vt 0.053271 0.568489
vt 0.449383 0.564025
vt 0.039770 0.261595
vt 0.061601 0.261595
vt 0.045496 0.265829
vt 0.610680 0.690958
vt 0.425037 0.533586
vt 0.311923 0.268221
vt 0.185166 0.667835
vt 0.196568 0.664130
vt 0.210525 0.727153
vt 0.823502 0.576105
vt 0.226842 0.714842
vt 0.075434 0.152066
vt 0.076279 0.127855
vt 0.087642 0.157160
vt 0.441685 0.540709
vt 0.375220 0.545192
vt 0.291154 0.983603
vt 0.220110 0.983603
vt 0.253340 0.976240
vt 0.091410 0.528523
vt 0.071386 0.532780
vt 0.066278 0.520599
vt 0.071699 0.691124
vt 0.100681 0.691124
vt 0.086317 0.698690
vt 0.097759 0.032334
vt 0.108633 0.035247
vt 0.081377 0.033942
vt 0.322867 0.141537
vt 0.527124 0.400125
vt 0.536106 0.397910
vt 0.531419 0.420295
vt 0.094489 0.637019
vt 0.084776 0.666911
vt 0.075443 0.635243
vt 0.911620 0.318722
vt 0.908631 0.323325
vt 0.207689 0.509168
vt 0.221058 0.511817
vt 0.244230 0.544911
vt 0.032924 0.948279
vt 0.036704 0.943775
vt 0.051307 0.948487
vt 0.616924 0.473964
vt 0.466328 0.480827
vt 0.534880 0.461411
vt 0.227068 0.504612
vt 0.056095 0.178950
vt 0.052899 0.191765
vt 0.039890 0.190577
vt 0.002075 0.559023
vt 0.002075 0.551653
vt 0.008699 0.558248
vt 0.053856 0.582957
vt 0.045570 0.596919
vt 0.041931 0.592614
vt 0.100914 0.412435
vt 0.225342 0.730624
vt 0.076667 0.269219
vt 0.058004 0.269219
vt 0.068743 0.268489
vt 0.030516 0.000001
vt 0.049308 0.000001
vt 0.038377 0.008324
vt 0.346624 0.134703
vt 0.448223 0.929388
vt 0.434838 0.760220
vt 0.420785 0.763137
vt 0.423967 0.752448
vt 0.160171 0.756644
vt 0.458825 0.943982
vt 0.204594 0.106204
vt 0.092728 0.052228
vt 0.073491 0.045226
vt 0.103786 0.045271
vt 0.446515 0.727238
vt 0.336604 0.995647
vt 0.059644 0.981468
vt 0.062083 0.988169
vt 0.039288 0.987283
vt 0.138003 0.281621
vt 0.164917 0.318664
vt 0.127933 0.324158
vt 0.393918 0.759496
vt 0.409897 0.505261
vt 0.909267 0.345034
vt 0.348794 0.143845
vt 0.304184 0.148758
vt 0.298160 0.142206
vt 0.155421 0.546635
vt 0.191336 0.552968
vt 0.143630 0.554247
vt 0.012893 0.520797
vt 0.021364 0.524747
vt 0.010467 0.524697
vt 0.192214 0.150343
vt 0.227080 0.188081
vt 0.198847 0.163971
vt 0.539586 0.434583
vt 0.307084 0.156161
vt 0.377677 0.755835
vt 0.028597 0.230735
vt 0.043881 0.219630
vt 0.040401 0.237764
vt 0.061026 0.849134
vt 0.039856 0.849134
vt 0.051090 0.839896
vt 0.225581 0.888165
vt 0.218461 0.895041
vt 0.214834 0.867730
vt 0.076637 0.080702
vt 0.056404 0.081156
vt 0.069075 0.073139
vt 0.023016 0.577781
vt 0.017247 0.573589
vt 0.028296 0.563747
vt 0.787396 0.540459
vt 0.473011 0.377608
vt 0.008079 0.526609
vt 0.013958 0.526609
vt 0.010759 0.537543
vt 0.810341 0.379653
vt 0.772631 0.531586
vt 0.287104 0.140445
vt 0.285651 0.151076
vt 0.029986 0.840453
vt 0.048369 0.840453
vt 0.036131 0.850046
vt 0.066941 0.789262
vt 0.044714 0.789262
vt 0.050813 0.785175
vt 0.393743 0.513083
vt 0.205329 0.575701
vt 0.205116 0.548927
vt 0.204928 0.562074
vt 0.194716 0.561233
vt 0.113885 0.375368
vt 0.102868 0.409273
vt 0.102080 0.372803
vt 0.209754 0.195846
vt 0.204139 0.518390
vt 0.188528 0.536040
vt 0.179200 0.501589
vt 0.196648 0.168302
vt 0.033049 0.070512
vt 0.034546 0.057028
vt 0.046594 0.064557
vt 0.071238 0.426009
vt 0.055869 0.430926
vt 0.061780 0.420098
vt 0.294911 0.150972
vt 0.056228 0.897775
vt 0.069514 0.891858
vt 0.060887 0.903529
vt 0.410628 0.746227
vt 0.240897 0.196300
vt 0.206858 0.875939
vt 0.081829 0.068640
vt 0.156107 0.046025
vt 0.120093 0.046025
vt 0.151806 0.043593
vt 0.023179 0.330501
vt 0.022247 0.314945
vt 0.029347 0.324333
vt 0.154052 0.519139
vt 0.177687 0.530322
vt 0.161498 0.529772
vt 0.415704 0.007091
vt 0.413908 0.084002
vt 0.398694 0.053825
vt 0.047755 0.053386
vt 0.394345 0.749258
vt 0.176889 0.792718
vt 0.188663 0.797050
vt 0.198723 0.828014
vt 0.053894 0.911276
vt 0.784625 0.976089
vt 0.849037 0.988162
vt 0.769577 0.982518
vt 0.038701 0.597258
vt 0.819857 0.392641
vt 0.054315 0.742846
vt 0.039295 0.738821
vt 0.060117 0.738545
vt 0.083655 0.081213
vt 0.010378 0.205634
vt 0.013848 0.194953
vt 0.023902 0.205607
vt 0.516167 0.672642
vt 0.506724 0.663199
vt 0.566943 0.669243
vt 0.082014 0.282805
vt 0.081496 0.303274
vt 0.071688 0.305902
vt 0.049141 0.215950
vt 0.040264 0.215174
vt 0.056210 0.214510
vt 0.484383 0.378490
vt 0.482708 0.374894
vt 0.912273 0.360321
vt 0.039683 0.910735
vt 0.043772 0.896473
vt 0.051894 0.893868
vt 0.524051 0.413006
vt 0.517897 0.430253
vt 0.086989 0.314528
vt 0.079905 0.315896
vt 0.067448 0.308411
vt 0.737288 0.071534
vt 0.672223 0.164458
vt 0.612678 0.050528
vt 0.814511 0.562246
vt 0.196931 0.177815
vt 0.037206 0.518365
vt 0.022050 0.523289
vt 0.025402 0.505114
vt 0.179408 0.010945
vt 0.239228 0.016179
vt 0.174582 0.016479
vt 0.102746 0.890887
vt 0.083543 0.898536
vt 0.082592 0.889365
vt 0.660268 0.985803
vt 0.378338 0.741597
vt 0.565090 0.658579
vt 0.406618 0.081159
vt 0.166089 0.520853
vt 0.419662 0.737372
vt 0.240205 0.203881
vt 0.202744 0.897818
vt 0.075594 0.850045
vt 0.075594 0.817438
vt 0.095318 0.846411
vt 0.364108 0.591925
vt 0.348027 0.588276
vt 0.351605 0.581434
vt 0.026516 0.667937
vt 0.024581 0.662621
vt 0.040551 0.663128
vt 0.191032 0.220861
vt 0.133114 0.731276
vt 0.113142 0.753115
vt 0.122215 0.728151
vt 0.004415 0.899603
vt 0.000508 0.894226
vt 0.006348 0.894765
vt 0.392184 0.490490
vt 0.082884 0.941375
vt 0.116920 0.941375
vt 0.114098 0.950888
vt 0.340326 0.098279
vt 0.304476 0.048737
vt 0.335765 0.046144
vt 0.022129 0.789674
vt 0.027398 0.785253
vt 0.038106 0.789460
vt 0.227459 0.421619
vt 0.269294 0.410409
vt 0.304372 0.419933
vt 0.036492 0.451715
vt 0.029151 0.451843
vt 0.026682 0.438461
vt 0.302670 0.153947
vt 0.071236 0.006587
vt 0.094602 0.021614
vt 0.071236 0.028839
vt 0.030153 0.317984
vt 0.129365 0.528982
vt 0.198574 0.862154
vt 0.294254 0.229360
vt 0.235119 0.239788
vt 0.222396 0.229564
vt 0.014708 0.490667
vt 0.025938 0.482508
vt 0.022320 0.492027
vt 0.488020 0.668441
vt 0.179553 0.767971
vt 0.161448 0.456439
vt 0.140249 0.454387
vt 0.134778 0.438499
vt 0.373209 0.487412
vt 0.383471 0.445002
vt 0.403868 0.431936
vt 0.415396 0.433352
vt 0.225376 0.247375
vt 0.244805 0.244959
vt 0.241061 0.287746
vt 0.054206 0.875796
vt 0.037861 0.887672
vt 0.040006 0.877024
vt 0.014375 0.128630
vt 0.020175 0.125925
vt 0.026761 0.128727
vt 0.007739 0.762805
vt 0.003035 0.761277
vt 0.007633 0.754335
vt 0.031158 0.668503
vt 0.035183 0.670380
vt 0.024073 0.669903
vt 0.107715 0.735705
vt 0.091320 0.031121
vt 0.191997 0.933390
vt 0.190948 0.905088
vt 0.084378 0.483148
vt 0.075552 0.458900
vt 0.085564 0.452699
vt 0.102342 0.709667
vt 0.007653 0.852931
vt 0.002631 0.852931
vt 0.002879 0.844914
vt 0.092601 0.819938
vt 0.893889 0.383307
vt 0.878530 0.403163
vt 0.023272 0.423942
vt 0.015309 0.412982
vt 0.023378 0.413101
vt 0.082572 0.311710
vt 0.511545 0.414164
vt 0.408663 0.722930
vt 0.039742 0.074353
vt 0.050082 0.071582
vt 0.056242 0.074233
vt 0.411823 0.498360
vt 0.117410 0.781137
vt 0.119331 0.817786
vt 0.107488 0.781230
vt 0.173743 0.466986
vt 0.146603 0.466797
vt 0.422634 0.425202
vt 0.244245 0.270877
vt 0.097543 0.747737
vt 0.516304 0.398255
vt 0.280911 0.153192
vt 0.289478 0.153352
vt 0.839692 0.544114
vt 0.269585 0.588526
vt 0.004836 0.230475
vt 0.003668 0.225788
vt 0.010044 0.230627
vt 0.302237 0.259875
vt 0.289449 0.255221
vt 0.380483 0.254326
vt 0.160964 0.401081
vt 0.218872 0.409714
vt 0.186569 0.413021
vt 0.401421 0.136396
vt 0.296703 0.409179
vt 0.224845 0.409179
vt 0.243363 0.401791
vt 0.118764 0.554887
vt 0.098545 0.568524
vt 0.119460 0.539703
vt 0.125745 0.548562
vt 0.245241 0.303333
vt 0.114181 0.115276
vt 0.142937 0.110205
vt 0.155162 0.116043
vt 0.026932 0.908714
vt 0.016653 0.901246
vt 0.026087 0.890502
vt 0.489059 0.661500
vt 0.289225 0.155764
vt 0.057967 0.321299
vt 0.080633 0.894782
vt 0.076980 0.883082
vt 0.073496 0.333458
vt 0.022684 0.091030
vt 0.028140 0.082430
vt 0.029480 0.088004
vt 0.022350 0.355837
vt 0.011440 0.352292
vt 0.022279 0.352558
vt 0.015636 0.327179
vt 0.022312 0.329609
vt 0.011478 0.330020
vt 0.107560 0.821772
vt 0.047379 0.435457
vt 0.052135 0.431467
vt 0.053780 0.439249
vt 0.183635 0.886194
vt 0.160658 0.413806
vt 0.123658 0.804985
vt 0.381957 0.482696
vt 0.817729 0.030486
vt 0.815324 0.037095
vt 0.645052 0.035900
vt 0.022027 0.836418
vt 0.010784 0.832765
vt 0.015239 0.828616
vt 0.007511 0.142559
vt 0.010816 0.132386
vt 0.015016 0.144304
vt 0.819241 0.029293
vt 0.646479 0.029293
vt 0.814896 0.017720
vt 0.503895 0.412001
vt 0.021452 0.578104
vt 0.015140 0.582523
vt 0.009889 0.578275
vt 0.447183 0.416889
vt 0.514355 0.387929
vt 0.503618 0.391333
vt 0.082730 0.482187
vt 0.072813 0.481840
vt 0.072510 0.454640
vt 0.368870 0.471384
vt 0.229279 0.322132
vt 0.917914 0.417116
vt 0.014917 0.340926
vt 0.025729 0.333070
vt 0.020512 0.345186
vt 0.084223 0.095513
vt 0.104303 0.102822
vt 0.075423 0.102644
vt 0.268389 0.368550
vt 0.233147 0.344891
vt 0.240464 0.336331
vt 0.051615 0.195933
vt 0.064062 0.199268
vt 0.042696 0.198963
vt 0.104542 0.566498
vt 0.125241 0.552537
vt 0.103947 0.582625
vt 0.285938 0.158185
vt 0.173976 0.921103
vt 0.109057 0.933175
vt 0.103164 0.925660
vt 0.111963 0.922318
vt 0.824262 0.570246
vt 0.142624 0.357519
vt 0.159595 0.362706
vt 0.162845 0.371635
vt 0.059762 0.973909
vt 0.052911 0.972026
vt 0.056527 0.968305
vt 0.072910 0.058879
vt 0.100854 0.067958
vt 0.072016 0.067655
vt 0.077353 0.968368
vt 0.007072 0.683828
vt 0.017414 0.683828
vt 0.010620 0.687376
vt 0.456005 0.371546
vt 0.084498 0.888806
vt 0.090138 0.883863
vt 0.097313 0.888005
vt 0.041954 0.627788
vt 0.025627 0.622483
vt 0.030040 0.607276
vt 0.003512 0.300871
vt 0.008289 0.302423
vt 0.001995 0.307846
vt 0.068823 0.417788
vt 0.276922 0.160936
vt 0.449909 0.368959
vt 0.342523 0.378354
vt 0.337065 0.365524
vt 0.134091 0.020054
vt 0.097055 0.020054
vt 0.119459 0.013247
vt 0.433547 0.657916
vt 0.229249 0.635364
vt 0.302582 0.635364
vt 0.242857 0.639857
vt 0.186914 0.852604
vt 0.285191 0.364813
vt 0.290540 0.355559
vt 0.306820 0.355559
vt 0.059139 0.306601
vt 0.132968 0.913681
vt 0.038679 0.123626
vt 0.038679 0.129557
vt 0.022535 0.125681
vt 0.336166 0.380600
vt 0.443952 0.379175
vt 0.352629 0.392128
vt 0.567650 0.667910
vt 0.587231 0.655323
vt 0.736463 0.668379
vt 0.203709 0.729119
vt 0.196142 0.716949
vt 0.185755 0.671958
vt 0.649422 0.656382
vt 0.513707 0.437202
vt 0.336350 0.391901
vt 0.679729 0.576883
vt 0.669471 0.585177
vt 0.665583 0.572459
vt 0.368442 0.458072
vt 0.047697 0.452456
vt 0.055450 0.444703
vt 0.071304 0.452147
vt 0.022261 0.537997
vt 0.027601 0.526545
vt 0.027690 0.542015
vt 0.242635 0.762688
vt 0.252525 0.776167
vt 0.239204 0.767256
vt 0.418782 0.482595
vt 0.076967 0.274958
vt 0.084598 0.270530
vt 0.106815 0.276483
vt 0.099101 0.342442
vt 0.135962 0.342442
vt 0.135453 0.349527
vt 0.383725 0.473759
vt 0.169066 0.341987
vt 0.231522 0.341987
vt 0.193574 0.347044
vt 0.014117 0.456013
vt 0.005471 0.458822
vt 0.005806 0.448132
vt 0.040758 0.433761
vt 0.040284 0.992581
vt 0.054368 0.988807
vt 0.061087 0.993563
vt 0.109610 0.535365
vt 0.093091 0.546932
vt 0.077951 0.534361
vt 0.730740 0.307344
vt 0.171522 0.390776
vt 0.184865 0.388423
vt 0.233962 0.392184
vt 0.016630 0.604771
vt 0.008345 0.604771
vt 0.010466 0.600909
vt 0.718875 0.656357
vt 0.006704 0.501995
vt 0.006704 0.509269
vt 0.002111 0.504407
vt 0.077373 0.911239
vt 0.066604 0.911239
vt 0.076247 0.884060
vt 0.053446 0.939885
vt 0.055286 0.948541
vt 0.045174 0.944969
vt 0.371924 0.809071
vt 0.376318 0.780511
vt 0.386684 0.809761
vt 0.063551 0.431859
vt 0.377394 0.364069
vt 0.081454 0.880923
vt 0.174628 0.871759
vt 0.172922 0.376426
vt 0.197738 0.373201
vt 0.186264 0.378779
vt 0.913857 0.382332
vt 0.129566 0.621806
vt 0.130297 0.609974
vt 0.135816 0.617361
vt 0.075696 0.678883
vt 0.100335 0.679744
vt 0.072045 0.689383
vt 0.166378 0.016903
vt 0.130338 0.013749
vt 0.177694 0.011011
vt 0.701021 0.304171
vt 0.661516 0.324588
vt 0.698247 0.292525
vt 0.191363 0.357062
vt 0.010774 0.857481
vt 0.017563 0.855275
vt 0.021547 0.867546
vt 0.035103 0.080860
vt 0.012974 0.871635
vt 0.009364 0.869108
vt 0.019039 0.868815
vt 0.143040 0.806877
vt 0.157955 0.811734
vt 0.146246 0.823444
vt 0.093623 0.243430
vt 0.095635 0.259508
vt 0.082500 0.257428
vt 0.022324 0.114838
vt 0.029634 0.120972
vt 0.019739 0.121205
vt 0.020938 0.837480
vt 0.013443 0.837742
vt 0.010893 0.834149
vt 0.641383 0.680892
vt 0.719824 0.411396
vt 0.072729 0.890392
vt 0.064338 0.912252
vt 0.057536 0.910205
vt 0.079782 0.419528
vt 0.000643 0.629614
vt 0.002975 0.626404
vt 0.006702 0.630207
vt 0.165213 0.904318
vt 0.129074 0.904336
vt 0.092220 0.000711
vt 0.100773 0.675297
vt 0.088375 0.669550
vt 0.094635 0.665547
vt 0.042907 0.638758
vt 0.042907 0.655590
vt 0.032509 0.636281
vt 0.101486 0.283607
vt 0.086706 0.280247
vt 0.097291 0.277389
vt 0.271757 0.345141
vt 0.316229 0.611511
vt 0.256822 0.601036
vt 0.344549 0.601511
vt 0.208156 0.993061
vt 0.198860 0.990570
vt 0.268329 0.988820
vt 0.563334 0.343262
vt 0.543728 0.281308
vt 0.576552 0.342918
vt 0.325024 0.615418
vt 0.023798 0.070339
vt 0.011461 0.066331
vt 0.023674 0.061884
vt 0.114855 0.245181
vt 0.219322 0.310094
vt 0.219322 0.313804
vt 0.162166 0.313092
vt 0.077790 0.897196
vt 0.079390 0.041138
vt 0.098813 0.044563
vt 0.073077 0.044469
vt 0.015420 0.114873
vt 0.243774 0.999969
vt 0.202016 0.999969
vt 0.186686 0.997093
vt 0.236787 0.935310
vt 0.229295 0.866262
vt 0.239943 0.875080
vt 0.102585 0.903536
vt 0.340443 0.358652
vt 0.456324 0.358652
vt 0.454109 0.368576
vt 0.235501 0.379492
vt 0.726872 0.037421
vt 0.811799 0.044851
vt 0.639229 0.041289
vt 0.240834 0.771738
vt 0.158355 0.826924
vt 0.143262 0.848269
vt 0.078372 0.413834
vt 0.167220 0.431607
vt 0.225042 0.431607
vt 0.199161 0.436169
vt 0.126632 0.708048
vt 0.093251 0.708048
vt 0.117215 0.702823
vt 0.322375 0.417746
vt 0.375947 0.412179
vt 0.346240 0.424141
vt 0.025317 0.978979
vt 0.030278 0.981844
vt 0.017224 0.981412
vt 0.082313 0.296575
vt 0.108573 0.584779
vt 0.100706 0.592353
vt 0.082906 0.582889
vt 0.037760 0.939804
vt 0.025056 0.656153
vt 0.014838 0.651388
vt 0.028747 0.651511
vt 0.510050 0.432245
vt 0.080568 0.452387
vt 0.071036 0.450707
vt 0.094977 0.450159
vt 0.033753 0.650157
vt 0.128450 0.824031
vt 0.145302 0.822917
vt 0.140703 0.849000
vt 0.109656 0.657844
vt 0.046989 0.164036
vt 0.030386 0.164036
vt 0.040893 0.159666
vt 0.346173 0.807014
vt 0.087276 0.876660
vt 0.119550 0.334501
vt 0.160077 0.334501
vt 0.149811 0.337390
vt 0.138118 0.609485
vt 0.112964 0.876620
vt 0.087809 0.662809
vt 0.510661 0.459505
vt 0.016656 0.603501
vt 0.027407 0.600621
vt 0.029377 0.603591
vt 0.109125 0.270605
vt 0.261890 0.861458
vt 0.056056 0.967452
vt 0.056056 0.939992
vt 0.082533 0.966830
vt 0.008399 0.605344
vt 0.019515 0.605344
vt 0.015253 0.616987
vt 0.023778 0.219400
vt 0.033155 0.222813
vt 0.019245 0.222780
vt 0.319961 0.424393
vt 0.281252 0.410083
vt 0.012887 0.080282
vt 0.012887 0.074958
vt 0.025311 0.075315
vt 0.022337 0.567160
vt 0.012473 0.574327
vt 0.010473 0.559856
vt 0.742230 0.344462
vt 0.671264 0.340521
vt 0.229712 0.787019
vt 0.015029 0.474430
vt 0.005050 0.474430
vt 0.009738 0.464355
vt 0.048300 0.998927
vt 0.034462 0.998927
vt 0.042469 0.997645
vt 0.002570 0.243946
vt 0.008148 0.242134
vt 0.008204 0.251010
vt 0.072440 0.485406
vt 0.059173 0.479874
vt 0.056355 0.465379
vt 0.166693 0.826224
vt 0.159162 0.787478
vt 0.195393 0.832503
vt 0.128931 0.853814
vt 0.165241 0.250139
vt 0.162822 0.243494
vt 0.220626 0.244948
vt 0.632336 0.354808
vt 0.620614 0.387081
vt 0.078649 0.908789
vt 0.100836 0.371156
vt 0.071054 0.370671
vt 0.090997 0.354114
vt 0.165970 0.853928
vt 0.072247 0.358161
vt 0.170637 0.746904
vt 0.187664 0.752688
vt 0.176689 0.750834
vt 0.115886 0.690974
vt 0.112399 0.674605
vt 0.124391 0.684565
vt 0.104930 0.708646
vt 0.143356 0.708646
vt 0.136372 0.719856
vt 0.071109 0.449422
vt 0.080248 0.421293
vt 0.086580 0.447441
vt 0.642549 0.353914
vt 0.638310 0.388573
vt 0.101430 0.681084
vt 0.167554 0.870003
vt 0.142535 0.870186
vt 0.163374 0.866136
vt 0.144027 0.883310
vt 0.070450 0.942487
vt 0.012343 0.600474
vt 0.022917 0.600474
vt 0.017230 0.602268
vt 0.146545 0.340612
vt 0.161424 0.335196
vt 0.190379 0.340340
vt 0.145491 0.614602
vt 0.111125 0.289136
vt 0.102673 0.295926
vt 0.107197 0.665190
vt 0.158072 0.988022
vt 0.132477 0.985782
vt 0.153556 0.957379
vt 0.126778 0.172631
vt 0.093104 0.172631
vt 0.125607 0.167232
vt 0.046676 0.371999
vt 0.046193 0.358167
vt 0.059049 0.370812
vt 0.163609 0.816185
vt 0.141820 0.869051
vt 0.004034 0.570756
vt 0.009734 0.562911
vt 0.011147 0.573230
vt 0.100393 0.649531
vt 0.098205 0.008253
vt 0.091687 0.654902
vt 0.038886 0.012651
vt 0.040599 0.023463
vt 0.026492 0.012286
vt 0.107063 0.856520
vt 0.097972 0.858956
vt 0.079030 0.857707
vt 0.101698 0.894330
vt 0.101698 0.928393
vt 0.089781 0.924402
vt 0.180028 0.500789
vt 0.131431 0.500789
vt 0.140713 0.493824
vt 0.046775 0.029640
vt 0.040795 0.026188
vt 0.061065 0.026931
vt 0.108105 0.643294
vt 0.124238 0.646246
vt 0.076628 0.331405
vt 0.081189 0.316489
vt 0.105056 0.320355
vt 0.505991 0.444077
vt 0.501931 0.436647
vt 0.040129 0.771257
vt 0.029197 0.770684
vt 0.025004 0.765962
vt 0.016729 0.080048
vt 0.030773 0.075485
vt 0.022263 0.089059
vt 0.109038 0.300815
vt 0.101679 0.170174
vt 0.080103 0.173157
vt 0.084747 0.164012
vt 0.466673 0.445628
vt 0.484064 0.439051
vt 0.135699 0.061325
vt 0.148826 0.052134
vt 0.146722 0.100168
vt 0.094458 0.640569
vt 0.554548 0.374300
vt 0.160630 0.803270
vt 0.114558 0.658048
vt 0.124693 0.670677
vt 0.250190 0.317031
vt 0.267346 0.321578
vt 0.151168 0.644277
vt 0.112369 0.633881
vt 0.153057 0.634841
vt 0.093006 0.162963
vt 0.067131 0.162963
vt 0.067947 0.159270
vt 0.529748 0.048215
vt 0.529748 0.192726
vt 0.511878 0.060668
vt 0.155526 0.855431
vt 0.182927 0.756977
vt 0.101061 0.606593
vt 0.085691 0.607527
vt 0.267037 0.762601
vt 0.274456 0.771692
vt 0.791337 0.051994
vt 0.241841 0.401308
vt 0.217976 0.407703
vt 0.175886 0.401925
vt 0.149686 0.607322
vt 0.072171 0.163768
vt 0.626876 0.668969
vt 0.625100 0.675070
vt 0.482493 0.675070
vt 0.415308 0.434586
vt 0.112368 0.878175
vt 0.128680 0.885782
vt 0.093651 0.884186
vt 0.154812 0.616566
vt 0.025388 0.764898
vt 0.012810 0.764898
vt 0.018828 0.759588
vt 0.140272 0.599637
vt 0.067407 0.502862
vt 0.055868 0.499732
vt 0.063562 0.490232
vt 0.714442 0.368830
vt 0.047252 0.352292
vt 0.022548 0.234075
vt 0.025708 0.230694
vt 0.032345 0.235880
vt 0.133801 0.594796
vt 0.094210 0.166162
vt 0.125183 0.166162
vt 0.108417 0.168804
vt 0.075169 0.497541
vt 0.324561 0.446974
vt 0.298789 0.444719
vt 0.330849 0.438445
vt 0.378980 0.444304
vt 0.008547 0.765783
vt 0.008547 0.755275
vt 0.018387 0.758417
vt 0.048788 0.052537
vt 0.053797 0.059371
vt 0.048727 0.064808
vt 0.101917 0.306227
vt 0.330463 0.996426
vt 0.289766 0.996032
vt 0.291343 0.985944
vt 0.119194 0.643882
vt 0.504255 0.683616
vt 0.012557 0.651434
vt 0.012557 0.661494
vt 0.005562 0.657776
vt 0.340863 0.784497
vt 0.058211 0.053142
vt 0.689403 0.379692
vt 0.059679 0.549018
vt 0.067062 0.572688
vt 0.053409 0.564538
vt 0.738254 0.377435
vt 0.063837 0.487025
vt 0.095765 0.781482
vt 0.082492 0.781482
vt 0.093671 0.748881
vt 0.340304 0.000153
vt 0.393847 0.388078
vt 0.428462 0.382477
vt 0.427788 0.394063
vt 0.176022 0.058634
vt 0.228973 0.020162
vt 0.214807 0.061131
vt 0.185085 0.853223
vt 0.015095 0.527147
vt 0.018887 0.538817
vt 0.011965 0.538965
vt 0.347644 0.103725
vt 0.336979 0.050295
vt 0.347644 0.055645
vt 0.084246 0.310254
vt 0.002617 0.966599
vt 0.002617 0.958964
vt 0.010115 0.961522
vt 0.189570 0.762466
vt 0.147471 0.579637
vt 0.079293 0.485875
vt 0.142952 0.994795
vt 0.137929 0.999818
vt 0.105334 0.996895
vt 0.197298 0.120289
vt 0.216856 0.149286
vt 0.167081 0.116140
vt 0.630631 0.683538
vt 0.045071 0.410260
vt 0.055349 0.412316
vt 0.050955 0.418662
vt 0.015177 0.095229
vt 0.015042 0.102947
vt 0.008819 0.103595
vt 0.239568 0.812183
vt 0.510255 0.413033
vt 0.468193 0.389670
vt 0.130206 0.661273
vt 0.594169 0.684500
vt 0.221482 0.731504
vt 0.199516 0.663897
vt 0.238291 0.661249
vt 0.132810 0.206550
vt 0.129319 0.159757
vt 0.146296 0.182221
vt 0.398317 0.144079
vt 0.442824 0.140681
vt 0.395869 0.158240
vt 0.056940 0.496423
vt 0.090317 0.330455
vt 0.104627 0.321847
vt 0.104752 0.330455
vt 0.128493 0.582352
vt 0.131734 0.961235
vt 0.501012 0.028392
vt 0.612969 0.023329
vt 0.634186 0.033223
vt 0.040957 0.949290
vt 0.040957 0.967948
vt 0.030542 0.961101
vt 0.178672 0.426335
vt 0.182198 0.418951
vt 0.205553 0.425209
vt 0.848052 0.532567
vt 0.648841 0.016895
vt 0.643525 0.037463
vt 0.713125 0.374907
vt 0.190741 0.079171
vt 0.215860 0.061870
vt 0.218706 0.069542
vt 0.168965 0.711018
vt 0.343508 0.000584
vt 0.156588 0.610031
vt 0.643540 0.330561
vt 0.662023 0.312074
vt 0.594202 0.684606
vt 0.287265 0.783656
vt 0.239302 0.313381
vt 0.244050 0.307777
vt 0.096773 0.616916
vt 0.343431 0.329546
vt 0.366796 0.328730
vt 0.451868 0.357851
vt 0.065604 0.409937
vt 0.124564 0.654276
vt 0.053356 0.893960
vt 0.053356 0.915540
vt 0.039200 0.914729
vt 0.082718 0.778466
vt 0.070890 0.771329
vt 0.079245 0.758462
vt 0.069870 0.359310
vt 0.055567 0.576349
vt 0.248062 0.310756
vt 0.257345 0.614559
vt 0.310701 0.611799
vt 0.306721 0.623265
vt 0.393669 0.436963
vt 0.079869 0.414529
vt 0.098878 0.414529
vt 0.088068 0.447371
vt 0.096531 0.318106
vt 0.168764 0.597390
vt 0.052682 0.784021
vt 0.036936 0.784021
vt 0.042967 0.783070
vt 0.008543 0.750204
vt 0.002593 0.748270
vt 0.010630 0.741471
vt 0.173393 0.728089
vt 0.421064 0.202744
vt 0.161037 0.605974
vt 0.181948 0.768594
vt 0.057075 0.235237
vt 0.039888 0.247724
vt 0.045198 0.218485
vt 0.911917 0.994882
vt 0.735119 0.994882
vt 0.925018 0.985040
vt 0.038177 0.237965
vt 0.012370 0.370270
vt 0.024848 0.370270
vt 0.019862 0.374588
vt 0.173476 0.151058
vt 0.185524 0.149578
vt 0.167562 0.205955
vt 0.139536 0.573101
vt 0.490623 0.394526
vt 0.650242 0.317224
vt 0.651552 0.305212
vt 0.052922 0.070871
vt 0.840387 0.535065
vt 0.343046 0.622622
vt 0.156675 0.196550
vt 0.147625 0.437672
vt 0.163056 0.432056
vt 0.201053 0.437680
vt 0.079194 0.537521
vt 0.063808 0.539479
vt 0.066030 0.531383
vt 0.162148 0.579118
vt 0.028693 0.561144
vt 0.023797 0.566040
vt 0.014892 0.560797
vt 0.620254 0.320351
vt 0.644939 0.293093
vt 0.040222 0.070679
vt 0.224903 0.744023
vt 0.270689 0.744023
vt 0.253036 0.745204
vt 0.526820 0.381674
vt 0.175980 0.331395
vt 0.154778 0.331395
vt 0.180895 0.326679
vt 0.621672 0.398541
vt 0.071929 0.178046
vt 0.048541 0.178046
vt 0.064091 0.173570
vt 0.208872 0.734105
vt 0.271096 0.734105
vt 0.200011 0.742355
vt 0.106510 0.361046
vt 0.141352 0.357998
vt 0.147653 0.363843
vt 0.569483 0.389021
vt 0.126420 0.868684
vt 0.126991 0.860522
vt 0.145422 0.898048
vt 0.276586 0.003245
vt 0.259217 0.000183
vt 0.311792 0.001576
vt 0.140382 0.102751
vt 0.104966 0.102751
vt 0.124285 0.099502
vt 0.093143 0.030456
vt 0.127719 0.030456
vt 0.127294 0.036635
vt 0.150759 0.894836
vt 0.210550 0.331989
vt 0.219667 0.763832
vt 0.190559 0.768580
vt 0.199199 0.739468
vt 0.153413 0.739468
vt 0.199167 0.733598
vt 0.072319 0.380101
vt 0.074916 0.391446
vt 0.071678 0.409811
vt 0.002990 0.194041
vt 0.011701 0.194041
vt 0.003819 0.197732
vt 0.082070 0.404741
vt 0.206529 0.734761
vt 0.045962 0.409388
vt 0.037289 0.401579
vt 0.040083 0.390318
vt 0.055735 0.546727
vt 0.037770 0.199827
vt 0.057725 0.199827
vt 0.049998 0.205169
vt 0.054989 0.530969
vt 0.223480 0.392904
vt 0.230528 0.398012
vt 0.223480 0.400436
vt 0.026955 0.552096
vt 0.038545 0.556315
vt 0.022669 0.557110
vt 0.849732 0.525919
vt 0.856381 0.517125
vt 0.067688 0.758262
vt 0.018885 0.701320
vt 0.018885 0.713469
vt 0.011477 0.709518
vt 0.025756 0.384523
vt 0.041471 0.383134
vt 0.032847 0.392974
vt 0.270558 0.743368
vt 0.087061 0.795867
vt 0.093504 0.809322
vt 0.079451 0.807149
vt 0.017467 0.727662
vt 0.008488 0.727662
vt 0.009954 0.717000
vt 0.062306 0.546896
vt 0.056350 0.894509
vt 0.048566 0.890016
vt 0.070924 0.890464
vt 0.654078 0.349144
vt 0.055298 0.389280
vt 0.041296 0.387560
vt 0.063013 0.381044
vt 0.056682 0.508731
vt 0.045716 0.504739
vt 0.068388 0.504492
vt 0.171040 0.396915
vt 0.083558 0.394051
vt 0.040171 0.562155
vt 0.058262 0.549011
vt 0.053013 0.562043
vt 0.096861 0.788832
vt 0.107561 0.886609
vt 0.042473 0.713372
vt 0.026577 0.713372
vt 0.036598 0.710232
vt 0.028479 0.527086
vt 0.038867 0.527994
vt 0.028938 0.541185
vt 0.007738 0.252489
vt 0.001077 0.252489
vt 0.002415 0.246531
vt 0.265676 0.311179
vt 0.285906 0.334399
vt 0.011099 0.385797
vt 0.003172 0.380038
vt 0.012499 0.377671
vt 0.056361 0.770106
vt 0.705171 0.389692
vt 0.712011 0.398673
vt 0.705892 0.396822
vt 0.039232 0.760654
vt 0.051279 0.763795
vt 0.045033 0.770701
vt 0.025950 0.181958
vt 0.017145 0.179097
vt 0.024733 0.166230
vt 0.122165 0.894509
vt 0.039592 0.545392
vt 0.255616 0.307556
vt 0.270084 0.752045
vt 0.199554 0.750158
vt 0.208299 0.746639
vt 0.045650 0.493521
vt 0.038438 0.484035
vt 0.048859 0.483646
vt 0.227294 0.410785
vt 0.232512 0.415163
vt 0.197880 0.412922
vt 0.614038 0.298150
vt 0.041318 0.494071
vt 0.255936 0.823432
vt 0.266861 0.410008
vt 0.260238 0.380117
vt 0.307832 0.380117
vt 0.301919 0.382371
vt 0.067021 0.046591
vt 0.063344 0.051842
vt 0.044144 0.047022
vt 0.248074 0.301634
vt 0.346743 0.755675
vt 0.021207 0.401637
vt 0.028628 0.407431
vt 0.022860 0.412271
vt 0.262255 0.745997
vt 0.029130 0.462594
vt 0.034328 0.468953
vt 0.027973 0.471916
vt 0.188005 0.788540
vt 0.050307 0.988562
vt 0.037306 0.992046
vt 0.033435 0.988365
vt 0.013740 0.826092
vt 0.010494 0.816102
vt 0.022316 0.818002
vt 0.664034 0.406609
vt 0.036728 0.704075
vt 0.026936 0.701634
vt 0.026964 0.689657
vt 0.035273 0.259924
vt 0.039375 0.249237
vt 0.042719 0.260891
vt 0.376327 0.748204
vt 0.025620 0.400901
vt 0.003113 0.046966
vt 0.003113 0.038734
vt 0.010599 0.045854
vt 0.020193 0.811519
vt 0.197931 0.777938
vt 0.197931 0.768512
vt 0.216868 0.780004
vt 0.015147 0.953457
vt 0.004931 0.953457
vt 0.009395 0.947621
vt 0.101317 0.803493
vt 0.090418 0.409038
vt 0.033462 0.252814
vt 0.251422 0.278599
vt 0.250554 0.286003
vt 0.247023 0.274198
vt 0.016200 0.504488
vt 0.024446 0.504488
vt 0.021628 0.518529
vt 0.072751 0.789347
vt 0.056850 0.785422
vt 0.068122 0.781328
vt 0.014702 0.901614
vt 0.025356 0.909355
vt 0.011862 0.909341
vt 0.096674 0.227802
vt 0.104699 0.205755
vt 0.105089 0.241846
vt 0.022495 0.727303
vt 0.026837 0.740665
vt 0.015279 0.740866
vt 0.040040 0.327112
vt 0.052771 0.330287
vt 0.038323 0.340765
vt 0.036018 0.398571
vt 0.000570 0.822238
vt 0.004351 0.817034
vt 0.006286 0.825963
vt 0.231394 0.023670
vt 0.081739 0.781172
vt 0.023942 0.189232
vt 0.023942 0.203031
vt 0.016215 0.195915
vt 0.105172 0.787641
vt 0.036090 0.401838
vt 0.022951 0.148173
vt 0.014757 0.148173
vt 0.022218 0.134393
vt 0.056425 0.299111
vt 0.057343 0.291637
vt 0.072740 0.297568
vt 0.037412 0.170563
vt 0.050247 0.172170
vt 0.045615 0.182102
vt 0.010506 0.006563
vt 0.020836 0.006563
vt 0.015373 0.018902
vt 0.277451 0.309645
vt 0.300080 0.320107
vt 0.054476 0.770513
vt 0.652546 0.377068
vt 0.401872 0.176321
vt 0.032434 0.486662
vt 0.033724 0.475111
vt 0.024912 0.441440
vt 0.015289 0.441488
vt 0.015289 0.427268
vt 0.124668 0.327579
vt 0.062139 0.760151
vt 0.037619 0.190358
vt 0.024578 0.727022
vt 0.032718 0.722875
vt 0.027523 0.738438
vt 0.058217 0.077809
vt 0.054530 0.064051
vt 0.070593 0.070604
vt 0.007500 0.268882
vt 0.017965 0.265481
vt 0.011495 0.273696
vt 0.056305 0.747508
vt 0.074908 0.752492
vt 0.051439 0.752273
vt 0.136846 0.151688
vt 0.138342 0.138078
vt 0.150250 0.141085
vt 0.035366 0.495995
vt 0.247891 0.993291
vt 0.070837 0.057815
vt 0.027316 0.427400
vt 0.033116 0.238673
vt 0.023772 0.251533
vt 0.022222 0.242337
vt 0.405506 0.219978
vt 0.409565 0.228912
vt 0.393443 0.241487
vt 0.020004 0.868175
vt 0.008399 0.868175
vt 0.011220 0.860033
vt 0.035218 0.238620
vt 0.100196 0.988503
vt 0.090303 0.988503
vt 0.096120 0.954690
vt 0.669417 0.525296
vt 0.652083 0.623600
vt 0.665328 0.473068
vt 0.315401 0.457884
vt 0.315401 0.448457
vt 0.349017 0.457366
vt 0.042735 0.459944
vt 0.056905 0.864243
vt 0.072074 0.868646
vt 0.064074 0.872787
vt 0.190918 0.591231
vt 0.190918 0.604037
vt 0.180994 0.586791
vt 0.080205 0.284141
vt 0.022944 0.425411
vt 0.010356 0.425411
vt 0.015541 0.416411
vt 0.050279 0.250826
vt 0.030579 0.122883
vt 0.031797 0.115474
vt 0.045817 0.119231
vt 0.052956 0.926251
vt 0.075839 0.933686
vt 0.059974 0.934670
vt 0.499271 0.627779
vt 0.530797 0.629834
vt 0.513690 0.635602
vt 0.140614 0.125440
vt 0.028466 0.281788
vt 0.038135 0.295097
vt 0.029462 0.294638
vt 0.258546 0.296449
vt 0.507373 0.607834
vt 0.168096 0.127359
vt 0.156001 0.129093
vt 0.160746 0.117656
vt 0.174124 0.122331
vt 0.409000 0.194065
vt 0.135472 0.287835
vt 0.125317 0.321051
vt 0.112325 0.283509
vt 0.128385 0.755779
vt 0.151732 0.755779
vt 0.140411 0.802007
vt 0.028740 0.453157
vt 0.035369 0.453411
vt 0.041131 0.471167
vt 0.098107 0.106714
vt 0.122993 0.104537
vt 0.130100 0.107510
vt 0.030893 0.103855
vt 0.043088 0.104777
vt 0.705999 0.413078
vt 0.712367 0.399312
vt 0.155368 0.420483
vt 0.219770 0.308337
vt 0.202893 0.291234
vt 0.208082 0.286880
vt 0.017109 0.280135
vt 0.027895 0.283640
vt 0.016669 0.291750
vt 0.041251 0.873101
vt 0.059723 0.869844
vt 0.062568 0.873545
vt 0.012339 0.728387
vt 0.019493 0.728387
vt 0.014230 0.740271
vt 0.413090 0.218963
vt 0.199705 0.831868
vt 0.095406 0.784962
vt 0.074036 0.790134
vt 0.080524 0.784702
vt 0.125834 0.182686
vt 0.096008 0.194135
vt 0.125706 0.175339
vt 0.494840 0.624254
vt 0.299181 0.797928
vt 0.291652 0.815499
vt 0.059619 0.052945
vt 0.046954 0.466328
vt 0.089265 0.122870
vt 0.105375 0.120029
vt 0.118375 0.122539
vt 0.117813 0.408790
vt 0.116492 0.373776
vt 0.123818 0.374160
vt 0.117996 0.411834
vt 0.093562 0.411834
vt 0.109429 0.410399
vt 0.009718 0.001568
vt 0.009718 0.010185
vt 0.002525 0.004377
vt 0.151833 0.118271
vt 0.063719 0.860944
vt 0.356388 0.446622
vt 0.485355 0.620625
vt 0.024167 0.413525
vt 0.032640 0.408634
vt 0.031621 0.423499
vt 0.072961 0.862250
vt 0.271329 0.082792
vt 0.132400 0.886414
vt 0.125879 0.871768
vt 0.143953 0.898065
vt 0.040451 0.982523
vt 0.036187 0.987605
vt 0.024191 0.982894
vt 0.584032 0.422213
vt 0.583441 0.425712
vt 0.553179 0.409556
vt 0.421048 0.218065
vt 0.259547 0.269393
vt 0.132333 0.281790
vt 0.024471 0.424863
vt 0.217107 0.808396
vt 0.784640 0.376757
vt 0.781716 0.404805
vt 0.775665 0.396915
vt 0.397150 0.435130
vt 0.363101 0.434403
vt 0.355756 0.428239
vt 0.080494 0.800202
vt 0.159157 0.940480
vt 0.172840 0.664676
vt 0.156536 0.714854
vt 0.143027 0.676675
vt 0.199792 0.496455
vt 0.183523 0.488473
vt 0.173953 0.479549
vt 0.172003 0.308371
vt 0.111679 0.874532
vt 0.220519 0.811278
vt 0.027723 0.295281
vt 0.169999 0.426789
vt 0.078584 0.874098
vt 0.356846 0.738778
vt 0.354438 0.726231
vt 0.389793 0.691219
vt 0.643987 0.360021
vt 0.061178 0.167569
vt 0.054196 0.170825
vt 0.040193 0.168636
vt 0.104390 0.408452
vt 0.043392 0.157566
vt 0.027127 0.157566
vt 0.032411 0.151935
vt 0.120051 0.027084
vt 0.138968 0.024838
vt 0.161046 0.028731
vt 0.175437 0.622889
vt 0.032455 0.963827
vt 0.040520 0.969474
vt 0.028040 0.971359
vt 0.057127 0.031422
vt 0.038028 0.037628
vt 0.037878 0.032026
vt 0.105415 0.198804
vt 0.183473 0.637739
vt 0.245118 0.268443
vt 0.077864 0.808834
vt 0.089773 0.985301
vt 0.079913 0.954954
vt 0.093937 0.959622
vt 0.231550 0.768701
vt 0.077478 0.114224
vt 0.102253 0.109855
vt 0.109593 0.115414
vt 0.666543 0.410002
vt 0.012004 0.072708
vt 0.012004 0.080361
vt 0.002688 0.072137
vt 0.412616 0.241278
vt 0.003453 0.082123
vt 0.084623 0.860476
vt 0.028792 0.188491
vt 0.015283 0.188491
vt 0.023732 0.183204
vt 0.224665 0.323484
vt 0.208733 0.323359
vt 0.210226 0.316751
vt 0.592244 0.454055
vt 0.575741 0.450810
vt 0.150754 0.024648
vt 0.158883 0.131959
vt 0.201757 0.147563
vt 0.147901 0.151097
vt 0.146210 0.102112
vt 0.129990 0.085795
vt 0.130959 0.058025
vt 0.040520 0.981815
vt 0.150981 0.899814
vt 0.155092 0.875174
vt 0.162133 0.890456
vt 0.524375 0.615799
vt 0.165595 0.615015
vt 0.555144 0.419858
vt 0.112671 0.502044
vt 0.153735 0.502044
vt 0.146416 0.508240
vt 0.231550 0.839226
vt 0.028928 0.979826
vt 0.264400 0.289102
vt 0.037827 0.315944
vt 0.102126 0.268053
vt 0.108104 0.269655
vt 0.081416 0.268430
vt 0.247734 0.839356
vt 0.230065 0.847586
vt 0.257074 0.255348
vt 0.039652 0.915774
vt 0.029684 0.925069
vt 0.024011 0.920979
vt 0.036272 0.576293
vt 0.029125 0.569147
vt 0.040414 0.570309
vt 0.038838 0.558774
vt 0.029696 0.557399
vt 0.193858 0.784954
vt 0.134535 0.100610
vt 0.228645 0.780526
vt 0.172790 0.046017
vt 0.156368 0.044580
vt 0.192799 0.045022
vt 0.309948 0.311712
vt 0.164405 0.904423
vt 0.166845 0.924494
vt 0.050257 0.485002
vt 0.051852 0.497989
vt 0.043153 0.503734
vt 0.076383 0.202789
vt 0.054062 0.210042
vt 0.052902 0.204560
vt 0.147906 0.480799
vt 0.347538 0.742051
vt 0.057406 0.371832
vt 0.084122 0.371832
vt 0.081866 0.379392
vt 0.040295 0.342890
vt 0.049661 0.339481
vt 0.061566 0.343183
vt 0.018515 0.218190
vt 0.008419 0.206867
vt 0.018515 0.206393
vt 0.189201 0.648762
vt 0.679543 0.416213
vt 0.008906 0.215366
vt 0.861563 0.499626
vt 0.874619 0.489672
vt 0.057944 0.033302
vt 0.067392 0.037707
vt 0.044753 0.036732
vt 0.700645 0.420100
vt 0.386170 0.706781
vt 0.275944 0.283720
vt 0.172160 0.599686
vt 0.539687 0.428561
vt 0.341767 0.740351
vt 0.324443 0.999368
vt 0.265671 0.999368
vt 0.254402 0.994755
vt 0.184525 0.500333
vt 0.144641 0.493301
vt 0.190648 0.493457
vt 0.056014 0.156635
vt 0.060026 0.150907
vt 0.082086 0.156084
vt 0.501758 0.169318
vt 0.364797 0.590991
vt 0.346726 0.572285
vt 0.346724 0.562846
vt 0.337669 0.562900
vt 0.332601 0.552096
vt 0.040715 0.711122
vt 0.056738 0.711122
vt 0.048295 0.713461
vt 0.233406 0.002315
vt 0.198081 0.002315
vt 0.191668 0.000133
vt 0.223751 0.425680
vt 0.228341 0.428894
vt 0.189131 0.426923
vt 0.571326 0.464040
vt 0.273793 0.548378
vt 0.313869 0.573030
vt 0.199185 0.355954
vt 0.147045 0.355954
vt 0.193453 0.348748
vt 0.048325 0.378851
vt 0.030030 0.378851
vt 0.038449 0.374332
vt 0.629735 0.440476
vt 0.641265 0.419033
vt 0.257000 0.429364
vt 0.216097 0.415845
vt 0.244761 0.415845
vt 0.215712 0.420590
vt 0.046206 0.336638
vt 0.069367 0.336638
vt 0.060122 0.341619
vt 0.197671 0.498957
vt 0.164612 0.872764
vt 0.296373 0.530043
vt 0.197556 0.582416
vt 0.205841 0.590440
vt 0.200407 0.652551
vt 0.288936 0.288839
vt 0.067920 0.580755
vt 0.045205 0.580511
vt 0.053667 0.578242
vt 0.077470 0.094599
vt 0.085454 0.093192
vt 0.102256 0.094859
vt 0.304410 0.579135
vt 0.250438 0.579135
vt 0.264056 0.577084
vt 0.207749 0.644122
vt 0.267540 0.282214
vt 0.210132 0.419926
vt 0.180803 0.418029
vt 0.112956 0.933917
vt 0.108483 0.939247
vt 0.079503 0.934101
vt 0.168655 0.847025
vt 0.176270 0.841204
vt 0.229325 0.845846
vt 0.098635 0.009999
vt 0.127913 0.007437
vt 0.129083 0.011662
vt 0.125376 0.197012
vt 0.128455 0.161821
vt 0.131235 0.203507
vt 0.229974 0.840046
vt 0.003128 0.842435
vt 0.012543 0.839376
vt 0.008102 0.850633
vt 0.266205 0.650184
vt 0.107862 0.022950
vt 0.138316 0.020286
vt 0.148259 0.023789
vt 0.160230 0.786444
vt 0.167984 0.780810
vt 0.198732 0.830845
vt 0.011463 0.942540
vt 0.014065 0.939438
vt 0.022818 0.942007
vt 0.050836 0.430814
vt 0.044731 0.423539
vt 0.058629 0.423250
vt 0.012929 0.340768
vt 0.016156 0.333522
vt 0.023309 0.333081
vt 0.017940 0.297800
vt 0.011613 0.306509
vt 0.008015 0.298380
vt 0.051843 0.572526
vt 0.040608 0.583063
vt 0.024525 0.577838
vt 0.027567 0.569238
vt 0.051856 0.812226
vt 0.043148 0.804919
vt 0.051340 0.790125
vt 0.031232 0.722176
vt 0.016760 0.722176
vt 0.025535 0.716120
vt 0.791823 0.415163
vt 0.786348 0.417615
vt 0.023028 0.927045
vt 0.028743 0.933855
vt 0.014842 0.933876
vt 0.008313 0.033306
vt 0.008313 0.041621
vt 0.003930 0.037402
vt 0.038335 0.427566
vt 0.141942 0.530366
vt 0.141942 0.536725
vt 0.104875 0.533942
vt 0.000587 0.435892
vt 0.004567 0.433000
vt 0.004799 0.440164
vt 0.297267 0.433524
vt 0.127363 0.467862
vt 0.169404 0.467862
vt 0.132948 0.473372
vt 0.228008 0.832549
vt 0.227499 0.838363
vt 0.168662 0.833909
vt 0.315351 0.500586
vt 0.198499 0.823615
vt 0.925043 0.848582
vt 0.899639 0.753773
vt 0.917937 0.637217
vt 0.838421 0.201649
vt 0.902153 0.005501
vt 0.913782 0.195686
vt 0.415091 0.457025
vt 0.010146 0.857754
vt 0.002587 0.857754
vt 0.005519 0.853804
vt 0.414357 0.260912
vt 0.846020 0.010239
vt 0.900094 0.008351
vt 0.830073 0.201737
vt 0.732356 0.404568
vt 0.165788 0.314616
vt 0.263590 0.580064
vt 0.291820 0.524097
vt 0.416698 0.273618
vt 0.185704 0.248926
vt 0.457320 0.767034
vt 0.453017 0.773057
vt 0.417802 0.769976
vt 0.189513 0.007665
vt 0.145453 0.007665
vt 0.146538 0.004088
vt 0.769552 0.000131
vt 0.907745 0.000131
vt 0.759737 0.008194
vt 0.130587 0.357325
vt 0.125526 0.351294
vt 0.167324 0.351660
vt 0.530387 0.647402
vt 0.916731 0.638295
vt 0.885652 0.798182
vt 0.797765 0.803429
vt 0.415745 0.447365
vt 0.628602 0.463227
vt 0.691624 0.461742
vt 0.538151 0.487807
vt 0.612814 0.472411
vt 0.745540 0.352133
vt 0.168170 0.108274
vt 0.130931 0.108482
vt 0.131140 0.105035
vt 0.125186 0.372322
vt 0.125186 0.411713
vt 0.118693 0.411400
vt 0.335458 0.252028
vt 0.335458 0.145132
vt 0.410379 0.205874
vt 0.889400 0.472687
vt 0.344589 0.545366
vt 0.540225 0.478630
vt 0.171661 0.010541
vt 0.130091 0.010541
vt 0.130004 0.007089
vt 0.830818 0.530336
vt 0.172693 0.106239
vt 0.158274 0.608382
vt 0.189360 0.651168
vt 0.152462 0.646667
vt 0.165638 0.321778
vt 0.169831 0.035669
vt 0.128406 0.035669
vt 0.129532 0.029953
vt 0.174585 0.729478
vt 0.130096 0.729478
vt 0.129528 0.722040
vt 0.455523 0.900449
vt 0.925065 0.417888
vt 0.172100 0.750251
vt 0.177729 0.753501
vt 0.137886 0.752369
vt 0.051815 0.350953
vt 0.069984 0.346892
vt 0.068696 0.350953
vt 0.047058 0.347591
vt 0.061111 0.637512
vt 0.041240 0.637512
vt 0.041597 0.633791
vt 0.366954 0.396405
vt 0.366856 0.392953
vt 0.406017 0.392953
vt 0.130792 0.751369
vt 0.251598 0.994285
vt 0.259529 0.999839
vt 0.189540 0.995985
vt 0.066496 0.743891
vt 0.061451 0.746804
vt 0.044670 0.744971
vt 0.328132 0.393023
vt 0.504794 0.411124
vt 0.396774 0.411124
vt 0.463220 0.408171
vt 0.231016 0.745815
vt 0.185733 0.745815
vt 0.192194 0.742432
vt 0.283590 0.577077
vt 0.350102 0.577077
vt 0.330344 0.579143
vt 0.130958 0.755136
vt 0.427500 0.396959
vt 0.345917 0.515148
vt 0.335773 0.471211
vt 0.367241 0.573353
vt 0.357696 0.552497
vt 0.449556 0.373825
vt 0.469124 0.377275
vt 0.408233 0.373668
vt 0.732610 0.648526
vt 0.742194 0.656567
vt 0.571714 0.649391
vt 0.334032 0.478293
vt 0.348156 0.427994
vt 0.267907 0.427994
vt 0.278393 0.421173
vt 0.354578 0.378536
vt 0.387647 0.352650
vt 0.447965 0.357928
vt 0.342437 0.355219
vt 0.357677 0.407145
vt 0.464556 0.407145
vt 0.359070 0.411171
s 1
usemtl Material.002
f 1281/1/1 1001/2/2 1166/3/3
f 1000/4/4 1001/5/5 476/6/6
f 1000/7/7 416/8/8 1001/9/2
f 1281/1/1 1179/10/9 1174/11/10
f 1001/12/2 1095/13/11 1165/14/12
f 1001/12/2 1165/14/12 1166/15/3
f 1166/3/3 1180/16/13 1281/1/1
f 476/17/6 1001/18/5 1035/19/14
f 416/8/8 1002/20/15 1001/9/2
f 1000/21/7 465/22/16 416/23/8
f 1001/9/2 1002/20/15 1011/24/17
f 1179/10/9 1281/1/1 1180/16/13
f 1001/9/2 1011/24/17 1003/25/18
f 1166/26/19 1165/27/19 1219/28/19
f 1001/12/2 1003/29/18 1095/13/11
f 1000/21/7 417/30/20 464/31/21
f 1000/21/7 464/31/21 465/22/16
f 1000/21/7 418/32/22 417/30/20
f 1165/33/23 1085/34/23 1219/35/23
f 1166/36/3 1168/37/24 1169/38/25
f 1000/39/7 476/40/6 434/41/26
f 1000/21/7 539/42/27 418/32/22
f 1166/43/3 1167/44/28 1180/45/13
f 1281/1/1 1174/11/10 1261/46/29
f 1165/47/30 1108/48/31 1085/49/32
f 1166/43/3 1169/50/25 1167/44/28
f 417/30/20 419/51/33 464/31/21
f 1095/52/11 1003/53/18 1004/54/34
f 1095/13/11 1098/55/35 1165/14/12
f 1085/49/32 1108/48/31 1107/56/36
f 394/57/37 397/58/37 396/59/37
f 1168/60/38 1167/61/38 1169/62/38
f 1002/20/15 416/8/8 1005/63/39
f 1002/20/15 1005/63/39 469/64/40
f 1180/65/13 1170/66/41 1179/67/9
f 419/51/33 417/30/20 462/68/42
f 1219/69/43 1172/70/43 1168/71/43
f 1171/72/44 1168/73/45 1172/74/46
f 1171/72/44 1172/74/46 1219/75/47
f 1168/76/48 1172/77/48 1167/78/48
f 1168/73/49 1169/79/50 1172/74/51
f 1173/80/52 1219/81/53 1107/82/54
f 465/83/16 1005/63/39 416/8/8
f 1169/79/50 1167/84/55 1172/74/51
f 1180/65/13 1167/85/56 1170/66/41
f 1167/85/56 1169/86/57 1170/66/41
f 1281/87/58 1035/88/14 1001/89/5
f 1168/69/59 1219/71/59 1173/90/59
f 1002/91/15 1006/92/60 1011/93/17
f 465/94/61 464/95/61 467/96/61
f 1311/97/62 1312/98/62 1313/99/62
f 1011/24/17 1014/100/63 1003/25/18
f 1261/101/29 1174/102/10 1185/103/64
f 434/41/26 539/104/27 1000/39/7
f 1311/105/65 1318/106/65 1312/107/65
f 1169/38/57 1175/108/66 1170/109/41
f 1313/110/67 1318/111/67 1311/112/67
f 1108/48/31 1165/47/30 1086/113/68
f 434/41/26 476/40/6 435/114/69
f 1168/37/70 1173/115/52 1176/116/71
f 1170/66/41 1177/117/72 1179/67/9
f 1107/82/54 1087/118/73 1173/80/52
f 1179/67/9 1177/117/72 1174/119/74
f 1108/120/31 1086/121/68 1087/118/75
f 1168/37/70 1175/108/66 1169/38/57
f 1177/117/72 1170/66/41 1182/122/76
f 1177/117/72 1182/122/76 1178/123/77
f 1313/124/78 1312/125/78 1318/126/78
f 1173/80/52 1087/118/73 1088/127/79
f 1006/92/60 1002/91/15 469/128/40
f 1174/129/74 1177/117/72 1178/123/77
f 462/68/42 417/30/20 420/130/80
f 418/32/22 420/130/80 417/30/20
f 465/131/16 466/132/81 1005/133/39
f 465/131/16 467/134/82 466/132/81
f 1174/102/83 1179/135/84 1185/103/85
f 1174/136/86 1178/137/86 1185/138/86
f 1167/84/87 1180/139/88 1172/74/89
f 1168/37/70 1176/116/71 1175/108/66
f 395/140/90 396/141/91 398/142/92
f 396/143/93 397/144/93 398/145/93
f 1182/146/94 1319/147/94 1178/148/94
f 1319/149/95 1314/150/96 1315/151/97
f 1170/66/41 1181/152/98 1182/122/76
f 1185/153/99 1260/154/99 1261/155/99
f 1182/156/76 1314/150/100 1319/149/101
f 1319/157/102 1321/158/102 1178/159/102
f 1182/160/76 1183/161/103 1314/162/100
f 464/163/104 419/164/104 470/165/104
f 1087/118/73 1086/121/105 1091/166/106
f 467/134/82 468/167/107 466/132/81
f 396/168/108 395/169/108 397/170/108
f 1006/171/109 1012/172/110 469/173/111
f 467/174/112 464/175/112 468/176/112
f 1320/177/113 1316/178/114 1317/179/115
f 418/32/22 539/42/27 429/180/116
f 1318/181/117 1321/182/117 1312/183/117
f 1087/118/73 1091/166/106 1088/127/79
f 1011/93/17 1006/92/118 1007/184/119
f 1107/185/120 1087/186/121 1089/187/122
f 1107/185/120 1089/187/122 1219/188/123
f 464/189/124 470/190/124 468/191/124
f 1004/192/34 1094/193/125 1095/194/11
f 1182/195/76 1181/196/98 1184/197/126
f 1005/133/39 466/132/81 469/198/40
f 1087/199/127 1090/200/127 1086/201/127
f 418/32/22 424/202/128 420/130/80
f 1182/160/76 1184/203/126 1183/161/103
f 1320/204/113 1317/205/115 1323/206/129
f 1185/207/130 1178/208/130 1187/209/130
f 397/210/131 395/211/131 398/212/131
f 1006/171/109 1011/213/132 1012/172/110
f 1187/214/133 1260/215/133 1185/216/133
f 419/217/33 468/218/134 470/219/135
f 1004/54/34 1003/53/18 1010/220/136
f 469/128/40 1008/221/137 1006/92/118
f 1004/192/34 1104/222/138 1094/193/125
f 1014/223/63 1011/93/17 1009/224/139
f 1176/116/71 1173/115/52 1186/225/140
f 1003/226/141 1014/227/141 1010/228/141
f 1088/229/79 1091/230/106 1092/231/142
f 1094/193/125 1093/232/143 1095/194/144
f 466/132/81 468/167/107 471/233/145
f 1314/234/100 1189/235/146 1319/236/147
f 1095/237/148 1098/238/148 1094/239/148
f 1178/240/149 1322/241/150 1187/242/151
f 419/217/33 462/243/42 468/218/134
f 1086/244/152 1098/245/152 1090/246/152
f 1006/92/118 1008/221/137 1007/184/119
f 1320/247/113 1323/248/129 1327/249/153
f 1321/250/154 1322/251/154 1178/252/154
f 1011/253/155 1012/254/155 1013/255/155
f 1181/256/156 1170/257/156 1188/258/156
f 1009/224/139 1011/93/17 1007/184/119
f 1170/109/41 1175/108/66 1188/259/157
f 1095/260/158 1096/261/159 1097/262/160
f 1320/177/113 1327/263/153 1316/178/114
f 1086/245/161 1098/244/161 1102/264/161
f 1014/223/63 1009/224/139 1026/265/162
f 1095/260/163 1097/262/164 1098/266/165
f 423/267/166 421/268/167 422/269/168
f 1219/270/169 1089/271/169 1172/272/169
f 1316/273/114 1323/206/129 1317/205/115
f 1183/161/103 1184/203/126 1189/274/146
f 1094/193/125 1104/222/138 1093/232/143
f 1183/275/103 1189/235/146 1314/234/100
f 421/276/170 423/277/170 418/278/170
f 1014/279/63 1015/280/171 1010/281/172
f 1184/282/173 1322/283/173 1189/284/173
f 1319/285/147 1189/286/146 1321/287/174
f 1321/287/174 1189/286/146 1322/288/175
f 1098/266/165 1097/262/164 1102/289/176
f 1014/279/63 1026/290/162 1015/280/171
f 423/291/177 426/292/177 424/293/177
f 422/269/168 425/294/178 423/267/166
f 422/269/168 421/268/167 418/295/22
f 398/142/179 399/296/180 395/140/181
f 469/198/40 474/297/182 1008/298/137
f 1187/299/183 1261/300/183 1260/301/183
f 424/302/184 418/303/184 423/304/184
f 469/198/40 466/132/81 474/297/182
f 1091/166/106 1086/121/185 1102/305/186
f 398/306/187 400/307/187 399/308/187
f 398/309/188 395/310/188 400/311/188
f 462/312/42 420/313/80 472/314/189
f 1173/315/52 1099/316/190 1186/317/140
f 1261/46/29 1264/318/191 1281/1/1
f 423/319/166 425/320/178 431/321/192
f 424/322/128 426/323/193 420/313/80
f 471/324/194 468/325/194 474/326/194
f 1004/54/34 1010/220/136 1104/327/138
f 1181/196/98 1188/259/157 1184/197/126
f 1324/328/195 1323/329/195 1316/330/195
f 462/243/42 472/331/189 468/218/134
f 1097/332/196 1095/333/196 1102/334/196
f 1095/194/144 1093/232/143 1102/335/197
f 1093/232/143 1104/222/138 1103/336/198
f 466/132/81 471/233/145 474/297/182
f 1173/315/52 1088/229/79 1100/337/199
f 1173/315/52 1100/337/199 1099/316/190
f 1322/241/150 1262/338/200 1187/242/151
f 1010/339/201 1040/340/201 1104/341/201
f 423/342/202 431/343/202 426/344/202
f 420/313/80 426/323/193 472/314/189
f 1175/108/66 1176/116/71 1190/345/203
f 1088/229/79 1092/231/142 1100/337/199
f 468/218/134 473/346/204 474/347/182
f 474/297/182 475/348/205 1008/298/137
f 1093/349/206 1096/350/206 1102/351/206
f 1187/352/151 1269/353/207 1261/354/29
f 1187/352/151 1262/355/200 1269/353/207
f 422/356/168 427/357/208 425/358/178
f 1176/116/71 1194/359/209 1190/345/203
f 1324/360/210 1325/361/210 1316/362/210
f 1176/116/71 1186/225/140 1194/359/209
f 429/180/116 539/42/27 428/363/211
f 418/295/22 429/364/116 422/269/168
f 429/365/116 428/366/211 433/367/212
f 422/356/168 429/368/116 427/357/208
f 476/369/6 1035/370/14 579/371/213
f 1010/281/172 1037/372/214 1040/373/215
f 425/320/178 427/374/208 431/321/192
f 1093/375/216 1101/376/216 1096/377/216
f 1008/221/137 1030/378/217 1007/184/119
f 399/379/218 400/380/218 395/381/218
f 430/382/219 429/383/116 401/384/220
f 430/385/219 427/386/208 429/387/116
f 426/388/221 431/389/221 432/390/221
f 1096/391/222 1101/392/222 1102/393/222
f 1010/281/172 1015/280/171 1037/372/214
f 401/384/220 404/394/223 430/382/219
f 468/218/134 472/331/189 473/346/204
f 429/395/116 439/396/224 401/397/220
f 433/398/225 428/399/225 539/400/225
f 1184/197/126 1188/259/157 1322/241/150
f 1093/232/143 1103/336/198 1101/401/226
f 1323/248/129 1332/402/227 1327/249/153
f 402/403/228 404/404/223 401/405/220
f 539/406/229 438/407/230 433/408/212
f 434/409/231 435/410/231 436/411/231
f 433/367/212 439/412/224 429/365/116
f 402/403/228 407/413/232 404/404/223
f 402/403/228 399/414/233 407/413/232
f 401/397/220 439/396/224 437/415/234
f 476/416/6 537/417/235 435/418/69
f 401/419/220 437/420/234 402/421/228
f 1015/280/171 1026/290/162 1037/372/214
f 1323/206/129 1316/273/114 1332/422/227
f 1269/353/207 1263/423/236 1261/354/29
f 1007/184/119 1016/424/237 1009/224/139
f 1261/354/29 1263/423/236 1264/425/191
f 539/406/229 444/426/238 438/407/230
f 430/385/219 404/427/223 442/428/239
f 431/321/192 427/374/208 432/429/240
f 1281/1/1 1264/318/191 1326/430/241
f 1175/108/66 1190/345/203 1188/259/157
f 1322/241/150 1188/259/157 1191/431/242
f 1102/305/186 1106/432/243 1091/166/106
f 433/433/212 438/434/230 439/435/224
f 1017/436/244 1026/437/244 1019/438/244
f 1017/439/245 1019/440/246 1018/441/247
f 402/421/228 437/420/234 408/442/248
f 436/443/249 435/444/249 440/445/249
f 1103/446/250 1104/447/250 1041/448/250
f 1103/336/198 1041/449/251 1101/401/226
f 430/385/219 442/428/239 427/386/208
f 1186/225/140 1193/450/252 1194/359/209
f 1019/440/246 1020/451/253 1018/441/247
f 426/323/193 463/452/254 472/314/189
f 1316/178/114 1327/263/153 1332/453/227
f 403/454/255 405/455/256 400/456/257
f 436/457/258 440/458/258 434/459/258
f 399/460/233 403/454/255 400/456/257
f 1030/378/217 1016/424/237 1007/184/119
f 1188/259/157 1195/461/259 1191/431/242
f 1194/359/209 1192/462/260 1190/345/203
f 434/41/26 441/463/261 539/104/27
f 434/464/262 440/465/262 441/466/262
f 400/456/257 405/455/256 399/460/263
f 1008/298/137 475/348/205 1030/467/217
f 426/323/193 432/468/240 463/452/254
f 1104/469/264 1040/470/264 1038/471/264
f 1019/472/246 1026/473/162 1020/474/253
f 474/347/182 473/346/204 479/475/265
f 1186/476/266 1099/477/266 1193/478/266
f 1020/474/253 1026/473/162 1029/479/267
f 473/346/204 472/331/189 477/480/268
f 399/414/233 402/403/228 403/481/255
f 478/482/269 484/483/269 1030/484/269
f 1017/485/270 1024/486/270 1026/487/270
f 1190/345/203 1195/461/259 1188/259/157
f 1262/338/200 1191/431/242 1269/488/207
f 1030/489/271 484/490/271 481/491/271
f 404/492/272 445/493/272 442/494/272
f 1017/439/245 1018/441/247 1024/495/273
f 1009/224/139 1029/496/267 1026/265/162
f 478/497/274 1030/498/217 475/499/205
f 1327/249/275 1332/402/276 1328/500/277
f 432/501/240 427/502/208 438/503/230
f 408/442/248 403/504/255 402/421/228
f 404/505/278 407/506/278 445/507/278
f 478/497/274 475/499/205 484/508/279
f 1194/359/209 1099/509/190 1192/462/260
f 403/510/255 406/511/280 405/512/256
f 1099/316/190 1100/337/199 1203/513/281
f 399/514/282 405/515/282 406/516/282
f 1016/424/237 1021/517/283 1009/224/139
f 481/518/284 485/519/284 1030/520/284
f 1194/521/285 1193/522/285 1099/523/285
f 479/524/265 480/525/286 489/526/287
f 442/527/239 445/528/288 427/502/208
f 480/529/289 479/530/289 473/531/289
f 1322/241/150 1191/431/242 1262/338/200
f 437/532/290 439/533/290 445/534/290
f 539/535/229 447/536/291 443/537/292
f 539/538/229 443/539/292 444/540/238
f 399/541/293 406/542/293 407/543/293
f 1328/544/277 1330/545/294 1327/546/275
f 403/547/295 410/548/295 406/549/295
f 1101/550/226 1041/551/251 1036/552/296
f 489/526/287 482/553/297 479/524/265
f 474/347/182 479/475/265 482/554/297
f 439/435/224 438/434/230 445/555/288
f 1037/556/298 1027/557/298 1040/558/298
f 474/347/182 482/554/297 475/559/205
f 476/560/6 579/561/213 1022/562/299
f 481/563/300 484/564/279 485/565/301
f 407/566/302 408/567/248 445/568/303
f 1102/305/186 1101/569/226 1036/570/296
f 1106/432/243 1102/305/186 1036/570/296
f 432/468/240 446/571/304 463/452/254
f 489/526/287 488/572/305 482/553/297
f 1100/337/199 1105/573/306 1203/513/281
f 473/574/307 489/575/307 480/576/307
f 1018/441/247 1023/577/308 1024/495/273
f 1030/578/309 485/579/309 1031/580/309
f 1327/581/275 1330/582/294 1332/583/310
f 1009/224/139 1021/517/283 1029/496/267
f 427/502/208 445/528/288 438/503/230
f 437/584/311 445/585/311 408/586/311
f 1328/587/312 1329/588/312 1330/589/312
f 438/407/230 450/590/313 432/468/240
f 403/591/314 406/592/314 412/593/314
f 403/594/315 411/595/316 410/596/317
f 407/566/302 406/597/318 408/567/248
f 482/598/297 484/508/279 475/499/205
f 490/599/319 489/600/319 473/601/319
f 1037/372/214 1026/290/162 1027/602/320
f 482/603/297 483/604/321 484/605/279
f 403/510/255 408/606/248 406/511/318
f 1104/607/322 1038/608/322 1041/609/322
f 1099/509/190 1201/610/323 1192/462/260
f 1329/611/324 1328/612/324 1331/613/324
f 537/417/235 476/416/6 1022/614/299
f 497/615/325 484/605/279 483/604/321
f 403/594/315 412/616/326 411/595/316
f 1020/617/327 1028/618/327 1018/619/327
f 1024/620/328 1025/621/328 1026/622/328
f 485/565/301 484/564/279 497/623/325
f 1269/353/207 1267/624/329 1263/423/236
f 1203/625/281 1201/610/323 1099/509/190
f 1263/423/236 1267/626/329 1265/627/330
f 1195/628/331 1198/629/331 1197/630/331
f 441/631/332 440/632/332 435/633/332
f 1024/634/273 1023/635/308 1025/636/333
f 1026/637/334 1025/638/334 1027/639/334
f 497/640/335 486/641/335 485/642/335
f 447/643/336 444/644/336 443/645/336
f 1263/423/236 1265/627/330 1326/646/241
f 1195/647/337 1197/648/337 1191/649/337
f 1023/650/308 1018/651/247 1033/652/338
f 1264/425/191 1263/423/236 1326/646/241
f 447/653/339 448/654/340 444/426/238
f 432/468/240 450/590/313 446/571/304
f 1018/651/247 1028/655/341 1033/652/338
f 1192/656/260 1200/657/342 1190/345/203
f 406/658/343 409/659/343 410/660/343
f 1038/661/344 1040/662/345 1039/663/346
f 1190/345/203 1206/664/347 1195/461/259
f 485/665/348 486/666/349 487/667/350
f 472/331/189 463/668/254 477/480/268
f 1196/669/351 1204/670/351 1201/671/351
f 1328/500/277 1332/402/276 1331/672/352
f 1192/656/260 1201/673/323 1200/657/342
f 1020/674/253 1029/675/267 1028/676/341
f 488/677/353 492/678/353 482/679/353
f 1106/680/354 1036/681/354 1044/682/354
f 410/683/317 411/684/316 406/685/355
f 485/665/348 487/667/350 1031/686/356
f 1197/687/357 1198/688/357 1191/689/357
f 1106/690/358 1044/691/358 1091/692/358
f 1195/693/359 1207/694/360 1199/695/361
f 1038/661/344 1039/663/346 1041/696/362
f 1269/697/207 1266/698/363 1267/699/329
f 1196/700/364 1200/701/364 1201/702/364
f 482/603/297 492/703/365 483/604/321
f 1040/704/366 1027/705/366 1047/706/366
f 1041/707/362 1039/708/346 1042/709/367
f 1030/710/217 1031/711/356 1016/424/237
f 1332/583/310 1330/582/294 1337/712/368
f 1023/650/308 1033/652/338 1025/713/333
f 1036/552/296 1041/551/251 1043/714/369
f 444/426/238 450/590/313 438/407/230
f 473/715/370 477/716/370 490/717/370
f 1331/718/371 1332/719/371 1337/720/371
f 1201/721/372 1204/722/372 1200/723/372
f 1105/724/306 1202/725/373 1203/726/281
f 1265/627/330 1267/626/329 1268/727/374
f 1203/728/375 1204/729/375 1201/730/375
f 1203/726/281 1202/725/373 1204/731/376
f 1190/345/203 1200/657/342 1205/732/377
f 483/604/321 492/703/365 497/615/325
f 1198/733/378 1195/734/378 1209/735/378
f 447/536/291 539/535/229 453/736/379
f 489/737/287 490/738/380 491/739/381
f 1043/714/369 1046/740/382 1036/552/296
f 447/741/383 453/742/383 448/743/383
f 1195/693/359 1199/695/361 1209/744/384
f 1204/731/376 1202/725/373 1110/745/385
f 1191/746/386 1273/747/386 1269/748/386
f 1041/749/387 1042/750/387 1043/751/387
f 486/666/349 497/752/388 487/667/350
f 1204/731/376 1110/745/385 1200/753/389
f 1329/754/390 1331/755/391 1330/756/392
f 1039/757/393 1040/758/393 1047/759/393
f 1331/755/391 1345/760/394 1330/756/392
f 1092/231/142 1091/230/106 1051/761/395
f 450/590/313 444/426/238 453/762/396
f 1201/763/397 1110/764/397 1202/765/397
f 448/654/340 453/762/396 444/426/238
f 1195/766/398 1206/767/398 1207/768/398
f 1091/769/106 1044/770/399 1045/771/400
f 1091/769/106 1045/771/400 1051/772/395
f 489/773/287 491/774/381 488/775/305
f 1330/582/294 1333/776/401 1337/712/368
f 1105/777/306 1100/337/199 1111/778/402
f 1016/424/237 1031/711/356 1021/517/283
f 1330/779/403 1334/780/403 1333/781/403
f 1092/231/142 1051/761/395 1100/337/199
f 492/782/404 495/783/404 497/784/404
f 1046/785/382 1055/786/405 1036/787/296
f 406/788/406 411/789/406 412/790/406
f 463/791/254 446/792/304 493/793/407
f 1100/337/199 1057/794/408 1111/778/402
f 463/668/254 493/795/407 477/480/268
f 450/796/313 449/797/409 446/792/304
f 1335/798/410 1339/799/410 1336/800/410
f 1025/801/411 1047/802/412 1027/803/413
f 1100/337/199 1051/761/395 1057/794/408
f 477/804/414 494/805/414 490/806/414
f 1207/807/415 1206/808/415 1199/809/415
f 1055/786/405 1044/810/399 1036/787/296
f 1200/753/389 1110/745/385 1208/811/416
f 1267/699/329 1266/698/363 1268/812/374
f 1330/813/417 1345/814/417 1338/815/417
f 1200/816/418 1208/817/418 1109/818/418
f 490/738/380 494/819/419 491/739/381
f 1331/820/420 1337/821/420 1345/822/420
f 1206/664/347 1190/345/203 1114/823/421
f 1330/824/422 1338/825/423 1333/826/424
f 1190/345/203 1205/732/377 1114/823/421
f 1199/827/361 1206/828/347 1209/829/384
f 1191/830/425 1210/831/426 1273/832/427
f 488/775/305 491/774/381 492/833/428
f 1266/698/363 1269/834/207 1272/835/429
f 1046/836/430 1043/837/430 1055/838/430
f 1340/839/431 1330/840/431 1333/841/431
f 1330/842/432 1340/843/432 1334/844/432
f 1043/845/433 1042/846/433 1048/847/433
f 1209/829/434 1191/830/425 1198/848/435
f 1208/849/436 1113/850/436 1109/851/436
f 1208/852/437 1110/853/437 1122/854/437
f 1266/698/363 1272/835/429 1277/855/438
f 1111/856/439 1049/857/439 1105/858/439
f 1029/675/267 1032/859/440 1028/676/341
f 1109/860/441 1212/861/441 1200/862/441
f 1335/863/442 1346/864/442 1339/865/442
f 1021/517/283 1032/866/440 1029/496/267
f 1111/867/443 1057/868/443 1049/869/443
f 1209/829/384 1206/828/347 1118/870/444
f 1110/871/445 1202/872/373 1122/873/446
f 539/104/27 441/463/261 537/874/235
f 1269/875/447 1273/876/447 1272/877/447
f 1032/878/440 1033/879/338 1028/880/341
f 1039/708/346 1047/881/448 1042/709/367
f 1105/882/306 1049/883/449 1202/872/373
f 1340/884/450 1343/885/451 1334/886/452
f 477/480/268 493/795/407 494/887/419
f 497/888/388 495/889/453 502/890/454
f 496/891/455 499/892/455 500/893/455
f 453/894/456 451/895/456 450/896/456
f 1266/698/363 1277/855/438 1268/812/374
f 487/897/350 497/898/388 498/899/457
f 1209/829/434 1118/870/458 1191/830/425
f 413/900/459 414/901/459 415/902/459
f 1345/903/460 1337/904/460 1341/905/460
f 1206/828/347 1114/906/421 1118/870/444
f 1211/907/461 1118/908/461 1209/909/461
f 1202/872/373 1049/883/449 1122/873/446
f 1265/627/330 1270/910/462 1326/646/241
f 1025/911/463 1032/912/463 1047/913/463
f 1268/914/374 1270/915/462 1265/916/330
f 495/889/453 492/917/464 502/890/454
f 1043/918/465 1048/919/465 1055/920/465
f 450/796/313 451/921/466 449/797/409
f 446/792/304 449/797/409 452/922/467
f 1334/923/452 1343/924/451 1333/925/468
f 1345/926/469 1342/927/470 1338/825/423
f 1200/657/342 1212/928/471 1205/732/377
f 492/929/464 500/930/472 499/931/473
f 500/932/474 507/933/475 503/934/476
f 1268/914/374 1274/935/477 1270/915/462
f 487/667/350 498/899/457 1031/686/356
f 492/936/478 507/937/478 500/938/478
f 1210/831/426 1282/939/479 1273/832/427
f 1337/940/480 1333/941/480 1341/942/480
f 1338/825/423 1342/927/470 1333/826/424
f 1057/943/481 1062/944/482 1049/945/483
f 453/946/484 454/947/484 451/948/484
f 1191/830/425 1118/870/458 1210/831/426
f 1340/949/485 1333/950/485 1343/951/485
f 446/792/304 452/922/467 493/793/407
f 1033/952/486 1050/953/486 1025/954/486
f 1052/955/487 1066/956/487 1051/957/487
f 492/929/464 499/931/473 502/958/454
f 492/833/428 491/774/381 507/959/488
f 1208/960/489 1122/961/490 1113/962/491
f 1021/517/283 1031/711/356 501/963/492
f 491/964/381 503/934/493 507/933/488
f 451/921/466 454/965/494 449/797/409
f 1031/686/356 498/899/457 501/966/492
f 1032/866/440 1021/517/283 519/967/495
f 1045/968/496 1052/969/496 1051/970/496
f 1047/971/497 1032/972/497 1050/973/497
f 1044/974/399 1055/975/405 1054/976/498
f 1025/801/499 1050/977/500 1047/802/501
f 1109/978/502 1112/979/502 1212/980/502
f 1114/906/421 1213/981/503 1118/870/444
f 502/982/454 498/899/457 497/898/388
f 503/983/493 491/739/381 505/984/504
f 1210/985/505 1118/986/505 1214/987/505
f 1025/988/506 1050/989/506 1032/990/506
f 1274/935/477 1271/991/507 1270/915/462
f 1272/992/508 1273/993/509 1347/994/510
f 1051/995/511 1053/996/511 1057/997/511
f 500/930/474 504/998/512 499/931/473
f 503/999/476 510/1000/513 500/1001/474
f 1054/1002/498 1045/771/400 1044/770/399
f 1054/1003/498 1042/709/367 1047/881/448
f 1053/1004/514 1051/1005/514 1066/1006/514
f 1205/732/377 1212/928/471 1114/823/421
f 1347/1007/515 1346/1008/515 1344/1009/515
f 503/1010/516 505/1011/516 507/1012/516
f 1032/878/440 1050/1013/517 1033/879/338
f 1050/1014/518 1034/1015/518 1047/1016/518
f 1042/1017/367 1054/1018/498 1048/1019/519
f 1032/1020/520 1034/1021/520 1050/1022/520
f 1277/1023/521 1272/1024/521 1275/1025/521
f 1273/993/509 1349/1026/522 1347/994/510
f 1022/1027/299 579/1028/213 580/1029/523
f 494/819/419 506/1030/524 491/739/381
f 1048/1031/525 1059/1032/525 1055/1033/525
f 1274/1034/477 1268/812/374 1277/855/438
f 504/1035/512 508/1036/526 499/1037/473
f 1049/1038/527 1062/1039/527 1056/1040/527
f 1118/870/444 1213/981/503 1120/1041/528
f 491/739/381 506/1030/524 505/984/504
f 1333/1042/424 1342/1043/470 1341/1044/529
f 1055/975/405 1059/1045/530 1054/976/498
f 494/887/419 493/795/407 506/1046/524
f 1270/910/462 1271/1047/507 1326/646/241
f 500/1001/474 510/1000/513 504/1048/512
f 503/1049/531 507/1050/531 510/1051/531
f 1109/1052/532 1113/1053/532 1112/1054/532
f 1053/1055/533 1066/1056/533 1057/1057/533
f 1277/1058/534 1279/1059/534 1274/1060/534
f 499/1061/473 516/1062/535 502/1063/454
f 1274/1064/536 1279/1065/536 1280/1066/536
f 1347/1067/510 1349/1068/522 1345/1069/469
f 1049/1070/449 1056/1071/537 1122/1072/446
f 1052/1073/538 1060/1074/538 1066/1075/538
f 453/736/379 539/535/229 454/1076/539
f 1054/1003/498 1047/881/448 1058/1077/540
f 1346/1078/541 1347/1079/541 1341/1080/541
f 504/1048/512 510/1000/513 508/1081/526
f 1214/1082/542 1118/1083/543 1215/1084/544
f 507/1085/545 505/984/504 511/1086/546
f 502/982/454 509/1087/547 498/899/457
f 507/1088/548 511/1089/548 510/1090/548
f 510/1091/549 515/1092/550 513/1093/551
f 1048/1019/519 1054/1018/498 1059/1094/530
f 510/1095/552 511/1096/552 515/1097/552
f 1274/1098/477 1280/1099/553 1271/1100/507
f 519/967/495 584/1101/554 1032/866/440
f 516/1102/535 499/1037/473 508/1036/526
f 1045/1103/555 1060/1104/555 1052/1105/555
f 1032/866/440 584/1101/554 1034/1106/556
f 502/1063/454 516/1062/535 509/1107/547
f 1114/1108/421 1212/1109/471 1116/1110/557
f 1272/1111/508 1344/1112/558 1275/1113/559
f 515/1092/550 521/1114/560 513/1093/551
f 1056/1071/537 1115/1115/561 1122/1072/446
f 1347/1116/562 1345/1117/562 1341/1118/562
f 510/1119/563 516/1120/563 508/1121/563
f 435/1122/69 537/874/235 441/463/261
f 1062/1123/564 1063/1124/564 1056/1125/564
f 1277/1126/565 1275/1127/565 1276/1128/565
f 452/922/467 455/1129/566 493/793/407
f 1272/1111/508 1347/1130/510 1344/1112/558
f 1047/881/448 1034/1131/556 1058/1077/540
f 501/966/492 498/899/457 523/1132/567
f 493/795/407 512/1133/568 506/1046/524
f 1214/1134/569 1216/1135/570 1210/1136/426
f 1021/517/283 501/963/492 519/967/495
f 1113/962/491 1122/961/490 1116/1137/557
f 1057/943/481 1065/1138/571 1062/944/482
f 1346/1139/572 1341/1140/572 1344/1141/572
f 1345/926/469 1352/1142/573 1342/927/470
f 510/1143/574 513/1144/574 517/1145/574
f 510/1146/575 517/1147/575 514/1148/575
f 515/1149/550 511/1150/546 521/1151/560
f 514/1152/576 516/1153/576 510/1154/576
f 1279/1155/577 1277/1156/578 1278/1157/579
f 513/1158/580 521/1159/580 517/1160/580
f 1215/1084/544 1217/1161/581 1214/1082/542
f 1113/1162/582 1116/1163/582 1112/1164/582
f 1279/1165/583 1278/1166/583 1280/1167/583
f 1214/1168/584 1217/1169/584 1218/1170/584
f 1212/1171/585 1112/1172/585 1116/1173/585
f 1214/1134/569 1218/1174/586 1216/1135/570
f 449/797/409 454/1175/494 457/1176/587
f 509/1087/547 523/1132/567 498/899/457
f 1122/961/490 1117/1177/588 1116/1137/557
f 1066/1178/589 1060/1179/589 1061/1180/589
f 1340/1181/590 1343/1182/590 1348/1183/590
f 1062/1184/482 1065/1185/571 1063/1186/591
f 1118/1187/592 1120/1188/592 1124/1189/592
f 1345/926/469 1349/1190/522 1352/1142/573
f 1210/1136/426 1216/1135/570 1282/1191/479
f 1114/1108/421 1116/1110/557 1133/1192/593
f 1057/1193/594 1066/1194/594 1065/1195/594
f 509/1107/547 516/1062/535 518/1196/595
f 506/1046/524 512/1133/568 529/1197/596
f 493/795/407 456/1198/597 512/1133/568
f 1118/1083/543 1124/1199/598 1215/1084/544
f 1045/1200/599 1064/1201/599 1060/1202/599
f 1277/1156/578 1276/1203/600 1278/1157/579
f 452/922/467 449/797/409 455/1129/566
f 519/1204/495 501/966/492 523/1132/567
f 1045/771/400 1054/1002/498 1064/1205/601
f 1281/1206/1 1326/1207/241 1306/1208/602
f 1280/1099/553 1285/1209/603 1271/1100/507
f 1344/1210/558 1221/1211/604 1275/1212/559
f 511/1150/546 520/1213/605 521/1151/560
f 1326/1214/606 1271/1215/606 1306/1216/606
f 1063/1217/591 1126/1218/607 1056/1219/537
f 1056/1219/537 1126/1218/607 1115/1220/561
f 1341/1044/608 1351/1221/609 1344/1222/558
f 1060/1223/610 1064/1224/601 1061/1225/611
f 517/1226/612 520/1227/605 514/1228/613
f 1217/1161/581 1215/1084/544 1218/1229/586
f 1066/1230/614 1061/1231/611 1069/1232/615
f 514/1228/613 518/1196/595 516/1062/535
f 521/1233/616 520/1234/616 517/1235/616
f 1273/1236/509 1351/1237/609 1349/1238/522
f 1065/1239/571 1066/1240/614 1069/1241/615
f 1350/1242/617 1341/1243/617 1351/1244/617
f 1349/1245/618 1351/1246/618 1352/1247/618
f 1213/1248/503 1119/1249/619 1120/1250/528
f 1273/1236/509 1221/1251/604 1351/1237/609
f 455/1129/566 456/1252/597 493/793/407
f 1115/1253/620 1121/1254/620 1122/1255/620
f 1122/1256/490 1123/1257/621 1117/1177/588
f 1342/1043/470 1352/1258/573 1341/1044/529
f 1115/1259/622 1126/1260/622 1121/1261/622
f 1273/1262/623 1282/1263/623 1221/1264/623
f 1271/1265/624 1285/1266/624 1288/1267/624
f 509/1107/547 522/1268/625 523/1269/567
f 512/1133/568 456/1198/597 529/1197/596
f 1213/1248/503 1114/1108/421 1119/1249/619
f 1341/1044/529 1352/1258/573 1351/1221/626
f 1271/1270/627 1284/1271/628 1306/1272/629
f 514/1228/613 520/1227/605 518/1196/595
f 1344/1210/558 1351/1273/609 1221/1211/604
f 454/1274/630 539/1275/630 457/1276/630
f 1065/1239/571 1069/1241/615 1067/1277/631
f 1275/1278/559 1221/1279/604 1276/1280/600
f 519/1281/495 523/1269/567 581/1282/632
f 1278/1157/579 1276/1203/600 1287/1283/633
f 1278/1284/634 1285/1285/634 1280/1286/634
f 1122/1287/490 1121/1288/635 1123/1289/621
f 1215/1290/544 1124/1291/598 1218/1292/586
f 505/984/504 506/1030/524 524/1293/636
f 1065/1185/571 1067/1294/631 1063/1186/591
f 1271/1270/627 1288/1295/637 1284/1271/628
f 1114/1108/421 1133/1192/593 1119/1249/619
f 539/1296/638 458/1297/639 457/1176/587
f 1058/1077/540 1068/1298/640 1054/1003/498
f 518/1196/595 522/1268/625 509/1107/547
f 1285/1299/641 1283/1300/641 1306/1301/641
f 1285/1302/642 1306/1303/629 1284/1304/628
f 1276/1280/600 1221/1279/604 1287/1305/633
f 506/1306/524 529/1307/596 524/1308/636
f 511/1086/546 505/984/504 524/1293/636
f 1285/1309/643 1290/1310/644 1283/1311/645
f 1119/1312/619 1124/1313/598 1120/1314/528
f 1288/1315/637 1285/1302/642 1284/1304/628
f 1216/1316/570 1218/1317/586 1282/1318/479
f 1288/1319/646 1286/1320/647 1278/1321/648
f 1287/1322/649 1288/1323/649 1278/1324/649
f 1278/1325/650 1291/1326/650 1290/1327/650
f 1285/1309/643 1278/1328/651 1290/1310/644
f 523/1269/567 522/1268/625 528/1329/652
f 1287/1330/653 1286/1331/653 1288/1332/653
f 1064/1224/601 1069/1333/615 1061/1225/611
f 1116/1110/557 1125/1334/654 1133/1192/593
f 456/1198/597 459/1335/655 529/1197/596
f 1063/1336/591 1067/1337/631 1126/1338/607
f 1221/1279/604 1310/1339/656 1287/1305/633
f 1282/1340/657 1220/1341/658 1221/1342/604
f 1283/1343/659 1297/1344/659 1306/1345/659
f 1287/1346/660 1295/1347/661 1286/1348/647
f 523/1269/567 528/1329/652 581/1282/632
f 1119/1349/662 1130/1350/662 1134/1351/662
f 511/1352/546 524/1353/636 586/1354/663
f 1119/1355/664 1133/1356/664 1130/1357/664
f 1121/1358/665 1126/1359/665 1127/1360/665
f 584/1361/554 1070/1362/666 1034/1131/556
f 1121/1288/635 1127/1363/667 1123/1289/621
f 449/797/409 457/1176/587 455/1129/566
f 1067/1277/631 1069/1241/615 1127/1364/667
f 1126/1338/607 1067/1337/631 1127/1365/667
f 524/1308/636 529/1307/596 590/1366/668
f 1116/1110/557 1128/1367/669 1125/1334/654
f 511/1352/546 586/1354/663 520/1227/605
f 456/1252/597 455/1129/566 459/1368/655
f 522/1268/625 518/1196/595 525/1369/670
f 1310/1339/656 1289/1370/671 1287/1305/633
f 1123/1257/621 1073/1371/672 1117/1177/588
f 1116/1137/557 1117/1177/588 1128/1372/669
f 1278/1321/648 1286/1320/647 1291/1373/673
f 1287/1374/674 1289/1375/674 1295/1376/674
f 1221/1342/604 1220/1341/658 1310/1377/656
f 1119/1312/619 1134/1378/675 1124/1313/598
f 1054/1003/498 1083/1379/676 1064/1380/601
f 519/1381/495 581/1382/632 582/1383/677
f 524/1384/678 590/1385/678 586/1386/678
f 1069/1241/615 1064/1387/601 1083/1388/676
f 522/1268/625 525/1369/670 528/1329/652
f 528/1389/652 583/1390/679 581/1382/632
f 518/1196/595 526/1391/680 525/1369/670
f 1290/1392/644 1297/1393/681 1283/1394/645
f 519/1381/495 582/1383/677 584/1395/554
f 1134/1396/682 1129/1397/683 1130/1398/684
f 520/1227/605 586/1354/663 526/1391/680
f 1124/1313/598 1134/1378/675 1135/1399/685
f 455/1129/566 532/1400/686 459/1368/655
f 1218/1292/586 1124/1291/598 1227/1401/687
f 1290/1402/644 1291/1403/673 1292/1404/688
f 1069/1241/615 1083/1388/676 1127/1364/667
f 1290/1392/644 1292/1405/688 1297/1393/681
f 1218/1317/586 1227/1406/687 1282/1318/479
f 518/1196/595 520/1227/605 526/1391/680
f 583/1390/679 528/1389/652 585/1407/689
f 525/1408/670 526/1409/680 527/1410/690
f 1281/1411/58 964/1412/691 1035/1413/14
f 1054/1003/498 1068/1298/640 1083/1379/676
f 457/1176/587 458/1297/639 455/1129/566
f 1034/1131/556 1070/1362/666 1058/1077/540
f 525/1408/670 527/1410/690 528/1414/652
f 1220/1415/692 1282/1416/692 1137/1417/692
f 1135/1399/685 1134/1378/675 1132/1418/693
f 1295/1419/694 1289/1420/694 1310/1421/694
f 1282/1422/695 1226/1423/695 1137/1424/695
f 1282/1424/696 1136/1425/696 1137/1422/696
f 1134/1426/697 1131/1427/697 1132/1428/697
f 1133/1429/593 1134/1396/698 1130/1398/699
f 1068/1298/640 1058/1077/540 1071/1430/700
f 586/1431/701 595/1432/701 587/1433/701
f 1297/1345/702 1306/1344/702 1293/1434/702
f 1227/1406/687 1226/1435/703 1282/1318/479
f 1291/1403/673 1286/1436/647 1296/1437/704
f 581/1382/632 583/1390/679 582/1383/677
f 590/1438/705 529/1439/705 530/1440/705
f 1124/1291/598 1143/1441/706 1227/1401/687
f 1295/1347/661 1303/1442/707 1286/1348/647
f 528/1389/652 527/1443/690 585/1407/689
f 1133/1192/593 1132/1444/708 1134/1445/698
f 586/1354/663 531/1446/709 526/1391/680
f 1291/1403/673 1301/1447/710 1292/1404/688
f 459/1335/655 630/1448/711 529/1197/596
f 1070/1362/666 1074/1449/712 1058/1077/540
f 1292/1450/713 1300/1451/713 1294/1452/713
f 1291/1403/673 1296/1437/704 1301/1447/710
f 586/1453/714 587/1454/714 531/1455/714
f 1137/1456/715 1222/1457/716 1220/1341/658
f 1295/1458/661 1310/1459/656 1303/1460/707
f 1286/1461/647 1303/1462/707 1296/1463/704
f 1292/1405/688 1294/1464/717 1297/1393/681
f 1123/1257/621 1127/1465/667 1073/1371/672
f 458/1297/639 539/1466/638 460/1467/718
f 526/1468/680 587/1469/719 527/1443/690
f 1297/1470/720 1298/1471/720 1306/1472/720
f 1127/1364/667 1083/1388/676 1072/1473/721
f 1135/1474/685 1143/1475/706 1124/1476/598
f 1136/1477/722 1137/1478/722 1138/1479/722
f 526/1468/680 531/1480/709 587/1469/719
f 1297/1393/681 1294/1464/717 1298/1481/723
f 1292/1482/724 1301/1483/724 1300/1484/724
f 1127/1364/667 1077/1485/725 1073/1486/672
f 1133/1192/593 1125/1334/654 1132/1444/708
f 1070/1362/666 584/1361/554 1074/1449/712
f 529/1197/596 630/1448/711 530/1487/726
f 1068/1298/640 1071/1430/700 1083/1379/676
f 1117/1177/588 1073/1371/672 1139/1488/727
f 1128/1372/669 1117/1177/588 1139/1488/727
f 459/1335/655 532/1489/686 630/1448/711
f 1132/1418/693 1142/1490/728 1135/1399/685
f 1127/1364/667 1072/1473/721 1077/1485/725
f 1125/1334/654 1128/1367/669 1152/1491/729
f 532/1492/686 461/1493/730 630/1494/711
f 583/1390/679 585/1407/689 588/1495/731
f 1306/1208/602 942/1496/732 1281/1206/1
f 1298/1497/733 1304/1498/733 1306/1499/733
f 1135/1474/685 1141/1500/734 1143/1475/706
f 1296/1463/704 1299/1501/735 1301/1502/710
f 1128/1367/669 1139/1503/727 1152/1491/729
f 583/1390/679 588/1495/731 582/1383/677
f 1310/1377/656 1220/1341/658 1230/1504/736
f 1296/1463/704 1303/1462/707 1299/1501/735
f 1300/1505/737 1301/1506/710 1294/1507/738
f 1058/1077/540 1074/1449/712 1071/1430/700
f 1298/1481/723 1294/1464/717 1305/1508/739
f 1310/1377/656 1230/1504/736 1229/1509/740
f 1310/1459/656 1229/1510/740 1303/1460/707
f 630/1511/711 591/1512/741 530/1513/726
f 455/1129/566 461/1514/730 532/1400/686
f 527/1443/690 587/1469/719 585/1407/689
f 1222/1457/716 1137/1515/715 1226/1516/742
f 1142/1490/728 1141/1517/734 1135/1399/685
f 458/1297/639 460/1467/718 461/1514/730
f 458/1297/639 461/1514/730 455/1129/566
f 1302/1518/743 1299/1519/743 1303/1520/743
f 1137/1521/744 1226/1522/744 1138/1523/744
f 1302/1524/745 1303/1525/707 1306/1526/602
f 530/1513/726 591/1512/741 589/1527/746
f 1302/1524/745 1306/1526/602 1304/1528/747
f 530/1529/748 589/1530/748 534/1531/748
f 590/1532/749 530/1533/750 534/1534/749
f 1074/1449/712 584/1361/554 1080/1535/751
f 584/1536/752 592/1537/752 1080/1538/752
f 1298/1481/723 1305/1508/739 1304/1539/747
f 1302/1524/745 1304/1528/747 1305/1540/739
f 1303/1460/707 1229/1510/740 1306/1541/602
f 586/1542/753 590/1532/749 534/1534/749
f 584/1543/754 582/1544/754 592/1545/754
f 1083/1388/676 1077/1485/725 1072/1473/721
f 1294/1546/717 1302/1524/745 1305/1540/739
f 1071/1547/755 1074/1548/755 1075/1549/755
f 1125/1550/654 1152/1551/729 1142/1552/756
f 1220/1341/658 1222/1457/716 1238/1553/757
f 1222/1457/716 1226/1516/742 1234/1554/758
f 630/1494/711 597/1555/759 591/1556/741
f 1302/1557/760 1294/1558/760 1299/1559/760
f 1301/1506/710 1299/1560/735 1294/1507/738
f 564/1561/761 586/1562/761 534/1563/761
f 1073/1564/672 1140/1565/762 1139/1503/727
f 585/1407/689 587/1469/719 604/1566/763
f 1230/1567/764 1223/1568/764 1229/1569/764
f 582/1383/677 588/1495/731 592/1570/765
f 591/1571/766 593/1572/766 589/1573/766
f 1071/1430/700 1081/1574/767 1083/1379/676
f 1220/1341/658 1238/1553/757 1230/1504/736
f 1143/1575/768 1141/1576/768 1142/1577/768
f 588/1495/731 585/1407/689 594/1578/769
f 1142/1579/770 1132/1580/770 1147/1579/770
f 1142/1581/771 1144/1582/772 1143/1583/773
f 589/1584/774 593/1585/775 534/1586/776
f 1142/1581/771 1145/1587/777 1144/1582/772
f 630/1494/711 461/1493/730 597/1555/759
f 1075/1588/778 1076/1589/779 1071/1590/700
f 1234/1554/758 1238/1553/757 1222/1457/716
f 1142/1552/756 1152/1551/729 1147/1552/780
f 1226/1516/742 1225/1591/781 1234/1554/758
f 1139/1503/727 1140/1565/762 1152/1491/729
f 1074/1592/782 1076/1593/782 1075/1594/782
f 1145/1587/777 1142/1581/771 1147/1595/783
f 1074/1449/712 1080/1535/751 1076/1596/779
f 1071/1590/700 1076/1589/779 1081/1597/767
f 1230/1598/784 1238/1599/784 1224/1600/784
f 1083/1379/676 1081/1574/767 1084/1601/785
f 595/1602/786 606/1603/787 587/1604/719
f 1143/1605/788 1144/1606/788 1146/1607/788
f 460/1608/789 539/1609/789 568/1610/789
f 595/1611/786 586/1612/790 619/1613/791
f 1140/1614/762 1149/1615/792 1152/1616/729
f 1306/1541/602 1229/1510/740 1307/1617/793
f 591/1618/794 597/1619/794 596/1620/794
f 1073/1621/672 1079/1622/795 1140/1623/762
f 595/1602/786 619/1624/791 606/1603/787
f 1152/1551/729 1151/1625/796 1147/1552/780
f 1144/1626/772 1145/1627/777 1146/1628/797
f 592/1629/798 599/1630/798 1080/1631/798
f 1141/1632/799 1146/1633/799 1147/1634/799
f 460/1635/800 568/1636/800 461/1637/800
f 585/1407/689 604/1566/763 600/1638/801
f 1077/1485/725 1082/1639/802 1073/1486/672
f 1146/1628/797 1145/1627/777 1147/1640/783
f 1140/1641/762 1148/1642/803 1149/1643/792
f 1077/1644/725 1078/1645/804 1082/1646/802
f 1306/1541/602 1307/1617/793 940/1647/805
f 1306/1208/602 940/1648/805 942/1496/732
f 1143/1441/706 1228/1649/806 1227/1401/687
f 1225/1650/807 1226/1651/807 1232/1652/807
f 596/1653/808 597/1654/808 603/1655/808
f 592/1570/765 588/1495/731 601/1656/809
f 461/1493/730 598/1657/810 597/1555/759
f 1226/1658/703 1227/1659/687 1228/1660/806
f 593/1585/775 607/1661/811 534/1586/776
f 1077/1485/725 1084/1662/785 1078/1663/804
f 1073/1486/672 1082/1639/802 1079/1664/795
f 591/1665/812 596/1666/813 593/1667/775
f 1229/1668/814 1223/1669/814 1231/1670/814
f 1143/1671/815 1146/1672/815 1150/1673/815
f 1152/1674/729 1154/1675/816 1153/1676/817
f 1141/1677/818 1147/1678/819 1236/1679/820
f 586/1612/790 564/1680/821 619/1613/791
f 1083/1388/676 1084/1662/785 1077/1485/725
f 594/1578/769 585/1407/689 600/1638/801
f 1223/1681/822 1230/1682/823 1231/1683/824
f 593/1667/775 596/1666/813 607/1684/811
f 592/1685/825 601/1686/825 599/1687/825
f 1080/1688/751 601/1689/826 1076/1690/779
f 1140/1623/762 1079/1622/795 1148/1691/803
f 1159/1692/827 1151/1693/796 1152/1694/729
f 1152/1694/729 1153/1695/817 1159/1692/827
f 1226/1658/703 1228/1660/806 1232/1696/828
f 1152/1616/729 1149/1615/792 1154/1697/816
f 1143/1698/706 1150/1699/829 1228/1700/806
f 1141/1701/830 1236/1702/830 1146/1703/830
f 597/1555/759 598/1657/810 603/1704/831
f 1147/1705/780 1151/1706/796 1160/1707/832
f 1229/1708/740 949/1709/833 1307/1710/793
f 1230/1711/834 1224/1712/835 1233/1713/836
f 588/1714/837 594/1715/837 601/1716/837
f 599/1717/838 601/1718/838 1080/1719/838
f 1147/1678/819 1155/1720/839 1236/1679/820
f 1225/1721/781 1232/1722/840 1236/1723/820
f 587/1469/719 606/1724/787 604/1566/763
f 1229/1708/740 1231/1683/824 949/1709/833
f 1230/1711/834 1233/1713/836 1239/1725/841
f 1238/1726/842 1234/1727/842 1242/1728/842
f 1307/1729/793 1235/1730/843 940/1731/805
f 1153/1732/844 1154/1733/844 1159/1734/844
f 1234/1554/758 1225/1591/781 1245/1735/845
f 594/1736/846 600/1737/846 601/1738/846
f 1307/1729/793 944/1739/847 1235/1730/843
f 1235/1740/848 1308/1741/848 940/1742/848
f 1225/1591/781 1236/1743/820 1245/1735/845
f 1235/1730/843 944/1739/847 1243/1744/849
f 1230/1682/823 1237/1745/850 1231/1683/824
f 1238/1746/851 1233/1713/836 1224/1712/835
f 1230/1747/852 1239/1748/852 1237/1749/852
f 1155/1750/853 1147/1751/853 1161/1752/853
f 1234/1753/758 1245/1754/845 1240/1755/854
f 1154/1697/855 1157/1756/856 1159/1757/857
f 1238/1758/851 1242/1759/858 1241/1760/859
f 598/1761/860 602/1762/860 603/1763/860
f 1231/1683/824 1237/1745/850 949/1709/833
f 461/1764/730 568/1765/861 598/1766/810
f 1234/1753/758 1240/1755/854 1242/1767/858
f 602/1768/862 605/1769/863 603/1770/864
f 1076/1690/779 601/1689/826 1081/1771/767
f 1243/1772/849 947/1773/865 1235/1774/843
f 1156/1775/866 1158/1776/867 1149/1643/792
f 1078/1645/804 862/1777/868 1082/1646/802
f 1308/1778/869 1235/1774/843 947/1773/865
f 602/1768/862 598/1779/810 605/1769/863
f 1147/1780/870 1160/1781/870 1161/1782/870
f 1149/1615/792 1157/1756/871 1154/1697/816
f 596/1783/872 603/1784/872 607/1785/872
f 1243/1786/873 944/1787/873 939/1788/873
f 1240/1755/854 1245/1754/845 1232/1789/874
f 1236/1790/820 1244/1791/875 1245/1792/845
f 1246/1793/876 1307/1794/793 949/1795/833
f 1281/1796/877 942/1797/877 751/1798/877
f 1155/1799/839 1251/1800/878 1236/1790/820
f 604/1566/763 606/1724/787 631/1801/879
f 600/1802/880 604/1803/880 601/1804/880
f 1149/1643/792 1148/1642/803 1156/1775/866
f 1081/1771/767 601/1689/826 862/1805/868
f 604/1566/763 624/1806/881 601/1807/826
f 1243/1772/849 939/1808/882 947/1773/865
f 1149/1615/792 1158/1809/867 1157/1756/871
f 1239/1725/841 1233/1713/836 1237/1810/850
f 1078/1663/804 1084/1662/785 862/1805/868
f 605/1811/863 533/1812/883 603/1813/864
f 1308/1814/884 947/1815/884 940/1816/884
f 1236/1790/820 1251/1800/878 1244/1791/875
f 1241/1760/859 1253/1817/885 1238/1758/851
f 568/1765/861 605/1818/863 598/1766/810
f 940/1819/886 947/1820/886 941/1821/886
f 1246/1793/876 944/1822/847 1307/1794/793
f 1242/1823/858 1240/1824/854 1241/1825/859
f 1156/1775/866 1148/1642/803 1158/1776/867
f 1246/1826/876 949/1827/833 1247/1828/887
f 1245/1829/845 1244/1830/875 1232/1831/874
f 1154/1832/888 1157/1833/888 1158/1834/888
f 1159/1835/889 1157/1836/889 1151/1837/889
f 1236/1723/820 1249/1838/890 1250/1839/891
f 1240/1824/854 1248/1840/892 1241/1825/859
f 1236/1723/820 1232/1722/840 1249/1838/890
f 1236/1841/820 1250/1842/891 1146/1843/893
f 604/1566/763 631/1801/879 624/1806/881
f 603/1813/864 533/1812/883 607/1844/811
f 568/1845/894 533/1846/894 605/1847/894
f 1240/1824/854 1232/1848/874 1248/1840/892
f 940/1849/895 941/1850/895 942/1851/895
f 619/1852/791 613/1853/896 606/1854/787
f 1148/1855/803 1079/1856/795 1158/1857/867
f 1079/1856/795 1082/1858/802 1158/1857/867
f 606/1854/787 613/1853/896 631/1859/879
f 1246/1860/876 945/1861/897 944/1862/847
f 947/1863/898 942/1864/898 941/1865/899
f 1081/1771/767 862/1805/868 1084/1662/785
f 1247/1866/887 945/1861/897 1246/1860/876
f 1160/1867/832 1164/1868/900 1161/1869/901
f 607/1870/811 611/1871/902 608/1872/903
f 947/1873/904 953/1874/904 943/1875/904
f 1238/1746/851 1253/1876/885 1233/1713/836
f 947/1863/898 943/1877/905 942/1864/898
f 607/1870/811 608/1872/903 619/1852/791
f 944/1878/906 945/1879/906 939/1880/906
f 607/1661/811 610/1881/907 534/1586/776
f 613/1853/896 619/1852/791 608/1872/903
f 1244/1830/875 1251/1882/878 1232/1831/874
f 1157/1883/908 1160/1707/832 1151/1706/796
f 949/1827/833 955/1884/909 1247/1828/887
f 939/1885/910 945/1886/911 946/1887/911
f 1253/1817/885 1241/1760/859 1254/1888/912
f 1146/1889/913 1249/1890/913 858/1891/913
f 1247/1892/914 948/1893/914 945/1894/914
f 1233/1713/836 1253/1876/885 1252/1895/915
f 1251/1882/878 1256/1896/916 1232/1831/874
f 607/1897/811 619/1898/791 609/1899/917
f 953/1900/918 947/1901/918 950/1902/918
f 1233/1713/836 1252/1895/915 1237/1810/850
f 1155/1903/919 1161/1904/919 1250/1905/919
f 1150/1906/920 1146/1907/921 871/1908/922
f 946/1909/923 950/1910/923 939/1911/923
f 939/1808/882 950/1912/924 947/1773/865
f 1146/1913/893 1250/1914/891 1249/1915/925
f 1248/1840/892 1255/1916/926 1241/1825/859
f 1157/1917/908 1164/1868/900 1160/1867/832
f 1248/1840/892 1232/1848/874 1255/1918/926
f 607/1870/811 533/1919/883 611/1871/902
f 1155/1920/927 1250/1921/927 1249/1922/927
f 631/1859/879 613/1853/896 624/1923/881
f 1253/1924/928 1251/1925/928 1252/1926/928
f 1247/1927/929 955/1928/929 948/1929/929
f 949/1930/833 962/1931/930 955/1932/909
f 1251/1933/931 1253/1934/885 1254/1935/912
f 1254/1888/912 1241/1760/859 1255/1936/926
f 607/1897/811 609/1899/917 610/1937/907
f 611/1938/902 612/1939/932 608/1940/903
f 1155/1941/839 1256/1942/916 1251/1943/878
f 949/1944/833 1237/1945/850 954/1946/933
f 1250/1914/934 1161/1947/901 1249/1915/935
f 1251/1933/931 1254/1935/912 956/1948/936
f 945/1886/911 952/1949/937 946/1887/911
f 953/1950/938 950/1951/939 951/1952/940
f 1249/1953/941 1256/1942/916 1155/1941/839
f 1228/1660/806 960/1954/942 1232/1696/828
f 1251/1955/943 956/1956/943 1256/1957/943
f 946/1958/944 952/1959/944 950/1960/944
f 945/1961/945 948/1962/945 952/1963/945
f 1251/1964/946 1256/1965/947 961/1966/948
f 943/1967/949 953/1968/938 958/1969/950
f 628/1970/951 608/1940/903 614/1971/952
f 608/1940/903 612/1939/932 614/1971/952
f 1161/1947/901 1164/1972/900 1249/1915/935
f 954/1973/933 962/1931/930 949/1930/833
f 611/1974/953 615/1975/953 612/1976/953
f 613/1977/896 608/1978/903 628/1979/951
f 943/1980/954 958/1981/954 942/1982/954
f 955/1983/909 962/1984/930 948/1985/955
f 1157/1917/908 1158/1986/956 1164/1868/900
f 1082/1987/957 862/1988/957 1158/1989/957
f 612/1990/958 609/1991/958 614/1992/958
f 613/1977/896 628/1979/951 624/1993/881
f 961/1994/959 1256/1995/959 956/1996/959
f 609/1997/960 612/1998/960 615/1999/960
f 951/2000/940 958/1969/950 953/1968/938
f 1249/2001/961 856/2002/961 858/2003/961
f 948/1985/955 962/1984/930 952/2004/962
f 954/2005/963 942/2006/963 962/2007/963
f 952/2008/964 957/2009/964 950/2010/964
f 614/2011/965 609/2012/965 619/2013/965
f 1256/1896/916 1249/2014/941 1232/1831/874
f 615/2015/966 610/2016/907 609/2017/917
f 1255/1918/926 1232/1848/874 1249/2018/967
f 579/2019/213 1035/2020/14 1162/2021/968
f 1150/1699/829 960/2022/942 1228/1700/806
f 1254/2023/912 1255/2024/926 956/2025/936
f 958/2026/969 951/2027/969 942/2028/969
f 956/2025/936 1255/2024/926 1249/2029/970
f 1249/2030/971 961/2031/971 956/2032/971
f 1163/2033/972 1162/2034/972 1035/2035/972
f 1252/2036/915 1251/1964/946 961/1966/948
f 1237/1945/850 976/2037/973 954/1946/933
f 614/2038/974 619/2039/974 616/2040/974
f 950/1951/939 957/2041/975 951/1952/940
f 564/2042/821 534/2043/976 545/2044/977
f 611/2045/902 535/2046/978 615/2047/979
f 579/1028/213 617/2048/980 580/1029/523
f 611/2049/902 533/2050/883 535/2051/978
f 1164/2052/981 859/2053/981 1257/2054/981
f 942/2055/982 951/2056/982 959/2057/982
f 1164/2058/983 1257/2059/984 856/2060/985
f 1232/2061/986 960/2062/986 1259/2063/986
f 954/1946/933 976/2037/973 942/2064/987
f 614/2065/988 616/2066/988 628/2067/988
f 952/2004/962 962/1984/930 957/2068/989
f 1164/2069/990 1258/2070/990 1249/2071/990
f 579/2072/213 1162/2073/968 617/2074/980
f 1249/1838/991 1232/1722/992 1259/2075/993
f 1249/2076/994 1259/2077/994 856/2078/994
f 1249/2079/995 1258/2080/996 961/2081/997
f 1164/2058/983 856/2060/985 1258/2082/996
f 620/2083/998 615/2047/979 535/2046/978
f 856/2084/999 1257/2085/999 858/2086/999
f 1252/2087/915 961/2088/948 976/2037/973
f 1252/2087/915 976/2037/973 1237/1945/850
f 1164/2089/1000 861/2090/1000 859/2091/1000
f 615/2015/966 622/2092/1001 610/2016/907
f 962/2093/1002 963/2094/1002 957/2095/1002
f 1164/2096/1003 857/2097/1003 861/2098/1003
f 618/2099/1004 626/2100/1004 619/2101/1004
f 942/2102/1005 963/2103/1006 962/2104/1007
f 619/2105/1008 626/2106/1008 616/2107/1008
f 856/2108/985 1259/2109/1009 1258/2110/996
f 620/2111/1010 622/2112/1010 615/2113/1010
f 535/2114/978 536/2115/1011 620/2116/998
f 1258/2110/996 1259/2109/1009 961/2117/997
f 951/2118/940 957/2119/975 959/2120/1012
f 619/1613/791 564/1680/821 618/2121/1013
f 1257/2122/1014 861/2123/1015 858/2124/1016
f 859/2125/1017 861/2123/1015 1257/2122/1014
f 535/2051/978 533/2050/883 536/2126/1011
f 1146/1907/921 858/2127/1018 871/1908/922
f 942/2102/1005 959/2128/1012 963/2103/1006
f 537/2129/235 538/2130/1019 539/2131/27
f 964/2132/691 1309/2133/1020 1035/2134/14
f 957/2119/975 963/2135/1006 959/2120/1012
f 622/2136/1021 620/2137/1021 542/2138/1021
f 628/1979/951 621/2139/1022 624/1993/881
f 626/2140/1023 628/2141/1024 616/2142/1025
f 620/2116/998 536/2115/1011 542/2143/1026
f 610/2144/907 622/2145/1001 623/2146/1027
f 942/2064/987 976/2037/973 974/2147/1028
f 622/2148/1029 542/2149/1029 623/2150/1029
f 1164/2151/1030 862/2152/1030 857/2153/1030
f 961/2088/948 985/2154/1031 976/2037/973
f 624/2155/881 621/2156/1022 601/2157/826
f 533/2158/883 540/2159/1032 536/2160/1011
f 628/2141/1024 626/2140/1023 625/2161/1033
f 623/2162/1034 629/2163/1034 625/2164/1034
f 623/2165/1035 625/2166/1035 626/2167/1035
f 623/2146/1027 626/2168/1036 610/2144/907
f 861/2123/1015 860/2169/1037 858/2124/1016
f 533/2158/883 568/2170/1038 540/2159/1032
f 1164/1868/900 1158/1986/956 862/2171/1039
f 534/1586/776 610/1881/907 627/2172/1040
f 1259/2173/1041 998/2174/1041 961/2175/1041
f 541/2176/1042 542/2177/1026 536/2178/1011
f 623/2179/1043 541/2180/1043 629/2181/1043
f 858/2182/1044 860/2183/1044 863/2184/1044
f 610/2185/1045 626/2186/1045 543/2187/1045
f 626/2188/1046 544/2189/1047 543/2190/1048
f 861/2191/1049 857/2192/1050 863/2193/1050
f 536/2160/1011 540/2159/1032 541/2194/1042
f 863/2193/1050 857/2192/1050 1259/2195/1051
f 861/2196/1052 863/2197/1052 860/2198/1052
f 580/1029/523 617/2048/980 1022/1027/299
f 965/2199/1053 966/2200/1054 969/2201/1055
f 623/2202/1056 542/2177/1026 541/2176/1042
f 534/2203/1057 549/2204/1057 545/2205/1057
f 966/2200/1054 965/2199/1053 967/2206/1058
f 601/2157/826 621/2156/1022 862/2207/868
f 628/2208/1059 625/2209/1059 629/2210/1059
f 1150/2211/1060 871/2212/1060 960/2213/1060
f 1022/2214/299 94/2215/1061 537/2129/235
f 534/2216/1062 627/2217/1062 549/2218/1062
f 967/2219/1058 965/2220/1053 968/2221/1063
f 1035/2222/14 1309/2223/1020 1163/2224/1064
f 1259/2225/1065 857/2226/1065 998/2227/1065
f 966/2228/1054 971/2229/1066 969/2230/1055
f 969/2230/1055 971/2229/1066 978/2231/1067
f 541/2194/1042 540/2159/1032 629/2232/1068
f 970/2233/1069 971/2234/1070 973/2235/1071
f 976/2037/973 972/2236/1072 974/2147/1028
f 961/2088/948 998/2237/1073 985/2154/1031
f 974/2238/1074 971/2234/1070 970/2233/1069
f 970/2239/1075 942/2240/1075 974/2241/1075
f 628/2242/1076 629/2243/1076 552/2244/1076
f 978/2245/1067 972/2246/1077 969/2247/1055
f 629/2248/1078 544/2249/1078 552/2250/1078
f 964/1412/691 1281/1411/58 1309/2251/1079
f 966/2252/1080 973/2253/1080 971/2254/1080
f 966/2255/1054 967/2256/1058 973/2257/1081
f 610/2258/907 543/2259/1082 627/2260/1040
f 967/2256/1058 968/2261/1063 973/2257/1081
f 628/2262/951 552/2263/1083 621/2264/1022
f 998/2237/1073 865/2265/1084 985/2154/1031
f 626/2188/1046 618/2266/1085 544/2189/1047
f 971/2267/1086 974/2268/1086 978/2269/1086
f 998/2270/1073 857/2271/1087 865/2272/1084
f 970/2273/1088 973/2274/1088 942/2275/1088
f 965/2220/1053 977/2276/1089 968/2221/1063
f 544/2277/1090 629/2232/1068 543/2278/1091
f 969/2247/1055 972/2246/1077 965/2279/1053
f 974/2147/1028 972/2236/1072 978/2280/1092
f 973/2281/1081 988/2282/1093 942/2283/1094
f 965/2284/1095 972/2285/1095 977/2286/1095
f 629/2232/1068 540/2159/1032 551/2287/1096
f 973/2288/1081 968/2289/1063 975/2290/1097
f 977/2291/1098 972/2292/1098 976/2293/1098
f 976/2294/973 980/2295/1099 977/2296/1100
f 976/2294/973 981/2297/1101 980/2295/1099
f 857/2271/1087 867/2298/1102 865/2272/1084
f 968/2221/1063 977/2276/1089 983/2299/1103
f 546/2300/1104 547/2301/1105 627/2302/1040
f 543/2278/1091 629/2232/1068 551/2287/1096
f 627/2302/1040 547/2301/1105 548/2303/1106
f 544/2304/1107 543/2305/1107 552/2306/1107
f 548/2307/1108 549/2308/1108 627/2309/1108
f 544/2189/1047 618/2266/1085 543/2190/1109
f 857/2271/1087 862/2310/1110 867/2298/1102
f 942/2283/1094 988/2282/1093 984/2311/1111
f 540/2159/1032 568/2170/1038 551/2287/1096
f 863/2312/1112 866/2313/1113 864/2314/1114
f 968/2289/1063 983/2315/1103 975/2290/1097
f 627/2260/1040 543/2259/1082 550/2316/1115
f 973/2288/1081 975/2290/1097 988/2317/1093
f 985/2318/1031 981/2297/1101 976/2294/973
f 546/2319/1116 554/2320/1116 547/2321/1116
f 546/2322/1104 627/2323/1040 551/2324/1117
f 978/2280/1118 972/2236/1119 994/2325/1120
f 548/2326/1106 556/2327/1121 549/2328/1122
f 627/2323/1040 550/2329/1115 551/2324/1117
f 863/2312/1112 864/2314/1114 858/2330/1018
f 548/2326/1106 547/2331/1105 556/2327/1121
f 543/2332/1123 552/2333/1123 551/2334/1123
f 550/2335/1124 543/2336/1124 551/2337/1124
f 984/2311/1111 996/2338/1125 991/2339/1126
f 543/2340/1109 618/2341/1085 552/2342/1083
f 988/2282/1093 996/2338/1125 984/2311/1111
f 980/2343/1127 979/2344/1127 977/2345/1127
f 865/2346/1084 866/2347/1128 987/2348/1129
f 547/2349/1130 554/2350/1130 556/2351/1130
f 865/2346/1084 987/2348/1129 985/2352/1031
f 978/2353/1131 979/2354/1131 972/2355/1131
f 868/2356/1132 866/2357/1132 867/2358/1132
f 546/2359/1104 551/2360/1117 554/2361/1133
f 977/2362/1089 979/2363/1134 983/2364/1103
f 865/2346/1084 867/2365/1102 866/2347/1128
f 552/2263/1083 618/2366/1085 578/2367/1135
f 978/2368/1136 994/2369/1136 979/2370/1136
f 863/2371/1137 1259/2372/1137 866/2373/1137
f 980/2374/1099 981/2375/1101 999/2376/1138
f 980/2377/1099 999/2378/1138 979/2379/1139
f 979/2380/1134 982/2381/1140 983/2382/1103
f 991/2383/1141 942/2384/1141 984/2385/1141
f 867/2386/1102 874/2387/1142 868/2388/1143
f 551/2360/1117 555/2389/1144 554/2361/1133
f 981/2375/1101 985/2390/1031 999/2376/1138
f 862/2310/1110 875/2391/1145 867/2298/1102
f 986/2392/1146 985/2393/1146 987/2394/1146
f 985/2390/1031 938/2395/1147 999/2376/1138
f 568/2396/1038 562/2397/1148 551/2398/1096
f 988/2399/1149 975/2400/1149 989/2401/1149
f 556/2402/1121 558/2403/1150 549/2404/1122
f 994/2405/1151 982/2381/1140 979/2380/1134
f 868/2406/1152 864/2407/1152 866/2408/1152
f 972/2409/1153 979/2410/1153 990/2411/1153
f 975/2412/1097 983/2382/1103 982/2381/1140
f 874/2387/1142 867/2386/1102 875/2413/1145
f 552/2263/1083 578/2367/1135 621/2264/1022
f 999/2378/1138 990/2414/1154 979/2379/1139
f 972/2236/1119 990/2415/1154 994/2325/1120
f 987/2348/1129 866/2347/1128 986/2416/1155
f 989/2417/1156 996/2338/1125 988/2282/1093
f 942/2418/1157 991/2419/1157 995/2420/1157
f 862/2310/1110 883/2421/1158 875/2391/1145
f 551/2422/1159 559/2423/1159 555/2424/1159
f 942/2425/1160 995/2426/1161 751/2427/1162
f 556/2402/1121 557/2428/1163 558/2403/1150
f 985/2429/1164 986/2430/1164 879/2431/1164
f 621/2432/1022 578/2433/1135 553/2434/1165
f 982/2435/1166 992/2436/1166 975/2437/1166
f 554/2438/1133 555/2439/1144 556/2440/1121
f 559/2441/1167 551/2442/1167 562/2443/1167
f 556/2440/1121 555/2439/1144 557/2444/1163
f 986/2416/1155 866/2347/1128 869/2445/1168
f 879/2446/1169 986/2447/1169 869/2448/1169
f 868/2449/1143 870/2450/1170 864/2451/1171
f 868/2449/1143 874/2452/1142 870/2450/1170
f 571/2453/1172 558/2454/1150 559/2455/1173
f 991/2456/1126 996/2457/1125 993/2458/1174
f 871/2459/1175 890/2460/1176 960/2461/1177
f 975/2462/1178 992/2463/1178 989/2464/1178
f 559/2455/1173 558/2454/1150 557/2465/1163
f 571/2466/1172 559/2467/1173 560/2468/1179
f 559/2455/1173 557/2465/1163 555/2469/1144
f 982/2470/1140 994/2471/1151 992/2472/1180
f 578/2433/1135 618/2473/1085 553/2434/1165
f 871/2474/922 858/2475/1018 794/2476/1181
f 993/2458/1174 995/2477/1182 991/2456/1126
f 999/2478/1138 938/2479/1147 990/2480/1154
f 866/2481/1183 864/2482/1171 872/2483/1184
f 866/2484/1185 873/2485/1185 876/2486/1185
f 866/2481/1183 872/2483/1184 873/2487/1186
f 866/2347/1128 876/2488/1187 869/2445/1168
f 879/2489/1188 882/2490/1188 985/2491/1188
f 990/2480/1154 938/2479/1147 994/2492/1120
f 1163/2493/1064 782/2494/1189 1162/2495/1190
f 994/2496/1191 904/2497/1191 997/2498/1191
f 875/2499/1192 870/2500/1192 874/2501/1192
f 618/2473/1085 561/2502/1193 553/2434/1165
f 994/2471/1151 997/2503/1194 992/2472/1180
f 553/2434/1165 567/2504/1195 621/2432/1022
f 559/2467/1173 562/2505/1148 560/2468/1179
f 993/2458/1174 996/2457/1125 905/2506/1196
f 996/2507/1197 989/2508/1197 905/2509/1197
f 862/2310/1110 360/2510/1198 309/2511/1199
f 985/2512/1031 882/2513/1200 938/2514/1147
f 866/2515/1201 1259/2516/1201 864/2517/1201
f 872/2518/1184 876/2519/1187 873/2520/1186
f 560/2521/1179 553/2522/1165 561/2523/1193
f 553/2522/1165 560/2521/1179 562/2524/1148
f 992/2525/1180 997/2526/1194 989/2527/1202
f 560/2528/1179 561/2529/1193 566/2530/1203
f 862/2531/1204 621/2532/1204 361/2533/1204
f 571/2534/1172 156/2535/1205 558/2536/1150
f 560/2528/1179 563/2537/1206 571/2538/1172
f 870/2539/1170 872/2483/1184 864/2482/1171
f 560/2528/1179 566/2530/1203 563/2537/1206
f 994/2540/1207 995/2541/1207 904/2542/1207
f 875/2543/1208 872/2544/1208 870/2545/1208
f 993/2458/1174 905/2506/1196 995/2477/1182
f 562/2397/1148 567/2504/1195 553/2434/1165
f 869/2546/1168 876/2547/1187 877/2548/1209
f 876/2519/1187 872/2518/1184 878/2549/1210
f 876/2547/1187 878/2550/1210 877/2548/1209
f 562/2397/1148 568/2396/1038 567/2504/1195
f 989/2527/1202 997/2526/1194 905/2551/1211
f 618/2552/1013 564/2553/821 565/2554/1212
f 906/2555/1213 997/2556/1213 904/2557/1213
f 875/2391/1145 883/2421/1158 872/2518/1184
f 904/2558/1214 995/2559/1214 906/2560/1214
f 1163/2561/1064 1309/2562/1020 782/2563/1189
f 862/2310/1110 894/2564/1215 883/2421/1158
f 566/2565/1216 567/2566/1216 568/2567/1216
f 561/2502/1193 618/2473/1085 566/2568/1203
f 995/2569/1217 905/2570/1217 906/2571/1217
f 862/2572/1110 361/2573/1218 360/2574/1198
f 566/2575/1219 568/2576/1219 563/2577/1219
f 905/2578/1220 997/2579/1220 906/2580/1220
f 960/2581/1221 891/2582/1221 1259/2583/1221
f 995/2584/1161 994/2492/1120 907/2585/1222
f 568/2586/1223 569/2587/1223 563/2588/1223
f 618/2589/1224 570/2590/1224 566/2591/1224
f 994/2492/1120 938/2479/1147 907/2585/1222
f 879/2592/1225 869/2593/1225 882/2594/1225
f 566/2595/1226 570/2596/1226 567/2597/1226
f 878/2549/1210 872/2518/1184 883/2421/1158
f 618/2552/1013 565/2554/1212 570/2598/1227
f 858/2475/1018 864/2599/1114 794/2476/1181
f 563/2600/1228 573/2601/1228 571/2602/1228
f 862/2310/1110 880/2603/1229 894/2564/1215
f 877/2604/1230 878/2605/1230 881/2606/1230
f 869/2607/1168 877/2608/1209 882/2609/1231
f 563/2610/1232 569/2611/1233 573/2612/1233
f 908/2613/1234 995/2614/1161 907/2615/1222
f 569/2611/1233 568/2616/1235 573/2612/1233
f 1022/2617/299 617/2618/980 94/2619/1061
f 1259/2620/1236 885/2621/1237 864/2622/1114
f 568/2623/1238 572/2624/1238 573/2625/1238
f 995/2426/1161 909/2626/1239 751/2427/1162
f 571/2627/1172 573/2628/1240 156/2629/1205
f 908/2630/1234 910/2631/1241 995/2632/1161
f 794/2476/1181 864/2599/1114 790/2633/1242
f 568/2634/1243 155/2635/1243 572/2636/1243
f 910/2631/1241 908/2630/1234 911/2637/1244
f 882/2609/1231 877/2608/1209 884/2638/1245
f 995/2639/1161 910/2640/1241 909/2641/1239
f 914/2642/1246 907/2643/1222 938/2644/1147
f 878/2645/1247 883/2646/1247 881/2647/1247
f 914/2648/1248 912/2649/1248 907/2650/1248
f 908/2630/1234 912/2651/1249 911/2637/1244
f 908/2613/1234 907/2615/1222 912/2652/1249
f 549/2653/1122 558/2536/1150 545/2654/1250
f 621/2432/1022 567/2504/1195 577/2655/1251
f 567/2656/1252 570/2657/1252 574/2658/1252
f 914/2659/1253 913/2660/1254 912/2661/1249
f 913/2662/1255 914/2663/1255 916/2664/1255
f 877/2665/1256 881/2666/1256 884/2667/1256
f 862/2310/1110 309/2511/1199 774/2668/1257
f 573/2669/1258 572/2670/1259 574/2671/1260
f 883/2421/1158 894/2564/1215 881/2672/1261
f 567/2504/1195 574/2673/1262 577/2655/1251
f 914/2642/1246 938/2644/1147 916/2674/1263
f 572/2675/1259 155/2676/1264 575/2677/1265
f 573/2669/1266 574/2671/1267 570/2678/1268
f 960/2461/1177 890/2460/1176 891/2679/1269
f 912/2661/1249 913/2660/1254 915/2680/1270
f 565/2681/1212 162/2682/1271 570/2683/1227
f 916/2684/1272 915/2685/1272 913/2686/1272
f 882/2513/1200 923/2687/1273 938/2514/1147
f 573/2628/1240 574/2688/1274 156/2629/1205
f 564/2042/821 545/2044/977 565/2689/1212
f 572/2675/1259 575/2677/1265 574/2690/1260
f 881/2672/1261 894/2564/1215 884/2691/1275
f 309/2692/1199 360/2693/1198 314/2694/1276
f 361/2695/1218 621/2696/1022 146/2697/1277
f 575/2698/1278 156/2699/1278 574/2700/1278
f 918/2701/1279 916/2674/1263 938/2644/1147
f 912/2661/1249 915/2680/1270 917/2702/1280
f 576/2703/1281 577/2704/1281 574/2705/1281
f 1309/2706/1282 1281/2707/1282 751/2708/1282
f 938/2644/1147 923/2709/1273 918/2701/1279
f 916/2710/1263 918/2711/1279 919/2712/1283
f 910/2631/1241 911/2637/1244 920/2713/1284
f 916/2714/1285 919/2715/1285 915/2716/1285
f 94/2215/1061 538/2130/1019 537/2129/235
f 1259/2717/1236 891/2718/1286 885/2719/1237
f 568/2720/1287 539/2721/27 165/2722/1288
f 864/2622/1114 885/2621/1237 790/2723/1242
f 912/2661/1249 917/2702/1280 911/2637/1244
f 910/2640/1241 920/2724/1284 909/2641/1239
f 570/2725/1289 162/2726/1289 574/2727/1289
f 862/2310/1110 886/2728/1290 880/2603/1229
f 862/2310/1110 774/2668/1257 886/2728/1290
f 918/2701/1279 923/2709/1273 921/2729/1291
f 918/2711/1279 921/2730/1291 919/2712/1283
f 794/2731/1292 890/2732/1292 871/2733/1292
f 574/2734/1293 162/2735/1293 576/2736/1293
f 882/2737/1294 884/2738/1294 889/2739/1294
f 884/2740/1275 894/2741/1215 885/2742/1237
f 892/2743/1295 887/2744/1296 888/2745/1297
f 751/2427/1162 909/2626/1239 929/2746/1298
f 576/2747/1299 162/2748/1300 148/2749/1301
f 568/2720/1287 165/2722/1288 155/2750/1302
f 915/2751/1270 919/2752/1283 922/2753/1303
f 919/2712/1283 921/2730/1291 922/2754/1303
f 920/2724/1284 929/2755/1298 909/2641/1239
f 576/2747/1299 148/2749/1301 577/2756/1304
f 911/2637/1244 917/2702/1280 920/2713/1284
f 892/2757/1295 898/2758/1305 899/2759/1306
f 892/2757/1295 899/2759/1306 887/2760/1296
f 575/2761/1307 155/2762/1307 156/2763/1307
f 886/2764/1290 774/2765/1257 768/2766/1308
f 621/2696/1022 577/2767/1251 147/2768/1309
f 921/2769/1291 923/2770/1273 924/2771/1310
f 884/2740/1275 888/2772/1297 889/2773/1311
f 892/2774/1312 891/2775/1312 890/2776/1312
f 920/2777/1284 917/2778/1280 925/2779/1313
f 888/2780/1314 891/2781/1314 892/2782/1314
f 162/2783/1315 153/2784/1315 148/2785/1315
f 921/2730/1291 924/2786/1310 922/2754/1303
f 889/2787/1311 934/2788/1316 882/2513/1200
f 884/2740/1275 885/2742/1237 888/2772/1297
f 892/2789/1295 897/2790/1317 898/2791/1305
f 894/2792/1318 880/2793/1318 893/2794/1318
f 156/2795/1319 155/2796/1302 153/2797/1320
f 558/2536/1150 156/2535/1205 545/2654/1250
f 894/2798/1215 772/2799/1321 770/2800/1322
f 917/2702/1280 915/2680/1270 931/2801/1323
f 887/2802/1296 895/2803/1324 888/2804/1297
f 917/2778/1280 931/2805/1323 925/2779/1313
f 892/2789/1295 890/2806/1325 897/2790/1317
f 894/2741/1215 790/2807/1242 885/2742/1237
f 920/2724/1284 926/2808/1326 929/2755/1298
f 147/2768/1309 146/2697/1277 621/2696/1022
f 893/2809/1327 772/2799/1321 894/2798/1215
f 923/2687/1273 934/2788/1316 928/2810/1328
f 894/2741/1215 770/2811/1322 790/2807/1242
f 922/2753/1303 931/2812/1323 915/2751/1270
f 153/2813/1329 162/2814/1330 149/2815/1331
f 360/2574/1198 361/2573/1218 310/2816/1332
f 888/2804/1297 895/2803/1324 937/2817/1333
f 887/2818/1334 899/2819/1334 895/2820/1334
f 923/2687/1273 882/2513/1200 934/2788/1316
f 890/2821/1335 896/2822/1335 897/2823/1335
f 920/2824/1284 925/2825/1313 926/2826/1326
f 898/2827/1305 897/2828/1317 901/2829/1336
f 888/2830/1297 937/2831/1333 889/2832/1311
f 577/2833/1304 148/2834/1301 150/2835/1337
f 898/2836/1338 901/2837/1338 899/2838/1338
f 931/2839/1323 922/2754/1303 927/2840/1339
f 889/2832/1311 937/2831/1333 934/2841/1316
f 924/2771/1310 923/2770/1273 928/2842/1328
f 774/2765/1340 767/2843/1341 768/2766/1342
f 155/2796/1302 151/2844/1343 153/2797/1320
f 922/2754/1303 924/2786/1310 927/2840/1339
f 153/2845/1344 149/2846/1344 148/2847/1344
f 925/2825/1313 931/2848/1323 932/2849/1345
f 314/2694/1276 360/2693/1198 311/2850/1346
f 888/2851/1347 885/2852/1347 891/2853/1347
f 577/2854/1348 150/2855/1348 158/2856/1348
f 151/2857/1343 152/2858/1349 153/2859/1320
f 926/2860/1326 932/2861/1345 929/2862/1298
f 925/2825/1313 932/2849/1345 926/2826/1326
f 150/2835/1337 148/2834/1301 158/2863/1350
f 924/2864/1310 928/2865/1328 927/2866/1339
f 886/2867/1290 768/2868/1308 775/2869/1351
f 893/2870/1352 880/2871/1352 769/2872/1352
f 790/2873/1353 770/2874/1353 771/2875/1353
f 880/2876/1229 775/2877/1351 769/2878/1354
f 880/2879/1229 886/2867/1290 775/2869/1351
f 895/2880/1355 899/2881/1355 900/2882/1355
f 934/2788/1316 930/2883/1356 928/2810/1328
f 937/2817/1333 895/2803/1324 900/2884/1357
f 153/2859/1320 152/2858/1349 149/2885/1358
f 165/2722/1288 539/2721/27 90/2886/1359
f 897/2828/1317 896/2887/1360 901/2829/1336
f 309/2888/1199 312/2889/1361 774/2890/1257
f 770/2891/1362 772/2892/1362 771/2893/1362
f 893/2894/1363 771/2895/1363 772/2896/1363
f 154/2897/1364 152/2858/1349 151/2857/1343
f 931/2898/1365 933/2899/1365 932/2900/1365
f 768/2901/1366 767/2902/1366 773/2903/1366
f 771/2904/1367 893/2905/1368 769/2878/1354
f 932/2861/1345 933/2906/1369 929/2862/1298
f 156/2907/1205 164/2908/1370 545/2909/1250
f 152/2858/1349 154/2897/1364 149/2910/1358
f 931/2911/1371 936/2912/1371 933/2913/1371
f 790/2914/1372 771/2915/1372 789/2916/1372
f 931/2839/1323 927/2840/1339 936/2917/1373
f 768/2918/1374 773/2919/1374 774/2920/1374
f 774/2921/1375 773/2922/1375 767/2923/1375
f 929/2924/1376 933/2925/1376 928/2926/1376
f 899/2927/1377 901/2928/1378 900/2929/1357
f 155/2930/1302 154/2931/1364 151/2932/1343
f 934/2933/1379 930/2934/1379 935/2935/1379
f 768/2936/1380 774/2937/1380 775/2938/1380
f 901/2939/1381 896/2940/1381 902/2941/1381
f 896/2942/1382 890/2943/1382 902/2944/1382
f 928/2865/1328 936/2945/1373 927/2866/1339
f 156/2946/1383 153/2947/1383 164/2948/1383
f 936/2945/1373 928/2865/1328 933/2949/1384
f 360/2950/1198 310/2951/1332 311/2952/1346
f 934/2788/1316 796/2953/1385 930/2883/1356
f 928/2810/1328 930/2883/1356 855/2954/1386
f 148/2955/1301 149/2956/1358 157/2957/1387
f 309/2692/1199 314/2694/1276 312/2958/1361
f 148/2955/1301 157/2957/1387 158/2959/1350
f 314/2694/1276 313/2960/1388 312/2958/1361
f 149/2961/1358 154/2931/1364 157/2962/1387
f 155/2930/1302 165/2963/1288 154/2931/1364
f 937/2817/1333 900/2884/1357 903/2964/1389
f 928/2810/1328 855/2954/1386 929/2965/1298
f 310/2816/1332 361/2573/1218 315/2966/1390
f 789/2967/1391 794/2968/1391 790/2969/1391
f 929/2970/1298 765/2971/1392 751/2972/1162
f 776/2973/1393 774/2974/1257 777/2975/1394
f 934/2788/1316 937/2976/1333 796/2953/1385
f 545/2977/977 168/2978/1395 565/2979/1212
f 771/2904/1367 769/2878/1354 778/2980/1396
f 890/2981/1397 827/2982/1397 902/2983/1397
f 891/2984/1398 903/2985/1398 902/2986/1398
f 774/2974/1257 776/2973/1393 775/2877/1351
f 891/2987/1399 789/2988/1400 903/2989/1401
f 774/2890/1257 312/2889/1361 779/2990/1402
f 577/2991/1403 158/2992/1403 157/2993/1403
f 577/2767/1251 157/2962/1387 147/2768/1309
f 94/2619/1061 617/2618/980 159/2994/1404
f 901/2928/1378 903/2995/1389 900/2929/1357
f 937/2996/1405 903/2997/1405 796/2998/1405
f 901/2999/1406 902/3000/1406 903/3001/1406
f 775/2877/1351 778/2980/1396 769/2878/1354
f 311/2952/1346 310/2951/1332 313/3002/1388
f 314/3003/1407 311/3004/1407 313/3005/1407
f 310/3006/1332 315/3007/1390 317/3008/1408
f 771/2904/1367 778/2980/1396 789/3009/1409
f 789/3010/1400 891/3011/1399 793/3012/1410
f 774/2974/1257 779/3013/1402 777/2975/1394
f 776/2973/1393 777/2975/1394 780/3014/1411
f 930/2883/1356 796/2953/1385 855/2954/1386
f 789/3015/1412 791/3016/1412 794/3017/1412
f 149/3018/1413 162/3019/1413 164/3020/1413
f 361/3021/1218 316/3022/1414 321/3023/1415
f 775/2877/1351 776/2973/1393 780/3014/1411
f 781/3024/1416 794/3025/1416 783/3026/1416
f 781/3027/1417 792/3028/1417 794/3029/1417
f 778/2980/1396 775/2877/1351 780/3014/1411
f 789/2988/1400 793/3030/1410 903/2989/1401
f 312/2958/1361 313/2960/1388 779/3031/1402
f 146/3032/1277 316/3033/1414 361/3034/1218
f 153/2813/1418 149/2815/1419 164/3035/1420
f 891/3036/1421 902/3037/1421 827/3038/1421
f 784/3039/1422 792/3040/1422 781/3041/1422
f 783/3042/1423 794/3043/1423 791/3044/1423
f 789/3009/1409 778/2980/1396 816/3045/1424
f 147/2768/1309 160/3046/1425 161/3047/1426
f 315/2966/1390 323/3048/1427 317/3049/1408
f 855/2954/1386 765/3050/1392 929/2965/1298
f 903/2989/1401 793/3030/1410 838/3051/1428
f 793/3012/1410 891/3011/1399 827/3052/1429
f 782/3053/1189 678/3054/1430 1162/3055/1190
f 781/3056/1431 783/3057/1431 784/3058/1431
f 890/3059/1432 794/3060/1433 795/3061/1434
f 157/2962/1387 154/2931/1364 160/3046/1425
f 157/2962/1387 160/3046/1425 147/2768/1309
f 361/2573/1218 318/3062/1435 315/2966/1390
f 313/2960/1388 319/3063/1436 779/3031/1402
f 310/3006/1332 317/3008/1408 319/3064/1436
f 783/3065/1437 818/3066/1437 784/3067/1437
f 796/3068/1385 797/3069/1438 855/3070/1386
f 310/3071/1332 319/3072/1436 313/3073/1388
f 146/3032/1277 173/3074/1439 316/3033/1414
f 688/3075/1440 751/2972/1162 743/3076/1441
f 154/2931/1364 165/2963/1288 160/3046/1425
f 890/3077/1432 795/3078/1434 827/3079/1442
f 791/3080/1443 818/3081/1443 783/3082/1443
f 799/3083/1444 691/3084/1445 800/3085/1446
f 779/3013/1402 322/3086/1447 777/2975/1394
f 784/3087/1448 818/3088/1448 792/3089/1448
f 162/3090/1449 170/3091/1449 164/3092/1449
f 160/3046/1425 170/3093/1450 161/3047/1426
f 804/3094/1451 798/3095/1452 799/3096/1444
f 903/2989/1401 797/3069/1438 796/3068/1385
f 800/3097/1446 804/3094/1451 799/3096/1444
f 801/3098/1453 811/3099/1454 802/3100/1455
f 798/3095/1452 802/3100/1455 811/3099/1454
f 779/3031/1402 319/3063/1436 320/3101/1456
f 803/3102/1457 798/3095/1452 804/3094/1451
f 361/2573/1218 321/3103/1415 318/3062/1435
f 802/3100/1455 798/3095/1452 803/3102/1457
f 815/3104/1458 810/3105/1459 813/3106/1460
f 810/3107/1459 815/3108/1458 809/3109/1461
f 322/3110/1447 779/3031/1402 320/3101/1456
f 811/3099/1454 799/3096/1444 798/3095/1452
f 1162/3111/968 679/3112/1462 617/3113/980
f 799/3114/1463 691/3115/1463 692/3116/1463
f 315/2966/1390 318/3062/1435 323/3048/1427
f 804/3117/1451 800/3118/1446 805/3119/1464
f 794/3120/1465 792/3121/1465 818/3122/1465
f 780/3014/1411 777/2975/1394 785/3123/1466
f 813/3106/1460 806/3124/1467 808/3125/1468
f 801/3098/1453 806/3126/1467 811/3099/1454
f 804/3117/1451 805/3119/1464 803/3127/1457
f 801/3098/1453 807/3128/1469 808/3129/1468
f 802/3100/1455 807/3128/1469 801/3098/1453
f 815/3104/1458 813/3106/1460 808/3125/1468
f 806/3126/1467 801/3098/1453 808/3130/1468
f 165/3131/1288 163/3132/1470 164/3133/1370
f 807/3128/1469 832/3134/1471 808/3135/1468
f 809/3136/1461 820/3137/1472 810/3138/1459
f 903/2989/1401 825/3139/1473 797/3069/1438
f 165/3140/1288 164/3141/1370 160/3142/1425
f 811/3143/1474 812/3144/1474 799/3145/1474
f 777/2975/1394 322/3086/1447 785/3123/1466
f 903/2989/1401 838/3051/1428 825/3139/1473
f 813/3146/1460 814/3147/1475 806/3148/1467
f 808/3149/1468 832/3150/1471 815/3151/1458
f 794/3060/1433 818/3152/1476 795/3061/1434
f 791/3153/1477 789/3154/1409 816/3155/1424
f 691/3156/1478 695/3157/1478 800/3158/1478
f 811/3159/1479 806/3160/1479 812/3161/1479
f 799/3162/1480 812/3163/1480 693/3164/1480
f 691/3084/1481 799/3083/1482 695/3165/1483
f 810/3166/1459 817/3167/1484 813/3146/1460
f 797/3069/1438 744/3168/1485 855/3070/1386
f 791/3153/1477 816/3155/1424 818/3169/1476
f 800/3118/1446 830/3170/1486 805/3119/1464
f 815/3151/1458 832/3150/1471 824/3171/1487
f 165/3172/1488 166/3173/1489 31/3174/1490
f 164/2908/1370 167/3175/1491 545/2909/1250
f 815/3108/1458 819/3176/1492 809/3109/1461
f 545/3177/1493 167/3178/1493 168/3179/1493
f 780/3014/1411 785/3123/1466 778/2980/1396
f 802/3100/1455 803/3102/1457 807/3128/1469
f 810/3166/1459 820/3180/1472 817/3167/1484
f 838/3181/1494 793/3182/1494 827/3183/1494
f 799/3184/1482 693/3185/1495 695/3186/1483
f 319/3187/1436 328/3188/1496 326/3189/1497
f 320/3101/1456 319/3063/1436 326/3190/1497
f 809/3136/1461 821/3191/1498 820/3137/1472
f 679/3112/1462 1162/3111/968 678/3192/1499
f 695/3193/1483 694/3194/1500 698/3195/1501
f 803/3102/1457 822/3196/1502 807/3128/1469
f 795/3197/1434 823/3198/1503 827/3199/1442
f 814/3147/1475 813/3146/1460 817/3167/1484
f 815/3108/1458 824/3200/1487 819/3176/1492
f 316/3033/1414 173/3074/1439 263/3201/1504
f 800/3202/1446 698/3203/1501 693/3204/1495
f 803/3127/1457 805/3119/1464 825/3205/1473
f 803/3102/1457 825/3206/1473 822/3196/1502
f 169/3207/1505 165/3172/1488 31/3174/1490
f 800/3208/1446 695/3193/1483 698/3195/1501
f 823/3198/1503 795/3197/1434 824/3200/1487
f 823/3209/1506 824/3210/1506 826/3211/1506
f 565/2979/1212 168/2978/1395 170/3212/1450
f 826/3213/1507 827/3214/1442 823/3215/1503
f 800/3202/1446 693/3204/1495 830/3216/1486
f 317/3217/1408 323/3218/1427 324/3219/1508
f 695/3220/1483 697/3221/1509 694/3222/1500
f 695/3220/1483 696/3223/1510 697/3221/1509
f 695/3186/1483 693/3185/1495 696/3224/1510
f 817/3167/1484 820/3180/1472 701/3225/1511
f 694/3226/1500 697/3227/1509 698/3228/1501
f 832/3150/1471 826/3229/1507 824/3171/1487
f 336/3230/1512 316/3231/1512 263/3232/1512
f 819/3176/1492 824/3200/1487 795/3197/1434
f 807/3128/1469 837/3233/1513 832/3134/1471
f 809/3136/1461 819/3176/1492 821/3191/1498
f 146/3234/1514 147/3235/1514 173/3236/1514
f 805/3119/1464 830/3170/1486 825/3205/1473
f 806/3148/1467 814/3147/1475 828/3237/1515
f 693/3204/1495 839/3238/1516 830/3216/1486
f 165/3239/1517 169/3240/1517 33/3241/1517
f 160/3142/1425 164/3141/1370 170/3242/1450
f 819/3176/1492 835/3243/1518 821/3191/1498
f 147/2768/1309 161/3047/1426 201/3244/1519
f 326/3245/1520 325/3246/1520 320/3247/1520
f 797/3069/1438 825/3139/1473 744/3168/1485
f 698/3203/1501 696/3248/1510 693/3204/1495
f 320/3101/1456 325/3249/1521 322/3110/1447
f 825/3206/1473 838/3250/1428 822/3196/1502
f 826/3213/1507 837/3251/1513 827/3214/1442
f 147/2768/1309 201/3244/1519 173/3252/1522
f 162/2682/1271 565/2681/1212 170/3253/1450
f 817/3167/1484 701/3225/1511 814/3147/1475
f 778/2980/1396 785/3123/1466 331/3254/1523
f 161/3047/1426 170/3093/1450 201/3244/1519
f 165/3131/1288 33/3255/1524 163/3132/1470
f 751/2972/1162 765/2971/1392 743/3076/1441
f 698/3228/1501 697/3227/1509 696/3256/1510
f 807/3128/1469 822/3196/1502 838/3250/1428
f 169/3207/1505 31/3174/1490 33/3257/1525
f 806/3258/1467 699/3259/1526 812/3260/1527
f 325/3261/1521 332/3262/1528 322/3263/1447
f 328/3188/1496 319/3187/1436 317/3264/1408
f 806/3258/1467 828/3265/1515 699/3259/1526
f 812/3266/1529 700/3267/1529 693/3268/1529
f 785/3123/1466 332/3269/1528 331/3254/1523
f 697/3270/1530 704/3271/1530 696/3272/1530
f 837/3233/1513 807/3128/1469 838/3250/1428
f 324/3219/1508 333/3273/1531 317/3217/1408
f 819/3176/1492 829/3274/1532 835/3243/1518
f 820/3137/1472 821/3191/1498 842/3275/1533
f 825/3276/1473 830/3277/1486 831/3278/1534
f 538/3279/1019 94/3280/1061 30/3281/1535
f 826/3213/1507 832/3282/1471 837/3251/1513
f 820/3180/1472 842/3283/1533 701/3225/1511
f 785/3123/1466 322/3086/1447 332/3269/1528
f 326/3284/1497 328/3285/1496 325/3286/1521
f 812/3260/1527 699/3259/1526 700/3287/1536
f 795/3061/1434 818/3152/1476 833/3288/1537
f 818/3169/1476 816/3155/1424 833/3289/1537
f 321/3023/1415 316/3022/1414 327/3290/1538
f 795/3197/1434 829/3274/1532 819/3176/1492
f 821/3191/1498 835/3243/1518 834/3291/1539
f 842/3292/1540 821/3293/1540 834/3294/1540
f 321/3103/1415 327/3295/1538 318/3062/1435
f 834/3296/1541 835/3297/1541 836/3298/1541
f 827/3299/1542 837/3300/1542 838/3301/1542
f 814/3302/1475 701/3303/1511 702/3304/1543
f 693/3204/1495 703/3305/1544 839/3238/1516
f 318/3062/1435 327/3295/1538 323/3048/1427
f 164/3133/1370 163/3132/1470 167/3306/1491
f 778/2980/1396 331/3254/1523 786/3307/1545
f 825/3139/1473 831/3308/1534 744/3168/1485
f 693/3204/1495 700/3309/1536 703/3305/1544
f 316/3310/1414 336/3311/1546 327/3312/1538
f 696/3313/1547 632/3314/1547 704/3315/1547
f 828/3265/1515 814/3302/1475 702/3304/1543
f 328/3285/1496 334/3316/1548 325/3286/1521
f 165/3317/1549 32/3318/1549 166/3319/1549
f 323/3218/1427 327/3320/1538 268/3321/1550
f 317/3322/1551 333/3323/1551 328/3324/1551
f 778/2980/1396 786/3307/1545 816/3045/1424
f 830/3277/1486 839/3325/1516 831/3278/1534
f 325/3261/1521 329/3326/1552 332/3262/1528
f 829/3274/1532 795/3197/1434 833/3327/1537
f 703/3305/1544 700/3309/1536 708/3328/1553
f 855/3329/1386 744/3330/1485 747/3331/1554
f 829/3274/1532 833/3327/1537 835/3243/1518
f 834/3291/1555 835/3243/1518 843/3332/1556
f 703/3305/1544 840/3333/1557 839/3238/1516
f 325/3286/1521 334/3316/1548 329/3334/1552
f 839/3325/1516 840/3335/1557 831/3278/1534
f 617/3113/980 679/3112/1462 159/3336/1404
f 332/3337/1558 330/3338/1558 331/3339/1558
f 328/3285/1496 333/3340/1559 334/3316/1548
f 699/3259/1526 708/3341/1553 700/3287/1536
f 632/3342/1560 633/3343/1560 704/3344/1560
f 159/2994/1404 294/3345/1561 94/2619/1061
f 699/3259/1526 828/3265/1515 707/3346/1562
f 835/3243/1518 841/3347/1563 843/3332/1556
f 765/3348/1564 855/3349/1564 747/3350/1564
f 765/2971/1392 745/3351/1565 743/3076/1441
f 842/3283/1533 705/3352/1566 701/3225/1511
f 834/3353/1567 843/3354/1567 842/3355/1567
f 699/3259/1526 707/3346/1562 708/3356/1553
f 701/3303/1511 742/3357/1568 702/3304/1543
f 1/3358/1569 3/3359/1569 2/3360/1569
f 705/3361/1570 706/3362/1570 701/3363/1570
f 835/3243/1518 833/3327/1537 841/3347/1563
f 702/3304/1543 742/3357/1568 828/3265/1515
f 765/3364/1571 747/3365/1571 746/3366/1571
f 746/3367/1572 745/3368/1572 765/3369/1572
f 324/3219/1508 342/3370/1573 333/3273/1531
f 33/3371/1525 31/3372/1490 37/3373/1574
f 842/3374/1575 843/3375/1575 844/3376/1575
f 331/3254/1523 330/3377/1576 338/3378/1577
f 323/3218/1427 268/3321/1550 324/3219/1508
f 336/3379/1546 263/3380/1504 264/3381/1578
f 748/3382/1579 746/3383/1579 750/3384/1579
f 165/3385/1288 90/3386/1359 32/3387/1580
f 263/3380/1504 173/3388/1439 264/3381/1578
f 701/3389/1581 706/3390/1581 742/3391/1581
f 332/3392/1528 329/3393/1552 330/3394/1582
f 746/3395/1583 747/3396/1584 750/3397/1585
f 327/3312/1538 336/3311/1546 268/3398/1550
f 842/3283/1533 844/3399/1586 705/3352/1566
f 333/3400/1587 329/3401/1587 334/3402/1587
f 708/3403/1588 707/3404/1588 710/3405/1588
f 268/3321/1550 339/3406/1589 324/3219/1508
f 703/3305/1544 708/3407/1553 840/3333/1557
f 843/3408/1556 841/3409/1563 845/3410/1590
f 167/3306/1491 163/3132/1470 143/3411/1591
f 163/3132/1470 33/3255/1524 143/3411/1591
f 710/3412/1592 840/3333/1557 708/3407/1553
f 831/3278/1534 840/3335/1557 749/3413/1593
f 706/3414/1594 705/3415/1594 742/3416/1594
f 843/3408/1556 845/3410/1590 844/3417/1586
f 744/3168/1485 831/3308/1534 749/3418/1593
f 34/3419/1595 33/3420/1595 37/3421/1595
f 201/3422/1596 264/3423/1596 173/3424/1596
f 841/3409/1563 833/3289/1537 846/3425/1597
f 828/3265/1515 742/3357/1568 713/3426/1598
f 331/3254/1523 338/3378/1577 341/3427/1599
f 324/3219/1508 339/3406/1589 267/3428/1600
f 333/3273/1531 335/3429/1601 329/3430/1602
f 268/3431/1550 336/3432/1546 337/3433/1603
f 330/3434/1604 329/3435/1604 338/3436/1604
f 841/3409/1563 846/3425/1597 845/3410/1590
f 828/3265/1515 713/3426/1598 707/3346/1562
f 840/3437/1557 710/3438/1592 709/3439/1605
f 31/3372/1490 166/3440/1489 37/3373/1574
f 333/3273/1531 348/3441/1606 335/3429/1601
f 816/3155/1424 851/3442/1607 833/3289/1537
f 707/3443/1608 713/3444/1608 710/3445/1608
f 34/3446/1609 37/3447/1609 35/3448/1609
f 840/3449/1557 709/3450/1605 749/3451/1593
f 143/3452/1591 33/3453/1524 36/3454/1610
f 331/3254/1523 341/3427/1599 786/3307/1545
f 33/3455/1611 34/3456/1611 36/3457/1611
f 744/3330/1485 766/3458/1612 747/3331/1554
f 333/3273/1531 342/3370/1573 348/3441/1606
f 170/3093/1450 100/3459/1613 201/3244/1519
f 746/3460/1614 748/3461/1614 745/3462/1614
f 833/3289/1537 851/3442/1607 846/3425/1597
f 816/3045/1424 786/3307/1545 851/3463/1607
f 749/3464/1593 766/3458/1612 744/3330/1485
f 324/3219/1508 267/3428/1600 342/3370/1573
f 338/3465/1577 329/3430/1602 340/3466/1615
f 748/3467/1616 750/3468/1616 745/3469/1616
f 634/3470/1617 643/3471/1617 641/3472/1617
f 713/3426/1598 742/3357/1568 711/3473/1618
f 336/3379/1546 264/3381/1578 337/3474/1603
f 705/3475/1566 844/3476/1586 725/3477/1619
f 268/3478/1620 265/3479/1620 339/3480/1620
f 710/3438/1592 712/3481/1621 709/3439/1605
f 742/3482/1568 715/3483/1622 711/3484/1618
f 709/3439/1605 712/3481/1621 716/3485/1623
f 705/3475/1566 715/3483/1622 742/3482/1568
f 34/3486/1624 35/3487/1625 36/3488/1626
f 168/3489/1395 167/3490/1491 91/3491/1627
f 329/3430/1602 343/3492/1628 340/3466/1615
f 705/3475/1566 725/3477/1619 715/3483/1622
f 35/3493/1625 37/3494/1574 40/3495/1629
f 329/3430/1602 335/3429/1601 343/3492/1628
f 845/3410/1590 846/3425/1597 847/3496/1630
f 710/3438/1592 713/3497/1598 712/3481/1621
f 709/3450/1605 714/3498/1631 749/3451/1593
f 36/3454/1610 38/3499/1632 143/3452/1591
f 637/3500/1633 635/3501/1633 636/3502/1633
f 338/3503/1577 340/3504/1615 341/3505/1599
f 715/3506/1622 725/3507/1619 720/3508/1634
f 845/3410/1590 847/3496/1630 844/3417/1586
f 268/3509/1635 272/3510/1636 265/3511/1637
f 35/3487/1625 39/3512/1638 36/3488/1626
f 847/3496/1630 846/3425/1597 848/3513/1639
f 847/3514/1630 656/3515/1640 844/3516/1586
f 35/3493/1625 40/3495/1629 39/3517/1638
f 635/3518/1641 637/3519/1642 655/3520/1643
f 750/3397/1585 747/3396/1584 752/3521/1644
f 846/3425/1597 851/3442/1607 848/3513/1639
f 786/3307/1545 852/3522/1645 851/3463/1607
f 745/3523/1646 750/3524/1646 754/3525/1646
f 38/3499/1632 93/3526/1647 143/3452/1591
f 36/3527/1648 39/3528/1648 38/3529/1648
f 265/3530/1637 266/3531/1649 339/3532/1589
f 143/3533/1591 92/3534/1650 167/3535/1491
f 716/3536/1651 718/3537/1651 709/3538/1651
f 170/3093/1450 168/3539/1395 97/3540/1652
f 341/3427/1599 787/3541/1653 786/3307/1545
f 750/3542/1654 753/3543/1654 754/3544/1654
f 40/3545/1629 37/3373/1574 41/3546/1655
f 143/3547/1591 93/3548/1647 92/3549/1650
f 782/3550/1189 1309/3551/1020 751/3552/1656
f 747/3331/1554 766/3458/1612 753/3553/1657
f 716/3485/1623 712/3481/1621 718/3554/1658
f 848/3555/1659 849/3556/1659 850/3557/1659
f 641/3558/1660 638/3559/1660 643/3560/1660
f 342/3561/1573 346/3562/1661 348/3563/1606
f 641/3564/1662 655/3520/1662 638/3520/1662
f 848/3513/1639 851/3442/1607 850/3565/1663
f 339/3532/1589 266/3531/1649 267/3566/1600
f 265/3511/1637 272/3510/1636 269/3567/1664
f 711/3484/1618 715/3483/1622 719/3568/1665
f 656/3569/1666 848/3513/1667 850/3565/1668
f 712/3481/1621 713/3497/1598 717/3570/1669
f 37/3373/1574 166/3440/1489 32/3387/1580
f 37/3373/1574 32/3387/1580 41/3546/1655
f 718/3571/1658 714/3498/1631 709/3450/1605
f 766/3572/1612 749/3573/1593 755/3574/1670
f 641/3575/1671 639/3576/1672 640/3577/1673
f 750/3578/1674 752/3579/1674 753/3580/1674
f 712/3481/1621 717/3581/1669 718/3554/1658
f 844/3582/1586 656/3583/1640 725/3584/1619
f 343/3585/1675 335/3586/1675 344/3587/1675
f 711/3473/1618 734/3588/1676 713/3426/1598
f 2/3589/1677 3/3590/1677 8/3591/1677
f 94/3592/1061 95/3593/1678 30/3594/1535
f 752/3595/1679 747/3596/1679 753/3597/1679
f 268/3598/1680 279/3599/1680 272/3600/1680
f 641/3601/1671 643/3602/1681 639/3603/1672
f 335/3429/1601 348/3441/1606 344/3604/1682
f 267/3605/1600 353/3606/1683 342/3607/1573
f 341/3505/1599 340/3504/1615 345/3608/1684
f 715/3506/1622 720/3508/1634 719/3609/1665
f 714/3498/1631 723/3610/1685 749/3451/1593
f 655/3611/1686 641/3612/1686 640/3613/1686
f 341/3614/1687 363/3615/1687 787/3616/1687
f 635/3518/1641 655/3520/1643 638/3520/1688
f 269/3617/1664 266/3531/1649 265/3530/1637
f 847/3514/1630 658/3618/1689 656/3515/1640
f 720/3619/1634 730/3620/1690 719/3621/1665
f 711/3473/1618 719/3622/1665 734/3588/1676
f 642/3623/1691 638/3624/1692 643/3625/1693
f 268/3626/1550 337/3627/1603 279/3628/1694
f 851/3629/1695 852/3630/1695 850/3631/1695
f 341/3632/1696 345/3633/1696 363/3634/1696
f 340/3635/1697 347/3636/1697 345/3637/1697
f 754/3638/1698 743/3639/1698 745/3640/1698
f 656/3583/1640 721/3641/1699 725/3584/1619
f 170/3093/1450 97/3540/1652 100/3459/1613
f 342/3607/1573 353/3606/1683 346/3642/1661
f 718/3571/1658 717/3643/1669 722/3644/1700
f 658/3645/1701 724/3646/1701 656/3647/1701
f 725/3584/1619 721/3641/1699 726/3648/1702
f 347/3649/1703 363/3650/1703 345/3651/1703
f 749/3573/1593 723/3652/1685 755/3574/1670
f 786/3307/1545 788/3653/1704 852/3654/1645
f 658/3655/1705 656/3656/1705 657/3657/1705
f 167/3535/1491 92/3534/1650 91/3658/1627
f 40/3545/1629 41/3546/1655 44/3659/1706
f 656/3569/1666 850/3565/1668 657/3660/1707
f 656/3661/1708 724/3662/1708 657/3663/1708
f 713/3426/1598 734/3588/1676 717/3664/1669
f 8/3665/1709 16/3666/1710 3/3667/1711
f 720/3619/1634 725/3668/1619 726/3669/1702
f 643/3625/1712 638/3624/1713 640/3670/1714
f 337/3627/1603 273/3671/1715 279/3628/1694
f 656/3583/1640 657/3672/1716 721/3641/1699
f 40/3545/1629 44/3659/1706 39/3673/1638
f 786/3307/1545 787/3541/1653 788/3653/1704
f 347/3674/1717 340/3466/1615 350/3675/1718
f 753/3553/1657 766/3458/1612 757/3676/1719
f 639/3576/1672 719/3677/1720 640/3577/1673
f 343/3492/1628 350/3675/1718 340/3466/1615
f 344/3678/1721 348/3679/1721 343/3680/1721
f 639/3681/1722 643/3682/1722 719/3683/1722
f 720/3619/1634 726/3669/1702 730/3620/1690
f 267/3684/1600 266/3685/1649 273/3686/1715
f 272/3510/1636 270/3687/1723 269/3567/1664
f 718/3571/1658 722/3644/1700 714/3498/1631
f 655/3688/1724 640/3689/1724 638/3690/1724
f 658/3691/1725 657/3692/1707 850/3693/1668
f 658/3691/1725 850/3693/1668 852/3694/1726
f 266/3695/1649 279/3628/1727 273/3671/1715
f 4/3696/1728 10/3697/1728 5/3698/1728
f 93/3699/1729 38/3700/1729 102/3701/1729
f 269/3617/1664 271/3702/1730 266/3531/1649
f 343/3492/1628 348/3703/1606 350/3675/1718
f 92/3549/1650 93/3548/1647 96/3704/1731
f 348/3563/1606 352/3705/1732 350/3706/1718
f 102/3707/1733 96/3704/1731 93/3548/1647
f 787/3708/1653 363/3709/1734 390/3710/1735
f 724/3711/1736 658/3712/1736 657/3713/1736
f 853/3714/1737 657/3715/1737 658/3716/1737
f 755/3574/1670 723/3652/1685 727/3717/1738
f 390/3718/1735 362/3719/1739 787/3720/1653
f 714/3498/1631 728/3721/1740 723/3610/1685
f 273/3686/1715 337/3722/1603 267/3684/1600
f 8/3665/1709 15/3723/1741 16/3666/1710
f 714/3498/1631 722/3644/1700 728/3721/1740
f 719/3622/1665 738/3724/1742 734/3588/1676
f 174/3725/1743 175/3726/1743 201/3727/1743
f 350/3728/1744 352/3729/1744 357/3730/1744
f 174/3731/1745 6/3732/1745 7/3733/1745
f 174/3734/1746 201/3735/1746 6/3736/1746
f 719/3737/1747 643/3625/1712 640/3670/1714
f 174/3738/1748 7/3739/1748 177/3740/1748
f 719/3737/1749 640/3670/1750 644/3741/1751
f 38/3742/1752 39/3673/1638 102/3743/1753
f 8/3744/1754 3/3745/1754 9/3746/1754
f 730/3747/1690 738/3724/1742 719/3622/1665
f 279/3628/1755 266/3695/1649 272/3748/1636
f 788/3653/1704 366/3749/1756 852/3654/1645
f 174/3750/1757 177/3751/1757 175/3752/1757
f 658/3753/1758 854/3754/1758 853/3755/1758
f 264/3756/1578 201/3757/1759 171/3758/1760
f 721/3641/1699 657/3672/1716 726/3648/1702
f 852/3759/1761 854/3760/1761 658/3761/1761
f 266/3762/1762 286/3763/1762 279/3764/1762
f 347/3674/1717 350/3675/1718 349/3765/1763
f 717/3643/1669 735/3766/1764 722/3644/1700
f 766/3767/1612 755/3768/1670 756/3769/1765
f 753/3553/1657 757/3676/1719 754/3770/1766
f 266/3771/1649 271/3772/1730 272/3773/1636
f 657/3774/1716 853/3775/1767 659/3776/1768
f 8/3777/1769 9/3778/1769 14/3779/1769
f 39/3673/1638 44/3659/1706 102/3743/1753
f 657/3774/1716 659/3776/1768 726/3780/1702
f 348/3563/1606 346/3562/1661 352/3705/1732
f 350/3781/1770 357/3782/1770 349/3783/1770
f 201/3244/1519 100/3459/1613 171/3784/1760
f 854/3785/1771 664/3786/1772 853/3787/1773
f 273/3788/1774 279/3789/1774 280/3790/1774
f 363/3791/1775 347/3792/1775 351/3793/1775
f 168/3489/1395 91/3491/1627 99/3794/1776
f 347/3674/1717 349/3765/1763 351/3795/1777
f 731/3796/1778 730/3797/1778 726/3798/1778
f 279/3799/1779 274/3800/1779 266/3801/1779
f 270/3802/1723 271/3702/1730 269/3617/1664
f 731/3803/1780 726/3804/1780 645/3805/1780
f 723/3610/1685 728/3721/1740 727/3806/1738
f 726/3807/1781 729/3808/1782 732/3809/1783
f 96/3704/1731 91/3810/1627 92/3549/1650
f 766/3767/1612 756/3769/1765 757/3811/1719
f 41/3812/1784 42/3813/1784 44/3814/1784
f 730/3815/1690 731/3816/1785 732/3817/1783
f 201/3818/1786 172/3819/1787 6/3820/1788
f 731/3821/1785 645/3822/1789 732/3823/1783
f 6/3820/1788 172/3819/1787 203/3824/1790
f 41/3546/1655 32/3387/1580 48/3825/1791
f 730/3815/1690 732/3817/1783 729/3826/1782
f 175/3827/1792 177/3828/1793 178/3829/1794
f 738/3724/1742 730/3747/1690 729/3830/1782
f 44/3831/1795 43/3832/1795 102/3833/1795
f 7/3834/1796 6/3835/1796 177/3836/1796
f 364/3837/1797 358/3838/1798 390/3839/1799
f 717/3664/1669 734/3588/1676 735/3840/1764
f 8/3841/1800 14/3842/1801 17/3843/1802
f 279/3844/1803 286/3845/1803 274/3846/1803
f 734/3588/1676 738/3724/1742 733/3847/1804
f 10/3848/1805 11/3849/1805 12/3850/1805
f 390/3851/1806 351/3852/1806 364/3853/1806
f 722/3644/1700 735/3766/1764 728/3721/1740
f 365/3854/1807 390/3719/1807 362/3718/1807
f 659/3855/1808 668/3856/1808 726/3857/1808
f 734/3858/1809 733/3859/1809 735/3860/1809
f 539/2131/27 538/2130/1019 90/3861/1359
f 10/3862/1810 5/3863/1810 11/3864/1810
f 853/3865/1811 664/3866/1811 660/3867/1811
f 6/3820/1788 203/3824/1790 176/3868/1812
f 853/3869/1813 660/3870/1813 659/3871/1813
f 3/3872/1814 14/3873/1814 9/3874/1814
f 97/3875/1652 168/3876/1395 101/3877/1815
f 754/3770/1766 757/3676/1719 743/3076/1441
f 727/3878/1738 661/3879/1816 755/3880/1670
f 787/3720/1653 362/3719/1739 788/3881/1704
f 726/3807/1781 732/3809/1783 645/3882/1817
f 854/3785/1818 663/3883/1819 664/3786/1820
f 727/3806/1738 728/3721/1740 666/3884/1821
f 10/3885/1822 12/3886/1823 5/3887/1824
f 788/3653/1704 362/3888/1739 366/3749/1756
f 91/3889/1627 98/3890/1825 99/3891/1776
f 15/3892/1826 8/3893/1826 17/3894/1826
f 5/3895/1827 13/3896/1827 12/3897/1827
f 337/3898/1603 275/3899/1828 267/3900/1600
f 271/3772/1730 282/3901/1829 272/3773/1636
f 96/3902/1830 98/3903/1830 91/3904/1830
f 390/3710/1735 363/3709/1734 351/3905/1831
f 660/3906/1832 664/3907/1832 659/3908/1832
f 97/3909/1652 105/3910/1833 100/3911/1613
f 6/3912/1788 178/3913/1794 177/3914/1793
f 364/3915/1834 351/3916/1777 349/3917/1763
f 854/3918/1835 664/3919/1835 660/3920/1835
f 94/2619/1061 294/3345/1561 95/3921/1678
f 201/3922/1836 175/3827/1792 178/3829/1794
f 266/3923/1837 274/3924/1837 286/3925/1837
f 168/3489/1395 99/3794/1776 101/3926/1815
f 352/3927/1838 354/3928/1838 357/3929/1838
f 735/3766/1764 736/3930/1839 728/3721/1740
f 757/3811/1719 756/3769/1765 760/3931/1840
f 267/3605/1600 288/3932/1841 353/3606/1683
f 663/3933/1819 727/3934/1738 662/3935/1842
f 726/3936/1781 668/3937/1843 729/3938/1782
f 46/3939/1844 43/3940/1845 44/3941/1846
f 264/3756/1578 171/3758/1760 202/3942/1847
f 179/3943/1848 180/3944/1849 178/3945/1794
f 179/3946/1850 176/3947/1850 180/3948/1850
f 180/3949/1851 176/3950/1812 181/3951/1852
f 178/3945/1794 176/3952/1812 179/3943/1848
f 171/3953/1853 172/3954/1853 201/3955/1853
f 6/3912/1788 176/3956/1812 178/3913/1794
f 180/3957/1854 203/3958/1854 171/3959/1854
f 352/3705/1732 346/3562/1661 354/3960/1855
f 96/3961/1856 102/3962/1856 98/3963/1856
f 364/3915/1834 349/3917/1763 357/3964/1857
f 203/3965/1858 172/3966/1858 171/3967/1858
f 176/3968/1812 203/3969/1790 181/3970/1852
f 755/3768/1670 661/3971/1816 756/3769/1765
f 178/3972/1859 171/3973/1859 201/3974/1859
f 5/3887/1860 12/3886/1861 11/3975/1862
f 728/3721/1740 736/3930/1839 666/3884/1821
f 180/3976/1863 171/3977/1863 178/3978/1863
f 390/3839/1799 358/3838/1798 362/3979/1739
f 100/3911/1613 103/3980/1864 171/3981/1760
f 101/3926/1815 99/3794/1776 108/3982/1865
f 271/3983/1866 278/3984/1866 282/3985/1866
f 3/3986/1867 22/3987/1867 14/3988/1867
f 270/3989/1868 272/3990/1636 282/3991/1829
f 854/3992/1869 852/3993/1869 663/3994/1869
f 43/3940/1845 46/3939/1844 64/3995/1870
f 102/3996/1871 104/3997/1872 98/3998/1825
f 97/3875/1652 101/3877/1815 105/3999/1833
f 41/4000/1655 45/4001/1873 42/4002/1874
f 48/3825/1791 45/4003/1873 41/3546/1655
f 659/4004/1875 664/4005/1875 668/4006/1875
f 729/3938/1782 668/3937/1843 737/4007/1876
f 733/4008/1804 738/4009/1742 739/4010/1877
f 663/3933/1819 662/3935/1842 667/4011/1878
f 44/4012/1879 42/4013/1879 46/4014/1879
f 727/3878/1738 663/4015/1819 661/3879/1816
f 663/3883/1819 665/4016/1880 664/3786/1820
f 267/4017/1600 275/4018/1828 288/4019/1841
f 99/3891/1776 98/3890/1825 106/4020/1881
f 664/3786/1820 665/4016/1880 668/4021/1882
f 727/3934/1738 669/4022/1883 662/3935/1842
f 32/3387/1580 51/4023/1884 48/3825/1791
f 727/4024/1885 666/4025/1885 669/4026/1885
f 14/3842/1801 22/4027/1886 17/3843/1802
f 203/3969/1790 208/4028/1887 181/3970/1852
f 738/4029/1742 729/4030/1782 739/4031/1877
f 15/4032/1888 17/4033/1888 16/4034/1888
f 48/4035/1889 42/4036/1889 45/4037/1889
f 270/3989/1890 278/4038/1891 276/4039/1892
f 105/3910/1833 103/3980/1864 100/3911/1613
f 357/4040/1893 354/4041/1893 355/4042/1893
f 737/4043/1894 670/4044/1894 729/4045/1894
f 337/3898/1603 264/4046/1578 277/4047/1895
f 362/3979/1739 358/3838/1798 366/4048/1756
f 42/4049/1896 48/4050/1896 46/4051/1896
f 353/4052/1897 356/4053/1897 290/4054/1897
f 101/4055/1898 108/4056/1898 105/4057/1898
f 665/4058/1880 672/4059/1899 668/4060/1882
f 852/4061/1900 366/4062/1900 663/4063/1900
f 337/3898/1603 277/4047/1895 275/3899/1828
f 733/4008/1804 739/4010/1877 740/4064/1901
f 270/4065/1902 278/4066/1902 271/4067/1902
f 181/3951/1903 179/4068/1904 184/4069/1905
f 354/3960/1855 346/3562/1661 353/4070/1683
f 733/4071/1804 740/4072/1901 735/4073/1764
f 171/3981/1760 103/3980/1864 204/4074/1906
f 735/4073/1764 740/4072/1901 736/4075/1839
f 663/4076/1819 667/4077/1878 665/4078/1880
f 102/4079/1871 47/4080/1907 104/4081/1872
f 3/4082/1908 16/4083/1908 22/4084/1908
f 171/4085/1909 219/4086/1909 172/4087/1909
f 176/4088/1910 183/4089/1911 179/4068/1912
f 43/4090/1845 47/4080/1907 102/4079/1871
f 666/3884/1821 736/3930/1839 669/4091/1913
f 16/4092/1914 60/4093/1915 22/4094/1916
f 729/4030/1782 670/4095/1917 739/4031/1877
f 668/4096/1918 670/4097/1918 737/4098/1918
f 279/4099/1919 280/4100/1919 281/4101/1919
f 32/3387/1580 90/3386/1359 51/4023/1884
f 99/3891/1776 106/4020/1881 108/4102/1865
f 48/4103/1920 57/4104/1921 46/3939/1844
f 43/4090/1845 64/4105/1870 47/4080/1907
f 663/4106/1922 366/4107/1756 673/4108/1923
f 180/4109/1924 208/4110/1924 203/4111/1924
f 354/4112/1855 353/4113/1683 355/4114/1925
f 103/3980/1864 105/3910/1833 111/4115/1926
f 739/4010/1877 741/4116/1927 740/4064/1901
f 48/4117/1928 68/4118/1928 49/4119/1928
f 662/3935/1842 741/4120/1927 667/4011/1878
f 353/3606/1683 288/3932/1841 356/4121/1929
f 662/3935/1842 669/4122/1883 741/4120/1927
f 46/3939/1844 57/4104/1921 64/3995/1870
f 17/4123/1930 11/4124/1930 16/4125/1930
f 103/4126/1931 107/4127/1931 204/4128/1931
f 270/3989/1932 282/3991/1933 278/4038/1934
f 669/4129/1935 736/4130/1935 740/4131/1935
f 18/4132/1936 20/4133/1936 11/4134/1936
f 364/4135/1937 357/4136/1937 358/4137/1937
f 741/4120/1927 739/4138/1877 667/4011/1878
f 739/4138/1877 670/4139/1917 667/4011/1878
f 171/4140/1938 172/4141/1938 207/4142/1938
f 48/3825/1920 68/4143/1939 50/4144/1940
f 11/4145/1941 17/4146/1941 22/4147/1941
f 668/4148/1942 672/4149/1942 670/4150/1942
f 48/3825/1791 51/4023/1884 68/4143/1943
f 48/4103/1920 50/4151/1940 57/4104/1921
f 51/4152/1884 59/4153/1944 68/4154/1943
f 538/3279/1019 52/4155/1945 53/4156/1946
f 11/4157/1947 22/4158/1947 23/4159/1947
f 741/4120/1927 669/4122/1883 740/4160/1901
f 180/3949/1851 181/3951/1852 208/4161/1948
f 105/3910/1833 108/4162/1865 111/4115/1926
f 672/4163/1899 667/4011/1878 670/4139/1917
f 104/4081/1872 47/4080/1907 54/4164/1949
f 171/3758/1760 204/4165/1906 205/4166/1950
f 179/4167/1951 182/4168/1952 176/4169/1910
f 645/4170/1953 649/4171/1953 651/4172/1953
f 51/4173/1954 60/4174/1954 59/4175/1954
f 16/4092/1914 19/4176/1955 60/4093/1915
f 667/4077/1878 671/4177/1956 665/4078/1880
f 104/3997/1872 54/4178/1949 109/4179/1957
f 357/4180/1958 355/4181/1925 358/3838/1798
f 678/4182/1959 782/3550/1189 751/3552/1656
f 282/4183/1960 270/4184/1960 283/4185/1960
f 108/4102/1865 106/4020/1881 115/4186/1961
f 57/4187/1921 68/4154/1962 59/4153/1963
f 51/4188/1884 55/4189/1964 60/4190/1965
f 538/3279/1019 30/3281/1535 56/4191/1966
f 16/4192/1967 11/4193/1967 19/4194/1967
f 108/4102/1865 115/4186/1961 111/4195/1926
f 68/4196/1968 57/4197/1968 50/4198/1968
f 115/4186/1961 106/4020/1881 110/4199/1969
f 184/4069/1905 208/4161/1970 181/3951/1903
f 103/4200/1864 111/4201/1926 209/4202/1971
f 277/4047/1895 264/4046/1578 284/4203/1972
f 98/3998/1825 104/3997/1872 109/4179/1957
f 47/4080/1907 64/4105/1870 54/4164/1949
f 353/4113/1683 290/4204/1973 355/4114/1925
f 667/4205/1878 672/4206/1899 675/4207/1974
f 106/4020/1881 98/3890/1825 110/4199/1969
f 98/3890/1825 112/4208/1975 110/4199/1969
f 663/4209/1976 673/4210/1976 674/4211/1976
f 103/4200/1864 209/4202/1971 107/4212/1977
f 22/4213/1916 60/4214/1915 20/4215/1978
f 20/4215/1978 25/4216/1979 22/4213/1916
f 59/4217/1963 65/4218/1980 57/4219/1921
f 111/4220/1981 113/4221/1982 117/4222/1983
f 57/4104/1921 65/4223/1980 64/3995/1870
f 176/4224/1910 182/4225/1952 183/4226/1911
f 179/4167/1951 184/4227/1984 182/4168/1952
f 60/4190/1965 55/4189/1964 21/4228/1985
f 171/3758/1760 205/4166/1950 202/3942/1847
f 111/4229/1986 115/4230/1986 114/4231/1986
f 663/4015/1819 674/4232/1987 661/3879/1816
f 179/4068/1912 183/4089/1911 184/4069/1988
f 111/4220/1989 114/4233/1990 113/4221/1991
f 277/4047/1895 284/4203/1972 285/4234/1992
f 760/3931/1840 756/3769/1765 661/3971/1816
f 98/4235/1825 109/4236/1957 112/4237/1975
f 264/4046/1578 202/4238/1847 284/4203/1972
f 665/4058/1880 671/4239/1956 672/4059/1899
f 60/4240/1915 19/4241/1993 20/4242/1978
f 30/3594/1535 95/3593/1678 56/4243/1966
f 19/4244/1993 11/4245/1994 20/4246/1978
f 732/4247/1995 646/4248/1995 647/4249/1995
f 19/4176/1996 21/4250/1997 60/4093/1998
f 111/4251/1999 117/4252/1999 209/4253/1999
f 22/4254/1916 25/4255/1979 23/4256/2000
f 64/3995/1870 65/4223/1980 58/4257/2001
f 113/4258/2002 114/4259/2002 115/4260/2002
f 667/4077/1878 675/4261/1974 671/4177/1956
f 112/4208/1975 129/4262/2003 110/4199/1969
f 107/4212/1977 209/4202/1971 211/4263/2004
f 274/4264/2005 286/4265/2005 287/4266/2005
f 207/4267/2006 208/4268/2006 171/4269/2006
f 55/4189/1964 51/4188/1884 61/4270/2007
f 68/4271/2008 66/4272/2008 59/4273/2009
f 59/4274/2010 66/4275/2010 65/4276/2010
f 366/4048/1756 358/3838/1798 676/4277/2011
f 110/4199/1969 129/4262/2003 115/4186/1961
f 538/3279/1019 53/4156/1946 90/4278/1359
f 11/4245/2012 23/4279/2000 20/4246/1978
f 64/4105/1870 73/4280/2013 54/4164/1949
f 55/4189/1964 62/4281/2014 21/4228/1985
f 645/4282/2015 732/4283/2015 647/4284/2015
f 645/4285/2016 647/4286/2017 646/4287/2018
f 51/4288/1884 90/4289/1359 61/4290/2007
f 672/4059/1899 671/4239/1956 677/4291/2019
f 672/4292/1899 677/4293/2019 680/4294/2020
f 112/4208/1975 116/4295/2021 129/4262/2003
f 52/4155/1945 538/3279/1019 56/4191/1966
f 673/4108/1923 366/4107/1756 676/4296/2011
f 60/4297/2022 62/4298/2014 59/4299/2023
f 758/4300/2024 757/4301/2024 759/4302/2024
f 219/4303/2025 207/4304/2026 172/4305/2027
f 757/3676/1719 759/4306/2028 743/3076/1441
f 59/4299/2023 61/4307/2007 68/4308/2029
f 202/4238/1847 292/4309/2030 284/4203/1972
f 171/4310/2031 207/4311/2032 219/4312/2033
f 732/3823/2034 645/3822/2035 646/4313/2036
f 25/4255/1979 24/4314/2037 23/4256/2000
f 111/4195/2038 115/4186/2039 113/4315/2040
f 275/3899/1828 295/4316/2041 288/4317/1841
f 55/4189/1964 61/4270/2007 62/4318/2014
f 355/4181/1925 359/4319/2042 358/3838/1798
f 107/4320/1977 211/4321/2004 204/4165/1906
f 109/4179/1957 54/4178/1949 73/4322/2013
f 60/4323/2043 21/4324/2043 62/4325/2043
f 66/4272/2008 68/4271/2008 76/4326/2044
f 64/4105/1870 63/4327/2045 73/4280/2013
f 202/4328/2046 308/4329/2046 292/4330/2046
f 64/4331/1870 58/4332/2001 63/4333/2045
f 355/4114/1925 290/4204/1973 359/4334/2042
f 116/4335/2021 112/4237/1975 109/4236/1957
f 204/4165/1906 211/4321/2004 206/4336/2047
f 25/4337/1979 26/4338/2048 24/4339/2037
f 25/4216/1979 20/4215/1978 28/4340/2049
f 732/4341/2050 647/4342/2050 675/4343/2050
f 65/4223/1980 79/4344/2051 58/4257/2001
f 59/4299/2023 62/4298/2014 61/4307/2007
f 115/4186/1961 129/4262/2003 217/4345/2052
f 758/4346/2053 759/4347/2053 762/4348/2053
f 65/4349/2054 66/4350/2054 76/4351/2054
f 645/3822/2055 651/4352/2056 646/4313/2057
f 90/4289/1359 67/4353/2058 61/4290/2007
f 113/4354/1982 115/4186/1961 217/4345/2052
f 671/4177/1956 675/4261/1974 677/4355/2019
f 68/4356/2059 61/4357/2059 76/4358/2059
f 678/4359/1959 751/4360/1656 679/4361/2060
f 672/4206/1899 680/4362/2020 675/4207/1974
f 757/4363/1719 760/4364/1840 761/4365/2061
f 24/4366/2037 26/4367/2062 23/4368/2000
f 129/4262/2003 116/4295/2021 119/4369/2063
f 23/4279/2000 28/4370/2049 20/4246/1978
f 288/4317/1841 289/4371/2064 356/4372/1929
f 113/4221/1982 217/4373/2052 117/4222/1983
f 757/3676/1719 761/4374/2061 759/4306/2065
f 24/4339/2066 26/4338/2067 27/4375/2068
f 645/4285/2069 646/4287/2070 649/4376/2071
f 25/4377/2072 28/4378/2072 26/4379/2072
f 73/4380/2013 74/4381/2073 109/4382/1957
f 217/4345/2052 129/4262/2003 135/4383/2074
f 209/4384/2075 117/4385/2075 212/4386/2075
f 288/4317/1841 295/4316/2041 289/4371/2064
f 356/4372/1929 368/4387/2076 290/4388/1973
f 356/4372/1929 289/4371/2064 368/4387/2076
f 117/4222/1983 217/4373/2052 212/4389/2077
f 647/4390/2078 649/4391/2078 646/4392/2078
f 23/4279/2000 26/4393/2062 28/4370/2049
f 647/4394/2079 646/4395/2080 648/4396/2081
f 184/4069/1988 183/4089/1911 186/4397/2082
f 69/4398/2083 77/4399/2083 70/4400/2083
f 184/4401/1984 208/4402/2084 182/4403/1952
f 207/4404/2085 208/4405/2085 191/4406/2085
f 184/4069/1988 186/4397/2082 191/4407/2086
f 207/4408/2087 219/4409/2088 208/4410/2084
f 184/4069/1988 191/4407/2086 208/4161/2089
f 646/4411/2090 651/4412/2090 648/4413/2090
f 25/4414/2091 29/4415/2091 28/4416/2091
f 647/4417/2092 675/4418/2092 680/4419/2092
f 208/4410/2084 219/4409/2088 185/4420/2093
f 675/4421/2094 647/4394/2095 648/4396/2096
f 675/4261/2094 648/4422/2096 680/4423/2097
f 649/4424/2098 647/4425/2099 652/4426/2100
f 61/4427/2007 69/4428/2101 76/4429/2102
f 649/4430/2103 650/4431/2103 651/4432/2103
f 76/4429/2102 69/4428/2101 71/4433/2104
f 649/4424/2098 652/4426/2100 650/4434/2105
f 209/4435/2106 215/4436/2106 210/4437/2106
f 109/4382/2107 74/4381/2108 122/4438/2109
f 209/4439/2110 210/4440/2110 211/4441/2110
f 109/4382/2107 122/4438/2109 130/4442/2111
f 651/4443/2112 650/4444/2105 652/4445/2100
f 743/3076/1441 759/4306/2028 688/3075/1440
f 760/4446/2113 763/4447/2113 761/4448/2113
f 762/4449/2114 763/4450/2115 759/4306/2028
f 63/4333/2045 58/4332/2001 72/4451/2116
f 52/4155/1945 56/4191/1966 53/4156/1946
f 130/4452/2117 74/4453/2117 109/4454/2117
f 130/4455/2118 122/4456/2119 126/4457/2120
f 208/4402/2084 185/4458/2093 182/4403/1952
f 116/4459/2021 118/4460/2121 119/4461/2063
f 53/4156/1946 56/4191/1966 90/4278/1359
f 65/4462/2122 76/4463/2122 79/4464/2122
f 122/4438/2109 74/4381/2108 75/4465/2123
f 73/4466/2124 63/4467/2124 74/4468/2124
f 275/3899/1828 277/4047/1895 291/4469/2125
f 212/4470/2126 213/4471/2126 209/4472/2126
f 215/4473/2127 209/4474/2127 213/4475/2127
f 651/4443/2112 652/4445/2100 648/4476/2128
f 61/4427/2007 70/4477/2129 69/4428/2101
f 74/4478/2130 63/4479/2130 80/4480/2130
f 116/4459/2021 109/4481/1957 118/4460/2121
f 760/3931/1840 661/3971/1816 764/4482/2131
f 69/4428/2101 70/4477/2132 71/4433/2104
f 761/4483/2133 763/4484/2133 762/4485/2133
f 212/4486/2077 218/4487/2134 213/4488/2135
f 761/4489/2136 762/4490/2136 759/4491/2136
f 284/4203/1972 292/4309/2030 285/4234/1992
f 204/4165/1906 214/4492/2137 205/4166/1950
f 202/3942/1847 205/4166/1950 308/4493/2138
f 129/4494/2139 119/4495/2139 120/4496/2139
f 58/4332/2001 79/4497/2051 72/4451/2116
f 292/4498/2030 308/4499/2138 293/4500/2140
f 215/4501/2141 213/4502/2135 210/4503/2142
f 130/4504/2143 121/4505/2143 122/4506/2143
f 277/4047/1895 285/4234/1992 291/4469/2125
f 760/3931/1840 764/4482/2131 763/4507/2144
f 218/4487/2134 225/4508/2145 213/4488/2135
f 204/4165/1906 206/4336/2047 216/4509/2146
f 182/4510/1952 185/4511/2093 191/4512/2147
f 217/4513/2052 218/4514/2134 212/4515/2077
f 648/4516/2096 647/4517/2148 680/4518/2097
f 290/4388/1973 368/4387/2076 359/4519/2042
f 217/4513/2052 226/4520/2149 218/4514/2134
f 358/3838/1798 367/4521/2150 676/4277/2011
f 652/4522/2100 647/4517/2151 648/4516/2128
f 219/4523/2152 191/4524/2152 185/4525/2152
f 122/4526/2153 75/4527/2153 78/4528/2153
f 211/4321/2004 220/4529/2154 206/4336/2047
f 674/4232/1987 673/4530/1923 661/3879/1816
f 206/4336/2047 220/4529/2154 216/4509/2146
f 76/4531/2155 83/4532/2156 79/4533/2051
f 275/3899/1828 291/4469/2125 295/4316/2041
f 182/4510/1952 191/4512/2147 186/4534/2157
f 210/4535/2142 220/4536/2154 211/4537/2004
f 677/4355/2019 675/4261/1974 383/4538/2158
f 135/4539/2159 226/4540/2159 217/4541/2159
f 123/4542/2160 125/4543/2161 132/4544/2162
f 183/4089/1911 195/4545/2163 186/4397/2082
f 218/4546/2164 224/4547/2164 225/4548/2164
f 127/4549/2165 124/4550/2166 136/4551/2167
f 204/4165/1906 216/4509/2146 214/4492/2137
f 661/3879/1816 673/4530/1923 764/4552/2131
f 130/4455/2118 126/4457/2120 125/4553/2161
f 74/4554/2168 131/4555/2168 75/4556/2168
f 132/4544/2162 125/4543/2161 126/4557/2120
f 191/4558/2169 185/4559/2170 189/4560/2171
f 133/4561/2172 123/4562/2172 127/4563/2172
f 109/4481/1957 137/4564/2173 118/4460/2121
f 70/4477/2132 77/4565/2174 71/4433/2104
f 127/4549/2165 128/4566/2175 124/4550/2166
f 221/4567/2176 231/4568/2177 124/4569/2166
f 129/4570/2178 120/4571/2178 135/4572/2178
f 130/4573/2118 125/4574/2161 121/4575/2179
f 74/4576/2180 80/4577/2180 131/4578/2180
f 122/4579/2181 78/4580/2181 82/4581/2181
f 80/4582/2182 63/4583/2182 72/4584/2182
f 368/4585/2076 369/4586/2183 359/4587/2042
f 122/4456/2119 82/4588/2184 126/4457/2120
f 126/4589/2185 82/4590/2185 132/4591/2185
f 358/3838/1798 359/4319/2042 367/4521/2150
f 191/4592/2186 219/4312/2187 207/4311/2188
f 130/4573/2189 121/4575/2179 74/4593/2190
f 133/4594/2191 125/4595/2191 123/4596/2191
f 109/4481/1957 74/4597/2190 137/4564/2173
f 76/4531/2155 78/4598/2192 83/4532/2156
f 133/4599/2193 127/4600/2193 125/4601/2193
f 79/4602/2051 83/4603/2156 72/4604/2116
f 75/4605/2194 80/4606/2195 81/4607/2196
f 75/4608/2197 131/4609/2197 80/4610/2197
f 205/4166/1950 214/4492/2137 222/4611/2198
f 205/4166/1950 296/4612/2199 308/4493/2138
f 213/4502/2135 236/4613/2200 210/4503/2142
f 291/4469/2125 285/4234/1992 301/4614/2201
f 70/4615/2129 61/4290/2007 67/4353/2058
f 218/4514/2134 223/4616/2202 224/4617/2203
f 218/4514/2134 226/4520/2149 223/4616/2202
f 120/4618/2204 119/4619/2063 118/4620/2121
f 677/4293/2019 383/4621/2158 680/4294/2020
f 236/4613/2200 213/4502/2135 225/4622/2145
f 78/4623/2205 75/4605/2194 81/4607/2196
f 132/4624/2206 82/4625/2206 123/4626/2206
f 120/4627/2204 134/4628/2207 135/4629/2208
f 226/4630/2209 135/4631/2209 233/4632/2209
f 648/4633/2210 685/4634/2210 647/4635/2210
f 74/4636/2190 121/4637/2179 137/4638/2173
f 292/4498/2030 293/4500/2140 285/4234/1992
f 226/4520/2149 233/4639/2211 223/4616/2202
f 182/4225/1952 195/4640/2163 183/4226/1911
f 135/4629/2208 134/4628/2207 233/4641/2212
f 118/4620/2121 134/4642/2207 120/4618/2204
f 81/4643/2213 83/4644/2213 78/4645/2213
f 71/4433/2104 77/4565/2174 76/4429/2102
f 78/4646/2192 140/4647/2214 82/4648/2215
f 224/4649/2216 227/4650/2216 225/4651/2216
f 124/4550/2166 128/4566/2175 221/4652/2176
f 182/4653/2217 186/4654/2217 192/4655/2217
f 159/4656/1404 679/4657/1462 294/4658/1561
f 185/4659/2218 191/4660/2219 194/4661/2220
f 220/4536/2154 210/4535/2142 240/4662/2221
f 231/4663/2177 228/4664/2222 124/4665/2166
f 370/4666/2223 371/4667/2224 372/4668/2225
f 80/4669/2226 72/4604/2116 83/4603/2156
f 136/4670/2227 228/4671/2227 233/4672/2227
f 136/4551/2167 124/4550/2166 228/4673/2222
f 127/4674/2165 136/4675/2167 125/4676/2161
f 80/4677/2228 83/4678/2228 81/4679/2228
f 370/4680/2223 376/4681/2229 371/4682/2224
f 121/4637/2179 125/4683/2161 137/4638/2173
f 205/4166/1950 222/4611/2198 296/4612/2199
f 225/4684/2230 219/4685/2230 236/4686/2230
f 216/4509/2146 229/4687/2231 214/4492/2137
f 220/4529/2154 229/4687/2231 216/4509/2146
f 370/4680/2223 369/4688/2232 376/4681/2229
f 137/4689/2173 138/4690/2233 134/4691/2207
f 137/4689/2173 134/4691/2207 118/4692/2121
f 70/4615/2129 67/4353/2058 77/4693/2234
f 647/4694/2235 652/4695/2236 686/4696/2237
f 194/4697/2238 191/4698/2238 219/4699/2238
f 236/4700/2200 235/4701/2239 210/4535/2142
f 220/4536/2154 240/4662/2221 231/4702/2177
f 210/4535/2142 235/4701/2239 240/4662/2221
f 299/4703/2240 295/4704/2240 298/4705/2240
f 136/4675/2167 233/4706/2212 139/4707/2241
f 296/4708/2199 293/4500/2140 308/4709/2138
f 207/4304/2242 219/4303/2243 249/4710/2244
f 219/4711/2245 249/4712/2246 256/4713/2247
f 223/4714/2202 230/4715/2248 224/4716/2203
f 76/4717/2249 77/4718/2249 84/4719/2249
f 220/4720/2250 231/4721/2250 229/4722/2250
f 78/4646/2192 85/4723/2251 140/4647/2214
f 191/4558/2252 189/4560/2253 186/4724/2254
f 137/4638/2173 125/4683/2161 138/4690/2233
f 76/4725/2155 85/4726/2251 78/4727/2192
f 289/4371/2064 295/4316/2041 368/4387/2076
f 123/4728/2255 88/4729/2256 127/4730/2165
f 370/4680/2223 372/4731/2225 369/4688/2232
f 763/4450/2115 688/3075/1440 759/4306/2028
f 359/4319/2042 369/4732/2183 393/4733/2257
f 134/4628/2207 139/4734/2241 233/4641/2212
f 214/4492/2137 229/4687/2231 222/4611/2198
f 136/4675/2167 139/4707/2241 125/4676/2161
f 231/4702/2177 240/4662/2221 232/4735/2258
f 763/4736/2259 764/4737/2259 689/4738/2259
f 88/4739/2256 128/4740/2175 127/4741/2165
f 219/4742/2260 256/4743/2260 236/4744/2260
f 225/4745/2261 227/4746/2261 238/4747/2261
f 125/4683/2161 139/4748/2241 138/4690/2233
f 231/4663/2177 232/4749/2258 228/4664/2222
f 191/4660/2262 187/4750/2263 194/4661/2264
f 372/4731/2265 298/4751/2266 369/4688/2267
f 223/4752/2202 233/4753/2211 241/4754/2268
f 228/4664/2222 232/4749/2258 234/4755/2269
f 56/4243/1966 95/3593/1678 294/4756/1561
f 675/4261/1974 680/4423/2270 383/4538/2158
f 138/4690/2233 139/4748/2241 134/4691/2207
f 82/4757/2215 144/4758/2271 123/4759/2272
f 235/4760/2273 236/4761/2273 225/4762/2273
f 191/4407/2274 186/4397/2275 188/4763/2276
f 191/4407/2274 188/4763/2276 190/4764/2277
f 191/4407/2274 190/4764/2277 189/4765/2278
f 86/4766/2279 140/4647/2214 85/4723/2251
f 221/4567/2176 237/4767/2280 231/4568/2177
f 647/4694/2281 686/4696/2282 648/4768/2283
f 223/4752/2202 241/4754/2268 230/4769/2248
f 189/4560/2253 188/4770/2284 186/4724/2254
f 242/4771/2285 253/4772/2286 244/4773/2287
f 182/4774/1952 192/4775/2288 195/4776/2163
f 76/4725/2155 84/4777/2289 85/4726/2251
f 673/4108/1923 676/4296/2011 690/4778/2290
f 231/4568/2177 237/4767/2280 229/4687/2231
f 359/4319/2042 393/4733/2291 367/4521/2150
f 652/4779/2292 686/4780/2292 653/4781/2292
f 287/4782/2293 303/4783/2294 306/4784/2295
f 219/4711/2296 194/4785/2297 249/4712/2298
f 82/4757/2215 140/4786/2214 144/4758/2271
f 189/4560/2253 190/4787/2299 188/4770/2284
f 186/4724/2300 188/4770/2301 190/4787/2302
f 224/4716/2203 230/4715/2248 227/4788/2303
f 219/4303/2304 236/4789/2305 249/4710/2306
f 233/4790/2211 228/4664/2222 234/4755/2269
f 673/4530/1923 689/4791/2307 764/4552/2131
f 681/4792/2308 682/4793/2309 687/4791/2310
f 291/4469/2125 297/4794/2311 295/4316/2041
f 295/4795/2312 298/4796/2312 368/4797/2312
f 128/4740/2175 88/4739/2256 89/4798/2313
f 235/4799/2314 225/4800/2314 238/4801/2314
f 191/4802/2262 189/4803/2315 187/4804/2263
f 371/4667/2224 376/4805/2229 372/4668/2225
f 240/4806/2221 235/4807/2239 239/4808/2316
f 648/4809/2317 686/4810/2317 685/4811/2317
f 123/4728/2255 145/4812/2318 88/4729/2256
f 371/4667/2319 373/4813/2320 376/4805/2321
f 221/4567/2176 128/4814/2175 237/4767/2280
f 84/4777/2289 67/4815/2058 85/4726/2251
f 123/4816/2322 144/4817/2322 145/4818/2322
f 185/4559/2170 194/4819/2323 189/4560/2171
f 652/4820/2324 684/4821/2324 653/4822/2324
f 293/4500/2140 302/4823/2325 285/4234/1992
f 232/4824/2258 240/4825/2221 234/4826/2269
f 140/4647/2214 86/4766/2279 144/4827/2271
f 234/4826/2269 240/4825/2221 239/4828/2316
f 67/4353/2058 86/4766/2326 85/4723/2251
f 233/4790/2211 234/4755/2269 241/4829/2268
f 85/4830/2327 87/4831/2327 86/4832/2327
f 291/4469/2125 301/4614/2201 297/4794/2311
f 236/4833/2305 256/4834/2328 249/4835/2306
f 190/4764/2329 186/4836/2330 192/4837/2331
f 189/4803/2315 193/4838/2332 187/4804/2263
f 242/4839/2333 243/4840/2333 244/4841/2333
f 145/4842/2334 89/4843/2334 253/4844/2334
f 235/4807/2239 238/4845/2335 239/4808/2316
f 299/4846/2336 295/4847/2337 297/4848/2311
f 376/4681/2229 369/4688/2232 374/4849/2338
f 372/4668/2225 376/4805/2229 374/4850/2338
f 189/4765/2339 190/4764/2340 193/4851/2341
f 186/4852/2342 195/4853/2342 192/4854/2342
f 189/4560/2343 192/4855/2344 190/4787/2345
f 238/4845/2335 245/4856/2346 239/4808/2316
f 229/4687/2231 237/4767/2280 246/4857/2347
f 368/4585/2076 298/4858/2348 369/4586/2183
f 298/4859/2349 295/4860/2349 369/4861/2349
f 676/4277/2011 391/4862/2350 690/4863/2290
f 128/4814/2175 89/4864/2313 237/4767/2280
f 676/4277/2011 367/4521/2150 391/4862/2350
f 300/4865/2351 305/4866/2351 304/4867/2351
f 241/4868/2268 245/4869/2346 230/4870/2248
f 230/4870/2248 245/4869/2346 227/4871/2303
f 227/4871/2303 245/4869/2346 238/4872/2335
f 680/4423/2352 683/4873/2353 383/4538/2354
f 145/4843/2355 89/4842/2355 141/4874/2355
f 189/4560/2171 194/4819/2323 193/4875/2356
f 300/4876/2357 304/4877/2357 303/4878/2357
f 296/4612/2199 222/4611/2198 247/4879/2358
f 299/4846/2336 301/4880/2201 302/4881/2325
f 303/4882/2359 306/4883/2359 300/4884/2359
f 299/4846/2336 297/4848/2311 301/4880/2201
f 647/4885/2360 685/4886/2360 686/4887/2360
f 190/4764/2340 192/4837/2361 193/4851/2341
f 303/4783/2362 304/4888/2363 306/4784/2364
f 301/4614/2201 285/4234/1992 302/4823/2325
f 689/4791/2307 673/4530/1923 687/4889/2365
f 369/4890/2366 295/4891/2366 375/4892/2366
f 86/4893/2367 87/4894/2367 144/4895/2367
f 234/4896/2269 245/4897/2346 241/4898/2268
f 371/4667/2319 392/4899/2368 373/4813/2320
f 293/4500/2140 243/4900/2369 302/4823/2325
f 229/4687/2231 246/4857/2347 222/4611/2198
f 189/4560/2343 193/4875/2370 192/4855/2344
f 234/4896/2269 239/4901/2316 245/4897/2346
f 681/4902/2308 689/4903/2371 763/4450/2372
f 300/4904/2373 306/4905/2373 305/4906/2373
f 296/4708/2199 247/4907/2358 293/4500/2140
f 682/4793/2309 391/4908/2374 687/4791/2310
f 222/4611/2198 246/4857/2347 244/4909/2375
f 374/4850/2338 369/4910/2376 372/4668/2225
f 192/4837/2377 187/4911/2263 193/4851/2332
f 673/4530/1923 690/4912/2290 687/4889/2365
f 192/4913/2378 193/4914/2378 194/4915/2378
f 653/4916/2379 686/4917/2380 684/4918/2381
f 304/4919/2382 305/4920/2382 306/4921/2382
f 293/4500/2140 247/4907/2358 243/4900/2369
f 86/4766/2326 67/4353/2058 142/4922/2383
f 393/4923/2291 373/4924/2320 367/4925/2150
f 367/4925/2150 392/4926/2368 391/4927/2384
f 681/4792/2308 687/4791/2310 689/4889/2371
f 237/4928/2385 89/4929/2385 255/4930/2385
f 194/4931/2386 249/4932/2386 256/4933/2386
f 686/4934/2380 685/4935/2387 684/4936/2381
f 195/4937/2388 187/4911/2263 192/4837/2377
f 371/4938/2389 392/4927/2390 682/4939/2309
f 684/4940/2391 685/4941/2391 653/4942/2391
f 237/4943/2392 246/4944/2392 248/4945/2392
f 295/4946/2393 299/4947/2336 302/4823/2325
f 685/4935/2394 686/4934/2395 683/4948/2396
f 685/4949/2394 683/4950/2396 378/4951/2397
f 144/4952/2398 88/4953/2398 145/4954/2398
f 654/4955/2399 653/4916/2400 684/4918/2401
f 295/4847/2402 375/4956/2403 297/4848/2404
f 376/4957/2405 392/4927/2406 371/4938/2407
f 194/4958/2408 258/4959/2409 192/4960/2410
f 222/4611/2198 250/4961/2411 247/4879/2358
f 253/4962/2412 89/4963/2412 255/4964/2412
f 393/4965/2413 376/4966/2413 373/4967/2413
f 244/4968/2414 243/4969/2414 247/4970/2414
f 86/4766/2326 142/4922/2383 144/4827/2415
f 222/4611/2198 244/4909/2375 250/4961/2411
f 192/4960/2410 258/4959/2409 196/4971/2416
f 246/4857/2347 248/4972/2417 244/4909/2375
f 685/4949/2394 378/4951/2397 377/4973/2418
f 685/4949/2394 377/4973/2418 653/4974/2419
f 391/4926/2374 682/4939/2309 392/4927/2390
f 686/4975/2420 378/4976/2420 683/4977/2420
f 195/4978/2388 196/4979/2416 187/4980/2263
f 653/4981/2421 377/4982/2421 686/4983/2421
f 194/4984/2422 249/4985/2422 187/4986/2422
f 187/4980/2263 196/4979/2416 258/4987/2409
f 195/4988/2423 197/4989/2423 192/4990/2423
f 763/4450/2115 689/4903/2424 688/3075/1440
f 196/4971/2416 200/4991/2425 192/4960/2410
f 367/4925/2150 373/4924/2320 392/4926/2368
f 247/4992/2426 250/4993/2426 244/4994/2426
f 196/4995/2427 195/4996/2427 200/4997/2427
f 687/4998/2428 690/4999/2428 381/5000/2428
f 237/5001/2429 251/5002/2429 248/5003/2430
f 237/5004/2431 255/5005/2431 252/5006/2431
f 244/5007/2432 248/5008/2432 253/5009/2432
f 89/4964/2433 255/4963/2433 254/5010/2433
f 391/5011/2434 381/5012/2434 690/5013/2434
f 687/5014/2435 381/5015/2435 391/5016/2435
f 255/5017/2436 253/5018/2436 251/5019/2436
f 255/5020/2437 254/5021/2438 253/4772/2439
f 253/5022/2440 248/5023/2440 251/5024/2440
f 255/5025/2441 251/5026/2441 254/5027/2441
f 237/5001/2429 252/5028/2442 251/5002/2429
f 377/5029/2443 378/5030/2443 379/5031/2443
f 254/5032/2444 252/5033/2444 255/5034/2444
f 195/4776/2445 192/4775/2446 200/5035/2425
f 684/5036/2447 385/5037/2447 653/5038/2447
f 187/5039/2448 258/5040/2448 199/5041/2448
f 67/4353/2058 90/4289/1359 142/4922/2383
f 376/4957/2405 380/5042/2449 392/4927/2406
f 383/4538/2354 683/4873/2353 388/5043/2450
f 90/5044/2451 56/5045/2451 307/5046/2451
f 90/5047/2452 307/5048/2452 142/5049/2452
f 194/4661/2408 187/4750/2453 198/5050/2454
f 251/5051/2455 252/5052/2455 254/5053/2455
f 144/4827/2415 142/4922/2383 88/5054/2256
f 751/5055/2456 688/5056/2457 679/5057/2458
f 244/4773/2459 253/4772/2439 307/5058/2460
f 249/4835/2461 256/4834/2462 259/5059/2463
f 194/4958/2408 198/5060/2454 258/4959/2409
f 253/4772/2439 254/5021/2438 307/5058/2460
f 376/4957/2405 393/5061/2464 380/5042/2449
f 88/5054/2256 142/4922/2383 89/5062/2313
f 256/4713/2465 249/4712/2466 257/5063/2467
f 393/5064/2464 374/5065/2468 380/5066/2449
f 256/5067/2469 257/5068/2469 261/5069/2469
f 89/5070/2470 142/5071/2470 254/5072/2470
f 378/5073/2471 686/5074/2471 379/5075/2471
f 679/4657/1462 380/5076/2449 294/4658/1561
f 688/5077/2457 380/5078/2472 679/5079/2458
f 187/4750/2453 199/5080/2473 198/5050/2454
f 375/5081/2474 295/4946/2393 307/5082/2460
f 369/4688/2475 307/5083/2476 374/4849/2468
f 369/5084/2475 375/5081/2474 307/5082/2460
f 302/4823/2325 243/4900/2369 307/5082/2460
f 295/4946/2393 302/4823/2325 307/5082/2460
f 243/5085/2369 244/4773/2459 307/5058/2460
f 377/5086/2477 379/5087/2478 382/5088/2479
f 258/5089/2480 198/5090/2480 199/5091/2480
f 294/5092/2481 307/5093/2481 56/5094/2481
f 689/4903/2424 381/5095/2482 688/3075/1440
f 392/4927/2406 380/5042/2449 381/5096/2482
f 380/5076/2449 307/5097/2476 294/4658/1561
f 686/5098/2483 382/5099/2483 379/5100/2483
f 142/5101/2484 307/5058/2460 254/5021/2438
f 686/5102/2485 377/5086/2486 382/5088/2487
f 385/5103/2488 377/5104/2488 382/5105/2488
f 256/4834/2462 261/5106/2489 259/5059/2463
f 383/5107/2490 388/5108/2490 384/5109/2490
f 249/5110/2491 259/5111/2491 257/5112/2491
f 374/5065/2468 307/5113/2476 380/5066/2449
f 381/5095/2482 380/5114/2449 688/3075/1440
f 198/5115/2492 199/5116/2493 259/5117/2463
f 384/5118/2494 389/5119/2495 386/5120/2496
f 384/5118/2494 388/5121/2497 389/5119/2495
f 260/5122/2498 261/5123/2498 257/5124/2498
f 379/5125/2499 382/5126/2500 388/5127/2497
f 259/5117/2463 261/5128/2489 198/5115/2492
f 199/5129/2501 198/5130/2501 200/5131/2501
f 388/5132/2502 384/5133/2502 386/5134/2502
f 379/5125/2503 385/5135/2504 382/5126/2504
f 200/5136/2505 260/5137/2505 199/5138/2505
f 379/5139/2506 387/5140/2506 385/5141/2506
f 199/5142/2507 260/5143/2507 257/5144/2507
f 259/5117/2463 199/5116/2493 257/5145/2508
f 379/5125/2499 388/5127/2497 386/5146/2509
f 382/5147/2500 387/5148/2510 389/5149/2495
f 382/5147/2500 389/5149/2495 388/5150/2497
f 261/5151/2489 260/5152/2511 198/5153/2492
f 200/5154/2512 262/5155/2512 260/5156/2512
f 382/5147/2500 385/5157/2513 387/5148/2510
f 198/5158/2514 262/5159/2514 200/5160/2514
f 198/5153/2492 260/5152/2511 262/5161/2515
f 379/5162/2516 386/5163/2516 387/5164/2516
f 389/5165/2517 387/5166/2517 386/5167/2517
