# Blender 4.4.0
# www.blender.org
mtllib Meshy_AI_Make_a_hole_that_come_0823232922_texture.mtl
o Meshy_AI_Make_a_hole_that_come_0823232922_texture
v 0.344136 -0.290588 0.810427
v 0.407386 -0.338283 0.760147
v 0.361893 -0.341667 0.847933
v 0.391508 -0.340181 0.879040
v 0.405577 -0.342359 0.855487
v 0.408344 -0.344315 0.841901
v 0.433429 -0.443387 0.814176
v 0.416542 -0.342317 0.822689
v 0.428141 -0.435898 0.835471
v 0.401055 -0.346444 0.844163
v 0.406628 -0.340986 0.870026
v 0.414476 -0.386683 0.876386
v 0.411790 -0.360075 0.855657
v 0.411153 -0.373612 0.826805
v 0.416936 -0.390615 0.838898
v 0.420554 -0.387547 0.818754
v 0.434984 -0.344263 0.746462
v 0.303865 -0.283912 0.764138
v 0.432347 -0.399084 0.804506
v 0.430546 -0.416025 0.808735
v 0.424824 -0.401541 0.803049
v 0.438927 -0.381487 0.749033
v 0.459218 -0.396985 0.809067
v 0.506223 -0.443694 0.831095
v 0.483715 -0.382793 0.798813
v 0.533304 -0.443821 0.750718
v 0.538059 -0.429845 0.811339
v 0.541890 -0.444033 0.816626
v 0.464589 -0.440952 0.828366
v 0.274882 -0.404974 0.835745
v 0.289653 -0.386600 0.843223
v 0.309412 -0.291402 0.843789
v 0.291582 -0.441423 0.900175
v 0.294082 -0.391623 0.908342
v 0.289842 -0.357475 0.877532
v 0.294554 -0.430104 0.906042
v 0.296741 -0.352109 0.892833
v 0.310645 -0.344449 0.894969
v 0.318916 -0.349127 0.841507
v 0.371610 -0.288579 0.673714
v 0.328947 -0.435765 0.910152
v 0.352597 -0.340212 0.886654
v 0.324823 -0.444191 0.905022
v 0.340678 -0.343550 0.820613
v 0.433611 -0.279986 0.673016
v 0.396062 -0.406871 0.888549
v 0.394694 -0.434826 0.880128
v 0.264671 -0.309390 0.718727
v 0.213327 -0.408603 0.812983
v 0.210147 -0.304499 0.819248
v 0.245379 -0.443887 0.833911
v 0.199468 -0.444228 0.879372
v 0.212450 -0.420095 0.810508
v 0.201539 -0.404993 0.868006
v 0.212869 -0.389463 0.850664
v 0.194159 -0.428340 0.878524
v 0.231518 -0.424015 0.884151
v 0.207970 -0.432199 0.786695
v 0.187209 -0.339117 0.760453
v 0.229700 -0.393238 0.814113
v 0.241513 -0.406796 0.870111
v 0.259232 -0.441657 0.847169
v 0.228624 -0.418082 0.808273
v 0.269030 -0.294747 0.838201
v 0.259934 -0.425430 0.826188
v 0.256338 -0.420993 0.869767
v 0.288770 -0.362180 0.843539
v 0.263724 -0.428721 0.856170
v 0.282303 -0.396723 0.875252
v 0.201573 -0.420997 0.814829
v 0.193714 -0.436809 0.820463
v 0.218816 -0.299596 0.788023
v 0.204163 -0.441238 0.778985
v 0.223398 -0.302947 0.818668
v 0.245958 -0.396381 0.822711
v 0.272262 -0.443437 0.829994
v 0.182273 -0.364609 0.592379
v 0.214870 -0.337316 0.581048
v 0.263653 -0.409190 0.562933
v 0.218023 -0.292102 0.614308
v 0.233008 -0.411135 0.567254
v 0.281455 -0.277938 0.582935
v 0.269648 -0.381124 0.578642
v 0.268135 -0.278053 0.604443
v 0.271135 -0.300561 0.585194
v 0.670997 -0.444679 0.413982
v 0.295290 -0.389571 0.558992
v 0.363490 -0.422727 0.444347
v 0.321581 -0.402960 0.523596
v 0.044100 -0.362538 0.876761
v 0.004673 -0.444667 0.876095
v 0.013736 -0.443881 0.891542
v 0.001244 -0.429995 0.889414
v 0.012653 -0.399648 0.910283
v 0.018979 -0.357941 0.922003
v 0.023085 -0.309971 0.827813
v 0.066195 -0.299372 0.861863
v 0.075883 -0.442351 0.904728
v 0.063972 -0.357342 0.869331
v 0.095888 -0.338271 0.892355
v 0.075170 -0.346324 0.934576
v 0.072818 -0.394834 0.919286
v 0.108251 -0.349234 0.847200
v 0.096385 -0.352213 0.932062
v 0.122752 -0.347971 0.854469
v 0.126069 -0.324834 0.938030
v 0.132078 -0.319123 0.921607
v 0.159031 -0.384710 0.925862
v 0.163376 -0.405833 0.910891
v 0.149038 -0.335188 0.935392
v 0.151317 -0.439847 0.863127
v 0.168509 -0.320878 0.890275
v 0.174200 -0.336676 0.823344
v 0.153184 -0.444583 0.812966
v 0.176419 -0.337602 0.854224
v 0.180321 -0.373845 0.820992
v 0.047388 -0.341168 0.938255
v 0.078450 -0.328797 0.941762
v 0.169547 -0.326893 0.864743
v -0.127556 -0.444516 0.936606
v -0.146367 -0.388889 0.925924
v -0.121708 -0.343656 0.899938
v -0.148923 -0.366281 0.902964
v -0.134767 -0.352642 0.886174
v -0.106478 -0.346036 0.837920
v -0.113497 -0.343690 0.871401
v -0.113252 -0.444304 0.929316
v -0.114337 -0.318289 0.890693
v -0.096629 -0.342261 0.814959
v -0.092908 -0.335427 0.853603
v -0.099641 -0.321608 0.808619
v -0.089494 -0.334500 0.802447
v -0.089744 -0.332463 0.832936
v -0.037113 -0.329417 0.882465
v -0.074052 -0.317339 0.831946
v -0.070814 -0.328007 0.754549
v -0.327675 -0.443902 0.817722
v -0.060366 -0.305597 0.730480
v -0.059235 -0.320593 0.693182
v -0.070751 -0.313870 0.812875
v -0.104349 -0.379239 0.646285
v -0.065035 -0.312988 0.785860
v -0.059165 -0.317006 0.728780
v -0.040916 -0.444044 0.900914
v -0.059972 -0.324787 0.744870
v -0.043568 -0.309031 0.750279
v -0.049084 -0.432378 0.665081
v 0.010895 -0.381328 0.885211
v -0.001890 -0.325955 0.879483
v 0.045101 -0.307162 0.805997
v 0.056175 -0.290547 0.705023
v 0.207962 -0.305515 0.800728
v 0.172502 -0.298225 0.750416
v 0.133185 -0.296369 0.690759
v 0.192670 -0.303142 0.770632
v 0.150963 -0.296589 0.644413
v 0.138852 -0.346297 0.835063
v 0.170588 -0.308963 0.741867
v 0.168641 -0.314836 0.710896
v 0.173038 -0.326954 0.697476
v 0.178069 -0.308668 0.687174
v 0.168932 -0.381772 0.651968
v 0.169603 -0.297591 0.643544
v 0.178861 -0.301318 0.741153
v 0.178328 -0.323686 0.753176
v 0.170250 -0.437446 0.813676
v 0.184270 -0.407336 0.819201
v 0.181457 -0.402051 0.851714
v 0.186163 -0.444171 0.860487
v 0.186511 -0.423648 0.839307
v 0.198732 -0.407522 0.828771
v 0.229371 -0.317579 0.705283
v 0.164038 -0.306070 0.683707
v -0.067107 -0.411897 0.677708
v -0.014670 -0.422074 0.686144
v -0.050095 -0.330948 0.685996
v 0.032492 -0.336538 0.686581
v -0.044802 -0.391382 0.687880
v -0.048533 -0.304891 0.693380
v 0.042291 -0.294618 0.694745
v -0.057475 -0.299139 0.697105
v 0.014832 -0.426206 0.673845
v 0.031162 -0.398410 0.686239
v 0.051293 -0.426332 0.636688
v 0.012604 -0.436347 0.602298
v 0.041874 -0.314390 0.685018
v 0.044196 -0.402449 0.674016
v 0.093790 -0.443850 0.899238
v 0.070157 -0.414526 0.624674
v 0.063014 -0.297136 0.652645
v 0.061563 -0.332792 0.639062
v 0.086026 -0.424086 0.604617
v 0.087981 -0.361512 0.600072
v 0.093848 -0.321112 0.604261
v 0.122158 -0.281869 0.624104
v 0.097752 -0.354836 0.596227
v 0.113995 -0.322396 0.604703
v 0.109944 -0.281777 0.617338
v 0.119713 -0.424217 0.597586
v 0.157393 -0.443843 0.630690
v 0.184703 -0.420027 0.559881
v 0.127583 -0.429840 0.592258
v 0.170991 -0.427296 0.590284
v 0.196959 -0.423824 0.478976
v 0.172818 -0.416579 0.603240
v 0.168762 -0.302440 0.635313
v 0.200573 -0.320532 0.595144
v 0.204073 -0.415095 0.561480
v 0.172752 -0.443759 0.643038
v 0.171596 -0.375102 0.650895
v -0.102286 -0.408392 0.597373
v -0.071556 -0.418777 0.668388
v -0.085094 -0.424683 0.493722
v -0.044681 -0.421514 0.396868
v -0.083997 -0.424408 0.532376
v -0.048802 -0.430240 0.576306
v -0.009108 -0.429449 0.522229
v 0.017955 -0.431104 0.494538
v 0.038990 -0.425617 0.446252
v -0.009485 -0.422582 0.307646
v -0.040810 -0.424576 0.264033
v 0.043448 -0.431488 0.432758
v 0.019218 -0.416097 0.314705
v 0.060072 -0.429829 0.548337
v 0.049636 -0.421106 0.368787
v 0.066565 -0.413823 0.315932
v -0.000277 -0.404017 0.137134
v 0.012236 -0.410898 0.023063
v 0.032375 -0.410440 0.067210
v 0.116813 -0.423242 0.448055
v 0.050231 -0.409230 0.124234
v 0.082139 -0.432004 0.569334
v 0.098194 -0.426074 0.205918
v 0.099954 -0.422430 0.149787
v 0.094263 -0.432433 0.407863
v 0.133182 -0.429269 0.473960
v 0.126500 -0.423374 0.343143
v 0.121947 -0.422084 0.300400
v 0.151109 -0.418761 0.308138
v 0.163407 -0.421969 0.502216
v 0.182276 -0.433631 0.383273
v 0.198944 -0.427079 0.289599
v 0.224592 -0.423726 0.292227
v 0.316061 -0.426672 0.400994
v -0.366674 -0.403028 0.810425
v -0.457086 -0.371754 0.759905
v -0.498485 -0.258291 0.726116
v -0.414282 -0.269574 0.791835
v -0.441865 -0.343346 0.743096
v -0.430094 -0.268572 0.748696
v -0.456035 -0.347142 0.787876
v -0.446743 -0.331088 0.777204
v -0.429907 -0.344584 0.791369
v -0.372619 -0.276112 0.717136
v -0.380889 -0.278122 0.726782
v -0.345470 -0.288038 0.712915
v -0.346136 -0.299080 0.830397
v -0.331179 -0.425985 0.830492
v -0.324113 -0.302726 0.785843
v -0.284427 -0.303617 0.725280
v -0.273181 -0.285340 0.698335
v -0.320573 -0.289775 0.703571
v -0.288339 -0.322510 0.861462
v -0.219431 -0.440787 0.886329
v -0.215022 -0.328033 0.810540
v -0.209750 -0.443989 0.886887
v -0.187251 -0.345269 0.914014
v -0.181593 -0.276118 0.726276
v -0.164914 -0.443468 0.876752
v -0.178642 -0.407916 0.904542
v -0.147289 -0.344731 0.888747
v -0.132838 -0.276171 0.728880
v -0.170636 -0.368773 0.912521
v -0.162784 -0.378163 0.902821
v -0.157369 -0.443973 0.932272
v -0.153775 -0.379840 0.914533
v 0.050307 -0.444798 0.471901
v -0.523215 -0.444029 0.685318
v -0.456705 -0.444153 0.713372
v -0.410603 -0.203913 0.538618
v -0.369235 -0.209879 0.545139
v -0.340150 -0.263547 0.687408
v -0.371369 -0.211421 0.531752
v -0.301051 -0.248638 0.544804
v -0.361124 -0.240715 0.502422
v -0.343176 -0.261967 0.514716
v -0.277742 -0.252936 0.588023
v -0.288665 -0.292405 0.543571
v -0.291497 -0.359996 0.535519
v -0.261991 -0.383029 0.540214
v -0.279457 -0.372901 0.546679
v -0.249310 -0.335175 0.571975
v -0.245415 -0.366306 0.554025
v -0.215937 -0.244951 0.618763
v -0.187271 -0.273532 0.621903
v -0.176741 -0.244859 0.632358
v -0.590149 -0.444149 0.488453
v -0.610454 -0.443979 0.518600
v -0.392817 -0.232427 0.423210
v -0.441712 -0.236816 0.481710
v -0.412974 -0.264684 0.430118
v -0.410492 -0.297049 0.408743
v -0.412822 -0.296969 0.400947
v -0.401130 -0.286359 0.389668
v -0.410685 -0.325979 0.389921
v -0.406584 -0.363238 0.378472
v -0.402619 -0.376154 0.367671
v -0.388990 -0.369787 0.392406
v -0.400679 -0.385232 0.375322
v -0.385538 -0.263169 0.432626
v -0.395655 -0.321551 0.399062
v -0.375476 -0.240811 0.459229
v -0.369222 -0.248353 0.460876
v -0.353417 -0.270379 0.497106
v -0.348179 -0.382905 0.478683
v -0.340510 -0.365943 0.496240
v -0.332350 -0.404429 0.478677
v -0.317807 -0.362710 0.518636
v -0.304789 -0.398851 0.507927
v -0.668322 -0.217304 0.654664
v -0.628084 -0.179975 0.668816
v -0.580032 -0.170748 0.562352
v -0.588556 -0.166122 0.525664
v -0.617822 -0.134759 0.608910
v -0.632108 -0.191718 0.669125
v -0.610520 -0.179816 0.670216
v -0.602711 -0.253155 0.627314
v -0.597572 -0.204651 0.655011
v -0.606677 -0.313227 0.583290
v -0.602260 -0.326242 0.602637
v -0.594386 -0.306743 0.616301
v -0.597447 -0.179542 0.656298
v -0.557410 -0.168657 0.651371
v -0.591233 -0.297666 0.633170
v -0.564516 -0.204835 0.641236
v -0.582036 -0.223697 0.661779
v -0.580047 -0.239502 0.619410
v -0.558712 -0.192753 0.635206
v -0.561443 -0.231148 0.622387
v -0.543063 -0.213256 0.625284
v -0.449677 -0.289873 0.766417
v -0.543066 -0.172079 0.647123
v -0.541161 -0.220747 0.602207
v -0.484593 -0.383935 0.717382
v -0.446031 -0.358038 0.734700
v -0.496112 -0.166161 0.635725
v -0.518571 -0.176683 0.631087
v -0.508376 -0.183636 0.619601
v -0.499478 -0.193368 0.578490
v -0.491799 -0.183463 0.598565
v -0.479460 -0.193736 0.599610
v -0.469109 -0.159023 0.592251
v -0.485735 -0.164896 0.600583
v -0.468201 -0.152188 0.604644
v -0.473331 -0.177303 0.600774
v -0.472267 -0.171907 0.593463
v -0.458965 -0.151988 0.597164
v -0.424320 -0.200977 0.568476
v -0.496059 -0.208219 0.576293
v -0.528522 -0.221162 0.635017
v -0.374978 -0.254708 0.694325
v -0.465428 -0.164369 0.602028
v -0.465935 -0.190730 0.593818
v -0.466804 -0.167283 0.614456
v -0.526045 -0.173454 0.638152
v -0.513684 -0.205215 0.553728
v -0.525692 -0.203061 0.606818
v -0.522179 -0.161759 0.582814
v -0.519768 -0.175279 0.572881
v -0.483268 -0.207949 0.596285
v -0.511655 -0.185163 0.573276
v -0.515261 -0.170836 0.623592
v -0.508384 -0.194852 0.582323
v -0.506422 -0.208803 0.600295
v -0.511482 -0.160566 0.639966
v -0.511198 -0.158662 0.589655
v -0.506310 -0.209717 0.580462
v -0.500457 -0.208576 0.597827
v -0.493977 -0.196477 0.591380
v -0.543975 -0.177888 0.637927
v -0.523822 -0.189373 0.617588
v -0.528203 -0.211656 0.602147
v -0.519572 -0.204224 0.572403
v -0.525273 -0.183198 0.629636
v -0.515864 -0.183324 0.628949
v -0.527452 -0.186245 0.617430
v -0.515796 -0.199081 0.593959
v -0.516690 -0.211177 0.586843
v -0.517734 -0.174292 0.579741
v -0.504409 -0.180969 0.593170
v -0.527520 -0.198847 0.518206
v -0.519736 -0.222692 0.565414
v -0.502195 -0.222775 0.530193
v -0.471745 -0.223595 0.503874
v -0.474819 -0.230647 0.504921
v -0.485633 -0.217883 0.436681
v -0.454227 -0.225501 0.421151
v -0.426137 -0.238617 0.456115
v -0.481829 -0.225409 0.519490
v -0.420990 -0.272514 0.329151
v -0.398385 -0.361372 0.360759
v -0.662269 -0.410473 0.737907
v -0.680272 -0.418569 0.725549
v -0.597975 -0.444215 0.619713
v -0.645222 -0.398987 0.690224
v -0.642015 -0.380677 0.752531
v -0.639288 -0.387186 0.724132
v -0.625101 -0.348167 0.750055
v -0.613940 -0.356934 0.703456
v -0.611869 -0.334459 0.764121
v -0.606244 -0.326839 0.749715
v -0.608870 -0.353648 0.675323
v -0.571523 -0.353042 0.786962
v -0.598447 -0.322809 0.763354
v -0.544561 -0.394662 0.789474
v -0.604489 -0.374732 0.631751
v -0.571595 -0.433422 0.634740
v -0.608030 -0.361955 0.587632
v -0.549051 -0.365371 0.789688
v -0.555396 -0.339585 0.670205
v -0.534068 -0.443860 0.712546
v -0.540427 -0.349662 0.682221
v -0.543059 -0.418886 0.767656
v -0.517758 -0.376888 0.781690
v -0.512426 -0.369659 0.703178
v -0.496484 -0.403591 0.725615
v -0.479757 -0.428956 0.708845
v -0.489021 -0.427932 0.694053
v -0.491148 -0.404068 0.708829
v -0.479734 -0.417292 0.699776
v -0.465382 -0.400410 0.717346
v -0.688001 -0.432508 0.717557
v -0.597096 -0.443469 0.753991
v -0.578147 -0.402045 0.640946
v -0.567392 -0.443996 0.754380
v -0.578893 -0.324202 0.721434
v -0.780054 -0.444314 0.684968
v -0.774296 -0.422841 0.678905
v -0.767696 -0.410340 0.658114
v -0.764215 -0.428486 0.694088
v -0.750468 -0.414087 0.638883
v -0.728808 -0.365362 0.686407
v -0.733389 -0.367893 0.667504
v -0.729109 -0.410240 0.609267
v -0.726365 -0.387326 0.635311
v -0.707202 -0.395987 0.603718
v -0.696869 -0.361357 0.699641
v -0.710980 -0.375034 0.701480
v -0.648675 -0.441800 0.544240
v -0.687504 -0.439785 0.703682
v -0.684903 -0.391822 0.699677
v -0.676881 -0.387163 0.584068
v -0.734538 -0.398569 0.557432
v -0.673068 -0.418378 0.697780
v -0.664149 -0.403970 0.682057
v -0.645703 -0.390904 0.668632
v -0.632595 -0.378871 0.572484
v -0.618383 -0.373447 0.647671
v -0.631933 -0.377136 0.672025
v -0.749906 -0.444403 0.635285
v -0.725124 -0.444214 0.710712
v -0.696909 -0.443362 0.580616
v -0.707696 -0.411949 0.717141
v -0.681336 -0.443999 0.529140
v -0.690504 -0.411923 0.574408
v -0.683061 -0.424390 0.566611
v -0.698213 -0.373507 0.624657
v -0.644535 -0.394074 0.559043
v -0.620113 -0.411209 0.528203
v -0.624919 -0.370405 0.557297
v -0.603265 -0.368299 0.543677
v -0.625368 -0.426769 0.531981
v -0.674486 -0.358719 0.689593
v -0.598437 -0.441901 0.598278
v -0.606585 -0.424840 0.513489
v -0.615652 -0.345753 0.579862
v -0.560729 -0.441989 0.639452
v -0.598592 -0.387076 0.615511
v -0.577981 -0.354118 0.648912
v -0.582746 -0.438227 0.491019
v -0.628341 -0.396993 0.543349
v -0.614341 -0.304005 0.594301
v -0.600494 -0.332854 0.566974
v -0.410536 -0.417902 0.336008
v -0.400552 -0.430013 0.330107
v -0.387704 -0.432208 0.326698
v -0.400038 -0.395763 0.358599
v -0.356181 -0.416849 0.417563
v -0.355839 -0.424465 0.388954
v -0.225361 -0.430245 0.398609
v -0.262670 -0.433799 0.278849
v -0.195927 -0.411594 0.487779
v -0.231623 -0.412806 0.509339
v -0.228561 -0.392811 0.544377
v -0.189486 -0.424587 0.447481
v -0.207484 -0.431678 0.395454
v -0.227011 -0.385308 0.542496
v -0.208203 -0.395916 0.533629
v -0.198716 -0.331795 0.587990
v -0.153633 -0.332919 0.588275
v -0.135816 -0.408940 0.524121
v -0.152996 -0.402921 0.519679
v -0.150563 -0.274042 0.615386
v -0.138275 -0.250825 0.642703
v -0.116507 -0.413515 0.534332
v -0.142280 -0.275675 0.618141
v -0.074394 -0.432212 0.305224
v -0.099634 -0.276142 0.681936
v -0.096002 -0.350035 0.670263
v -0.076882 -0.422474 0.601057
v -0.279245 -0.420013 0.476820
v -0.283178 -0.414653 0.501820
v -0.410704 -0.426070 0.275095
v -0.374424 -0.435082 0.288873
v -0.299375 -0.432160 0.186567
v -0.432633 -0.444131 0.246953
v -0.455887 -0.444251 0.143534
v -0.313840 -0.423140 0.340817
v -0.116230 -0.432402 0.211052
v -0.122370 -0.428388 0.141095
v -0.102650 -0.411739 0.115954
v -0.154889 -0.420686 0.077282
v -0.099018 -0.403341 0.039449
v -0.068769 -0.422669 0.289582
v -0.067644 -0.407992 0.204993
v -0.062611 -0.408271 0.083383
v -0.064818 -0.407240 0.158460
v -0.033457 -0.412404 0.175843
v -0.037991 -0.421839 0.321489
v -0.033022 -0.424602 0.347244
v -0.022024 -0.417800 0.079509
v 0.015419 -0.403442 0.080850
v -0.675804 -0.088634 0.351229
v -0.642434 -0.122024 0.415364
v -0.666718 -0.081179 0.295276
v -0.687937 -0.118767 0.586118
v -0.628183 -0.097792 0.281841
v -0.679047 -0.054197 0.238046
v -0.633323 -0.096514 0.315191
v -0.646749 -0.096292 0.290168
v -0.644308 -0.101812 0.274323
v -0.634625 -0.111635 0.280205
v -0.615293 -0.125956 0.410264
v -0.618878 -0.119937 0.282558
v -0.489257 -0.209981 0.412837
v -0.553628 -0.121682 0.305956
v -0.558332 -0.137532 0.291238
v -0.460289 -0.229965 0.451890
v -0.588216 -0.122691 0.276212
v -0.567287 -0.131408 0.280347
v -0.517596 -0.082490 0.229151
v -0.582701 -0.013026 0.161701
v -0.544758 -0.144575 0.276272
v -0.529369 -0.120618 0.286560
v -0.510436 -0.163830 0.272183
v -0.492050 -0.170238 0.254520
v -0.455389 -0.047731 0.172614
v -0.445670 -0.163174 0.291484
v -0.534230 -0.128761 0.315306
v -0.451630 -0.140120 0.243476
v -0.449243 -0.117559 0.250919
v -0.464952 -0.209023 0.253881
v -0.461495 -0.219374 0.245103
v -0.474526 -0.010806 0.071130
v -0.470513 -0.047702 0.104735
v -0.473225 -0.057080 0.085691
v -0.471900 -0.148679 0.077120
v -0.467087 -0.048701 -0.027842
v -0.471334 -0.190480 0.060466
v -0.470374 -0.178576 0.026689
v -0.455352 -0.155289 0.197370
v -0.450775 -0.255768 0.171616
v -0.454153 -0.112066 0.173468
v -0.455273 -0.170421 0.225253
v -0.453315 -0.238724 0.239671
v -0.444920 -0.092336 0.206061
v -0.396986 -0.218812 0.383263
v -0.849935 -0.005463 0.072744
v -0.838566 -0.025954 0.271421
v -0.818931 -0.050769 0.276604
v -0.824013 -0.098272 0.252636
v -0.821995 -0.077164 0.267835
v -0.824295 -0.014169 0.263083
v -0.798137 0.016820 0.227708
v -0.813709 -0.020048 0.262818
v -0.816733 -0.070267 0.282945
v -0.818643 -0.109351 0.257713
v -0.815753 0.067601 0.147674
v -0.830571 -0.085048 0.310310
v -0.808987 -0.012706 0.306065
v -0.810157 -0.022686 0.280109
v -0.793861 -0.002805 0.247193
v -0.789327 0.006810 0.225277
v -0.802380 -0.016286 0.264777
v -0.799735 -0.006627 0.276908
v -0.756136 -0.175833 0.504736
v -0.771863 0.006518 0.224913
v -0.772707 0.019417 0.203028
v -0.759961 0.011009 0.226719
v -0.760918 0.037785 0.182250
v -0.717013 -0.053736 0.300178
v -0.763496 0.046019 0.169307
v -0.753462 0.044471 0.149841
v -0.744850 0.022023 0.183546
v -0.761846 0.030591 0.170360
v -0.756088 0.016609 0.200085
v -0.691602 -0.057170 0.247266
v -0.721509 -0.026819 0.231785
v -0.737415 0.020532 0.198771
v -0.729378 0.019006 0.163497
v -0.719065 0.018440 0.179195
v -0.715676 0.021019 0.155575
v -0.650526 -0.088743 0.273201
v -0.703075 0.026139 0.176231
v -0.679296 -0.073538 0.320249
v -0.813283 0.099003 0.089167
v -0.797036 0.125946 0.134117
v -0.759727 0.069487 0.133954
v -0.776140 0.092350 0.074604
v -0.769483 0.075712 0.092185
v -0.764164 0.090449 0.068838
v -0.765121 0.070961 0.106511
v -0.750672 0.071199 0.106715
v -0.773589 0.056110 0.169533
v -0.750389 0.049739 0.133950
v -0.709301 0.102171 0.085322
v -0.741484 0.061853 0.136294
v -0.722394 0.187228 0.147494
v -0.718891 0.199525 0.151912
v -0.740022 0.214328 0.108418
v -0.739980 0.022833 0.153711
v -0.704651 0.141001 0.145721
v -0.728537 0.200574 0.129153
v -0.716828 0.200090 0.134384
v -0.704989 0.055363 0.095132
v -0.709350 0.079957 0.060858
v -0.714076 0.044323 0.158159
v -0.700712 0.202936 0.082668
v -0.699176 0.188344 0.153590
v -0.706586 0.033953 0.164401
v -0.678048 0.038012 0.157417
v -0.646810 0.079898 0.064878
v -0.705180 0.116690 0.024815
v -0.651604 0.030847 0.142383
v -0.560609 -0.110343 0.289387
v -0.472777 -0.000784 0.100976
v -0.523157 0.074156 0.039091
v -0.555342 0.104311 0.045449
v -0.490938 0.079571 0.059130
v -0.480594 0.169259 0.081426
v -0.753173 0.206342 0.153092
v -0.746404 0.219803 0.135360
v -0.859572 -0.105062 0.225326
v -0.834465 -0.237827 0.155899
v -0.840482 -0.218110 0.161131
v -0.866628 -0.156321 0.282687
v -0.870209 -0.174155 0.292781
v -0.866482 -0.158993 0.305335
v -0.839903 -0.150572 0.196885
v -0.850081 -0.229331 0.329799
v -0.834477 -0.173402 0.181051
v -0.852165 -0.156614 0.243534
v -0.848129 -0.056414 0.271475
v -0.860920 -0.443656 0.354207
v -0.861877 -0.430082 0.346483
v -0.834079 -0.154745 0.222788
v -0.828781 -0.153535 0.192403
v -0.828504 -0.166287 0.189990
v -0.826309 -0.075682 0.295576
v -0.818692 -0.122773 0.231990
v -0.748776 -0.444069 0.528980
v -0.726640 -0.105665 0.527507
v -0.773115 -0.057519 0.405729
v -0.705671 -0.195694 0.604597
v -0.737461 -0.444144 0.539952
v -0.563230 -0.292054 0.243906
v -0.552751 -0.297560 0.282012
v -0.489646 -0.299951 0.213681
v -0.540813 -0.286064 0.235216
v -0.496198 -0.275986 0.226005
v -0.862201 -0.089987 0.224464
v -0.899110 -0.444158 0.265486
v -0.890957 -0.431943 0.247236
v -0.884280 -0.443698 0.221600
v -0.883017 -0.442837 0.310382
v -0.876595 -0.421522 0.270307
v -0.857322 -0.419699 0.243241
v -0.880935 -0.441850 0.189982
v -0.869480 -0.406928 0.200699
v -0.858074 -0.400808 0.302087
v -0.836432 -0.416429 0.254055
v -0.838309 -0.400842 0.212041
v -0.834069 -0.416022 0.336994
v -0.830006 -0.444401 0.351882
v -0.778580 -0.443171 0.087676
v -0.947682 -0.442499 0.109601
v -0.916814 -0.444036 0.175077
v -0.949260 -0.438779 0.116204
v -0.920374 -0.412577 0.119371
v -0.916426 -0.423583 0.154065
v -0.910678 -0.419900 0.107565
v -0.911903 -0.444138 0.098700
v -0.790703 -0.443951 0.091854
v -0.880464 -0.387231 0.146368
v -0.897268 -0.420369 0.174147
v -0.912111 -0.401920 0.106827
v -0.882767 -0.408187 0.112358
v -0.887478 -0.391042 0.131090
v -0.799292 -0.443738 0.133996
v -0.870742 -0.418933 0.174828
v -0.870788 -0.415808 0.108069
v -0.835377 -0.259138 0.149884
v -0.850447 -0.418032 0.170175
v -0.839172 -0.416624 0.157248
v -0.844101 -0.408279 0.144396
v -0.846178 -0.393148 0.170097
v -0.835259 -0.421162 0.105177
v -0.836210 -0.394220 0.164069
v -0.845978 -0.205620 0.194888
v -0.838828 -0.398920 0.301983
v -0.811426 -0.416850 0.101047
v -0.832557 -0.305976 0.142014
v -0.833950 -0.402964 0.147685
v -0.820294 -0.416979 0.121968
v -0.791091 -0.444290 0.136273
v -0.808927 -0.425870 0.134243
v -0.804765 -0.432714 0.128641
v -0.788930 -0.444116 0.117704
v -0.845961 -0.396863 0.112349
v -0.836492 -0.308278 0.136202
v -0.864809 -0.389031 0.142511
v -0.859429 -0.398652 0.177651
v -0.837846 -0.372357 0.162541
v -0.838043 -0.380333 0.136993
v -0.827831 -0.396885 0.113927
v -0.835479 -0.363728 0.121410
v -0.917816 -0.319321 0.027221
v -0.917330 -0.354023 0.023559
v -0.902526 -0.443932 0.039120
v -0.876677 -0.165347 0.179077
v -0.830560 -0.444281 -0.255437
v -0.584591 -0.444208 0.180279
v -0.572367 -0.363978 0.211564
v -0.453723 -0.378190 0.256401
v -0.483003 -0.282054 0.265965
v -0.469449 -0.243792 0.044530
v -0.457196 -0.215568 -0.013355
v -0.463931 -0.300887 0.091459
v -0.455589 -0.370478 0.136098
v -0.451685 -0.311809 0.042746
v -0.453103 -0.359600 0.160758
v -0.436436 -0.144940 -0.086963
v -0.448626 -0.377637 0.137817
v -0.443575 -0.381267 0.108693
v -0.443033 -0.252401 0.232473
v -0.448783 -0.262935 0.232732
v -0.438074 -0.253673 0.248351
v -0.440598 -0.282138 0.223890
v -0.437330 -0.385400 0.230329
v -0.442901 -0.301562 0.207832
v -0.422458 -0.336852 0.017266
v -0.424524 -0.406202 0.147418
v -0.432115 -0.409238 0.200758
v -0.412509 -0.380515 0.057841
v -0.436222 -0.356724 0.253194
v -0.432082 -0.412424 0.240108
v -0.408846 -0.415252 0.309697
v -0.393307 -0.425604 0.180295
v -0.381331 -0.383313 0.030306
v -0.388827 -0.405059 0.095098
v -0.346268 -0.416736 0.104814
v -0.349487 -0.396933 0.038317
v -0.296450 -0.424362 0.130007
v -0.468999 -0.388911 0.170637
v -0.594805 -0.444602 -0.495158
v -0.390586 -0.352349 -0.008327
v -0.382626 -0.275907 -0.083285
v -0.368277 -0.334695 -0.045904
v -0.346223 -0.307581 -0.085886
v -0.360456 -0.349033 -0.038163
v -0.341939 -0.346591 -0.075732
v -0.335075 -0.376271 -0.012288
v -0.325326 -0.288355 -0.140641
v -0.270446 -0.394560 -0.028558
v -0.272173 -0.373511 -0.130465
v -0.242278 -0.414479 0.038193
v -0.218173 -0.432298 0.139928
v -0.242722 -0.410858 -0.039367
v -0.241250 -0.367873 -0.154992
v -0.229272 -0.366028 -0.185836
v -0.224679 -0.396555 -0.091651
v -0.226067 -0.405915 -0.045410
v -0.221620 -0.423750 0.012554
v -0.178508 -0.431994 0.092617
v -0.189407 -0.422703 -0.027553
v -0.201548 -0.393946 -0.130929
v -0.187083 -0.420742 0.042638
v -0.164152 -0.424014 0.033855
v -0.162649 -0.409602 -0.032733
v -0.124646 -0.391216 -0.113557
v -0.110093 -0.400334 -0.048787
v -0.594592 0.112721 0.009064
v -0.605867 0.125317 0.010875
v -0.576735 0.182475 0.028761
v -0.569981 0.175105 -0.070641
v -0.541646 0.176854 0.065356
v -0.576593 0.156771 -0.039586
v -0.555192 0.088024 0.029694
v -0.560747 0.184042 -0.012695
v -0.539155 0.180666 -0.020423
v -0.531534 0.162345 -0.058374
v -0.535897 0.148819 -0.035701
v -0.498663 0.171255 0.091630
v -0.498176 0.123973 -0.023219
v -0.493826 0.135910 -0.041815
v -0.466622 0.158392 -0.018604
v -0.452846 0.158929 0.020806
v -0.463325 0.099076 -0.010579
v -0.490415 0.060198 0.043769
v -0.488251 0.148646 0.090621
v -0.473192 0.013248 0.074994
v -0.462020 0.077557 -0.047384
v -0.461433 0.069375 0.021912
v -0.459403 0.114514 -0.090177
v -0.439865 0.174679 -0.122719
v -0.467143 0.089716 0.003004
v -0.652576 0.214210 -0.072631
v -0.568744 0.196927 -0.064608
v -0.574772 0.287727 -0.105909
v -0.590390 0.277682 -0.056436
v -0.568923 0.282374 -0.070593
v -0.569607 0.212269 -0.059279
v -0.570897 0.234150 -0.055798
v -0.586881 0.211189 -0.162252
v -0.593938 0.202302 -0.169046
v -0.608216 0.233378 -0.247744
v -0.578508 0.186569 -0.122263
v -0.569694 0.183131 -0.118838
v -0.585998 0.199494 -0.134732
v -0.572933 0.218046 -0.121240
v -0.566612 0.244499 -0.119611
v -0.570002 0.223290 -0.162047
v -0.572169 0.198268 -0.070284
v -0.557716 0.180753 -0.097824
v -0.546516 0.199521 -0.152021
v -0.539288 0.196608 -0.085080
v -0.551603 0.172682 -0.071114
v -0.535814 0.198544 -0.064696
v -0.486060 0.171172 -0.031902
v -0.576810 0.217183 -0.139842
v -0.557151 0.213767 -0.138141
v -0.518605 0.198132 -0.155032
v -0.823095 0.097503 0.027427
v -0.740912 0.250474 0.002140
v -0.749665 0.220357 0.080587
v -0.738490 0.228951 0.053442
v -0.693238 0.278709 -0.066984
v -0.698750 0.236638 0.019610
v -0.705452 0.121193 0.060591
v -0.701586 0.184188 0.046015
v -0.697561 0.162638 -0.032698
v -0.692783 0.216190 -0.076385
v -0.693138 0.183850 -0.090717
v -0.690960 0.238815 -0.071000
v -0.638382 0.239972 -0.061473
v -0.631031 0.172181 -0.081436
v -0.614934 0.131165 -0.007073
v -0.746770 0.291584 -0.241358
v -0.627141 0.202940 -0.243866
v -0.442544 -0.009269 -0.105944
v -0.532122 0.217998 -0.208910
v -0.427840 0.257982 -0.268802
v -0.465052 0.107931 -0.034208
v -0.453650 0.102135 -0.085380
v -0.438310 -0.084017 -0.097147
v -0.451319 0.046730 -0.115803
v -0.436275 0.048878 -0.166102
v -0.424467 0.107416 -0.149931
v -0.448645 0.181676 -0.124964
v -0.416076 0.221522 -0.199815
v -0.455748 0.170187 -0.082340
v -0.431959 0.122746 -0.143441
v -0.440156 -0.197775 -0.076816
v -0.422136 -0.137570 -0.113522
v -0.420475 -0.178384 -0.112233
v -0.411577 -0.039840 -0.150464
v -0.420838 0.098638 -0.160331
v -0.434337 0.068765 -0.169830
v -0.429006 0.120002 -0.158971
v -0.432340 0.144973 -0.165890
v -0.430227 0.089502 -0.164229
v -0.422773 0.144871 -0.166740
v -0.406033 0.237111 -0.250007
v -0.397378 0.214267 -0.201253
v -0.448071 0.278303 -0.332030
v -0.362623 -0.219683 -0.165583
v -0.387218 0.024914 -0.259778
v -0.399840 0.058242 -0.241866
v -0.387343 -0.170273 -0.150405
v -0.373359 0.161828 -0.271298
v -0.373659 0.115252 -0.234353
v -0.366803 0.130452 -0.244885
v -0.365873 -0.072374 -0.245360
v -0.369534 0.217054 -0.247580
v -0.341893 -0.255133 -0.164219
v -0.340741 0.018258 -0.378880
v -0.339120 0.173386 -0.315542
v -0.332630 0.108784 -0.315872
v -0.308915 -0.264988 -0.221638
v -0.319030 0.086065 -0.369984
v -0.859826 0.061727 -0.247117
v -0.816713 0.179921 -0.162544
v -0.811859 0.178219 -0.250815
v -0.805233 0.187114 -0.287731
v -0.808802 0.191805 -0.258059
v -0.793264 0.240672 -0.185530
v -0.780633 0.239726 -0.265794
v -0.732262 0.280918 -0.072654
v -0.769395 0.252430 -0.272158
v -0.769647 0.262901 -0.257390
v -0.763683 0.282325 -0.169216
v -0.765906 0.260537 -0.278885
v -0.745037 0.289154 -0.251198
v -0.749502 0.275396 -0.251648
v -0.735291 0.286300 -0.243743
v -0.725669 0.296555 -0.252256
v -0.735514 0.277535 -0.093226
v -0.726583 0.213777 -0.340653
v -0.715167 0.291745 -0.241118
v -0.667696 0.299538 -0.266479
v -0.701416 0.294791 -0.227328
v -0.642649 0.241543 -0.334668
v -0.684415 0.207651 -0.360659
v -0.637252 0.227948 -0.338590
v -0.649186 0.298797 -0.228415
v -0.621448 0.225419 -0.314747
v -0.664621 0.225774 -0.389026
v -0.611437 0.221353 -0.205501
v -0.626052 0.241969 -0.367018
v -0.623748 0.215345 -0.262196
v -0.617500 0.221501 -0.283589
v -0.602776 0.232129 -0.304895
v -0.610877 0.192686 -0.228659
v -0.598179 0.194306 -0.205409
v -0.578208 0.224658 -0.209943
v -0.571525 0.232328 -0.310041
v -0.544824 0.243914 -0.325977
v -0.578009 0.291552 -0.437995
v -0.469802 0.337860 -0.519279
v -0.643238 0.295825 -0.198090
v -0.474130 0.286045 -0.346652
v -0.805388 0.124838 -0.387396
v -0.790536 0.142136 -0.388156
v -0.791442 0.209878 -0.325301
v -0.717052 0.157050 -0.402927
v -0.720833 0.081117 -0.395386
v -0.727868 0.045827 -0.411634
v -0.712148 0.179044 -0.389799
v -0.719922 0.104115 -0.391313
v -0.710777 0.120251 -0.395243
v -0.670655 0.206303 -0.382809
v -0.720916 0.098387 -0.400663
v -0.717017 -0.021962 -0.470758
v -0.716339 0.121060 -0.447221
v -0.711163 0.108459 -0.426559
v -0.709511 0.114733 -0.411377
v -0.715056 0.127745 -0.413464
v -0.710979 0.144708 -0.479255
v -0.685648 0.199968 -0.394959
v -0.668819 0.244626 -0.401834
v -0.625576 0.315663 -0.537928
v -0.643833 0.215791 -0.346933
v -0.619353 -0.055394 -0.596725
v -0.528416 0.346640 -0.565980
v -0.722289 0.105013 -0.409671
v -0.709334 0.156591 -0.402075
v -0.709717 0.156015 -0.410806
v -0.709186 0.193082 -0.442013
v -0.689941 0.238902 -0.422964
v -0.648915 0.303716 -0.477653
v -0.904105 -0.169545 -0.098309
v -0.806601 -0.273789 -0.374558
v -0.804965 0.176388 -0.346560
v -0.732130 0.053262 -0.410750
v -0.718656 0.061715 -0.396750
v -0.715166 0.039252 -0.401768
v -0.713340 0.008461 -0.395428
v -0.714010 -0.024547 -0.394697
v -0.706492 0.071563 -0.414564
v -0.263292 -0.334864 -0.226461
v -0.237524 -0.297564 -0.302467
v -0.205489 -0.367919 -0.196195
v -0.281256 -0.328035 -0.216471
v -0.239850 -0.289087 -0.329429
v -0.907769 -0.210515 -0.092284
v -0.827721 -0.370507 -0.286234
v -0.772496 -0.235013 -0.445813
v -0.713282 -0.112333 -0.440202
v -0.701504 -0.360024 -0.487360
v -0.723055 -0.055213 -0.422812
v -0.716111 0.049685 -0.432558
v -0.710915 -0.051363 -0.403265
v -0.702883 -0.108622 -0.441619
v -0.711172 -0.062347 -0.443285
v -0.709494 -0.093870 -0.455064
v -0.707467 -0.013611 -0.417565
v -0.713640 0.007949 -0.419558
v -0.699971 -0.132498 -0.460532
v -0.703703 -0.076528 -0.437149
v -0.676371 -0.223835 -0.529070
v -0.701434 -0.097181 -0.452397
v -0.700507 -0.141121 -0.444195
v -0.693650 -0.159042 -0.457480
v -0.536145 -0.033029 -0.695391
v -0.678155 0.196747 -0.522313
v -0.539391 0.218577 -0.685847
v -0.812468 0.105660 -0.381978
v -0.705943 -0.151196 -0.445808
v -0.721429 -0.054656 -0.431448
v -0.711625 -0.074103 -0.427822
v -0.709371 -0.041878 -0.422483
v -0.711734 -0.059817 -0.422706
v -0.748405 -0.443818 -0.389722
v -0.703087 -0.385865 -0.491041
v -0.737282 -0.440747 -0.513453
v -0.747680 -0.397152 -0.524121
v -0.742532 -0.377381 -0.519284
v -0.725110 -0.363404 -0.569419
v -0.711622 -0.387651 -0.500353
v -0.717312 -0.361546 -0.501895
v -0.719329 -0.418260 -0.504218
v -0.715605 -0.358710 -0.575113
v -0.671209 -0.346115 -0.563002
v -0.682676 -0.199863 -0.465300
v -0.684448 -0.218014 -0.458124
v -0.644261 -0.346751 -0.529358
v -0.674195 -0.262322 -0.453760
v -0.665520 -0.297613 -0.465252
v -0.654033 -0.343951 -0.481224
v -0.645207 -0.323616 -0.479530
v -0.695089 -0.444375 -0.488903
v -0.678014 -0.262973 -0.464897
v -0.682134 -0.219307 -0.471206
v -0.664555 -0.342578 -0.492086
v -0.681436 -0.242414 -0.453684
v -0.674063 -0.241112 -0.476614
v -0.662940 -0.309017 -0.469439
v -0.637941 -0.347219 -0.493927
v -0.767784 -0.443982 -0.539020
v -0.744507 -0.444210 -0.594709
v -0.738928 -0.413567 -0.594816
v -0.723589 -0.444118 -0.611847
v -0.722270 -0.415042 -0.603230
v -0.629120 -0.444065 -0.584737
v -0.658172 -0.444329 -0.610087
v -0.639790 -0.376771 -0.582080
v -0.638692 -0.411867 -0.597891
v -0.637715 -0.359354 -0.541845
v -0.612905 -0.440801 -0.522109
v -0.619737 -0.408927 -0.553248
v -0.612746 -0.434747 -0.548335
v -0.609843 -0.434408 -0.516534
v -0.604548 -0.442780 -0.556438
v -0.566953 -0.443936 -0.602305
v -0.524386 -0.205666 -0.711633
v -0.738742 -0.404059 -0.574573
v 0.729895 -0.358985 0.569484
v 0.646301 -0.258495 0.642543
v 0.705154 -0.237034 0.592725
v 0.656072 -0.190417 0.570654
v 0.643608 -0.189671 0.560252
v 0.667881 -0.191815 0.561101
v 0.660101 -0.185904 0.583596
v 0.667288 -0.196740 0.553152
v 0.673994 -0.189362 0.573472
v 0.672365 -0.153379 0.549258
v 0.672040 -0.181648 0.559070
v 0.678367 -0.180832 0.583664
v 0.681198 -0.192904 0.556595
v 0.670330 -0.183067 0.545255
v 0.683751 -0.182645 0.557654
v 0.685584 -0.187825 0.572639
v 0.694176 -0.193127 0.557966
v 0.751661 -0.206729 0.459305
v 0.689595 -0.187814 0.560898
v 0.603860 -0.239245 0.528770
v 0.633066 -0.228850 0.495004
v 0.617030 -0.227922 0.523958
v 0.620731 -0.167104 0.541935
v 0.636927 -0.156930 0.542433
v 0.646719 -0.151611 0.532172
v 0.643811 -0.189046 0.425933
v 0.611874 -0.227731 0.415835
v 0.635257 -0.215524 0.547075
v 0.635688 -0.182221 0.526169
v 0.640891 -0.153227 0.512488
v 0.641985 -0.147504 0.524337
v 0.637422 -0.221584 0.531569
v 0.639710 -0.135569 0.511774
v 0.656762 -0.198125 0.546429
v 0.647137 -0.156030 0.524424
v 0.649480 -0.179830 0.546437
v 0.646440 -0.159257 0.548992
v 0.650098 -0.158442 0.536629
v 0.642348 -0.197440 0.556551
v 0.679754 -0.178701 0.543525
v 0.683916 -0.176907 0.533417
v 0.651319 -0.194191 0.549259
v 0.634529 -0.151154 0.521307
v 0.631295 -0.138101 0.513636
v 0.645466 -0.183511 0.530681
v 0.631611 -0.221811 0.535524
v 0.639735 -0.182372 0.540678
v 0.646475 -0.170830 0.537201
v 0.640308 -0.169191 0.512204
v 0.664634 -0.227058 0.432234
v 0.672007 -0.184729 0.534043
v 0.629907 -0.234638 0.519431
v 0.645930 -0.184018 0.348958
v 0.603625 -0.198061 0.358011
v 0.664300 -0.170362 0.438126
v 0.727447 -0.130601 0.461127
v 0.703643 -0.220135 0.445536
v 0.732680 -0.226970 0.542861
v 0.813998 -0.169648 0.479879
v 0.793775 -0.094891 0.482066
v 0.757227 -0.239201 0.448061
v 0.798776 -0.303751 0.476177
v 0.793190 -0.100536 0.487117
v 0.835841 -0.246282 0.474670
v 0.668383 -0.158220 0.324684
v 0.672402 -0.443765 0.535374
v 0.728345 -0.419257 0.567706
v 0.664579 -0.421042 0.616085
v 0.723418 -0.427324 0.558884
v 0.717996 -0.444009 0.432675
v 0.711997 -0.435963 0.433003
v 0.737264 -0.428782 0.436313
v 0.782088 -0.289452 0.456260
v 0.762214 -0.250989 0.446120
v 0.778104 -0.402100 0.480872
v 0.758566 -0.238648 0.457266
v 0.794144 -0.303343 0.465730
v 0.833810 -0.442821 0.500659
v 0.801295 -0.368061 0.487594
v 0.818415 -0.364338 0.489509
v 0.835699 -0.302724 0.484673
v 0.846383 -0.388147 0.492808
v 0.840953 -0.420029 0.494861
v 0.838062 -0.383787 0.487127
v 0.875862 -0.444307 0.432634
v 0.763412 -0.367345 0.472767
v 0.761280 -0.414654 0.462074
v 0.758880 -0.441975 0.449449
v 0.774060 -0.288429 0.464346
v 0.797285 -0.313466 0.473095
v 0.804563 -0.344520 0.482835
v 0.522366 -0.260312 0.576240
v 0.546573 -0.275027 0.714284
v 0.507511 -0.267051 0.720820
v 0.396792 -0.276586 0.762472
v 0.467430 -0.373212 0.734596
v 0.510309 -0.424089 0.721119
v 0.494975 -0.235468 0.422186
v 0.546699 -0.223571 0.434646
v 0.563017 -0.203872 0.420485
v 0.521672 -0.444329 0.714793
v 0.576831 -0.204506 0.402570
v 0.571416 -0.227371 0.401714
v 0.616922 -0.340428 0.661497
v 0.618011 -0.231523 0.463987
v 0.615157 -0.240897 0.522652
v 0.607585 -0.168846 0.578757
v 0.620660 -0.179386 0.562097
v 0.614354 -0.241634 0.539848
v 0.623434 -0.209930 0.557163
v 0.619677 -0.206827 0.545469
v 0.664438 -0.432112 0.589439
v 0.617937 -0.194367 0.565006
v 0.615066 -0.207019 0.555876
v 0.609788 -0.229355 0.520554
v 0.621799 -0.218230 0.529485
v 0.619670 -0.214115 0.518281
v 0.625974 -0.189617 0.572177
v 0.621719 -0.226863 0.543338
v 0.625918 -0.224898 0.523309
v 0.635908 -0.172166 0.562056
v 0.426964 -0.278897 0.639825
v 0.574040 -0.280473 0.694789
v 0.590592 -0.442352 0.695854
v 0.620234 -0.242877 0.545971
v 0.608907 -0.245069 0.550062
v 0.609658 -0.214068 0.564632
v 0.613566 -0.166455 0.588075
v 0.617503 -0.186000 0.576813
v 0.617517 -0.168422 0.576540
v 0.619485 -0.156327 0.589774
v 0.620519 -0.167358 0.592078
v 0.320843 -0.260673 0.545188
v 0.451513 -0.246957 0.496262
v 0.331838 -0.261078 0.533489
v 0.324626 -0.300777 0.532376
v 0.388449 -0.352008 0.505131
v 0.350027 -0.391964 0.514141
v 0.419550 -0.379280 0.485445
v 0.465354 -0.330701 0.464628
v 0.503969 -0.410653 0.373930
v 0.477115 -0.237368 0.452926
v 0.500058 -0.282777 0.410874
v 0.488410 -0.172580 0.356626
v 0.635247 -0.117116 0.224165
v 0.624264 -0.069221 0.165042
v 0.603633 -0.141395 0.250695
v 0.596080 -0.192896 0.229565
v 0.624536 -0.179990 0.243816
v 0.640459 -0.157100 0.260835
v 0.633327 -0.170988 0.257425
v 0.664737 -0.145992 0.266332
v 0.642404 -0.150320 0.271304
v 0.655497 -0.143367 0.273148
v 0.686564 -0.140742 0.265253
v 0.704861 -0.134222 0.249635
v 0.690890 -0.145429 0.276992
v 0.710145 -0.135123 0.274467
v 0.713849 -0.137189 0.239515
v 0.765494 -0.117956 0.272048
v 0.807366 -0.100111 0.264450
v 0.861938 -0.070964 0.291981
v 0.820153 -0.086346 0.425734
v 0.877194 -0.078812 0.256258
v 0.896707 -0.070867 0.196222
v 0.891221 -0.309520 0.337641
v 0.925908 -0.347496 0.245369
v 0.884650 -0.039785 0.082390
v 0.906407 -0.139048 0.216185
v 0.661376 -0.444160 0.165358
v 0.665336 -0.435946 0.183807
v 0.667950 -0.440030 0.159031
v 0.687987 -0.444130 0.168201
v 0.674031 -0.436833 0.174661
v 0.695920 -0.443350 0.143596
v 0.676170 -0.428628 0.157396
v 0.696096 -0.420993 0.158404
v 0.683386 -0.432940 0.157824
v 0.709927 -0.425107 0.153062
v 0.719651 -0.427736 0.146133
v 0.910704 -0.442744 0.077471
v 0.847509 -0.443367 0.499524
v 0.910808 -0.444154 0.328557
v 0.901312 -0.337202 0.318937
v 0.931561 -0.443899 0.251377
v 0.921832 -0.301442 0.248789
v 0.900748 -0.317276 0.301647
v 0.898715 -0.377857 0.059402
v 0.904843 -0.439494 0.076705
v 0.903054 -0.418116 0.063291
v 0.898080 -0.346556 0.057242
v 0.920295 -0.330851 0.261813
v 0.924185 -0.341160 0.253246
v 0.919756 -0.321253 0.248590
v 0.495746 -0.185696 0.334532
v 0.556757 -0.183394 0.270212
v 0.520502 -0.280629 0.254130
v 0.551281 -0.303353 0.203605
v 0.546883 -0.263693 0.247415
v 0.548146 -0.249692 0.255626
v 0.568883 -0.266170 0.172481
v 0.542676 -0.365805 0.186428
v 0.565220 -0.238437 0.262329
v 0.566777 -0.257370 0.203414
v 0.571430 -0.268557 0.204856
v 0.560735 -0.278498 0.197291
v 0.558105 -0.079167 0.172102
v 0.562159 -0.094475 0.153166
v 0.560685 -0.121837 0.162202
v 0.560734 -0.106856 0.150235
v 0.570205 -0.115232 0.159402
v 0.565111 -0.147125 0.174855
v 0.576079 -0.266252 0.186729
v 0.567939 -0.109983 0.207864
v 0.566028 -0.074708 0.148640
v 0.600870 -0.198968 0.265883
v 0.575222 -0.243134 0.153228
v 0.574962 -0.226662 0.113754
v 0.574668 -0.244653 0.194163
v 0.578492 -0.242645 0.129873
v 0.583528 -0.218085 0.213581
v 0.578141 -0.161271 0.187437
v 0.578341 -0.252336 0.169239
v 0.597949 -0.190266 0.270011
v 0.608312 -0.187793 0.250259
v 0.486524 -0.186118 0.329335
v 0.527265 -0.182044 0.325102
v 0.597487 -0.188093 0.294434
v 0.297047 -0.422085 0.449450
v 0.397246 -0.430217 0.335469
v 0.420156 -0.412658 0.459123
v 0.479971 -0.422082 0.383135
v 0.456210 -0.397297 0.450060
v 0.510281 -0.380952 0.388579
v 0.508826 -0.334451 0.400528
v 0.473216 -0.355874 0.251367
v 0.476956 -0.316767 0.270980
v 0.510634 -0.309411 0.251249
v 0.506188 -0.297074 0.255971
v 0.482814 -0.236270 0.315049
v 0.548502 -0.311428 0.276196
v 0.510719 -0.272601 0.303714
v 0.522072 -0.297725 0.251059
v 0.525393 -0.280275 0.303465
v 0.521885 -0.303974 0.234322
v 0.535390 -0.271923 0.252130
v 0.539465 -0.299096 0.292029
v 0.525184 -0.412705 0.334191
v 0.498559 -0.288970 0.302248
v 0.507884 -0.246430 0.325076
v 0.459679 -0.231678 0.395579
v 0.483306 -0.426749 0.261994
v 0.488719 -0.422303 0.161258
v 0.480119 -0.347606 0.248422
v 0.481241 -0.383275 0.227139
v 0.475024 -0.320931 0.255216
v 0.477339 -0.330832 0.254051
v 0.480512 -0.370285 0.226578
v 0.483359 -0.390450 0.241683
v 0.476351 -0.427580 0.356250
v 0.521324 -0.426551 0.261106
v 0.491969 -0.325944 0.246520
v 0.487907 -0.374608 0.230610
v 0.491586 -0.384851 0.221996
v 0.506272 -0.425328 0.236548
v 0.502334 -0.355566 0.234184
v 0.494393 -0.415942 0.261009
v 0.518762 -0.350494 0.216926
v 0.513937 -0.401523 0.210148
v 0.483720 -0.348611 0.262192
v 0.506063 -0.339840 0.240015
v 0.510429 -0.327259 0.248749
v 0.544362 -0.415875 0.254569
v 0.514234 -0.334583 0.237315
v 0.513945 -0.322025 0.234928
v 0.529730 -0.410786 0.187739
v 0.523304 -0.322250 0.234531
v 0.536586 -0.348577 0.217334
v 0.545518 -0.385359 0.191091
v 0.535968 -0.325018 0.217562
v 0.542955 -0.408161 0.184564
v 0.570635 -0.410469 0.262809
v 0.545514 -0.359861 0.205565
v 0.562861 -0.338686 0.262514
v 0.540064 -0.338522 0.205675
v 0.546964 -0.380227 0.186395
v 0.016228 -0.395686 -0.037407
v 0.065445 -0.403028 0.081367
v 0.086264 -0.417089 0.035010
v 0.089079 -0.409161 0.056652
v 0.074305 -0.397376 -0.085556
v 0.113930 -0.406347 0.106450
v 0.135007 -0.422665 0.206266
v 0.141656 -0.413631 0.116103
v 0.132260 -0.410508 0.171327
v 0.185997 -0.423892 0.199338
v 0.143129 -0.402190 -0.094309
v 0.217246 -0.422095 0.041365
v 0.212543 -0.421679 0.171117
v 0.236339 -0.444790 -0.139876
v 0.297768 -0.424633 0.160342
v 0.319289 -0.421659 0.018168
v 0.370639 -0.426355 0.066255
v 0.648710 -0.444175 0.166893
v 0.316615 -0.412858 -0.009964
v 0.374093 -0.417925 0.053550
v 0.397952 -0.427458 0.150035
v 0.473872 -0.404492 0.020799
v 0.462275 -0.422208 0.142789
v 0.520849 -0.419886 0.183537
v 0.553013 -0.375604 0.039968
v 0.517149 -0.371470 -0.021090
v 0.549175 -0.357827 -0.008336
v 0.552849 -0.381972 0.091408
v 0.560872 -0.366923 0.106504
v 0.564114 -0.360362 0.041572
v 0.562160 -0.329952 0.001009
v 0.576236 -0.270178 0.099102
v 0.718814 -0.444037 0.138070
v 0.865228 -0.444157 0.021803
v 0.786904 -0.015606 0.061523
v 0.784822 0.004633 0.079430
v 0.789431 0.039623 0.094772
v 0.785133 0.067046 0.096264
v 0.782278 0.055382 0.076750
v 0.786945 0.036415 0.077587
v 0.791510 0.036649 0.102817
v 0.802402 0.074178 0.118270
v 0.799901 0.032026 0.010905
v 0.813004 0.035520 0.098795
v 0.804496 0.047376 0.112255
v 0.815033 -0.009278 0.074475
v 0.826870 0.007516 0.085022
v 0.834496 -0.076668 0.201558
v 0.849653 0.004586 0.080355
v 0.830020 0.088872 0.143594
v 0.829979 0.084922 0.150983
v 0.881237 0.082886 0.165487
v 0.826096 0.095896 0.142937
v 0.847086 0.010408 0.077349
v 0.838541 0.019958 0.094973
v 0.855333 0.119608 0.186723
v 0.864246 0.114753 0.104118
v 0.873115 0.004337 0.089091
v 0.898458 0.035007 0.123438
v 0.881949 -0.026163 0.130520
v 0.894028 -0.069250 0.174477
v 0.876987 -0.008909 0.084743
v 0.883006 -0.010163 0.075239
v 0.904272 -0.026292 0.059539
v 0.927424 -0.030396 0.043468
v 0.809793 0.062922 0.114346
v 0.856094 0.126283 0.185750
v 0.857529 0.130264 0.169849
v 0.860570 0.119944 0.069518
v 0.925806 -0.050866 0.073986
v 0.932756 -0.030914 0.063419
v 0.920428 -0.032082 0.044361
v 0.933733 -0.051187 0.050591
v 0.943471 -0.111082 0.055778
v 0.944073 -0.112620 0.045860
v 0.939278 -0.094608 0.043866
v 0.786820 0.160371 -0.077791
v 0.779232 0.175043 -0.117809
v 0.790457 0.114266 -0.079103
v 0.802989 0.194484 -0.023902
v 0.777359 0.199920 -0.095800
v 0.786536 0.163180 -0.094210
v 0.798653 0.155297 -0.055186
v 0.797556 0.141448 -0.032224
v 0.806677 0.165389 -0.043211
v 0.793024 0.103705 -0.034939
v 0.798685 0.107820 -0.040564
v 0.795717 0.100555 0.039859
v 0.797075 0.134999 0.064180
v 0.798836 0.119393 -0.045760
v 0.801131 0.171234 -0.021288
v 0.800784 0.173084 0.075240
v 0.808763 0.196414 0.069399
v 0.809673 0.192875 0.005123
v 0.814101 0.193508 0.074320
v 0.814815 0.199511 0.049399
v 0.818608 0.187936 -0.011015
v 0.828644 0.204423 0.000090
v 0.780424 0.246822 -0.131413
v 0.881126 0.121465 -0.065023
v 0.800930 0.169776 0.026751
v 0.828929 0.202371 0.011916
v 0.822927 0.198410 0.052342
v 0.849025 0.137952 0.063540
v 0.782887 0.000597 0.036488
v 0.794751 0.028404 -0.000736
v 0.791685 0.092751 0.063347
v 0.789049 0.076238 0.050634
v 0.786582 0.033918 0.046592
v 0.796765 0.069392 0.022331
v 0.794700 0.085544 0.056531
v 0.794798 0.038452 0.028511
v 0.798872 0.113807 0.065564
v 0.798790 0.044047 -0.000902
v 0.794822 0.077134 -0.014641
v 0.794994 0.105180 0.021126
v 0.795568 0.076973 -0.055381
v 0.793084 0.039483 0.015377
v 0.798971 0.055962 0.019011
v 0.795038 0.058835 -0.055430
v 0.627606 0.094037 -0.041388
v 0.577685 0.101157 -0.080263
v 0.643010 0.095376 -0.047974
v 0.631839 0.104566 -0.065443
v 0.643462 0.093708 -0.057406
v 0.622247 -0.014277 0.070699
v 0.700474 0.071955 -0.056602
v 0.738024 0.038484 -0.017522
v 0.798441 0.059752 -0.064878
v 0.794647 0.075885 -0.089973
v 0.759817 0.118410 -0.147265
v 0.783552 0.094579 -0.116949
v 0.794836 0.087502 -0.100681
v 0.800721 0.077034 -0.074573
v 0.892662 0.098187 -0.058705
v 0.925760 -0.083037 -0.103811
v 0.517846 0.020265 -0.102460
v 0.534442 -0.034315 -0.064832
v 0.537236 0.034263 -0.007979
v 0.540664 0.062865 -0.098742
v 0.539250 -0.117972 -0.035649
v 0.553824 -0.019003 0.018588
v 0.560856 -0.187812 -0.021735
v 0.562570 0.090999 -0.091341
v 0.562679 -0.190421 0.004800
v 0.560517 -0.004674 0.075466
v 0.562880 -0.065997 0.065816
v 0.564163 -0.196867 0.051645
v 0.570476 -0.212471 0.050809
v 0.562461 -0.078931 0.132673
v 0.563796 -0.194239 0.081408
v 0.571030 -0.053221 0.101240
v 0.570229 -0.020266 0.104564
v 0.568221 -0.201516 0.020930
v 0.565925 -0.217689 0.041090
v 0.578333 -0.211994 0.039466
v 0.569481 -0.060092 0.149546
v 0.571293 -0.227507 0.077088
v 0.567751 -0.218760 0.045112
v 0.574010 -0.222127 0.045132
v 0.577330 0.005402 0.063221
v 0.782807 -0.104090 0.201800
v 0.760515 -0.016770 0.052040
v 0.883151 -0.113832 0.066183
v 0.902806 -0.320545 0.072420
v 0.888172 -0.240246 0.051741
v 0.892777 -0.307316 0.057251
v 0.889708 -0.283110 0.052919
v 0.947289 -0.200639 0.041561
v 0.941277 -0.378400 0.041463
v 0.935803 -0.177620 -0.050583
v 0.714469 -0.111023 0.190928
v 0.624745 0.170116 -0.297384
v 0.600944 0.184562 -0.351499
v 0.607224 0.110514 -0.086576
v 0.644093 0.104416 -0.079079
v 0.660146 0.093340 -0.089118
v 0.651446 0.163424 -0.260649
v 0.660344 0.117510 -0.267016
v 0.630745 0.062077 -0.231959
v 0.641499 0.084748 -0.238802
v 0.652794 0.100122 -0.248686
v 0.721867 0.080395 -0.084723
v 0.681689 0.131948 -0.265062
v 0.729402 0.170817 -0.221749
v 0.765398 0.161156 -0.138897
v 0.750190 0.236004 -0.140656
v 0.769976 0.151116 -0.120175
v 0.426022 0.098731 -0.307125
v 0.468097 0.106544 -0.221844
v 0.444737 0.145574 -0.253347
v 0.465489 0.157762 -0.224091
v 0.451858 0.055237 -0.289399
v 0.488380 0.050341 -0.222577
v 0.484821 0.143672 -0.184028
v 0.487381 0.186376 -0.263600
v 0.511741 0.102235 -0.145216
v 0.523590 0.029165 -0.117046
v 0.551129 0.053819 -0.119962
v 0.585784 0.141082 -0.171856
v 0.559331 0.071792 -0.116750
v 0.552900 0.050058 -0.142271
v 0.543995 0.049022 -0.133680
v 0.568343 0.069500 -0.136641
v 0.572204 0.077519 -0.110824
v 0.573307 0.070946 -0.147208
v 0.598551 0.139844 -0.200850
v 0.574863 0.096308 -0.091056
v 0.572741 0.078578 -0.128336
v 0.583646 0.109939 -0.110700
v 0.584231 0.111903 -0.123136
v 0.593872 0.104843 -0.092393
v 0.610128 0.108692 -0.075243
v 0.601544 0.093313 -0.160122
v 0.625905 0.125234 -0.174141
v 0.603854 0.098549 -0.083255
v 0.606612 0.059927 -0.214583
v 0.612526 0.099687 -0.190864
v 0.623668 0.100647 -0.076268
v 0.621411 0.053610 -0.233228
v 0.638953 0.088388 -0.247264
v 0.560759 0.149237 -0.153175
v 0.513792 0.034557 -0.168687
v 0.555354 0.063060 -0.149763
v 0.535094 0.130226 -0.129670
v 0.583484 0.079361 -0.175395
v 0.507291 -0.059850 -0.159730
v 0.514199 -0.081207 -0.154448
v 0.514020 -0.054231 -0.158901
v 0.510056 -0.052758 -0.153129
v 0.518023 -0.038731 -0.152994
v 0.516758 -0.008864 -0.129386
v 0.523676 0.021229 -0.158794
v 0.521811 -0.019818 -0.150861
v 0.526485 0.017765 -0.129151
v 0.526012 -0.010861 -0.135360
v 0.523830 0.036986 -0.096192
v 0.532529 0.029506 -0.153251
v 0.531591 0.015223 -0.145852
v 0.527860 0.004490 -0.041939
v 0.544896 0.058039 -0.102873
v 0.539159 0.032561 -0.141795
v 0.731218 0.177730 -0.246801
v 0.726795 0.197321 -0.205471
v 0.724684 0.221773 -0.208796
v 0.738836 0.237610 -0.176504
v 0.734980 0.176442 -0.211246
v 0.740377 0.177102 -0.196783
v 0.740085 0.197516 -0.187661
v 0.726840 0.118187 -0.333082
v 0.744456 0.089345 -0.357419
v 0.740238 0.163130 -0.203757
v 0.746032 0.219453 -0.161573
v 0.747869 0.189974 -0.179844
v 0.745808 0.196187 -0.162902
v 0.745924 0.140030 -0.172159
v 0.747885 0.151610 -0.182940
v 0.743040 0.172796 -0.165455
v 0.751904 0.224013 -0.160621
v 0.748679 0.240162 -0.160901
v 0.750222 0.202082 -0.149449
v 0.759401 0.180746 -0.148779
v 0.765379 0.194923 -0.140768
v 0.869770 0.077449 -0.302637
v 0.756209 0.069859 -0.372882
v 0.884921 0.089244 -0.193689
v 0.876543 0.052880 -0.322313
v 0.902945 0.018807 -0.168934
v 0.813384 0.186603 -0.200578
v 0.591319 0.250932 -0.340920
v 0.605862 0.247809 -0.328551
v 0.646004 0.234245 -0.333883
v 0.629871 0.234631 -0.329624
v 0.635597 0.171004 -0.332340
v 0.644326 0.203357 -0.328255
v 0.663540 0.168595 -0.296686
v 0.673049 0.217899 -0.267826
v 0.658091 0.221697 -0.303565
v 0.677490 0.164760 -0.290210
v 0.705097 0.168689 -0.270322
v 0.687142 0.135369 -0.302455
v 0.686887 0.197419 -0.270322
v 0.699812 0.151865 -0.295361
v 0.728179 0.193571 -0.328734
v 0.715557 0.168959 -0.276648
v 0.589760 0.247025 -0.356409
v 0.602526 0.203873 -0.400441
v 0.725015 0.182328 -0.471224
v 0.694844 0.171834 -0.501161
v 0.714775 0.206424 -0.324058
v 0.747584 0.183355 -0.417831
v 0.707147 0.162462 -0.504394
v 0.736335 0.173052 -0.462952
v 0.745044 0.040524 -0.480066
v 0.738796 0.202061 -0.332520
v 0.752091 0.197946 -0.348354
v 0.741785 -0.020262 -0.424540
v 0.746833 -0.001218 -0.457532
v 0.764865 0.011868 -0.418865
v 0.752445 0.025516 -0.460444
v 0.778485 0.201939 -0.421728
v 0.795557 0.202354 -0.377646
v 0.771129 0.022173 -0.418310
v 0.800651 0.054844 -0.434446
v 0.799177 0.060278 -0.410807
v 0.795655 0.195406 -0.426426
v 0.796465 0.057926 -0.443909
v 0.806553 -0.015860 -0.444237
v 0.812978 0.198717 -0.400692
v 0.812868 0.183964 -0.424373
v 0.818371 0.192909 -0.412418
v 0.836461 -0.107180 -0.424427
v 0.897558 -0.068321 -0.349002
v 0.897380 -0.143207 -0.274315
v 0.737827 0.200054 -0.386238
v 0.894467 -0.056506 -0.355001
v 0.455226 -0.167885 -0.259932
v 0.445675 -0.136496 -0.289212
v 0.420481 -0.099294 -0.320768
v 0.449285 -0.225392 -0.237401
v 0.476546 -0.331466 -0.122277
v 0.482557 -0.356132 -0.090230
v 0.490523 -0.222229 -0.180622
v 0.482775 -0.147282 -0.223270
v 0.504315 -0.266549 -0.129578
v 0.531409 -0.355856 -0.035560
v 0.512304 -0.096509 -0.159083
v 0.504285 -0.145678 -0.184414
v 0.523963 -0.168812 -0.143349
v 0.514208 -0.127760 -0.174593
v 0.528437 -0.209588 -0.108791
v 0.513701 -0.145156 -0.180025
v 0.510042 -0.120637 -0.161152
v 0.523774 -0.153578 -0.152056
v 0.531647 -0.280920 -0.080584
v 0.549078 -0.171430 -0.062680
v 0.552349 -0.274427 -0.036309
v 0.563588 -0.206410 0.029977
v 0.567411 -0.277973 0.012527
v 0.565200 -0.273976 -0.018530
v 0.570378 -0.288131 -0.004873
v 0.854195 -0.443405 -0.045778
v 0.246829 -0.410344 -0.091176
v 0.168795 -0.393935 -0.186804
v 0.223047 -0.401151 -0.148302
v 0.248873 -0.423971 -0.042065
v 0.270541 -0.375626 -0.218126
v 0.331657 -0.336294 -0.246126
v 0.348463 -0.383195 -0.163118
v 0.341246 -0.354298 -0.211699
v 0.355884 -0.316855 -0.250595
v 0.349879 -0.332294 -0.246849
v 0.367387 -0.377421 -0.156441
v 0.428231 -0.265819 -0.238876
v 0.420071 -0.394537 -0.066543
v 0.416176 -0.348521 -0.164674
v 0.404581 -0.273695 -0.258538
v 0.789315 -0.443267 -0.474555
v 0.848341 -0.443785 -0.213106
v 0.848043 -0.443874 -0.303672
v 0.852208 -0.442087 -0.271946
v 0.857108 -0.425862 -0.239212
v 0.854001 -0.409006 -0.200566
v 0.867377 -0.401610 -0.199302
v 0.857373 -0.441249 -0.197042
v 0.865465 -0.410943 -0.195739
v 0.874608 -0.388213 -0.071007
v 0.876964 -0.379372 -0.165387
v 0.861641 -0.397954 -0.184639
v 0.879885 -0.392688 -0.023866
v 0.876997 -0.405114 -0.118736
v 0.875139 -0.370616 -0.192369
v 0.879355 -0.360284 -0.167281
v 0.926563 -0.317309 -0.054873
v 0.886280 -0.357907 -0.145495
v 0.901893 -0.311036 -0.159912
v 0.937349 -0.394243 0.048999
v 0.930902 -0.216161 -0.081844
v 0.929884 -0.268254 -0.076379
v 0.738773 -0.443548 -0.500228
v 0.739651 -0.443379 -0.521208
v 0.690257 -0.444231 -0.579008
v 0.685366 -0.233219 -0.573402
v 0.719783 -0.152969 -0.568462
v 0.721460 -0.076283 -0.558979
v 0.683003 -0.104947 -0.562624
v 0.710986 -0.391383 -0.575083
v 0.751794 -0.293451 -0.537999
v 0.746119 0.033148 -0.505405
v 0.750349 -0.084130 -0.529161
v 0.740166 -0.351473 -0.491622
v 0.739551 -0.047194 -0.444311
v 0.742916 -0.065479 -0.453407
v 0.738656 -0.144909 -0.466808
v 0.755713 -0.188552 -0.524798
v 0.738360 -0.110836 -0.461382
v 0.774053 -0.443033 -0.490680
v 0.745160 -0.249539 -0.475643
v 0.744525 -0.309561 -0.480698
v 0.745077 -0.183558 -0.471530
v 0.791060 -0.009895 -0.447317
v 0.795823 -0.237012 -0.477556
v 0.802608 -0.131653 -0.463625
v 0.795138 -0.359360 -0.480633
v 0.797560 -0.314175 -0.479969
v 0.807398 -0.238045 -0.469831
v 0.808453 -0.330514 -0.453906
v 0.837747 -0.366801 -0.378264
v 0.818711 -0.108675 -0.438504
v 0.847991 -0.344137 -0.350439
v 0.832631 -0.114410 -0.422593
v 0.844332 -0.119753 -0.416201
v 0.887594 -0.150134 -0.355886
v 0.864593 -0.329051 -0.281420
v 0.427174 0.260334 -0.486981
v 0.424237 0.246827 -0.490656
v 0.409791 0.343721 -0.470572
v 0.416127 0.327329 -0.476970
v 0.426210 0.346110 -0.463307
v 0.410589 0.354346 -0.461523
v 0.429088 0.347469 -0.450699
v 0.405338 0.368167 -0.454882
v 0.443441 0.254165 -0.482930
v 0.372929 0.347110 -0.482909
v 0.439400 0.310424 -0.473040
v 0.443936 0.295244 -0.464584
v 0.443387 0.322700 -0.465265
v 0.460886 0.336526 -0.447313
v 0.429748 0.406949 -0.426954
v 0.460557 0.323650 -0.451252
v 0.474472 0.359162 -0.418716
v 0.474851 0.250143 -0.469337
v 0.479086 0.281757 -0.453525
v 0.462291 0.310175 -0.460989
v 0.471031 0.301600 -0.459737
v 0.476822 0.324158 -0.443338
v 0.510141 0.340500 -0.420763
v 0.476473 0.320185 -0.439759
v 0.480089 0.336019 -0.439746
v 0.496864 0.295732 -0.447541
v 0.489766 0.333510 -0.428238
v 0.509720 0.280002 -0.437457
v 0.507608 0.304244 -0.427871
v 0.354603 0.331799 -0.733003
v 0.516308 0.247114 -0.459317
v 0.532803 0.241196 -0.445250
v 0.525356 0.314221 -0.417093
v 0.531832 0.330845 -0.424784
v 0.596310 0.305816 -0.600686
v 0.617128 0.336506 -0.439691
v 0.397946 0.379728 -0.516454
v 0.244725 0.371154 -0.412962
v 0.285391 0.387119 -0.444512
v 0.310012 0.415779 -0.470563
v 0.323030 0.361520 -0.457168
v 0.282531 0.356497 -0.433299
v 0.295558 0.375660 -0.457526
v 0.254781 0.385622 -0.629866
v 0.333421 0.405529 -0.484398
v 0.272834 0.296812 -0.462868
v 0.330499 0.313339 -0.494904
v 0.315535 0.390611 -0.469095
v 0.323219 0.364673 -0.474729
v 0.315569 0.378720 -0.472981
v 0.338178 0.397437 -0.476873
v 0.363304 0.394470 -0.496914
v 0.339448 0.362872 -0.484622
v 0.360197 0.370020 -0.492302
v 0.394784 0.355164 -0.507794
v 0.389365 0.295255 -0.489904
v 0.387561 0.353556 -0.494813
v 0.393186 0.379356 -0.502675
v 0.396875 0.367656 -0.498405
v 0.391061 0.362379 -0.478128
v 0.399589 0.366504 -0.464837
v 0.406152 0.343270 -0.482521
v 0.404399 0.391129 -0.479679
v 0.415550 0.390085 -0.444900
v 0.186903 0.261227 -0.427152
v 0.248830 0.289081 -0.453690
v 0.235798 0.355464 -0.405821
v 0.254498 0.336739 -0.384213
v 0.231305 0.295972 -0.469500
v 0.260194 0.323490 -0.390688
v 0.238522 0.378251 -0.410753
v 0.273650 0.396420 -0.436857
v 0.270723 0.363001 -0.418553
v 0.265854 0.371874 -0.433502
v 0.262849 0.356822 -0.418183
v 0.352837 0.316330 -0.506214
v 0.317213 0.233712 -0.387098
v 0.333156 0.233157 -0.402366
v 0.340929 0.219604 -0.374979
v 0.402214 0.231059 -0.460904
v 0.405182 0.200318 -0.294035
v 0.242211 0.356091 -0.396173
v 0.313779 0.232067 -0.373786
v 0.356696 0.229399 -0.426166
v 0.358251 0.237439 -0.422179
v 0.284081 -0.104635 -0.428841
v 0.324098 0.007395 -0.393619
v 0.345282 0.035017 -0.381329
v 0.373987 0.104600 -0.354778
v 0.352453 0.124188 -0.354857
v 0.354349 0.140932 -0.353459
v 0.285572 0.239260 -0.379663
v 0.340326 0.217900 -0.351557
v 0.349795 0.012835 -0.381534
v 0.350440 0.184111 -0.352063
v 0.391161 0.045823 -0.354231
v 0.363420 0.127334 -0.345790
v 0.361931 0.171681 -0.336491
v 0.524206 0.160834 -0.729794
v 0.550901 0.299736 -0.685584
v 0.512064 0.063543 -0.636682
v 0.514832 0.149503 -0.619620
v 0.519916 0.066919 -0.629652
v 0.551352 0.211006 -0.702072
v 0.522475 0.118695 -0.621745
v 0.529993 0.151441 -0.723006
v 0.520127 0.174471 -0.613124
v 0.530515 0.181290 -0.607335
v 0.541613 0.188413 -0.613702
v 0.541328 0.065803 -0.641021
v 0.568716 0.244622 -0.483095
v 0.521473 0.297321 -0.427985
v 0.560611 0.181081 -0.628864
v 0.570864 0.188668 -0.625719
v 0.579291 0.055745 -0.655830
v 0.566756 0.203775 -0.598423
v 0.637524 0.243914 -0.514403
v 0.586224 0.212180 -0.580298
v 0.593979 0.233699 -0.614067
v 0.597428 0.200127 -0.383308
v 0.587983 0.353290 -0.440291
v 0.629485 0.340942 -0.461909
v 0.597126 0.339260 -0.432535
v 0.631529 0.224832 -0.536095
v 0.623538 0.221345 -0.531780
v 0.648939 0.200549 -0.467067
v 0.617862 0.226961 -0.519746
v 0.636936 0.303828 -0.481448
v 0.641992 0.315629 -0.488858
v 0.664898 0.183262 -0.490881
v 0.675593 0.045465 -0.530016
v 0.711776 0.064912 -0.533405
v 0.353444 -0.032725 -0.370311
v 0.382182 -0.109487 -0.368919
v 0.461428 -0.045711 -0.255954
v 0.361462 0.053627 -0.828353
v 0.506208 0.018675 -0.636693
v 0.020290 0.335327 -0.493367
v 0.094249 0.441813 -0.507274
v 0.132081 0.369622 -0.609729
v 0.142626 0.326219 -0.542331
v 0.121537 0.367745 -0.492732
v 0.143161 0.341032 -0.587586
v 0.143293 0.273227 -0.555968
v 0.149917 0.275303 -0.569224
v 0.147183 0.273616 -0.479934
v 0.151376 0.260962 -0.513499
v 0.174723 0.321353 -0.556958
v 0.163509 0.355719 -0.560221
v 0.204616 0.308815 -0.506973
v 0.182627 0.426774 -0.561541
v 0.227668 0.438335 -0.463393
v 0.145067 0.289808 -0.600194
v -0.091673 0.331952 -0.525575
v -0.072394 0.254039 -0.510594
v 0.104090 0.243078 -0.477118
v -0.000115 0.212434 -0.484534
v 0.014335 0.221527 -0.488660
v 0.039086 0.225336 -0.482402
v 0.046168 0.230786 -0.488615
v 0.147901 0.300443 -0.463207
v 0.069128 0.235585 -0.484684
v 0.020526 0.162227 -0.497035
v 0.129218 0.245007 -0.467144
v 0.107593 0.408274 -0.495297
v 0.133884 0.260241 -0.469376
v 0.120300 0.250863 -0.476827
v 0.144363 0.286553 -0.461590
v 0.145774 0.240729 -0.465939
v 0.149103 0.251037 -0.480625
v 0.156679 0.268573 -0.462368
v 0.281869 0.148404 -0.401006
v 0.139822 0.257870 -0.486296
v -0.025325 0.202555 -0.491359
v -0.005039 0.211622 -0.490213
v -0.013712 0.143370 -0.500718
v 0.033818 0.107602 -0.524073
v 0.049673 0.097271 -0.512106
v 0.075044 0.000798 -0.506418
v 0.136974 -0.006596 -0.490459
v 0.132002 -0.093001 -0.511898
v 0.167908 -0.078724 -0.499145
v 0.258311 0.121459 -0.440004
v 0.151206 0.201617 -0.463392
v 0.264940 -0.051715 -0.427070
v 0.144207 0.142802 -0.488869
v 0.224176 0.102302 -0.463044
v 0.111425 0.261774 -0.818700
v 0.113509 0.079284 -0.887299
v 0.099550 0.412035 -0.617630
v 0.115595 0.390846 -0.658472
v 0.118187 0.361715 -0.730825
v 0.124746 0.330747 -0.756206
v 0.127929 0.307485 -0.760167
v 0.129030 0.190783 -0.843735
v 0.136569 0.412694 -0.796476
v 0.125580 0.266112 -0.740947
v 0.131297 0.244509 -0.735968
v 0.136918 0.378507 -0.818575
v 0.135383 0.424363 -0.727231
v 0.137590 0.174816 -0.797162
v 0.136952 0.192658 -0.776068
v 0.130007 0.281143 -0.745047
v 0.135627 0.213956 -0.752682
v 0.141238 0.162829 -0.819043
v 0.139135 0.401515 -0.809208
v 0.139073 0.264859 -0.851694
v 0.152893 0.432155 -0.644404
v 0.153986 0.405174 -0.807218
v 0.152709 0.134478 -0.820045
v 0.153387 0.106630 -0.830432
v 0.192045 0.128631 -0.876884
v 0.164255 0.068817 -0.832861
v 0.172982 0.423699 -0.615837
v 0.214205 0.051023 -0.877822
v 0.345479 0.344757 -0.785992
v 0.219230 0.126794 -0.876847
v 0.408949 0.316991 -0.761983
v 0.087207 0.352713 -0.783442
v 0.102097 -0.142546 -0.506647
v 0.163423 -0.120918 -0.494146
v 0.184856 -0.202237 -0.439630
v 0.267931 -0.140712 -0.430506
v 0.147286 -0.342853 -0.317795
v 0.222203 -0.363890 -0.262212
v 0.221991 -0.347299 -0.291784
v 0.280702 -0.260392 -0.356071
v 0.325450 -0.368526 -0.201179
v 0.344059 -0.277505 -0.305278
v 0.313873 -0.196687 -0.374885
v 0.339897 -0.128813 -0.397318
v 0.341694 -0.112801 -0.400334
v 0.391903 -0.141614 -0.346540
v 0.672156 -0.444337 -0.575471
v 0.206879 -0.299185 -0.355991
v 0.234704 -0.444225 -0.787757
v 0.255300 -0.443951 -0.804433
v 0.464668 -0.444070 -0.707246
v 0.307476 -0.371855 -0.797047
v 0.479204 -0.363929 -0.723645
v 0.393438 -0.264578 -0.787519
v 0.474372 -0.443429 -0.685370
v 0.501436 -0.214342 -0.741875
v 0.448049 -0.169014 -0.769817
v 0.483040 -0.336913 -0.695879
v 0.488184 -0.344337 -0.687736
v 0.503827 -0.226898 -0.733420
v 0.502332 -0.214232 -0.684775
v 0.501874 -0.160450 -0.693508
v 0.498852 -0.177603 -0.678484
v 0.506430 -0.129237 -0.660726
v 0.507314 -0.125926 -0.681604
v 0.502436 -0.046633 -0.641583
v 0.512620 -0.086535 -0.633210
v 0.509075 -0.051854 -0.654941
v 0.517592 -0.057475 -0.632663
v 0.506595 -0.102785 -0.668261
v 0.514197 -0.038390 -0.639541
v 0.521488 0.025837 -0.627298
v 0.576340 -0.071644 -0.662286
v 0.546056 -0.139054 -0.675877
v 0.632622 -0.097489 -0.613056
v 0.592234 0.023864 -0.656605
v 0.604663 -0.044075 -0.642676
v 0.678146 -0.027042 -0.547192
v 0.498197 -0.443386 -0.689500
v 0.139525 0.049452 -0.873511
v 0.157093 -0.154374 -0.867901
v 0.145458 0.116238 -0.853499
v 0.178105 -0.003590 -0.839885
v 0.164760 0.060243 -0.848301
v 0.168636 0.037803 -0.834719
v 0.196166 -0.094800 -0.828048
v 0.206413 -0.158183 -0.820448
v 0.214013 -0.178980 -0.810937
v 0.174317 0.013078 -0.835877
v 0.176632 -0.002154 -0.833009
v 0.158301 0.130524 -0.847169
v 0.184078 -0.009018 -0.837580
v 0.180369 -0.029394 -0.836843
v 0.195801 -0.078438 -0.828937
v 0.202174 -0.222035 -0.814581
v 0.223313 -0.212166 -0.807326
v 0.213079 -0.153703 -0.820369
v 0.209756 -0.317407 -0.793415
v 0.250052 -0.226209 -0.849694
v 0.229346 -0.207984 -0.830940
v 0.233234 -0.365110 -0.797043
v 0.254146 -0.344457 -0.830076
v 0.300613 0.169084 -0.846570
v 0.307704 0.021491 -0.839872
v 0.259103 -0.290347 -0.839878
v 0.293433 -0.305058 -0.822381
v 0.320759 -0.114869 -0.833677
v 0.342400 -0.214061 -0.814717
v 0.305474 -0.328059 -0.814976
v 0.386553 -0.081893 -0.806594
v 0.456611 -0.193093 -0.764162
v 0.523138 0.060249 -0.744367
v -0.418350 0.327250 -0.503700
v -0.390253 0.236614 -0.271378
v -0.330516 0.252956 -0.303292
v -0.336320 0.310899 -0.522250
v -0.314217 0.237231 -0.504191
v -0.284983 0.258706 -0.344433
v -0.317307 0.201186 -0.528461
v -0.306302 0.280561 -0.420403
v -0.313564 0.215069 -0.513583
v -0.307504 0.264294 -0.468856
v -0.307254 0.243018 -0.478832
v -0.276212 0.388378 -0.494069
v -0.287652 0.280672 -0.418876
v -0.253346 0.309851 -0.499439
v -0.298593 0.224101 -0.452092
v -0.299442 0.237880 -0.453730
v -0.275356 0.256932 -0.389148
v -0.273998 0.195808 -0.379714
v -0.283933 0.185531 -0.440381
v -0.275701 0.165018 -0.456564
v -0.280033 0.129277 -0.382749
v -0.275489 0.153416 -0.381555
v -0.277824 0.148473 -0.372142
v -0.267375 0.269139 -0.414640
v -0.265918 0.207268 -0.393183
v -0.278041 0.127765 -0.372971
v -0.260694 0.175874 -0.406710
v -0.252164 0.161394 -0.453169
v -0.204239 0.164623 -0.457903
v -0.333188 0.260363 -0.317636
v -0.322031 0.288502 -0.480901
v -0.311019 0.282137 -0.435021
v -0.304407 0.288687 -0.473193
v -0.281928 0.259987 -0.352933
v -0.290894 0.213366 -0.433442
v -0.272228 0.157563 -0.372026
v -0.240566 0.172178 -0.431883
v -0.221965 0.168149 -0.450264
v -0.274259 0.348299 -0.553423
v -0.254321 0.361869 -0.557576
v -0.231038 0.359995 -0.535492
v -0.213804 0.281089 -0.453675
v -0.161556 0.291090 -0.475839
v -0.179745 0.325649 -0.532148
v -0.180612 0.172881 -0.472627
v -0.199989 0.168304 -0.465150
v -0.173992 0.166675 -0.484475
v -0.150165 0.172541 -0.488363
v -0.124575 0.156743 -0.490018
v -0.231143 0.426912 -0.564156
v -0.100160 0.255641 -0.490590
v -0.133192 0.293788 -0.523477
v -0.064875 0.432467 -0.559031
v -0.093456 0.222258 -0.487003
v -0.093694 0.270521 -0.509528
v -0.080735 0.213779 -0.496321
v -0.061259 0.211648 -0.484686
v -0.061870 0.204731 -0.492574
v 0.025770 0.230703 -0.483037
v -0.308745 0.439789 -0.545738
v -0.285165 0.432128 -0.615025
v -0.252764 0.411889 -0.749758
v -0.306945 0.423781 -0.494662
v -0.289121 0.419653 -0.529962
v -0.283317 0.416693 -0.544364
v -0.287424 0.420817 -0.571933
v -0.242680 0.397745 -0.768000
v -0.270161 0.401101 -0.571706
v -0.254692 0.373316 -0.548770
v -0.254071 0.389400 -0.633875
v -0.264244 0.393373 -0.558483
v -0.239934 0.381342 -0.660959
v -0.198405 0.326715 -0.523198
v -0.113123 0.439942 -0.565244
v -0.084179 0.373247 -0.731842
v -0.137756 0.358201 -0.804768
v 0.023775 0.438633 -0.525921
v -0.227035 0.367799 -0.703745
v -0.467393 0.358213 -0.582386
v -0.606453 0.320448 -0.523730
v -0.505511 0.245334 -0.679996
v -0.431289 0.363040 -0.580893
v -0.438524 0.410920 -0.576231
v -0.399506 0.416467 -0.517299
v -0.414285 0.424949 -0.529990
v -0.353526 0.414807 -0.657230
v -0.372806 0.392971 -0.648582
v -0.391758 0.406820 -0.525560
v -0.362675 0.414670 -0.500323
v -0.371591 0.395267 -0.513200
v -0.362300 0.281805 -0.461311
v -0.332353 0.350281 -0.704465
v -0.329168 0.442707 -0.510508
v -0.363419 0.386904 -0.515601
v -0.372089 0.247235 -0.621755
v -0.354988 0.268644 -0.574324
v -0.362440 0.268256 -0.601733
v -0.314187 0.353883 -0.497286
v -0.338782 0.285190 -0.564498
v -0.326011 0.182843 -0.558217
v -0.316793 0.372142 -0.490963
v -0.335068 0.168137 -0.595322
v -0.323460 0.318548 -0.531444
v -0.319019 0.346181 -0.503371
v -0.315460 0.298788 -0.501799
v -0.311107 0.350117 -0.506184
v -0.314568 0.397721 -0.475258
v -0.417819 0.358760 -0.591125
v -0.420213 0.337194 -0.626654
v -0.416564 0.327731 -0.628450
v -0.397316 0.352734 -0.568720
v -0.389106 0.389487 -0.528515
v -0.363018 0.378080 -0.510187
v -0.327184 0.362731 -0.509919
v -0.304119 0.369665 -0.480739
v -0.596356 0.282248 -0.609920
v -0.442736 0.275876 -0.668172
v -0.420409 0.150865 -0.671017
v -0.405931 0.183118 -0.672161
v -0.400965 0.221658 -0.668797
v -0.411022 0.279811 -0.660603
v -0.405092 0.154189 -0.677445
v -0.398125 0.255065 -0.654885
v -0.385629 0.199148 -0.771012
v -0.391773 0.270523 -0.641276
v -0.385807 0.285927 -0.660468
v -0.374011 0.255879 -0.761351
v -0.361282 0.307166 -0.694889
v -0.379455 0.198572 -0.629611
v -0.367379 0.172959 -0.620903
v -0.378066 0.217000 -0.636994
v -0.346848 0.159577 -0.603736
v -0.265245 0.337723 -0.771676
v -0.330633 0.159631 -0.581463
v -0.224400 0.339220 -0.798607
v -0.248802 0.361935 -0.777311
v -0.244565 0.348416 -0.754019
v -0.178662 0.354146 -0.801308
v -0.301963 0.012852 -0.445672
v -0.334497 0.043478 -0.381486
v -0.338602 -0.044743 -0.343271
v -0.287137 -0.130224 -0.452308
v -0.288066 -0.083578 -0.486134
v -0.344150 0.138088 -0.288599
v -0.283915 0.091546 -0.408132
v -0.302988 0.029964 -0.443608
v -0.301160 0.049363 -0.432098
v -0.287317 0.062552 -0.428063
v -0.282320 0.090553 -0.418590
v -0.272011 -0.019430 -0.481487
v -0.268393 -0.183370 -0.410425
v -0.275820 -0.116550 -0.494371
v -0.283879 0.115663 -0.394509
v -0.274905 0.092073 -0.413899
v -0.265092 -0.110166 -0.503082
v -0.271490 0.142690 -0.375241
v -0.242532 -0.047652 -0.497027
v -0.220588 0.127865 -0.455581
v -0.175057 0.037565 -0.514549
v -0.194273 0.131102 -0.465951
v -0.133207 -0.084370 -0.510334
v -0.167365 0.164975 -0.480611
v -0.177023 -0.160313 -0.477102
v -0.136264 -0.022317 -0.518968
v -0.033380 0.042462 -0.518257
v -0.060151 0.198759 -0.485079
v -0.124374 0.258783 -0.827842
v 0.005518 0.035464 -0.547409
v 0.003772 0.104358 -0.528004
v 0.011083 -0.028010 -0.551288
v -0.561046 -0.198764 -0.672277
v -0.451556 -0.102345 -0.686550
v -0.422277 0.131384 -0.672920
v -0.432747 -0.151484 -0.685427
v -0.423425 -0.007332 -0.678444
v -0.429515 -0.093339 -0.685751
v -0.418899 0.076996 -0.671841
v -0.408256 -0.104081 -0.668510
v -0.408763 0.122251 -0.674796
v -0.416803 0.094579 -0.667208
v -0.406440 -0.054487 -0.661865
v -0.405156 0.026942 -0.668650
v -0.414048 0.005612 -0.672460
v -0.410709 -0.043600 -0.678357
v -0.415863 -0.045412 -0.694108
v -0.410491 -0.174095 -0.646761
v -0.406069 -0.105197 -0.771309
v -0.416164 -0.153033 -0.681863
v -0.407288 0.002641 -0.671287
v -0.405296 0.068314 -0.670869
v -0.405400 0.165476 -0.701560
v -0.391728 -0.028363 -0.814885
v -0.196695 -0.018442 -0.878682
v 0.158997 -0.444217 -0.783323
v -0.204633 -0.287598 -0.342815
v -0.198217 -0.309318 -0.316555
v -0.188598 -0.337069 -0.288006
v -0.193235 -0.341106 -0.243336
v -0.174380 -0.348195 -0.258313
v -0.146106 -0.362245 -0.214807
v -0.165550 -0.304287 -0.336621
v -0.149794 -0.343189 -0.275698
v -0.112536 -0.354568 -0.272498
v -0.126804 -0.356980 -0.229385
v -0.103209 -0.364324 -0.253714
v -0.129745 -0.318923 -0.316734
v -0.097583 -0.336431 -0.281915
v -0.051699 -0.398380 -0.046491
v -0.027995 -0.396004 -0.107051
v -0.060243 -0.385797 -0.171592
v -0.073067 -0.362712 -0.248802
v -0.022533 -0.314082 -0.321816
v 0.027898 -0.370322 -0.240897
v -0.016824 -0.409060 -0.063020
v 0.023142 -0.397430 -0.092161
v -0.008349 -0.410076 -0.002948
v 0.009765 -0.313342 -0.359086
v -0.010237 -0.301478 -0.396792
v 0.021977 -0.333621 -0.311553
v 0.032884 -0.399318 -0.126223
v 0.046378 -0.342516 -0.322963
v 0.044792 -0.409048 -0.037719
v 0.096846 -0.380259 -0.205887
v 0.199224 -0.379427 -0.196744
v -0.131241 -0.122924 -0.498442
v -0.119982 -0.122053 -0.506587
v -0.137584 -0.151780 -0.490753
v -0.053953 -0.143924 -0.514008
v -0.108987 -0.138351 -0.502744
v -0.091007 -0.044428 -0.516950
v -0.051854 -0.174321 -0.492934
v -0.038099 -0.120141 -0.510836
v -0.042369 -0.258706 -0.415609
v -0.002835 -0.061011 -0.515832
v -0.015405 -0.242873 -0.443729
v -0.006579 -0.215084 -0.457439
v -0.015299 -0.106933 -0.511313
v 0.022517 -0.104420 -0.520252
v 0.010104 -0.279074 -0.416797
v -0.029539 0.000950 -0.519984
v -0.004297 -0.033994 -0.523812
v 0.040786 -0.119282 -0.519272
v 0.009316 -0.301520 -0.396058
v 0.051100 -0.156754 -0.508431
v -0.000723 -0.000851 -0.549335
v 0.037246 -0.016014 -0.551390
v 0.043917 -0.139514 -0.510327
v 0.055115 -0.271586 -0.408947
v 0.036554 -0.051481 -0.544889
v 0.059078 -0.075451 -0.524096
v 0.123026 -0.187961 -0.467120
v 0.081417 -0.094178 -0.511387
v 0.033561 0.064155 -0.526062
v 0.084219 -0.261192 -0.420152
v -0.401110 -0.217482 -0.665452
v -0.282613 -0.199000 -0.311450
v -0.274106 -0.258050 -0.318133
v -0.261765 -0.222962 -0.382063
v -0.252054 -0.261910 -0.365314
v -0.254628 -0.214898 -0.406592
v -0.248559 -0.234659 -0.419654
v -0.238234 -0.259004 -0.410226
v -0.225100 -0.184370 -0.468899
v -0.253029 -0.152584 -0.482597
v -0.221693 -0.220121 -0.440080
v -0.218247 -0.274484 -0.387437
v -0.222469 -0.150718 -0.485033
v -0.193112 -0.248821 -0.416484
v -0.207409 -0.195937 -0.469398
v -0.230903 -0.090727 -0.494552
v -0.171095 -0.193022 -0.472380
v -0.161853 -0.278542 -0.362138
v -0.183644 -0.112031 -0.492994
v -0.083872 -0.324588 -0.301630
v -0.069317 -0.236183 -0.428202
v -0.108346 -0.204789 -0.458080
v -0.059180 -0.280071 -0.370693
v -0.405296 -0.444013 -0.746322
v -0.504825 -0.443998 -0.662761
v -0.415044 -0.233847 -0.701938
v -0.421439 -0.170831 -0.678129
v -0.281414 -0.444045 -0.725648
v -0.408681 -0.194027 -0.668308
v -0.391892 -0.139210 -0.806800
v -0.409429 -0.190882 -0.689094
v -0.383121 -0.293504 -0.707295
v -0.386670 -0.254425 -0.682483
v -0.394071 -0.234518 -0.671013
v -0.378397 -0.224030 -0.787820
v -0.381501 -0.259086 -0.693947
v -0.348429 -0.309436 -0.701755
v -0.309071 -0.393091 -0.719374
v -0.360676 -0.250986 -0.797378
v -0.338139 -0.324461 -0.709313
v -0.338768 -0.327245 -0.699830
v -0.262372 -0.444099 -0.707610
v -0.321793 -0.358321 -0.700864
v -0.299033 -0.402486 -0.703828
v -0.313880 -0.331166 -0.785119
v -0.283684 -0.425497 -0.703658
v -0.250642 -0.442818 -0.740111
v -0.228047 -0.444275 -0.750256
v -0.227533 -0.397225 -0.777378
v -0.211839 -0.388454 -0.787266
v -0.231200 -0.404401 -0.818882
v -0.230532 -0.443501 -0.777766
v -0.204468 -0.395090 -0.826806
v -0.225898 -0.443969 -0.830772
v -0.223484 -0.439438 -0.833957
v -0.160645 -0.444199 -0.832340
v -0.181925 -0.402764 -0.832147
v -0.141315 -0.412205 -0.793603
v -0.176468 -0.389047 -0.811892
v -0.168890 -0.423930 -0.837987
v -0.131918 -0.439255 -0.811583
v -0.071450 -0.444120 -0.777494
v 0.113991 -0.428502 -0.795429
v 0.149772 -0.443979 -0.809301
v 0.139723 -0.429758 -0.825331
v 0.138702 -0.417308 -0.838514
v 0.157178 -0.428035 -0.795633
v 0.155401 -0.411834 -0.831810
v 0.131538 -0.410504 -0.855640
v 0.188391 -0.392555 -0.851800
v 0.202281 -0.213350 -0.820754
v 0.154862 -0.444516 -0.886529
v 0.226075 -0.443576 -0.849298
v 0.191037 -0.444173 -0.887068
v 0.225157 -0.234293 -0.803308
v 0.203976 -0.291771 -0.814691
v 0.206304 -0.398958 -0.816585
v 0.189890 -0.402949 -0.809769
v 0.204458 -0.328872 -0.804882
v 0.197105 -0.415328 -0.862899
v 0.223891 -0.407324 -0.800861
v 0.218148 -0.405065 -0.788618
v 0.223699 -0.379441 -0.787259
v 0.216658 -0.335123 -0.787655
v 0.254211 -0.429294 -0.806373
v 0.230203 -0.405378 -0.777750
v 0.225445 -0.428469 -0.779828
v 0.233516 -0.420871 -0.787175
v 0.247650 -0.440093 -0.815450
v 0.152589 -0.300353 -0.859343
v 0.168742 -0.411123 -0.804489
v 0.201991 -0.400849 -0.804915
v 0.224212 -0.351130 -0.785574
v 0.093408 -0.441913 -0.944283
v 0.048211 -0.444420 -0.787608
v 0.084063 -0.297984 -0.866372
v 0.110050 -0.418684 -0.930722
v 0.136098 -0.415699 -0.824771
v 0.106483 -0.358110 -0.922436
v 0.105082 -0.360922 -0.891089
v 0.122190 -0.388443 -0.854024
v 0.038522 -0.442955 -0.935294
v 0.121845 -0.429280 -0.937591
v 0.125917 -0.416639 -0.920078
v 0.130600 -0.444158 -0.936228
v 0.131630 -0.404659 -0.884176
v 0.176504 -0.396638 -0.869404
v 0.083953 -0.395994 -0.813271
v -0.112677 -0.444223 -0.777202
v -0.141490 -0.108290 -0.889799
v -0.028144 -0.249141 -0.883617
v -0.116054 -0.245496 -0.871141
v -0.006511 -0.293412 -0.867442
v -0.073070 -0.029958 -0.909484
v -0.070775 -0.426416 -0.866015
v -0.037840 -0.385471 -0.815978
v 0.097180 0.048492 -0.896793
v -0.040653 -0.383503 -0.838834
v -0.035235 -0.438005 -0.894295
v -0.013634 -0.392985 -0.848329
v -0.007156 -0.444327 -0.876140
v -0.008938 -0.407594 -0.865908
v -0.008290 -0.393239 -0.837619
v 0.018611 -0.431891 -0.928952
v 0.008789 -0.355901 -0.864155
v 0.018960 -0.414588 -0.814290
v 0.025776 -0.360158 -0.848323
v 0.039965 0.041884 -0.900591
v 0.029681 -0.390623 -0.926037
v 0.021194 -0.346409 -0.878867
v 0.027224 -0.443736 -0.802549
v 0.042428 -0.403606 -0.807953
v 0.031245 -0.426162 -0.933684
v 0.047209 -0.344232 -0.921884
v 0.053876 -0.406847 -0.926313
v 0.080448 -0.373961 -0.841318
v 0.088007 -0.353227 -0.927660
v 0.079860 -0.400340 -0.931687
v -0.058007 -0.413432 -0.797282
v -0.014433 -0.388958 -0.814941
v -0.069467 -0.444033 -0.842703
v 0.019251 -0.409208 -0.802894
v 0.010654 -0.400925 -0.822591
vn -0.3967 -0.7572 -0.5189
vn -0.6317 -0.4552 0.6275
vn -0.9957 0.0414 0.0832
vn -0.5935 0.7591 -0.2674
vn -0.6658 0.6367 0.3890
vn -0.7888 0.3013 0.5358
vn -0.6230 -0.7723 -0.1241
vn -0.9870 0.1247 0.1012
vn -0.9636 -0.1359 -0.2302
vn -0.7879 0.0140 0.6156
vn 0.0054 -1.0000 -0.0027
vn -0.4048 0.7869 0.4658
vn -0.3693 0.6044 0.7059
vn -0.9731 0.0820 -0.2152
vn -0.6464 -0.7361 -0.2007
vn -0.7730 -0.2209 0.5947
vn -0.9843 0.1526 0.0887
vn -0.2464 0.9373 0.2465
vn -0.0621 0.8373 -0.5433
vn -0.8999 -0.4108 0.1464
vn -0.9898 0.0505 0.1332
vn -0.5865 0.7680 -0.2572
vn -0.6709 -0.7014 -0.2408
vn 0.0326 -0.9990 0.0294
vn -0.5289 0.6890 0.4956
vn -0.0655 -0.2733 0.9597
vn -0.9532 -0.0389 0.2999
vn -0.0553 -0.2786 0.9588
vn 0.2574 0.9266 -0.2743
vn -0.5986 0.8004 -0.0323
vn 0.1896 0.9799 0.0617
vn -0.4029 0.9148 0.0277
vn -0.9779 0.0579 -0.2010
vn -0.6684 -0.2626 0.6959
vn -0.5027 -0.6411 0.5799
vn -0.9632 0.0453 0.2649
vn -0.9683 0.2366 0.0797
vn -0.9566 0.2775 0.0887
vn -0.9759 0.1832 -0.1183
vn -0.9195 -0.1480 -0.3641
vn -0.6037 0.5169 0.6069
vn -0.4622 -0.5266 0.7135
vn 0.2131 -0.3265 0.9209
vn -0.1123 -0.3614 0.9256
vn -0.7426 0.6304 0.2261
vn -0.8174 0.5710 -0.0758
vn -0.8771 0.3903 -0.2799
vn -0.9908 -0.1162 -0.0689
vn -0.8676 0.1863 0.4610
vn -0.6026 0.7538 0.2620
vn -0.8964 0.3970 -0.1971
vn -0.2054 -0.6168 0.7598
vn -0.9318 0.1807 -0.3147
vn -0.9067 -0.0244 0.4210
vn -0.9654 0.2531 0.0629
vn -0.2531 -0.8848 -0.3913
vn 0.8792 0.3271 -0.3465
vn -0.6433 -0.3211 0.6950
vn -0.7735 0.4855 -0.4075
vn -0.3748 -0.1580 0.9136
vn -0.9324 0.3613 -0.0131
vn -0.8873 0.4103 0.2107
vn -0.8435 0.2642 0.4676
vn -0.8172 0.5746 -0.0443
vn -0.2422 0.9257 0.2906
vn -0.4437 -0.6431 0.6242
vn -0.8066 0.4614 -0.3695
vn 0.1356 0.9714 -0.1948
vn -0.2421 0.9614 -0.1307
vn -0.9339 -0.3127 0.1734
vn -0.9206 0.3782 0.0969
vn -0.8835 0.1025 0.4570
vn 0.2273 0.9707 -0.0773
vn -0.7577 -0.4314 0.4897
vn -0.9347 0.3475 -0.0748
vn -0.9080 0.1494 -0.3915
vn -0.9613 0.2064 0.1827
vn -0.7757 -0.3502 0.5250
vn -0.9998 -0.0180 -0.0023
vn -0.9437 0.3054 -0.1275
vn -0.9285 0.2503 -0.2741
vn -0.8304 0.3772 0.4101
vn -0.9993 0.0214 -0.0294
vn -0.7136 -0.5424 0.4433
vn -0.9428 -0.1517 -0.2967
vn -0.9875 -0.1009 -0.1214
vn -0.7980 0.5976 -0.0780
vn -0.9620 -0.1722 -0.2119
vn -0.9094 0.4044 0.0975
vn -0.9324 0.3569 -0.0570
vn -0.3756 0.0974 0.9216
vn -0.7256 -0.3810 0.5730
vn -0.9876 0.1479 0.0533
vn -0.8980 -0.1301 -0.4203
vn -0.2093 -0.9767 -0.0474
vn 0.0987 0.6641 0.7411
vn 0.0271 0.7801 0.6251
vn -0.2352 0.7954 -0.5585
vn -0.0295 0.6490 0.7602
vn -0.9872 0.1184 -0.1073
vn -0.9034 0.3736 -0.2103
vn -0.9218 0.3771 -0.0899
vn -0.7287 0.0253 -0.6844
vn -0.8338 0.0693 -0.5477
vn -0.8863 0.4499 -0.1096
vn -0.1726 0.8460 0.5045
vn -0.4813 0.7136 0.5091
vn -0.9264 0.3748 -0.0359
vn -0.7787 0.4560 -0.4309
vn -0.9667 -0.2557 0.0090
vn -0.4172 0.8937 0.1649
vn -0.6985 -0.2812 0.6580
vn -0.5424 -0.7848 -0.2999
vn 0.2365 0.7537 0.6132
vn -0.3132 0.4694 -0.8256
vn -0.8436 0.5278 -0.0988
vn -0.0020 -0.9996 0.0269
vn -0.5860 0.8100 -0.0238
vn -0.8844 0.4593 0.0825
vn -0.0626 -0.9979 -0.0169
vn -0.6503 0.6005 -0.4653
vn -0.8620 0.4764 -0.1730
vn -0.1147 -0.9777 0.1759
vn 0.7853 0.6167 -0.0554
vn 0.3052 -0.6054 0.7351
vn -0.5807 0.7746 -0.2506
vn -0.1491 0.9101 0.3865
vn -0.8575 0.5031 -0.1074
vn 0.3433 0.7063 0.6191
vn 0.3083 0.7537 0.5804
vn -0.7943 0.5956 -0.1201
vn -0.7314 -0.0510 -0.6801
vn 0.4038 0.8282 0.3885
vn 0.6006 0.5796 0.5507
vn -0.4484 0.8831 0.1378
vn -0.2711 0.7251 -0.6331
vn -0.9427 -0.2487 0.2224
vn -0.6499 0.4512 0.6116
vn -0.8209 0.4278 -0.3784
vn -0.1953 0.0240 -0.9804
vn -0.4230 0.8804 0.2143
vn 0.4353 0.3943 -0.8094
vn -0.5746 -0.6975 -0.4281
vn -0.4706 0.1972 0.8600
vn 0.4832 0.8400 0.2468
vn 0.6780 0.6735 0.2946
vn 0.1514 0.8764 0.4573
vn 0.2739 0.5471 0.7910
vn -0.5834 0.7906 0.1858
vn -0.6805 0.7017 0.2111
vn 0.7510 0.4867 0.4463
vn -0.4946 0.5782 0.6489
vn -0.1823 0.9588 0.2180
vn 0.7689 0.6327 0.0926
vn 0.1748 0.9180 0.3559
vn -0.6116 0.7903 -0.0365
vn 0.3099 0.9244 0.2223
vn 0.6753 0.7102 0.1990
vn -0.0008 0.9690 0.2469
vn -0.3411 -0.9139 -0.2200
vn -0.7847 0.0055 -0.6199
vn -0.5116 -0.2476 0.8228
vn -0.5959 0.5075 -0.6224
vn -0.4194 -0.6896 0.5905
vn -0.9182 0.1936 0.3457
vn -0.4835 -0.6809 -0.5501
vn -0.4582 0.8408 -0.2883
vn 0.3469 0.8538 0.3882
vn 0.3966 0.6425 0.6556
vn -0.3761 -0.6389 0.6711
vn -0.2825 0.1043 -0.9536
vn -0.2707 0.5583 -0.7842
vn 0.3076 0.7785 0.5471
vn -0.0343 0.5640 0.8251
vn 0.4353 -0.0518 -0.8988
vn -0.6270 0.7159 -0.3072
vn 0.4221 0.7253 0.5438
vn -0.9471 0.2643 -0.1819
vn 0.2021 0.9758 0.0836
vn 0.2560 -0.8180 0.5152
vn 0.4657 0.0805 -0.8813
vn -0.6272 0.5022 0.5953
vn -0.3411 0.9352 0.0948
vn -0.7011 0.3471 -0.6229
vn 0.2181 0.9431 0.2508
vn -0.3822 0.8220 0.4222
vn -0.2091 0.9154 -0.3441
vn -0.2175 0.7151 -0.6644
vn -0.8489 -0.1680 -0.5012
vn -0.0834 -0.0798 0.9933
vn 0.2834 0.1859 0.9408
vn 0.3143 0.9186 -0.2395
vn 0.6644 0.7415 -0.0935
vn -0.3641 0.8919 -0.2683
vn -0.7126 0.2284 -0.6633
vn -0.5791 0.6412 -0.5035
vn -0.2930 0.0638 -0.9540
vn 0.4401 -0.5333 0.7224
vn -0.6246 -0.5507 0.5538
vn -0.5382 -0.3584 0.7628
vn 0.2143 0.8842 0.4150
vn 0.1285 0.0177 0.9916
vn -0.4702 -0.6696 0.5749
vn -0.8100 0.4856 0.3287
vn -0.8055 0.5801 -0.1209
vn -0.8112 0.2134 0.5444
vn -0.5737 0.0054 0.8190
vn 0.5185 0.8551 0.0057
vn -0.4522 0.8777 0.1584
vn -0.1643 -0.6939 -0.7011
vn -0.5104 0.6581 0.5535
vn -0.2364 0.9715 -0.0146
vn 0.3424 0.9164 0.2073
vn -0.1312 0.9883 -0.0779
vn 0.1583 0.9000 0.4062
vn -0.5415 0.6329 -0.5534
vn -0.6309 -0.2633 -0.7298
vn -0.0076 0.7884 0.6152
vn -0.0102 0.3903 -0.9206
vn 0.3219 0.5591 0.7641
vn 0.8104 0.5748 0.1136
vn 0.0108 0.9075 -0.4199
vn 0.5183 0.5163 0.6817
vn -0.5550 0.0061 0.8318
vn -0.4998 0.6686 -0.5506
vn 0.6188 0.6000 0.5070
vn 0.1327 -0.9896 -0.0561
vn -0.3757 0.7038 -0.6029
vn -0.3169 0.4079 0.8563
vn -0.0321 0.2157 -0.9759
vn 0.1383 0.3618 -0.9219
vn -0.7941 0.0608 -0.6047
vn -0.7480 -0.1586 -0.6445
vn -0.3660 0.6765 0.6391
vn 0.9873 0.0630 0.1456
vn -0.2507 0.8453 -0.4718
vn 0.8478 0.3294 -0.4156
vn -0.0732 0.3861 -0.9196
vn -0.7829 -0.2230 -0.5808
vn -0.0210 0.9939 -0.1082
vn -0.4457 0.8725 -0.2002
vn -0.8391 0.0133 -0.5439
vn -0.0780 0.3407 0.9369
vn -0.0615 0.8944 0.4430
vn -0.4630 -0.7389 -0.4895
vn -0.1107 -0.3645 -0.9246
vn -0.9712 0.0054 -0.2382
vn -0.9756 0.0892 0.2007
vn -0.9989 0.0443 -0.0146
vn -0.9615 0.1239 0.2452
vn -0.9999 0.0137 0.0026
vn -0.9615 -0.0471 0.2707
vn -0.9952 0.0937 0.0270
vn -0.9720 0.0187 -0.2343
vn -0.0240 -0.6178 -0.7860
vn -0.3650 -0.1010 -0.9255
vn -0.9851 -0.1674 -0.0407
vn -0.7921 0.3429 -0.5049
vn -0.2975 0.5764 0.7611
vn -0.9932 -0.0235 0.1138
vn 0.9069 0.3503 0.2340
vn -0.7334 0.0949 -0.6731
vn -0.9650 0.2606 -0.0291
vn -0.9625 -0.1481 0.2274
vn -0.8326 0.1947 0.5185
vn -0.8825 0.1391 -0.4492
vn -0.5598 0.3320 -0.7592
vn -0.9791 -0.1797 0.0950
vn 0.1122 0.8977 0.4260
vn 0.1332 0.1237 -0.9833
vn -0.9782 -0.1898 -0.0843
vn -0.0368 0.9208 0.3883
vn -0.0055 -0.9997 -0.0254
vn 0.9942 -0.1008 0.0372
vn -0.8387 0.4551 0.2990
vn -0.7986 0.4473 0.4027
vn 0.1439 0.7813 0.6073
vn 0.6091 0.3685 0.7023
vn -0.9822 -0.0922 -0.1636
vn -0.8625 -0.3305 -0.3832
vn -0.0678 0.9934 0.0926
vn -0.9588 -0.1623 0.2331
vn -0.2942 -0.8059 0.5138
vn 0.2425 0.8328 0.4977
vn -0.1821 -0.7391 0.6485
vn -0.8526 0.0015 -0.5226
vn 0.1407 -0.5236 0.8403
vn 0.9978 -0.0533 0.0402
vn 0.0387 0.9017 -0.4307
vn 0.6636 0.6083 0.4355
vn -0.8748 -0.0948 -0.4752
vn 0.4721 0.1846 0.8620
vn -0.8817 0.1273 -0.4544
vn 0.8595 -0.1821 0.4776
vn -0.7692 0.0060 -0.6389
vn 0.4446 0.5420 0.7131
vn 0.4284 0.8930 0.1376
vn -0.8871 -0.0361 -0.4601
vn 0.1233 0.7285 0.6739
vn -0.1435 0.8568 -0.4953
vn -0.3853 0.7126 -0.5862
vn 0.7109 -0.1322 0.6908
vn -0.8060 -0.0228 0.5914
vn 0.5280 -0.6615 -0.5325
vn -0.2571 0.8757 0.4088
vn -0.9841 0.0059 -0.1772
vn -0.1359 -0.2765 0.9514
vn -0.1454 -0.2115 0.9665
vn 0.4073 0.8678 0.2845
vn -0.9232 -0.1805 0.3393
vn -0.1532 0.7320 0.6639
vn -0.4526 0.4761 0.7540
vn -0.9872 -0.1026 -0.1222
vn -0.3459 -0.1483 0.9265
vn -0.4949 0.2454 -0.8336
vn 0.9887 0.1082 0.1034
vn 0.2895 0.4919 -0.8211
vn 0.1143 0.1495 -0.9821
vn -0.7174 0.6531 -0.2426
vn 0.3639 0.3962 0.8430
vn -0.2164 -0.7846 0.5810
vn 0.1857 0.5951 -0.7819
vn -0.9412 -0.1336 -0.3104
vn -0.6999 0.2412 0.6723
vn -0.5186 0.6595 0.5441
vn -0.7116 0.6753 -0.1938
vn 0.0336 0.9216 -0.3866
vn -0.7820 0.5080 -0.3612
vn -0.6914 0.6877 0.2214
vn 0.3870 0.8975 0.2115
vn 0.2701 0.7954 -0.5426
vn 0.4627 0.2607 0.8473
vn -0.3033 0.8148 -0.4940
vn 0.5221 0.8517 0.0440
vn -0.6556 0.4061 0.6366
vn 0.3987 0.9084 -0.1261
vn 0.2214 0.1672 -0.9608
vn -0.3092 0.4508 -0.8374
vn -0.1009 -0.4020 -0.9101
vn 0.4664 0.8793 0.0963
vn -0.0995 0.4087 0.9072
vn -0.3121 0.6837 0.6597
vn -0.7319 0.6741 -0.0993
vn -0.0360 -0.1566 0.9870
vn 0.0933 0.9283 -0.3599
vn 0.1792 0.8437 -0.5061
vn 0.5385 0.8082 -0.2383
vn -0.3284 0.6167 0.7154
vn 0.8829 0.4604 -0.0924
vn -0.3149 0.8118 0.4918
vn -0.6248 0.7478 0.2246
vn 0.4501 0.8771 -0.1676
vn -0.0120 0.4548 0.8905
vn 0.4391 0.8964 0.0600
vn -0.6013 0.1136 -0.7909
vn 0.5880 0.8001 -0.1185
vn 0.2127 0.2379 0.9477
vn 0.7979 0.1494 -0.5840
vn -0.2799 0.9311 0.2339
vn 0.6536 0.7349 -0.1810
vn 0.1751 0.7108 0.6813
vn -0.7842 0.6157 -0.0770
vn -0.5047 -0.0808 0.8595
vn -0.8095 0.5712 -0.1357
vn -0.3877 -0.3288 0.8611
vn 0.0639 -0.9975 -0.0290
vn 0.5835 0.7704 -0.2567
vn -0.7563 -0.0651 -0.6510
vn 0.9193 0.3478 -0.1843
vn 0.0387 -0.7428 0.6684
vn -0.5297 -0.5554 0.6411
vn 0.3708 -0.4897 0.7891
vn 0.2372 0.9567 0.1685
vn -0.8224 0.5401 -0.1788
vn 0.2779 0.7737 0.5693
vn 0.3208 0.9344 0.1552
vn 0.1234 0.6116 0.7815
vn -0.6541 -0.1378 -0.7437
vn -0.2115 -0.5936 0.7765
vn 0.8119 0.3715 -0.4504
vn -0.5768 -0.2064 0.7904
vn 0.0719 -0.2684 0.9606
vn -0.6952 0.1256 0.7077
vn 0.2821 0.9447 -0.1675
vn 0.2704 0.5735 0.7733
vn 0.1173 -0.8771 0.4657
vn -0.9372 -0.3029 -0.1727
vn 0.3649 0.8322 -0.4174
vn 0.8571 0.4977 0.1330
vn 0.4637 0.8702 -0.1667
vn -0.7124 0.6733 -0.1979
vn 0.9573 0.2221 0.1850
vn 0.8140 0.0116 -0.5808
vn -0.6097 0.4717 -0.6370
vn -0.3737 0.0290 -0.9271
vn 0.8523 -0.1388 -0.5042
vn -0.1674 0.9787 0.1191
vn -0.5634 0.2925 0.7727
vn 0.5286 0.6052 0.5952
vn -0.0979 0.9842 0.1478
vn -0.3119 -0.4635 -0.8294
vn 0.3411 0.1974 0.9191
vn 0.3055 -0.4022 0.8631
vn -0.5806 0.7655 -0.2773
vn -0.8355 0.4468 0.3199
vn -0.8758 -0.2811 -0.3924
vn -0.4455 0.8423 -0.3033
vn 0.1405 -0.7415 0.6561
vn 0.4590 -0.4849 0.7444
vn -0.8621 -0.1588 0.4812
vn -0.9664 0.2313 -0.1118
vn -0.1798 0.9113 0.3705
vn -0.9094 -0.0248 0.4152
vn -0.6230 0.7815 -0.0346
vn 0.7780 0.3796 -0.5006
vn -0.2910 0.9274 0.2353
vn -0.0236 -0.9896 -0.1418
vn -0.7334 -0.4664 0.4946
vn -0.8055 -0.2622 0.5314
vn -0.2122 -0.9772 0.0047
vn 0.1623 -0.0021 0.9867
vn -0.2654 -0.9533 -0.1440
vn -0.5145 0.4465 -0.7321
vn 0.9120 0.2459 -0.3283
vn -0.8150 -0.2461 0.5246
vn -0.1916 0.9624 0.1926
vn -0.6942 -0.0955 0.7134
vn -0.7158 0.6783 0.1662
vn -0.3510 0.9310 -0.0999
vn -0.3491 0.0298 0.9366
vn 0.3081 0.8749 0.3736
vn 0.1907 0.7098 0.6781
vn 0.3658 0.5398 0.7582
vn 0.9125 -0.1198 0.3912
vn -0.3044 0.8585 0.4127
vn 0.3252 -0.4590 0.8268
vn -0.4716 0.5049 0.7230
vn 0.6451 0.7334 -0.2144
vn 0.2811 0.8072 0.5190
vn 0.9200 0.1626 -0.3566
vn -0.0618 0.9802 -0.1883
vn -0.5381 0.1982 -0.8193
vn 0.2686 -0.9589 0.0914
vn -0.0007 -1.0000 0.0002
vn 0.0006 -1.0000 0.0001
vn -0.0008 -1.0000 -0.0000
vn 0.4421 -0.3291 0.8344
vn 0.2256 0.6301 0.7430
vn -0.8378 -0.1465 0.5259
vn -0.9171 0.3804 -0.1191
vn -0.8292 0.0185 -0.5586
vn -0.3897 0.9079 -0.1547
vn -0.7137 -0.1957 -0.6725
vn 0.3988 -0.3701 0.8390
vn 0.4267 0.8547 0.2958
vn 0.2623 0.9610 -0.0877
vn 0.2087 -0.9621 0.1756
vn -0.6230 -0.1902 -0.7588
vn -0.7787 0.6264 0.0353
vn 0.4540 0.8854 0.1000
vn -0.6422 0.3377 0.6882
vn -0.0297 0.9525 0.3031
vn -0.5582 0.8275 -0.0602
vn 0.3172 -0.3131 0.8952
vn 0.7066 0.0168 -0.7074
vn 0.8254 0.4768 0.3023
vn 0.5131 0.4277 0.7442
vn -0.3967 0.0604 0.9160
vn 0.7897 -0.2074 -0.5774
vn -0.5158 -0.2835 0.8085
vn 0.4536 0.7476 0.4852
vn -0.0190 0.9985 -0.0517
vn -0.5946 0.6432 0.4825
vn 0.7035 -0.6801 0.2064
vn 0.9946 0.0350 -0.0975
vn 0.0643 0.9184 0.3903
vn 0.3913 -0.8923 0.2250
vn 0.0730 0.9548 0.2880
vn 0.3483 0.9272 0.1377
vn 0.3106 -0.6023 0.7354
vn 0.9971 0.0682 -0.0348
vn 0.3141 0.9461 0.0791
vn -0.4246 0.8373 0.3443
vn -0.4538 0.4740 0.7546
vn 0.3466 0.8173 -0.4604
vn 0.2082 0.7697 0.6035
vn -0.4541 -0.4810 0.7500
vn 0.4516 -0.4181 0.7882
vn 0.7908 0.0246 -0.6116
vn 0.4213 0.8974 0.1309
vn 0.5657 0.7194 -0.4030
vn 0.2698 -0.0587 0.9611
vn -0.3163 0.9004 0.2986
vn 0.3587 0.0969 0.9284
vn -0.4042 -0.1159 -0.9073
vn -0.1260 0.9398 0.3177
vn 0.0001 -1.0000 -0.0006
vn -0.3775 0.9234 0.0696
vn -0.0800 0.6894 0.7200
vn -0.3071 -0.9046 -0.2957
vn 0.0222 -0.4816 0.8761
vn 0.5728 -0.6491 0.5006
vn 0.1831 0.9558 0.2300
vn 0.1469 0.8728 -0.4655
vn -0.0527 0.6097 0.7909
vn 0.3411 0.2408 0.9087
vn -0.7088 -0.0145 0.7053
vn 0.4218 0.8468 -0.3240
vn -0.2307 0.7059 -0.6697
vn 0.1623 -0.6922 0.7032
vn 0.4753 0.8602 -0.1847
vn 0.3028 0.7425 -0.5975
vn -0.5023 -0.4213 0.7551
vn -0.0021 0.0696 0.9976
vn 0.4638 0.7134 -0.5253
vn 0.8944 0.4246 0.1401
vn -0.5883 0.7291 0.3498
vn 0.1634 0.9091 0.3833
vn 0.8764 0.1980 0.4390
vn -0.2508 0.1851 -0.9502
vn 0.2489 -0.9651 0.0818
vn -0.5291 -0.6467 -0.5494
vn 0.6160 -0.5243 0.5879
vn 0.4371 -0.0021 0.8994
vn 0.3792 0.6078 0.6977
vn -0.0268 0.6523 0.7575
vn -0.0372 0.9412 0.3357
vn -0.5025 0.2355 0.8319
vn -0.6875 0.6216 0.3755
vn 0.0847 -0.7970 0.5980
vn 0.9836 -0.1218 0.1330
vn -0.6465 -0.6267 -0.4351
vn -0.0009 -1.0000 0.0047
vn -0.0010 -1.0000 0.0029
vn -0.0013 -1.0000 -0.0001
vn -0.1282 0.9799 0.1528
vn 0.7419 0.5967 -0.3058
vn -0.3213 0.9203 0.2233
vn 0.2102 0.5947 0.7760
vn 0.5697 0.5878 -0.5744
vn 0.5530 0.8007 -0.2302
vn 0.6851 -0.6003 0.4127
vn 0.2837 0.6368 0.7169
vn 0.4301 -0.0624 0.9006
vn 0.5159 0.7796 -0.3550
vn 0.7565 0.1728 -0.6308
vn 0.8142 -0.5346 0.2263
vn 0.1160 -0.8082 0.5773
vn 0.7843 0.1664 0.5977
vn -0.5067 0.5510 -0.6631
vn 0.5636 0.1406 -0.8140
vn 0.6917 0.6310 0.3512
vn 0.4908 0.8380 -0.2384
vn -0.1131 -0.9355 0.3346
vn -0.4422 0.5007 0.7442
vn -0.1129 0.7347 0.6690
vn 0.9265 0.3760 0.0159
vn 0.5658 0.1450 0.8117
vn 0.1574 0.0627 -0.9855
vn 0.0439 0.9902 0.1324
vn -0.0078 -0.0449 -0.9990
vn 0.8697 -0.1850 0.4577
vn 0.4074 -0.3352 0.8495
vn 0.4327 0.4717 -0.7683
vn 0.7316 0.6243 0.2740
vn 0.2706 0.8239 0.4979
vn -0.1350 0.2799 0.9505
vn -0.1950 0.9543 -0.2263
vn -0.2849 -0.4515 0.8456
vn 0.0743 0.2927 -0.9533
vn 0.2787 0.1032 -0.9548
vn 0.6411 0.3804 -0.6665
vn -0.0676 -0.0710 0.9952
vn 0.2552 0.1027 0.9614
vn -0.6706 -0.1580 0.7248
vn -0.2499 -0.1137 0.9616
vn 0.5673 -0.0841 -0.8192
vn 0.1169 0.8768 0.4664
vn 0.0471 -0.0076 -0.9989
vn -0.1702 0.9379 -0.3022
vn -0.0919 0.0217 -0.9955
vn 0.4199 -0.6225 0.6604
vn 0.9983 0.0077 0.0577
vn 0.2559 0.0038 -0.9667
vn 0.8252 -0.1569 0.5426
vn 0.9464 0.3126 -0.0813
vn -0.8095 0.0534 0.5846
vn 0.2261 0.9233 0.3105
vn -0.7374 -0.5067 -0.4467
vn -0.0695 0.0272 -0.9972
vn 0.3830 0.6295 0.6760
vn 0.1824 0.7523 0.6330
vn 0.5113 0.5599 -0.6520
vn -0.4537 -0.7941 0.4044
vn 0.6669 0.3315 0.6673
vn -0.1913 0.1781 -0.9652
vn -0.7382 0.6121 -0.2835
vn -0.1442 0.9113 0.3856
vn 0.8266 0.4427 -0.3475
vn -0.6250 0.2318 -0.7454
vn -0.1713 -0.6103 -0.7735
vn -0.2537 -0.2513 0.9341
vn 0.4598 0.0295 0.8875
vn 0.3862 0.0377 -0.9216
vn 0.9817 -0.1454 0.1231
vn -0.7289 0.2707 0.6288
vn -0.0010 -1.0000 0.0002
vn -0.0287 0.9548 0.2959
vn -0.4407 -0.8973 -0.0238
vn 0.9614 0.0007 0.2753
vn 0.9637 -0.0379 0.2644
vn 0.9991 0.0066 0.0411
vn 0.9797 0.0040 -0.2005
vn 0.9946 0.0145 -0.1029
vn 0.9980 0.0106 -0.0630
vn 0.9750 0.0359 0.2192
vn 0.1828 0.7144 0.6754
vn 0.9969 0.0704 0.0347
vn 0.9817 0.1144 0.1523
vn -0.9650 -0.2516 0.0741
vn -0.8482 0.1914 0.4939
vn 0.0032 -1.0000 -0.0001
vn 0.2222 -0.0260 -0.9747
vn 0.9419 0.2602 -0.2125
vn 0.9893 -0.0260 0.1438
vn 0.9935 0.0243 -0.1110
vn 0.9931 0.0422 0.1092
vn 0.9877 0.0543 -0.1464
vn 0.3488 0.6044 0.7163
vn 0.7838 0.3739 0.4958
vn 0.8788 0.2203 0.4233
vn 0.9928 0.1078 0.0514
vn 0.9519 0.1106 0.2856
vn 0.9904 0.0012 -0.1381
vn 0.9848 -0.0607 -0.1627
vn 0.2466 0.9555 0.1621
vn 0.9250 0.1707 0.3395
vn -0.8637 0.2447 0.4406
vn 0.0556 0.9295 0.3645
vn 0.9573 0.2536 0.1388
vn 0.8809 0.3305 0.3389
vn -0.5664 -0.4291 0.7036
vn 0.9542 -0.0038 0.2991
vn 0.6393 0.6641 0.3877
vn -0.4002 0.4766 0.7828
vn 0.9893 0.0820 -0.1203
vn 0.0034 0.9947 0.1026
vn 0.9833 0.0422 -0.1772
vn 0.2396 0.8902 0.3875
vn 0.9038 0.0989 0.4163
vn 0.9688 -0.0261 0.2463
vn 0.9143 0.0371 0.4033
vn 0.8709 0.4912 -0.0165
vn 0.6834 0.6563 0.3198
vn -0.0952 0.9943 0.0475
vn 0.7476 0.5706 0.3399
vn -0.9924 0.0959 -0.0775
vn 0.8320 0.3709 -0.4126
vn 0.3272 0.2705 -0.9054
vn -0.0210 0.9539 -0.2994
vn 0.9979 -0.0083 -0.0638
vn 0.9288 0.0477 0.3676
vn -0.6113 0.3855 0.6912
vn 0.8507 0.3553 0.3874
vn 0.2331 0.9330 0.2741
vn -0.6953 -0.1243 0.7079
vn -0.8882 0.2109 0.4082
vn 0.9472 -0.0808 0.3104
vn 0.8999 0.3555 -0.2526
vn 0.0236 0.8861 0.4628
vn 0.9849 0.0272 -0.1708
vn 0.9827 0.1209 -0.1400
vn 0.1506 0.9437 0.2944
vn 0.9804 0.0222 -0.1959
vn -0.6421 0.3065 -0.7027
vn 0.5458 0.7817 0.3017
vn -0.4594 -0.0861 0.8840
vn 0.7135 0.5030 0.4877
vn 0.9264 -0.0321 0.3751
vn 0.4119 0.0184 -0.9111
vn 0.4325 0.8730 0.2255
vn 0.8672 0.1341 0.4796
vn 0.7492 0.6605 0.0501
vn 0.5206 0.7587 0.3916
vn 0.9756 0.0794 -0.2049
vn 0.7712 0.6255 -0.1185
vn 0.7701 0.1679 0.6154
vn 0.8914 0.1714 0.4195
vn 0.8221 -0.2071 0.5303
vn -0.3973 0.0168 0.9175
vn 0.8527 0.4942 0.1692
vn 0.9552 0.0469 -0.2924
vn 0.9605 0.1477 0.2360
vn 0.9613 -0.1741 0.2136
vn 0.9308 -0.0912 0.3540
vn -0.0010 -1.0000 -0.0007
vn 0.7788 0.0185 -0.6270
vn 0.8824 0.0361 0.4691
vn 0.6367 0.7486 0.1851
vn 0.8248 0.5651 0.0191
vn 0.4330 0.8332 0.3440
vn -0.9056 0.3905 -0.1657
vn -0.9416 -0.0340 -0.3349
vn 0.8837 0.0371 0.4665
vn 0.8573 0.1364 0.4964
vn 0.2910 0.9040 0.3133
vn 0.8121 0.2470 -0.5286
vn 0.7927 0.4537 0.4071
vn 0.0539 0.0355 -0.9979
vn 0.7572 0.3708 0.5377
vn 0.8998 0.2475 0.3593
vn 0.8580 -0.2954 0.4203
vn -0.6307 -0.4240 0.6500
vn -0.2250 0.9731 -0.0502
vn 0.0411 -0.4826 -0.8749
vn 0.2602 0.2427 -0.9346
vn 0.0813 0.9429 0.3229
vn -0.5711 -0.4379 0.6943
vn 0.8077 0.5649 -0.1688
vn -0.7460 0.1222 -0.6546
vn 0.0177 0.0056 -0.9998
vn -0.0388 -0.0040 -0.9992
vn 0.1904 0.9750 0.1146
vn 0.5098 0.6295 0.5864
vn 0.4236 -0.0363 -0.9051
vn 0.4456 -0.0813 -0.8915
vn -0.9585 0.0161 0.2847
vn -0.9948 0.0605 -0.0816
vn -0.5798 0.0009 -0.8148
vn 0.4216 0.8024 0.4224
vn -0.9812 0.0244 -0.1912
vn -0.9985 0.0547 0.0057
vn 0.0552 0.9235 0.3795
vn 0.9375 0.1253 -0.3246
vn 0.9378 0.1231 -0.3246
vn 0.9375 0.1252 -0.3246
vn 0.3812 0.6924 0.6126
vn 0.3047 0.8600 0.4094
vn 0.8096 0.2500 0.5311
vn -0.9887 0.0135 0.1495
vn -0.9974 0.0618 -0.0370
vn 0.2895 0.9269 0.2387
vn -0.3154 0.4445 -0.8384
vn -0.9070 0.0602 -0.4169
vn 0.3046 0.4974 -0.8123
vn 0.9193 -0.1912 0.3439
vn 0.9951 -0.0835 -0.0523
vn -0.9562 -0.2519 -0.1490
vn -0.7760 -0.0992 -0.6229
vn 0.1896 0.2307 -0.9544
vn 0.9944 0.0813 -0.0682
vn 0.9376 0.1254 -0.3244
vn 0.3003 0.9114 0.2814
vn -0.1177 0.5040 -0.8556
vn 0.7930 0.3492 -0.4993
vn 0.9843 -0.0366 0.1727
vn 0.4529 0.5188 -0.7251
vn -0.9788 0.0550 -0.1973
vn 0.8658 0.0405 0.4987
vn 0.0353 -0.3386 0.9403
vn 0.9937 0.1055 0.0370
vn 0.7500 0.4893 -0.4450
vn 0.2300 0.9055 -0.3566
vn -0.7374 0.4237 -0.5260
vn -0.6471 0.7057 -0.2886
vn -0.6680 0.2945 -0.6834
vn 0.8142 0.2648 -0.5168
vn -0.9286 -0.3464 -0.1331
vn 0.8508 0.2674 -0.4524
vn 0.7218 0.4608 -0.5164
vn 0.8332 -0.3274 0.4456
vn 0.3703 0.4987 -0.7837
vn 0.1899 0.9306 0.3129
vn 0.8087 0.1752 -0.5615
vn 0.0533 -0.1984 -0.9787
vn -0.5345 0.1665 -0.8286
vn -0.4778 -0.4879 0.7305
vn 0.1792 0.9828 0.0454
vn -0.9231 0.2470 -0.2946
vn 0.6666 0.5192 0.5349
vn 0.2633 0.9527 0.1520
vn 0.2440 0.8855 -0.3953
vn 0.8077 0.2896 0.5136
vn 0.1444 0.9292 0.3401
vn 0.2066 0.8944 0.3967
vn 0.8929 0.2453 0.3776
vn 0.0057 0.8848 -0.4660
vn -0.9089 -0.3610 -0.2089
vn -0.4424 0.1304 -0.8873
vn 0.1292 0.9688 0.2115
vn -0.3821 0.2337 0.8941
vn -0.8024 -0.3705 -0.4679
vn 0.0561 0.9957 0.0743
vn -0.7214 0.4643 -0.5139
vn 0.7460 0.2851 0.6018
vn 0.0626 0.9764 -0.2066
vn -0.5042 -0.3748 0.7781
vn 0.7241 0.5548 0.4098
vn 0.3277 0.3088 -0.8929
vn 0.5585 0.7462 -0.3623
vn 0.8958 0.2085 -0.3926
vn -0.4242 -0.2757 -0.8626
vn 0.8928 0.1216 -0.4337
vn 0.6212 0.4966 0.6062
vn -0.4441 -0.5545 0.7038
vn -0.6653 0.5242 -0.5316
vn 0.9525 -0.0305 0.3031
vn 0.3088 0.8594 0.4076
vn -0.6513 0.2923 -0.7003
vn -0.0010 -1.0000 -0.0001
vn -0.8944 -0.3703 -0.2509
vn 0.8432 0.3692 -0.3908
vn -0.6233 -0.0212 0.7817
vn -0.2819 0.3877 0.8776
vn 0.8653 0.2458 -0.4369
vn -0.3458 0.2619 0.9010
vn 0.0891 0.9391 0.3319
vn 0.7734 0.4022 0.4900
vn 0.5974 0.6805 0.4242
vn -0.3006 0.7593 -0.5771
vn -0.1131 0.9203 0.3745
vn -0.4587 -0.5561 0.6930
vn 0.0006 0.9967 -0.0814
vn 0.8649 0.4741 0.1649
vn 0.9639 0.0288 -0.2648
vn 0.7544 0.4757 -0.4524
vn 0.6892 -0.7205 0.0767
vn -0.0068 0.9664 0.2570
vn -0.5369 -0.6067 0.5863
vn -0.9048 0.0501 0.4229
vn -0.5166 -0.7966 0.3140
vn 0.3243 -0.8401 0.4348
vn 0.6469 0.1415 0.7493
vn 0.7702 0.1527 -0.6193
vn -0.4623 -0.1265 0.8777
vn 0.7950 0.1702 0.5822
vn 0.9302 0.2687 0.2501
vn 0.6284 0.5313 -0.5682
vn 0.0177 0.8698 0.4931
vn 0.6087 0.1212 -0.7841
vn 0.7596 -0.3803 0.5277
vn 0.6118 0.7112 0.3462
vn 0.7410 0.3855 -0.5498
vn 0.2411 0.9622 0.1264
vn -0.2406 -0.1264 -0.9624
vn -0.0257 0.9942 -0.1047
vn 0.7605 -0.0363 0.6483
vn -0.8735 -0.4603 -0.1587
vn 0.7404 0.3934 -0.5450
vn 0.8045 -0.3001 0.5126
vn -0.4229 -0.9047 -0.0524
vn 0.0003 0.9328 0.3605
vn 0.3911 0.8536 0.3441
vn 0.6317 0.7752 0.0115
vn 0.0157 0.9985 0.0522
vn -0.9402 0.0389 0.3384
vn -0.5171 -0.3640 0.7747
vn -0.5637 0.5667 -0.6009
vn 0.8249 0.3696 0.4278
vn -0.2080 -0.6494 0.7315
vn 0.9071 0.2810 0.3134
vn 0.5462 0.6693 -0.5037
vn 0.5536 0.2573 -0.7920
vn -0.4609 0.8578 -0.2275
vn 0.0443 0.9721 0.2304
vn 0.4491 0.8912 -0.0641
vn 0.4188 0.8037 -0.4226
vn 0.1450 -0.2263 0.9632
vn -0.0374 -0.3580 0.9330
vn -0.7715 0.4569 0.4428
vn -0.2777 0.2265 -0.9336
vn 0.6205 0.3646 -0.6943
vn -0.0773 0.9213 0.3811
vn 0.3288 -0.7722 0.5436
vn 0.1025 0.7549 0.6478
vn 0.7685 0.4401 0.4644
vn 0.3050 0.9509 -0.0524
vn 0.7629 -0.2634 0.5904
vn 0.0755 0.9276 -0.3658
vn -0.0158 0.9990 -0.0423
vn 0.6673 -0.0629 0.7421
vn 0.7109 -0.5243 0.4688
vn 0.9125 0.3210 0.2536
vn -0.9569 -0.0306 0.2888
vn 0.8282 0.0024 0.5605
vn -0.8040 -0.5092 -0.3071
vn 0.5177 0.8549 -0.0347
vn 0.0100 0.9993 -0.0348
vn 0.4305 0.5695 -0.7002
vn -0.2035 0.2009 0.9582
vn -0.1772 -0.2493 -0.9521
vn -0.3728 -0.4274 -0.8236
vn -0.9860 -0.0263 0.1647
vn 0.3422 0.7098 0.6157
vn 0.9116 -0.1227 0.3925
vn -0.7395 0.6084 0.2882
vn -0.0524 -0.6091 0.7913
vn 0.2766 0.0360 0.9603
vn 0.6457 0.1744 -0.7434
vn -0.3079 0.4437 0.8416
vn -0.4517 0.8584 0.2433
vn 0.4281 0.8828 0.1931
vn 0.8180 -0.2579 0.5141
vn 0.1210 0.8681 -0.4814
vn 0.6512 0.6116 0.4492
vn 0.6972 0.6773 0.2349
vn 0.7974 -0.4374 0.4158
vn 0.7515 0.4881 0.4438
vn 0.8584 0.1397 0.4935
vn 0.4378 -0.0126 0.8990
vn 0.4188 0.8452 0.3321
vn -0.3939 0.7713 0.4999
vn 0.2449 0.9576 0.1516
vn 0.0599 -0.3490 0.9352
vn 0.9676 -0.2525 0.0036
vn -0.0475 0.8587 0.5103
vn 0.9473 0.2774 -0.1601
vn -0.2872 0.0446 -0.9568
vn -0.9391 -0.0206 0.3430
vn 0.6984 0.6419 0.3166
vn 0.5549 0.1899 -0.8099
vn 0.1434 0.6758 -0.7230
vn 0.5715 -0.3943 0.7197
vn 0.8453 0.4011 0.3529
vn -0.2287 -0.8634 -0.4497
vn 0.4192 -0.5213 0.7433
vn 0.7678 0.6310 0.1109
vn 0.7431 0.6576 0.1242
vn -0.7836 0.0236 0.6208
vn 0.7055 0.5401 -0.4589
vn 0.4995 -0.2883 0.8169
vn 0.1678 0.9729 -0.1591
vn 0.8258 0.4727 0.3075
vn 0.9480 0.3014 -0.1019
vn -0.0872 0.5418 -0.8360
vn 0.7642 0.4134 0.4951
vn 0.0320 0.9973 0.0654
vn 0.3639 -0.6124 0.7018
vn -0.4441 -0.1596 0.8817
vn 0.3905 0.3245 -0.8615
vn 0.3511 0.9361 0.0220
vn 0.9204 0.0864 0.3814
vn 0.6297 -0.5154 0.5813
vn 0.7434 -0.3715 0.5561
vn 0.6780 0.7349 0.0153
vn 0.8340 0.1646 -0.5266
vn 0.0520 0.0865 0.9949
vn 0.7385 -0.2267 0.6350
vn 0.7085 0.1529 0.6890
vn 0.9322 0.2527 0.2592
vn -0.6140 -0.6175 -0.4916
vn 0.0844 -0.3701 0.9252
vn -0.0700 0.5531 0.8302
vn 0.7919 0.4942 0.3587
vn 0.4897 0.3276 -0.8080
vn 0.3049 0.7194 0.6241
vn 0.7396 -0.2323 0.6317
vn 0.2107 0.0387 0.9768
vn 0.3956 0.8488 0.3509
vn 0.2525 0.6640 0.7038
vn -0.0347 0.1764 -0.9837
vn 0.5584 0.8295 -0.0136
vn 0.3773 0.6512 0.6585
vn 0.6537 -0.2179 0.7247
vn 0.3323 0.8317 0.4447
vn 0.3190 -0.4456 0.8364
vn 0.0395 0.9829 -0.1798
vn 0.3432 0.9215 0.1821
vn 0.7483 0.5877 0.3077
vn -0.0114 0.9161 -0.4008
vn -0.4477 -0.1617 0.8794
vn 0.0001 -1.0000 -0.0009
vn 0.8000 0.2081 0.5627
vn 0.0783 0.9775 0.1958
vn -0.0004 -1.0000 -0.0001
vn 0.0632 0.9489 0.3091
vn 0.4098 0.9041 -0.1209
vn 0.0217 0.7802 0.6252
vn 0.2139 0.9323 0.2916
vn 0.2628 0.9089 0.3239
vn 0.2160 0.5164 -0.8286
vn 0.2557 0.9256 0.2791
vn 0.8362 0.2885 0.4664
vn 0.0197 0.9909 -0.1328
vn -0.1804 -0.9397 -0.2907
vn -0.2792 -0.3155 0.9069
vn -0.0794 0.9146 -0.3964
vn 0.1005 0.7189 -0.6878
vn -0.0786 0.3095 0.9476
vn 0.0789 0.9720 -0.2213
vn 0.2915 0.7317 0.6161
vn -0.0954 0.0380 0.9947
vn 0.6277 0.7742 0.0812
vn 0.5416 0.5837 0.6049
vn 0.1010 0.9857 0.1349
vn 0.4680 0.5168 0.7168
vn 0.3424 -0.4191 0.8409
vn -0.0010 0.9977 -0.0671
vn -0.1123 0.2234 -0.9682
vn -0.4659 0.8033 0.3711
vn 0.0121 0.5775 -0.8163
vn 0.0169 -0.9336 0.3580
vn 0.1397 0.8825 0.4491
vn -0.0577 0.7615 -0.6456
vn -0.0226 0.8749 0.4838
vn 0.6432 0.0152 0.7656
vn 0.0440 0.9896 0.1369
vn -0.7035 -0.1660 -0.6910
vn -0.1962 0.5818 0.7893
vn -0.2401 0.4994 -0.8324
vn -0.9350 0.2572 -0.2441
vn -0.9985 -0.0524 0.0154
vn -0.1192 0.7799 0.6144
vn 0.0576 0.8862 0.4597
vn -0.2880 0.7599 -0.5828
vn 0.0906 0.8735 -0.4783
vn -0.1209 0.9901 0.0718
vn -0.1702 -0.9844 -0.0453
vn -0.1992 0.6920 -0.6938
vn -0.1821 0.0641 -0.9812
vn 0.2362 -0.1863 0.9537
vn -0.1540 0.8727 0.4634
vn 0.4957 -0.2461 0.8329
vn 0.0424 0.9833 0.1773
vn 0.1837 0.4384 -0.8798
vn 0.1215 0.6016 0.7895
vn -0.0075 0.9598 0.2806
vn -0.2109 0.9531 0.2171
vn 0.3100 0.7352 0.6029
vn 0.0916 0.5686 -0.8175
vn 0.1635 0.3004 0.9397
vn -0.1279 0.9749 0.1823
vn 0.0942 0.2227 0.9703
vn -0.1467 0.6470 0.7482
vn 0.3176 0.4838 0.8155
vn 0.3151 0.8527 0.4166
vn 0.2399 0.9078 0.3440
vn -0.1119 0.9914 0.0686
vn 0.1822 -0.4748 -0.8610
vn 0.3572 0.5083 -0.7836
vn 0.4733 0.5781 -0.6647
vn -0.2971 0.3217 -0.8990
vn -0.0422 0.8396 -0.5415
vn -0.0409 -0.9676 0.2490
vn 0.1668 0.4624 0.8708
vn 0.3651 -0.0741 0.9280
vn 0.0707 -0.3327 0.9404
vn 0.3075 0.9466 -0.0969
vn -0.0432 0.7834 0.6200
vn 0.1081 0.1958 0.9747
vn 0.2353 0.1253 -0.9638
vn 0.6177 0.3014 0.7264
vn 0.1340 0.9595 -0.2476
vn 0.4280 -0.1778 0.8861
vn -0.1846 0.3462 0.9198
vn 0.0370 0.8779 0.4774
vn 0.2099 0.9543 0.2127
vn 0.1315 0.9324 0.3367
vn -0.0177 0.9493 0.3138
vn -0.2271 0.9689 0.0983
vn 0.1360 0.7588 -0.6370
vn 0.3794 0.8283 0.4123
vn 0.3454 0.0762 0.9354
vn 0.0148 0.7913 0.6113
vn -0.1416 -0.9204 -0.3644
vn -0.2071 0.9627 0.1740
vn 0.0701 0.9908 -0.1154
vn -0.0542 0.4356 -0.8985
vn 0.1088 -0.0621 0.9921
vn 0.0876 0.0403 0.9953
vn -0.7516 -0.0472 0.6579
vn -0.2876 0.9532 0.0932
vn -0.0000 0.8232 0.5677
vn 0.6098 -0.1075 -0.7853
vn -0.1048 0.9609 0.2563
vn 0.3919 0.9195 -0.0293
vn -0.4828 -0.8658 -0.1315
vn -0.0108 0.9771 0.2127
vn -0.6403 -0.4623 0.6134
vn 0.0460 -0.1582 0.9863
vn -0.2409 0.5770 0.7804
vn -0.2047 0.2482 0.9468
vn -0.2678 0.3831 0.8840
vn -0.5940 0.5487 0.5883
vn 0.4110 0.2469 0.8776
vn 0.0022 -1.0000 0.0048
vn 0.0122 0.7735 0.6337
vn -0.0817 0.7458 -0.6611
vn 0.0442 -0.6769 0.7348
vn 0.3183 0.2054 0.9255
vn 0.5866 0.7448 -0.3181
vn -0.0143 0.8285 0.5598
vn 0.7814 0.2256 -0.5819
vn 0.2683 0.2189 0.9381
vn 0.2408 0.5761 0.7811
vn -0.1291 0.9894 0.0661
vn 0.1323 -0.1680 0.9769
vn -0.0458 0.0001 -0.9990
vn 0.1994 0.9733 0.1138
vn 0.0171 0.9677 0.2517
vn 0.1801 0.2992 0.9370
vn -0.0738 0.9963 0.0449
vn 0.6588 0.7056 -0.2610
vn -0.0887 0.9917 0.0934
vn -0.2373 0.9631 0.1267
vn -0.0218 0.9738 -0.2264
vn 0.1629 0.9707 0.1765
vn 0.3429 0.2414 0.9078
vn -0.2762 0.9594 0.0580
vn 0.0098 0.1019 0.9947
vn 0.8141 0.3460 -0.4663
vn 0.1228 0.7571 0.6417
vn -0.0260 0.6822 0.7307
vn -0.0058 0.8590 0.5119
vn -0.6819 0.6609 -0.3135
vn -0.2150 0.2302 -0.9491
vn -0.1342 0.9898 -0.0472
vn -0.0100 0.8067 0.5909
vn 0.3096 -0.3296 0.8919
vn 0.0730 0.4011 0.9131
vn 0.0484 -0.1212 -0.9914
vn -0.2385 0.9526 0.1891
vn 0.6010 0.7354 -0.3130
vn 0.2519 0.8264 0.5035
vn 0.6755 0.1590 -0.7200
vn 0.0845 0.1216 0.9890
vn -0.0881 0.6166 0.7824
vn 0.0401 0.1242 0.9914
vn 0.3081 0.0039 0.9513
vn -0.0524 0.3609 0.9311
vn 0.4002 0.7721 0.4936
vn 0.5552 0.6466 0.5231
vn -0.3426 -0.9172 0.2036
vn 0.0775 0.9965 0.0299
vn -0.7490 0.5339 -0.3923
vn -0.2972 0.1863 0.9365
vn -0.4123 0.9091 0.0600
vn -0.7116 0.6982 -0.0784
vn 0.1958 0.9802 -0.0305
vn 0.0650 0.7530 0.6548
vn -0.1862 0.9825 -0.0018
vn 0.6423 0.6722 -0.3682
vn 0.3228 0.9415 -0.0973
vn -0.1434 0.9759 0.1646
vn -0.2593 0.9580 0.1225
vn -0.0702 -0.4258 -0.9021
vn 0.0184 0.0672 0.9976
vn -0.1175 0.9863 0.1162
vn 0.4565 0.8228 0.3384
vn 0.0507 0.8960 -0.4412
vn 0.1551 0.9818 0.1096
vn 0.3106 0.1541 -0.9380
vn 0.1251 0.9815 0.1452
vn -0.0445 0.9416 0.3339
vn -0.4025 0.9152 -0.0198
vn 0.4118 0.5067 -0.7574
vn 0.0215 0.9991 0.0366
vn 0.0111 0.9998 -0.0180
vn 0.1205 0.8511 0.5109
vn -0.5993 -0.3205 0.7335
vn 0.1159 0.9916 0.0578
vn 0.0112 0.9999 -0.0018
vn 0.0465 0.6259 0.7785
vn -0.7476 -0.0581 -0.6616
vn 0.1149 0.9933 0.0109
vn 0.0530 0.0679 0.9963
vn -0.3576 -0.1964 0.9130
vn -0.1199 0.9927 0.0143
vn 0.5472 0.5374 0.6416
vn 0.3303 -0.5910 0.7360
vn -0.4066 0.1382 -0.9031
vn -0.7777 0.5174 -0.3572
vn -0.6421 -0.7124 0.2831
vn -0.4322 0.2551 -0.8649
vn 0.1926 0.6550 -0.7307
vn -0.5798 0.8064 -0.1164
vn -0.0148 -0.1657 0.9861
vn 0.1849 0.0618 -0.9808
vn -0.3126 0.9232 0.2235
vn 0.0022 0.9991 0.0421
vn -0.2122 0.9771 0.0173
vn 0.0529 0.9381 0.3423
vn 0.1146 -0.2620 0.9582
vn 0.4276 0.6757 0.6005
vn 0.1448 0.1589 -0.9766
vn -0.1553 0.9767 0.1484
vn 0.1218 0.8587 -0.4979
vn 0.0027 0.1731 -0.9849
vn 0.0404 0.9983 0.0416
vn 0.0174 0.9981 0.0592
vn 0.1400 0.8361 -0.5305
vn 0.2063 0.8820 0.4237
vn -0.5047 0.8359 -0.2156
vn -0.1667 0.2906 -0.9422
vn -0.0179 0.9967 0.0798
vn -0.2454 0.0494 -0.9682
vn -0.0236 0.9991 -0.0350
vn -0.0585 0.9878 0.1446
vn -0.1248 0.8784 0.4613
vn 0.1256 0.0552 0.9905
vn 0.0150 -0.4526 0.8916
vn -0.6205 0.5341 -0.5742
vn 0.2941 0.5347 -0.7922
vn -0.2279 0.1637 0.9598
vn 0.1093 0.1023 0.9887
vn -0.0691 0.9936 0.0897
vn -0.0654 0.9978 -0.0128
vn -0.5434 -0.8123 -0.2119
vn 0.0197 0.5746 0.8182
vn 0.2921 0.3892 -0.8736
vn -0.0245 0.0451 -0.9987
vn -0.0206 0.6373 0.7703
vn 0.1747 -0.0861 0.9808
vn -0.3532 0.3247 0.8774
vn -0.2113 0.6763 -0.7057
vn 0.1479 0.9883 0.0380
vn -0.1417 0.9896 -0.0231
vn 0.0289 0.9990 -0.0354
vn -0.5348 0.3493 -0.7694
vn 0.3810 0.8978 0.2210
vn -0.0152 -0.3140 -0.9493
vn -0.1974 0.9732 0.1180
vn -0.1882 0.8825 0.4310
vn -0.0347 0.9989 0.0323
vn -0.0941 0.9944 0.0483
vn 0.1966 -0.2030 0.9592
vn 0.2512 0.2120 0.9444
vn 0.7709 -0.3659 -0.5213
vn -0.5962 0.3291 0.7322
vn -0.4080 0.8842 0.2274
vn -0.1238 0.5939 0.7949
vn -0.2035 0.0534 0.9776
vn -0.2286 0.9618 0.1507
vn -0.0700 0.6224 0.7795
vn 0.0146 0.9973 0.0718
vn -0.1424 0.9846 0.1013
vn 0.2347 0.9083 0.3462
vn 0.2648 -0.2911 0.9193
vn 0.2328 0.7577 0.6097
vn -0.0781 0.9627 0.2589
vn 0.3269 -0.1955 -0.9246
vn 0.4757 -0.0075 0.8796
vn -0.1249 0.9899 0.0673
vn 0.7134 0.3509 0.6066
vn -0.0354 0.9992 0.0174
vn -0.0772 0.7010 0.7089
vn -0.7896 0.0853 -0.6076
vn 0.5216 0.1791 0.8342
vn -0.1869 0.8058 0.5619
vn -0.8381 0.5146 -0.1808
vn -0.1187 0.2473 0.9616
vn -0.2597 0.8648 -0.4298
vn 0.0749 0.9953 -0.0620
vn -0.0010 0.9896 0.1437
vn -0.1509 0.3653 0.9186
vn 0.0793 0.9961 0.0381
vn -0.6018 -0.3284 -0.7280
vn -0.4217 -0.1002 0.9012
vn -0.0087 -0.3213 0.9469
vn 0.4457 0.6073 0.6576
vn -0.1035 0.7396 0.6650
vn -0.2794 0.1729 -0.9445
vn -0.2544 -0.5559 0.7914
vn -0.4374 -0.1807 0.8809
vn -0.0459 0.4594 0.8870
vn -0.8158 0.5747 0.0648
vn -0.5144 0.0577 0.8556
vn -0.5183 0.1065 0.8485
vn -0.4842 -0.1568 0.8608
vn -0.0565 0.3836 0.9218
vn -0.0884 0.9903 0.1068
vn -0.0618 -0.9184 0.3907
vn -0.6548 0.2570 -0.7108
vn 0.0151 0.8976 0.4406
vn -0.1245 0.9867 0.1042
vn -0.1949 0.7260 0.6595
vn 0.0413 -0.6469 0.7615
vn -0.0554 0.9976 0.0416
vn 0.2424 0.1811 -0.9531
vn -0.2327 0.9430 -0.2378
vn 0.1679 0.9827 -0.0786
vn 0.1649 0.6859 0.7088
vn -0.4060 0.5260 0.7473
vn -0.0627 -0.0375 0.9973
vn -0.0337 0.9940 0.1041
vn -0.3524 0.2921 0.8891
vn -0.1725 0.3527 0.9197
vn -0.9032 0.0265 -0.4284
vn -0.0354 -0.4423 0.8962
vn -0.1381 0.2939 -0.9458
vn 0.0331 0.9984 0.0449
vn -0.0187 0.9993 0.0326
vn -0.2865 0.2885 0.9136
vn -0.1828 0.9079 -0.3772
vn 0.2109 0.9775 -0.0058
vn -0.3956 -0.9015 -0.1753
vn -0.8576 0.0631 -0.5104
vn -0.7796 0.2579 -0.5706
vn -0.0797 0.1649 -0.9831
vn -0.5680 -0.0634 0.8206
vn -0.2272 0.2583 0.9390
vn -0.1404 0.5987 0.7886
vn -0.2782 0.3046 0.9109
vn 0.2946 -0.0086 0.9556
vn -0.1105 0.9936 0.0245
vn 0.0531 0.9662 0.2521
vn 0.1246 -0.9717 0.2007
vn -0.0662 0.9524 0.2975
vn 0.0720 0.9974 0.0050
vn 0.2519 0.8136 0.5240
vn -0.2654 0.9160 -0.3007
vn -0.8612 0.0589 -0.5049
vn -0.7307 0.4282 -0.5317
vn 0.1674 0.9858 -0.0093
vn -0.1024 0.9869 0.1245
vn 0.5821 0.8022 0.1327
vn -0.8485 0.0885 -0.5218
vn -0.2278 0.5668 -0.7918
vn 0.2695 0.3739 -0.8874
vn -0.1213 0.6769 0.7260
vn 0.4327 0.8775 -0.2068
vn -0.0325 -0.3526 0.9352
vn -0.2774 -0.0133 0.9607
vn -0.3007 -0.1686 0.9387
vn 0.4278 0.5855 -0.6886
vn 0.1041 -0.6384 -0.7626
vn -0.1409 -0.2355 0.9616
vn -0.0604 0.9981 0.0130
vn 0.7029 0.6406 0.3092
vn 0.6852 0.6741 -0.2759
vn -0.0796 -0.2964 0.9517
vn -0.6292 0.2796 0.7252
vn -0.4622 0.5401 0.7034
vn -0.1119 0.1849 -0.9764
vn -0.0225 0.9997 -0.0059
vn 0.1758 0.9612 -0.2127
vn 0.6854 0.7278 -0.0227
vn -0.4599 0.4797 -0.7472
vn -0.6521 0.0181 -0.7579
vn 0.2562 0.6596 0.7066
vn -0.1824 -0.0061 0.9832
vn 0.0770 0.9889 0.1271
vn -0.3439 -0.1492 0.9271
vn -0.5855 0.3196 -0.7450
vn -0.0380 -0.9277 -0.3714
vn 0.1972 0.9795 -0.0419
vn -0.3815 0.5353 -0.7536
vn -0.0135 -0.2740 0.9616
vn 0.2579 0.2401 -0.9359
vn 0.4471 0.0901 -0.8899
vn 0.8130 0.4176 0.4058
vn 0.0466 0.9979 0.0455
vn 0.7317 0.6790 0.0592
vn 0.5798 0.1121 -0.8070
vn 0.0976 0.9906 0.0954
vn -0.3662 0.7461 -0.5562
vn 0.7724 0.4032 -0.4907
vn 0.0199 0.9994 -0.0293
vn 0.2949 0.3880 -0.8732
vn 0.6664 0.6929 0.2753
vn -0.2616 0.9188 -0.2956
vn 0.0514 -0.0046 0.9987
vn 0.1848 0.9824 0.0288
vn -0.5753 0.6848 0.4474
vn 0.0382 0.9935 0.1074
vn -0.0407 0.9546 0.2952
vn 0.3019 0.4277 -0.8520
vn -0.8407 0.4234 -0.3376
vn 0.2731 -0.4604 0.8447
vn -0.6453 0.2706 -0.7144
vn 0.8444 0.4128 -0.3414
vn 0.6306 0.4870 -0.6043
vn 0.2186 0.0755 0.9729
vn 0.7231 -0.3755 -0.5797
vn 0.4537 0.8556 -0.2494
vn 0.2509 0.8135 0.5246
vn 0.4175 0.9032 0.0993
vn 0.0650 0.9954 0.0699
vn 0.8634 0.4892 -0.1232
vn -0.9471 0.0290 -0.3196
vn -0.0958 0.9945 -0.0433
vn -0.2194 0.8993 0.3784
vn -0.1343 0.8537 0.5031
vn 0.7572 0.3247 -0.5667
vn -0.6264 0.7486 -0.2173
vn 0.6010 0.0535 -0.7974
vn 0.0766 0.9958 0.0502
vn 0.9858 0.1640 0.0365
vn 0.7727 -0.3506 0.5292
vn 0.9713 -0.0383 -0.2349
vn -0.6405 0.3678 -0.6741
vn -0.3959 0.3544 0.8471
vn -0.3471 0.5036 0.7911
vn 0.6229 0.2900 -0.7266
vn -0.1709 0.9849 -0.0286
vn -0.3110 0.2564 -0.9152
vn -0.7411 0.6713 -0.0064
vn 0.9505 0.2868 -0.1192
vn 0.9441 0.2642 -0.1972
vn 0.9295 0.3643 0.0567
vn 0.3587 0.9328 -0.0340
vn 0.5784 0.7641 -0.2855
vn 0.5060 -0.1985 0.8394
vn -0.6311 0.7659 0.1232
vn 0.5867 -0.6350 0.5025
vn -0.5570 -0.3237 -0.7648
vn 0.0740 0.9922 0.1007
vn -0.5647 -0.1489 0.8118
vn -0.2303 0.9653 0.1233
vn -0.9963 -0.0687 -0.0518
vn -0.9788 -0.0398 -0.2009
vn 0.6341 0.0203 -0.7730
vn 0.8020 0.2537 -0.5408
vn 0.1177 0.8894 0.4416
vn 0.0476 0.9987 0.0168
vn 0.8419 0.0817 0.5334
vn -0.0675 0.9571 0.2818
vn -0.5456 -0.1187 0.8296
vn -0.5142 0.7468 0.4218
vn -0.3961 0.9034 0.1641
vn -0.2744 0.5201 -0.8089
vn -0.1502 0.2314 -0.9612
vn 0.1610 0.9865 0.0290
vn 0.2624 0.3566 0.8967
vn 0.3679 0.9147 -0.1670
vn 0.0877 0.7520 0.6533
vn 0.6929 0.3265 0.6429
vn -0.4433 -0.0690 0.8937
vn 0.4160 -0.8558 0.3075
vn 0.2483 -0.0643 -0.9665
vn -0.4395 -0.0370 0.8975
vn -0.8247 -0.2120 -0.5244
vn 0.6817 0.7300 0.0491
vn 0.2047 0.2368 -0.9497
vn 0.7036 0.7065 -0.0762
vn 0.8926 -0.4394 0.1007
vn -0.5732 0.7885 0.2228
vn 0.1398 0.3780 0.9152
vn 0.5303 0.1311 0.8376
vn -0.7260 0.5135 0.4575
vn 0.4172 -0.7792 0.4677
vn 0.0887 0.8569 -0.5078
vn -0.1294 0.9223 0.3643
vn -0.6809 0.4748 -0.5576
vn -0.7464 0.4585 0.4824
vn 0.2190 0.2239 -0.9497
vn 0.2663 0.9385 -0.2200
vn -0.4396 -0.0449 -0.8971
vn -0.7882 0.5011 0.3573
vn 0.5748 0.7254 -0.3787
vn 0.7161 0.0532 -0.6960
vn -0.2359 0.9659 0.1066
vn 0.8123 0.5388 -0.2233
vn -0.2336 0.4090 0.8821
vn 0.8859 0.0644 -0.4593
vn 0.0449 0.9988 0.0177
vn -0.7902 0.4342 0.4325
vn -0.8893 -0.0873 0.4489
vn -0.4654 0.1902 0.8644
vn 0.0004 0.9998 -0.0195
vn -0.0680 0.9959 -0.0599
vn 0.6794 -0.0638 -0.7310
vn 0.0890 0.6107 -0.7868
vn 0.8793 0.4647 0.1045
vn -0.2098 0.9418 -0.2627
vn 0.9464 -0.2879 0.1465
vn -0.1438 -0.8768 0.4589
vn -0.4591 0.3587 0.8128
vn -0.9489 0.1330 -0.2862
vn -0.7332 0.6591 -0.1671
vn -0.8524 0.2059 -0.4807
vn 0.6641 0.0287 -0.7471
vn 0.6472 -0.0177 -0.7621
vn -0.0321 0.7144 -0.6990
vn -0.1899 -0.4982 -0.8460
vn -0.5832 0.8122 0.0105
vn -0.0669 0.3858 0.9202
vn -0.2463 0.6696 0.7007
vn 0.6194 -0.0572 -0.7830
vn 0.6480 -0.0042 -0.7616
vn -0.7632 0.1452 -0.6296
vn -0.5414 0.6462 0.5378
vn -0.3532 -0.1304 -0.9264
vn 0.9855 0.1655 0.0371
vn -0.3581 0.9329 0.0389
vn 0.9657 0.2003 0.1650
vn -0.6377 -0.1652 -0.7524
vn -0.0789 0.9598 0.2695
vn 0.7367 -0.0282 0.6756
vn -0.5409 0.7705 0.3373
vn 0.2234 -0.9568 -0.1862
vn 0.0890 0.9959 0.0162
vn 0.7744 0.1263 -0.6200
vn -0.5432 0.4849 -0.6854
vn -0.7827 0.3511 0.5140
vn -0.5299 -0.1829 -0.8281
vn -0.4787 0.5059 -0.7175
vn 0.3449 -0.0555 -0.9370
vn 0.0154 0.9995 0.0272
vn 0.8489 -0.2375 0.4721
vn 0.7616 -0.1541 -0.6295
vn -0.0583 -0.9646 0.2573
vn -0.5384 -0.3668 0.7587
vn 0.0350 0.9992 0.0175
vn 0.0474 0.9924 0.1133
vn -0.0651 0.9800 0.1880
vn -0.8059 -0.4292 0.4077
vn -0.7441 -0.6526 0.1428
vn -0.9632 0.2358 -0.1293
vn -0.5826 -0.4505 -0.6765
vn -0.2944 0.9546 0.0457
vn -0.6035 0.6306 0.4880
vn -0.6877 -0.1816 -0.7029
vn -0.4395 0.7918 0.4241
vn -0.7101 0.6211 -0.3317
vn 0.6703 0.5891 0.4512
vn 0.5393 -0.1067 -0.8353
vn 0.0245 0.9995 0.0219
vn -0.2211 0.9526 0.2092
vn 0.0146 -0.9999 0.0047
vn -0.2320 -0.0217 -0.9725
vn 0.7176 -0.0441 -0.6951
vn 0.6606 0.5493 -0.5117
vn -0.5853 -0.2704 0.7644
vn -0.4489 -0.6932 0.5639
vn -0.7002 0.1877 0.6888
vn -0.1052 0.2089 -0.9723
vn 0.2736 0.4112 -0.8695
vn -0.1327 0.9657 -0.2233
vn 0.0820 -0.9282 -0.3630
vn -0.3950 0.8182 0.4177
vn -0.6692 0.7308 0.1346
vn 0.1988 0.1874 -0.9620
vn -0.2660 0.7726 0.5765
vn 0.3221 -0.6494 -0.6889
vn -0.4739 -0.1216 0.8721
vn -0.2266 0.9643 0.1370
vn -0.4299 0.8970 -0.1027
vn 0.2341 -0.1637 0.9583
vn 0.3489 -0.3982 0.8483
vn -0.5012 -0.2454 -0.8298
vn 0.3131 0.9322 -0.1815
vn -0.7750 -0.2211 -0.5920
vn 0.0001 -1.0000 -0.0052
vn 0.6184 0.7679 -0.1670
vn 0.6549 0.0561 -0.7536
vn -0.5406 -0.2227 0.8113
vn -0.6996 0.7099 -0.0816
vn -0.5195 -0.7966 0.3092
vn 0.8409 0.4695 -0.2693
vn 0.0921 0.3017 -0.9489
vn -0.5150 0.4430 -0.7338
vn 0.3248 0.7964 0.5101
vn -0.0983 0.9952 0.0006
vn 0.0449 -0.2981 -0.9535
vn 0.3199 0.1552 -0.9347
vn 0.1055 0.1322 -0.9856
vn -0.2527 -0.2602 -0.9319
vn -0.0388 0.4597 0.8872
vn -0.0010 -0.9986 0.0534
vn 0.3775 0.2896 -0.8796
vn 0.4368 -0.8331 0.3394
vn -0.4324 -0.4302 0.7924
vn -0.0200 -0.1108 -0.9936
vn -0.3781 -0.1558 -0.9126
vn -0.6204 0.3784 0.6870
vn 0.7058 0.6634 -0.2486
vn -0.7753 -0.6310 -0.0261
vn -0.3017 0.2745 0.9130
vn -0.0729 0.9574 0.2794
vn -0.0102 0.9984 -0.0559
vn -0.7699 -0.0923 -0.6315
vn -0.7831 0.3172 0.5348
vn -0.0390 0.9966 -0.0732
vn -0.4673 0.0318 0.8835
vn -0.8558 -0.2267 -0.4650
vn -0.8462 0.1778 0.5023
vn -0.0286 0.9930 -0.1142
vn -0.0797 -0.0730 0.9941
vn 0.3706 0.9208 0.1212
vn -0.1342 0.1956 -0.9715
vn -0.3921 -0.2041 -0.8970
vn -0.7341 0.4864 0.4739
vn 0.3715 0.5016 0.7813
vn -0.4709 0.4449 0.7618
vn -0.1309 0.9564 0.2611
vn 0.8378 -0.0100 -0.5458
vn -0.2063 0.9425 -0.2629
vn 0.1722 0.8720 0.4582
vn -0.3797 0.5557 0.7396
vn -0.4693 0.0617 -0.8809
vn 0.0291 0.9996 0.0053
vn 0.3138 -0.0336 -0.9489
vn -0.5170 0.0354 0.8552
vn -0.2791 -0.5245 0.8044
vn -0.3286 0.8049 0.4942
vn 0.2148 -0.3167 0.9239
vn 0.8225 0.4980 0.2748
vn 0.3073 0.4657 0.8299
vn -0.8669 0.0971 0.4889
vn 0.6242 -0.6565 -0.4235
vn -0.2551 0.9503 0.1784
vn 0.3509 -0.1283 -0.9276
vn 0.8404 -0.3420 0.4204
vn 0.5185 0.1940 0.8328
vn 0.4818 -0.6912 0.5387
vn 0.0009 -1.0000 0.0062
vn 0.5216 0.5465 0.6552
vn 0.7747 0.0165 0.6321
vn 0.5815 0.4769 0.6591
vn -0.1687 0.9826 -0.0774
vn 0.0796 0.3091 0.9477
vn -0.2895 0.7662 0.5738
vn -0.7614 -0.0022 0.6483
vn 0.3739 -0.1452 -0.9160
vn -0.4862 0.5501 0.6789
vn -0.5041 0.4398 0.7433
vn -0.6397 0.1326 -0.7571
vn -0.0559 0.9873 -0.1488
vn 0.3502 0.9356 -0.0451
vn -0.8454 0.5263 0.0909
vn -0.9506 0.2869 0.1187
vn 0.0463 0.8409 0.5392
vn -0.3166 0.8844 0.3430
vn -0.9788 0.1102 0.1725
vn 0.0950 -0.6435 -0.7595
vn 0.3677 -0.2998 -0.8803
vn 0.1567 -0.9450 -0.2869
vn -0.0084 0.9996 0.0263
vn 0.6114 -0.1500 0.7770
vn -0.8475 -0.3704 0.3802
vn -0.5560 -0.0375 0.8303
vn 0.0268 -0.9993 0.0271
vn -0.6179 -0.2303 0.7518
vn 0.4115 0.7296 0.5462
vn -0.2924 0.1753 0.9401
vn -0.8199 0.5693 0.0612
vn 0.5932 0.3974 0.7001
vn -0.3195 0.8073 -0.4963
vn -0.2346 -0.1459 0.9611
vn 0.3336 -0.0586 -0.9409
vn 0.0187 0.0311 0.9993
vn -0.1092 0.9766 0.1854
vn 0.2674 0.9386 -0.2181
vn 0.3940 -0.0937 -0.9143
vn -0.5740 0.0969 -0.8131
vn -0.7229 0.4112 0.5552
vn -0.1784 0.8928 0.4137
vn 0.5073 -0.4578 0.7301
vn 0.3947 0.6638 0.6353
vn 0.4638 -0.2161 0.8592
vn 0.1493 0.8549 0.4968
vn -0.2093 0.9768 -0.0455
vn 0.2055 0.0303 0.9782
vn 0.3893 -0.2000 -0.8991
vn 0.4794 0.5178 0.7086
vn -0.5660 0.0437 0.8233
vn -0.5423 -0.3213 0.7763
vn -0.0635 0.9768 0.2045
vn 0.5692 -0.1328 0.8114
vn -0.5321 -0.1382 0.8353
vn 0.5401 0.1761 0.8230
vn -0.4710 0.3889 0.7918
vn -0.3023 0.6260 0.7189
vn 0.0375 0.6125 -0.7896
vn 0.1050 -0.7470 0.6565
vn -0.0115 0.9826 0.1854
vn 0.0005 -1.0000 0.0015
vn -0.0000 -1.0000 -0.0093
vn -0.0004 -1.0000 -0.0082
vn 0.3109 0.9423 -0.1240
vn -0.1218 0.9795 0.1607
vn -0.0006 -1.0000 -0.0096
vn -0.6576 -0.0978 0.7470
vn -0.6931 0.3087 0.6514
vn -0.4377 0.7386 0.5127
vn 0.3878 0.7913 0.4728
vn 0.4098 -0.0494 -0.9108
vn -0.5356 0.0723 0.8414
vn 0.0189 0.9917 0.1273
vn 0.8054 -0.0611 0.5896
vn 0.0146 0.9994 -0.0326
vn -0.6244 0.4482 0.6397
vn -0.0058 0.9997 0.0243
vn 0.3578 0.7477 0.5594
vn -0.3980 0.4045 -0.8234
vn -0.0448 0.9967 -0.0671
vn -0.4976 0.6285 0.5977
vn -0.7626 -0.1545 0.6281
vn -0.4183 0.7278 0.5435
vn 0.9492 -0.2665 0.1672
vn -0.6655 0.0096 0.7463
vn 0.3799 -0.0759 0.9219
vn -0.5101 0.7038 0.4944
vn -0.7598 0.6403 -0.1133
vn 0.7800 -0.1729 0.6014
vn -0.0556 0.2772 0.9592
vn -0.3838 0.1368 -0.9132
vn 0.4211 -0.0760 -0.9038
vn -0.6845 -0.2830 0.6719
vn -0.1568 0.9876 -0.0110
vn -0.6975 -0.1930 0.6901
vn 0.7330 0.5424 -0.4106
vn 0.2238 0.6849 0.6934
vn 0.2021 0.9335 -0.2963
vn -0.2455 0.9303 0.2726
vn 0.4811 0.1100 0.8697
vn 0.4119 -0.1401 -0.9004
vn 0.3650 0.1403 0.9204
vn 0.0887 0.6852 0.7229
vn -0.6996 0.0222 0.7142
vn 0.5312 0.5457 0.6482
vn -0.7469 -0.2933 0.5967
vn -0.7528 0.2995 0.5862
vn 0.5094 -0.6605 0.5516
vn -0.4156 0.7843 0.4605
vn 0.2565 0.9561 -0.1416
vn -0.0336 -0.0925 0.9951
vn 0.4388 0.8373 0.3262
vn 0.7105 0.4786 0.5159
vn -0.2844 0.8520 -0.4395
vn -0.6196 0.5651 0.5447
vn -0.2550 0.9486 0.1873
vn -0.3050 0.6358 0.7090
vn -0.4507 -0.2132 0.8668
vn -0.5293 0.6165 0.5829
vn 0.2998 0.7159 0.6306
vn -0.4553 0.6819 0.5724
vn 0.4198 -0.0711 -0.9048
vn 0.4182 -0.0649 -0.9060
vn -0.0584 0.9915 0.1163
vn -0.8164 -0.1296 0.5627
vn -0.5518 -0.7992 0.2382
vn -0.9670 0.0115 0.2545
vn 0.5249 0.8307 0.1857
vn 0.9340 -0.0389 0.3553
vn -0.7642 -0.1145 0.6348
vn -0.8446 0.0126 0.5352
vn -0.8206 -0.0768 0.5664
vn -0.4843 0.3164 -0.8157
vn 0.8002 -0.2598 -0.5405
vn 0.9747 0.2124 -0.0693
vn -0.6116 -0.5663 0.5526
vn -0.8415 -0.0335 0.5392
vn -0.6766 -0.1622 0.7183
vn 0.8343 0.3631 0.4148
vn -0.7986 0.5686 0.1973
vn -0.5535 -0.6088 0.5683
vn 0.8580 0.0209 0.5132
vn 0.0515 0.6394 0.7672
vn -0.6929 -0.2281 0.6840
vn 0.9689 0.2329 -0.0835
vn -0.4544 -0.1761 0.8732
vn 0.8785 0.1331 0.4588
vn 0.9652 0.2599 0.0291
vn -0.8876 0.3206 0.3306
vn -0.0587 -0.8843 -0.4631
vn -0.4446 -0.5476 0.7088
vn -0.8391 0.0917 0.5362
vn 0.9111 0.1224 0.3935
vn 0.8117 0.2987 0.5019
vn -0.4663 -0.4686 0.7503
vn 0.4554 0.1004 -0.8846
vn 0.5593 0.0952 -0.8235
vn -0.2927 0.7631 0.5763
vn -0.2313 0.4009 0.8864
vn 0.3408 0.9016 0.2664
vn 0.7832 0.4797 0.3956
vn -0.0820 0.9885 0.1274
vn -0.1724 0.1568 0.9725
vn 0.1707 0.3823 0.9081
vn 0.2845 0.2036 0.9368
vn -0.3584 -0.1426 0.9226
vn -0.4690 -0.4258 0.7738
vn -0.7254 0.1386 -0.6742
vn -0.6302 0.5751 -0.5216
vn -0.7576 0.3299 0.5632
vn -0.1885 0.9762 -0.1071
vn -0.6765 0.4932 0.5469
vn 0.2229 0.8725 0.4347
vn -0.0832 0.9743 0.2091
vn -0.4377 0.8414 0.3169
vn -0.5306 0.6926 0.4887
vn -0.2437 -0.2119 0.9464
vn -0.5048 -0.6793 0.5327
vn -0.0844 0.9949 0.0545
vn -0.8671 -0.2082 0.4526
vn -0.6198 0.4599 0.6359
vn -0.0877 0.4017 0.9116
vn -0.5303 -0.3939 0.7508
vn -0.3494 -0.3558 0.8668
vn 0.7120 -0.1331 -0.6894
vn -0.0001 -1.0000 -0.0060
vn 0.0774 -0.4717 0.8784
vn -0.0027 0.9990 0.0439
vn -0.1686 0.8755 0.4528
vn -0.4060 -0.2262 0.8854
vn -0.4908 -0.4470 0.7479
vn -0.5314 0.8469 -0.0186
vn -0.7892 0.1115 -0.6039
vn -0.4387 -0.1589 0.8845
vn 0.4612 0.8651 0.1973
vn 0.3667 0.4584 0.8095
vn -0.8232 0.2733 0.4977
vn -0.9014 -0.1283 0.4135
vn 0.1477 0.9681 0.2026
vn -0.3541 -0.5545 0.7531
vn -0.8735 0.0556 0.4837
vn -0.3432 0.8782 -0.3330
vn -0.7745 0.3464 0.5293
vn -0.3349 0.9310 -0.1453
vn 0.8100 0.0266 -0.5858
vn -0.6924 0.6850 -0.2264
vn 0.1544 -0.5419 -0.8262
vn 0.1035 0.2302 0.9676
vn -0.9763 -0.0765 -0.2026
vn -0.0783 0.6048 0.7925
vn -0.4615 0.8098 -0.3623
vn 0.5639 0.5788 -0.5890
vn -0.5555 -0.4277 0.7131
vn -0.7080 0.4599 -0.5360
vn -0.9941 -0.1078 -0.0106
vn -0.8706 0.4796 0.1098
vn -0.5634 0.3578 -0.7447
vn -0.9023 -0.1499 -0.4041
vn -0.2952 0.3682 -0.8816
vn -0.5438 -0.4201 0.7265
vn -0.9536 0.0503 0.2969
vn -0.5019 0.8218 -0.2697
vn -0.9577 0.0476 -0.2839
vn 0.3627 0.3253 0.8733
vn -0.7336 -0.4576 0.5024
vn -0.9411 -0.3074 -0.1409
vn 0.9875 -0.1435 -0.0655
vn -0.8174 0.1196 0.5635
vn -0.5254 -0.3318 0.7835
vn 0.6236 0.3176 0.7143
vn -0.7273 0.4230 0.5404
vn -0.3208 0.4553 -0.8305
vn 0.3730 0.6844 0.6265
vn -0.2085 -0.0859 0.9742
vn -0.8902 0.2749 0.3632
vn -0.2230 0.9748 -0.0096
vn -0.9951 -0.0873 0.0456
vn -0.2445 0.9062 0.3451
vn -0.3763 0.5788 -0.7235
vn -0.4294 -0.3109 0.8479
vn -0.4723 0.3605 -0.8043
vn -0.4476 0.4241 -0.7873
vn -0.1203 0.3718 0.9205
vn -0.2549 -0.4025 0.8792
vn -0.5917 -0.2219 -0.7750
vn -0.8229 -0.0206 -0.5679
vn 0.2301 -0.0256 -0.9728
vn -0.4101 0.4489 -0.7939
vn -0.9457 -0.1619 0.2819
vn -0.9718 -0.2036 0.1189
vn -0.6153 0.6652 -0.4229
vn -0.3335 -0.3770 0.8641
vn -0.4312 -0.3822 0.8173
vn 0.5334 -0.3604 0.7652
vn -0.8726 0.4530 0.1827
vn 0.0189 0.4891 0.8720
vn -0.4696 0.3726 -0.8004
vn -0.9692 -0.1654 0.1826
vn -0.4111 0.5636 -0.7165
vn 0.9957 -0.0803 0.0471
vn 0.7860 -0.5951 -0.1676
vn 0.4766 -0.6629 -0.5774
vn 0.6373 -0.0244 -0.7702
vn -0.6335 0.0310 -0.7731
vn -0.3977 0.5085 -0.7637
vn -0.5476 0.2885 -0.7854
vn 0.2150 0.9436 -0.2519
vn -0.8746 0.0629 0.4807
vn -0.2786 -0.3556 0.8921
vn 0.1074 -0.9319 0.3466
vn -0.7981 -0.0093 0.6024
vn 0.9895 -0.0797 0.1207
vn 0.2507 0.2523 -0.9346
vn -0.7871 -0.1241 0.6042
vn -0.9100 0.1248 0.3954
vn -0.7282 -0.0388 0.6842
vn -0.8662 -0.2184 0.4495
vn 0.0667 -0.5689 0.8197
vn 0.6698 0.2773 -0.6888
vn -0.1467 -0.4898 0.8594
vn -0.4665 0.5623 -0.6828
vn 0.9835 -0.1166 0.1385
vn 0.1571 0.9283 0.3370
vn 0.9164 0.0237 -0.3996
vn -0.0770 0.3722 -0.9250
vn 0.9981 -0.0192 0.0583
vn -0.2709 0.0602 -0.9607
vn 0.9987 -0.0369 0.0364
vn 0.1418 -0.2045 0.9685
vn -0.4730 0.1580 -0.8668
vn 0.9817 0.1209 -0.1471
vn -0.9313 0.1267 0.3415
vn 0.1195 -0.4897 0.8637
vn 0.5182 0.0322 -0.8547
vn 0.0898 0.9941 0.0616
vn 0.9195 -0.1972 -0.3401
vn -0.1806 0.1368 0.9740
vn -0.1348 -0.0827 -0.9874
vn -0.9457 0.0743 0.3164
vn -0.9178 0.0409 0.3949
vn -0.5846 0.3566 -0.7287
vn -0.9863 0.1649 0.0032
vn 0.5923 0.5538 -0.5853
vn -0.1074 0.9186 0.3802
vn -0.9822 0.1138 -0.1493
vn 0.1340 0.2127 0.9679
vn 0.1300 -0.1029 -0.9862
vn -0.8348 0.4403 -0.3305
vn -0.9875 0.0100 0.1570
vn -0.7650 0.1670 0.6220
vn -0.4880 0.8437 0.2237
vn -0.8928 0.1260 0.4326
vn -0.6358 -0.1977 -0.7461
vn -0.9648 -0.2350 0.1182
vn -0.6211 0.4161 -0.6641
vn -0.7521 0.3360 -0.5669
vn -0.0649 -0.4608 0.8851
vn 0.9821 -0.1856 0.0311
vn -0.6046 -0.0566 -0.7945
vn -0.9687 0.2415 -0.0571
vn -0.8587 0.3691 -0.3555
vn -0.7307 0.3936 -0.5578
vn 0.6728 0.7046 0.2256
vn -0.9633 -0.1324 0.2337
vn 0.8887 -0.2987 -0.3478
vn -0.3017 0.1454 -0.9423
vn 0.8022 0.5339 -0.2673
vn -0.8004 0.3677 -0.4734
vn -0.9544 0.2748 -0.1169
vn -0.9687 -0.1186 0.2180
vn 0.9951 -0.0361 0.0920
vn 0.2997 -0.0017 -0.9540
vn -0.8530 0.2140 0.4760
vn 0.0649 0.1563 -0.9856
vn -0.8977 0.4350 0.0694
vn -0.4057 0.2267 -0.8854
vn -0.5456 0.2032 -0.8130
vn -0.6141 0.2950 -0.7320
vn -0.7058 0.3027 0.6405
vn -0.6047 0.2821 -0.7448
vn -0.9340 0.3558 0.0326
vn 0.6206 -0.4825 0.6181
vn -0.9206 0.2276 0.3173
vn -0.7844 0.1353 -0.6053
vn -0.7901 0.3866 -0.4757
vn -0.9498 -0.1294 0.2847
vn -0.8486 0.4565 0.2673
vn -0.8738 -0.2802 -0.3975
vn -0.6711 0.7142 -0.1988
vn -0.7833 0.4649 0.4127
vn -0.4025 0.1907 0.8954
vn -0.5026 0.7326 0.4590
vn 0.1714 0.7677 0.6174
vn 0.2120 -0.2879 0.9339
vn 0.7935 -0.5979 -0.1138
vn -0.8870 0.3335 -0.3193
vn -0.4440 0.0605 -0.8940
vn -0.8619 0.3285 -0.3862
vn -0.7923 0.2519 -0.5558
vn -0.2658 0.2300 0.9362
vn -0.9091 -0.2973 0.2919
vn -0.9635 -0.0926 0.2512
vn -0.9486 0.3150 -0.0292
vn -0.7926 0.6096 0.0141
vn -0.8509 0.4656 -0.2431
vn 0.0022 -1.0000 0.0089
vn -0.9303 0.0709 -0.3599
vn -0.9741 -0.0781 0.2123
vn -0.9477 -0.0376 0.3168
vn 0.7284 0.4419 0.5235
vn -0.6916 0.4815 -0.5384
vn -0.5629 0.4291 -0.7064
vn 0.5244 0.5548 0.6459
vn -0.2979 0.1882 -0.9359
vn -0.8356 -0.1207 -0.5359
vn -0.9769 0.1286 0.1705
vn -0.9424 0.3321 -0.0403
vn -0.9897 0.0326 0.1396
vn -0.9637 0.2163 -0.1564
vn 0.0547 0.8518 0.5210
vn -0.8973 -0.0253 0.4407
vn -0.6509 0.7261 -0.2216
vn -0.5487 0.5844 -0.5978
vn -0.7179 0.6958 -0.0220
vn -0.7210 0.5164 0.4620
vn 0.7656 0.2512 -0.5922
vn 0.0397 -0.0775 -0.9962
vn -0.1398 0.9860 0.0911
vn -0.9769 -0.0994 0.1890
vn -0.0756 0.9574 0.2788
vn -0.7737 0.6247 0.1054
vn -0.7198 0.6770 -0.1533
vn -0.3914 0.9163 0.0844
vn 0.0825 0.1914 0.9780
vn -0.6041 0.5818 -0.5446
vn -0.8407 0.4203 -0.3415
vn -0.7765 0.4965 0.3879
vn -0.9777 0.2030 0.0532
vn -0.9889 -0.0561 0.1375
vn -0.8297 0.3607 -0.4261
vn 0.6133 -0.0181 -0.7896
vn 0.1394 0.9582 0.2498
vn -0.7955 0.2350 0.5586
vn -0.0280 0.9987 -0.0426
vn -0.8037 0.5855 0.1064
vn -0.9824 0.0972 0.1597
vn -0.9806 0.0639 -0.1851
vn -0.9972 -0.0738 0.0112
vn -0.9888 -0.1395 0.0525
vn -0.9729 0.1967 0.1219
vn -0.9952 -0.0848 0.0479
vn -0.9996 0.0268 0.0009
vn -0.9967 -0.0035 0.0808
vn -0.9964 -0.0569 0.0632
vn -0.7351 0.4211 0.5313
vn -0.9903 0.0887 0.1070
vn -0.9728 -0.1459 0.1800
vn -0.9384 -0.3305 -0.1008
vn -0.7198 0.6568 -0.2248
vn -0.1744 0.8973 -0.4055
vn -0.9915 0.0623 0.1145
vn -0.5632 0.6795 0.4702
vn -0.9192 -0.3355 0.2063
vn -0.9223 0.3756 -0.0905
vn -0.7205 0.3869 0.5754
vn -0.6216 0.7831 -0.0169
vn 0.2340 0.8037 0.5472
vn 0.7161 0.5653 0.4094
vn 0.2780 0.8982 0.3406
vn -0.9631 0.2212 0.1536
vn -0.7765 0.3522 0.5225
vn 0.8811 -0.3509 0.3172
vn -0.9938 0.1081 -0.0247
vn -0.9842 -0.1634 0.0682
vn 0.7143 -0.4739 -0.5149
vn 0.0182 0.7564 0.6539
vn 0.8914 -0.1965 -0.4084
vn -0.2413 0.8493 -0.4695
vn 0.0646 0.9790 0.1932
vn -0.9550 -0.2688 -0.1255
vn -0.5174 0.5043 0.6913
vn -0.6218 0.5779 -0.5285
vn -0.9889 -0.1117 0.0978
vn -0.4855 0.8720 -0.0619
vn -0.9774 -0.2079 0.0389
vn -0.9925 -0.0600 0.1066
vn 0.1657 0.7437 0.6476
vn -0.9977 0.0588 0.0351
vn -0.8408 0.4474 -0.3047
vn -0.9959 0.0720 -0.0547
vn 0.6538 0.0438 0.7554
vn -0.9062 0.4029 0.1285
vn -0.9525 -0.0866 0.2919
vn -0.9824 0.1409 0.1223
vn -0.4942 0.8440 0.2084
vn -0.1877 0.6458 0.7401
vn 0.2018 -0.9757 0.0855
vn -0.1001 0.7242 -0.6822
vn -0.7758 0.4573 -0.4348
vn 0.0114 0.8058 0.5920
vn -0.6561 0.6240 0.4244
vn 0.1245 0.0312 0.9917
vn -0.9637 -0.0484 0.2626
vn 0.2144 0.0137 -0.9766
vn -0.1176 0.9625 -0.2446
vn -0.6472 0.7349 0.2028
vn 0.4742 0.8613 -0.1825
vn -0.7596 0.5551 -0.3389
vn -0.4113 0.9115 0.0004
vn 0.0913 0.7814 0.6173
vn -0.3856 0.2689 0.8826
vn -0.3727 0.9159 -0.1489
vn -0.1914 0.9305 0.3124
vn -0.7423 0.5266 0.4143
vn -0.8718 0.4092 -0.2694
vn -0.0975 0.9941 0.0481
vn 0.6411 -0.0612 -0.7650
vn 0.8289 0.0418 0.5578
vn -0.3360 0.3700 0.8662
vn -0.0288 0.9808 -0.1929
vn 0.8432 0.2511 0.4754
vn 0.3525 -0.0626 -0.9337
vn 0.3322 0.6229 0.7083
vn 0.6312 0.6378 0.4413
vn -0.1542 0.9869 0.0485
vn -0.6661 0.7441 -0.0516
vn -0.7296 0.5524 -0.4031
vn 0.1085 0.8331 0.5424
vn -0.3043 -0.0610 0.9506
vn 0.2518 0.9513 0.1780
vn -0.0957 0.9573 0.2727
vn 0.7804 -0.5508 -0.2959
vn -0.4616 0.8813 0.1013
vn 0.8043 0.2507 -0.5387
vn 0.3153 0.9489 -0.0107
vn -0.6830 0.5497 0.4809
vn -0.9651 -0.0033 -0.2617
vn 0.3418 0.9251 -0.1656
vn -0.4766 0.0594 -0.8771
vn -0.7497 0.3341 -0.5712
vn -0.2968 0.9418 -0.1580
vn -0.3577 -0.1172 0.9265
vn -0.8236 0.1660 0.5423
vn -0.4117 -0.2548 0.8749
vn -0.6805 -0.2487 0.6893
vn 0.3041 -0.3378 0.8907
vn 0.4642 0.8697 -0.1680
vn 0.8564 -0.1928 0.4790
vn -0.8652 0.4832 0.1342
vn 0.5543 -0.2883 0.7808
vn -0.5816 0.3982 -0.7093
vn 0.5720 -0.7412 0.3513
vn 0.7017 0.6460 0.3006
vn -0.5063 0.4624 -0.7279
vn -0.4864 0.7164 -0.5002
vn -0.3461 -0.2275 0.9102
vn -0.8546 -0.0491 -0.5170
vn -0.8583 0.4138 0.3033
vn -0.0545 0.6602 -0.7491
vn 0.8094 -0.4960 0.3144
vn 0.8802 0.0070 -0.4746
vn -0.3269 0.7393 0.5887
vn -0.2025 0.2183 -0.9546
vn -0.8689 -0.1164 -0.4811
vn 0.0213 0.9444 -0.3282
vn 0.9799 0.0516 -0.1928
vn -0.5106 0.2485 0.8231
vn 0.8996 0.2922 0.3244
vn 0.2128 0.8537 0.4753
vn -0.6970 0.6876 0.2035
vn 0.5421 0.2897 0.7888
vn -0.2637 -0.0093 0.9646
vn -0.6716 0.5391 0.5083
vn 0.3572 0.1268 -0.9254
vn 0.8349 -0.2068 0.5100
vn -0.9199 0.3905 0.0363
vn 0.4764 0.8636 -0.1648
vn -0.7384 -0.0578 0.6719
vn -0.8628 -0.1290 0.4888
vn -0.0822 0.5866 0.8057
vn -0.9800 0.1002 0.1719
vn 0.9194 0.2434 -0.3090
vn 0.3370 0.9410 -0.0322
vn 0.2028 0.8994 0.3872
vn -0.5821 0.0221 0.8128
vn -0.3151 0.6927 0.6488
vn -0.6917 0.6137 -0.3807
vn 0.4089 0.7433 0.5294
vn -0.8894 0.0511 -0.4542
vn 0.1141 0.5714 0.8127
vn 0.9542 0.1238 0.2722
vn -0.9251 0.3665 0.0992
vn 0.5354 0.4105 -0.7381
vn -0.8819 0.3734 -0.2877
vn 0.2077 -0.0521 -0.9768
vn 0.3372 0.9125 0.2317
vn 0.1286 0.7243 0.6774
vn 0.8239 -0.2495 -0.5089
vn 0.9897 -0.1407 0.0244
vn -0.1293 0.8162 0.5631
vn 0.0304 -0.3901 -0.9203
vn 0.2036 0.4681 -0.8599
vn -0.2817 0.8771 -0.3891
vn 0.2992 0.8004 0.5195
vn -0.6002 0.4598 0.6545
vn 0.9647 0.1908 -0.1813
vn 0.8442 -0.2519 0.4731
vn -0.5321 0.5133 0.6734
vn -0.8132 0.5574 0.1675
vn -0.7503 0.5942 0.2896
vn -0.0252 0.8635 0.5037
vn 0.9907 0.0225 0.1341
vn -0.6641 0.4972 0.5583
vn -0.4394 -0.6455 -0.6247
vn -0.5148 0.5402 0.6657
vn -0.4741 0.7503 -0.4607
vn 0.4581 0.8257 0.3292
vn -0.2602 0.6843 0.6812
vn 0.0797 0.8863 0.4562
vn -0.2127 0.9598 0.1831
vn -0.7907 0.1511 0.5933
vn -0.2362 0.9672 -0.0934
vn 0.3332 0.8848 0.3257
vn 0.0032 -1.0000 0.0006
vn 0.0355 -0.9989 -0.0296
vn 0.3892 0.1214 -0.9131
vn -0.5739 0.8157 0.0728
vn -0.7298 0.5985 -0.3305
vn -0.7124 0.6308 -0.3076
vn 0.2933 0.9159 -0.2739
vn -0.3494 0.9240 0.1554
vn -0.7651 -0.4908 -0.4169
vn 0.3890 -0.9166 0.0926
vn 0.0868 0.5670 -0.8191
vn 0.4946 -0.4031 0.7700
vn 0.3471 -0.1225 0.9298
vn 0.8563 -0.1416 0.4966
vn -0.2889 0.9334 -0.2131
vn -0.0115 -0.9995 -0.0295
vn 0.1073 -0.8399 -0.5320
vn 0.1878 -0.8915 0.4122
vn 0.5094 -0.8028 0.3098
vn -0.0217 -0.8833 0.4684
vn 0.0073 -0.9984 -0.0555
vn 0.2228 -0.8565 0.4656
vn -0.2148 0.9623 0.1669
vn 0.0753 0.9104 0.4068
vn -0.0531 0.7147 0.6974
vn -0.0160 0.9657 -0.2593
vn -0.3177 0.6376 0.7018
vn -0.5015 0.5568 -0.6622
vn -0.1654 0.4726 0.8656
vn 0.9509 -0.2220 -0.2158
vn -0.1977 0.1192 0.9730
vn 0.2488 -0.9535 -0.1698
vn -0.5466 0.5576 -0.6247
vn 0.3745 0.5092 -0.7749
vn -0.8309 0.1191 0.5435
vn 0.1205 0.1384 -0.9830
vn 0.3279 0.9315 0.1571
vn 0.4515 -0.1786 -0.8742
vn -0.4416 0.8756 -0.1958
vn -0.2336 -0.7309 -0.6413
vn 0.3598 0.7760 0.5181
vn 0.3569 -0.8719 0.3353
vn 0.3132 -0.9349 0.1669
vn 0.8990 -0.3194 -0.2996
vn 0.2053 -0.1435 -0.9681
vn 0.2354 -0.9580 -0.1640
vn 0.1624 -0.5457 0.8221
vn -0.4985 0.8452 0.1929
vn -0.1398 0.9631 -0.2298
vn 0.7555 0.0107 0.6551
vn -0.2322 0.9646 0.1251
vn -0.1009 -0.8092 0.5788
vn 0.2027 -0.9749 0.0923
vn -0.9673 0.0772 0.2414
vn 0.1433 0.8444 0.5162
vn -0.0432 0.6705 0.7406
vn -0.7225 0.3983 0.5651
vn -0.0163 -0.9540 0.2992
vn 0.0216 0.7844 -0.6198
vn 0.4509 0.0301 -0.8921
vn 0.2540 0.1526 -0.9551
vn 0.3140 -0.9358 0.1604
vn 0.8431 0.5364 0.0380
vn 0.2809 0.2246 -0.9331
vn -0.2519 0.9658 -0.0618
vn -0.9317 -0.1946 -0.3066
vn 0.6721 -0.0739 -0.7368
vn 0.4498 -0.0834 0.8892
vn 0.2261 0.7695 0.5972
vn 0.2067 0.7958 -0.5692
vn -0.2190 -0.9741 0.0570
vn -0.2689 0.9459 0.1817
vn -0.6176 0.7327 -0.2859
vn 0.8260 0.2792 -0.4896
vn 0.7734 0.6106 0.1703
vn 0.8113 -0.0295 -0.5839
vn -0.3793 0.9249 -0.0264
vn 0.6649 0.5475 0.5081
vn 0.0214 -0.9997 -0.0093
vn 0.9097 0.1823 -0.3732
vn 0.0482 -0.9988 -0.0009
vn 0.2817 0.0903 0.9553
vn -0.8919 -0.1760 0.4165
vn 0.0422 0.7939 -0.6065
vn 0.1235 0.8933 -0.4322
vn -0.8400 -0.3078 0.4468
vn -0.8249 -0.2909 0.4847
vn -0.8518 -0.2908 0.4357
vn 0.7911 0.0922 -0.6047
vn -0.1472 0.8042 0.5758
vn 0.5912 0.6858 -0.4244
vn 0.9903 0.0729 -0.1184
vn -0.6591 0.5473 0.5157
vn -0.8516 0.0185 0.5239
vn -0.5723 0.6139 0.5437
vn 0.4766 0.6524 0.5892
vn 0.9964 -0.0000 -0.0853
vn 0.4605 -0.1160 -0.8800
vn 0.2878 0.5204 -0.8040
vn 0.9394 -0.2836 -0.1924
vn -0.9857 -0.0949 0.1391
vn 0.1734 0.9771 0.1233
vn -0.9427 -0.0973 0.3192
vn 0.1514 0.2143 -0.9650
vn 0.5905 0.1177 -0.7984
vn 0.9819 -0.0152 0.1886
vn 0.9902 -0.0074 0.1397
vn 0.2230 -0.0111 -0.9748
vn 0.3085 0.0452 -0.9502
vn -0.9970 0.0484 0.0608
vn -0.1672 0.8407 0.5151
vn 0.1032 0.0717 -0.9921
vn 0.1125 0.0768 -0.9907
vn 0.0697 0.0882 -0.9937
vn 0.3096 -0.0064 0.9509
vn -0.9452 -0.0336 0.3248
vn 0.6100 0.0049 -0.7924
vn -0.4210 -0.7856 0.4534
vn -0.9161 -0.1321 0.3786
vn 0.9574 0.0698 0.2800
vn -0.7532 0.6018 0.2655
vn -0.7497 -0.0406 0.6606
vn -0.0790 0.9582 -0.2750
vn -0.8020 -0.0661 0.5937
vn -0.3925 0.8699 0.2989
vn 0.0380 0.6943 -0.7186
vn -0.1516 -0.4910 0.8579
vn 0.3796 0.0008 0.9251
vn -0.9816 -0.1045 0.1597
vn -0.8085 0.1391 0.5718
vn -0.9347 0.0968 0.3419
vn -0.4362 0.8997 -0.0175
vn 0.3971 0.9177 -0.0130
vn 0.0040 -0.9999 -0.0118
vn 0.6705 0.0928 0.7361
vn 0.9278 -0.3731 0.0003
vn -0.8898 -0.2219 0.3988
vn 0.1435 0.9896 -0.0111
vn 0.9059 -0.3540 -0.2323
vn 0.7567 -0.2190 0.6160
vn 0.4775 -0.8368 -0.2678
vn 0.7922 -0.2530 -0.5553
vn -0.3715 0.9269 0.0536
vn 0.9553 0.2952 -0.0144
vn 0.2540 0.4142 0.8740
vn 0.2926 -0.2006 0.9350
vn 0.0626 0.0866 -0.9943
vn -0.9300 -0.1774 0.3220
vn -0.6725 0.6558 0.3431
vn -0.2133 0.8315 0.5129
vn -0.4049 0.8029 0.4376
vn 0.5992 0.3578 0.7162
vn 0.3105 0.4937 0.8123
vn -0.5242 -0.2247 0.8214
vn 0.2172 -0.9761 -0.0085
vn -0.7932 0.2520 0.5543
vn -0.6144 0.7889 0.0122
vn -0.0928 0.8094 0.5798
vn -0.8249 -0.2606 0.5017
vn 0.3692 0.1278 -0.9205
vn -0.9102 0.0899 0.4043
vn -0.6269 -0.1336 0.7675
vn 0.7144 -0.0378 -0.6987
vn -0.9023 -0.3182 0.2908
vn -0.8450 -0.2292 0.4832
vn -0.3953 0.7314 0.5557
vn -0.3336 -0.1500 0.9307
vn -0.9497 -0.1834 0.2537
vn -0.0799 0.2529 -0.9642
vn -0.6709 -0.1140 0.7327
vn 0.4626 0.0251 -0.8862
vn -0.8947 0.1167 0.4311
vn 0.7294 -0.0282 -0.6835
vn -0.8238 -0.3101 0.4745
vn -0.2417 0.8965 0.3713
vn -0.9786 0.0700 -0.1937
vn -0.3046 0.1115 0.9459
vn -0.9348 -0.0649 0.3491
vn -0.8608 -0.1640 0.4818
vn -0.9791 0.1138 0.1683
vn -0.9942 0.0632 0.0874
vn -0.9374 -0.0288 0.3470
vn -0.9610 0.2058 0.1849
vn -0.9555 0.2850 -0.0760
vn -0.9556 0.1765 -0.2359
vn 0.3301 0.0618 0.9419
vn -0.9473 -0.1786 0.2658
vn -0.1386 -0.4323 0.8910
vn -0.3494 0.2369 0.9065
vn 0.4161 0.5184 -0.7471
vn -0.9936 0.0039 -0.1128
vn -0.9958 0.0897 0.0171
vn -0.9844 0.1502 -0.0921
vn -0.9634 0.2648 -0.0415
vn -0.9533 -0.0249 0.3011
vn -0.9567 0.0031 -0.2909
vn -0.1431 -0.6512 0.7453
vn -0.6942 -0.0849 0.7148
vn -0.9854 -0.0828 0.1491
vn -0.9450 0.1499 -0.2906
vn -0.9978 0.0458 -0.0476
vn -0.9980 -0.0113 -0.0627
vn -0.9994 0.0285 0.0198
vn -0.9970 -0.0184 0.0749
vn -0.9968 -0.0735 0.0321
vn 0.2423 0.9647 -0.1030
vn -0.9696 0.2338 0.0724
vn 0.4546 0.1005 -0.8850
vn -0.8176 -0.2303 0.5278
vn -0.9998 0.0211 0.0017
vn -0.9413 0.0284 -0.3363
vn -0.9774 -0.0812 0.1951
vn 0.0420 0.1581 0.9865
vn -0.9519 0.0644 -0.2995
vn 0.9688 -0.0192 0.2472
vn -0.3110 -0.6026 0.7349
vn -0.9859 0.0470 -0.1604
vn -0.9122 0.3933 -0.1151
vn 0.8550 0.5176 -0.0323
vn -0.2151 0.1182 0.9694
vn -0.4065 0.6648 0.6268
vn -0.0461 0.0654 0.9968
vn -0.0736 -0.1495 0.9860
vn -0.9516 0.3075 -0.0007
vn 0.8516 -0.0886 -0.5167
vn 0.9271 -0.0158 -0.3745
vn -0.5909 0.2526 0.7662
vn -0.7621 0.6381 -0.1097
vn 0.0616 -0.4622 0.8846
vn 0.5085 0.3297 0.7954
vn 0.5781 0.7865 0.2174
vn 0.5262 0.4255 0.7362
vn 0.9359 -0.0519 -0.3484
vn -0.4794 0.8775 -0.0164
vn 0.7406 0.0488 -0.6701
vn -0.3558 0.7750 0.5223
vn -0.8725 0.4803 0.0892
vn -0.0444 0.9794 0.1969
vn 0.5043 -0.1365 -0.8527
vn 0.1947 -0.7060 0.6809
vn 0.2838 0.9558 -0.0771
vn 0.7581 0.4516 -0.4704
vn -0.7793 -0.0944 0.6195
vn 0.9390 -0.1109 -0.3256
vn 0.8831 0.1035 -0.4576
vn -0.7728 -0.1677 0.6121
vn 0.6884 0.1751 -0.7039
vn 0.5839 0.8047 -0.1074
vn 0.7073 -0.1951 0.6795
vn -0.8437 0.2643 0.4672
vn -0.1377 -0.6493 0.7480
vn 0.7855 0.0192 -0.6186
vn -0.2287 -0.6943 0.6824
vn 0.5418 0.6330 -0.5529
vn 0.7899 0.1151 0.6024
vn 0.0756 0.1896 0.9790
vn 0.9544 -0.1917 -0.2287
vn 0.2482 -0.9687 0.0001
vn 0.9895 0.0094 -0.1443
vn 0.9308 0.1279 0.3424
vn -0.2510 -0.5251 0.8132
vn -0.3119 0.6835 0.6600
vn -0.0549 0.0734 0.9958
vn -0.0049 0.9979 -0.0645
vn 0.2995 0.9541 -0.0024
vn -0.1182 0.0139 0.9929
vn 0.2823 0.9349 0.2152
vn 0.9211 -0.3757 0.1025
vn 0.9022 -0.4297 -0.0361
vn 0.9591 -0.1360 -0.2484
vn 0.9242 -0.3818 0.0080
vn 0.8863 -0.4533 -0.0943
vn 0.7962 0.0928 -0.5979
vn 0.9125 -0.1323 -0.3870
vn -0.1293 -0.6844 0.7175
vn 0.8947 -0.4415 -0.0672
vn 0.5974 -0.4214 0.6823
vn 0.3476 0.7507 0.5618
vn 0.9574 -0.2553 -0.1348
vn 0.4007 0.5550 -0.7290
vn 0.8081 -0.5370 -0.2421
vn 0.8695 0.4924 0.0388
vn 0.7274 0.4759 0.4943
vn 0.9431 -0.3325 0.0041
vn 0.3744 -0.8642 0.3362
vn 0.9375 0.1404 0.3185
vn 0.9389 -0.3441 -0.0078
vn 0.9296 0.3679 0.0233
vn 0.9124 0.3380 0.2307
vn 0.6589 -0.0537 0.7503
vn 0.7858 0.6014 -0.1442
vn 0.9388 0.1405 0.3146
vn 0.9345 -0.3303 -0.1326
vn 0.8445 -0.4407 -0.3043
vn 0.9030 -0.4087 -0.1328
vn 0.8537 0.0014 0.5207
vn 0.4840 0.3895 0.7836
vn 0.9574 -0.1714 -0.2323
vn 0.4578 -0.0128 0.8890
vn 0.9710 0.2058 -0.1214
vn 0.9671 0.2161 0.1340
vn 0.9468 0.0225 -0.3209
vn 0.6595 -0.0356 0.7509
vn 0.9910 -0.0716 -0.1128
vn 0.9824 -0.1118 -0.1495
vn 0.9802 0.1810 -0.0808
vn 0.9860 0.1373 -0.0942
vn 0.1946 0.0447 0.9799
vn 0.8080 -0.5348 0.2471
vn 0.9390 0.1401 0.3142
vn 0.9553 -0.0010 -0.2957
vn 0.8726 0.1180 -0.4740
vn 0.9963 -0.0545 -0.0659
vn 0.9829 0.1746 0.0586
vn 0.8653 0.0320 0.5003
vn 0.9443 0.1229 0.3053
vn 0.9386 0.1050 0.3285
vn 0.2431 0.0326 0.9694
vn 0.9803 -0.0609 -0.1877
vn 0.8239 0.0920 0.5592
vn 0.9903 0.0829 -0.1119
vn 0.3601 0.2853 0.8882
vn 0.2876 0.0717 0.9551
vn 0.9867 0.0893 -0.1357
vn 0.7740 0.2237 0.5924
vn 0.9395 0.0926 0.3297
vn 0.9106 -0.1410 -0.3886
vn 0.9491 0.1071 0.2962
vn 0.9660 0.0846 0.2443
vn 0.7574 0.2994 0.5802
vn 0.9581 -0.1115 -0.2639
vn 0.9309 0.2787 0.2363
vn 0.8495 -0.5050 0.1526
vn 0.8694 0.0516 0.4913
vn 0.9895 0.0086 -0.1446
vn 0.9904 0.1004 -0.0945
vn 0.9708 0.1723 0.1671
vn 0.9897 -0.0044 0.1429
vn -0.5174 0.6389 -0.5693
vn 0.9026 -0.3129 0.2955
vn 0.3484 -0.7634 0.5439
vn 0.6021 -0.5117 -0.6129
vt 0.145917 0.934069
vt 0.130348 0.914959
vt 0.148582 0.932130
vt 0.150677 0.945220
vt 0.958280 0.740214
vt 0.958010 0.728941
vt 0.976092 0.724965
vt 0.145543 0.947843
vt 0.136827 0.945501
vt 0.965682 0.715407
vt 0.422578 0.132422
vt 0.416783 0.132736
vt 0.409519 0.118481
vt 0.402439 0.119476
vt 0.091119 0.953446
vt 0.946287 0.715398
vt 0.948644 0.731762
vt 0.150296 0.950786
vt 0.439618 0.153275
vt 0.401757 0.129484
vt 0.449685 0.107813
vt 0.446393 0.154655
vt 0.136875 0.960794
vt 0.957542 0.702670
vt 0.967846 0.709773
vt 0.951670 0.711689
vt 0.940651 0.739242
vt 0.490409 0.353175
vt 0.494032 0.350989
vt 0.500855 0.354689
vt 0.089976 0.931231
vt 0.938998 0.729311
vt 0.967660 0.705409
vt 0.953876 0.688882
vt 0.479901 0.356899
vt 0.126815 0.900813
vt 0.470583 0.363001
vt 0.952400 0.699921
vt 0.486992 0.348660
vt 0.939660 0.711918
vt 0.495523 0.344486
vt 0.959361 0.405408
vt 0.963258 0.413765
vt 0.963754 0.475544
vt 0.282049 0.773059
vt 0.223482 0.794414
vt 0.189181 0.774610
vt 0.506063 0.355594
vt 0.507880 0.352469
vt 0.242343 0.796386
vt 0.462693 0.101368
vt 0.989534 0.680834
vt 0.939255 0.667362
vt 0.991924 0.621249
vt 0.410457 0.186066
vt 0.470792 0.359316
vt 0.426567 0.258289
vt 0.422415 0.247665
vt 0.423364 0.245631
vt 0.421731 0.270081
vt 0.422242 0.267008
vt 0.215273 0.793726
vt 0.502194 0.345191
vt 0.505662 0.340499
vt 0.788137 0.884359
vt 0.760804 0.873421
vt 0.776055 0.844271
vt 0.928494 0.746295
vt 0.926686 0.730253
vt 0.404590 0.256053
vt 0.402835 0.258544
vt 0.401250 0.256075
vt 0.477491 0.348205
vt 0.477146 0.344212
vt 0.420688 0.255856
vt 0.416997 0.264110
vt 0.395648 0.265736
vt 0.529248 0.023294
vt 0.480176 0.023294
vt 0.498418 0.005476
vt 0.398516 0.180200
vt 0.930850 0.725136
vt 0.420505 0.259998
vt 0.410686 0.256507
vt 0.344217 0.133635
vt 0.355884 0.127404
vt 0.351782 0.170852
vt 0.418130 0.238671
vt 0.491609 0.341406
vt 0.363362 0.128984
vt 0.396762 0.299009
vt 0.394700 0.293182
vt 0.397678 0.296909
vt 0.497882 0.335067
vt 0.149334 0.961316
vt 0.154791 0.949035
vt 0.158096 0.952245
vt 0.400022 0.291689
vt 0.416194 0.245342
vt 0.414701 0.256053
vt 0.163698 0.943711
vt 0.423424 0.272509
vt 0.160240 0.956997
vt 0.166458 0.924628
vt 0.169924 0.947752
vt 0.392521 0.297382
vt 0.468807 0.349303
vt 0.936151 0.642798
vt 0.367836 0.254179
vt 0.943331 0.690528
vt 0.762379 0.860642
vt 0.175013 0.949697
vt 0.464285 0.998372
vt 0.437997 0.998372
vt 0.456919 0.994684
vt 0.406951 0.240943
vt 0.419156 0.256819
vt 0.788075 0.825958
vt 0.748398 0.851564
vt 0.703926 0.830270
vt 0.419115 0.258720
vt 0.409550 0.240529
vt 0.469191 0.370626
vt 0.939492 0.682438
vt 0.774174 0.842486
vt 0.951247 0.682207
vt 0.958468 0.675331
vt 0.174803 0.957747
vt 0.502332 0.326515
vt 0.182196 0.949084
vt 0.753360 0.860198
vt 0.386903 0.182338
vt 0.168643 0.977665
vt 0.181778 0.961193
vt 0.414449 0.246214
vt 0.545213 0.805770
vt 0.553285 0.779882
vt 0.564424 0.792102
vt 0.360982 0.123399
vt 0.519466 0.783605
vt 0.350359 0.121863
vt 0.355359 0.123060
vt 0.416173 0.250098
vt 0.176724 0.971660
vt 0.190448 0.967072
vt 0.935416 0.690863
vt 0.059436 0.284106
vt 0.013481 0.259181
vt 0.032979 0.247690
vt 0.082954 0.930752
vt 0.019716 0.320762
vt 0.367715 0.128713
vt 0.378055 0.132408
vt 0.168204 0.964442
vt 0.368539 0.125556
vt 0.416076 0.241522
vt 0.356006 0.118131
vt 0.357415 0.121262
vt 0.349315 0.120151
vt 0.171518 0.982614
vt 0.391455 0.167619
vt 0.569546 0.798241
vt 0.316401 0.500536
vt 0.295608 0.530157
vt 0.294642 0.525566
vt 0.567917 0.791301
vt 0.384042 0.153702
vt 0.353641 0.115532
vt 0.369291 0.115288
vt 0.251088 0.453523
vt 0.367054 0.121910
vt 0.309146 0.535587
vt 0.359108 0.292661
vt 0.375386 0.125854
vt 0.321828 0.531708
vt 0.976641 0.843440
vt 0.964079 0.859115
vt 0.948463 0.860623
vt 0.630849 0.966793
vt 0.652418 0.975775
vt 0.627027 0.976543
vt 0.379244 0.129519
vt 0.495431 0.892233
vt 0.494193 0.911436
vt 0.490211 0.896444
vt 0.370960 0.123111
vt 0.084977 0.956394
vt 0.372534 0.120405
vt 0.566839 0.775314
vt 0.086690 0.932970
vt 0.576722 0.800630
vt 0.572622 0.806470
vt 0.339966 0.065678
vt 0.576622 0.785460
vt 0.487448 0.921451
vt 0.085960 0.941748
vt 0.673326 0.427670
vt 0.651228 0.433418
vt 0.665022 0.420413
vt 0.686446 0.418256
vt 0.559898 0.757478
vt 0.382405 0.127231
vt 0.579574 0.784919
vt 0.385096 0.131963
vt 0.390708 0.142480
vt 0.580038 0.780695
vt 0.475807 0.876006
vt 0.483435 0.811706
vt 0.489913 0.870871
vt 0.384810 0.125431
vt 0.390080 0.136871
vt 0.572620 0.765709
vt 0.394789 0.148262
vt 0.664801 0.444375
vt 0.581681 0.785163
vt 0.174680 0.711847
vt 0.169809 0.719404
vt 0.155512 0.721775
vt 0.272494 0.527223
vt 0.366999 0.091210
vt 0.255392 0.509698
vt 0.145266 0.704877
vt 0.178110 0.724659
vt 0.388994 0.204187
vt 0.385810 0.102457
vt 0.092265 0.853721
vt 0.135832 0.822062
vt 0.136009 0.855060
vt 0.391714 0.139962
vt 0.658131 0.423124
vt 0.662367 0.416579
vt 0.924795 0.840947
vt 0.117158 0.819739
vt 0.395485 0.141050
vt 0.925195 0.863914
vt 0.922168 0.858037
vt 0.654922 0.426200
vt 0.651311 0.422612
vt 0.585581 0.777613
vt 0.391776 0.132886
vt 0.098316 0.818399
vt 0.392923 0.137199
vt 0.388248 0.130509
vt 0.500080 0.455231
vt 0.143358 0.720082
vt 0.355352 0.285449
vt 0.583819 0.773001
vt 0.640285 0.132775
vt 0.650668 0.138428
vt 0.627567 0.154180
vt 0.583406 0.777267
vt 0.648397 0.443958
vt 0.644404 0.435782
vt 0.398606 0.108397
vt 0.393173 0.117192
vt 0.196818 0.736082
vt 0.759534 0.400562
vt 0.792179 0.394545
vt 0.797842 0.399654
vt 0.470007 0.893468
vt 0.391918 0.129035
vt 0.644893 0.430500
vt 0.479105 0.882719
vt 0.488212 0.872696
vt 0.502368 0.893155
vt 0.397506 0.137034
vt 0.983632 0.843355
vt 0.978237 0.856689
vt 0.965830 0.858877
vt 0.397071 0.134377
vt 0.665746 0.399105
vt 0.270714 0.526528
vt 0.160856 0.749637
vt 0.586196 0.774914
vt 0.623434 0.171613
vt 0.621038 0.167045
vt 0.642602 0.426242
vt 0.364278 0.243101
vt 0.384038 0.238236
vt 0.046195 0.263171
vt 0.034118 0.246231
vt 0.067126 0.247237
vt 0.589445 0.777280
vt 0.469309 0.915669
vt 0.639038 0.948011
vt 0.649249 0.940124
vt 0.666779 0.955085
vt 0.698930 0.393162
vt 0.702429 0.391612
vt 0.710425 0.399164
vt 0.713180 0.390740
vt 0.567594 0.752992
vt 0.704435 0.371597
vt 0.706635 0.381420
vt 0.138646 0.822121
vt 0.145993 0.827873
vt 0.152988 0.745299
vt 0.130303 0.725559
vt 0.138831 0.738146
vt 0.501668 0.856831
vt 0.638281 0.437510
vt 0.588799 0.801433
vt 0.684867 0.394710
vt 0.665004 0.965773
vt 0.678304 0.967384
vt 0.673039 0.964949
vt 0.674992 0.958762
vt 0.105105 0.816793
vt 0.188478 0.751928
vt 0.464148 0.639505
vt 0.475054 0.632977
vt 0.493524 0.641800
vt 0.673932 0.955941
vt 0.680420 0.953204
vt 0.351211 0.254932
vt 0.356860 0.293188
vt 0.669203 0.955905
vt 0.702216 0.382087
vt 0.804904 0.402893
vt 0.671305 0.952460
vt 0.619470 0.157693
vt 0.990023 0.859025
vt 0.668180 0.951252
vt 0.631505 0.435153
vt 0.590495 0.774746
vt 0.611511 0.178338
vt 0.699171 0.384955
vt 0.277967 0.537548
vt 0.396577 0.130897
vt 0.314565 0.435729
vt 0.330101 0.452363
vt 0.322993 0.533603
vt 0.644439 0.410458
vt 0.125190 0.736561
vt 0.400150 0.133583
vt 0.469275 0.891222
vt 0.162156 0.763009
vt 0.616447 0.164824
vt 0.654569 0.402016
vt 0.097653 0.806263
vt 0.601815 0.780308
vt 0.929045 0.104078
vt 0.920687 0.103561
vt 0.924153 0.093939
vt 0.669746 0.960917
vt 0.466728 0.899327
vt 0.402594 0.097661
vt 0.597851 0.148408
vt 0.607719 0.177864
vt 0.632047 0.427874
vt 0.005434 0.376345
vt 0.001198 0.370133
vt 0.004977 0.372163
vt 0.924895 0.107456
vt 0.009734 0.375771
vt 0.011444 0.382088
vt 0.399749 0.129439
vt 0.691970 0.372781
vt 0.691150 0.386796
vt 0.129940 0.752227
vt 0.977857 0.403517
vt 0.979396 0.404226
vt 0.978288 0.407582
vt 0.928102 0.110407
vt 0.458063 0.912181
vt 0.455091 0.905509
vt 0.922077 0.107941
vt 0.916894 0.100167
vt 0.169513 0.756401
vt 0.795708 0.393401
vt 0.136870 0.816142
vt 0.113822 0.713617
vt 0.985646 0.388549
vt 0.986088 0.400865
vt 0.012082 0.390161
vt 0.681317 0.952209
vt 0.886038 0.100871
vt 0.906079 0.107677
vt 0.919869 0.124817
vt 0.467413 0.891456
vt 0.936837 0.113248
vt 0.913200 0.108255
vt 0.919779 0.117417
vt 0.802812 0.379945
vt 0.794200 0.387973
vt 0.788121 0.377841
vt 0.923436 0.114080
vt 0.021448 0.189208
vt 0.993839 0.541589
vt 0.967471 0.549476
vt 0.980206 0.538619
vt 0.013526 0.370744
vt 0.028068 0.378428
vt 0.018250 0.377402
vt 0.982885 0.404573
vt 0.628943 0.429541
vt 0.926632 0.115904
vt 0.935221 0.115570
vt 0.114498 0.808322
vt 0.799910 0.397415
vt 0.939855 0.125385
vt 0.798639 0.389163
vt 0.016278 0.385070
vt 0.920298 0.135999
vt 0.112210 0.730468
vt 0.006493 0.368767
vt 0.802924 0.392768
vt 0.626013 0.432237
vt 0.625024 0.419833
vt 0.024131 0.215852
vt 0.983544 0.407411
vt 0.988132 0.406131
vt 0.991885 0.407554
vt 0.602002 0.154336
vt 0.806353 0.398435
vt 0.155000 0.772787
vt 0.111584 0.287416
vt 0.111074 0.303377
vt 0.098734 0.310501
vt 0.662906 0.390050
vt 0.446309 0.895041
vt 0.456850 0.886446
vt 0.456903 0.899941
vt 0.636359 0.394980
vt 0.658184 0.387601
vt 0.798038 0.392612
vt 0.823203 0.406769
vt 0.808442 0.354204
vt 0.594249 0.773206
vt 0.801581 0.394298
vt 0.341003 0.452796
vt 0.343905 0.523926
vt 0.621709 0.412825
vt 0.079845 0.241667
vt 0.081207 0.251063
vt 0.803469 0.400495
vt 0.478637 0.609410
vt 0.620838 0.126769
vt 0.633383 0.128789
vt 0.091450 0.788370
vt 0.099171 0.783300
vt 0.102643 0.799199
vt 0.680481 0.949105
vt 0.115640 0.787620
vt 0.807877 0.402847
vt 0.175954 0.767410
vt 0.934286 0.142789
vt 0.131457 0.797889
vt 0.846193 0.376510
vt 0.129136 0.790837
vt 0.388552 0.093759
vt 0.812609 0.408779
vt 0.401659 0.108909
vt 0.991012 0.534490
vt 0.112967 0.743252
vt 0.093760 0.765476
vt 0.132940 0.804416
vt 0.113236 0.617101
vt 0.141724 0.704777
vt 0.113600 0.706807
vt 0.071455 0.184746
vt 0.812171 0.419605
vt 0.353817 0.243348
vt 0.567645 0.745260
vt 0.818037 0.411142
vt 0.137056 0.793224
vt 0.141669 0.798086
vt 0.589139 0.999593
vt 0.571575 0.999789
vt 0.576701 0.998367
vt 0.522813 0.835273
vt 0.524911 0.873980
vt 0.514947 0.878028
vt 0.084653 0.238444
vt 0.089615 0.244343
vt 0.092639 0.241215
vt 0.187752 0.770186
vt 0.976062 0.249646
vt 0.973359 0.257427
vt 0.970593 0.253569
vt 0.574050 0.641127
vt 0.394348 0.753163
vt 0.405918 0.757766
vt 0.397930 0.763261
vt 0.581460 0.997481
vt 0.593516 0.176538
vt 0.589548 0.165768
vt 0.582538 0.995747
vt 0.989987 0.261388
vt 0.176116 0.778003
vt 0.345653 0.424235
vt 0.891422 0.717663
vt 0.902095 0.681399
vt 0.898634 0.716358
vt 0.671375 0.946161
vt 0.606113 0.799330
vt 0.969420 0.259510
vt 0.968946 0.256311
vt 0.970256 0.257724
vt 0.218245 0.027317
vt 0.230118 0.035464
vt 0.222196 0.033418
vt 0.445186 0.899880
vt 0.604445 0.805457
vt 0.595864 0.807816
vt 0.763375 0.126709
vt 0.789249 0.131431
vt 0.756051 0.144874
vt 0.415566 0.765933
vt 0.582594 0.133143
vt 0.856356 0.687807
vt 0.461931 0.570578
vt 0.091015 0.555030
vt 0.136297 0.559714
vt 0.106982 0.571882
vt 0.423220 0.895227
vt 0.215402 0.043508
vt 0.548678 0.873624
vt 0.101265 0.543158
vt 0.424923 0.756108
vt 0.421159 0.788741
vt 0.171442 0.785902
vt 0.606446 0.802591
vt 0.947461 0.164708
vt 0.953366 0.151021
vt 0.963396 0.151292
vt 0.450136 0.904484
vt 0.975924 0.149039
vt 0.377609 0.777728
vt 0.607678 0.771728
vt 0.977542 0.536095
vt 0.983287 0.535835
vt 0.407500 0.781306
vt 0.449986 0.913715
vt 0.983911 0.534908
vt 0.924176 0.202688
vt 0.568062 0.834530
vt 0.590753 0.832588
vt 0.588175 0.875437
vt 0.137721 0.780540
vt 0.247776 0.011068
vt 0.127937 0.547655
vt 0.104085 0.223229
vt 0.115643 0.768200
vt 0.982837 0.522448
vt 0.984834 0.526906
vt 0.505601 0.894871
vt 0.513229 0.916891
vt 0.499921 0.945430
vt 0.676550 0.940662
vt 0.673414 0.945326
vt 0.992860 0.260505
vt 0.112553 0.766517
vt 0.174919 0.821194
vt 0.163505 0.796175
vt 0.797998 0.146282
vt 0.089058 0.461807
vt 0.097038 0.466154
vt 0.076595 0.469620
vt 0.440126 0.907002
vt 0.182893 0.784292
vt 0.222083 0.055536
vt 0.681504 0.944948
vt 0.773178 0.188629
vt 0.759621 0.193319
vt 0.983253 0.165951
vt 0.978532 0.142333
vt 0.991527 0.163471
vt 0.523697 0.889679
vt 0.675916 0.942816
vt 0.624879 0.762525
vt 0.676493 0.944019
vt 0.968739 0.146174
vt 0.973704 0.144399
vt 0.103449 0.466485
vt 0.593339 0.157545
vt 0.167963 0.799871
vt 0.080005 0.475752
vt 0.153383 0.794379
vt 0.583296 0.176703
vt 0.582390 0.172042
vt 0.174129 0.795896
vt 0.245598 0.038432
vt 0.235067 0.049343
vt 0.585192 0.614462
vt 0.074811 0.469744
vt 0.074730 0.471343
vt 0.070111 0.466331
vt 0.588804 0.138178
vt 0.964720 0.139117
vt 0.973158 0.140249
vt 0.992683 0.229187
vt 0.093204 0.479046
vt 0.485328 0.585055
vt 0.493421 0.588087
vt 0.510095 0.588675
vt 0.778003 0.161901
vt 0.800897 0.139206
vt 0.224574 0.068453
vt 0.252743 0.051074
vt 0.598515 0.407756
vt 0.552112 0.881858
vt 0.803209 0.150121
vt 0.578775 0.156812
vt 0.539856 0.584489
vt 0.100893 0.476732
vt 0.985557 0.123385
vt 0.563170 0.582941
vt 0.898539 0.099990
vt 0.876731 0.092096
vt 0.886200 0.067701
vt 0.068384 0.471629
vt 0.933869 0.154066
vt 0.950665 0.150771
vt 0.945057 0.161205
vt 0.974324 0.134704
vt 0.089274 0.479325
vt 0.905578 0.671543
vt 0.485532 0.576029
vt 0.448780 0.830666
vt 0.417785 0.817633
vt 0.085217 0.477691
vt 0.020233 0.432631
vt 0.019117 0.457249
vt 0.003364 0.451516
vt 0.003080 0.435602
vt 0.242037 0.066968
vt 0.933577 0.032834
vt 0.928119 0.059470
vt 0.921654 0.049841
vt 0.387537 0.806183
vt 0.142192 0.583391
vt 0.871209 0.387893
vt 0.170329 0.808019
vt 0.581006 0.146165
vt 0.078477 0.479400
vt 0.351471 0.315398
vt 0.260862 0.051997
vt 0.096224 0.481338
vt 0.142120 0.555711
vt 0.083266 0.954217
vt 0.086198 0.967821
vt 0.038062 0.968718
vt 0.498180 0.893855
vt 0.979432 0.125802
vt 0.882253 0.356504
vt 0.831879 0.140645
vt 0.814498 0.149332
vt 0.261033 0.058707
vt 0.563606 0.434793
vt 0.089753 0.483404
vt 0.383555 0.816312
vt 0.477693 0.569014
vt 0.222774 0.079030
vt 0.236884 0.076891
vt 0.477030 0.583212
vt 0.533317 0.578542
vt 0.944820 0.129687
vt 0.952462 0.131560
vt 0.143134 0.534416
vt 0.968715 0.120435
vt 0.956498 0.116942
vt 0.100284 0.482152
vt 0.638498 0.991639
vt 0.648209 0.991639
vt 0.646857 0.997944
vt 0.853853 0.419315
vt 0.095639 0.488162
vt 0.091630 0.979985
vt 0.035749 0.976641
vt 0.960658 0.136504
vt 0.694469 0.259201
vt 0.682746 0.234883
vt 0.696333 0.225490
vt 0.530193 0.210308
vt 0.584783 0.138040
vt 0.147959 0.790395
vt 0.575062 0.146165
vt 0.598045 0.990415
vt 0.592315 0.991425
vt 0.583007 0.990222
vt 0.523551 0.577388
vt 0.736127 0.037964
vt 0.739758 0.029038
vt 0.760979 0.044899
vt 0.410952 0.811633
vt 0.509437 0.578866
vt 0.840935 0.123703
vt 0.849015 0.119746
vt 0.849004 0.125360
vt 0.075202 0.484867
vt 0.684460 0.229708
vt 0.677524 0.207984
vt 0.155221 0.570824
vt 0.275333 0.044062
vt 0.266197 0.054810
vt 0.729235 0.221271
vt 0.721153 0.196559
vt 0.979000 0.118533
vt 0.895168 0.068326
vt 0.906902 0.070108
vt 0.069206 0.488243
vt 0.935370 0.079578
vt 0.048205 0.463912
vt 0.049606 0.474452
vt 0.283653 0.028922
vt 0.654679 0.202523
vt 0.807951 0.180735
vt 0.583277 0.376685
vt 0.733340 0.011120
vt 0.754866 0.014954
vt 0.264501 0.072992
vt 0.138812 0.611572
vt 0.330204 0.498259
vt 0.698389 0.709104
vt 0.595262 0.709104
vt 0.660370 0.693674
vt 0.807627 0.155271
vt 0.806530 0.169595
vt 0.955661 0.097463
vt 0.062049 0.940154
vt 0.221572 0.087356
vt 0.931583 0.097228
vt 0.851453 0.129111
vt 0.875735 0.068432
vt 0.469163 0.573204
vt 0.706964 0.200041
vt 0.560019 0.144760
vt 0.820150 0.163113
vt 0.922060 0.954855
vt 0.862545 0.970243
vt 0.896916 0.941567
vt 0.875443 0.658329
vt 0.400854 0.829402
vt 0.753928 0.020533
vt 0.598644 0.891618
vt 0.971848 0.112323
vt 0.032874 0.952397
vt 0.634452 0.372061
vt 0.853935 0.677159
vt 0.857494 0.669930
vt 0.912589 0.373105
vt 0.237844 0.093329
vt 0.220785 0.101012
vt 0.843409 0.156055
vt 0.744939 0.062293
vt 0.780007 0.050255
vt 0.902754 0.985058
vt 0.830715 0.152742
vt 0.768539 0.011702
vt 0.816010 0.166525
vt 0.086688 0.500991
vt 0.813172 0.661530
vt 0.845294 0.679945
vt 0.878984 0.033571
vt 0.875969 0.041323
vt 0.878196 0.027151
vt 0.655269 0.240601
vt 0.230653 0.116412
vt 0.888660 0.031042
vt 0.650484 0.231572
vt 0.283315 0.045943
vt 0.688062 0.195884
vt 0.244364 0.111421
vt 0.253346 0.093018
vt 0.458388 0.992022
vt 0.472534 0.991236
vt 0.470918 0.998843
vt 0.902365 0.031436
vt 0.881230 0.021781
vt 0.867273 0.020777
vt 0.884837 0.659477
vt 0.876668 0.127694
vt 0.506082 0.200684
vt 0.508302 0.206649
vt 0.503250 0.205690
vt 0.889510 0.940832
vt 0.772731 0.024434
vt 0.781291 0.011659
vt 0.314566 0.858437
vt 0.323517 0.849886
vt 0.347308 0.857866
vt 0.828832 0.161177
vt 0.887194 0.064330
vt 0.422909 0.237490
vt 0.343896 0.218387
vt 0.362671 0.180797
vt 0.316136 0.248856
vt 0.309234 0.243431
vt 0.869909 0.051161
vt 0.875876 0.179457
vt 0.689876 0.186695
vt 0.501382 0.183522
vt 0.524575 0.165456
vt 0.025138 0.040432
vt 0.040002 0.054699
vt 0.018583 0.049489
vt 0.011377 0.049002
vt 0.785916 0.022210
vt 0.500255 0.208469
vt 0.496232 0.205716
vt 0.856529 0.050743
vt 0.014318 0.021368
vt 0.828778 0.172350
vt 0.511726 0.202950
vt 0.056802 0.499954
vt 0.978828 0.113759
vt 0.290971 0.480443
vt 0.248663 0.444943
vt 0.293003 0.377196
vt 0.866730 0.065276
vt 0.399687 0.853744
vt 0.395011 0.829702
vt 0.403688 0.831769
vt 0.536045 0.138650
vt 0.813655 0.173082
vt 0.328329 0.925209
vt 0.328740 0.982529
vt 0.324474 0.940306
vt 0.339288 0.849149
vt 0.798238 0.029930
vt 0.852119 0.013105
vt 0.300271 0.723864
vt 0.375959 0.789929
vt 0.349878 0.791754
vt 0.718101 0.180161
vt 0.497833 0.199521
vt 0.882967 0.127085
vt 0.901623 0.179991
vt 0.705039 0.180658
vt 0.643163 0.728302
vt 0.665970 0.738578
vt 0.664617 0.761791
vt 0.808351 0.174133
vt 0.858387 0.976132
vt 0.500671 0.212807
vt 0.486485 0.205607
vt 0.025576 0.060389
vt 0.724544 0.187969
vt 0.643446 0.247859
vt 0.294484 0.799077
vt 0.273346 0.800587
vt 0.852446 0.060221
vt 0.429592 0.431137
vt 0.458047 0.447924
vt 0.427900 0.442238
vt 0.317657 0.950515
vt 0.834377 0.177023
vt 0.641199 0.174039
vt 0.851253 0.981437
vt 0.347327 0.670421
vt 0.365406 0.673455
vt 0.360928 0.678571
vt 0.331694 0.828818
vt 0.018476 0.052530
vt 0.827046 0.176914
vt 0.823061 0.178250
vt 0.359467 0.849292
vt 0.958784 0.944704
vt 0.944212 0.937236
vt 0.937441 0.927759
vt 0.294023 0.044933
vt 0.897468 0.125184
vt 0.167417 0.529797
vt 0.370663 0.797896
vt 0.378414 0.826422
vt 0.675590 0.723293
vt 0.687836 0.757645
vt 0.635865 0.183499
vt 0.812763 0.182085
vt 0.319405 0.804905
vt 0.014995 0.058872
vt 0.412804 0.719803
vt 0.512295 0.726026
vt 0.422489 0.746412
vt 0.828257 0.177683
vt 0.027007 0.487682
vt 0.327927 0.207817
vt 0.821229 0.926944
vt 0.826205 0.922030
vt 0.841147 0.926927
vt 0.146799 0.950483
vt 0.147109 0.966784
vt 0.133035 0.966702
vt 0.923922 0.940258
vt 0.990353 0.699326
vt 0.982920 0.710156
vt 0.978210 0.700713
vt 0.699786 0.161308
vt 0.067755 0.253930
vt 0.098491 0.319340
vt 0.059027 0.289601
vt 0.333653 0.817405
vt 0.356445 0.824803
vt 0.822566 0.062309
vt 0.481414 0.201285
vt 0.965628 0.284116
vt 0.941492 0.287595
vt 0.957166 0.267428
vt 0.620191 0.757686
vt 0.820577 0.905620
vt 0.923337 0.898251
vt 0.906681 0.911430
vt 0.913649 0.899341
vt 0.974052 0.708339
vt 0.320563 0.200409
vt 0.329987 0.191686
vt 0.891645 0.939713
vt 0.878782 0.921751
vt 0.889450 0.915105
vt 0.828719 0.888554
vt 0.861882 0.895993
vt 0.972656 0.303338
vt 0.493812 0.163220
vt 0.865758 0.929624
vt 0.020267 0.057728
vt 0.481364 0.997939
vt 0.076941 0.304816
vt 0.055775 0.303571
vt 0.474731 0.216883
vt 0.976690 0.698384
vt 0.965758 0.691799
vt 0.973226 0.683790
vt 0.317168 0.960697
vt 0.103364 0.966565
vt 0.100498 0.962364
vt 0.444289 0.465294
vt 0.812000 0.893327
vt 0.727650 0.159461
vt 0.733516 0.186039
vt 0.868597 0.913941
vt 0.804005 0.939323
vt 0.513329 0.458647
vt 0.489990 0.479918
vt 0.794368 0.901438
vt 0.126001 0.989913
vt 0.098923 0.990053
vt 0.956922 0.682568
vt 0.306437 0.945738
vt 0.287062 0.959144
vt 0.281073 0.953493
vt 0.954813 0.309399
vt 0.955084 0.688157
vt 0.057116 0.317654
vt 0.094171 0.250019
vt 0.142035 0.990489
vt 0.846025 0.020259
vt 0.837185 0.034547
vt 0.366078 0.355018
vt 0.708330 0.161271
vt 0.943984 0.325014
vt 0.310470 0.959310
vt 0.986019 0.695491
vt 0.371896 0.671513
vt 0.990003 0.688826
vt 0.976600 0.313221
vt 0.962334 0.326530
vt 0.369122 0.816497
vt 0.909982 0.127210
vt 0.720778 0.153076
vt 0.498620 0.217279
vt 0.348927 0.806129
vt 0.347535 0.811536
vt 0.976663 0.328080
vt 0.081142 0.329842
vt 0.056478 0.326640
vt 0.376015 0.691511
vt 0.375185 0.693935
vt 0.331405 0.179977
vt 0.378812 0.688200
vt 0.633216 0.981762
vt 0.615754 0.982439
vt 0.620537 0.976510
vt 0.356002 0.817127
vt 0.312373 0.185095
vt 0.484073 0.992137
vt 0.500590 0.143811
vt 0.498801 0.136377
vt 0.504506 0.125736
vt 0.768231 0.120263
vt 0.733649 0.131475
vt 0.433942 0.464203
vt 0.958295 0.343187
vt 0.478496 0.188614
vt 0.668955 0.159856
vt 0.354265 0.811405
vt 0.758263 0.929798
vt 0.758652 0.938872
vt 0.746016 0.936644
vt 0.002161 0.064942
vt 0.612023 0.966129
vt 0.278899 0.958556
vt 0.484076 0.185814
vt 0.340121 0.184166
vt 0.470849 0.203135
vt 0.346550 0.795332
vt 0.337229 0.180741
vt 0.626351 0.962813
vt 0.595703 0.972290
vt 0.600061 0.980866
vt 0.584709 0.984936
vt 0.692952 0.142467
vt 0.380054 0.681483
vt 0.143617 0.056373
vt 0.107425 0.028647
vt 0.123894 0.021333
vt 0.969571 0.277453
vt 0.982273 0.280090
vt 0.984503 0.297001
vt 0.467874 0.200997
vt 0.463205 0.476384
vt 0.987429 0.288944
vt 0.917063 0.149476
vt 0.557428 0.710481
vt 0.657676 0.710481
vt 0.554130 0.715114
vt 0.750614 0.946994
vt 0.669274 0.772229
vt 0.012862 0.202661
vt 0.009960 0.210326
vt 0.004620 0.201959
vt 0.983320 0.269441
vt 0.704647 0.143263
vt 0.661295 0.124101
vt 0.685688 0.137624
vt 0.000708 0.203426
vt 0.492620 0.136950
vt 0.488353 0.147667
vt 0.484134 0.144578
vt 0.852308 0.969173
vt 0.463267 0.151923
vt 0.471147 0.119773
vt 0.992460 0.285754
vt 0.452503 0.154084
vt 0.449945 0.146302
vt 0.366494 0.798031
vt 0.635043 0.164699
vt 0.362251 0.809753
vt 0.431849 0.751924
vt 0.598602 0.967988
vt 0.583413 0.968241
vt 0.601455 0.959013
vt 0.588160 0.975148
vt 0.332738 0.683498
vt 0.311604 0.687733
vt 0.314299 0.664154
vt 0.471914 0.179163
vt 0.010212 0.080905
vt 0.041523 0.124222
vt 0.014978 0.112278
vt 0.449631 0.186045
vt 0.511699 0.992188
vt 0.526269 0.998982
vt 0.504981 0.999875
vt 0.000640 0.124452
vt 0.021951 0.120287
vt 0.458830 0.199316
vt 0.717090 0.124785
vt 0.371820 0.801318
vt 0.764102 0.975276
vt 0.766514 0.963851
vt 0.769080 0.975102
vt 0.754606 0.986879
vt 0.764003 0.978479
vt 0.768384 0.980925
vt 0.772616 0.969495
vt 0.478721 0.169154
vt 0.886958 0.197714
vt 0.582062 0.959049
vt 0.297955 0.673771
vt 0.668684 0.780106
vt 0.314023 0.613728
vt 0.293006 0.611676
vt 0.296667 0.595250
vt 0.777306 0.963727
vt 0.775197 0.973636
vt 0.668737 0.477486
vt 0.686642 0.465186
vt 0.685601 0.486267
vt 0.705392 0.131510
vt 0.318330 0.660286
vt 0.311106 0.655371
vt 0.312849 0.652189
vt 0.015896 0.208599
vt 0.021117 0.199919
vt 0.738839 0.951749
vt 0.706264 0.505354
vt 0.698003 0.495720
vt 0.705963 0.486880
vt 0.471183 0.186961
vt 0.759867 0.963802
vt 0.759192 0.966497
vt 0.746405 0.959374
vt 0.775648 0.961895
vt 0.006455 0.221212
vt 0.736456 0.761972
vt 0.695468 0.770678
vt 0.297278 0.688866
vt 0.301064 0.663185
vt 0.764649 0.989456
vt 0.778017 0.963165
vt 0.463393 0.200880
vt 0.978064 0.312983
vt 0.962841 0.273327
vt 0.993012 0.309362
vt 0.779220 0.966037
vt 0.685553 0.490898
vt 0.688670 0.491206
vt 0.460036 0.206488
vt 0.139133 0.065493
vt 0.128261 0.061284
vt 0.295477 0.700643
vt 0.310523 0.143009
vt 0.484931 0.174867
vt 0.712539 0.494166
vt 0.292886 0.658756
vt 0.762322 0.971711
vt 0.674554 0.782019
vt 0.768801 0.987000
vt 0.728538 0.938701
vt 0.723752 0.941465
vt 0.719378 0.909357
vt 0.690851 0.484886
vt 0.693770 0.487901
vt 0.299957 0.648072
vt 0.764499 0.958737
vt 0.763027 0.957969
vt 0.765315 0.958040
vt 0.308575 0.635696
vt 0.297538 0.624454
vt 0.764883 0.956204
vt 0.767272 0.958574
vt 0.775848 0.955112
vt 0.933628 0.567559
vt 0.944026 0.570912
vt 0.946015 0.575761
vt 0.769370 0.959422
vt 0.652259 0.782711
vt 0.596523 0.994913
vt 0.578576 0.994913
vt 0.578740 0.990206
vt 0.691634 0.480248
vt 0.778790 0.975671
vt 0.315235 0.642013
vt 0.303345 0.645687
vt 0.444686 0.470974
vt 0.372442 0.663346
vt 0.719774 0.953242
vt 0.781308 0.962097
vt 0.295531 0.710321
vt 0.289030 0.699286
vt 0.778843 0.956747
vt 0.510046 0.119553
vt 0.781690 0.971110
vt 0.772770 0.953973
vt 0.777876 0.953463
vt 0.737678 0.983893
vt 0.286023 0.707257
vt 0.286903 0.679448
vt 0.293080 0.648742
vt 0.293866 0.654411
vt 0.464352 0.246794
vt 0.459104 0.235206
vt 0.451028 0.225514
vt 0.297719 0.645650
vt 0.298734 0.642381
vt 0.295761 0.650577
vt 0.763444 0.949755
vt 0.273287 0.168870
vt 0.289497 0.252261
vt 0.227368 0.171165
vt 0.478582 0.480288
vt 0.297343 0.639334
vt 0.778103 0.949604
vt 0.776095 0.947052
vt 0.290460 0.617418
vt 0.664224 0.794068
vt 0.655352 0.783395
vt 0.307392 0.637447
vt 0.294564 0.626098
vt 0.286162 0.616158
vt 0.291642 0.600481
vt 0.429824 0.466171
vt 0.324889 0.977756
vt 0.316075 0.974928
vt 0.318266 0.970144
vt 0.441926 0.477332
vt 0.317822 0.979747
vt 0.271131 0.712433
vt 0.270615 0.662028
vt 0.274894 0.655360
vt 0.135811 0.066842
vt 0.473850 0.797444
vt 0.454678 0.788884
vt 0.460992 0.788591
vt 0.101334 0.045965
vt 0.377873 0.670455
vt 0.009962 0.367136
vt 0.033689 0.367136
vt 0.032340 0.378895
vt 0.453013 0.796056
vt 0.318773 0.985025
vt 0.311778 0.978439
vt 0.488687 0.482143
vt 0.481160 0.482286
vt 0.466532 0.807797
vt 0.459128 0.805885
vt 0.452164 0.479597
vt 0.782995 0.957300
vt 0.781829 0.978131
vt 0.468306 0.482690
vt 0.463728 0.479942
vt 0.376315 0.694620
vt 0.453174 0.483133
vt 0.452009 0.486373
vt 0.428579 0.471795
vt 0.784310 0.974370
vt 0.435644 0.499984
vt 0.430316 0.479017
vt 0.333144 0.376064
vt 0.299506 0.479591
vt 0.293840 0.380362
vt 0.012801 0.926466
vt 0.000147 0.887522
vt 0.034575 0.891915
vt 0.723392 0.490397
vt 0.726730 0.495618
vt 0.278046 0.703857
vt 0.463576 0.481732
vt 0.422683 0.471007
vt 0.952392 0.578185
vt 0.131791 0.068235
vt 0.476669 0.486393
vt 0.378900 0.691997
vt 0.306645 0.974510
vt 0.306687 0.973316
vt 0.308443 0.971143
vt 0.311536 0.962173
vt 0.547748 0.998987
vt 0.557255 0.994180
vt 0.559676 0.999372
vt 0.130583 0.078571
vt 0.116389 0.090549
vt 0.126517 0.071291
vt 0.121434 0.057738
vt 0.426460 0.502005
vt 0.301765 0.971325
vt 0.559602 0.990792
vt 0.577799 0.990792
vt 0.569922 0.999783
vt 0.784388 0.967485
vt 0.380471 0.675496
vt 0.004804 0.027403
vt 0.004052 0.046352
vt 0.001717 0.038924
vt 0.013173 0.022943
vt 0.499015 0.481394
vt 0.383738 0.693472
vt 0.277645 0.631863
vt 0.566339 0.998248
vt 0.297260 0.965515
vt 0.124433 0.064195
vt 0.016587 0.011117
vt 0.017994 0.008568
vt 0.020393 0.009118
vt 0.486720 0.522296
vt 0.009214 0.049477
vt 0.493333 0.764217
vt 0.496054 0.775343
vt 0.498786 0.799525
vt 0.128290 0.068727
vt 0.377386 0.701615
vt 0.395307 0.693631
vt 0.296213 0.968335
vt 0.294562 0.966112
vt 0.126144 0.066563
vt 0.292872 0.971136
vt 0.293394 0.967130
vt 0.278526 0.643073
vt 0.000716 0.023011
vt 0.501572 0.799614
vt 0.308140 0.981878
vt 0.951979 0.427305
vt 0.955635 0.476724
vt 0.930965 0.438689
vt 0.301638 0.974194
vt 0.381042 0.673093
vt 0.436899 0.519819
vt 0.292473 0.964382
vt 0.452817 0.791787
vt 0.517169 0.800094
vt 0.103826 0.445174
vt 0.105755 0.441205
vt 0.109572 0.447718
vt 0.384266 0.671991
vt 0.021521 0.016726
vt 0.040461 0.988032
vt 0.026301 0.986220
vt 0.033408 0.983512
vt 0.721094 0.489528
vt 0.317759 0.998557
vt 0.311524 0.999886
vt 0.278186 0.639583
vt 0.937876 0.562690
vt 0.964127 0.566142
vt 0.264229 0.680756
vt 0.309614 0.987455
vt 0.110495 0.078849
vt 0.122312 0.063550
vt 0.789323 0.962519
vt 0.446287 0.783275
vt 0.115723 0.060383
vt 0.790589 0.953614
vt 0.395829 0.680128
vt 0.283404 0.622059
vt 0.022796 0.009238
vt 0.928082 0.496521
vt 0.113307 0.467391
vt 0.961045 0.561247
vt 0.446118 0.791524
vt 0.270289 0.719234
vt 0.285638 0.959935
vt 0.015468 0.004664
vt 0.702474 0.788551
vt 0.038272 0.979781
vt 0.107843 0.052194
vt 0.283541 0.973005
vt 0.307967 0.987793
vt 0.105818 0.076647
vt 0.301752 0.992689
vt 0.027443 0.982691
vt 0.683594 0.452764
vt 0.389882 0.668048
vt 0.951396 0.579641
vt 0.247954 0.655508
vt 0.726766 0.486129
vt 0.515938 0.759901
vt 0.796469 0.808662
vt 0.794899 0.823596
vt 0.741859 0.756570
vt 0.010100 0.252061
vt 0.013214 0.257432
vt 0.007165 0.251386
vt 0.707366 0.470624
vt 0.284624 0.985579
vt 0.445256 0.795736
vt 0.787409 0.973655
vt 0.031113 0.980116
vt 0.025620 0.982325
vt 0.002150 0.246744
vt 0.447156 0.769353
vt 0.443783 0.792878
vt 0.038316 0.004548
vt 0.034398 0.007439
vt 0.012285 0.842213
vt 0.022919 0.807198
vt 0.032708 0.844657
vt 0.006680 0.810335
vt 0.364478 0.944266
vt 0.376645 0.947640
vt 0.374357 0.964989
vt 0.732276 0.490631
vt 0.306199 0.995295
vt 0.377686 0.958147
vt 0.783702 0.981443
vt 0.909955 0.477527
vt 0.042944 0.834053
vt 0.427816 0.789571
vt 0.006185 0.263056
vt 0.382773 0.969157
vt 0.030588 0.247330
vt 0.270159 0.625601
vt 0.286160 0.989210
vt 0.686991 0.455203
vt 0.270258 0.633435
vt 0.249518 0.669270
vt 0.962972 0.583892
vt 0.951517 0.587938
vt 0.281501 0.607889
vt 0.009622 0.260265
vt 0.301605 0.996217
vt 0.394491 0.661720
vt 0.263193 0.637270
vt 0.357206 0.978030
vt 0.026743 0.978717
vt 0.359028 0.999941
vt 0.317559 0.999941
vt 0.338573 0.992122
vt 0.717108 0.473168
vt 0.084241 0.108915
vt 0.032123 0.017277
vt 0.578321 0.976678
vt 0.575704 0.956087
vt 0.579021 0.951766
vt 0.111700 0.060450
vt 0.112471 0.058871
vt 0.956004 0.590945
vt 0.248096 0.649767
vt 0.195742 0.201677
vt 0.166361 0.172448
vt 0.177775 0.155087
vt 0.731492 0.475234
vt 0.787979 0.978679
vt 0.919867 0.430500
vt 0.920593 0.421137
vt 0.454444 0.758671
vt 0.007409 0.269129
vt 0.430956 0.784242
vt 0.409349 0.664660
vt 0.259068 0.715706
vt 0.022551 0.985721
vt 0.021096 0.982107
vt 0.398793 0.936156
vt 0.432867 0.794624
vt 0.239682 0.688563
vt 0.281106 0.985237
vt 0.283944 0.993863
vt 0.007555 0.263882
vt 0.012417 0.794089
vt 0.017256 0.795942
vt 0.792635 0.958719
vt 0.912775 0.440584
vt 0.014208 0.808485
vt 0.970756 0.577601
vt 0.028815 0.804096
vt 0.038184 0.813744
vt 0.594983 0.434153
vt 0.401875 0.977162
vt 0.416600 0.666124
vt 0.108700 0.056661
vt 0.029985 0.792744
vt 0.737008 0.479367
vt 0.749820 0.495684
vt 0.040977 0.812870
vt 0.043396 0.819590
vt 0.731488 0.483274
vt 0.148116 0.276639
vt 0.144104 0.268749
vt 0.153516 0.244898
vt 0.035097 0.977632
vt 0.411643 0.944779
vt 0.130330 0.320356
vt 0.150366 0.349259
vt 0.133774 0.342556
vt 0.485234 0.802268
vt 0.521827 0.803235
vt 0.519092 0.821480
vt 0.902318 0.784258
vt 0.890856 0.789327
vt 0.899237 0.780707
vt 0.553923 0.967900
vt 0.097195 0.334197
vt 0.053715 0.008714
vt 0.135906 0.269420
vt 0.566459 0.938912
vt 0.251081 0.640213
vt 0.912652 0.791017
vt 0.900123 0.812612
vt 0.519255 0.830876
vt 0.514784 0.842053
vt 0.891598 0.807482
vt 0.102400 0.053107
vt 0.120576 0.106737
vt 0.909444 0.444709
vt 0.120323 0.461363
vt 0.277529 0.991463
vt 0.432734 0.773745
vt 0.425787 0.791841
vt 0.071935 0.091239
vt 0.095738 0.066807
vt 0.520239 0.826411
vt 0.895712 0.772835
vt 0.438801 0.766777
vt 0.544054 0.975982
vt 0.535868 0.946446
vt 0.534560 0.820291
vt 0.541849 0.807078
vt 0.109612 0.305793
vt 0.206179 0.202527
vt 0.154192 0.207560
vt 0.427767 0.780534
vt 0.046160 0.798923
vt 0.966752 0.590449
vt 0.962472 0.605552
vt 0.709937 0.457443
vt 0.533266 0.807483
vt 0.018350 0.976277
vt 0.529698 0.794851
vt 0.901784 0.757588
vt 0.898417 0.764007
vt 0.886878 0.767827
vt 0.274814 0.990559
vt 0.033791 0.969172
vt 0.162159 0.350141
vt 0.154009 0.354974
vt 0.887593 0.775447
vt 0.118872 0.448588
vt 0.052348 0.810451
vt 0.512839 0.911900
vt 0.524406 0.913227
vt 0.521385 0.919610
vt 0.511375 0.903982
vt 0.427449 0.762293
vt 0.631446 0.990874
vt 0.625968 0.998414
vt 0.618058 0.990673
vt 0.026396 0.969416
vt 0.162255 0.357789
vt 0.521523 0.929981
vt 0.540982 0.920883
vt 0.007605 0.986970
vt 0.011612 0.978111
vt 0.126332 0.243108
vt 0.889129 0.786368
vt 0.888166 0.783114
vt 0.056953 0.005858
vt 0.571117 0.806408
vt 0.584210 0.819058
vt 0.528985 0.903429
vt 0.434591 0.561423
vt 0.529899 0.908720
vt 0.565972 0.935818
vt 0.966502 0.604178
vt 0.973363 0.609097
vt 0.581196 0.919155
vt 0.884712 0.782243
vt 0.133618 0.212007
vt 0.532426 0.894875
vt 0.965090 0.611513
vt 0.094846 0.044662
vt 0.504163 0.882059
vt 0.885506 0.777440
vt 0.149919 0.356939
vt 0.887965 0.762752
vt 0.143199 0.353656
vt 0.967845 0.614844
vt 0.173710 0.157334
vt 0.544457 0.909865
vt 0.099965 0.049282
vt 0.175060 0.361226
vt 0.160961 0.364742
vt 0.885159 0.798154
vt 0.152999 0.486369
vt 0.166808 0.473520
vt 0.161716 0.490866
vt 0.909040 0.820770
vt 0.532630 0.945399
vt 0.519137 0.960969
vt 0.508837 0.944157
vt 0.089821 0.334390
vt 0.893194 0.813204
vt 0.798966 0.955518
vt 0.535157 0.945322
vt 0.885758 0.771512
vt 0.702262 0.433895
vt 0.970986 0.605903
vt 0.140716 0.361421
vt 0.885478 0.768354
vt 0.883516 0.776635
vt 0.499065 0.947558
vt 0.497158 0.954968
vt 0.886799 0.765492
vt 0.890308 0.813241
vt 0.519744 0.980942
vt 0.518826 0.973551
vt 0.522071 0.975209
vt 0.550510 0.915587
vt 0.059250 0.461076
vt 0.050436 0.449887
vt 0.069274 0.444012
vt 0.522100 0.971933
vt 0.089756 0.049093
vt 0.539104 0.886517
vt 0.547438 0.897469
vt 0.526516 0.979469
vt 0.516087 0.976484
vt 0.925941 0.815634
vt 0.883872 0.766013
vt 0.506215 0.965872
vt 0.975741 0.597005
vt 0.896121 0.819808
vt 0.153116 0.365113
vt 0.002198 0.981538
vt 0.881884 0.806044
vt 0.116241 0.204012
vt 0.571234 0.928101
vt 0.409710 0.659928
vt 0.124778 0.354581
vt 0.148524 0.363121
vt 0.870276 0.777141
vt 0.937308 0.840161
vt 0.910292 0.840189
vt 0.939304 0.833120
vt 0.561336 0.886892
vt 0.150713 0.463663
vt 0.164167 0.462219
vt 0.408285 0.653472
vt 0.016964 0.973269
vt 0.485676 0.955013
vt 0.082331 0.446923
vt 0.048158 0.435560
vt 0.059809 0.438425
vt 0.147886 0.460114
vt 0.149956 0.452119
vt 0.157239 0.458060
vt 0.156009 0.367869
vt 0.307525 0.273252
vt 0.208348 0.273252
vt 0.227706 0.195994
vt 0.076705 0.441058
vt 0.727039 0.455556
vt 0.689146 0.830235
vt 0.967290 0.829027
vt 0.976117 0.832017
vt 0.115481 0.355481
vt 0.173825 0.369927
vt 0.025193 0.965791
vt 0.025858 0.962903
vt 0.976775 0.603914
vt 0.019607 0.968516
vt 0.075056 0.435921
vt 0.491341 0.958557
vt 0.085674 0.049679
vt 0.152497 0.372046
vt 0.413151 0.660143
vt 0.348819 0.518737
vt 0.348896 0.502064
vt 0.371749 0.508525
vt 0.155652 0.451419
vt 0.892461 0.821882
vt 0.169216 0.465155
vt 0.071031 0.431731
vt 0.884540 0.813815
vt 0.102066 0.353887
vt 0.096243 0.431698
vt 0.103093 0.440214
vt 0.487785 0.980762
vt 0.016319 0.971593
vt 0.084144 0.429106
vt 0.567221 0.891943
vt 0.924921 0.820717
vt 0.151268 0.448075
vt 0.171052 0.472590
vt 0.436007 0.676964
vt 0.139139 0.373174
vt 0.155620 0.450161
vt 0.702761 0.432106
vt 0.415031 0.651563
vt 0.928850 0.812901
vt 0.159536 0.451608
vt 0.010246 0.188181
vt 0.009054 0.184906
vt 0.015752 0.193729
vt 0.481755 0.960571
vt 0.482489 0.964577
vt 0.065251 0.426979
vt 0.011949 0.974774
vt 0.083390 0.059013
vt 0.721208 0.436577
vt 0.106595 0.433069
vt 0.079949 0.062597
vt 0.077969 0.055589
vt 0.081791 0.051119
vt 0.077400 0.419901
vt 0.014870 0.187839
vt 0.075506 0.057579
vt 0.980880 0.582829
vt 0.003844 0.976700
vt 0.074575 0.051446
vt 0.365382 0.530606
vt 0.371138 0.523655
vt 0.423904 0.663046
vt 0.074178 0.052146
vt 0.986967 0.573598
vt 0.866039 0.798513
vt 0.748524 0.462995
vt 0.865694 0.779135
vt 0.012888 0.969535
vt 0.986398 0.586446
vt 0.095633 0.426066
vt 0.432148 0.718149
vt 0.020051 0.963788
vt 0.133735 0.486351
vt 0.014229 0.183625
vt 0.755725 0.483680
vt 0.155178 0.438135
vt 0.151950 0.427639
vt 0.092416 0.122215
vt 0.878119 0.819455
vt 0.117563 0.483164
vt 0.025039 0.960485
vt 0.007868 0.973758
vt 0.106032 0.421507
vt 0.119284 0.439002
vt 0.346324 0.431280
vt 0.355626 0.432104
vt 0.353287 0.441993
vt 0.099743 0.415563
vt 0.352793 0.481559
vt 0.374058 0.484694
vt 0.346713 0.443094
vt 0.013869 0.178605
vt 0.947981 0.809429
vt 0.007194 0.971364
vt 0.065915 0.054104
vt 0.010223 0.174432
vt 0.071747 0.057267
vt 0.161951 0.435150
vt 0.069185 0.062583
vt 0.987503 0.582176
vt 0.133902 0.458003
vt 0.705573 0.423010
vt 0.379415 0.507557
vt 0.363459 0.446205
vt 0.712809 0.429536
vt 0.073573 0.059978
vt 0.020709 0.188491
vt 0.867440 0.819304
vt 0.068594 0.055916
vt 0.357165 0.442592
vt 0.170913 0.450453
vt 0.367715 0.441892
vt 0.368961 0.438644
vt 0.730264 0.433863
vt 0.056624 0.416973
vt 0.013307 0.174371
vt 0.756240 0.456346
vt 0.857693 0.777410
vt 0.013085 0.167769
vt 0.880965 0.824753
vt 0.936323 0.796396
vt 0.124155 0.495308
vt 0.113769 0.493890
vt 0.168379 0.451704
vt 0.746455 0.439143
vt 0.721372 0.431707
vt 0.018902 0.184488
vt 0.064865 0.407146
vt 0.068495 0.043641
vt 0.011691 0.966718
vt 0.119591 0.428786
vt 0.130909 0.425250
vt 0.761663 0.473823
vt 0.180721 0.450882
vt 0.199832 0.489197
vt 0.156994 0.425491
vt 0.375857 0.444030
vt 0.862953 0.810159
vt 0.720988 0.428963
vt 0.003602 0.973492
vt 0.017832 0.175459
vt 0.064717 0.059494
vt 0.013288 0.957245
vt 0.150503 0.422656
vt 0.157136 0.404967
vt 0.156005 0.419870
vt 0.065352 0.040960
vt 0.115398 0.403371
vt 0.717120 0.417635
vt 0.850852 0.781592
vt 0.725508 0.430111
vt 0.406912 0.502679
vt 0.724167 0.424812
vt 0.723508 0.427643
vt 0.123275 0.421578
vt 0.191306 0.106854
vt 0.382816 0.436189
vt 0.376624 0.547376
vt 0.021807 0.172763
vt 0.429452 0.660281
vt 0.604927 0.839924
vt 0.606018 0.833365
vt 0.617620 0.838140
vt 0.395023 0.470355
vt 0.173650 0.447343
vt 0.418671 0.537062
vt 0.026940 0.176645
vt 0.158142 0.424738
vt 0.115162 0.415940
vt 0.391600 0.492208
vt 0.002388 0.966922
vt 0.843095 0.807308
vt 0.591401 0.835127
vt 0.053951 0.373768
vt 0.079274 0.125988
vt 0.016115 0.168038
vt 0.730390 0.431147
vt 0.912702 0.778362
vt 0.627516 0.831085
vt 0.621378 0.839559
vt 0.625532 0.838802
vt 0.185775 0.496705
vt 0.153285 0.492971
vt 0.176356 0.436098
vt 0.009157 0.962056
vt 0.122029 0.501999
vt 0.112836 0.498897
vt 0.064225 0.005042
vt 0.087106 0.034440
vt 0.064225 0.039601
vt 0.020317 0.168749
vt 0.448832 0.572398
vt 0.451642 0.582946
vt 0.447888 0.583196
vt 0.631582 0.840542
vt 0.631011 0.836448
vt 0.641343 0.833843
vt 0.857426 0.817288
vt 0.114833 0.482878
vt 0.103766 0.481670
vt 0.109468 0.476008
vt 0.173245 0.426850
vt 0.101932 0.381092
vt 0.104697 0.401256
vt 0.022131 0.180192
vt 0.112787 0.469418
vt 0.635127 0.832956
vt 0.455233 0.590374
vt 0.831406 0.942789
vt 0.867999 0.892424
vt 0.855216 0.956286
vt 0.457768 0.991973
vt 0.433824 0.998389
vt 0.427649 0.991195
vt 0.024259 0.174394
vt 0.606402 0.828924
vt 0.111483 0.510254
vt 0.467016 0.599582
vt 0.452464 0.609624
vt 0.431493 0.593033
vt 0.253027 0.714035
vt 0.218698 0.729844
vt 0.222295 0.712105
vt 0.633675 0.827903
vt 0.162270 0.413219
vt 0.083218 0.371265
vt 0.172017 0.420506
vt 0.445984 0.588264
vt 0.429925 0.528286
vt 0.397807 0.458086
vt 0.845935 0.816278
vt 0.406413 0.473278
vt 0.399526 0.478719
vt 0.646317 0.833152
vt 0.713222 0.396928
vt 0.012071 0.950460
vt 0.005756 0.958404
vt 0.640385 0.829579
vt 0.651648 0.836281
vt 0.106892 0.414941
vt 0.403832 0.445204
vt 0.651429 0.831901
vt 0.645187 0.829019
vt 0.179325 0.445837
vt 0.636745 0.812196
vt 0.646488 0.824733
vt 0.646097 0.845020
vt 0.650942 0.837413
vt 0.658193 0.842490
vt 0.435149 0.564491
vt 0.011130 0.143719
vt 0.180499 0.435485
vt 0.149460 0.493908
vt 0.136794 0.496163
vt 0.208017 0.730106
vt 0.190834 0.693026
vt 0.608720 0.800777
vt 0.403592 0.454912
vt 0.661249 0.825972
vt 0.160440 0.240744
vt 0.221497 0.307330
vt 0.163254 0.354494
vt 0.672782 0.840357
vt 0.668708 0.825370
vt 0.675550 0.822287
vt 0.103952 0.522410
vt 0.017758 0.148194
vt 0.837236 0.779241
vt 0.015499 0.388579
vt 0.021402 0.400733
vt 0.009936 0.403752
vt 0.019317 0.157100
vt 0.025682 0.168560
vt 0.650368 0.823768
vt 0.005167 0.410134
vt 0.014726 0.419341
vt 0.634734 0.857308
vt 0.625954 0.871419
vt 0.620477 0.877364
vt 0.681912 0.831314
vt 0.034979 0.176802
vt 0.033116 0.185190
vt 0.411091 0.454655
vt 0.285582 0.728694
vt 0.011845 0.419849
vt 0.119561 0.511007
vt 0.130005 0.502118
vt 0.854009 0.893082
vt 0.814838 0.882146
vt 0.789344 0.842988
vt 0.433968 0.602734
vt 0.102420 0.527703
vt 0.646398 0.938100
vt 0.657710 0.931891
vt 0.659006 0.940874
vt 0.639800 0.853874
vt 0.649266 0.848401
vt 0.648741 0.854429
vt 0.426090 0.587809
vt 0.613597 0.802313
vt 0.655670 0.822173
vt 0.667643 0.823376
vt 0.608816 0.811828
vt 0.023671 0.403599
vt 0.669926 0.935749
vt 0.668405 0.943379
vt 0.093759 0.499155
vt 0.460708 0.650899
vt 0.663915 0.823465
vt 0.408279 0.450926
vt 0.022429 0.416638
vt 0.093583 0.492175
vt 0.144604 0.011910
vt 0.134361 0.504189
vt 0.155818 0.496623
vt 0.036876 0.163330
vt 0.830644 0.792253
vt 0.446250 0.624109
vt 0.023329 0.396325
vt 0.451682 0.643088
vt 0.441632 0.633072
vt 0.283089 0.763819
vt 0.664166 0.817632
vt 0.660199 0.846169
vt 0.011225 0.423303
vt 0.987175 0.004094
vt 0.975418 0.049745
vt 0.954054 0.042803
vt 0.645474 0.864533
vt 0.644401 0.870573
vt 0.659569 0.680681
vt 0.591216 0.709696
vt 0.560173 0.708875
vt 0.436774 0.647607
vt 0.667007 0.924636
vt 0.024098 0.398002
vt 0.159392 0.497430
vt 0.148372 0.499154
vt 0.677451 0.933845
vt 0.657812 0.859910
vt 0.662742 0.922911
vt 0.015940 0.142677
vt 0.414561 0.444810
vt 0.430462 0.455708
vt 0.421118 0.444379
vt 0.673274 0.920746
vt 0.574729 0.130563
vt 0.582539 0.120761
vt 0.580788 0.129284
vt 0.166131 0.690789
vt 0.160776 0.656377
vt 0.195020 0.677046
vt 0.042757 0.124293
vt 0.035361 0.107673
vt 0.061911 0.083767
vt 0.413050 0.574470
vt 0.111477 0.527877
vt 0.121560 0.516632
vt 0.683648 0.936006
vt 0.431477 0.627970
vt 0.665688 0.919098
vt 0.561873 0.095936
vt 0.583332 0.096937
vt 0.572469 0.114101
vt 0.844222 0.822956
vt 0.087060 0.503676
vt 0.427035 0.620482
vt 0.419273 0.585747
vt 0.425910 0.440279
vt 0.561536 0.088261
vt 0.582020 0.083642
vt 0.021762 0.143087
vt 0.421604 0.426831
vt 0.012367 0.136132
vt 0.130717 0.513264
vt 0.803953 0.895603
vt 0.792273 0.895602
vt 0.170790 0.620478
vt 0.180249 0.631215
vt 0.183639 0.640845
vt 0.640082 0.877756
vt 0.678702 0.924029
vt 0.040533 0.179228
vt 0.040405 0.184671
vt 0.196088 0.748226
vt 0.649671 0.799206
vt 0.670989 0.918561
vt 0.018812 0.138110
vt 0.616655 0.879043
vt 0.617373 0.884008
vt 0.608871 0.883786
vt 0.837307 0.811845
vt 0.408980 0.587933
vt 0.079246 0.507887
vt 0.625145 0.799440
vt 0.650853 0.990659
vt 0.659167 0.990659
vt 0.657345 0.991980
vt 0.559683 0.086471
vt 0.428919 0.641742
vt 0.206204 0.646032
vt 0.115658 0.528041
vt 0.636588 0.803822
vt 0.638535 0.879635
vt 0.598214 0.893289
vt 0.620910 0.887136
vt 0.039562 0.172768
vt 0.831158 0.801482
vt 0.666845 0.913534
vt 0.023886 0.424417
vt 0.026231 0.148153
vt 0.190065 0.762085
vt 0.181571 0.717177
vt 0.839574 0.816738
vt 0.679200 0.796086
vt 0.663192 0.912449
vt 0.414994 0.556306
vt 0.410748 0.567202
vt 0.655208 0.871031
vt 0.634254 0.055138
vt 0.657800 0.051712
vt 0.650059 0.081655
vt 0.695203 0.926489
vt 0.837548 0.819655
vt 0.042283 0.183666
vt 0.678156 0.911610
vt 0.405232 0.593084
vt 0.402158 0.566086
vt 0.589505 0.119181
vt 0.123361 0.522081
vt 0.630733 0.886366
vt 0.182376 0.633015
vt 0.183054 0.636747
vt 0.431827 0.649474
vt 0.625408 0.893036
vt 0.701318 0.927343
vt 0.942843 0.868941
vt 0.961803 0.872396
vt 0.938578 0.879053
vt 0.798439 0.871371
vt 0.796332 0.873636
vt 0.793708 0.871476
vt 0.675011 0.907561
vt 0.589041 0.111670
vt 0.559441 0.217526
vt 0.551539 0.221392
vt 0.549614 0.211499
vt 0.530585 0.215365
vt 0.405586 0.605675
vt 0.596258 0.901132
vt 0.826043 0.803787
vt 0.604209 0.054784
vt 0.614544 0.042168
vt 0.634422 0.036945
vt 0.833544 0.819171
vt 0.191136 0.636760
vt 0.829951 0.810350
vt 0.404879 0.558541
vt 0.397217 0.564193
vt 0.406111 0.600629
vt 0.289102 0.752356
vt 0.035630 0.143169
vt 0.238370 0.295775
vt 0.961064 0.549902
vt 0.958784 0.546764
vt 0.965968 0.548092
vt 0.694295 0.916065
vt 0.043045 0.172616
vt 0.681553 0.908239
vt 0.415805 0.644283
vt 0.584423 0.078507
vt 0.798154 0.879204
vt 0.582857 0.913728
vt 0.590191 0.908113
vt 0.590267 0.911444
vt 0.988406 0.054934
vt 0.602097 0.118180
vt 0.601459 0.128582
vt 0.033707 0.136381
vt 0.676058 0.099967
vt 0.684461 0.074264
vt 0.642870 0.021641
vt 0.189617 0.639497
vt 0.954554 0.542982
vt 0.954197 0.538702
vt 0.965931 0.365546
vt 0.978806 0.325922
vt 0.990914 0.354629
vt 0.401912 0.573324
vt 0.924822 0.864887
vt 0.009021 0.067671
vt 0.072194 0.517055
vt 0.071999 0.514647
vt 0.077581 0.511226
vt 0.542430 0.250401
vt 0.698645 0.924151
vt 0.647451 0.887638
vt 0.654055 0.794378
vt 0.397408 0.582826
vt 0.664082 0.903732
vt 0.692626 0.905598
vt 0.599357 0.908823
vt 0.069121 0.509372
vt 0.798982 0.863436
vt 0.066074 0.512896
vt 0.548442 0.258943
vt 0.584200 0.091323
vt 0.593439 0.112450
vt 0.700643 0.917357
vt 0.049103 0.184770
vt 0.975090 0.867942
vt 0.964836 0.877556
vt 0.174717 0.827379
vt 0.186040 0.780010
vt 0.190524 0.832206
vt 0.391186 0.621949
vt 0.391464 0.608012
vt 0.227994 0.655700
vt 0.618267 0.119975
vt 0.043340 0.156259
vt 0.048361 0.516617
vt 0.760687 0.682558
vt 0.677153 0.699297
vt 0.657964 0.683196
vt 0.659960 0.871919
vt 0.669040 0.049057
vt 0.960243 0.537497
vt 0.967072 0.544573
vt 0.674917 0.894658
vt 0.678310 0.028854
vt 0.392879 0.591809
vt 0.382546 0.546816
vt 0.606809 0.112834
vt 0.591785 0.085380
vt 0.919751 0.864655
vt 0.614296 0.907994
vt 0.607505 0.913758
vt 0.692083 0.892442
vt 0.596828 0.093594
vt 0.700911 0.899499
vt 0.318430 0.658198
vt 0.315270 0.600222
vt 0.339225 0.621938
vt 0.407190 0.642113
vt 0.196781 0.201339
vt 0.193491 0.130947
vt 0.219681 0.154542
vt 0.488966 0.236092
vt 0.486777 0.224289
vt 0.194560 0.804205
vt 0.946898 0.533031
vt 0.215144 0.846479
vt 0.000087 0.844965
vt 0.007179 0.850202
vt 0.003466 0.856633
vt 0.711623 0.924324
vt 0.194915 0.641590
vt 0.640059 0.888462
vt 0.195007 0.102728
vt 0.218361 0.120574
vt 0.175025 0.896133
vt 0.118211 0.884981
vt 0.165366 0.826678
vt 0.079091 0.523142
vt 0.517539 0.241416
vt 0.187804 0.616652
vt 0.213221 0.644769
vt 0.690399 0.105579
vt 0.473664 0.234893
vt 0.659519 0.011036
vt 0.704895 0.912224
vt 0.652383 0.887295
vt 0.957678 0.536608
vt 0.213113 0.128227
vt 0.973560 0.542851
vt 0.230320 0.688644
vt 0.613896 0.113370
vt 0.609722 0.100000
vt 0.939623 0.926516
vt 0.694758 0.044380
vt 0.379691 0.595422
vt 0.634399 0.898513
vt 0.006324 0.887231
vt 0.007921 0.881801
vt 0.027335 0.885049
vt 0.389716 0.621227
vt 0.213195 0.794783
vt 0.607003 0.089340
vt 0.034720 0.757749
vt 0.001097 0.758716
vt 0.023902 0.739013
vt 0.606801 0.075319
vt 0.786835 0.775105
vt 0.778404 0.779955
vt 0.784861 0.770507
vt 0.968719 0.251294
vt 0.967456 0.232545
vt 0.991941 0.212000
vt 0.491633 0.245481
vt 0.000324 0.875389
vt 0.016462 0.878734
vt 0.612472 0.097618
vt 0.053123 0.185367
vt 0.018135 0.854563
vt 0.952523 0.532530
vt 0.714217 0.945356
vt 0.159734 0.820136
vt 0.611045 0.086822
vt 0.043943 0.141182
vt 0.605300 0.079078
vt 0.004390 0.874828
vt 0.990398 0.229870
vt 0.628403 0.901733
vt 0.623693 0.109579
vt 0.005094 0.868339
vt 0.012011 0.860841
vt 0.699022 0.037273
vt 0.975044 0.915210
vt 0.037115 0.891147
vt 0.025633 0.867271
vt 0.746982 0.057928
vt 0.477591 0.260975
vt 0.605168 0.065184
vt 0.617958 0.912559
vt 0.685899 0.004706
vt 0.000995 0.737316
vt 0.299978 0.587908
vt 0.307919 0.587031
vt 0.019009 0.878987
vt 0.941622 0.527323
vt 0.318358 0.590580
vt 0.217950 0.648732
vt 0.325702 0.592535
vt 0.017177 0.874818
vt 0.016420 0.846687
vt 0.213251 0.646963
vt 0.188893 0.953275
vt 0.178711 0.941318
vt 0.197869 0.923159
vt 0.022589 0.878737
vt 0.183401 0.844905
vt 0.198131 0.876891
vt 0.233888 0.156370
vt 0.226173 0.162459
vt 0.710470 0.040140
vt 0.632146 0.904556
vt 0.236784 0.534647
vt 0.232900 0.505233
vt 0.245161 0.527973
vt 0.016067 0.866980
vt 0.329950 0.593851
vt 0.658746 0.888633
vt 0.470229 0.268841
vt 0.050864 0.150790
vt 0.054382 0.167550
vt 0.361843 0.616251
vt 0.321690 0.576777
vt 0.792883 0.768188
vt 0.952430 0.529072
vt 0.242282 0.136646
vt 0.224425 0.652328
vt 0.337090 0.601977
vt 0.342810 0.605030
vt 0.978588 0.010737
vt 0.968817 0.006693
vt 0.975085 0.001933
vt 0.972154 0.019382
vt 0.961070 0.021107
vt 0.637615 0.103306
vt 0.638492 0.118826
vt 0.639716 0.129522
vt 0.328514 0.577528
vt 0.312474 0.578482
vt 0.356220 0.608317
vt 0.351676 0.606841
vt 0.229240 0.122087
vt 0.016983 0.861015
vt 0.617121 0.070239
vt 0.506820 0.278693
vt 0.945846 0.528312
vt 0.523318 0.285040
vt 0.245409 0.117489
vt 0.335413 0.599322
vt 0.626229 0.111273
vt 0.025306 0.125756
vt 0.046351 0.126800
vt 0.054483 0.136391
vt 0.636822 0.111602
vt 0.349997 0.605059
vt 0.359328 0.600535
vt 0.824286 0.777334
vt 0.370797 0.605723
vt 0.018879 0.857383
vt 0.645039 0.901889
vt 0.217590 0.645773
vt 0.257772 0.515508
vt 0.246390 0.515246
vt 0.056838 0.132770
vt 0.059893 0.140464
vt 0.100973 0.750863
vt 0.089910 0.760249
vt 0.090352 0.739326
vt 0.324756 0.575718
vt 0.350917 0.583826
vt 0.944687 0.521130
vt 0.297782 0.576418
vt 0.242942 0.150160
vt 0.082263 0.769726
vt 0.324065 0.572850
vt 0.781027 0.766654
vt 0.251170 0.512578
vt 0.253446 0.509484
vt 0.057625 0.142185
vt 0.482747 0.272977
vt 0.239348 0.827219
vt 0.541686 0.294813
vt 0.974234 0.466074
vt 0.970379 0.422010
vt 0.977538 0.392557
vt 0.966888 0.218276
vt 0.968872 0.000014
vt 0.372374 0.594200
vt 0.472414 0.297690
vt 0.175461 0.929654
vt 0.367676 0.599622
vt 0.015665 0.561535
vt 0.012932 0.539211
vt 0.019281 0.563186
vt 0.012592 0.552461
vt 0.019248 0.526489
vt 0.724137 0.028217
vt 0.253819 0.151680
vt 0.976558 0.535292
vt 0.492360 0.994760
vt 0.489695 0.997697
vt 0.480678 0.999287
vt 0.223808 0.647037
vt 0.556844 0.315595
vt 0.547584 0.320492
vt 0.013976 0.563788
vt 0.614277 0.917133
vt 0.025713 0.855821
vt 0.060312 0.157404
vt 0.240132 0.512132
vt 0.246304 0.505605
vt 0.373552 0.600349
vt 0.715999 0.016259
vt 0.263354 0.131650
vt 0.008993 0.535877
vt 0.375781 0.585209
vt 0.065402 0.137367
vt 0.244482 0.646073
vt 0.177296 0.837343
vt 0.061943 0.150743
vt 0.256847 0.502890
vt 0.801641 0.761351
vt 0.081491 0.740223
vt 0.504937 0.998367
vt 0.631625 0.067969
vt 0.065670 0.178372
vt 0.931314 0.521181
vt 0.708452 0.004540
vt 0.380402 0.602144
vt 0.381631 0.604507
vt 0.237849 0.487593
vt 0.245775 0.485528
vt 0.091226 0.774649
vt 0.071732 0.804890
vt 0.078397 0.777847
vt 0.208120 0.867097
vt 0.219587 0.879809
vt 0.790969 0.763251
vt 0.293872 0.571368
vt 0.071398 0.769887
vt 0.073951 0.124738
vt 0.935100 0.516448
vt 0.647418 0.133228
vt 0.699011 0.984536
vt 0.683596 0.937091
vt 0.710749 0.949857
vt 0.958543 0.741768
vt 0.989177 0.717990
vt 0.978766 0.732338
vt 0.789148 0.762702
vt 0.794227 0.759911
vt 0.534030 0.426082
vt 0.541394 0.399471
vt 0.541975 0.416845
vt 0.522731 0.309063
vt 0.540278 0.428283
vt 0.535016 0.396714
vt 0.948509 0.009041
vt 0.645918 0.104504
vt 0.666000 0.098715
vt 0.665379 0.101126
vt 0.818641 0.764903
vt 0.828573 0.765987
vt 0.020949 0.433473
vt 0.034848 0.470011
vt 0.021569 0.474526
vt 0.032540 0.864357
vt 0.551751 0.429572
vt 0.518094 0.465675
vt 0.551453 0.450990
vt 0.063862 0.171371
vt 0.832516 0.766319
vt 0.837460 0.768886
vt 0.656231 0.117366
vt 0.385304 0.604463
vt 0.648822 0.091678
vt 0.067329 0.789302
vt 0.848396 0.780066
vt 0.845384 0.764202
vt 0.468833 0.325546
vt 0.476557 0.314627
vt 0.482562 0.319469
vt 0.634849 0.913026
vt 0.066748 0.749831
vt 0.798199 0.760312
vt 0.800306 0.759948
vt 0.378718 0.668461
vt 0.055098 0.151640
vt 0.470785 0.340585
vt 0.546734 0.401204
vt 0.206705 0.434103
vt 0.248380 0.448392
vt 0.220730 0.463106
vt 0.963377 0.522705
vt 0.539722 0.386590
vt 0.669711 0.114798
vt 0.060117 0.800027
vt 0.779921 0.753157
vt 0.802775 0.758434
vt 0.658838 0.895043
vt 0.952556 0.040199
vt 0.642400 0.116771
vt 0.806224 0.761497
vt 0.539694 0.375760
vt 0.064861 0.603710
vt 0.056501 0.616784
vt 0.041931 0.612329
vt 0.239867 0.459984
vt 0.051472 0.416843
vt 0.044701 0.435200
vt 0.025879 0.729645
vt 0.047533 0.711458
vt 0.034412 0.729645
vt 0.517562 0.330155
vt 0.531382 0.382919
vt 0.020444 0.619309
vt 0.042695 0.623968
vt 0.063042 0.085021
vt 0.086797 0.130213
vt 0.948788 0.519188
vt 0.973749 0.521553
vt 0.225982 0.493515
vt 0.066362 0.619955
vt 0.968358 0.808815
vt 0.981950 0.808974
vt 0.983878 0.819906
vt 0.228226 0.499385
vt 0.977182 0.451622
vt 0.993842 0.464655
vt 0.975404 0.466106
vt 0.815357 0.762689
vt 0.036336 0.758489
vt 0.992456 0.808566
vt 0.472471 0.960641
vt 0.457006 0.958085
vt 0.459239 0.949448
vt 0.993342 0.741831
vt 0.839561 0.766813
vt 0.581112 0.445844
vt 0.340190 0.891257
vt 0.326737 0.912330
vt 0.318052 0.877540
vt 0.026120 0.650811
vt 0.390155 0.584827
vt 0.043039 0.448036
vt 0.235485 0.473174
vt 0.003852 0.693632
vt 0.011809 0.658913
vt 0.025232 0.693824
vt 0.986207 0.444609
vt 0.989686 0.452142
vt 0.057941 0.934937
vt 0.050766 0.931711
vt 0.053998 0.928865
vt 0.343786 0.538951
vt 0.223685 0.499807
vt 0.497377 0.946897
vt 0.067845 0.933559
vt 0.067236 0.930315
vt 0.066987 0.920463
vt 0.797442 0.742233
vt 0.052814 0.815264
vt 0.074438 0.805205
vt 0.081734 0.821986
vt 0.051320 0.826628
vt 0.081132 0.931283
vt 0.317936 0.896502
vt 0.562837 0.377868
vt 0.379377 0.580038
vt 0.979835 0.092693
vt 0.977818 0.077639
vt 0.982452 0.080384
vt 0.439131 0.947671
vt 0.454965 0.948358
vt 0.451541 0.949827
vt 0.088330 0.811678
vt 0.445966 0.936721
vt 0.071710 0.869852
vt 0.066003 0.874565
vt 0.064114 0.866885
vt 0.163738 0.894939
vt 0.338174 0.922039
vt 0.051528 0.866725
vt 0.054431 0.851136
vt 0.064999 0.857059
vt 0.084239 0.806765
vt 0.676925 0.108078
vt 0.050813 0.836560
vt 0.062787 0.837088
vt 0.518885 0.327976
vt 0.837882 0.764962
vt 0.068008 0.720904
vt 0.828293 0.764376
vt 0.019366 0.205426
vt 0.032518 0.244971
vt 0.008212 0.223277
vt 0.044994 0.939348
vt 0.030665 0.937006
vt 0.044670 0.930001
vt 0.200206 0.462408
vt 0.219607 0.488811
vt 0.000562 0.665390
vt 0.449750 0.939103
vt 0.048692 0.445925
vt 0.495077 0.938705
vt 0.496336 0.922296
vt 0.310861 0.880289
vt 0.067789 0.649061
vt 0.026953 0.649061
vt 0.034368 0.634173
vt 0.293108 0.001045
vt 0.291781 0.032685
vt 0.272042 0.003383
vt 0.937328 0.661452
vt 0.923518 0.744369
vt 0.910508 0.714096
vt 0.992420 0.088678
vt 0.856265 0.773481
vt 0.849880 0.774272
vt 0.217704 0.495447
vt 0.084384 0.861173
vt 0.078098 0.866240
vt 0.066262 0.925514
vt 0.861773 0.718330
vt 0.907333 0.718363
vt 0.894776 0.730036
vt 0.043960 0.918146
vt 0.069569 0.843991
vt 0.637613 0.916075
vt 0.046202 0.467555
vt 0.380346 0.559027
vt 0.048955 0.452178
vt 0.049151 0.458429
vt 0.976279 0.052750
vt 0.978128 0.111038
vt 0.947828 0.085657
vt 0.019861 0.527267
vt 0.087327 0.574441
vt 0.019861 0.602034
vt 0.208438 0.479224
vt 0.079476 0.828244
vt 0.345265 0.990615
vt 0.364275 0.994086
vt 0.361451 0.999960
vt 0.935750 0.513479
vt 0.842110 0.755222
vt 0.210543 0.493534
vt 0.208299 0.500276
vt 0.264177 0.014512
vt 0.213693 0.490201
vt 0.905876 0.731274
vt 0.089034 0.854571
vt 0.859170 0.773619
vt 0.084517 0.869413
vt 0.453966 0.953069
vt 0.285705 0.869177
vt 0.282568 0.886832
vt 0.660064 0.917547
vt 0.199570 0.501745
vt 0.202260 0.498095
vt 0.029199 0.772135
vt 0.211785 0.487215
vt 0.946574 0.002904
vt 0.838587 0.760473
vt 0.029591 0.779526
vt 0.952173 0.043724
vt 0.085711 0.914729
vt 0.093677 0.911492
vt 0.297937 0.544576
vt 0.026337 0.790268
vt 0.865168 0.770747
vt 0.862330 0.773767
vt 0.091333 0.819951
vt 0.026520 0.732899
vt 0.061065 0.919730
vt 0.862763 0.763085
vt 0.985114 0.386072
vt 0.979973 0.396693
vt 0.979495 0.386927
vt 0.027365 0.774206
vt 0.247070 0.008330
vt 0.041869 0.921746
vt 0.210753 0.472037
vt 0.001708 0.236524
vt 0.875862 0.770877
vt 0.934577 0.087018
vt 0.940433 0.033511
vt 0.047761 0.919705
vt 0.952519 0.509885
vt 0.789279 0.712985
vt 0.811515 0.726767
vt 0.272207 0.804213
vt 0.395024 0.305898
vt 0.428077 0.269091
vt 0.429615 0.274251
vt 0.268362 0.898236
vt 0.088996 0.836182
vt 0.073873 0.837709
vt 0.978734 0.058597
vt 0.023531 0.760603
vt 0.984303 0.379216
vt 0.025144 0.650422
vt 0.107658 0.858297
vt 0.207203 0.472577
vt 0.682825 0.491747
vt 0.644527 0.498857
vt 0.623181 0.483983
vt 0.383406 0.991822
vt 0.108909 0.886263
vt 0.320001 0.944593
vt 0.853595 0.758266
vt 0.912872 0.745775
vt 0.078431 0.834005
vt 0.549725 0.992747
vt 0.549930 0.996656
vt 0.531915 0.999812
vt 0.426634 0.236539
vt 0.433312 0.229053
vt 0.810967 0.712130
vt 0.708379 0.712130
vt 0.793520 0.682215
vt 0.471244 0.417336
vt 0.462600 0.414002
vt 0.464285 0.406037
vt 0.975614 0.373457
vt 0.982049 0.368684
vt 0.902072 0.751495
vt 0.907749 0.769891
vt 0.973444 0.376684
vt 0.776577 0.303208
vt 0.815194 0.315520
vt 0.800896 0.327602
vt 0.439164 0.283003
vt 0.470551 0.258021
vt 0.448335 0.279229
vt 0.835361 0.607850
vt 0.899660 0.574248
vt 0.902793 0.589437
vt 0.913022 0.756779
vt 0.859707 0.754210
vt 0.938559 0.046791
vt 0.938879 0.020167
vt 0.062545 0.914192
vt 0.072581 0.895474
vt 0.771028 0.271586
vt 0.793242 0.255501
vt 0.788150 0.276432
vt 0.334297 0.530528
vt 0.045229 0.908815
vt 0.780958 0.233313
vt 0.787489 0.239231
vt 0.802327 0.278688
vt 0.969223 0.511705
vt 0.979487 0.523178
vt 0.920417 0.770015
vt 0.969251 0.369117
vt 0.871494 0.758761
vt 0.258785 0.152740
vt 0.261064 0.147613
vt 0.302936 0.127097
vt 0.965035 0.504603
vt 0.458872 0.406129
vt 0.934743 0.773567
vt 0.479580 0.401953
vt 0.453949 0.389848
vt 0.600162 0.438624
vt 0.608614 0.487011
vt 0.590034 0.448247
vt 0.454761 0.425644
vt 0.438501 0.409334
vt 0.450714 0.420003
vt 0.076428 0.547557
vt 0.972533 0.512713
vt 0.790274 0.223215
vt 0.574873 0.456362
vt 0.582618 0.492050
vt 0.941051 0.060502
vt 0.818028 0.286545
vt 0.788597 0.198082
vt 0.801544 0.213372
vt 0.800989 0.236548
vt 0.452621 0.406862
vt 0.065588 0.907246
vt 0.794382 0.199964
vt 0.833913 0.734817
vt 0.399222 0.184181
vt 0.450260 0.200742
vt 0.022890 0.913828
vt 0.458721 0.419602
vt 0.458827 0.333822
vt 0.445214 0.386809
vt 0.851972 0.738716
vt 0.048086 0.907339
vt 0.806865 0.229520
vt 0.926223 0.499641
vt 0.812931 0.228552
vt 0.259888 0.144798
vt 0.434278 0.430374
vt 0.423760 0.418680
vt 0.063881 0.073667
vt 0.061658 0.067690
vt 0.062549 0.004576
vt 0.448612 0.398179
vt 0.815314 0.252217
vt 0.858888 0.973269
vt 0.846294 0.982088
vt 0.799842 0.975683
vt 0.808400 0.188847
vt 0.864465 0.754135
vt 0.441861 0.403271
vt 0.990515 0.967727
vt 0.992372 0.977285
vt 0.983192 0.983713
vt 0.577225 0.484222
vt 0.272950 0.911495
vt 0.446938 0.401592
vt 0.572698 0.483490
vt 0.546454 0.454447
vt 0.443457 0.390703
vt 0.936042 0.005334
vt 0.919194 0.093099
vt 0.041470 0.907926
vt 0.419225 0.415100
vt 0.944775 0.772969
vt 0.831876 0.223113
vt 0.935960 0.001567
vt 0.388210 0.318195
vt 0.388210 0.437261
vt 0.349389 0.389134
vt 0.803852 0.186041
vt 0.434472 0.384228
vt 0.966856 0.504441
vt 0.939236 0.640344
vt 0.939236 0.575925
vt 0.970982 0.622452
vt 0.550955 0.477952
vt 0.265717 0.129809
vt 0.972804 0.972991
vt 0.924655 0.009167
vt 0.905654 0.573155
vt 0.827238 0.259078
vt 0.811760 0.715140
vt 0.613433 0.490909
vt 0.620167 0.500742
vt 0.054239 0.064239
vt 0.043153 0.057252
vt 0.049026 0.078758
vt 0.488994 0.051268
vt 0.469794 0.040183
vt 0.533284 0.051447
vt 0.911293 0.025428
vt 0.493159 0.024260
vt 0.956389 0.498998
vt 0.436143 0.399513
vt 0.063213 0.902559
vt 0.834605 0.245610
vt 0.912815 0.589906
vt 0.930235 0.612752
vt 0.561811 0.481751
vt 0.908881 0.585903
vt 0.045451 0.071359
vt 0.595984 0.501040
vt 0.431857 0.392532
vt 0.266772 0.915816
vt 0.261993 0.898181
vt 0.692497 0.890939
vt 0.693448 0.862889
vt 0.695018 0.888210
vt 0.937841 0.639640
vt 0.938448 0.582894
vt 0.035070 0.058103
vt 0.039899 0.018864
vt 0.704136 0.890776
vt 0.715608 0.876062
vt 0.723589 0.883748
vt 0.837781 0.720970
vt 0.574216 0.489517
vt 0.251733 0.162013
vt 0.847027 0.374790
vt 0.558507 0.490849
vt 0.350271 0.526325
vt 0.419863 0.392287
vt 0.422481 0.378633
vt 0.265356 0.945307
vt 0.354163 0.933953
vt 0.348259 0.889701
vt 0.354163 0.904299
vt 0.419430 0.400361
vt 0.864727 0.735301
vt 0.840357 0.192046
vt 0.843544 0.231216
vt 0.927313 0.002400
vt 0.906322 0.359394
vt 0.920041 0.353412
vt 0.926494 0.372325
vt 0.570341 0.510830
vt 0.080502 0.654930
vt 0.075894 0.627995
vt 0.089559 0.640068
vt 0.260743 0.119683
vt 0.974944 0.987006
vt 0.837767 0.179773
vt 0.925578 0.550336
vt 0.929256 0.349228
vt 0.936645 0.345021
vt 0.938385 0.352656
vt 0.021437 0.020885
vt 0.938036 0.356786
vt 0.408675 0.415089
vt 0.758540 0.908271
vt 0.783868 0.947301
vt 0.761133 0.940174
vt 0.935948 0.334827
vt 0.955051 0.343075
vt 0.740079 0.874905
vt 0.727891 0.887339
vt 0.733431 0.865117
vt 0.417603 0.394612
vt 0.973467 0.493975
vt 0.421675 0.383800
vt 0.420332 0.387730
vt 0.932507 0.590507
vt 0.916901 0.377808
vt 0.842249 0.305103
vt 0.931295 0.509665
vt 0.424443 0.303753
vt 0.544854 0.503595
vt 0.759839 0.943257
vt 0.663936 0.895249
vt 0.857020 0.716732
vt 0.860973 0.718974
vt 0.665423 0.878093
vt 0.935614 0.492781
vt 0.549870 0.522855
vt 0.975988 0.330870
vt 0.963980 0.366126
vt 0.963124 0.345698
vt 0.888641 0.623791
vt 0.882120 0.629893
vt 0.872530 0.630559
vt 0.982011 0.502474
vt 0.413406 0.390331
vt 0.937355 0.362329
vt 0.961306 0.361293
vt 0.964436 0.989434
vt 0.948681 0.985762
vt 0.579701 0.523182
vt 0.722494 0.867667
vt 0.296115 0.104432
vt 0.939484 0.355428
vt 0.408552 0.395312
vt 0.409111 0.390060
vt 0.411430 0.396824
vt 0.939312 0.349339
vt 0.411255 0.383734
vt 0.406233 0.393179
vt 0.950945 0.348653
vt 0.874485 0.631941
vt 0.406024 0.390370
vt 0.396317 0.423143
vt 0.943703 0.353077
vt 0.784614 0.884048
vt 0.267115 0.097696
vt 0.407780 0.399653
vt 0.946616 0.967411
vt 0.854271 0.617142
vt 0.855476 0.615325
vt 0.857053 0.620051
vt 0.945200 0.361107
vt 0.950112 0.358779
vt 0.356602 0.887972
vt 0.402665 0.387012
vt 0.308794 0.128545
vt 0.853038 0.621385
vt 0.851651 0.617261
vt 0.914492 0.001832
vt 0.947773 0.365094
vt 0.088574 0.663582
vt 0.089827 0.647575
vt 0.091477 0.656423
vt 0.930844 0.382474
vt 0.850718 0.622136
vt 0.848378 0.615701
vt 0.008574 0.940216
vt 0.054918 0.940216
vt 0.026624 0.954129
vt 0.855937 0.574314
vt 0.833661 0.608331
vt 0.805887 0.581499
vt 0.873088 0.635215
vt 0.395420 0.386066
vt 0.239351 0.967017
vt 0.230617 0.945251
vt 0.247835 0.928033
vt 0.229347 0.915423
vt 0.949028 0.371049
vt 0.959159 0.491943
vt 0.856790 0.609265
vt 0.858972 0.626531
vt 0.956235 0.368106
vt 0.950854 0.369604
vt 0.862371 0.630164
vt 0.856089 0.626992
vt 0.712298 0.857884
vt 0.727543 0.855523
vt 0.083303 0.631499
vt 0.553935 0.023536
vt 0.066542 0.611160
vt 0.079233 0.605880
vt 0.939434 0.384210
vt 0.117527 0.158608
vt 0.129321 0.193048
vt 0.103792 0.182950
vt 0.066727 0.593004
vt 0.085852 0.587533
vt 0.079072 0.599156
vt 0.968674 0.371690
vt 0.852021 0.630166
vt 0.958228 0.488446
vt 0.836181 0.619734
vt 0.225893 0.644722
vt 0.225893 0.541786
vt 0.302877 0.584291
vt 0.167065 0.099508
vt 0.171106 0.062381
vt 0.191526 0.076380
vt 0.220651 0.092420
vt 0.195861 0.060418
vt 0.954521 0.376916
vt 0.854281 0.631608
vt 0.103567 0.652744
vt 0.757195 0.865644
vt 0.843176 0.632700
vt 0.279435 0.077634
vt 0.538791 0.716529
vt 0.614572 0.752731
vt 0.595407 0.753438
vt 0.142444 0.087845
vt 0.556220 0.708788
vt 0.603096 0.672164
vt 0.655585 0.679921
vt 0.872001 0.641636
vt 0.861949 0.639875
vt 0.857423 0.632563
vt 0.581297 0.052852
vt 0.738900 0.850954
vt 0.858495 0.635454
vt 0.953786 0.384633
vt 0.268732 0.078088
vt 0.078209 0.579442
vt 0.938423 0.392677
vt 0.091775 0.623820
vt 0.551976 0.108295
vt 0.532555 0.063626
vt 0.564972 0.055843
vt 0.913990 0.647416
vt 0.911175 0.666528
vt 0.851628 0.634984
vt 0.098501 0.636986
vt 0.798847 0.028612
vt 0.836594 0.012039
vt 0.847482 0.016438
vt 0.863590 0.706583
vt 0.841481 0.001150
vt 0.090635 0.612808
vt 0.946410 0.486606
vt 0.956270 0.483988
vt 0.809417 0.558026
vt 0.974468 0.381075
vt 0.693946 0.851322
vt 0.266547 0.072610
vt 0.353922 0.127124
vt 0.844077 0.641594
vt 0.814120 0.683227
vt 0.703747 0.842869
vt 0.200142 0.007092
vt 0.474722 0.651674
vt 0.491134 0.649786
vt 0.474203 0.654688
vt 0.365557 0.356741
vt 0.351045 0.354756
vt 0.353999 0.335126
vt 0.839662 0.615017
vt 0.799614 0.611699
vt 0.852378 0.636209
vt 0.074150 0.345670
vt 0.097633 0.351466
vt 0.072379 0.354677
vt 0.848159 0.551472
vt 0.842564 0.553387
vt 0.848819 0.532726
vt 0.838269 0.567259
vt 0.839162 0.562472
vt 0.849176 0.635541
vt 0.989901 0.198227
vt 0.967855 0.191850
vt 0.969574 0.182488
vt 0.603812 0.756210
vt 0.144838 0.058903
vt 0.686223 0.747343
vt 0.713990 0.739596
vt 0.687161 0.752419
vt 0.053427 0.371386
vt 0.296645 0.364067
vt 0.330565 0.327348
vt 0.342139 0.339964
vt 0.497188 0.653114
vt 0.186858 0.042016
vt 0.856345 0.642077
vt 0.674944 0.237831
vt 0.690682 0.329291
vt 0.668838 0.275493
vt 0.950642 0.404852
vt 0.088044 0.591261
vt 0.844068 0.537651
vt 0.099833 0.214537
vt 0.856841 0.531042
vt 0.693380 0.843435
vt 0.704538 0.737538
vt 0.903310 0.468455
vt 0.885829 0.516541
vt 0.870146 0.506245
vt 0.723863 0.841982
vt 0.713873 0.841518
vt 0.693387 0.834614
vt 0.829018 0.653369
vt 0.830205 0.560670
vt 0.847594 0.638281
vt 0.055663 0.337964
vt 0.075848 0.340818
vt 0.726470 0.742917
vt 0.842003 0.534193
vt 0.182541 0.008956
vt 0.093872 0.359400
vt 0.842407 0.526957
vt 0.848001 0.504019
vt 0.817041 0.491291
vt 0.495123 0.655459
vt 0.831192 0.542892
vt 0.983234 0.170590
vt 0.987073 0.174544
vt 0.680707 0.723938
vt 0.052493 0.345824
vt 0.857663 0.646733
vt 0.850810 0.644335
vt 0.931544 0.413673
vt 0.969220 0.178587
vt 0.871525 0.515311
vt 0.820505 0.536984
vt 0.110669 0.633344
vt 0.460564 0.010158
vt 0.478637 0.021299
vt 0.454675 0.038586
vt 0.521020 0.644882
vt 0.622470 0.734546
vt 0.522474 0.642377
vt 0.104962 0.152447
vt 0.312565 0.125613
vt 0.918477 0.495757
vt 0.068177 0.333751
vt 0.520356 0.656612
vt 0.831333 0.511073
vt 0.476806 0.659797
vt 0.853013 0.557686
vt 0.366701 0.999830
vt 0.382226 0.993778
vt 0.402645 0.999249
vt 0.825836 0.550700
vt 0.060107 0.330600
vt 0.237842 0.975642
vt 0.252958 0.929120
vt 0.281999 0.972626
vt 0.501683 0.120860
vt 0.500046 0.103788
vt 0.321606 0.305011
vt 0.330569 0.249524
vt 0.683097 0.826973
vt 0.867334 0.650000
vt 0.041993 0.396792
vt 0.030839 0.392527
vt 0.753866 0.713026
vt 0.621281 0.723204
vt 0.104703 0.631770
vt 0.821528 0.557716
vt 0.531872 0.654474
vt 0.528268 0.657348
vt 0.171637 0.022763
vt 0.103746 0.622875
vt 0.143111 0.029433
vt 0.505654 0.067400
vt 0.107446 0.631208
vt 0.295281 0.050281
vt 0.293758 0.011760
vt 0.322543 0.035685
vt 0.538212 0.662195
vt 0.851670 0.648921
vt 0.039606 0.346164
vt 0.538736 0.656882
vt 0.868938 0.653483
vt 0.963817 0.404224
vt 0.553755 0.666220
vt 0.546985 0.667764
vt 0.552144 0.662610
vt 0.551887 0.669805
vt 0.542998 0.660107
vt 0.846408 0.648781
vt 0.496293 0.115053
vt 0.566169 0.667882
vt 0.103032 0.613538
vt 0.299798 0.058893
vt 0.294222 0.075746
vt 0.555492 0.668694
vt 0.956795 0.178966
vt 0.814137 0.613847
vt 0.574708 0.667708
vt 0.890198 0.527368
vt 0.635671 0.991085
vt 0.633771 0.998677
vt 0.632430 0.991893
vt 0.495578 0.104136
vt 0.105402 0.630472
vt 0.820166 0.550604
vt 0.109319 0.629765
vt 0.112184 0.634983
vt 0.636308 0.714028
vt 0.801953 0.641742
vt 0.780961 0.616156
vt 0.091491 0.126733
vt 0.100286 0.145782
vt 0.087417 0.151317
vt 0.494406 0.131808
vt 0.492116 0.104262
vt 0.566911 0.672989
vt 0.842635 0.647035
vt 0.631884 0.998994
vt 0.493539 0.097611
vt 0.481689 0.085616
vt 0.498396 0.073877
vt 0.974235 0.483902
vt 0.980226 0.489637
vt 0.492453 0.089662
vt 0.815732 0.556084
vt 0.105250 0.625622
vt 0.046338 0.338862
vt 0.054286 0.326963
vt 0.571423 0.643308
vt 0.818901 0.500263
vt 0.307652 0.055566
vt 0.788171 0.557738
vt 0.784128 0.576130
vt 0.786638 0.557598
vt 0.812697 0.554475
vt 0.471335 0.074585
vt 0.484247 0.072428
vt 0.044049 0.328478
vt 0.973072 0.390215
vt 0.437241 0.021819
vt 0.456557 0.089497
vt 0.798790 0.592860
vt 0.783225 0.568996
vt 0.648878 0.991110
vt 0.657174 0.993805
vt 0.649711 0.995994
vt 0.050760 0.322487
vt 0.479415 0.068067
vt 0.485290 0.084412
vt 0.956198 0.749748
vt 0.962850 0.756952
vt 0.952574 0.757606
vt 0.804191 0.578677
vt 0.545140 0.680313
vt 0.095317 0.603845
vt 0.531679 0.667529
vt 0.471069 0.067881
vt 0.778914 0.580382
vt 0.033237 0.339998
vt 0.809683 0.535733
vt 0.497627 0.067857
vt 0.810235 0.513550
vt 0.492297 0.073090
vt 0.450405 0.063810
vt 0.623508 0.751822
vt 0.093608 0.589294
vt 0.803432 0.546580
vt 0.466553 0.058086
vt 0.111329 0.613236
vt 0.944890 0.763048
vt 0.944116 0.748824
vt 0.318082 0.046531
vt 0.480622 0.053708
vt 0.978599 0.390020
vt 0.980105 0.485304
vt 0.813208 0.503239
vt 0.474697 0.034331
vt 0.904387 0.529594
vt 0.303700 0.120999
vt 0.082408 0.145017
vt 0.793351 0.665239
vt 0.779518 0.581919
vt 0.778560 0.585892
vt 0.937931 0.747674
vt 0.627722 0.998452
vt 0.421810 0.016612
vt 0.435199 0.023955
vt 0.413186 0.026762
vt 0.805080 0.526670
vt 0.426071 0.898471
vt 0.419707 0.906370
vt 0.402429 0.904174
vt 0.891872 0.566360
vt 0.334743 0.021480
vt 0.988511 0.748726
vt 0.990326 0.770134
vt 0.976587 0.768647
vt 0.037907 0.306581
vt 0.387292 0.990745
vt 0.091514 0.586165
vt 0.491365 0.065547
vt 0.781877 0.555599
vt 0.414813 0.929297
vt 0.404781 0.931390
vt 0.403932 0.921652
vt 0.149521 0.005650
vt 0.415250 0.910569
vt 0.968389 0.482305
vt 0.485801 0.060067
vt 0.789360 0.551443
vt 0.411775 0.941232
vt 0.403611 0.935429
vt 0.529843 0.007096
vt 0.642776 0.007096
vt 0.603483 0.052924
vt 0.799105 0.536108
vt 0.953469 0.772531
vt 0.102748 0.597463
vt 0.675695 0.334336
vt 0.431065 0.029118
vt 0.434802 0.031469
vt 0.736821 0.620262
vt 0.745425 0.615174
vt 0.735181 0.628433
vt 0.736883 0.617864
vt 0.773199 0.581311
vt 0.872288 0.501462
vt 0.766502 0.473117
vt 0.901156 0.465800
vt 0.794168 0.514453
vt 0.967409 0.479828
vt 0.373404 0.010449
vt 0.990430 0.775472
vt 0.406846 0.040606
vt 0.398122 0.011612
vt 0.935082 0.198820
vt 0.958132 0.477419
vt 0.804290 0.512114
vt 0.931756 0.747673
vt 0.386080 0.935581
vt 0.396223 0.925929
vt 0.405457 0.909795
vt 0.115978 0.594482
vt 0.771607 0.583803
vt 0.115476 0.606572
vt 0.408601 0.915426
vt 0.569100 0.686928
vt 0.780454 0.547017
vt 0.774162 0.552823
vt 0.928750 0.181692
vt 0.987353 0.783822
vt 0.080482 0.177352
vt 0.077582 0.142083
vt 0.116790 0.596445
vt 0.394267 0.911974
vt 0.929571 0.748910
vt 0.832263 0.656361
vt 0.438161 0.038074
vt 0.419215 0.040582
vt 0.709780 0.340926
vt 0.946142 0.783061
vt 0.974854 0.481777
vt 0.980743 0.481067
vt 0.105305 0.589679
vt 0.374042 0.020236
vt 0.415637 0.038123
vt 0.539509 0.697727
vt 0.076854 0.148192
vt 0.101763 0.593825
vt 0.456723 0.049413
vt 0.412406 0.035219
vt 0.424984 0.095883
vt 0.419857 0.097091
vt 0.418726 0.088050
vt 0.102513 0.591589
vt 0.415231 0.106568
vt 0.387045 0.073539
vt 0.414876 0.093364
vt 0.957323 0.787166
vt 0.983204 0.794641
vt 0.420547 0.108393
vt 0.417688 0.092051
vt 0.420811 0.078375
vt 0.986103 0.796405
vt 0.388970 0.924409
vt 0.990163 0.787962
vt 0.773117 0.590379
vt 0.952917 0.802285
vt 0.980437 0.801353
vt 0.950334 0.792642
vt 0.944311 0.790751
vt 0.987855 0.788228
vt 0.412440 0.041202
vt 0.432986 0.089688
vt 0.393427 0.906172
vt 0.389810 0.892252
vt 0.660604 0.333209
vt 0.476555 0.982032
vt 0.423773 0.982032
vt 0.422750 0.934635
vt 0.934706 0.168244
vt 0.419504 0.104901
vt 0.991064 0.793639
vt 0.988596 0.793817
vt 0.757644 0.610672
vt 0.385280 0.047054
vt 0.118478 0.587903
vt 0.769573 0.595221
vt 0.191537 0.884019
vt 0.214320 0.888853
vt 0.188628 0.900361
vt 0.695110 0.369743
vt 0.778047 0.600102
vt 0.947692 0.804033
vt 0.972340 0.469443
vt 0.377967 0.939330
vt 0.379900 0.934269
vt 0.988997 0.806394
vt 0.112544 0.664193
vt 0.111588 0.706547
vt 0.080968 0.695402
vt 0.987702 0.797343
vt 0.070492 0.679582
vt 0.109149 0.577489
vt 0.446350 0.050802
vt 0.405136 0.050565
vt 0.988721 0.796881
vt 0.394609 0.058031
vt 0.645237 0.998390
vt 0.635021 0.998390
vt 0.637185 0.993177
vt 0.220412 0.885697
vt 0.213680 0.891639
vt 0.417738 0.046181
vt 0.389203 0.915328
vt 0.397958 0.052128
vt 0.383194 0.063555
vt 0.749765 0.742412
vt 0.427048 0.052816
vt 0.424531 0.071761
vt 0.408862 0.046228
vt 0.674784 0.363289
vt 0.372785 0.921386
vt 0.468943 0.718592
vt 0.066611 0.149881
vt 0.271361 0.806722
vt 0.257624 0.839499
vt 0.210054 0.852324
vt 0.449694 0.051120
vt 0.372864 0.914608
vt 0.097860 0.905860
vt 0.076926 0.894001
vt 0.087375 0.890821
vt 0.915091 0.392511
vt 0.908243 0.410483
vt 0.891439 0.415285
vt 0.370687 0.930990
vt 0.832514 0.659591
vt 0.436199 0.059066
vt 0.561303 0.688988
vt 0.362708 0.942255
vt 0.720452 0.614491
vt 0.726527 0.612417
vt 0.910825 0.379004
vt 0.755138 0.638590
vt 0.755884 0.630768
vt 0.378327 0.896880
vt 0.358744 0.888526
vt 0.771200 0.546254
vt 0.081914 0.888557
vt 0.225941 0.897781
vt 0.441077 0.073381
vt 0.729550 0.608460
vt 0.081454 0.183834
vt 0.851829 0.854800
vt 0.854928 0.881613
vt 0.849640 0.888029
vt 0.070045 0.165399
vt 0.549238 0.690225
vt 0.773062 0.779533
vt 0.363936 0.932318
vt 0.366661 0.936644
vt 0.654858 0.372488
vt 0.750904 0.632574
vt 0.517811 0.719230
vt 0.075995 0.208392
vt 0.076853 0.184997
vt 0.840402 0.860045
vt 0.751149 0.636674
vt 0.145006 0.387344
vt 0.151985 0.373285
vt 0.147025 0.392042
vt 0.489953 0.923167
vt 0.464311 0.931951
vt 0.451312 0.916033
vt 0.444212 0.056130
vt 0.670387 0.383546
vt 0.891721 0.397627
vt 0.373786 0.881653
vt 0.860715 0.876794
vt 0.901297 0.426384
vt 0.621368 0.916882
vt 0.645631 0.931433
vt 0.639689 0.941725
vt 0.078609 0.179630
vt 0.760680 0.604557
vt 0.394543 0.893326
vt 0.398856 0.869293
vt 0.404293 0.881180
vt 0.242335 0.364421
vt 0.241707 0.274015
vt 0.264502 0.332763
vt 0.758577 0.602561
vt 0.874959 0.880345
vt 0.910107 0.438980
vt 0.904646 0.443251
vt 0.901479 0.439478
vt 0.344996 0.011178
vt 0.346262 0.015417
vt 0.339360 0.011202
vt 0.316633 0.005450
vt 0.316009 0.008037
vt 0.311148 0.007066
vt 0.357659 0.940912
vt 0.868545 0.873493
vt 0.907488 0.469706
vt 0.896581 0.460994
vt 0.908729 0.455838
vt 0.347173 0.009512
vt 0.316285 0.011594
vt 0.338894 0.006276
vt 0.329027 0.004830
vt 0.347049 0.005281
vt 0.160879 0.406430
vt 0.316544 0.016120
vt 0.327955 0.012606
vt 0.327732 0.017592
vt 0.662875 0.996436
vt 0.663583 0.998317
vt 0.660822 0.998477
vt 0.771607 0.719263
vt 0.660968 0.994082
vt 0.326986 0.009864
vt 0.742446 0.603926
vt 0.777627 0.713092
vt 0.755382 0.605794
vt 0.334610 0.009082
vt 0.329639 0.009007
vt 0.894030 0.435990
vt 0.344114 0.002978
vt 0.908196 0.449189
vt 0.304995 0.010109
vt 0.303825 0.012317
vt 0.303926 0.010536
vt 0.336928 0.019343
vt 0.334724 0.013893
vt 0.320846 0.010160
vt 0.867048 0.830413
vt 0.866221 0.846640
vt 0.303125 0.009141
vt 0.307042 0.009401
vt 0.305939 0.003916
vt 0.001073 0.587083
vt 0.004935 0.584658
vt 0.008537 0.590624
vt 0.657777 0.993285
vt 0.661359 0.990683
vt 0.661667 0.993444
vt 0.376295 0.878888
vt 0.339664 0.014569
vt 0.071881 0.893861
vt 0.645197 0.938207
vt 0.896985 0.440054
vt 0.643462 0.371244
vt 0.636946 0.359007
vt 0.307230 0.013354
vt 0.553176 0.715058
vt 0.756461 0.623087
vt 0.639759 0.374214
vt 0.075492 0.890579
vt 0.869518 0.859003
vt 0.933583 0.967389
vt 0.926137 0.972664
vt 0.926158 0.953628
vt 0.076967 0.888551
vt 0.758530 0.623873
vt 0.633488 0.944609
vt 0.025591 0.645313
vt 0.019484 0.640289
vt 0.023599 0.631455
vt 0.972031 0.957880
vt 0.973765 0.967314
vt 0.946524 0.966124
vt 0.220055 0.983950
vt 0.204535 0.929741
vt 0.227508 0.941682
vt 0.233904 0.869358
vt 0.205411 0.962393
vt 0.249900 0.852899
vt 0.008201 0.365117
vt 0.025317 0.358961
vt 0.021480 0.366032
vt 0.085738 0.708897
vt 0.947158 0.955860
vt 0.976077 0.951670
vt 0.099711 0.728558
vt 0.087931 0.723449
vt 0.935909 0.977528
vt 0.733997 0.550224
vt 0.637248 0.390641
vt 0.744488 0.598379
vt 0.917688 0.951134
vt 0.925678 0.948372
vt 0.073405 0.885358
vt 0.071613 0.891008
vt 0.019097 0.633554
vt 0.016697 0.624108
vt 0.018774 0.564665
vt 0.973542 0.970528
vt 0.886783 0.433572
vt 0.947945 0.948836
vt 0.019265 0.600513
vt 0.019154 0.584944
vt 0.936644 0.945587
vt 0.736841 0.569711
vt 0.010658 0.626734
vt 0.101984 0.909840
vt 0.968644 0.828245
vt 0.963237 0.822914
vt 0.973098 0.825024
vt 0.108011 0.733824
vt 0.100245 0.731490
vt 0.426195 0.901870
vt 0.423242 0.933944
vt 0.306454 0.340183
vt 0.284537 0.305689
vt 0.317680 0.334957
vt 0.990520 0.827440
vt 0.964012 0.807171
vt 0.007422 0.637047
vt 0.015924 0.637106
vt 0.002116 0.714669
vt 0.025166 0.694558
vt 0.015747 0.718711
vt 0.007641 0.722745
vt 0.004481 0.733518
vt 0.023827 0.733369
vt 0.890582 0.439214
vt 0.101807 0.749498
vt 0.094049 0.728942
vt 0.248376 0.857226
vt 0.017958 0.652852
vt 0.009609 0.658630
vt 0.000202 0.644246
vt 0.019099 0.644809
vt 0.881790 0.842684
vt 0.954994 0.813001
vt 0.356378 0.887320
vt 0.371330 0.868411
vt 0.951444 0.809376
vt 0.906309 0.880601
vt 0.889952 0.860520
vt 0.621303 0.960102
vt 0.887015 0.438017
vt 0.880544 0.867978
vt 0.020943 0.763189
vt 0.008139 0.767188
vt 0.016443 0.759557
vt 0.057290 0.884584
vt 0.729738 0.211475
vt 0.766718 0.294004
vt 0.747434 0.303960
vt 0.542916 0.714917
vt 0.000227 0.764864
vt 0.884988 0.831388
vt 0.887230 0.450500
vt 0.096587 0.990824
vt 0.056071 0.983680
vt 0.099683 0.980902
vt 0.068815 0.881267
vt 0.053796 0.875741
vt 0.869010 0.414761
vt 0.801430 0.833491
vt 0.788777 0.840334
vt 0.809454 0.823361
vt 0.180896 0.406195
vt 0.010272 0.333789
vt 0.006692 0.318988
vt 0.029512 0.324125
vt 0.575789 0.354539
vt 0.573657 0.349274
vt 0.575841 0.348267
vt 0.571423 0.348603
vt 0.000113 0.777559
vt 0.895481 0.821552
vt 0.891998 0.842549
vt 0.252379 0.892187
vt 0.275192 0.859114
vt 0.285276 0.867890
vt 0.080595 0.723973
vt 0.797504 0.776866
vt 0.826363 0.824909
vt 0.405528 0.856675
vt 0.579747 0.343583
vt 0.575364 0.346748
vt 0.563508 0.340867
vt 0.639781 0.353950
vt 0.571835 0.346351
vt 0.010110 0.773222
vt 0.019251 0.773166
vt 0.006790 0.782254
vt 0.879977 0.433961
vt 0.874953 0.430778
vt 0.249265 0.861156
vt 0.001497 0.473807
vt 0.013354 0.465148
vt 0.012198 0.469101
vt 0.005878 0.776363
vt 0.956724 0.221470
vt 0.968712 0.271258
vt 0.945971 0.261604
vt 0.965072 0.209059
vt 0.031987 0.336451
vt 0.039935 0.331050
vt 0.819020 0.833949
vt 0.750245 0.305880
vt 0.342535 0.874676
vt 0.013220 0.786365
vt 0.738895 0.597626
vt 0.736055 0.595412
vt 0.345454 0.669702
vt 0.364386 0.706997
vt 0.344108 0.706685
vt 0.612981 0.990208
vt 0.601584 0.997686
vt 0.598825 0.990104
vt 0.023572 0.791956
vt 0.003729 0.791300
vt 0.978794 0.093343
vt 0.984440 0.100332
vt 0.979188 0.111518
vt 0.017277 0.474993
vt 0.020825 0.472222
vt 0.991444 0.098006
vt 0.573159 0.343783
vt 0.247433 0.926504
vt 0.018021 0.466664
vt 0.007220 0.786386
vt 0.272637 0.854564
vt 0.018747 0.460513
vt 0.020617 0.459531
vt 0.762629 0.300062
vt 0.173063 0.414565
vt 0.738601 0.308625
vt 0.570499 0.344795
vt 0.578466 0.551483
vt 0.609907 0.553550
vt 0.589444 0.590651
vt 0.879049 0.436817
vt 0.005652 0.792526
vt 0.895349 0.855613
vt 0.873817 0.438514
vt 0.281972 0.813056
vt 0.279274 0.815706
vt 0.354922 0.711846
vt 0.038532 0.891565
vt 0.901182 0.835220
vt 0.904575 0.843185
vt 0.585657 0.931728
vt 0.827096 0.832615
vt 0.571574 0.341653
vt 0.187609 0.369627
vt 0.191689 0.394690
vt 0.793546 0.324259
vt 0.790955 0.334064
vt 0.800354 0.352699
vt 0.793180 0.345846
vt 0.800352 0.340132
vt 0.285194 0.819605
vt 0.923605 0.840828
vt 0.730306 0.564789
vt 0.349492 0.882438
vt 0.184123 0.445849
vt 0.176343 0.416231
vt 0.188806 0.438419
vt 0.080917 0.543344
vt 0.793722 0.371387
vt 0.511445 0.882225
vt 0.486121 0.804283
vt 0.512391 0.819927
vt 0.571057 0.339585
vt 0.765490 0.308062
vt 0.914316 0.877329
vt 0.784167 0.478732
vt 0.710377 0.580296
vt 0.718770 0.513318
vt 0.341247 0.712263
vt 0.583973 0.924960
vt 0.830705 0.827593
vt 0.848128 0.848631
vt 0.571793 0.335852
vt 0.871536 0.429818
vt 0.193609 0.386455
vt 0.202544 0.435838
vt 0.297321 0.284977
vt 0.767206 0.325226
vt 0.858189 0.440003
vt 0.324762 0.260083
vt 0.681637 0.650393
vt 0.672667 0.641114
vt 0.708010 0.658736
vt 0.575986 0.288272
vt 0.185632 0.405934
vt 0.578251 0.589210
vt 0.486396 0.544826
vt 0.540864 0.506032
vt 0.915923 0.880967
vt 0.371793 0.717851
vt 0.368598 0.725525
vt 0.381869 0.733622
vt 0.369779 0.708870
vt 0.645834 0.340878
vt 0.926959 0.892237
vt 0.375958 0.709270
vt 0.379034 0.718037
vt 0.785733 0.365780
vt 0.785091 0.348235
vt 0.023512 0.911995
vt 0.314259 0.716764
vt 0.355621 0.763830
vt 0.298772 0.721040
vt 0.083291 0.541946
vt 0.375696 0.703754
vt 0.322188 0.877414
vt 0.207760 0.428898
vt 0.592893 0.941713
vt 0.388414 0.727752
vt 0.596861 0.952140
vt 0.026356 0.406601
vt 0.022073 0.379560
vt 0.036143 0.403819
vt 0.750424 0.323792
vt 0.768571 0.369143
vt 0.767358 0.365341
vt 0.774544 0.368492
vt 0.381878 0.715185
vt 0.722241 0.641990
vt 0.712513 0.657497
vt 0.709919 0.653033
vt 0.388348 0.719564
vt 0.766487 0.361277
vt 0.760329 0.350448
vt 0.770653 0.340029
vt 0.764567 0.354614
vt 0.664372 0.602197
vt 0.670450 0.601282
vt 0.665502 0.609884
vt 0.742482 0.308322
vt 0.386347 0.699483
vt 0.382956 0.703046
vt 0.001054 0.286196
vt 0.014605 0.281793
vt 0.018292 0.317414
vt 0.782477 0.372514
vt 0.752355 0.336702
vt 0.748500 0.328576
vt 0.754968 0.344875
vt 0.302961 0.836165
vt 0.388168 0.711903
vt 0.217201 0.427878
vt 0.922130 0.884515
vt 0.651801 0.329361
vt 0.389646 0.730932
vt 0.227299 0.940408
vt 0.172867 0.900861
vt 0.227431 0.902458
vt 0.387249 0.737786
vt 0.217035 0.433335
vt 0.393282 0.723281
vt 0.729453 0.625017
vt 0.719467 0.631084
vt 0.397705 0.717515
vt 0.293151 0.818232
vt 0.851109 0.421674
vt 0.760018 0.372508
vt 0.292598 0.827796
vt 0.323143 0.859145
vt 0.401689 0.712396
vt 0.395906 0.737929
vt 0.623270 0.525980
vt 0.584503 0.957854
vt 0.583039 0.951238
vt 0.629008 0.545864
vt 0.681555 0.586581
vt 0.290711 0.255806
vt 0.281789 0.153822
vt 0.292120 0.149452
vt 0.709786 0.639193
vt 0.665925 0.615964
vt 0.399810 0.724027
vt 0.657354 0.605806
vt 0.396049 0.751443
vt 0.679777 0.613477
vt 0.677357 0.620947
vt 0.095714 0.523958
vt 0.673544 0.670071
vt 0.668580 0.638651
vt 0.229498 0.432702
vt 0.845708 0.439343
vt 0.528076 0.996374
vt 0.542589 0.993268
vt 0.528656 0.999772
vt 0.522887 0.992787
vt 0.746335 0.342025
vt 0.410320 0.721637
vt 0.554570 0.741109
vt 0.543520 0.759673
vt 0.532499 0.744434
vt 0.032609 0.870571
vt 0.408654 0.710718
vt 0.648111 0.555909
vt 0.410761 0.998961
vt 0.411233 0.996526
vt 0.424000 0.998284
vt 0.143320 0.164623
vt 0.132565 0.172118
vt 0.134520 0.163219
vt 0.518422 0.518788
vt 0.623444 0.997783
vt 0.610187 0.997783
vt 0.614171 0.990808
vt 0.536620 0.716938
vt 0.038615 0.863956
vt 0.042201 0.847394
vt 0.427013 0.991837
vt 0.405768 0.994328
vt 0.124087 0.171487
vt 0.751510 0.356480
vt 0.466653 0.885207
vt 0.458286 0.870003
vt 0.472274 0.876058
vt 0.404301 0.990623
vt 0.740145 0.322289
vt 0.415514 0.731675
vt 0.039107 0.856266
vt 0.867667 0.208752
vt 0.871241 0.218593
vt 0.860909 0.210591
vt 0.555384 0.766693
vt 0.060268 0.408150
vt 0.916063 0.184141
vt 0.169354 0.181493
vt 0.162167 0.168452
vt 0.830566 0.448606
vt 0.122314 0.150604
vt 0.029748 0.854654
vt 0.716811 0.627244
vt 0.161214 0.155432
vt 0.036243 0.842965
vt 0.446743 0.878996
vt 0.691060 0.586873
vt 0.684553 0.608551
vt 0.987560 0.410308
vt 0.988356 0.430140
vt 0.976426 0.450803
vt 0.740265 0.329782
vt 0.457580 0.841044
vt 0.476532 0.862441
vt 0.863730 0.225631
vt 0.834965 0.423329
vt 0.848472 0.215695
vt 0.144679 0.153456
vt 0.463349 0.869779
vt 0.401280 0.993805
vt 0.852451 0.236289
vt 0.843505 0.234707
vt 0.845676 0.229953
vt 0.852591 0.229644
vt 0.451104 0.860999
vt 0.498539 0.760584
vt 0.491608 0.747981
vt 0.500271 0.748071
vt 0.627498 0.544183
vt 0.488796 0.762589
vt 0.514398 0.758674
vt 0.031801 0.872840
vt 0.037256 0.859367
vt 0.024395 0.429963
vt 0.857046 0.236880
vt 0.842858 0.243755
vt 0.654215 0.605383
vt 0.512846 0.743033
vt 0.439403 0.859833
vt 0.495969 0.746225
vt 0.843356 0.202863
vt 0.977462 0.412877
vt 0.451337 0.853990
vt 0.520148 0.753309
vt 0.862184 0.243168
vt 0.484224 0.744430
vt 0.034286 0.865532
vt 0.530156 0.750613
vt 0.428679 0.883928
vt 0.429686 0.871635
vt 0.432805 0.872093
vt 0.422364 0.887976
vt 0.414812 0.858953
vt 0.527091 0.741744
vt 0.521609 0.726887
vt 0.503654 0.731798
vt 0.709547 0.631216
vt 0.428959 0.838361
vt 0.706252 0.622675
vt 0.478151 0.740890
vt 0.499175 0.738825
vt 0.660000 0.994076
vt 0.660000 0.997987
vt 0.652996 0.997295
vt 0.435418 0.889546
vt 0.408541 0.855474
vt 0.408318 0.839130
vt 0.437555 0.869906
vt 0.144968 0.148759
vt 0.523893 0.750243
vt 0.708123 0.626885
vt 0.853028 0.245831
vt 0.518453 0.745958
vt 0.444355 0.848772
vt 0.168626 0.529671
vt 0.151911 0.499252
vt 0.233010 0.511925
vt 0.756994 0.373008
vt 0.154357 0.151375
vt 0.878124 0.228894
vt 0.188784 0.110541
vt 0.163859 0.142983
vt 0.156927 0.129590
vt 0.332110 0.949973
vt 0.342841 0.960490
vt 0.345995 0.969146
vt 0.429227 0.891802
vt 0.744009 0.342685
vt 0.330124 0.977944
vt 0.736021 0.328545
vt 0.846466 0.247285
vt 0.392927 0.992855
vt 0.441395 0.836945
vt 0.875785 0.237510
vt 0.348184 0.967698
vt 0.024654 0.526278
vt 0.019101 0.515583
vt 0.055332 0.505469
vt 0.353869 0.942579
vt 0.724128 0.326485
vt 0.329571 0.940960
vt 0.350960 0.975037
vt 0.748718 0.361626
vt 0.429327 0.824517
vt 0.923952 0.208721
vt 0.885045 0.242342
vt 0.458008 0.749593
vt 0.448459 0.840054
vt 0.448218 0.832609
vt 0.745310 0.363356
vt 0.661100 0.299244
vt 0.444442 0.830165
vt 0.633298 0.640645
vt 0.481067 0.807602
vt 0.119258 0.148953
vt 0.017575 0.519510
vt 0.008898 0.503615
vt 0.721006 0.332528
vt 0.617532 0.609530
vt 0.633115 0.589527
vt 0.834362 0.266785
vt 0.745317 0.362152
vt 0.005680 0.503447
vt 0.831865 0.134437
vt 0.829934 0.134385
vt 0.828189 0.116770
vt 0.851243 0.282278
vt 0.012010 0.502787
vt 0.882285 0.243458
vt 0.742965 0.362141
vt 0.874422 0.247964
vt 0.355944 0.934259
vt 0.202230 0.583041
vt 0.155778 0.594994
vt 0.355285 0.971325
vt 0.136329 0.141315
vt 0.127714 0.146909
vt 0.506469 0.524557
vt 0.510415 0.522322
vt 0.705760 0.506602
vt 0.858097 0.063087
vt 0.826930 0.111090
vt 0.794760 0.081853
vt 0.492112 0.526170
vt 0.624021 0.501115
vt 0.169068 0.117499
vt 0.834008 0.287258
vt 0.805968 0.138797
vt 0.016340 0.478682
vt 0.137768 0.144383
vt 0.812514 0.469513
vt 0.802326 0.440309
vt 0.018746 0.484411
vt 0.832000 0.289820
vt 0.040501 0.496961
vt 0.492228 0.519809
vt 0.890522 0.251197
vt 0.823513 0.441727
vt 0.512938 0.517067
vt 0.516906 0.511565
vt 0.496906 0.509064
vt 0.515543 0.510083
vt 0.521205 0.515365
vt 0.519055 0.511241
vt 0.729576 0.363519
vt 0.635686 0.647216
vt 0.875728 0.275424
vt 0.532084 0.499357
vt 0.544943 0.496146
vt 0.112803 0.128521
vt 0.563489 0.294353
vt 0.906440 0.239439
vt 0.732484 0.374835
vt 0.519721 0.504951
vt 0.518315 0.509044
vt 0.537470 0.493986
vt 0.812091 0.432795
vt 0.809406 0.426984
vt 0.710559 0.339928
vt 0.527738 0.504836
vt 0.906785 0.275344
vt 0.133406 0.079916
vt 0.514263 0.506108
vt 0.854572 0.315405
vt 0.835818 0.296167
vt 0.783544 0.086917
vt 0.922579 0.228548
vt 0.898727 0.251002
vt 0.899485 0.255052
vt 0.221547 0.553903
vt 0.160093 0.944332
vt 0.119173 0.888009
vt 0.157520 0.893773
vt 0.517236 0.502955
vt 0.741605 0.063405
vt 0.530966 0.484140
vt 0.863393 0.329862
vt 0.860628 0.339069
vt 0.519886 0.500192
vt 0.648268 0.291616
vt 0.907732 0.251065
vt 0.917572 0.262115
vt 0.512881 0.496662
vt 0.920501 0.352069
vt 0.908561 0.263216
vt 0.618245 0.652414
vt 0.021516 0.627710
vt 0.071080 0.621624
vt 0.076698 0.649706
vt 0.984503 0.902149
vt 0.993944 0.943652
vt 0.986323 0.928175
vt 0.993486 0.611553
vt 0.972283 0.614533
vt 0.986764 0.591295
vt 0.716658 0.369890
vt 0.969808 0.617039
vt 0.594455 0.645899
vt 0.985234 0.886633
vt 0.989850 0.941538
vt 0.988024 0.936800
vt 0.619210 0.281219
vt 0.634953 0.255697
vt 0.641747 0.249847
vt 0.655163 0.998964
vt 0.646424 0.998964
vt 0.650864 0.997564
vt 0.991629 0.949453
vt 0.607594 0.274196
vt 0.557650 0.203000
vt 0.616455 0.252171
vt 0.569133 0.260289
vt 0.988545 0.961581
vt 0.731284 0.944366
vt 0.744578 0.916069
vt 0.757657 0.927886
vt 0.767944 0.454776
vt 0.805744 0.407558
vt 0.563230 0.281662
vt 0.644169 0.214632
vt 0.624866 0.244033
vt 0.542363 0.482556
vt 0.633029 0.250251
vt 0.600029 0.996269
vt 0.594510 0.998278
vt 0.585487 0.996265
vt 0.481273 0.486975
vt 0.512252 0.480191
vt 0.568944 0.274292
vt 0.575181 0.285966
vt 0.571630 0.281940
vt 0.561573 0.272167
vt 0.774147 0.880689
vt 0.719900 0.902353
vt 0.748519 0.871606
vt 0.252265 0.431629
vt 0.207668 0.410120
vt 0.250982 0.420378
vt 0.973074 0.921741
vt 0.624594 0.249678
vt 0.915203 0.279220
vt 0.211131 0.317158
vt 0.236790 0.364146
vt 0.197962 0.372549
vt 0.232641 0.434330
vt 0.292118 0.376557
vt 0.257054 0.404799
vt 0.620963 0.252497
vt 0.622100 0.247929
vt 0.264961 0.403893
vt 0.261303 0.413993
vt 0.258204 0.407317
vt 0.518739 0.484805
vt 0.251759 0.410228
vt 0.542108 0.480091
vt 0.234174 0.411718
vt 0.207246 0.383452
vt 0.232958 0.408533
vt 0.242316 0.411612
vt 0.984805 0.956244
vt 0.507259 0.992597
vt 0.496430 0.994506
vt 0.485797 0.993043
vt 0.527377 0.472297
vt 0.950005 0.933077
vt 0.953552 0.923495
vt 0.717162 0.707819
vt 0.915292 0.945605
vt 0.959798 0.200965
vt 0.073378 0.180950
vt 0.980605 0.406676
vt 0.794708 0.391442
vt 0.969346 0.260539
vt 0.640717 0.068555
vt 0.645145 0.088234
vt 0.937574 0.880197
vt 0.926731 0.912334
vt 0.608310 0.998487
vt 0.027665 0.782674
vt 0.027982 0.349572
vt 0.023448 0.343333
s 1
usemtl Material.001
f 696/1/1 697/2/2 698/3/3
f 696/1/1 698/3/3 699/4/4
f 697/5/2 700/6/5 698/7/3
f 696/1/1 699/4/4 701/8/6
f 696/1/1 702/9/7 697/2/2
f 698/7/3 700/6/5 699/10/4
f 696/1/1 701/8/6 702/9/7
f 737/11/8 738/12/9 706/13/10
f 702/14/7 706/13/10 738/12/9
f 697/2/2 702/9/7 703/15/11
f 699/10/4 700/6/5 704/16/12
f 697/5/2 705/17/13 700/6/5
f 701/8/6 706/18/10 702/9/7
f 737/11/8 995/19/14 738/12/9
f 702/14/7 738/12/9 739/20/15
f 737/11/8 706/13/10 740/21/16
f 737/11/8 981/22/17 995/19/14
f 700/6/5 705/17/13 704/16/12
f 702/9/7 739/23/15 703/15/11
f 699/10/4 707/24/18 701/25/6
f 737/11/8 740/21/16 981/22/17
f 699/10/4 704/16/12 708/26/19
f 697/5/2 688/27/20 705/17/13
f 682/28/21 683/29/22 684/30/23
f 697/2/2 703/15/11 709/31/24
f 705/17/13 688/27/20 710/32/25
f 706/33/10 707/24/18 729/34/26
f 699/10/4 708/26/19 707/24/18
f 701/25/6 707/24/18 706/33/10
f 704/16/12 705/17/13 710/32/25
f 682/28/21 684/30/23 685/35/27
f 697/2/2 709/31/24 688/36/20
f 684/30/23 664/37/28 685/35/27
f 707/24/18 708/26/19 711/38/29
f 682/28/21 686/39/30 683/29/22
f 704/16/12 731/40/31 708/26/19
f 683/29/22 687/41/32 684/30/23
f 995/42/33 981/43/33 911/44/33
f 706/45/10 712/46/34 740/47/16
f 682/28/21 685/35/27 686/39/30
f 707/24/18 711/38/29 729/34/26
f 708/26/19 731/40/31 711/38/29
f 688/48/20 684/30/23 710/49/25
f 706/45/10 730/50/35 712/46/34
f 740/21/16 681/51/36 981/22/17
f 981/52/37 578/53/38 911/54/39
f 738/12/9 995/19/14 996/55/40
f 685/35/27 664/37/28 665/56/41
f 740/57/16 653/58/42 681/59/36
f 740/57/16 654/60/43 655/61/44
f 740/47/16 712/46/34 654/62/43
f 684/30/23 689/63/45 732/64/46
f 706/65/10 729/66/26 730/67/35
f 684/68/23 732/69/46 710/32/25
f 684/30/23 687/41/32 689/63/45
f 656/70/47 657/71/48 658/72/49
f 685/35/27 690/73/50 686/39/30
f 686/39/30 720/74/51 687/41/32
f 740/57/16 659/75/52 653/58/42
f 704/16/12 710/32/25 731/40/31
f 686/39/30 690/73/50 720/74/51
f 656/70/47 719/76/53 657/71/48
f 687/41/32 732/64/46 689/63/45
f 657/71/48 660/77/54 658/72/49
f 683/29/22 686/39/30 687/41/32
f 981/78/55 681/79/55 578/80/55
f 685/35/27 665/56/41 690/73/50
f 738/12/9 741/81/56 739/20/15
f 710/32/25 732/69/46 713/82/57
f 740/57/16 655/61/44 661/83/58
f 656/70/47 662/84/59 719/76/53
f 688/48/20 664/37/28 684/30/23
f 681/85/36 663/86/60 578/87/38
f 710/32/25 713/82/57 731/40/31
f 681/59/36 653/58/42 663/88/60
f 740/57/16 661/83/58 659/75/52
f 687/41/32 720/74/51 691/89/61
f 578/87/38 663/86/60 579/90/62
f 738/12/9 996/55/40 741/81/56
f 664/91/28 693/92/63 665/93/41
f 687/41/32 692/94/64 732/64/46
f 731/95/31 713/96/57 714/97/65
f 657/71/48 720/98/51 660/77/54
f 653/58/42 581/99/66 663/88/60
f 719/76/53 662/84/59 666/100/67
f 732/101/46 714/97/65 713/96/57
f 712/102/34 657/71/48 719/76/53
f 731/95/31 714/97/65 715/103/68
f 653/58/42 659/75/52 581/99/66
f 732/101/46 692/104/64 716/105/69
f 664/91/28 694/106/70 693/92/63
f 687/41/32 691/89/61 692/94/64
f 690/73/50 693/107/63 720/74/51
f 911/54/39 578/53/38 853/108/71
f 658/72/49 660/77/54 596/109/72
f 665/56/41 693/107/63 690/73/50
f 729/34/26 711/38/29 717/110/73
f 729/66/26 736/111/74 730/67/35
f 692/104/64 718/112/75 716/105/69
f 712/113/76 719/114/76 654/115/76
f 656/70/47 658/72/49 589/116/77
f 658/72/49 596/109/72 589/116/77
f 712/102/34 720/98/51 657/71/48
f 711/38/29 731/40/31 717/110/73
f 659/75/52 661/83/58 667/117/78
f 732/101/46 715/103/68 714/97/65
f 712/118/34 733/119/79 720/120/51
f 732/101/46 716/105/69 715/103/68
f 719/76/53 666/100/67 668/121/80
f 656/70/47 589/116/77 669/122/81
f 688/48/20 694/123/70 664/37/28
f 729/34/26 717/110/73 721/124/82
f 712/118/34 730/67/35 722/125/83
f 729/34/26 735/126/84 736/127/74
f 715/103/68 716/105/69 723/128/85
f 712/118/34 722/125/83 733/119/79
f 659/75/52 667/117/78 581/99/66
f 720/74/51 733/129/79 691/89/61
f 691/89/61 733/129/79 692/94/64
f 654/60/43 661/83/58 655/61/44
f 716/105/69 718/112/75 723/128/85
f 692/104/64 733/130/79 718/112/75
f 654/60/43 719/76/53 661/83/58
f 733/119/79 722/125/83 734/131/86
f 578/87/38 579/90/62 853/132/71
f 731/95/31 715/103/68 724/133/87
f 733/130/79 734/134/86 723/128/85
f 718/112/75 733/130/79 723/128/85
f 719/76/53 668/121/80 661/83/58
f 656/70/47 587/135/88 662/84/59
f 662/84/59 587/135/88 666/100/67
f 730/67/35 736/111/74 722/125/83
f 911/136/39 912/137/89 913/138/90
f 736/111/74 734/131/86 722/125/83
f 656/70/47 669/122/81 587/135/88
f 663/86/60 580/139/91 579/90/62
f 911/136/39 853/140/71 912/137/89
f 663/86/60 581/141/66 582/142/92
f 581/99/66 667/117/78 670/143/93
f 735/144/84 723/128/85 734/134/86
f 736/145/74 735/144/84 734/134/86
f 731/40/31 724/146/87 717/110/73
f 660/77/54 693/92/63 694/106/70
f 720/98/51 693/92/63 660/77/54
f 729/34/26 721/124/82 735/126/84
f 666/100/67 667/117/78 668/121/80
f 995/147/14 982/148/94 996/149/40
f 661/83/58 668/121/80 667/117/78
f 688/36/20 709/31/24 725/150/95
f 666/100/67 670/143/93 667/117/78
f 995/147/14 911/151/39 982/148/94
f 579/90/62 583/152/96 584/153/97
f 735/144/84 724/133/87 723/128/85
f 715/103/68 726/154/98 724/133/87
f 666/100/67 587/135/88 670/143/93
f 663/86/60 582/142/92 580/139/91
f 579/90/62 580/139/91 585/155/99
f 581/99/66 587/135/88 582/156/92
f 669/157/81 586/158/100 587/159/88
f 721/160/82 724/133/87 735/144/84
f 579/90/62 616/161/101 853/132/71
f 579/90/62 585/155/99 583/152/96
f 911/136/39 913/138/90 914/162/102
f 580/139/91 582/142/92 586/158/100
f 911/163/39 952/164/103 1017/165/104
f 715/103/68 723/128/85 726/154/98
f 587/159/88 586/158/100 582/142/92
f 913/138/90 915/166/105 914/162/102
f 581/99/66 670/143/93 587/135/88
f 579/90/62 588/167/106 616/161/101
f 589/168/77 590/169/107 669/157/81
f 911/163/39 1017/165/104 982/170/94
f 580/139/91 591/171/108 585/155/99
f 669/157/81 591/171/108 586/158/100
f 580/139/91 586/158/100 591/171/108
f 911/163/39 983/172/109 952/164/103
f 579/90/62 584/153/97 588/167/106
f 669/157/81 590/169/107 591/171/108
f 660/77/54 671/173/110 596/109/72
f 723/128/85 724/133/87 726/154/98
f 585/155/99 591/171/108 592/174/111
f 911/163/39 914/175/102 983/172/109
f 853/176/71 616/177/101 617/178/112
f 583/152/96 585/155/99 584/153/97
f 660/77/54 694/106/70 671/173/110
f 996/179/40 1023/180/113 741/181/56
f 584/153/97 585/155/99 593/182/114
f 952/183/103 983/184/109 953/185/115
f 591/171/108 594/186/116 592/174/111
f 703/15/11 695/187/117 709/31/24
f 590/169/107 595/188/118 591/171/108
f 913/138/90 916/189/119 915/166/105
f 591/171/108 595/188/118 594/186/116
f 709/31/24 727/190/120 725/150/95
f 914/162/102 954/191/121 983/192/109
f 912/137/89 916/189/119 913/138/90
f 596/193/72 590/169/107 589/168/77
f 915/166/105 916/189/119 917/194/122
f 983/184/109 954/195/121 953/185/115
f 585/155/99 592/174/111 593/182/114
f 709/31/24 695/187/117 728/196/123
f 616/197/101 618/198/124 619/199/125
f 616/197/101 619/199/125 617/200/112
f 709/31/24 728/196/123 727/190/120
f 914/162/102 915/166/105 954/191/121
f 725/150/95 727/190/120 728/196/123
f 912/137/89 918/201/126 916/189/119
f 592/174/111 594/186/116 595/188/118
f 592/174/111 597/202/127 593/182/114
f 725/150/95 728/196/123 695/187/117
f 915/166/105 919/203/128 954/191/121
f 584/153/97 593/182/114 598/204/129
f 584/153/97 624/205/130 588/167/106
f 916/189/119 920/206/131 917/194/122
f 982/207/94 1017/208/104 997/209/132
f 915/166/105 917/194/122 919/203/128
f 592/174/111 595/188/118 599/210/133
f 584/153/97 598/204/129 600/211/134
f 584/153/97 600/211/134 624/205/130
f 590/169/107 599/210/133 595/188/118
f 916/189/119 918/201/126 921/212/135
f 588/167/106 624/205/130 618/213/124
f 616/197/101 588/214/106 618/198/124
f 954/191/121 919/203/128 922/215/136
f 437/216/137 438/217/138 439/218/139
f 593/182/114 597/202/127 598/204/129
f 952/164/103 984/219/140 1017/165/104
f 596/193/72 673/220/141 590/169/107
f 1017/165/104 984/219/140 1019/221/142
f 437/216/137 439/218/139 460/222/143
f 437/216/137 440/223/144 438/217/138
f 739/20/15 741/81/56 1023/224/113
f 590/169/107 673/220/141 601/225/145
f 917/194/122 920/206/131 919/203/128
f 853/226/71 918/227/126 912/228/89
f 703/15/11 739/23/15 695/187/117
f 624/205/130 600/211/134 602/229/146
f 592/174/111 599/210/133 597/202/127
f 619/199/125 620/230/147 621/231/148
f 853/176/71 617/178/112 855/232/149
f 853/226/71 854/233/150 918/227/126
f 597/202/127 599/210/133 598/204/129
f 916/189/119 921/212/135 920/206/131
f 600/211/134 603/234/151 602/229/146
f 624/205/130 602/229/146 603/234/151
f 590/169/107 601/225/145 599/210/133
f 617/178/112 651/235/152 652/236/153
f 617/178/112 652/236/153 855/232/149
f 619/199/125 622/237/154 620/230/147
f 620/230/147 622/237/154 623/238/155
f 919/203/128 920/206/131 922/215/136
f 920/206/131 923/239/156 922/215/136
f 618/198/124 622/237/154 619/199/125
f 598/204/129 604/240/157 600/211/134
f 853/226/71 855/241/149 854/233/150
f 620/230/147 623/238/155 621/231/148
f 600/211/134 605/242/158 603/234/151
f 598/204/129 599/210/133 606/243/159
f 688/48/20 516/244/160 694/123/70
f 439/218/139 441/245/161 460/222/143
f 596/109/72 671/173/110 453/246/162
f 598/204/129 606/243/159 604/240/157
f 920/206/131 921/212/135 868/247/163
f 1049/248/164 1026/249/165 1050/250/166
f 920/206/131 868/247/163 924/251/167
f 618/198/124 624/252/130 603/253/151
f 599/210/133 607/254/168 608/255/169
f 920/206/131 924/251/167 923/239/156
f 437/216/137 461/256/170 440/223/144
f 1017/257/104 1019/258/142 998/259/171
f 953/185/115 954/195/121 955/260/172
f 599/210/133 609/261/173 606/243/159
f 618/198/124 625/262/174 622/237/154
f 952/183/103 975/263/175 984/264/140
f 1017/208/104 999/265/176 997/209/132
f 599/210/133 608/255/169 609/261/173
f 599/210/133 601/225/145 607/254/168
f 603/234/151 605/242/158 631/266/177
f 600/211/134 604/240/157 605/242/158
f 1026/267/165 1066/268/178 1050/269/166
f 622/237/154 625/262/174 623/238/155
f 618/198/124 603/253/151 625/262/174
f 605/242/158 610/270/179 631/266/177
f 617/200/112 619/199/125 626/271/180
f 984/219/140 957/272/181 1019/221/142
f 438/217/138 442/273/182 439/218/139
f 868/247/163 925/274/183 924/251/167
f 1050/250/166 1066/275/178 1051/276/184
f 623/238/155 625/262/174 627/277/185
f 596/109/72 672/278/186 673/279/141
f 437/280/137 460/281/143 461/282/170
f 922/215/136 923/239/156 926/283/187
f 954/195/121 928/284/188 955/260/172
f 982/285/94 997/286/132 1024/287/189
f 617/200/112 628/288/190 629/289/191
f 651/290/152 629/289/191 652/291/153
f 921/212/135 927/292/192 868/247/163
f 855/293/149 652/291/153 630/294/193
f 918/227/126 927/295/192 921/296/135
f 439/218/139 442/273/182 443/297/194
f 460/222/143 441/245/161 444/298/195
f 439/218/139 443/297/194 445/299/196
f 1017/208/104 1018/300/197 999/265/176
f 603/253/151 631/301/177 625/262/174
f 617/200/112 629/289/191 651/290/152
f 954/191/121 922/215/136 928/302/188
f 439/218/139 444/298/195 441/245/161
f 617/200/112 632/303/198 628/288/190
f 952/183/103 953/185/115 975/263/175
f 604/240/157 606/243/159 609/261/173
f 439/218/139 445/299/196 444/298/195
f 996/179/40 982/285/94 1041/304/199
f 604/240/157 610/270/179 605/242/158
f 923/239/156 924/251/167 925/274/183
f 1049/305/164 1025/306/200 1026/307/165
f 855/241/149 856/308/201 854/233/150
f 440/223/144 461/256/170 463/309/202
f 671/310/110 675/311/203 453/312/162
f 953/185/115 955/260/172 975/263/175
f 1026/307/165 1027/313/204 1028/314/205
f 596/109/72 674/315/206 672/278/186
f 438/217/138 440/223/144 463/309/202
f 694/106/70 675/316/203 671/173/110
f 1026/307/165 1025/306/200 1029/317/207
f 855/293/149 630/294/193 633/318/208
f 652/291/153 629/289/191 630/294/193
f 1017/257/104 998/259/171 1018/319/197
f 982/285/94 1024/287/189 1041/304/199
f 1027/313/204 1030/320/209 1028/314/205
f 1050/250/166 1051/276/184 1052/321/210
f 1026/267/165 1028/322/205 1066/268/178
f 438/217/138 463/309/202 442/273/182
f 596/109/72 453/246/162 674/315/206
f 1026/307/165 1029/317/207 1027/313/204
f 617/200/112 626/271/180 632/303/198
f 997/286/132 999/323/176 1024/287/189
f 625/262/174 631/301/177 612/324/211
f 868/247/163 929/325/212 925/274/183
f 923/239/156 925/274/183 926/283/187
f 619/199/125 621/231/148 626/271/180
f 1066/275/178 1028/326/205 1051/276/184
f 855/293/149 633/318/208 634/327/213
f 984/219/140 975/328/175 957/272/181
f 1027/313/204 1029/317/207 1030/320/209
f 629/289/191 634/327/213 630/294/193
f 604/240/157 611/329/214 610/270/179
f 996/179/40 1041/304/199 1023/180/113
f 688/330/20 725/331/95 516/332/160
f 630/294/193 634/327/213 633/318/208
f 623/238/155 627/277/185 635/333/215
f 444/298/195 445/299/196 446/334/216
f 925/274/183 929/325/212 926/283/187
f 631/266/177 610/270/179 612/335/211
f 955/260/172 976/336/217 975/263/175
f 442/273/182 447/337/218 443/297/194
f 1051/276/184 1053/338/219 1052/321/210
f 604/240/157 609/261/173 611/329/214
f 621/231/148 636/339/220 626/271/180
f 855/241/149 638/340/221 856/308/201
f 922/215/136 926/283/187 930/341/222
f 975/342/175 956/343/223 957/344/181
f 1025/306/200 1031/345/224 1029/317/207
f 955/260/172 928/284/188 958/346/225
f 601/225/145 613/347/226 607/254/168
f 621/231/148 623/238/155 635/333/215
f 1049/248/164 1050/250/166 1054/348/227
f 1051/276/184 1028/326/205 1032/349/228
f 625/262/174 637/350/229 627/277/185
f 957/351/181 956/352/223 985/353/230
f 975/342/175 959/354/231 956/343/223
f 957/351/181 985/353/230 986/355/232
f 957/351/181 986/355/232 987/356/233
f 608/255/169 614/357/234 609/261/173
f 855/293/149 634/327/213 638/358/221
f 609/261/173 614/357/234 611/329/214
f 628/288/190 632/303/198 639/359/235
f 1050/250/166 1052/321/210 1054/348/227
f 443/297/194 467/360/236 445/299/196
f 1019/361/142 1000/362/237 1020/363/238
f 610/270/179 611/329/214 612/335/211
f 975/342/175 960/364/239 959/354/231
f 928/284/188 933/365/240 961/366/241
f 628/288/190 634/327/213 629/289/191
f 956/343/223 962/367/242 985/368/230
f 442/273/182 463/309/202 448/369/243
f 1019/258/142 1020/370/238 998/259/171
f 918/227/126 854/233/150 857/371/244
f 625/262/174 612/324/211 637/350/229
f 1051/276/184 1032/349/228 1053/338/219
f 956/343/223 959/354/231 962/367/242
f 918/227/126 857/371/244 927/295/192
f 460/222/143 444/298/195 462/372/245
f 1019/361/142 957/373/181 988/374/246
f 922/215/136 930/341/222 928/302/188
f 1019/361/142 988/374/246 1000/362/237
f 957/351/181 987/356/233 988/375/246
f 1028/314/205 1030/320/209 1032/376/228
f 445/299/196 467/360/236 446/334/216
f 928/284/188 961/366/241 958/346/225
f 612/335/211 611/329/214 614/357/234
f 963/377/247 1001/378/248 964/379/249
f 955/260/172 958/346/225 977/380/250
f 975/342/175 976/381/217 960/364/239
f 985/368/230 962/367/242 989/382/251
f 1001/378/248 965/383/252 964/379/249
f 963/384/247 1021/385/253 1001/386/248
f 959/354/231 966/387/254 962/367/242
f 460/281/143 449/388/255 461/282/170
f 999/389/176 1018/390/197 1042/391/256
f 1001/392/248 1021/393/253 1007/394/257
f 1000/362/237 988/374/246 1002/395/258
f 612/324/211 640/396/259 637/350/229
f 964/379/249 967/397/260 977/398/250
f 959/354/231 960/364/239 966/387/254
f 964/379/249 965/383/252 967/397/260
f 628/288/190 639/359/235 634/327/213
f 1024/287/189 1030/320/209 1029/317/207
f 986/355/232 1007/394/257 987/356/233
f 962/367/242 966/387/254 989/382/251
f 621/231/148 635/333/215 636/339/220
f 856/308/201 638/340/221 858/399/261
f 998/259/171 1020/370/238 1003/400/262
f 634/327/213 639/359/235 638/358/221
f 964/379/249 977/398/250 978/401/263
f 963/384/247 1004/402/264 1021/385/253
f 987/356/233 1007/394/257 1006/403/265
f 964/379/249 978/401/263 968/404/266
f 963/377/247 964/379/249 968/404/266
f 965/383/252 966/387/254 967/397/260
f 854/233/150 856/308/201 858/399/261
f 444/298/195 446/334/216 465/405/267
f 1001/392/248 1007/394/257 989/406/251
f 963/384/247 1005/407/268 1004/402/264
f 612/324/211 614/408/234 640/396/259
f 960/364/239 977/398/250 967/397/260
f 637/350/229 640/396/259 641/409/269
f 1001/378/248 989/382/251 965/383/252
f 960/364/239 967/397/260 966/387/254
f 987/356/233 1006/403/265 988/375/246
f 985/353/230 989/406/251 986/355/232
f 1024/287/189 1029/317/207 1031/345/224
f 460/281/143 462/410/245 449/388/255
f 1021/411/253 1006/412/265 1007/413/257
f 976/381/217 977/398/250 960/364/239
f 1052/321/210 1053/338/219 1055/414/270
f 963/384/247 1008/415/271 1005/407/268
f 442/273/182 448/369/243 447/337/218
f 986/355/232 989/406/251 1007/394/257
f 443/297/194 473/416/272 467/360/236
f 989/382/251 966/387/254 965/383/252
f 627/277/185 637/350/229 641/409/269
f 443/297/194 447/337/218 473/416/272
f 444/298/195 465/405/267 462/372/245
f 1023/417/113 1041/418/199 775/419/273
f 626/271/180 636/339/220 859/420/274
f 977/380/250 979/421/275 978/422/263
f 854/233/150 858/399/261 857/371/244
f 977/380/250 969/423/276 979/421/275
f 635/333/215 642/424/277 636/339/220
f 636/339/220 643/425/278 859/420/274
f 1020/370/238 1009/426/279 1003/400/262
f 963/384/247 1010/427/280 1008/415/271
f 1041/304/199 1031/345/224 1025/306/200
f 963/384/247 968/428/266 1010/427/280
f 868/247/163 931/429/281 929/325/212
f 1005/407/268 1008/415/271 1011/430/282
f 1024/287/189 1031/345/224 1041/304/199
f 988/374/246 1006/412/265 1002/395/258
f 1002/395/258 1006/412/265 1021/411/253
f 1052/321/210 1055/414/270 1054/348/227
f 1004/402/264 1011/430/282 1009/426/279
f 1004/402/264 1005/407/268 1011/430/282
f 626/271/180 859/420/274 632/303/198
f 999/323/176 1030/320/209 1024/287/189
f 1021/385/253 1004/402/264 1009/426/279
f 725/331/95 695/431/117 517/432/283
f 627/277/185 641/409/269 644/433/284
f 627/277/185 644/433/284 635/333/215
f 1003/400/262 1009/426/279 1011/430/282
f 461/282/170 450/434/285 463/435/202
f 998/259/171 1012/436/286 1018/319/197
f 926/283/187 929/325/212 931/429/281
f 453/312/162 675/311/203 464/437/287
f 998/259/171 1003/400/262 1012/436/286
f 1049/248/164 1041/438/199 1025/439/200
f 859/440/274 643/441/278 860/442/288
f 926/283/187 931/429/281 930/341/222
f 1030/320/209 1033/443/289 1032/376/228
f 958/346/225 969/423/276 977/380/250
f 1003/400/262 1011/430/282 1012/436/286
f 643/441/278 861/444/290 860/442/288
f 1008/415/271 1012/436/286 1011/430/282
f 1018/319/197 1012/436/286 1013/445/291
f 638/340/221 859/440/274 860/442/288
f 463/309/202 451/446/292 448/369/243
f 978/401/263 1015/447/293 968/404/266
f 638/358/221 639/359/235 859/420/274
f 638/340/221 860/442/288 858/399/261
f 632/303/198 859/420/274 639/359/235
f 635/333/215 644/433/284 642/424/277
f 858/399/261 860/442/288 861/444/290
f 858/399/261 861/444/290 862/448/294
f 968/428/266 973/449/295 1010/427/280
f 861/444/290 863/450/296 862/448/294
f 673/220/141 615/451/297 601/225/145
f 1008/415/271 1034/452/298 1013/445/291
f 958/346/225 961/366/241 969/423/276
f 608/255/169 538/453/299 614/357/234
f 999/389/176 1042/391/256 1044/454/300
f 446/334/216 467/360/236 452/455/301
f 1008/415/271 1013/445/291 1012/436/286
f 446/334/216 452/455/301 465/405/267
f 642/456/277 861/444/290 643/441/278
f 858/399/261 862/448/294 864/457/302
f 447/337/218 448/369/243 451/446/292
f 614/408/234 641/409/269 640/396/259
f 453/458/303 320/459/303 674/460/303
f 857/371/244 858/399/261 864/457/302
f 1008/415/271 1010/427/280 1034/452/298
f 461/282/170 449/388/255 404/461/304
f 636/339/220 642/424/277 643/425/278
f 607/254/168 538/453/299 608/255/169
f 1018/319/197 1034/452/298 1042/462/256
f 447/337/218 451/446/292 473/416/272
f 672/278/186 674/315/206 536/463/305
f 461/282/170 404/461/304 450/434/285
f 868/247/163 927/292/192 857/464/244
f 1010/427/280 1043/465/306 1034/452/298
f 864/457/302 827/466/307 865/467/308
f 1042/468/256 1034/469/298 1043/470/306
f 1018/319/197 1013/445/291 1034/452/298
f 673/471/141 533/472/309 615/473/297
f 450/434/285 432/474/310 454/475/311
f 432/474/310 403/476/312 454/475/311
f 463/309/202 454/477/311 451/446/292
f 1010/478/280 1046/479/313 1043/480/306
f 453/312/162 464/437/287 320/481/314
f 462/482/245 465/483/267 466/484/315
f 1042/468/256 1043/470/306 1035/485/316
f 1032/349/228 1033/486/289 1056/487/317
f 463/435/202 450/434/285 454/475/311
f 1042/468/256 1035/485/316 1045/488/318
f 1010/478/280 1036/489/319 1046/479/313
f 473/416/272 451/446/292 455/490/320
f 862/448/294 827/466/307 864/457/302
f 739/491/15 517/432/283 695/431/117
f 450/492/285 433/493/321 432/494/310
f 999/323/176 1044/495/300 1030/320/209
f 1043/470/306 1045/488/318 1035/485/316
f 451/446/292 454/477/311 455/490/320
f 1053/338/219 1032/349/228 1056/487/317
f 928/302/188 930/341/222 932/496/322
f 1030/320/209 1044/495/300 1033/443/289
f 1042/497/256 1045/498/318 1037/499/323
f 432/500/310 402/501/324 403/502/312
f 979/421/275 969/423/276 970/503/325
f 928/302/188 972/504/326 933/505/240
f 674/506/206 320/507/314 536/508/305
f 465/483/267 452/509/301 466/484/315
f 1049/248/164 775/510/273 1041/438/199
f 450/492/285 404/511/304 433/493/321
f 675/311/203 297/512/327 464/437/287
f 1042/497/256 1037/499/323 1046/479/313
f 1043/480/306 1037/499/323 1045/498/318
f 978/513/263 971/514/328 1015/515/293
f 979/421/275 970/503/325 980/516/329
f 454/517/311 403/502/312 402/501/324
f 1043/480/306 1046/479/313 1037/499/323
f 673/471/141 534/518/330 533/472/309
f 978/513/263 979/519/275 971/514/328
f 1053/338/219 1056/487/317 1055/414/270
f 467/520/236 457/521/331 452/509/301
f 473/416/272 455/490/320 456/522/332
f 928/302/188 934/523/333 972/504/326
f 601/524/145 615/525/297 535/526/334
f 961/366/241 937/527/335 969/423/276
f 601/524/145 535/526/334 613/528/226
f 462/482/245 466/484/315 449/529/255
f 868/247/163 950/530/336 931/429/281
f 1042/391/256 1046/531/313 1038/532/337
f 969/423/276 937/527/335 970/503/325
f 452/509/301 468/533/338 466/484/315
f 1042/391/256 1038/532/337 1044/454/300
f 933/365/240 972/534/326 961/366/241
f 1044/454/300 1038/532/337 1047/535/339
f 968/404/266 1015/447/293 973/536/295
f 1046/531/313 1047/535/339 1038/532/337
f 930/341/222 931/429/281 950/530/336
f 672/537/186 536/538/305 323/539/340
f 861/444/290 866/540/341 863/450/296
f 615/473/297 533/472/309 534/518/330
f 432/500/310 433/541/321 402/501/324
f 979/519/275 980/542/329 971/514/328
f 739/543/15 1023/417/113 775/419/273
f 861/444/290 867/544/342 866/540/341
f 1046/531/313 1036/545/319 1048/546/343
f 857/371/244 864/457/302 865/467/308
f 614/547/234 538/548/299 645/549/344
f 1044/495/300 1047/550/339 1039/551/345
f 928/302/188 932/496/322 934/523/333
f 862/448/294 863/450/296 866/540/341
f 449/529/255 466/484/315 468/533/338
f 1010/478/280 1058/552/346 1036/489/319
f 452/509/301 457/521/331 468/533/338
f 1033/443/289 1044/495/300 1039/551/345
f 467/360/236 473/416/272 457/553/331
f 868/554/163 857/371/244 829/555/347
f 320/507/314 321/556/348 536/508/305
f 642/456/277 867/544/342 861/444/290
f 1046/531/313 1048/546/343 1047/535/339
f 930/557/222 935/558/349 932/559/322
f 970/503/325 937/527/335 939/560/350
f 961/366/241 972/534/326 937/527/335
f 454/477/311 405/561/351 455/490/320
f 454/517/311 402/501/324 405/562/351
f 1033/443/289 1039/551/345 1036/563/319
f 536/508/305 322/564/352 323/565/340
f 607/566/168 537/567/353 538/568/299
f 615/473/297 534/518/330 539/569/354
f 607/566/168 613/528/226 537/567/353
f 1047/550/339 1040/570/355 1039/551/345
f 868/247/163 829/571/347 950/530/336
f 1047/550/339 1048/572/343 1040/570/355
f 1036/563/319 1039/551/345 1048/572/343
f 613/528/226 535/526/334 540/573/356
f 613/528/226 540/573/356 541/574/357
f 615/525/297 540/573/356 535/526/334
f 930/557/222 950/575/336 935/558/349
f 673/471/141 672/537/186 534/518/330
f 862/448/294 866/540/341 827/466/307
f 1055/414/270 1056/487/317 1057/576/358
f 473/416/272 456/522/332 458/577/359
f 932/559/322 935/558/349 936/578/360
f 857/371/244 830/579/361 829/555/347
f 1033/486/289 1036/580/319 1058/581/346
f 455/490/320 405/561/351 459/582/362
f 455/490/320 459/582/362 456/522/332
f 970/503/325 939/560/350 980/516/329
f 1054/348/227 1055/414/270 1057/576/358
f 402/501/324 406/583/363 407/584/364
f 464/437/287 325/585/365 320/481/314
f 972/586/326 934/587/333 937/588/335
f 402/501/324 407/584/364 405/562/351
f 1033/486/289 1058/581/346 1056/487/317
f 1049/248/164 1059/589/366 775/510/273
f 615/525/297 539/590/354 540/573/356
f 540/573/356 542/591/367 541/574/357
f 449/529/255 468/533/338 457/521/331
f 613/528/226 541/574/357 537/567/353
f 1010/478/280 2236/592/368 1058/552/346
f 1048/572/343 1039/551/345 1040/570/355
f 950/575/336 869/593/369 935/558/349
f 464/437/287 469/594/370 481/595/371
f 464/437/287 481/595/371 470/596/372
f 536/508/305 321/556/348 324/597/373
f 456/522/332 459/582/362 458/577/359
f 539/590/354 542/591/367 540/573/356
f 857/371/244 865/467/308 830/579/361
f 932/559/322 936/578/360 934/587/333
f 320/507/314 325/598/365 321/556/348
f 405/562/351 407/584/364 459/599/362
f 406/583/363 408/600/374 407/584/364
f 641/409/269 552/601/375 644/433/284
f 534/518/330 543/602/376 539/569/354
f 321/556/348 326/603/377 324/597/373
f 1056/487/317 1058/581/346 1060/604/378
f 464/437/287 470/596/372 482/605/379
f 950/575/336 938/606/380 869/593/369
f 536/508/305 324/597/373 322/564/352
f 538/568/299 537/567/353 645/607/344
f 464/437/287 327/608/381 325/585/365
f 1056/487/317 1060/604/378 1057/576/358
f 672/537/186 323/539/340 534/518/330
f 827/609/307 866/610/341 828/611/382
f 433/541/321 406/583/363 402/501/324
f 934/587/333 939/612/350 937/588/335
f 464/437/287 482/605/379 327/608/381
f 481/613/371 471/614/383 470/615/372
f 539/590/354 544/616/384 542/591/367
f 935/558/349 869/593/369 940/617/385
f 404/511/304 435/618/386 433/493/321
f 321/556/348 325/598/365 326/603/377
f 481/595/371 469/594/370 472/619/387
f 473/620/272 416/621/388 457/521/331
f 935/558/349 941/622/389 936/578/360
f 950/623/336 829/624/347 850/625/390
f 950/623/336 850/625/390 938/626/380
f 407/584/364 408/600/374 409/627/391
f 829/628/347 830/629/361 831/630/392
f 449/529/255 457/521/331 474/631/393
f 1015/515/293 971/514/328 2181/632/394
f 1010/427/280 973/449/295 1014/633/395
f 473/416/272 458/577/359 416/634/388
f 541/574/357 542/591/367 544/616/384
f 1057/576/358 1060/604/378 1061/635/396
f 935/558/349 940/617/385 941/622/389
f 1049/248/164 1054/348/227 1059/589/366
f 934/587/333 936/578/360 942/636/397
f 694/106/70 297/637/327 675/316/203
f 934/587/333 942/636/397 939/612/350
f 1054/348/227 1057/576/358 1061/635/396
f 459/599/362 407/584/364 409/627/391
f 406/583/363 410/638/398 408/600/374
f 869/593/369 943/639/399 940/617/385
f 971/514/328 980/542/329 2145/640/400
f 481/641/371 472/642/387 417/643/401
f 614/547/234 645/549/344 641/644/269
f 537/567/353 541/574/357 549/645/402
f 1015/646/293 1014/633/395 973/449/295
f 325/598/365 327/647/381 328/648/403
f 325/598/365 328/648/403 326/603/377
f 541/574/357 544/616/384 549/645/402
f 408/600/374 411/649/404 409/627/391
f 641/409/269 645/650/344 552/601/375
f 940/617/385 836/651/405 941/622/389
f 449/529/255 474/631/393 404/652/304
f 408/600/374 410/638/398 411/649/404
f 469/594/370 298/653/406 472/619/387
f 458/654/359 459/599/362 412/655/407
f 464/437/287 475/656/408 469/594/370
f 936/578/360 941/622/389 836/651/405
f 470/596/372 329/657/409 482/605/379
f 1054/348/227 1061/635/396 1059/589/366
f 459/599/362 409/627/391 412/655/407
f 936/578/360 836/651/405 942/636/397
f 481/613/371 418/658/410 476/659/411
f 469/594/370 475/656/408 298/653/406
f 645/607/344 537/567/353 549/645/402
f 980/542/329 948/660/412 2145/640/400
f 482/661/379 476/659/411 330/662/413
f 869/593/369 944/663/414 943/639/399
f 534/518/330 323/539/340 543/602/376
f 869/664/415 938/665/415 944/666/415
f 1010/427/280 1014/633/395 2236/667/368
f 476/659/411 418/658/410 330/662/413
f 940/617/385 943/639/399 945/668/416
f 472/642/387 298/669/406 477/670/417
f 481/613/371 476/659/411 471/614/383
f 482/661/379 483/671/418 476/659/411
f 940/617/385 945/668/416 836/651/405
f 642/672/277 802/673/419 867/674/342
f 1058/581/346 2236/675/368 1060/604/378
f 775/510/273 1059/589/366 1062/676/420
f 827/466/307 833/677/421 865/467/308
f 1059/589/366 1061/635/396 1063/678/422
f 482/679/423 329/680/423 483/681/423
f 472/642/387 477/670/417 417/643/401
f 470/596/372 483/682/418 329/657/409
f 943/683/399 944/684/414 945/685/416
f 457/521/331 478/686/424 474/631/393
f 470/596/372 471/687/383 483/682/418
f 482/688/379 330/689/413 331/690/425
f 1059/589/366 1063/678/422 1062/676/420
f 1060/604/378 1063/678/422 1061/635/396
f 939/612/350 942/636/397 946/691/426
f 867/674/342 803/692/427 804/693/428
f 971/514/328 974/694/429 2181/632/394
f 406/583/363 413/695/430 410/638/398
f 410/638/398 414/696/431 411/649/404
f 866/697/341 867/674/342 805/698/432
f 539/590/354 550/699/433 544/616/384
f 827/609/307 832/700/434 833/701/421
f 939/612/350 946/691/426 947/702/435
f 865/703/308 833/701/421 830/629/361
f 980/704/329 939/612/350 948/705/412
f 433/541/321 415/706/436 406/583/363
f 803/692/427 806/707/437 804/693/428
f 464/437/287 297/512/327 475/656/408
f 322/564/352 324/597/373 365/708/438
f 644/433/284 552/601/375 646/709/439
f 938/710/380 834/711/440 944/684/414
f 471/614/383 476/659/411 483/671/418
f 827/609/307 828/611/382 832/700/434
f 409/627/391 411/649/404 436/712/441
f 457/521/331 416/621/388 478/686/424
f 1015/515/293 2181/632/394 1016/713/442
f 725/331/95 742/714/443 516/332/160
f 739/715/444 1366/716/445 517/717/446
f 326/603/377 332/718/447 333/719/448
f 418/658/410 334/720/449 330/662/413
f 481/641/371 417/643/401 418/721/410
f 458/654/359 412/655/407 416/722/388
f 775/510/273 1062/676/420 1063/678/422
f 326/603/377 328/648/403 332/718/447
f 418/658/410 479/723/450 334/720/449
f 482/688/379 331/690/425 334/724/449
f 330/689/413 334/724/449 331/690/425
f 404/652/304 478/686/424 416/621/388
f 866/610/341 805/725/432 828/611/382
f 297/512/327 480/726/451 475/656/408
f 867/674/342 807/727/452 805/698/432
f 411/649/404 414/696/431 436/712/441
f 409/627/391 436/712/441 412/655/407
f 404/652/304 474/631/393 478/686/424
f 1060/604/378 1064/728/453 1063/678/422
f 482/688/379 334/724/449 327/647/381
f 867/674/342 804/693/428 807/727/452
f 328/648/403 335/729/454 332/718/447
f 867/674/342 802/673/419 803/692/427
f 298/653/406 475/656/408 480/726/451
f 942/636/397 836/651/405 946/691/426
f 539/730/354 545/731/455 546/732/456
f 939/612/350 947/702/435 948/705/412
f 324/597/373 326/603/377 333/719/448
f 404/511/304 278/733/457 435/618/386
f 642/424/277 644/433/284 646/709/439
f 404/652/304 416/621/388 434/734/458
f 944/684/414 834/711/440 835/735/459
f 2236/675/368 1064/728/453 1060/604/378
f 323/539/340 391/736/460 543/602/376
f 539/590/354 546/737/456 550/699/433
f 410/638/398 413/695/430 414/696/431
f 417/643/401 434/738/458 418/721/410
f 642/424/277 646/709/439 802/739/419
f 297/512/327 298/653/406 480/726/451
f 404/511/304 417/740/401 477/741/417
f 1015/646/293 1016/742/442 1014/633/395
f 416/722/388 479/743/450 434/744/458
f 327/647/381 334/724/449 336/745/461
f 836/746/405 945/685/416 871/747/462
f 539/730/354 543/748/376 545/731/455
f 327/647/381 336/745/461 337/749/463
f 544/616/384 550/699/433 549/645/402
f 938/710/380 850/750/390 834/711/440
f 416/722/388 412/655/407 479/743/450
f 332/718/447 335/729/454 338/751/464
f 836/651/405 871/752/462 946/691/426
f 298/753/406 278/733/457 477/741/417
f 404/511/304 434/754/458 417/740/401
f 837/755/465 838/756/466 839/757/467
f 944/684/414 835/735/459 945/685/416
f 850/750/390 945/685/416 835/735/459
f 850/750/390 835/735/459 834/711/440
f 802/673/419 808/758/468 803/692/427
f 332/718/447 338/751/464 333/719/448
f 327/647/381 335/729/454 328/648/403
f 418/759/410 434/744/458 479/743/450
f 837/755/465 839/757/467 840/760/469
f 803/692/427 648/761/470 806/707/437
f 414/696/431 419/762/471 436/712/441
f 725/331/95 517/432/283 742/714/443
f 804/693/428 809/763/472 807/727/452
f 971/514/328 2145/640/400 974/694/429
f 334/764/449 479/743/450 420/765/473
f 516/766/160 742/767/443 743/768/474
f 412/655/407 436/712/441 420/765/473
f 829/628/347 841/769/475 850/770/390
f 838/756/466 851/771/476 839/757/467
f 412/655/407 420/765/473 479/743/450
f 850/770/390 840/760/469 839/757/467
f 830/629/361 833/701/421 831/630/392
f 327/647/381 337/749/463 335/729/454
f 435/618/386 278/733/457 421/772/477
f 334/724/449 420/773/473 336/745/461
f 645/774/344 549/775/402 550/776/433
f 545/731/455 559/777/478 546/732/456
f 850/750/390 842/778/479 945/685/416
f 406/583/363 415/706/436 413/695/430
f 850/770/390 841/769/475 840/760/469
f 850/770/390 839/757/467 851/771/476
f 850/750/390 851/779/476 842/778/479
f 433/780/321 435/781/386 415/782/436
f 335/729/454 337/749/463 339/783/480
f 837/755/465 840/760/469 838/756/466
f 828/611/382 843/784/481 832/700/434
f 324/597/373 333/719/448 365/708/438
f 543/785/376 391/786/460 548/787/482
f 829/628/347 831/630/392 841/769/475
f 323/788/340 322/789/352 391/786/460
f 831/630/392 833/701/421 832/700/434
f 838/756/466 840/760/469 841/769/475
f 828/611/382 838/756/466 843/784/481
f 832/700/434 843/784/481 838/756/466
f 805/725/432 844/790/483 838/756/466
f 828/611/382 805/725/432 838/756/466
f 413/695/430 419/762/471 414/696/431
f 336/745/461 420/773/473 247/791/484
f 807/727/452 809/763/472 810/792/485
f 645/774/344 551/793/486 552/794/375
f 743/795/474 774/796/487 676/797/488
f 832/700/434 838/756/466 841/769/475
f 831/630/392 832/700/434 841/769/475
f 804/693/428 806/707/437 809/763/472
f 743/795/474 676/797/488 677/798/489
f 803/692/427 808/758/468 648/761/470
f 851/779/476 845/799/490 842/778/479
f 550/776/433 547/800/491 553/801/492
f 838/756/466 846/802/493 851/771/476
f 516/803/160 743/795/474 677/798/489
f 336/745/461 340/804/494 337/749/463
f 2236/675/368 1065/805/495 1064/728/453
f 948/705/412 947/702/435 951/806/496
f 550/699/433 546/737/456 547/807/491
f 645/774/344 550/776/433 553/801/492
f 838/756/466 844/790/483 846/802/493
f 739/808/444 775/809/497 1366/810/445
f 805/725/432 847/811/498 844/790/483
f 436/812/441 422/813/499 420/814/473
f 1063/678/422 1064/728/453 2344/815/500
f 333/719/448 338/751/464 380/816/501
f 335/729/454 339/783/480 340/804/494
f 337/749/463 340/804/494 339/783/480
f 802/817/419 646/818/439 808/819/468
f 335/729/454 380/816/501 338/751/464
f 435/781/386 423/820/502 415/782/436
f 851/779/476 852/821/503 845/799/490
f 945/685/416 842/778/479 852/821/503
f 851/771/476 846/802/493 852/822/503
f 404/511/304 477/741/417 278/733/457
f 322/823/352 365/824/438 386/825/504
f 805/698/432 807/727/452 811/826/505
f 645/774/344 554/827/506 551/793/486
f 844/790/483 847/811/498 846/802/493
f 413/695/430 415/706/436 419/762/471
f 420/773/473 422/828/499 341/829/507
f 807/727/452 810/792/485 812/830/508
f 2181/831/394 974/832/429 2144/833/509
f 333/719/448 380/816/501 342/834/510
f 775/510/273 1063/678/422 2344/815/500
f 1064/728/453 1065/805/495 2344/815/500
f 420/773/473 341/829/507 247/791/484
f 543/748/376 396/835/511 545/731/455
f 945/685/416 852/821/503 871/747/462
f 546/836/456 555/837/512 547/800/491
f 335/729/454 340/804/494 380/816/501
f 774/796/487 678/838/513 676/797/488
f 365/708/438 333/719/448 342/834/510
f 805/698/432 811/826/505 847/839/498
f 808/758/468 647/840/514 648/761/470
f 322/823/352 383/841/515 366/842/516
f 846/802/493 847/811/498 848/843/517
f 842/778/479 845/799/490 852/821/503
f 2236/844/368 1014/845/395 1065/846/495
f 645/774/344 553/801/492 554/827/506
f 646/818/439 647/847/514 808/819/468
f 547/800/491 555/837/512 553/801/492
f 336/745/461 247/791/484 360/848/518
f 809/763/472 650/849/519 810/792/485
f 543/748/376 548/850/482 396/835/511
f 2181/851/394 2146/852/520 1016/853/442
f 435/781/386 421/854/477 423/820/502
f 676/797/488 678/838/513 679/855/521
f 340/804/494 343/856/522 367/857/523
f 340/804/494 367/857/523 380/816/501
f 415/782/436 423/820/502 424/858/524
f 343/859/522 382/860/525 367/861/523
f 806/707/437 650/849/519 809/763/472
f 415/706/436 424/862/524 419/762/471
f 676/797/488 679/855/521 677/798/489
f 422/828/499 425/863/526 341/829/507
f 2145/640/400 948/660/412 949/864/527
f 365/824/438 347/865/528 386/825/504
f 436/712/441 419/762/471 424/862/524
f 436/812/441 424/858/524 425/866/526
f 436/812/441 425/866/526 422/813/499
f 2145/867/400 949/868/527 974/832/429
f 336/745/461 360/848/518 340/804/494
f 806/707/437 648/761/470 813/869/529
f 380/816/501 384/870/530 342/834/510
f 322/823/352 387/871/531 383/841/515
f 365/708/438 342/834/510 384/870/530
f 677/798/489 679/855/521 745/872/532
f 806/707/437 813/869/529 650/849/519
f 298/873/533 277/874/534 278/875/535
f 340/804/494 382/876/525 343/856/522
f 948/705/412 951/806/496 949/877/527
f 322/823/352 386/825/504 387/871/531
f 322/789/352 366/878/516 391/786/460
f 389/879/536 368/880/537 369/881/538
f 946/691/426 871/752/462 951/806/496
f 946/691/426 951/806/496 947/702/435
f 382/882/525 388/883/539 387/884/531
f 367/861/523 382/860/525 387/885/531
f 365/886/438 384/887/530 347/888/528
f 846/802/493 848/843/517 852/822/503
f 810/792/485 814/889/540 812/830/508
f 340/890/494 370/891/541 382/892/525
f 278/893/457 426/894/542 421/854/477
f 852/822/503 848/843/517 849/895/543
f 811/826/505 812/830/508 814/889/540
f 807/727/452 812/830/508 811/826/505
f 553/801/492 555/837/512 556/896/544
f 553/801/492 556/896/544 554/827/506
f 383/897/515 392/898/545 366/899/516
f 421/854/477 426/894/542 423/820/502
f 2181/831/394 2144/833/509 2146/900/520
f 368/880/537 371/901/546 369/881/538
f 384/902/530 348/903/547 385/904/548
f 347/888/528 384/887/530 385/905/548
f 366/878/516 392/906/545 393/907/549
f 386/908/504 347/909/528 372/910/550
f 383/911/515 387/912/531 369/881/538
f 383/897/515 373/913/551 392/898/545
f 552/794/375 551/793/486 557/914/552
f 545/731/455 558/915/553 559/777/478
f 389/879/536 371/901/546 368/880/537
f 386/908/504 372/910/550 387/885/531
f 383/911/515 369/881/538 371/901/546
f 679/855/521 680/916/554 745/872/532
f 742/767/443 774/917/487 743/768/474
f 382/892/525 374/918/555 388/919/539
f 546/836/456 558/920/553 555/837/512
f 423/820/502 426/894/542 424/858/524
f 372/921/550 375/922/556 346/923/557
f 646/818/439 819/924/558 647/847/514
f 387/884/531 389/925/536 369/926/538
f 1014/845/395 2237/927/559 1065/846/495
f 383/911/515 371/901/546 373/928/551
f 847/839/498 849/929/543 848/930/517
f 347/909/528 375/931/556 372/910/550
f 389/879/536 376/932/560 371/901/546
f 1014/845/395 1016/933/442 2238/934/561
f 387/885/531 372/910/550 348/903/547
f 371/901/546 390/935/562 373/928/551
f 387/884/531 388/883/539 390/936/562
f 387/884/531 376/937/560 389/925/536
f 347/938/528 346/923/557 375/922/556
f 382/892/525 370/891/541 374/918/555
f 648/939/470 820/940/563 813/941/529
f 392/898/545 373/913/551 377/942/564
f 387/884/531 390/936/562 376/937/560
f 347/888/528 385/905/548 346/943/557
f 388/919/539 374/918/555 373/944/551
f 340/890/494 360/945/518 370/891/541
f 388/883/539 373/946/551 390/936/562
f 852/821/503 881/947/565 879/948/566
f 371/901/546 376/932/560 390/935/562
f 694/106/70 516/949/160 297/637/327
f 811/826/505 814/889/540 815/950/567
f 392/898/545 377/942/564 359/951/568
f 648/939/470 647/847/514 649/952/569
f 348/953/547 372/921/550 346/923/557
f 1016/853/442 2146/852/520 2182/954/570
f 348/953/547 346/923/557 385/955/548
f 373/913/551 349/956/571 377/942/564
f 377/942/564 349/956/571 378/957/572
f 424/858/524 344/958/573 425/866/526
f 341/829/507 425/863/526 344/959/573
f 811/826/505 815/950/567 816/960/574
f 546/836/456 559/961/478 558/920/553
f 278/893/457 427/962/575 428/963/576
f 349/956/571 379/964/577 378/957/572
f 373/944/551 350/965/578 349/966/571
f 1016/853/442 2183/967/579 2238/968/561
f 648/939/470 649/952/569 820/940/563
f 678/838/513 680/916/554 679/855/521
f 647/847/514 819/924/558 649/952/569
f 392/906/545 399/969/580 393/907/549
f 847/839/498 811/826/505 816/960/574
f 424/858/524 426/894/542 344/958/573
f 377/942/564 378/957/572 359/951/568
f 1014/845/395 2238/934/561 2237/927/559
f 1016/853/442 2184/970/581 2183/967/579
f 847/839/498 816/960/574 849/929/543
f 349/971/571 350/972/578 379/973/577
f 278/893/457 429/974/582 426/894/542
f 392/906/545 359/975/568 399/969/580
f 517/976/283 774/917/487 742/767/443
f 278/893/457 428/963/576 429/974/582
f 646/977/439 821/978/583 819/979/558
f 852/980/503 849/929/543 881/981/565
f 1065/846/495 2237/927/559 2239/982/584
f 552/794/375 557/914/552 646/977/439
f 426/894/542 429/974/582 344/958/573
f 370/983/541 359/951/568 378/957/572
f 554/827/506 556/896/544 560/984/585
f 810/792/485 817/985/586 814/889/540
f 428/963/576 430/986/587 429/974/582
f 545/987/455 396/988/511 397/989/588
f 677/798/489 745/872/532 744/990/589
f 379/973/577 350/972/578 351/991/590
f 370/983/541 378/957/572 379/964/577
f 650/992/519 813/941/529 820/940/563
f 551/793/486 554/827/506 561/993/591
f 678/838/513 745/872/532 680/916/554
f 391/786/460 366/878/516 394/994/592
f 555/837/512 562/995/593 556/896/544
f 849/929/543 816/960/574 881/981/565
f 278/893/457 279/996/594 427/962/575
f 393/907/549 399/969/580 395/997/595
f 391/786/460 394/994/592 548/787/482
f 366/878/516 393/907/549 394/994/592
f 393/907/549 395/997/595 394/994/592
f 344/958/573 429/974/582 430/986/587
f 370/998/541 379/973/577 351/991/590
f 352/999/596 353/1000/597 354/1001/598
f 350/972/578 353/1000/597 352/999/596
f 814/889/540 818/1002/599 815/950/567
f 1016/853/442 2182/954/570 2185/1003/600
f 350/972/578 354/1001/598 353/1000/597
f 350/972/578 352/999/596 351/991/590
f 1065/1004/495 2343/1005/601 2344/1006/500
f 350/1007/578 355/1008/602 354/1009/598
f 427/962/575 430/986/587 428/963/576
f 556/896/544 562/995/593 563/1010/603
f 2237/927/559 2238/934/561 2240/1011/604
f 354/1009/598 355/1008/602 362/1012/605
f 341/829/507 344/959/573 345/1013/606
f 297/1014/607 277/1015/534 298/1016/533
f 548/1017/482 397/989/588 396/988/511
f 554/827/506 560/984/585 561/993/591
f 974/832/429 2147/1018/608 2144/833/509
f 974/832/429 949/868/527 2147/1018/608
f 774/1019/487 744/1020/589 678/1021/513
f 350/1007/578 363/1022/609 355/1008/602
f 814/889/540 817/985/586 818/1002/599
f 815/950/567 818/1002/599 873/1023/610
f 871/747/462 852/821/503 879/948/566
f 819/924/558 820/940/563 649/952/569
f 819/1024/558 826/1025/611 817/985/586
f 815/950/567 873/1023/610 816/960/574
f 678/1021/513 744/1020/589 745/1026/532
f 564/1027/612 565/1028/613 566/1029/614
f 545/731/455 397/1030/588 558/915/553
f 564/1027/612 567/1031/615 568/1032/616
f 355/1008/602 364/1033/617 362/1012/605
f 567/1031/615 569/1034/618 570/1035/619
f 427/962/575 246/1036/620 430/986/587
f 564/1027/612 566/1029/614 567/1031/615
f 819/1024/558 817/985/586 820/1037/563
f 821/978/583 564/1027/612 568/1032/616
f 344/958/573 430/986/587 431/1038/621
f 278/875/457 277/874/622 279/1039/594
f 430/986/587 246/1036/620 431/1038/621
f 356/1040/623 362/1041/605 363/1042/609
f 565/1028/613 567/1031/615 566/1029/614
f 650/849/519 820/1037/563 817/985/586
f 352/999/596 354/1001/598 357/1043/624
f 352/999/596 362/1041/605 356/1040/623
f 821/1044/583 568/1045/616 822/1046/625
f 567/1031/615 570/1035/619 568/1032/616
f 551/793/486 561/993/591 557/914/552
f 556/896/544 563/1010/603 560/984/585
f 821/978/583 565/1028/613 564/1027/612
f 567/1031/615 571/1047/626 569/1034/618
f 821/1048/583 822/1049/625 823/1050/627
f 557/914/552 567/1031/615 565/1028/613
f 569/1034/618 571/1047/626 572/1051/628
f 555/837/512 558/920/553 562/995/593
f 819/1052/629 821/1053/629 823/1054/629
f 819/1055/558 823/1050/627 826/1056/611
f 355/1008/602 363/1022/609 364/1033/617
f 352/999/596 357/1043/624 362/1041/605
f 427/962/575 279/996/594 246/1036/620
f 560/984/585 563/1010/603 755/1057/630
f 881/981/565 816/960/574 873/1023/610
f 881/981/565 873/1023/610 824/1058/631
f 344/958/573 431/1038/621 345/1059/606
f 569/1060/618 572/1061/628 746/1062/632
f 557/914/552 565/1028/613 821/978/583
f 354/1001/598 362/1041/605 357/1043/624
f 568/1063/616 570/1064/619 747/1065/633
f 569/1060/618 746/1062/632 747/1065/633
f 570/1064/619 569/1060/618 747/1065/633
f 572/1061/628 748/1066/634 746/1062/632
f 818/1002/599 826/1025/611 873/1023/610
f 810/792/485 650/849/519 817/985/586
f 646/977/439 557/914/552 821/978/583
f 557/914/552 573/1067/635 567/1031/615
f 247/791/484 250/1068/636 360/848/518
f 362/1041/605 364/1069/617 363/1042/609
f 568/1045/616 870/1070/637 822/1046/625
f 2144/833/509 2173/1071/638 2146/900/520
f 871/1072/462 872/1073/639 951/1074/496
f 746/1062/632 748/1066/634 749/1075/640
f 746/1062/632 750/1076/641 747/1065/633
f 567/1031/615 573/1067/635 571/1047/626
f 279/1077/594 245/1078/642 246/1079/620
f 746/1062/632 749/1075/640 750/1076/641
f 817/985/586 826/1025/611 818/1002/599
f 873/1023/610 826/1025/611 822/1080/625
f 873/1081/610 874/1082/643 824/1083/631
f 516/1084/160 774/1019/487 517/1085/283
f 548/1017/482 398/1086/644 397/989/588
f 247/1087/484 341/1088/507 248/1089/645
f 873/1081/610 822/1046/625 874/1082/643
f 826/1056/611 823/1050/627 822/1049/625
f 560/984/585 755/1057/630 574/1090/646
f 394/1091/592 395/1092/595 300/1093/647
f 572/1061/628 751/1094/648 748/1066/634
f 516/1084/160 677/1095/489 744/1020/589
f 516/1084/160 744/1020/589 774/1019/487
f 951/1096/496 2066/1097/649 949/868/527
f 345/1059/606 431/1038/621 246/1036/620
f 568/1045/616 875/1098/650 870/1070/637
f 822/1046/625 870/1070/637 876/1099/651
f 748/1066/634 751/1094/648 749/1075/640
f 568/1063/616 747/1065/633 752/1100/652
f 822/1046/625 876/1099/651 874/1082/643
f 749/1075/640 751/1094/648 753/1101/653
f 1016/853/442 2185/1003/600 2184/970/581
f 560/984/585 574/1090/646 571/1047/626
f 562/995/593 575/1102/654 563/1010/603
f 370/1103/655 358/1104/655 359/1105/655
f 749/1075/640 753/1101/653 754/1106/656
f 571/1047/626 574/1090/646 572/1051/628
f 560/984/585 571/1047/626 573/1067/635
f 2144/833/509 2147/1018/608 2173/1071/638
f 563/1010/603 575/1102/654 755/1057/630
f 341/1088/507 345/1107/606 249/1108/657
f 558/920/553 757/1109/658 562/995/593
f 1065/1004/495 2239/1110/584 2345/1111/659
f 568/1045/616 752/1112/652 875/1098/650
f 359/975/568 280/1113/660 399/969/580
f 557/914/552 576/1114/661 573/1067/635
f 247/1087/484 248/1089/645 250/1115/636
f 870/1070/637 877/1116/662 876/1099/651
f 399/1117/580 300/1093/647 395/1092/595
f 949/868/527 2176/1118/663 2147/1018/608
f 548/1017/482 394/1091/592 398/1086/644
f 572/1051/628 574/1090/646 755/1057/630
f 747/1065/633 883/1119/664 752/1100/652
f 951/1120/496 895/1121/665 2066/1122/649
f 562/995/593 757/1109/658 575/1102/654
f 749/1075/640 754/1106/656 750/1076/641
f 246/1079/620 251/1123/666 252/1124/667
f 824/1083/631 874/1082/643 878/1125/668
f 874/1082/643 876/1099/651 878/1125/668
f 755/1126/630 575/1127/654 756/1128/669
f 871/1072/462 879/1129/566 880/1130/670
f 345/1107/606 246/1079/620 249/1108/657
f 747/1065/633 750/1076/641 883/1119/664
f 575/1127/654 757/1131/658 756/1128/669
f 755/1126/630 756/1128/669 758/1132/671
f 751/1094/648 759/1133/672 753/1101/653
f 557/914/552 561/993/591 576/1114/661
f 359/1134/568 358/1135/673 280/1136/660
f 572/1061/628 760/1137/674 751/1094/648
f 2146/900/520 2173/1071/638 2175/1138/675
f 881/1139/676 825/1140/676 879/1141/676
f 246/1079/620 245/1078/642 253/1142/677
f 560/984/585 573/1067/635 576/1114/661
f 750/1076/641 754/1106/656 761/1143/678
f 560/984/585 576/1114/661 561/993/591
f 251/1123/666 253/1142/677 252/1124/667
f 572/1061/628 755/1126/630 760/1137/674
f 881/1144/565 824/1083/631 882/1145/679
f 246/1079/620 252/1124/667 249/1108/657
f 2237/927/559 2240/1011/604 2241/1146/680
f 394/1091/592 300/1093/647 398/1086/644
f 341/1088/507 249/1108/657 252/1124/667
f 755/1126/630 758/1132/671 760/1137/674
f 750/1076/641 761/1143/678 883/1119/664
f 246/1079/620 253/1142/677 251/1123/666
f 871/1072/462 880/1130/670 872/1073/639
f 2146/852/520 2175/1147/675 2182/954/570
f 951/1120/496 872/1148/639 895/1121/665
f 757/1131/658 758/1132/671 756/1128/669
f 753/1101/653 762/1149/681 754/1106/656
f 752/1112/652 883/1150/664 884/1151/682
f 751/1094/648 760/1137/674 759/1133/672
f 753/1101/653 759/1133/672 763/1152/683
f 758/1132/671 759/1133/672 760/1137/674
f 775/510/273 2344/815/500 2343/1153/601
f 754/1106/656 764/1154/684 761/1143/678
f 759/1133/672 765/1155/685 766/1156/686
f 949/868/527 2066/1097/649 2176/1118/663
f 753/1101/653 763/1152/683 762/1149/681
f 2237/927/559 2241/1146/680 2239/982/584
f 824/1083/631 878/1125/668 882/1145/679
f 399/1117/580 280/1157/660 300/1093/647
f 883/1150/664 885/1158/687 884/1151/682
f 754/1106/656 762/1149/681 764/1154/684
f 758/1132/671 765/1155/685 759/1133/672
f 341/1088/507 252/1124/667 248/1089/645
f 870/1070/637 875/1098/650 886/1159/688
f 877/1116/662 887/1160/689 888/1161/690
f 558/920/553 397/1162/588 577/1163/691
f 558/920/553 400/1164/692 757/1109/658
f 759/1133/672 766/1156/686 763/1152/683
f 876/1099/651 877/1116/662 878/1125/668
f 248/1089/645 252/1124/667 253/1142/677
f 878/1125/668 889/1165/693 882/1145/679
f 882/1145/679 889/1165/693 890/1166/694
f 878/1125/668 891/1167/695 889/1165/693
f 2147/1018/608 2176/1118/663 2173/1071/638
f 757/1131/658 400/1168/692 758/1132/671
f 877/1116/662 888/1161/690 891/1167/695
f 516/1169/696 277/1170/534 297/1171/607
f 2238/934/561 2242/1172/697 2240/1011/604
f 875/1098/650 752/1112/652 886/1159/688
f 889/1165/693 891/1167/695 892/1173/698
f 889/1165/693 892/1173/698 890/1166/694
f 888/1161/690 887/1160/689 891/1167/695
f 881/1144/565 882/1145/679 892/1173/698
f 765/1155/685 513/1174/699 766/1156/686
f 765/1155/685 767/1175/700 513/1174/699
f 877/1116/662 891/1167/695 878/1125/668
f 758/1132/671 400/1168/692 765/1155/685
f 872/1073/639 880/1130/670 893/1176/701
f 2173/1071/638 2148/1177/702 2174/1178/703
f 882/1145/679 890/1166/694 892/1173/698
f 881/1144/565 892/1173/698 825/1179/704
f 879/1129/566 825/1179/704 894/1180/705
f 752/1112/652 884/1151/682 886/1159/688
f 872/1073/639 2067/1181/706 895/1182/665
f 2239/982/584 2241/1146/680 2346/1183/707
f 887/1160/689 892/1173/698 891/1167/695
f 397/1184/588 299/1185/708 577/1186/691
f 2241/1146/680 2243/1187/709 2346/1183/707
f 397/1184/588 398/1188/644 299/1185/708
f 883/1150/664 896/1189/710 885/1158/687
f 825/1179/704 892/1173/698 894/1180/705
f 558/920/553 577/1163/691 400/1164/692
f 870/1070/637 897/1190/711 877/1116/662
f 877/1116/662 898/1191/712 887/1160/689
f 2239/1110/584 2346/1192/707 2345/1111/659
f 2148/1193/702 2149/1194/713 2150/1195/714
f 1065/1004/495 2347/1196/715 2343/1005/601
f 2240/1011/604 2243/1187/709 2241/1146/680
f 2182/954/570 2175/1147/675 2186/1197/716
f 2182/954/570 2186/1197/716 2185/1003/600
f 360/1198/717 250/1199/717 361/1200/717
f 2148/1193/702 2177/1201/718 2149/1194/713
f 2173/1071/638 2174/1178/703 2175/1138/675
f 398/1188/644 300/1202/647 301/1203/719
f 2238/934/561 2244/1204/720 2245/1205/721
f 2173/1206/638 2176/1207/663 2148/1193/702
f 2176/1207/663 2177/1201/718 2148/1193/702
f 2240/1011/604 2246/1208/722 2243/1187/709
f 2240/1011/604 2242/1172/697 2245/1205/721
f 879/1129/566 894/1180/705 880/1130/670
f 762/1149/681 763/1152/683 768/1209/723
f 883/1119/664 761/1143/678 776/1210/724
f 2240/1011/604 2247/1211/725 2248/1212/726
f 2238/968/561 2183/967/579 2244/1213/720
f 2243/1187/709 2249/1214/727 2250/1215/728
f 2346/1183/707 2243/1187/709 2251/1216/729
f 2238/934/561 2245/1205/721 2242/1172/697
f 761/1143/678 764/1154/684 769/1217/730
f 2240/1011/604 2248/1212/726 2246/1208/722
f 2250/1215/728 2252/1218/731 2253/1219/732
f 2243/1187/709 2250/1215/728 2253/1219/732
f 360/1220/733 361/1221/733 370/1222/733
f 765/1223/734 400/1224/735 401/1225/736
f 250/1115/636 254/1226/737 361/1227/738
f 884/1151/682 885/1158/687 899/1228/739
f 2250/1215/728 2249/1214/727 2254/1229/740
f 2346/1183/707 2251/1216/729 2348/1230/741
f 358/1135/673 281/1231/742 280/1136/660
f 2345/1111/659 2346/1192/707 2348/1232/741
f 2240/1011/604 2245/1205/721 2255/1233/743
f 2240/1011/604 2255/1233/743 2247/1211/725
f 2248/1212/726 2247/1211/725 2254/1229/740
f 2243/1187/709 2253/1219/732 2251/1216/729
f 2183/967/579 2187/1234/744 2244/1213/720
f 301/1203/719 302/1235/745 303/1236/746
f 577/1186/691 304/1237/747 400/1238/692
f 2253/1239/732 2350/1240/748 2348/1241/741
f 2253/1242/732 2349/1243/749 2350/1244/748
f 1065/1004/495 2345/1111/659 2351/1245/750
f 2252/1218/731 2349/1246/749 2253/1219/732
f 303/1236/746 302/1235/745 305/1247/751
f 763/1152/683 766/1156/686 768/1209/723
f 2251/1216/729 2253/1219/732 2348/1230/741
f 765/1248/734 401/1249/736 767/1250/752
f 2243/1187/709 2246/1208/722 2249/1214/727
f 2250/1215/728 2254/1229/740 2255/1233/743
f 762/1149/681 770/1251/753 764/1154/684
f 2185/1003/600 2186/1197/716 2188/1252/754
f 303/1236/746 305/1247/751 304/1237/747
f 2183/967/579 2184/970/581 2187/1234/744
f 484/1253/755 307/1254/756 487/1255/757
f 767/1256/700 307/1254/756 484/1253/755
f 2246/1208/722 2248/1212/726 2254/1229/740
f 2244/1204/720 2256/1257/758 2255/1233/743
f 2244/1213/720 2187/1234/744 2256/1258/758
f 892/1173/698 900/1259/759 894/1180/705
f 2348/1241/741 2350/1240/748 2320/1260/760
f 2244/1204/720 2255/1233/743 2245/1205/721
f 400/1238/692 304/1237/747 401/1261/761
f 2345/1111/659 2348/1232/741 2352/1262/762
f 767/1263/700 484/1264/755 485/1265/763
f 2250/1215/728 2189/1266/764 2252/1218/731
f 880/1130/670 894/1180/705 893/1176/701
f 2246/1208/722 2254/1229/740 2249/1214/727
f 767/1256/700 401/1267/761 307/1254/756
f 2247/1211/725 2255/1233/743 2254/1229/740
f 299/1185/708 301/1203/719 304/1237/747
f 2148/1193/702 2150/1195/714 2151/1268/765
f 766/1156/686 513/1174/699 768/1209/723
f 2184/970/581 2256/1258/758 2187/1234/744
f 301/1203/719 303/1236/746 304/1237/747
f 398/1188/644 301/1203/719 299/1185/708
f 2250/1215/728 2255/1233/743 2189/1266/764
f 2148/1193/702 2152/1269/766 2174/1270/703
f 2348/1232/741 2320/1271/760 2352/1262/762
f 761/1143/678 769/1217/730 776/1210/724
f 2255/1272/743 2256/1258/758 2189/1273/764
f 305/1247/751 306/1274/767 307/1275/756
f 2320/1271/760 2353/1276/768 2352/1262/762
f 305/1247/751 308/1277/769 306/1274/767
f 870/1070/637 886/1159/688 897/1190/711
f 307/1275/756 306/1274/767 309/1278/770
f 887/1160/689 898/1191/712 901/1279/771
f 484/1253/755 487/1255/757 485/1280/763
f 2184/970/581 2185/1003/600 2256/1258/758
f 2175/1281/675 2174/1270/703 2152/1269/766
f 301/1203/719 310/1282/772 302/1235/745
f 764/1154/684 770/1251/753 769/1217/730
f 2066/1283/649 895/1284/665 2156/1285/773
f 302/1235/745 311/1286/774 305/1247/751
f 877/1116/662 897/1190/711 898/1191/712
f 2186/1197/716 2190/1287/775 2188/1252/754
f 2252/1218/731 2189/1266/764 2257/1288/776
f 307/1275/756 309/1278/770 487/1289/757
f 2149/1194/713 2177/1201/718 2153/1290/777
f 401/1261/761 305/1247/751 307/1275/756
f 401/1261/761 304/1237/747 305/1247/751
f 306/1274/767 308/1277/769 309/1278/770
f 305/1247/751 311/1286/774 308/1277/769
f 2175/1281/675 2152/1269/766 2186/1291/716
f 2252/1218/731 2257/1288/776 2349/1246/749
f 2350/1244/748 2353/1276/768 2320/1271/760
f 487/1289/757 309/1278/770 308/1277/769
f 513/1292/699 767/1293/700 514/1294/778
f 302/1235/745 310/1282/772 311/1286/774
f 2185/1003/600 2188/1252/754 2191/1295/779
f 767/1263/700 485/1265/763 514/1296/778
f 883/1297/664 776/1298/724 777/1299/780
f 250/1115/636 255/1300/781 254/1226/737
f 300/1202/647 280/1301/660 283/1302/782
f 887/1160/689 902/1303/783 892/1173/698
f 2148/1193/702 2151/1268/765 2152/1269/766
f 2186/1197/716 2191/1295/779 2190/1287/775
f 370/1304/784 282/1305/785 358/1135/673
f 2185/1003/600 2189/1273/764 2256/1258/758
f 886/1159/688 903/1306/786 897/1190/711
f 300/1202/647 312/1307/787 301/1203/719
f 2350/1244/748 2349/1243/749 2354/1308/788
f 2188/1252/754 2190/1287/775 2191/1295/779
f 358/1135/673 282/1305/785 281/1231/742
f 2345/1111/659 2352/1262/762 2355/1309/789
f 762/1149/681 768/1209/723 771/1310/790
f 2150/1195/714 2149/1194/713 2154/1311/791
f 2350/1244/748 2354/1308/788 2356/1312/792
f 513/1174/699 515/1313/793 768/1209/723
f 577/1186/691 299/1185/708 304/1237/747
f 887/1160/689 901/1279/771 902/1303/783
f 2185/1003/600 2191/1295/779 2192/1314/794
f 872/1073/639 893/1176/701 904/1315/795
f 485/1265/763 486/1316/796 514/1296/778
f 893/1176/701 894/1180/705 904/1315/795
f 2350/1244/748 2355/1309/789 2353/1276/768
f 762/1149/681 771/1310/790 770/1251/753
f 895/1284/665 2067/1317/706 2156/1285/773
f 513/1292/699 514/1294/778 515/1318/793
f 370/1304/784 361/1319/738 282/1305/785
f 300/1202/647 283/1302/782 312/1307/787
f 2350/1244/748 2356/1312/792 2355/1309/789
f 2185/1003/600 2192/1314/794 2189/1273/764
f 2149/1194/713 2153/1290/777 2155/1320/797
f 883/1150/664 905/1321/798 896/1189/710
f 487/1289/757 308/1277/769 486/1322/796
f 487/1323/757 486/1316/796 485/1265/763
f 2177/1201/718 2155/1320/797 2153/1290/777
f 884/1151/682 903/1306/786 886/1159/688
f 2352/1262/762 2353/1276/768 2355/1309/789
f 2066/1097/649 2156/1324/773 2176/1118/663
f 872/1073/639 904/1315/795 2067/1181/706
f 883/1297/664 777/1299/780 905/1325/798
f 1065/1004/495 2351/1245/750 2357/1326/799
f 308/1277/769 488/1327/800 486/1322/796
f 310/1282/772 313/1328/801 311/1286/774
f 2354/1308/788 2358/1329/802 2356/1312/792
f 308/1277/769 311/1286/774 314/1330/803
f 301/1203/719 312/1307/787 310/1282/772
f 776/1298/724 778/1331/804 777/1299/780
f 2345/1111/659 2355/1309/789 2356/1312/792
f 2349/1243/749 2358/1329/802 2354/1308/788
f 279/1077/594 137/1332/805 245/1078/642
f 2186/1197/716 2193/1333/806 2191/1295/779
f 894/1180/705 900/1259/759 904/1315/795
f 280/1136/660 281/1231/742 283/1334/782
f 311/1286/774 313/1328/801 314/1330/803
f 897/1190/711 906/1335/807 898/1191/712
f 254/1226/737 255/1300/781 256/1336/808
f 2149/1194/713 2155/1320/797 2154/1311/791
f 2186/1291/716 2152/1269/766 2157/1337/809
f 516/1338/160 517/1339/283 277/1340/810
f 2194/1341/811 2195/1342/812 2196/1343/813
f 250/1115/636 248/1089/645 257/1344/814
f 308/1277/769 315/1345/815 488/1327/800
f 2177/1201/718 2178/1346/816 2155/1320/797
f 769/1217/730 770/1251/753 772/1347/817
f 777/1299/780 778/1331/804 779/1348/818
f 776/1298/724 780/1349/819 778/1331/804
f 2194/1341/811 2196/1343/813 2160/1350/820
f 884/1151/682 899/1228/739 903/1306/786
f 310/1282/772 312/1307/787 313/1328/801
f 2150/1195/714 2154/1311/791 2158/1351/821
f 2155/1320/797 2178/1346/816 2159/1352/822
f 283/1302/782 313/1328/801 312/1307/787
f 486/1316/796 488/1353/800 489/1354/823
f 1065/1004/495 2357/1326/799 2347/1196/715
f 2351/1245/750 2356/1312/792 2357/1326/799
f 308/1277/769 314/1330/803 315/1345/815
f 2176/1355/663 2069/1356/824 2177/1357/718
f 2176/1355/663 2156/1358/773 2069/1356/824
f 2345/1111/659 2356/1312/792 2351/1245/750
f 885/1158/687 896/1189/710 899/1228/739
f 2191/1295/779 2193/1333/806 2192/1314/794
f 2194/1359/811 2160/1360/820 2161/1361/825
f 361/1227/738 254/1226/737 282/1362/785
f 892/1173/698 902/1303/783 900/1259/759
f 896/1189/710 903/1306/786 899/1228/739
f 283/1302/782 285/1363/826 313/1328/801
f 2160/1360/820 2162/1364/827 2161/1361/825
f 313/1328/801 285/1363/826 314/1330/803
f 776/1210/724 769/1217/730 780/1365/819
f 2067/1317/706 2095/1366/828 2156/1285/773
f 2177/1357/718 2069/1356/824 2178/1367/816
f 2155/1320/797 2159/1352/822 2163/1368/829
f 2196/1343/813 2167/1369/830 2160/1350/820
f 2160/1360/820 2164/1370/831 2162/1364/827
f 2194/1341/811 2070/1371/832 2195/1342/812
f 900/1259/759 907/1372/833 904/1315/795
f 314/1330/803 316/1373/834 315/1345/815
f 245/1078/642 137/1332/805 258/1374/835
f 900/1259/759 902/1303/783 2209/1375/836
f 897/1190/711 903/1306/786 2206/1376/837
f 283/1334/782 284/1377/838 285/1378/826
f 2067/1181/706 904/1315/795 2095/1379/828
f 777/1299/780 779/1348/818 905/1325/798
f 768/1209/723 515/1313/793 771/1310/790
f 2195/1342/812 2197/1380/839 2196/1343/813
f 314/1330/803 286/1381/840 316/1373/834
f 770/1251/753 771/1310/790 772/1347/817
f 2161/1361/825 2162/1364/827 2164/1370/831
f 254/1226/737 256/1336/808 282/1362/785
f 248/1089/645 253/1142/677 257/1344/814
f 2186/1197/716 2157/1382/809 2193/1333/806
f 898/1191/712 908/1383/841 901/1279/771
f 2194/1359/811 2161/1361/825 2070/1384/832
f 314/1330/803 285/1363/826 286/1381/840
f 778/1331/804 780/1349/819 781/1385/842
f 2195/1386/843 2070/1387/843 2165/1388/843
f 250/1115/636 259/1389/844 255/1300/781
f 2349/1243/749 2429/1390/845 2358/1329/802
f 486/1316/796 489/1354/823 518/1391/846
f 904/1392/795 2068/1393/847 2095/1394/828
f 2356/1312/792 2358/1329/802 2359/1395/848
f 2356/1312/792 2360/1396/849 2357/1326/799
f 2196/1343/813 2197/1380/839 2167/1369/830
f 900/1259/759 2209/1375/836 907/1372/833
f 285/1378/826 284/1377/838 286/1397/840
f 898/1191/712 906/1335/807 2205/1398/850
f 775/1399/273 2343/1400/601 2361/1401/851
f 255/1300/781 260/1402/852 256/1336/808
f 769/1217/730 772/1347/817 782/1403/853
f 2156/1285/773 2096/1404/854 2069/1405/824
f 2150/1195/714 2158/1351/821 2125/1406/855
f 901/1279/771 2209/1375/836 902/1303/783
f 2195/1342/812 2165/1407/856 2197/1380/839
f 2155/1320/797 2163/1368/829 2166/1408/857
f 2192/1314/794 2193/1333/806 2198/1409/858
f 2151/1268/765 2157/1337/809 2152/1269/766
f 896/1189/710 909/1410/859 903/1306/786
f 253/1142/677 258/1374/835 257/1344/814
f 769/1411/730 782/1412/853 780/1349/819
f 2160/1360/820 2167/1413/830 2164/1370/831
f 2178/1346/816 2179/1414/860 2159/1352/822
f 897/1190/711 2206/1376/837 906/1335/807
f 2154/1311/791 2155/1320/797 2166/1408/857
f 903/1306/786 2321/1415/861 2206/1376/837
f 2159/1352/822 2179/1414/860 2163/1368/829
f 2356/1312/792 2359/1395/848 2360/1396/849
f 488/1327/800 315/1345/815 317/1416/862
f 315/1345/815 316/1373/834 318/1417/863
f 315/1345/815 318/1417/863 317/1416/862
f 2167/1369/830 2197/1380/839 2199/1418/864
f 2150/1195/714 2125/1406/855 2151/1268/765
f 2069/1356/824 2161/1419/825 2164/1420/831
f 2197/1380/839 2165/1407/856 2199/1418/864
f 771/1310/790 773/1421/865 772/1347/817
f 316/1373/834 286/1381/840 318/1417/863
f 901/1279/771 908/1383/841 2209/1375/836
f 245/1078/642 258/1374/835 253/1142/677
f 2156/1285/773 2095/1366/828 2097/1422/866
f 2069/1356/824 2096/1423/854 2161/1419/825
f 778/1331/804 781/1385/842 779/1348/818
f 281/1231/742 287/1424/867 283/1334/782
f 2069/1356/824 2164/1420/831 2168/1425/868
f 2178/1367/816 2069/1356/824 2169/1426/869
f 277/1427/622 137/1332/805 279/1077/594
f 2156/1285/773 2097/1422/866 2096/1404/854
f 2167/1413/830 2170/1428/870 2164/1370/831
f 2189/1273/764 2192/1314/794 2200/1429/871
f 2359/1395/848 2362/1430/872 2360/1396/849
f 2357/1326/799 2360/1396/849 2362/1430/872
f 281/1231/742 282/1305/785 287/1424/867
f 780/1349/819 782/1412/853 781/1385/842
f 2164/1420/831 2170/1431/870 2168/1425/868
f 282/1362/785 261/1432/873 287/1433/867
f 2178/1367/816 2171/1434/874 2179/1435/860
f 282/1362/785 256/1336/808 262/1436/875
f 2167/1369/830 2199/1418/864 2165/1407/856
f 896/1437/710 905/1438/798 909/1439/859
f 905/1325/798 779/1348/818 783/1440/876
f 2167/1413/830 2165/1441/856 2170/1428/870
f 2151/1442/765 2125/1443/855 2126/1444/877
f 2161/1445/825 2096/1446/854 2070/1447/832
f 906/1448/807 2204/1449/878 2205/1450/850
f 904/1392/795 907/1451/833 2068/1393/847
f 2151/1442/765 2126/1444/877 2127/1452/879
f 488/1353/800 511/1453/880 489/1354/823
f 905/1438/798 783/1454/876 909/1439/859
f 2069/1356/824 2168/1425/868 2169/1426/869
f 2095/1394/828 2068/1393/847 2071/1455/881
f 898/1191/712 2205/1398/850 910/1456/882
f 906/1448/807 2206/1457/837 2207/1458/883
f 2070/1447/832 2072/1459/884 2165/1460/856
f 898/1191/712 910/1456/882 908/1383/841
f 2178/1367/816 2169/1426/869 2171/1434/874
f 906/1448/807 2207/1458/883 2208/1461/885
f 2358/1329/802 2363/1462/886 2359/1395/848
f 2349/1243/749 2257/1463/776 2429/1390/845
f 2095/1366/828 2073/1464/887 2097/1422/866
f 255/1300/781 259/1389/844 260/1402/852
f 514/1294/778 491/1465/888 515/1318/793
f 317/1416/862 318/1417/863 319/1466/889
f 2193/1333/806 2157/1382/809 2198/1409/858
f 2154/1311/791 2166/1408/857 2172/1467/890
f 2163/1368/829 2179/1414/860 2171/1468/874
f 2358/1329/802 2431/1469/891 2364/1470/892
f 2070/1447/832 2074/1471/893 2072/1459/884
f 2205/1450/850 2204/1449/878 910/1472/882
f 772/1347/817 773/1421/865 782/1403/853
f 2154/1311/791 2128/1473/894 2158/1351/821
f 907/1451/833 2209/1474/836 2101/1475/895
f 2357/1326/799 2362/1430/872 2363/1462/886
f 282/1362/785 262/1436/875 261/1432/873
f 256/1336/808 260/1402/852 262/1436/875
f 250/1115/636 257/1344/814 259/1389/844
f 2070/1447/832 2170/1476/870 2074/1471/893
f 2170/1476/870 2072/1459/884 2074/1471/893
f 2165/1460/856 2072/1459/884 2170/1476/870
f 2154/1311/791 2172/1467/890 2128/1473/894
f 514/1296/778 486/1316/796 518/1391/846
f 2359/1395/848 2363/1462/886 2362/1430/872
f 2070/1447/832 2098/1477/896 2170/1476/870
f 2168/1425/868 2171/1434/874 2169/1426/869
f 2158/1351/821 2128/1473/894 2125/1406/855
f 2151/1442/765 2127/1452/879 2157/1478/809
f 903/1479/786 909/1439/859 2321/1480/861
f 2166/1408/857 2180/1481/897 2172/1467/890
f 2168/1425/868 2170/1431/870 2104/1482/898
f 286/1397/840 288/1483/899 318/1484/863
f 257/1344/814 263/1485/900 259/1389/844
f 2070/1447/832 2096/1446/854 2075/1486/901
f 781/1385/842 782/1412/853 784/1487/902
f 2096/1446/854 2097/1488/866 2075/1486/901
f 2168/1425/868 2104/1482/898 2171/1434/874
f 771/1310/790 515/1313/793 773/1421/865
f 2209/1489/836 908/1490/841 2091/1491/903
f 908/1490/841 910/1472/882 2091/1491/903
f 317/1416/862 319/1466/889 512/1492/904
f 284/1377/838 288/1483/899 286/1397/840
f 907/1451/833 2071/1455/881 2068/1393/847
f 779/1348/818 781/1385/842 993/1493/905
f 2163/1368/829 2180/1481/897 2166/1408/857
f 2125/1443/855 2128/1494/894 2129/1495/906
f 2204/1449/878 2210/1496/907 910/1472/882
f 514/1294/778 518/1497/846 491/1465/888
f 488/1327/800 317/1416/862 512/1492/904
f 2163/1368/829 2171/1468/874 2180/1481/897
f 907/1451/833 2101/1475/895 2071/1455/881
f 2171/1434/874 2104/1482/898 2180/1498/897
f 2097/1499/866 2076/1500/908 2075/1501/901
f 779/1348/818 993/1493/905 783/1440/876
f 283/1334/782 287/1424/867 284/1377/838
f 2097/1499/866 2073/1502/887 2076/1500/908
f 2172/1467/890 2077/1503/909 2128/1473/894
f 257/1344/814 258/1374/835 263/1485/900
f 2172/1504/910 2180/1505/910 2077/1506/910
f 2358/1329/802 2429/1390/845 2431/1469/891
f 781/1385/842 785/1507/911 993/1493/905
f 2070/1447/832 2075/1486/901 2098/1477/896
f 2128/1494/894 2077/1508/909 2129/1495/906
f 906/1448/807 2208/1461/885 2204/1449/878
f 2098/1509/896 2075/1501/901 2078/1510/912
f 782/1412/853 773/1511/865 786/1512/913
f 909/1439/859 783/1454/876 993/1513/905
f 2204/1449/878 2211/1514/914 2212/1515/915
f 488/1353/800 512/1516/904 511/1453/880
f 2170/1476/870 2079/1517/916 2104/1518/898
f 2075/1501/901 2076/1500/908 2078/1510/912
f 2073/1502/887 2080/1519/917 2076/1500/908
f 910/1472/882 2210/1496/907 2091/1491/903
f 2170/1476/870 2098/1477/896 2079/1517/916
f 2189/1266/764 2258/1520/918 2257/1288/776
f 2076/1500/908 2080/1519/917 2081/1521/919
f 2095/1394/828 2071/1455/881 2099/1522/920
f 260/1402/852 261/1432/873 262/1436/875
f 2358/1329/802 2364/1470/892 2363/1462/886
f 318/1484/863 289/1523/921 290/1524/922
f 318/1484/863 288/1483/899 289/1523/921
f 2095/1394/828 2099/1522/920 2073/1525/887
f 2211/1514/914 2213/1526/923 2212/1515/915
f 2076/1500/908 2081/1521/919 2078/1510/912
f 2204/1449/878 2212/1515/915 2210/1496/907
f 909/1439/859 2322/1527/924 2321/1480/861
f 2204/1449/878 2213/1526/923 2211/1514/914
f 2073/1502/887 2100/1528/925 2080/1519/917
f 782/1412/853 786/1512/913 784/1487/902
f 318/1484/863 290/1524/922 319/1529/889
f 2361/1530/851 2363/1462/886 2364/1470/892
f 489/1354/823 511/1453/880 518/1391/846
f 2073/1502/887 2099/1531/920 2100/1528/925
f 2212/1515/915 2213/1526/923 2214/1532/926
f 2125/1443/855 2129/1495/906 2130/1533/927
f 2209/1489/836 2091/1491/903 2101/1534/895
f 2192/1314/794 2198/1409/858 2200/1429/871
f 2210/1496/907 2212/1515/915 2214/1532/926
f 2080/1519/917 2100/1528/925 2081/1521/919
f 2125/1443/855 2130/1533/927 2131/1535/928
f 319/1529/889 290/1524/922 512/1536/904
f 2343/1400/601 2347/1537/715 2361/1401/851
f 2078/1510/912 2081/1521/919 2082/1538/929
f 2357/1326/799 2363/1462/886 2365/1539/930
f 2180/1540/897 2104/1541/898 2077/1508/909
f 781/1385/842 784/1487/902 785/1507/911
f 2125/1443/855 2131/1535/928 2126/1444/877
f 2204/1449/878 2208/1461/885 2215/1542/931
f 518/1543/846 490/1544/932 491/1545/888
f 2206/1457/837 2216/1546/933 2207/1458/883
f 2081/1521/919 2100/1528/925 2082/1538/929
f 2099/1547/920 2083/1548/934 2100/1549/925
f 2157/1478/809 2127/1452/879 2132/1550/935
f 2207/1458/883 2217/1551/936 2208/1461/885
f 515/1313/793 787/1552/937 773/1421/865
f 2098/1509/896 2078/1510/912 2079/1553/916
f 2210/1496/907 2214/1532/926 2218/1554/938
f 137/1332/805 264/1555/939 258/1374/835
f 289/1523/921 291/1556/940 290/1524/922
f 2361/1530/851 2365/1539/930 2363/1462/886
f 909/1439/859 993/1513/905 2322/1527/924
f 2126/1444/877 2131/1535/928 2133/1557/941
f 2210/1496/907 2218/1554/938 2086/1558/942
f 2347/1196/715 2357/1326/799 2365/1539/930
f 2214/1532/926 2219/1559/943 2218/1554/938
f 2100/1549/925 2083/1548/934 2084/1560/944
f 2091/1491/903 2210/1496/907 2086/1558/942
f 2083/1548/934 2085/1561/945 2084/1560/944
f 2213/1526/923 2219/1559/943 2214/1532/926
f 2071/1455/881 2101/1475/895 2099/1522/920
f 2091/1491/903 2086/1558/942 2088/1562/946
f 2208/1461/885 2217/1551/936 2220/1563/947
f 2086/1564/942 2087/1565/948 2088/1566/946
f 2078/1510/912 2082/1538/929 2089/1567/949
f 2321/1568/861 2322/1569/924 2323/1570/950
f 2101/1571/895 2083/1548/934 2099/1547/920
f 2361/1530/851 2364/1470/892 2366/1572/951
f 2347/1196/715 2365/1539/930 2361/1530/851
f 258/1374/835 264/1555/939 263/1485/900
f 2100/1528/925 2084/1573/944 2090/1574/952
f 2101/1571/895 2091/1575/903 2088/1566/946
f 2086/1564/942 2221/1576/953 2087/1565/948
f 2206/1457/837 2321/1577/861 2216/1546/933
f 284/1377/838 287/1424/867 288/1483/899
f 2130/1533/927 2133/1557/941 2131/1535/928
f 2218/1554/938 2221/1578/953 2086/1558/942
f 2101/1571/895 2088/1566/946 2087/1565/948
f 2101/1571/895 2087/1565/948 2083/1548/934
f 2218/1554/938 2219/1559/943 2221/1578/953
f 2083/1548/934 2092/1579/954 2085/1561/945
f 288/1483/899 292/1580/955 289/1523/921
f 287/1424/867 292/1580/955 288/1483/899
f 2207/1458/883 2329/1581/956 2217/1551/936
f 2104/1541/898 2134/1582/957 2077/1508/909
f 773/1511/865 787/1583/937 786/1512/913
f 2208/1461/885 2222/1584/958 2215/1542/931
f 993/1513/905 994/1585/959 2322/1527/924
f 2078/1510/912 2107/1586/960 2079/1553/916
f 2157/1382/809 2201/1587/961 2198/1409/858
f 2129/1495/906 2077/1508/909 2130/1533/927
f 2100/1528/925 2090/1574/952 2082/1538/929
f 2126/1444/877 2135/1588/962 2127/1452/879
f 2207/1458/883 2216/1546/933 2329/1581/956
f 2130/1533/927 2136/1589/963 2133/1557/941
f 2082/1538/929 2090/1574/952 2089/1567/949
f 2217/1551/936 2329/1581/956 2220/1563/947
f 2083/1548/934 2087/1565/948 2221/1576/953
f 2208/1461/885 2220/1563/947 2222/1584/958
f 2213/1526/923 2223/1590/964 2219/1559/943
f 993/1591/905 785/1592/911 990/1593/965
f 2077/1508/909 2136/1589/963 2130/1533/927
f 2089/1567/949 2090/1574/952 2102/1594/966
f 2126/1444/877 2133/1557/941 2135/1588/962
f 518/1543/846 511/1595/880 492/1596/967
f 2219/1559/943 2223/1590/964 2221/1578/953
f 2157/1382/809 2132/1597/935 2201/1587/961
f 784/1487/902 788/1598/968 785/1507/911
f 2078/1510/912 2089/1567/949 2107/1586/960
f 2084/1560/944 2085/1561/945 2102/1599/966
f 2321/1568/861 2323/1570/950 2216/1600/933
f 2322/1569/924 994/1601/959 2324/1602/969
f 2077/1508/909 2134/1582/957 2136/1589/963
f 512/1603/904 290/1604/922 493/1605/970
f 2083/1548/934 2221/1576/953 2092/1579/954
f 2322/1569/924 2324/1602/969 2323/1570/950
f 2084/1573/944 2102/1594/966 2090/1574/952
f 2104/1541/898 2105/1606/971 2134/1582/957
f 775/1607/497 2259/1608/972 1366/1609/445
f 2216/1600/933 2323/1570/950 2325/1610/973
f 259/1389/844 265/1611/974 260/1402/852
f 517/1339/446 1366/1612/445 277/1340/975
f 993/1591/905 991/1613/976 994/1614/959
f 2127/1452/879 2135/1588/962 2137/1615/977
f 2213/1526/923 2215/1542/931 2223/1590/964
f 2204/1449/878 2215/1542/931 2213/1526/923
f 784/1487/902 786/1512/913 788/1598/968
f 259/1389/844 263/1485/900 265/1611/974
f 2104/1541/898 2138/1616/978 2105/1606/971
f 785/1507/911 789/1617/979 790/1618/980
f 993/1591/905 990/1593/965 991/1613/976
f 289/1523/921 292/1580/955 293/1619/981
f 518/1543/846 492/1596/967 490/1544/932
f 289/1523/921 293/1619/981 291/1556/940
f 785/1507/911 788/1598/968 791/1620/982
f 2323/1570/950 2326/1621/983 2325/1610/973
f 2085/1561/945 2093/1622/984 2102/1599/966
f 290/1524/922 291/1556/940 293/1619/981
f 2323/1570/950 2324/1602/969 2326/1621/983
f 2361/1530/851 2366/1572/951 2367/1623/985
f 2134/1582/957 2106/1624/986 2136/1589/963
f 2364/1470/892 2367/1623/985 2366/1572/951
f 2198/1409/858 2201/1587/961 2202/1625/987
f 2104/1626/898 2079/1627/916 2138/1628/978
f 2085/1561/945 2092/1579/954 2093/1622/984
f 290/1604/922 494/1629/988 493/1605/970
f 2220/1563/947 2329/1581/956 2332/1630/989
f 490/1544/932 492/1596/967 495/1631/990
f 2324/1602/969 2327/1632/991 2326/1621/983
f 2220/1563/947 2332/1630/989 2335/1633/992
f 2220/1563/947 2335/1633/992 2222/1584/958
f 2127/1452/879 2137/1615/977 2143/1634/993
f 2127/1452/879 2143/1634/993 2132/1550/935
f 2216/1600/933 2328/1635/994 2329/1636/956
f 2221/1576/953 2223/1637/964 2092/1579/954
f 511/1595/880 512/1603/904 493/1605/970
f 788/1598/968 792/1638/995 791/1620/982
f 2325/1610/973 2326/1621/983 2330/1639/996
f 2216/1600/933 2325/1610/973 2330/1639/996
f 2198/1409/858 2202/1625/987 2200/1429/871
f 511/1595/880 493/1605/970 492/1596/967
f 2089/1567/949 2102/1594/966 2103/1640/997
f 785/1592/911 790/1641/980 990/1593/965
f 290/1604/922 293/1642/981 494/1629/988
f 491/1545/888 490/1544/932 496/1643/998
f 785/1507/911 791/1620/982 789/1617/979
f 2189/1273/764 2200/1429/871 2232/1644/999
f 2133/1557/941 2115/1645/1000 2135/1588/962
f 2134/1582/957 2105/1606/971 2106/1624/986
f 293/1642/981 497/1646/1001 494/1629/988
f 137/1332/805 266/1647/1002 264/1555/939
f 2216/1600/933 2330/1639/996 2328/1635/994
f 2201/1587/961 2143/1648/993 2202/1625/987
f 2326/1621/983 2327/1632/991 2330/1639/996
f 2133/1557/941 2136/1589/963 2115/1645/1000
f 990/1593/965 992/1649/1003 991/1613/976
f 2132/1597/935 2143/1648/993 2201/1587/961
f 493/1605/970 494/1629/988 498/1650/1004
f 994/1651/959 991/1652/976 2331/1653/1005
f 2102/1599/966 2093/1622/984 2103/1654/997
f 2092/1579/954 2094/1655/1006 2093/1622/984
f 994/1601/959 2331/1656/1005 2324/1602/969
f 2093/1622/984 2094/1655/1006 2103/1654/997
f 2136/1589/963 2106/1624/986 2115/1645/1000
f 786/1512/913 793/1657/1007 788/1598/968
f 2364/1470/892 2368/1658/1008 2367/1623/985
f 263/1485/900 264/1555/939 267/1659/1009
f 2135/1588/962 2115/1645/1000 2137/1615/977
f 2329/1636/956 2328/1635/994 2332/1660/989
f 2324/1602/969 2331/1656/1005 2327/1632/991
f 2364/1470/892 2369/1661/1010 2368/1658/1008
f 2368/1658/1008 2370/1662/1011 2371/1663/1012
f 2327/1632/991 2333/1664/1013 2330/1639/996
f 991/1652/976 2260/1665/1014 2331/1653/1005
f 2368/1658/1008 2372/1666/1015 2370/1662/1011
f 287/1424/867 294/1667/1016 292/1580/955
f 2089/1567/949 2103/1640/997 2107/1586/960
f 786/1512/913 794/1668/1017 793/1657/1007
f 2370/1662/1011 2373/1669/1018 2371/1663/1012
f 2327/1632/991 2331/1656/1005 2333/1664/1013
f 2092/1579/954 2223/1637/964 2094/1655/1006
f 2367/1623/985 2371/1663/1012 2373/1669/1018
f 788/1598/968 793/1657/1007 792/1638/995
f 2105/1670/971 2138/1628/978 2106/1671/986
f 2200/1429/871 2202/1625/987 2203/1672/1019
f 2370/1662/1011 2374/1673/1020 2373/1669/1018
f 2367/1623/985 2368/1658/1008 2371/1663/1012
f 2137/1615/977 2115/1645/1000 2143/1634/993
f 287/1424/867 261/1674/873 294/1667/1016
f 2215/1542/931 2222/1584/958 2224/1675/1021
f 260/1402/852 268/1676/1022 261/1432/873
f 786/1512/913 787/1583/937 794/1668/1017
f 2200/1429/871 2203/1672/1019 2232/1644/999
f 2215/1542/931 2224/1675/1021 2225/1677/1023
f 791/1620/982 792/1638/995 795/1678/1024
f 292/1580/955 294/1667/1016 295/1679/1025
f 494/1629/988 497/1646/1001 498/1650/1004
f 2328/1635/994 2330/1639/996 2334/1680/1026
f 2370/1662/1011 2372/1666/1015 2374/1673/1020
f 2189/1273/764 2232/1644/999 2258/1681/918
f 990/1593/965 790/1641/980 992/1649/1003
f 2215/1542/931 2225/1677/1023 2223/1590/964
f 789/1617/979 791/1620/982 790/1618/980
f 2332/1660/989 2328/1635/994 2334/1680/1026
f 790/1618/980 791/1620/982 796/1682/1027
f 515/1318/793 491/1465/888 519/1683/1028
f 490/1544/932 495/1631/990 496/1643/998
f 292/1580/955 295/1679/1025 293/1619/981
f 991/1652/976 2261/1684/1029 2260/1665/1014
f 492/1596/967 493/1605/970 498/1650/1004
f 261/1432/873 268/1676/1022 294/1685/1016
f 293/1642/981 499/1686/1030 497/1646/1001
f 2368/1658/1008 2369/1661/1010 2372/1666/1015
f 497/1646/1001 499/1686/1030 498/1650/1004
f 293/1642/981 295/1687/1025 499/1686/1030
f 2257/1463/776 2258/1688/918 2429/1390/845
f 263/1485/900 267/1659/1009 265/1611/974
f 2222/1584/958 2335/1633/992 2338/1689/1031
f 515/1318/793 519/1683/1028 787/1690/937
f 790/1618/980 796/1682/1027 992/1691/1003
f 792/1638/995 793/1657/1007 797/1692/1032
f 2332/1660/989 2228/1693/1033 2335/1694/992
f 2223/1695/964 2225/1696/1023 2094/1697/1006
f 2332/1660/989 2334/1680/1026 2336/1698/1034
f 2079/1627/916 2107/1699/960 2108/1700/1035
f 791/1620/982 795/1678/1024 796/1682/1027
f 2107/1699/960 2103/1701/997 2094/1697/1006
f 991/1652/976 2262/1702/1036 2261/1684/1029
f 991/1613/976 992/1649/1003 2263/1703/1037
f 792/1638/995 798/1704/1038 795/1678/1024
f 2373/1669/1018 2374/1673/1020 2375/1705/1039
f 2330/1639/996 2333/1664/1013 2334/1680/1026
f 991/1652/976 2263/1706/1037 2262/1702/1036
f 2372/1666/1015 2376/1707/1040 2374/1673/1020
f 295/1687/1025 500/1708/1041 499/1686/1030
f 2364/1470/892 2377/1709/1042 2369/1661/1010
f 294/1667/1016 296/1710/1043 295/1679/1025
f 491/1465/888 496/1711/998 519/1683/1028
f 2202/1625/987 2143/1648/993 2203/1672/1019
f 137/1332/805 269/1712/1044 266/1647/1002
f 2079/1627/916 2108/1700/1035 2138/1628/978
f 2138/1628/978 2109/1713/1045 2106/1671/986
f 2107/1699/960 2094/1697/1006 2110/1714/1046
f 264/1555/939 266/1647/1002 270/1715/1047
f 264/1555/939 270/1715/1047 267/1659/1009
f 2369/1661/1010 2378/1716/1048 2372/1666/1015
f 792/1638/995 797/1692/1032 798/1704/1038
f 2260/1665/1014 2261/1684/1029 2337/1717/1049
f 2333/1664/1013 2336/1698/1034 2334/1680/1026
f 793/1657/1007 794/1668/1017 797/1692/1032
f 498/1650/1004 499/1686/1030 500/1708/1041
f 2222/1584/958 2338/1689/1031 2226/1718/1050
f 2374/1673/1020 2379/1719/1051 2375/1705/1039
f 2094/1697/1006 2111/1720/1052 2110/1714/1046
f 495/1631/990 501/1721/1053 496/1643/998
f 2110/1714/1046 2111/1720/1052 2112/1722/1054
f 2094/1697/1006 2225/1696/1023 2227/1723/1055
f 265/1611/974 267/1659/1009 271/1724/1056
f 2331/1656/1005 2260/1725/1014 2333/1664/1013
f 2262/1702/1036 2263/1706/1037 2264/1726/1057
f 2094/1697/1006 2227/1723/1055 2111/1720/1052
f 2111/1720/1052 2227/1723/1055 2112/1722/1054
f 2372/1666/1015 2378/1716/1048 2376/1707/1040
f 294/1685/1016 268/1676/1022 272/1727/1058
f 2224/1675/1021 2227/1728/1055 2225/1677/1023
f 2263/1706/1037 2265/1729/1059 2264/1726/1057
f 2335/1633/992 2228/1730/1033 2338/1689/1031
f 266/1647/1002 269/1712/1044 270/1715/1047
f 992/1649/1003 2265/1731/1059 2263/1703/1037
f 787/1690/937 520/1732/1060 794/1733/1017
f 498/1650/1004 500/1708/1041 502/1734/1061
f 260/1402/852 131/1735/1062 268/1676/1022
f 267/1659/1009 270/1715/1047 273/1736/1063
f 2374/1673/1020 2376/1707/1040 2379/1719/1051
f 2332/1660/989 2336/1698/1034 2228/1693/1033
f 2261/1684/1029 2262/1702/1036 2266/1737/1064
f 2333/1664/1013 2260/1725/1014 2337/1738/1049
f 2367/1623/985 2373/1669/1018 2428/1739/1065
f 795/1678/1024 799/1740/1066 796/1682/1027
f 2338/1741/1031 2228/1693/1033 2226/1742/1050
f 294/1685/1016 272/1727/1058 296/1743/1043
f 2373/1669/1018 2375/1705/1039 2428/1739/1065
f 787/1690/937 519/1683/1028 520/1732/1060
f 2369/1661/1010 2377/1709/1042 2378/1716/1048
f 2107/1699/960 2110/1714/1046 2108/1700/1035
f 2261/1684/1029 2266/1737/1064 2337/1717/1049
f 2138/1628/978 2108/1700/1035 2109/1713/1045
f 267/1659/1009 273/1736/1063 271/1724/1056
f 492/1596/967 501/1721/1053 495/1631/990
f 492/1596/967 498/1650/1004 502/1734/1061
f 2431/1469/891 2377/1709/1042 2364/1470/892
f 496/1643/998 213/1744/1067 519/1745/1028
f 260/1402/852 265/1611/974 131/1735/1062
f 295/1687/1025 503/1746/1068 500/1708/1041
f 2110/1714/1046 2112/1722/1054 2113/1747/1069
f 2222/1584/958 2226/1718/1050 2229/1748/1070
f 2222/1584/958 2229/1748/1070 2224/1675/1021
f 270/1715/1047 274/1749/1071 273/1736/1063
f 794/1668/1017 522/1750/1072 797/1692/1032
f 269/1712/1044 274/1749/1071 270/1715/1047
f 2112/1722/1054 2227/1723/1055 2113/1747/1069
f 496/1643/998 501/1721/1053 213/1744/1067
f 2262/1702/1036 2267/1751/1073 2266/1737/1064
f 2333/1664/1013 2337/1738/1049 2336/1698/1034
f 797/1692/1032 522/1750/1072 798/1704/1038
f 2376/1707/1040 2380/1752/1074 2379/1719/1051
f 992/1691/1003 796/1682/1027 800/1753/1075
f 2262/1702/1036 2264/1726/1057 2267/1751/1073
f 296/1754/1043 272/1755/1058 504/1756/1076
f 2376/1707/1040 2377/1709/1042 2380/1752/1074
f 2361/1530/851 2367/1623/985 2381/1757/1077
f 795/1678/1024 798/1704/1038 799/1740/1066
f 2143/1634/993 2115/1645/1000 2139/1758/1078
f 295/1687/1025 296/1754/1043 503/1746/1068
f 269/1712/1044 275/1759/1079 274/1749/1071
f 2376/1707/1040 2378/1716/1048 2377/1709/1042
f 2224/1675/1021 2114/1760/1080 2227/1728/1055
f 273/1736/1063 274/1749/1071 123/1761/1081
f 492/1596/967 502/1734/1061 501/1721/1053
f 2106/1671/986 2109/1713/1045 1920/1762/1082
f 274/1749/1071 275/1759/1079 121/1763/1083
f 271/1724/1056 273/1736/1063 123/1761/1081
f 2375/1705/1039 2379/1719/1051 2380/1752/1074
f 274/1749/1071 276/1764/1084 123/1761/1081
f 2228/1693/1033 2290/1765/1085 2226/1742/1050
f 775/1399/273 2361/1401/851 2259/1766/1086
f 2227/1723/1055 2114/1767/1080 2113/1747/1069
f 2106/1671/986 1920/1762/1082 2115/1768/1000
f 2264/1726/1057 2268/1769/1087 2267/1751/1073
f 2143/1648/993 2141/1770/1088 2203/1672/1019
f 275/1771/1079 120/1772/1089 121/1773/1083
f 274/1749/1071 121/1763/1083 276/1764/1084
f 2367/1623/985 2428/1739/1065 2381/1757/1077
f 2108/1700/1035 2110/1714/1046 2116/1774/1090
f 500/1708/1041 505/1775/1091 502/1734/1061
f 2115/1768/1000 1920/1762/1082 2139/1776/1078
f 2337/1717/1049 2266/1737/1064 2339/1777/1092
f 296/1754/1043 506/1778/1093 503/1746/1068
f 296/1754/1043 504/1756/1076 506/1778/1093
f 2228/1693/1033 2336/1698/1034 2292/1779/1094
f 2108/1700/1035 2117/1780/1095 2109/1713/1045
f 798/1704/1038 523/1781/1096 799/1740/1066
f 500/1708/1041 503/1746/1068 506/1778/1093
f 265/1611/974 271/1724/1056 131/1735/1062
f 2224/1675/1021 2230/1782/1097 2114/1760/1080
f 269/1783/1044 120/1772/1089 275/1771/1079
f 2336/1698/1034 2337/1738/1049 2339/1784/1092
f 796/1682/1027 799/1740/1066 800/1753/1075
f 2429/1390/845 2258/1688/918 2433/1785/1098
f 2264/1726/1057 2265/1729/1059 2269/1786/1099
f 271/1724/1056 123/1761/1081 124/1787/1100
f 2228/1693/1033 2292/1779/1094 2290/1765/1085
f 992/1649/1003 800/1788/1075 2265/1731/1059
f 502/1734/1061 505/1775/1091 501/1721/1053
f 121/1773/1083 122/1789/1101 276/1790/1084
f 123/1791/1081 276/1790/1084 122/1789/1101
f 2224/1675/1021 2229/1748/1070 2230/1782/1097
f 519/1683/1028 213/1792/1067 507/1793/1102
f 500/1708/1041 211/1794/1103 505/1775/1091
f 799/1740/1066 801/1795/1104 800/1753/1075
f 798/1704/1038 522/1750/1072 523/1781/1096
f 2110/1714/1046 2113/1747/1069 2116/1774/1090
f 794/1733/1017 521/1796/1105 522/1797/1072
f 2143/1798/993 2140/1799/1106 2141/1800/1088
f 2264/1726/1057 2270/1801/1107 2268/1769/1087
f 2226/1802/1050 2290/1803/1085 2291/1804/1108
f 2264/1726/1057 2269/1786/1099 2270/1801/1107
f 794/1733/1017 520/1732/1060 521/1796/1105
f 799/1740/1066 523/1781/1096 801/1795/1104
f 2108/1700/1035 2116/1774/1090 2117/1780/1095
f 271/1805/1056 124/1806/1100 125/1807/1109
f 2226/1718/1050 2295/1808/1110 2229/1748/1070
f 2377/1809/1042 2428/1810/1065 2380/1811/1074
f 500/1708/1041 141/1812/1111 211/1794/1103
f 123/1791/1081 122/1789/1101 124/1806/1100
f 500/1708/1041 506/1778/1093 141/1812/1111
f 2336/1698/1034 2340/1813/1112 2341/1814/1113
f 2266/1737/1064 2271/1815/1114 2339/1777/1092
f 2375/1816/1039 2380/1811/1074 2428/1810/1065
f 124/1806/1100 122/1789/1101 126/1817/1115
f 2290/1803/1085 2292/1818/1094 2291/1804/1108
f 2258/1819/1116 2232/1820/1116 2433/1821/1116
f 213/1822/1117 530/1823/1117 507/1824/1117
f 2266/1737/1064 2267/1751/1073 2272/1825/1118
f 121/1773/1083 120/1772/1089 127/1826/1119
f 2109/1713/1045 2117/1780/1095 1920/1762/1082
f 522/1797/1072 521/1796/1105 523/1827/1096
f 269/1783/1044 127/1826/1119 120/1772/1089
f 2336/1828/1034 2341/1829/1113 2293/1830/1120
f 2429/1831/845 2430/1832/1121 2431/1833/891
f 2336/1828/1034 2293/1830/1120 2292/1818/1094
f 2266/1737/1064 2272/1825/1118 2271/1815/1114
f 122/1789/1101 128/1834/1122 126/1817/1115
f 504/1756/1076 508/1835/1123 506/1778/1093
f 2336/1698/1034 2339/1784/1092 2342/1836/1124
f 124/1806/1100 126/1817/1115 125/1807/1109
f 506/1778/1093 509/1837/1125 141/1812/1111
f 2267/1751/1073 2268/1769/1087 2272/1825/1118
f 2292/1818/1094 2294/1838/1126 2291/1804/1108
f 2232/1644/999 2203/1672/1019 2141/1770/1088
f 2139/1776/1078 1920/1762/1082 2118/1839/1127
f 2336/1698/1034 2342/1836/1124 2340/1813/1112
f 501/1721/1053 505/1775/1091 213/1744/1067
f 268/1676/1022 131/1735/1062 272/1727/1058
f 2292/1818/1094 2293/1830/1120 2294/1838/1126
f 2113/1747/1069 2119/1840/1128 2116/1774/1090
f 2229/1748/1070 2305/1841/1129 2230/1782/1097
f 1920/1762/1082 2117/1780/1095 1921/1842/1130
f 2116/1774/1090 2120/1843/1131 2117/1780/1095
f 2226/1802/1050 2291/1804/1108 2294/1838/1126
f 271/1805/1056 125/1807/1109 129/1844/1132
f 137/1332/805 91/1845/1133 269/1712/1044
f 2265/1846/1059 800/1753/1075 2273/1847/1134
f 506/1778/1093 508/1835/1123 509/1837/1125
f 126/1817/1115 128/1834/1122 130/1848/1135
f 2339/1777/1092 2271/1815/1114 2272/1825/1118
f 272/1755/1058 508/1835/1123 504/1756/1076
f 271/1805/1056 129/1844/1132 131/1849/1062
f 2143/1634/993 2139/1758/1078 2118/1850/1127
f 125/1807/1109 126/1817/1115 130/1848/1135
f 2113/1747/1069 2114/1767/1080 2231/1851/1136
f 2117/1780/1095 2120/1843/1131 1921/1842/1130
f 2229/1748/1070 2295/1808/1110 2305/1841/1129
f 121/1773/1083 127/1826/1119 122/1789/1101
f 131/1849/1062 129/1844/1132 132/1852/1137
f 125/1807/1109 133/1853/1138 129/1844/1132
f 505/1775/1091 211/1794/1103 215/1854/1139
f 122/1789/1101 134/1855/1140 128/1834/1122
f 128/1834/1122 135/1856/1141 130/1848/1135
f 211/1857/1103 141/1858/1111 212/1859/1142
f 2226/1802/1050 2294/1838/1126 2295/1860/1110
f 2265/1729/1059 2273/1861/1134 2269/1786/1099
f 211/1794/1103 510/1862/1143 215/1854/1139
f 523/1781/1096 2273/1847/1134 801/1795/1104
f 519/1683/1028 507/1793/1102 524/1863/1144
f 519/1683/1028 525/1864/1145 520/1732/1060
f 519/1683/1028 524/1863/1144 525/1864/1145
f 125/1807/1109 135/1856/1141 133/1853/1138
f 2431/1833/891 2432/1865/1146 2377/1866/1042
f 2116/1774/1090 1921/1842/1130 2120/1843/1131
f 269/1783/1044 91/1867/1133 127/1826/1119
f 2116/1774/1090 2119/1840/1128 2121/1868/1147
f 129/1844/1132 133/1853/1138 132/1852/1137
f 131/1849/1062 132/1852/1137 136/1869/1148
f 277/1870/622 91/1871/1133 137/1872/805
f 272/1873/1058 138/1874/1149 181/1875/1150
f 2377/1809/1042 2432/1876/1146 2428/1810/1065
f 2269/1786/1099 2273/1861/1134 2274/1877/1151
f 2114/1760/1080 2230/1782/1097 2231/1878/1136
f 508/1879/1123 139/1880/1152 509/1881/1125
f 2269/1786/1099 2275/1882/1153 2270/1801/1107
f 125/1807/1109 130/1848/1135 135/1856/1141
f 2268/1769/1087 2270/1801/1107 2276/1883/1154
f 128/1834/1122 134/1855/1140 135/1856/1141
f 132/1852/1137 133/1853/1138 140/1884/1155
f 141/1885/1111 509/1881/1125 174/1886/1156
f 213/1887/1067 214/1888/1157 530/1889/1158
f 272/1873/1058 181/1875/1150 508/1890/1123
f 800/1753/1075 801/1795/1104 2273/1847/1134
f 2339/1777/1092 2277/1891/1159 2342/1892/1124
f 520/1732/1060 525/1864/1145 521/1796/1105
f 213/1744/1067 505/1775/1091 215/1854/1139
f 133/1853/1138 135/1856/1141 140/1884/1155
f 2269/1786/1099 2274/1877/1151 2275/1882/1153
f 2113/1747/1069 2231/1851/1136 2119/1840/1128
f 2116/1774/1090 2121/1868/1147 2122/1893/1160
f 2116/1774/1090 2122/1893/1160 1921/1842/1130
f 2429/1831/845 2433/1894/1098 2430/1832/1121
f 2268/1769/1087 2276/1883/1154 2272/1825/1118
f 141/1885/1111 174/1886/1156 212/1895/1142
f 272/1873/1058 131/1849/1062 138/1874/1149
f 132/1852/1137 140/1884/1155 136/1869/1148
f 523/1827/1096 521/1796/1105 526/1896/1161
f 521/1796/1105 527/1897/1162 526/1896/1161
f 2361/1898/851 2381/1899/1077 2259/1900/1086
f 2341/1829/1113 2296/1901/1163 2293/1830/1120
f 523/1827/1096 526/1896/1161 2273/1902/1134
f 2428/1903/1065 2458/1904/1164 2381/1905/1077
f 215/1906/1139 510/1907/1143 216/1908/1165
f 509/1881/1125 139/1880/1152 174/1886/1156
f 2293/1830/1120 2297/1909/1166 2294/1838/1126
f 2295/1860/1110 2294/1838/1126 2297/1909/1166
f 122/1789/1101 93/1910/1167 134/1855/1140
f 136/1869/1148 140/1884/1155 142/1911/1168
f 2119/1840/1128 2231/1851/1136 2121/1868/1147
f 211/1857/1103 212/1859/1142 510/1907/1143
f 131/1849/1062 136/1869/1148 143/1912/1169
f 127/1826/1119 91/1867/1133 144/1913/1170
f 139/1880/1152 176/1914/1171 174/1886/1156
f 131/1849/1062 143/1912/1169 138/1874/1149
f 2381/1905/1077 2434/1915/1172 2460/1916/1173
f 2428/1810/1065 2432/1876/1146 2435/1917/1174
f 521/1796/1105 525/1864/1145 527/1897/1162
f 2232/1644/999 2141/1770/1088 1985/1918/1175
f 136/1869/1148 142/1911/1168 145/1919/1176
f 2231/1851/1136 2123/1920/1177 2121/1868/1147
f 2431/1833/891 2430/1832/1121 2432/1865/1146
f 174/1886/1156 176/1914/1171 178/1921/1178
f 134/1855/1140 140/1884/1155 135/1856/1141
f 2428/1810/1065 2435/1917/1174 2458/1922/1164
f 2143/1798/993 2142/1923/1179 2140/1799/1106
f 2121/1868/1147 2123/1920/1177 2122/1893/1160
f 526/1896/1161 527/1897/1162 528/1924/1180
f 136/1869/1148 145/1919/1176 143/1912/1169
f 507/1793/1102 529/1925/1181 524/1863/1144
f 2272/1825/1118 2276/1883/1154 2278/1926/1182
f 2230/1782/1097 1942/1927/1183 2231/1878/1136
f 2340/1928/1112 2296/1901/1163 2341/1829/1113
f 2339/1777/1092 2272/1825/1118 2278/1926/1182
f 508/1879/1123 181/1929/1150 139/1880/1152
f 138/1874/1149 143/1912/1169 181/1875/1150
f 524/1863/1144 528/1924/1180 525/1864/1145
f 2270/1801/1107 2275/1882/1153 2276/1883/1154
f 134/1855/1140 142/1911/1168 140/1884/1155
f 2340/1928/1112 2342/1930/1124 2298/1931/1184
f 2433/1894/1098 2436/1932/1185 2430/1832/1121
f 2381/1905/1077 2458/1904/1164 2434/1915/1172
f 142/1911/1168 146/1933/1186 145/1919/1176
f 2339/1777/1092 2278/1926/1182 2277/1891/1159
f 212/1859/1142 147/1934/1187 510/1907/1143
f 212/1895/1142 174/1886/1156 147/1935/1187
f 2232/1936/999 2447/1937/1188 2433/1938/1098
f 213/1887/1067 215/1906/1139 217/1939/1189
f 213/1887/1067 218/1940/1190 214/1888/1157
f 2143/1941/1191 2118/1942/1191 2142/1943/1191
f 2342/1930/1124 2283/1944/1192 2298/1931/1184
f 122/1789/1101 127/1826/1119 93/1910/1167
f 2458/1904/1164 2437/1945/1193 2434/1915/1172
f 181/1929/1150 179/1946/1194 139/1880/1152
f 507/1793/1102 530/1947/1158 529/1925/1181
f 524/1863/1144 221/1948/1195 528/1924/1180
f 525/1864/1145 528/1924/1180 527/1897/1162
f 2434/1915/1172 2438/1949/1196 2460/1916/1173
f 139/1880/1152 179/1946/1194 176/1914/1171
f 213/1887/1067 217/1939/1189 218/1940/1190
f 143/1912/1169 145/1919/1176 146/1933/1186
f 510/1907/1143 147/1934/1187 185/1950/1197
f 215/1906/1139 216/1908/1165 217/1939/1189
f 2458/1904/1164 2435/1951/1174 2437/1945/1193
f 2273/1861/1134 2279/1952/1198 2274/1877/1151
f 2231/1851/1136 1940/1953/1199 2123/1920/1177
f 524/1863/1144 529/1925/1181 221/1948/1195
f 181/1875/1150 143/1912/1169 146/1933/1186
f 1921/1842/1130 2122/1893/1160 2124/1954/1200
f 2122/1893/1160 2123/1920/1177 1941/1955/1201
f 134/1855/1140 146/1933/1186 142/1911/1168
f 2123/1920/1177 1940/1953/1199 1941/1955/1201
f 510/1907/1143 185/1950/1197 216/1908/1165
f 2434/1915/1172 2439/1956/1202 2438/1949/1196
f 174/1957/1156 175/1958/1203 147/1959/1187
f 1920/1960/1082 1921/1961/1130 1904/1962/1204
f 127/1826/1119 144/1913/1170 93/1910/1167
f 2141/1963/1088 2140/1964/1106 1985/1965/1175
f 2295/1860/1110 2297/1909/1166 2299/1966/1205
f 2434/1915/1172 2437/1945/1193 2439/1956/1202
f 2273/1902/1134 526/1896/1161 2281/1967/1206
f 526/1896/1161 528/1924/1180 531/1968/1207
f 2460/1916/1173 2438/1949/1196 2440/1969/1208
f 2340/1928/1112 2298/1931/1184 2300/1970/1209
f 2435/1951/1174 2459/1971/1210 2437/1945/1193
f 176/1972/1171 177/1973/1211 178/1974/1178
f 2295/1808/1110 2299/1975/1205 2305/1841/1129
f 2432/1876/1146 2459/1976/1210 2435/1917/1174
f 2298/1931/1184 2283/1944/1192 2300/1970/1209
f 2340/1928/1112 2300/1970/1209 2301/1977/1212
f 2297/1909/1166 2302/1978/1213 2299/1966/1205
f 2231/1851/1136 1923/1979/1214 1940/1953/1199
f 176/1972/1171 179/1980/1194 180/1981/1215
f 2340/1928/1112 2301/1977/1212 2296/1901/1163
f 2293/1830/1120 2302/1978/1213 2297/1909/1166
f 2274/1877/1151 2280/1982/1216 2275/1882/1153
f 526/1896/1161 531/1968/1207 2281/1967/1206
f 2231/1851/1136 1942/1983/1183 1923/1979/1214
f 2273/1861/1134 2281/1984/1206 2279/1952/1198
f 528/1924/1180 227/1985/1217 531/1968/1207
f 2381/1899/1077 2460/1986/1173 2440/1987/1208
f 2122/1988/1160 1941/1989/1201 2124/1990/1200
f 530/1889/1158 214/1888/1157 219/1991/1218
f 2438/1949/1196 2439/1956/1202 2441/1992/1219
f 2342/1892/1124 2282/1993/1220 2283/1994/1192
f 2430/1832/1121 2415/1995/1221 2432/1865/1146
f 134/1855/1140 96/1996/1222 146/1933/1186
f 2437/1945/1193 2459/1971/1210 2442/1997/1223
f 2274/1877/1151 2279/1952/1198 1353/1998/1224
f 2438/1949/1196 2441/1992/1219 2440/1969/1208
f 529/1999/1181 220/2000/1225 221/2001/1195
f 2437/1945/1193 2442/1997/1223 2439/1956/1202
f 216/1908/1165 185/1950/1197 217/1939/1189
f 2230/1782/1097 2305/1841/1129 2233/2002/1226
f 2293/1830/1120 2303/2003/1227 2302/1978/1213
f 2432/1876/1146 2461/2004/1228 2459/1976/1210
f 134/1855/1140 93/1910/1167 148/2005/1229
f 1940/2006/1230 1923/2007/1230 1941/2008/1230
f 181/2009/1150 180/1981/1215 179/1980/1194
f 2283/1944/1192 2304/2010/1231 2300/1970/1209
f 1921/1961/1130 1922/2011/1232 1904/1962/1204
f 2281/1967/1206 531/1968/1207 228/2012/1233
f 134/1855/1140 148/2005/1229 149/2013/1234
f 530/1889/1158 219/1991/1218 222/2014/1235
f 528/2015/1180 221/2001/1195 223/2016/1236
f 221/2001/1195 220/2000/1225 223/2016/1236
f 134/1855/1140 149/2013/1234 96/1996/1222
f 2342/1892/1124 2277/1891/1159 2284/2017/1237
f 2274/1877/1151 1353/1998/1224 2280/1982/1216
f 2342/1892/1124 2284/2017/1237 2282/1993/1220
f 2230/1782/1097 2234/2018/1238 1942/1927/1183
f 2459/1971/1210 2462/2019/1239 2442/1997/1223
f 174/1886/1156 178/1921/1178 175/2020/1203
f 2275/1882/1153 2280/1982/1216 2285/2021/1240
f 2430/1832/1121 2436/1932/1185 2409/2022/1241
f 1920/1960/1082 1904/1962/1204 2118/2023/1127
f 2230/1782/1097 2233/2002/1226 2234/2018/1238
f 2275/1882/1153 2285/2021/1240 2276/1883/1154
f 2305/1841/1129 2310/2024/1242 2233/2002/1226
f 146/1933/1186 96/1996/1222 151/2025/1243
f 2459/1971/1210 2461/2026/1228 2462/2019/1239
f 2305/2027/1129 2299/1966/1205 2306/2028/1244
f 217/1939/1189 185/1950/1197 224/2029/1245
f 2279/1952/1198 2281/1984/1206 1353/1998/1224
f 178/1974/1178 177/1973/1211 175/1958/1203
f 214/1888/1157 218/1940/1190 219/1991/1218
f 148/2030/1229 90/2031/1246 149/2032/1234
f 2299/1966/1205 2302/1978/1213 2303/2003/1227
f 91/1867/1133 93/1910/1167 144/1913/1170
f 2440/1969/1208 2441/1992/1219 2443/2033/1247
f 2439/1956/1202 2443/2033/1247 2441/1992/1219
f 530/1889/1158 222/2014/1235 529/1999/1181
f 2305/1841/1129 2235/2034/1248 2310/2024/1242
f 2283/1994/1192 2282/1993/1220 2308/2035/1249
f 2439/1956/1202 2442/1997/1223 2444/2036/1250
f 2277/1891/1159 2278/1926/1182 2284/2017/1237
f 2293/1830/1120 2307/2037/1251 2303/2003/1227
f 2299/1966/1205 2303/2003/1227 2306/2028/1244
f 2305/2027/1129 2306/2028/1244 2235/2038/1248
f 147/1959/1187 175/1958/1203 182/2039/1252
f 531/1968/1207 532/2040/1253 228/2012/1233
f 2430/1832/1121 2409/2022/1241 2415/1995/1221
f 529/1999/1181 225/2041/1254 220/2000/1225
f 1941/1989/1201 1923/2042/1214 1924/2043/1255
f 181/1875/1150 146/1933/1186 151/2025/1243
f 2283/1944/1192 2308/2044/1249 2304/2010/1231
f 528/2015/1180 223/2016/1236 226/2045/1256
f 2440/1969/1208 2443/2033/1247 2421/2046/1257
f 2124/1990/1200 1941/1989/1201 1924/2043/1255
f 1942/2047/1183 1943/2048/1258 1929/2049/1259
f 2461/2050/1228 2445/2051/1260 2462/2052/1239
f 2442/1997/1223 2462/2019/1239 2446/2053/1261
f 175/1958/1203 177/1973/1211 183/2054/1262
f 91/2055/1133 92/2056/1263 93/2057/1167
f 531/1968/1207 227/1985/1217 532/2040/1253
f 93/2057/1167 92/2056/1263 94/2058/1264
f 2296/1901/1163 2301/1977/1212 2309/2059/1265
f 2303/2003/1227 2235/2038/1248 2306/2028/1244
f 528/2015/1180 226/2045/1256 227/2060/1217
f 1942/1927/1183 2234/2018/1238 1943/2061/1258
f 93/2062/1167 94/2063/1264 95/2064/1266
f 2233/2002/1226 2310/2024/1242 2311/2065/1267
f 93/2062/1167 95/2064/1266 148/2030/1229
f 1923/2042/1214 1925/2066/1268 1924/2043/1255
f 2233/2002/1226 2318/2067/1269 2234/2018/1238
f 2310/2068/1242 2235/2038/1248 2311/2069/1267
f 2293/1830/1120 2296/1901/1163 2312/2070/1270
f 2433/1894/1098 2447/2071/1188 2436/1932/1185
f 2276/1883/1154 2285/2021/1240 1357/2072/1271
f 277/1870/622 188/2073/1272 91/1871/1133
f 2281/2074/1206 228/2075/1233 1353/2076/1224
f 2439/1956/1202 2448/2077/1273 2443/2033/1247
f 2282/1993/1220 2286/2078/1274 2308/2035/1249
f 148/2030/1229 95/2064/1266 90/2031/1246
f 2442/1997/1223 2446/2053/1261 2444/2036/1250
f 2444/2036/1250 2446/2053/1261 2449/2079/1275
f 2304/2010/1231 2308/2044/1249 2313/2080/1276
f 181/2009/1150 151/2081/1243 180/1981/1215
f 2381/1899/1077 2440/1987/1208 2450/2082/1277
f 228/2083/1233 532/2084/1253 229/2085/1278
f 2232/1936/999 1955/2086/1279 2447/1937/1188
f 2439/1956/1202 2444/2036/1250 2448/2077/1273
f 147/1959/1187 184/2087/1280 185/2088/1197
f 2296/1901/1163 2309/2059/1265 2312/2070/1270
f 2280/1982/1216 2287/2089/1281 2285/2021/1240
f 176/1972/1171 180/1981/1215 177/1973/1211
f 2293/1830/1120 2312/2070/1270 2307/2037/1251
f 147/1959/1187 182/2039/1252 184/2087/1280
f 2444/2036/1250 2449/2079/1275 2448/2077/1273
f 227/2060/1217 229/2085/1278 532/2084/1253
f 2461/2050/1228 2450/2082/1277 2445/2051/1260
f 96/2090/1222 149/2032/1234 97/2091/1282
f 2233/2002/1226 2311/2065/1267 2318/2067/1269
f 2276/1883/1154 1357/2072/1271 2278/1926/1182
f 2300/1970/1209 2304/2010/1231 2313/2080/1276
f 175/1958/1203 183/2054/1262 182/2039/1252
f 94/2063/1264 117/2092/1283 95/2064/1266
f 2234/2018/1238 2318/2067/1269 1943/2061/1258
f 1924/2043/1255 1925/2066/1268 1926/2093/1284
f 228/2075/1233 229/2094/1278 1354/2095/1285
f 1921/1961/1130 2124/1990/1200 1922/2011/1232
f 2381/1899/1077 2450/2082/1277 2461/2050/1228
f 2118/2096/1286 1904/2097/1286 2142/2098/1286
f 1353/2076/1224 228/2075/1233 1354/2095/1285
f 2303/2003/1227 2314/2099/1287 2235/2038/1248
f 529/1999/1181 222/2014/1235 225/2041/1254
f 2280/1982/1216 1353/1998/1224 2287/2089/1281
f 217/1939/1189 224/2029/1245 218/1940/1190
f 2124/1990/1200 1924/2043/1255 1926/2093/1284
f 1942/2047/1183 1929/2049/1259 1923/2100/1214
f 2140/1964/1106 2142/2101/1179 1985/1965/1175
f 2462/2102/1239 2445/2103/1260 2451/2104/1288
f 91/2055/1133 98/2105/1289 92/2056/1263
f 2443/2033/1247 2452/2106/1290 2421/2046/1257
f 2235/2038/1248 2314/2099/1287 2311/2069/1267
f 218/1940/1190 230/2107/1291 219/1991/1218
f 90/2031/1246 95/2064/1266 117/2092/1283
f 96/1996/1222 150/2108/1292 151/2025/1243
f 2303/2003/1227 2307/2037/1251 2315/2109/1293
f 2462/2019/1239 2451/2110/1288 2446/2053/1261
f 2448/2077/1273 2449/2079/1275 2453/2111/1294
f 2282/1993/1220 2284/2017/1237 2286/2078/1274
f 227/2060/1217 226/2045/1256 231/2112/1295
f 220/2000/1225 225/2041/1254 223/2016/1236
f 2461/2004/1228 2451/2104/1288 2414/2113/1296
f 2381/1899/1077 2461/2050/1228 2414/2114/1296
f 2445/2103/1260 2450/2115/1277 2414/2113/1296
f 91/2055/1133 188/2116/1272 98/2105/1289
f 177/1973/1211 186/2117/1297 183/2054/1262
f 182/2039/1252 183/2054/1262 187/2118/1298
f 177/1973/1211 180/1981/1215 186/2117/1297
f 2443/2033/1247 2448/2077/1273 2454/2119/1299
f 2308/2035/1249 2286/2078/1274 2313/2120/1276
f 227/2060/1217 231/2112/1295 229/2085/1278
f 1943/2048/1258 2318/2121/1269 1944/2122/1300
f 2318/2123/1269 2317/2124/1301 1944/2125/1300
f 2445/2103/1260 2414/2113/1296 2451/2104/1288
f 2301/1977/1212 2316/2126/1302 1986/2127/1303
f 2443/2033/1247 2454/2119/1299 2452/2106/1290
f 2303/2003/1227 2315/2109/1293 2314/2099/1287
f 1904/1962/1204 1922/2011/1232 1927/2128/1304
f 183/2054/1262 186/2117/1297 187/2118/1298
f 223/2016/1236 225/2041/1254 226/2045/1256
f 182/2039/1252 187/2118/1298 184/2087/1280
f 185/2088/1197 184/2087/1280 232/2129/1305
f 2278/1926/1182 2288/2130/1306 2284/2017/1237
f 1943/2048/1258 1944/2122/1300 1929/2049/1259
f 2311/2069/1267 2314/2099/1287 2315/2109/1293
f 2421/2046/1257 2452/2106/1290 2454/2119/1299
f 2259/1900/1086 2381/1899/1077 2414/2114/1296
f 2440/2131/1208 2414/2113/1296 2450/2115/1277
f 277/2132/622 114/2133/1307 188/2134/1272
f 2300/1970/1209 2316/2126/1302 2301/1977/1212
f 185/1950/1197 232/2135/1305 224/2029/1245
f 90/2031/1246 117/2092/1283 99/2136/1308
f 1353/2076/1224 1355/2137/1309 2287/2138/1281
f 2446/2053/1261 2451/2110/1288 2455/2139/1310
f 117/2092/1283 100/2140/1311 99/2136/1308
f 2311/2069/1267 2317/2141/1301 2318/2142/1269
f 186/2117/1297 189/2143/1312 187/2118/1298
f 180/1981/1215 190/2144/1313 186/2117/1297
f 1353/2076/1224 1354/2095/1285 1355/2137/1309
f 1923/2100/1214 1929/2049/1259 1925/2145/1268
f 184/2087/1280 187/2118/1298 189/2143/1312
f 226/2045/1256 233/2146/1314 231/2112/1295
f 229/2085/1278 231/2112/1295 234/2147/1315
f 2432/1876/1146 2451/2104/1288 2461/2004/1228
f 2449/2079/1275 2419/2148/1316 2453/2111/1294
f 149/2032/1234 90/2031/1246 97/2091/1282
f 186/2117/1297 191/2149/1317 189/2143/1312
f 2448/2077/1273 2453/2111/1294 2456/2150/1318
f 2284/2017/1237 2288/2130/1306 2286/2078/1274
f 2307/2037/1251 2312/2070/1270 2317/2141/1301
f 2232/2151/999 1985/2152/1175 1954/2153/1319
f 2300/1970/1209 2313/2080/1276 2319/2154/1320
f 1985/2155/1175 2142/2156/1179 1956/2157/1321
f 94/2058/1264 101/2158/1322 117/2159/1283
f 2285/2021/1240 2287/2089/1281 1357/2072/1271
f 1944/2125/1300 2317/2124/1301 1945/2160/1323
f 186/2117/1297 190/2144/1313 191/2149/1317
f 229/2094/1278 234/2161/1315 1354/2095/1285
f 2448/2077/1273 2456/2150/1318 2454/2119/1299
f 92/2056/1263 98/2105/1289 94/2058/1264
f 1944/2125/1300 1945/2160/1323 1952/2162/1324
f 2451/2163/1288 2427/2164/1325 2455/2165/1310
f 2421/2046/1257 2454/2119/1299 2413/2166/1326
f 2301/1977/1212 1986/2127/1303 2309/2059/1265
f 2309/2059/1265 2317/2141/1301 2312/2070/1270
f 2311/2069/1267 2315/2109/1293 2317/2141/1301
f 2446/2053/1261 2455/2139/1310 2449/2079/1275
f 2278/1926/1182 1357/2072/1271 2288/2130/1306
f 2307/2037/1251 2317/2141/1301 2315/2109/1293
f 2124/1990/1200 1926/2093/1284 1928/2167/1327
f 219/1991/1218 235/2168/1328 222/2014/1235
f 1925/2066/1268 1928/2167/1327 1926/2093/1284
f 2142/2156/1179 1904/2169/1204 1931/2170/1329
f 151/2171/1243 150/2172/1292 152/2173/1330
f 2432/1876/1146 2427/2174/1325 2451/2104/1288
f 90/2031/1246 99/2136/1308 97/2091/1282
f 94/2058/1264 102/2175/1331 101/2158/1322
f 1929/2176/1259 1930/2177/1332 1925/2066/1268
f 96/2090/1222 97/2091/1282 150/2178/1292
f 117/2159/1283 101/2158/1322 118/2179/1333
f 117/2092/1283 118/2180/1333 100/2140/1311
f 222/2014/1235 235/2168/1328 225/2041/1254
f 2454/2119/1299 2456/2150/1318 2457/2181/1334
f 94/2058/1264 98/2105/1289 102/2175/1331
f 218/1940/1190 224/2029/1245 236/2182/1335
f 231/2112/1295 233/2146/1314 234/2147/1315
f 1354/2095/1285 1356/2183/1336 1355/2137/1309
f 2142/2156/1179 1931/2170/1329 1905/2184/1337
f 1357/2185/1271 2287/2138/1281 1355/2137/1309
f 1904/1962/1204 1927/2128/1304 1931/2186/1329
f 2124/1990/1200 1928/2167/1327 1922/2011/1232
f 2449/2079/1275 2455/2139/1310 2419/2148/1316
f 184/2087/1280 189/2143/1312 192/2187/1338
f 1922/2011/1232 1928/2167/1327 1925/2066/1268
f 189/2143/1312 191/2149/1317 193/2188/1339
f 1929/2049/1259 1944/2122/1300 1930/2189/1332
f 97/2091/1282 99/2136/1308 103/2190/1340
f 2309/2059/1265 1947/2191/1341 2317/2141/1301
f 225/2041/1254 235/2168/1328 237/2192/1342
f 184/2087/1280 192/2187/1338 232/2129/1305
f 2142/2156/1179 1905/2184/1337 1956/2157/1321
f 2454/2193/1299 2457/2194/1334 2413/2195/1326
f 2232/2151/999 1954/2153/1319 1955/2196/1279
f 2317/2124/1301 1946/2197/1343 1945/2160/1323
f 225/2041/1254 237/2192/1342 226/2045/1256
f 191/2149/1317 194/2198/1344 193/2188/1339
f 2440/2199/1208 2391/2200/1345 2414/2201/1296
f 180/1981/1215 151/2081/1243 195/2202/1346
f 2453/2111/1294 2419/2148/1316 2456/2150/1318
f 2436/2203/1185 2447/2204/1188 1955/2205/1279
f 2300/1970/1209 2319/2154/1320 2316/2126/1302
f 190/2144/1313 194/2198/1344 191/2149/1317
f 2432/2206/1146 2415/2207/1221 2410/2208/1347
f 101/2158/1322 102/2175/1331 104/2209/1348
f 2309/2059/1265 1986/2127/1303 1947/2191/1341
f 2456/2210/1318 2416/2211/1349 2457/2194/1334
f 2413/2195/1326 2457/2194/1334 2416/2211/1349
f 189/2143/1312 193/2188/1339 192/2187/1338
f 219/1991/1218 230/2107/1291 235/2168/1328
f 193/2188/1339 194/2198/1344 196/2212/1350
f 1922/2011/1232 1925/2066/1268 1930/2177/1332
f 218/1940/1190 236/2182/1335 230/2107/1291
f 2286/2078/1274 2319/2213/1320 2313/2120/1276
f 99/2136/1308 100/2140/1311 103/2190/1340
f 2455/2165/1310 2427/2164/1325 2417/2214/1351
f 1354/2095/1285 234/2161/1315 1358/2215/1352
f 1354/2095/1285 1358/2215/1352 1356/2183/1336
f 2440/1969/1208 2421/2046/1257 2391/2216/1345
f 150/2172/1292 50/2217/1353 152/2173/1330
f 194/2198/1344 197/2218/1354 196/2212/1350
f 1357/2072/1271 1363/2219/1355 2288/2130/1306
f 190/2144/1313 198/2220/1356 194/2198/1344
f 2456/2210/1318 2418/2221/1357 2416/2211/1349
f 2432/2206/1146 2410/2208/1347 2427/2222/1325
f 226/2045/1256 237/2192/1342 238/2223/1358
f 101/2158/1322 104/2209/1348 118/2179/1333
f 232/2129/1305 192/2187/1338 199/2224/1359
f 2419/2225/1316 2418/2221/1357 2456/2210/1318
f 180/1981/1215 198/2220/1356 190/2144/1313
f 180/1981/1215 195/2202/1346 198/2220/1356
f 2455/2165/1310 2420/2226/1360 2419/2225/1316
f 100/2140/1311 105/2227/1361 103/2190/1340
f 1944/2122/1300 1952/2228/1324 1930/2189/1332
f 1355/2137/1309 1356/2183/1336 1358/2215/1352
f 192/2187/1338 193/2188/1339 199/2224/1359
f 226/2045/1256 238/2223/1358 233/2146/1314
f 2421/2229/1257 2413/2195/1326 2391/2230/1345
f 97/2091/1282 50/2231/1353 150/2178/1292
f 194/2198/1344 198/2220/1356 197/2218/1354
f 118/2179/1333 104/2209/1348 106/2232/1362
f 151/2081/1243 154/2233/1363 195/2202/1346
f 233/2146/1314 1359/2234/1364 234/2147/1315
f 100/2140/1311 118/2180/1333 107/2235/1365
f 2259/2236/1086 2414/2201/1296 2391/2200/1345
f 1985/2152/1175 1956/2237/1321 1957/2238/1366
f 2413/2195/1326 2416/2211/1349 2422/2239/1367
f 98/2105/1289 104/2209/1348 102/2175/1331
f 234/2161/1315 1359/2240/1364 1358/2215/1352
f 1985/2152/1175 1957/2238/1366 1958/2241/1368
f 100/2140/1311 107/2235/1365 105/2227/1361
f 1922/2011/1232 1932/2242/1369 1927/2128/1304
f 1985/2152/1175 1958/2241/1368 1959/2243/1370
f 2419/2225/1316 2423/2244/1371 2418/2221/1357
f 2427/2164/1325 2382/2245/1372 2417/2214/1351
f 1922/2011/1232 1930/2177/1332 1933/2246/1373
f 2455/2165/1310 2417/2214/1351 2420/2226/1360
f 2317/2247/1301 1947/2248/1341 1946/2249/1343
f 2416/2211/1349 2418/2221/1357 2423/2244/1371
f 2413/2195/1326 2424/2250/1374 2391/2230/1345
f 151/2171/1243 153/2251/1375 154/2252/1363
f 1956/2157/1321 1906/2253/1376 1957/2254/1366
f 103/2190/1340 105/2227/1361 157/2255/1377
f 235/2168/1328 239/2256/1378 237/2192/1342
f 2427/2257/1325 2410/2258/1347 2382/2259/1372
f 195/2202/1346 197/2218/1354 198/2220/1356
f 2419/2225/1316 2420/2226/1360 2425/2260/1379
f 1985/2152/1175 1960/2261/1380 1954/2153/1319
f 224/2029/1245 232/2135/1305 240/2262/1381
f 118/2179/1333 106/2232/1362 107/2263/1365
f 193/2188/1339 196/2212/1350 199/2224/1359
f 2288/2130/1306 1363/2219/1355 1696/2264/1382
f 2286/2078/1274 1990/2265/1383 2319/2213/1320
f 1955/2196/1279 1954/2153/1319 1961/2266/1384
f 224/2029/1245 240/2262/1381 236/2182/1335
f 1957/2238/1366 1962/2267/1385 1958/2241/1368
f 2436/2203/1185 1955/2205/1279 2033/2268/1386
f 2419/2225/1316 2425/2260/1379 2423/2244/1371
f 1355/2137/1309 1358/2215/1352 1360/2269/1387
f 1985/2152/1175 1959/2243/1370 1960/2261/1380
f 1956/2157/1321 1905/2184/1337 1907/2270/1388
f 2416/2211/1349 2423/2244/1371 2422/2239/1367
f 1927/2128/1304 1932/2242/1369 1934/2271/1389
f 1956/2157/1321 1907/2270/1388 1906/2253/1376
f 1954/2153/1319 1963/2272/1390 1964/2273/1391
f 1931/2170/1329 1907/2270/1388 1905/2184/1337
f 1986/2274/1303 1987/2275/1392 1947/2276/1341
f 2316/2277/1302 1988/2278/1393 1986/2274/1303
f 1954/2153/1319 1960/2261/1380 1963/2272/1390
f 2413/2195/1326 2422/2239/1367 2424/2250/1374
f 196/2212/1350 197/2218/1354 200/2279/1394
f 233/2146/1314 238/2223/1358 1359/2234/1364
f 232/2129/1305 201/2280/1395 240/2281/1381
f 1958/2241/1368 1962/2267/1385 1965/2282/1396
f 1957/2238/1366 1966/2283/1397 1962/2267/1385
f 1954/2153/1319 1967/2284/1398 1961/2266/1384
f 1954/2153/1319 1968/2285/1399 1967/2284/1398
f 1931/2170/1329 1908/2286/1400 1907/2270/1388
f 2417/2214/1351 2388/2287/1401 2420/2226/1360
f 195/2202/1346 156/2288/1402 197/2218/1354
f 1922/2011/1232 1933/2246/1373 1932/2242/1369
f 196/2212/1350 200/2279/1394 199/2224/1359
f 104/2209/1348 108/2289/1403 106/2232/1362
f 1358/2215/1352 1359/2240/1364 1361/2290/1404
f 188/2116/1272 109/2291/1405 98/2105/1289
f 1927/2292/1304 1908/2286/1400 1931/2170/1329
f 1954/2153/1319 1964/2273/1391 1968/2285/1399
f 1958/2241/1368 1965/2282/1396 1959/2243/1370
f 1960/2261/1380 1969/2293/1406 1963/2272/1390
f 1963/2272/1390 1969/2293/1406 1964/2273/1391
f 232/2129/1305 199/2224/1359 202/2294/1407
f 2420/2226/1360 2388/2287/1401 2425/2260/1379
f 1952/2295/1324 1950/2296/1408 1930/2297/1332
f 232/2129/1305 203/2298/1409 201/2280/1395
f 232/2129/1305 202/2294/1407 203/2298/1409
f 1964/2273/1391 1970/2299/1410 1968/2285/1399
f 97/2091/1282 103/2190/1340 157/2255/1377
f 1960/2261/1380 1964/2273/1391 1969/2293/1406
f 1357/2185/1271 1355/2137/1309 1360/2269/1387
f 2422/2239/1367 2423/2244/1371 2424/2250/1374
f 1960/2261/1380 1971/2300/1411 1964/2273/1391
f 1927/2292/1304 1907/2270/1388 1908/2286/1400
f 1986/2274/1303 1988/2278/1393 1987/2275/1392
f 199/2224/1359 200/2279/1394 202/2294/1407
f 2436/2203/1185 2033/2268/1386 2034/2301/1412
f 1959/2243/1370 1965/2282/1396 1960/2261/1380
f 1955/2196/1279 1961/2266/1384 2035/2302/1413
f 2417/2214/1351 2385/2303/1414 2388/2287/1401
f 230/2107/1291 236/2182/1335 241/2304/1415
f 1961/2266/1384 1967/2284/1398 1971/2300/1411
f 1932/2242/1369 1933/2246/1373 1939/2305/1416
f 230/2107/1291 239/2256/1378 235/2168/1328
f 1964/2273/1391 1971/2300/1411 1970/2299/1410
f 2417/2306/1351 2382/2259/1372 2383/2307/1417
f 195/2202/1346 154/2233/1363 156/2288/1402
f 1930/2297/1332 1935/2308/1418 1936/2309/1419
f 237/2192/1342 239/2256/1378 238/2223/1358
f 200/2279/1394 203/2298/1409 202/2294/1407
f 1930/2297/1332 1950/2296/1408 1935/2308/1418
f 1957/2310/1366 1906/2311/1376 1974/2312/1420
f 2391/2230/1345 2425/2260/1379 2388/2287/1401
f 1962/2267/1385 1972/2313/1421 1965/2282/1396
f 1930/2177/1332 1939/2305/1416 1933/2246/1373
f 97/2091/1282 157/2255/1377 50/2231/1353
f 1960/2261/1380 1973/2314/1422 1971/2300/1411
f 1961/2266/1384 1971/2300/1411 2035/2302/1413
f 1960/2261/1380 1965/2282/1396 1973/2314/1422
f 1358/2215/1352 1361/2290/1404 1362/2315/1423
f 1957/2238/1366 1974/2316/1420 1966/2283/1397
f 1906/2253/1376 1907/2270/1388 1909/2317/1424
f 1906/2311/1376 1909/2318/1424 1974/2312/1420
f 1968/2285/1399 1970/2299/1410 1971/2300/1411
f 1962/2267/1385 1975/2319/1425 1972/2313/1421
f 1965/2282/1396 1972/2313/1421 1975/2319/1425
f 1955/2205/1279 2035/2320/1413 2033/2268/1386
f 2417/2306/1351 2384/2321/1426 2385/2322/1414
f 1930/2297/1332 1936/2309/1419 1939/2323/1416
f 106/2232/1362 110/2324/1427 107/2263/1365
f 1945/2160/1323 1953/2325/1428 1952/2162/1324
f 1967/2284/1398 1968/2285/1399 1971/2300/1411
f 106/2232/1362 108/2289/1403 110/2324/1427
f 188/2116/1272 111/2326/1429 109/2291/1405
f 2436/2327/1430 2034/2328/1430 2409/2329/1430
f 2415/2207/1221 2409/2330/1241 2410/2208/1347
f 1947/2276/1341 1987/2275/1392 1948/2331/1431
f 1358/2215/1352 1362/2315/1423 1360/2269/1387
f 2391/2230/1345 2423/2244/1371 2425/2260/1379
f 1971/2300/1411 1973/2314/1422 2044/2332/1432
f 197/2218/1354 156/2288/1402 200/2279/1394
f 107/2263/1365 110/2324/1427 112/2333/1433
f 1962/2267/1385 1966/2283/1397 1974/2316/1420
f 1947/2248/1341 1948/2334/1431 1946/2249/1343
f 2391/2230/1345 2424/2250/1374 2423/2244/1371
f 1971/2300/1411 1976/2335/1434 2035/2302/1413
f 2417/2306/1351 2383/2307/1417 2384/2321/1426
f 1939/2336/1416 1910/2337/1435 1912/2338/1436
f 1939/2336/1416 1913/2339/1437 1910/2337/1435
f 1910/2337/1435 1919/2340/1438 1912/2338/1436
f 105/2227/1361 113/2341/1439 157/2255/1377
f 1907/2270/1388 1919/2342/1438 1909/2317/1424
f 98/2105/1289 108/2289/1403 104/2209/1348
f 1357/2185/1271 1360/2269/1387 1363/2343/1355
f 1910/2344/1435 1911/2345/1440 1919/2346/1438
f 1932/2242/1369 1939/2305/1416 1912/2347/1436
f 1932/2242/1369 1912/2347/1436 1934/2271/1389
f 188/2116/1272 114/2348/1307 166/2349/1441
f 1939/2336/1416 1936/2350/1419 1913/2339/1437
f 1359/2234/1364 239/2256/1378 1361/2351/1404
f 2391/2230/1345 2388/2287/1401 2426/2352/1442
f 2286/2078/1274 1991/2353/1443 1990/2265/1383
f 2410/2258/1347 2386/2354/1444 2382/2259/1372
f 238/2223/1358 239/2256/1378 1359/2234/1364
f 2385/2322/1414 2384/2321/1426 2387/2355/1445
f 230/2107/1291 241/2304/1415 239/2256/1378
f 2035/2302/1413 1976/2335/1434 1977/2356/1446
f 1927/2128/1304 1934/2271/1389 1912/2347/1436
f 105/2227/1361 107/2235/1365 119/2357/1447
f 105/2227/1361 119/2357/1447 113/2341/1439
f 1907/2270/1388 1912/2358/1436 1919/2342/1438
f 98/2105/1289 109/2291/1405 108/2289/1403
f 1910/2337/1435 1913/2339/1437 1911/2359/1440
f 2383/2307/1417 2387/2355/1445 2384/2321/1426
f 1973/2314/1422 1978/2360/1448 2044/2332/1432
f 1935/2308/1418 1937/2361/1449 1936/2309/1419
f 1927/2128/1304 1912/2347/1436 1907/2362/1388
f 151/2171/1243 152/2173/1330 155/2363/1450
f 1936/2309/1419 1937/2361/1449 1913/2364/1437
f 2388/2365/1401 2385/2322/1414 2387/2355/1445
f 188/2116/1272 166/2349/1441 111/2326/1429
f 1971/2300/1411 2044/2332/1432 1976/2335/1434
f 2033/2268/1386 2036/2366/1451 2034/2301/1412
f 1974/2312/1420 1909/2318/1424 1980/2367/1452
f 1913/2368/1437 1919/2346/1438 1911/2345/1440
f 200/2279/1394 156/2288/1402 173/2369/1453
f 2383/2307/1417 2386/2354/1444 2387/2355/1445
f 1913/2364/1437 1937/2361/1449 1919/2370/1438
f 2044/2332/1432 1977/2356/1446 1976/2335/1434
f 239/2371/1378 1362/2315/1423 1361/2290/1404
f 107/2235/1365 112/2372/1433 119/2357/1447
f 2035/2302/1413 1977/2356/1446 1979/2373/1454
f 2035/2302/1413 1979/2373/1454 2037/2374/1455
f 2388/2365/1401 2389/2375/1456 2426/2376/1442
f 1919/2377/1438 1937/2378/1449 1914/2379/1457
f 2286/2078/1274 2288/2130/1306 1991/2353/1443
f 236/2182/1335 240/2262/1381 241/2304/1415
f 1909/2318/1424 1919/2377/1438 1914/2379/1457
f 154/2252/1363 173/2380/1453 156/2381/1402
f 2033/2268/1386 2035/2320/1413 2037/2382/1455
f 154/2252/1363 153/2251/1375 173/2380/1453
f 2033/2268/1386 2037/2382/1455 2036/2366/1451
f 1962/2267/1385 1974/2316/1420 1980/2383/1452
f 1909/2318/1424 1914/2379/1457 1915/2384/1458
f 109/2291/1405 111/2326/1429 166/2349/1441
f 2410/2258/1347 2387/2355/1445 2386/2354/1444
f 1935/2308/1418 1831/2385/1459 1937/2361/1449
f 108/2289/1403 112/2333/1433 110/2324/1427
f 239/2371/1378 242/2386/1460 1362/2315/1423
f 240/2281/1381 201/2280/1395 204/2387/1461
f 2409/2388/1462 2034/2389/1462 2390/2390/1462
f 50/2391/1353 157/2392/1377 113/2393/1439
f 2044/2332/1432 1979/2373/1454 1977/2356/1446
f 1979/2394/1454 2038/2395/1463 2037/2382/1455
f 173/2396/1453 158/2397/1464 159/2398/1465
f 109/2291/1405 166/2349/1441 168/2399/1466
f 173/2396/1453 159/2398/1465 160/2400/1467
f 153/2401/1375 158/2397/1464 173/2396/1453
f 2410/2258/1347 2388/2365/1401 2387/2355/1445
f 1987/2275/1392 1988/2278/1393 1989/2402/1468
f 205/2403/1469 163/2404/1470 206/2405/1471
f 151/2171/1243 155/2363/1450 153/2251/1375
f 2034/2301/1412 2039/2406/1472 2040/2407/1473
f 108/2289/1403 109/2291/1405 168/2399/1466
f 2409/2408/1241 2411/2409/1474 2410/2410/1347
f 1945/2160/1323 1946/2197/1343 1953/2325/1428
f 2036/2366/1451 2037/2382/1455 2038/2395/1463
f 2391/2230/1345 2426/2352/1442 2393/2411/1475
f 160/2400/1467 161/2412/1476 162/2413/1477
f 163/2414/1470 162/2413/1477 161/2412/1476
f 2319/2213/1320 1990/2265/1383 2001/2415/1478
f 2034/2301/1412 2041/2416/1479 2390/2417/1480
f 205/2403/1469 206/2405/1471 77/2418/1481
f 2044/2332/1432 2038/2419/1463 1979/2373/1454
f 205/2403/1469 162/2420/1477 163/2404/1470
f 1937/2378/1449 1916/2421/1482 1914/2379/1457
f 2034/2301/1412 2036/2366/1451 2039/2406/1472
f 2409/2422/1241 2390/2417/1480 2394/2423/1483
f 113/2424/1439 119/2425/1447 115/2426/1484
f 112/2333/1433 115/2426/1484 119/2425/1447
f 239/2256/1378 241/2304/1415 242/2427/1460
f 1909/2318/1424 1917/2428/1485 1980/2367/1452
f 160/2400/1467 159/2398/1465 161/2412/1476
f 2410/2258/1347 2389/2375/1456 2388/2365/1401
f 2036/2366/1451 2038/2395/1463 2042/2429/1486
f 108/2289/1403 168/2399/1466 112/2333/1433
f 2038/2395/1463 2043/2430/1487 2042/2429/1486
f 2316/2126/1302 2319/2154/1320 2001/2431/1478
f 2288/2130/1306 1696/2264/1382 2289/2432/1488
f 113/2424/1439 115/2426/1484 116/2433/1489
f 158/2397/1464 164/2434/1490 159/2398/1465
f 2259/2435/1086 2391/2436/1345 2392/2437/1491
f 1363/2343/1355 1360/2269/1387 1364/2438/1492
f 153/2401/1375 165/2439/1493 158/2397/1464
f 159/2398/1465 164/2434/1490 161/2412/1476
f 163/2404/1470 207/2440/1494 206/2405/1471
f 2036/2366/1451 2042/2429/1486 2043/2430/1487
f 112/2333/1433 168/2399/1466 115/2426/1484
f 1937/2378/1449 1835/2441/1495 1916/2421/1482
f 2044/2442/1432 2043/2430/1487 2038/2395/1463
f 2036/2366/1451 2043/2430/1487 2045/2443/1496
f 240/2262/1381 204/2444/1461 241/2304/1415
f 2316/2277/1302 2001/2445/1478 1988/2278/1393
f 205/2403/1469 77/2418/1481 208/2446/1497
f 2036/2366/1451 2045/2443/1496 2046/2447/1498
f 203/2298/1409 205/2403/1469 208/2446/1497
f 158/2397/1464 165/2439/1493 59/2448/1499
f 166/2449/1441 167/2450/1500 168/2451/1466
f 2034/2301/1412 2040/2407/1473 2041/2416/1479
f 2391/2436/1345 2393/2452/1475 2392/2437/1491
f 2409/2408/1241 2394/2453/1483 2395/2454/1501
f 1914/2379/1457 1916/2421/1482 1915/2384/1458
f 2036/2366/1451 2046/2447/1498 2039/2406/1472
f 206/2405/1471 207/2440/1494 77/2418/1481
f 114/2455/1307 73/2456/1502 166/2457/1441
f 168/2399/1466 167/2458/1500 115/2426/1484
f 201/2280/1395 203/2298/1409 208/2446/1497
f 153/2401/1375 155/2459/1450 165/2439/1493
f 155/2459/1450 59/2448/1499 165/2439/1493
f 115/2460/1484 167/2450/1500 116/2461/1489
f 1935/2308/1418 1938/2462/1503 1831/2385/1459
f 1937/2361/1449 1831/2385/1459 1835/2463/1495
f 1360/2269/1387 1362/2315/1423 1365/2464/1504
f 1363/2343/1355 1364/2438/1492 1698/2465/1505
f 2410/2258/1347 2396/2466/1506 2389/2375/1456
f 158/2397/1464 59/2448/1499 164/2434/1490
f 166/2449/1441 70/2467/1507 167/2450/1500
f 169/2468/1508 170/2469/1509 71/2470/1510
f 2410/2258/1347 2397/2471/1511 2396/2466/1506
f 1950/2296/1408 1938/2462/1503 1935/2308/1418
f 169/2472/1508 54/2473/1512 170/2474/1509
f 2045/2443/1496 2047/2475/1513 2046/2447/1498
f 1909/2318/1424 1915/2384/1458 1918/2476/1514
f 170/2469/1509 171/2477/1515 71/2470/1510
f 116/2478/1489 70/2479/1507 49/2480/1516
f 50/2391/1353 113/2393/1439 116/2481/1489
f 2390/2417/1480 2048/2482/1517 2394/2423/1483
f 1962/2267/1385 1980/2383/1452 1975/2319/1425
f 163/2414/1470 161/2412/1476 172/2483/1518
f 1363/2484/1355 1695/2485/1519 1696/2486/1382
f 114/2455/1307 209/2487/1520 73/2456/1502
f 2044/2332/1432 1978/2360/1448 1981/2488/1521
f 2409/2408/1241 2395/2454/1501 2398/2489/1522
f 2426/2376/1442 2389/2375/1456 2399/2490/1523
f 2039/2406/1472 2046/2447/1498 2047/2475/1513
f 116/2461/1489 167/2450/1500 70/2467/1507
f 1952/2491/1324 1949/2492/1524 1950/2493/1408
f 169/2472/1508 52/2494/1525 56/2495/1526
f 169/2472/1508 56/2495/1526 54/2473/1512
f 1909/2318/1424 1918/2476/1514 1917/2428/1485
f 77/2496/1481 207/2497/1494 78/2498/1527
f 1965/2282/1396 1982/2499/1528 1973/2314/1422
f 2426/2376/1442 2399/2490/1523 2393/2452/1475
f 2409/2408/1241 2398/2489/1522 2411/2409/1474
f 2410/2258/1347 2411/2500/1474 2397/2471/1511
f 50/2501/1353 116/2478/1489 49/2480/1516
f 201/2502/1395 208/2503/1497 79/2504/1529
f 2044/2442/1432 1981/2505/1521 2043/2430/1487
f 2411/2500/1474 2396/2466/1506 2397/2471/1511
f 169/2506/1508 71/2507/1510 51/2508/1530
f 169/2506/1508 51/2508/1530 52/2509/1525
f 201/2502/1395 79/2504/1529 204/2510/1461
f 1696/2486/1382 1695/2485/1519 1697/2511/1531
f 161/2412/1476 164/2434/1490 72/2512/1532
f 1973/2314/1422 1983/2513/1533 1978/2360/1448
f 1990/2514/1383 1991/2515/1443 1992/2516/1534
f 77/2496/1481 78/2498/1527 208/2503/1497
f 2043/2430/1487 1981/2505/1521 2045/2443/1496
f 166/2517/1441 53/2518/1535 70/2519/1507
f 71/2507/1510 53/2520/1535 51/2508/1530
f 166/2517/1441 73/2521/1502 53/2518/1535
f 164/2434/1490 59/2448/1499 72/2512/1532
f 70/2522/1507 71/2523/1510 171/2524/1515
f 1946/2249/1343 1948/2334/1431 1951/2525/1536
f 2393/2452/1475 2399/2490/1523 2392/2437/1491
f 1363/2484/1355 1698/2526/1505 1695/2485/1519
f 170/2527/1509 54/2528/1512 55/2529/1537
f 70/2530/1507 53/2520/1535 71/2507/1510
f 1362/2315/1423 242/2386/1460 1365/2464/1504
f 170/2527/1509 55/2529/1537 171/2524/1515
f 163/2404/1470 80/2531/1538 207/2440/1494
f 54/2528/1512 56/2532/1526 57/2533/1539
f 155/2459/1450 58/2534/1540 59/2448/1499
f 241/2304/1415 204/2444/1461 242/2427/1460
f 2394/2423/1483 2048/2482/1517 2049/2535/1541
f 1917/2428/1485 1918/2476/1514 1810/2536/1542
f 2039/2406/1472 2050/2537/1543 2040/2407/1473
f 2045/2443/1496 1981/2505/1521 2047/2475/1513
f 2039/2406/1472 2047/2475/1513 2050/2537/1543
f 161/2538/1476 72/2539/1532 172/2540/1518
f 163/2541/1470 172/2542/1518 80/2543/1538
f 2288/2130/1306 2289/2432/1488 1991/2353/1443
f 2259/2435/1086 2392/2437/1491 2002/2544/1544
f 2389/2375/1456 2396/2466/1506 2400/2545/1545
f 1952/2491/1324 1953/2546/1428 1949/2492/1524
f 73/2521/1502 58/2547/1540 53/2518/1535
f 2389/2375/1456 2400/2545/1545 2399/2490/1523
f 2395/2454/1501 2051/2548/1546 2398/2489/1522
f 152/2549/1330 58/2547/1540 155/2550/1450
f 2390/2417/1480 2049/2535/1541 2048/2482/1517
f 2411/2500/1474 2400/2545/1545 2396/2466/1506
f 1696/2486/1382 1697/2511/1531 2289/2551/1488
f 1948/2552/1547 1852/2553/1547 1951/2554/1547
f 59/2555/1499 60/2556/1548 72/2557/1532
f 209/2558/1520 76/2559/1549 73/2560/1502
f 1990/2514/1383 1992/2516/1534 2001/2561/1478
f 2394/2423/1483 2051/2562/1546 2395/2563/1501
f 2411/2500/1474 2401/2564/1550 2400/2545/1545
f 70/2522/1507 171/2524/1515 60/2565/1548
f 70/2522/1507 60/2565/1548 49/2566/1516
f 208/2503/1497 81/2567/1551 79/2504/1529
f 59/2568/1499 58/2569/1540 60/2570/1548
f 207/2497/1494 80/2543/1538 82/2571/1552
f 54/2528/1512 61/2572/1553 55/2529/1537
f 152/2549/1330 53/2518/1535 58/2547/1540
f 242/2427/1460 204/2444/1461 243/2573/1554
f 2411/2409/1474 2398/2489/1522 2402/2574/1555
f 52/2509/1525 57/2533/1539 56/2532/1526
f 1973/2314/1422 1982/2499/1528 2056/2575/1556
f 1987/2275/1392 1989/2402/1468 1948/2331/1431
f 152/2549/1330 49/2480/1516 53/2518/1535
f 171/2524/1515 55/2529/1537 60/2565/1548
f 2398/2489/1522 2051/2548/1546 2403/2576/1557
f 152/2549/1330 50/2501/1353 49/2480/1516
f 54/2528/1512 57/2533/1539 61/2572/1553
f 2390/2417/1480 2041/2416/1479 2049/2535/1541
f 2398/2489/1522 2403/2576/1557 2412/2577/1558
f 1915/2384/1458 1916/2421/1482 1835/2441/1495
f 2040/2407/1473 2050/2537/1543 2041/2416/1479
f 1978/2360/1448 1983/2513/1533 1981/2488/1521
f 1831/2578/1459 1938/2579/1503 1858/2580/1559
f 1366/2581/445 86/2582/1560 277/2583/975
f 2398/2489/1522 2412/2577/1558 2402/2574/1555
f 2399/2490/1523 2400/2545/1545 2404/2584/1561
f 52/2509/1525 51/2508/1530 62/2585/1562
f 1831/2586/1459 1832/2587/1563 1835/2588/1495
f 242/2386/1460 243/2589/1554 1365/2464/1504
f 2047/2475/1513 1981/2505/1521 2052/2590/1564
f 1360/2269/1387 1365/2464/1504 1364/2438/1492
f 2411/2500/1474 2405/2591/1565 2401/2564/1550
f 73/2560/1502 76/2559/1549 58/2569/1540
f 1965/2282/1396 1975/2319/1425 1982/2499/1528
f 2411/2500/1474 2402/2592/1555 2405/2591/1565
f 72/2557/1532 60/2556/1548 74/2593/1566
f 2401/2564/1550 2405/2591/1565 2406/2594/1567
f 58/2569/1540 63/2595/1568 60/2570/1548
f 55/2529/1537 61/2572/1553 75/2596/1569
f 2400/2545/1545 2401/2564/1550 2406/2594/1567
f 2394/2423/1483 2403/2597/1557 2051/2562/1546
f 207/2497/1494 82/2571/1552 78/2498/1527
f 208/2503/1497 78/2498/1527 81/2567/1551
f 2047/2475/1513 2052/2590/1564 2050/2537/1543
f 49/2566/1516 60/2565/1548 63/2598/1568
f 2041/2416/1479 2050/2537/1543 2049/2535/1541
f 49/2480/1516 63/2599/1568 53/2518/1535
f 1991/2600/1443 2289/2551/1488 1699/2601/1570
f 2392/2437/1491 2399/2490/1523 2404/2584/1561
f 204/2444/1461 244/2602/1571 243/2573/1554
f 1980/2367/1452 1917/2428/1485 1810/2536/1542
f 2402/2592/1555 2412/2603/1558 2054/2604/1572
f 1915/2384/1458 1837/2605/1573 1918/2476/1514
f 58/2569/1540 76/2559/1549 63/2595/1568
f 55/2529/1537 75/2596/1569 60/2565/1548
f 2400/2545/1545 2406/2594/1567 2407/2606/1574
f 1948/2331/1431 1989/2402/1468 1852/2607/1575
f 2049/2535/1541 2050/2537/1543 2053/2608/1576
f 2394/2423/1483 2049/2535/1541 2053/2608/1576
f 1915/2384/1458 1833/2609/1577 1837/2605/1573
f 1831/2578/1459 1858/2580/1559 1832/2610/1563
f 2050/2537/1543 2052/2590/1564 2053/2608/1576
f 204/2510/1461 1295/2611/1578 244/2612/1571
f 1975/2319/1425 1980/2383/1452 1810/2613/1542
f 1915/2384/1458 1835/2441/1495 1834/2614/1579
f 2394/2423/1483 2053/2608/1576 2052/2590/1564
f 2402/2592/1555 2054/2604/1572 2405/2591/1565
f 1981/2488/1521 1983/2513/1533 2056/2575/1556
f 2403/2597/1557 2054/2615/1572 2412/2616/1558
f 2400/2545/1545 2407/2606/1574 2404/2584/1561
f 51/2508/1530 53/2520/1535 63/2617/1568
f 1918/2476/1514 1806/2618/1580 1810/2536/1542
f 1915/2384/1458 1834/2614/1579 1833/2609/1577
f 2405/2591/1565 2407/2606/1574 2406/2594/1567
f 52/2509/1525 62/2585/1562 57/2533/1539
f 78/2498/1527 83/2619/1581 81/2567/1551
f 2403/2597/1557 2055/2620/1582 2054/2615/1572
f 2404/2584/1561 2405/2591/1565 2054/2604/1572
f 1833/2621/1577 1834/2622/1579 1848/2623/1583
f 1837/2605/1573 1833/2609/1577 1804/2624/1584
f 2394/2423/1483 2052/2590/1564 2055/2620/1582
f 72/2557/1532 74/2593/1566 64/2625/1585
f 80/2543/1538 84/2626/1586 82/2571/1552
f 2394/2423/1483 2055/2620/1582 2403/2597/1557
f 2392/2437/1491 2404/2584/1561 2408/2627/1587
f 172/2540/1518 72/2539/1532 48/2628/1588
f 2404/2629/1561 2054/2615/1572 2055/2620/1582
f 2404/2584/1561 2407/2606/1574 2405/2591/1565
f 1858/2580/1559 1849/2630/1589 1832/2610/1563
f 1988/2278/1393 2001/2445/1478 1993/2631/1590
f 78/2498/1527 85/2632/1591 83/2619/1581
f 1364/2438/1492 1365/2464/1504 1367/2633/1592
f 1981/2505/1521 2056/2634/1556 2057/2635/1593
f 1946/2197/1343 1853/2636/1594 1953/2325/1428
f 1835/2637/1495 1836/2638/1595 1834/2639/1579
f 1991/2600/1443 1699/2601/1570 1994/2640/1596
f 1365/2464/1504 243/2589/1554 1367/2633/1592
f 51/2508/1530 63/2617/1568 65/2641/1597
f 61/2572/1553 66/2642/1598 75/2596/1569
f 2001/2561/1478 1992/2516/1534 1994/2643/1596
f 1918/2476/1514 1837/2605/1573 1838/2644/1599
f 1833/2621/1577 1848/2623/1583 1804/2645/1584
f 1991/2515/1443 1994/2643/1596 1992/2516/1534
f 1950/2493/1408 1949/2492/1524 1938/2646/1503
f 204/2510/1461 79/2504/1529 1295/2611/1578
f 60/2565/1548 75/2596/1569 67/2647/1600
f 2392/2437/1491 2408/2627/1587 2003/2648/1601
f 1981/2505/1521 2057/2635/1593 2052/2590/1564
f 2392/2437/1491 2003/2648/1601 2002/2544/1544
f 1946/2649/1343 1951/2650/1536 1853/2651/1594
f 1835/2588/1495 1832/2587/1563 1836/2652/1595
f 2404/2584/1561 2003/2648/1601 2408/2627/1587
f 51/2508/1530 65/2641/1597 62/2585/1562
f 60/2565/1548 67/2647/1600 74/2653/1566
f 1695/2485/1519 1371/2654/1602 1697/2511/1531
f 2052/2590/1564 2058/2655/1603 2055/2620/1582
f 57/2533/1539 66/2642/1598 61/2572/1553
f 75/2596/1569 66/2642/1598 65/2641/1597
f 76/2559/1549 65/2656/1597 63/2595/1568
f 57/2533/1539 62/2585/1562 68/2657/1604
f 57/2533/1539 68/2657/1604 66/2642/1598
f 1973/2314/1422 2056/2575/1556 1983/2513/1533
f 1837/2658/1605 1804/2659/1605 1838/2660/1605
f 78/2498/1527 82/2571/1552 85/2632/1591
f 1832/2661/1563 1812/2662/1606 1836/2638/1595
f 277/2663/622 86/2664/1607 209/2665/1520
f 1804/2666/1584 1840/2667/1608 1838/2668/1599
f 1848/2623/1583 1839/2669/1609 1804/2645/1584
f 1804/2645/1584 1839/2669/1609 1840/2670/1608
f 75/2671/1569 65/2656/1597 67/2672/1600
f 1848/2623/1583 1841/2673/1610 1839/2669/1609
f 72/2674/1532 18/2675/1611 48/2676/1588
f 79/2504/1529 81/2567/1551 83/2619/1581
f 65/2641/1597 66/2642/1598 68/2657/1604
f 62/2585/1562 65/2641/1597 68/2657/1604
f 2289/2551/1488 1697/2511/1531 1371/2654/1602
f 1848/2677/1583 1807/2678/1612 1841/2679/1610
f 2001/2680/1478 1994/2681/1596 1700/2682/1613
f 76/2559/1549 30/2683/1614 65/2656/1597
f 2055/2620/1582 2058/2655/1603 2059/2684/1615
f 65/2656/1597 30/2683/1614 67/2672/1600
f 2001/2445/1478 1995/2685/1616 1993/2631/1590
f 1988/2278/1393 1996/2686/1617 1989/2402/1468
f 79/2504/1529 83/2619/1581 87/2687/1618
f 79/2504/1529 88/2688/1619 1295/2611/1578
f 74/2689/1566 67/2690/1600 64/2691/1585
f 1975/2319/1425 1796/2692/1620 1982/2499/1528
f 82/2571/1552 84/2626/1586 1199/2693/1621
f 1834/2639/1579 1807/2678/1612 1848/2677/1583
f 67/2690/1600 30/2694/1614 31/2695/1622
f 72/2674/1532 32/2696/1623 18/2675/1611
f 1988/2278/1393 1993/2631/1590 1996/2686/1617
f 1698/2465/1505 1368/2697/1624 1695/2698/1519
f 72/2674/1532 64/2691/1585 32/2696/1623
f 1834/2639/1579 1836/2638/1595 1807/2678/1612
f 76/2559/1549 69/2699/1625 30/2683/1614
f 1839/2669/1609 1841/2673/1610 1808/2700/1626
f 2404/2629/1561 2055/2620/1582 2005/2701/1627
f 2002/2702/1544 2003/2703/1601 2004/2704/1628
f 1364/2438/1492 1369/2705/1629 1698/2465/1505
f 1838/2668/1599 1840/2667/1608 1805/2706/1630
f 172/2542/1518 84/2626/1586 80/2543/1538
f 76/2559/1549 33/2707/1631 69/2699/1625
f 1918/2708/1514 1838/2668/1599 1806/2709/1580
f 1953/2710/1428 1854/2711/1632 1949/2712/1524
f 1841/2713/1610 1807/2714/1612 1808/2715/1626
f 1366/2581/445 1370/2716/1633 86/2582/1560
f 1695/2698/1519 1368/2697/1624 1371/2717/1602
f 30/2694/1614 69/2718/1625 31/2695/1622
f 1938/2719/1503 1949/2712/1524 1855/2720/1634
f 2001/2445/1478 1700/2721/1613 1995/2685/1616
f 18/2675/1611 32/2696/1623 1/2722/1635
f 67/2690/1600 31/2695/1622 69/2718/1625
f 69/2718/1625 33/2723/1631 34/2724/1636
f 67/2690/1600 69/2718/1625 35/2725/1637
f 1840/2667/1608 1809/2726/1638 1805/2706/1630
f 79/2504/1529 87/2687/1618 89/2727/1639
f 33/2723/1631 36/2728/1640 34/2724/1636
f 2052/2590/1564 2057/2635/1593 2060/2729/1641
f 1836/2638/1595 1812/2662/1606 1807/2678/1612
f 1832/2661/1563 1849/2730/1589 1842/2731/1642
f 1698/2465/1505 1369/2705/1629 1368/2697/1624
f 84/2626/1586 40/2732/1643 1199/2693/1621
f 1840/2667/1608 1839/2733/1609 1809/2726/1638
f 64/2691/1585 67/2690/1600 32/2696/1623
f 69/2718/1625 34/2724/1636 35/2725/1637
f 1810/2734/1542 1806/2709/1580 1811/2735/1644
f 79/2504/1529 89/2727/1639 88/2688/1619
f 1953/2710/1428 1853/2651/1594 1854/2711/1632
f 2052/2590/1564 2061/2736/1645 2058/2655/1603
f 82/2571/1552 1199/2693/1621 1202/2737/1646
f 34/2724/1636 37/2738/1647 35/2725/1637
f 83/2619/1581 85/2632/1591 87/2687/1618
f 243/2589/1554 244/2739/1571 1367/2633/1592
f 1949/2712/1524 1854/2711/1632 1855/2720/1634
f 1364/2438/1492 1367/2633/1592 1369/2705/1629
f 172/2542/1518 40/2732/1643 84/2626/1586
f 35/2725/1637 37/2738/1647 38/2740/1648
f 2052/2590/1564 2060/2729/1641 2061/2736/1645
f 34/2724/1636 38/2740/1648 37/2738/1647
f 2404/2741/1561 2004/2704/1628 2003/2703/1601
f 1812/2742/1606 1813/2743/1649 1807/2714/1612
f 1849/2744/1589 1843/2745/1650 1842/2746/1642
f 1838/2668/1599 1805/2706/1630 1814/2747/1651
f 67/2690/1600 39/2748/1652 32/2696/1623
f 172/2749/1653 48/2750/1653 40/2751/1653
f 67/2690/1600 35/2725/1637 39/2748/1652
f 34/2724/1636 36/2728/1640 41/2752/1654
f 2055/2620/1582 2059/2684/1615 2062/2753/1655
f 1839/2733/1609 1815/2754/1656 1809/2726/1638
f 1839/2733/1609 1807/2714/1612 1815/2754/1656
f 1951/2755/1536 1852/2756/1575 1998/2757/1657
f 2058/2655/1603 2061/2736/1645 2059/2684/1615
f 82/2571/1552 1202/2737/1646 85/2632/1591
f 1938/2719/1503 1855/2720/1634 1856/2758/1658
f 2289/2551/1488 1701/2759/1659 1699/2601/1570
f 1805/2706/1630 1809/2726/1638 1816/2760/1660
f 1975/2319/1425 1810/2613/1542 1796/2692/1620
f 2055/2620/1582 2062/2753/1655 2005/2701/1627
f 1938/2719/1503 1857/2761/1661 1858/2762/1559
f 1839/2733/1609 1808/2715/1626 1807/2714/1612
f 1699/2601/1570 1701/2759/1659 1994/2640/1596
f 1838/2668/1599 1814/2747/1651 1817/2763/1662
f 2289/2551/1488 1371/2654/1602 1701/2759/1659
f 1809/2726/1638 1815/2754/1656 1816/2760/1660
f 1989/2402/1468 1997/2764/1663 1852/2607/1575
f 33/2723/1631 41/2752/1654 36/2728/1640
f 1805/2706/1630 1816/2760/1660 1814/2747/1651
f 1858/2580/1559 1859/2765/1664 1849/2630/1589
f 1199/2693/1621 1201/2766/1665 1202/2737/1646
f 1832/2661/1563 1842/2731/1642 1812/2662/1606
f 1812/2742/1606 1842/2767/1642 1813/2743/1649
f 85/2632/1591 1202/2737/1646 87/2687/1618
f 35/2725/1637 38/2740/1648 39/2748/1652
f 76/2559/1549 43/2768/1666 33/2707/1631
f 34/2724/1636 42/2769/1667 38/2740/1648
f 1806/2709/1580 1838/2668/1599 1817/2763/1662
f 1852/2607/1575 1997/2764/1663 1998/2770/1657
f 209/2771/1668 7/2772/1669 76/2773/1670
f 2059/2684/1615 2061/2736/1645 2062/2753/1655
f 33/2723/1631 43/2774/1666 41/2752/1654
f 32/2696/1623 39/2748/1652 1/2722/1635
f 1810/2734/1542 1811/2735/1644 1818/2775/1671
f 1371/2717/1602 1368/2697/1624 1372/2776/1672
f 76/2777/1670 7/2778/1669 43/2779/1673
f 1858/2762/1559 1857/2761/1661 1859/2780/1664
f 2404/2741/1561 2005/2781/1627 2004/2704/1628
f 1806/2709/1580 1817/2763/1662 1811/2735/1644
f 1951/2755/1536 1998/2757/1657 1899/2782/1674
f 1989/2402/1468 1996/2686/1617 1999/2783/1675
f 1994/2681/1596 1702/2784/1676 1700/2682/1613
f 1/2722/1635 39/2748/1652 44/2785/1677
f 2056/2634/1556 1902/2786/1678 2057/2635/1593
f 34/2724/1636 41/2752/1654 42/2769/1667
f 1853/2651/1594 1860/2787/1679 1854/2711/1632
f 1951/2650/1536 1899/2788/1674 1853/2651/1594
f 1843/2745/1650 1844/2789/1680 1851/2790/1681
f 1849/2744/1589 1859/2791/1664 1851/2790/1681
f 244/2792/1571 1295/2793/1578 1296/2794/1682
f 1849/2744/1589 1844/2789/1680 1843/2745/1650
f 1938/2719/1503 1856/2758/1658 1857/2761/1661
f 1993/2631/1590 1706/2795/1683 1996/2686/1617
f 1814/2747/1651 1816/2760/1660 1815/2754/1656
f 1295/2793/1578 88/2796/1619 1296/2794/1682
f 1367/2633/1592 1373/2797/1684 1369/2705/1629
f 38/2740/1648 42/2769/1667 39/2748/1652
f 1807/2714/1612 1819/2798/1685 1815/2754/1656
f 87/2687/1618 1202/2737/1646 1204/2799/1686
f 39/2748/1652 3/2800/1687 44/2785/1677
f 1989/2402/1468 1999/2783/1675 1997/2764/1663
f 1700/2682/1613 1703/2801/1688 1995/2802/1616
f 1857/2761/1661 1861/2803/1689 1859/2780/1664
f 1700/2682/1613 1704/2804/1690 1703/2801/1688
f 1859/2791/1664 1845/2805/1691 1851/2790/1681
f 1854/2711/1632 1862/2806/1692 1855/2720/1634
f 1814/2747/1651 1815/2754/1656 1820/2807/1693
f 1994/2640/1596 1705/2808/1694 1702/2809/1676
f 1849/2744/1589 1851/2790/1681 1844/2789/1680
f 87/2687/1618 1204/2799/1686 89/2727/1639
f 1199/2810/1621 1200/2811/1695 1201/2812/1665
f 1994/2640/1596 1701/2759/1659 1705/2808/1694
f 1700/2682/1613 1702/2784/1676 1704/2804/1690
f 2057/2635/1593 1902/2786/1678 2060/2729/1641
f 1993/2813/1590 1995/2802/1616 1706/2814/1683
f 39/2748/1652 42/2769/1667 3/2800/1687
f 1811/2735/1644 1817/2763/1662 1818/2775/1671
f 1851/2790/1681 1845/2805/1691 1850/2815/1696
f 1814/2747/1651 1820/2807/1693 1817/2763/1662
f 1807/2714/1612 1813/2743/1649 1842/2767/1642
f 1859/2791/1664 1850/2815/1696 1845/2805/1691
f 1842/2746/1642 1843/2745/1650 1822/2816/1697
f 1815/2754/1656 1819/2798/1685 1820/2807/1693
f 1202/2817/1646 1201/2812/1665 1203/2818/1698
f 1202/2817/1646 1203/2818/1698 1204/2819/1686
f 244/2739/1571 1373/2797/1684 1367/2633/1592
f 2060/2729/1641 1902/2786/1678 2063/2820/1699
f 1857/2761/1661 1863/2821/1700 1861/2803/1689
f 1859/2780/1664 1861/2803/1689 1863/2821/1700
f 2259/2822/1086 2002/2702/1544 2004/2704/1628
f 48/2676/1588 18/2675/1611 45/2823/1701
f 1859/2780/1664 1863/2821/1700 1864/2824/1702
f 1982/2499/1528 1796/2692/1620 1984/2825/1703
f 1853/2651/1594 1899/2788/1674 1860/2787/1679
f 1843/2745/1650 1851/2790/1681 1822/2816/1697
f 1819/2798/1685 1821/2826/1704 1820/2807/1693
f 1810/2734/1542 1818/2775/1671 1803/2827/1705
f 1371/2654/1602 1707/2828/1706 1701/2759/1659
f 1201/2812/1665 1200/2811/1695 1203/2818/1698
f 48/2829/1588 45/2830/1701 40/2831/1643
f 1807/2714/1612 1842/2767/1642 1776/2832/1707
f 2061/2736/1645 2007/2833/1708 2062/2753/1655
f 1982/2499/1528 1984/2825/1703 2056/2575/1556
f 41/2752/1654 46/2834/1709 42/2769/1667
f 1807/2714/1612 1821/2826/1704 1819/2798/1685
f 1855/2720/1634 1857/2761/1661 1856/2758/1658
f 1368/2697/1624 1369/2705/1629 1372/2776/1672
f 1817/2763/1662 1820/2807/1693 1818/2775/1671
f 1998/2770/1657 1997/2764/1663 1999/2783/1675
f 1855/2720/1634 1863/2821/1700 1857/2761/1661
f 42/2769/1667 4/2835/1710 3/2800/1687
f 1996/2686/1617 1706/2795/1683 1999/2783/1675
f 1854/2711/1632 1860/2787/1679 1862/2806/1692
f 1998/2770/1657 1999/2783/1675 1900/2836/1711
f 1701/2759/1659 1707/2828/1706 1705/2808/1694
f 1/2837/1635 44/2838/1677 2/2839/1712
f 1807/2714/1612 1776/2832/1707 1821/2826/1704
f 1863/2821/1700 1541/2840/1713 1864/2824/1702
f 1999/2841/1675 1706/2842/1683 1669/2843/1714
f 2005/2781/1627 2062/2844/1655 2004/2704/1628
f 1998/2757/1657 1900/2845/1711 1899/2782/1674
f 1702/2809/1676 1705/2808/1694 1707/2828/1706
f 41/2752/1654 43/2774/1666 47/2846/1715
f 1702/2784/1676 1708/2847/1716 1704/2804/1690
f 3/2848/1687 4/2849/1710 5/2850/1717
f 2060/2729/1641 2063/2820/1699 2061/2736/1645
f 1851/2790/1681 1767/2851/1718 1822/2816/1697
f 44/2838/1677 3/2848/1687 6/2852/1719
f 1842/2767/1642 1822/2853/1697 1776/2832/1707
f 1859/2854/1664 1846/2855/1720 1850/2856/1696
f 42/2857/1667 46/2858/1709 4/2849/1710
f 41/2752/1654 47/2846/1715 46/2834/1709
f 88/2859/1619 89/2860/1639 1297/2861/1721
f 1821/2826/1704 1776/2832/1707 1823/2862/1722
f 1371/2717/1602 1372/2776/1672 1374/2863/1723
f 1818/2775/1671 1820/2807/1693 1824/2864/1724
f 1820/2807/1693 1825/2865/1725 1824/2864/1724
f 1995/2802/1616 1703/2801/1688 1709/2866/1726
f 1/2837/1635 2/2839/1712 1161/2867/1727
f 1369/2705/1629 1373/2797/1684 1372/2776/1672
f 18/2675/1611 1/2722/1635 1161/2868/1727
f 1702/2784/1676 1707/2869/1706 1708/2847/1716
f 1703/2801/1688 1704/2804/1690 1708/2847/1716
f 1810/2734/1542 1803/2827/1705 1796/2870/1620
f 89/2860/1639 1204/2819/1686 1297/2861/1721
f 3/2848/1687 5/2850/1717 6/2852/1719
f 1995/2802/1616 1709/2866/1726 1706/2814/1683
f 1859/2780/1664 1864/2824/1702 1847/2871/1728
f 1851/2872/1681 1850/2856/1696 1846/2855/1720
f 1199/2810/1621 40/2873/1643 1200/2811/1695
f 2061/2736/1645 2010/2874/1729 2064/2875/1730
f 1818/2775/1671 1824/2864/1724 1803/2827/1705
f 40/2873/1643 1188/2876/1731 1200/2811/1695
f 244/2739/1571 1296/2877/1682 1373/2797/1684
f 1899/2788/1674 1862/2806/1692 1860/2787/1679
f 1820/2807/1693 1821/2826/1704 1825/2865/1725
f 1864/2824/1702 1543/2878/1732 1847/2871/1728
f 43/2879/1666 7/2880/1733 47/2881/1715
f 1851/2882/1681 1846/2883/1720 1767/2884/1718
f 2061/2736/1645 2063/2820/1699 2010/2874/1729
f 1371/2717/1602 1374/2863/1723 1707/2885/1706
f 1821/2826/1704 1823/2862/1722 1826/2886/1734
f 44/2838/1677 8/2887/1735 2/2839/1712
f 7/2880/1733 9/2888/1736 47/2881/1715
f 1899/2782/1674 1671/2889/1737 1901/2890/1738
f 1899/2788/1674 1545/2891/1739 1862/2806/1692
f 1899/2782/1674 1900/2845/1711 1671/2889/1737
f 1855/2720/1634 1862/2806/1692 1545/2891/1739
f 1204/2819/1686 1203/2818/1698 1205/2892/1740
f 2004/2704/1628 2062/2844/1655 2006/2893/1741
f 5/2850/1717 10/2894/1742 6/2852/1719
f 44/2838/1677 6/2852/1719 8/2887/1735
f 1826/2886/1734 1769/2895/1743 1827/2896/1744
f 1823/2862/1722 1828/2897/1745 1826/2886/1734
f 4/2849/1710 11/2898/1746 5/2850/1717
f 1824/2864/1724 1825/2865/1725 1826/2886/1734
f 1821/2826/1704 1826/2886/1734 1825/2865/1725
f 1824/2864/1724 1826/2886/1734 1829/2899/1747
f 1826/2886/1734 1828/2897/1745 1769/2895/1743
f 1776/2832/1707 1828/2897/1745 1823/2862/1722
f 1769/2895/1743 1772/2900/1748 1827/2896/1744
f 46/2858/1709 12/2901/1749 4/2849/1710
f 1826/2886/1734 1827/2896/1744 1829/2899/1747
f 1703/2801/1688 1708/2847/1716 1709/2866/1726
f 46/2858/1709 47/2881/1715 12/2901/1749
f 1767/2884/1718 1846/2883/1720 1768/2902/1750
f 1803/2827/1705 1824/2864/1724 1829/2899/1747
f 1864/2824/1702 1541/2840/1713 1543/2878/1732
f 2061/2736/1645 2064/2875/1730 2007/2833/1708
f 1827/2896/1744 1774/2903/1751 1829/2899/1747
f 1822/2853/1697 1767/2904/1718 1776/2832/1707
f 5/2850/1717 13/2905/1752 10/2894/1742
f 1859/2854/1664 1847/2906/1728 1846/2855/1720
f 2062/2844/1655 2007/2907/1708 2006/2893/1741
f 4/2849/1710 12/2901/1749 11/2898/1746
f 1204/2819/1686 1205/2892/1740 1297/2861/1721
f 5/2850/1717 11/2898/1746 13/2905/1752
f 1776/2832/1707 1770/2908/1753 1828/2897/1745
f 1827/2896/1744 1772/2900/1748 1774/2903/1751
f 1899/2782/1674 1901/2890/1738 1545/2909/1739
f 1769/2910/1743 1828/2911/1745 1770/2912/1753
f 6/2852/1719 10/2894/1742 14/2913/1754
f 1855/2720/1634 1541/2840/1713 1863/2821/1700
f 47/2881/1715 9/2888/1736 12/2901/1749
f 10/2894/1742 15/2914/1755 14/2913/1754
f 40/2831/1643 45/2830/1701 1188/2915/1731
f 11/2898/1746 12/2901/1749 13/2905/1752
f 1829/2899/1747 1774/2903/1751 1830/2916/1756
f 2259/2822/1086 2004/2704/1628 2008/2917/1757
f 10/2894/1742 13/2905/1752 15/2914/1755
f 1769/2910/1743 1771/2918/1758 1772/2919/1748
f 1999/2783/1675 1670/2920/1759 1900/2836/1711
f 1902/2786/1678 2010/2874/1729 2063/2820/1699
f 14/2913/1754 15/2914/1755 16/2921/1760
f 1900/2922/1711 1670/2923/1759 1671/2924/1737
f 12/2901/1749 15/2914/1755 13/2905/1752
f 2/2839/1712 17/2925/1761 1161/2867/1727
f 2/2839/1712 8/2887/1735 17/2925/1761
f 6/2852/1719 14/2913/1754 16/2921/1760
f 1772/2919/1748 1771/2918/1758 1773/2926/1762
f 1772/2919/1748 1773/2926/1762 1774/2927/1751
f 2056/2928/1763 2065/2929/1763 1902/2930/1763
f 2056/2931/1556 1984/2932/1703 1865/2933/1764
f 1846/2883/1720 1775/2934/1765 1768/2902/1750
f 1829/2899/1747 1830/2916/1756 1781/2935/1766
f 1769/2910/1743 1770/2912/1753 1771/2918/1758
f 9/2888/1736 16/2921/1760 15/2914/1755
f 1706/2814/1683 1709/2866/1726 1708/2847/1716
f 18/2936/1611 1161/2937/1727 45/2938/1701
f 9/2888/1736 15/2914/1755 12/2901/1749
f 45/2938/1701 1161/2937/1727 1160/2939/1767
f 6/2852/1719 19/2940/1768 8/2887/1735
f 6/2852/1719 16/2921/1760 19/2940/1768
f 1855/2720/1634 1545/2891/1739 1541/2840/1713
f 1372/2776/1672 1373/2797/1684 1375/2941/1769
f 1776/2942/1707 1777/2943/1770 1770/2912/1753
f 9/2888/1736 20/2944/1771 16/2921/1760
f 16/2921/1760 20/2944/1771 21/2945/1772
f 16/2921/1760 21/2945/1772 19/2940/1768
f 1774/2903/1751 1781/2935/1766 1830/2916/1756
f 1767/2884/1718 1768/2902/1750 1775/2934/1765
f 8/2887/1735 19/2940/1768 17/2925/1761
f 1776/2942/1707 1778/2946/1773 1777/2943/1770
f 1770/2912/1753 1777/2943/1770 1779/2947/1774
f 1776/2942/1707 1767/2884/1718 1778/2946/1773
f 7/2880/1733 20/2944/1771 9/2888/1736
f 1770/2912/1753 1779/2947/1774 1771/2918/1758
f 1200/2811/1695 1206/2948/1775 1203/2818/1698
f 1297/2861/1721 1205/2892/1740 1299/2949/1776
f 1999/2841/1675 1669/2843/1714 1670/2923/1759
f 1706/2842/1683 1672/2950/1777 1669/2843/1714
f 88/2796/1619 1326/2951/1778 1296/2794/1682
f 1803/2827/1705 1829/2899/1747 1781/2935/1766
f 1706/2842/1683 1708/2952/1716 1673/2953/1779
f 17/2925/1761 19/2940/1768 22/2954/1780
f 1200/2955/1695 1188/2956/1731 1158/2957/1781
f 1203/2818/1698 1206/2948/1775 1205/2892/1740
f 1707/2958/1706 1378/2959/1782 1674/2960/1783
f 7/2880/1733 29/2961/1784 20/2944/1771
f 1771/2918/1758 1780/2962/1785 1773/2926/1762
f 1296/2877/1682 1319/2963/1786 1373/2797/1684
f 1372/2776/1672 1375/2941/1769 1374/2863/1723
f 1774/2927/1751 1773/2926/1762 1781/2964/1766
f 1366/2965/445 2259/2966/972 2000/2967/972
f 1541/2968/1713 1542/2969/1787 1543/2970/1732
f 1847/2971/1728 1543/2970/1732 1544/2972/1788
f 19/2940/1768 21/2945/1772 23/2973/1789
f 1771/2918/1758 1779/2947/1774 1782/2974/1790
f 1671/2924/1737 1670/2923/1759 1901/2975/1738
f 1771/2918/1758 1782/2974/1790 1780/2962/1785
f 88/2859/1619 1297/2861/1721 1326/2976/1778
f 1773/2926/1762 1783/2977/1791 1781/2964/1766
f 2007/2907/1708 2009/2978/1792 2006/2893/1741
f 209/2979/1793 24/2980/1794 7/2981/1733
f 1541/2968/1713 1545/2982/1739 1542/2969/1787
f 1296/2983/1795 1318/2984/1795 1319/2985/1795
f 1846/2883/1720 1784/2986/1796 1775/2934/1765
f 20/2944/1771 23/2973/1789 21/2945/1772
f 1767/2884/1718 1785/2987/1797 1778/2946/1773
f 1777/2943/1770 1786/2988/1798 1779/2947/1774
f 1296/2794/1682 1326/2951/1778 1318/2989/1799
f 1373/2797/1684 1319/2963/1786 1375/2941/1769
f 1297/2861/1721 1299/2949/1776 1207/2990/1800
f 1777/2943/1770 1778/2946/1773 1787/2991/1801
f 1707/2958/1706 1674/2960/1783 1708/2952/1716
f 19/2940/1768 25/2992/1802 22/2954/1780
f 1708/2952/1716 1674/2960/1783 1673/2953/1779
f 2007/2907/1708 2064/2993/1730 2009/2978/1792
f 1707/2958/1706 1374/2994/1723 1378/2959/1782
f 1543/2970/1732 1542/2969/1787 1544/2972/1788
f 1779/2947/1774 1786/2988/1798 1782/2974/1790
f 19/2940/1768 23/2973/1789 25/2992/1802
f 1777/2943/1770 1787/2991/1801 1786/2988/1798
f 1205/2892/1740 1206/2948/1775 1299/2949/1776
f 1161/2867/1727 17/2925/1761 1162/2995/1803
f 1669/2843/1714 1672/2950/1777 1675/2996/1804
f 1778/2946/1773 1785/2987/1797 1787/2991/1801
f 1901/2997/1738 1546/2998/1805 1545/2999/1739
f 1846/2883/1720 1847/3000/1728 1548/3001/1806
f 1767/2884/1718 1775/2934/1765 1784/2986/1796
f 17/2925/1761 22/2954/1780 1162/2995/1803
f 1773/2926/1762 1780/2962/1785 1788/3002/1807
f 1773/2926/1762 1788/3002/1807 1783/2977/1791
f 1901/2975/1738 1670/2923/1759 1676/3003/1808
f 1297/3004/1721 1298/3005/1809 1326/3006/1778
f 1902/2786/1678 2009/3007/1792 2010/2874/1729
f 1297/3004/1721 1207/3008/1800 1298/3005/1809
f 1706/2842/1683 1673/2953/1779 1677/3009/1810
f 22/2954/1780 25/2992/1802 1162/2995/1803
f 1669/2843/1714 1676/3003/1808 1670/2923/1759
f 1319/2963/1786 1318/3010/1799 1376/3011/1811
f 2056/2931/1556 1865/2933/1764 2065/3012/1812
f 20/2944/1771 24/3013/1794 23/2973/1789
f 1200/2811/1695 1208/3014/1813 1206/2948/1775
f 1706/2842/1683 1675/2996/1804 1672/2950/1777
f 2010/3015/1729 2009/2978/1792 2064/2993/1730
f 1780/2962/1785 1782/2974/1790 1788/3002/1807
f 1846/2883/1720 1548/3001/1806 1784/2986/1796
f 2259/2822/1086 2008/2917/1757 2000/3016/1814
f 1782/2974/1790 1786/2988/1798 1787/2991/1801
f 1781/2964/1766 1783/2977/1791 1789/3017/1815
f 1902/2786/1678 2065/3018/1812 2009/3007/1792
f 1206/2948/1775 1208/3014/1813 1209/3019/1816
f 1847/2971/1728 1544/2972/1788 1574/3020/1817
f 20/2944/1771 29/2961/1784 24/3013/1794
f 2004/3021/1628 2006/3022/1741 2008/3023/1757
f 1326/3024/1778 1298/3025/1809 1314/3026/1818
f 1796/3027/1620 1866/3028/1819 1984/2932/1703
f 1782/2974/1790 1790/3029/1820 1788/3002/1807
f 1322/3030/1821 1302/3031/1822 1303/3032/1823
f 1302/3033/1822 1320/3034/1824 1321/3035/1825
f 1322/3036/1821 1323/3037/1826 1302/3033/1822
f 1788/3002/1807 1790/3029/1820 1791/3038/1827
f 1783/2977/1791 1788/3002/1807 1791/3038/1827
f 1317/3039/1828 1210/3040/1829 1261/3041/1830
f 1302/3033/1822 1323/3037/1826 1320/3034/1824
f 1984/2932/1703 1866/3028/1819 1865/2933/1764
f 7/2981/1733 24/2980/1794 29/3042/1784
f 1782/2974/1790 1787/2991/1801 1790/3029/1820
f 1545/2982/1739 1546/3043/1805 1542/2969/1787
f 45/3044/1701 1159/3045/1831 1188/3046/1731
f 1302/3031/1822 1315/3047/1832 1303/3032/1823
f 1299/3048/1776 1300/3049/1833 1207/3050/1800
f 2006/3022/1741 2011/3051/1834 2008/3023/1757
f 1542/2969/1787 1547/3052/1835 1544/2972/1788
f 1787/2991/1801 1792/3053/1836 1790/3029/1820
f 1767/2884/1718 1784/2986/1796 1785/2987/1797
f 1847/3054/1728 1574/3055/1817 1548/3056/1806
f 25/2992/1802 1163/3057/1837 1162/2995/1803
f 1378/2959/1782 1678/3058/1838 1674/2960/1783
f 1320/3034/1824 1324/3059/1839 1321/3035/1825
f 1188/2956/1731 1189/3060/1840 1158/2957/1781
f 1374/2863/1723 1375/2941/1769 1319/2963/1786
f 1302/3033/1822 1321/3035/1825 1325/3061/1841
f 1208/3014/1813 1164/3062/1842 1209/3019/1816
f 1669/2843/1714 1675/2996/1804 1676/3003/1808
f 45/3044/1701 1160/3063/1767 1159/3045/1831
f 1326/3064/1778 1327/3065/1843 1318/3066/1799
f 1206/2948/1775 1300/3067/1833 1299/2949/1776
f 1206/2948/1775 1209/3019/1816 1301/3068/1844
f 1209/3019/1816 1164/3062/1842 1317/3069/1828
f 1781/2964/1766 1789/3017/1815 1887/3070/1845
f 1706/2842/1683 1677/3009/1810 1675/2996/1804
f 1320/3034/1824 1323/3037/1826 1328/3071/1846
f 1783/2977/1791 1791/3038/1827 1793/3072/1847
f 1785/2987/1797 1792/3053/1836 1787/2991/1801
f 1322/3030/1821 1304/3073/1848 1323/3074/1826
f 1188/3046/1731 1159/3045/1831 1189/3075/1840
f 1374/2863/1723 1319/2963/1786 1376/3011/1811
f 23/2973/1789 24/3013/1794 25/2992/1802
f 1790/3029/1820 1793/3072/1847 1791/3038/1827
f 1321/3035/1825 1324/3059/1839 1329/3076/1849
f 1544/2972/1788 1547/3052/1835 1577/3077/1850
f 1302/3031/1822 1336/3078/1851 1315/3047/1832
f 1318/3066/1799 1325/3061/1841 1321/3035/1825
f 1321/3035/1825 1329/3076/1849 1330/3079/1852
f 1318/3066/1799 1331/3080/1853 1376/3081/1811
f 2008/3023/1757 2011/3051/1834 2012/3082/1854
f 1320/3034/1824 1328/3071/1846 1332/3083/1855
f 1261/3041/1830 1306/3084/1856 1316/3085/1857
f 1161/3086/1727 1159/3045/1831 1160/3063/1767
f 1322/3030/1821 1303/3032/1823 1305/3087/1858
f 1784/2986/1796 1794/3088/1859 1785/2987/1797
f 1322/3030/1821 1305/3087/1858 1304/3073/1848
f 1790/3029/1820 1795/3089/1860 1793/3072/1847
f 1161/2867/1727 1162/2995/1803 1190/3090/1861
f 1261/3041/1830 1292/3091/1862 1306/3084/1856
f 1783/2977/1791 1793/3072/1847 1789/3017/1815
f 1785/2987/1797 1794/3088/1859 1792/3053/1836
f 1317/3039/1828 1261/3041/1830 1316/3085/1857
f 1320/3034/1824 1332/3083/1855 1324/3059/1839
f 1324/3059/1839 1332/3083/1855 1329/3076/1849
f 1318/3066/1799 1333/3092/1863 1325/3061/1841
f 1329/3076/1849 1334/3093/1864 1330/3079/1852
f 1901/2975/1738 1676/3003/1808 1679/3094/1865
f 1306/3095/1856 1292/3096/1862 1262/3097/1866
f 1318/3066/1799 1321/3035/1825 1330/3079/1852
f 1207/3050/1800 1314/3026/1818 1298/3025/1809
f 2006/3022/1741 2013/3098/1867 2011/3051/1834
f 209/2979/1793 26/3099/1868 24/2980/1794
f 2006/3022/1741 2009/3100/1792 2013/3098/1867
f 1673/2953/1779 1674/2960/1783 1677/3009/1810
f 1200/2955/1695 1158/2957/1781 1208/3101/1813
f 2008/2917/1757 2032/3102/1869 2000/3016/1814
f 1326/3064/1778 1314/3103/1818 1327/3065/1843
f 1323/3074/1826 1304/3073/1848 1328/3104/1846
f 1206/2948/1775 1301/3068/1844 1300/3067/1833
f 2011/3051/1834 2013/3098/1867 2014/3105/1870
f 1330/3079/1852 1334/3093/1864 1335/3106/1871
f 1790/3029/1820 1792/3053/1836 1795/3089/1860
f 2008/3023/1757 2012/3082/1854 2032/3107/1869
f 1302/3033/1822 1325/3061/1841 1336/3108/1851
f 1162/3109/1803 1163/3110/1837 1190/3111/1861
f 1328/3071/1846 1337/3112/1872 1332/3083/1855
f 1328/3104/1846 1304/3073/1848 1338/3113/1873
f 1796/3114/1874 1803/3115/1874 1866/3116/1874
f 1329/3076/1849 1332/3083/1855 1334/3093/1864
f 1901/2997/1738 1679/3117/1865 1579/3118/1875
f 1318/3066/1799 1327/3065/1843 1333/3092/1863
f 1901/2997/1738 1579/3118/1875 1546/2998/1805
f 1207/3050/1800 1301/3119/1844 1317/3120/1828
f 1317/3069/1828 1164/3062/1842 1210/3121/1829
f 1789/3017/1815 1793/3072/1847 1795/3089/1860
f 1784/2986/1796 1797/3122/1876 1794/3088/1859
f 2011/3051/1834 2014/3105/1870 2012/3082/1854
f 1674/2960/1783 1678/3058/1838 1677/3009/1810
f 1315/3047/1832 1316/3123/1857 1306/3124/1856
f 1161/3086/1727 1190/3125/1861 1159/3045/1831
f 209/2979/1793 1167/3126/1877 26/3099/1868
f 1209/3019/1816 1317/3069/1828 1301/3068/1844
f 1303/3032/1823 1315/3047/1832 1305/3087/1858
f 1318/3066/1799 1330/3079/1852 1331/3080/1853
f 1676/3003/1808 1680/3127/1878 1679/3094/1865
f 1328/3071/1846 1338/3128/1873 1337/3112/1872
f 1207/3050/1800 1300/3049/1833 1301/3119/1844
f 1332/3083/1855 1337/3112/1872 1334/3093/1864
f 2013/3098/1867 2015/3129/1879 2014/3105/1870
f 2014/3105/1870 2015/3129/1879 2016/3130/1880
f 1542/2969/1787 1549/3131/1881 1547/3052/1835
f 1676/3003/1808 1681/3132/1882 1680/3127/1878
f 1330/3079/1852 1335/3106/1871 1331/3080/1853
f 1542/2969/1787 1546/3043/1805 1575/3133/1883
f 1547/3052/1835 1549/3131/1881 1577/3077/1850
f 1546/2998/1805 1579/3118/1875 1575/3134/1883
f 1679/3094/1865 1680/3127/1878 1682/3135/1884
f 1315/3136/1832 1336/3137/1851 1307/3138/1885
f 2015/3129/1879 2017/3139/1886 2016/3130/1880
f 1792/3053/1836 1878/3140/1887 1795/3089/1860
f 1315/3047/1832 1263/3141/1888 1305/3087/1858
f 1675/2996/1804 1681/3132/1882 1676/3003/1808
f 2015/3129/1879 2018/3142/1889 2017/3139/1886
f 2013/3098/1867 2018/3142/1889 2015/3129/1879
f 1542/2969/1787 1575/3133/1883 1549/3131/1881
f 1784/2986/1796 1798/3143/1890 1797/3122/1876
f 1315/3047/1832 1306/3124/1856 1263/3141/1888
f 25/2992/1802 26/3144/1868 1163/3057/1837
f 2019/3145/1891 2020/3146/1892 2021/3147/1893
f 2019/3145/1891 2022/3148/1894 2020/3146/1892
f 2017/3139/1886 2018/3142/1889 2023/3149/1895
f 1784/2986/1796 1548/3001/1806 1798/3143/1890
f 1789/3017/1815 1795/3089/1860 1799/3150/1896
f 1679/3117/1865 1580/3151/1897 1579/3118/1875
f 2019/3145/1891 2021/3147/1893 1903/3152/1898
f 1675/2996/1804 1677/3009/1810 1683/3153/1899
f 2018/3142/1889 2021/3147/1893 2023/3149/1895
f 1315/3136/1832 1308/3154/1900 1316/3155/1857
f 2019/3145/1891 1903/3152/1898 2024/3156/1901
f 1210/3040/1829 1293/3157/1902 1261/3041/1830
f 1803/3158/1705 1781/2964/1766 1887/3070/1845
f 2021/3147/1893 1867/3159/1903 1903/3152/1898
f 1325/3061/1841 1333/3092/1863 1339/3160/1904
f 1903/3161/1898 1867/3162/1903 2025/3163/1905
f 1261/3041/1830 1293/3157/1902 1292/3091/1862
f 1579/3118/1875 1580/3151/1897 1581/3164/1906
f 1680/3127/1878 1684/3165/1907 1682/3135/1884
f 2017/3139/1886 2023/3149/1895 2021/3147/1893
f 1337/3112/1872 1338/3128/1873 1340/3166/1908
f 2012/3082/1854 2014/3105/1870 2032/3107/1869
f 2017/3139/1886 2021/3147/1893 2020/3146/1892
f 1679/3094/1865 1685/3167/1909 1580/3168/1897
f 209/2979/1793 1190/3169/1861 1167/3126/1877
f 2013/3098/1867 2021/3147/1893 2018/3142/1889
f 1803/3170/1705 1801/3171/1910 1866/3028/1819
f 1210/3172/1829 1164/3173/1842 1165/3174/1911
f 1580/3151/1897 1685/3175/1909 1582/3176/1912
f 2019/3145/1891 2024/3156/1901 2022/3148/1894
f 1903/3152/1898 2025/3177/1905 2024/3156/1901
f 1789/3017/1815 1799/3150/1896 1800/3178/1913
f 1580/3151/1897 1582/3176/1912 1581/3164/1906
f 1867/3162/1903 1869/3179/1914 2025/3163/1905
f 1679/3094/1865 1682/3135/1884 1685/3167/1909
f 1680/3127/1878 1681/3132/1882 1684/3165/1907
f 1579/3118/1875 1581/3164/1906 1583/3180/1915
f 1582/3176/1912 1584/3181/1916 1583/3180/1915
f 1579/3118/1875 1585/3182/1917 1575/3134/1883
f 1544/2972/1788 1577/3077/1850 1574/3020/1817
f 1374/2863/1723 1377/3183/1918 1378/3184/1782
f 1334/3093/1864 1337/3112/1872 1340/3166/1908
f 1579/3118/1875 1586/3185/1919 1585/3182/1917
f 1338/3128/1873 1341/3186/1920 1340/3166/1908
f 1682/3135/1884 1684/3165/1907 1685/3167/1909
f 1684/3165/1907 1686/3187/1921 1685/3167/1909
f 1304/3073/1848 1305/3087/1858 1309/3188/1922
f 1304/3073/1848 1341/3189/1920 1338/3113/1873
f 2065/3190/1812 2013/3098/1867 2009/3100/1792
f 2022/3148/1894 2024/3156/1901 2025/3177/1905
f 1376/3081/1811 1331/3080/1853 1342/3191/1923
f 1581/3164/1906 1582/3176/1912 1583/3180/1915
f 1315/3136/1832 1310/3192/1924 1308/3154/1900
f 1867/3193/1903 1868/3194/1925 1869/3195/1914
f 1340/3166/1908 1341/3186/1920 1343/3196/1926
f 1579/3118/1875 1583/3180/1915 1586/3185/1919
f 1305/3087/1858 1263/3141/1888 1309/3188/1922
f 1584/3181/1916 1489/3197/1927 1587/3198/1928
f 1304/3073/1848 1311/3199/1929 1341/3189/1920
f 1207/3050/1800 1317/3120/1828 1314/3026/1818
f 1792/3053/1836 1794/3088/1859 1878/3140/1887
f 1331/3080/1853 1335/3106/1871 1342/3191/1923
f 1374/2863/1723 1376/3011/1811 1377/3183/1918
f 1675/2996/1804 1683/3153/1899 1681/3132/1882
f 24/3013/1794 27/3200/1930 25/2992/1802
f 1685/3175/1909 1584/3181/1916 1582/3176/1912
f 1681/3132/1882 1685/3167/1909 1686/3187/1921
f 1306/3095/1856 1262/3097/1866 1263/3201/1888
f 1584/3181/1916 1490/3202/1931 1489/3197/1927
f 2013/3098/1867 1867/3159/1903 2021/3147/1893
f 1865/2933/1764 1866/3028/1819 1870/3203/1932
f 1327/3065/1843 1339/3160/1904 1333/3092/1863
f 1869/3195/1914 1868/3194/1925 1871/3204/1933
f 1316/3155/1857 1308/3154/1900 1310/3192/1924
f 1163/3205/1934 26/3206/1934 1167/3207/1934
f 1341/3189/1920 1311/3199/1929 1343/3208/1926
f 1208/3101/1813 1165/3174/1911 1164/3173/1842
f 1681/3132/1882 1686/3187/1921 1684/3165/1907
f 1489/3197/1927 1550/3209/1935 1587/3198/1928
f 1584/3181/1916 1587/3198/1928 1588/3210/1936
f 1489/3211/1927 1490/3212/1931 1592/3213/1937
f 1867/3193/1903 1872/3214/1938 1868/3194/1925
f 2022/3148/1894 2025/3177/1905 2026/3215/1939
f 2020/3146/1892 2022/3148/1894 2026/3215/1939
f 1304/3073/1848 1309/3188/1922 1311/3199/1929
f 1677/3009/1810 1678/3058/1838 1687/3216/1940
f 2017/3139/1886 2020/3146/1892 2027/3217/1941
f 1583/3180/1915 1584/3181/1916 1588/3210/1936
f 1489/3197/1927 1589/3218/1942 1550/3209/1935
f 2016/3130/1880 2017/3139/1886 2027/3217/1941
f 1868/3194/1925 1873/3219/1943 1871/3204/1933
f 1795/3089/1860 1878/3140/1887 1799/3150/1896
f 1309/3188/1922 1312/3220/1944 1311/3199/1929
f 1334/3093/1864 1340/3166/1908 1344/3221/1945
f 1263/3141/1888 1312/3220/1944 1309/3188/1922
f 1685/3175/1909 1490/3202/1931 1584/3181/1916
f 1575/3134/1883 1585/3182/1917 1590/3222/1946
f 2065/3190/1812 1867/3159/1903 2013/3098/1867
f 1583/3180/1915 1588/3210/1936 1586/3185/1919
f 1334/3093/1864 1345/3223/1947 1335/3106/1871
f 2065/3012/1812 1872/3214/1938 1867/3193/1903
f 2014/3105/1870 2016/3130/1880 2027/3217/1941
f 1585/3182/1917 1586/3185/1919 1588/3210/1936
f 1585/3182/1917 1588/3210/1936 1591/3224/1948
f 2065/3012/1812 1865/2933/1764 1872/3214/1938
f 1489/3197/1927 1592/3225/1937 1589/3218/1942
f 24/2980/1794 26/3099/1868 28/3226/1949
f 1678/3058/1838 1383/3227/1950 1687/3216/1940
f 1340/3166/1908 1343/3196/1926 1346/3228/1951
f 1677/3009/1810 1687/3216/1940 1683/3153/1899
f 1550/3209/1935 1589/3218/1942 1593/3229/1952
f 1335/3106/1871 1345/3223/1947 1342/3191/1923
f 1587/3198/1928 1591/3224/1948 1588/3210/1936
f 1681/3132/1882 1683/3153/1899 1688/3230/1953
f 1681/3132/1882 1688/3230/1953 1685/3167/1909
f 1592/3213/1937 1491/3231/1954 1589/3232/1942
f 2020/3146/1892 2026/3215/1939 2027/3217/1941
f 1315/3136/1832 1313/3233/1955 1310/3192/1924
f 1587/3198/1928 1550/3209/1935 1551/3234/1956
f 24/3013/1794 28/3235/1949 27/3200/1930
f 1378/3184/1782 1377/3183/1918 1379/3236/1957
f 1376/3081/1811 1342/3191/1923 1347/3237/1958
f 1292/3096/1862 1293/3238/1902 1262/3097/1866
f 1314/3103/1818 1348/3239/1959 1327/3065/1843
f 1316/3155/1857 1310/3192/1924 1313/3233/1955
f 1317/3240/1828 1316/3155/1857 1313/3233/1955
f 1210/3172/1829 1165/3174/1911 1166/3241/1960
f 1803/3158/1705 1887/3070/1845 1801/3242/1910
f 1315/3136/1832 1307/3138/1885 1313/3233/1955
f 1868/3194/1925 1874/3243/1961 1873/3219/1943
f 1865/2933/1764 1875/3244/1962 1868/3194/1925
f 1589/3232/1942 1491/3231/1954 1492/3245/1963
f 2025/3163/1905 1869/3179/1914 1876/3246/1964
f 1311/3247/1929 1312/3248/1944 1264/3249/1965
f 1334/3093/1864 1344/3221/1945 1349/3250/1966
f 1575/3251/1883 1590/3252/1946 1576/3253/1967
f 1325/3061/1841 1350/3254/1968 1336/3108/1851
f 1336/3137/1851 1350/3255/1968 1307/3138/1885
f 1577/3077/1850 1549/3131/1881 1575/3133/1883
f 1685/3256/1909 1688/3257/1953 1493/3258/1969
f 2032/3107/1869 2014/3105/1870 2027/3217/1941
f 1340/3166/1908 1346/3228/1951 1344/3221/1945
f 1585/3182/1917 1591/3224/1948 1590/3222/1946
f 1343/3208/1926 1311/3199/1929 1264/3259/1965
f 1163/3110/1837 1167/3260/1877 1190/3111/1861
f 1378/2959/1782 1379/3261/1957 1678/3058/1838
f 1590/3222/1946 1591/3224/1948 1594/3262/1970
f 25/2992/1802 27/3200/1930 26/3144/1868
f 1342/3191/1923 1345/3223/1947 1347/3237/1958
f 1869/3195/1914 1871/3204/1933 1876/3263/1964
f 1868/3194/1925 1875/3244/1962 1874/3243/1961
f 1685/3256/1909 1493/3258/1969 1490/3212/1931
f 1550/3264/1935 1593/3265/1952 1551/3266/1956
f 1865/2933/1764 1868/3194/1925 1872/3214/1938
f 1577/3077/1850 1575/3133/1883 1576/3267/1967
f 1334/3093/1864 1349/3250/1966 1345/3223/1947
f 1590/3252/1946 1594/3268/1970 1576/3253/1967
f 1376/3011/1811 1380/3269/1971 1377/3183/1918
f 1587/3198/1928 1555/3270/1972 1591/3224/1948
f 1587/3198/1928 1551/3234/1956 1555/3270/1972
f 1871/3204/1933 1873/3219/1943 1876/3263/1964
f 1343/3196/1926 1264/3271/1965 1346/3228/1951
f 1589/3272/1942 1492/3273/1963 1593/3265/1952
f 209/3274/1520 86/3275/1607 1190/3276/1973
f 1873/3219/1943 1874/3243/1961 1875/3244/1962
f 1344/3221/1945 1346/3228/1951 1351/3277/1974
f 1592/3213/1937 1494/3278/1975 1491/3231/1954
f 1687/3216/1940 1383/3227/1950 1689/3279/1976
f 1548/3056/1806 1574/3055/1817 1552/3280/1977
f 1312/3248/1944 1265/3281/1978 1264/3249/1965
f 1262/3097/1866 1266/3282/1979 1263/3201/1888
f 1794/3088/1859 1797/3122/1876 1878/3140/1887
f 1865/2933/1764 1870/3203/1932 1875/3244/1962
f 1327/3065/1843 1348/3239/1959 1339/3160/1904
f 1591/3224/1948 1555/3270/1972 1594/3262/1970
f 1490/3212/1931 1494/3278/1975 1592/3213/1937
f 1797/3283/1876 1877/3284/1980 1878/3285/1887
f 1263/3201/1888 1266/3282/1979 1312/3248/1944
f 1797/3283/1876 1798/3286/1890 1877/3284/1980
f 1678/3058/1838 1379/3261/1957 1383/3227/1950
f 1873/3219/1943 1879/3287/1981 1876/3263/1964
f 1314/3288/1982 1317/3289/1982 1348/3290/1982
f 1376/3081/1811 1347/3237/1958 1268/3291/1983
f 1344/3221/1945 1351/3277/1974 1349/3250/1966
f 1346/3228/1951 1264/3271/1965 1351/3277/1974
f 1683/3153/1899 1687/3216/1940 1689/3279/1976
f 1376/3011/1811 1381/3292/1984 1380/3269/1971
f 1264/3271/1965 1268/3291/1983 1351/3277/1974
f 1317/3240/1828 1350/3255/1968 1348/3293/1959
f 1688/3257/1953 1495/3294/1985 1493/3258/1969
f 1264/3249/1965 1267/3295/1986 1268/3296/1983
f 1210/3040/1829 1168/3297/1987 1293/3157/1902
f 1376/3011/1811 1268/3298/1983 1381/3292/1984
f 1490/3212/1931 1493/3258/1969 1494/3278/1975
f 1347/3237/1958 1352/3299/1988 1268/3291/1983
f 1491/3231/1954 1496/3300/1989 1492/3245/1963
f 1492/3273/1963 1496/3301/1989 1553/3302/1990
f 1349/3250/1966 1351/3277/1974 1268/3291/1983
f 1345/3223/1947 1349/3250/1966 1268/3291/1983
f 1576/3253/1967 1594/3268/1970 1554/3303/1991
f 1345/3223/1947 1268/3291/1983 1352/3299/1988
f 1325/3061/1841 1339/3160/1904 1350/3254/1968
f 1312/3248/1944 1266/3282/1979 1265/3281/1978
f 2032/3107/1869 2027/3217/1941 2026/3215/1939
f 1345/3223/1947 1352/3299/1988 1347/3237/1958
f 1683/3153/1899 1689/3279/1976 1507/3304/1992
f 1873/3219/1943 1875/3244/1962 1880/3305/1993
f 1683/3153/1899 1495/3306/1985 1688/3230/1953
f 1594/3268/1970 1555/3307/1972 1554/3303/1991
f 26/3144/1868 27/3200/1930 28/3235/1949
f 2025/3177/1905 1881/3308/1994 2026/3215/1939
f 2025/3309/1905 1876/3263/1964 1881/3310/1994
f 1593/3265/1952 1492/3273/1963 1553/3302/1990
f 1293/3157/1902 1168/3297/1987 1120/3311/1995
f 1493/3258/1969 1495/3294/1985 1497/3312/1996
f 1593/3265/1952 1553/3302/1990 1551/3266/1956
f 1264/3249/1965 1265/3281/1978 1266/3282/1979
f 1208/3101/1813 1086/3313/1997 1165/3174/1911
f 1159/3045/1831 1190/3125/1861 1189/3075/1840
f 1158/2957/1781 1086/3313/1997 1208/3101/1813
f 1210/3172/1829 1166/3241/1960 1168/3314/1987
f 1683/3153/1899 1507/3304/1992 1690/3315/1998
f 1493/3258/1969 1497/3312/1996 1494/3278/1975
f 1551/3266/1956 1556/3316/1999 1555/3307/1972
f 1683/3153/1899 1690/3315/1998 1495/3306/1985
f 1873/3219/1943 1880/3305/1993 1879/3287/1981
f 1555/3307/1972 1556/3316/1999 1554/3303/1991
f 1491/3231/1954 1474/3317/2000 1496/3300/1989
f 1799/3150/1896 1889/3318/2001 1800/3178/1913
f 1789/3017/1815 1800/3178/1913 1889/3318/2001
f 1876/3263/1964 1879/3287/1981 1881/3310/1994
f 1262/3097/1866 1269/3319/2002 1266/3282/1979
f 1317/3240/1828 1313/3233/1955 1350/3255/1968
f 1264/3249/1965 1266/3282/1979 1270/3320/2003
f 1307/3138/1885 1350/3255/1968 1313/3233/1955
f 1574/3055/1817 1577/3321/1850 1552/3280/1977
f 1491/3231/1954 1494/3278/1975 1498/3322/2004
f 1377/3183/1918 1380/3269/1971 1382/3323/2005
f 1377/3183/1918 1383/3324/1950 1379/3236/1957
f 1689/3279/1976 1691/3325/2006 1507/3304/1992
f 1268/3296/1983 1267/3295/1986 1381/3326/1984
f 1264/3249/1965 1270/3320/2003 1271/3327/2007
f 1377/3183/1918 1382/3323/2005 1383/3324/1950
f 2032/3107/1869 2026/3215/1939 2028/3328/2008
f 1165/3174/1911 1086/3313/1997 1169/3329/2009
f 1383/3227/1950 1692/3330/2010 1689/3279/1976
f 1262/3097/1866 1293/3238/1902 1294/3331/2011
f 1380/3269/1971 1381/3292/1984 1382/3323/2005
f 1264/3249/1965 1272/3332/2012 1267/3295/1986
f 1273/3333/2013 1274/3334/2014 1275/3335/2015
f 1165/3174/1911 1169/3329/2009 1166/3241/1960
f 1383/3227/1950 1693/3336/2016 1692/3330/2010
f 1158/2957/1781 1189/3060/1840 1086/3313/1997
f 1502/3337/2017 1503/3338/2018 1276/3339/2019
f 1494/3278/1975 1499/3340/2020 1498/3322/2004
f 1275/3335/2015 1276/3339/2019 1503/3338/2018
f 1494/3278/1975 1497/3312/1996 1500/3341/2021
f 1273/3333/2013 1509/3342/2022 1274/3334/2014
f 1274/3334/2014 1277/3343/2023 1275/3335/2015
f 1274/3334/2014 1502/3337/2017 1276/3339/2019
f 1275/3335/2015 1503/3338/2018 1278/3344/2024
f 1689/3279/1976 1693/3336/2016 1691/3325/2006
f 1497/3312/1996 1501/3345/2025 1500/3341/2021
f 1551/3266/1956 1553/3302/1990 1557/3346/2026
f 1495/3294/1985 1690/3347/1998 1497/3312/1996
f 1875/3244/1962 1882/3348/2027 1880/3305/1993
f 1689/3279/1976 1692/3330/2010 1693/3336/2016
f 1502/3349/2017 1499/3340/2020 1503/3350/2018
f 1503/3350/2018 1499/3340/2020 1500/3341/2021
f 1498/3322/2004 1504/3351/2028 1505/3352/2029
f 1494/3278/1975 1500/3341/2021 1499/3340/2020
f 1497/3312/1996 1506/3353/2030 1501/3345/2025
f 1271/3327/2007 1279/3354/2031 1272/3332/2012
f 1267/3295/1986 1272/3332/2012 1279/3354/2031
f 1166/3241/1960 1169/3329/2009 1168/3314/1987
f 1497/3312/1996 1690/3347/1998 1506/3353/2030
f 1266/3282/1979 1269/3319/2002 1270/3320/2003
f 1273/3333/2013 1278/3344/2024 1280/3355/2032
f 1498/3322/2004 1499/3340/2020 1504/3351/2028
f 1273/3333/2013 1275/3335/2015 1278/3344/2024
f 1576/3253/1967 1554/3303/1991 1558/3356/2033
f 1576/3253/1967 1558/3356/2033 1578/3357/2034
f 1548/3056/1806 1552/3280/1977 1559/3358/2035
f 1273/3333/2013 1280/3355/2032 1509/3342/2022
f 1548/3359/2036 1526/3360/2036 1798/3361/2036
f 1293/3157/1902 1120/3311/1995 1294/3362/2011
f 1274/3334/2014 1509/3342/2022 1281/3363/2037
f 1274/3334/2014 1276/3339/2019 1277/3343/2023
f 1507/3364/1992 1508/3365/2038 1690/3347/1998
f 1878/3285/1887 1877/3284/1980 1883/3366/2039
f 1339/3160/1904 1348/3239/1959 1350/3254/1968
f 1554/3303/1991 1556/3316/1999 1558/3356/2033
f 1381/3326/1984 1267/3295/1986 1384/3367/2040
f 1275/3335/2015 1277/3343/2023 1276/3339/2019
f 1551/3266/1956 1557/3346/2026 1556/3316/1999
f 1507/3304/1992 1691/3325/2006 1510/3368/2041
f 1875/3244/1962 1884/3369/2042 1882/3348/2027
f 1264/3249/1965 1271/3327/2007 1272/3332/2012
f 1491/3370/1954 1498/3371/2004 1473/3372/2043
f 1789/3017/1815 1889/3318/2001 1887/3070/1845
f 1502/3349/2017 1504/3351/2028 1499/3340/2020
f 1577/3321/1850 1576/3373/1967 1552/3280/1977
f 1274/3334/2014 1281/3363/2037 1502/3337/2017
f 1870/3203/1932 1885/3374/2044 1875/3244/1962
f 1502/3349/2017 1505/3352/2029 1504/3351/2028
f 1383/3227/1950 1691/3325/2006 1693/3336/2016
f 1502/3349/2017 1509/3375/2022 1505/3352/2029
f 1690/3347/1998 1508/3365/2038 1506/3353/2030
f 1503/3350/2018 1500/3341/2021 1501/3345/2025
f 1381/3292/1984 1384/3376/2040 1382/3323/2005
f 1496/3301/1989 1474/3377/2000 1560/3378/2045
f 1503/3350/2018 1501/3345/2025 1510/3379/2041
f 1548/3380/1806 1559/3381/2035 1525/3382/2046
f 1496/3301/1989 1557/3346/2026 1553/3302/1990
f 1501/3345/2025 1511/3383/2047 1510/3379/2041
f 1548/3380/1806 1525/3382/2046 1526/3384/2048
f 1383/3227/1950 1384/3385/2040 1691/3325/2006
f 1262/3097/1866 1282/3386/2049 1269/3319/2002
f 1502/3337/2017 1281/3363/2037 1509/3342/2022
f 1501/3345/2025 1506/3353/2030 1508/3365/2038
f 1503/3338/2018 1283/3387/2050 1278/3344/2024
f 1510/3379/2041 1511/3383/2047 1512/3388/2051
f 1501/3345/2025 1512/3388/2051 1511/3383/2047
f 1503/3338/2018 1284/3389/2052 1283/3387/2050
f 1507/3364/1992 1510/3379/2041 1512/3388/2051
f 1691/3390/2053 1384/3391/2053 1510/3392/2053
f 1270/3320/2003 1279/3354/2031 1271/3327/2007
f 1383/3324/1950 1382/3323/2005 1384/3376/2040
f 1498/3371/2004 1505/3393/2029 1513/3394/2054
f 1875/3244/1962 1885/3374/2044 1884/3369/2042
f 1270/3320/2003 1285/3395/2055 1279/3354/2031
f 1556/3316/1999 1557/3346/2026 1561/3396/2056
f 1267/3295/1986 1286/3397/2057 1384/3367/2040
f 1503/3338/2018 1510/3398/2041 1284/3389/2052
f 1866/3028/1819 1885/3374/2044 1870/3203/1932
f 1384/3367/2040 1284/3389/2052 1510/3398/2041
f 1556/3316/1999 1561/3396/2056 1558/3356/2033
f 1507/3364/1992 1512/3388/2051 1508/3365/2038
f 1496/3301/1989 1560/3378/2045 1557/3346/2026
f 1879/3287/1981 1880/3305/1993 1881/3310/1994
f 1189/3075/1840 1190/3125/1861 1170/3399/2058
f 1498/3371/2004 1513/3394/2054 1473/3372/2043
f 1267/3295/1986 1283/3387/2050 1286/3397/2057
f 1270/3320/2003 1287/3400/2059 1285/3395/2055
f 1384/3367/2040 1286/3397/2057 1284/3389/2052
f 1278/3344/2024 1283/3387/2050 1288/3401/2060
f 1283/3387/2050 1289/3402/2061 1285/3395/2055
f 1880/3305/1993 1882/3348/2027 1884/3369/2042
f 1576/3373/1967 1578/3403/2034 1552/3280/1977
f 1267/3295/1986 1289/3402/2061 1283/3387/2050
f 1501/3345/2025 1508/3365/2038 1512/3388/2051
f 1267/3295/1986 1279/3354/2031 1289/3402/2061
f 1278/3344/2024 1288/3401/2060 1280/3355/2032
f 1283/3387/2050 1285/3395/2055 1288/3401/2060
f 1557/3346/2026 1562/3404/2062 1561/3396/2056
f 2000/3405/1814 2032/3107/1869 2028/3328/2008
f 1168/3314/1987 1169/3329/2009 1093/3406/2063
f 86/3407/1560 1132/3408/2064 1190/3409/1861
f 1283/3387/2050 1284/3389/2052 1286/3397/2057
f 1262/3097/1866 1290/3410/2065 1282/3386/2049
f 1561/3396/2056 1562/3404/2062 1563/3411/2066
f 1491/3412/1954 1473/3413/2043 1474/3414/2000
f 1285/3395/2055 1287/3400/2059 1288/3401/2060
f 1509/3415/2022 1280/3416/2032 1211/3417/2067
f 1269/3319/2002 1287/3400/2059 1270/3320/2003
f 1262/3097/1866 1294/3331/2011 1290/3410/2065
f 1557/3346/2026 1560/3378/2045 1564/3418/2068
f 1557/3346/2026 1564/3418/2068 1562/3404/2062
f 1878/3140/1887 1802/3419/2069 1799/3150/1896
f 1279/3354/2031 1285/3395/2055 1289/3402/2061
f 1866/3028/1819 1801/3171/1910 1885/3374/2044
f 1280/3355/2032 1288/3401/2060 1214/3420/2070
f 2026/3215/1939 1881/3308/1994 2029/3421/2071
f 1474/3377/2000 1565/3422/2072 1560/3378/2045
f 1798/3286/1890 1526/3423/2048 1886/3424/2073
f 1287/3400/2059 1214/3420/2070 1288/3401/2060
f 1509/3415/2022 1211/3417/2067 1505/3425/2029
f 1887/3426/1845 1888/3427/2074 1801/3171/1910
f 1558/3356/2033 1561/3396/2056 1566/3428/2075
f 1558/3356/2033 1566/3428/2075 1578/3357/2034
f 1562/3404/2062 1567/3429/2076 1563/3411/2066
f 1880/3305/1993 2029/3430/2071 1881/3310/1994
f 1474/3414/2000 1473/3413/2043 1565/3431/2072
f 1505/3393/2029 1478/3432/2077 1513/3394/2054
f 1280/3355/2032 1214/3420/2070 1213/3433/2078
f 1798/3286/1890 1639/3434/2079 1877/3284/1980
f 1561/3396/2056 1563/3411/2066 1566/3428/2075
f 1189/3060/1840 1192/3435/2080 1086/3313/1997
f 1798/3286/1890 1886/3424/2073 1639/3434/2079
f 1526/3436/2048 1622/3437/2081 1638/3438/2082
f 1086/3313/1997 1171/3439/2083 1169/3329/2009
f 2026/3215/1939 2029/3421/2071 2030/3440/2084
f 1189/3075/1840 1170/3399/2058 1067/3441/2085
f 1562/3404/2062 1564/3418/2068 1527/3442/2086
f 1560/3378/2045 1565/3422/2072 1568/3443/2087
f 1552/3280/1977 1578/3403/2034 1569/3444/2088
f 1878/3285/1887 1883/3366/2039 1802/3445/2069
f 1563/3411/2066 1567/3429/2076 1566/3428/2075
f 1560/3378/2045 1568/3443/2087 1564/3418/2068
f 1562/3404/2062 1527/3442/2086 1567/3429/2076
f 2000/3405/1814 2028/3328/2008 1735/3446/2089
f 1269/3319/2002 1282/3386/2049 1287/3400/2059
f 2028/3328/2008 2030/3440/2084 2029/3421/2071
f 1189/3060/1840 1068/3447/2090 1191/3448/2091
f 1526/3436/2048 1638/3438/2082 1886/3449/2073
f 1887/3426/1845 1889/3450/2001 1802/3445/2069
f 1886/3451/2073 1638/3452/2082 1639/3453/2079
f 1799/3150/1896 1802/3419/2069 1889/3318/2001
f 1086/3454/1997 1087/3455/2092 1171/3456/2083
f 1287/3400/2059 1291/3457/2093 1214/3420/2070
f 1578/3403/2034 1570/3458/2094 1569/3444/2088
f 1552/3280/1977 1569/3444/2088 1559/3358/2035
f 1505/3425/2029 1211/3417/2067 1212/3459/2095
f 1578/3357/2034 1566/3428/2075 1570/3460/2094
f 2026/3215/1939 2030/3440/2084 2028/3328/2008
f 1526/3436/2048 1623/3461/2096 1622/3437/2081
f 1280/3416/2032 1213/3462/2078 1211/3417/2067
f 1567/3463/2076 1527/3464/2086 1528/3465/2097
f 1086/3313/1997 1192/3435/2080 1172/3466/2098
f 1282/3386/2049 1291/3457/2093 1287/3400/2059
f 1884/3369/2042 1885/3374/2044 1890/3467/2099
f 1282/3386/2049 1290/3410/2065 1291/3457/2093
f 1169/3329/2009 1171/3439/2083 1093/3406/2063
f 1168/3468/1987 1119/3469/2100 1120/3470/1995
f 1189/3471/1840 1067/3472/2085 1068/3473/2090
f 1884/3369/2042 1890/3467/2099 1891/3474/2101
f 1880/3305/1993 1884/3369/2042 1891/3474/2101
f 1189/3060/1840 1191/3448/2091 1192/3435/2080
f 1622/3437/2081 1623/3461/2096 1624/3475/2102
f 1214/3476/2070 1291/3477/2093 1215/3478/2103
f 1173/3479/2104 1196/3480/2105 1174/3481/2106
f 1192/3482/2080 1175/3483/2107 1172/3484/2098
f 1564/3418/2068 1568/3443/2087 1571/3485/2108
f 1564/3418/2068 1571/3485/2108 1527/3442/2086
f 1565/3422/2072 1571/3485/2108 1568/3443/2087
f 1623/3461/2096 1625/3486/2109 1624/3475/2102
f 1120/3487/1995 1119/3488/2100 1294/3489/2011
f 1173/3479/2104 1194/3490/2110 1196/3480/2105
f 1191/3491/2091 1172/3484/2098 1175/3483/2107
f 1173/3479/2104 1195/3492/2111 1194/3490/2110
f 1192/3482/2080 1193/3493/2112 1175/3483/2107
f 1173/3479/2104 1174/3481/2106 1195/3492/2111
f 1194/3490/2110 1195/3492/2111 1198/3494/2113
f 1473/3372/2043 1513/3394/2054 1478/3432/2077
f 1639/3453/2079 1638/3452/2082 1892/3495/2114
f 1192/3496/2080 1176/3497/2115 1193/3498/2112
f 1192/3496/2080 1191/3491/2091 1176/3497/2115
f 1638/3438/2082 1622/3437/2081 1624/3475/2102
f 1194/3499/2110 1198/3500/2113 1197/3501/2116
f 1190/3125/1861 1134/3502/2117 1170/3399/2058
f 1196/3503/2105 1194/3499/2110 1197/3501/2116
f 1175/3483/2107 1193/3493/2112 1177/3504/2118
f 1877/3284/1980 1639/3434/2079 1892/3505/2114
f 1190/3125/1861 1178/3506/2119 1134/3502/2117
f 1877/3284/1980 1892/3505/2114 1893/3507/2120
f 1526/3436/2048 1625/3486/2109 1623/3461/2096
f 1193/3493/2112 1179/3508/2121 1180/3509/2122
f 1887/3426/1845 1802/3445/2069 1888/3427/2074
f 1801/3171/1910 1883/3366/2039 1885/3374/2044
f 1195/3492/2111 1179/3508/2121 1193/3493/2112
f 1214/3476/2070 1215/3478/2103 1216/3510/2123
f 1196/3511/2105 1198/3494/2113 1195/3492/2111
f 1294/3489/2011 1119/3488/2100 1290/3512/2065
f 1174/3481/2106 1179/3508/2121 1195/3492/2111
f 1181/3513/2124 1182/3514/2125 1183/3515/2126
f 1214/3476/2070 1216/3510/2123 1213/3462/2078
f 1195/3516/2111 1193/3498/2112 1184/3517/2127
f 1191/3491/2091 1175/3483/2107 1185/3518/2128
f 1526/3436/2048 1525/3519/2046 1626/3520/2129
f 1181/3513/2124 1186/3521/2130 1088/3522/2131
f 1180/3509/2122 1179/3508/2121 1176/3497/2115
f 1182/3514/2125 1186/3521/2130 1183/3515/2126
f 1172/3484/2098 1088/3522/2131 1118/3523/2132
f 1175/3483/2107 1177/3504/2118 1185/3518/2128
f 1088/3524/2131 1186/3525/2130 1118/3526/2132
f 1196/3527/2133 1197/3528/2133 1198/3529/2133
f 1168/3468/1987 1092/3530/2134 1119/3469/2100
f 1193/3498/2112 1176/3497/2115 1184/3517/2127
f 1174/3481/2106 1184/3517/2127 1179/3508/2121
f 1181/3513/2124 1183/3515/2126 1186/3521/2130
f 1196/3480/2105 1195/3516/2111 1187/3531/2135
f 1191/3491/2091 1088/3522/2131 1172/3484/2098
f 1191/3491/2091 1185/3518/2128 1176/3497/2115
f 1877/3284/1980 1893/3507/2120 1883/3366/2039
f 1180/3509/2122 1176/3497/2115 1177/3504/2118
f 1177/3504/2118 1176/3497/2115 1185/3518/2128
f 1473/3413/2043 1475/3532/2136 1565/3431/2072
f 1176/3497/2115 1179/3508/2121 1184/3517/2127
f 1290/3512/2065 1119/3488/2100 1291/3477/2093
f 1527/3464/2086 1571/3533/2108 1528/3465/2097
f 1291/3477/2093 1217/3534/2137 1215/3478/2103
f 1569/3444/2088 1572/3535/2138 1573/3536/2139
f 1195/3516/2111 1184/3517/2127 1187/3531/2135
f 1182/3514/2125 1088/3522/2131 1112/3537/2140
f 1174/3481/2106 1187/3531/2135 1184/3517/2127
f 1559/3358/2035 1569/3444/2088 1573/3536/2139
f 1883/3366/2039 1890/3467/2099 1885/3374/2044
f 2028/3328/2008 2029/3421/2071 2031/3538/2141
f 1191/3491/2091 1112/3537/2140 1088/3522/2131
f 1883/3366/2039 1894/3539/2142 1802/3445/2069
f 1569/3444/2088 1532/3540/2143 1572/3535/2138
f 1890/3467/2099 1893/3507/2120 1891/3474/2101
f 1565/3431/2072 1475/3532/2136 1476/3541/2144
f 1526/3436/2048 1627/3542/2145 1625/3486/2109
f 1089/3543/2146 1090/3544/2147 1109/3545/2148
f 1883/3366/2039 1893/3507/2120 1890/3467/2099
f 1565/3431/2072 1476/3541/2144 1571/3546/2108
f 1802/3445/2069 1894/3539/2142 1888/3427/2074
f 1801/3171/1910 1895/3547/2149 1883/3366/2039
f 1567/3463/2076 1528/3465/2097 1529/3548/2150
f 1572/3535/2138 1532/3540/2143 1573/3536/2139
f 1090/3549/2147 1091/3550/2151 1109/3551/2148
f 1182/3552/2125 1112/3553/2140 1113/3554/2152
f 1168/3555/1987 1116/3556/2153 1092/3557/2134
f 1505/3393/2029 1212/3558/2095 1478/3432/2077
f 1888/3427/2074 1894/3539/2142 1895/3547/2149
f 1168/3555/1987 1093/3559/2063 1116/3556/2153
f 1526/3436/2048 1626/3520/2129 1627/3542/2145
f 1190/3409/1861 1132/3408/2064 1178/3560/2119
f 1089/3543/2146 1109/3545/2148 1113/3554/2152
f 1191/3561/2091 1094/3562/2154 1112/3563/2140
f 1559/3381/2035 1530/3564/2155 1525/3382/2046
f 1182/3552/2125 1113/3554/2152 1095/3565/2156
f 1182/3552/2125 1095/3565/2156 1186/3566/2130
f 1559/3381/2035 1573/3567/2139 1531/3568/2157
f 1089/3543/2146 1113/3554/2152 1114/3569/2158
f 1880/3305/1993 2031/3570/2141 2029/3430/2071
f 1569/3444/2088 1570/3458/2094 1533/3571/2159
f 1559/3381/2035 1531/3568/2157 1530/3564/2155
f 1089/3543/2146 1114/3569/2158 1090/3544/2147
f 1891/3474/2101 1893/3507/2120 1896/3572/2160
f 1109/3545/2148 1110/3573/2161 1096/3574/2162
f 1528/3575/2097 1571/3546/2108 1477/3576/2163
f 1215/3478/2103 1217/3534/2137 1216/3510/2123
f 1109/3551/2148 1097/3577/2164 1110/3578/2161
f 1118/3526/2132 1186/3525/2130 1111/3579/2165
f 1112/3553/2140 1098/3580/2166 1113/3554/2152
f 1291/3477/2093 1119/3488/2100 1217/3534/2137
f 1211/3417/2067 1213/3462/2078 1218/3581/2167
f 1186/3566/2130 1095/3565/2156 1111/3582/2165
f 1191/3583/2091 1118/3526/2132 1098/3584/2166
f 1109/3545/2148 1115/3585/2168 1095/3565/2156
f 1880/3305/1993 1891/3474/2101 1897/3586/2169
f 1569/3444/2088 1533/3571/2159 1532/3540/2143
f 1110/3578/2161 1097/3577/2164 1099/3587/2170
f 1473/3413/2043 1478/3588/2077 1475/3532/2136
f 1213/3462/2078 1216/3510/2123 1218/3581/2167
f 1571/3546/2108 1476/3541/2144 1477/3576/2163
f 1112/3589/2140 1094/3590/2154 1098/3591/2166
f 1475/3532/2136 1477/3576/2163 1476/3541/2144
f 1109/3545/2148 1095/3565/2156 1113/3554/2152
f 1573/3567/2139 1532/3592/2143 1533/3593/2159
f 1883/3366/2039 1895/3547/2149 1894/3539/2142
f 1093/3594/2063 1171/3456/2083 1116/3595/2153
f 1118/3526/2132 1111/3579/2165 1098/3584/2166
f 1801/3171/1910 1888/3427/2074 1895/3547/2149
f 1191/3596/2091 1069/3597/2171 1118/3598/2132
f 1109/3551/2148 1091/3550/2151 1097/3577/2164
f 1109/3545/2148 1096/3574/2162 1115/3585/2168
f 1191/3599/2091 1098/3591/2166 1100/3600/2172
f 1095/3565/2156 1115/3585/2168 1111/3582/2165
f 1096/3601/2162 1099/3587/2170 1101/3602/2173
f 1097/3577/2164 1101/3602/2173 1099/3587/2170
f 1113/3603/2152 1098/3604/2166 1102/3605/2174
f 1113/3603/2152 1103/3606/2175 1114/3607/2158
f 1111/3608/2165 1102/3605/2174 1098/3604/2166
f 1217/3534/2137 1219/3609/2176 1218/3581/2167
f 1216/3510/2123 1217/3534/2137 1218/3581/2167
f 1892/3505/2114 1896/3572/2160 1893/3507/2120
f 1091/3550/2151 1101/3602/2173 1097/3577/2164
f 1087/3455/2092 1116/3595/2153 1171/3456/2083
f 1570/3610/2094 1534/3611/2177 1533/3593/2159
f 1573/3567/2139 1533/3593/2159 1534/3611/2177
f 1091/3550/2151 1096/3601/2162 1101/3602/2173
f 1478/3432/2077 1212/3558/2095 1524/3612/2178
f 1114/3607/2158 1103/3606/2175 1102/3605/2174
f 1114/3613/2158 1111/3614/2165 1096/3601/2162
f 1096/3601/2162 1111/3614/2165 1115/3615/2168
f 1114/3613/2158 1096/3601/2162 1104/3616/2179
f 1114/3607/2158 1102/3605/2174 1111/3608/2165
f 1626/3520/2129 1628/3617/2180 1627/3542/2145
f 1094/3590/2154 1105/3618/2181 1100/3600/2172
f 1566/3428/2075 1567/3429/2076 1570/3460/2094
f 1091/3550/2151 1104/3616/2179 1096/3601/2162
f 1891/3474/2101 1896/3572/2160 1897/3586/2169
f 1094/3590/2154 1100/3600/2172 1098/3591/2166
f 1092/3530/2134 1116/3619/2153 1121/3620/2182
f 1105/3618/2181 1071/3621/2183 1100/3600/2172
f 1638/3438/2082 1624/3475/2102 1642/3622/2184
f 1627/3542/2145 1628/3617/2180 1629/3623/2185
f 1880/3305/1993 1897/3586/2169 2031/3570/2141
f 1567/3463/2076 1529/3548/2150 1535/3624/2186
f 1525/3519/2046 1628/3617/2180 1626/3520/2129
f 1218/3581/2167 1219/3609/2176 1220/3625/2187
f 1625/3486/2109 1627/3542/2145 1630/3626/2188
f 1105/3627/2181 1070/3628/2189 1071/3629/2183
f 1528/3575/2097 1477/3576/2163 1479/3630/2190
f 1366/3631/2191 2000/3632/1814 1732/3633/2192
f 2028/3328/2008 1738/3634/2193 1735/3446/2089
f 1475/3532/2136 1479/3630/2190 1477/3576/2163
f 1624/3475/2102 1625/3486/2109 1630/3626/2188
f 1100/3635/2172 1071/3629/2183 1070/3628/2189
f 1525/3519/2046 1530/3636/2155 1628/3617/2180
f 1119/3488/2100 1131/3637/2194 1217/3534/2137
f 1119/3469/2100 1092/3530/2134 1121/3620/2182
f 1573/3567/2139 1534/3611/2177 1531/3568/2157
f 1567/3638/2195 1632/3639/2195 1570/3640/2195
f 1627/3542/2145 1629/3623/2185 1630/3626/2188
f 1529/3641/2150 1479/3630/2190 1535/3642/2186
f 1211/3417/2067 1524/3643/2178 1212/3459/2095
f 1217/3534/2137 1131/3637/2194 1219/3609/2176
f 1531/3644/2157 1534/3645/2177 1536/3646/2196
f 1638/3452/2082 1640/3647/2197 1892/3495/2114
f 1100/3648/2172 1072/3649/2198 1076/3650/2199
f 1370/3651/1633 1236/3652/2200 1237/3653/2201
f 1370/3651/1633 1238/3654/2202 1236/3652/2200
f 1100/3635/2172 1070/3628/2189 1072/3655/2198
f 1530/3636/2155 1531/3656/2157 1631/3657/2203
f 1170/3658/2058 1133/3659/2204 1067/3660/2085
f 1570/3610/2094 1536/3661/2196 1534/3611/2177
f 1570/3662/2094 1632/3663/2205 1536/3646/2196
f 1624/3475/2102 1630/3626/2188 1629/3623/2185
f 1528/3575/2097 1479/3630/2190 1529/3641/2150
f 1119/3469/2100 1121/3620/2182 1131/3664/2194
f 1370/3651/1633 1237/3653/2201 1239/3665/2206
f 1530/3636/2155 1631/3657/2203 1628/3617/2180
f 1236/3652/2200 1240/3666/2207 1237/3653/2201
f 1370/3651/1633 1241/3667/2208 1238/3654/2202
f 86/3668/1560 1370/3651/1633 1239/3665/2206
f 1236/3652/2200 1238/3654/2202 1242/3669/2209
f 1073/3670/2210 1074/3671/2211 1075/3672/2212
f 1218/3581/2167 1221/3673/2213 1222/3674/2214
f 1170/3658/2058 1134/3675/2117 1133/3659/2204
f 1236/3652/2200 1242/3669/2209 1240/3666/2207
f 1076/3676/2199 1072/3677/2198 1077/3678/2215
f 1070/3628/2189 1078/3679/2216 1072/3655/2198
f 1070/3628/2189 1073/3670/2210 1078/3679/2216
f 1087/3680/2092 1123/3681/2217 1116/3682/2153
f 1087/3680/2092 1118/3683/2132 1123/3681/2217
f 1132/3408/2064 1134/3675/2117 1178/3560/2119
f 1080/3684/2218 1076/3650/2199 1077/3685/2215
f 1531/3644/2157 1536/3646/2196 1633/3686/2219
f 1237/3653/2201 1240/3666/2207 1239/3665/2206
f 1218/3581/2167 1220/3625/2187 1221/3673/2213
f 2000/3632/1814 1733/3687/2220 1732/3633/2192
f 2028/3328/2008 2031/3538/2141 1738/3634/2193
f 1116/3619/2153 1084/3688/2221 1121/3620/2182
f 1073/3670/2210 1075/3672/2212 1078/3679/2216
f 1074/3671/2211 1079/3689/2222 1075/3672/2212
f 1072/3655/2198 1078/3679/2216 1075/3672/2212
f 1211/3417/2067 1218/3581/2167 1222/3674/2214
f 1892/3505/2114 1641/3690/2223 1896/3572/2160
f 1628/3617/2180 1631/3657/2203 1629/3623/2185
f 1896/3572/2160 1644/3691/2224 1897/3586/2169
f 1567/3692/2076 1537/3693/2225 1632/3694/2205
f 1074/3695/2211 1117/3696/2226 1106/3697/2227
f 1074/3671/2211 1106/3698/2227 1079/3689/2222
f 1072/3655/2198 1075/3672/2212 1085/3699/2228
f 1080/3700/2218 1107/3701/2229 1117/3702/2226
f 1080/3703/2218 1077/3678/2215 1106/3704/2227
f 1117/3702/2226 1107/3701/2229 1106/3705/2227
f 1240/3666/2207 1242/3669/2209 1243/3706/2230
f 1624/3475/2102 1629/3623/2185 1642/3622/2184
f 1478/3432/2077 1524/3612/2178 1475/3707/2136
f 1077/3678/2215 1081/3708/2231 1106/3704/2227
f 1075/3672/2212 1082/3709/2232 1085/3699/2228
f 1080/3700/2218 1106/3705/2227 1107/3701/2229
f 1134/3675/2117 1135/3710/2233 1133/3659/2204
f 1132/3408/2064 1135/3710/2233 1134/3675/2117
f 1238/3654/2202 1241/3667/2208 1242/3669/2209
f 1075/3672/2212 1079/3689/2222 1082/3709/2232
f 1072/3677/2198 1085/3711/2228 1081/3708/2231
f 1239/3665/2206 1240/3666/2207 1243/3706/2230
f 1106/3704/2227 1081/3708/2231 1083/3712/2234
f 2000/3632/1814 1734/3713/2235 1733/3687/2220
f 1892/3495/2114 1640/3647/2197 1641/3714/2223
f 1366/3631/2191 1732/3633/2192 1710/3715/2236
f 1242/3669/2209 1244/3716/2237 1243/3706/2230
f 1068/3473/2090 1069/3597/2171 1191/3596/2091
f 1067/3472/2085 1069/3597/2171 1068/3473/2090
f 1079/3689/2222 1085/3699/2228 1082/3709/2232
f 1121/3717/2182 1122/3718/2238 1131/3719/2194
f 1220/3625/2187 1223/3720/2239 1221/3673/2213
f 1241/3667/2208 1244/3716/2237 1242/3669/2209
f 1079/3689/2222 1083/3721/2234 1085/3699/2228
f 1079/3689/2222 1106/3698/2227 1083/3721/2234
f 1629/3623/2185 1631/3657/2203 1634/3722/2240
f 1220/3625/2187 1224/3723/2241 1223/3720/2239
f 86/3407/1560 1136/3724/2242 1137/3725/2243
f 86/3407/1560 1137/3725/2243 1132/3408/2064
f 1632/3694/2205 1537/3693/2225 1595/3726/2244
f 1475/3532/2136 1480/3727/2245 1479/3630/2190
f 1631/3657/2203 1633/3728/2219 1635/3729/2246
f 1081/3708/2231 1085/3711/2228 1083/3712/2234
f 1567/3463/2076 1535/3624/2186 1604/3730/2247
f 1631/3657/2203 1635/3729/2246 1634/3722/2240
f 1536/3646/2196 1635/3731/2246 1633/3686/2219
f 1219/3609/2176 1131/3637/2194 1220/3625/2187
f 1220/3625/2187 1131/3637/2194 1224/3723/2241
f 1241/3667/2208 1245/3732/2248 1244/3716/2237
f 1638/3452/2082 1642/3733/2184 1643/3734/2249
f 1221/3673/2213 1223/3720/2239 1224/3723/2241
f 2000/3632/1814 1735/3735/2089 1736/3736/2250
f 1243/3706/2230 1244/3716/2237 1245/3732/2248
f 1896/3572/2160 1641/3690/2223 1644/3691/2224
f 2031/3737/2141 1737/3738/2251 1738/3739/2193
f 1642/3622/2184 1629/3623/2185 1634/3722/2240
f 1132/3408/2064 1137/3725/2243 1138/3740/2252
f 1211/3417/2067 1222/3674/2214 1524/3643/2178
f 1634/3722/2240 1635/3729/2246 1602/3741/2253
f 1735/3735/2089 1738/3739/2193 1737/3738/2251
f 2031/3570/2141 1897/3586/2169 1898/3742/2254
f 1221/3673/2213 1224/3723/2241 1222/3674/2214
f 1116/3619/2153 1123/3743/2217 1084/3688/2221
f 2000/3632/1814 1736/3736/2250 1734/3713/2235
f 1897/3744/2169 1644/3745/2224 1898/3746/2254
f 1366/2581/445 1241/3747/2208 1370/2716/1633
f 2031/3737/2141 1898/3748/2254 1737/3738/2251
f 1642/3622/2184 1634/3722/2240 1602/3741/2253
f 1632/3663/2205 1635/3731/2246 1536/3646/2196
f 1239/3665/2206 1243/3706/2230 1245/3732/2248
f 1735/3735/2089 1737/3738/2251 1736/3736/2250
f 1118/3749/2255 1084/3750/2255 1123/3751/2255
f 1241/3667/2208 1246/3752/2256 1245/3732/2248
f 1640/3647/2197 1644/3745/2224 1641/3714/2223
f 1734/3713/2235 1736/3736/2250 1739/3753/2257
f 1642/3622/2184 1602/3741/2253 1636/3754/2258
f 1475/3755/2259 1524/3756/2259 1515/3757/2259
f 1638/3452/2082 1643/3734/2249 1640/3647/2197
f 1632/3694/2205 1595/3726/2244 1637/3758/2260
f 1567/3463/2076 1604/3730/2247 1537/3759/2225
f 1632/3663/2205 1637/3760/2260 1635/3731/2246
f 1635/3731/2246 1637/3760/2260 1602/3761/2253
f 1241/3667/2208 1385/3762/2261 1246/3752/2256
f 1132/3408/2064 1138/3740/2252 1135/3710/2233
f 1239/3665/2206 1245/3732/2248 1246/3752/2256
f 1535/3642/2186 1479/3630/2190 1480/3727/2245
f 1222/3674/2214 1224/3723/2241 1225/3763/2262
f 1642/3733/2184 1667/3764/2263 1643/3734/2249
f 1733/3687/2220 1734/3713/2235 1739/3753/2257
f 1644/3745/2224 1741/3765/2264 1898/3746/2254
f 1067/3472/2085 1124/3766/2265 1069/3597/2171
f 1136/3724/2242 1138/3740/2252 1137/3725/2243
f 1736/3736/2250 1740/3767/2266 1739/3753/2257
f 1224/3723/2241 1226/3768/2267 1225/3763/2262
f 1118/3598/2132 1069/3597/2171 1084/3769/2221
f 1239/3665/2206 1246/3752/2256 1385/3762/2261
f 1602/3770/2253 1603/3771/2268 1636/3772/2258
f 86/3668/1560 1239/3665/2206 1247/3773/2269
f 1640/3647/2197 1645/3774/2270 1644/3745/2224
f 1366/3775/2191 1710/3776/2236 1694/3777/2271
f 1642/3622/2184 1636/3754/2258 1647/3778/2272
f 1537/3693/2225 1596/3779/2273 1597/3780/2274
f 1597/3780/2274 1596/3779/2273 1598/3781/2275
f 1537/3693/2225 1599/3782/2276 1596/3779/2273
f 1537/3693/2225 1597/3780/2274 1595/3726/2244
f 86/3668/1560 1247/3773/2269 1136/3783/2242
f 1524/3643/2178 1222/3674/2214 1225/3763/2262
f 1642/3622/2184 1647/3778/2272 1667/3784/2263
f 1133/3659/2204 1135/3710/2233 1138/3740/2252
f 1640/3647/2197 1643/3734/2249 1645/3774/2270
f 1069/3597/2171 1124/3766/2265 1084/3769/2221
f 1131/3637/2194 1226/3768/2267 1224/3723/2241
f 1596/3779/2273 1600/3785/2277 1601/3786/2278
f 1898/3748/2254 1741/3787/2264 1742/3788/2279
f 1737/3738/2251 1898/3748/2254 1742/3788/2279
f 1475/3532/2136 1515/3789/2280 1480/3727/2245
f 1602/3790/2253 1637/3758/2260 1621/3791/2281
f 1602/3790/2253 1621/3791/2281 1603/3792/2268
f 1644/3745/2224 1645/3774/2270 1741/3765/2264
f 1596/3779/2273 1599/3782/2276 1600/3785/2277
f 1366/2581/445 1385/3793/2261 1241/3747/2208
f 1537/3693/2225 1604/3794/2247 1599/3782/2276
f 1733/3687/2220 1739/3753/2257 1740/3767/2266
f 1604/3794/2247 1600/3785/2277 1599/3782/2276
f 1067/3660/2085 1133/3659/2204 1124/3795/2265
f 1595/3726/2244 1597/3780/2274 1637/3758/2260
f 1643/3734/2249 1646/3796/2282 1645/3774/2270
f 1736/3736/2250 1737/3738/2251 1742/3788/2279
f 1535/3624/2186 1608/3797/2283 1604/3730/2247
f 1596/3779/2273 1605/3798/2284 1598/3781/2275
f 1596/3779/2273 1601/3786/2278 1605/3798/2284
f 1535/3624/2186 1483/3799/2285 1608/3797/2283
f 1084/3800/2221 1124/3801/2265 1142/3802/2286
f 1732/3633/2192 1733/3687/2220 1743/3803/2287
f 1649/3804/2288 1744/3805/2289 1650/3806/2290
f 1600/3785/2277 1606/3807/2291 1601/3786/2278
f 1667/3808/2263 1647/3809/2272 1648/3810/2292
f 1601/3786/2278 1607/3811/2293 1605/3798/2284
f 1601/3786/2278 1606/3807/2291 1607/3811/2293
f 1744/3805/2289 1745/3812/2294 1650/3806/2290
f 1604/3794/2247 1606/3807/2291 1600/3785/2277
f 1746/3813/2295 1747/3814/2296 1748/3815/2297
f 1649/3816/2288 1650/3817/2290 1651/3818/2298
f 1650/3806/2290 1745/3812/2294 1748/3815/2297
f 1732/3633/2192 1743/3803/2287 1749/3819/2299
f 1604/3794/2247 1608/3820/2283 1609/3821/2300
f 1524/3822/2301 1514/3823/2301 1515/3824/2301
f 1646/3825/2282 1650/3806/2290 1748/3815/2297
f 1743/3803/2287 1750/3826/2302 1751/3827/2303
f 1637/3758/2260 1597/3780/2274 1621/3791/2281
f 1736/3736/2250 1742/3788/2279 1740/3767/2266
f 1743/3803/2287 1752/3828/2304 1750/3826/2302
f 1743/3803/2287 1746/3813/2295 1752/3828/2304
f 1743/3803/2287 1751/3827/2303 1749/3819/2299
f 1133/3659/2204 1152/3829/2305 1124/3795/2265
f 1606/3807/2291 1610/3830/2306 1607/3811/2293
f 1643/3734/2249 1652/3831/2307 1646/3796/2282
f 1606/3807/2291 1609/3821/2300 1610/3830/2306
f 1636/3754/2258 1648/3832/2292 1647/3778/2272
f 1741/3787/2264 1748/3815/2297 1747/3814/2296
f 1743/3803/2287 1747/3814/2296 1746/3813/2295
f 1733/3687/2220 1747/3814/2296 1743/3803/2287
f 1608/3820/2283 1610/3830/2306 1609/3821/2300
f 1741/3787/2264 1646/3825/2282 1748/3815/2297
f 1136/3783/2242 1247/3773/2269 1154/3833/2308
f 1604/3794/2247 1609/3821/2300 1606/3807/2291
f 1598/3781/2275 1605/3798/2284 1611/3834/2309
f 1124/3835/2310 1152/3836/2310 1142/3837/2310
f 1598/3781/2275 1611/3834/2309 1612/3838/2311
f 1741/3765/2264 1645/3774/2270 1646/3796/2282
f 1646/3796/2282 1652/3831/2307 1650/3839/2290
f 1605/3798/2284 1607/3811/2293 1613/3840/2312
f 1643/3841/2249 1667/3808/2263 1653/3842/2313
f 1732/3633/2192 1749/3819/2299 1710/3715/2236
f 1607/3811/2293 1610/3830/2306 1614/3843/2314
f 1733/3687/2220 1740/3767/2266 1747/3814/2296
f 1136/3724/2242 1154/3844/2308 1138/3740/2252
f 1745/3812/2294 1746/3813/2295 1748/3815/2297
f 1524/3643/2178 1225/3763/2262 1514/3845/2315
f 1649/3804/2288 1753/3846/2316 1744/3805/2289
f 1133/3659/2204 1138/3740/2252 1153/3847/2317
f 1121/3620/2182 1084/3688/2221 1125/3848/2318
f 1239/3665/2206 1385/3762/2261 1247/3773/2269
f 1608/3820/2283 1538/3849/2319 1610/3830/2306
f 1607/3811/2293 1614/3843/2314 1613/3840/2312
f 1138/3740/2252 1154/3844/2308 1153/3847/2317
f 1611/3834/2309 1539/3850/2320 1612/3838/2311
f 1121/3717/2182 1125/3851/2318 1122/3718/2238
f 1610/3830/2306 1538/3849/2319 1614/3843/2314
f 1744/3805/2289 1753/3846/2316 1745/3812/2294
f 1608/3797/2283 1540/3852/2321 1538/3853/2319
f 1122/3718/2238 1126/3854/2322 1228/3855/2323
f 1740/3767/2266 1742/3788/2279 1747/3814/2296
f 1133/3659/2204 1153/3847/2317 1152/3829/2305
f 1366/3856/2324 1694/3857/2324 1386/3858/2324
f 1636/3772/2258 1603/3771/2268 1654/3859/2325
f 1650/3817/2290 1655/3860/2326 1651/3818/2298
f 1131/3719/2194 1122/3718/2238 1228/3855/2323
f 1605/3798/2284 1613/3840/2312 1615/3861/2327
f 1605/3798/2284 1615/3861/2327 1611/3834/2309
f 1649/3816/2288 1651/3818/2298 1753/3862/2316
f 1612/3838/2311 1539/3850/2320 1451/3863/2328
f 1650/3817/2290 1656/3864/2329 1655/3860/2326
f 1741/3787/2264 1747/3814/2296 1742/3788/2279
f 1603/3771/2268 1657/3865/2330 1654/3859/2325
f 1608/3797/2283 1483/3799/2285 1540/3852/2321
f 1598/3781/2275 1612/3838/2311 1451/3863/2328
f 1366/2581/445 1386/3866/2331 1385/3793/2261
f 1611/3834/2309 1615/3861/2327 1539/3850/2320
f 1613/3840/2312 1614/3843/2314 1615/3861/2327
f 1603/3771/2268 1621/3867/2281 1617/3868/2332
f 1603/3771/2268 1617/3868/2332 1657/3865/2330
f 1650/3839/2290 1652/3831/2307 1656/3869/2329
f 1745/3812/2294 1753/3846/2316 1746/3813/2295
f 1225/3763/2262 1226/3768/2267 1227/3870/2333
f 1127/3871/2334 1155/3872/2335 1140/3873/2336
f 1142/3874/2286 1155/3872/2335 1127/3871/2334
f 1142/3874/2286 1127/3871/2334 1140/3873/2336
f 1746/3813/2295 1754/3875/2337 1752/3828/2304
f 1636/3772/2258 1654/3859/2325 1648/3810/2292
f 1750/3826/2302 1752/3828/2304 1754/3875/2337
f 1225/3763/2262 1227/3870/2333 1514/3845/2315
f 1597/3780/2274 1598/3781/2275 1621/3791/2281
f 1614/3843/2314 1430/3876/2338 1615/3861/2327
f 1480/3877/2245 1457/3878/2339 1458/3879/2340
f 1535/3642/2186 1480/3727/2245 1481/3880/2341
f 1614/3843/2314 1538/3849/2319 1540/3881/2321
f 1126/3854/2322 1229/3882/2342 1228/3855/2323
f 1750/3826/2302 1754/3875/2337 1751/3827/2303
f 1155/3883/2335 1139/3884/2343 1140/3885/2336
f 1152/3886/2305 1153/3887/2317 1141/3888/2344
f 1667/3808/2263 1648/3810/2292 1654/3859/2325
f 1710/3776/2236 1711/3889/2345 1694/3777/2271
f 1614/3890/2346 1540/3891/2346 1430/3892/2346
f 1480/3877/2245 1458/3879/2340 1472/3893/2347
f 1535/3642/2186 1482/3894/2348 1483/3895/2285
f 1142/3896/2286 1140/3885/2336 1143/3897/2349
f 1154/3898/2308 1141/3888/2344 1153/3887/2317
f 1651/3818/2298 1655/3860/2326 1753/3862/2316
f 1746/3813/2295 1753/3846/2316 1755/3899/2350
f 1540/3900/2321 1429/3901/2351 1430/3902/2338
f 1142/3896/2286 1143/3897/2349 1128/3903/2352
f 1749/3819/2299 1751/3827/2303 1756/3904/2353
f 1539/3850/2320 1615/3861/2327 1433/3905/2354
f 1483/3895/2285 1482/3894/2348 1484/3906/2355
f 1515/3907/2280 1387/3908/2356 1457/3909/2339
f 1480/3877/2245 1515/3910/2280 1457/3878/2339
f 1084/3800/2221 1142/3802/2286 1128/3911/2352
f 1615/3861/2327 1430/3876/2338 1433/3905/2354
f 1746/3813/2295 1755/3899/2350 1754/3875/2337
f 1515/3907/2280 1514/3912/2315 1387/3908/2356
f 1142/3913/2286 1152/3886/2305 1155/3914/2335
f 1598/3781/2275 1451/3863/2328 1621/3791/2281
f 1131/3637/2194 1228/3915/2323 1226/3768/2267
f 1154/3898/2308 1144/3916/2357 1141/3888/2344
f 1483/3895/2285 1484/3906/2355 1431/3917/2358
f 1643/3841/2249 1653/3842/2313 1658/3918/2359
f 1152/3886/2305 1156/3919/2360 1155/3914/2335
f 1483/3895/2285 1431/3917/2358 1540/3920/2321
f 1540/3900/2321 1431/3921/2358 1429/3901/2351
f 1140/3885/2336 1139/3884/2343 1143/3897/2349
f 1652/3922/2307 1659/3923/2361 1656/3864/2329
f 1155/3883/2335 1143/3897/2349 1139/3884/2343
f 1667/3808/2263 1654/3859/2325 1653/3842/2313
f 1539/3924/2320 1433/3925/2354 1432/3926/2362
f 1751/3827/2303 1757/3927/2363 1756/3904/2353
f 1152/3886/2305 1141/3888/2344 1144/3916/2357
f 1430/3902/2338 1432/3928/2362 1433/3929/2354
f 1457/3909/2339 1387/3908/2356 1388/3930/2364
f 1514/3845/2315 1227/3870/2333 1400/3931/2365
f 1457/3909/2339 1388/3930/2364 1461/3932/2366
f 1152/3886/2305 1144/3916/2357 1145/3933/2367
f 1430/3902/2338 1434/3934/2368 1432/3928/2362
f 1155/3883/2335 1156/3935/2360 1143/3897/2349
f 1430/3902/2338 1429/3901/2351 1434/3934/2368
f 1389/3936/2369 1390/3937/2370 1391/3938/2371
f 1388/3930/2364 1392/3939/2372 1391/3938/2371
f 1429/3901/2351 1431/3921/2358 1435/3940/2373
f 1388/3930/2364 1391/3938/2371 1461/3932/2366
f 1389/3936/2369 1391/3938/2371 1392/3939/2372
f 1391/3941/2371 1459/3942/2374 1460/3943/2375
f 1122/3718/2238 1125/3851/2318 1129/3944/2376
f 1643/3841/2249 1658/3918/2359 1652/3922/2307
f 1122/3718/2238 1129/3944/2376 1126/3854/2322
f 1390/3945/2370 1459/3942/2374 1391/3941/2371
f 1461/3946/2366 1391/3941/2371 1460/3943/2375
f 1710/3715/2236 1749/3819/2299 1756/3904/2353
f 1655/3860/2326 1657/3865/2330 1617/3868/2332
f 1480/3727/2245 1472/3947/2347 1481/3880/2341
f 1388/3930/2364 1389/3936/2369 1392/3939/2372
f 1535/3642/2186 1481/3880/2341 1482/3894/2348
f 1751/3827/2303 1754/3875/2337 1757/3927/2363
f 1484/3906/2355 1485/3948/2377 1431/3917/2358
f 1084/3800/2221 1128/3911/2352 1125/3949/2318
f 1482/3894/2348 1485/3948/2377 1484/3906/2355
f 1388/3930/2364 1393/3950/2378 1389/3936/2369
f 1389/3936/2369 1394/3951/2379 1390/3937/2370
f 1655/3860/2326 1617/3868/2332 1660/3952/2380
f 1461/3946/2366 1460/3943/2375 1462/3953/2381
f 1431/3921/2358 1436/3954/2382 1435/3940/2373
f 1753/3862/2316 1655/3860/2326 1660/3952/2380
f 1482/3894/2348 1431/3917/2358 1485/3948/2377
f 1459/3942/2374 1463/3955/2383 1460/3943/2375
f 1457/3909/2339 1461/3932/2366 1395/3956/2384
f 1539/3924/2320 1432/3926/2362 1451/3957/2328
f 1432/3928/2362 1434/3934/2368 1437/3958/2385
f 1461/3946/2366 1462/3953/2381 1464/3959/2386
f 1429/3901/2351 1435/3940/2373 1434/3934/2368
f 1389/3936/2369 1393/3950/2378 1396/3960/2387
f 1390/3945/2370 1465/3961/2388 1459/3942/2374
f 1482/3894/2348 1486/3962/2389 1431/3917/2358
f 1461/3946/2366 1464/3959/2386 1395/3963/2384
f 1469/3964/2390 1438/3965/2391 1439/3966/2392
f 1472/3967/2347 1468/3968/2393 1438/3965/2391
f 1472/3967/2347 1438/3965/2391 1469/3964/2390
f 1436/3954/2382 1439/3966/2392 1438/3965/2391
f 1436/3954/2382 1438/3965/2391 1468/3968/2393
f 1458/3879/2340 1466/3969/2394 1472/3893/2347
f 1472/3893/2347 1466/3969/2394 1467/3970/2395
f 1472/3893/2347 1467/3970/2395 1468/3971/2393
f 1653/3842/2313 1654/3859/2325 1661/3972/2396
f 1462/3953/2381 1467/3970/2395 1466/3969/2394
f 1462/3953/2381 1468/3971/2393 1467/3970/2395
f 1436/3954/2382 1468/3968/2393 1453/3973/2397
f 1481/3880/2341 1486/3962/2389 1482/3894/2348
f 1652/3922/2307 1658/3918/2359 1662/3974/2398
f 1463/3955/2383 1441/3975/2399 1440/3976/2400
f 1481/3977/2401 1472/3978/2401 1469/3979/2401
f 1152/3886/2305 1145/3933/2367 1156/3919/2360
f 1462/3953/2381 1440/3976/2400 1468/3971/2393
f 1431/3921/2358 1486/3980/2389 1439/3966/2392
f 1453/3973/2397 1440/3981/2400 1441/3982/2399
f 1468/3968/2393 1440/3981/2400 1453/3973/2397
f 1431/3921/2358 1442/3983/2402 1436/3954/2382
f 1144/3916/2357 1146/3984/2403 1145/3933/2367
f 1395/3963/2384 1464/3959/2386 1470/3985/2404
f 1462/3953/2381 1463/3955/2383 1440/3976/2400
f 1653/3842/2313 1663/3986/2405 1658/3918/2359
f 1460/3943/2375 1463/3955/2383 1462/3953/2381
f 1457/3878/2339 1395/3963/2384 1458/3879/2340
f 1459/3942/2374 1465/3961/2388 1463/3955/2383
f 1389/3936/2369 1397/3987/2406 1394/3951/2379
f 1462/3953/2381 1471/3988/2407 1464/3959/2386
f 1389/3936/2369 1396/3960/2387 1397/3987/2406
f 1464/3959/2386 1471/3988/2407 1470/3985/2404
f 1655/3860/2326 1656/3864/2329 1657/3865/2330
f 1435/3940/2373 1436/3954/2382 1443/3989/2408
f 1431/3921/2358 1439/3966/2392 1442/3983/2402
f 1463/3955/2383 1465/3961/2388 1441/3975/2399
f 1143/3897/2349 1156/3935/2360 1128/3903/2352
f 1436/3954/2382 1442/3983/2402 1439/3966/2392
f 1434/3934/2368 1435/3940/2373 1437/3958/2385
f 1462/3953/2381 1466/3969/2394 1471/3988/2407
f 1395/3963/2384 1470/3985/2404 1471/3988/2407
f 1436/3954/2382 1453/3973/2397 1443/3989/2408
f 1458/3879/2340 1395/3963/2384 1466/3969/2394
f 1621/3990/2281 1451/3991/2328 1452/3992/2409
f 1753/3846/2316 1660/3993/2380 1755/3899/2350
f 1435/3940/2373 1443/3989/2408 1437/3958/2385
f 1156/3919/2360 1145/3933/2367 1157/3994/2410
f 1652/3922/2307 1662/3974/2398 1659/3923/2361
f 1395/3963/2384 1471/3988/2407 1466/3969/2394
f 1387/3908/2356 1398/3995/2411 1388/3930/2364
f 1125/3996/2318 1128/3997/2352 1147/3998/2412
f 1441/3999/2399 1444/4000/2413 1445/4001/2414
f 1653/3842/2313 1661/3972/2396 1663/3986/2405
f 1486/3980/2389 1469/3964/2390 1439/3966/2392
f 1481/4002/2341 1469/3964/2390 1486/3980/2389
f 1754/3875/2337 1755/3899/2350 1758/4003/2415
f 1453/4004/2397 1441/3999/2399 1445/4001/2414
f 1754/3875/2337 1758/4003/2415 1757/3927/2363
f 1756/3904/2353 1757/3927/2363 1759/4005/2416
f 1394/3951/2379 1397/3987/2406 1418/4006/2417
f 1128/3903/2352 1156/3935/2360 1157/4007/2410
f 1656/3864/2329 1663/3986/2405 1657/3865/2330
f 1126/3854/2322 1129/3944/2376 1229/3882/2342
f 1453/3973/2397 1446/4008/2418 1443/3989/2408
f 1656/3864/2329 1659/3923/2361 1662/3974/2398
f 1388/3930/2364 1398/3995/2411 1399/4009/2419
f 1444/4000/2413 1447/4010/2420 1445/4001/2414
f 1390/4011/2370 1394/4012/2379 1421/4013/2421
f 1658/3918/2359 1663/3986/2405 1662/3974/2398
f 1441/3999/2399 1456/4014/2422 1444/4000/2413
f 1388/3930/2364 1399/4009/2419 1393/3950/2378
f 1710/3715/2236 1756/3904/2353 1760/4015/2423
f 1465/4016/2388 1456/4014/2422 1441/3999/2399
f 1453/4004/2397 1445/4001/2414 1448/4017/2424
f 1755/3899/2350 1660/3993/2380 1761/4018/2425
f 1145/3933/2367 1146/3984/2403 1157/3994/2410
f 1453/3973/2397 1448/4019/2424 1446/4008/2418
f 1444/4000/2413 1456/4014/2422 1447/4010/2420
f 1514/3912/2315 1398/3995/2411 1387/3908/2356
f 1514/3912/2315 1400/4020/2365 1401/4021/2426
f 1390/3945/2370 1421/4022/2421 1465/3961/2388
f 1443/3989/2408 1446/4008/2418 1449/4023/2427
f 1432/3928/2362 1437/3958/2385 1449/4023/2427
f 1226/3768/2267 1228/3915/2323 1227/3870/2333
f 1432/3928/2362 1449/4023/2427 1450/4024/2428
f 1660/3993/2380 1664/4025/2429 1761/4018/2425
f 1437/3958/2385 1443/3989/2408 1449/4023/2427
f 1445/4001/2414 1447/4010/2420 1448/4017/2424
f 1247/3773/2269 1248/4026/2430 1154/3833/2308
f 1446/4008/2418 1448/4019/2424 1454/4027/2431
f 1128/3997/2352 1157/3994/2410 1147/3998/2412
f 1617/3868/2332 1619/4028/2432 1660/3952/2380
f 1756/3904/2353 1759/4005/2416 1760/4015/2423
f 1446/4008/2418 1454/4027/2431 1449/4023/2427
f 1654/3859/2325 1657/3865/2330 1663/3986/2405
f 1451/4029/2328 1432/3928/2362 1450/4024/2428
f 1654/3859/2325 1663/3986/2405 1661/3972/2396
f 1514/3912/2315 1401/4021/2426 1398/3995/2411
f 1154/3898/2308 1248/4030/2430 1144/3916/2357
f 1394/4012/2379 1418/4031/2417 1402/4032/2433
f 1125/3851/2318 1229/3882/2342 1129/3944/2376
f 1757/3927/2363 1762/4033/2434 1759/4005/2416
f 1660/3952/2380 1668/4034/2435 1664/4035/2429
f 1397/3987/2406 1403/4036/2436 1418/4006/2417
f 1656/3864/2329 1662/3974/2398 1663/3986/2405
f 1393/3950/2378 1399/4009/2419 1396/3960/2387
f 1755/3899/2350 1761/4018/2425 1763/4037/2437
f 1761/4018/2425 1664/4025/2429 1763/4037/2437
f 1418/4031/2417 1403/4038/2436 1402/4032/2433
f 1448/4039/2424 1455/4040/2438 1454/4041/2431
f 1397/3987/2406 1404/4042/2439 1403/4036/2436
f 1396/3960/2387 1404/4042/2439 1397/3987/2406
f 1394/4012/2379 1402/4032/2433 1405/4043/2440
f 1757/3927/2363 1758/4003/2415 1762/4033/2434
f 1396/3960/2387 1399/4009/2419 1406/4044/2441
f 1449/4023/2427 1454/4027/2431 1450/4024/2428
f 1755/3899/2350 1764/4045/2442 1758/4003/2415
f 1398/3995/2411 1401/4021/2426 1399/4009/2419
f 1396/3960/2387 1407/4046/2443 1404/4042/2439
f 1465/4016/2388 1421/4047/2421 1456/4014/2422
f 1621/3990/2281 1616/4048/2444 1617/4049/2332
f 1447/4010/2420 1455/4050/2438 1448/4017/2424
f 1146/3984/2403 1148/4051/2445 1157/3994/2410
f 1144/3916/2357 1149/4052/2446 1146/3984/2403
f 1710/3776/2236 1712/4053/2447 1713/4054/2448
f 1125/3851/2318 1235/4055/2449 1229/3882/2342
f 1451/4056/2328 1450/4057/2428 1452/4058/2409
f 1710/3776/2236 1760/4059/2423 1712/4053/2447
f 1125/3851/2318 1130/4060/2450 1235/4055/2449
f 1125/3996/2318 1147/3998/2412 1130/4061/2450
f 1759/4005/2416 1762/4033/2434 1760/4015/2423
f 1403/4036/2436 1404/4042/2439 1408/4062/2451
f 1456/4063/2422 1450/4057/2428 1454/4041/2431
f 1456/4063/2422 1454/4041/2431 1455/4040/2438
f 1755/3899/2350 1763/4037/2437 1764/4045/2442
f 1402/4032/2433 1419/4064/2452 1405/4043/2440
f 1146/3984/2403 1149/4052/2446 1150/4065/2453
f 1396/3960/2387 1406/4044/2441 1407/4046/2443
f 1157/3994/2410 1148/4051/2445 1147/3998/2412
f 1228/3915/2323 1229/4066/2342 1235/4067/2449
f 1447/4010/2420 1456/4014/2422 1455/4050/2438
f 1394/4012/2379 1405/4043/2440 1420/4068/2454
f 1402/4032/2433 1403/4038/2436 1419/4064/2452
f 1405/4043/2440 1419/4064/2452 1420/4068/2454
f 1664/4025/2429 1764/4045/2442 1763/4037/2437
f 1146/3984/2403 1150/4065/2453 1148/4051/2445
f 1452/4058/2409 1450/4057/2428 1456/4063/2422
f 1403/4036/2436 1408/4062/2451 1419/4069/2452
f 1394/4012/2379 1409/4070/2455 1421/4013/2421
f 1760/4059/2423 1762/4071/2434 1712/4053/2447
f 1148/4051/2445 1150/4065/2453 1149/4052/2446
f 1147/3998/2412 1148/4051/2445 1130/4061/2450
f 1144/3916/2357 1248/4030/2430 1149/4052/2446
f 1248/4030/2430 1148/4051/2445 1149/4052/2446
f 1400/4020/2365 1410/4072/2456 1401/4021/2426
f 1228/3915/2323 1230/4073/2457 1227/3870/2333
f 1394/4012/2379 1420/4068/2454 1409/4070/2455
f 1710/3776/2236 1713/4054/2448 1711/3889/2345
f 1399/4009/2419 1401/4021/2426 1406/4044/2441
f 1711/3889/2345 1714/4074/2458 1715/4075/2459
f 1711/3889/2345 1713/4054/2448 1714/4074/2458
f 1762/4071/2434 1766/4076/2460 1712/4053/2447
f 1715/4075/2459 1714/4074/2458 1716/4077/2461
f 1711/3889/2345 1715/4075/2459 1717/4078/2462
f 1715/4075/2459 1718/4079/2463 1717/4078/2462
f 1758/4003/2415 1764/4045/2442 1765/4080/2464
f 1660/3952/2380 1619/4028/2432 1668/4034/2435
f 1227/3870/2333 1230/4073/2457 1400/3931/2365
f 1617/3868/2332 1616/4081/2444 1619/4028/2432
f 1404/4042/2439 1407/4046/2443 1411/4082/2465
f 1694/3777/2271 1719/4083/2466 1386/4084/2331
f 1758/4003/2415 1765/4080/2464 1762/4033/2434
f 1248/4030/2430 1151/4085/2467 1148/4051/2445
f 1385/3762/2261 1386/4086/2331 1247/3773/2269
f 1400/4020/2365 1412/4087/2468 1410/4072/2456
f 1712/4053/2447 1714/4074/2458 1713/4054/2448
f 1664/4025/2429 1668/4088/2435 1764/4045/2442
f 1712/4053/2447 1716/4077/2461 1714/4074/2458
f 1717/4078/2462 1718/4079/2463 1720/4089/2469
f 1715/4075/2459 1721/4090/2470 1718/4079/2463
f 1406/4044/2441 1410/4072/2456 1407/4046/2443
f 1386/4084/2331 1719/4083/2466 1722/4091/2471
f 1228/3915/2323 1235/4067/2449 1230/4073/2457
f 1407/4046/2443 1410/4072/2456 1411/4082/2465
f 1694/3777/2271 1711/3889/2345 1717/4078/2462
f 1715/4075/2459 1716/4077/2461 1720/4089/2469
f 1148/4051/2445 1151/4085/2467 1130/4061/2450
f 1400/3931/2365 1231/4092/2472 1413/4093/2473
f 1762/4033/2434 1765/4080/2464 1766/4094/2460
f 1715/4075/2459 1720/4089/2469 1721/4090/2470
f 1401/4021/2426 1410/4072/2456 1406/4044/2441
f 1694/3777/2271 1717/4078/2462 1723/4095/2474
f 1410/4072/2456 1423/4096/2475 1411/4082/2465
f 1668/4088/2435 1765/4080/2464 1764/4045/2442
f 1130/4061/2450 1151/4085/2467 1232/4097/2476
f 1716/4077/2461 1724/4098/2477 1720/4089/2469
f 1404/4042/2439 1409/4099/2455 1420/4100/2454
f 1621/3990/2281 1452/3992/2409 1616/4048/2444
f 1694/3777/2271 1723/4095/2474 1719/4083/2466
f 1452/4058/2409 1456/4063/2422 1487/4101/2478
f 1400/4020/2365 1413/4102/2473 1412/4087/2468
f 1718/4079/2463 1721/4090/2470 1720/4089/2469
f 1717/4078/2462 1720/4089/2469 1723/4095/2474
f 1400/3931/2365 1230/4073/2457 1231/4092/2472
f 1410/4072/2456 1414/4103/2479 1415/4104/2480
f 1404/4042/2439 1419/4069/2452 1408/4062/2451
f 1404/4042/2439 1420/4100/2454 1419/4069/2452
f 1410/4072/2456 1412/4087/2468 1414/4103/2479
f 1452/3992/2409 1618/4105/2481 1616/4048/2444
f 1712/4053/2447 1724/4098/2477 1716/4077/2461
f 1235/4106/2482 1130/4107/2482 1232/4108/2482
f 1720/4089/2469 1724/4098/2477 1725/4109/2483
f 1452/4058/2409 1487/4101/2478 1618/4110/2481
f 1412/4087/2468 1413/4102/2473 1414/4103/2479
f 1386/4084/2331 1722/4091/2471 1726/4111/2484
f 1421/4112/2421 1423/4096/2475 1456/4113/2422
f 1720/4089/2469 1727/4114/2485 1723/4095/2474
f 1421/4112/2421 1409/4099/2455 1423/4096/2475
f 1247/3773/2269 1151/4115/2467 1248/4026/2430
f 1414/4103/2479 1234/4116/2486 1422/4117/2487
f 1712/4053/2447 1728/4118/2488 1724/4098/2477
f 1456/4113/2422 1423/4096/2475 1487/4119/2478
f 1410/4072/2456 1415/4104/2480 1416/4120/2489
f 1724/4098/2477 1728/4118/2488 1725/4109/2483
f 1413/4102/2473 1234/4116/2486 1414/4103/2479
f 1619/4028/2432 1616/4081/2444 1618/4121/2481
f 1404/4042/2439 1423/4096/2475 1409/4099/2455
f 1720/4089/2469 1725/4109/2483 1727/4114/2485
f 1619/4122/2490 1618/4123/2490 1620/4124/2490
f 1516/4125/2491 1517/4126/2492 1518/4127/2493
f 1719/4083/2466 1723/4095/2474 1727/4114/2485
f 1765/4128/2464 1665/4129/2494 1666/4130/2495
f 1766/4094/2460 1765/4080/2464 1666/4131/2495
f 1725/4109/2483 1728/4118/2488 1727/4114/2485
f 1668/4132/2435 1665/4129/2494 1765/4128/2464
f 1619/4028/2432 1620/4133/2496 1668/4034/2435
f 1414/4103/2479 1416/4120/2489 1415/4104/2480
f 1712/4053/2447 1766/4076/2460 1728/4118/2488
f 1234/4134/2486 1517/4126/2492 1516/4125/2491
f 1518/4127/2493 1519/4135/2497 1520/4136/2498
f 1247/3773/2269 1249/4137/2499 1151/4115/2467
f 1151/4115/2467 1250/4138/2500 1232/4139/2476
f 1235/4067/2449 1231/4092/2472 1230/4073/2457
f 1517/4126/2492 1519/4135/2497 1518/4127/2493
f 1410/4072/2456 1416/4120/2489 1423/4096/2475
f 1668/4132/2435 1666/4130/2495 1665/4129/2494
f 1517/4140/2501 1254/4141/2501 1257/4142/2501
f 1517/4126/2492 1257/4143/2502 1519/4135/2497
f 1247/3773/2269 1251/4144/2503 1249/4137/2499
f 1719/4083/2466 1727/4114/2485 1726/4111/2484
f 1404/4042/2439 1411/4082/2465 1423/4096/2475
f 1234/4145/2486 1233/4146/2504 1517/4147/2492
f 1519/4135/2497 1729/4148/2505 1520/4136/2498
f 1487/4149/2478 1620/4150/2496 1618/4151/2481
f 1231/4092/2472 1233/4152/2504 1413/4093/2473
f 1413/4093/2473 1233/4152/2504 1234/4153/2486
f 1247/3773/2269 1386/4086/2331 1729/4154/2505
f 1414/4103/2479 1422/4117/2487 1416/4120/2489
f 1235/4155/2449 1232/4139/2476 1252/4156/2506
f 1386/4084/2331 1726/4111/2484 1729/4157/2505
f 1232/4139/2476 1250/4138/2500 1253/4158/2507
f 1519/4159/2508 1257/4160/2508 1729/4161/2508
f 1766/4076/2460 1666/4162/2495 1730/4163/2509
f 1235/4067/2449 1233/4152/2504 1231/4092/2472
f 1254/4164/2510 1255/4165/2511 1256/4166/2512
f 1232/4139/2476 1253/4158/2507 1252/4156/2506
f 1254/4164/2510 1256/4166/2512 1729/4154/2505
f 1254/4164/2510 1729/4154/2505 1257/4167/2513
f 1668/4168/2435 1488/4169/2514 1666/4170/2495
f 1234/4171/2486 1521/4172/2515 1422/4173/2487
f 1719/4083/2466 1726/4111/2484 1722/4091/2471
f 1517/4147/2492 1255/4165/2511 1254/4164/2510
f 1516/4125/2491 1518/4127/2493 1521/4174/2515
f 1252/4156/2506 1253/4158/2507 1258/4175/2516
f 1423/4096/2475 1417/4176/2517 1487/4119/2478
f 1729/4154/2505 1256/4166/2512 1255/4165/2511
f 1766/4076/2460 1730/4163/2509 1728/4118/2488
f 1517/4147/2492 1251/4144/2503 1255/4165/2511
f 1487/4149/2478 1488/4169/2514 1620/4150/2496
f 1247/3773/2269 1729/4154/2505 1255/4165/2511
f 1666/4177/2495 1488/4178/2514 1730/4179/2509
f 1234/4171/2486 1516/4180/2491 1521/4172/2515
f 1235/4155/2449 1252/4156/2506 1233/4146/2504
f 1487/4181/2478 1417/4182/2517 1488/4178/2514
f 1250/4138/2500 1259/4183/2518 1253/4158/2507
f 1668/4168/2435 1620/4150/2496 1488/4169/2514
f 1726/4111/2484 1727/4114/2485 1728/4118/2488
f 1253/4158/2507 1259/4183/2518 1258/4175/2516
f 1247/3773/2269 1255/4165/2511 1251/4144/2503
f 1151/4115/2467 1259/4183/2518 1250/4138/2500
f 1151/4115/2467 1249/4137/2499 1259/4183/2518
f 1517/4147/2492 1233/4146/2504 1251/4144/2503
f 1252/4156/2506 1258/4175/2516 1260/4184/2519
f 1423/4185/2475 1416/4186/2489 1424/4187/2520
f 1258/4175/2516 1259/4183/2518 1260/4184/2519
f 1233/4146/2504 1252/4156/2506 1260/4184/2519
f 1233/4146/2504 1260/4184/2519 1259/4183/2518
f 1422/4173/2487 1424/4187/2520 1416/4186/2489
f 1518/4127/2493 1520/4136/2498 1521/4174/2515
f 1520/4136/2498 1729/4148/2505 1521/4174/2515
f 1423/4185/2475 1424/4187/2520 1417/4182/2517
f 1249/4137/2499 1251/4144/2503 1259/4183/2518
f 1726/4111/2484 1728/4118/2488 1731/4188/2521
f 1417/4182/2517 1424/4187/2520 1425/4189/2522
f 1251/4144/2503 1233/4146/2504 1259/4183/2518
f 1728/4118/2488 1730/4163/2509 1731/4188/2521
f 1422/4173/2487 1425/4189/2522 1424/4187/2520
f 1726/4111/2484 1522/4190/2523 1729/4157/2505
f 1422/4173/2487 1521/4172/2515 1426/4191/2524
f 1730/4179/2509 1488/4178/2514 1523/4192/2525
f 1488/4178/2514 1417/4182/2517 1427/4193/2526
f 1488/4178/2514 1427/4193/2526 1523/4192/2525
f 1422/4173/2487 1428/4194/2527 1425/4189/2522
f 1729/4148/2505 1522/4195/2523 1521/4174/2515
f 1417/4182/2517 1425/4189/2522 1428/4194/2527
f 1422/4173/2487 1426/4191/2524 1428/4194/2527
f 1726/4196/2528 1731/4197/2528 1730/4198/2528
f 1726/4111/2484 1730/4199/2509 1522/4190/2523
f 1417/4182/2517 1428/4194/2527 1426/4191/2524
f 1521/4172/2515 1523/4192/2525 1427/4193/2526
f 1417/4182/2517 1426/4191/2524 1427/4193/2526
f 1730/4200/2509 1523/4201/2525 1522/4195/2523
f 1521/4172/2515 1427/4193/2526 1426/4191/2524
f 1521/4174/2515 1522/4195/2523 1523/4201/2525
f 1531/3656/2157 1633/3728/2219 1631/3657/2203
f 1072/3677/2198 1081/3708/2231 1077/3678/2215
f 1181/3513/2124 1088/3522/2131 1182/3514/2125
f 1193/3493/2112 1180/3509/2122 1177/3504/2118
f 717/110/73 724/146/87 721/124/82
f 277/2132/622 209/4202/1520 114/2133/1307
f 1110/3573/2161 1099/4203/2170 1096/3574/2162
f 1113/3603/2152 1102/3605/2174 1103/3606/2175
f 2382/2259/1372 2386/2354/1444 2383/2307/1417
f 955/260/172 977/380/250 976/336/217
f 1196/3480/2105 1187/3531/2135 1174/3481/2106
f 1172/4204/2098 1118/3683/2132 1087/3680/2092
f 1172/3466/2098 1087/4205/2092 1086/3313/1997
f 1090/3549/2147 1114/3613/2158 1104/3616/2179
f 1090/3549/2147 1104/3616/2179 1091/3550/2151
f 1020/363/238 1000/362/237 1022/4206/2529
f 1000/362/237 1002/395/258 1022/4206/2529
f 1002/395/258 1021/411/253 1022/4206/2529
f 1021/385/253 1009/426/279 1022/4207/2529
f 1009/426/279 1020/370/238 1022/4207/2529
f 351/991/590 352/999/596 356/1040/623
f 351/991/590 356/1040/623 363/1042/609
f 350/965/578 373/944/551 374/918/555
f 350/965/578 374/918/555 370/891/541
f 363/1022/609 350/1007/578 370/4208/541
f 351/991/590 363/1042/609 370/998/541
f 200/2279/1394 173/2369/1453 160/4209/1467
f 205/2403/1469 203/2298/1409 200/2279/1394
f 205/2403/1469 200/2279/1394 160/4209/1467
f 205/2403/1469 160/4209/1467 210/4210/2530
f 160/4209/1467 162/2420/1477 210/4210/2530
f 162/2420/1477 205/2403/1469 210/4210/2530
f 384/902/530 380/4211/501 381/4212/2531
f 380/4211/501 367/861/523 381/4212/2531
f 367/861/523 387/885/531 381/4212/2531
f 387/885/531 348/903/547 381/4212/2531
f 348/903/547 384/902/530 381/4212/2531
f 1074/3671/2211 1073/3670/2210 1070/3628/2189
f 1080/4213/2218 1117/3696/2226 1074/3695/2211
f 1074/3671/2211 1070/3628/2189 1105/3627/2181
f 1080/4214/2218 1074/3671/2211 1105/3627/2181
f 1105/4215/2181 1094/3562/2154 1191/3561/2091
f 1191/3561/2091 1100/3648/2172 1076/3650/2199
f 1105/4215/2181 1191/3561/2091 1108/4216/2532
f 1191/3561/2091 1076/3650/2199 1108/4216/2532
f 1076/3650/2199 1080/3684/2218 1108/4216/2532
f 1080/3684/2218 1105/4215/2181 1108/4216/2532
