# Blender 4.4.0
# www.blender.org
mtllib Meshy_AI_Trees_are_sparse_thi_0822235231_texture.mtl
o Meshy_AI_Trees_are_sparse_thi_0822235231_texture
v 0.356265 -0.483798 0.829155
v 0.338350 0.285807 0.617510
v 0.384310 0.295282 0.639824
v 0.433804 -0.395357 0.721936
v 0.407437 -0.430488 0.650123
v 0.396313 -0.190524 0.702904
v 0.453563 0.041221 0.711540
v 0.409115 -0.369627 0.517275
v 0.459724 0.192459 0.701311
v 0.507741 -0.501184 0.581415
v 0.458639 -0.510714 0.675496
v 0.425370 -0.171935 0.736769
v 0.479264 0.028189 0.717255
v 0.445574 -0.257812 0.686409
v 0.470513 0.016773 0.688009
v 0.438132 0.186765 0.720975
v 0.443302 0.344070 0.733254
v 0.447032 0.357719 0.714210
v 0.445188 -0.424610 0.686001
v 0.500663 -0.535159 0.693593
v 0.496162 -0.508557 0.615276
v 0.477770 0.491211 0.793114
v 0.488707 -0.512288 0.662820
v 0.545080 -0.495435 0.605969
v 0.588846 -0.499557 0.595508
v 0.577289 -0.496238 0.512741
v 0.586352 -0.343466 0.856525
v 0.605933 -0.321198 0.854340
v 0.591677 -0.340318 0.826517
v 0.626807 -0.397151 0.914697
v 0.616884 -0.358155 0.845148
v 0.597596 -0.383340 0.843498
v 0.643558 -0.393120 0.846230
v 0.621096 -0.262362 0.781626
v 0.613407 -0.240864 0.814557
v 0.652078 -0.250232 0.865387
v 0.656978 -0.346232 0.877681
v 0.612064 -0.381022 0.910574
v 0.652408 -0.387483 0.921958
v 0.620515 -0.246411 0.750566
v 0.697021 -0.250152 0.710433
v 0.637125 -0.344903 0.818743
v 0.671544 -0.459016 0.829612
v 0.676601 -0.507307 0.784225
v 0.658932 -0.211890 0.752518
v 0.730803 -0.213116 0.828672
v 0.692174 -0.461784 0.833999
v 0.689654 -0.381852 0.873942
v 0.724365 -0.213983 0.748677
v 0.715220 -0.446972 0.800772
v 0.681551 -0.584579 0.793167
v 0.687714 -0.265100 0.818512
v 0.715713 -0.378197 0.804823
v 0.707185 -0.268527 0.788994
v 0.694524 -0.580260 0.821081
v 0.741293 -0.244409 0.727175
v 0.687273 -0.246938 0.875180
v 0.750228 -0.245839 0.849743
v 0.755247 -0.311577 0.804221
v 0.749780 -0.303909 0.777112
v 0.772742 -0.245530 0.797962
v 0.740635 -0.293762 0.806009
v 0.784020 -0.315144 0.818819
v 0.784911 -0.305713 0.855831
v 0.781163 -0.297764 0.756260
v 0.836440 -0.315404 0.809844
v 0.793724 -0.267774 0.819112
v 0.677937 -0.268073 0.779598
v 0.709019 -0.262370 0.732846
v -0.106315 -0.470687 0.672815
v -0.091403 -0.424424 0.490724
v -0.088844 -0.458384 0.575249
v -0.041257 -0.554214 0.762768
v -0.016102 -0.512180 0.763967
v -0.017532 -0.522510 0.806239
v -0.014108 -0.563425 0.826263
v 0.027621 -0.559561 0.840286
v -0.016193 -0.537767 0.725947
v 0.039957 -0.566991 0.730967
v 0.048277 -0.507393 0.748570
v 0.023717 -0.563383 0.799201
v 0.071469 -0.568899 0.759265
v 0.045216 -0.455366 0.595849
v 0.023970 -0.495689 0.640688
v 0.032313 -0.500021 0.475008
v 0.090063 -0.492363 0.481539
v 0.050004 -0.479252 0.573073
v 0.057050 -0.514534 0.812884
v 0.082764 -0.547085 0.782757
v 0.107136 -0.494573 0.508963
v 0.124926 -0.466819 0.642224
v 0.073912 -0.462784 0.657879
v 0.082019 -0.517852 0.571977
v 0.103614 -0.508209 0.628406
v 0.030977 -0.516059 0.624620
v 0.074912 -0.520403 0.678256
v 0.141610 -0.503687 0.588777
v 0.139669 -0.501724 0.658701
v 0.071723 -0.460712 0.569303
v 0.226810 -0.482006 0.527023
v 0.230891 -0.514616 0.552499
v 0.222791 -0.492402 0.731718
v 0.252908 -0.495974 0.722975
v 0.206122 -0.500053 0.650123
v 0.267831 -0.439685 0.610290
v 0.269627 -0.533923 0.546595
v 0.263513 -0.478621 0.750348
v 0.263219 -0.526100 0.575176
v 0.324073 -0.431837 0.690820
v 0.315895 -0.489989 0.768452
v 0.314462 -0.473392 0.655879
v 0.297091 -0.417911 0.829022
v 0.275680 -0.439905 0.781022
v 0.265792 -0.491623 0.500374
v 0.293192 -0.431927 0.566335
v 0.272198 -0.498518 0.584629
v 0.260536 -0.482639 0.621176
v 0.319014 -0.530044 0.747029
v 0.327126 -0.494227 0.516492
v 0.341716 -0.441879 0.626164
v 0.289130 -0.475954 0.824940
v 0.278285 -0.490330 0.630989
v 0.265372 -0.475997 0.679152
v 0.338419 -0.424331 0.847875
v 0.333382 -0.491446 0.776540
v 0.327994 -0.496316 0.833261
v 0.337651 -0.526240 0.620293
v 0.362784 -0.515376 0.660375
v 0.350372 -0.419996 0.513886
v 0.303413 -0.467475 0.516708
v 0.347843 -0.514987 0.495668
v 0.374572 -0.490431 0.581201
v 0.331318 -0.447231 0.746738
v 0.324746 -0.428240 0.764038
v 0.389117 -0.496840 0.547037
v 0.341368 -0.518959 0.710629
v 0.355110 -0.474212 0.476415
v 0.382558 -0.430177 0.511189
v 0.360970 -0.415840 0.821385
v 0.370686 -0.539704 0.527081
v 0.332907 -0.393314 0.436801
v 0.377634 -0.420106 0.537551
v 0.332420 -0.386842 0.511559
v 0.391929 -0.489426 0.762427
v 0.388402 -0.485910 0.468918
v 0.346680 -0.499741 0.680936
v 0.383214 -0.511876 0.736629
v 0.402665 -0.527486 0.541296
v 0.383311 -0.451029 0.582869
v 0.405337 -0.494754 0.621134
v 0.426830 -0.454665 0.624563
v 0.416623 -0.422664 0.510192
v 0.404949 -0.495027 0.554690
v 0.405623 -0.449081 0.696499
v 0.409057 -0.505134 0.486019
v 0.411433 -0.471105 0.534555
v 0.393668 -0.516848 0.659322
v 0.415254 -0.388031 0.544179
v 0.427134 -0.388186 0.472828
v 0.431923 -0.409675 0.475423
v 0.445228 -0.397706 0.410851
v 0.412193 -0.403054 0.291122
v 0.442196 -0.375398 0.369934
v 0.476411 -0.394031 0.400856
v 0.453890 -0.399212 0.362059
v 0.470054 -0.346104 0.342288
v 0.486484 -0.417492 0.459117
v 0.461159 -0.119274 0.354430
v 0.474502 -0.405339 0.292173
v 0.468588 -0.186525 0.331378
v 0.550274 -0.433887 0.224542
v 0.490496 -0.401837 0.344778
v 0.457706 -0.375711 0.307869
v 0.492137 -0.400663 0.254426
v 0.468323 -0.443236 0.134234
v 0.467087 -0.400949 0.342630
v 0.459491 -0.369681 0.287925
v 0.481372 -0.332920 0.305551
v 0.488274 -0.377284 0.328795
v 0.495894 -0.187438 0.324516
v 0.514625 -0.396938 0.388777
v 0.495654 -0.474507 0.169366
v 0.507559 -0.421951 0.298904
v 0.413108 -0.423893 0.099347
v 0.484408 -0.555238 0.271838
v 0.516266 -0.422201 0.400377
v 0.507833 -0.410970 0.278598
v 0.488698 -0.410615 0.297469
v 0.520926 -0.370579 0.302119
v 0.531665 -0.152358 0.313043
v 0.464968 -0.426271 0.120995
v 0.493478 -0.412603 0.111207
v 0.498619 -0.340439 0.291556
v 0.524021 -0.207945 0.300339
v 0.495474 -0.515070 0.109968
v 0.490289 -0.503297 0.161618
v 0.549406 -0.421412 0.269977
v 0.503776 -0.412792 0.381367
v 0.510141 -0.447088 0.280765
v 0.551249 -0.480928 0.177831
v 0.516304 -0.330463 0.313314
v 0.552440 -0.154212 0.314761
v 0.546373 -0.421358 0.050582
v 0.559860 -0.375644 0.143232
v 0.598338 -0.449002 0.192237
v 0.545579 -0.443743 0.127976
v 0.543072 -0.465438 0.287537
v 0.564458 -0.437102 0.311740
v 0.618502 -0.507019 0.372882
v 0.599156 -0.374536 0.253884
v 0.546694 -0.471820 0.257992
v 0.507629 -0.397359 0.353922
v 0.571674 -0.419452 0.365059
v 0.585968 -0.384930 0.186943
v 0.604590 -0.388358 0.314214
v 0.556287 -0.426203 0.166524
v 0.598576 -0.461035 0.375887
v 0.590248 -0.462572 0.402894
v 0.594633 -0.479883 0.252402
v 0.621532 -0.428366 0.337766
v 0.593356 -0.354828 0.259476
v 0.578690 -0.494268 0.357600
v 0.659539 -0.485812 0.403461
v 0.644171 -0.368644 0.309757
v 0.636219 -0.343724 0.131227
v 0.542733 -0.531903 0.090251
v 0.573700 -0.506067 0.184326
v 0.626714 -0.513015 0.203133
v 0.590315 -0.468023 0.200465
v 0.593189 -0.322521 0.179743
v 0.659304 -0.302358 0.167997
v 0.680966 -0.467635 0.273816
v 0.643910 -0.291703 0.244062
v 0.659393 -0.482972 0.227634
v 0.654907 -0.500995 0.129045
v 0.698916 -0.419978 0.345013
v 0.692392 -0.495232 0.334362
v 0.707284 -0.373817 0.114092
v 0.642387 -0.318553 0.294060
v 0.678980 -0.334122 0.317400
v 0.692395 -0.514460 0.171577
v 0.673438 -0.584195 0.235947
v 0.698666 -0.485268 0.231612
v 0.700485 -0.361219 0.325545
v 0.663086 -0.466042 0.210376
v 0.663014 -0.571914 0.214430
v 0.705790 -0.289672 0.204636
v 0.690342 -0.493314 0.177196
v 0.679818 -0.383493 0.303059
v 0.690736 -0.519180 0.395862
v 0.701280 -0.453845 0.378825
v 0.691546 -0.519049 0.131286
v 0.682176 -0.455954 0.145098
v 0.737733 -0.325989 0.307315
v 0.709598 -0.441848 0.143299
v 0.762545 -0.306947 0.240082
v 0.720644 -0.333792 0.133329
v 0.737487 -0.538360 0.369500
v 0.743096 -0.507550 0.178441
v 0.731761 -0.419502 0.166222
v 0.732978 -0.447699 0.335609
v 0.759788 -0.389061 0.302483
v 0.699270 -0.450113 0.067110
v 0.755410 -0.394929 0.157398
v 0.767874 -0.515077 0.349972
v 0.737301 -0.479793 0.183650
v 0.770634 -0.329370 0.274648
v 0.735562 -0.566328 0.361082
v 0.744990 -0.533585 0.348373
v 0.766594 -0.337371 0.164216
v 0.754481 -0.459479 0.294362
v 0.776596 -0.447860 0.200406
v 0.779896 -0.328539 0.219913
v 0.778178 -0.451164 0.270123
v 0.763762 -0.473950 0.230651
v 0.785354 -0.535645 0.258664
v 0.788727 -0.408780 0.225373
v 0.764377 -0.547551 0.357341
v 0.798656 -0.449766 0.196980
v 0.793653 -0.538119 0.283038
v 0.785160 -0.397179 0.198541
v 0.763582 -0.530640 0.215221
v 0.777023 -0.580868 0.188105
v 0.798936 -0.217835 0.205961
v 0.783271 0.018876 0.269301
v 0.798035 -0.128312 0.254573
v 0.797090 -0.047083 0.234804
v 0.839698 -0.372349 0.160916
v 0.828450 -0.366866 0.196330
v 0.863206 -0.369232 0.213905
v 0.844079 -0.419414 0.190126
v 0.884534 -0.377063 0.183093
v 0.864383 -0.352940 0.180503
v 0.157355 -0.072945 0.227958
v 0.203766 0.005366 0.270595
v 0.248985 -0.364978 0.279353
v 0.311025 -0.346463 0.248925
v 0.296514 -0.348197 0.182940
v 0.275569 -0.388652 0.309622
v 0.327251 -0.400054 0.319012
v 0.268126 -0.440539 0.293546
v 0.357831 -0.367055 0.264693
v 0.331676 -0.436424 0.305762
v 0.312699 -0.429188 0.472482
v 0.375051 -0.325227 0.340370
v 0.309200 -0.207101 0.342334
v 0.298517 -0.106466 0.347357
v 0.343196 -0.451954 0.209228
v 0.380297 -0.456306 0.208496
v 0.383491 -0.420141 0.133648
v 0.357672 -0.319495 0.327681
v 0.352269 -0.353063 0.327065
v 0.363693 -0.385533 0.333462
v 0.383936 -0.413386 0.271606
v 0.353626 -0.408231 0.410645
v 0.391818 -0.448414 0.493103
v 0.380636 -0.460009 0.421800
v 0.339616 -0.460218 0.435925
v 0.393230 -0.471799 0.462548
v 0.380969 -0.404010 0.409664
v 0.419486 -0.432808 0.421847
v 0.392919 -0.402961 0.242857
v 0.377417 -0.369149 0.350863
v 0.399552 -0.357381 0.154016
v 0.405118 -0.316628 0.339001
v 0.372710 -0.394988 0.290359
v 0.390158 -0.204429 0.334654
v 0.393110 -0.388813 0.299634
v 0.374841 -0.348208 0.300411
v 0.405062 -0.399206 0.355853
v 0.398478 -0.356805 0.335387
v 0.357918 -0.399133 0.307394
v 0.412189 -0.378978 0.295330
v 0.412908 -0.321484 0.304339
v 0.395306 -0.324964 0.320887
v 0.379378 -0.387980 0.375463
v 0.407501 -0.334890 0.289451
v 0.400063 -0.320009 0.285273
v 0.396009 -0.412873 0.121118
v 0.368521 -0.355691 0.115096
v 0.406367 -0.333139 0.374089
v 0.417254 -0.422543 0.170586
v 0.405980 -0.102205 0.340588
v 0.399442 -0.102045 0.366401
v 0.411150 -0.196998 0.338992
v 0.382012 -0.394124 0.222487
v 0.416400 -0.379887 0.354661
v 0.424472 -0.345866 0.318048
v 0.406520 -0.369761 0.315267
v 0.451724 -0.403424 0.242956
v 0.433914 -0.402490 0.256578
v 0.436347 -0.310735 0.282497
v 0.441540 -0.337384 0.338339
v 0.501982 -0.429079 0.136262
v 0.448005 -0.398994 0.301219
v 0.451576 -0.119532 0.334449
v 0.424294 -0.457828 0.071753
v 0.450462 -0.264788 0.330750
v 0.033493 -0.435842 0.229344
v 0.070497 -0.427450 0.270949
v 0.058786 -0.464129 0.142440
v 0.047143 -0.456382 0.092840
v 0.090561 -0.502805 0.113971
v 0.098861 -0.433536 0.160709
v 0.081653 -0.475606 0.175763
v 0.047309 -0.427256 0.180078
v 0.115568 -0.402445 0.064301
v 0.113930 -0.406921 0.260861
v 0.114479 -0.376650 0.232431
v 0.070036 -0.487339 0.243622
v 0.108529 -0.464760 0.262758
v 0.082078 -0.468174 0.062597
v 0.131846 -0.399306 0.131885
v 0.113342 -0.411084 0.035388
v 0.122852 -0.499154 0.124290
v 0.105636 -0.377098 0.171738
v 0.149246 -0.426138 0.194174
v 0.165096 -0.407585 0.230086
v 0.112261 0.068625 0.161575
v 0.155571 -0.109001 0.211578
v 0.183848 -0.370579 0.094974
v 0.131003 -0.490229 0.090063
v 0.124087 -0.449414 0.046075
v 0.137067 -0.475762 0.041218
v 0.152412 -0.483619 0.088249
v 0.149929 -0.396589 0.243514
v 0.151425 -0.449328 0.160505
v 0.166043 -0.442120 0.093671
v 0.207573 -0.429444 0.195920
v 0.162922 -0.368475 0.220687
v 0.178567 -0.123371 0.248829
v 0.156363 -0.099038 0.253748
v 0.186142 -0.375881 0.267941
v 0.179823 -0.495301 0.123324
v 0.182405 -0.569577 0.289780
v 0.203041 -0.452168 0.131113
v 0.222627 -0.334335 0.064902
v 0.242680 -0.424338 0.256186
v 0.228855 -0.387536 0.048167
v 0.206167 -0.376804 0.066399
v 0.205330 -0.385477 0.012691
v 0.238135 -0.495884 0.162122
v 0.226523 -0.341469 -0.026998
v 0.208442 -0.341670 0.136672
v 0.245785 -0.426140 0.137621
v 0.221346 -0.359929 0.177758
v 0.214925 -0.334078 0.199115
v 0.245239 -0.401392 0.177440
v 0.262931 -0.471220 0.068981
v 0.308270 -0.435472 0.151853
v 0.275477 -0.594121 0.060281
v 0.282005 -0.496705 0.168255
v 0.329013 -0.430264 0.217043
v 0.311558 -0.465195 -0.014819
v 0.293818 -0.464872 0.073394
v 0.301019 -0.418137 0.149153
v 0.266478 -0.452761 0.044208
v 0.282973 -0.328240 0.091712
v 0.338411 -0.476318 0.161471
v 0.376520 -0.442869 0.122596
v 0.314256 -0.322593 0.138527
v 0.379704 -0.353967 0.013631
v 0.388577 -0.500832 0.087241
v 0.364304 -0.485808 0.142358
v 0.382574 -0.390493 0.082986
v 0.375974 -0.424180 0.082930
v 0.384390 -0.424544 0.030277
v 0.390281 -0.510685 0.001928
v 0.464601 -0.471753 0.110744
v 0.381131 -0.490887 -0.035962
v 0.379822 -0.433067 0.021585
v 0.388644 -0.468584 -0.036527
v 0.419410 -0.524280 -0.076932
v 0.370676 -0.526518 -0.068530
v 0.432440 -0.434494 0.000599
v 0.482814 -0.426715 -0.020974
v 0.429858 -0.481886 0.024417
v 0.445437 -0.431207 0.014195
v 0.406346 -0.419756 -0.064465
v 0.505209 -0.400809 -0.060628
v 0.410344 -0.404353 -0.122193
v 0.418690 -0.456306 0.028137
v 0.433021 -0.538470 -0.065175
v 0.536182 -0.408364 -0.091663
v 0.482979 -0.405633 -0.159791
v 0.489634 -0.534622 0.018866
v 0.532858 -0.506644 -0.199474
v 0.487547 -0.542094 -0.072199
v 0.470898 -0.514397 -0.042109
v 0.527940 -0.556785 0.018448
v 0.519704 -0.485866 0.067297
v 0.522511 -0.539850 0.045448
v 0.543823 -0.430783 -0.064739
v 0.534367 -0.455416 -0.157372
v 0.541186 -0.486915 -0.090599
v 0.540296 -0.514714 -0.125136
v 0.548499 -0.465095 0.052908
v 0.566388 -0.419635 0.031437
v 0.547072 -0.475283 0.057562
v 0.575228 -0.508276 0.022008
v 0.524583 -0.487321 -0.050422
v 0.556096 -0.534485 -0.000080
v 0.555252 -0.480257 -0.216839
v 0.546599 -0.371937 0.090580
v 0.578809 -0.471707 0.004555
v 0.625421 -0.449394 -0.004479
v 0.642873 -0.527807 0.014649
v 0.577340 -0.547509 0.040849
v 0.606922 -0.430599 -0.324571
v 0.590123 -0.364217 0.027901
v 0.673014 -0.380556 0.023554
v 0.691782 -0.449459 0.041200
v 0.662557 -0.460161 0.038074
v 0.630675 -0.502449 0.000963
v 0.635455 -0.548166 0.031804
v 0.663645 -0.489839 0.018212
v 0.680603 -0.456387 0.068177
v 0.694232 -0.518497 0.043568
v 0.707337 -0.220819 0.065436
v 0.710004 -0.581329 0.051378
v 0.672003 -0.018344 0.072052
v 0.695618 -0.156685 0.061942
v 0.689045 -0.373201 0.054273
v 0.702356 -0.225685 0.044845
v 0.708024 -0.526758 0.085637
v 0.688745 -0.541763 0.066727
v 0.715745 -0.474448 0.053640
v 0.178463 -0.416385 -0.078966
v 0.164259 -0.433257 -0.072105
v 0.134340 -0.432321 -0.026222
v 0.126848 -0.456434 -0.082321
v 0.138382 -0.419598 0.006796
v 0.152291 -0.399011 -0.042586
v 0.124981 -0.392941 -0.144526
v 0.200418 -0.407869 -0.144203
v 0.145429 -0.422142 -0.216764
v 0.177238 -0.460137 0.013526
v 0.198477 -0.432126 -0.081274
v 0.189451 -0.448043 -0.114957
v 0.196010 -0.439431 -0.143701
v 0.275351 -0.432135 -0.169997
v 0.274126 -0.435793 -0.063662
v 0.271374 -0.448631 -0.066195
v 0.222157 -0.386507 -0.036282
v 0.276272 -0.414315 -0.049302
v 0.195070 -0.447898 -0.203217
v 0.261625 -0.314981 0.052426
v 0.270717 -0.456841 -0.216336
v 0.345759 -0.456918 -0.127187
v 0.320963 -0.442964 -0.131726
v 0.326778 -0.448431 -0.069512
v 0.310183 -0.413243 -0.050620
v 0.315332 -0.489096 -0.188311
v 0.294446 -0.440001 -0.197470
v 0.289639 -0.346364 -0.053189
v 0.339632 -0.408638 -0.181487
v 0.325427 -0.349806 -0.038535
v 0.356206 -0.479806 -0.168792
v 0.362244 -0.534212 -0.105458
v 0.324796 -0.484241 -0.115061
v 0.354640 -0.441851 -0.115930
v 0.435908 -0.510365 -0.135070
v 0.346622 -0.489973 -0.061467
v 0.348914 -0.437158 -0.044420
v 0.243728 -0.392860 -0.319960
v 0.205333 -0.385309 -0.271053
v 0.277471 -0.438227 -0.307267
v 0.259236 -0.460202 -0.312489
v 0.280516 -0.438777 -0.282617
v 0.274420 -0.427540 -0.434330
v 0.315966 -0.430340 -0.255547
v 0.288082 -0.438467 -0.225074
v 0.276642 -0.429500 -0.249904
v 0.355666 -0.407646 -0.279468
v 0.326831 -0.419961 -0.344656
v 0.299129 -0.417748 -0.381225
v 0.363596 -0.371391 -0.338150
v 0.317857 -0.487392 -0.246045
v 0.371626 -0.428388 -0.248560
v 0.336073 -0.407569 -0.460061
v 0.316071 -0.428788 -0.429898
v 0.347802 -0.377264 -0.417910
v 0.386382 -0.417655 -0.267516
v 0.411945 -0.416011 -0.338429
v 0.316532 -0.396366 -0.330379
v 0.343459 -0.318739 -0.396182
v 0.423435 -0.419596 -0.153122
v 0.372549 -0.460339 -0.245491
v 0.375721 -0.337116 -0.329723
v 0.436199 -0.367394 -0.285887
v 0.386098 -0.392603 -0.275610
v 0.443123 -0.420380 -0.354118
v 0.404315 -0.437004 -0.412264
v 0.424534 -0.456740 -0.249055
v 0.426845 -0.314775 -0.318251
v 0.449481 -0.427142 -0.207853
v 0.386891 -0.439439 -0.125218
v 0.424959 -0.494598 -0.207021
v 0.447665 -0.433448 -0.239008
v 0.423229 -0.412249 -0.232743
v 0.440675 -0.428568 -0.168228
v 0.497865 -0.455528 -0.262349
v 0.453671 -0.533634 -0.331079
v 0.515340 -0.491453 -0.257459
v 0.465380 -0.371930 -0.280120
v 0.529683 -0.393258 -0.304666
v 0.477186 -0.431319 -0.237105
v 0.512736 -0.432255 -0.264635
v 0.511819 -0.463891 -0.294645
v 0.540279 -0.434641 -0.308183
v 0.528333 -0.461869 -0.264744
v 0.537941 -0.438902 -0.205591
v 0.540097 -0.345700 -0.333643
v 0.574484 -0.433439 -0.344556
v 0.305846 -0.415250 -0.482134
v 0.320780 -0.431088 -0.517652
v 0.341597 -0.456349 -0.555710
v 0.362253 -0.383353 -0.448098
v 0.332411 -0.400007 -0.516839
v 0.387927 -0.400091 -0.521169
v 0.369306 -0.471147 -0.584973
v 0.331932 -0.388873 -0.597389
v 0.401554 -0.408182 -0.635427
v 0.409895 -0.384854 -0.450664
v 0.339850 -0.314739 -0.425265
v 0.365950 -0.461971 -0.551435
v 0.360043 -0.376916 -0.561223
v 0.408255 -0.298905 -0.404010
v 0.418631 -0.424710 -0.527991
v 0.436215 -0.396168 -0.605112
v 0.383626 -0.434350 -0.492858
v 0.424056 -0.469200 -0.476426
v 0.439017 -0.438114 -0.624160
v 0.425476 -0.472256 -0.411727
v 0.431173 -0.367068 -0.466088
v 0.389474 -0.396900 -0.473164
v 0.392237 -0.482701 -0.537857
v 0.415339 -0.499032 -0.559211
v 0.419225 -0.325852 -0.471994
v 0.446419 -0.329542 -0.444624
v 0.452921 -0.417916 -0.580318
v 0.468526 -0.496521 -0.541154
v 0.448336 -0.307486 -0.373413
v 0.442446 -0.436937 -0.536825
v 0.445047 -0.404045 -0.534734
v 0.487559 -0.396842 -0.549841
v 0.492415 -0.522529 -0.462730
v 0.460691 -0.430244 -0.379140
v 0.435690 -0.451361 -0.511274
v 0.489879 -0.341790 -0.440413
v 0.445924 -0.365766 -0.429743
v 0.508896 -0.388772 -0.465968
v 0.508400 -0.447537 -0.538550
v 0.453181 -0.473495 -0.538204
v 0.484006 -0.439693 -0.604553
v 0.509031 -0.337851 -0.302614
v 0.504237 -0.519706 -0.576591
v 0.488564 -0.538424 -0.636007
v 0.535298 -0.565037 -0.593273
v 0.480662 -0.508755 -0.617913
v 0.464535 -0.473280 -0.418495
v 0.533296 -0.455354 -0.373522
v 0.529941 -0.490906 -0.547370
v 0.493625 -0.508930 -0.542621
v 0.575567 -0.437443 -0.614205
v 0.540624 -0.455545 -0.458076
v 0.521168 -0.425634 -0.570482
v 0.548282 -0.435865 -0.419384
v 0.548910 -0.433389 -0.561857
v 0.513801 -0.405324 -0.418451
v 0.552036 -0.534607 -0.576076
v 0.495962 -0.421830 -0.553883
v 0.551883 -0.419771 -0.512120
v 0.510168 -0.484034 -0.442218
v 0.524625 -0.530328 -0.481904
v 0.539779 -0.458402 -0.541724
v 0.553988 -0.505624 -0.594255
v 0.538294 -0.407600 -0.367125
v 0.547737 -0.349718 -0.394091
v 0.557398 -0.479864 -0.548522
v 0.597087 -0.491310 -0.477810
v 0.643071 -0.434764 -0.479259
v 0.559800 -0.450654 -0.504873
v 0.601920 -0.458756 -0.560952
v 0.590064 -0.455166 -0.484352
v 0.653924 -0.440083 -0.257198
v 0.669657 -0.452299 -0.556564
v 0.620596 -0.396060 -0.486397
v 0.592340 -0.407095 -0.520207
v 0.673109 -0.481225 -0.466492
v 0.646419 -0.361487 -0.486303
v 0.698027 -0.338174 -0.528603
v 0.703826 -0.462005 -0.474783
v 0.694526 -0.431250 -0.489303
v 0.705393 -0.441639 -0.319109
v 0.659437 -0.437853 -0.360413
v 0.737855 -0.428335 -0.348198
v 0.664418 -0.433789 -0.323110
v 0.724843 -0.420868 -0.396911
v 0.743635 -0.365349 -0.509400
v 0.697319 -0.462994 -0.551140
v 0.693236 -0.420375 -0.470271
v 0.625989 -0.436721 -0.438652
v 0.758841 -0.353610 -0.544338
v 0.714629 -0.407162 -0.477351
v 0.745320 -0.423044 -0.534707
v 0.766327 -0.420714 -0.433743
v 0.716106 -0.465983 -0.593224
v 0.761605 -0.414675 -0.513957
v 0.784713 -0.440844 -0.544234
v 0.789678 -0.404310 -0.548462
v 0.829946 -0.451802 -0.504867
v 0.768239 -0.426423 -0.367877
v 0.818858 -0.461560 -0.386647
v 0.837498 -0.499366 -0.611832
v 0.791081 -0.436293 -0.578223
v 0.814791 -0.438051 -0.539526
v 0.853128 -0.454187 -0.603823
v 0.804312 -0.489643 -0.505496
v 0.784717 -0.526096 -0.574071
v 0.806324 -0.474025 -0.546367
v 0.804072 -0.522969 -0.525435
v 0.867408 -0.445187 -0.576744
v 0.833357 -0.530301 -0.589040
v 0.842137 -0.488058 -0.493379
v 0.859404 -0.514558 -0.578481
v 0.853064 -0.462220 -0.506213
v 0.483619 -0.474870 -0.639644
v 0.586959 -0.434798 -0.651346
v 0.567686 -0.392420 -0.604700
v 0.554676 -0.412807 -0.696874
v 0.554165 -0.456350 -0.692761
v 0.589545 -0.417321 -0.588096
v 0.593560 -0.351185 -0.634267
v 0.540840 -0.542008 -0.674544
v 0.572983 -0.565446 -0.610384
v 0.583035 -0.534944 -0.595086
v 0.609593 -0.445857 -0.676373
v 0.591912 -0.390492 -0.578172
v 0.585081 -0.502255 -0.654500
v 0.569981 -0.464107 -0.726042
v 0.620782 -0.479574 -0.757683
v 0.635968 -0.306909 -0.615099
v 0.581808 -0.342035 -0.692321
v 0.589596 -0.514962 -0.686711
v 0.639248 -0.516193 -0.657557
v 0.611980 -0.370199 -0.601791
v 0.600509 -0.361642 -0.733262
v 0.612006 -0.405911 -0.729455
v 0.588473 -0.439286 -0.752753
v 0.605097 -0.373016 -0.652133
v 0.659963 -0.355499 -0.606285
v 0.640000 -0.380320 -0.756588
v 0.620600 -0.353828 -0.521016
v 0.594639 -0.455936 -0.581940
v 0.653500 -0.461866 -0.601415
v 0.635717 -0.347291 -0.709746
v 0.648951 -0.418827 -0.745976
v 0.663992 -0.293001 -0.675609
v 0.677898 -0.291521 -0.638980
v 0.684846 -0.322285 -0.762138
v 0.648054 -0.526513 -0.717366
v 0.644489 -0.547468 -0.686516
v 0.632897 -0.317919 -0.718071
v 0.675765 -0.277889 -0.721659
v 0.667076 -0.487492 -0.760687
v 0.705257 -0.390091 -0.751748
v 0.696796 -0.430789 -0.655213
v 0.707705 -0.508357 -0.705174
v 0.720674 -0.346605 -0.582781
v 0.680361 -0.574645 -0.575702
v 0.717598 -0.429089 -0.745629
v 0.691716 -0.465834 -0.605443
v 0.694243 -0.584525 -0.551479
v 0.735722 -0.534380 -0.682640
v 0.700472 -0.476077 -0.756591
v 0.735583 -0.495198 -0.724017
v 0.714239 -0.256324 -0.678875
v 0.751245 -0.289809 -0.748988
v 0.753494 -0.420923 -0.741986
v 0.770831 -0.379767 -0.598089
v 0.696298 -0.306981 -0.599056
v 0.770585 -0.335873 -0.631133
v 0.767160 -0.470985 -0.680197
v 0.743524 -0.260227 -0.628175
v 0.766994 -0.521856 -0.639120
v 0.720114 -0.541611 -0.599328
v 0.752155 -0.409585 -0.672444
v 0.764779 -0.453592 -0.644930
v 0.780298 -0.291494 -0.630702
v 0.786483 -0.278868 -0.681553
v 0.806801 -0.362831 -0.626320
v 0.797633 -0.321756 -0.722755
v 0.735659 -0.354915 -0.768618
v 0.777532 -0.483439 -0.594424
v 0.782707 -0.386112 -0.756850
v 0.801638 -0.416911 -0.661219
v 0.821052 -0.302686 -0.640502
v 0.814261 -0.380941 -0.664600
v 0.808006 -0.328650 -0.620324
v 0.805308 -0.393826 -0.721951
v 0.832578 -0.358894 -0.690868
v -0.667210 -0.542453 0.427224
v -0.622501 -0.571135 0.409776
v -0.579535 -0.516700 0.425241
v -0.560084 -0.509400 0.449963
v -0.550989 -0.530153 0.436100
v -0.513864 -0.465539 0.381187
v -0.502689 -0.505210 0.407089
v -0.425594 -0.441982 0.398048
v -0.435264 0.249754 0.846637
v -0.432495 0.315858 0.824442
v -0.424253 0.244531 0.804308
v -0.408427 -0.401134 0.701591
v -0.419695 0.108351 0.781199
v -0.432875 -0.382797 0.685896
v -0.391030 -0.119455 0.663750
v -0.443883 -0.582865 0.674813
v -0.429035 -0.534166 0.419810
v -0.463626 -0.510421 0.422752
v -0.399006 -0.545133 0.402876
v -0.396221 -0.431197 0.677276
v -0.425212 0.165484 0.819367
v -0.407068 -0.026345 0.747327
v -0.410589 -0.110508 0.691881
v -0.388229 -0.007776 0.594719
v -0.401353 0.106150 0.741961
v -0.412056 0.045087 0.736015
v -0.399218 0.133455 0.669703
v -0.402707 -0.429904 0.313689
v -0.385590 0.076707 0.754246
v -0.379244 0.122863 0.715662
v -0.368204 0.040772 0.570063
v -0.377317 -0.077029 0.678107
v -0.401214 -0.025694 0.724911
v -0.379435 -0.027462 0.745584
v -0.383405 -0.422600 0.372000
v -0.359410 -0.495104 0.403538
v -0.371270 -0.206860 0.682726
v -0.397835 -0.559992 0.370526
v -0.377676 -0.465243 0.373936
v -0.348689 -0.483647 0.353156
v -0.357963 -0.412829 0.363586
v -0.335386 -0.431570 0.462160
v -0.378109 -0.565812 0.435132
v -0.320929 -0.406606 0.424513
v -0.321192 -0.496322 0.440212
v -0.354534 -0.483823 0.454597
v -0.308782 -0.450861 0.477584
v -0.285542 -0.491194 0.461802
v -0.355126 -0.540818 0.462261
v -0.276439 -0.516276 0.488192
v -0.246206 -0.542643 0.473114
v -0.263263 -0.391419 0.380956
v -0.387133 -0.381459 0.325916
v -0.293754 -0.359112 0.313489
v -0.253977 -0.425764 0.457373
v -0.264720 -0.338051 0.333715
v -0.323070 -0.548606 0.474919
v -0.220292 -0.347037 0.320495
v -0.235327 -0.481227 0.444479
v -0.157870 -0.336610 0.343801
v -0.220867 -0.431282 0.435217
v -0.228435 -0.509307 0.473653
v -0.181621 -0.490205 0.407508
v -0.226737 -0.466694 0.335347
v -0.226998 -0.465475 0.388295
v -0.205458 -0.423318 0.345336
v -0.205452 -0.449091 0.403968
v -0.197097 -0.542499 0.450244
v -0.166220 -0.494055 0.368823
v -0.179464 -0.547921 0.394051
v -0.209547 -0.423309 0.300412
v -0.150868 -0.497715 0.335766
v -0.074893 -0.354327 0.350850
v -0.070292 -0.314686 0.313657
v -0.065300 -0.409639 0.452496
v -0.413954 -0.502948 0.357717
v -0.425222 -0.392729 0.317927
v -0.354978 -0.367458 0.304818
v -0.452043 -0.435263 0.301197
v -0.375394 -0.375722 0.225328
v -0.424699 -0.337942 0.129357
v -0.425191 -0.375805 0.195818
v -0.386516 -0.345949 0.212050
v -0.388652 -0.460625 0.316470
v -0.419968 -0.514547 0.193737
v -0.343777 -0.419251 0.261482
v -0.369420 -0.458186 0.342258
v -0.377796 -0.434917 0.220924
v -0.365305 -0.442739 0.270856
v -0.397625 -0.517120 0.323565
v -0.338319 -0.486244 0.287980
v -0.329717 -0.351231 0.196606
v -0.334754 -0.421034 0.270893
v -0.366249 -0.542296 0.278131
v -0.366829 -0.505740 0.277392
v -0.320400 -0.394765 0.293189
v -0.283602 -0.508347 0.368826
v -0.395311 -0.561559 0.327867
v -0.277562 -0.559911 0.286878
v -0.319148 -0.408462 0.207755
v -0.328628 -0.389271 0.225668
v -0.286271 -0.350027 0.224099
v -0.329773 -0.440434 0.182088
v -0.304020 -0.464201 0.258063
v -0.328525 -0.508376 0.259005
v -0.298483 -0.488104 0.279318
v -0.277164 -0.538434 0.258044
v -0.287596 -0.450331 0.200158
v -0.251500 -0.330490 0.133259
v -0.299482 -0.391429 0.151591
v -0.246955 -0.451031 0.257918
v -0.216285 -0.523356 0.265934
v -0.295536 -0.412575 0.237386
v -0.209380 -0.548817 0.318878
v -0.228152 -0.472122 0.273462
v -0.224889 -0.413794 0.216406
v -0.196341 -0.543571 0.353931
v -0.199057 -0.464869 0.317079
v -0.158064 -0.526305 0.323806
v -0.166447 -0.512862 0.296909
v -0.686957 -0.548943 0.085540
v -0.677417 -0.498087 0.127822
v -0.719000 -0.523238 0.218611
v -0.651617 -0.493478 0.164577
v -0.694829 -0.542081 0.195734
v -0.684316 -0.496478 0.088229
v -0.678929 -0.474323 0.107490
v -0.667420 -0.534250 0.153594
v -0.666128 -0.485638 0.217554
v -0.619784 -0.547560 0.198234
v -0.683946 -0.538519 0.252762
v -0.656083 -0.487270 0.377152
v -0.670471 -0.517389 0.371186
v -0.632332 -0.561765 0.371050
v -0.633369 -0.503278 0.173451
v -0.652890 -0.517397 0.253117
v -0.651853 -0.474432 0.058715
v -0.659312 -0.539758 0.371227
v -0.635454 -0.475242 0.319136
v -0.604844 -0.462685 0.403976
v -0.649228 -0.496447 0.329323
v -0.600507 -0.511524 0.321644
v -0.581825 -0.462871 0.228572
v -0.623765 -0.462070 0.248698
v -0.667037 -0.472901 0.193063
v -0.656456 -0.523436 0.063135
v -0.584669 -0.500370 0.142723
v -0.603296 -0.479550 0.307143
v -0.586677 -0.526130 0.379633
v -0.587094 -0.506920 0.130437
v -0.581538 -0.526037 0.066587
v -0.602539 -0.499005 0.106913
v -0.621706 -0.474057 0.140963
v -0.580202 -0.490749 0.248542
v -0.540001 -0.499752 0.160141
v -0.577103 -0.451302 0.256113
v -0.572546 -0.480703 0.206134
v -0.590889 -0.549817 0.040862
v -0.513459 -0.523001 0.130309
v -0.505082 -0.477617 0.187374
v -0.524824 -0.516646 0.300094
v -0.506881 -0.526799 -0.017290
v -0.524240 -0.453910 0.133468
v -0.588664 -0.470961 0.116238
v -0.564586 -0.490280 0.271899
v -0.504954 -0.456851 0.333708
v -0.494696 -0.449545 0.082303
v -0.514402 -0.457156 0.186280
v -0.511312 -0.428105 0.158577
v -0.526421 -0.506987 0.214805
v -0.478185 -0.522384 0.245921
v -0.474656 -0.454759 0.212778
v -0.474406 -0.519633 0.326438
v -0.486027 -0.483320 0.138304
v -0.439350 -0.491276 0.146602
v -0.448281 -0.500562 0.291900
v -0.482095 -0.419872 0.112266
v -0.449623 -0.447821 0.197776
v -0.427252 -0.508380 0.093828
v -0.465320 -0.450110 0.278798
v -0.438078 -0.427770 0.282965
v -0.476992 -0.435812 0.239287
v -0.443818 -0.406872 0.164639
v -0.457642 -0.495992 0.232691
v -0.408046 -0.470423 0.200923
v -0.460009 -0.365091 0.134363
v -0.415620 -0.475997 0.147066
v -0.452356 -0.425408 0.155557
v -0.396811 -0.462804 0.120743
v -0.449283 -0.416680 -0.021537
v -0.501372 -0.467168 0.006011
v -0.440353 -0.518901 -0.033482
v -0.476108 -0.433078 0.019864
v -0.411800 -0.426821 0.040916
v -0.434991 -0.394798 -0.075589
v -0.431537 -0.419188 -0.039252
v -0.460162 -0.376901 0.066555
v -0.415378 -0.380831 -0.139838
v -0.364964 -0.318936 0.142423
v -0.436093 -0.520491 0.018118
v -0.461252 -0.509549 0.038107
v -0.443882 -0.522724 -0.120250
v -0.397511 -0.455624 -0.112003
v -0.429621 -0.481571 0.048242
v -0.365550 -0.394301 -0.095838
v -0.386635 -0.398394 -0.015256
v -0.406538 -0.413328 0.045389
v -0.391876 -0.361281 0.051271
v -0.374986 -0.404341 -0.086126
v -0.392605 -0.406195 -0.062435
v -0.401832 -0.430118 0.112178
v -0.358675 -0.391640 0.148259
v -0.358059 -0.400970 -0.021044
v -0.384829 -0.470061 0.044488
v -0.382195 -0.441911 0.003576
v -0.398580 -0.521595 -0.032279
v -0.367599 -0.490395 -0.056602
v -0.362192 -0.521689 -0.105992
v -0.344207 -0.355657 0.072489
v -0.352804 -0.417735 0.095425
v -0.382795 -0.522431 0.042717
v -0.344877 -0.425896 0.162425
v -0.341571 -0.415008 0.064494
v -0.349180 -0.450341 0.080058
v -0.374182 -0.438108 0.117161
v -0.290130 -0.403099 -0.078887
v -0.382811 -0.553817 -0.011510
v -0.355604 -0.547595 0.020028
v -0.334296 -0.519329 -0.019122
v -0.330454 -0.501877 0.009823
v -0.312199 -0.363436 0.109868
v -0.335259 -0.379745 -0.037357
v -0.337421 -0.444674 0.157721
v -0.261277 -0.350108 0.046798
v -0.290745 -0.408622 0.011495
v -0.279899 -0.391169 0.028249
v -0.332635 -0.345666 -0.013683
v -0.317772 -0.345710 0.131198
v -0.266284 -0.303319 -0.044583
v -0.287600 -0.415597 0.034595
v -0.277248 -0.425261 0.120657
v -0.236967 -0.323971 -0.029847
v -0.222116 -0.414828 0.115890
v -0.291611 -0.442679 0.181273
v -0.225942 -0.390013 -0.056551
v -0.273373 -0.347316 -0.070664
v -0.228367 -0.412596 0.030355
v -0.213447 -0.411964 -0.071215
v -0.228348 -0.365108 0.192642
v -0.215677 -0.393233 0.032548
v -0.196003 -0.334018 -0.093417
v -0.230642 -0.438834 0.177348
v -0.192589 -0.406248 -0.028650
v -0.201230 -0.327065 -0.056438
v -0.193318 -0.376678 0.103771
v -0.197411 -0.373077 0.058519
v -0.200414 -0.447942 0.059755
v -0.142639 -0.403769 0.044540
v -0.170239 -0.165385 0.102232
v -0.174501 -0.245282 0.076948
v -0.181218 -0.247476 0.105166
v -0.163133 -0.473370 0.098327
v -0.170512 -0.555670 0.102579
v -0.172456 -0.453937 -0.039940
v -0.142356 -0.457905 -0.010946
v -0.107864 -0.411733 -0.006218
v -0.798534 -0.091234 -0.382785
v -0.782867 -0.084228 -0.371473
v -0.780692 -0.322898 -0.347252
v -0.789501 -0.172624 -0.348653
v -0.642114 -0.502905 0.043532
v -0.553767 -0.512710 0.002173
v -0.605244 -0.541892 -0.003429
v -0.606294 -0.455305 0.013100
v -0.608239 -0.477833 -0.050153
v -0.603247 -0.506971 -0.030819
v -0.565520 -0.490689 -0.125119
v -0.543340 -0.479682 -0.078527
v -0.514699 -0.393056 -0.115167
v -0.546100 -0.506863 -0.142621
v -0.517360 -0.473782 -0.082249
v -0.543494 -0.454944 -0.065402
v -0.546773 -0.449110 0.029034
v -0.526875 -0.416971 -0.152017
v -0.538194 -0.495640 -0.171000
v -0.492385 -0.459438 -0.106372
v -0.499803 -0.437845 -0.014709
v -0.583670 -0.435850 -0.028420
v -0.505753 -0.414483 -0.064483
v -0.510621 -0.526307 -0.082045
v -0.507175 -0.494158 -0.124979
v -0.456228 -0.470390 -0.177386
v -0.465669 -0.472172 -0.147867
v -0.448781 -0.533928 -0.176033
v -0.451224 -0.411262 -0.143910
v -0.472859 -0.450209 -0.120385
v -0.411672 -0.423394 -0.167406
v -0.454666 -0.437405 -0.144260
v -0.472201 -0.439689 -0.205168
v -0.103804 -0.411975 -0.179296
v -0.066296 -0.500458 -0.193482
v -0.096816 -0.486550 -0.275438
v -0.041621 -0.486445 -0.300835
v -0.107510 -0.432871 -0.027799
v -0.114208 -0.461999 -0.111799
v -0.019920 -0.498371 -0.145977
v 0.020603 -0.482337 -0.306319
v 0.039361 -0.476771 -0.120591
v 0.016357 -0.464509 -0.072264
v 0.043154 -0.494967 -0.045052
v 0.061592 -0.486155 -0.178726
v 0.077763 -0.479024 -0.116553
v 0.093305 -0.476433 -0.243083
v 0.043590 -0.516663 -0.083152
v 0.079794 -0.508844 -0.043123
v 0.053868 -0.480659 -0.207563
v 0.074333 -0.456444 -0.236822
v 0.057899 -0.458417 -0.027932
v 0.055090 -0.484827 -0.177426
v 0.070810 -0.439220 -0.144397
v 0.095737 -0.466391 -0.156105
v 0.129339 -0.477539 -0.224135
v 0.070502 -0.518535 -0.194995
v 0.121196 -0.400229 -0.083900
v 0.086448 -0.471353 -0.268229
v 0.089994 -0.432296 -0.218659
v 0.111062 -0.515016 -0.177682
v 0.112429 -0.477073 -0.169673
v 0.154989 -0.457602 -0.211026
v 0.132913 -0.477470 -0.265545
v 0.194441 -0.428614 -0.208912
v -0.084056 -0.427603 -0.114932
v -0.027031 -0.496468 -0.431937
v -0.046067 -0.394173 -0.361248
v -0.004480 -0.344662 -0.420868
v -0.030533 -0.387790 -0.413108
v -0.034896 -0.518318 -0.501291
v 0.004077 -0.400412 -0.565434
v -0.019451 -0.425332 -0.490235
v -0.017846 -0.417017 -0.385675
v -0.004062 -0.451959 -0.358845
v 0.004015 -0.495331 -0.411809
v -0.016696 -0.341859 -0.326936
v -0.038728 -0.341951 -0.378460
v 0.063379 -0.359024 -0.416538
v -0.009457 -0.451204 -0.420197
v -0.000001 -0.417164 -0.434652
v 0.023578 -0.433511 -0.423739
v -0.011122 -0.382491 -0.428775
v 0.015673 -0.384465 -0.283482
v 0.036158 -0.375744 -0.311179
v 0.011019 -0.335032 -0.329574
v 0.044159 -0.375119 -0.279580
v 0.027080 -0.453876 -0.310583
v -0.003305 -0.369014 -0.470004
v 0.006755 -0.518076 -0.432271
v 0.084459 -0.511011 -0.453900
v 0.036008 -0.494810 -0.333221
v 0.076529 -0.470893 -0.351504
v 0.019773 -0.498947 -0.391840
v 0.046520 -0.483838 -0.373323
v 0.069826 -0.430887 -0.417153
v 0.079432 -0.505176 -0.386527
v 0.056733 -0.444549 -0.302391
v 0.081528 -0.425522 -0.308520
v 0.087356 -0.428014 -0.345486
v 0.120617 -0.387437 -0.309119
v 0.108992 -0.396644 -0.345332
v 0.095932 -0.472342 -0.373697
v 0.150553 -0.339454 -0.338364
v 0.079200 -0.399896 -0.318437
v 0.114060 -0.441929 -0.405056
v 0.136320 -0.522283 -0.442981
v 0.185700 -0.379558 -0.333489
v 0.150643 -0.459091 -0.351339
v 0.154113 -0.458569 -0.302475
v 0.108681 -0.462543 -0.308832
v 0.118215 -0.420620 -0.342330
v 0.142522 -0.361093 -0.445346
v 0.093777 -0.341744 -0.310770
v 0.136377 -0.429028 -0.433752
v 0.165391 -0.447743 -0.424377
v 0.195140 -0.370123 -0.420879
v 0.151896 -0.457786 -0.476810
v 0.143592 -0.455208 -0.447454
v 0.151888 -0.330500 -0.393872
v 0.211124 -0.435116 -0.369221
v 0.180736 -0.465760 -0.236936
v 0.228204 -0.452748 -0.391883
v 0.202459 -0.218108 -0.360256
v 0.200326 -0.331471 -0.369803
v 0.214916 -0.461394 -0.335463
v 0.206971 -0.510515 -0.232145
v 0.239762 -0.357142 -0.353419
v 0.199250 -0.217011 -0.382259
v 0.226689 -0.547064 -0.339796
v 0.243559 -0.349841 -0.391700
v 0.241940 -0.442603 -0.345419
v 0.225978 -0.401804 -0.369046
v 0.240925 -0.433821 -0.375527
v 0.088747 -0.360756 -0.400628
v -0.046324 -0.462298 -0.519115
v -0.004587 -0.443502 -0.514337
v -0.010849 -0.502783 -0.556971
v -0.007621 -0.452172 -0.565911
v 0.036731 -0.439188 -0.609739
v 0.010891 -0.532317 -0.645829
v -0.003734 -0.364898 -0.534827
v 0.095478 -0.338379 -0.514951
v 0.005834 -0.521864 -0.582772
v 0.053905 -0.535285 -0.554764
v 0.066373 -0.478293 -0.635867
v 0.069547 -0.506582 -0.645038
v 0.011676 -0.537990 -0.523302
v 0.068309 -0.460935 -0.594760
v 0.027722 -0.498872 -0.572218
v 0.070211 -0.506600 -0.567414
v 0.027039 -0.468228 -0.596728
v 0.034788 -0.357672 -0.569480
v 0.119094 -0.382643 -0.588518
v 0.116537 -0.439282 -0.581028
v 0.136423 -0.530080 -0.647905
v 0.113268 -0.534221 -0.542302
v 0.148089 -0.533827 -0.495703
v 0.150106 -0.532153 -0.524744
v 0.111388 -0.500247 -0.672956
v 0.128088 -0.501916 -0.727380
v 0.152251 -0.500344 -0.740734
v 0.170338 0.016784 -0.814895
v 0.152321 -0.269465 -0.789554
v 0.142437 -0.160148 -0.791258
v 0.155706 -0.215851 -0.817034
v 0.145469 -0.048894 -0.803555
v 0.154166 -0.402396 -0.436531
v 0.181457 -0.538420 -0.628279
v 0.181069 -0.496861 -0.573464
v 0.153816 -0.439188 -0.547746
v 0.147131 -0.397066 -0.557723
v 0.184773 -0.467519 -0.507933
v 0.152672 -0.362642 -0.495767
v 0.171748 -0.418149 -0.475716
v 0.154117 -0.474238 -0.425549
v 0.165320 -0.452050 -0.506275
v 0.190081 -0.469255 -0.551635
v 0.195948 -0.496639 -0.615594
v 0.195741 -0.445152 -0.474753
v 0.155012 -0.496549 -0.664312
v 0.171767 -0.491379 -0.647045
v 0.234002 -0.488826 -0.630451
v 0.220652 -0.400574 -0.468536
v 0.264804 -0.467279 -0.741012
v 0.277894 -0.450742 -0.480931
v 0.279651 -0.433708 -0.449629
v 0.279270 -0.408300 -0.561371
v 0.186846 -0.435254 -0.553843
v 0.253720 -0.494933 -0.562076
v 0.277721 -0.484147 -0.515095
v 0.259390 -0.388938 -0.478296
v 0.199215 -0.404526 -0.526796
v 0.257902 -0.468972 -0.699362
v 0.285123 -0.491274 -0.692455
v 0.322632 -0.396463 -0.536943
v 0.262857 -0.466231 -0.603161
v 0.288360 -0.469994 -0.600454
v 0.266806 -0.468623 -0.697725
v 0.322891 -0.451533 -0.542076
v 0.318068 -0.472042 -0.552314
v 0.343081 -0.471584 -0.616447
v 0.314024 -0.453099 -0.586673
v 0.316799 -0.372759 -0.848710
v 0.314737 -0.584500 -0.788024
v 0.334791 -0.352399 -0.855158
v 0.391115 -0.465555 -0.631160
v 0.314493 -0.179601 -0.856676
v 0.335233 -0.094687 -0.845880
v 0.358432 0.072608 -0.791837
v 0.347878 -0.022927 -0.827794
v 0.320148 -0.436804 -0.628183
v 0.225867 -0.461202 -0.523119
v -0.379503 -0.416456 -0.162065
v -0.271857 -0.391307 -0.143609
v -0.307767 -0.380773 -0.200517
v -0.265595 -0.369612 -0.158517
v -0.211582 -0.437268 -0.231400
v -0.274159 -0.396501 -0.151254
v -0.252658 -0.470888 -0.318986
v -0.212771 -0.469497 -0.275580
v -0.251987 -0.374933 -0.333941
v -0.238567 -0.395712 -0.380897
v -0.276109 -0.498052 -0.358079
v -0.209386 -0.338682 -0.358265
v -0.222125 -0.454992 -0.470299
v -0.236532 -0.326054 -0.110041
v -0.229052 -0.489512 -0.375515
v -0.202166 -0.486575 -0.332020
v -0.235513 -0.410690 -0.057239
v -0.213075 -0.403509 -0.122625
v -0.185399 -0.345563 -0.467922
v -0.262464 -0.321025 -0.352074
v -0.161862 -0.515098 -0.322263
v -0.154863 -0.449308 -0.259564
v -0.214939 -0.430287 -0.396995
v -0.251438 -0.450935 -0.156479
v -0.244655 -0.388241 -0.285821
v -0.177889 -0.404056 -0.236179
v -0.192201 -0.397940 -0.180509
v -0.150659 -0.495391 -0.397349
v -0.176361 -0.430323 -0.280561
v -0.170443 -0.453546 -0.384027
v -0.201869 -0.429102 -0.216345
v -0.173758 -0.407874 -0.347279
v -0.162760 -0.436782 -0.205722
v -0.133941 -0.460152 -0.175192
v -0.160752 -0.452009 -0.419500
v -0.155675 -0.499426 -0.073700
v -0.180891 -0.429982 -0.169088
v -0.158703 -0.412842 -0.090325
v -0.170870 -0.457613 -0.292954
v -0.189715 -0.314672 -0.388481
v -0.202511 -0.532014 -0.362839
v -0.135528 -0.491789 -0.252728
v -0.127514 -0.392220 -0.437178
v -0.135212 -0.491702 -0.345330
v -0.132134 -0.484054 -0.298996
v -0.168898 -0.505678 -0.218503
v -0.134812 -0.526225 -0.039344
v -0.096057 -0.461781 -0.048397
v -0.137485 -0.385115 -0.168527
v -0.115293 -0.396655 -0.107356
v -0.137859 -0.383618 -0.041684
v -0.494669 -0.485324 -0.305642
v -0.526892 -0.417517 -0.310615
v -0.534053 -0.392131 -0.321559
v -0.490919 -0.466225 -0.230055
v -0.477349 -0.489626 -0.250469
v -0.442707 -0.503218 -0.210568
v -0.478372 -0.500707 -0.178736
v -0.456158 -0.457435 -0.260793
v -0.470827 -0.460520 -0.345756
v -0.437326 -0.465534 -0.324187
v -0.425527 -0.475384 -0.374481
v -0.436778 -0.325810 -0.337579
v -0.428715 -0.357512 -0.325255
v -0.402035 -0.491835 -0.236424
v -0.440110 -0.477519 -0.261501
v -0.395428 -0.514872 -0.175485
v -0.420803 -0.391996 -0.330142
v -0.399306 -0.378880 -0.320176
v -0.422357 -0.434109 -0.330016
v -0.397973 -0.439878 -0.291855
v -0.418599 -0.431700 -0.229803
v -0.371772 -0.469193 -0.332745
v -0.414564 -0.476512 -0.289518
v -0.371355 -0.486928 -0.229450
v -0.377735 -0.436731 -0.230828
v -0.420423 -0.429253 -0.155112
v -0.353268 -0.472946 -0.156741
v -0.393851 -0.310939 -0.341397
v -0.332736 -0.345659 -0.298270
v -0.344012 -0.454451 -0.355525
v -0.359246 -0.509077 -0.258322
v -0.334397 -0.462659 -0.189197
v -0.382193 -0.514512 -0.284813
v -0.318856 -0.466441 -0.237609
v -0.357312 -0.471627 -0.365008
v -0.387377 -0.437981 -0.408678
v -0.305774 -0.422852 -0.441333
v -0.348588 -0.450471 -0.395937
v -0.303361 -0.469393 -0.372975
v -0.334768 -0.467899 -0.295633
v -0.356126 -0.376878 -0.287014
v -0.328177 -0.417180 -0.238876
v -0.309151 -0.360029 -0.331164
v -0.298431 -0.432639 -0.205359
v -0.310364 -0.411299 -0.314633
v -0.310962 -0.467157 -0.325181
v -0.309183 -0.410980 -0.274044
v -0.315327 -0.442503 -0.296718
v -0.288699 -0.460293 -0.265082
v -0.313020 -0.339600 -0.361212
v -0.262723 -0.444303 -0.397489
v -0.313040 -0.432060 -0.340594
v -0.272724 -0.472379 -0.397516
v -0.254239 -0.307050 -0.413564
v -0.210597 -0.485629 -0.412777
v -0.346493 -0.468686 -0.317916
v -0.532508 -0.388949 -0.354579
v -0.531512 -0.457583 -0.356384
v -0.473738 -0.371511 -0.345709
v -0.548210 -0.479679 -0.517805
v -0.477649 -0.398379 -0.447244
v -0.492679 -0.348900 -0.468174
v -0.472812 -0.396976 -0.492447
v -0.534079 -0.496426 -0.377514
v -0.499518 -0.460895 -0.424896
v -0.483623 -0.422530 -0.420136
v -0.492825 -0.423982 -0.610178
v -0.496330 -0.433030 -0.469768
v -0.468643 -0.353731 -0.515096
v -0.420605 -0.387332 -0.524987
v -0.428426 -0.399997 -0.428415
v -0.426682 -0.457816 -0.509186
v -0.491165 -0.454041 -0.636032
v -0.469455 -0.449574 -0.564846
v -0.482343 -0.512038 -0.383427
v -0.456642 -0.462552 -0.423052
v -0.442680 -0.377045 -0.363287
v -0.425911 -0.346999 -0.429838
v -0.424380 -0.440279 -0.420297
v -0.471606 -0.341587 -0.439296
v -0.417634 -0.318822 -0.462563
v -0.395143 -0.322712 -0.499565
v -0.426128 -0.436518 -0.562579
v -0.402908 -0.363735 -0.428488
v -0.439945 -0.175464 -0.612594
v -0.392214 -0.416302 -0.702064
v -0.385068 -0.428444 -0.568673
v -0.416178 -0.396392 -0.590604
v -0.418598 -0.459214 -0.584381
v -0.397250 -0.578756 -0.560874
v -0.448604 -0.488390 -0.676133
v -0.381631 -0.490722 -0.635726
v -0.381343 -0.454581 -0.608018
v -0.362961 -0.413693 -0.506968
v -0.376861 -0.406848 -0.609937
v -0.425212 -0.487580 -0.706165
v -0.381666 -0.445988 -0.421391
v -0.351535 -0.347809 -0.460868
v -0.349405 -0.406363 -0.460826
v -0.379284 -0.417206 -0.529832
v -0.349853 -0.460436 -0.713434
v -0.376226 -0.483545 -0.717340
v -0.350659 -0.477833 -0.643764
v -0.344265 -0.434480 -0.660260
v -0.391019 -0.364605 -0.537178
v -0.347558 -0.373598 -0.553668
v -0.339875 -0.393090 -0.620387
v -0.311811 -0.419371 -0.523201
v -0.283356 -0.372948 -0.518668
v -0.370598 -0.456088 -0.575588
v -0.350049 -0.427500 -0.493836
v -0.287268 -0.361364 -0.481970
v -0.361241 -0.518473 -0.661513
v -0.311787 -0.506825 -0.581955
v -0.323861 -0.483301 -0.655110
v -0.297671 -0.432398 -0.670446
v -0.298002 -0.394851 -0.549633
v -0.275558 -0.412092 -0.639994
v -0.262964 -0.438469 -0.480695
v -0.267219 -0.471918 -0.655076
v -0.271808 -0.455288 -0.539618
v -0.282717 -0.388817 -0.464934
v -0.236609 -0.446957 -0.628074
v -0.309002 -0.459462 -0.562489
v -0.265508 -0.483440 -0.583463
v -0.228368 -0.329270 -0.441408
v -0.189587 -0.389078 -0.515587
v -0.200263 -0.472566 -0.631851
v -0.204829 -0.514398 -0.566035
v -0.166231 -0.487589 -0.548289
v -0.237082 -0.490678 -0.551919
v -0.193998 -0.395558 -0.490732
v -0.197745 -0.411839 -0.564595
v -0.153122 -0.401634 -0.483772
v -0.161844 -0.448313 -0.541536
v -0.188649 -0.439916 -0.447895
v -0.154791 -0.462816 -0.589139
v -0.568756 -0.042551 -0.740602
v -0.550585 0.100469 -0.730258
v -0.549647 0.047711 -0.748609
v -0.527832 -0.168590 -0.732031
v -0.578883 -0.551628 -0.580535
v -0.546477 -0.505244 -0.583028
v -0.567053 -0.108902 -0.748903
v -0.483827 -0.583823 -0.688832
v -0.525796 -0.259678 -0.744291
v -0.498309 -0.380953 -0.687133
v -0.494984 -0.329369 -0.627050
v -0.468419 -0.299771 -0.659855
v -0.503652 -0.375517 -0.637278
v -0.472286 -0.371666 -0.628207
v -0.526027 -0.384654 -0.677258
v -0.460705 -0.412280 -0.673338
v -0.485578 -0.328135 -0.689394
v -0.464709 -0.327662 -0.621793
v -0.441783 -0.332901 -0.651199
v -0.467700 -0.454302 -0.698010
v -0.487109 -0.432003 -0.662297
v -0.471627 -0.378515 -0.708656
v -0.438041 -0.385196 -0.708475
v -0.459930 -0.404613 -0.648091
v -0.446224 -0.020644 -0.680970
v -0.439398 -0.126812 -0.656188
v -0.434559 -0.374737 -0.670887
v -0.429038 -0.407579 -0.566957
v -0.446314 -0.371296 -0.638568
vn 0.6362 -0.2373 -0.7342
vn -0.8796 -0.0560 -0.4725
vn -0.5298 -0.8156 -0.2325
vn 0.2786 -0.9522 0.1256
vn -0.8216 0.3346 0.4616
vn -0.6469 0.0897 -0.7573
vn -0.2170 -0.9708 0.1021
vn -0.5908 -0.2282 0.7739
vn -0.7297 -0.2807 0.6234
vn -0.9565 0.0540 -0.2866
vn -0.3473 0.6310 0.6937
vn -0.5855 0.7389 0.3336
vn -0.5617 0.7822 -0.2696
vn -0.0506 -0.6354 -0.7705
vn -0.6220 -0.7054 -0.3397
vn -0.9362 -0.3512 -0.0138
vn -0.9781 -0.0352 -0.2052
vn -0.8913 -0.4150 -0.1827
vn 0.0775 -0.5860 -0.8066
vn -0.7267 0.0063 -0.6870
vn -0.7375 0.5363 -0.4106
vn -0.6691 0.2997 0.6800
vn -0.6447 0.6681 0.3714
vn -0.0751 -0.9942 0.0764
vn 0.4359 -0.6514 0.6210
vn -0.1060 0.0376 0.9937
vn 0.5343 -0.8382 0.1097
vn -0.8990 0.4369 -0.0314
vn -0.7422 -0.0794 -0.6654
vn 0.0800 0.8931 -0.4426
vn -0.6276 -0.7684 -0.1255
vn 0.5283 -0.8488 -0.0210
vn 0.4703 -0.8819 -0.0326
vn 0.0011 0.8787 0.4774
vn -0.5770 0.6096 0.5436
vn -0.5836 -0.0110 -0.8120
vn -0.8238 0.0203 -0.5665
vn -0.5554 -0.8294 -0.0597
vn -0.1325 -0.9726 0.1912
vn -0.1497 0.9217 0.3580
vn -0.0381 0.9992 0.0094
vn -0.7931 -0.0158 -0.6089
vn -0.8897 0.3245 -0.3212
vn -0.8505 -0.2412 -0.4675
vn -0.5686 -0.4826 -0.6661
vn 0.0918 0.1205 -0.9885
vn -0.7084 -0.0340 -0.7050
vn 0.1719 0.9226 0.3453
vn 0.2544 0.6757 -0.6918
vn -0.2521 0.8210 -0.5122
vn 0.4583 0.0499 -0.8874
vn -0.4442 0.8955 0.0277
vn -0.2328 -0.9577 -0.1694
vn -0.4553 0.8563 -0.2437
vn -0.2466 -0.8081 -0.5350
vn -0.5467 -0.3965 -0.7375
vn 0.2739 -0.9552 -0.1122
vn -0.3571 0.9208 -0.1571
vn 0.1849 -0.8882 0.4206
vn -0.3847 -0.9222 -0.0403
vn 0.1451 -0.9877 -0.0580
vn -0.0091 0.6939 0.7201
vn 0.5542 0.5313 -0.6408
vn 0.0785 0.9020 -0.4246
vn -0.0534 0.9871 -0.1506
vn 0.4050 -0.5785 -0.7080
vn -0.0568 -0.7228 0.6888
vn 0.6186 -0.7132 -0.3296
vn -0.0355 0.9971 0.0672
vn -0.6088 0.7468 0.2678
vn -0.0384 0.9764 0.2125
vn 0.0682 0.9831 -0.1701
vn 0.2037 -0.9450 -0.2558
vn 0.1275 -0.3629 0.9231
vn -0.4056 0.9134 0.0340
vn -0.0768 0.3339 0.9395
vn 0.2205 -0.9391 0.2636
vn -0.1132 -0.9396 0.3231
vn -0.1688 -0.9738 0.1521
vn -0.6121 -0.7687 -0.1858
vn -0.8206 0.5607 -0.1108
vn -0.4393 -0.7414 0.5073
vn 0.7842 -0.6205 0.0055
vn -0.3492 -0.8716 0.3440
vn 0.0652 -0.9134 0.4019
vn -0.6828 0.7298 0.0346
vn -0.0725 -0.9950 -0.0692
vn 0.1200 0.9239 0.3634
vn -0.0644 0.8953 0.4407
vn -0.7654 -0.1089 0.6343
vn -0.5164 0.8456 -0.1355
vn 0.9489 -0.0339 -0.3136
vn -0.7423 -0.0711 -0.6663
vn -0.3678 0.5328 -0.7621
vn 0.4904 -0.8710 0.0312
vn -0.5082 -0.7746 0.3764
vn 0.2360 -0.9293 0.2842
vn -0.8758 0.1446 -0.4604
vn -0.5168 -0.6205 0.5898
vn 0.0956 -0.9579 0.2706
vn -0.3992 -0.8484 -0.3477
vn 0.2778 0.7144 0.6423
vn -0.8495 -0.2514 0.4638
vn -0.1900 -0.9767 -0.0993
vn -0.2208 -0.9614 0.1640
vn 0.5387 0.1182 -0.8342
vn -0.3511 0.5998 0.7190
vn 0.8025 -0.5480 0.2361
vn 0.7872 -0.5998 0.1434
vn 0.8090 -0.5475 0.2138
vn -0.7727 -0.4866 -0.4077
vn -0.5703 -0.2999 -0.7647
vn -0.3421 -0.9382 -0.0515
vn -0.4791 0.0929 0.8728
vn -0.8879 0.4590 0.0309
vn -0.8789 0.4753 0.0397
vn -0.3687 -0.8500 0.3763
vn 0.2498 -0.9525 0.1743
vn 0.1796 -0.7612 0.6231
vn -0.7510 0.6151 -0.2402
vn -0.8735 -0.3759 0.3094
vn -0.5931 -0.0822 0.8009
vn 0.0665 0.5586 0.8268
vn -0.7583 0.4710 0.4507
vn -0.8262 0.5325 0.1842
vn 0.4094 -0.8332 0.3716
vn 0.4903 -0.7956 0.3558
vn 0.8289 0.2690 -0.4904
vn -0.2457 -0.4452 -0.8611
vn -0.4925 0.8161 -0.3023
vn -0.4617 -0.2458 -0.8523
vn -0.2771 0.3865 0.8797
vn 0.4725 -0.6531 0.5918
vn -0.7907 -0.6061 0.0862
vn -0.5931 0.8050 -0.0128
vn 0.0845 0.9198 -0.3831
vn 0.5908 -0.2529 0.7662
vn -0.1699 0.9826 0.0750
vn -0.5786 0.8103 -0.0925
vn -0.0021 0.9724 0.2334
vn -0.5469 0.8359 -0.0463
vn -0.3444 0.1932 -0.9187
vn 0.0212 -0.9997 -0.0139
vn -0.8217 0.2427 -0.5156
vn -0.8739 0.4834 -0.0505
vn 0.6420 0.3624 -0.6756
vn -0.6827 -0.2082 -0.7004
vn -0.4844 -0.8689 -0.1017
vn -0.1027 0.9937 0.0442
vn -0.7713 0.2643 -0.5790
vn -0.0505 -0.6578 0.7515
vn 0.4589 -0.8885 -0.0000
vn -0.2437 0.9543 0.1730
vn -0.2630 0.9520 0.1568
vn -0.2877 0.9375 0.1960
vn -0.5339 0.7399 -0.4093
vn 0.5789 -0.6717 0.4624
vn -0.5451 -0.1238 0.8292
vn 0.1827 -0.7387 -0.6488
vn 0.4500 -0.4647 0.7626
vn -0.4683 0.8508 -0.2383
vn -0.6241 0.7536 -0.2066
vn -0.1184 0.5772 0.8079
vn 0.5795 -0.8083 -0.1040
vn 0.6075 -0.7939 -0.0269
vn 0.6011 -0.7879 -0.1339
vn 0.3461 -0.9326 -0.1023
vn -0.0609 0.3613 -0.9305
vn 0.1443 -0.2579 -0.9553
vn 0.2994 -0.7173 -0.6291
vn 0.3091 0.7864 -0.5348
vn 0.2619 -0.9488 0.1765
vn 0.3728 -0.8940 0.2487
vn -0.2512 0.1663 0.9535
vn 0.0055 0.6898 0.7240
vn 0.0582 -0.9982 -0.0110
vn -0.8273 -0.4126 -0.3813
vn 0.2408 0.4668 0.8509
vn -0.8095 0.5811 0.0843
vn 0.1779 -0.4811 -0.8584
vn 0.2842 -0.9365 0.2055
vn -0.5159 0.8074 -0.2863
vn -0.7966 0.5948 -0.1084
vn -0.1841 0.8933 0.4101
vn -0.5505 0.4509 -0.7026
vn -0.7408 -0.2278 -0.6319
vn -0.9919 0.0726 -0.1039
vn -0.9863 0.1300 -0.1015
vn -0.1681 0.9091 0.3812
vn 0.0440 0.9102 0.4119
vn -0.2853 0.8934 0.3471
vn 0.0135 -0.9999 -0.0042
vn 0.1348 -0.9900 0.0415
vn -0.3647 0.9250 -0.1063
vn -0.1758 -0.9834 0.0460
vn -0.1477 0.7909 0.5939
vn 0.3080 0.7483 -0.5874
vn -0.0446 0.9949 0.0900
vn -0.3598 0.2877 -0.8876
vn 0.0970 0.4714 -0.8766
vn -0.8327 0.0953 -0.5455
vn -0.4169 0.8927 0.1712
vn -0.2960 -0.7530 -0.5876
vn 0.0191 -0.9997 -0.0173
vn -0.9353 -0.3388 0.1025
vn -0.0948 0.9721 0.2148
vn -0.9057 -0.3040 0.2953
vn 0.2607 -0.9414 0.2139
vn 0.0899 -0.9618 0.2584
vn 0.1812 -0.8001 0.5719
vn -0.9618 -0.2735 -0.0134
vn 0.0255 -0.9825 0.1846
vn -0.8082 0.0036 0.5889
vn 0.6104 -0.5136 0.6030
vn 0.6481 -0.5032 0.5717
vn 0.6758 -0.5053 0.5366
vn -0.9839 -0.1578 -0.0836
vn -0.8328 -0.5359 0.1390
vn -0.0374 0.9877 0.1520
vn -0.1039 -0.3763 -0.9207
vn -0.2168 0.9761 -0.0160
vn -0.1083 0.9724 0.2068
vn -0.2472 0.8426 0.4785
vn -0.9518 0.0905 0.2932
vn -0.0378 -0.6693 0.7421
vn -0.3566 0.1069 0.9281
vn 0.7852 -0.3848 -0.4851
vn -0.2994 0.4138 0.8597
vn 0.4433 -0.8832 -0.1528
vn -0.6784 0.6161 -0.4003
vn -0.1982 0.7575 0.6220
vn 0.2552 0.8739 0.4137
vn -0.0122 -0.9980 0.0626
vn -0.7135 -0.0802 -0.6961
vn -0.0658 -0.9844 -0.1634
vn 0.3884 -0.9166 0.0945
vn 0.7380 -0.5798 -0.3453
vn 0.6932 -0.3853 0.6091
vn -0.9175 -0.1184 -0.3798
vn -0.3875 0.4681 -0.7942
vn -0.9277 -0.1939 0.3191
vn -0.3160 0.9099 -0.2687
vn 0.0566 0.7118 -0.7001
vn -0.5364 0.7469 -0.3930
vn -0.4260 -0.8025 -0.4179
vn 0.2506 -0.9673 -0.0384
vn 0.1668 -0.9825 -0.0833
vn 0.1815 -0.9790 -0.0931
vn -0.9157 0.3962 -0.0669
vn -0.4767 -0.8148 -0.3300
vn -0.6234 -0.7666 -0.1540
vn -0.3379 -0.7473 -0.5722
vn -0.2136 -0.2437 -0.9461
vn -0.6929 0.6513 -0.3092
vn -0.8313 -0.3112 -0.4605
vn -0.1860 -0.0689 0.9801
vn 0.0565 0.4883 -0.8709
vn -0.0496 0.9736 -0.2228
vn 0.1372 0.5667 0.8124
vn -0.3171 0.7382 -0.5954
vn -0.1830 0.8978 0.4006
vn -0.2866 -0.8819 -0.3743
vn -0.0676 -0.9016 -0.4273
vn -0.5571 0.5667 0.6071
vn 0.7742 -0.0879 0.6268
vn -0.5442 -0.4091 -0.7324
vn -0.0536 0.5012 -0.8637
vn -0.8149 0.0973 0.5714
vn -0.8365 0.0692 0.5436
vn -0.8403 0.0644 0.5383
vn -0.8310 0.5533 -0.0572
vn -0.5948 0.1844 0.7824
vn -0.8148 0.0951 0.5719
vn -0.5063 0.6798 -0.5305
vn 0.6596 0.1339 -0.7396
vn 0.6400 0.3337 -0.6922
vn 0.6596 0.0519 -0.7498
vn -0.0012 0.9676 0.2525
vn -0.4005 0.9154 -0.0402
vn 0.0217 -0.9876 -0.1552
vn -0.4080 -0.2804 -0.8689
vn 0.2820 -0.1322 -0.9503
vn -0.4654 0.8630 0.1967
vn -0.4151 -0.8842 0.2141
vn 0.9781 -0.1323 0.1608
vn 0.2921 0.1662 -0.9418
vn -0.5728 -0.4420 -0.6903
vn -0.2497 -0.0949 0.9637
vn -0.3502 0.9217 0.1670
vn 0.2342 -0.9686 -0.0834
vn 0.9516 -0.0644 0.3005
vn -0.3567 0.9202 -0.1613
vn -0.3355 0.6682 0.6640
vn -0.0108 0.9687 0.2479
vn -0.3615 -0.3043 -0.8813
vn -0.0668 -0.8616 -0.5032
vn 0.6025 -0.7644 0.2296
vn 0.8144 -0.5626 0.1422
vn 0.0113 0.9088 0.4170
vn -0.0668 0.9810 0.1823
vn -0.8384 -0.2661 -0.4757
vn 0.3006 -0.8849 0.3557
vn 0.7028 -0.7089 0.0592
vn 0.3530 -0.8633 0.3607
vn 0.1431 0.7371 0.6605
vn 0.9690 -0.2433 0.0441
vn 0.0359 -0.8886 -0.4573
vn 0.0405 -0.8121 0.5822
vn 0.3402 -0.9231 0.1794
vn -0.0273 -0.8800 0.4742
vn 0.9878 -0.1312 0.0840
vn 0.0538 0.8987 -0.4352
vn 0.5617 -0.7146 0.4169
vn -0.6159 0.7764 -0.1338
vn -0.5677 -0.8066 -0.1648
vn -0.6125 0.6680 0.4227
vn 0.6644 0.5483 0.5079
vn 0.8382 0.1584 -0.5218
vn -0.3000 -0.3971 -0.8674
vn -0.0356 0.4469 0.8939
vn 0.0659 -0.9772 -0.2017
vn -0.5456 -0.7579 0.3576
vn 0.3298 -0.3790 -0.8646
vn 0.2685 0.5356 0.8007
vn 0.1553 0.6605 0.7346
vn -0.4756 0.8130 0.3359
vn -0.3338 0.5198 -0.7864
vn 0.2823 -0.9589 0.0276
vn -0.9895 -0.0900 -0.1128
vn -0.9202 -0.0856 0.3819
vn -0.8065 -0.1734 0.5652
vn -0.4316 -0.6312 0.6444
vn 0.0814 0.6653 0.7422
vn -0.3524 -0.7278 -0.5882
vn 0.0984 -0.9937 0.0540
vn 0.0846 -0.9847 -0.1521
vn 0.6598 0.6353 0.4012
vn 0.3978 0.8638 -0.3092
vn 0.5979 0.5322 -0.5994
vn -0.2865 -0.8819 -0.3743
vn 0.0864 -0.8030 -0.5896
vn -0.6043 0.5378 -0.5879
vn -0.6038 0.5283 -0.5969
vn -0.5961 0.5604 -0.5750
vn -0.4918 0.0764 -0.8673
vn -0.6448 0.7637 -0.0308
vn 0.0569 0.8163 -0.5748
vn -0.7931 0.5970 -0.1210
vn -0.3274 0.4934 -0.8058
vn -0.1730 0.5248 -0.8335
vn -0.1606 0.8381 -0.5214
vn 0.5408 0.2919 -0.7889
vn -0.9682 -0.0392 -0.2470
vn -0.9682 -0.0423 -0.2466
vn -0.9682 -0.0384 -0.2471
vn -0.9319 -0.2341 0.2771
vn 0.0908 -0.9872 -0.1312
vn 0.6474 -0.7057 0.2878
vn -0.9682 -0.0354 -0.2475
vn -0.1142 0.3750 -0.9200
vn -0.8397 -0.1425 -0.5241
vn -0.8681 0.0229 0.4958
vn 0.5995 0.5010 -0.6242
vn -0.5366 0.5323 0.6548
vn -0.1596 0.8255 0.5414
vn -0.4212 0.8268 0.3728
vn 0.6171 -0.2861 0.7331
vn -0.1727 -0.9837 -0.0500
vn 0.1948 -0.0686 0.9784
vn -0.9801 0.0588 0.1897
vn -0.4190 0.8875 0.1920
vn -0.2867 0.9569 0.0467
vn -0.6713 0.7284 -0.1368
vn -0.6743 0.7121 -0.1955
vn -0.6903 0.6976 -0.1920
vn 0.0788 0.9803 0.1813
vn -0.3501 0.7286 0.5887
vn -0.4191 0.8058 0.4185
vn 0.0621 0.6702 0.7396
vn -0.8837 0.1980 -0.4242
vn 0.3481 -0.8884 -0.2994
vn -0.2694 -0.2654 -0.9258
vn 0.4402 -0.0070 -0.8979
vn -0.2484 0.8945 -0.3718
vn -0.3354 0.9316 -0.1402
vn -0.1115 0.9926 -0.0489
vn -0.5144 0.7468 0.4216
vn 0.3101 -0.6136 0.7262
vn 0.3307 -0.9304 0.1578
vn -0.8734 -0.1004 -0.4765
vn -0.3317 0.9305 0.1551
vn -0.2347 0.4574 -0.8577
vn 0.7981 -0.5698 0.1960
vn 0.6370 0.7704 0.0254
vn 0.7574 0.6438 0.1085
vn 0.0861 0.8919 -0.4439
vn -0.6600 0.6548 0.3682
vn -0.4950 0.8127 0.3073
vn -0.9194 -0.3708 0.1310
vn -0.1606 0.8381 -0.5213
vn 0.2546 -0.9425 0.2165
vn 0.4808 0.8627 -0.1569
vn -0.0267 -0.9996 0.0091
vn 0.4637 -0.7038 -0.5382
vn 0.0790 0.0844 0.9933
vn 0.2125 0.9557 0.2037
vn 0.2095 0.9515 0.2252
vn 0.2076 0.9484 0.2397
vn 0.4730 -0.8544 0.2153
vn 0.4989 -0.8477 -0.1801
vn 0.9552 -0.1495 -0.2555
vn -0.7140 0.6291 -0.3071
vn -0.2621 0.8059 0.5309
vn -0.2537 0.1789 -0.9506
vn 0.4796 -0.6118 -0.6291
vn 0.5748 -0.4505 -0.6831
vn 0.8201 -0.2274 0.5251
vn 0.7593 -0.6069 -0.2348
vn 0.1315 0.1972 0.9715
vn -0.3777 0.8919 -0.2488
vn 0.1637 0.7627 -0.6257
vn 0.4222 0.8117 0.4036
vn -0.5205 -0.0331 0.8532
vn 0.8549 0.1258 0.5033
vn 0.1592 0.9433 -0.2913
vn 0.5108 -0.5564 0.6554
vn -0.0833 0.9918 -0.0967
vn 0.1231 0.3866 0.9140
vn -0.3082 -0.8551 0.4169
vn -0.0273 0.7232 0.6901
vn 0.9819 0.1202 0.1465
vn 0.5608 -0.0221 -0.8277
vn 0.2113 -0.8701 0.4452
vn 0.0824 -0.9894 0.1196
vn 0.4780 -0.8236 0.3053
vn 0.8912 0.4483 -0.0690
vn 0.8907 0.4487 -0.0727
vn 0.9093 0.4142 -0.0393
vn 0.9273 -0.3623 -0.0937
vn -0.0381 -0.6253 -0.7794
vn 0.4319 0.3108 0.8467
vn 0.2361 -0.9667 -0.0986
vn 0.1551 -0.5384 0.8283
vn -0.0714 0.9082 -0.4124
vn -0.0784 -0.9956 -0.0521
vn -0.1305 -0.9909 0.0324
vn 0.1368 0.9607 -0.2415
vn 0.7099 0.2786 0.6469
vn 0.9716 0.1988 0.1286
vn 0.9716 0.1668 0.1679
vn -0.8281 0.3761 0.4158
vn 0.2924 -0.8535 -0.4314
vn -0.7607 -0.6490 -0.0078
vn 0.2410 -0.9615 -0.1322
vn 0.1122 -0.9783 -0.1744
vn 0.1640 0.8442 0.5103
vn -0.4480 -0.5417 0.7112
vn -0.9988 0.0432 -0.0231
vn -0.6232 -0.2735 0.7327
vn -0.5533 0.0414 0.8319
vn 0.3095 -0.9388 -0.1513
vn 0.2548 -0.9590 -0.1241
vn 0.2394 -0.9423 -0.2340
vn 0.1930 -0.0466 -0.9801
vn -0.9560 0.1894 -0.2240
vn -0.7688 -0.5487 -0.3286
vn -0.9357 -0.1475 -0.3205
vn -0.9317 0.1251 -0.3411
vn -0.9446 -0.2093 -0.2528
vn -0.6764 0.4247 -0.6017
vn 0.0246 -0.9967 0.0773
vn -0.3714 -0.5289 0.7631
vn 0.4213 -0.0503 0.9055
vn 0.2472 0.8784 0.4091
vn 0.0600 0.9715 0.2295
vn -0.1181 -0.4662 -0.8768
vn -0.0126 -0.9992 -0.0368
vn -0.0119 0.1062 -0.9943
vn -0.9286 0.2880 -0.2338
vn 0.2486 -0.7961 0.5517
vn 0.1002 0.2251 0.9692
vn -0.0346 -0.9994 -0.0039
vn 0.0955 0.7155 -0.6921
vn -0.7058 0.2781 -0.6516
vn 0.4437 -0.4928 0.7485
vn -0.0945 -0.8805 0.4645
vn -0.0237 0.9241 -0.3813
vn -0.9247 -0.3294 0.1909
vn -0.8367 -0.4343 -0.3337
vn -0.6759 0.0938 -0.7310
vn -0.8554 0.4078 0.3195
vn -0.8773 0.3806 0.2925
vn 0.3068 -0.9505 0.0497
vn -0.6208 -0.7606 -0.1897
vn -0.9511 -0.3089 -0.0060
vn -0.8617 0.2840 -0.4206
vn 0.0325 -0.9967 -0.0747
vn 0.2433 -0.9688 0.0474
vn 0.5946 -0.6021 0.5329
vn 0.8479 -0.1108 -0.5184
vn -0.5467 -0.8059 0.2275
vn 0.9639 -0.2424 -0.1105
vn 0.2856 -0.8992 -0.3314
vn 0.8268 0.5338 0.1772
vn 0.8186 0.5298 0.2217
vn 0.8169 0.5312 0.2249
vn -0.1342 0.7997 -0.5852
vn 0.0400 0.9831 -0.1784
vn -0.3581 0.9337 0.0016
vn -0.7066 0.5673 0.4228
vn 0.8684 0.3671 -0.3334
vn -0.5105 0.6238 0.5918
vn -0.2592 0.9610 -0.0965
vn -0.2344 0.9675 -0.0953
vn -0.1295 0.9532 -0.2733
vn 0.3782 -0.3109 0.8720
vn 0.6173 -0.6790 0.3974
vn 0.4392 0.7571 0.4836
vn 0.3164 0.7315 0.6040
vn -0.8443 -0.0179 0.5355
vn -0.5874 -0.7387 0.3305
vn -0.2560 0.6423 0.7224
vn -0.2296 0.9730 0.0242
vn 0.3338 -0.9353 0.1177
vn 0.5904 -0.7160 -0.3726
vn -0.5008 0.1896 0.8445
vn 0.4403 0.8554 0.2727
vn 0.5629 0.6354 0.5286
vn 0.9668 0.2174 0.1343
vn 0.3444 -0.9373 -0.0543
vn -0.7629 0.4732 0.4406
vn -0.1904 0.9807 0.0441
vn -0.2992 0.9542 -0.0008
vn -0.5104 -0.4777 -0.7151
vn 0.0513 -0.2418 0.9690
vn 0.0902 -0.9928 -0.0792
vn 0.0853 -0.9854 -0.1473
vn -0.0093 -0.9971 -0.0755
vn 0.5308 0.7637 -0.3673
vn 0.2548 0.8657 -0.4308
vn -0.5530 0.6122 0.5652
vn -0.6541 0.6048 0.4542
vn -0.6514 0.5396 0.5334
vn -0.5844 0.5585 0.5887
vn -0.1325 -0.9912 -0.0023
vn 0.0878 -0.7918 -0.6045
vn -0.0348 0.9993 0.0148
vn 0.5396 0.8130 0.2189
vn -0.3188 -0.3791 -0.8687
vn 0.6457 -0.0529 -0.7618
vn -0.3373 0.3712 0.8651
vn -0.2002 0.5526 0.8090
vn -0.1581 0.6476 0.7454
vn 0.5246 0.6939 -0.4933
vn 0.1849 0.9746 0.1266
vn 0.0123 -0.9989 -0.0442
vn 0.3593 -0.8203 0.4451
vn -0.1424 -0.9492 -0.2805
vn -0.7631 0.6454 -0.0319
vn -0.7311 -0.3538 0.5834
vn 0.4871 0.1048 0.8670
vn 0.3051 0.0341 0.9517
vn 0.2198 -0.9743 0.0493
vn -0.6445 0.6163 -0.4525
vn -0.0748 -0.5659 -0.8211
vn 0.8090 0.2616 -0.5264
vn 0.1808 -0.5983 -0.7806
vn 0.5546 0.7318 0.3961
vn -0.1142 0.3749 -0.9200
vn 0.8029 0.0970 -0.5881
vn 0.2819 -0.1322 -0.9503
vn 0.0462 -0.3284 0.9434
vn 0.5832 0.6435 -0.4958
vn 0.7872 -0.4783 0.3892
vn 0.1191 0.8823 -0.4553
vn -0.0203 0.8724 -0.4883
vn 0.2429 0.8899 -0.3861
vn -0.3286 -0.9444 0.0152
vn -0.0706 -0.6922 -0.7182
vn 0.1677 0.8352 -0.5238
vn 0.6813 -0.1905 0.7068
vn -0.0169 -0.9796 -0.2001
vn -0.8304 0.5552 0.0465
vn -0.1820 0.9201 -0.3468
vn 0.3882 -0.9148 0.1115
vn -0.0485 -0.8526 -0.5204
vn 0.8787 -0.1284 -0.4598
vn 0.4061 0.9031 0.1397
vn 0.7733 -0.5001 0.3897
vn -0.4340 -0.8530 0.2900
vn -0.2553 -0.8355 0.4865
vn -0.0412 0.2120 -0.9764
vn 0.0418 -0.9947 0.0938
vn 0.6750 -0.1449 -0.7235
vn -0.2206 0.5568 -0.8008
vn 0.7138 -0.6997 0.0301
vn -0.7243 -0.4916 -0.4834
vn 0.1206 -0.8349 -0.5371
vn 0.4081 -0.5071 0.7591
vn 0.1885 -0.7084 0.6802
vn -0.7381 0.2640 0.6209
vn 0.9989 0.0464 -0.0028
vn -0.3575 -0.8082 0.4679
vn -0.4320 0.8630 -0.2618
vn -0.0655 0.9975 -0.0252
vn 0.9771 0.0404 0.2090
vn 0.9500 0.1403 0.2789
vn 0.3292 -0.9034 0.2748
vn -0.7684 0.6275 0.1253
vn 0.2844 -0.9551 0.0828
vn -0.0326 -0.9995 0.0040
vn 0.3016 0.6968 -0.6508
vn 0.3907 0.8478 -0.3585
vn 0.7905 0.3928 -0.4699
vn -0.6614 -0.6768 -0.3232
vn 0.3711 0.9060 0.2035
vn -0.3856 -0.6333 -0.6710
vn -0.5976 0.4627 -0.6548
vn -0.9333 0.2158 0.2872
vn -0.6910 0.7155 0.1032
vn -0.9327 0.3167 -0.1725
vn -0.0496 0.9968 -0.0630
vn -0.9396 0.3078 -0.1499
vn 0.7553 -0.6526 0.0592
vn 0.2718 0.4748 0.8371
vn -0.0978 0.5825 0.8069
vn -0.3383 0.9352 0.1050
vn -0.3538 0.6967 0.6240
vn -0.8848 -0.0876 0.4576
vn -0.8076 0.5321 -0.2544
vn -0.9395 0.3422 0.0141
vn -0.1758 0.3768 0.9095
vn -0.9349 -0.3484 0.0682
vn -0.1170 0.9108 -0.3958
vn 0.8687 0.3973 0.2958
vn -0.4206 -0.4613 0.7813
vn 0.6007 -0.5953 -0.5337
vn -0.8368 -0.0595 -0.5443
vn -0.7520 -0.6524 -0.0937
vn 0.0703 0.9804 -0.1843
vn -0.3814 0.8817 -0.2779
vn -0.4690 0.7594 -0.4509
vn -0.4899 0.8288 -0.2704
vn -0.4015 0.8863 0.2309
vn 0.3956 -0.4521 0.7994
vn -0.1808 -0.8115 0.5557
vn 0.2075 -0.9053 -0.3705
vn 0.1935 0.8930 0.4064
vn -0.2595 -0.8189 0.5120
vn 0.0194 0.8284 0.5597
vn -0.0746 0.9343 0.3487
vn 0.9722 0.1457 0.1834
vn 0.5632 -0.1276 0.8164
vn 0.0447 0.7786 0.6259
vn 0.1427 0.0453 0.9887
vn 0.1382 0.0481 0.9892
vn -0.4802 -0.0909 0.8724
vn 0.7449 -0.0069 -0.6672
vn 0.1749 0.9541 -0.2431
vn -0.5233 0.6109 -0.5941
vn -0.2951 -0.9486 0.1139
vn -0.0161 -0.9370 0.3489
vn -0.5069 0.7304 -0.4578
vn -0.8813 -0.0741 -0.4667
vn 0.5229 -0.8003 -0.2932
vn 0.3603 -0.6610 0.6582
vn 0.7129 0.0715 -0.6976
vn 0.6426 -0.6822 -0.3490
vn -0.2677 -0.4487 -0.8526
vn -0.6493 0.6695 0.3607
vn 0.1850 0.9759 0.1161
vn 0.2607 0.8926 -0.3678
vn 0.5925 -0.8053 -0.0213
vn -0.2147 -0.0155 0.9766
vn -0.4340 -0.0251 -0.9006
vn -0.2290 -0.9732 -0.0234
vn -0.2403 0.8579 0.4541
vn -0.2685 -0.9130 0.3072
vn 0.9901 -0.0412 0.1345
vn 0.2736 -0.9514 -0.1412
vn 0.9001 0.1969 0.3886
vn 0.4113 0.7524 -0.5145
vn -0.5820 -0.1899 0.7907
vn -0.4302 0.8716 -0.2352
vn -0.0611 -0.9463 -0.3174
vn 0.2938 0.9467 -0.1318
vn -0.1763 0.7526 -0.6344
vn -0.2065 -0.9233 0.3237
vn 0.6922 -0.6727 -0.2615
vn 0.7638 -0.6157 -0.1940
vn -0.8427 -0.4580 -0.2830
vn 0.9715 -0.2325 -0.0468
vn 0.4910 -0.8125 -0.3142
vn -0.0497 -0.9752 -0.2157
vn 0.0989 -0.9685 -0.2287
vn 0.0312 -0.9942 0.1029
vn 0.0899 -0.9929 -0.0781
vn 0.5950 -0.7416 -0.3098
vn 0.6285 -0.7369 -0.2490
vn -0.2913 -0.9255 -0.2421
vn -0.0078 -0.8024 -0.5967
vn 0.7996 -0.2134 -0.5613
vn 0.8227 -0.4962 0.2775
vn 0.7619 0.5770 0.2942
vn 0.4416 -0.8864 -0.1389
vn -0.5730 0.7247 -0.3827
vn 0.0453 -0.9989 0.0114
vn 0.1312 -0.9912 0.0159
vn 0.0417 -0.9991 0.0126
vn 0.0250 0.9993 0.0279
vn 0.7082 -0.3002 0.6390
vn 0.0449 0.7786 0.6259
vn 0.2236 0.8073 0.5461
vn 0.9040 0.0503 0.4245
vn -0.4753 0.0470 0.8786
vn 0.2406 -0.9690 -0.0570
vn 0.8798 -0.4496 0.1543
vn -0.8668 -0.1451 0.4771
vn -0.0190 0.7192 -0.6945
vn 0.2110 -0.8858 -0.4134
vn -0.0063 0.6402 -0.7682
vn 0.2663 -0.8823 -0.3881
vn 0.7914 -0.5901 -0.1593
vn 0.7034 0.5302 0.4734
vn 0.2216 0.9617 0.1613
vn -0.0217 0.3765 0.9262
vn -0.0058 0.8495 -0.5275
vn 0.8538 0.1386 -0.5018
vn -0.0079 0.9811 0.1934
vn -0.2252 0.9526 0.2046
vn -0.0235 0.9852 0.1700
vn 0.1571 0.3012 -0.9405
vn 0.0538 -0.9972 0.0515
vn 0.1811 -0.9488 -0.2589
vn -0.3745 0.9172 -0.1362
vn -0.4814 0.8140 -0.3252
vn -0.6463 0.6966 -0.3116
vn -0.2263 0.0134 -0.9740
vn 0.1605 0.4671 0.8695
vn -0.1391 -0.4293 0.8924
vn -0.9547 -0.1245 0.2704
vn -0.9761 0.1694 -0.1357
vn 0.2603 -0.5643 0.7835
vn -0.0012 0.7507 -0.6606
vn 0.9546 -0.0892 -0.2841
vn -0.1327 0.9905 -0.0365
vn -0.1338 0.9909 -0.0154
vn -0.2019 0.9690 -0.1426
vn 0.9645 -0.2569 0.0608
vn 0.9889 -0.1479 0.0163
vn 0.9919 -0.1240 0.0257
vn -0.7830 -0.5980 0.1711
vn -0.1542 -0.3221 0.9341
vn -0.0172 0.9915 0.1293
vn -0.7742 -0.1647 0.6111
vn -0.1491 -0.0878 -0.9849
vn -0.0262 0.2177 0.9757
vn 0.9570 -0.2615 -0.1258
vn 0.3389 -0.9154 -0.2172
vn -0.0659 -0.9363 -0.3450
vn -0.7765 -0.1957 0.5989
vn 0.9990 -0.0329 -0.0288
vn 0.1834 0.4363 0.8809
vn 0.4747 0.7385 -0.4788
vn 0.1343 0.9654 -0.2235
vn -0.4813 0.8140 -0.3252
vn 0.0936 0.9689 -0.2292
vn -0.4210 -0.8872 0.1889
vn 0.1470 -0.9623 -0.2290
vn 0.1164 -0.9449 -0.3059
vn -0.9872 -0.1095 -0.1163
vn -0.8224 -0.2522 -0.5099
vn -0.9847 0.1723 0.0273
vn -0.1415 0.7800 -0.6096
vn -0.1046 -0.9751 -0.1955
vn -0.2425 -0.9599 -0.1410
vn -0.1374 -0.9832 -0.1200
vn 0.3548 0.9345 0.0293
vn 0.6194 -0.7713 -0.1463
vn -0.9931 -0.0911 -0.0734
vn -0.3418 0.1099 0.9333
vn 0.4262 0.4745 -0.7702
vn 0.5029 -0.5044 -0.7018
vn -0.4031 -0.6174 -0.6755
vn -0.2686 0.9026 0.3365
vn -0.7698 -0.5362 0.3464
vn -0.6521 0.4647 -0.5991
vn 0.4901 -0.7813 0.3865
vn 0.8928 0.2356 0.3840
vn -0.0413 -0.3328 -0.9421
vn 0.2419 0.9691 0.0483
vn 0.5360 -0.7294 0.4251
vn -0.8436 -0.4326 -0.3182
vn -0.3268 -0.8293 0.4533
vn -0.1290 0.9785 0.1611
vn -0.1592 -0.9117 -0.3787
vn -0.6375 0.7230 -0.2662
vn 0.1413 -0.8410 0.5222
vn -0.3162 -0.9478 0.0418
vn -0.2924 -0.9224 0.2522
vn -0.8380 -0.1983 0.5084
vn -0.3767 0.8729 0.3101
vn -0.0275 0.4770 0.8785
vn -0.0374 0.7348 0.6773
vn 0.2187 0.9723 0.0825
vn -0.8396 -0.3630 -0.4041
vn 0.1828 -0.9342 -0.3065
vn 0.3562 0.4891 0.7962
vn -0.2798 0.8803 -0.3830
vn -0.5079 -0.3113 -0.8032
vn 0.5110 -0.8542 -0.0962
vn -0.4957 -0.7594 0.4214
vn -0.0499 -0.8895 0.4541
vn -0.0079 -0.9426 0.3338
vn 0.5357 0.6357 0.5558
vn 0.0044 0.5849 0.8111
vn -0.0460 0.9737 0.2231
vn -0.1136 -0.9918 -0.0588
vn -0.6594 0.5457 0.5171
vn -0.3320 0.9433 0.0022
vn 0.9005 -0.4141 -0.1330
vn 0.9274 -0.3354 -0.1658
vn 0.1382 -0.5390 0.8309
vn -0.3657 0.9170 0.1595
vn 0.0485 0.9983 0.0330
vn 0.4494 0.0799 -0.8898
vn 0.9807 0.1902 0.0445
vn 0.4441 0.2782 -0.8517
vn 0.4890 -0.8701 0.0615
vn 0.2222 -0.3818 0.8972
vn 0.1008 0.7387 -0.6665
vn 0.3687 -0.1916 0.9096
vn -0.3836 -0.8504 0.3602
vn -0.3637 0.3866 -0.8475
vn 0.1617 0.3307 0.9298
vn 0.3959 -0.1187 -0.9106
vn -0.0646 0.9332 -0.3535
vn 0.5181 0.4281 0.7405
vn 0.1805 -0.5965 0.7821
vn 0.3797 -0.3346 -0.8625
vn 0.2564 0.9480 -0.1883
vn -0.4305 0.8509 0.3009
vn 0.0965 -0.8735 0.4772
vn 0.2360 -0.8872 0.3964
vn 0.1099 -0.8486 0.5175
vn -0.0072 -0.8957 0.4446
vn -0.4830 -0.4932 -0.7235
vn 0.1246 0.3018 0.9452
vn 0.0337 -0.9238 -0.3815
vn -0.9620 0.1041 -0.2526
vn 0.1455 -0.9268 -0.3461
vn 0.1075 -0.0101 -0.9942
vn -0.5661 -0.3885 0.7271
vn 0.9849 0.1417 0.0997
vn -0.3656 -0.6320 -0.6833
vn 0.0357 -0.9325 -0.3593
vn 0.6495 -0.3203 -0.6896
vn 0.0271 0.9026 -0.4296
vn 0.1231 0.7402 -0.6610
vn 0.0521 0.7619 -0.6456
vn -0.1768 0.6695 -0.7215
vn -0.0326 0.9973 -0.0652
vn 0.7063 0.7078 -0.0128
vn 0.4271 0.4207 0.8004
vn 0.0022 0.7826 -0.6225
vn 0.3436 -0.0314 0.9386
vn -0.1028 -0.9745 -0.1992
vn -0.0719 -0.9907 -0.1152
vn 0.0981 -0.9283 -0.3587
vn 0.7246 0.4475 0.5242
vn -0.0518 -0.9524 0.3004
vn 0.3079 0.9369 -0.1656
vn 0.3874 0.9217 -0.0218
vn 0.3512 -0.8109 0.4681
vn -0.8201 -0.2953 -0.4901
vn 0.2593 0.4870 0.8340
vn 0.1597 -0.9871 -0.0061
vn -0.3750 0.6160 -0.6927
vn 0.0178 0.9175 0.3973
vn 0.1577 0.9460 0.2832
vn 0.6995 0.1903 -0.6888
vn 0.6230 0.7690 -0.1430
vn -0.0427 -0.9936 0.1047
vn 0.0921 -0.0695 -0.9933
vn -0.4340 -0.2638 0.8614
vn -0.1141 -0.9708 -0.2109
vn -0.1514 -0.9754 -0.1604
vn -0.1709 -0.9848 -0.0299
vn 0.9232 0.2988 0.2417
vn 0.9936 0.1050 0.0408
vn 0.5226 -0.6697 0.5276
vn 0.0974 -0.3646 0.9261
vn 0.0877 -0.3711 0.9244
vn 0.1000 -0.3707 0.9234
vn 0.3978 0.7732 -0.4938
vn 0.4016 0.7678 -0.4992
vn 0.2434 -0.2301 -0.9422
vn 0.8723 0.4868 -0.0464
vn -0.3841 -0.9233 0.0040
vn -0.3604 -0.6791 0.6395
vn 0.1869 0.2629 -0.9465
vn 0.6141 0.4446 -0.6521
vn -0.1251 -0.9895 0.0725
vn 0.7141 -0.5415 0.4437
vn 0.9882 0.1245 -0.0892
vn 0.7294 0.5526 0.4033
vn 0.7880 0.5976 0.1477
vn -0.0338 -0.9869 0.1578
vn 0.1952 -0.6100 -0.7680
vn 0.5179 -0.4250 0.7423
vn -0.8007 -0.5975 0.0429
vn -0.7889 -0.5915 -0.1666
vn -0.7510 -0.6560 -0.0747
vn -0.7125 -0.5679 -0.4121
vn 0.9894 -0.0006 -0.1453
vn 0.5003 0.8450 0.1889
vn -0.7814 0.3977 -0.4809
vn 0.8365 0.5479 0.0105
vn 0.4494 0.7812 -0.4334
vn 0.8218 0.5696 -0.0172
vn -0.0584 0.9796 -0.1924
vn 0.6505 0.7522 0.1053
vn -0.0202 -0.5315 0.8468
vn -0.2720 -0.8545 0.4426
vn 0.4896 0.8326 0.2591
vn 0.0529 -0.3916 0.9186
vn 0.0582 -0.3870 0.9202
vn 0.0435 -0.3853 0.9218
vn 0.2398 0.9092 -0.3405
vn 0.0276 0.9740 0.2250
vn -0.0261 -0.9062 0.4220
vn -0.1805 0.6802 -0.7105
vn 0.9705 -0.2234 0.0904
vn 0.7692 -0.6242 -0.1371
vn 0.2965 0.6443 0.7050
vn 0.3943 0.9185 -0.0294
vn 0.5691 -0.2248 0.7910
vn 0.5181 0.8366 -0.1779
vn 0.9202 -0.1068 0.3766
vn 0.3769 -0.9209 -0.0994
vn 0.7496 0.0309 -0.6612
vn 0.3911 -0.8584 -0.3319
vn 0.7926 0.5115 0.3318
vn 0.6320 0.7366 -0.2408
vn 0.1735 -0.9844 0.0296
vn 0.2804 -0.9595 -0.0259
vn -0.3997 -0.9131 -0.0809
vn -0.3459 0.4381 -0.8297
vn 0.0957 -0.9758 0.1968
vn -0.0914 -0.8509 0.5173
vn 0.4340 -0.8694 0.2362
vn 0.3226 -0.7088 0.6273
vn 0.9736 0.2102 -0.0886
vn 0.7508 -0.3996 0.5260
vn 0.5881 0.7552 -0.2895
vn 0.9034 0.0216 -0.4282
vn 0.7266 -0.6703 0.1508
vn 0.1439 -0.8377 0.5268
vn -0.8339 -0.3552 -0.4225
vn 0.9126 -0.3586 0.1964
vn 0.9948 -0.0414 -0.0933
vn 0.8953 0.0153 -0.4451
vn 0.8885 -0.2234 0.4009
vn 0.0578 -0.7268 -0.6844
vn 0.8405 0.4191 0.3434
vn 0.7839 0.5497 -0.2886
vn 0.9408 0.3367 0.0388
vn -0.9555 -0.0934 -0.2798
vn 0.2504 0.0059 0.9681
vn 0.2096 0.3758 -0.9027
vn -0.2840 -0.0087 0.9588
vn 0.3005 0.9467 -0.1158
vn 0.2274 0.9636 -0.1404
vn 0.6651 -0.0467 0.7453
vn 0.7445 0.4286 0.5119
vn -0.9677 0.1215 -0.2209
vn -0.9723 -0.0195 -0.2330
vn -0.1103 0.9851 -0.1323
vn -0.7727 0.4265 -0.4701
vn 0.4845 0.8232 0.2959
vn 0.0412 -0.8885 -0.4569
vn 0.8334 -0.3888 -0.3927
vn -0.1410 -0.9606 -0.2395
vn -0.9692 -0.0704 -0.2362
vn 0.8291 -0.0119 -0.5590
vn 0.0472 0.9409 -0.3355
vn 0.9182 0.3739 0.1312
vn -0.7264 -0.6749 0.1299
vn -0.5476 -0.8285 -0.1172
vn -0.3482 -0.9374 -0.0013
vn 0.8954 0.0152 -0.4451
vn 0.2314 0.4913 -0.8397
vn 0.7907 0.4911 -0.3655
vn 0.6548 -0.5532 0.5150
vn 0.7079 -0.5072 0.4916
vn -0.9372 -0.0971 -0.3350
vn -0.9262 -0.2171 0.3082
vn 0.2879 -0.0751 -0.9547
vn 0.9525 0.3021 0.0381
vn 0.8355 0.5259 -0.1591
vn 0.6920 0.6455 -0.3233
vn 0.9718 -0.1880 -0.1426
vn -0.1477 -0.9889 0.0180
vn -0.8285 -0.3011 0.4721
vn -0.0117 -0.7863 -0.6177
vn 0.5431 0.7135 -0.4426
vn -0.4381 0.8410 -0.3175
vn 0.7003 0.1198 0.7038
vn 0.9362 -0.0939 -0.3387
vn -0.8736 -0.4535 0.1768
vn 0.5897 -0.5765 0.5655
vn 0.6144 -0.4954 0.6141
vn 0.1530 0.5270 -0.8360
vn 0.7389 -0.2106 0.6401
vn -0.2616 0.9299 0.2587
vn -0.6742 -0.3457 0.6526
vn -0.5768 -0.1734 -0.7982
vn 0.8786 -0.4229 0.2217
vn 0.7833 -0.5310 -0.3232
vn 0.4733 0.8768 0.0851
vn 0.0756 -0.9898 0.1208
vn -0.6237 -0.7086 0.3299
vn 0.0384 -0.9860 -0.1620
vn 0.8266 0.0620 0.5594
vn 0.5072 -0.3831 -0.7720
vn 0.1982 0.8256 0.5283
vn 0.6107 -0.3421 0.7142
vn 0.5919 -0.2671 0.7604
vn 0.0904 -0.7579 -0.6461
vn 0.1156 -0.9546 -0.2747
vn 0.8187 -0.5250 -0.2326
vn 0.6232 0.7820 -0.0013
vn 0.7558 0.6440 0.1189
vn -0.0989 0.9743 0.2022
vn -0.0503 0.9839 0.1717
vn -0.0327 0.9833 0.1791
vn 0.7693 0.6065 0.2008
vn 0.6252 -0.2732 0.7311
vn 0.8309 0.4042 -0.3823
vn -0.0277 -0.9976 -0.0642
vn 0.7756 -0.5161 -0.3633
vn 0.7923 0.5579 0.2470
vn -0.7780 -0.5908 -0.2138
vn 0.7184 -0.6519 -0.2426
vn 0.1930 0.5927 -0.7820
vn -0.3156 -0.6529 -0.6886
vn 0.9460 0.1854 0.2659
vn 0.7265 -0.6556 -0.2057
vn 0.0593 0.9857 0.1580
vn 0.1765 0.8715 0.4576
vn -0.0112 -0.9912 -0.1320
vn -0.0038 -0.9938 -0.1112
vn -0.0499 -0.9906 -0.1272
vn 0.8844 -0.3697 -0.2847
vn 0.6766 -0.0235 0.7359
vn -0.0034 -0.0660 0.9978
vn 0.4986 0.1418 -0.8551
vn -0.9585 0.0418 -0.2820
vn -0.9762 -0.1490 0.1576
vn -0.5769 0.6832 -0.4478
vn -0.6890 -0.4472 0.5703
vn -0.9187 0.3845 -0.0908
vn -0.5357 0.8420 -0.0634
vn -0.9280 -0.3230 0.1856
vn -0.6881 0.5875 0.4260
vn -0.6417 -0.3061 -0.7032
vn -0.6415 -0.6690 -0.3754
vn -0.8368 -0.3135 -0.4489
vn -0.6417 0.3460 0.6845
vn -0.8075 0.2943 -0.5112
vn -0.9011 0.1018 -0.4214
vn -0.9663 -0.2443 -0.0806
vn -0.5770 0.8167 0.0114
vn -0.8061 0.4918 -0.3291
vn -0.5791 0.6550 0.4854
vn -0.8077 0.3981 -0.4350
vn -0.6540 -0.2315 0.7202
vn -0.2867 0.9131 -0.2899
vn -0.3752 -0.7547 -0.5382
vn -0.1970 -0.9675 -0.1583
vn -0.3545 -0.9314 0.0823
vn -0.5831 0.8079 0.0853
vn -0.6218 -0.3523 0.6995
vn -0.9839 -0.1711 -0.0526
vn -0.8377 0.0216 0.5457
vn -0.9515 0.0484 -0.3037
vn -0.5597 -0.0680 0.8259
vn -0.7712 0.2751 -0.5741
vn -0.1157 -0.9283 0.3533
vn -0.8355 0.0870 0.5426
vn -0.1672 0.9845 0.0526
vn -0.1140 -0.9933 -0.0167
vn -0.4491 -0.3054 0.8397
vn -0.5366 0.8168 -0.2116
vn -0.7972 0.6031 0.0278
vn -0.3405 0.8131 -0.4722
vn -0.9954 -0.0890 -0.0343
vn -0.1031 0.8745 0.4739
vn 0.1280 -0.9881 -0.0850
vn -0.2005 0.5192 0.8308
vn 0.9432 0.2502 -0.2184
vn -0.4908 0.8709 0.0263
vn -0.7460 0.6659 -0.0083
vn -0.0963 0.6739 0.7325
vn 0.0408 0.9654 0.2576
vn 0.3271 -0.8546 -0.4033
vn -0.2117 0.0113 -0.9773
vn -0.3515 -0.1411 -0.9255
vn -0.3400 -0.7505 -0.5667
vn -0.0478 -0.9611 -0.2719
vn -0.3295 -0.6884 0.6462
vn -0.0602 0.9979 0.0251
vn -0.2248 -0.7938 -0.5650
vn -0.5159 -0.8337 -0.1972
vn -0.6436 -0.1483 -0.7509
vn -0.1915 0.8145 -0.5477
vn -0.5927 -0.3739 0.7134
vn -0.7782 -0.4028 -0.4819
vn -0.0034 -0.9988 0.0493
vn -0.4455 0.6443 -0.6217
vn -0.6703 -0.3358 0.6618
vn 0.2156 0.5272 0.8219
vn -0.4991 -0.4230 -0.7563
vn 0.0765 0.9807 -0.1801
vn 0.0233 -0.9427 0.3328
vn 0.5410 0.6002 0.5891
vn 0.4940 0.5925 0.6363
vn -0.9414 -0.3370 0.0167
vn -0.9362 0.0551 -0.3471
vn -0.6729 -0.7387 -0.0379
vn 0.0451 -0.9893 0.1384
vn 0.8152 0.2002 -0.5435
vn 0.2161 -0.2928 0.9314
vn 0.1018 0.1864 -0.9772
vn -0.7994 0.3689 -0.4741
vn -0.6599 0.3599 0.6595
vn 0.6405 -0.2400 -0.7295
vn -0.8668 -0.3870 -0.3144
vn -0.5965 0.7165 0.3617
vn -0.3188 0.9458 0.0620
vn -0.9530 0.0859 -0.2904
vn -0.4749 0.2861 0.8322
vn -0.6729 0.0899 -0.7342
vn -0.1083 0.9763 -0.1872
vn -0.2746 -0.9616 0.0021
vn -0.1279 -0.8651 -0.4850
vn 0.3968 -0.7085 0.5835
vn -0.1282 -0.9900 -0.0580
vn 0.2141 0.2491 -0.9445
vn -0.0459 0.9921 0.1164
vn -0.0427 -0.8689 -0.4931
vn -0.7275 -0.0276 0.6855
vn -0.8295 -0.4893 0.2692
vn -0.5158 -0.8337 -0.1972
vn -0.2522 -0.9497 0.1857
vn 0.3012 -0.9529 -0.0345
vn 0.5907 -0.5480 0.5923
vn -0.6284 -0.5044 -0.5921
vn -0.3796 0.6089 -0.6965
vn -0.5528 0.5143 -0.6556
vn -0.1680 0.9811 0.0965
vn -0.0904 0.9959 0.0031
vn -0.1611 0.9825 0.0935
vn -0.1247 0.0195 0.9920
vn 0.0022 -0.9908 0.1352
vn -0.3351 -0.8204 0.4633
vn -0.0035 -0.9988 0.0493
vn 0.0045 0.4923 -0.8704
vn -0.6822 -0.2992 0.6671
vn -0.7598 -0.1230 0.6384
vn -0.9998 -0.0078 -0.0156
vn -0.3226 -0.9414 0.0988
vn -0.4646 0.8776 0.1183
vn -0.2390 0.9624 -0.1288
vn -0.3728 0.9272 -0.0373
vn 0.4673 0.8736 -0.1356
vn -0.1083 0.6650 0.7390
vn -0.3069 0.9268 -0.2163
vn 0.0895 -0.7916 0.6044
vn -0.0121 -0.5396 0.8418
vn -0.9262 0.3675 -0.0846
vn -0.6485 0.7612 0.0072
vn 0.2499 -0.8380 0.4851
vn -0.2749 0.9531 0.1266
vn 0.0797 0.7234 0.6859
vn 0.0368 -0.6818 -0.7306
vn -0.1829 -0.3555 0.9166
vn -0.1872 0.9812 0.0472
vn -0.0693 0.9967 -0.0429
vn -0.1796 0.9834 0.0268
vn 0.7687 0.6387 -0.0339
vn -0.9842 0.1047 -0.1428
vn -0.1492 0.6650 0.7318
vn 0.0872 0.6522 0.7530
vn -0.1192 -0.5978 0.7928
vn 0.4193 -0.3332 0.8445
vn -0.8114 0.1516 -0.5644
vn -0.2273 -0.8201 -0.5251
vn -0.9657 0.2528 -0.0590
vn -0.9212 -0.3445 0.1811
vn -0.3837 0.8228 0.4192
vn 0.7508 0.0885 -0.6546
vn 0.7299 0.1597 -0.6647
vn -0.5440 0.7712 -0.3308
vn 0.7270 -0.0588 0.6841
vn -0.2732 0.5834 0.7648
vn -0.1762 0.8690 0.4624
vn -0.2453 -0.7831 -0.5715
vn -0.0355 -0.9837 -0.1762
vn -0.2063 -0.9772 0.0497
vn -0.1918 -0.5315 0.8251
vn -0.1483 0.9282 -0.3412
vn 0.5174 0.4199 -0.7457
vn 0.5726 -0.7196 0.3928
vn 0.0448 -0.9989 0.0100
vn 0.0419 -0.9991 0.0029
vn 0.0527 -0.9986 -0.0010
vn 0.4840 -0.4825 0.7300
vn -0.5158 -0.1069 -0.8500
vn -0.1832 -0.3812 -0.9062
vn 0.4226 -0.7453 -0.5157
vn 0.7401 -0.2194 0.6357
vn -0.3393 0.9299 0.1422
vn 0.2579 0.9662 -0.0011
vn -0.5850 0.7998 -0.1343
vn -0.8225 0.4489 -0.3493
vn -0.5619 0.3062 -0.7685
vn -0.8363 -0.4099 -0.3642
vn -0.0717 0.4403 -0.8950
vn 0.1627 0.9860 -0.0361
vn 0.1308 0.9912 0.0199
vn 0.2486 0.7949 0.5535
vn 0.5629 -0.0281 -0.8260
vn -0.6056 -0.3511 -0.7141
vn -0.2054 -0.4050 0.8910
vn 0.3295 -0.8580 0.3939
vn 0.5338 -0.7782 -0.3308
vn 0.7922 -0.5654 0.2295
vn -0.4763 0.8791 -0.0182
vn 0.1846 0.8195 0.5425
vn 0.2200 -0.7430 -0.6321
vn 0.1462 -0.9829 0.1120
vn -0.0557 -0.9172 -0.3946
vn -0.7157 -0.6963 0.0545
vn -0.0247 0.5947 -0.8036
vn 0.2443 -0.9057 0.3465
vn -0.6478 -0.4701 -0.5995
vn 0.0850 -0.2932 -0.9523
vn -0.0466 0.9560 -0.2896
vn 0.2942 -0.7971 -0.5273
vn 0.4303 -0.8596 -0.2756
vn 0.6025 -0.6276 0.4931
vn 0.1323 0.3669 0.9208
vn -0.3050 -0.4932 0.8147
vn -0.2173 -0.3393 0.9153
vn 0.1842 0.3306 0.9256
vn 0.2217 0.3932 0.8923
vn 0.2191 0.2088 -0.9531
vn -0.6740 0.7388 -0.0001
vn 0.5345 -0.7763 0.3341
vn -0.1523 0.9877 -0.0367
vn -0.1282 0.9907 -0.0461
vn -0.1238 0.9917 -0.0360
vn 0.0547 -0.7083 0.7038
vn 0.3784 -0.9214 -0.0888
vn 0.3021 -0.9524 -0.0412
vn 0.2502 -0.9647 -0.0818
vn -0.0399 -0.8976 -0.4389
vn 0.3097 -0.2182 0.9254
vn -0.0675 -0.1400 0.9878
vn -0.2328 0.9717 -0.0403
vn 0.5595 0.7535 -0.3451
vn -0.0297 -0.9748 -0.2211
vn -0.1340 -0.9692 -0.2066
vn -0.1105 -0.9570 -0.2682
vn -0.3447 0.9256 -0.1563
vn -0.2202 -0.3188 -0.9219
vn 0.3931 -0.8352 0.3847
vn -0.1959 -0.0798 0.9774
vn -0.2878 -0.7459 -0.6006
vn -0.8883 0.4543 -0.0674
vn 0.0273 0.8083 0.5882
vn 0.0559 -0.7275 -0.6838
vn 0.1150 -0.7837 0.6104
vn -0.6136 -0.3261 -0.7191
vn -0.2350 0.9719 -0.0100
vn 0.1528 -0.9877 0.0338
vn 0.2284 -0.3704 0.9004
vn 0.0143 0.8584 -0.5128
vn -0.7145 -0.1109 -0.6908
vn 0.2424 -0.8928 -0.3798
vn 0.7795 0.4568 -0.4286
vn 0.8660 0.4749 -0.1563
vn -0.1298 -0.9915 -0.0129
vn -0.7145 0.6114 -0.3401
vn -0.1525 0.9883 0.0031
vn 0.5145 -0.8575 0.0030
vn 0.4263 -0.8831 0.1958
vn -0.3860 -0.8525 0.3524
vn -0.7517 -0.3640 -0.5499
vn -0.2294 0.9704 0.0749
vn 0.3884 0.3218 0.8635
vn 0.0114 0.8112 0.5846
vn -0.7562 -0.6516 0.0607
vn 0.1612 -0.6382 -0.7528
vn 0.4814 -0.7098 -0.5143
vn -0.0308 0.9775 -0.2085
vn 0.3250 0.9243 0.2001
vn -0.5789 -0.5989 0.5534
vn 0.2033 -0.4251 0.8820
vn 0.5352 -0.4701 -0.7019
vn 0.1952 -0.7923 0.5780
vn -0.0802 0.0199 0.9966
vn 0.2010 -0.9132 0.3546
vn -0.0951 0.9917 -0.0864
vn -0.4402 0.8447 -0.3043
vn -0.9234 0.3817 -0.0407
vn -0.9231 0.3824 -0.0404
vn -0.9205 0.3888 -0.0386
vn -0.0945 0.9756 0.1984
vn -0.0231 0.9991 -0.0354
vn 0.4116 0.2732 0.8695
vn 0.2124 -0.9700 0.1183
vn 0.2867 -0.9574 0.0348
vn 0.1567 -0.9827 -0.0985
vn 0.2392 -0.9637 -0.1188
vn 0.2404 -0.9633 -0.1194
vn 0.9221 0.1214 -0.3676
vn 0.9229 0.1184 -0.3664
vn 0.9297 0.1542 -0.3345
vn -0.9197 0.3908 -0.0380
vn -0.3078 0.9364 -0.1685
vn -0.0295 -0.1013 -0.9944
vn 0.3612 -0.9306 -0.0597
vn 0.9503 -0.0967 0.2959
vn 0.1851 0.9282 -0.3228
vn 0.8536 0.2372 -0.4638
vn 0.8806 -0.3656 0.3016
vn -0.9757 0.1455 0.1637
vn 0.6975 -0.4673 -0.5432
vn 0.5683 -0.8133 0.1248
vn 0.2436 -0.9535 0.1773
vn 0.9186 0.3948 0.0144
vn -0.8627 -0.4626 0.2042
vn -0.5504 0.6674 0.5016
vn 0.4364 0.7725 0.4614
vn 0.0927 -0.9912 -0.0944
vn -0.4987 0.0393 -0.8659
vn 0.7376 -0.4544 0.4995
vn 0.2587 0.9570 0.1312
vn -0.9996 0.0236 0.0132
vn -0.9997 0.0211 0.0138
vn -0.9989 0.0458 0.0079
vn 0.0831 -0.9315 -0.3542
vn -0.5663 0.7900 -0.2351
vn -0.6445 0.6894 -0.3307
vn -0.6443 0.6895 -0.3307
vn -0.4601 -0.2248 -0.8590
vn -0.3349 0.8583 -0.3889
vn -0.2607 0.9545 -0.1449
vn -0.4202 0.8694 -0.2601
vn 0.4664 0.1829 0.8655
vn -0.8233 -0.4029 -0.3999
vn 0.7993 -0.5905 0.1111
vn -0.7523 0.1637 0.6381
vn -0.6123 -0.7291 0.3058
vn -0.7208 0.1865 0.6676
vn -0.7521 0.4302 -0.4992
vn -0.7712 0.2877 0.5678
vn -0.0454 -0.9860 -0.1604
vn 0.4092 -0.0787 -0.9090
vn 0.9292 0.0521 0.3658
vn 0.9449 0.0728 0.3191
vn 0.9448 0.0536 0.3233
vn -0.5350 -0.1092 -0.8377
vn 0.2124 -0.9502 -0.2280
vn -0.1644 -0.9581 -0.2344
vn 0.1898 0.9633 0.1896
vn 0.9072 0.0217 0.4201
vn 0.4375 0.8850 -0.1595
vn 0.9135 0.2961 -0.2791
vn 0.9109 0.3528 0.2138
vn 0.9720 0.0648 0.2258
vn 0.9780 0.0429 0.2041
vn 0.9783 0.0137 0.2068
vn -0.2755 0.9600 -0.0502
vn -0.2148 0.9753 -0.0511
vn 0.3860 0.9223 -0.0210
vn 0.1867 -0.9726 0.1382
vn 0.3161 -0.9254 0.2092
vn -0.1861 0.9713 0.1480
vn -0.1676 0.7020 -0.6922
vn 0.8682 -0.4341 0.2404
vn 0.5614 -0.8107 0.1663
vn -0.8217 -0.0018 0.5699
vn -0.8200 0.5014 -0.2760
vn 0.0744 -0.9276 0.3660
vn -0.2743 0.9573 -0.0915
vn 0.8024 -0.1214 -0.5842
vn -0.5568 0.7411 0.3751
vn 0.2792 0.9602 -0.0053
vn -0.7712 0.2878 0.5678
vn -0.5149 0.8244 0.2350
vn 0.8614 0.0493 -0.5055
vn 0.8680 0.1705 -0.4663
vn 0.8565 0.0809 0.5098
vn 0.8936 -0.4482 0.0228
vn 0.8864 -0.4400 -0.1439
vn 0.1039 0.9816 0.1603
vn -0.3618 0.9321 0.0188
vn -0.3853 0.9216 -0.0469
vn -0.3694 0.9292 0.0144
vn 0.2388 -0.9517 0.1933
vn 0.7637 -0.0700 -0.6418
vn -0.3543 0.9332 0.0599
vn -0.3536 0.9328 0.0700
vn 0.6475 0.7013 0.2981
vn 0.3477 -0.9373 -0.0250
vn -0.8448 -0.0427 -0.5334
vn 0.0645 -0.0896 0.9939
vn 0.2189 0.1781 0.9594
vn 0.0163 0.8190 0.5736
vn 0.1591 -0.9847 0.0704
vn -0.3123 0.7519 -0.5806
vn 0.0697 0.9846 -0.1601
vn 0.5450 0.8230 -0.1602
vn 0.3515 -0.9340 -0.0635
vn 0.3504 -0.9340 -0.0699
vn 0.3515 -0.9340 -0.0639
vn -0.6662 -0.6074 -0.4326
vn -0.5545 -0.7128 0.4296
vn -0.1776 0.9830 -0.0460
vn -0.8813 0.3487 0.3189
vn 0.4342 0.0926 0.8960
vn 0.2586 0.9550 0.1450
vn -0.4325 0.8601 -0.2705
vn -0.7006 0.2984 -0.6482
vn 0.1062 -0.9470 -0.3032
vn -0.7449 -0.2993 -0.5963
vn 0.6871 -0.0117 -0.7265
vn 0.3227 -0.9357 -0.1429
vn 0.2288 0.6922 -0.6845
vn 0.6315 0.7696 0.0947
vn 0.4502 0.7189 -0.5297
vn 0.5160 -0.8303 0.2107
vn 0.5335 -0.8201 0.2069
vn 0.1198 0.0711 -0.9902
vn 0.0849 -0.9960 0.0290
vn 0.9877 -0.0044 -0.1562
vn -0.5309 -0.7875 0.3132
vn 0.0294 -0.1722 0.9846
vn 0.2603 0.7215 -0.6416
vn -0.1128 0.6822 -0.7224
vn -0.5290 0.8184 -0.2245
vn -0.2734 -0.8481 0.4538
vn -0.0713 -0.9858 0.1521
vn 0.1568 -0.9854 0.0667
vn 0.8948 -0.0670 -0.4414
vn -0.8078 -0.5058 -0.3026
vn -0.8080 -0.5055 -0.3027
vn 0.9226 0.3745 0.0928
vn -0.7567 -0.3872 0.5268
vn -0.9895 0.0064 0.1446
vn -0.8078 -0.5059 -0.3026
vn 0.1754 -0.7086 0.6835
vn -0.1359 -0.9893 -0.0522
vn -0.3575 -0.0055 0.9339
vn -0.7834 -0.6076 -0.1306
vn 0.1484 -0.9855 0.0826
vn 0.5972 0.7844 -0.1677
vn 0.4941 0.8061 -0.3256
vn -0.5742 0.4320 -0.6955
vn 0.2954 0.5770 0.7614
vn -0.7090 0.7019 -0.0684
vn 0.3506 0.9056 -0.2386
vn 0.4849 0.8238 0.2936
vn 0.9582 -0.0576 0.2802
vn 0.0954 -0.9862 0.1350
vn -0.0636 -0.9927 -0.1024
vn -0.7322 0.2616 -0.6289
vn -0.2656 -0.6237 0.7351
vn -0.3979 -0.8698 0.2918
vn -0.0937 -0.7907 -0.6050
vn -0.0482 -0.9729 -0.2263
vn -0.8992 0.2179 0.3793
vn -0.1557 0.9476 0.2790
vn -0.5263 -0.8381 0.1438
vn -0.3171 -0.9355 0.1560
vn -0.9320 0.3597 -0.0436
vn -0.4204 -0.0683 0.9048
vn -0.8093 -0.0818 -0.5817
vn 0.4615 -0.4165 0.7833
vn 0.0092 0.9972 0.0738
vn 0.3260 -0.0992 -0.9401
vn 0.2511 -0.8624 -0.4396
vn 0.5330 -0.7970 -0.2842
vn 0.4734 -0.8516 -0.2253
vn 0.3895 0.8765 0.2828
vn -0.9330 0.1572 -0.3239
vn -0.5077 0.6935 -0.5111
vn -0.8152 0.5516 0.1763
vn 0.2245 -0.9707 0.0856
vn 0.2051 0.9784 0.0253
vn 0.1879 -0.9685 0.1635
vn -0.0011 0.9957 0.0923
vn 0.9595 0.2512 -0.1274
vn 0.0206 0.4099 -0.9119
vn -0.8731 0.1149 -0.4737
vn -0.8740 -0.4625 -0.1491
vn -0.9222 0.1988 0.3317
vn -0.1642 0.5169 -0.8402
vn 0.1106 -0.3994 0.9101
vn -0.1821 0.9646 0.1906
vn -0.0426 0.9745 0.2205
vn -0.0364 0.9936 0.1071
vn 0.0336 0.8179 -0.5744
vn -0.8692 -0.1643 0.4663
vn -0.5910 0.8067 -0.0057
vn 0.0529 -0.3966 0.9165
vn -0.8788 -0.2767 -0.3887
vn -0.0826 0.9529 0.2918
vn -0.2863 -0.8344 0.4710
vn -0.3186 0.5824 0.7479
vn -0.1679 -0.4729 -0.8650
vn 0.2017 -0.9241 0.3246
vn -0.4720 0.2651 -0.8408
vn 0.2346 0.8576 0.4577
vn -0.0053 -0.9743 0.2251
vn 0.3457 -0.0000 0.9384
vn 0.4661 0.8508 0.2427
vn 0.9860 -0.1481 -0.0764
vn 0.6286 -0.7054 0.3274
vn 0.0034 0.8299 -0.5579
vn -0.5322 0.8313 -0.1603
vn -0.2323 0.6872 -0.6884
vn -0.0260 0.7810 -0.6239
vn 0.5915 -0.4819 -0.6465
vn -0.2124 0.9764 0.0401
vn -0.4626 -0.7595 0.4573
vn 0.2976 0.7580 0.5804
vn 0.3073 0.9428 0.1289
vn -0.0528 0.2111 0.9760
vn 0.3300 0.4588 0.8250
vn 0.1587 -0.9727 0.1693
vn 0.0375 0.9923 0.1181
vn 0.3164 -0.7575 -0.5710
vn 0.1179 -0.9880 0.0996
vn 0.1094 0.5393 0.8350
vn 0.9513 -0.3062 0.0360
vn -0.4218 -0.8127 0.4021
vn 0.4622 0.8562 0.2307
vn -0.3622 -0.9126 -0.1897
vn -0.0448 0.6296 -0.7756
vn 0.8004 0.4191 0.4287
vn 0.3429 0.9270 0.1520
vn -0.4227 -0.8938 0.1499
vn -0.3331 -0.9426 0.0244
vn 0.7978 0.4530 -0.3979
vn 0.3254 0.8694 0.3718
vn -0.3513 0.3120 0.8827
vn -0.4305 -0.6834 -0.5897
vn -0.8376 -0.1130 0.5345
vn -0.6669 0.7450 0.0100
vn -0.9154 -0.3997 -0.0482
vn 0.8054 0.5190 -0.2862
vn -0.5917 -0.0822 0.8019
vn 0.1951 0.2647 0.9444
vn -0.6078 -0.7829 -0.1325
vn -0.4494 -0.8616 -0.2362
vn 0.7132 -0.7010 -0.0053
vn -0.1383 0.9722 -0.1891
vn -0.1239 -0.7806 0.6126
vn -0.0760 -0.6931 0.7168
vn -0.9754 -0.0852 -0.2031
vn 0.6852 -0.4286 -0.5889
vn -0.6028 0.7977 0.0137
vn -0.1656 -0.8787 -0.4477
vn -0.2493 -0.8194 -0.5162
vn 0.0294 0.9955 -0.0898
vn -0.2884 -0.8957 0.3385
vn 0.0518 0.9769 0.2075
vn -0.1461 0.9514 0.2710
vn -0.1116 0.2821 0.9529
vn 0.3090 0.9466 -0.0920
vn 0.6558 -0.7474 -0.1067
vn -0.2778 0.9603 -0.0243
vn -0.3310 0.7335 -0.5936
vn -0.3365 -0.9347 0.1142
vn -0.0582 -0.8123 -0.5804
vn -0.4583 -0.5402 0.7058
vn -0.0945 0.2095 -0.9732
vn 0.4142 -0.1907 -0.8900
vn -0.0887 0.9784 0.1868
vn -0.1788 -0.9724 -0.1497
vn -0.1243 -0.0827 0.9888
vn 0.2050 -0.9217 0.3293
vn 0.7776 -0.6191 -0.1099
vn 0.7026 -0.7061 -0.0886
vn 0.7794 0.6264 -0.0166
vn -0.0124 -0.9953 0.0962
vn 0.4679 0.7605 0.4502
vn 0.1254 0.9572 -0.2609
vn -0.9250 0.1011 0.3663
vn 0.1461 -0.9888 -0.0289
vn 0.1528 -0.9878 -0.0290
vn 0.0408 -0.9930 0.1107
vn -0.0324 0.8016 0.5970
vn -0.1771 -0.9633 -0.2017
vn 0.3480 -0.9309 -0.1109
vn 0.4092 -0.8963 -0.1708
vn 0.3282 -0.9434 0.0489
vn -0.2701 0.9526 0.1403
vn -0.4643 0.8853 0.0238
vn 0.2573 -0.9657 -0.0360
vn 0.1673 -0.9431 -0.2872
vn 0.2515 -0.9674 -0.0279
vn 0.1465 -0.7237 -0.6744
vn -0.2752 -0.8188 -0.5038
vn -0.4858 -0.8676 0.1061
vn 0.0817 0.2240 -0.9712
vn -0.1022 0.9892 -0.1048
vn 0.2103 0.2474 0.9458
vn -0.8715 0.4321 0.2319
vn -0.0072 0.9855 0.1698
vn 0.1570 0.9855 0.0637
vn 0.7227 -0.0325 -0.6904
vn -0.8496 -0.2778 0.4483
vn -0.3332 0.8461 0.4160
vn -0.3453 -0.0856 0.9346
vn -0.1879 0.6148 0.7660
vn -0.0326 -0.7774 -0.6281
vn 0.6475 -0.6855 0.3328
vn 0.6976 -0.5473 0.4624
vn 0.6976 -0.5474 0.4624
vn -0.8629 -0.5026 -0.0526
vn -0.0356 -0.9781 0.2050
vn 0.6746 -0.4505 0.5848
vn 0.2294 0.9629 -0.1421
vn 0.7182 -0.4231 0.5524
vn 0.3657 -0.1247 -0.9224
vn -0.5525 0.2917 0.7808
vn 0.2564 0.2348 -0.9376
vn -0.1216 0.7346 0.6675
vn -0.3120 0.9087 -0.2772
vn 0.4490 0.7373 -0.5048
vn -0.4156 0.7341 0.5370
vn 0.0006 -0.9990 0.0439
vn 0.1158 0.1589 -0.9805
vn -0.9633 0.2542 -0.0862
vn -0.7120 -0.1383 -0.6884
vn -0.7539 -0.2251 -0.6172
vn 0.5227 -0.6560 0.5445
vn -0.3951 0.8809 -0.2606
vn 0.2068 0.7898 0.5775
vn -0.2822 -0.1515 0.9473
vn -0.7279 -0.5950 -0.3409
vn 0.1426 -0.9743 0.1747
vn 0.1671 0.9831 -0.0750
vn -0.4014 -0.3724 0.8368
vn -0.3539 0.6485 -0.6739
vn 0.1662 -0.8085 0.5646
vn 0.4655 0.8661 0.1823
vn 0.2089 -0.9341 0.2894
vn -0.6097 0.7665 -0.2019
vn 0.0497 0.9985 -0.0235
vn 0.0562 0.9984 -0.0112
vn -0.2520 -0.9317 -0.2618
vn -0.2209 -0.8003 -0.5575
vn 0.8335 -0.2809 0.4757
vn -0.8436 0.2701 0.4641
vn -0.4597 0.4819 0.7460
vn -0.8565 0.3694 0.3605
vn 0.0434 -0.7097 -0.7032
vn 0.9335 0.1352 0.3322
vn -0.2475 0.9587 0.1401
vn -0.7381 0.5265 0.4219
vn 0.3096 -0.6153 0.7249
vn 0.3236 -0.7444 -0.5840
vn 0.9728 -0.1346 -0.1887
vn -0.5471 0.6156 -0.5672
vn -0.8890 0.4558 -0.0452
vn 0.1099 0.9933 -0.0351
vn -0.8357 0.3007 0.4595
vn -0.8034 0.5859 -0.1062
vn -0.7431 -0.6383 0.2010
vn -0.5271 -0.5829 0.6184
vn -0.6526 -0.3047 0.6937
vn 0.5864 0.7379 -0.3341
vn -0.1259 -0.9725 0.1961
vn 0.2331 0.1276 -0.9640
vn 0.1619 0.1651 0.9729
vn 0.0331 0.2751 0.9609
vn 0.1619 0.1650 0.9729
vn 0.3066 0.3020 0.9026
vn -0.0475 -0.9976 -0.0507
vn 0.2937 0.0429 0.9549
vn 0.0181 -0.3484 -0.9372
vn -0.8431 0.4468 -0.2994
vn -0.0730 -0.9002 0.4294
vn 0.3025 -0.9338 -0.1910
vn -0.4036 -0.9124 0.0677
vn -0.3354 -0.9167 0.2169
vn -0.6561 -0.3396 -0.6740
vn -0.6578 -0.7511 0.0560
vn 0.0674 -0.9967 -0.0457
vn -0.5471 0.6583 -0.5171
vn -0.5901 -0.6878 -0.4228
vn -0.3023 -0.9378 0.1708
vn -0.1847 -0.9813 0.0535
vn -0.1756 -0.9762 0.1275
vn -0.0278 -0.8788 0.4765
vn 0.5645 -0.3758 0.7349
vn -0.1787 -0.9357 0.3043
vn -0.6783 -0.3477 -0.6473
vn -0.6185 -0.0610 -0.7834
vn -0.4466 0.2388 -0.8623
vn -0.1635 0.9628 0.2150
vn -0.3707 -0.5207 -0.7691
vn -0.0292 -0.9860 -0.1644
vn 0.2301 -0.9730 -0.0187
vn -0.8907 0.2369 0.3881
vn -0.8096 0.0515 0.5847
vn -0.5258 0.7810 0.3370
vn -0.9228 -0.1898 -0.3352
vn -0.4540 0.5343 -0.7130
vn -0.9410 -0.3309 0.0712
vn -0.3815 -0.9151 0.1307
vn -0.9716 -0.2229 0.0797
vn 0.9343 0.0546 0.3524
vn -0.2353 0.9702 0.0572
vn -0.2132 -0.4357 -0.8745
vn -0.4163 -0.8391 -0.3503
vn 0.2374 -0.2262 0.9447
vn -0.3560 0.2364 -0.9041
vn 0.8487 -0.2655 0.4574
vn 0.0733 -0.4659 0.8818
vn -0.8895 0.0995 -0.4459
vn -0.8527 0.2639 -0.4508
vn 0.2525 -0.0091 -0.9676
vn 0.0649 0.9951 0.0750
vn 0.0681 0.4321 0.8992
vn 0.7578 0.0221 0.6522
vn 0.3819 -0.2528 -0.8890
vn -0.2229 -0.8217 0.5245
vn 0.1864 -0.8874 0.4217
vn -0.7192 -0.6944 -0.0233
vn 0.5752 0.8180 -0.0060
vn -0.0747 -0.7480 0.6595
vn 0.0325 -0.9857 0.1652
vn 0.1471 0.7049 0.6939
vn -0.0392 0.8877 0.4587
vn 0.7435 -0.4702 0.4755
vn 0.9331 0.1973 0.3005
vn -0.4424 -0.7786 0.4450
vn 0.2987 0.8618 0.4100
vn 0.8131 0.4994 0.2991
vn 0.2024 0.9774 0.0608
vn 0.0439 -0.5233 -0.8510
vn 0.4817 -0.8758 0.0291
vn -0.0087 0.8122 0.5833
vn -0.7034 0.6928 0.1588
vn -0.7979 0.4206 -0.4317
vn -0.7777 -0.3118 -0.5459
vn 0.5424 0.8369 0.0740
vn -0.4857 0.8079 0.3337
vn -0.3868 0.0454 0.9210
vn 0.9137 0.0449 -0.4039
vn 0.8834 -0.0456 -0.4665
vn -0.2685 0.5665 -0.7791
vn 0.6370 -0.7331 0.2382
vn 0.4230 0.7249 0.5437
vn 0.7977 0.5930 0.1092
vn -0.0734 -0.9612 0.2660
vn -0.3598 0.1104 0.9265
vn -0.3027 0.7293 -0.6136
vn -0.3276 -0.8205 0.4685
vn 0.2452 0.8267 0.5064
vn -0.3971 -0.2415 0.8854
vn 0.5278 -0.0262 -0.8490
vn -0.0669 -0.0619 -0.9958
vn 0.0328 -0.0801 -0.9962
vn 0.0329 -0.0801 -0.9962
vn 0.3237 -0.9105 0.2573
vn -0.6745 -0.5906 -0.4430
vn -0.6598 -0.3321 -0.6741
vn 0.4101 -0.7974 -0.4427
vn -0.1231 0.8964 0.4259
vn -0.1042 0.8986 0.4261
vn -0.1042 0.8987 0.4261
vn -0.6609 0.4390 0.6087
vn -0.3113 -0.6623 0.6815
vn 0.2682 0.5935 0.7589
vn 0.3584 0.7965 0.4869
vn 0.4068 0.8285 0.3848
vn -0.4244 -0.7284 0.5379
vn 0.6902 -0.6478 0.3225
vn 0.4139 -0.8841 -0.2169
vn -0.2601 -0.9623 0.0789
vn 0.3324 0.9425 0.0354
vn 0.0343 0.9151 -0.4018
vn -0.1972 0.5571 0.8067
vn 0.6834 0.2304 -0.6927
vn -0.4755 0.7662 0.4322
vn -0.0915 -0.5949 -0.7986
vn -0.5042 0.4623 -0.7294
vn 0.2513 -0.6700 0.6985
vn -0.0824 -0.9638 -0.2534
vn -0.3856 0.8743 0.2949
vn -0.1369 -0.9736 -0.1825
vn 0.3204 0.0163 -0.9471
vn 0.0118 -0.7616 0.6480
vn 0.5248 -0.6703 0.5247
vn 0.3078 -0.6476 0.6970
vn 0.3245 -0.5779 0.7488
vn 0.1518 -0.9882 -0.0202
vn 0.1137 -0.9934 -0.0144
vn 0.1058 -0.9926 -0.0604
vn -0.0277 0.9637 -0.2654
vn 0.0257 -0.7765 -0.6297
vn 0.7590 -0.2271 -0.6102
vn 0.2983 0.7443 -0.5976
vn -0.4787 0.4420 0.7586
vn -0.4997 -0.7176 0.4851
vn 0.0227 -0.3636 -0.9313
vn 0.0867 -0.2115 -0.9735
vn -0.0158 -0.7592 -0.6507
vn -0.2121 0.9735 -0.0857
vn -0.0745 0.9735 -0.2160
vn -0.5769 0.2143 0.7882
vn -0.2114 0.7249 -0.6556
vn -0.7203 0.6935 -0.0130
vn -0.4320 0.7562 -0.4915
vn -0.4805 0.8514 -0.2101
vn -0.4792 0.3557 -0.8024
vn 0.0858 -0.9940 0.0684
vn 0.2209 -0.9719 0.0815
vn 0.0814 -0.9954 0.0501
vn -0.1834 0.9791 0.0876
vn -0.1252 0.9921 -0.0052
vn -0.1594 0.9862 0.0441
vn 0.2874 -0.9127 0.2904
vn -0.0311 -0.8997 0.4355
vn 0.0739 0.5542 -0.8291
vn -0.2706 0.9486 0.1640
vn 0.8374 -0.5353 0.1107
vn 0.5841 -0.6879 0.4308
vn -0.0145 -0.9745 -0.2239
vn 0.5288 0.4955 -0.6891
vn -0.5287 -0.4829 0.6980
vn 0.4824 -0.8395 0.2503
vn -0.4864 -0.2277 -0.8435
vn -0.4161 -0.3449 -0.8414
vn -0.2189 0.7813 0.5844
vn 0.0407 -0.9924 -0.1162
vn -0.0175 -0.9963 0.0843
vn -0.6714 0.6179 0.4092
vn -0.3540 0.2277 0.9071
vn 0.0352 0.9527 -0.3019
vn 0.9853 0.1655 0.0434
vn 0.6978 0.7097 0.0967
vn 0.6367 0.7709 0.0174
vn -0.0583 -0.8563 -0.5132
vn 0.0627 -0.9968 -0.0503
vn 0.9058 0.2506 0.3415
vn -0.1459 -0.9851 0.0911
vn 0.8923 -0.1741 -0.4166
vn -0.0813 -0.9967 0.0049
vn -0.0795 -0.9965 -0.0250
vn 0.0815 0.2357 0.9684
vn -0.2135 -0.7828 0.5845
vn -0.0062 -0.9986 0.0534
vn -0.0020 -0.9980 0.0628
vn -0.0023 -0.9978 0.0655
vn 0.6245 0.7050 -0.3361
vn 0.5645 0.4758 0.6745
vn -0.8600 0.4844 0.1606
vn -0.1468 0.9538 -0.2620
vn 0.9052 -0.0397 -0.4232
vn -0.0179 -0.8026 0.5963
vn -0.0949 0.9201 -0.3800
vn -0.0558 -0.9973 0.0482
vn -0.0316 -0.9990 0.0326
vn 0.2577 -0.9346 0.2451
vn -0.7203 0.6935 -0.0129
vn -0.7627 0.6450 0.0477
vn -0.0018 0.6024 -0.7982
vn 0.6407 0.7600 -0.1088
vn 0.0042 -0.9917 0.1281
vn 0.4059 0.8680 -0.2860
vn -0.1278 -0.9625 -0.2394
vn -0.9958 -0.0148 -0.0906
vn -0.7194 0.0073 -0.6946
vn -0.6835 -0.0263 0.7295
vn -0.4315 0.0431 0.9011
vn 0.1874 0.9424 -0.2772
vn -0.3185 -0.0057 0.9479
vn 0.2160 0.5240 -0.8239
vn 0.4218 -0.1647 -0.8916
vn 0.2835 0.4811 -0.8295
vn 0.0133 -0.9993 0.0345
vn -0.9587 0.0356 -0.2823
vn -0.3359 -0.9418 0.0151
vn -0.1475 -0.9888 0.0226
vn -0.1890 -0.9814 -0.0333
vn -0.1409 -0.9900 -0.0042
vn 0.1931 0.0270 -0.9808
vn 0.6179 0.1290 -0.7756
vn 0.0931 0.0037 -0.9956
vn 0.0776 0.9764 -0.2017
vn -0.6906 0.1289 0.7117
vn -0.2901 -0.2986 0.9092
vn -0.3416 -0.4510 -0.8246
vn -0.2841 0.9587 -0.0134
vn -0.3839 -0.7187 -0.5797
vn 0.9846 0.1681 0.0478
vn 0.9067 0.3529 -0.2309
vn -0.3355 -0.9167 0.2169
vn -0.4037 -0.9124 0.0677
vn -0.7351 -0.6741 -0.0725
vn 0.4596 -0.1826 -0.8691
vn -0.6431 0.4885 -0.5898
vn 0.5914 0.7419 -0.3161
vn 0.6749 0.4031 0.6181
vn 0.1135 0.6246 -0.7726
vn -0.6860 -0.3068 0.6597
vn -0.2256 0.0114 -0.9742
vn -0.5445 -0.2480 0.8013
vn 0.4546 0.7931 -0.4053
vn 0.1777 0.9250 -0.3357
vn 0.1825 0.9029 -0.3893
vn -0.7861 0.1823 0.5906
vn -0.0273 -0.9990 0.0341
vn 0.9565 -0.2820 0.0751
vn 0.7863 -0.0089 0.6177
vn -0.9612 -0.2249 -0.1597
vn 0.8479 0.4252 0.3168
vn -0.5327 0.4042 -0.7435
vn -0.1964 -0.8843 -0.4237
vn -0.5398 -0.2365 0.8079
vn -0.0481 0.9982 -0.0364
vn 0.0326 -0.9902 0.1360
vn 0.2877 0.7451 -0.6016
vn -0.0395 -0.9943 0.0995
vn 0.8517 -0.4311 -0.2980
vn 0.9237 -0.3289 -0.1963
vn 0.4868 0.5920 0.6423
vn -0.2939 -0.8742 -0.3866
vn 0.2049 -0.1096 -0.9726
vn -0.6974 -0.2086 0.6857
vn -0.0757 0.9889 0.1275
vn 0.8783 -0.3613 -0.3131
vn -0.0928 0.9797 -0.1776
vn 0.0477 0.1063 -0.9932
vn -0.8316 0.5482 0.0887
vn 0.4511 -0.8443 -0.2892
vn 0.3681 -0.7430 0.5590
vn -0.0961 0.8996 0.4261
vn -0.0742 0.4544 0.8877
vn 0.0146 -0.9999 0.0068
vn 0.0081 -1.0000 -0.0052
vn -0.0291 -0.9993 0.0236
vn -0.1970 0.8436 0.4996
vn -0.1902 0.8246 -0.5328
vn -0.7195 0.0073 -0.6945
vn -0.8747 0.4409 -0.2012
vn 0.2524 0.9445 -0.2101
vn 0.2395 0.9469 -0.2144
vn 0.0259 0.9989 -0.0379
vn 0.3396 -0.0900 -0.9363
vn 0.7475 0.1954 -0.6349
vn 0.5528 -0.1001 -0.8273
vn 0.3890 -0.6527 -0.6501
vn 0.4565 0.0353 0.8890
vn 0.5302 -0.7566 -0.3828
vn -0.1005 0.9868 -0.1268
vn 0.8438 0.3777 -0.3813
vn 0.9535 0.2070 -0.2190
vn -0.6804 0.5009 -0.5349
vn 0.8104 0.2577 -0.5262
vn -0.4800 -0.7650 0.4294
vn 0.9335 0.1960 0.3002
vn 0.9092 0.4002 0.1146
vn 0.9487 0.1705 0.2664
vn 0.6242 0.6541 -0.4273
vn 0.6783 -0.5712 -0.4622
vn 0.1535 -0.6908 0.7065
vn -0.1019 0.9937 0.0473
vn -0.0830 0.9910 0.1054
vn 0.2121 0.9512 0.2241
vn 0.8508 0.2267 -0.4741
vn 0.8064 -0.4430 0.3916
vn -0.3171 -0.2722 0.9085
vn 0.5817 -0.7582 0.2946
vn 0.3509 0.0054 0.9364
vn 0.2891 0.6749 0.6789
vn -0.9770 0.0794 -0.1980
vn -0.0557 -0.0787 0.9953
vn -0.9141 0.0965 0.3939
vn -0.4111 0.4230 -0.8075
vn 0.9549 -0.2825 0.0912
vn -0.7122 0.6626 0.2318
vn 0.7385 0.6741 -0.0136
vn -0.9683 -0.2495 -0.0144
vn -0.9043 -0.4166 -0.0928
vn 0.0283 -0.9989 -0.0372
vn 0.9683 0.0487 0.2450
vn 0.9415 0.2386 0.2382
vn 0.7603 0.2017 -0.6174
vn -0.6936 -0.7176 -0.0631
vn 0.4193 -0.6274 0.6562
vn 0.8547 0.3334 0.3978
vn 0.4847 -0.7192 -0.4978
vn -0.8436 0.0923 -0.5290
vn 0.1392 -0.9788 -0.1503
vn 0.0851 -0.9880 -0.1289
vn 0.0993 -0.9819 -0.1615
vn 0.8101 0.5843 -0.0489
vn 0.8096 0.5845 -0.0528
vn 0.7584 0.6508 -0.0354
vn -0.5184 0.3460 0.7820
vn -0.0090 0.1223 -0.9925
vn 0.8608 0.4599 0.2181
vn 0.9876 -0.1470 0.0547
vn -0.2667 0.7676 0.5828
vn -0.5802 -0.8139 0.0319
vn 0.6136 -0.5292 0.5860
vn 0.9310 -0.3141 0.1861
vn 0.5311 0.3795 -0.7576
vn 0.7436 0.0488 0.6668
vn 0.3122 -0.8648 0.3932
vn -0.3187 -0.2712 0.9082
vn 0.7159 -0.5381 0.4449
vn 0.7280 -0.6234 0.2854
vn 0.5327 0.8436 -0.0682
vn 0.3736 -0.6825 -0.6282
vn 0.0056 -0.7430 -0.6693
vn 0.6285 0.7778 0.0009
vn 0.8839 0.1339 -0.4482
vn 0.8744 0.1569 -0.4591
vn 0.8746 0.1568 -0.4588
vn -0.9061 -0.4105 0.1021
vn -0.4644 -0.2659 0.8447
vn -0.9163 -0.3868 0.1042
vn -0.8492 -0.0583 -0.5248
vn -0.0815 -0.9954 0.0511
vn 0.0049 -0.3038 -0.9527
vn -0.1168 -0.1435 -0.9827
vn -0.1275 -0.1436 -0.9814
vn 0.7235 -0.0968 -0.6836
vn 0.7476 0.1181 0.6536
vn 0.0080 0.9735 -0.2286
vn -0.0384 0.9860 -0.1621
vn 0.2350 -0.0886 -0.9679
vn -0.0982 -0.9354 0.3397
vn 0.0932 0.9909 -0.0974
vn 0.4460 0.8876 -0.1152
vn 0.8581 0.4935 0.1418
vn 0.9155 -0.2628 0.3047
vn 0.4008 0.6529 -0.6427
vn 0.6149 0.7652 -0.1907
vn 0.8451 -0.5335 0.0341
vn -0.7317 0.5969 -0.3291
vn -0.2202 -0.9231 0.3153
vn 0.2188 0.9261 -0.3073
vn -0.6477 0.6680 -0.3663
vn -0.1171 -0.9929 0.0201
vn -0.0609 -0.9981 0.0045
vn -0.0508 -0.9987 0.0050
vn 0.1853 0.9815 -0.0473
vn 0.1150 -0.9851 0.1283
vn -0.2703 0.7938 -0.5449
vn 0.0511 0.6397 -0.7669
vn -0.1257 0.9905 0.0551
vn 0.3605 0.2100 -0.9088
vn -0.9625 0.0210 0.2705
vn 0.9593 0.2330 0.1592
vn 0.9224 0.2914 0.2534
vn 0.0660 -0.8872 0.4566
vn -0.1515 0.9376 0.3129
vn 0.1881 0.8954 0.4035
vn -0.1359 0.9794 -0.1495
vn -0.5455 0.7679 0.3358
vn 0.0320 0.9853 -0.1681
vn -0.5884 -0.8063 -0.0597
vn -0.0475 0.9699 0.2388
vn 0.0250 0.8878 0.4596
vn 0.2573 0.5456 0.7976
vn 0.0324 0.9780 0.2061
vn -0.9004 0.1098 -0.4210
vn 0.1138 0.5400 0.8339
vn -0.1026 -0.5993 0.7939
vn -0.1353 -0.9842 0.1139
vn -0.0538 -0.9332 0.3554
vn 0.2892 -0.9342 -0.2088
vn 0.4617 0.1263 -0.8780
vn 0.5184 0.8315 -0.1996
vn -0.4107 0.5812 0.7026
vn -0.1117 0.9889 0.0982
vn 0.8892 0.2371 -0.3912
vn -0.1252 -0.9784 -0.1645
vn -0.2112 -0.8764 0.4328
vn 0.2953 -0.0522 0.9540
vn -0.8673 -0.4259 -0.2577
vn 0.2921 0.9564 -0.0056
vn -0.5818 -0.8079 -0.0937
vn -0.5696 -0.7578 0.3182
vn -0.3210 -0.6590 0.6802
vn -0.8932 -0.4429 0.0776
vn 0.4150 0.6807 0.6036
vn 0.7195 -0.5124 -0.4687
vn 0.5495 0.3016 -0.7792
vn -0.0697 -0.9669 0.2453
vn -0.1640 -0.9785 0.1254
vn -0.3163 -0.8843 0.3435
vn 0.8958 -0.4366 -0.0829
vn -0.0831 0.1896 0.9783
vn 0.4916 -0.2773 0.8255
vn 0.0512 -0.4582 0.8874
vn 0.8323 0.3628 0.4192
vn -0.6083 0.7053 -0.3641
vn -0.9516 -0.1609 -0.2619
vn -0.9016 -0.0041 0.4325
vn 0.0293 0.9928 0.1159
vn -0.3901 0.9188 0.0603
vn -0.0581 0.9791 -0.1948
vn -0.7058 -0.3932 0.5892
vn 0.7129 0.5094 -0.4819
vn 0.0393 -0.0985 -0.9944
vn 0.2881 0.8818 -0.3735
vn 0.3594 0.8221 -0.4417
vn -0.4966 -0.2504 -0.8311
vn -0.2616 -0.0183 -0.9650
vn -0.9156 -0.0229 0.4014
vn 0.1584 -0.9527 0.2594
vn 0.0095 0.9532 -0.3023
vn 0.9985 0.0120 0.0530
vn 0.9652 0.0362 0.2591
vn 0.9875 -0.0976 0.1235
vn -0.7820 -0.1011 0.6151
vn -0.2599 0.0174 0.9655
vn -0.9272 0.0166 -0.3742
vn 0.0002 -0.6487 0.7610
vn -0.2744 -0.8567 0.4368
vn 0.9747 0.1024 -0.1989
vn 0.2439 0.4829 -0.8410
vn 0.2975 -0.5522 0.7788
vn 0.4541 0.0841 -0.8870
vn 0.8245 0.2330 -0.5156
vn 0.7836 -0.0082 -0.6212
vn -0.8352 0.3929 -0.3847
vn -0.2605 -0.9629 0.0699
vn -0.9102 0.4046 -0.0889
vn -0.7404 0.4151 -0.5286
vn 0.5546 0.8318 0.0222
vn 0.9628 0.0248 0.2692
vn 0.5255 0.2070 -0.8252
vn 0.6813 0.7281 -0.0757
vn -0.2937 -0.9521 0.0850
vn 0.5098 0.7877 0.3458
vn -0.1956 0.8070 0.5572
vn 0.8371 0.1829 0.5156
vn 0.0502 0.9892 -0.1376
vn -0.0874 -0.8082 0.5824
vn 0.0070 -0.7188 0.6951
vn -0.0298 -0.6512 0.7583
vn -0.1549 -0.9659 0.2073
vn 0.9715 -0.2361 0.0210
vn -0.0907 -0.9916 -0.0920
vn 0.4738 0.1352 -0.8702
vn 0.6466 0.6782 -0.3491
vn -0.0866 0.9539 0.2873
vn -0.1216 -0.9790 0.1638
vn -0.0115 0.9744 0.2244
vn 0.2421 0.9580 -0.1536
vn -0.5851 -0.7054 0.4001
vn -0.5614 -0.7642 0.3175
vn -0.0003 -0.4023 0.9155
vn 0.1087 -0.9940 -0.0075
vn 0.0360 -0.7036 -0.7097
vn -0.9182 -0.1735 0.3561
vn -0.5319 -0.5409 0.6515
vn -0.8803 -0.1117 0.4611
vn -0.3668 0.1837 0.9120
vn -0.0565 0.5411 0.8391
vn -0.4312 0.7228 -0.5401
vn -0.8714 0.4857 0.0688
vn -0.7598 -0.6003 -0.2495
vn -0.2792 -0.8661 0.4146
vn -0.5214 0.3310 0.7865
vn -0.9306 0.0455 0.3632
vn 0.1813 0.9180 0.3526
vn -0.4492 -0.8430 -0.2959
vn -0.2933 0.5894 0.7527
vn -0.3266 -0.9354 0.1354
vn -0.8738 0.4477 -0.1898
vn -0.2577 -0.9599 0.1104
vn -0.8662 0.2152 0.4510
vn 0.1485 -0.9476 0.2829
vn -0.1053 0.9888 0.1054
vn 0.2508 -0.8335 -0.4924
vn -0.1708 0.1214 -0.9778
vn -0.8332 -0.4251 -0.3537
vn -0.2217 -0.9406 0.2570
vn 0.7840 -0.6131 0.0974
vn 0.4440 -0.8851 0.1396
vn 0.3495 0.8981 -0.2670
vn 0.8928 0.3813 -0.2397
vn 0.8841 -0.3772 0.2757
vn 0.3964 0.8377 0.3756
vn 0.6739 0.3588 0.6458
vn -0.2677 -0.1469 0.9522
vn 0.9332 0.2884 -0.2142
vn 0.8048 0.5667 -0.1768
vn 0.1828 0.9819 -0.0500
vn 0.9899 0.1034 -0.0966
vn -0.5395 -0.3119 -0.7821
vn 0.2096 0.9772 -0.0334
vn 0.7760 0.6182 -0.1255
vn 0.3628 0.8010 -0.4762
vn 0.3505 0.8026 -0.4826
vn 0.3519 0.8010 -0.4844
vn 0.3074 -0.9464 -0.0992
vn 0.9012 -0.3602 -0.2411
vn 0.3028 0.4139 0.8585
vn -0.7013 0.0392 -0.7118
vn 0.2743 -0.9607 -0.0434
vn 0.3124 -0.9498 -0.0165
vn 0.2478 -0.9679 0.0415
vn 0.8563 -0.2414 0.4565
vn -0.8003 0.1262 0.5862
vn -0.8008 0.1618 0.5767
vn -0.8002 0.1603 0.5780
vn 0.5853 -0.5413 0.6037
vn 0.9646 0.2620 -0.0300
vn 0.6954 0.7185 0.0149
vn 0.4254 0.5579 -0.7126
vn 0.1689 -0.2468 0.9542
vn -0.3421 -0.0102 0.9396
vn -0.2525 0.9669 0.0363
vn -0.1726 0.9848 -0.0210
vn -0.2451 0.9666 0.0745
vn -0.7900 0.0670 0.6094
vn -0.7894 0.0690 0.6100
vn -0.7679 0.0855 0.6349
vn -0.3159 0.8620 -0.3964
vn -0.3543 0.9270 0.1230
vn 0.2382 -0.9710 0.0228
vn 0.6432 0.2188 -0.7338
vn 0.6556 0.1097 -0.7471
vn 0.6594 0.2381 -0.7131
vn 0.3445 -0.8163 -0.4636
vn 0.4117 -0.8036 0.4299
vn -0.4543 -0.7929 0.4060
vn 0.7621 -0.6122 0.2108
vn 0.9175 -0.3442 -0.1993
vn -0.0201 0.8882 -0.4590
vn -0.1102 0.9918 -0.0647
vn 0.4614 0.0006 0.8872
vn 0.3435 0.2108 -0.9152
vn 0.0730 -0.5815 0.8103
vn 0.1166 -0.5433 -0.8314
vn -0.2983 -0.9334 0.1994
vn 0.1623 0.9103 -0.3808
vn -0.5102 0.3858 -0.7687
vn -0.1402 -0.7071 0.6931
vn 0.3096 0.4853 -0.8177
vn -0.9295 0.1988 -0.3106
vn 0.9263 0.2849 0.2466
vn 0.7564 -0.2317 -0.6117
vn 0.1562 0.0877 -0.9838
vn -0.2581 -0.9472 0.1900
vn -0.3601 -0.9300 0.0733
vn -0.1388 0.9880 -0.0670
vn 0.8936 0.4391 0.0929
vn 0.9038 0.4206 0.0787
vn 0.9035 0.4215 0.0774
vn 0.2289 0.9707 -0.0738
vn -0.4518 -0.5521 0.7008
vn -0.4721 -0.4134 -0.7786
vn 0.7299 0.2065 -0.6516
vn 0.6215 -0.0365 -0.7825
vn -0.3542 0.9271 0.1230
vn 0.4169 -0.9085 -0.0282
vn 0.5189 0.8154 0.2565
vn -0.0623 -0.9899 0.1274
vn 0.6096 -0.6832 -0.4021
vn -0.5919 -0.6539 -0.4713
vn 0.8612 0.4151 0.2933
vn 0.8482 -0.5037 -0.1642
vn 0.1533 -0.8539 -0.4974
vn 0.4151 0.1245 0.9012
vn 0.6698 0.7287 -0.1428
vn 0.6638 0.7343 -0.1421
vn 0.6875 0.7207 -0.0890
vn -0.1175 0.5732 -0.8110
vn 0.3835 0.0797 0.9201
vn 0.7827 0.4132 0.4655
vn -0.1938 0.8961 0.3993
vn 0.1444 0.9829 0.1143
vn 0.6342 0.7243 -0.2705
vn 0.6459 0.7247 -0.2402
vn 0.6380 0.7151 -0.2857
vn -0.3777 0.2949 0.8777
vn 0.5737 0.6690 -0.4726
vn 0.5687 0.6953 -0.4394
vn 0.5828 0.6719 -0.4571
vn -0.1425 -0.4264 0.8932
vn 0.7682 0.6388 -0.0438
vn -0.3657 0.9296 -0.0460
vn 0.7943 -0.3291 0.5107
vn -0.3045 -0.6701 0.6769
vn 0.7969 0.5649 -0.2141
vn 0.9734 0.2189 0.0676
vn 0.5832 0.0072 0.8123
vn -0.7932 -0.4262 0.4349
vn 0.9723 -0.1947 0.1291
vn -0.0817 0.0086 0.9966
vn -0.4016 0.8751 0.2699
vn 0.8495 0.0691 0.5231
vn 0.7260 -0.6482 0.2297
vn 0.3998 0.0344 -0.9160
vn 0.6459 -0.0752 -0.7597
vn 0.8624 -0.1447 -0.4850
vn -0.5481 -0.8296 0.1069
vn -0.5070 -0.8532 0.1222
vn -0.5023 -0.8559 0.1233
vn 0.8175 -0.2058 0.5379
vn -0.7243 0.6404 0.2553
vn -0.8535 0.5210 -0.0047
vn 0.7633 -0.2266 -0.6050
vn 0.8614 -0.5034 0.0675
vn -0.6345 -0.6522 0.4147
vn 0.1702 -0.9366 0.3064
vn 0.8751 -0.4427 -0.1955
vn 0.8849 -0.3935 -0.2490
vn 0.8563 -0.4945 -0.1490
vn 0.8453 -0.3327 -0.4181
vn -0.9641 0.2553 0.0733
vn -0.9714 -0.1425 0.1897
vn 0.0991 0.2087 -0.9729
vn -0.9906 0.0243 0.1344
vn 0.1798 -0.7189 -0.6714
vn -0.6950 0.6634 0.2773
vn 0.1046 0.9935 0.0444
vn 0.9993 -0.0087 -0.0377
vn -0.5966 0.1197 -0.7936
vn -0.8002 0.0320 -0.5989
vn 0.4172 0.8799 0.2273
vn 0.3292 0.9387 0.1024
vn 0.3927 0.9055 0.1606
vn 0.8849 -0.3935 -0.2491
vn 0.9536 -0.1571 -0.2569
vn 0.9691 0.2207 -0.1104
vn -0.9928 -0.0114 -0.1192
vn 0.9863 -0.0997 0.1313
vn -0.7021 -0.5605 0.4392
vn -0.4614 -0.8509 -0.2510
vn 0.8452 0.4373 -0.3071
vn 0.0270 0.9634 -0.2666
vn 0.9235 0.3366 0.1837
vn 0.5125 -0.1828 0.8390
vn 0.0277 -0.9987 -0.0439
vn -0.5085 -0.6453 -0.5701
vn -0.1939 0.8961 0.3993
vn -0.7687 0.5670 0.2960
vn -0.9518 0.2202 -0.2135
vn -0.7965 -0.0266 -0.6041
vn -0.3522 0.9347 0.0482
vn -0.0110 0.9999 -0.0098
vn 0.0480 0.9982 0.0365
vn -0.0385 0.9990 0.0216
vn 0.0107 0.9985 0.0542
vn -0.2908 -0.9018 0.3197
vn 0.5139 0.0174 -0.8577
vn -0.6940 0.6879 -0.2125
vn 0.2948 -0.0601 0.9537
vn -0.8641 0.4560 0.2131
vn -0.6525 0.6212 -0.4340
vn -0.3974 0.4047 -0.8236
vn -0.4835 -0.8751 -0.0223
vn -0.7504 -0.6266 -0.2105
vn 0.3883 0.0323 -0.9210
vn -0.5907 0.5819 -0.5589
vn -0.4942 0.4062 0.7686
vn -0.7775 -0.3788 0.5020
vn -0.3589 -0.8705 0.3367
vn -0.8014 -0.4188 0.4271
vn -0.7931 -0.3774 0.4781
vn -0.8790 0.3656 0.3060
vn -0.5564 0.0421 0.8298
vn 0.8451 0.4925 -0.2081
vn -0.1191 -0.9222 -0.3680
vn 0.0494 -0.9571 -0.2855
vn -0.0614 -0.9198 0.3875
vn -0.8904 0.4548 0.0197
vn -0.1369 0.9904 -0.0171
vn -0.5225 0.7874 -0.3271
vn -0.6524 -0.3772 -0.6573
vn -0.7788 -0.4317 0.4551
vn -0.3105 0.9446 0.1063
vn -0.1094 -0.6818 -0.7233
vn -0.8875 0.4403 0.1358
vn -0.6316 0.3554 -0.6890
vn 0.1584 -0.9870 0.0261
vn 0.4725 -0.8774 0.0824
vn -0.6944 -0.7191 0.0272
vn -0.6003 0.3235 -0.7315
vn -0.7887 0.3023 0.5353
vn -0.6023 -0.1807 -0.7775
vn -0.6387 0.4930 -0.5908
vn -0.9438 -0.3304 0.0071
vn -0.0937 0.9882 -0.1213
vn -0.0876 0.9888 -0.1205
vn -0.1287 0.9741 -0.1859
vn -0.4030 0.7268 0.5562
vn -0.4208 0.9071 0.0078
vn -0.3156 0.0268 -0.9485
vn -0.5345 -0.0334 0.8445
vn 0.0325 -0.9841 0.1746
vn 0.0301 -0.9841 0.1751
vn 0.0221 -0.9880 0.1531
vn -0.8048 0.5377 0.2513
vn 0.0783 -0.9968 0.0162
vn -0.9878 0.0346 -0.1521
vn 0.6876 -0.4995 -0.5270
vn 0.4815 -0.7785 0.4026
vn -0.3081 0.8764 0.3702
vn -0.3401 0.5280 0.7782
vn -0.8390 -0.4725 0.2699
vn -0.8648 0.3686 0.3410
vn 0.9591 -0.2607 -0.1104
vn -0.7744 -0.5716 -0.2713
vn -0.7146 0.6887 -0.1225
vn -0.0026 -0.9767 -0.2146
vn 0.6630 0.6461 0.3783
vn -0.3128 -0.2903 -0.9044
vn 0.0144 -0.9974 -0.0703
vn -0.7525 0.6554 -0.0648
vn -0.4791 -0.8601 -0.1752
vn -0.3182 -0.8619 -0.3947
vn -0.9316 0.3265 -0.1599
vn -0.4939 0.2667 -0.8276
vn -0.4475 -0.7699 -0.4550
vn -0.7485 -0.6373 0.1835
vn -0.0903 -0.6190 0.7802
vn -0.7944 0.6070 0.0219
vn -0.6055 0.7641 0.2225
vn -0.5748 0.7896 0.2149
vn 0.7675 -0.5438 -0.3393
vn 0.1445 -0.5278 -0.8370
vn -0.6702 0.1447 0.7279
vn -0.3206 0.7529 0.5748
vn -0.3641 0.8041 0.4699
vn -0.1998 0.6939 0.6918
vn 0.1664 -0.9215 0.3510
vn 0.6924 -0.6461 0.3212
vn 0.0159 -0.8795 0.4757
vn -0.5697 -0.3669 -0.7354
vn -0.0594 -0.8352 -0.5468
vn 0.0548 -0.1207 -0.9912
vn -0.0313 -0.9984 -0.0475
vn -0.7460 0.0095 -0.6658
vn -0.0656 0.9978 0.0019
vn -0.5172 -0.5713 0.6372
vn 0.0104 0.3954 0.9185
vn -0.3530 -0.3501 0.8677
vn -0.0085 -0.2452 0.9694
vn 0.1113 -0.6277 0.7705
vn 0.3198 -0.9449 0.0705
vn 0.0552 0.9933 0.1013
vn -0.7510 0.6118 0.2484
vn -0.3236 -0.7919 0.5178
vn -0.4081 -0.6609 0.6298
vn -0.2009 -0.9738 -0.1065
vn 0.0329 -0.9982 -0.0507
vn 0.0875 -0.9960 -0.0156
vn -0.5011 0.3020 0.8110
vn -0.5385 -0.5116 -0.6695
vn -0.2133 -0.9761 0.0416
vn 0.0228 0.3635 -0.9313
vn -0.9735 -0.2105 -0.0899
vn -0.6905 -0.2778 0.6678
vn 0.1886 -0.6871 0.7017
vn 0.0188 0.9051 -0.4249
vn -0.0434 0.9114 -0.4092
vn 0.0137 -0.9870 0.1600
vn 0.4797 -0.8765 0.0403
vn -0.1629 0.2696 -0.9491
vn -0.6081 -0.7223 0.3295
vn -0.1420 0.0267 -0.9895
vn 0.1486 -0.6683 -0.7289
vn -0.4005 0.8905 0.2158
vn -0.2242 0.4493 0.8648
vn 0.0382 0.9991 0.0183
vn -0.7766 0.1630 0.6085
vn -0.1936 -0.8198 0.5390
vn -0.2605 0.3185 0.9114
vn -0.2247 0.5355 0.8141
vn -0.2807 0.6612 -0.6957
vn -0.3170 -0.6954 0.6450
vn -0.0127 0.8271 -0.5619
vn -0.1005 0.6917 -0.7151
vn -0.1720 0.8530 -0.4928
vn -0.4640 0.8463 0.2616
vn -0.3974 0.7639 0.5085
vn -0.2720 -0.0026 0.9623
vn -0.3896 -0.0254 0.9206
vn -0.4526 0.5520 0.7003
vn -0.1599 -0.2096 -0.9646
vn -0.0550 -0.5000 -0.8643
vn -0.0635 0.9979 0.0089
vn -0.2775 -0.9552 -0.1033
vn 0.3914 -0.9199 -0.0255
vn 0.1689 0.6461 0.7443
vn 0.1730 0.9485 -0.2653
vn -0.1109 -0.8742 0.4727
vn 0.4884 0.8605 -0.1451
vn 0.6046 0.7744 -0.1862
vn 0.6046 0.7745 -0.1862
vn 0.3582 0.0529 -0.9322
vn -0.6582 0.7402 -0.1373
vn 0.0183 0.9622 0.2719
vn -0.9957 -0.0846 0.0387
vn 0.1810 -0.7660 0.6168
vn -0.0732 0.7335 0.6758
vn 0.0236 0.3061 0.9517
vn 0.2924 0.5321 0.7946
vn -0.5401 0.8332 0.1185
vn -0.7643 0.3695 -0.5285
vn 0.1676 -0.9559 -0.2411
vn 0.2615 -0.9643 0.0412
vn -0.2573 -0.8747 0.4107
vn -0.1947 0.0674 0.9785
vn -0.4040 -0.5678 -0.7172
vn -0.1286 0.0227 -0.9914
vn -0.1642 -0.9747 -0.1518
vn 0.1127 -0.7213 -0.6834
vn 0.7543 0.0074 -0.6564
vn -0.3546 0.1159 0.9278
vn -0.2558 -0.5046 0.8246
vn -0.2469 0.9153 0.3182
vn -0.3379 -0.4978 0.7987
vn 0.5137 -0.2028 -0.8336
vn -0.2673 0.8949 -0.3575
vn 0.3415 0.9189 -0.1976
vn -0.3085 -0.9316 -0.1923
vn -0.3470 0.8858 0.3082
vn -0.0760 -0.8528 0.5166
vn -0.1624 -0.8638 0.4769
vn -0.1879 -0.9360 0.2978
vn -0.3926 0.1779 -0.9024
vn 0.5220 -0.2989 0.7989
vn -0.4270 -0.7243 -0.5413
vn -0.4082 0.8199 -0.4014
vn 0.7066 0.6716 -0.2229
vn 0.6801 -0.0025 -0.7331
vn 0.6653 -0.5059 -0.5490
vn 0.5466 -0.2647 -0.7944
vn 0.2130 0.5488 -0.8084
vn 0.3163 -0.9390 0.1352
vn 0.3548 -0.8658 -0.3528
vn -0.2876 -0.7740 -0.5641
vn -0.0760 -0.9692 0.2341
vn 0.5438 -0.3597 -0.7582
vn 0.4241 -0.0311 0.9051
vn 0.0535 -0.9986 -0.0049
vn 0.1660 -0.9858 -0.0261
vn -0.1249 0.4968 0.8588
vn -0.9161 -0.0951 0.3895
vn -0.1057 -0.8579 0.5029
vn 0.1523 -0.9446 -0.2906
vn -0.8341 0.0031 0.5516
vn -0.5870 -0.1116 -0.8018
vn 0.5228 -0.7780 0.3485
vn -0.1244 -0.9449 0.3029
vn -0.9763 -0.0076 -0.2164
vn -0.2243 -0.9342 -0.2775
vn 0.6051 0.1343 -0.7848
vn -0.7913 -0.1261 0.5983
vn -0.9609 -0.0297 0.2752
vn -0.1664 0.5159 0.8404
vn 0.6242 -0.7154 0.3140
vn 0.1089 0.1768 0.9782
vn 0.3146 -0.0134 0.9491
vn 0.1126 0.8501 0.5145
vn -0.0966 0.0681 0.9930
vn 0.2208 -0.7587 0.6128
vn 0.1167 0.1232 0.9855
vn -0.7346 0.6382 0.2305
vn -0.1304 0.9892 0.0664
vn -0.2753 -0.9599 -0.0534
vn -0.0020 -0.1420 0.9899
vn -0.2644 0.9622 -0.0648
vn 0.0562 -0.9982 -0.0213
vn 0.2909 0.9301 0.2242
vn 0.3118 0.1090 -0.9439
vn 0.4562 -0.6730 -0.5822
vn 0.8553 -0.4427 -0.2693
vn 0.3893 0.4215 -0.8190
vn 0.6353 -0.1098 -0.7644
vn -0.8829 -0.1470 0.4460
vn 0.1992 0.9539 -0.2245
vn 0.4458 -0.1696 -0.8789
vn 0.7754 0.3706 -0.5113
vn 0.0210 -0.9864 -0.1630
vn 0.7695 -0.6366 0.0513
vn 0.3512 -0.9316 -0.0937
vn -0.1916 0.0021 0.9815
vn -0.1875 0.9627 0.1950
vn -0.7660 0.6233 -0.1573
vn 0.2813 0.9122 0.2979
vn 0.8694 0.1136 -0.4809
vn 0.3012 0.8568 -0.4185
vn 0.6398 0.5283 0.5582
vn -0.9130 -0.0161 -0.4076
vn 0.4441 -0.0074 -0.8960
vn 0.2826 0.5274 -0.8013
vn 0.4251 0.6143 0.6648
vn 0.4544 -0.8873 -0.0787
vn 0.0633 0.7178 0.6933
vn 0.8171 -0.2315 -0.5280
vn -0.4463 -0.0955 0.8898
vn -0.2396 0.9649 -0.1076
vn 0.4007 -0.0380 -0.9154
vn -0.9503 -0.1591 0.2675
vn -0.9585 -0.1297 0.2540
vn -0.9626 -0.0846 0.2572
vn -0.5286 0.1250 -0.8396
vn 0.6103 -0.6609 0.4368
vn 0.3316 -0.2196 -0.9175
vn 0.7987 -0.5682 -0.1982
vn 0.9001 -0.1988 -0.3876
vn -0.9879 0.0212 0.1538
vn -0.9857 0.0494 0.1611
vn -0.2573 -0.9657 0.0344
vn -0.8406 -0.2694 -0.4698
vn 0.3946 -0.8720 0.2897
vn -0.4651 0.3085 -0.8298
vn 0.9156 -0.2153 -0.3396
vn 0.7870 -0.2297 -0.5725
vn 0.5891 -0.5582 -0.5843
vn 0.3671 0.5601 0.7426
vn 0.7990 -0.2347 -0.5536
vn 0.3761 -0.7640 -0.5243
vn -0.5658 0.5265 0.6346
vn 0.0879 -0.0431 -0.9952
vn 0.5559 -0.8149 -0.1643
vn -0.6168 -0.7095 -0.3408
vn 0.4589 -0.8878 0.0341
vn 0.8601 0.4589 0.2229
vn 0.9378 0.1503 0.3129
vn 0.9804 0.1741 -0.0924
vn 0.7815 0.2024 0.5902
vn 0.9226 0.0161 -0.3855
vn 0.7135 0.0818 0.6959
vn -0.1718 -0.0514 0.9838
vn 0.4386 -0.0087 -0.8986
vn 0.4558 -0.0060 -0.8901
vn 0.2863 0.6519 -0.7022
vn 0.3452 0.9381 0.0265
vn 0.8427 -0.2806 0.4594
vn -0.3732 -0.5030 0.7796
vn 0.9538 0.0784 -0.2900
vn 0.9945 -0.0249 -0.1013
vn -0.2223 -0.5371 0.8137
vn 0.3179 -0.5301 -0.7861
vn 0.3053 -0.6402 -0.7049
vn 0.5448 -0.3524 -0.7609
vn 0.7358 0.0335 -0.6764
vn 0.7277 0.3695 0.5778
vn 0.5919 -0.3347 -0.7332
vn 0.5622 0.8018 -0.2027
vn 0.9686 0.0435 -0.2446
vn 0.9876 -0.0561 0.1465
vn 0.9910 -0.0229 -0.1319
vn 0.9421 0.0625 0.3295
vn -0.0340 -0.9979 0.0557
vn 0.5875 -0.1640 -0.7924
vn 0.3172 0.1079 0.9422
vn 0.3164 -0.7514 -0.5790
vn -0.2328 0.9525 0.1963
vn -0.2694 0.9496 0.1604
vn -0.2867 0.9366 0.2015
vn 0.0270 0.5962 0.8023
vn 0.9886 -0.1409 -0.0526
vn 0.0484 -0.9738 -0.2222
vn -0.3217 -0.9439 -0.0746
vn 0.3625 -0.4282 -0.8278
vn 0.8385 0.2156 0.5004
vn -0.1667 -0.8349 0.5245
vn 0.3670 -0.3346 -0.8679
vn 0.7542 -0.6381 0.1547
vn 0.6088 0.7803 0.1432
vn 0.7018 0.1308 0.7003
vn 0.2899 -0.9447 0.1535
vn -0.4185 -0.2352 0.8772
vn 0.1216 0.9899 0.0731
vn 0.3120 0.9392 0.1431
vn 0.1751 0.9731 0.1497
vn 0.0400 -0.9005 -0.4331
vn -0.2432 -0.9699 0.0074
vn 0.3982 -0.6523 0.6449
vn 0.9043 0.3379 0.2609
vn -0.0241 -0.9893 -0.1441
vn 0.0228 -0.9968 -0.0770
vn -0.1507 -0.9856 -0.0763
vn 0.9695 -0.1463 -0.1966
vn 0.2809 0.6319 0.7224
vn 0.7007 -0.7095 -0.0753
vn 0.8659 -0.3132 -0.3901
vn 0.6607 0.4811 -0.5762
vn 0.3705 0.9276 0.0480
vn -0.9956 0.0918 -0.0171
vn -0.7819 0.3853 -0.4900
vn -0.8059 -0.2266 0.5470
vn 0.1227 -0.0802 -0.9892
vn 0.7992 -0.4712 -0.3732
vn -0.6082 0.0156 -0.7937
vn 0.5011 -0.4417 0.7442
vn 0.9036 0.2128 0.3718
vn -0.5020 0.5725 -0.6482
vn 0.1378 -0.3926 -0.9093
vn -0.1964 -0.9317 0.3054
vn -0.2733 -0.9619 0.0040
vn 0.1992 -0.0621 0.9780
vn 0.2699 0.4290 0.8621
vn 0.4086 0.5114 0.7560
vn 0.9035 0.1759 0.3908
vn 0.9660 -0.1527 -0.2087
vn 0.8497 -0.3901 -0.3548
vn -0.1920 -0.7214 0.6653
vn 0.4330 -0.8700 0.2356
vn 0.6533 -0.0264 0.7566
vn 0.2933 0.9512 -0.0962
vn -0.3212 -0.8196 0.4745
vn 0.6996 -0.1447 0.6997
vn 0.7022 -0.7102 0.0514
vn 0.5816 -0.6594 0.4764
vn 0.6604 -0.7319 -0.1682
vn 0.5458 -0.7964 0.2604
vn 0.9313 0.3567 0.0739
vn -0.4098 -0.8409 -0.3534
vn 0.9237 -0.1844 0.3358
vn 0.9160 0.3037 0.2622
vn 0.6201 0.6146 0.4876
vn 0.7050 0.5345 -0.4661
vn 0.8520 -0.1623 -0.4978
vn -0.8601 0.0442 -0.5083
vn 0.7594 -0.5188 -0.3926
vn 0.9855 -0.0488 0.1627
vn -0.4695 0.6679 0.5774
vn 0.9569 -0.0686 -0.2821
vn 0.8837 -0.4390 -0.1623
vn -0.3414 0.8730 -0.3483
vn -0.4725 -0.8456 0.2483
vn -0.4916 -0.7988 0.3468
vn -0.4837 -0.8290 0.2805
vn 0.7106 0.3662 -0.6008
vn -0.1313 0.2184 -0.9670
vn 0.8440 0.2535 -0.4727
vn 0.8609 -0.1744 0.4780
vn 0.0373 -0.9686 0.2459
vn 0.1150 -0.5058 -0.8550
vn 0.9557 0.1519 -0.2523
vn 0.9562 -0.2037 -0.2104
vn -0.6128 0.5207 -0.5944
vn -0.9661 0.1843 0.1810
vn -0.0808 0.5543 -0.8284
vn -0.9682 -0.2491 0.0210
vn 0.1770 -0.2197 -0.9594
vn -0.8660 0.0869 -0.4924
vn 0.2006 0.0885 0.9757
vn 0.7576 -0.2056 0.6194
vn 0.7570 -0.1871 0.6261
vn 0.2511 0.9206 0.2991
vn 0.1103 0.9826 0.1493
vn 0.0350 0.0386 -0.9986
vn -0.9530 -0.2218 -0.2065
vn -0.8461 -0.2237 0.4839
vn -0.0502 -0.9629 -0.2652
vn 0.2641 -0.1757 0.9483
vn 0.8768 0.4687 0.1077
vn -0.6581 -0.4838 0.5770
vn 0.2325 -0.8491 -0.4743
vn -0.9694 0.1329 0.2064
vn -0.8460 -0.2237 0.4839
vn -0.6284 -0.5056 0.5912
vn 0.4043 0.4073 -0.8190
vn -0.9988 0.0298 -0.0378
vn 0.9657 0.0719 0.2493
vn 0.9272 -0.0589 0.3699
vn 0.9605 0.0032 0.2782
vn 0.9371 -0.0146 0.3488
vn 0.9003 -0.4181 0.1214
vn 0.9580 -0.1252 -0.2581
vn 0.3266 0.4722 0.8188
vn -0.0591 -0.9944 0.0874
vn -0.8171 0.5507 0.1702
vn -0.2459 -0.4964 0.8326
vn 0.6271 0.6468 -0.4340
vn 0.7433 0.6530 -0.1451
vn 0.6396 0.4527 0.6213
vn 0.4826 -0.8167 0.3164
vn 0.8000 -0.5192 0.3009
vn -0.3067 0.1923 0.9322
vn -0.7726 0.5540 0.3101
vn 0.9412 0.2304 0.2470
vn -0.4502 0.8497 -0.2745
vn -0.1243 -0.9858 0.1131
vn -0.1277 -0.9852 0.1142
vn -0.1239 -0.9860 0.1118
vn 0.4549 -0.5170 0.7251
vn 0.2151 0.3600 0.9078
vn 0.2085 -0.5016 -0.8396
vn -0.1561 0.8899 0.4286
vn 0.7662 -0.6300 -0.1271
vn 0.9059 -0.1593 -0.3925
vn -0.1668 -0.9772 0.1316
vn -0.1698 -0.9762 0.1350
vn -0.1680 -0.9769 0.1320
vn 0.4489 0.2840 -0.8472
vn 0.7067 0.6258 0.3301
vt 0.910886 0.859990
vt 0.917784 0.858774
vt 0.915439 0.889876
vt 0.404885 0.666107
vt 0.353783 0.670578
vt 0.323147 0.664719
vt 0.744856 0.943108
vt 0.751552 0.966563
vt 0.736412 0.964007
vt 0.446946 0.900270
vt 0.456468 0.870963
vt 0.458798 0.895176
vt 0.896955 0.153901
vt 0.913965 0.163679
vt 0.896955 0.166801
vt 0.729647 0.952246
vt 0.791667 0.642938
vt 0.776690 0.634291
vt 0.794738 0.621268
vt 0.726111 0.961673
vt 0.895499 0.073015
vt 0.913428 0.060461
vt 0.926297 0.074051
vt 0.033445 0.824896
vt 0.034827 0.807207
vt 0.046777 0.817199
vt 0.660661 0.906934
vt 0.678718 0.913152
vt 0.658060 0.914955
vt 0.990378 0.025252
vt 0.996367 0.032389
vt 0.990578 0.043967
vt 0.952392 0.919704
vt 0.959734 0.917737
vt 0.958169 0.943333
vt 0.050129 0.800870
vt 0.871992 0.980607
vt 0.881567 0.977496
vt 0.878119 0.995995
vt 0.007535 0.743328
vt 0.019956 0.752353
vt 0.008480 0.764772
vt 0.802152 0.966567
vt 0.782728 0.965889
vt 0.805392 0.957832
vt 0.914042 0.135113
vt 0.891458 0.903942
vt 0.882630 0.931110
vt 0.879284 0.907451
vt 0.778052 0.621695
vt 0.772809 0.834365
vt 0.748788 0.830130
vt 0.786312 0.824186
vt 0.016402 0.310290
vt 0.023527 0.334684
vt 0.012801 0.330711
vt 0.013670 0.348029
vt 0.034781 0.956789
vt 0.009402 0.956789
vt 0.020634 0.935700
vt 0.663549 0.895550
vt 0.640870 0.912688
vt 0.396638 0.547719
vt 0.369423 0.530763
vt 0.400507 0.523831
vt 0.075276 0.955407
vt 0.079489 0.945722
vt 0.097624 0.956193
vt 0.271514 0.000170
vt 0.282107 0.007587
vt 0.264284 0.008176
vt 0.019175 0.355395
vt 0.055467 0.810908
vt 0.843634 0.013635
vt 0.836684 0.004069
vt 0.843728 0.004038
vt 0.771080 0.804642
vt 0.748392 0.814740
vt 0.100473 0.941206
vt 0.009494 0.934651
vt 0.009494 0.912289
vt 0.028307 0.935075
vt 0.074557 0.825541
vt 0.947309 0.173067
vt 0.925405 0.154643
vt 0.939800 0.149958
vt 0.775747 0.942757
vt 0.799609 0.950510
vt 0.780112 0.953660
vt 0.914743 0.160229
vt 0.022350 0.906850
vt 0.928731 0.789150
vt 0.928731 0.819588
vt 0.924485 0.795455
vt 0.295636 0.002532
vt 0.316538 0.005843
vt 0.314307 0.026923
vt 0.949026 0.696760
vt 0.963590 0.716806
vt 0.953760 0.717575
vt 0.675511 0.878573
vt 0.675511 0.843568
vt 0.693659 0.878071
vt 0.756564 0.525308
vt 0.768993 0.541750
vt 0.755666 0.552932
vt 0.765538 0.559542
vt 0.745843 0.804319
vt 0.788642 0.592211
vt 0.321043 0.923275
vt 0.308037 0.908831
vt 0.336047 0.918675
vt 0.912815 0.306401
vt 0.940401 0.315364
vt 0.928452 0.325901
vt 0.364743 0.496649
vt 0.772561 0.550225
vt 0.319204 0.941818
vt 0.344517 0.941818
vt 0.323490 0.951653
vt 0.833055 0.868910
vt 0.832049 0.897740
vt 0.821829 0.867110
vt 0.565238 0.888271
vt 0.587370 0.878850
vt 0.596371 0.891705
vt 0.564159 0.901170
vt 0.594592 0.901710
vt 0.024557 0.977718
vt 0.036524 0.961247
vt 0.039262 0.981315
vt 0.488523 0.008754
vt 0.512295 0.001030
vt 0.513441 0.013207
vt 0.981418 0.922737
vt 0.981418 0.902988
vt 0.995018 0.920160
vt 0.844772 0.419583
vt 0.823355 0.388645
vt 0.842786 0.396875
vt 0.774898 0.807678
vt 0.795877 0.795017
vt 0.791741 0.817403
vt 0.320501 0.862532
vt 0.319429 0.893230
vt 0.308856 0.861802
vt 0.788939 0.554533
vt 0.815381 0.546487
vt 0.810883 0.566696
vt 0.690206 0.860994
vt 0.471474 0.005143
vt 0.479612 0.000058
vt 0.486308 0.010252
vt 0.779109 0.500428
vt 0.798544 0.526215
vt 0.766385 0.535436
vt 0.488941 0.974640
vt 0.498163 0.987332
vt 0.488583 0.992469
vt 0.340409 0.516748
vt 0.315852 0.547508
vt 0.318772 0.532025
vt 0.335180 0.530699
vt 0.168242 0.951719
vt 0.178048 0.963405
vt 0.158600 0.963646
vt 0.755992 0.574833
vt 0.154304 0.950935
vt 0.763649 0.085067
vt 0.795678 0.093649
vt 0.744823 0.095591
vt 0.777550 0.595540
vt 0.383943 0.502189
vt 0.558119 0.002574
vt 0.549100 0.009126
vt 0.545956 0.001674
vt 0.814319 0.589006
vt 0.342010 0.499205
vt 0.769566 0.580730
vt 0.920344 0.305725
vt 0.928867 0.266686
vt 0.931163 0.300448
vt 0.004549 0.605006
vt 0.012725 0.615860
vt 0.002538 0.616410
vt 0.056528 0.739141
vt 0.068907 0.706117
vt 0.104547 0.727800
vt 0.166335 0.974285
vt 0.162089 0.977848
vt 0.162220 0.964224
vt 0.113081 0.733739
vt 0.135421 0.721406
vt 0.123395 0.737402
vt 0.013171 0.601067
vt 0.675574 0.019408
vt 0.681023 0.004438
vt 0.681814 0.029927
vt 0.906834 0.285714
vt 0.954378 0.673093
vt 0.972475 0.671646
vt 0.970073 0.691211
vt 0.845276 0.379631
vt 0.959154 0.071803
vt 0.959154 0.097564
vt 0.941190 0.088211
vt 0.006299 0.972215
vt 0.006836 0.983690
vt 0.002881 0.979545
vt 0.348400 0.482360
vt 0.897460 0.678741
vt 0.897460 0.645265
vt 0.901263 0.657632
vt 0.002492 0.985075
vt 0.325644 0.503593
vt 0.809376 0.855004
vt 0.793829 0.846027
vt 0.832092 0.846290
vt 0.378842 0.482539
vt 0.015698 0.891463
vt 0.002125 0.890271
vt 0.010172 0.876333
vt 0.945216 0.882264
vt 0.968874 0.889951
vt 0.950894 0.889933
vt 0.417663 0.570365
vt 0.392513 0.587846
vt 0.414603 0.522954
vt 0.874510 0.701506
vt 0.874510 0.667665
vt 0.883467 0.683223
vt 0.961849 0.696052
vt 0.277451 0.537217
vt 0.924975 0.792746
vt 0.924975 0.761991
vt 0.930204 0.778163
vt 0.958029 0.333274
vt 0.942805 0.354228
vt 0.944790 0.331094
vt 0.227634 0.899148
vt 0.215660 0.893792
vt 0.218478 0.877809
vt 0.925570 0.982823
vt 0.943845 0.982823
vt 0.934553 0.988213
vt 0.416029 0.599102
vt 0.497503 0.874398
vt 0.530479 0.874398
vt 0.517828 0.883088
vt 0.428425 0.609822
vt 0.424477 0.623830
vt 0.878160 0.393769
vt 0.849675 0.377669
vt 0.878160 0.368894
vt 0.413829 0.956762
vt 0.412190 0.967108
vt 0.398150 0.947963
vt 0.960186 0.572276
vt 0.951542 0.596807
vt 0.940649 0.576429
vt 0.001975 0.877953
vt 0.948146 0.568632
vt 0.849381 0.393200
vt 0.196536 0.882112
vt 0.224160 0.969145
vt 0.210780 0.954797
vt 0.240373 0.969861
vt 0.518986 0.823096
vt 0.492977 0.823096
vt 0.521098 0.794505
vt 0.863620 0.405775
vt 0.931342 0.398508
vt 0.908762 0.391172
vt 0.934144 0.389781
vt 0.534515 0.816745
vt 0.799644 0.549407
vt 0.924540 0.540747
vt 0.924540 0.511781
vt 0.940458 0.529120
vt 0.482100 0.977272
vt 0.485717 0.967333
vt 0.485991 0.979648
vt 0.085702 0.695204
vt 0.780788 0.556027
vt 0.477675 0.098957
vt 0.454667 0.087240
vt 0.478114 0.086386
vt 0.651780 0.749751
vt 0.633399 0.748787
vt 0.656733 0.726572
vt 0.817615 0.799496
vt 0.505460 0.792024
vt 0.818114 0.266365
vt 0.811071 0.247015
vt 0.834811 0.264726
vt 0.914593 0.469739
vt 0.914593 0.439932
vt 0.931259 0.462239
vt 0.507250 0.965472
vt 0.506355 0.977828
vt 0.499835 0.970860
vt 0.643287 0.773673
vt 0.817640 0.817649
vt 0.281807 0.988251
vt 0.296494 0.977580
vt 0.294415 0.991001
vt 0.906568 0.247483
vt 0.929303 0.253575
vt 0.899367 0.253744
vt 0.195830 0.380222
vt 0.189541 0.344553
vt 0.191131 0.267790
vt 0.963290 0.545478
vt 0.975754 0.542138
vt 0.961408 0.565373
vt 0.854017 0.248496
vt 0.836214 0.240672
vt 0.845555 0.220640
vt 0.120319 0.700956
vt 0.836221 0.258987
vt 0.834977 0.241363
vt 0.198962 0.964570
vt 0.198962 0.940683
vt 0.207028 0.957728
vt 0.365410 0.854566
vt 0.345802 0.840519
vt 0.355748 0.826828
vt 0.633815 0.647654
vt 0.645957 0.630942
vt 0.647529 0.651837
vt 0.011947 0.119864
vt 0.044018 0.120835
vt 0.028562 0.153979
vt 0.932243 0.377121
vt 0.574544 0.867092
vt 0.590516 0.872905
vt 0.554305 0.873703
vt 0.525202 0.977234
vt 0.380534 0.945005
vt 0.370668 0.933247
vt 0.397128 0.933757
vt 0.509482 0.996061
vt 0.504385 0.980375
vt 0.523107 0.988494
vt 0.215327 0.737239
vt 0.192674 0.725194
vt 0.223197 0.713115
vt 0.517163 0.957371
vt 0.675484 0.635880
vt 0.975537 0.560815
vt 0.043354 0.898289
vt 0.043354 0.866071
vt 0.054338 0.871487
vt 0.195047 0.899315
vt 0.398117 0.615719
vt 0.877391 0.706337
vt 0.905623 0.692604
vt 0.900744 0.721502
vt 0.974873 0.063064
vt 0.952962 0.070183
vt 0.958886 0.060892
vt 0.920995 0.363887
vt 0.338126 0.476337
vt 0.199118 0.995945
vt 0.190802 0.995139
vt 0.187725 0.988541
vt 0.750776 0.947472
vt 0.771561 0.932370
vt 0.763945 0.950791
vt 0.895771 0.981479
vt 0.893991 0.995975
vt 0.888716 0.980461
vt 0.905866 0.391272
vt 0.923786 0.402470
vt 0.915447 0.420707
vt 0.187038 0.994901
vt 0.180169 0.994901
vt 0.186071 0.981535
vt 0.911795 0.180127
vt 0.921562 0.164498
vt 0.939948 0.171872
vt 0.263096 0.913951
vt 0.237314 0.910800
vt 0.231750 0.895513
vt 0.074674 0.739488
vt 0.075456 0.768162
vt 0.036453 0.782358
vt 0.233152 0.948647
vt 0.244894 0.995241
vt 0.233538 0.998930
vt 0.231787 0.988797
vt 0.396999 0.935764
vt 0.396999 0.954761
vt 0.371778 0.952612
vt 0.018394 0.755763
vt 0.027753 0.771789
vt 0.019138 0.786709
vt 0.021479 0.800448
vt 0.039480 0.397546
vt 0.054843 0.414609
vt 0.029524 0.410242
vt 0.872904 0.826677
vt 0.896007 0.844559
vt 0.872904 0.848780
vt 0.368644 0.602958
vt 0.073272 0.680396
vt 0.163217 0.921988
vt 0.177480 0.932736
vt 0.170618 0.947428
vt 0.848757 0.998462
vt 0.846554 0.991683
vt 0.857422 0.990247
vt 0.546465 0.751543
vt 0.536172 0.737884
vt 0.575204 0.761871
vt 0.825259 0.789905
vt 0.833109 0.760608
vt 0.835026 0.801984
vt 0.080173 0.675684
vt 0.012260 0.875590
vt 0.004646 0.875590
vt 0.011736 0.860787
vt 0.584594 0.751531
vt 0.962369 0.891536
vt 0.980684 0.891536
vt 0.974957 0.914551
vt 0.873873 0.663235
vt 0.896377 0.648056
vt 0.879225 0.672549
vt 0.896365 0.814941
vt 0.386648 0.848892
vt 0.998366 0.541753
vt 0.991325 0.547660
vt 0.991608 0.530396
vt 0.014549 0.163887
vt 0.075097 0.899616
vt 0.057545 0.887326
vt 0.089731 0.887742
vt 0.343688 0.597292
vt 0.978497 0.371948
vt 0.971747 0.351175
vt 0.985543 0.352026
vt 0.932388 0.368350
vt 0.257623 0.894100
vt 0.860638 0.067860
vt 0.868633 0.077187
vt 0.860638 0.077051
vt 0.742524 0.002382
vt 0.730807 0.018509
vt 0.723848 0.002110
vt 0.872794 0.062972
vt 0.103922 0.007335
vt 0.087472 0.007128
vt 0.091268 0.000029
vt 0.287751 0.338651
vt 0.250121 0.344478
vt 0.269507 0.306417
vt 0.300917 0.315129
vt 0.463033 0.048318
vt 0.769179 0.932331
vt 0.747792 0.947869
vt 0.744321 0.931856
vt 0.926970 0.619872
vt 0.914762 0.612823
vt 0.942872 0.613809
vt 0.445898 0.741670
vt 0.469926 0.782347
vt 0.448862 0.769868
vt 0.107269 0.692070
vt 0.001608 0.801373
vt 0.015574 0.801373
vt 0.009742 0.816693
vt 0.007440 0.991372
vt 0.020542 0.991372
vt 0.009073 0.998810
vt 0.337898 0.620858
vt 0.890618 0.639184
vt 0.636501 0.665255
vt 0.198934 0.980000
vt 0.049428 0.399394
vt 0.178060 0.329393
vt 0.153610 0.340330
vt 0.148400 0.320886
vt 0.871983 0.087388
vt 0.010977 0.179469
vt 0.013668 0.165622
vt 0.020933 0.165156
vt 0.457205 0.738027
vt 0.901371 0.314538
vt 0.901371 0.281927
vt 0.915025 0.300186
vt 0.694376 0.317811
vt 0.711613 0.327778
vt 0.705634 0.342578
vt 0.634518 0.914617
vt 0.634518 0.941053
vt 0.626159 0.917101
vt 0.621552 0.664580
vt 0.057191 0.949070
vt 0.081248 0.941253
vt 0.070328 0.954181
vt 0.913927 0.344750
vt 0.913927 0.377390
vt 0.898052 0.367969
vt 0.236876 0.127801
vt 0.241734 0.152515
vt 0.225936 0.140838
vt 0.013547 0.859918
vt 0.009402 0.833749
vt 0.039690 0.855810
vt 0.199357 0.510237
vt 0.222224 0.520491
vt 0.196111 0.527778
vt 0.264736 0.959938
vt 0.271310 0.980170
vt 0.248573 0.975473
vt 0.036298 0.144391
vt 0.039705 0.165898
vt 0.011842 0.181088
vt 0.156500 0.310474
vt 0.863004 0.092578
vt 0.869271 0.118035
vt 0.872985 0.138604
vt 0.859832 0.146198
vt 0.066918 0.005055
vt 0.486565 0.764548
vt 0.530126 0.778702
vt 0.512601 0.792153
vt 0.616226 0.822643
vt 0.583881 0.813976
vt 0.624759 0.811623
vt 0.506499 0.934980
vt 0.504775 0.918576
vt 0.521735 0.940530
vt 0.885212 0.681542
vt 0.802225 0.536392
vt 0.826571 0.502882
vt 0.826641 0.527459
vt 0.863251 0.637014
vt 0.873126 0.627138
vt 0.872925 0.664467
vt 0.131872 0.915878
vt 0.124901 0.919903
vt 0.124039 0.908534
vt 0.301861 0.341881
vt 0.677586 0.636824
vt 0.669820 0.658149
vt 0.651108 0.651339
vt 0.984708 0.005384
vt 0.977881 0.026394
vt 0.963745 0.000115
vt 0.079680 0.988829
vt 0.092141 0.988829
vt 0.089893 0.997916
vt 0.773318 0.931287
vt 0.774004 0.950920
vt 0.764042 0.954820
vt 0.003940 0.866256
vt 0.413867 0.888577
vt 0.434757 0.896426
vt 0.421142 0.908566
vt 0.798893 0.486836
vt 0.804342 0.471508
vt 0.816470 0.481685
vt 0.605321 0.683246
vt 0.630361 0.673868
vt 0.280725 0.952087
vt 0.272094 0.956112
vt 0.255357 0.952383
vt 0.431654 0.889560
vt 0.985411 0.706176
vt 0.999370 0.716318
vt 0.989253 0.716504
vt 0.955750 0.495266
vt 0.965300 0.491452
vt 0.967901 0.501157
vt 0.955025 0.515912
vt 0.624974 0.770252
vt 0.668536 0.784406
vt 0.619142 0.793322
vt 0.958294 0.327411
vt 0.958294 0.302928
vt 0.969050 0.316924
vt 0.580393 0.336281
vt 0.584602 0.320049
vt 0.593706 0.353459
vt 0.799215 0.463244
vt 0.786795 0.449628
vt 0.800104 0.413060
vt 0.808742 0.825676
vt 0.841519 0.801862
vt 0.845161 0.833877
vt 0.788918 0.919857
vt 0.812948 0.902398
vt 0.812551 0.921854
vt 0.703095 0.309375
vt 0.147143 0.818442
vt 0.132121 0.827115
vt 0.106662 0.820100
vt 0.532154 0.825222
vt 0.512369 0.841823
vt 0.492883 0.823862
vt 0.179076 0.705569
vt 0.998999 0.669080
vt 0.988275 0.683841
vt 0.987746 0.663729
vt 0.822928 0.224062
vt 0.983316 0.792095
vt 0.986934 0.782155
vt 0.987720 0.803510
vt 0.262079 0.876943
vt 0.260407 0.890664
vt 0.236827 0.894398
vt 0.769851 0.442056
vt 0.785709 0.426066
vt 0.821369 0.693051
vt 0.821369 0.651082
vt 0.834007 0.663698
vt 0.084803 0.782213
vt 0.696451 0.280397
vt 0.655625 0.035453
vt 0.641630 0.060701
vt 0.639373 0.030268
vt 0.939087 0.061476
vt 0.939087 0.090709
vt 0.929347 0.075718
vt 0.028394 0.634390
vt 0.038571 0.664685
vt 0.019821 0.660774
vt 0.062014 0.998396
vt 0.058431 0.987368
vt 0.068226 0.993465
vt 0.915322 0.702314
vt 0.911256 0.721470
vt 0.909577 0.704405
vt 0.425410 0.786325
vt 0.392857 0.788277
vt 0.401071 0.757624
vt 0.311252 0.329688
vt 0.306480 0.302156
vt 0.854127 0.578778
vt 0.833237 0.552212
vt 0.854127 0.550537
vt 0.099228 0.091936
vt 0.117143 0.073215
vt 0.124964 0.094188
vt 0.444288 0.078330
vt 0.065609 0.004372
vt 0.042393 0.004372
vt 0.050269 0.000046
vt 0.818142 0.504423
vt 0.259447 0.137986
vt 0.225216 0.976767
vt 0.203846 0.976767
vt 0.212020 0.958432
vt 0.939745 0.087748
vt 0.939745 0.061000
vt 0.957162 0.061076
vt 0.918149 0.223751
vt 0.918149 0.194021
vt 0.930157 0.208614
vt 0.563740 0.325318
vt 0.564947 0.302882
vt 0.983262 0.214942
vt 0.975570 0.205775
vt 0.995466 0.206728
vt 0.933084 0.816941
vt 0.951749 0.829587
vt 0.929940 0.833116
vt 0.245932 0.865052
vt 0.484882 0.773205
vt 0.868439 0.099522
vt 0.873109 0.154915
vt 0.550887 0.925458
vt 0.557637 0.946231
vt 0.533877 0.930682
vt 0.860451 0.989089
vt 0.844566 0.990493
vt 0.850190 0.974162
vt 0.605957 0.317431
vt 0.842142 0.263808
vt 0.838920 0.275634
vt 0.822423 0.270903
vt 0.002255 0.471439
vt 0.009447 0.472068
vt 0.000066 0.485361
vt 0.802839 0.501190
vt 0.061041 0.388390
vt 0.443339 0.051638
vt 0.751512 0.352047
vt 0.738915 0.386658
vt 0.739823 0.329100
vt 0.944924 0.846780
vt 0.593792 0.931811
vt 0.584411 0.935602
vt 0.593471 0.909268
vt 0.847905 0.643569
vt 0.847905 0.604345
vt 0.852635 0.629197
vt 0.063632 0.954717
vt 0.041007 0.962635
vt 0.051301 0.947012
vt 0.101333 0.997350
vt 0.092842 0.998847
vt 0.103526 0.991643
vt 0.522348 0.792994
vt 0.540123 0.793824
vt 0.538671 0.810416
vt 0.617855 0.334808
vt 0.040643 0.381110
vt 0.688529 0.666768
vt 0.742433 0.991310
vt 0.753395 0.991310
vt 0.749049 0.998871
vt 0.129732 0.951049
vt 0.153528 0.951049
vt 0.143750 0.963040
vt 0.092945 0.990843
vt 0.691066 0.647053
vt 0.647828 0.660626
vt 0.648127 0.683214
vt 0.559952 0.986157
vt 0.554670 0.993427
vt 0.543141 0.982028
vt 0.306084 0.103566
vt 0.315803 0.082726
vt 0.339544 0.109909
vt 0.929493 0.816666
vt 0.929493 0.788637
vt 0.946305 0.809332
vt 0.852671 0.352131
vt 0.876692 0.358567
vt 0.840539 0.360191
vt 0.626040 0.885778
vt 0.643965 0.910450
vt 0.628472 0.914909
vt 0.132027 0.073492
vt 0.551785 0.953555
vt 0.550186 0.971826
vt 0.534423 0.959912
vt 0.701179 0.929530
vt 0.708677 0.951178
vt 0.682585 0.951178
vt 0.198076 0.944774
vt 0.198285 0.956751
vt 0.190701 0.946439
vt 0.970297 0.746101
vt 0.983000 0.728617
vt 0.986011 0.743437
vt 0.205987 0.552558
vt 0.017885 0.670097
vt 0.908817 0.693932
vt 0.188558 0.932793
vt 0.779508 0.412554
vt 0.831195 0.590356
vt 0.770695 0.309347
vt 0.770695 0.364192
vt 0.764897 0.312805
vt 0.445240 0.908674
vt 0.691144 0.933237
vt 0.550012 0.097670
vt 0.550412 0.061482
vt 0.558632 0.082740
vt 0.325812 0.985720
vt 0.306490 0.985720
vt 0.310315 0.970589
vt 0.385963 0.671080
vt 0.417438 0.664708
vt 0.420386 0.669815
vt 0.895085 0.400604
vt 0.904130 0.406937
vt 0.896734 0.433466
vt 0.915435 0.689429
vt 0.985664 0.296754
vt 0.985664 0.318366
vt 0.968681 0.315014
vt 0.109355 0.818378
vt 0.071388 0.818722
vt 0.078521 0.804649
vt 0.608554 0.089523
vt 0.569352 0.109357
vt 0.602498 0.062054
vt 0.940380 0.995951
vt 0.923145 0.995951
vt 0.929309 0.991776
vt 0.651581 0.664728
vt 0.666584 0.682903
vt 0.610013 0.466154
vt 0.610013 0.420226
vt 0.615909 0.500092
vt 0.538092 0.950340
vt 0.872660 0.196404
vt 0.866375 0.232044
vt 0.846044 0.195054
vt 0.149660 0.483394
vt 0.130710 0.508999
vt 0.106068 0.512463
vt 0.955918 0.590605
vt 0.963365 0.567687
vt 0.970935 0.592353
vt 0.706373 0.969956
vt 0.695035 0.985563
vt 0.693234 0.968782
vt 0.585400 0.971081
vt 0.596748 0.986700
vt 0.571637 0.984838
vt 0.534246 0.995957
vt 0.528881 0.991126
vt 0.542302 0.986785
vt 0.837143 0.985163
vt 0.884593 0.767766
vt 0.872403 0.782293
vt 0.872764 0.746917
vt 0.748328 0.092288
vt 0.746841 0.072921
vt 0.773719 0.072452
vt 0.228184 0.682050
vt 0.250754 0.702987
vt 0.231701 0.712695
vt 0.222948 0.885534
vt 0.873104 0.155693
vt 0.873771 0.192859
vt 0.848752 0.192859
vt 0.540260 0.997506
vt 0.262807 0.111859
vt 0.835228 0.740141
vt 0.835228 0.701685
vt 0.851567 0.705612
vt 0.983410 0.180853
vt 0.999408 0.180853
vt 0.996859 0.199118
vt 0.036515 0.945564
vt 0.160828 0.373329
vt 0.137517 0.342744
vt 0.524637 0.978057
vt 0.524637 0.987579
vt 0.505799 0.979566
vt 0.037178 0.013449
vt 0.011423 0.048898
vt 0.013172 0.017806
vt 0.055103 0.807325
vt 0.774107 0.781083
vt 0.756316 0.793640
vt 0.751176 0.771373
vt 0.616932 0.731719
vt 0.584878 0.729756
vt 0.612010 0.726798
vt 0.045967 0.194803
vt 0.021289 0.215511
vt 0.022760 0.176810
vt 0.259889 0.934533
vt 0.282430 0.918156
vt 0.286012 0.938987
vt 0.971332 0.310624
vt 0.951594 0.296283
vt 0.966221 0.280441
vt 0.849906 0.231715
vt 0.885076 0.899116
vt 0.869632 0.882678
vt 0.892278 0.866225
vt 0.648557 0.343051
vt 0.663667 0.332470
vt 0.660966 0.431889
vt 0.247659 0.077903
vt 0.261212 0.040408
vt 0.275405 0.073011
vt 0.077005 0.418595
vt 0.037818 0.169369
vt 0.028479 0.888588
vt 0.038332 0.883126
vt 0.039692 0.898333
vt 0.526310 0.938370
vt 0.890522 0.010312
vt 0.897154 0.032003
vt 0.879969 0.042216
vt 0.649094 0.964949
vt 0.652600 0.959941
vt 0.673440 0.963709
vt 0.107684 0.919327
vt 0.976344 0.120661
vt 0.954928 0.127620
vt 0.974257 0.113421
vt 0.102994 0.026881
vt 0.057045 0.011951
vt 0.086840 0.007974
vt 0.947859 0.434957
vt 0.952832 0.448621
vt 0.947511 0.462932
vt 0.854835 0.277452
vt 0.853896 0.292895
vt 0.089539 0.781671
vt 0.066320 0.657268
vt 0.054687 0.606880
vt 0.077861 0.667052
vt 0.637286 0.441235
vt 0.637286 0.341779
vt 0.647938 0.357330
vt 0.191491 0.561428
vt 0.155301 0.561428
vt 0.195328 0.533361
vt 0.926872 0.103882
vt 0.941870 0.090522
vt 0.942493 0.096598
vt 0.903537 0.873257
vt 0.627784 0.351334
vt 0.633139 0.271430
vt 0.634848 0.324972
vt 0.639093 0.079571
vt 0.677865 0.097650
vt 0.620613 0.097508
vt 0.029652 0.680030
vt 0.050824 0.687809
vt 0.036442 0.698686
vt 0.146002 0.397921
vt 0.128600 0.373420
vt 0.976579 0.146924
vt 0.985251 0.150081
vt 0.965166 0.150046
vt 0.122884 0.475691
vt 0.141933 0.523600
vt 0.440722 0.757724
vt 0.086290 0.865231
vt 0.062439 0.879001
vt 0.051658 0.865777
vt 0.013327 0.879772
vt 0.931373 0.771150
vt 0.931373 0.742350
vt 0.940006 0.756971
vt 0.770166 0.367365
vt 0.761499 0.376033
vt 0.762962 0.321071
vt 0.776544 0.038296
vt 0.905528 0.896901
vt 0.031162 0.482557
vt 0.012819 0.477643
vt 0.032079 0.457346
vt 0.460388 0.098120
vt 0.403137 0.098120
vt 0.435180 0.070756
vt 0.988026 0.959380
vt 0.988026 0.980237
vt 0.966810 0.969648
vt 0.242717 0.522661
vt 0.652852 0.017864
vt 0.858945 0.373670
vt 0.829524 0.377282
vt 0.822450 0.361549
vt 0.961698 0.098736
vt 0.973391 0.102992
vt 0.955283 0.103065
vt 0.531299 0.730786
vt 0.567888 0.726563
vt 0.550317 0.735882
vt 0.352647 0.081549
vt 0.798451 0.515238
vt 0.951008 0.098702
vt 0.282551 0.000137
vt 0.282551 0.006245
vt 0.275132 0.000755
vt 0.971324 0.940585
vt 0.964315 0.950868
vt 0.967718 0.938904
vt 0.603962 0.419639
vt 0.024578 0.679798
vt 0.550745 0.791940
vt 0.963875 0.926894
vt 0.232756 0.986950
vt 0.248343 0.986950
vt 0.247877 0.995377
vt 0.595291 0.282762
vt 0.925469 0.976773
vt 0.931430 0.958426
vt 0.949347 0.972566
vt 0.051840 0.712034
vt 0.668534 0.010482
vt 0.682178 0.033033
vt 0.101805 0.904024
vt 0.733584 0.901336
vt 0.748007 0.901336
vt 0.737078 0.930770
vt 0.955455 0.786042
vt 0.971748 0.780748
vt 0.972380 0.805899
vt 0.240163 0.952867
vt 0.255136 0.932258
vt 0.269410 0.947849
vt 0.089875 0.881674
vt 0.110184 0.853721
vt 0.132511 0.878183
vt 0.014661 0.485045
vt 0.126309 0.315149
vt 0.616951 0.398779
vt 0.153829 0.709994
vt 0.977341 0.872574
vt 0.977341 0.889331
vt 0.954422 0.883717
vt 0.113283 0.901894
vt 0.858480 0.259878
vt 0.811430 0.780375
vt 0.793872 0.755299
vt 0.810962 0.736561
vt 0.351532 0.954291
vt 0.327184 0.954291
vt 0.352247 0.938198
vt 0.207203 0.579949
vt 0.191192 0.566752
vt 0.935803 0.490483
vt 0.934440 0.484068
vt 0.946102 0.493350
vt 0.805478 0.331092
vt 0.781998 0.333146
vt 0.807542 0.314463
vt 0.693499 0.679046
vt 0.250653 0.753188
vt 0.271434 0.753188
vt 0.249425 0.774878
vt 0.220021 0.583422
vt 0.467253 0.667877
vt 0.752879 0.760785
vt 0.060645 0.983115
vt 0.071534 0.982380
vt 0.063229 0.988656
vt 0.171961 0.871984
vt 0.163770 0.897994
vt 0.145852 0.894186
vt 0.628546 0.886426
vt 0.628546 0.852897
vt 0.643914 0.871301
vt 0.318522 0.950679
vt 0.294144 0.942758
vt 0.315141 0.931992
vt 0.841987 0.155696
vt 0.916527 0.634371
vt 0.940387 0.651706
vt 0.914301 0.656744
vt 0.773995 0.980613
vt 0.770279 0.972645
vt 0.774149 0.967350
vt 0.953835 0.103476
vt 0.276415 0.109182
vt 0.276548 0.139011
vt 0.333849 0.981016
vt 0.338709 0.980419
vt 0.334713 0.991598
vt 0.781559 0.307991
vt 0.267569 0.782404
vt 0.780749 0.902458
vt 0.810808 0.902458
vt 0.782391 0.918848
vt 0.528726 0.971548
vt 0.807300 0.883594
vt 0.782732 0.884133
vt 0.789237 0.878754
vt 0.099761 0.393978
vt 0.127292 0.374700
vt 0.123118 0.424718
vt 0.002531 0.962326
vt 0.007288 0.966318
vt 0.002801 0.976309
vt 0.175047 0.895761
vt 0.807106 0.981260
vt 0.822355 0.970181
vt 0.822741 0.988091
vt 0.204482 0.701167
vt 0.152845 0.708010
vt 0.180352 0.680920
vt 0.053159 0.982821
vt 0.897430 0.221832
vt 0.897430 0.190049
vt 0.913075 0.194609
vt 0.012392 0.446121
vt 0.304784 0.282796
vt 0.188338 0.487411
vt 0.958540 0.493350
vt 0.365001 0.091202
vt 0.820315 0.956744
vt 0.795296 0.956744
vt 0.818019 0.940164
vt 0.713035 0.467431
vt 0.744774 0.457245
vt 0.753828 0.470670
vt 0.905081 0.950936
vt 0.882537 0.964130
vt 0.881369 0.950936
vt 0.963653 0.995985
vt 0.946019 0.995985
vt 0.955701 0.992234
vt 0.547969 0.060872
vt 0.562237 0.026512
vt 0.594650 0.032227
vt 0.806463 0.282956
vt 0.222650 0.762520
vt 0.340908 0.757397
vt 0.358388 0.752667
vt 0.358882 0.757397
vt 0.605665 0.276900
vt 0.962355 0.649097
vt 0.968987 0.669509
vt 0.942648 0.668527
vt 0.911650 0.188319
vt 0.910593 0.182324
vt 0.926290 0.186820
vt 0.816679 0.880246
vt 0.716457 0.944898
vt 0.719768 0.938178
vt 0.727229 0.938178
vt 0.924552 0.811507
vt 0.930136 0.826851
vt 0.925017 0.841905
vt 0.156540 0.091474
vt 0.281313 0.271741
vt 0.846167 0.116856
vt 0.835697 0.142771
vt 0.823936 0.104652
vt 0.527775 0.898049
vt 0.558627 0.898049
vt 0.537715 0.916384
vt 0.638095 0.286351
vt 0.030881 0.570071
vt 0.013793 0.613849
vt 0.014457 0.579553
vt 0.760294 0.743916
vt 0.002848 0.937339
vt 0.007161 0.949189
vt 0.002657 0.951714
vt 0.566017 0.810168
vt 0.178939 0.479049
vt 0.030642 0.615005
vt 0.981135 0.184298
vt 0.981135 0.205000
vt 0.958973 0.198800
vt 0.914920 0.617345
vt 0.906877 0.625388
vt 0.907193 0.593071
vt 0.153393 0.470973
vt 0.722349 0.603642
vt 0.709567 0.608518
vt 0.721761 0.580405
vt 0.057319 0.445278
vt 0.379604 0.869784
vt 0.385737 0.852933
vt 0.384495 0.886389
vt 0.079301 0.991861
vt 0.086693 0.997232
vt 0.076782 0.998812
vt 0.807357 0.420796
vt 0.807357 0.470712
vt 0.800399 0.437323
vt 0.401942 0.069543
vt 0.440338 0.065507
vt 0.393732 0.098459
vt 0.811577 0.202156
vt 0.810214 0.182350
vt 0.827488 0.191014
vt 0.222430 0.780289
vt 0.961898 0.274191
vt 0.956844 0.255330
vt 0.977502 0.278192
vt 0.017117 0.005754
vt 0.002519 0.005754
vt 0.008489 0.000628
vt 0.776501 0.966474
vt 0.752218 0.966474
vt 0.757987 0.957434
vt 0.391541 0.757320
vt 0.601761 0.058136
vt 0.674585 0.018477
vt 0.673572 0.010224
vt 0.678416 0.007541
vt 0.650762 0.727394
vt 0.092871 0.882353
vt 0.118715 0.901130
vt 0.095902 0.901643
vt 0.115153 0.441920
vt 0.125710 0.446153
vt 0.103156 0.480859
vt 0.997577 0.799433
vt 0.999477 0.792343
vt 0.998900 0.810996
vt 0.312428 0.970744
vt 0.333129 0.970744
vt 0.320986 0.978200
vt 0.456626 0.800336
vt 0.478147 0.829957
vt 0.430542 0.833930
vt 0.181100 0.898267
vt 0.256286 0.524031
vt 0.898902 0.031246
vt 0.915488 0.011480
vt 0.915232 0.038610
vt 0.009556 0.007593
vt 0.029718 0.007593
vt 0.012436 0.011553
vt 0.656630 0.951373
vt 0.631048 0.951373
vt 0.656458 0.932280
vt 0.622582 0.251513
vt 0.636421 0.264090
vt 0.738570 0.493216
vt 0.032459 0.563170
vt 0.015309 0.542043
vt 0.034764 0.530810
vt 0.087110 0.672003
vt 0.083597 0.643893
vt 0.096817 0.634636
vt 0.906803 0.643956
vt 0.915363 0.635395
vt 0.912771 0.658230
vt 0.972316 0.942315
vt 0.972316 0.965884
vt 0.958956 0.965562
vt 0.582756 0.281227
vt 0.906434 0.626012
vt 0.948358 0.607147
vt 0.922531 0.607147
vt 0.948329 0.601984
vt 0.748901 0.042428
vt 0.666982 0.998290
vt 0.657579 0.998290
vt 0.657515 0.991401
vt 0.202124 0.005494
vt 0.198676 0.016106
vt 0.195028 0.011664
vt 0.834559 0.660732
vt 0.819835 0.648377
vt 0.833858 0.618600
vt 0.041172 0.856733
vt 0.013015 0.877190
vt 0.012829 0.861187
vt 0.143643 0.880726
vt 0.136416 0.896390
vt 0.125583 0.889083
vt 0.725635 0.950874
vt 0.906839 0.434347
vt 0.906839 0.401687
vt 0.914958 0.422482
vt 0.959850 0.898973
vt 0.971422 0.910545
vt 0.960379 0.923315
vt 0.226384 0.802348
vt 0.246842 0.776266
vt 0.245065 0.808418
vt 0.314013 0.271480
vt 0.630446 0.019644
vt 0.638577 0.044666
vt 0.630958 0.037610
vt 0.998453 0.992708
vt 0.998453 0.998456
vt 0.991238 0.994322
vt 0.854904 0.596446
vt 0.854904 0.560157
vt 0.869691 0.586064
vt 0.893762 0.016653
vt 0.898490 0.964135
vt 0.279120 0.569775
vt 0.284452 0.049641
vt 0.895507 0.187348
vt 0.298295 0.067395
vt 0.231980 0.730626
vt 0.630130 0.001695
vt 0.630130 0.007633
vt 0.624656 0.003450
vt 0.174330 0.883537
vt 0.194493 0.855786
vt 0.210550 0.878175
vt 0.605132 0.955389
vt 0.610674 0.972446
vt 0.586675 0.971168
vt 0.276316 0.788971
vt 0.272500 0.806106
vt 0.751530 0.196460
vt 0.748271 0.185829
vt 0.754997 0.194437
vt 0.703057 0.561299
vt 0.730645 0.540721
vt 0.454188 0.798052
vt 0.490855 0.771413
vt 0.504084 0.792608
vt 0.046632 0.011775
vt 0.016697 0.011775
vt 0.043740 0.005898
vt 0.218500 0.710314
vt 0.226635 0.682772
vt 0.966494 0.060172
vt 0.944159 0.060172
vt 0.960716 0.056175
vt 0.736200 0.187023
vt 0.749182 0.200724
vt 0.672784 0.837998
vt 0.663870 0.847228
vt 0.674540 0.823857
vt 0.026846 0.000698
vt 0.019461 0.005869
vt 0.011446 0.000513
vt 0.203968 0.677511
vt 0.060342 0.971913
vt 0.038455 0.964802
vt 0.063656 0.956904
vt 0.737388 0.105756
vt 0.761290 0.117173
vt 0.751351 0.129019
vt 0.030754 0.726044
vt 0.649653 0.710255
vt 0.693177 0.703916
vt 0.774036 0.983296
vt 0.770883 0.990058
vt 0.771023 0.978033
vt 0.916448 0.579847
vt 0.927259 0.603032
vt 0.915647 0.609647
vt 0.655704 0.930839
vt 0.634919 0.945940
vt 0.637680 0.930899
vt 0.720144 0.889690
vt 0.714949 0.905678
vt 0.688300 0.885682
vt 0.087833 0.501013
vt 0.298921 0.140330
vt 0.695973 0.825360
vt 0.123416 0.906216
vt 0.866353 0.563177
vt 0.884388 0.554767
vt 0.884500 0.590054
vt 0.016739 0.273668
vt 0.022535 0.276371
vt 0.020037 0.318870
vt 0.384444 0.889945
vt 0.393319 0.862632
vt 0.421644 0.883385
vt 0.686038 0.928654
vt 0.698634 0.915204
vt 0.714061 0.928615
vt 0.760431 0.884268
vt 0.772312 0.887011
vt 0.762134 0.900325
vt 0.051216 0.728905
vt 0.703015 0.905416
vt 0.678198 0.343713
vt 0.699421 0.350918
vt 0.688712 0.377423
vt 0.156164 0.941421
vt 0.135137 0.940319
vt 0.162850 0.920029
vt 0.979337 0.254945
vt 0.128516 0.421290
vt 0.564718 0.902505
vt 0.595321 0.902505
vt 0.577828 0.914874
vt 0.052141 0.695294
vt 0.075007 0.670772
vt 0.058091 0.727853
vt 0.917751 0.692859
vt 0.945774 0.692859
vt 0.929577 0.701839
vt 0.274826 0.730618
vt 0.253410 0.705095
vt 0.295981 0.705545
vt 0.064512 0.953484
vt 0.086691 0.960690
vt 0.068141 0.969442
vt 0.977294 0.098026
vt 0.961341 0.098026
vt 0.972765 0.074777
vt 0.931022 0.604257
vt 0.939434 0.578365
vt 0.951649 0.600031
vt 0.080614 0.597511
vt 0.163978 0.023186
vt 0.191790 0.023186
vt 0.165168 0.037891
vt 0.827174 0.160142
vt 0.744233 0.427746
vt 0.299372 0.731822
vt 0.892073 0.006063
vt 0.081562 0.526171
vt 0.251818 0.749958
vt 0.940477 0.712972
vt 0.924540 0.710378
vt 0.917871 0.694668
vt 0.142121 0.917686
vt 0.989515 0.042126
vt 0.975139 0.031681
vt 0.988399 0.015802
vt 0.017996 0.575719
vt 0.735394 0.179106
vt 0.207872 0.741601
vt 0.865132 0.576073
vt 0.586364 0.505119
vt 0.575073 0.496201
vt 0.575550 0.483101
vt 0.844379 0.220228
vt 0.829711 0.202748
vt 0.845792 0.180361
vt 0.679055 0.374573
vt 0.693370 0.383517
vt 0.697970 0.431024
vt 0.772190 0.924116
vt 0.787229 0.929590
vt 0.758181 0.928704
vt 0.810042 0.180550
vt 0.810042 0.138547
vt 0.819315 0.165403
vt 0.733529 0.946358
vt 0.104691 0.254295
vt 0.058148 0.251865
vt 0.095621 0.238587
vt 0.278241 0.548540
vt 0.752516 0.578046
vt 0.775985 0.133321
vt 0.721738 0.054948
vt 0.914197 0.516899
vt 0.897437 0.509437
vt 0.915523 0.499394
vt 0.326515 0.978610
vt 0.332890 0.972236
vt 0.332523 0.981323
vt 0.190044 0.033519
vt 0.182297 0.057324
vt 0.827936 0.580274
vt 0.835015 0.616691
vt 0.794342 0.605488
vt 0.933410 0.703388
vt 0.947381 0.693237
vt 0.952697 0.722570
vt 0.599697 0.255332
vt 0.150719 0.395610
vt 0.179878 0.339383
vt 0.197833 0.397255
vt 0.214350 0.025586
vt 0.708130 0.706312
vt 0.719066 0.681405
vt 0.719319 0.707095
vt 0.912738 0.722613
vt 0.750178 0.912409
vt 0.772243 0.916910
vt 0.726406 0.042580
vt 0.099553 0.605568
vt 0.216279 0.931616
vt 0.200806 0.940549
vt 0.188729 0.931321
vt 0.265373 0.744396
vt 0.668851 0.814081
vt 0.668200 0.795431
vt 0.688725 0.804333
vt 0.311619 0.120461
vt 0.617611 0.277422
vt 0.619127 0.266612
vt 0.298131 0.238219
vt 0.303151 0.042167
vt 0.557271 0.940790
vt 0.579695 0.924498
vt 0.574146 0.941481
vt 0.709627 0.395610
vt 0.938506 0.627225
vt 0.909310 0.627225
vt 0.917308 0.616270
vt 0.362179 0.010220
vt 0.356035 0.001764
vt 0.362152 0.000580
vt 0.677966 0.821927
vt 0.868089 0.980630
vt 0.868089 0.959969
vt 0.880561 0.976251
vt 0.619372 0.249879
vt 0.010466 0.416469
vt 0.044026 0.427373
vt 0.015336 0.435274
vt 0.081652 0.455400
vt 0.597322 0.733848
vt 0.249072 0.198412
vt 0.270685 0.178309
vt 0.309662 0.199034
vt 0.491144 0.425702
vt 0.496159 0.398117
vt 0.530717 0.410450
vt 0.530396 0.436732
vt 0.201872 0.039627
vt 0.332038 0.024334
vt 0.346609 0.015921
vt 0.377829 0.022169
vt 0.781486 0.899003
vt 0.333279 0.988491
vt 0.086168 0.490147
vt 0.315445 0.808364
vt 0.270711 0.808364
vt 0.284884 0.802338
vt 0.128142 0.453479
vt 0.789858 0.121722
vt 0.755022 0.171851
vt 0.712470 0.735752
vt 0.309442 0.153459
vt 0.126437 0.241167
vt 0.679904 0.892177
vt 0.656667 0.893395
vt 0.670554 0.869000
vt 0.888229 0.983015
vt 0.891929 0.994403
vt 0.883722 0.992446
vt 0.010998 0.638266
vt 0.026802 0.634906
vt 0.013388 0.676827
vt 0.034371 0.621490
vt 0.038824 0.626979
vt 0.039758 0.637649
vt 0.228107 0.907749
vt 0.239509 0.913066
vt 0.208209 0.913012
vt 0.328892 0.229520
vt 0.347025 0.263400
vt 0.216975 0.039207
vt 0.740484 0.944465
vt 0.590178 0.880461
vt 0.602111 0.874015
vt 0.607216 0.891818
vt 0.960216 0.252368
vt 0.940618 0.256998
vt 0.942194 0.238983
vt 0.487770 0.857118
vt 0.470807 0.869851
vt 0.468045 0.850326
vt 0.898942 0.529570
vt 0.742061 0.938219
vt 0.871588 0.745075
vt 0.861120 0.716317
vt 0.873293 0.707061
vt 0.858897 0.514973
vt 0.830843 0.505858
vt 0.857647 0.474227
vt 0.032790 0.698354
vt 0.009429 0.708755
vt 0.027712 0.680543
vt 0.449392 0.864752
vt 0.909009 0.789096
vt 0.897803 0.808506
vt 0.897569 0.776668
vt 0.641156 0.880027
vt 0.725265 0.184562
vt 0.717820 0.184027
vt 0.785358 0.106162
vt 0.807132 0.326348
vt 0.836757 0.316723
vt 0.820952 0.348920
vt 0.793050 0.088299
vt 0.808810 0.087611
vt 0.808463 0.107439
vt 0.093973 0.119460
vt 0.118263 0.109149
vt 0.102639 0.140811
vt 0.558614 0.457103
vt 0.212910 0.611511
vt 0.191518 0.611267
vt 0.909780 0.180805
vt 0.899949 0.168222
vt 0.920397 0.163677
vt 0.999955 0.152997
vt 0.986290 0.143069
vt 0.999964 0.136644
vt 0.744798 0.773887
vt 0.745009 0.813392
vt 0.737732 0.782308
vt 0.390789 0.813482
vt 0.430026 0.826876
vt 0.409706 0.829355
vt 0.263646 0.242576
vt 0.818012 0.215816
vt 0.822210 0.196067
vt 0.834418 0.236432
vt 0.895018 0.186348
vt 0.020321 0.485316
vt 0.025574 0.482284
vt 0.035153 0.485165
vt 0.523918 0.866983
vt 0.560029 0.866983
vt 0.552315 0.873812
vt 0.960049 0.230484
vt 0.726272 0.816196
vt 0.812553 0.631803
vt 0.481730 0.822026
vt 0.493225 0.857405
vt 0.471920 0.849844
vt 0.952366 0.378762
vt 0.936791 0.381229
vt 0.953243 0.360058
vt 0.738905 0.162289
vt 0.745218 0.147416
vt 0.768033 0.169790
vt 0.850475 0.299374
vt 0.871409 0.270561
vt 0.875593 0.318050
vt 0.871855 0.750698
vt 0.871855 0.788821
vt 0.861086 0.772206
vt 0.609507 0.611521
vt 0.591758 0.573269
vt 0.619828 0.568319
vt 0.666196 0.152717
vt 0.675064 0.128354
vt 0.689229 0.165693
vt 0.241425 0.941527
vt 0.230394 0.928381
vt 0.258069 0.928380
vt 0.846655 0.919811
vt 0.835383 0.897582
vt 0.844867 0.894131
vt 0.666913 0.192216
vt 0.063306 0.378852
vt 0.038314 0.378852
vt 0.047416 0.331507
vt 0.941697 0.907491
vt 0.941697 0.880923
vt 0.953738 0.895264
vt 0.225620 0.848580
vt 0.190188 0.848580
vt 0.190814 0.809741
vt 0.691022 0.824108
vt 0.712825 0.418355
vt 0.698973 0.429177
vt 0.697291 0.405518
vt 0.319982 0.713862
vt 0.965741 0.190955
vt 0.965741 0.167906
vt 0.980749 0.181828
vt 0.627790 0.875833
vt 0.805930 0.710672
vt 0.795182 0.721420
vt 0.789148 0.695350
vt 0.733847 0.161719
vt 0.816576 0.919701
vt 0.750349 0.282468
vt 0.736089 0.265283
vt 0.750901 0.250471
vt 0.932233 0.712423
vt 0.933682 0.728979
vt 0.931807 0.741676
vt 0.720775 0.172832
vt 0.777726 0.152220
vt 0.737985 0.281549
vt 0.740038 0.714142
vt 0.241195 0.589666
vt 0.553441 0.421873
vt 0.467824 0.972861
vt 0.463863 0.980310
vt 0.457404 0.969616
vt 0.314917 0.182370
vt 0.044555 0.822387
vt 0.056403 0.843761
vt 0.029078 0.844280
vt 0.275618 0.879033
vt 0.307102 0.846174
vt 0.307016 0.879033
vt 0.718026 0.433883
vt 0.623648 0.815146
vt 0.646357 0.846403
vt 0.631307 0.847102
vt 0.137454 0.115124
vt 0.556543 0.395679
vt 0.399345 0.951903
vt 0.412633 0.970192
vt 0.403750 0.971514
vt 0.525511 0.928774
vt 0.525511 0.899896
vt 0.542236 0.926410
vt 0.913476 0.457913
vt 0.905776 0.444575
vt 0.914549 0.425249
vt 0.830418 0.571241
vt 0.821538 0.576369
vt 0.823239 0.538116
vt 0.767206 0.931143
vt 0.737949 0.931143
vt 0.745175 0.927472
vt 0.806336 0.675242
vt 0.068124 0.825056
vt 0.285606 0.215526
vt 0.830893 0.580686
vt 0.592454 0.538111
vt 0.987182 0.512237
vt 0.981571 0.523249
vt 0.976000 0.502769
vt 0.838426 0.359271
vt 0.022092 0.740201
vt 0.015839 0.710780
vt 0.035217 0.698189
vt 0.995400 0.493612
vt 0.995400 0.513261
vt 0.978090 0.502426
vt 0.973987 0.947407
vt 0.979724 0.939213
vt 0.979347 0.952445
vt 0.037869 0.614179
vt 0.805526 0.052600
vt 0.077677 0.819865
vt 0.104582 0.843995
vt 0.068766 0.844347
vt 0.591331 0.482428
vt 0.731587 0.740293
vt 0.280847 0.843599
vt 0.576219 0.405198
vt 0.468650 0.965473
vt 0.440530 0.963657
vt 0.457514 0.950146
vt 0.980362 0.808661
vt 0.977550 0.824612
vt 0.960593 0.808223
vt 0.379679 0.022803
vt 0.394387 0.003083
vt 0.406415 0.023917
vt 0.767037 0.079889
vt 0.791644 0.059874
vt 0.788341 0.179535
vt 0.454619 0.979517
vt 0.895246 0.120746
vt 0.883889 0.104527
vt 0.896180 0.086421
vt 0.618267 0.537640
vt 0.255142 0.007857
vt 0.255142 0.038780
vt 0.203867 0.016928
vt 0.602836 0.956090
vt 0.577822 0.956090
vt 0.584699 0.940818
vt 0.536389 0.556923
vt 0.498932 0.583334
vt 0.531094 0.536284
vt 0.538518 0.574518
vt 0.553113 0.610992
vt 0.524309 0.605767
vt 0.895752 0.741590
vt 0.872535 0.741590
vt 0.877403 0.707600
vt 0.364817 0.006026
vt 0.021001 0.740604
vt 0.010909 0.740604
vt 0.014214 0.711040
vt 0.877201 0.920377
vt 0.847395 0.920377
vt 0.855035 0.915657
vt 0.853527 0.303879
vt 0.853527 0.342169
vt 0.831794 0.306443
vt 0.715626 0.460953
vt 0.964982 0.168449
vt 0.964982 0.193848
vt 0.943216 0.176215
vt 0.901128 0.640586
vt 0.897295 0.644553
vt 0.895927 0.631071
vt 0.256023 0.236862
vt 0.267510 0.199459
vt 0.966098 0.852625
vt 0.943573 0.852625
vt 0.964195 0.827297
vt 0.739451 0.308685
vt 0.742837 0.004489
vt 0.781464 0.004489
vt 0.760824 0.020057
vt 0.494979 0.920760
vt 0.494979 0.908401
vt 0.524657 0.909306
vt 0.034621 0.603068
vt 0.444453 0.971798
vt 0.752351 0.727440
vt 0.135348 0.232856
vt 0.155426 0.267633
vt 0.113597 0.257248
vt 0.890016 0.636503
vt 0.868583 0.559905
vt 0.868583 0.524533
vt 0.882522 0.533688
vt 0.259329 0.604737
vt 0.957291 0.826043
vt 0.303162 0.573119
vt 0.590472 0.383442
vt 0.719361 0.164269
vt 0.583661 0.446034
vt 0.745856 0.144139
vt 0.733269 0.142919
vt 0.147875 0.899091
vt 0.177180 0.899091
vt 0.146335 0.916324
vt 0.107964 0.821530
vt 0.870225 0.327339
vt 0.855169 0.339973
vt 0.854370 0.303621
vt 0.913637 0.925865
vt 0.928332 0.911939
vt 0.932340 0.930183
vt 0.182706 0.431018
vt 0.846392 0.002028
vt 0.878203 0.002028
vt 0.863775 0.038227
vt 0.308165 0.210572
vt 0.973990 0.956099
vt 0.081387 0.461472
vt 0.083859 0.513484
vt 0.065527 0.488941
vt 0.127271 0.154353
vt 0.951216 0.360255
vt 0.933725 0.382916
vt 0.937046 0.369458
vt 0.288515 0.575560
vt 0.991645 0.393953
vt 0.991645 0.413607
vt 0.971045 0.403032
vt 0.391708 0.842876
vt 0.444352 0.707947
vt 0.461262 0.687835
vt 0.482854 0.705952
vt 0.148914 0.244790
vt 0.142436 0.211517
vt 0.150523 0.205855
vt 0.700128 0.822226
vt 0.269326 0.808697
vt 0.259048 0.821642
vt 0.250507 0.809444
vt 0.247968 0.211512
vt 0.142254 0.283601
vt 0.115608 0.299782
vt 0.313934 0.061204
vt 0.312736 0.034466
vt 0.326440 0.039544
vt 0.093954 0.915791
vt 0.117088 0.923611
vt 0.113286 0.940080
vt 0.730117 0.150212
vt 0.155199 0.021914
vt 0.161544 0.001159
vt 0.194335 0.007182
vt 0.386303 0.033553
vt 0.360700 0.039564
vt 0.371049 0.024746
vt 0.039264 0.266138
vt 0.012977 0.273894
vt 0.019261 0.255055
vt 0.029379 0.238339
vt 0.166285 0.439213
vt 0.083697 0.940370
vt 0.925073 0.357389
vt 0.250830 0.986103
vt 0.233215 0.986103
vt 0.244823 0.966769
vt 0.450717 0.971334
vt 0.896970 0.620557
vt 0.884679 0.625471
vt 0.899556 0.609981
vt 0.704947 0.806410
vt 0.796312 0.923590
vt 0.824208 0.923482
vt 0.803298 0.938570
vt 0.344662 0.190040
vt 0.671412 0.980588
vt 0.680280 0.978584
vt 0.680280 0.987052
vt 0.057525 0.502416
vt 0.282505 0.205737
vt 0.579165 0.923073
vt 0.556596 0.939470
vt 0.554856 0.924795
vt 0.614560 0.990257
vt 0.619538 0.997109
vt 0.614139 0.998942
vt 0.673465 0.298200
vt 0.684217 0.329758
vt 0.664335 0.323285
vt 0.976722 0.251835
vt 0.962895 0.252802
vt 0.976698 0.234680
vt 0.206157 0.865911
vt 0.190093 0.849847
vt 0.226697 0.849356
vt 0.341085 0.218562
vt 0.175899 0.914102
vt 0.490447 0.096566
vt 0.481593 0.094756
vt 0.488301 0.069723
vt 0.125432 0.313536
vt 0.839771 0.186471
vt 0.829961 0.157652
vt 0.839771 0.168855
vt 0.413281 0.890676
vt 0.419216 0.906982
vt 0.412890 0.920320
vt 0.497486 0.678555
vt 0.942533 0.529256
vt 0.940018 0.545138
vt 0.920991 0.545364
vt 0.816270 0.854732
vt 0.811830 0.871303
vt 0.799555 0.857833
vt 0.175050 0.113661
vt 0.157334 0.128435
vt 0.227974 0.810350
vt 0.397823 0.943000
vt 0.404967 0.921015
vt 0.428883 0.936196
vt 0.945741 0.806488
vt 0.929822 0.784577
vt 0.952849 0.786614
vt 0.792009 0.872736
vt 0.310808 0.903953
vt 0.342604 0.903953
vt 0.325188 0.906553
vt 0.445284 0.975283
vt 0.980849 0.961622
vt 0.600424 0.000044
vt 0.617019 0.009626
vt 0.576894 0.010756
vt 0.661399 0.979137
vt 0.669388 0.985561
vt 0.940561 0.904377
vt 0.514722 0.682635
vt 0.517357 0.709270
vt 0.141848 0.141879
vt 0.717241 0.156730
vt 0.522654 0.911374
vt 0.522654 0.939387
vt 0.506801 0.918428
vt 0.827877 0.198264
vt 0.491615 0.873226
vt 0.500661 0.845384
vt 0.529004 0.873810
vt 0.346659 0.805765
vt 0.394137 0.807943
vt 0.379548 0.815195
vt 0.368012 0.207184
vt 0.822558 0.937662
vt 0.853617 0.673731
vt 0.846923 0.692123
vt 0.847905 0.653484
vt 0.887937 0.612567
vt 0.898375 0.603852
vt 0.481969 0.590169
vt 0.481322 0.570849
vt 0.087146 0.970298
vt 0.105484 0.976256
vt 0.085974 0.987469
vt 0.873888 0.660542
vt 0.873888 0.626645
vt 0.885562 0.643003
vt 0.332401 0.025246
vt 0.343115 0.031868
vt 0.705880 0.813860
vt 0.287325 0.599142
vt 0.945129 0.142712
vt 0.965178 0.128146
vt 0.967488 0.148732
vt 0.065870 0.526746
vt 0.225028 0.996984
vt 0.225028 0.988289
vt 0.231526 0.992772
vt 0.957111 0.147738
vt 0.948862 0.173126
vt 0.938814 0.142043
vt 0.806319 0.276088
vt 0.838130 0.276643
vt 0.839730 0.299268
vt 0.616099 0.508754
vt 0.449010 0.910045
vt 0.437809 0.931178
vt 0.419429 0.909274
vt 0.359723 0.782252
vt 0.508306 0.604819
vt 0.549647 0.062362
vt 0.522969 0.066031
vt 0.514268 0.047371
vt 0.942300 0.853428
vt 0.957062 0.853428
vt 0.953864 0.879512
vt 0.922132 0.408970
vt 0.938977 0.414443
vt 0.915711 0.437373
vt 0.880742 0.632343
vt 0.997053 0.121817
vt 0.985776 0.137339
vt 0.983801 0.121375
vt 0.841443 0.072557
vt 0.842596 0.039515
vt 0.855170 0.076832
vt 0.190598 0.949157
vt 0.197637 0.970823
vt 0.176933 0.968866
vt 0.463133 0.967824
vt 0.483848 0.967824
vt 0.480224 0.979157
vt 0.348066 0.235535
vt 0.113869 0.165015
vt 0.692284 0.848283
vt 0.672712 0.841544
vt 0.695191 0.827220
vt 0.695959 0.778558
vt 0.670993 0.784747
vt 0.666323 0.755263
vt 0.488665 0.597592
vt 0.940046 0.017350
vt 0.940046 0.046470
vt 0.917588 0.028323
vt 0.666202 0.978336
vt 0.649157 0.965952
vt 0.674358 0.964718
vt 0.419424 0.928302
vt 0.808442 0.566836
vt 0.808141 0.584045
vt 0.770351 0.556848
vt 0.621587 0.900001
vt 0.604465 0.901198
vt 0.626757 0.878380
vt 0.981832 0.747306
vt 0.968765 0.765290
vt 0.968585 0.746737
vt 0.665940 0.363557
vt 0.321239 0.010961
vt 0.713641 0.831916
vt 0.240501 0.408919
vt 0.229308 0.378292
vt 0.240501 0.376713
vt 0.016723 0.233666
vt 0.470490 0.054292
vt 0.490728 0.042364
vt 0.957705 0.303546
vt 0.957705 0.330229
vt 0.934784 0.325614
vt 0.149031 0.309641
vt 0.896667 0.313792
vt 0.896667 0.348456
vt 0.886838 0.336902
vt 0.208229 0.998845
vt 0.208229 0.991337
vt 0.217888 0.994831
vt 0.874523 0.623980
vt 0.495518 0.065130
vt 0.098180 0.987975
vt 0.230598 0.289167
vt 0.140137 0.181306
vt 0.052806 0.253501
vt 0.612155 0.889795
vt 0.885558 0.593048
vt 0.885558 0.612121
vt 0.871515 0.585204
vt 0.647684 0.766246
vt 0.780686 0.854313
vt 0.879001 0.619771
vt 0.118991 0.211706
vt 0.470287 0.601301
vt 0.867510 0.598296
vt 0.926490 0.670190
vt 0.928281 0.690656
vt 0.916328 0.660841
vt 0.888623 0.605715
vt 0.123053 0.172421
vt 0.281809 0.997909
vt 0.286563 0.990419
vt 0.292074 0.998290
vt 0.129832 0.170151
vt 0.968658 0.168726
vt 0.981624 0.150880
vt 0.984704 0.179998
vt 0.307423 0.892931
vt 0.308391 0.865199
vt 0.318989 0.895724
vt 0.224709 0.323668
vt 0.224709 0.412803
vt 0.220062 0.444618
vt 0.110648 0.174602
vt 0.824938 0.530278
vt 0.846638 0.512069
vt 0.827474 0.552241
vt 0.349580 0.965878
vt 0.354253 0.948441
vt 0.373542 0.966871
vt 0.284066 0.834402
vt 0.280953 0.818388
vt 0.315512 0.809192
vt 0.574251 0.963243
vt 0.561858 0.980301
vt 0.561733 0.964644
vt 0.914625 0.688010
vt 0.845058 0.548778
vt 0.041301 0.218497
vt 0.325535 0.955065
vt 0.348986 0.955065
vt 0.340121 0.968843
vt 0.042272 0.865296
vt 0.060183 0.840644
vt 0.088803 0.863684
vt 0.046171 0.229218
vt 0.971141 0.396577
vt 0.983858 0.379074
vt 0.986149 0.394364
vt 0.897449 0.222506
vt 0.910618 0.241313
vt 0.896942 0.254175
vt 0.833239 0.103445
vt 0.810104 0.085871
vt 0.834471 0.061504
vt 0.147269 0.163654
vt 0.679163 0.041795
vt 0.663655 0.074020
vt 0.650728 0.046809
vt 0.099435 0.913217
vt 0.089713 0.916005
vt 0.090634 0.891556
vt 0.368275 0.947709
vt 0.873427 0.620491
vt 0.291788 0.992008
vt 0.734063 0.977713
vt 0.729724 0.964359
vt 0.753339 0.967912
vt 0.066496 0.910413
vt 0.776678 0.885215
vt 0.808987 0.884719
vt 0.786215 0.901732
vt 0.897114 0.846224
vt 0.897114 0.814551
vt 0.911919 0.839372
vt 0.921070 0.105951
vt 0.921070 0.076671
vt 0.938527 0.091848
vt 0.378773 0.898964
vt 0.376862 0.911030
vt 0.354168 0.916942
vt 0.961777 0.404055
vt 0.978822 0.409593
vt 0.968211 0.430506
vt 0.808140 0.901081
vt 0.439032 0.600045
vt 0.444028 0.585944
vt 0.635787 0.981368
vt 0.644962 0.993997
vt 0.630934 0.995559
vt 0.641713 0.069170
vt 0.880580 0.948505
vt 0.880580 0.971475
vt 0.867579 0.957742
vt 0.813377 0.061984
vt 0.294903 0.914077
vt 0.263761 0.914077
vt 0.278561 0.911647
vt 0.646699 0.079799
vt 0.680329 0.097625
vt 0.584162 0.873835
vt 0.571879 0.884142
vt 0.551331 0.875118
vt 0.896888 0.194882
vt 0.880727 0.191447
vt 0.885981 0.161524
vt 0.885345 0.587120
vt 0.885345 0.554264
vt 0.902087 0.568366
vt 0.451252 0.000066
vt 0.485911 0.011328
vt 0.457576 0.017607
vt 0.064656 0.258418
vt 0.050709 0.275348
vt 0.037632 0.268395
vt 0.214934 0.181308
vt 0.232475 0.222096
vt 0.195834 0.215766
vt 0.051782 0.298774
vt 0.857133 0.868054
vt 0.850204 0.892220
vt 0.838007 0.894342
vt 0.838736 0.977846
vt 0.835108 0.966680
vt 0.858068 0.969394
vt 0.871837 0.748618
vt 0.861594 0.763246
vt 0.861672 0.725218
vt 0.938560 0.577021
vt 0.929592 0.604622
vt 0.915146 0.572108
vt 0.032055 0.297873
vt 0.038083 0.527471
vt 0.038083 0.576113
vt 0.034082 0.552936
vt 0.943051 0.280670
vt 0.932029 0.299762
vt 0.930783 0.271667
vt 0.037094 0.588664
vt 0.325037 0.806463
vt 0.299622 0.804239
vt 0.343972 0.805247
vt 0.873466 0.706262
vt 0.860636 0.697278
vt 0.873777 0.668309
vt 0.883702 0.055989
vt 0.915513 0.055989
vt 0.893379 0.072632
vt 0.189641 0.240516
vt 0.493847 0.943668
vt 0.486623 0.947839
vt 0.466880 0.945103
vt 0.186157 0.237546
vt 0.153712 0.207291
vt 0.200001 0.201691
vt 0.770290 0.922525
vt 0.799175 0.922525
vt 0.779373 0.924800
vt 0.211905 0.176468
vt 0.104702 0.953862
vt 0.119655 0.933281
vt 0.128975 0.955281
vt 0.639186 0.026347
vt 0.641017 0.000163
vt 0.673038 0.001653
vt 0.792991 0.000129
vt 0.834893 0.000175
vt 0.801095 0.022395
vt 0.067630 0.256857
vt 0.083259 0.275483
vt 0.052986 0.276575
vt 0.712684 0.646126
vt 0.694164 0.661220
vt 0.693796 0.642795
vt 0.140352 0.987121
vt 0.125235 0.992033
vt 0.129522 0.977531
vt 0.834110 0.022056
vt 0.967585 0.042485
vt 0.965595 0.055391
vt 0.959455 0.050067
vt 0.858923 0.967988
vt 0.833623 0.965329
vt 0.863481 0.957782
vt 0.848265 0.921024
vt 0.848638 0.933665
vt 0.838226 0.928052
vt 0.859586 0.931131
vt 0.954850 0.032974
vt 0.866241 0.921400
vt 0.849654 0.947574
vt 0.519535 0.897738
vt 0.515529 0.887303
vt 0.537944 0.896901
vt 0.869465 0.954199
vt 0.869519 0.941235
vt 0.882034 0.945791
vt 0.768377 0.261571
vt 0.789306 0.249487
vt 0.772160 0.293403
vt 0.750917 0.347993
vt 0.738528 0.313956
vt 0.749235 0.290200
vt 0.666904 0.922484
vt 0.676897 0.935266
vt 0.657583 0.942296
vt 0.885515 0.766140
vt 0.879775 0.756197
vt 0.911585 0.758016
vt 0.823780 0.035217
vt 0.549568 0.010458
vt 0.563957 0.000146
vt 0.561818 0.012618
vt 0.191922 0.266703
vt 0.995350 0.954919
vt 0.995350 0.974880
vt 0.988941 0.959915
vt 0.786034 0.301814
vt 0.698288 0.601422
vt 0.824455 0.739385
vt 0.833005 0.757722
vt 0.823353 0.780988
vt 0.255485 0.237858
vt 0.235153 0.273505
vt 0.934309 0.114022
vt 0.952289 0.114022
vt 0.936872 0.125748
vt 0.052726 0.306785
vt 0.574634 0.012436
vt 0.483630 0.761124
vt 0.533061 0.757700
vt 0.510382 0.770861
vt 0.092789 0.758979
vt 0.105418 0.759420
vt 0.097528 0.769436
vt 0.513451 0.018034
vt 0.461021 0.018034
vt 0.501460 0.011912
vt 0.989220 0.823644
vt 0.980096 0.806484
vt 0.999286 0.818649
vt 0.176358 0.155961
vt 0.610555 0.985209
vt 0.599194 0.986203
vt 0.611082 0.973431
vt 0.247799 0.271617
vt 0.341170 0.918395
vt 0.312437 0.909059
vt 0.341957 0.905856
vt 0.248073 0.381733
vt 0.256480 0.371793
vt 0.267388 0.380506
vt 0.951278 0.136750
vt 0.108842 0.781117
vt 0.093466 0.781593
vt 0.529522 0.773474
vt 0.142398 0.183564
vt 0.168016 0.999014
vt 0.168016 0.984786
vt 0.176609 0.990021
vt 0.081829 0.322426
vt 0.978371 0.381322
vt 0.970177 0.395515
vt 0.969592 0.372772
vt 0.558108 0.895247
vt 0.685078 0.943005
vt 0.276192 0.436213
vt 0.251795 0.409058
vt 0.859454 0.953177
vt 0.270840 0.261936
vt 0.103811 0.787382
vt 0.591667 0.972561
vt 0.999482 0.862499
vt 0.982354 0.862499
vt 0.997705 0.850805
vt 0.132182 0.020111
vt 0.105278 0.014392
vt 0.135472 0.003944
vt 0.146562 0.011561
vt 0.523708 0.944133
vt 0.535901 0.949819
vt 0.508772 0.950320
vt 0.098189 0.795014
vt 0.212535 0.147917
vt 0.943758 0.207364
vt 0.944804 0.219322
vt 0.944327 0.235444
vt 0.379235 0.980676
vt 0.376738 0.972991
vt 0.394689 0.981691
vt 0.930422 0.865882
vt 0.951266 0.880161
vt 0.931084 0.878501
vt 0.682023 0.922817
vt 0.266000 0.869622
vt 0.275141 0.882233
vt 0.259818 0.898665
vt 0.991292 0.474473
vt 0.991292 0.457971
vt 0.998225 0.474279
vt 0.012023 0.616684
vt 0.034745 0.633193
vt 0.011401 0.628073
vt 0.941472 0.854744
vt 0.064926 0.972603
vt 0.085295 0.980464
vt 0.064926 0.980683
vt 0.185822 0.861624
vt 0.179425 0.873229
vt 0.148003 0.863019
vt 0.204981 0.000118
vt 0.233950 0.009531
vt 0.200021 0.016574
vt 0.537249 0.871040
vt 0.079072 0.966298
vt 0.210226 0.823289
vt 0.221754 0.803322
vt 0.222273 0.842726
vt 0.395967 0.966271
vt 0.491357 0.887964
vt 0.460971 0.897837
vt 0.459060 0.882232
vt 0.941307 0.141256
vt 0.977402 0.372097
vt 0.954361 0.372097
vt 0.968044 0.351025
vt 0.057368 0.995020
vt 0.041307 0.995020
vt 0.050661 0.979943
vt 0.571151 0.999016
vt 0.571151 0.985765
vt 0.584470 0.990942
vt 0.999872 0.457290
vt 0.985304 0.559229
vt 0.999492 0.569538
vt 0.984799 0.575282
vt 0.118306 0.798213
vt 0.154684 0.950116
vt 0.162802 0.925131
vt 0.169813 0.950176
vt 0.915493 0.479380
vt 0.912328 0.499502
vt 0.905355 0.482096
vt 0.282089 0.047415
vt 0.312029 0.026525
vt 0.305905 0.039214
vt 0.997891 0.930250
vt 0.981212 0.935670
vt 0.980018 0.928837
vt 0.398456 0.982436
vt 0.388945 0.995527
vt 0.379158 0.982382
vt 0.996281 0.801785
vt 0.856797 0.941860
vt 0.188467 0.975760
vt 0.168958 0.982098
vt 0.165485 0.964392
vt 0.398214 0.946503
vt 0.422110 0.938739
vt 0.416287 0.956205
vt 0.561779 0.624237
vt 0.577535 0.608478
vt 0.578464 0.630237
vt 0.488021 0.900132
vt 0.466061 0.897435
vt 0.496629 0.888283
vt 0.010906 0.892154
vt 0.020938 0.905963
vt 0.009008 0.910988
vt 0.274932 0.486823
vt 0.254725 0.484857
vt 0.346727 0.925169
vt 0.344857 0.911677
vt 0.350774 0.907533
vt 0.396285 0.000587
vt 0.404893 0.000587
vt 0.398243 0.007759
vt 0.340047 0.475120
vt 0.223249 0.292428
vt 0.296883 0.879924
vt 0.074990 0.093976
vt 0.115665 0.098251
vt 0.081769 0.128810
vt 0.155149 0.850876
vt 0.983391 0.884551
vt 0.994213 0.869656
vt 0.997954 0.892249
vt 0.569770 0.600861
vt 0.756150 0.883416
vt 0.758143 0.870837
vt 0.781296 0.882933
vt 0.991585 0.870248
vt 0.984913 0.877875
vt 0.977978 0.869611
vt 0.861590 0.993388
vt 0.870690 0.980864
vt 0.874787 0.996063
vt 0.016679 0.050332
vt 0.013490 0.062235
vt 0.002910 0.050209
vt 0.420148 0.702712
vt 0.398142 0.705007
vt 0.406402 0.689893
vt 0.983090 0.431874
vt 0.968800 0.431874
vt 0.981746 0.410051
vt 0.409462 0.007890
vt 0.450987 0.008761
vt 0.438046 0.031874
vt 0.909672 0.307947
vt 0.913002 0.317900
vt 0.904478 0.318347
vt 0.260289 0.288212
vt 0.055282 0.099312
vt 0.686798 0.152543
vt 0.694864 0.127413
vt 0.700413 0.144683
vt 0.492184 0.542523
vt 0.475561 0.549725
vt 0.458334 0.522155
vt 0.296267 0.008059
vt 0.420448 0.533004
vt 0.410094 0.509548
vt 0.269798 0.971395
vt 0.264779 0.955949
vt 0.289958 0.960240
vt 0.439355 0.990028
vt 0.423689 0.984938
vt 0.444254 0.972662
vt 0.682542 0.000009
vt 0.714197 0.011530
vt 0.683600 0.031901
vt 0.767156 0.858671
vt 0.763425 0.865787
vt 0.757034 0.858171
vt 0.463271 0.546203
vt 0.008056 0.081819
vt 0.008056 0.064966
vt 0.019926 0.070813
vt 0.749595 0.011867
vt 0.756792 0.021870
vt 0.750380 0.032975
vt 0.308376 0.860301
vt 0.322816 0.830849
vt 0.343964 0.837721
vt 0.256454 0.028337
vt 0.263927 0.009240
vt 0.348963 0.857838
vt 0.328783 0.862327
vt 0.001503 0.239345
vt 0.015668 0.238106
vt 0.001491 0.251751
vt 0.203245 0.977424
vt 0.221399 0.977424
vt 0.210034 0.988212
vt 0.446857 0.487094
vt 0.753566 0.980965
vt 0.769753 0.980965
vt 0.759643 0.995962
vt 0.155989 0.024894
vt 0.129915 0.022684
vt 0.147216 0.016121
vt 0.046745 0.979361
vt 0.038489 0.966148
vt 0.058222 0.972777
vt 0.153406 0.038109
vt 0.134959 0.036456
vt 0.002467 0.065156
vt 0.016673 0.254776
vt 0.768588 0.989660
vt 0.931757 0.950714
vt 0.905749 0.950714
vt 0.910352 0.943739
vt 0.953429 0.438637
vt 0.953429 0.414088
vt 0.967043 0.429774
vt 0.283675 0.432174
vt 0.900338 0.148092
vt 0.893622 0.128988
vt 0.914921 0.131982
vt 0.052229 0.125529
vt 0.255897 0.001552
vt 0.263494 0.005938
vt 0.256232 0.025448
vt 0.158748 0.128679
vt 0.711827 0.125600
vt 0.658238 0.930266
vt 0.635374 0.929867
vt 0.635331 0.913622
vt 0.916354 0.227094
vt 0.899088 0.221484
vt 0.917308 0.194605
vt 0.151753 0.093254
vt 0.184928 0.087404
vt 0.211526 0.092579
vt 0.806772 0.281035
vt 0.834858 0.297393
vt 0.813340 0.305545
vt 0.724429 0.005984
vt 0.954472 0.786967
vt 0.969051 0.807033
vt 0.946511 0.808025
vt 0.490065 0.528390
vt 0.525105 0.543112
vt 0.970238 0.765618
vt 0.983125 0.747882
vt 0.981641 0.765464
vt 0.736356 0.877986
vt 0.718497 0.888401
vt 0.708972 0.860740
vt 0.769731 0.225280
vt 0.781744 0.249273
vt 0.769383 0.259646
vt 0.965255 0.067860
vt 0.986145 0.061072
vt 0.984911 0.082767
vt 0.397531 0.955579
vt 0.395833 0.965211
vt 0.374192 0.954873
vt 0.743913 0.859546
vt 0.013284 0.396123
vt 0.009518 0.378403
vt 0.020919 0.375110
vt 0.774683 0.983055
vt 0.787418 0.992308
vt 0.776356 0.995836
vt 0.773120 0.464670
vt 0.759675 0.467645
vt 0.755599 0.460585
vt 0.739749 0.872717
vt 0.824217 0.319216
vt 0.896691 0.195501
vt 0.896691 0.221043
vt 0.873830 0.196843
vt 0.729357 0.020297
vt 0.378319 0.968053
vt 0.770254 0.862589
vt 0.798382 0.967153
vt 0.803381 0.979428
vt 0.791938 0.979828
vt 0.931766 0.500370
vt 0.918157 0.492361
vt 0.933624 0.481531
vt 0.815819 0.973344
vt 0.798361 0.992972
vt 0.810868 0.983885
vt 0.810053 0.995006
vt 0.345205 0.896628
vt 0.979352 0.889839
vt 0.602811 0.619108
vt 0.789282 0.230045
vt 0.916198 0.477312
vt 0.940963 0.106256
vt 0.937246 0.112694
vt 0.916180 0.107232
vt 0.219083 0.140257
vt 0.180357 0.117898
vt 0.248250 0.116984
vt 0.328128 0.884264
vt 0.360630 0.884264
vt 0.339119 0.899241
vt 0.806855 0.958406
vt 0.821807 0.958599
vt 0.811770 0.968946
vt 0.986112 0.454977
vt 0.973271 0.453853
vt 0.982783 0.443720
vt 0.966978 0.841389
vt 0.982644 0.841064
vt 0.982644 0.859641
vt 0.772304 0.451873
vt 0.984450 0.295371
vt 0.984450 0.277259
vt 0.999349 0.290185
vt 0.947546 0.567961
vt 0.962125 0.547895
vt 0.959915 0.564138
vt 0.782242 0.207217
vt 0.537097 0.774226
vt 0.541345 0.750656
vt 0.572501 0.763881
vt 0.393079 0.728162
vt 0.368449 0.719159
vt 0.982484 0.579119
vt 0.964675 0.566180
vt 0.984270 0.559810
vt 0.533869 0.774765
vt 0.568786 0.786251
vt 0.545715 0.791684
vt 0.871596 0.230616
vt 0.896635 0.506384
vt 0.807803 0.322303
vt 0.460033 0.898621
vt 0.469590 0.908819
vt 0.460305 0.915321
vt 0.386393 0.699594
vt 0.035841 0.920774
vt 0.047565 0.920202
vt 0.052531 0.928803
vt 0.710037 0.967492
vt 0.710037 0.944142
vt 0.725407 0.952086
vt 0.995112 0.277040
vt 0.444066 0.670819
vt 0.490859 0.679070
vt 0.424835 0.694915
vt 0.934590 0.575289
vt 0.921079 0.565473
vt 0.942937 0.567218
vt 0.523016 0.792245
vt 0.471245 0.495167
vt 0.010060 0.191219
vt 0.019395 0.184184
vt 0.014110 0.200205
vt 0.966791 0.863403
vt 0.791714 0.875012
vt 0.460445 0.025689
vt 0.012565 0.271251
vt 0.007978 0.259897
vt 0.018041 0.255014
vt 0.982911 0.994877
vt 0.997186 0.984505
vt 0.999416 0.991388
vt 0.191399 0.139937
vt 0.826206 0.969429
vt 0.076535 0.151974
vt 0.910923 0.331507
vt 0.760967 0.445260
vt 0.075416 0.091096
vt 0.052098 0.059001
vt 0.097381 0.091662
vt 0.961749 0.697684
vt 0.977033 0.688860
vt 0.983760 0.697984
vt 0.916559 0.506488
vt 0.435033 0.834601
vt 0.474148 0.831807
vt 0.453820 0.843362
vt 0.578269 0.786899
vt 0.413412 0.670933
vt 0.320921 0.831651
vt 0.310645 0.818596
vt 0.321401 0.817902
vt 0.764009 0.856859
vt 0.732608 0.855314
vt 0.586959 0.661595
vt 0.898496 0.114058
vt 0.916156 0.506437
vt 0.978526 0.319154
vt 0.994473 0.330740
vt 0.983824 0.344568
vt 0.737235 0.034955
vt 0.376178 0.739192
vt 0.687180 0.092325
vt 0.914864 0.340556
vt 0.784239 0.863960
vt 0.490875 0.901828
vt 0.858540 0.990832
vt 0.864015 0.998367
vt 0.851744 0.997970
vt 0.352394 0.680052
vt 0.803642 0.965900
vt 0.057433 0.919994
vt 0.121196 0.066234
vt 0.779389 0.858852
vt 0.131477 0.976268
vt 0.109073 0.976268
vt 0.112055 0.955004
vt 0.978349 0.434902
vt 0.301239 0.946591
vt 0.323958 0.953973
vt 0.298035 0.966517
vt 0.026037 0.418506
vt 0.070673 0.418506
vt 0.047153 0.426855
vt 0.746048 0.073723
vt 0.723082 0.085466
vt 0.731141 0.071628
vt 0.939473 0.476538
vt 0.911288 0.476538
vt 0.934606 0.461606
vt 0.689270 0.884685
vt 0.690570 0.456607
vt 0.686455 0.479949
vt 0.687941 0.412049
vt 0.930753 0.329979
vt 0.917170 0.332667
vt 0.921190 0.320745
vt 0.470676 0.844678
vt 0.548788 0.972633
vt 0.540692 0.980730
vt 0.528286 0.973087
vt 0.299417 0.979379
vt 0.299187 0.968602
vt 0.308389 0.972699
vt 0.742406 0.104950
vt 0.973142 0.433094
vt 0.890526 0.915772
vt 0.906986 0.938426
vt 0.881429 0.938186
vt 0.932770 0.548624
vt 0.335156 0.763095
vt 0.299071 0.775577
vt 0.317559 0.747251
vt 0.355558 0.947231
vt 0.363696 0.922185
vt 0.374437 0.943032
vt 0.769720 0.369870
vt 0.769720 0.424927
vt 0.759981 0.394337
vt 0.123287 0.039565
vt 0.488693 0.756261
vt 0.514402 0.739566
vt 0.536835 0.741881
vt 0.968933 0.372770
vt 0.968933 0.396008
vt 0.943683 0.384126
vt 0.619928 0.661709
vt 0.163641 0.920508
vt 0.192766 0.920508
vt 0.178235 0.931235
vt 0.138389 0.570271
vt 0.105983 0.575910
vt 0.084861 0.528469
vt 0.289390 0.580203
vt 0.325370 0.565378
vt 0.333579 0.570117
vt 0.989818 0.019030
vt 0.989818 0.001097
vt 0.994964 0.012244
vt 0.911662 0.306999
vt 0.316095 0.836268
vt 0.069562 0.041513
vt 0.884609 0.505905
vt 0.959676 0.548692
vt 0.944269 0.569897
vt 0.943613 0.545960
vt 0.278983 0.750295
vt 0.882740 0.479798
vt 0.731617 0.865847
vt 0.720743 0.037741
vt 0.720090 0.063435
vt 0.854049 0.146096
vt 0.835691 0.155450
vt 0.847480 0.118974
vt 0.692959 0.602080
vt 0.692959 0.674798
vt 0.690448 0.616437
vt 0.003099 0.517058
vt 0.012076 0.504702
vt 0.017520 0.517880
vt 0.625074 0.602583
vt 0.628179 0.611746
vt 0.713472 0.064332
vt 0.679067 0.993968
vt 0.684133 0.978541
vt 0.692780 0.979298
vt 0.008905 0.520556
vt 0.019569 0.520556
vt 0.012979 0.537372
vt 0.009510 0.685289
vt 0.011591 0.678481
vt 0.023382 0.680593
vt 0.951913 0.442566
vt 0.948555 0.423520
vt 0.952770 0.414577
vt 0.857095 0.076063
vt 0.845409 0.043954
vt 0.856921 0.036848
vt 0.629909 0.675248
vt 0.655846 0.691171
vt 0.645298 0.703741
vt 0.914032 0.121373
vt 0.125697 0.046139
vt 0.109551 0.040262
vt 0.165854 0.040623
vt 0.710884 0.091443
vt 0.942924 0.546458
vt 0.767616 0.438075
vt 0.543701 0.846097
vt 0.525536 0.864262
vt 0.506863 0.847532
vt 0.064306 0.926111
vt 0.083051 0.368936
vt 0.089083 0.299993
vt 0.093189 0.371086
vt 0.087170 0.377474
vt 0.857475 0.030595
vt 0.845520 0.042550
vt 0.845684 0.003596
vt 0.839219 0.430484
vt 0.816075 0.397191
vt 0.840283 0.415275
vt 0.676223 0.636015
vt 0.676223 0.563298
vt 0.682639 0.634158
vt 0.725581 0.014125
vt 0.704671 0.024782
vt 0.716690 0.011351
vt 0.549825 0.066975
vt 0.548096 0.073427
vt 0.491412 0.067432
vt 0.824822 0.198982
vt 0.839390 0.217629
vt 0.836075 0.237935
vt 0.695503 0.993293
vt 0.104689 0.015418
vt 0.689814 0.425227
vt 0.700589 0.435146
vt 0.691474 0.440408
vt 0.825951 0.396713
vt 0.297860 0.785261
vt 0.286799 0.792703
vt 0.283583 0.778776
vt 0.581758 0.701945
vt 0.009920 0.373940
vt 0.009920 0.348200
vt 0.026899 0.364974
vt 0.300252 0.611097
vt 0.274037 0.607116
vt 0.287827 0.602397
vt 0.004957 0.491017
vt 0.020080 0.491017
vt 0.009232 0.496710
vt 0.630322 0.039484
vt 0.639568 0.047521
vt 0.620016 0.045587
vt 0.686484 0.854347
vt 0.716888 0.832257
vt 0.718524 0.861901
vt 0.327293 0.611643
vt 0.002398 0.576905
vt 0.013280 0.574986
vt 0.001523 0.587451
vt 0.217135 0.610461
vt 0.992018 0.260853
vt 0.999626 0.258814
vt 0.989425 0.275795
vt 0.627108 0.959779
vt 0.651243 0.959779
vt 0.638673 0.966584
vt 0.636105 0.599459
vt 0.148439 0.712477
vt 0.180603 0.725866
vt 0.167820 0.745550
vt 0.108484 0.040395
vt 0.886904 0.265620
vt 0.896838 0.271247
vt 0.886667 0.293060
vt 0.803864 0.208369
vt 0.802855 0.234523
vt 0.793359 0.220889
vt 0.312006 0.961220
vt 0.802311 0.188110
vt 0.804111 0.201331
vt 0.785973 0.205172
vt 0.013695 0.589962
vt 0.200799 0.326514
vt 0.212063 0.284478
vt 0.207525 0.397407
vt 0.691730 0.996727
vt 0.706895 0.996727
vt 0.699036 0.997873
vt 0.635139 0.976499
vt 0.632401 0.986718
vt 0.627692 0.968609
vt 0.653243 0.605083
vt 0.645618 0.617953
vt 0.580781 0.811425
vt 0.591816 0.781107
vt 0.604440 0.811922
vt 0.848628 0.746942
vt 0.835652 0.742726
vt 0.852124 0.707648
vt 0.999775 0.273033
vt 0.996772 0.898088
vt 0.999301 0.891139
vt 0.998958 0.909057
vt 0.334803 0.218951
vt 0.377987 0.280253
vt 0.348144 0.263076
vt 0.615229 0.986687
vt 0.276023 0.747798
vt 0.338378 0.560200
vt 0.983326 0.235398
vt 0.993033 0.230872
vt 0.992266 0.245247
vt 0.483793 0.817936
vt 0.504426 0.836514
vt 0.493752 0.854622
vt 0.339302 0.724157
vt 0.770810 0.428196
vt 0.756803 0.429221
vt 0.005425 0.797162
vt 0.017860 0.788127
vt 0.020102 0.799011
vt 0.789828 0.184230
vt 0.982421 0.227507
vt 0.347615 0.693522
vt 0.488649 0.972847
vt 0.488649 0.951552
vt 0.494660 0.968436
vt 0.010387 0.686346
vt 0.025941 0.680990
vt 0.010932 0.702908
vt 0.617030 0.971815
vt 0.472747 0.098986
vt 0.410873 0.104399
vt 0.403541 0.098841
vt 0.192626 0.278764
vt 0.197746 0.272663
vt 0.195297 0.339287
vt 0.894858 0.258241
vt 0.089148 0.865073
vt 0.089148 0.887013
vt 0.055672 0.884961
vt 0.645082 0.630043
vt 0.634494 0.972422
vt 0.645135 0.964690
vt 0.639464 0.982291
vt 0.712281 0.035336
vt 0.395445 0.575625
vt 0.116549 0.616843
vt 0.079578 0.589228
vt 0.078871 0.988731
vt 0.076174 0.997032
vt 0.064477 0.988946
vt 0.705716 0.444884
vt 0.105983 0.037260
vt 0.876185 0.443532
vt 0.846937 0.464782
vt 0.865474 0.439489
vt 0.200108 0.385658
vt 0.165594 0.136452
vt 0.504713 0.965988
vt 0.494300 0.963476
vt 0.490050 0.951800
vt 0.891437 0.048835
vt 0.880786 0.056713
vt 0.878281 0.048835
vt 0.630647 0.070395
vt 0.817176 0.352566
vt 0.817176 0.396084
vt 0.812181 0.393754
vt 0.798266 0.516975
vt 0.825691 0.501773
vt 0.800922 0.535046
vt 0.314433 0.631158
vt 0.327751 0.620373
vt 0.324438 0.639560
vt 0.792131 0.231611
vt 0.786191 0.215827
vt 0.610638 0.986365
vt 0.606722 0.998416
vt 0.601929 0.986952
vt 0.124545 0.886671
vt 0.121612 0.901759
vt 0.115788 0.881746
vt 0.552997 0.950185
vt 0.564095 0.943777
vt 0.579551 0.949433
vt 0.398877 0.563383
vt 0.270128 0.809070
vt 0.311609 0.809070
vt 0.276416 0.817342
vt 0.803607 0.169139
vt 0.780602 0.155857
vt 0.806074 0.143517
vt 0.613913 0.782929
vt 0.624913 0.809878
vt 0.612703 0.053812
vt 0.505056 0.951047
vt 0.409081 0.788954
vt 0.453462 0.788954
vt 0.452846 0.803584
vt 0.927073 0.178890
vt 0.944995 0.178890
vt 0.927376 0.203346
vt 0.513877 0.956421
vt 0.074499 0.419482
vt 0.039702 0.442079
vt 0.030067 0.433599
vt 0.079411 0.607747
vt 0.084735 0.668501
vt 0.073835 0.653154
vt 0.145317 0.863268
vt 0.166828 0.874060
vt 0.145045 0.878835
vt 0.290101 0.743644
vt 0.273138 0.746606
vt 0.275273 0.731885
vt 0.932227 0.439897
vt 0.932608 0.461770
vt 0.915207 0.438083
vt 0.209249 0.754020
vt 0.209249 0.744262
vt 0.259087 0.752198
vt 0.056649 0.605922
vt 0.012128 0.331412
vt 0.012128 0.346055
vt 0.001618 0.339665
vt 0.287828 0.833193
vt 0.696408 0.452235
vt 0.690869 0.081420
vt 0.651479 0.978267
vt 0.299606 0.747649
vt 0.296877 0.734317
vt 0.415286 0.860081
vt 0.400836 0.837560
vt 0.424003 0.836131
vt 0.266474 0.980084
vt 0.266474 0.995861
vt 0.258317 0.995518
vt 0.206495 0.733859
vt 0.591182 0.998349
vt 0.583256 0.987441
vt 0.600838 0.987414
vt 0.797764 0.118539
vt 0.474856 0.923218
vt 0.468451 0.911172
vt 0.487835 0.921111
vt 0.048896 0.494137
vt 0.042313 0.454273
vt 0.057802 0.469668
vt 0.267652 0.738232
vt 0.380265 0.326474
vt 0.423008 0.982397
vt 0.423008 0.996985
vt 0.416462 0.988273
vt 0.708711 0.461363
vt 0.975104 0.670656
vt 0.986220 0.664238
vt 0.986996 0.684203
vt 0.496694 0.902015
vt 0.386503 0.860973
vt 0.958424 0.149469
vt 0.971390 0.152702
vt 0.952027 0.167173
vt 0.638078 0.070107
vt 0.959850 0.458631
vt 0.981731 0.458631
vt 0.972086 0.464295
vt 0.983587 0.280219
vt 0.983587 0.292933
vt 0.967813 0.279919
vt 0.758358 0.412571
vt 0.437526 0.318859
vt 0.487341 0.339651
vt 0.448327 0.355244
vt 0.327465 0.982449
vt 0.333310 0.990797
vt 0.327541 0.995460
vt 0.779591 0.132168
vt 0.127968 0.978630
vt 0.123732 0.990933
vt 0.113073 0.988665
vt 0.694783 0.270805
vt 0.710225 0.255363
vt 0.709288 0.318520
vt 0.332493 0.303471
vt 0.770309 0.421153
vt 0.770309 0.368734
vt 0.786392 0.403107
vt 0.298646 0.651564
vt 0.423193 0.943464
vt 0.443812 0.928483
vt 0.449660 0.949278
vt 0.526201 0.380806
vt 0.512819 0.381470
vt 0.521313 0.342221
vt 0.621072 0.098269
vt 0.686243 0.098269
vt 0.669538 0.112335
vt 0.690827 0.575269
vt 0.712707 0.575792
vt 0.706925 0.622884
vt 0.606873 0.069513
vt 0.057835 0.446953
vt 0.930352 0.775012
vt 0.946187 0.753216
vt 0.952319 0.772014
vt 0.407858 0.023812
vt 0.400268 0.007535
vt 0.408274 0.000243
vt 0.705576 0.966910
vt 0.686505 0.953054
vt 0.708193 0.952089
vt 0.923795 0.523847
vt 0.922934 0.540282
vt 0.911748 0.524570
vt 0.661530 0.978294
vt 0.946270 0.206972
vt 0.150676 0.888328
vt 0.553815 0.383213
vt 0.083309 0.530474
vt 0.077804 0.593398
vt 0.073785 0.528350
vt 0.275019 0.635923
vt 0.907613 0.939802
vt 0.905053 0.950224
vt 0.881292 0.939144
vt 0.857704 0.055238
vt 0.896466 0.812977
vt 0.920706 0.795366
vt 0.923858 0.831537
vt 0.725690 0.891226
vt 0.737904 0.878578
vt 0.739155 0.899602
vt 0.281643 0.620793
vt 0.288663 0.843364
vt 0.481431 0.327186
vt 0.327964 0.025497
vt 0.336091 0.000522
vt 0.345572 0.014062
vt 0.911736 0.535782
vt 0.026870 0.972105
vt 0.014595 0.972964
vt 0.009458 0.959781
vt 0.748458 0.874875
vt 0.824393 0.159335
vt 0.824393 0.118524
vt 0.836874 0.148683
vt 0.970893 0.301819
vt 0.913459 0.689597
vt 0.908755 0.662922
vt 0.915496 0.657482
vt 0.313736 0.726200
vt 0.370751 0.995294
vt 0.360046 0.996060
vt 0.357887 0.983812
vt 0.833496 0.970644
vt 0.833496 0.988610
vt 0.828261 0.982368
vt 0.381675 0.902855
vt 0.388238 0.890340
vt 0.407910 0.904114
vt 0.884058 0.950400
vt 0.369142 0.787696
vt 0.345260 0.758204
vt 0.383753 0.783997
vt 0.478780 0.761805
vt 0.459587 0.738931
vt 0.509976 0.738977
vt 0.691018 0.463033
vt 0.971767 0.685786
vt 0.319708 0.732694
vt 0.542070 0.023383
vt 0.548946 0.011472
vt 0.594406 0.020441
vt 0.884378 0.142148
vt 0.884378 0.107238
vt 0.896672 0.141761
vt 0.887756 0.477931
vt 0.880201 0.458248
vt 0.897338 0.474072
vt 0.080267 0.940251
vt 0.055226 0.948387
vt 0.057058 0.935265
vt 0.920638 0.222643
vt 0.940376 0.221468
vt 0.940376 0.250795
vt 0.774275 0.940597
vt 0.795571 0.925124
vt 0.802554 0.950183
vt 0.696880 0.089995
vt 0.980483 0.936750
vt 0.995462 0.936750
vt 0.980900 0.956721
vt 0.559556 0.843697
vt 0.527744 0.820584
vt 0.563567 0.811188
vt 0.675390 0.120301
vt 0.665410 0.151152
vt 0.642118 0.151189
vt 0.921133 0.507337
vt 0.413121 0.886755
vt 0.500020 0.930670
vt 0.470525 0.930670
vt 0.474154 0.924509
vt 0.127232 0.886569
vt 0.728214 0.901758
vt 0.699820 0.563174
vt 0.896336 0.450964
vt 0.096369 0.881801
vt 0.985767 0.617445
vt 0.999015 0.607820
vt 0.997245 0.631748
vt 0.354181 0.001641
vt 0.971802 0.936149
vt 0.963868 0.924818
vt 0.971822 0.912157
vt 0.296444 0.957300
vt 0.296444 0.974462
vt 0.274984 0.972002
vt 0.614673 0.987435
vt 0.628822 0.987435
vt 0.622531 0.998819
vt 0.625521 0.901360
vt 0.627267 0.911258
vt 0.610519 0.902191
vt 0.723100 0.890681
vt 0.732410 0.919334
vt 0.710398 0.918340
vt 0.350745 0.338671
vt 0.987990 0.716504
vt 0.980591 0.719955
vt 0.980723 0.699780
vt 0.796215 0.610937
vt 0.805602 0.629270
vt 0.794425 0.638648
vt 0.449181 0.007707
vt 0.437908 0.007707
vt 0.441264 0.000639
vt 0.463208 0.361526
vt 0.427273 0.848756
vt 0.425354 0.833129
vt 0.461244 0.847596
vt 0.536436 0.669083
vt 0.521404 0.681696
vt 0.539511 0.658019
vt 0.873256 0.666452
vt 0.860667 0.693450
vt 0.861407 0.656084
vt 0.995192 0.953852
vt 0.374072 0.984521
vt 0.963172 0.956563
vt 0.951548 0.942308
vt 0.963172 0.947762
vt 0.024036 0.099427
vt 0.037140 0.083811
vt 0.034609 0.114767
vt 0.609847 0.923263
vt 0.910876 0.247424
vt 0.105860 0.978954
vt 0.105675 0.989566
vt 0.097871 0.990609
vt 0.819905 0.352081
vt 0.825651 0.384666
vt 0.817943 0.393133
vt 0.549672 0.990083
vt 0.543112 0.997901
vt 0.543569 0.983935
vt 0.037792 0.578354
vt 0.031428 0.614444
vt 0.032350 0.565723
vt 0.029180 0.064229
vt 0.014257 0.063447
vt 0.029435 0.026147
vt 0.227184 0.045662
vt 0.227184 0.084524
vt 0.197857 0.045688
vt 0.154248 0.796215
vt 0.177972 0.795386
vt 0.157637 0.808181
vt 0.898493 0.532570
vt 0.607675 0.080077
vt 0.050094 0.011685
vt 0.045314 0.005988
vt 0.079379 0.007275
vt 0.984022 0.749081
vt 0.998496 0.748829
vt 0.983340 0.759271
vt 0.938154 0.956058
vt 0.976198 0.717845
vt 0.979848 0.730155
vt 0.971797 0.741654
vt 0.550406 0.352576
vt 0.219084 0.926869
vt 0.217958 0.939069
vt 0.211672 0.950892
vt 0.643712 0.132261
vt 0.759337 0.889509
vt 0.752648 0.900624
vt 0.694135 0.478202
vt 0.032485 0.076413
vt 0.380812 0.780346
vt 0.351070 0.759521
vt 0.400035 0.757700
vt 0.619681 0.930746
vt 0.022752 0.069327
vt 0.169882 0.809161
vt 0.397586 0.364740
vt 0.881749 0.992931
vt 0.881749 0.980625
vt 0.888010 0.980560
vt 0.980087 0.274691
vt 0.991440 0.258093
vt 0.988588 0.272413
vt 0.884919 0.444013
vt 0.892865 0.445754
vt 0.509168 0.298761
vt 0.631673 0.077939
vt 0.206937 0.914062
vt 0.177772 0.908919
vt 0.209071 0.906753
vt 0.225517 0.948578
vt 0.709302 0.471941
vt 0.020482 0.069582
vt 0.664483 0.168799
vt 0.034789 0.119190
vt 0.010376 0.119190
vt 0.029307 0.111541
vt 0.821786 0.989605
vt 0.820056 0.996543
vt 0.812480 0.984802
vt 0.516027 0.659119
vt 0.806459 0.643377
vt 0.803275 0.657596
vt 0.261457 0.608860
vt 0.001994 0.287409
vt 0.017152 0.287409
vt 0.009931 0.300219
vt 0.649600 0.271241
vt 0.668222 0.224715
vt 0.675260 0.241722
vt 0.639957 0.260180
vt 0.858760 0.971208
vt 0.866371 0.954888
vt 0.867307 0.976384
vt 0.825531 0.963650
vt 0.821018 0.949763
vt 0.846139 0.949458
vt 0.371206 0.351284
vt 0.766336 0.980326
vt 0.756139 0.967145
vt 0.769702 0.967763
vt 0.252729 0.116676
vt 0.225860 0.111938
vt 0.248745 0.095714
vt 0.507556 0.674772
vt 0.269301 0.099441
vt 0.868985 0.453061
vt 0.670429 0.216259
vt 0.661902 0.202756
vt 0.675292 0.196428
vt 0.455818 0.994868
vt 0.439617 0.994868
vt 0.444100 0.979113
vt 0.955841 0.730181
vt 0.689883 0.476613
vt 0.956048 0.718794
vt 0.259721 0.631768
vt 0.362267 0.013116
vt 0.661202 0.185475
vt 0.960298 0.878541
vt 0.960298 0.853418
vt 0.966555 0.864815
vt 0.579594 0.687528
vt 0.581294 0.706966
vt 0.567342 0.692572
vt 0.752471 0.980317
vt 0.890290 0.043334
vt 0.857869 0.053868
vt 0.858922 0.043932
vt 0.808975 0.590851
vt 0.779776 0.589917
vt 0.801332 0.581414
vt 0.160863 0.986529
vt 0.145706 0.986529
vt 0.161010 0.974689
vt 0.469958 0.303148
vt 0.979108 0.648741
vt 0.984753 0.662713
vt 0.973028 0.669865
vt 0.025572 0.969409
vt 0.009487 0.958147
vt 0.032241 0.965316
vt 0.153754 0.953469
vt 0.160385 0.973875
vt 0.140057 0.973187
vt 0.325868 0.717250
vt 0.010442 0.436560
vt 0.025395 0.436560
vt 0.012825 0.441692
vt 0.906765 0.255330
vt 0.905705 0.285668
vt 0.895646 0.256189
vt 0.032092 0.957444
vt 0.882347 0.150852
vt 0.896740 0.142542
vt 0.895366 0.177537
vt 0.252957 0.977450
vt 0.263980 0.981031
vt 0.256609 0.996041
vt 0.980246 0.254519
vt 0.040414 0.972665
vt 0.047460 0.982728
vt 0.040734 0.989043
vt 0.296918 0.975499
vt 0.281590 0.986635
vt 0.277456 0.974091
vt 0.954372 0.648459
vt 0.953090 0.633810
vt 0.967679 0.645058
vt 0.748707 0.973107
vt 0.657829 0.110357
vt 0.651912 0.116790
vt 0.618053 0.098787
vt 0.236064 0.938399
vt 0.242511 0.654272
vt 0.991403 0.909641
vt 0.984230 0.886629
vt 0.993953 0.891495
vt 0.171441 0.085904
vt 0.980568 0.720737
vt 0.995377 0.720737
vt 0.989523 0.740235
vt 0.964353 0.228155
vt 0.982137 0.215234
vt 0.981316 0.231992
vt 0.770800 0.558879
vt 0.618266 0.097973
vt 0.264274 0.085582
vt 0.656587 0.191265
vt 0.141887 0.975654
vt 0.415517 0.988892
vt 0.418747 0.998835
vt 0.407959 0.996708
vt 0.062693 0.457702
vt 0.078960 0.462987
vt 0.057816 0.473745
vt 0.238991 0.950581
vt 0.189886 0.819734
vt 0.178742 0.961179
vt 0.178742 0.937201
vt 0.186501 0.951833
vt 0.374595 0.998428
vt 0.374595 0.984390
vt 0.388782 0.997322
vt 0.920260 0.254342
vt 0.358985 0.810629
vt 0.388489 0.819000
vt 0.363190 0.830415
vt 0.644415 0.177317
vt 0.645479 0.126967
vt 0.226465 0.153273
vt 0.270465 0.154140
vt 0.258591 0.184603
vt 0.980029 0.900038
vt 0.823187 0.831954
vt 0.778188 0.843759
vt 0.789165 0.820900
vt 0.068175 0.480101
vt 0.981673 0.615840
vt 0.981673 0.638455
vt 0.961381 0.618922
vt 0.959637 0.738596
vt 0.977061 0.830553
vt 0.980720 0.816901
vt 0.980664 0.839948
vt 0.233441 0.090529
vt 0.208362 0.086210
vt 0.830126 0.438244
vt 0.814450 0.400244
vt 0.829061 0.417924
vt 0.644411 0.193591
vt 0.264374 0.957845
vt 0.252410 0.967884
vt 0.241762 0.957496
vt 0.612483 0.132926
vt 0.821185 0.424784
vt 0.332770 0.765989
vt 0.352603 0.770536
vt 0.354254 0.789407
vt 0.327635 0.022425
vt 0.327635 0.001630
vt 0.331668 0.008566
vt 0.514908 0.265989
vt 0.555656 0.228962
vt 0.050433 0.073051
vt 0.030078 0.073429
vt 0.030078 0.053682
vt 0.585029 0.997919
vt 0.575502 0.997919
vt 0.584923 0.992262
vt 0.307995 0.784350
vt 0.315027 0.771374
vt 0.569715 0.995897
vt 0.553997 0.995897
vt 0.567497 0.982012
vt 0.185583 0.056893
vt 0.836058 0.005573
vt 0.843373 0.015641
vt 0.836378 0.020446
vt 0.325604 0.790712
vt 0.913707 0.951449
vt 0.928335 0.952059
vt 0.925812 0.961476
vt 0.959720 0.624001
vt 0.968363 0.627275
vt 0.989861 0.393150
vt 0.984487 0.376610
vt 0.999313 0.378447
vt 0.241714 0.631636
vt 0.635731 0.356546
vt 0.635731 0.409752
vt 0.631431 0.351349
vt 0.704157 0.485427
vt 0.408650 0.732050
vt 0.420228 0.728475
vt 0.449467 0.739117
vt 0.492235 0.661804
vt 0.638574 0.309934
vt 0.933332 0.991704
vt 0.950811 0.991704
vt 0.944018 0.996023
vt 0.994596 0.429510
vt 0.984315 0.415360
vt 0.997521 0.415584
vt 0.221625 0.171553
vt 0.867822 0.471581
vt 0.839692 0.473016
vt 0.855828 0.459999
vt 0.230286 0.203604
vt 0.812871 0.843803
vt 0.887358 0.298568
vt 0.896379 0.311452
vt 0.886635 0.333244
vt 0.007272 0.221469
vt 0.007272 0.238031
vt 0.001564 0.232632
vt 0.619488 0.218057
vt 0.735904 0.990965
vt 0.747803 0.973689
vt 0.752877 0.990075
vt 0.471096 0.983670
vt 0.468435 0.973001
vt 0.480915 0.981553
vt 0.550389 0.713722
vt 0.422393 0.875519
vt 0.441598 0.880307
vt 0.442114 0.901114
vt 0.054320 0.483363
vt 0.359980 0.969292
vt 0.374621 0.969183
vt 0.378294 0.982891
vt 0.481491 0.987235
vt 0.279357 0.158625
vt 0.286108 0.166803
vt 0.661499 0.980891
vt 0.668567 0.986822
vt 0.652003 0.990672
vt 0.488538 0.290038
vt 0.652433 0.978892
vt 0.922053 0.333401
vt 0.941487 0.356855
vt 0.925585 0.353432
vt 0.665939 0.839312
vt 0.641232 0.836278
vt 0.670368 0.824323
vt 0.923841 0.348539
vt 0.914732 0.373565
vt 0.914647 0.343666
vt 0.223361 0.793341
vt 0.211932 0.817852
vt 0.198473 0.793835
vt 0.528693 0.652963
vt 0.487141 0.645636
vt 0.559472 0.645771
vt 0.996878 0.012346
vt 0.996878 0.030855
vt 0.990358 0.020518
vt 0.333115 0.383405
vt 0.027612 0.845228
vt 0.009538 0.831107
vt 0.033663 0.827278
vt 0.017989 0.767549
vt 0.017989 0.786697
vt 0.010975 0.782746
vt 0.730678 0.980831
vt 0.205680 0.097474
vt 0.141890 0.097474
vt 0.162952 0.094475
vt 0.982833 0.151227
vt 0.994584 0.151227
vt 0.984781 0.170816
vt 0.926830 0.112010
vt 0.917662 0.119703
vt 0.896931 0.112293
vt 0.110161 0.818704
vt 0.134854 0.816544
vt 0.152971 0.817321
vt 0.617448 0.150602
vt 0.484289 0.118385
vt 0.446176 0.123510
vt 0.415048 0.118021
vt 0.499832 0.033390
vt 0.513853 0.045082
vt 0.500257 0.056490
vt 0.982363 0.635027
vt 0.982363 0.615341
vt 0.994564 0.630535
vt 0.672711 0.996546
vt 0.678295 0.988861
vt 0.677416 0.998866
vt 0.470474 0.655297
vt 0.789055 0.693426
vt 0.791463 0.675740
vt 0.801151 0.676588
vt 0.524279 0.988747
vt 0.524279 0.998981
vt 0.514994 0.997904
vt 0.468182 0.992531
vt 0.461617 0.985967
vt 0.468163 0.976050
vt 0.504442 0.123387
vt 0.603700 0.134133
vt 0.964089 0.203460
vt 0.972520 0.203941
vt 0.979205 0.213488
vt 0.920399 0.105209
vt 0.903477 0.105382
vt 0.895016 0.073803
vt 0.895741 0.308753
vt 0.892013 0.294840
vt 0.896893 0.273966
vt 0.932469 0.269517
vt 0.957565 0.261363
vt 0.956272 0.289938
vt 0.057023 0.497610
vt 0.788672 0.380855
vt 0.773721 0.373196
vt 0.783542 0.361492
vt 0.196218 0.812671
vt 0.594319 0.669765
vt 0.577810 0.671186
vt 0.582468 0.661056
vt 0.613000 0.706945
vt 0.598245 0.724790
vt 0.598380 0.703228
vt 0.041374 0.053589
vt 0.980102 0.477324
vt 0.990934 0.480844
vt 0.982368 0.499112
vt 0.504052 0.026028
vt 0.312105 0.670940
vt 0.298551 0.653592
vt 0.326276 0.646257
vt 0.941247 0.016839
vt 0.953219 0.026885
vt 0.940743 0.043544
vt 0.872099 0.907607
vt 0.868531 0.899954
vt 0.899756 0.900714
vt 0.495001 0.657003
vt 0.567052 0.650650
vt 0.564242 0.657003
vt 0.886301 0.338399
vt 0.896714 0.350808
vt 0.886411 0.372941
vt 0.627620 0.817946
vt 0.987927 0.509746
vt 0.990673 0.519993
vt 0.987727 0.530509
vt 0.962882 0.979563
vt 0.979595 0.978101
vt 0.962706 0.994501
vt 0.981941 0.203528
vt 0.981941 0.183806
vt 0.995477 0.199752
vt 0.559766 0.898913
vt 0.559587 0.923374
vt 0.545596 0.918416
vt 0.652485 0.193396
vt 0.569355 0.717121
vt 0.871477 0.831322
vt 0.872279 0.852759
vt 0.860236 0.854451
vt 0.022379 0.112905
vt 0.010543 0.116751
vt 0.010021 0.091398
vt 0.561741 0.673633
vt 0.300974 0.149857
vt 0.358083 0.983198
vt 0.919762 0.076077
vt 0.977550 0.232810
vt 0.989559 0.244098
vt 0.978216 0.250646
vt 0.574388 0.660101
vt 0.380216 0.842292
vt 0.772495 0.365267
vt 0.942945 0.328467
vt 0.400185 0.815686
vt 0.425968 0.795958
vt 0.428843 0.817690
vt 0.390156 0.842065
vt 0.585019 0.657600
vt 0.931513 0.640228
vt 0.953121 0.624529
vt 0.949745 0.660204
vt 0.979737 0.723882
vt 0.974608 0.709789
vt 0.979433 0.700271
vt 0.995471 0.137739
vt 0.986354 0.139183
vt 0.996464 0.124931
vt 0.661454 0.931188
vt 0.654759 0.925734
vt 0.661691 0.916193
vt 0.334601 0.656409
vt 0.967330 0.348539
vt 0.979401 0.344146
vt 0.987505 0.348303
vt 0.524039 0.011338
vt 0.524829 0.028059
vt 0.209794 0.960679
vt 0.201328 0.942524
vt 0.210061 0.936719
vt 0.945541 0.001619
vt 0.964457 0.003607
vt 0.965603 0.015563
vt 0.929465 0.783858
vt 0.933228 0.775789
vt 0.955660 0.782254
vt 0.877539 0.463674
vt 0.866422 0.452364
vt 0.300614 0.165410
vt 0.867205 0.407960
vt 0.884411 0.443292
vt 0.867205 0.438571
vt 0.017348 0.800329
vt 0.113027 0.855607
vt 0.113027 0.823333
vt 0.151086 0.848049
vt 0.409613 0.722837
vt 0.939196 0.746153
vt 0.957711 0.745065
vt 0.953529 0.757937
vt 0.556225 0.660440
vt 0.085176 0.988209
vt 0.066027 0.988209
vt 0.078949 0.981846
vt 0.669677 0.998481
vt 0.658510 0.990367
vt 0.677278 0.987283
vt 0.665685 0.805755
vt 0.312736 0.157959
vt 0.980415 0.688347
vt 0.988853 0.684412
vt 0.985977 0.698740
vt 0.932530 0.684313
vt 0.923453 0.657294
vt 0.941054 0.676364
vt 0.937545 0.950650
vt 0.141345 0.864903
vt 0.137892 0.858761
vt 0.156868 0.846438
vt 0.574815 0.263585
vt 0.571294 0.238080
vt 0.577358 0.259657
vt 0.980347 0.995881
vt 0.848880 0.820561
vt 0.855789 0.879938
vt 0.866803 0.876987
vt 0.853332 0.888217
vt 0.996678 0.703904
vt 0.997003 0.686879
vt 0.051458 0.516521
vt 0.034286 0.479694
vt 0.063229 0.526002
vt 0.993469 0.553781
vt 0.981524 0.558128
vt 0.976585 0.552819
vt 0.582182 0.970738
vt 0.576173 0.977898
vt 0.575894 0.956810
vt 0.941300 0.737777
vt 0.954973 0.730527
vt 0.850011 0.253765
vt 0.879001 0.232702
vt 0.880475 0.271962
vt 0.826555 0.930349
vt 0.846202 0.935614
vt 0.819974 0.948564
vt 0.705792 0.968988
vt 0.687756 0.965482
vt 0.687434 0.955410
vt 0.961933 0.519061
vt 0.970920 0.541447
vt 0.959861 0.535940
vt 0.773077 0.845434
vt 0.788941 0.853692
vt 0.773701 0.852563
vt 0.577420 0.683807
vt 0.697149 0.510191
vt 0.691812 0.496050
vt 0.724977 0.483979
vt 0.963849 0.226584
vt 0.398197 0.279958
vt 0.052116 0.490171
vt 0.142971 0.851648
vt 0.133710 0.852664
vt 0.316688 0.807775
vt 0.351466 0.808326
vt 0.330879 0.832354
vt 0.444212 0.959188
vt 0.424797 0.945083
vt 0.450019 0.950554
vt 0.789721 0.353019
vt 0.790337 0.338181
vt 0.849671 0.522546
vt 0.866153 0.523988
vt 0.846527 0.543502
vt 0.032009 0.526688
vt 0.180664 0.798350
vt 0.959107 0.521986
vt 0.959107 0.547724
vt 0.941728 0.540191
vt 0.961670 0.421639
vt 0.953877 0.412041
vt 0.961685 0.407533
vt 0.580079 0.921968
vt 0.980690 0.903336
vt 0.980690 0.926315
vt 0.973164 0.922234
vt 0.010308 0.819112
vt 0.710672 0.482291
vt 0.483917 0.670862
vt 0.854003 0.628989
vt 0.854003 0.668016
vt 0.847519 0.649176
vt 0.968435 0.864096
vt 0.981150 0.866109
vt 0.961904 0.878663
vt 0.846042 0.948885
vt 0.884881 0.409556
vt 0.954255 0.220515
vt 0.946048 0.220696
vt 0.946048 0.207945
vt 0.001474 0.209303
vt 0.007363 0.219503
vt 0.001728 0.225160
vt 0.591535 0.258621
vt 0.356909 0.638906
vt 0.618487 0.725643
vt 0.052493 0.506461
vt 0.607213 0.219620
vt 0.234022 0.008249
vt 0.223513 0.004834
vt 0.233063 0.000097
vt 0.555339 0.214259
vt 0.569653 0.212838
vt 0.554930 0.221447
vt 0.273524 0.956757
vt 0.286780 0.951932
vt 0.298886 0.956192
vt 0.294740 0.175201
vt 0.960014 0.545249
vt 0.726658 0.934815
vt 0.707459 0.941426
vt 0.722382 0.919644
vt 0.999276 0.173609
vt 0.985015 0.173609
vt 0.993807 0.155306
vt 0.771273 0.350474
vt 0.538936 0.023037
vt 0.009359 0.497981
vt 0.021053 0.492527
vt 0.039242 0.498636
vt 0.901899 0.349894
vt 0.901899 0.317264
vt 0.914498 0.342914
vt 0.867801 0.908482
vt 0.208378 0.913753
vt 0.237866 0.913753
vt 0.225375 0.929644
vt 0.003444 0.957747
vt 0.006819 0.950511
vt 0.007356 0.964560
vt 0.588176 0.941906
vt 0.604342 0.919656
vt 0.622918 0.940235
vt 0.481366 0.661494
vt 0.320348 0.164768
vt 0.303298 0.180376
vt 0.793273 0.847115
vt 0.598104 0.149131
vt 0.595478 0.136828
vt 0.743694 0.937677
vt 0.551809 0.199353
vt 0.911302 0.629541
vt 0.940441 0.629541
vt 0.929392 0.640464
vt 0.867759 0.559437
vt 0.623982 0.598255
vt 0.635314 0.532330
vt 0.647005 0.529198
vt 0.535419 0.950604
vt 0.531234 0.963485
vt 0.509745 0.952418
vt 0.582942 0.122391
vt 0.685673 0.479440
vt 0.680061 0.447610
vt 0.684538 0.412558
vt 0.717999 0.998973
vt 0.702717 0.998973
vt 0.711144 0.996609
vt 0.020502 0.184671
vt 0.020502 0.215898
vt 0.010425 0.215918
vt 0.229373 0.971466
vt 0.240926 0.970658
vt 0.229971 0.986632
vt 0.723321 0.541273
vt 0.632141 0.599813
vt 0.999813 0.367747
vt 0.986441 0.372092
vt 0.991271 0.352504
vt 0.612380 0.244365
vt 0.544865 0.058372
vt 0.792152 0.671230
vt 0.808392 0.665721
vt 0.100871 0.236417
vt 0.101517 0.206805
vt 0.108353 0.204973
vt 0.960922 0.253166
vt 0.960922 0.229898
vt 0.976732 0.232019
vt 0.390726 0.732278
vt 0.986610 0.253199
vt 0.954057 0.397212
vt 0.767052 0.855456
vt 0.667219 0.979260
vt 0.679526 0.962321
vt 0.692624 0.976003
vt 0.962945 0.203893
vt 0.963132 0.228306
vt 0.543563 0.506636
vt 0.567839 0.515492
vt 0.568327 0.535502
vt 0.352470 0.934480
vt 0.347088 0.929098
vt 0.351864 0.908917
vt 0.538352 0.667471
vt 0.947946 0.229588
vt 0.262562 0.956782
vt 0.237193 0.956782
vt 0.251199 0.951907
vt 0.356851 0.823647
vt 0.827187 0.981254
vt 0.826736 0.966083
vt 0.833058 0.968664
vt 0.982854 0.226082
vt 0.983107 0.217333
vt 0.995546 0.220435
vt 0.983315 0.416375
vt 0.994594 0.431898
vt 0.984225 0.431931
vt 0.035398 0.006869
vt 0.024768 0.006053
vt 0.028532 0.000004
vt 0.645040 0.507904
vt 0.635910 0.519591
vt 0.624579 0.502789
vt 0.011710 0.330834
vt 0.002017 0.326997
vt 0.006109 0.317356
vt 0.108545 0.977122
vt 0.127586 0.977122
vt 0.111575 0.988023
vt 0.557088 0.726316
vt 0.532994 0.682892
vt 0.618424 0.180404
vt 0.994897 0.208871
vt 0.046415 0.000450
vt 0.772849 0.329994
vt 0.588720 0.145235
vt 0.832250 0.960817
vt 0.459998 0.672844
vt 0.038558 0.982792
vt 0.038558 0.995850
vt 0.027225 0.979605
vt 0.117100 0.998406
vt 0.110500 0.989322
vt 0.119740 0.991264
vt 0.683682 0.195983
vt 0.711620 0.201226
vt 0.695583 0.221504
vt 0.443212 0.802565
vt 0.161519 0.984035
vt 0.166414 0.989868
vt 0.161764 0.995347
vt 0.990314 0.052195
vt 0.995940 0.058900
vt 0.991096 0.071026
vt 0.847467 0.907490
vt 0.040370 0.035242
vt 0.062503 0.910329
vt 0.089682 0.919160
vt 0.065681 0.928160
vt 0.999923 0.761301
vt 0.982894 0.761301
vt 0.995755 0.752690
vt 0.131120 0.864699
vt 0.638261 0.914173
vt 0.390374 0.995922
vt 0.398758 0.984381
vt 0.399022 0.998437
vt 0.568583 0.197995
vt 0.052278 0.582358
vt 0.054025 0.562396
vt 0.074869 0.596742
vt 0.924826 0.969094
vt 0.924826 0.988196
vt 0.910716 0.981171
vt 0.577343 0.956889
vt 0.600860 0.956889
vt 0.581922 0.966528
vt 0.689852 0.189784
vt 0.697900 0.174738
vt 0.711719 0.191207
vt 0.964852 0.568108
vt 0.979183 0.580646
vt 0.974368 0.578312
vt 0.273242 0.998878
vt 0.267738 0.991303
vt 0.275217 0.994766
vt 0.012785 0.187294
vt 0.005598 0.182261
vt 0.020421 0.181877
vt 0.695276 0.197331
vt 0.015061 0.548313
vt 0.010489 0.562383
vt 0.001630 0.545128
vt 0.587431 0.101377
vt 0.028156 0.995160
vt 0.999556 0.786392
vt 0.986426 0.780818
vt 0.999829 0.768278
vt 0.008213 0.783420
vt 0.003613 0.769264
vt 0.016515 0.767881
vt 0.010593 0.791344
vt 0.011848 0.784994
vt 0.016615 0.787423
vt 0.014184 0.315705
vt 0.544179 0.519242
vt 0.305905 0.986371
vt 0.320417 0.986275
vt 0.311053 0.996052
vt 0.934221 0.519568
vt 0.960232 0.519568
vt 0.945171 0.530505
vt 0.971725 0.534857
vt 0.965281 0.524544
vt 0.986118 0.530695
vt 0.168589 0.983587
vt 0.185854 0.977978
vt 0.180437 0.990604
vt 0.011363 0.544245
vt 0.021195 0.521519
vt 0.033127 0.522563
vt 0.920666 0.006714
vt 0.939878 0.001602
vt 0.937984 0.017023
vt 0.995566 0.081517
vt 0.995566 0.101105
vt 0.975961 0.086311
vt 0.378712 0.738991
vt 0.669626 0.225051
vt 0.335235 0.969593
vt 0.312776 0.969872
vt 0.327935 0.959167
vt 0.162926 0.241422
vt 0.162102 0.220054
vt 0.174067 0.228145
vt 0.235309 0.010303
vt 0.242790 0.000006
vt 0.250700 0.006902
vt 0.646882 0.720513
vt 0.649539 0.713949
vt 0.681253 0.713949
vt 0.054520 0.000115
vt 0.085392 0.000115
vt 0.070238 0.002831
vt 0.558102 0.698421
vt 0.844876 0.397176
vt 0.853784 0.399074
vt 0.845615 0.417421
vt 0.862761 0.600442
vt 0.873738 0.623981
vt 0.861166 0.637653
vt 0.710374 0.968144
vt 0.720161 0.975519
vt 0.716075 0.986692
vt 0.324433 0.992101
vt 0.616734 0.715087
vt 0.784527 0.675925
vt 0.789847 0.645758
vt 0.789463 0.680875
vt 0.939076 0.656875
vt 0.809685 0.884041
vt 0.817708 0.881891
vt 0.816325 0.912906
vt 0.914856 0.002107
vt 0.914856 0.010166
vt 0.891231 0.004246
vt 0.106293 0.169697
vt 0.095431 0.162412
vt 0.987075 0.351562
vt 0.986125 0.369689
vt 0.980034 0.371561
vt 0.121483 0.856693
vt 0.986154 0.095296
vt 0.986154 0.116781
vt 0.965737 0.109462
vt 0.380796 0.895796
vt 0.355631 0.914080
vt 0.346254 0.895444
vt 0.305228 0.976942
vt 0.305228 0.992622
vt 0.299092 0.981467
vt 0.991527 0.766382
vt 0.589064 0.280075
vt 0.348775 0.832382
vt 0.402840 0.905388
vt 0.410700 0.904895
vt 0.410700 0.915815
vt 0.143809 0.885720
vt 0.143809 0.916440
vt 0.135524 0.900370
vt 0.917265 0.023435
vt 0.826275 0.996947
vt 0.826275 0.982435
vt 0.833519 0.991014
vt 0.161721 0.313574
vt 0.485876 0.983211
vt 0.482214 0.989554
vt 0.482300 0.978537
vt 0.003636 0.935785
vt 0.018947 0.935785
vt 0.011933 0.948850
vt 0.990511 0.530925
vt 0.990511 0.552040
vt 0.971197 0.536344
vt 0.317232 0.012110
vt 0.317232 0.001145
vt 0.326853 0.006320
vt 0.179940 0.998366
vt 0.170576 0.998366
vt 0.177641 0.990834
vt 0.865695 0.415357
vt 0.856550 0.433458
vt 0.109282 0.157299
vt 0.541866 0.985613
vt 0.524898 0.991126
vt 0.527493 0.974019
vt 0.354171 0.660716
vt 0.356469 0.872977
vt 0.356964 0.858801
vt 0.371927 0.875288
vt 0.052060 0.941396
vt 0.029071 0.933927
vt 0.054385 0.931087
vt 0.238152 0.833926
vt 0.226542 0.811140
vt 0.264376 0.824935
vt 0.320414 0.956981
vt 0.994439 0.309042
vt 0.986827 0.315429
vt 0.986414 0.296255
vt 0.139778 0.434343
vt 0.131742 0.464331
vt 0.138575 0.389551
vt 0.395791 0.904766
vt 0.035663 0.486820
vt 0.041485 0.498248
vt 0.010061 0.486043
vt 0.987822 0.593120
vt 0.993500 0.610595
vt 0.974099 0.615030
vt 0.581360 0.122796
vt 0.001549 0.788635
vt 0.015105 0.397203
vt 0.013825 0.409375
vt 0.006005 0.408939
vt 0.962837 0.647069
vt 0.978253 0.647069
vt 0.971703 0.670064
vt 0.996404 0.299005
vt 0.990674 0.046859
vt 0.996072 0.037510
vt 0.995409 0.056255
vt 0.600789 0.525523
vt 0.586189 0.539743
vt 0.035543 0.119554
vt 0.040142 0.074600
vt 0.051947 0.099297
vt 0.971795 0.589967
vt 0.029751 0.920656
vt 0.866465 0.427110
vt 0.207550 0.412596
vt 0.199096 0.403452
vt 0.196967 0.379110
vt 0.085775 0.288853
vt 0.083128 0.257249
vt 0.089675 0.287034
vt 0.692159 0.150858
vt 0.710447 0.152301
vt 0.203558 0.447360
vt 0.199257 0.443843
vt 0.598040 0.226222
vt 0.705249 0.147611
vt 0.031813 0.026718
vt 0.390448 0.916540
vt 0.380169 0.906111
vt 0.003541 0.994993
vt 0.002623 0.987515
vt 0.006705 0.984880
vt 0.492006 0.973610
vt 0.498666 0.965673
vt 0.497748 0.984745
vt 0.226118 0.644801
vt 0.239891 0.682644
vt 0.212449 0.649733
vt 0.127721 0.992540
vt 0.140811 0.988287
vt 0.137380 0.998949
vt 0.561032 0.965756
vt 0.561032 0.985152
vt 0.543042 0.980376
vt 0.981188 0.789458
vt 0.973261 0.806458
vt 0.973156 0.784607
vt 0.937379 0.051578
vt 0.952584 0.030650
vt 0.959037 0.053297
vt 0.836396 0.077727
vt 0.857203 0.077727
vt 0.833738 0.108485
vt 0.480211 0.994470
vt 0.486407 0.985942
vt 0.485727 0.997858
vt 0.790299 0.643835
vt 0.074695 0.558780
vt 0.896582 0.110914
vt 0.899628 0.106563
vt 0.924724 0.110591
vt 0.805358 0.855597
vt 0.516629 0.693096
vt 0.207220 0.491779
vt 0.202027 0.469553
vt 0.206295 0.468670
vt 0.995916 0.061881
vt 0.995916 0.080976
vt 0.990339 0.079697
vt 0.552696 0.046936
vt 0.128264 0.378085
vt 0.385799 0.850289
vt 0.152952 0.844898
vt 0.155881 0.817031
vt 0.169602 0.845356
vt 0.996480 0.000644
vt 0.996480 0.011138
vt 0.991248 0.001559
vt 0.901268 0.925214
vt 0.892094 0.916039
vt 0.909351 0.928323
vt 0.405140 0.981951
vt 0.421566 0.981951
vt 0.406043 0.994977
vt 0.135029 0.836193
vt 0.142458 0.822708
vt 0.351087 0.614710
vt 0.370803 0.610356
vt 0.584574 0.556423
vt 0.367150 0.636229
vt 0.737431 0.548280
vt 0.725324 0.530874
vt 0.736533 0.522427
vt 0.691659 0.259589
vt 0.580757 0.114012
vt 0.796126 0.967497
vt 0.789985 0.980666
vt 0.779904 0.966748
vt 0.421896 0.965202
vt 0.427003 0.980921
vt 0.405594 0.981288
vt 0.970972 0.114099
vt 0.952444 0.127560
vt 0.954557 0.113481
vt 0.222871 0.994903
vt 0.209689 0.990620
vt 0.223301 0.977606
vt 0.650295 0.979914
vt 0.650295 0.996032
vt 0.639838 0.984443
vt 0.541723 0.556942
vt 0.768082 0.297647
vt 0.762109 0.319938
vt 0.762882 0.265236
vt 0.806082 0.391280
vt 0.803810 0.417247
vt 0.802166 0.367240
vt 0.893960 0.396446
vt 0.887093 0.415312
vt 0.886600 0.380957
vt 0.577314 0.567003
vt 0.966376 0.404496
vt 0.955918 0.397173
vt 0.978299 0.397513
vt 0.200192 0.674860
vt 0.608072 0.914994
vt 0.594678 0.919346
vt 0.597791 0.886742
vt 0.551245 0.028769
vt 0.685180 0.402844
vt 0.677740 0.415731
vt 0.677608 0.373303
vt 0.348865 0.859257
vt 0.360170 0.883502
vt 0.331423 0.864541
vt 0.787040 0.698866
vt 0.053090 0.531879
vt 0.178732 0.933375
vt 0.187984 0.925612
vt 0.187647 0.951168
vt 0.775302 0.980724
vt 0.540031 0.174515
vt 0.678680 0.440148
vt 0.586114 0.189993
vt 0.325642 0.882465
vt 0.068654 0.675857
vt 0.058250 0.686261
vt 0.060460 0.637254
vt 0.442296 0.756952
vt 0.392265 0.756514
vt 0.431849 0.738858
vt 0.908747 0.590849
vt 0.907299 0.579347
vt 0.914006 0.571354
vt 0.140031 0.000115
vt 0.157466 0.004462
vt 0.154413 0.020503
vt 0.273761 0.865788
vt 0.243592 0.864133
vt 0.252188 0.839171
vt 0.177418 0.794569
vt 0.132089 0.794569
vt 0.177680 0.787660
vt 0.983359 0.860021
vt 0.983359 0.840519
vt 0.995532 0.850289
vt 0.912943 0.471685
vt 0.906399 0.481030
vt 0.906510 0.448278
vt 0.193194 0.513355
vt 0.191242 0.473011
vt 0.195569 0.470993
vt 0.706089 0.828548
vt 0.708988 0.817729
vt 0.716438 0.829876
vt 0.794654 0.958806
vt 0.778317 0.966424
vt 0.770393 0.957975
vt 0.774807 0.981515
vt 0.791221 0.981515
vt 0.789889 0.991485
vt 0.083411 0.310207
vt 0.084047 0.333325
vt 0.595112 0.592436
vt 0.710746 0.134039
vt 0.821028 0.057840
vt 0.815530 0.041618
vt 0.824189 0.036619
vt 0.249479 0.913591
vt 0.257643 0.927732
vt 0.229348 0.926888
vt 0.010898 0.499447
vt 0.424162 0.852270
vt 0.441125 0.864595
vt 0.406694 0.870928
vt 0.584771 0.396760
vt 0.601287 0.398322
vt 0.587225 0.405919
vt 0.795471 0.784517
vt 0.796137 0.790854
vt 0.781975 0.777255
vt 0.920867 0.915565
vt 0.192806 0.424443
vt 0.190595 0.447160
vt 0.189732 0.422822
vt 0.588995 0.447133
vt 0.599156 0.418173
vt 0.342242 0.109045
vt 0.422609 0.109045
vt 0.387410 0.112850
vt 0.782594 0.801538
vt 0.765494 0.754011
vt 0.793963 0.730770
vt 0.780360 0.754011
vt 0.031791 0.499480
vt 0.776006 0.775485
vt 0.593908 0.500638
vt 0.840828 0.061347
vt 0.061146 0.083124
vt 0.196929 0.642794
vt 0.707501 0.803517
vt 0.724648 0.802340
vt 0.799016 0.747687
vt 0.188869 0.238487
vt 0.188498 0.332132
vt 0.182819 0.307632
vt 0.238758 0.846143
vt 0.597474 0.181263
vt 0.956972 0.483252
vt 0.959744 0.492319
vt 0.935690 0.483135
vt 0.750255 0.799688
vt 0.835677 0.032657
vt 0.105534 0.857564
vt 0.089112 0.861965
vt 0.098006 0.844958
vt 0.726335 0.515582
vt 0.041065 0.663439
vt 0.175392 0.238315
vt 0.762053 0.258351
vt 0.768629 0.221060
vt 0.767233 0.275749
vt 0.153311 0.215528
vt 0.161367 0.215528
vt 0.154695 0.240638
vt 0.928071 0.069067
vt 0.928071 0.039917
vt 0.939382 0.059801
vt 0.165724 0.809529
vt 0.163560 0.617719
vt 0.166407 0.650256
vt 0.119290 0.627463
vt 0.006519 0.277318
vt 0.005612 0.266959
vt 0.006661 0.261710
vt 0.637433 0.037572
vt 0.632891 0.020623
vt 0.638586 0.012011
vt 0.566760 0.787537
vt 0.578061 0.787537
vt 0.570111 0.827583
vt 0.605568 0.479866
vt 0.608606 0.499599
vt 0.598562 0.492002
vt 0.240972 0.912720
vt 0.907984 0.558391
vt 0.539249 0.573082
vt 0.198093 0.401225
vt 0.141468 0.989981
vt 0.141468 0.979582
vt 0.144246 0.986084
vt 0.032045 0.616305
vt 0.036114 0.632624
vt 0.013469 0.615290
vt 0.979647 0.470848
vt 0.965584 0.481065
vt 0.957025 0.458552
vt 0.311496 0.908575
vt 0.284633 0.888664
vt 0.302159 0.879840
vt 0.050265 0.883786
vt 0.075410 0.902055
vt 0.055666 0.912483
vt 0.581272 0.145805
vt 0.602130 0.151214
vt 0.590169 0.158867
vt 0.852876 0.939674
vt 0.868588 0.923953
vt 0.880556 0.941045
vt 0.408579 0.732984
vt 0.382844 0.650225
vt 0.442282 0.878707
vt 0.552472 0.951121
vt 0.576149 0.951121
vt 0.554654 0.964441
vt 0.602088 0.397308
vt 0.134757 0.660654
vt 0.158548 0.310246
vt 0.574272 0.961971
vt 0.819199 0.997910
vt 0.810648 0.997910
vt 0.812320 0.987362
vt 0.858948 0.117167
vt 0.016565 0.570228
vt 0.008963 0.570228
vt 0.014986 0.553484
vt 0.139285 0.966152
vt 0.139285 0.984756
vt 0.132193 0.968886
vt 0.182595 0.826677
vt 0.039100 0.882105
vt 0.023629 0.871755
vt 0.041611 0.858691
vt 0.164494 0.683667
vt 0.580166 0.589627
vt 0.996233 0.848274
vt 0.981365 0.837472
vt 0.998998 0.835084
vt 0.414265 0.107433
vt 0.345185 0.107432
vt 0.398067 0.098753
vt 0.583972 0.932083
vt 0.581768 0.914138
vt 0.593490 0.905423
vt 0.446223 0.866352
vt 0.426293 0.849629
vt 0.462760 0.849407
vt 0.981583 0.836347
vt 0.981583 0.816574
vt 0.994362 0.832682
vt 0.053478 0.065031
vt 0.072950 0.090014
vt 0.136562 0.601153
vt 0.582233 0.865804
vt 0.582233 0.829336
vt 0.590570 0.848345
vt 0.712799 0.253608
vt 0.571818 0.577169
vt 0.961532 0.358691
vt 0.943216 0.358051
vt 0.966455 0.349213
vt 0.588048 0.189806
vt 0.289252 0.903235
vt 0.104525 0.029026
vt 0.075245 0.034640
vt 0.055560 0.012778
vt 0.540053 0.161329
vt 0.049485 0.515696
vt 0.824883 0.922217
vt 0.816072 0.920663
vt 0.844704 0.920877
vt 0.755731 0.465991
vt 0.772006 0.478255
vt 0.771496 0.518791
vt 0.602626 0.605451
vt 0.587413 0.611676
vt 0.044051 0.324072
vt 0.062838 0.314910
vt 0.082902 0.324266
vt 0.572622 0.216827
vt 0.895757 0.222579
vt 0.896205 0.244747
vt 0.891227 0.239484
vt 0.686408 0.750081
vt 0.671752 0.732306
vt 0.692309 0.723633
vt 0.755628 0.524606
vt 0.755628 0.469503
vt 0.767691 0.518179
vt 0.705731 0.748890
vt 0.674081 0.486021
vt 0.660518 0.465184
vt 0.671012 0.472727
vt 0.169225 0.646463
vt 0.670991 0.504137
vt 0.690488 0.483325
vt 0.755567 0.218065
vt 0.784934 0.202167
vt 0.768725 0.220385
vt 0.602502 0.159947
vt 0.658897 0.746478
vt 0.068251 0.845219
vt 0.958508 0.436933
vt 0.972418 0.433641
vt 0.972418 0.457866
vt 0.726901 0.841744
vt 0.013372 0.878563
vt 0.743780 0.507177
vt 0.995519 0.983986
vt 0.981166 0.994414
vt 0.980917 0.984295
vt 0.030257 0.935784
vt 0.054843 0.943772
vt 0.028613 0.945414
vt 0.894372 0.257539
vt 0.805254 0.379737
vt 0.801721 0.339352
vt 0.807509 0.329639
vt 0.804840 0.773879
vt 0.423312 0.138428
vt 0.397853 0.133939
vt 0.428829 0.129123
vt 0.018146 0.309064
vt 0.008855 0.306045
vt 0.016908 0.290347
vt 0.610375 0.154799
vt 0.626909 0.153234
vt 0.971860 0.019882
vt 0.971860 0.043938
vt 0.954503 0.029642
vt 0.189443 0.860920
vt 0.165491 0.853137
vt 0.188827 0.821456
vt 0.573127 0.979422
vt 0.562156 0.982157
vt 0.574319 0.965805
vt 0.821634 0.872397
vt 0.828050 0.890024
vt 0.821434 0.903744
vt 0.958922 0.328448
vt 0.981187 0.342049
vt 0.965275 0.348002
vt 0.445442 0.976582
vt 0.456142 0.981983
vt 0.448652 0.982883
vt 0.950740 0.416575
vt 0.927548 0.409040
vt 0.953650 0.390988
vt 0.493163 0.138263
vt 0.583925 0.185073
vt 0.029530 0.678479
vt 0.763134 0.684781
vt 0.772567 0.648911
vt 0.774037 0.679697
vt 0.905811 0.567490
vt 0.879247 0.548191
vt 0.908676 0.536093
vt 0.629170 0.939733
vt 0.629170 0.956617
vt 0.604017 0.946200
vt 0.672885 0.518458
vt 0.675269 0.544631
vt 0.665428 0.534449
vt 0.117907 0.923411
vt 0.132461 0.918682
vt 0.130031 0.947298
vt 0.470977 0.966994
vt 0.481364 0.952109
vt 0.484918 0.966994
vt 0.339942 0.990755
vt 0.352252 0.990755
vt 0.348516 0.998935
vt 0.820145 0.466739
vt 0.818438 0.454133
vt 0.831538 0.446569
vt 0.939721 0.013917
vt 0.960132 0.013406
vt 0.957533 0.026777
vt 0.852372 0.756365
vt 0.835109 0.786267
vt 0.835803 0.747852
vt 0.451961 0.987090
vt 0.446220 0.898658
vt 0.443820 0.879106
vt 0.455542 0.867174
vt 0.450449 0.870395
vt 0.880405 0.924827
vt 0.532237 0.756769
vt 0.490510 0.758956
vt 0.537963 0.742762
vt 0.859049 0.774817
vt 0.115655 0.648537
vt 0.952962 0.446410
vt 0.052078 0.054969
vt 0.756333 0.167931
vt 0.965050 0.592748
vt 0.967866 0.608720
vt 0.956452 0.592899
vt 0.918660 0.829335
vt 0.922282 0.835608
vt 0.919464 0.860405
vt 0.428256 0.106050
vt 0.498107 0.106050
vt 0.477337 0.108481
vt 0.132879 0.955923
vt 0.123188 0.965530
vt 0.120503 0.955923
vt 0.420802 0.007241
vt 0.418489 0.000123
vt 0.428345 0.002429
vt 0.932279 0.518106
vt 0.933689 0.491480
vt 0.953984 0.496918
vt 0.856134 0.845915
vt 0.859536 0.865210
vt 0.838026 0.839099
vt 0.601050 0.177902
vt 0.691326 0.047650
vt 0.711241 0.064374
vt 0.689740 0.079429
vt 0.636678 0.181306
vt 0.440331 0.973604
vt 0.427612 0.979266
vt 0.439704 0.962314
vt 0.541259 0.022061
vt 0.516670 0.004196
vt 0.540425 0.002485
vt 0.665701 0.549678
vt 0.956756 0.695527
vt 0.931315 0.687261
vt 0.953065 0.669716
vt 0.755076 0.636606
vt 0.876133 0.498981
vt 0.859753 0.515361
vt 0.860579 0.479239
vt 0.144102 0.965221
vt 0.160207 0.667504
vt 0.832812 0.930588
vt 0.608074 0.956684
vt 0.977964 0.432564
vt 0.995236 0.432564
vt 0.995527 0.452070
vt 0.719195 0.047170
vt 0.468791 0.995007
vt 0.461673 0.997320
vt 0.459535 0.985989
vt 0.807408 0.725743
vt 0.928540 0.864952
vt 0.924936 0.844511
vt 0.930244 0.834606
vt 0.819990 0.425259
vt 0.461082 0.949059
vt 0.672891 0.430571
vt 0.140153 0.579544
vt 0.153989 0.586200
vt 0.952711 0.455115
vt 0.952711 0.482539
vt 0.947632 0.465216
vt 0.669785 0.920054
vt 0.685756 0.910190
vt 0.690150 0.922262
vt 0.696536 0.697636
vt 0.702201 0.713518
vt 0.274170 0.892859
vt 0.954319 0.518829
vt 0.839128 0.020636
vt 0.582907 0.827755
vt 0.604530 0.834282
vt 0.592594 0.846767
vt 0.583929 0.815639
vt 0.603674 0.829851
vt 0.583353 0.826635
vt 0.618370 0.843313
vt 0.725421 0.954380
vt 0.725421 0.975910
vt 0.712968 0.968426
vt 0.355893 0.941013
vt 0.355167 0.920203
vt 0.365010 0.915148
vt 0.725875 0.493449
vt 0.061594 0.200049
vt 0.052259 0.203632
vt 0.072988 0.181373
vt 0.064228 0.374041
vt 0.048813 0.331689
vt 0.064589 0.325027
vt 0.924459 0.256269
vt 0.943047 0.264937
vt 0.916059 0.266068
vt 0.977518 0.319646
vt 0.822349 0.866350
vt 0.031264 0.638983
vt 0.834395 0.713629
vt 0.824115 0.735674
vt 0.823436 0.693879
vt 0.712237 0.738018
vt 0.978622 0.582210
vt 0.994869 0.576931
vt 0.994182 0.597836
vt 0.942798 0.002678
vt 0.115380 0.595568
vt 0.558673 0.846567
vt 0.579046 0.849770
vt 0.571999 0.859894
vt 0.684639 0.725919
vt 0.619239 0.725919
vt 0.620100 0.718361
vt 0.276883 0.905077
vt 0.853038 0.619323
vt 0.848386 0.601961
vt 0.854118 0.579990
vt 0.614382 0.823448
vt 0.427181 0.977410
vt 0.424230 0.965575
vt 0.439294 0.960243
vt 0.915378 0.538746
vt 0.915378 0.571220
vt 0.907892 0.553704
vt 0.033259 0.817155
vt 0.021655 0.804747
vt 0.033819 0.794540
vt 0.674518 0.593766
vt 0.666660 0.615072
vt 0.233459 0.845178
vt 0.237022 0.834702
vt 0.250336 0.838773
vt 0.926359 0.036363
vt 0.926359 0.059857
vt 0.895438 0.046287
vt 0.457725 0.798340
vt 0.490758 0.816863
vt 0.470981 0.817271
vt 0.825749 0.735619
vt 0.833994 0.717938
vt 0.835027 0.759725
vt 0.494594 0.943674
vt 0.521606 0.943674
vt 0.503028 0.950287
vt 0.939993 0.383621
vt 0.737779 0.496679
vt 0.096489 0.154247
vt 0.085887 0.180937
vt 0.065356 0.167323
vt 0.955847 0.830926
vt 0.934752 0.815600
vt 0.958227 0.809722
vt 0.500056 0.798845
vt 0.639091 0.901656
vt 0.637602 0.880376
vt 0.661615 0.898827
vt 0.696256 0.693565
vt 0.709782 0.685756
vt 0.705477 0.717600
vt 0.674257 0.614676
vt 0.035409 0.317644
vt 0.696530 0.775587
vt 0.657515 0.747241
vt 0.698401 0.756442
vt 0.965389 0.617365
vt 0.949659 0.606943
vt 0.055463 0.174561
vt 0.572537 0.828864
vt 0.235796 0.851449
vt 0.242805 0.865820
vt 0.223517 0.853866
vt 0.051028 0.764517
vt 0.032428 0.777540
vt 0.050708 0.746373
vt 0.968977 0.776898
vt 0.950512 0.763482
vt 0.966367 0.744457
vt 0.059072 0.161446
vt 0.052561 0.152213
vt 0.076495 0.161397
vt 0.029058 0.775383
vt 0.775606 0.629406
vt 0.581715 0.832772
vt 0.754794 0.494120
vt 0.038645 0.443066
vt 0.012902 0.443066
vt 0.029992 0.436168
vt 0.713526 0.996140
vt 0.719589 0.981856
vt 0.727771 0.998998
vt 0.960296 0.486796
vt 0.978816 0.473341
vt 0.980794 0.499659
vt 0.694735 0.663172
vt 0.008070 0.990297
vt 0.010779 0.974934
vt 0.026294 0.990571
vt 0.703351 0.026119
vt 0.222909 0.807743
vt 0.979351 0.036399
vt 0.984744 0.057639
vt 0.966655 0.053247
vt 0.691348 0.028601
vt 0.935692 0.957314
vt 0.958270 0.957314
vt 0.950328 0.971503
vt 0.857182 0.785934
vt 0.462756 0.981709
vt 0.544451 0.858930
vt 0.544470 0.846074
vt 0.699385 0.909844
vt 0.424209 0.986394
vt 0.437843 0.990824
vt 0.427839 0.997896
vt 0.022825 0.973592
vt 0.205403 0.868960
vt 0.954158 0.616892
vt 0.078219 0.735986
vt 0.094764 0.731552
vt 0.076129 0.761820
vt 0.458546 0.201575
vt 0.429346 0.195944
vt 0.420139 0.184972
vt 0.084882 0.153361
vt 0.047195 0.729157
vt 0.082730 0.374722
vt 0.066140 0.326620
vt 0.079340 0.335976
vt 0.647909 0.274886
vt 0.660681 0.329986
vt 0.638720 0.303168
vt 0.898079 0.388116
vt 0.905063 0.373138
vt 0.904775 0.405949
vt 0.170005 0.952054
vt 0.178056 0.934787
vt 0.178015 0.959174
vt 0.100622 0.756397
vt 0.923694 0.914937
vt 0.892703 0.914937
vt 0.918040 0.896550
vt 0.901724 0.899384
vt 0.732228 0.986113
vt 0.577418 0.011344
vt 0.629749 0.011344
vt 0.602430 0.023021
vt 0.043385 0.183436
vt 0.040303 0.161316
vt 0.709402 0.657953
vt 0.895250 0.362001
vt 0.895250 0.396468
vt 0.886292 0.375244
vt 0.974036 0.061293
vt 0.115617 0.574987
vt 0.677674 0.568913
vt 0.674597 0.517474
vt 0.690155 0.522331
vt 0.954845 0.166810
vt 0.973481 0.153269
vt 0.968652 0.166431
vt 0.018224 0.744962
vt 0.032340 0.733117
vt 0.031406 0.777928
vt 0.891202 0.766182
vt 0.914395 0.758646
vt 0.913848 0.792165
vt 0.440556 0.457186
vt 0.438705 0.485029
vt 0.404803 0.479051
vt 0.033755 0.729087
vt 0.972703 0.146742
vt 0.965776 0.125424
vt 0.981205 0.122281
vt 0.398954 0.788984
vt 0.397121 0.809937
vt 0.380533 0.789555
vt 0.631954 0.886151
vt 0.617924 0.839246
vt 0.862062 0.860105
vt 0.873520 0.853570
vt 0.884560 0.870569
vt 0.822226 0.121235
vt 0.810658 0.130941
vt 0.821622 0.096434
vt 0.810141 0.202272
vt 0.820688 0.224890
vt 0.810827 0.244464
vt 0.405198 0.809824
vt 0.796385 0.467871
vt 0.799589 0.504491
vt 0.794422 0.519365
vt 0.409468 0.507833
vt 0.388907 0.505654
vt 0.683118 0.508161
vt 0.860677 0.090363
vt 0.871281 0.113103
vt 0.861436 0.127114
vt 0.623124 0.802268
vt 0.667009 0.802268
vt 0.642462 0.811870
vt 0.469970 0.931397
vt 0.497629 0.931397
vt 0.490002 0.941455
vt 0.973565 0.466129
vt 0.989968 0.454211
vt 0.990598 0.474115
vt 0.424081 0.795341
vt 0.026029 0.334145
vt 0.046136 0.332386
vt 0.028267 0.377973
vt 0.475650 0.163178
vt 0.490220 0.193011
vt 0.119925 0.744675
vt 0.456290 0.455525
vt 0.456764 0.471810
vt 0.044836 0.125842
vt 0.053494 0.129574
vt 0.995470 0.642367
vt 0.989370 0.661141
vt 0.975566 0.641756
vt 0.671002 0.251577
vt 0.675468 0.286782
vt 0.225876 0.878546
vt 0.138361 0.001793
vt 0.101698 0.013706
vt 0.108703 0.000040
vt 0.930161 0.762755
vt 0.903909 0.754225
vt 0.927834 0.729636
vt 0.943889 0.850346
vt 0.929945 0.864290
vt 0.931074 0.836250
vt 0.037755 0.368505
vt 0.885498 0.849843
vt 0.856440 0.866541
vt 0.836925 0.893401
vt 0.835264 0.866901
vt 0.956686 0.965372
vt 0.973338 0.977470
vt 0.945661 0.980137
vt 0.344500 0.941041
vt 0.319414 0.941039
vt 0.316767 0.933766
vt 0.883239 0.092264
vt 0.883239 0.057957
vt 0.896830 0.084518
vt 0.982898 0.123290
vt 0.985144 0.141580
vt 0.975092 0.143770
vt 0.343810 0.918066
vt 0.065105 0.372329
vt 0.915797 0.122676
vt 0.930485 0.112005
vt 0.939873 0.140326
vt 0.028364 0.917373
vt 0.022197 0.904148
vt 0.039587 0.918813
vt 0.037005 0.902439
vt 0.697318 0.222235
vt 0.725917 0.185129
vt 0.754818 0.206127
vt 0.652156 0.992093
vt 0.656424 0.990706
vt 0.656632 0.995057
vt 0.678415 0.000523
vt 0.679271 0.004929
vt 0.674164 0.003579
vt 0.786988 0.734763
vt 0.749982 0.745564
vt 0.755264 0.730868
vt 0.062582 0.391593
vt 0.228673 0.971956
vt 0.226070 0.981672
vt 0.225917 0.970219
vt 0.810076 0.088990
vt 0.303261 0.994517
vt 0.301735 0.998913
vt 0.293113 0.993733
vt 0.883951 0.359239
vt 0.858728 0.351044
vt 0.885504 0.332767
vt 0.905505 0.744920
vt 0.877737 0.752360
vt 0.872600 0.743958
vt 0.045356 0.899985
vt 0.051695 0.919357
vt 0.038645 0.216204
vt 0.009465 0.237404
vt 0.010456 0.219468
vt 0.857752 0.878188
vt 0.628984 0.851486
vt 0.659493 0.844622
vt 0.671457 0.867124
vt 0.073769 0.182664
vt 0.074513 0.227479
vt 0.058526 0.215353
vt 0.285355 0.930627
vt 0.302252 0.907370
vt 0.323384 0.928456
vt 0.103852 0.953455
vt 0.103852 0.971435
vt 0.081224 0.968521
vt 0.400793 0.163696
vt 0.378524 0.179289
vt 0.407294 0.148466
vt 0.629608 0.967708
vt 0.615923 0.968905
vt 0.624812 0.958036
vt 0.392423 0.128256
vt 0.382721 0.140493
vt 0.790256 0.705475
vt 0.889166 0.722183
vt 0.905344 0.722183
vt 0.894453 0.736826
vt 0.145842 0.708149
vt 0.161474 0.756260
vt 0.121295 0.745460
vt 0.792517 0.995881
vt 0.792517 0.980554
vt 0.808857 0.983096
vt 0.461485 0.171703
vt 0.883583 0.371512
vt 0.879613 0.394028
vt 0.878813 0.358549
vt 0.920358 0.735601
vt 0.446972 0.930759
vt 0.442533 0.924420
vt 0.472047 0.926205
vt 0.371867 0.196056
vt 0.400218 0.197939
vt 0.398530 0.212633
vt 0.881966 0.504926
vt 0.861210 0.476357
vt 0.882040 0.466601
vt 0.068983 0.805067
vt 0.041968 0.796808
vt 0.084198 0.783544
vt 0.187486 0.641491
vt 0.172291 0.644882
vt 0.175903 0.611575
vt 0.158999 0.987840
vt 0.155594 0.993837
vt 0.147557 0.987328
vt 0.897168 0.539485
vt 0.876254 0.528128
vt 0.896485 0.507898
vt 0.673699 0.008805
vt 0.876468 0.319210
vt 0.164448 0.616664
vt 0.929551 0.305301
vt 0.945529 0.283310
vt 0.954101 0.305224
vt 0.339219 0.994421
vt 0.336284 0.990231
vt 0.338871 0.984961
vt 0.847012 0.460870
vt 0.847012 0.423764
vt 0.861874 0.442283
vt 0.524678 0.284362
vt 0.556241 0.309921
vt 0.511113 0.298500
vt 0.127787 0.369307
vt 0.085457 0.382248
vt 0.134475 0.348777
vt 0.908550 0.745332
vt 0.895658 0.755405
vt 0.877901 0.754007
vt 0.823197 0.163834
vt 0.810256 0.136084
vt 0.823519 0.121880
vt 0.923513 0.891386
vt 0.940993 0.881294
vt 0.940373 0.903064
vt 0.728550 0.248197
vt 0.844779 0.028499
vt 0.844779 0.041702
vt 0.841034 0.033019
vt 0.407997 0.526458
vt 0.052423 0.903012
vt 0.651861 0.873591
vt 0.126620 0.759377
vt 0.496394 0.355589
vt 0.485641 0.388726
vt 0.478724 0.349638
vt 0.959079 0.890696
vt 0.959079 0.916864
vt 0.940283 0.913521
vt 0.229146 0.989688
vt 0.225444 0.985986
vt 0.228601 0.978894
vt 0.985464 0.016450
vt 0.985464 0.005642
vt 0.989008 0.013918
vt 0.873574 0.505679
vt 0.114837 0.347828
vt 0.886157 0.862863
vt 0.886157 0.849459
vt 0.917475 0.857663
vt 0.358344 0.990715
vt 0.353786 0.996989
vt 0.352996 0.990247
vt 0.239192 0.409549
vt 0.254144 0.413773
vt 0.238982 0.426105
vt 0.061367 0.249835
vt 0.300299 0.987341
vt 0.308261 0.992930
vt 0.470845 0.488920
vt 0.129853 0.327494
vt 0.239892 0.643470
vt 0.486450 0.450671
vt 0.023689 0.417738
vt 0.013936 0.416367
vt 0.038592 0.391717
vt 0.999820 0.105952
vt 0.997726 0.103456
vt 0.999574 0.099743
vt 0.677987 0.571865
vt 0.686728 0.541346
vt 0.703157 0.559040
vt 0.108267 0.307982
vt 0.545425 0.997998
vt 0.550629 0.990836
vt 0.552267 0.998855
vt 0.416488 0.163687
vt 0.430677 0.163419
vt 0.664633 0.429469
vt 0.674296 0.423219
vt 0.662476 0.453797
vt 0.392451 0.171026
vt 0.365769 0.916620
vt 0.382569 0.910257
vt 0.400063 0.932649
vt 0.384671 0.894339
vt 0.352688 0.894339
vt 0.377324 0.871984
vt 0.239764 0.614188
vt 0.616617 0.003050
vt 0.625314 0.005380
vt 0.617912 0.010696
vt 0.775064 0.682025
vt 0.768602 0.998876
vt 0.759135 0.998876
vt 0.768504 0.991305
vt 0.508092 0.478051
vt 0.036037 0.783199
vt 0.081292 0.783199
vt 0.037736 0.796575
vt 0.017358 0.389191
vt 0.923789 0.910066
vt 0.607015 0.957457
vt 0.788815 0.992721
vt 0.788815 0.998934
vt 0.780159 0.996909
vt 0.642506 0.347343
vt 0.250392 0.666323
vt 0.288384 0.650874
vt 0.264924 0.683642
vt 0.972860 0.500867
vt 0.980323 0.522697
vt 0.966252 0.522480
vt 0.775119 0.627181
vt 0.760104 0.601258
vt 0.776565 0.581640
vt 0.529186 0.322290
vt 0.254772 0.436946
vt 0.344087 0.130068
vt 0.148987 0.998436
vt 0.645770 0.450555
vt 0.316020 0.929906
vt 0.299304 0.937482
vt 0.287809 0.931624
vt 0.261227 0.645194
vt 0.268457 0.817517
vt 0.278782 0.818109
vt 0.266825 0.823233
vt 0.403705 0.991012
vt 0.398202 0.974076
vt 0.403958 0.972661
vt 0.908830 0.981585
vt 0.921769 0.990985
vt 0.904446 0.995833
vt 0.881705 0.970107
vt 0.883976 0.965237
vt 0.884067 0.979264
vt 0.369926 0.932230
vt 0.639132 0.008610
vt 0.631431 0.019609
vt 0.630873 0.001010
vt 0.577504 0.000563
vt 0.587898 0.003940
vt 0.577051 0.009255
vt 0.254058 0.703933
vt 0.295632 0.704340
vt 0.187443 0.987167
vt 0.187044 0.979606
vt 0.197047 0.978906
vt 0.898123 0.967005
vt 0.909385 0.951503
vt 0.927110 0.966963
vt 0.272666 0.830639
vt 0.259445 0.834672
vt 0.754957 0.617715
vt 0.788087 0.235698
vt 0.811324 0.250878
vt 0.797305 0.264896
vt 0.547359 0.466268
vt 0.514915 0.455050
vt 0.539355 0.448466
vt 0.563693 0.327913
vt 0.082948 0.923033
vt 0.082948 0.939509
vt 0.055491 0.933740
vt 0.958803 0.513571
vt 0.728465 0.690522
vt 0.711050 0.671429
vt 0.735826 0.661418
vt 0.630315 0.010423
vt 0.661061 0.960585
vt 0.672415 0.943562
vt 0.685586 0.961691
vt 0.750723 0.581431
vt 0.543253 0.001567
vt 0.548222 0.010173
vt 0.542597 0.019543
vt 0.144879 0.990495
vt 0.928430 0.620679
vt 0.949760 0.613808
vt 0.944423 0.620679
vt 0.465102 0.367665
vt 0.488989 0.426658
vt 0.022901 0.373131
vt 0.166830 0.975633
vt 0.166830 0.988039
vt 0.161594 0.981924
vt 0.418549 0.189104
vt 0.454880 0.221615
vt 0.712293 0.533151
vt 0.549998 0.340310
vt 0.941483 0.059682
vt 0.937747 0.054346
vt 0.962597 0.054211
vt 0.270331 0.836992
vt 0.277350 0.823131
vt 0.044857 0.042323
vt 0.052345 0.014378
vt 0.051521 0.049421
vt 0.807014 0.266910
vt 0.358077 0.182495
vt 0.148425 0.564249
vt 0.326437 0.033211
vt 0.322649 0.011731
vt 0.326835 0.007535
vt 0.653950 0.471137
vt 0.232309 0.393229
vt 0.046478 0.013816
vt 0.176639 0.570135
vt 0.046074 0.060402
vt 0.050610 0.060803
vt 0.278279 0.519284
vt 0.272043 0.522824
vt 0.266890 0.508891
vt 0.805241 0.276580
vt 0.788501 0.282220
vt 0.749686 0.637519
vt 0.281266 0.915196
vt 0.265944 0.928201
vt 0.271767 0.915196
vt 0.806185 0.049054
vt 0.809254 0.048513
vt 0.809426 0.077422
vt 0.022917 0.110946
vt 0.011938 0.091930
vt 0.021838 0.070202
vt 0.267117 0.989292
vt 0.275644 0.977557
vt 0.283202 0.993523
vt 0.953579 0.479534
vt 0.953579 0.454683
vt 0.962966 0.477602
vt 0.633387 0.464371
vt 0.203020 0.022421
vt 0.157314 0.022421
vt 0.190944 0.010470
vt 0.474232 0.949980
vt 0.491562 0.948463
vt 0.501222 0.950408
vt 0.295276 0.382737
vt 0.280427 0.368889
vt 0.326701 0.366427
vt 0.291431 0.942946
vt 0.258246 0.509769
vt 0.846326 0.424349
vt 0.846326 0.464212
vt 0.830650 0.441321
vt 0.427659 0.264342
vt 0.896080 0.980140
vt 0.894535 0.964877
vt 0.462031 0.390751
vt 0.357204 0.981668
vt 0.357204 0.989356
vt 0.339408 0.980929
vt 0.464121 0.945669
vt 0.479001 0.948293
vt 0.452271 0.948011
vt 0.434819 0.000099
vt 0.437307 0.007755
vt 0.424254 0.006695
vt 0.189154 0.930625
vt 0.193908 0.920627
vt 0.214832 0.930384
vt 0.264232 0.459219
vt 0.263650 0.441601
vt 0.463545 0.736428
vt 0.527676 0.725120
vt 0.534000 0.739289
vt 0.736499 0.695525
vt 0.239824 0.445449
vt 0.340623 0.990107
vt 0.984443 0.143382
vt 0.991013 0.150678
vt 0.974623 0.144905
vt 0.808415 0.031071
vt 0.455498 0.259988
vt 0.278071 0.994952
vt 0.954241 0.620851
vt 0.441425 0.724736
vt 0.511938 0.724736
vt 0.449684 0.738200
vt 0.136996 0.928757
vt 0.133735 0.919834
vt 0.141670 0.915253
vt 0.288771 0.434761
vt 0.339002 0.404597
vt 0.995111 0.331984
vt 0.998506 0.339610
vt 0.984802 0.345974
vt 0.835401 0.498683
vt 0.818993 0.497181
vt 0.818993 0.469240
vt 0.699687 0.515518
vt 0.496036 0.392977
vt 0.653638 0.954106
vt 0.192349 0.971596
vt 0.130417 0.996106
vt 0.121915 0.998869
vt 0.122638 0.991804
vt 0.749017 0.733543
vt 0.749017 0.757866
vt 0.699192 0.756026
vt 0.629734 0.755409
vt 0.626696 0.767544
vt 0.614784 0.751569
vt 0.902782 0.973257
vt 0.656839 0.545484
vt 0.653912 0.526482
vt 0.669944 0.522186
vt 0.229193 0.402349
vt 0.317311 0.684218
vt 0.747592 0.252278
vt 0.496821 0.501580
vt 0.325732 0.170958
vt 0.723190 0.623700
vt 0.218308 0.924874
vt 0.668265 0.503817
vt 0.675335 0.514373
vt 0.668208 0.520898
vt 0.878882 0.039635
vt 0.878882 0.006220
vt 0.890878 0.006021
vt 0.732709 0.601574
vt 0.682972 0.086223
vt 0.689150 0.077400
vt 0.684172 0.097578
vt 0.287213 0.111661
vt 0.306902 0.109044
vt 0.305098 0.114815
vt 0.126213 0.097594
vt 0.083572 0.093864
vt 0.147650 0.095554
vt 0.260553 0.847305
vt 0.467159 0.420077
vt 0.593843 0.735555
vt 0.583754 0.749963
vt 0.542632 0.737106
vt 0.398159 0.972836
vt 0.398159 0.952053
vt 0.402528 0.971552
vt 0.369144 0.112188
vt 0.119959 0.699474
vt 0.122873 0.683949
vt 0.162928 0.681148
vt 0.704988 0.985202
vt 0.695844 0.986651
vt 0.706709 0.972112
vt 0.682966 0.051170
vt 0.002044 0.252868
vt 0.006858 0.258604
vt 0.001979 0.269469
vt 0.779804 0.678903
vt 0.783279 0.639192
vt 0.783132 0.692178
vt 0.004930 0.149367
vt 0.012417 0.149367
vt 0.002099 0.161132
vt 0.835032 0.458116
vt 0.255446 0.474440
vt 0.735778 0.268961
vt 0.727120 0.318063
vt 0.725685 0.260730
vt 0.670888 0.894998
vt 0.680569 0.893291
vt 0.669857 0.900224
vt 0.667079 0.488626
vt 0.650063 0.510201
vt 0.939002 0.743014
vt 0.934715 0.730297
vt 0.940592 0.714148
vt 0.482915 0.448399
vt 0.687466 0.051230
vt 0.630941 0.476108
vt 0.988797 0.982210
vt 0.988797 0.962807
vt 0.995985 0.980116
vt 0.678252 0.908939
vt 0.697655 0.908992
vt 0.701277 0.902044
vt 0.754831 0.211704
vt 0.754831 0.268905
vt 0.753269 0.250811
vt 0.770567 0.923523
vt 0.749024 0.927321
vt 0.741461 0.922458
vt 0.127781 0.950390
vt 0.144000 0.948971
vt 0.154005 0.950295
vt 0.254775 0.493569
vt 0.252362 0.914215
vt 0.425320 0.725910
vt 0.397187 0.718371
vt 0.467811 0.720744
vt 0.647189 0.509623
vt 0.274960 0.844394
vt 0.278225 0.851946
vt 0.271205 0.845431
vt 0.660363 0.607707
vt 0.648636 0.539367
vt 0.714828 0.635938
vt 0.238604 0.467699
vt 0.935389 0.714031
vt 0.828865 0.684683
vt 0.833385 0.667816
vt 0.834365 0.687774
vt 0.221721 0.439780
vt 0.903442 0.971153
vt 0.909518 0.977230
vt 0.903702 0.989083
vt 0.985236 0.783823
vt 0.968691 0.778448
vt 0.987617 0.762078
vt 0.372895 0.748283
vt 0.333328 0.757247
vt 0.330719 0.719926
vt 0.236727 0.033969
vt 0.259591 0.041398
vt 0.240183 0.091215
vt 0.625586 0.472948
vt 0.658616 0.521307
vt 0.895743 0.434429
vt 0.886780 0.421629
vt 0.894008 0.400132
vt 0.133347 0.774097
vt 0.144728 0.774044
vt 0.149222 0.786751
vt 0.198327 0.972040
vt 0.607167 0.743032
vt 0.600659 0.751702
vt 0.599082 0.734929
vt 0.109617 0.781144
vt 0.123931 0.771398
vt 0.873641 0.825193
vt 0.847301 0.819151
vt 0.838682 0.786982
vt 0.872392 0.789524
vt 0.491303 0.098700
vt 0.492867 0.104540
vt 0.422204 0.104461
vt 0.916063 0.570854
vt 0.916063 0.541075
vt 0.925371 0.555528
vt 0.255828 0.838814
vt 0.168734 0.779823
vt 0.692077 0.890222
vt 0.133740 0.900404
vt 0.969977 0.077641
vt 0.959822 0.095231
vt 0.959862 0.071190
vt 0.013610 0.164330
vt 0.568884 0.370902
vt 0.144230 0.989389
vt 0.144230 0.996374
vt 0.140994 0.991959
vt 0.202804 0.992632
vt 0.202804 0.979385
vt 0.209076 0.989553
vt 0.351092 0.443602
vt 0.300217 0.657749
vt 0.238064 0.497910
vt 0.866651 0.978333
vt 0.858750 0.982589
vt 0.857010 0.971604
vt 0.036638 0.205639
vt 0.046824 0.200889
vt 0.046461 0.218903
vt 0.495550 0.190442
vt 0.467683 0.249437
vt 0.602476 0.770840
vt 0.833507 0.709701
vt 0.745504 0.636523
vt 0.450655 0.453790
vt 0.141172 0.752953
vt 0.311901 0.148906
vt 0.329382 0.701266
vt 0.520764 0.503520
vt 0.258925 0.076939
vt 0.290260 0.074253
vt 0.280366 0.100027
vt 0.878136 0.006570
vt 0.878136 0.042522
vt 0.863641 0.042169
vt 0.436405 0.999001
vt 0.431121 0.997284
vt 0.438295 0.992163
vt 0.384615 0.405748
vt 0.447137 0.432895
vt 0.100953 0.673703
vt 0.838996 0.359670
vt 0.838996 0.321234
vt 0.853199 0.349293
vt 0.400356 0.069997
vt 0.391924 0.095948
vt 0.391685 0.050131
vt 0.312265 0.131585
vt 0.574840 0.010683
vt 0.568993 0.002635
vt 0.574846 0.000117
vt 0.507368 0.526746
vt 0.575809 0.119452
vt 0.572286 0.141691
vt 0.553333 0.116413
vt 0.564555 0.100202
vt 0.557281 0.114754
vt 0.528157 0.104154
vt 0.131387 0.749331
vt 0.220727 0.459884
vt 0.851467 0.973886
vt 0.377389 0.465189
vt 0.843817 0.027929
vt 0.840523 0.031257
vt 0.840547 0.027053
vt 0.866746 0.984705
vt 0.649478 0.731659
vt 0.623382 0.749932
vt 0.598436 0.733007
vt 0.799572 0.054311
vt 0.758602 0.023838
vt 0.796722 0.013551
vt 0.616725 0.775097
vt 0.950309 0.779451
vt 0.937698 0.774861
vt 0.961638 0.778792
vt 0.946801 0.107744
vt 0.959443 0.107744
vt 0.938290 0.113169
vt 0.619161 0.782499
vt 0.611007 0.778445
vt 0.246617 0.481033
vt 0.313899 0.742814
vt 0.963035 0.112031
vt 0.912843 0.994989
vt 0.921226 0.992265
vt 0.920500 0.998408
vt 0.777736 0.009018
vt 0.841332 0.018326
vt 0.100695 0.640241
vt 0.590998 0.377886
vt 0.716924 0.148167
vt 0.721226 0.110626
vt 0.740525 0.115798
vt 0.590155 0.759490
vt 0.532825 0.132446
vt 0.969393 0.609069
vt 0.967235 0.596098
vt 0.981259 0.598571
vt 0.962467 0.782914
vt 0.746502 0.136197
vt 0.267193 0.851775
vt 0.555477 0.225387
vt 0.553561 0.845296
vt 0.514676 0.845296
vt 0.532889 0.826280
vt 0.516863 0.123667
vt 0.458241 0.880940
vt 0.485274 0.861300
vt 0.496594 0.887350
vt 0.939616 0.147547
vt 0.915072 0.155522
vt 0.915767 0.124301
vt 0.057198 0.209446
vt 0.226297 0.520176
vt 0.221299 0.515953
vt 0.355738 0.388099
vt 0.720854 0.445702
vt 0.724881 0.422863
vt 0.735318 0.444708
vt 0.277343 0.855532
vt 0.371367 0.102053
vt 0.371519 0.082086
vt 0.486719 0.008264
vt 0.492661 0.000956
vt 0.490963 0.006285
vt 0.629936 0.496064
vt 0.338315 0.671600
vt 0.412789 0.671600
vt 0.389243 0.697079
vt 0.976381 0.609137
vt 0.540267 0.159445
vt 0.963136 0.774279
vt 0.637101 0.500914
vt 0.902398 0.991551
vt 0.896605 0.981517
vt 0.902610 0.975558
vt 0.047886 0.236153
vt 0.231267 0.472770
vt 0.540731 0.191948
vt 0.048251 0.246315
vt 0.036063 0.241379
vt 0.492391 0.098719
vt 0.216566 0.513756
vt 0.412468 0.446919
vt 0.313092 0.081416
vt 0.299102 0.109264
vt 0.512850 0.183047
vt 0.521391 0.145462
vt 0.294925 0.007339
vt 0.290440 0.005758
vt 0.289855 0.000192
vt 0.311180 0.062066
vt 0.573506 0.762998
vt 0.579371 0.779634
vt 0.059666 0.248301
vt 0.514296 0.891101
vt 0.497889 0.907507
vt 0.499038 0.876300
vt 0.493902 0.162685
vt 0.056031 0.226716
vt 0.914752 0.607249
vt 0.908745 0.594367
vt 0.915507 0.574882
vt 0.426673 0.459462
vt 0.216736 0.495046
vt 0.014824 0.997013
vt 0.022849 0.991182
vt 0.023468 0.998999
vt 0.509270 0.117861
vt 0.965552 0.717099
vt 0.950992 0.697059
vt 0.960424 0.695763
vt 0.718065 0.090910
vt 0.482302 0.000573
vt 0.623634 0.478950
vt 0.981709 0.586739
vt 0.397168 0.460728
vt 0.752978 0.407678
vt 0.052143 0.435791
vt 0.080675 0.417846
vt 0.066686 0.458020
vt 0.818124 0.427189
vt 0.812705 0.427547
vt 0.812705 0.395270
vt 0.282886 0.007662
vt 0.495005 0.139993
vt 0.986919 0.119111
vt 0.986919 0.101802
vt 0.999826 0.107336
vt 0.059111 0.233155
vt 0.405919 0.387970
vt 0.423549 0.402179
vt 0.727685 0.822944
vt 0.756533 0.834735
vt 0.733061 0.854430
vt 0.929768 0.869532
vt 0.924430 0.889454
vt 0.924462 0.859196
vt 0.329194 0.065132
vt 0.090573 0.450060
vt 0.817726 0.438800
vt 0.902265 0.994782
vt 0.895477 0.996987
vt 0.896547 0.983867
vt 0.602712 0.778373
vt 0.586511 0.781228
vt 0.627667 0.873815
vt 0.591553 0.847561
vt 0.625308 0.846852
vt 0.766179 0.855505
vt 0.812707 0.466421
vt 0.817471 0.439403
vt 0.818123 0.483032
vt 0.446541 0.784993
vt 0.465854 0.788399
vt 0.419271 0.787996
vt 0.429736 0.647110
vt 0.459965 0.645774
vt 0.439830 0.654178
vt 0.055148 0.401791
vt 0.074032 0.384026
vt 0.402856 0.065869
vt 0.386597 0.038381
vt 0.404252 0.049913
vt 0.369382 0.086770
vt 0.336693 0.074415
vt 0.363832 0.066057
vt 0.472092 0.653186
vt 0.127270 0.047190
vt 0.170738 0.050993
vt 0.114485 0.050328
vt 0.199711 0.763104
vt 0.171806 0.745658
vt 0.200586 0.738073
vt 0.787578 0.000144
vt 0.791154 0.011148
vt 0.783711 0.008844
vt 0.732225 0.096629
vt 0.523711 0.907696
vt 0.872494 0.783325
vt 0.896775 0.777179
vt 0.896775 0.810941
vt 0.696212 0.403325
vt 0.725950 0.402114
vt 0.876561 0.809768
vt 0.421110 0.066706
vt 0.095571 0.383413
vt 0.174266 0.773464
vt 0.500866 0.276778
vt 0.591283 0.872956
vt 0.156803 0.763022
vt 0.828818 0.361041
vt 0.864849 0.361041
vt 0.845808 0.367973
vt 0.383578 0.653404
vt 0.345826 0.060278
vt 0.103950 0.414442
vt 0.996416 0.330198
vt 0.983829 0.321053
vt 0.998989 0.309468
vt 0.949312 0.943006
vt 0.922558 0.943006
vt 0.947258 0.915610
vt 0.321789 0.049984
vt 0.421458 0.944663
vt 0.440833 0.958740
vt 0.414346 0.966481
vt 0.110351 0.440195
vt 0.343272 0.043371
vt 0.019306 0.901624
vt 0.014383 0.881881
vt 0.040109 0.900657
vt 0.601433 0.988934
vt 0.604636 0.998793
vt 0.595167 0.998660
vt 0.426916 0.024605
vt 0.419198 0.007131
vt 0.408981 0.007131
vt 0.415469 0.000233
vt 0.700251 0.774218
vt 0.735332 0.785617
vt 0.682439 0.800620
vt 0.376053 0.056900
vt 0.376788 0.041359
vt 0.440600 0.035970
vt 0.333880 0.979702
vt 0.346121 0.962854
vt 0.357823 0.980200
vt 0.942614 0.356842
vt 0.957514 0.336334
vt 0.964112 0.348762
vt 0.388169 0.025170
vt 0.494907 0.990271
vt 0.497720 0.998929
vt 0.488043 0.996046
vt 0.496328 0.990068
vt 0.504366 0.985794
vt 0.499473 0.998987
vt 0.933948 0.950196
vt 0.920572 0.945327
vt 0.945899 0.944257
vt 0.903382 0.967616
vt 0.924306 0.967616
vt 0.911831 0.977892
vt 0.973222 0.946437
vt 0.973222 0.923470
vt 0.980141 0.935025
vt 0.732767 0.988838
vt 0.738326 0.996489
vt 0.729519 0.998399
vt 0.731964 0.779891
vt 0.737250 0.758155
vt 0.749499 0.769767
vt 0.481496 0.990248
vt 0.470112 0.998518
vt 0.469412 0.984300
vt 0.729994 0.801628
vt 0.707081 0.774810
vt 0.508582 0.997219
vt 0.844329 0.992027
vt 0.840278 0.998509
vt 0.837065 0.986763
vt 0.700673 0.759369
vt 0.186326 0.794218
vt 0.174315 0.783403
vt 0.224802 0.789609
vt 0.212559 0.755120
vt 0.194911 0.009794
vt 0.194911 0.000515
vt 0.201751 0.003927
s 1
usemtl Material.003
f 1029/1/1 1030/2/1 1032/3/1
f 1031/4/2 1032/5/2 1030/6/2
f 883/7/3 890/8/4 884/9/5
f 885/10/6 886/11/6 887/12/6
f 887/13/7 893/14/8 885/15/9
f 884/9/5 888/16/10 883/7/3
f 885/17/9 893/18/8 891/19/11
f 888/16/10 884/9/5 889/20/12
f 885/21/13 891/22/13 886/23/13
f 883/24/3 888/25/10 908/26/14
f 900/27/15 763/28/16 895/29/17
f 891/30/18 907/31/18 886/32/18
f 886/33/19 897/34/19 887/35/19
f 888/25/10 899/36/20 908/26/14
f 888/37/21 889/38/21 899/39/21
f 884/40/22 890/41/22 897/42/22
f 891/43/23 906/44/23 907/45/23
f 893/14/8 887/13/7 892/46/24
f 893/47/25 892/48/25 898/49/25
f 893/18/8 898/50/26 891/19/11
f 890/51/4 883/52/3 897/53/27
f 763/54/16 894/55/28 895/56/17
f 895/56/17 894/55/28 903/57/29
f 887/58/30 898/59/30 892/60/30
f 900/27/15 896/61/31 763/28/16
f 895/29/17 903/62/29 900/27/15
f 887/63/32 897/64/33 898/65/26
f 889/66/12 884/67/5 915/68/34
f 894/69/35 763/70/35 902/71/35
f 894/55/28 901/72/36 903/57/29
f 908/26/14 899/36/20 1033/73/37
f 763/74/38 896/75/38 764/76/38
f 883/52/3 914/77/39 897/53/27
f 883/52/3 908/78/14 914/77/39
f 915/68/34 884/67/5 897/79/40
f 889/80/12 915/81/34 899/82/41
f 908/26/42 1033/73/43 1035/83/44
f 1033/84/43 1038/85/45 1035/86/44
f 900/87/46 911/88/46 896/89/46
f 1033/84/43 1037/90/47 1038/85/45
f 899/82/41 915/81/34 926/91/48
f 886/92/49 919/93/50 897/94/51
f 901/95/52 894/96/52 902/97/52
f 897/98/53 914/99/53 912/100/53
f 1037/101/47 1033/102/43 1050/103/54
f 900/104/15 903/105/29 904/106/55
f 903/105/29 910/107/56 904/106/55
f 908/78/14 1033/108/57 914/77/39
f 891/19/11 898/50/26 905/109/58
f 906/110/59 891/111/59 905/112/59
f 908/113/60 1035/114/60 920/115/60
f 897/64/33 919/116/61 898/65/26
f 901/117/36 910/107/56 903/105/29
f 908/118/62 913/119/62 1033/120/62
f 899/121/63 926/122/63 1033/123/63
f 907/124/64 906/125/65 905/126/58
f 886/127/49 907/124/64 919/128/50
f 1038/129/66 1034/130/66 1035/131/66
f 908/132/67 920/133/67 913/134/67
f 896/135/68 911/136/68 764/137/68
f 1033/138/43 1045/139/69 1036/140/70
f 897/141/40 919/142/50 909/143/71
f 907/124/64 905/126/58 919/128/50
f 901/144/72 902/145/72 910/146/72
f 900/147/15 904/148/55 911/149/73
f 1033/102/43 1036/150/70 1050/103/54
f 763/151/74 764/152/74 765/153/74
f 1033/154/43 926/155/75 1045/156/69
f 763/157/76 765/158/76 902/159/76
f 897/64/77 912/160/78 919/116/61
f 1033/161/57 913/162/79 914/163/39
f 915/164/34 897/165/40 909/166/71
f 910/107/56 927/167/80 904/106/55
f 915/164/34 909/166/71 926/168/48
f 910/169/81 902/170/81 918/171/81
f 914/163/39 913/162/79 912/160/78
f 898/50/26 916/172/82 905/109/58
f 898/65/26 919/116/61 916/173/82
f 764/174/83 911/175/83 765/176/83
f 904/148/55 767/177/84 911/149/73
f 912/160/78 917/178/85 919/116/61
f 910/107/56 918/179/86 927/167/80
f 1037/180/47 924/181/87 1038/182/45
f 916/183/82 918/184/86 905/185/58
f 902/186/88 768/187/89 918/188/86
f 765/189/90 766/190/90 902/191/90
f 905/192/58 930/193/91 919/194/50
f 905/192/58 918/188/86 930/193/91
f 916/183/82 927/195/80 918/184/86
f 920/196/92 1035/197/92 913/198/92
f 1037/180/47 1040/199/93 924/181/87
f 1037/200/47 1050/201/54 1044/202/94
f 1036/140/70 1045/139/69 1050/203/54
f 913/204/95 1035/205/95 1034/206/95
f 911/207/73 767/208/84 765/209/96
f 917/178/85 922/210/97 919/116/61
f 1430/211/98 1431/212/98 1432/213/98
f 765/209/96 767/208/84 766/214/99
f 912/160/78 913/162/79 921/215/100
f 1034/216/101 924/217/101 913/218/101
f 919/116/61 922/219/97 916/173/82
f 902/220/88 766/221/102 768/222/89
f 1044/223/103 1039/224/103 1040/225/103
f 904/226/55 923/227/104 767/228/84
f 1038/229/105 924/230/105 1034/231/105
f 1037/200/47 1044/202/94 1040/232/93
f 913/162/79 924/233/87 921/215/100
f 1430/234/106 1433/235/106 1436/236/106
f 909/237/107 925/238/107 926/239/107
f 1434/240/108 1435/241/109 1352/242/110
f 1039/243/111 1047/244/111 1042/245/111
f 904/226/55 927/246/80 923/227/104
f 916/247/112 922/248/112 932/249/112
f 916/250/82 932/251/113 927/246/80
f 1044/252/114 1046/253/115 1039/254/116
f 1039/255/117 1042/256/118 1040/257/119
f 1349/258/120 1350/259/121 1294/260/122
f 766/221/102 769/261/123 768/222/89
f 917/178/85 912/160/78 921/215/100
f 1349/258/120 1294/260/122 1295/262/124
f 1044/252/114 1041/263/125 1046/253/115
f 1435/241/126 1366/264/127 1352/242/128
f 1352/265/128 1360/266/129 1435/267/130
f 1350/268/121 1349/269/120 1357/270/131
f 1044/252/114 1051/271/132 1041/263/125
f 1040/272/119 1042/273/118 1043/274/133
f 1350/268/121 1357/270/131 1356/275/134
f 926/155/75 925/276/135 1045/156/69
f 1050/277/136 1049/278/136 1044/279/136
f 767/280/137 769/281/137 766/282/137
f 918/188/86 768/187/89 928/283/138
f 1045/156/69 925/276/135 929/284/139
f 932/251/113 923/227/104 927/246/80
f 1295/285/124 1351/286/140 1349/287/120
f 1045/288/69 953/289/141 1050/290/54
f 909/143/71 919/142/50 930/291/91
f 1357/270/131 1349/269/120 1358/292/142
f 1356/293/134 1367/294/143 1350/295/121
f 1039/296/144 1046/297/144 1047/298/144
f 1043/299/133 1044/300/114 1040/301/119
f 1045/288/69 929/302/139 953/289/141
f 909/143/71 930/291/91 925/303/135
f 925/304/135 930/305/91 931/306/145
f 1044/307/146 1049/308/146 1040/309/146
f 1436/310/147 1438/311/147 1437/312/147
f 925/313/135 931/314/145 929/315/139
f 1040/316/93 1052/317/148 924/318/87
f 918/188/86 944/319/149 930/193/91
f 1040/316/93 1053/320/150 1052/317/148
f 1350/295/121 1367/294/143 1301/321/151
f 767/322/152 923/323/152 769/324/152
f 1293/325/153 1297/326/154 1307/327/155
f 1053/328/150 1040/329/93 1048/330/156
f 1360/331/129 1352/332/128 1366/333/127
f 1043/274/133 1042/273/118 1048/334/157
f 1433/335/158 1436/336/158 1438/337/158
f 1044/300/114 1043/299/133 1051/338/132
f 918/188/86 928/283/138 944/319/149
f 932/339/159 922/340/159 933/341/159
f 921/342/160 936/343/160 917/344/160
f 1350/345/121 1301/346/151 1294/347/122
f 1043/299/133 1048/348/157 1051/338/132
f 1048/330/156 1040/329/93 1049/349/161
f 929/315/139 931/314/145 939/350/162
f 1050/351/163 953/352/163 1049/353/163
f 1366/264/164 1435/241/165 1365/354/166
f 932/251/113 933/355/167 923/227/104
f 1046/356/168 1054/357/169 1047/358/170
f 930/359/171 944/360/171 934/361/171
f 1042/273/118 1055/362/172 1048/334/157
f 917/178/85 936/363/173 922/210/97
f 768/364/89 769/365/123 780/366/174
f 930/367/175 950/368/175 931/369/175
f 1440/370/176 1446/371/176 1447/372/176
f 1353/373/177 1354/374/177 1361/375/177
f 1439/376/178 1444/377/178 1450/378/178
f 1355/379/179 1360/380/179 1358/381/179
f 1356/382/134 1357/383/131 1368/384/180
f 924/385/87 963/386/181 921/387/100
f 1435/267/130 1360/266/129 1366/388/182
f 1440/389/183 1441/390/183 1446/391/183
f 1041/392/184 1051/393/184 957/394/184
f 1361/395/185 1355/396/186 1353/397/187
f 1355/396/186 1358/398/188 1353/397/187
f 934/399/189 950/400/190 930/401/191
f 1052/402/148 954/403/192 924/404/87
f 923/227/104 933/355/167 935/405/193
f 928/283/138 768/187/89 841/406/194
f 922/407/195 936/408/195 937/409/195
f 1440/410/196 1447/411/196 1441/412/196
f 929/413/139 939/414/162 953/415/141
f 1041/416/197 957/417/197 1046/418/197
f 928/283/138 841/406/194 942/419/198
f 1442/420/199 1443/421/200 1450/422/201
f 953/415/141 939/414/162 1049/423/202
f 1052/424/203 1053/425/203 964/426/203
f 1047/427/170 1055/428/172 1042/429/118
f 1052/402/148 964/430/204 954/403/192
f 1293/325/205 1307/327/206 1301/431/151
f 1359/432/207 1365/433/207 1366/434/207
f 1360/331/208 1366/333/209 1375/435/210
f 1051/436/211 1048/437/211 1049/438/211
f 923/227/104 935/405/193 769/439/212
f 1353/440/213 1372/441/213 1354/442/213
f 1055/362/214 1058/443/215 1048/334/216
f 1356/382/134 1368/384/180 1367/444/143
f 1359/445/217 1450/446/201 1365/447/218
f 931/448/219 950/449/219 939/450/219
f 1450/446/201 1359/445/217 1442/451/199
f 1444/452/220 1445/453/220 1450/454/220
f 1049/455/202 939/456/162 969/457/221
f 1049/455/202 969/457/221 952/458/222
f 1349/287/120 1351/286/140 1353/459/223
f 1450/460/224 1447/461/224 1446/462/224
f 1296/463/225 1297/464/225 1061/465/225
f 1295/466/124 1309/467/226 1351/468/140
f 928/283/138 942/469/198 944/319/149
f 953/470/227 1049/471/227 955/472/227
f 1442/473/228 1359/474/228 1443/475/228
f 769/439/212 935/405/193 838/476/229
f 1055/428/172 1047/427/170 1054/477/169
f 1053/328/150 1048/330/156 1055/478/230
f 768/364/89 780/366/174 770/479/231
f 934/399/189 940/480/232 950/400/190
f 924/481/87 954/482/192 962/483/233
f 1365/447/218 1450/446/201 1449/484/234
f 838/485/235 780/486/235 769/487/235
f 1295/466/124 1294/488/122 1309/467/226
f 1360/489/236 1363/490/236 1358/491/236
f 933/492/167 938/493/237 935/494/193
f 1447/495/238 1450/496/238 1448/497/238
f 1053/328/150 1055/478/230 1299/498/239
f 1296/499/240 1307/500/240 1297/501/240
f 1297/502/241 1054/503/241 1061/504/241
f 1061/505/242 1300/506/243 1296/507/244
f 922/508/245 937/509/245 933/510/245
f 1049/511/246 958/512/247 955/513/248
f 939/514/249 948/515/249 959/516/249
f 1375/517/250 1364/518/250 1360/519/250
f 924/481/87 962/483/233 963/520/181
f 1449/484/234 1383/521/251 1365/447/218
f 1053/522/150 1299/523/239 1056/524/252
f 1450/453/253 1446/525/253 1445/454/253
f 1360/526/254 1457/527/254 1366/528/254
f 1358/529/255 1349/530/255 1353/531/255
f 936/532/256 921/533/256 937/534/256
f 1046/356/168 1057/535/257 1054/357/169
f 1046/536/258 957/537/258 1057/538/258
f 1049/539/259 953/540/259 958/541/259
f 1450/542/201 1445/543/260 1449/544/234
f 1049/455/202 952/458/222 1051/545/261
f 1297/546/262 1298/547/263 1299/548/239
f 1366/549/264 1457/550/264 1359/551/264
f 1359/552/265 1453/553/265 1443/554/265
f 1296/555/266 1300/556/266 1307/557/266
f 1450/422/201 1443/421/200 1453/558/267
f 939/559/268 945/560/269 948/561/270
f 1368/562/180 1357/563/131 1358/564/142
f 1297/565/262 1299/498/239 1054/566/271
f 1450/567/272 1453/568/272 1448/569/272
f 939/559/268 950/570/273 945/560/269
f 944/571/274 940/572/274 934/573/274
f 1446/574/275 1441/575/276 1448/576/275
f 1446/574/275 1448/576/275 1445/577/277
f 1457/578/278 1360/579/278 1392/580/278
f 1299/498/239 1055/478/230 1054/566/271
f 1351/581/140 1309/582/226 1369/583/279
f 1301/584/151 1302/585/280 1293/586/205
f 1360/587/281 1355/588/186 1392/589/282
f 953/590/283 956/591/283 958/592/283
f 1053/593/284 1056/594/284 964/595/284
f 933/492/167 946/596/285 938/493/237
f 953/597/286 955/598/286 956/599/286
f 939/600/287 959/601/287 969/602/287
f 1301/346/151 1311/603/288 1294/347/122
f 1359/604/289 1457/605/289 1453/606/289
f 1367/294/143 1303/607/290 1301/321/151
f 1055/608/291 1054/609/291 1058/610/291
f 1354/611/292 1372/612/293 1373/613/294
f 1355/588/186 1361/614/185 1362/615/295
f 921/616/296 966/617/296 941/618/296
f 921/387/100 963/386/181 966/619/297
f 933/492/167 937/620/298 946/596/285
f 957/621/299 1051/622/261 958/623/300
f 944/624/301 945/625/301 940/626/301
f 921/627/302 941/628/303 937/629/304
f 1451/630/305 1445/631/305 1452/632/305
f 1445/633/306 1448/634/306 1453/635/306
f 1363/636/307 1360/637/308 1364/638/309
f 1051/639/261 952/458/222 958/640/300
f 1365/641/218 1381/642/310 1366/643/209
f 1367/644/143 1368/645/180 1303/646/290
f 1353/459/223 1351/286/140 1369/647/279
f 1054/648/311 1057/649/311 1060/650/311
f 1358/564/142 1363/651/307 1368/562/180
f 1300/506/243 1061/505/242 1313/652/312
f 1058/653/313 1054/654/313 1318/655/313
f 959/656/314 948/657/314 843/658/314
f 946/659/315 937/660/315 847/661/315
f 1301/662/151 1303/663/290 1302/585/280
f 942/664/316 943/665/316 944/666/316
f 934/667/317 942/668/318 946/669/285
f 1361/670/185 1354/611/292 1373/613/294
f 1294/488/122 1311/671/288 1309/467/226
f 1449/484/234 1388/672/319 1383/521/251
f 1298/673/263 1056/524/252 1299/523/239
f 1355/588/186 1362/615/295 1392/589/282
f 1372/674/293 1353/675/223 1370/676/320
f 768/677/89 770/678/231 841/679/194
f 1315/680/321 1293/586/205 1302/585/280
f 1381/681/310 1375/682/210 1366/683/209
f 780/684/174 779/685/322 770/686/231
f 1368/562/180 1363/651/307 1371/687/323
f 934/399/317 947/688/324 940/480/325
f 1353/459/223 1369/647/279 1363/689/326
f 839/690/327 840/691/327 841/692/327
f 942/668/318 938/693/237 946/669/285
f 934/694/328 940/695/328 942/696/328
f 1377/697/329 1454/698/329 1455/699/329
f 1304/700/330 1369/701/279 1305/702/331
f 1453/703/332 1458/704/333 1445/705/334
f 1372/706/293 1370/707/320 1373/708/294
f 1293/586/205 1315/680/321 1307/709/335
f 946/710/285 947/688/324 934/399/317
f 1297/546/262 1306/711/336 1298/547/263
f 1441/712/337 1447/713/337 1448/714/337
f 1457/715/338 1392/716/338 1379/717/338
f 1458/704/333 1456/718/339 1445/705/334
f 1297/546/340 1307/719/341 1306/711/336
f 1058/720/342 1318/721/343 1055/478/344
f 1060/722/345 1057/723/345 1059/724/345
f 935/725/193 938/726/237 838/727/229
f 1057/728/346 957/729/346 960/730/346
f 841/731/347 790/732/347 942/733/347
f 944/734/348 844/735/348 945/736/348
f 1368/645/180 1371/737/323 1303/646/290
f 1057/738/349 960/739/350 1059/740/351
f 1300/741/243 1313/742/312 1306/743/352
f 771/744/353 772/745/354 773/746/355
f 1060/747/356 1061/748/356 1054/749/356
f 958/512/247 956/750/357 955/513/248
f 949/751/358 937/629/304 941/628/303
f 1445/635/334 1456/752/339 1453/633/332
f 771/744/353 773/746/355 783/753/359
f 1361/614/185 1397/754/360 1362/615/295
f 1365/641/218 1383/755/251 1381/642/310
f 1457/756/361 1377/757/361 1380/758/361
f 948/561/270 945/560/269 844/759/362
f 1300/741/243 1306/743/352 1307/760/363
f 942/761/364 790/762/365 943/763/366
f 946/764/367 847/765/367 947/766/367
f 778/767/368 774/768/369 776/769/370
f 1457/770/371 1380/771/371 1453/772/371
f 1453/633/332 1456/752/339 1458/773/333
f 1061/774/372 1060/775/372 1059/776/372
f 1054/566/373 1055/478/374 1318/721/375
f 1301/777/151 1307/778/206 1315/779/376
f 844/780/377 944/781/378 842/782/379
f 783/783/380 787/784/380 775/785/380
f 1056/786/252 1298/547/263 1308/787/381
f 776/788/370 777/789/382 778/790/368
f 943/763/366 842/782/379 944/781/378
f 1353/675/223 1363/791/326 1370/676/320
f 942/792/318 790/793/383 938/794/237
f 959/795/384 843/796/385 961/797/386
f 948/798/387 844/799/387 843/800/387
f 962/801/388 966/802/388 963/803/388
f 1056/804/389 1308/805/389 964/806/389
f 779/807/322 780/808/174 838/809/390
f 770/678/231 797/810/391 841/679/194
f 1304/811/392 1320/812/392 1369/813/392
f 956/814/393 977/815/394 958/816/395
f 952/458/222 969/457/221 958/640/300
f 1361/817/185 1374/818/396 1397/819/360
f 1373/613/294 1374/820/396 1361/670/185
f 843/821/385 844/822/397 845/823/398
f 779/807/322 838/809/390 781/824/399
f 1061/505/242 1059/825/400 1313/652/312
f 1383/826/401 1385/827/401 1381/828/401
f 940/829/402 947/830/402 949/831/402
f 1369/701/279 1309/832/226 1305/702/331
f 964/833/204 978/834/403 954/482/192
f 954/482/192 978/834/403 962/483/233
f 937/835/404 949/836/404 847/837/404
f 1055/838/405 1319/839/405 1318/840/405
f 1307/778/406 1306/841/407 1315/779/408
f 1364/842/309 1375/843/409 1392/844/410
f 774/845/369 778/846/368 782/847/411
f 1369/848/279 1320/849/412 1376/850/413
f 959/851/414 970/852/414 969/853/414
f 1055/854/415 1318/855/415 965/856/415
f 790/793/383 846/857/416 938/794/237
f 966/858/417 956/859/393 973/860/418
f 1457/861/419 1379/862/419 1377/863/419
f 1445/864/260 1387/865/420 1378/866/421
f 940/480/232 973/867/422 950/400/190
f 1369/848/279 1376/850/413 1363/868/326
f 1309/869/226 1310/870/423 1305/871/331
f 1363/791/326 1376/872/413 1370/676/320
f 940/873/424 949/874/424 973/875/424
f 1445/876/425 1453/877/425 1387/878/425
f 1445/543/260 1378/879/421 1449/544/234
f 950/880/426 973/881/426 945/882/426
f 841/883/427 797/884/427 790/885/427
f 1304/886/428 1305/887/428 1310/888/428
f 1375/682/409 1379/889/429 1392/890/410
f 1301/777/151 1315/779/376 1314/891/430
f 1377/892/431 1380/893/431 1455/894/431
f 1377/895/432 1379/896/432 1380/897/432
f 790/898/433 942/899/434 851/900/435
f 783/901/436 791/902/437 787/903/438
f 966/858/417 973/860/418 951/904/439
f 778/905/368 777/906/382 782/907/411
f 945/908/440 974/909/440 940/910/440
f 956/911/393 966/912/417 976/913/441
f 964/833/204 1308/914/381 980/915/442
f 775/916/443 791/917/443 783/918/443
f 959/795/384 961/797/386 970/919/444
f 942/899/434 940/920/445 851/900/435
f 1364/638/309 1391/921/446 1363/636/307
f 1453/922/447 1380/923/447 1387/924/447
f 943/763/366 790/762/365 842/782/379
f 1298/547/263 1306/711/336 1308/787/381
f 1311/925/288 1310/870/423 1309/869/226
f 973/926/448 949/927/448 951/928/448
f 1381/929/449 1375/930/449 1382/931/449
f 958/816/395 977/815/394 965/932/450
f 966/858/417 951/904/439 941/933/303
f 1311/934/288 1312/935/451 1310/936/423
f 940/937/452 974/938/452 850/939/452
f 1315/940/453 1325/941/453 1306/942/453
f 958/512/454 972/943/455 956/750/393
f 957/621/299 958/623/300 972/944/456
f 1383/945/457 1384/946/457 1385/947/457
f 788/948/458 784/949/459 791/950/460
f 839/951/461 840/952/462 815/953/463
f 838/727/229 938/726/237 846/954/416
f 1371/687/323 1363/651/307 1328/955/464
f 788/948/458 791/950/460 787/956/465
f 787/957/466 791/958/466 775/959/466
f 784/960/459 788/961/458 795/962/467
f 785/963/468 777/789/382 776/788/370
f 941/628/303 951/964/439 949/751/358
f 1370/707/320 1376/965/413 1373/708/294
f 784/960/459 795/962/467 794/966/469
f 784/967/470 794/968/470 785/969/470
f 1302/585/280 1314/970/471 1315/680/321
f 966/971/472 962/972/472 983/973/472
f 966/912/417 983/974/473 976/913/441
f 957/621/299 967/975/474 960/976/475
f 1449/544/234 1378/879/421 1394/977/476
f 1383/978/477 1388/979/477 1384/980/477
f 1313/981/478 1317/982/478 1306/983/478
f 968/984/479 969/985/479 970/986/479
f 945/987/480 973/988/480 974/989/480
f 770/686/231 779/685/322 798/990/481
f 962/483/233 978/834/403 983/991/482
f 777/789/382 785/963/468 786/992/483
f 1301/346/151 1314/993/430 1311/603/288
f 1315/994/484 1312/995/484 1314/996/484
f 1388/997/319 1449/544/234 1394/977/476
f 978/834/403 964/833/204 980/915/442
f 1375/682/409 1381/681/485 1385/998/486
f 1055/999/487 965/1000/487 1319/1001/487
f 989/1002/488 983/1003/488 978/1004/488
f 956/750/393 982/1005/489 973/1006/418
f 787/1007/465 792/1008/490 788/1009/458
f 1315/1010/491 1306/1011/492 1312/1012/451
f 1306/711/336 1316/1013/493 1308/787/381
f 860/1014/494 800/1015/495 852/1016/496
f 956/750/393 985/1017/497 982/1005/489
f 776/769/370 774/768/369 785/1018/468
f 1392/844/410 1386/1019/498 1364/842/309
f 781/1020/399 838/1021/390 800/1022/495
f 965/1023/450 972/1024/499 958/1025/395
f 1318/1026/500 971/1027/500 965/1028/500
f 1311/1029/501 1314/1030/501 1312/1031/501
f 843/821/385 845/823/398 961/1032/386
f 847/1033/502 949/1034/502 947/1035/502
f 1375/682/409 1385/998/486 1379/889/429
f 957/621/299 972/944/456 967/975/474
f 789/1036/503 792/1037/503 787/1038/503
f 787/903/504 791/902/505 789/1039/506
f 1059/825/351 1242/1040/507 1317/1041/508
f 797/1042/509 803/1043/509 790/1044/509
f 1312/1012/451 1306/1011/492 1317/1045/510
f 800/1015/495 838/1046/390 852/1016/496
f 790/1047/511 797/1048/511 846/1049/511
f 960/739/350 1242/1050/507 1059/740/351
f 786/1051/483 785/1052/468 794/1053/512
f 790/1054/513 803/1055/514 848/1056/515
f 1313/652/312 1059/825/400 1317/1041/508
f 779/1057/516 781/1058/516 798/1059/516
f 965/1023/450 971/1060/517 972/1024/499
f 1380/1061/518 1379/1062/518 1387/1063/518
f 842/1064/379 790/1065/365 848/1066/519
f 781/1020/399 800/1022/495 805/1067/520
f 1388/1068/521 1405/1069/521 1384/1070/521
f 1310/936/423 1312/935/451 1333/1071/522
f 958/640/300 969/457/221 972/1072/523
f 940/920/445 865/1073/524 851/900/435
f 792/1008/490 795/1074/467 788/1009/458
f 838/727/229 846/954/416 849/1075/525
f 845/1076/526 844/1077/526 842/1078/526
f 1318/1079/527 1319/1080/528 1324/1081/529
f 1325/1082/530 1316/1083/493 1306/1084/336
f 789/1085/531 791/1086/531 792/1087/531
f 940/1088/445 850/1089/532 984/1090/533
f 1317/1045/510 1333/1091/522 1312/1012/451
f 852/1016/496 856/1092/534 860/1014/494
f 791/1093/460 784/1094/459 796/1095/535
f 1315/680/536 1314/970/537 1348/1096/538
f 1242/1097/539 960/1098/539 967/1099/539
f 1328/1100/464 1389/1101/540 1371/1102/323
f 786/1051/541 794/1053/542 793/1103/543
f 781/1104/399 805/1105/520 811/1106/544
f 1362/615/295 1397/754/360 1392/589/282
f 1371/1107/545 1389/1108/545 1330/1109/545
f 1302/585/280 1303/663/290 1314/970/471
f 1371/737/323 1330/1110/546 1303/646/290
f 969/457/221 975/1111/547 972/1072/523
f 965/1112/548 979/1113/548 1319/1114/548
f 1315/1115/549 1348/1116/549 1325/1117/549
f 777/906/382 799/1118/550 782/907/411
f 1304/1119/551 1321/1120/552 1320/1121/553
f 1364/842/309 1386/1019/498 1391/1122/446
f 794/1123/554 795/1124/554 796/1125/554
f 1376/965/413 1390/1126/555 1373/708/294
f 940/920/445 995/1127/556 865/1073/524
f 1304/1119/551 1333/1128/522 1321/1120/552
f 973/1129/557 982/1130/557 974/1131/557
f 968/1132/558 975/1133/558 969/1134/558
f 940/920/445 987/1135/559 995/1127/556
f 1374/1136/396 1373/1137/294 1390/1138/555
f 1310/936/423 1333/1071/522 1304/1139/551
f 785/1140/560 799/1141/560 784/1142/560
f 797/1143/561 770/1144/561 801/1145/561
f 785/1146/562 774/1147/562 799/1148/562
f 790/1149/563 848/1150/563 797/1151/563
f 956/1152/393 976/1153/441 977/1154/394
f 856/1092/534 852/1016/496 857/1155/564
f 978/1156/565 979/1157/566 989/1158/567
f 770/1159/568 798/1160/568 801/1161/568
f 1397/1162/569 1386/1163/570 1392/1164/571
f 784/1094/459 799/1165/572 796/1095/535
f 940/1088/445 984/1090/533 987/1166/559
f 797/1167/573 849/1168/573 846/1169/573
f 782/847/411 799/1170/550 774/845/369
f 978/1171/574 980/1172/574 979/1173/574
f 970/919/444 975/1174/575 968/1175/576
f 970/919/444 961/797/386 981/1176/577
f 800/1177/578 860/1178/578 805/1179/578
f 973/1180/579 982/1181/579 987/1182/579
f 1320/1183/580 1342/1184/580 1376/1185/580
f 972/1024/456 971/1060/581 967/1186/474
f 971/1187/582 956/750/393 972/943/455
f 1379/1188/583 1398/1189/584 1387/1190/420
f 797/1191/585 848/1192/585 803/1193/585
f 1394/1194/476 1405/1195/586 1388/1196/319
f 777/906/382 786/1197/483 794/1198/587
f 1318/1079/527 1324/1081/529 1317/1199/588
f 1391/1200/446 1328/1201/464 1363/1202/307
f 790/1203/433 851/1204/435 848/1205/589
f 1379/1206/429 1402/1207/590 1392/1208/591
f 1378/1209/592 1393/1210/592 1394/1211/592
f 1303/663/290 1327/1212/593 1314/970/471
f 1379/1206/429 1385/1213/486 1402/1207/590
f 795/1214/594 792/1215/594 796/1216/594
f 979/1217/566 965/932/450 977/815/394
f 838/1218/595 801/1219/595 802/1220/595
f 838/1221/596 849/1222/596 801/1223/596
f 974/1224/597 984/1225/597 850/1226/597
f 1303/1227/598 1330/1228/598 1327/1229/598
f 1385/1230/486 1384/1231/599 1395/1232/600
f 811/1106/544 798/1233/601 781/1104/399
f 777/906/382 794/1198/587 799/1118/550
f 796/1234/602 799/1235/602 794/1236/602
f 989/1237/603 990/1238/603 983/1239/603
f 838/1240/390 802/1241/604 852/1242/496
f 972/1072/523 975/1111/547 971/1243/605
f 796/1244/606 792/1245/606 791/1246/606
f 801/1247/607 849/1248/607 797/1249/607
f 1318/1250/608 1317/1251/608 1242/1252/608
f 1379/1188/583 1392/1253/609 1398/1189/584
f 1325/1082/530 1323/1254/610 1316/1083/493
f 956/750/393 971/1187/582 1258/1255/611
f 1387/865/420 1396/1256/612 1378/866/421
f 1328/1100/464 1330/1257/613 1389/1101/540
f 1378/866/421 1396/1256/612 1393/1258/614
f 1374/818/396 1398/1259/584 1397/819/360
f 849/1260/615 802/1261/615 801/1262/615
f 1320/1263/616 1321/1264/616 1342/1265/616
f 1397/1266/617 1398/1267/617 1386/1268/617
f 852/1242/496 853/1269/618 857/1270/564
f 801/1271/619 803/1272/620 849/1273/621
f 1376/1274/413 1342/1275/622 1390/1138/555
f 848/1276/623 849/1277/623 803/1278/623
f 971/1279/624 1242/1280/624 967/1281/624
f 845/1282/625 842/1064/379 854/1283/626
f 815/1284/627 818/1285/627 840/1286/627
f 804/1287/628 803/1272/620 801/1271/619
f 798/1288/629 804/1287/628 801/1271/619
f 982/1289/489 985/1290/497 987/1291/630
f 798/1292/631 808/1293/631 804/1294/631
f 842/1064/379 848/1066/519 863/1295/632
f 974/1296/633 982/1297/633 984/1298/633
f 1398/1299/584 1399/1300/634 1387/1301/420
f 983/974/473 992/1302/635 976/913/441
f 980/1303/442 1308/787/381 1324/1304/529
f 811/1305/636 805/1306/636 819/1307/636
f 1405/1308/637 1394/1309/637 1393/1310/637
f 987/1311/638 985/1312/638 986/1313/638
f 802/1314/639 849/1315/639 853/1316/639
f 981/1176/577 961/797/386 1000/1317/640
f 1317/1041/641 1242/1040/642 1334/1318/643
f 987/1291/559 984/1319/533 982/1289/644
f 1384/1231/599 1405/1320/645 1395/1232/600
f 1385/1321/486 1395/1322/600 1416/1323/646
f 848/1324/647 855/1325/647 849/1326/647
f 845/1327/648 854/1328/648 961/1329/648
f 1391/1330/446 1386/1331/498 1400/1332/649
f 852/1242/496 802/1241/604 853/1269/618
f 1314/1333/650 1348/1334/651 1322/1335/652
f 983/974/473 990/1336/653 992/1302/635
f 1308/787/381 1316/1013/493 1324/1304/529
f 1386/1331/498 1392/1337/591 1400/1332/649
f 1317/1338/510 1334/1339/654 1333/1340/522
f 1317/1341/655 1316/1342/656 1334/1343/657
f 979/1157/566 991/1344/658 989/1158/567
f 848/1056/659 803/1055/620 855/1345/660
f 986/1346/661 995/1347/661 987/1348/661
f 971/1349/662 1318/1350/662 988/1351/662
f 1391/1352/663 1400/1353/663 1403/1354/663
f 853/1355/618 849/1356/664 855/1357/660
f 989/1358/665 991/1359/665 990/1360/665
f 1316/1361/666 1323/1362/666 1326/1363/666
f 1317/1364/667 1324/1365/667 1316/1366/667
f 851/1204/435 865/1367/524 848/1205/589
f 1325/1368/530 1348/1369/668 1323/1370/610
f 976/1153/441 992/1371/635 977/1154/394
f 1324/1081/529 1319/1080/528 980/1372/442
f 970/919/444 981/1176/577 975/1174/575
f 853/1355/618 855/1357/660 866/1373/669
f 1392/1253/609 1386/1374/670 1398/1189/584
f 961/797/386 854/1375/671 1000/1317/640
f 1398/1259/584 1374/818/396 1401/1376/672
f 1314/1377/650 1322/1378/652 1344/1379/673
f 1316/1342/656 1326/1380/674 1334/1343/657
f 856/1381/675 857/1382/675 867/1383/675
f 1391/1200/446 1329/1384/676 1328/1201/464
f 804/1287/628 806/1385/677 803/1272/620
f 1398/1259/584 1401/1376/672 1399/1386/634
f 1385/1321/486 1416/1323/646 1402/1387/590
f 1391/1388/446 1403/1389/678 1329/1390/676
f 979/1391/679 980/1392/679 1319/1393/679
f 1318/1394/680 1242/1395/680 988/1396/680
f 1327/1397/681 1330/1398/681 1314/1399/681
f 1328/1400/682 1344/1401/682 1330/1402/682
f 798/1233/601 811/1106/544 807/1403/683
f 855/1404/660 803/1405/620 858/1406/684
f 971/1187/582 988/1407/685 1258/1255/611
f 1374/1136/396 1390/1138/555 1404/1408/686
f 1387/1301/420 1399/1300/634 1396/1409/612
f 979/1217/566 977/815/394 992/1410/635
f 853/1411/618 867/1412/687 857/1413/564
f 808/1414/688 798/1415/601 807/1416/683
f 1323/1370/610 1332/1417/689 1326/1418/690
f 1328/1419/464 1329/1420/676 1344/1421/691
f 1323/1370/610 1348/1369/668 1332/1417/689
f 1395/1422/692 1405/1423/692 1393/1424/692
f 1330/1425/693 1348/1096/694 1314/970/695
f 859/1426/696 860/1427/494 861/1428/697
f 1348/1369/698 1344/1429/699 1332/1417/689
f 1395/1430/700 1393/1431/614 1407/1432/701
f 1322/1378/652 1330/1433/693 1344/1379/673
f 1330/1434/693 1322/1335/652 1331/1435/702
f 979/1217/566 992/1410/635 991/1436/658
f 842/1064/379 863/1295/632 854/1283/626
f 865/1367/524 862/1437/703 848/1205/589
f 1321/1438/704 1335/1439/704 1342/1440/704
f 1374/818/396 1404/1441/686 1401/1376/672
f 805/1442/705 860/1443/494 859/1444/696
f 1242/1040/642 1244/1445/706 1334/1318/643
f 1332/1446/707 1348/1096/708 1338/1447/709
f 971/1243/605 975/1111/547 988/1448/710
f 1393/1258/614 1396/1256/612 1407/1449/701
f 1333/1450/711 1335/1451/711 1321/1452/711
f 1333/1340/522 1334/1339/712 1335/1453/713
f 848/1454/714 862/1455/714 863/1456/714
f 808/1457/715 809/1458/715 804/1459/715
f 805/1442/705 859/1444/696 819/1460/716
f 992/1461/717 990/1462/717 991/1463/717
f 1330/1425/693 1331/1464/702 1348/1096/694
f 1416/1465/718 1395/1466/718 1406/1467/718
f 981/1176/577 998/1468/719 975/1174/575
f 840/952/720 816/1469/721 815/953/722
f 860/1470/494 856/1471/534 861/1472/697
f 1392/1473/591 1402/1474/590 1416/1475/646
f 1392/1473/591 1416/1475/646 1400/1476/649
f 1332/1417/689 1340/1477/723 1326/1418/690
f 1344/1429/699 1340/1477/723 1332/1417/689
f 1334/1478/724 1339/1479/724 1335/1480/724
f 1322/1335/652 1348/1334/651 1338/1481/725
f 807/1416/683 810/1482/726 808/1414/688
f 981/1176/577 1000/1317/640 993/1483/727
f 1399/1484/728 1401/1485/728 1409/1486/728
f 862/1487/729 848/1056/730 855/1345/731
f 1396/1409/612 1399/1300/634 1408/1488/732
f 803/1272/620 806/1385/677 858/1489/684
f 1348/1096/694 1331/1464/702 1338/1447/733
f 1407/1432/701 1406/1490/734 1395/1430/700
f 1244/1445/735 1339/1491/736 1334/1318/737
f 1322/1335/652 1338/1481/725 1331/1435/702
f 1390/1138/555 1342/1275/622 1404/1408/686
f 855/1404/660 858/1406/684 875/1492/738
f 854/1493/626 863/1494/632 864/1495/739
f 808/1496/740 810/1497/740 809/1498/740
f 999/1499/741 994/1500/742 1004/1501/743
f 818/1502/744 816/1503/721 840/1504/720
f 865/1505/745 995/1506/745 862/1507/745
f 971/1243/746 1243/1508/747 1242/1509/748
f 1344/1429/749 1337/1510/750 1340/1477/751
f 985/1017/497 956/750/393 1258/1255/611
f 807/1403/683 811/1106/544 810/1511/726
f 863/1512/632 862/1513/752 875/1514/753
f 1407/1515/701 1396/1516/612 1408/1517/732
f 971/1243/746 988/1448/754 1243/1508/747
f 1326/1518/674 1336/1519/755 1334/1520/657
f 853/1411/618 868/1521/756 867/1412/687
f 811/1106/544 812/1522/757 810/1511/726
f 995/1523/758 986/1524/758 985/1525/758
f 1242/1526/759 1244/1527/759 988/1528/759
f 1400/1529/760 1411/1530/760 1403/1531/760
f 1334/1520/657 1336/1519/755 1244/1532/761
f 1337/1533/762 1335/1534/762 1339/1535/762
f 863/1494/632 875/1536/753 864/1495/739
f 804/1537/628 809/1538/763 806/1385/677
f 1399/1300/634 1410/1539/764 1408/1488/732
f 1399/1540/634 1409/1541/765 1410/1542/764
f 866/1543/669 868/1544/756 853/1545/618
f 1339/1546/766 1244/1547/735 1266/1548/767
f 1403/1389/678 1411/1549/768 1329/1390/676
f 985/1017/497 1003/1550/769 995/1551/770
f 1338/1552/771 1344/1553/691 1331/1554/772
f 1339/1555/773 1337/1556/773 1340/1557/773
f 981/1176/577 993/1483/727 998/1468/719
f 1000/1558/640 996/1559/774 993/1560/727
f 988/1561/775 1244/1562/776 1247/1563/777
f 975/1111/547 997/1564/778 988/1448/710
f 867/1565/779 868/1566/779 856/1567/779
f 1344/1553/691 1338/1552/771 1340/1568/780
f 811/1569/781 819/1570/781 812/1571/781
f 975/1572/782 998/1573/782 997/1574/782
f 1407/1515/701 1408/1517/732 1412/1575/783
f 993/1560/727 996/1559/774 998/1576/719
f 1329/1420/676 1343/1577/784 1344/1421/691
f 1242/1578/785 1243/1579/785 1244/1580/785
f 1340/1581/786 1338/1582/786 1341/1583/786
f 994/1584/742 999/1585/741 1008/1586/787
f 995/1587/788 1003/1588/788 862/1589/788
f 862/1590/789 1003/1591/789 872/1592/789
f 856/1593/534 868/1594/756 869/1595/790
f 1000/1596/640 854/1597/671 871/1598/791
f 1326/1599/792 1341/1600/792 1336/1601/792
f 862/1602/752 1006/1603/793 870/1604/794
f 996/1605/774 1000/1596/640 871/1598/791
f 854/1606/795 864/1607/795 871/1608/795
f 1326/1609/796 1340/1610/796 1341/1611/796
f 1342/1612/797 1346/1613/797 1404/1614/797
f 859/1444/696 813/1615/798 819/1460/716
f 1331/1616/772 1252/1617/799 1338/1618/800
f 855/1357/660 875/1619/738 866/1373/669
f 1336/1620/801 1247/1621/801 1244/1622/801
f 862/1513/752 870/1623/794 875/1514/753
f 1342/1624/802 1335/1625/803 1261/1626/804
f 806/1385/677 814/1627/805 858/1489/684
f 1006/1603/793 862/1602/752 872/1628/806
f 1343/1629/784 1331/1630/772 1344/1631/691
f 815/1632/807 816/1633/807 820/1634/807
f 809/1538/763 817/1635/808 806/1385/677
f 999/1585/741 1001/1636/809 1008/1586/787
f 1331/1630/772 1343/1629/784 1345/1637/810
f 1407/1432/701 1412/1638/783 1406/1490/734
f 1258/1255/611 1002/1639/811 985/1017/497
f 1400/1476/649 1413/1640/812 1411/1549/768
f 1400/1476/649 1416/1475/646 1413/1640/812
f 985/1017/497 1002/1639/811 1003/1550/769
f 809/1641/763 810/1642/726 817/1643/808
f 856/1471/534 869/1644/790 861/1472/697
f 1338/1645/800 1248/1646/813 1341/1647/814
f 875/1648/753 1011/1649/815 864/1650/739
f 1252/1617/799 1331/1616/772 1345/1651/810
f 999/1652/816 1004/1653/816 1001/1654/816
f 1244/1547/735 1245/1655/817 1266/1548/767
f 1416/1475/646 1417/1656/818 1413/1640/812
f 1244/1657/735 1243/1658/819 1245/1659/817
f 1339/1660/820 1266/1661/820 1337/1662/820
f 1409/1663/821 1401/1664/821 1414/1665/821
f 1002/1666/811 998/1667/822 1003/1668/769
f 815/1669/823 820/1670/823 818/1671/823
f 1342/1624/802 1261/1626/804 1346/1672/824
f 1338/1645/800 1252/1673/799 1248/1646/813
f 988/1448/710 997/1564/778 1258/1674/825
f 997/1675/778 998/1667/822 1002/1666/811
f 868/1594/756 877/1676/826 869/1595/790
f 1404/1677/827 1414/1678/827 1401/1679/827
f 1409/1541/765 1415/1680/828 1410/1542/764
f 994/1681/829 1008/1682/829 1004/1683/829
f 1406/1684/830 1417/1685/830 1416/1686/830
f 812/1687/757 819/1688/716 813/1689/798
f 818/1502/744 820/1690/831 816/1503/721
f 868/1544/756 866/1543/669 877/1691/826
f 870/1692/794 878/1693/832 875/1694/753
f 1329/1390/676 1411/1549/768 1343/1695/784
f 1406/1490/734 1412/1638/783 1417/1696/818
f 875/1648/753 878/1697/832 1011/1649/815
f 1417/1656/818 1423/1698/833 1413/1640/812
f 996/1699/774 1009/1700/834 998/1701/719
f 1408/1702/732 1410/1703/764 1412/1704/783
f 1335/1705/803 1250/1706/835 1261/1707/804
f 866/1543/669 875/1708/738 873/1709/836
f 866/1543/669 873/1709/836 877/1691/826
f 1008/1586/787 1001/1636/809 1255/1710/837
f 810/1642/726 821/1711/838 817/1643/808
f 806/1385/677 817/1635/808 814/1627/805
f 872/1712/839 1003/1713/839 1005/1714/839
f 869/1595/790 877/1676/826 874/1715/840
f 875/1716/841 858/1717/841 833/1718/841
f 1337/1719/842 1266/1720/842 1250/1721/842
f 1336/1722/843 1246/1723/844 1247/1724/845
f 1341/1725/814 1246/1723/844 1336/1722/843
f 1248/1726/813 1249/1727/846 1341/1725/814
f 1006/1728/847 872/1729/847 1005/1730/847
f 1337/1731/848 1250/1706/835 1335/1705/803
f 870/1732/849 1006/1733/849 1014/1734/849
f 988/1735/850 1245/1736/850 1243/1737/850
f 1003/1738/851 998/1739/851 1005/1740/851
f 1345/1651/810 1347/1741/852 1252/1617/799
f 1008/1742/853 1007/1743/853 1004/1744/853
f 810/1745/726 812/1746/757 821/1747/838
f 1411/1549/768 1413/1640/812 1423/1698/833
f 997/1564/778 1002/1748/811 1015/1749/854
f 1008/1750/855 1255/1751/855 1007/1752/855
f 1345/1637/810 1343/1629/784 1347/1753/852
f 1006/1754/856 1005/1755/856 1014/1756/856
f 1414/1757/857 1404/1758/857 1418/1759/857
f 818/1502/858 822/1760/859 820/1690/860
f 1258/1674/825 997/1564/778 1015/1749/854
f 1009/1700/834 996/1699/774 1012/1761/861
f 1412/1638/783 1415/1762/828 1417/1696/818
f 1414/1763/862 1419/1764/863 1409/1765/765
f 812/1746/757 824/1766/864 821/1747/838
f 1404/1767/865 1346/1768/865 1418/1769/865
f 1002/1639/811 1258/1255/611 1009/1770/866
f 1410/1703/764 1415/1771/828 1412/1704/783
f 1258/1255/867 988/1407/775 1259/1772/868
f 1423/1698/833 1417/1656/818 1421/1773/869
f 817/1635/808 823/1774/870 814/1627/805
f 1411/1549/768 1254/1775/871 1343/1695/784
f 858/1776/684 814/1627/805 833/1777/872
f 1255/1778/837 1001/1779/809 1013/1780/873
f 870/1692/794 1014/1781/874 878/1693/832
f 1265/1782/875 1247/1783/875 1246/1784/875
f 1250/1785/835 1253/1786/876 1261/1787/804
f 861/1428/697 876/1788/877 859/1426/696
f 1414/1789/878 1418/1790/878 1419/1791/878
f 988/1448/879 1258/1674/880 1245/1792/817
f 812/1687/757 813/1689/798 824/1793/864
f 875/1794/738 833/1795/881 873/1796/836
f 1266/1548/767 1245/1655/817 1267/1797/882
f 1252/1798/799 1347/1799/852 1256/1800/883
f 1258/1255/611 1010/1801/884 1009/1770/866
f 1247/1802/885 1265/1803/885 1259/1804/885
f 988/1561/775 1247/1563/777 1259/1805/868
f 1254/1775/871 1411/1549/768 1423/1698/833
f 1258/1255/886 1259/1772/887 1010/1801/888
f 864/1806/739 1011/1807/815 871/1808/791
f 1418/1809/889 1424/1810/890 1419/1811/863
f 813/1615/798 859/1444/696 830/1812/891
f 1343/1813/892 1264/1814/893 1251/1815/894
f 1002/1748/811 1009/1816/866 1015/1749/854
f 1409/1765/765 1425/1817/895 1415/1818/828
f 1341/1725/814 1249/1727/846 1246/1723/844
f 996/1819/774 1018/1820/896 1012/1821/861
f 1417/1822/818 1415/1823/828 1420/1824/897
f 814/1627/805 823/1774/870 828/1825/898
f 998/1826/899 1009/1827/899 1005/1828/899
f 1252/1829/799 1257/1830/900 1248/1831/813
f 1347/1832/852 1343/1833/784 1264/1834/901
f 1347/1832/852 1264/1834/901 1271/1835/902
f 859/1426/696 876/1788/877 879/1836/903
f 1417/1822/818 1420/1824/897 1421/1837/869
f 1252/1798/799 1256/1800/883 1257/1838/900
f 1250/1839/904 1251/1840/904 1253/1841/904
f 821/1711/838 823/1842/870 817/1643/808
f 827/1843/905 825/1844/906 826/1845/907
f 859/1444/696 879/1846/903 830/1812/891
f 1343/1847/784 1254/1848/871 1264/1849/908
f 821/1747/838 824/1766/864 825/1844/906
f 861/1472/697 869/1644/790 874/1850/840
f 827/1851/905 826/1852/907 828/1853/898
f 873/1796/836 833/1795/881 877/1854/826
f 1258/1674/825 1015/1749/854 1010/1855/884
f 1007/1856/909 1255/1857/909 1013/1858/909
f 828/1859/910 826/1860/910 880/1861/910
f 827/1843/905 821/1747/838 825/1844/906
f 1005/1862/911 1009/1863/912 1019/1864/913
f 1256/1865/914 1347/1866/914 1282/1867/914
f 1409/1765/765 1419/1764/863 1425/1817/895
f 878/1868/915 1014/1869/915 1011/1870/915
f 861/1472/697 874/1850/840 876/1871/877
f 1001/1779/809 1004/1872/916 1013/1780/873
f 1009/1873/834 1012/1874/861 1015/1875/917
f 1415/1818/828 1425/1817/895 1420/1876/897
f 1250/1877/918 1264/1878/919 1251/1879/920
f 1004/1880/921 1016/1881/921 1013/1882/921
f 814/1627/805 828/1825/898 833/1777/872
f 1011/1807/815 1017/1883/922 871/1808/791
f 1423/1884/923 1421/1885/923 1422/1886/923
f 1256/1887/883 1282/1888/924 1257/1889/900
f 1258/1890/880 1259/1891/925 1245/1655/817
f 1253/1892/926 1251/1815/927 1264/1814/928
f 1346/1893/929 1281/1894/929 1260/1895/929
f 1261/1896/930 1281/1897/930 1346/1898/930
f 1282/1888/924 1262/1899/931 1257/1889/900
f 1346/1900/932 1260/1901/932 1418/1902/932
f 821/1711/838 829/1903/933 823/1842/870
f 813/1689/798 830/1904/891 824/1793/864
f 1005/1905/934 1017/1906/934 1014/1907/934
f 821/1908/838 827/1851/905 829/1909/933
f 1261/1787/804 1253/1786/876 1281/1910/935
f 871/1808/791 1018/1911/896 996/1912/774
f 1245/1655/817 1268/1913/936 1267/1797/882
f 823/1774/870 829/1914/933 828/1825/898
f 1004/1915/937 1007/1916/937 1016/1917/937
f 827/1851/905 828/1853/898 829/1909/933
f 1250/1877/918 1266/1918/938 1264/1878/919
f 1011/1919/939 1014/1920/939 1017/1921/939
f 1423/1922/833 1428/1923/940 1254/1924/871
f 874/1850/840 882/1925/941 876/1871/877
f 1245/1655/817 1259/1891/925 1268/1913/936
f 1254/1848/871 1428/1926/940 1264/1849/908
f 1249/1927/942 1248/1928/942 1263/1929/942
f 826/1845/907 831/1930/943 880/1931/944
f 1246/1723/844 1278/1932/945 1265/1933/946
f 1264/1934/908 1428/1935/940 1271/1936/947
f 1424/1937/948 1418/1938/948 1260/1939/948
f 1263/1940/949 1248/1831/813 1280/1941/950
f 879/1846/903 832/1942/951 830/1812/891
f 1009/1770/866 1010/1801/884 1015/1943/854
f 1265/1944/952 1278/1945/952 1259/1946/952
f 826/1845/907 825/1844/906 831/1930/943
f 1248/1831/813 1257/1830/900 1280/1941/950
f 877/1854/826 833/1795/881 880/1947/944
f 828/1948/953 880/1949/953 833/1950/953
f 1005/1951/954 1019/1952/954 1017/1953/954
f 871/1808/791 1017/1883/922 1018/1911/896
f 1266/1954/938 1273/1955/955 1264/1956/919
f 877/1676/826 882/1957/941 874/1715/840
f 1420/1958/897 1429/1959/956 1421/1960/869
f 1423/1922/833 1422/1961/957 1428/1923/940
f 1249/1727/846 1263/1962/958 1246/1723/844
f 1009/1963/912 1015/1964/917 1026/1965/959
f 1013/1966/960 1016/1967/960 1007/1968/960
f 1018/1969/961 1017/1970/961 1019/1971/961
f 824/1766/864 830/1972/891 825/1844/906
f 1267/1973/882 1268/1974/936 1272/1975/962
f 1253/1976/963 1264/1977/963 1281/1978/963
f 1282/1979/964 1347/1980/964 1269/1981/964
f 1259/1982/925 1278/1983/965 1268/1984/936
f 876/1871/877 882/1925/941 879/1985/903
f 1267/1797/882 1270/1986/966 1266/1548/767
f 1425/1987/895 1419/1988/863 1427/1989/967
f 877/1990/826 880/1991/944 882/1992/941
f 1278/1932/945 1246/1723/844 1274/1993/968
f 1018/1994/969 1019/1995/969 1020/1996/969
f 1424/1997/970 1260/1998/970 1426/1999/970
f 1421/1960/869 1429/1959/956 1422/2000/957
f 1264/2001/971 1271/2002/971 1281/2003/971
f 1272/2004/972 1278/2005/973 1263/2006/958
f 1272/2007/974 1263/2008/974 1267/2009/974
f 1009/1863/912 1026/2010/959 1019/1864/913
f 1246/1723/844 1263/1962/958 1274/1993/968
f 1018/1820/896 1020/2011/975 1012/1821/861
f 1425/1987/895 1427/1989/967 1429/2012/956
f 1021/2013/976 1022/2014/977 1023/2015/977
f 1264/1834/919 1273/2016/955 1271/1835/902
f 1015/1875/917 1292/2017/978 1279/2018/979
f 1266/2019/980 1270/2020/980 1273/2021/980
f 1425/1817/895 1429/2022/956 1420/1876/897
f 879/2023/981 882/2024/981 881/2025/981
f 832/2026/982 879/2027/982 831/2028/982
f 830/1972/891 832/2029/951 825/1844/906
f 1015/1964/917 1279/2030/979 1026/1965/959
f 1271/1936/947 1428/1935/940 1276/2031/983
f 1022/2014/977 1024/2032/984 1023/2015/977
f 1419/1811/863 1424/1810/890 1427/2033/967
f 1347/1832/852 1271/1835/902 1269/2034/985
f 1278/2005/973 1274/2035/968 1263/2006/958
f 1268/2036/936 1290/2037/986 1272/2038/962
f 880/1991/944 834/2039/987 882/1992/941
f 1257/1889/900 1262/1899/931 1280/2040/950
f 832/2029/951 831/2041/943 825/1844/906
f 1424/1810/890 1428/2042/940 1427/2033/967
f 1015/1875/917 1012/1874/861 1292/2017/978
f 1278/1932/988 1274/1993/989 1275/2043/990
f 1272/2038/991 1290/2037/986 1274/2044/992
f 1428/2045/940 1424/2046/890 1276/2047/983
f 880/1931/944 831/1930/943 834/2048/987
f 1270/1986/966 1267/1797/882 1263/2049/993
f 879/2050/994 881/2051/995 831/2052/943
f 1428/2042/940 1422/2053/957 1427/2033/967
f 1026/2054/996 1279/2055/996 1277/2056/996
f 1278/2057/997 1279/2058/997 1268/2059/997
f 1022/2060/998 1024/2061/998 1025/2062/998
f 1270/1986/966 1263/2049/993 1280/2063/999
f 1260/2064/1000 1281/2065/1001 1426/2066/1001
f 1269/2067/985 1285/2068/1002 1282/2069/924
f 1026/2070/1003 1027/2071/1003 1019/2072/1003
f 1280/2073/1004 1283/2074/1004 1263/2075/1004
f 1276/2047/983 1424/2046/890 1426/2076/1005
f 1426/2066/1001 1281/2065/1001 1284/2077/1006
f 1273/2016/955 1285/2078/1002 1271/1835/902
f 1292/2079/1007 1291/2080/1007 1279/2081/1007
f 1271/2082/1008 1284/2083/1008 1281/2084/1008
f 1271/1835/902 1285/2078/1002 1269/2085/985
f 882/2086/1009 834/2087/1009 881/2088/1009
f 1026/2089/1010 1277/2090/1010 1288/2091/1010
f 1012/2092/861 1020/2093/975 1292/2094/978
f 1422/2053/957 1429/2095/956 1427/2033/967
f 1019/2096/1011 1027/2097/1012 1020/2098/975
f 1270/2099/966 1280/2100/999 1273/2101/955
f 1282/2069/924 1285/2068/1002 1262/2102/931
f 1290/2037/986 1062/2103/1013 1274/2044/992
f 831/2052/943 881/2051/995 834/2104/987
f 1262/2105/1014 1285/2106/1014 1280/2107/1014
f 1280/2100/999 1285/2108/1002 1273/2101/955
f 1268/2109/936 1279/2110/1015 1290/2111/986
f 1026/2112/1016 1288/2113/1016 1027/2114/1016
f 1277/2115/1017 1279/2116/1017 1067/2117/1017
f 1271/2118/1018 1276/2119/1018 1284/2120/1018
f 1426/2121/1019 1284/2122/1019 1276/2123/1019
f 1279/2110/1015 1291/2124/1020 1290/2111/986
f 1278/1932/988 1067/2125/1021 1279/2126/1022
f 1283/2127/1023 1286/2128/1023 1064/2129/1023
f 1278/1932/988 1275/2043/990 1067/2125/1021
f 1027/2097/1012 1028/2130/1024 1020/2098/975
f 1274/2131/1025 1062/2132/1025 1275/2133/1025
f 1292/2094/978 1020/2093/975 1028/2134/1024
f 1287/2135/1026 1064/2136/1026 1283/2137/1026
f 1027/2097/1012 1066/2138/1027 1028/2130/1024
f 1027/2097/1012 1288/2139/1028 1066/2138/1027
f 1288/2140/1029 1277/2141/1029 1067/2142/1029
f 1287/2143/1030 1283/2144/1030 1063/2145/1030
f 1288/2146/1031 1067/2147/1031 1289/2148/1031
f 1290/2149/1032 1094/2150/1032 1062/2151/1032
f 1290/2152/986 1291/2153/1020 1094/2154/1033
f 1287/2155/1034 1063/2156/1035 1064/2157/1036
f 1292/2158/1037 1094/2154/1033 1291/2153/1020
f 1288/2159/1028 1289/2160/1038 1066/2161/1027
f 1028/2162/1039 1066/2163/1039 1292/2164/1039
f 1064/2165/1040 1286/2166/1040 1065/2167/1040
f 1062/2168/1041 1094/2169/1041 1275/2170/1041
f 1292/2158/1037 1066/2171/1042 1094/2154/1033
f 70/2172/1043 71/2173/1043 72/2174/1043
f 1067/2175/1021 1275/2176/990 1094/2177/1044
f 820/1690/860 822/1760/859 835/2178/1045
f 1064/2179/1046 1065/2180/1046 1283/2181/1046
f 1066/2182/1047 1289/2183/1047 1094/2184/1047
f 1094/2185/1048 1289/2186/1048 1067/2187/1048
f 1064/2157/1036 1063/2156/1035 1065/2188/1049
f 71/2189/1050 837/2190/1050 835/2191/1050
f 1283/2192/1051 1065/2193/1052 1063/2194/1053
f 836/2195/1054 837/2196/1054 835/2197/1054
f 1065/2193/1055 1068/2198/1056 1063/2194/1057
f 1106/2199/1058 1098/2200/1058 1096/2201/1058
f 1164/2202/1059 1099/2203/1059 1095/2204/1059
f 1164/2205/1060 1095/2206/1061 1101/2207/1062
f 1106/2208/1063 1096/2209/1064 1105/2210/1065
f 1096/2211/1064 1098/2212/1066 1102/2213/1067
f 1164/2214/1068 1166/2215/1068 1099/2216/1068
f 1095/2206/1061 1108/2217/1069 1101/2207/1062
f 1164/2218/1060 1101/2219/1062 1165/2220/1070
f 1098/2221/1066 1106/2222/1063 1111/2223/1071
f 73/2224/1072 74/2225/1073 78/2226/1074
f 73/2224/1072 75/2227/1075 74/2225/1073
f 1164/2218/1060 1165/2220/1070 1166/2228/1076
f 76/2229/1077 75/2227/1075 73/2224/1072
f 1106/2222/1063 1097/2230/1078 1111/2223/1071
f 1098/2231/1066 1111/2232/1071 1102/2233/1067
f 1166/2234/1079 1176/2235/1080 1099/2236/1081
f 1099/2237/1081 1176/2238/1080 1095/2239/1061
f 1100/2240/1082 1101/2241/1082 1109/2242/1082
f 1095/2243/1061 1104/2244/1083 1108/2245/1069
f 1170/2246/1084 1100/2247/1084 1109/2248/1084
f 1108/2217/1069 1109/2249/1085 1101/2207/1062
f 1166/2250/1076 1165/2251/1070 1167/2252/1086
f 1065/2188/1055 1063/2156/1057 1069/2253/1087
f 1101/2254/1062 1100/2255/1088 1165/2256/1070
f 1095/2239/1061 1176/2238/1080 1104/2257/1083
f 1096/2211/1064 1102/2213/1067 1116/2258/1089
f 1102/2259/1090 1103/2260/1090 1116/2261/1090
f 1068/2262/1056 1078/2263/1091 1063/2156/1057
f 76/2264/1077 73/2265/1072 81/2266/1092
f 1105/2210/1065 1096/2209/1064 1112/2267/1093
f 1167/2252/1086 1165/2251/1070 1100/2268/1088
f 1170/2269/1094 1109/2270/1085 1117/2271/1095
f 1170/2272/1094 1181/2273/1096 1100/2274/1088
f 1104/2275/1097 1176/2276/1097 1118/2277/1097
f 75/2278/1075 88/2279/1098 74/2280/1073
f 1068/2198/1056 1065/2193/1055 1078/2281/1099
f 76/2282/1077 77/2283/1100 75/2284/1075
f 1068/2262/1101 1081/2285/1102 1078/2263/1103
f 1105/2286/1104 1112/2287/1104 1114/2288/1104
f 1106/2289/1063 1105/2290/1065 1114/2291/1105
f 73/2265/1072 79/2292/1106 81/2266/1092
f 1100/2274/1088 1168/2293/1107 1167/2294/1086
f 1117/2271/1095 1109/2270/1085 1111/2295/1071
f 1065/2193/1055 1069/2296/1087 1078/2281/1099
f 1167/2297/1108 1178/2298/1108 1166/2299/1108
f 1096/2209/1064 1116/2300/1089 1112/2267/1093
f 78/2301/1109 79/2302/1109 73/2303/1109
f 1102/2233/1067 1111/2232/1071 1103/2304/1110
f 1108/2245/1069 1104/2244/1083 1122/2305/1111
f 1106/2289/1063 1107/2306/1112 1097/2307/1078
f 1166/2234/1079 1178/2308/1113 1176/2235/1080
f 1068/2262/1101 1070/2309/1114 1081/2285/1102
f 1180/2310/1115 1167/2294/1086 1168/2293/1107
f 75/2284/1075 77/2283/1100 88/2311/1098
f 74/2312/1116 80/2313/1116 78/2314/1116
f 1108/2315/1069 1122/2316/1111 1110/2317/1117
f 1063/2156/1057 1078/2263/1091 1069/2253/1087
f 1108/2315/1069 1110/2317/1117 1109/2318/1085
f 1109/2319/1085 1110/2320/1117 1111/2321/1071
f 1167/2294/1086 1180/2310/1115 1178/2322/1118
f 1068/2198/1101 1078/2281/1119 1070/2323/1114
f 76/2324/1120 81/2325/1120 82/2326/1120
f 1172/2327/1121 1178/2328/1122 1169/2329/1123
f 1170/2330/1094 1171/2331/1124 1181/2332/1096
f 1104/2244/1083 1118/2333/1125 1122/2305/1111
f 1112/2334/1126 1113/2335/1127 1114/2336/1105
f 1106/2289/1063 1114/2291/1105 1107/2306/1112
f 84/2337/1128 83/2338/1129 95/2339/1130
f 76/2340/1131 82/2341/1131 77/2342/1131
f 1170/2330/1094 1117/2343/1095 1171/2331/1124
f 1172/2344/1121 1175/2345/1132 1178/2346/1122
f 1115/2347/1133 1112/2348/1093 1116/2349/1089
f 1097/2350/1134 1107/2351/1134 1111/2352/1134
f 1111/2232/1071 1110/2353/1117 1103/2304/1110
f 1169/2354/1123 1175/2345/1132 1172/2344/1121
f 1070/2355/1135 1071/2356/1135 1082/2357/1135
f 1169/2329/1123 1178/2328/1122 1175/2358/1132
f 1110/2359/1136 1122/2360/1136 1123/2361/1136
f 79/2292/1106 82/2362/1137 81/2266/1092
f 1070/2363/1138 1076/2364/1138 1071/2365/1138
f 84/2366/1139 92/2367/1139 83/2368/1139
f 1112/2369/1140 1115/2370/1140 1113/2371/1140
f 83/2338/1129 87/2372/1141 95/2339/1130
f 84/2373/1142 96/2374/1142 92/2375/1142
f 1178/2322/1118 1180/2310/1115 1175/2376/1143
f 85/2377/1144 87/2378/1144 86/2379/1144
f 1178/2380/1113 1175/2381/1145 1179/2382/1146
f 1103/2383/1110 1126/2384/1147 1116/2385/1089
f 96/2386/1148 84/2387/1128 95/2388/1130
f 1100/2274/1088 1181/2273/1096 1168/2293/1107
f 80/2389/1149 79/2390/1149 78/2391/1149
f 74/2280/1073 88/2279/1098 80/2392/1150
f 1176/2235/1080 1178/2308/1113 1173/2393/1151
f 1071/2394/1152 1072/2395/1152 1080/2396/1152
f 1071/2397/1153 1076/2398/1153 1072/2399/1153
f 1070/2400/1154 1073/2401/1155 1074/2402/1156
f 1120/2403/1157 1121/2404/1157 1069/2405/1157
f 95/2406/1158 87/2407/1158 93/2408/1158
f 1117/2409/1095 1111/2410/1071 1107/2306/1112
f 1180/2411/1115 1174/2412/1159 1175/2413/1143
f 87/2414/1160 83/2415/1160 99/2416/1160
f 1117/2409/1095 1107/2306/1112 1171/2417/1124
f 1069/2253/1161 1078/2263/1162 1075/2418/1163
f 1113/2335/1127 1133/2419/1164 1114/2336/1105
f 1118/2420/1125 1176/2421/1080 1119/2422/1165
f 1116/2349/1089 1126/2423/1147 1115/2347/1133
f 1072/2424/1166 1076/2425/1166 1077/2426/1166
f 1070/2400/1154 1078/2427/1167 1073/2401/1155
f 1176/2428/1080 1173/2429/1151 1119/2430/1165
f 1180/2431/1115 1177/2432/1168 1174/2433/1159
f 359/2434/1169 370/2435/1169 360/2436/1169
f 361/2437/1170 362/2438/1171 363/2439/1172
f 1120/2440/1173 1121/2441/1174 1123/2442/1175
f 1113/2443/1176 1115/2444/1176 1133/2445/1176
f 1114/2446/1105 1133/2447/1164 1142/2448/1177
f 1178/2449/1113 1179/2450/1146 1173/2451/1151
f 1070/2309/1114 1083/2452/1178 1081/2285/1102
f 1122/2453/1111 1118/2420/1125 1119/2422/1165
f 1122/2454/1111 1125/2455/1179 1123/2456/1180
f 1079/2457/1181 1078/2458/1103 1082/2459/1182
f 1103/2383/1110 1128/2460/1183 1126/2384/1147
f 1071/2461/1184 1080/2462/1185 1082/2459/1182
f 1070/2463/1186 1074/2464/1186 1076/2465/1186
f 1072/2466/1187 1077/2467/1187 1080/2468/1187
f 1069/2469/1188 1087/2470/1189 1121/2471/1190
f 1180/2472/1115 1168/2473/1107 1177/2474/1168
f 1082/2459/1182 1078/2458/1103 1081/2475/1102
f 80/2476/1191 88/2477/1191 89/2478/1191
f 362/2479/1171 361/2480/1170 364/2481/1192
f 1110/2482/1117 1123/2483/1193 1131/2484/1194
f 1110/2485/1117 1124/2486/1195 1103/2383/1110
f 1110/2482/1117 1134/2487/1196 1124/2488/1195
f 1103/2383/1110 1124/2486/1195 1128/2460/1183
f 366/2489/1197 365/2490/1198 359/2491/1199
f 1078/2492/1200 1085/2493/1200 1073/2494/1200
f 1082/2459/1182 1080/2462/1185 1086/2495/1201
f 80/2496/1202 89/2497/1203 79/2498/1106
f 359/2499/1199 376/2500/1204 366/2501/1197
f 88/2502/1205 77/2503/1205 89/2504/1205
f 359/2499/1199 360/2505/1206 369/2506/1207
f 362/2438/1171 372/2507/1208 363/2439/1172
f 359/2491/1199 365/2490/1198 370/2508/1209
f 79/2498/1106 89/2497/1203 82/2509/1137
f 1110/2482/1117 1131/2484/1194 1134/2487/1196
f 87/2510/1210 86/2511/1210 90/2512/1210
f 1082/2513/1211 1081/2514/1211 1083/2515/1211
f 1107/2306/1112 1114/2291/1105 1163/2516/1212
f 1181/2517/1096 1171/2518/1124 1182/2519/1213
f 1122/2453/1111 1119/2422/1165 1125/2520/1179
f 82/2521/1214 89/2522/1214 77/2523/1214
f 1069/2296/1215 1084/2524/1216 1078/2281/1217
f 1123/2456/1180 1125/2455/1179 1131/2525/1218
f 1070/2526/1219 1082/2527/1219 1083/2528/1219
f 359/2499/1199 369/2506/1207 376/2500/1204
f 1085/2529/1220 1078/2530/1220 1084/2531/1220
f 1069/2532/1221 1087/2533/1221 1084/2534/1221
f 1115/2535/1133 1126/2536/1147 1133/2537/1222
f 1069/2469/1161 1075/2538/1163 1087/2470/1223
f 87/2539/1224 97/2540/1224 90/2541/1224
f 1079/2457/1181 1088/2542/1225 1127/2543/1226
f 362/2544/1227 367/2545/1227 372/2546/1227
f 1124/2547/1195 1134/2548/1196 1128/2549/1183
f 1127/2550/1226 1087/2551/1228 1079/2552/1181
f 1107/2306/1112 1163/2516/1212 1171/2417/1124
f 1168/2553/1229 1181/2554/1229 1182/2555/1229
f 99/2556/1230 83/2557/1231 91/2558/1232
f 1168/2473/1107 1183/2559/1233 1177/2474/1168
f 1078/2560/1234 1079/2561/1234 1075/2562/1234
f 360/2563/1235 370/2564/1235 371/2565/1235
f 361/2566/1170 363/2567/1172 375/2568/1236
f 1182/2569/1213 1183/2559/1233 1168/2473/1107
f 1128/2570/1183 1133/2537/1222 1126/2536/1147
f 1076/2571/1237 1074/2572/1156 1077/2573/1238
f 362/2479/1171 364/2481/1192 367/2574/1239
f 92/2575/1240 91/2558/1232 83/2557/1231
f 1173/2429/1151 1185/2576/1241 1119/2430/1165
f 366/2577/1197 364/2578/1192 365/2579/1198
f 93/2580/1242 94/2581/1243 95/2582/1130
f 376/2583/1204 364/2578/1192 366/2577/1197
f 1079/2584/1244 1087/2585/1244 1075/2586/1244
f 1174/2412/1159 1188/2587/1245 1175/2413/1143
f 1183/2588/1233 1174/2433/1159 1177/2432/1168
f 1073/2401/1155 1090/2589/1246 1074/2402/1156
f 1127/2550/1226 1139/2590/1247 1087/2551/1228
f 95/2582/1130 94/2581/1243 96/2591/1148
f 87/2592/1248 99/2593/1248 97/2594/1248
f 1142/2595/1177 1148/2596/1249 1114/2597/1105
f 1085/2598/1250 1084/2599/1250 1089/2600/1250
f 363/2601/1172 372/2602/1208 382/2603/1251
f 360/2604/1206 371/2605/1252 368/2606/1253
f 1073/2607/1155 1085/2608/1254 1089/2609/1255
f 364/2610/1192 361/2566/1170 375/2568/1236
f 96/2611/1256 98/2612/1257 92/2613/1240
f 87/2614/1258 97/2615/1258 93/2616/1258
f 1139/2590/1247 1127/2550/1226 1140/2617/1259
f 1080/2618/1185 1077/2619/1238 491/2620/1260
f 1082/2459/1182 1088/2542/1225 1079/2457/1181
f 1121/2441/1261 1139/2621/1262 1137/2622/1263
f 1133/2623/1264 1140/2624/1264 1129/2625/1264
f 1087/2626/1265 1121/2627/1266 1139/2628/1267
f 1077/2573/1238 1074/2572/1156 491/2629/1260
f 1175/2381/1145 1184/2630/1268 1179/2382/1146
f 1128/2570/1183 1130/2631/1269 1133/2537/1222
f 1128/2632/1183 1140/2633/1270 1130/2634/1269
f 1123/2442/1175 1121/2441/1174 1131/2635/1271
f 360/2636/1206 368/2637/1253 369/2638/1207
f 99/2639/1272 91/2640/1272 97/2641/1272
f 92/2613/1240 98/2612/1257 91/2642/1232
f 1163/2643/1212 1114/2644/1105 1148/2645/1249
f 370/2646/1209 365/2647/1198 371/2648/1252
f 1087/2626/1273 1139/2628/1274 1092/2649/1275
f 1082/2459/1182 494/2650/1276 1088/2542/1225
f 383/2651/1277 372/2652/1277 374/2653/1277
f 1089/2609/1255 1090/2654/1246 1073/2607/1155
f 1119/2430/1165 1185/2576/1241 1135/2655/1278
f 1133/2447/1164 1129/2656/1279 1142/2448/1177
f 1175/2657/1280 1188/2658/1280 1184/2659/1280
f 372/2660/1281 367/2661/1281 374/2662/1281
f 1142/2595/1177 1132/2663/1282 1148/2596/1249
f 372/2602/1208 383/2664/1283 382/2603/1251
f 1125/2520/1179 1119/2422/1165 1135/2665/1278
f 1173/2451/1151 1179/2450/1146 1185/2666/1241
f 364/2610/1192 375/2568/1236 387/2667/1284
f 1086/2495/1201 494/2650/1276 1082/2459/1182
f 1127/2668/1226 1088/2669/1225 1140/2670/1259
f 1133/2671/1285 1130/2672/1285 1140/2673/1285
f 1121/2441/1174 1137/2622/1286 1131/2635/1271
f 94/2581/1243 93/2580/1242 97/2674/1287
f 1131/2675/1194 1147/2676/1288 1134/2677/1196
f 1086/2678/1201 1080/2618/1185 491/2620/1260
f 1163/2643/1212 1148/2645/1249 1141/2679/1289
f 1189/2680/1290 1209/2681/1291 1188/2682/1245
f 1174/2683/1159 1183/2559/1233 1199/2684/1292
f 1074/2402/1156 1090/2589/1246 491/2685/1260
f 1171/2518/1124 1202/2686/1293 1182/2519/1213
f 94/2581/1243 97/2687/1287 96/2591/1148
f 1087/2688/1294 1092/2689/1294 1084/2690/1294
f 364/2481/1192 373/2691/1295 367/2574/1239
f 1139/2621/1262 1138/2692/1296 1137/2622/1263
f 1125/2455/1179 1135/2693/1278 1131/2525/1218
f 1185/2666/1241 1179/2450/1146 1187/2694/1297
f 1185/2576/1241 1186/2695/1298 1135/2655/1278
f 1140/2633/1270 1128/2632/1183 1137/2696/1299
f 374/2697/1300 492/2698/1300 383/2699/1300
f 1131/2635/1271 1137/2622/1286 1147/2700/1301
f 363/2601/1172 382/2603/1251 375/2701/1236
f 368/2637/1253 386/2702/1302 369/2638/1207
f 1088/2669/1225 1136/2703/1303 1140/2670/1259
f 1186/2695/1298 1185/2576/1241 1187/2704/1297
f 1140/2705/1304 1137/2706/1304 1138/2707/1304
f 371/2605/1252 386/2708/1302 368/2606/1253
f 1139/2709/1305 1140/2710/1305 1138/2711/1305
f 1139/2712/1306 1150/2713/1306 1092/2714/1306
f 1174/2715/1159 1210/2716/1307 1188/2717/1245
f 1171/2718/1308 1163/2719/1308 1202/2720/1308
f 1128/2549/1183 1134/2548/1196 1137/2721/1299
f 1139/2722/1309 1121/2723/1309 1150/2724/1309
f 364/2725/1192 376/2726/1204 373/2727/1295
f 1134/2677/1196 1147/2676/1288 1143/2728/1310
f 365/2729/1311 364/2730/1311 377/2731/1311
f 1188/2732/1245 1209/2733/1291 1184/2734/1268
f 1174/2715/1159 1199/2735/1292 1210/2716/1307
f 371/2605/1252 378/2736/1312 386/2708/1302
f 491/2737/1313 488/2738/1313 1086/2739/1313
f 371/2648/1252 365/2647/1198 377/2740/1314
f 1088/2741/1225 494/2742/1276 496/2743/1315
f 1183/2559/1233 1182/2569/1213 1199/2684/1292
f 491/2744/1316 490/2745/1316 489/2746/1316
f 491/2747/1317 383/2748/1318 490/2749/1319
f 369/2506/1207 390/2750/1320 376/2500/1204
f 1163/2751/1321 1141/2752/1321 1202/2753/1321
f 1142/2754/1322 1129/2755/1322 1132/2756/1322
f 491/2685/1260 1090/2589/1246 499/2757/1323
f 96/2758/1324 97/2759/1324 98/2760/1324
f 1121/2761/1325 1137/2762/1326 1150/2763/1327
f 379/2764/1328 294/2765/1329 380/2766/1330
f 490/2767/1319 383/2768/1318 492/2769/1331
f 376/2726/1204 381/2770/1332 373/2727/1295
f 1189/2680/1290 1190/2771/1333 1209/2681/1291
f 1088/2669/1225 496/2772/1315 1136/2703/1303
f 1179/2382/1146 1184/2630/1268 1197/2773/1334
f 1089/2774/1335 1084/2775/1335 1090/2776/1335
f 494/2742/1276 495/2777/1336 496/2743/1315
f 1179/2382/1146 1197/2773/1334 1187/2778/1297
f 1182/2569/1213 1200/2779/1337 1199/2684/1292
f 373/2691/1295 381/2780/1332 367/2574/1239
f 1188/2717/1245 1210/2716/1307 1189/2781/1290
f 1129/2782/1338 1140/2783/1338 1132/2784/1338
f 1194/2785/1339 1189/2786/1339 1192/2787/1339
f 383/2788/1340 388/2789/1340 382/2790/1340
f 1084/2791/1341 1091/2792/1342 1090/2589/1246
f 1189/2781/1290 1210/2716/1307 1190/2793/1333
f 387/2794/1284 375/2795/1236 382/2796/1251
f 91/2797/1343 98/2798/1343 97/2799/1343
f 383/2800/1344 384/2801/1344 385/2802/1344
f 491/2803/1345 489/2804/1345 488/2805/1345
f 1131/2806/1346 1204/2807/1346 1147/2808/1346
f 491/2809/1260 499/2810/1323 498/2811/1347
f 1182/2519/1213 1202/2686/1293 1200/2812/1337
f 1195/2813/1348 1191/2814/1348 1194/2815/1348
f 1131/2525/1218 1135/2693/1278 1204/2816/1349
f 371/2648/1252 377/2740/1314 378/2817/1312
f 364/2610/1192 387/2667/1284 377/2818/1314
f 494/2819/1350 1086/2820/1350 488/2821/1350
f 369/2638/1207 386/2702/1302 390/2822/1320
f 380/2823/1351 386/2824/1352 392/2825/1351
f 380/2823/1351 392/2825/1351 294/2826/1353
f 1134/2827/1354 1143/2828/1354 1137/2829/1354
f 492/2830/1355 488/2831/1356 490/2832/1357
f 1189/2833/1358 1194/2834/1358 1190/2835/1358
f 374/2836/1359 401/2837/1360 492/2838/1361
f 1189/2839/1362 1190/2840/1362 1192/2841/1362
f 492/2842/1363 493/2843/1363 488/2844/1363
f 382/2796/1251 388/2845/1364 387/2794/1284
f 376/2500/1204 390/2750/1320 381/2846/1332
f 383/2847/1365 385/2848/1366 388/2849/1367
f 490/2832/1357 488/2831/1356 489/2850/1368
f 1143/2851/1310 1147/2852/1288 1144/2853/1369
f 491/2809/1260 498/2811/1347 383/2854/1370
f 1141/2855/1371 1145/2856/1371 1196/2857/1371
f 1193/2858/1372 1192/2859/1373 1194/2860/1374
f 383/2861/1375 497/2862/1375 384/2863/1375
f 384/2864/1376 497/2865/1377 385/2866/1366
f 494/2867/1378 488/2868/1378 495/2869/1378
f 1193/2858/1372 1194/2860/1374 1195/2870/1379
f 1196/2871/1380 1203/2872/1381 1141/2873/1382
f 1192/2859/1383 1190/2874/1384 1194/2860/1385
f 1147/2875/1386 1144/2876/1387 1205/2877/1388
f 374/2836/1359 367/2574/1239 401/2837/1360
f 1146/2878/1389 1144/2879/1389 1147/2880/1389
f 1084/2791/1341 1092/2881/1390 1091/2792/1342
f 1140/2882/1259 1136/2883/1303 1132/2884/1282
f 1136/2703/1303 496/2772/1315 526/2885/1391
f 1199/2886/1292 1206/2887/1392 1210/2888/1307
f 1187/2889/1297 1197/2890/1334 1198/2891/1393
f 1184/2734/1268 1209/2733/1291 1197/2892/1334
f 1135/2893/1278 1186/2894/1298 1201/2895/1394
f 1141/2873/1382 1203/2872/1381 1202/2896/1293
f 386/2897/1395 395/2898/1395 392/2899/1395
f 1147/2900/1396 1205/2901/1396 1146/2902/1396
f 1199/2903/1292 1200/2904/1337 1205/2905/1388
f 1090/2589/1246 1091/2792/1342 499/2757/1323
f 1091/2792/1342 1092/2906/1390 1150/2907/1397
f 367/2574/1239 381/2780/1332 401/2837/1360
f 492/2908/1361 401/2909/1360 493/2910/1398
f 495/2911/1399 500/2912/1399 496/2913/1399
f 1205/2877/1388 1144/2876/1387 1208/2914/1400
f 1146/2915/1401 1147/2916/1401 1201/2917/1401
f 383/2918/1370 498/2919/1347 497/2920/1377
f 1187/2889/1297 1201/2895/1394 1186/2894/1298
f 1200/2904/1337 1202/2921/1293 1205/2905/1388
f 1144/2853/1402 1149/2922/1403 1143/2851/1310
f 380/2766/1404 294/2765/1405 391/2923/1406
f 1146/2924/1407 1203/2925/1381 1144/2926/1408
f 500/2927/1409 1093/2928/1409 496/2929/1409
f 1137/2622/1410 1138/2692/1411 1149/2930/1412
f 378/2931/1312 377/2818/1314 389/2932/1413
f 1209/2933/1414 1207/2934/1414 1197/2935/1414
f 1204/2936/1349 1135/2893/1278 1201/2895/1394
f 1146/2924/1407 1205/2937/1388 1203/2925/1381
f 1147/2700/1415 1137/2622/1416 1144/2938/1402
f 1204/2939/1417 1201/2940/1417 1147/2941/1417
f 387/2942/1418 388/2943/1418 389/2944/1418
f 1203/2945/1381 1205/2905/1388 1202/2921/1293
f 380/2946/1419 390/2947/1419 386/2948/1419
f 391/2949/1406 392/2950/1420 393/2951/1421
f 1199/2886/1292 1205/2952/1388 1206/2887/1392
f 496/2953/1422 1093/2954/1422 526/2955/1422
f 1091/2792/1342 506/2956/1423 499/2757/1323
f 1196/2957/1380 1145/2958/1424 1203/2959/1381
f 381/2780/1332 400/2960/1425 401/2837/1360
f 1137/2622/1416 1149/2930/1403 1144/2938/1402
f 380/2766/1404 391/2923/1406 390/2961/1426
f 1147/2962/1427 1149/2963/1428 1137/2762/1429
f 1203/2964/1430 1208/2965/1430 1144/2966/1430
f 388/2849/1367 385/2848/1366 394/2967/1431
f 390/2750/1320 406/2968/1432 381/2846/1332
f 392/2969/1433 295/2970/1433 294/2971/1433
f 392/2950/1420 395/2972/1434 393/2951/1421
f 387/2667/1284 389/2932/1413 377/2818/1314
f 1132/2663/1282 1153/2973/1435 1148/2596/1249
f 1205/2974/1388 1208/2975/1400 1212/2976/1436
f 1205/2977/1388 1217/2978/1437 1206/2979/1392
f 1150/2907/1397 506/2956/1423 1091/2792/1342
f 1187/2889/1297 1198/2891/1393 1201/2895/1394
f 497/2865/1377 409/2980/1438 385/2866/1366
f 395/2981/1439 386/2982/1439 378/2983/1439
f 294/2984/1440 295/2985/1440 391/2986/1440
f 1137/2762/1326 1149/2963/1441 1150/2763/1327
f 498/2987/1442 499/2988/1443 488/2989/1444
f 1198/2891/1393 1207/2990/1445 1206/2991/1446
f 1203/2992/1447 1212/2993/1447 1208/2994/1447
f 1207/2995/1445 1209/2996/1448 1211/2997/1449
f 388/2998/1450 396/2999/1450 389/3000/1450
f 390/2961/1426 391/2923/1406 393/3001/1421
f 391/3002/1406 295/3003/1451 392/3004/1420
f 1141/3005/1289 1148/3006/1249 1145/3007/1452
f 493/2910/1398 504/3008/1453 488/3009/1444
f 385/2866/1366 409/2980/1438 394/3010/1431
f 493/2910/1398 401/2909/1360 504/3008/1453
f 1205/2974/1388 1212/2976/1436 1221/3011/1454
f 1147/3012/1455 1151/3013/1455 1149/3014/1455
f 1147/3015/1456 1201/3016/1394 1151/3017/1457
f 1205/2974/1388 1221/3011/1454 1217/3018/1437
f 395/3019/1458 378/3020/1458 393/3021/1458
f 1206/2991/1446 1201/2895/1394 1198/2891/1393
f 1150/3022/1459 1149/3023/1460 1154/3024/1460
f 1210/3025/1307 1206/3026/1392 1211/3027/1449
f 1206/3028/1446 1207/3029/1445 1225/3030/1461
f 1150/3031/1462 1155/3032/1462 506/3033/1462
f 1152/3034/1463 1157/3035/1463 1153/3036/1463
f 1150/3022/1459 1154/3024/1460 1155/3037/1464
f 1149/3038/1465 1151/3039/1465 1162/3040/1465
f 1190/2771/1333 1222/3041/1466 1209/2681/1291
f 388/2849/1367 394/2967/1431 396/3042/1467
f 1198/2891/1393 1197/2890/1334 1207/2990/1445
f 1190/2793/1333 1210/2716/1307 1213/3043/1468
f 1203/2959/1381 1145/2958/1424 1212/3044/1436
f 1201/3045/1394 1206/3028/1446 1241/3046/1469
f 1136/3047/1303 525/3048/1470 1161/3049/1471
f 390/3050/1472 407/3051/1472 406/3052/1472
f 1132/2884/1282 1136/2883/1303 1156/3053/1473
f 381/3054/1474 404/3055/1474 397/3056/1474
f 1145/3007/1452 1148/3006/1249 1159/3057/1475
f 500/3058/1476 495/3059/1477 499/3060/1443
f 1206/3028/1446 1225/3030/1478 1241/3046/1469
f 1132/3061/1282 1156/3062/1473 1153/3063/1435
f 1207/3029/1445 1211/3064/1449 1225/3030/1461
f 498/2919/1347 503/3065/1479 497/2920/1377
f 381/3066/1480 397/3067/1480 400/3068/1480
f 394/2967/1431 402/3069/1481 396/3042/1467
f 393/3070/1421 378/3071/1312 398/3072/1482
f 499/3060/1443 495/3059/1477 488/3073/1444
f 1136/3047/1303 526/3074/1391 525/3048/1470
f 1149/3075/1483 1162/3076/1483 1154/3077/1483
f 497/2865/1377 417/3078/1484 409/2980/1438
f 381/3079/1485 406/3080/1485 404/3081/1485
f 390/3082/1426 393/3083/1421 407/3084/1486
f 378/2931/1312 389/2932/1413 398/3085/1482
f 499/3086/1323 506/3087/1423 514/3088/1487
f 401/3089/1488 399/3090/1488 400/3091/1488
f 1148/3006/1249 1153/3092/1435 1159/3057/1475
f 401/3093/1489 400/3094/1489 397/3095/1489
f 1153/3096/1490 1156/3097/1490 1152/3098/1490
f 497/2920/1377 503/3065/1479 417/3099/1484
f 1162/3100/1491 1158/3101/1491 1154/3102/1491
f 488/2989/1444 504/3103/1453 498/2987/1442
f 1136/3104/1492 1161/3105/1492 1156/3106/1492
f 500/3107/1476 499/3108/1443 501/3109/1493
f 1157/3110/1494 1156/3111/1494 1153/3112/1494
f 1154/3113/1495 528/3114/1496 1155/3115/1497
f 394/3010/1431 409/2980/1438 402/3116/1481
f 1153/3063/1435 1156/3062/1498 1159/3117/1475
f 401/3118/1499 403/3119/1499 504/3120/1499
f 401/3121/1500 397/3122/1500 507/3123/1500
f 401/3124/1501 507/3125/1501 403/3126/1501
f 389/3127/1413 396/3128/1467 408/3129/1502
f 1212/3044/1436 1145/2958/1424 1220/3130/1503
f 1201/3016/1394 1215/3131/1504 1151/3017/1457
f 1206/3026/1392 1225/3132/1461 1211/3027/1449
f 1093/3133/1505 500/3107/1476 501/3109/1493
f 1152/3134/1506 1156/3135/1506 1157/3136/1506
f 504/3103/1453 505/3137/1507 498/2987/1442
f 100/3138/1508 101/3139/1509 105/3140/1510
f 499/3086/1323 514/3088/1487 503/3065/1479
f 1206/2979/1392 1217/2978/1437 1225/3141/1511
f 506/3142/1512 1155/3143/1512 508/3144/1512
f 397/3145/1513 404/3146/1514 418/3147/1515
f 498/2987/1442 502/3148/1516 499/2988/1443
f 1190/2771/1333 1213/3149/1468 1222/3041/1466
f 499/3108/1443 502/3150/1516 501/3109/1493
f 101/3151/1509 104/3152/1517 117/3153/1518
f 396/3128/1467 405/3154/1519 408/3129/1502
f 1225/3155/1520 1218/3156/1520 1241/3157/1520
f 404/3146/1514 406/3158/1521 418/3147/1515
f 499/3159/1522 503/3160/1522 498/3161/1522
f 393/3083/1421 296/3162/1523 407/3084/1486
f 1209/3163/1524 1222/3164/1524 1223/3165/1524
f 1201/3045/1394 1241/3046/1469 1214/3166/1525
f 101/3167/1509 100/3168/1508 114/3169/1526
f 123/3170/1527 102/3171/1527 103/3172/1527
f 101/3173/1509 116/3174/1528 104/3175/1517
f 105/3140/1510 101/3139/1509 117/3176/1518
f 1154/3177/1529 1158/3178/1529 1160/3179/1529
f 1145/3180/1530 1161/3181/1530 1220/3182/1530
f 396/3042/1467 402/3069/1481 405/3183/1519
f 393/3070/1421 398/3072/1482 296/3184/1523
f 1215/3185/1504 1201/3045/1394 1214/3166/1525
f 1162/3186/1531 1160/3187/1531 1158/3188/1531
f 1151/3189/1532 1215/3190/1532 1162/3191/1532
f 1221/3192/1454 1216/3193/1533 1217/3194/1437
f 100/3195/1534 105/3196/1534 115/3197/1534
f 504/3198/1453 403/3199/1535 515/3200/1536
f 1145/3201/1537 1159/3202/1537 1161/3203/1537
f 1210/2716/1307 1227/3204/1538 1213/3043/1468
f 398/3205/1482 301/3206/1539 296/3207/1523
f 1093/3208/1540 533/3209/1540 526/3210/1540
f 407/3211/1486 296/3212/1523 297/3213/1541
f 408/3129/1502 398/3214/1482 389/3127/1413
f 104/3175/1517 116/3174/1528 123/3215/1542
f 1210/3216/1543 1223/3217/1543 1227/3218/1543
f 1210/3025/1307 1211/3027/1449 1223/3219/1544
f 397/3145/1513 418/3147/1515 507/3220/1545
f 1154/3113/1495 1160/3221/1546 528/3114/1496
f 1217/3194/1437 1216/3193/1533 1225/3222/1511
f 1209/2996/1448 1223/3223/1544 1211/2997/1449
f 1214/3224/1547 1241/3225/1547 1228/3226/1547
f 104/3152/1517 123/3227/1542 117/3153/1518
f 1241/3228/1548 1219/3229/1548 1228/3230/1548
f 1159/3231/1549 1156/3232/1549 1161/3233/1549
f 1241/3234/1550 1218/3235/1550 1219/3236/1550
f 1212/3237/1436 1220/3238/1503 1221/3239/1454
f 533/3240/1551 525/3241/1551 526/3242/1551
f 503/3065/1479 414/3243/1552 417/3099/1484
f 406/3244/1553 407/3245/1553 298/3246/1553
f 1161/3247/1554 530/3248/1555 1220/3249/1503
f 101/3250/1556 106/3251/1556 108/3252/1556
f 506/3087/1423 532/3253/1557 514/3088/1487
f 498/2987/1442 505/3137/1507 502/3148/1516
f 1162/3254/1558 1161/3255/1558 527/3256/1558
f 398/3257/1482 408/3258/1502 301/3259/1539
f 1162/3260/1559 530/3261/1555 1161/3262/1554
f 296/3207/1523 301/3206/1539 299/3263/1560
f 101/3167/1509 114/3169/1526 106/3264/1561
f 107/3265/1562 123/3266/1563 103/3267/1564
f 525/3268/1470 527/3269/1565 1161/3270/1471
f 1221/3239/1454 1220/3238/1503 1216/3271/1533
f 505/3272/1507 504/3198/1453 515/3200/1536
f 101/3273/1566 108/3274/1566 116/3275/1566
f 506/3276/1567 508/3277/1567 532/3278/1567
f 1222/3279/1466 1213/3280/1468 1223/3281/1568
f 1162/3282/1569 1215/3283/1569 1160/3284/1569
f 528/3285/1496 529/3286/1570 1155/3287/1497
f 403/3288/1535 507/3289/1545 515/3290/1536
f 100/3291/1508 115/3292/1571 114/3293/1526
f 408/3129/1502 405/3154/1519 416/3294/1572
f 402/3116/1481 409/2980/1438 412/3295/1573
f 409/3296/1574 417/3297/1574 411/3298/1574
f 528/3299/1575 1160/3300/1575 527/3301/1575
f 107/3265/1562 109/3302/1576 123/3266/1563
f 103/3303/1564 123/3304/1577 111/3305/1578
f 1093/3133/1505 501/3109/1493 533/3306/1579
f 116/3307/1528 122/3308/1580 123/3309/1542
f 407/3211/1486 297/3213/1541 298/3310/1581
f 418/3147/1515 406/3158/1521 298/3311/1581
f 418/3147/1515 298/3311/1581 421/3312/1582
f 402/3069/1481 410/3313/1583 405/3183/1519
f 525/3268/1470 529/3314/1584 527/3269/1565
f 508/3315/1585 1155/3316/1585 529/3317/1585
f 1220/3238/1503 1224/3318/1586 1216/3271/1533
f 525/3268/1470 533/3319/1579 529/3314/1584
f 114/3293/1526 115/3292/1571 130/3320/1587
f 503/3065/1479 514/3088/1487 509/3321/1588
f 1218/3322/1589 1225/3323/1589 1226/3324/1589
f 103/3325/1564 110/3326/1590 107/3327/1562
f 1225/3222/1511 1231/3328/1591 1226/3329/1592
f 502/3150/1516 510/3330/1593 501/3109/1493
f 409/2980/1438 415/3331/1594 412/3295/1573
f 1225/3222/1511 1216/3193/1533 1231/3328/1591
f 409/3332/1595 411/3333/1595 415/3334/1595
f 123/3309/1542 122/3308/1580 111/3335/1596
f 402/3069/1481 412/3336/1573 410/3313/1583
f 527/3337/1597 529/3286/1570 528/3285/1496
f 296/3212/1523 299/3338/1560 297/3213/1541
f 508/3339/1598 529/3340/1598 532/3341/1598
f 1227/3342/1599 1223/3343/1599 1213/3344/1599
f 301/3259/1539 408/3258/1502 413/3345/1600
f 1220/3249/1503 575/3346/1601 1224/3347/1586
f 502/3148/1516 505/3137/1507 511/3348/1602
f 121/3349/1603 112/3350/1603 113/3351/1603
f 1215/3352/1504 527/3353/1604 1160/3354/1605
f 1215/3352/1504 541/3355/1606 527/3353/1604
f 417/3356/1484 414/3357/1552 415/3358/1594
f 107/3359/1607 110/3360/1607 109/3361/1607
f 501/3109/1493 510/3330/1593 533/3306/1579
f 414/3243/1552 503/3065/1479 511/3362/1608
f 1218/3363/1609 1229/3364/1610 1219/3365/1611
f 1162/3366/1559 527/3367/1612 536/3368/1613
f 408/3258/1502 416/3369/1572 413/3345/1600
f 1162/3366/1559 536/3368/1613 530/3370/1555
f 1216/3193/1533 1224/3371/1586 1231/3328/1591
f 529/3372/1614 531/3373/1615 532/3374/1616
f 106/3375/1617 114/3376/1617 119/3377/1617
f 103/3303/1564 111/3305/1578 136/3378/1618
f 530/3248/1555 575/3346/1601 1220/3249/1503
f 410/3313/1583 416/3379/1572 405/3183/1519
f 103/3303/1564 136/3378/1618 118/3380/1619
f 505/3137/1507 512/3381/1620 511/3348/1602
f 123/3227/1542 111/3382/1621 117/3153/1518
f 297/3213/1541 299/3338/1560 300/3383/1622
f 109/3384/1623 110/3385/1623 133/3386/1623
f 105/3387/1624 120/3388/1625 115/3389/1571
f 1226/3390/1592 1229/3364/1610 1218/3363/1609
f 411/3391/1626 417/3392/1626 415/3393/1626
f 532/3394/1557 513/3395/1627 514/3396/1487
f 112/3397/1628 121/3398/1629 124/3399/1630
f 502/3150/1516 511/3400/1602 510/3330/1593
f 121/3401/1631 113/3402/1631 134/3403/1631
f 106/3404/1632 119/3405/1633 108/3406/1634
f 532/3407/1635 538/3408/1635 513/3409/1635
f 1214/3166/1525 1228/3410/1636 1215/3185/1504
f 1228/3411/1637 1219/3412/1637 1229/3413/1637
f 418/3414/1515 422/3415/1638 507/3416/1545
f 108/3406/1634 119/3405/1633 116/3417/1639
f 515/3418/1640 517/3419/1640 505/3420/1640
f 105/3421/1641 117/3422/1641 111/3423/1641
f 103/3325/1564 118/3424/1619 110/3326/1590
f 114/3425/1642 130/3426/1642 119/3427/1642
f 105/3428/1643 111/3429/1643 120/3430/1643
f 113/3431/1644 112/3432/1628 134/3433/1645
f 529/3372/1614 527/3353/1604 531/3373/1615
f 1226/3390/1592 1231/3434/1591 1229/3364/1610
f 527/3435/1612 529/3436/1584 543/3437/1646
f 116/3307/1528 127/3438/1647 122/3308/1580
f 505/3137/1507 517/3439/1648 512/3381/1620
f 1224/3440/1586 1240/3441/1649 1231/3442/1591
f 507/3289/1545 422/3443/1638 515/3290/1536
f 532/3444/1650 531/3445/1650 538/3446/1650
f 121/3447/1651 134/3448/1651 125/3449/1651
f 514/3396/1487 513/3395/1627 509/3450/1588
f 415/3331/1594 424/3451/1652 412/3295/1573
f 530/3370/1555 536/3368/1613 541/3452/1653
f 297/3213/1541 300/3383/1622 332/3453/1654
f 121/3398/1629 126/3454/1655 124/3399/1630
f 1240/3455/1656 1230/3456/1656 1231/3457/1656
f 299/3458/1560 301/3459/1539 300/3460/1622
f 128/3461/1657 122/3308/1580 127/3438/1647
f 130/3320/1587 115/3292/1571 138/3462/1658
f 122/3463/1659 128/3464/1659 111/3465/1659
f 111/3466/1660 123/3467/1660 109/3468/1660
f 418/3414/1515 421/3469/1582 422/3415/1638
f 301/3470/1539 413/3471/1600 303/3472/1661
f 297/3213/1541 332/3453/1654 302/3473/1662
f 533/3474/1579 543/3437/1646 529/3436/1584
f 1215/3475/1504 1228/3476/1636 591/3477/1663
f 1224/3440/1586 582/3478/1664 1240/3441/1649
f 530/3479/1555 591/3480/1665 576/3481/1666
f 300/3460/1622 301/3459/1539 303/3482/1661
f 509/3321/1588 511/3362/1608 503/3065/1479
f 116/3483/1667 119/3484/1667 127/3485/1667
f 136/3378/1618 111/3305/1578 146/3486/1668
f 575/3487/1669 530/3488/1669 576/3489/1669
f 527/3367/1612 535/3490/1670 536/3368/1613
f 527/3367/1612 534/3491/1671 535/3490/1670
f 536/3492/1613 534/3493/1671 545/3494/1672
f 531/3373/1615 527/3353/1604 539/3495/1673
f 575/3496/1674 576/3497/1674 1224/3498/1674
f 533/3474/1579 516/3499/1675 543/3437/1646
f 536/3492/1613 535/3500/1670 534/3493/1671
f 536/3501/1613 545/3502/1672 537/3503/1676
f 412/3504/1677 424/3505/1677 419/3506/1677
f 510/3330/1593 516/3507/1675 533/3508/1579
f 538/3509/1678 531/3510/1615 539/3511/1673
f 1229/3512/1679 1231/3513/1679 1228/3514/1679
f 536/3501/1613 540/3515/1680 541/3516/1653
f 304/3517/1681 143/3518/1681 141/3519/1681
f 515/3290/1536 422/3443/1638 517/3520/1682
f 576/3521/1683 579/3522/1683 1224/3523/1683
f 540/3515/1680 536/3501/1613 542/3524/1684
f 304/3525/1685 129/3526/1686 143/3527/1687
f 112/3432/1628 124/3528/1630 139/3529/1688
f 121/3530/1689 125/3531/1689 1/3532/1689
f 512/3381/1620 517/3439/1648 524/3533/1690
f 1232/3534/1691 1233/3535/1692 1234/3536/1693
f 536/3501/1613 537/3503/1676 542/3524/1684
f 410/3313/1583 412/3336/1573 419/3537/1694
f 543/3538/1646 534/3539/1671 527/3540/1612
f 410/3313/1583 419/3537/1694 416/3379/1572
f 416/3369/1572 310/3541/1695 413/3345/1600
f 1232/3534/1691 1234/3536/1693 1236/3542/1696
f 121/3543/1697 1/3544/1697 126/3545/1697
f 109/3546/1698 120/3547/1698 111/3548/1698
f 1215/3475/1504 591/3477/1663 541/3549/1606
f 127/3550/1647 119/3551/1699 132/3552/1700
f 112/3432/1628 139/3529/1688 134/3433/1645
f 541/3549/1606 591/3477/1701 553/3553/1702
f 530/3479/1555 541/3554/1653 591/3480/1665
f 541/3555/1703 540/3556/1703 591/3557/1703
f 111/3558/1704 128/3559/1704 146/3560/1704
f 527/3353/1604 541/3355/1606 544/3561/1705
f 141/3562/1706 318/3563/1707 304/3564/1685
f 1231/3565/1708 1230/3566/1709 577/3567/1710
f 138/3568/1658 115/3389/1571 120/3388/1625
f 513/3569/1711 518/3570/1711 509/3571/1711
f 300/3460/1622 303/3482/1661 332/3572/1712
f 129/3573/1686 304/3574/1685 318/3575/1707
f 1231/3565/1708 577/3567/1710 1228/3576/1636
f 1228/3476/1636 577/3577/1710 586/3578/1713
f 119/3579/1714 130/3580/1715 137/3581/1716
f 510/3330/1593 521/3582/1717 516/3507/1675
f 119/3579/1714 137/3581/1716 131/3583/1718
f 538/3584/1678 518/3585/1719 513/3586/1720
f 520/3587/1721 523/3588/1722 509/3589/1723
f 585/3590/1724 578/3591/1725 546/3592/1726
f 520/3593/1721 519/3594/1727 523/3595/1722
f 306/3596/1728 305/3597/1729 307/3598/1730
f 1240/3599/1731 1235/3600/1731 1230/3601/1731
f 511/3362/1608 430/3602/1732 414/3243/1552
f 545/3603/1672 534/3604/1671 537/3605/1676
f 124/3606/1733 126/3607/1733 1/3608/1733
f 510/3330/1593 511/3400/1602 521/3582/1717
f 318/3563/1707 141/3562/1706 315/3609/1734
f 1238/3610/1735 1236/3611/1735 1237/3612/1735
f 110/3613/1736 118/3614/1736 144/3615/1736
f 578/3616/1737 542/3617/1737 546/3618/1737
f 1238/3619/1738 1239/3620/1738 1237/3621/1738
f 298/3310/1581 297/3213/1541 302/3622/1662
f 311/3623/1739 306/3624/1728 307/3625/1730
f 1224/3626/1586 587/3627/1740 582/3628/1664
f 110/3629/1741 144/3630/1741 133/3631/1741
f 124/3632/1742 1/3633/1742 139/3634/1742
f 313/3635/1743 305/3597/1729 306/3596/1728
f 119/3636/1699 135/3637/1744 132/3638/1700
f 300/3639/1745 332/3640/1745 313/3641/1745
f 119/3642/1746 131/3643/1746 140/3644/1746
f 306/3624/1728 311/3623/1739 313/3645/1743
f 298/3310/1581 302/3622/1662 346/3646/1747
f 413/3647/1600 308/3648/1748 309/3649/1749
f 421/3650/1582 298/3651/1581 346/3652/1747
f 521/3653/1750 557/3654/1750 547/3655/1750
f 516/3656/1751 521/3657/1751 547/3658/1751
f 1228/3476/1636 586/3578/1713 591/3477/1663
f 527/3353/1604 544/3561/1705 539/3495/1673
f 303/3482/1661 314/3659/1752 332/3572/1712
f 416/3660/1572 419/3661/1694 420/3662/1753
f 523/3595/1722 519/3594/1727 434/3663/1754
f 542/3664/1684 578/3665/1725 540/3666/1680
f 133/3667/1755 154/3668/1756 109/3669/1757
f 538/3509/1678 539/3511/1673 548/3670/1758
f 118/3671/1759 136/3672/1759 144/3673/1759
f 1224/3626/1586 579/3674/1760 587/3627/1740
f 546/3675/1761 542/3676/1684 537/3677/1676
f 520/3678/1762 509/3679/1762 518/3680/1762
f 308/3681/1763 413/3682/1763 310/3683/1763
f 307/3684/1730 305/3685/1729 311/3686/1739
f 421/3687/1764 340/3688/1764 422/3689/1764
f 523/3588/1722 432/3690/1765 509/3589/1723
f 311/3691/1766 312/3692/1766 313/3693/1766
f 120/3388/1625 109/3669/1757 154/3668/1756
f 125/3694/1767 134/3695/1645 1/3696/1768
f 582/3697/1769 583/3698/1769 1240/3699/1769
f 415/3700/1594 423/3701/1770 424/3702/1652
f 332/3453/1654 326/3703/1771 302/3473/1662
f 138/3568/1658 120/3388/1625 149/3704/1772
f 414/3705/1552 430/3706/1732 428/3707/1773
f 579/3708/1774 576/3709/1774 591/3710/1774
f 578/3665/1725 596/3711/1775 540/3666/1680
f 577/3577/1710 1230/3712/1709 586/3578/1713
f 318/3575/1707 316/3713/1776 129/3573/1686
f 421/3650/1582 346/3652/1747 324/3714/1777
f 119/3715/1699 140/3716/1778 135/3717/1744
f 311/3686/1739 305/3685/1729 312/3718/1779
f 413/3471/1600 314/3719/1752 303/3472/1661
f 419/3661/1694 424/3720/1652 420/3662/1753
f 538/3584/1678 548/3721/1758 518/3585/1719
f 120/3388/1625 154/3668/1756 149/3704/1772
f 1240/3722/1780 583/3723/1781 1235/3724/1782
f 314/3719/1752 413/3471/1600 322/3725/1783
f 312/3718/1779 305/3685/1729 313/3726/1743
f 520/3727/1784 518/3728/1784 519/3729/1784
f 315/3730/1785 336/3731/1785 330/3732/1785
f 136/3733/1786 146/3734/1786 147/3735/1786
f 315/3736/1787 320/3737/1788 336/3738/1789
f 537/3677/1676 549/3739/1790 546/3675/1761
f 136/3740/1791 147/3741/1791 144/3742/1791
f 579/3674/1760 591/3743/1792 580/3744/1793
f 416/3745/1794 420/3746/1794 426/3747/1794
f 318/3748/1795 319/3749/1795 316/3750/1795
f 509/3751/1796 521/3752/1796 511/3753/1796
f 128/3754/1657 127/3550/1647 150/3755/1797
f 586/3578/1713 1230/3712/1709 581/3756/1798
f 582/3757/1664 590/3758/1799 583/3759/1800
f 534/3604/1671 550/3760/1801 537/3605/1676
f 517/3761/1802 422/3762/1802 524/3763/1802
f 534/3539/1671 543/3538/1646 551/3764/1803
f 315/3765/1734 317/3766/1804 318/3767/1707
f 591/3768/1805 540/3666/1680 596/3711/1775
f 509/3769/1806 557/3770/1806 521/3771/1806
f 317/3772/1804 319/3773/1807 318/3774/1707
f 509/3589/1723 432/3690/1765 557/3775/1808
f 579/3674/1760 580/3744/1793 587/3627/1740
f 1230/3712/1709 1235/3776/1809 581/3756/1798
f 137/3777/1716 145/3778/1810 131/3779/1718
f 308/3780/1748 310/3781/1695 309/3782/1749
f 143/3527/1687 129/3526/1686 142/3783/1811
f 316/3784/1812 138/3785/1813 130/3786/1814
f 315/3787/1815 330/3788/1816 320/3789/1817
f 134/3695/1645 139/3790/1688 1/3696/1768
f 414/3705/1552 428/3707/1773 415/3791/1594
f 315/3792/1734 141/3793/1706 320/3794/1818
f 140/3795/1819 131/3779/1718 155/3796/1820
f 524/3797/1821 435/3798/1821 511/3799/1821
f 302/3800/1822 326/3801/1822 328/3802/1822
f 313/3803/1823 332/3804/1823 330/3805/1823
f 315/3765/1734 320/3806/1824 321/3807/1825
f 519/3808/1826 518/3809/1826 522/3810/1826
f 143/3811/1827 8/3812/1828 141/3813/1706
f 523/3814/1829 430/3815/1829 432/3816/1829
f 130/3817/1715 316/3818/1830 137/3819/1716
f 332/3820/1831 349/3821/1832 326/3822/1833
f 578/3665/1725 584/3823/1834 596/3711/1775
f 524/3824/1835 511/3825/1836 557/3826/1837
f 413/3647/1600 309/3649/1749 322/3827/1783
f 521/3582/1838 511/3400/1839 435/3828/1840
f 332/3572/1712 314/3659/1752 326/3829/1841
f 129/3830/1686 138/3785/1842 142/3831/1811
f 585/3832/1724 599/3833/1843 578/3834/1725
f 131/3779/1718 145/3778/1810 155/3796/1820
f 127/3550/1647 132/3552/1700 150/3755/1797
f 546/3835/1844 588/3836/1844 585/3837/1844
f 426/3838/1845 420/3662/1753 431/3839/1846
f 434/3840/1754 519/3841/1727 433/3842/1847
f 511/3797/1848 524/3799/1848 432/3843/1848
f 523/3595/1722 434/3663/1754 430/3844/1849
f 586/3845/1713 589/3846/1850 591/3847/1663
f 305/3848/1851 331/3849/1852 323/3850/1852
f 415/3700/1594 428/3851/1773 423/3701/1770
f 143/3852/1853 158/3853/1853 8/3854/1853
f 315/3765/1734 321/3807/1825 317/3766/1804
f 534/3604/1671 551/3855/1803 550/3760/1801
f 511/3825/1836 521/3856/1854 557/3826/1837
f 426/3857/1855 310/3541/1695 416/3369/1572
f 521/3858/1856 435/3859/1856 439/3860/1856
f 142/3861/1857 158/3862/1857 143/3863/1857
f 141/3813/1706 8/3812/1828 159/3864/1858
f 582/3757/1664 587/3865/1740 590/3758/1799
f 425/3866/1859 426/3867/1860 427/3868/1861
f 150/3869/1862 157/3870/1862 128/3871/1862
f 320/3789/1817 330/3788/1816 161/3872/1863
f 537/3677/1676 550/3873/1801 549/3739/1790
f 133/3667/1755 144/3874/1864 154/3668/1756
f 322/3875/1783 326/3829/1841 314/3659/1752
f 541/3355/1606 552/3876/1865 544/3561/1705
f 425/3877/1866 339/3878/1866 426/3879/1866
f 326/3880/1841 162/3881/1867 332/3882/1868
f 305/3883/1869 323/3884/1869 330/3885/1869
f 586/3578/1713 581/3756/1798 597/3886/1870
f 137/3819/1716 316/3818/1830 145/3887/1810
f 431/3888/1871 524/3889/1872 435/3890/1873
f 432/3891/1874 524/3892/1874 431/3893/1874
f 424/3720/1652 423/3894/1770 420/3662/1753
f 591/3743/1792 589/3895/1875 580/3744/1793
f 154/3896/1876 5/3897/1876 149/3898/1876
f 521/3899/1877 439/3900/1877 557/3901/1877
f 320/3794/1818 141/3793/1706 159/3902/1858
f 524/3903/1878 422/3904/1878 427/3905/1878
f 128/3906/1879 157/3907/1879 146/3908/1879
f 585/3909/1880 588/3910/1880 599/3911/1880
f 310/3541/1695 426/3857/1855 184/3912/1881
f 330/3788/1882 332/3882/1868 162/3881/1867
f 581/3756/1798 1235/3913/1809 598/3914/1883
f 332/3820/1884 331/3915/1885 349/3821/1832
f 328/3916/1886 322/3917/1887 346/3646/1747
f 431/3888/1846 435/3890/1888 426/3918/1845
f 326/3880/1841 322/3919/1783 162/3881/1867
f 421/3920/1889 324/3921/1889 340/3922/1889
f 519/3841/1727 522/3923/1890 433/3842/1847
f 343/3924/1891 325/3925/1892 341/3926/1893
f 586/3927/1894 597/3928/1894 589/3929/1894
f 516/3499/1675 547/3930/1895 543/3437/1646
f 343/3931/1896 327/3932/1896 325/3933/1896
f 326/3934/1897 349/3935/1897 328/3936/1897
f 511/3937/1898 432/3938/1898 430/3939/1898
f 329/3940/1899 335/3941/1899 333/3942/1899
f 524/3824/1835 557/3826/1837 435/3943/1900
f 343/3924/1891 341/3926/1893 344/3944/1901
f 146/3945/1902 157/3946/1902 147/3947/1902
f 541/3355/1606 553/3948/1702 552/3876/1865
f 581/3756/1798 598/3914/1883 597/3886/1870
f 587/3627/1740 580/3744/1793 590/3949/1799
f 132/3638/1903 153/3950/1904 150/3951/1905
f 343/3952/1906 345/3953/1907 327/3954/1908
f 524/3955/1909 427/3956/1909 435/3957/1909
f 543/3538/1646 560/3958/1910 551/3764/1803
f 140/3716/1778 148/3959/1911 135/3717/1744
f 323/3850/1852 331/3849/1852 330/3960/1912
f 332/3822/1913 328/3961/1913 326/3820/1913
f 592/3962/1914 591/3963/1914 589/3964/1914
f 422/3965/1915 425/3866/1859 427/3868/1861
f 425/3866/1859 422/3965/1915 340/3966/1916
f 553/3967/1917 591/3968/1918 592/3969/1919
f 2/3970/1920 3/3971/1920 9/3972/1920
f 591/3768/1805 596/3711/1775 589/3973/1921
f 425/3866/1859 340/3966/1916 339/3974/1922
f 305/3975/1923 330/3976/1923 331/3977/1923
f 578/3834/1725 599/3833/1843 595/3978/1924
f 329/3979/1925 333/3980/1926 328/3981/1886
f 328/3982/1886 349/3983/1927 329/3984/1925
f 149/3985/1928 5/3986/1928 151/3987/1928
f 426/3988/1929 339/3989/1922 184/3990/1930
f 330/3991/1931 331/3992/1885 332/3993/1884
f 330/3788/1882 162/3881/1867 161/3872/1932
f 149/3994/1772 132/3995/1933 153/3996/1934
f 338/3997/1935 333/3998/1935 335/3999/1935
f 149/3704/1772 156/4000/1936 138/3568/1658
f 596/3711/1775 605/4001/1937 589/3973/1921
f 544/3561/1705 559/4002/1938 539/3495/1673
f 329/3984/1925 349/3983/1927 335/4003/1939
f 427/4004/1861 426/3988/1860 184/3990/1940
f 423/3894/1770 428/4005/1773 420/3662/1753
f 135/3637/1744 153/3950/1941 132/3638/1700
f 328/3916/1886 162/4006/1942 322/3917/1887
f 328/3981/1886 333/3980/1926 162/4007/1942
f 426/3857/1845 435/4008/1888 184/3912/1943
f 150/4009/1944 132/4010/1933 151/4011/1945
f 335/4012/1946 348/4013/1946 334/4014/1946
f 518/4015/1719 548/4016/1758 558/4017/1947
f 420/3662/1753 428/4005/1773 431/3839/1846
f 583/3723/1781 593/4018/1948 1235/3724/1782
f 325/3925/1892 330/3991/1949 341/3926/1893
f 335/4019/1950 334/4020/1950 338/4021/1950
f 328/4022/1951 349/4023/1951 347/4024/1951
f 159/3902/1858 161/4025/1952 320/3794/1818
f 548/3670/1758 539/3511/1673 554/4026/1953
f 557/4027/1954 439/4028/1954 441/4029/1954
f 140/4030/1955 155/4031/1955 148/4032/1955
f 138/3785/1842 152/4033/1956 142/3831/1811
f 320/3737/1788 161/4034/1957 336/3738/1789
f 138/4035/1958 156/4036/1958 152/4037/1958
f 162/3881/1959 322/3919/1960 351/4038/1961
f 549/4039/1790 555/4040/1962 546/4041/1761
f 432/4042/1963 431/4043/1963 435/4044/1963
f 330/3991/1949 325/3925/1964 331/3992/1965
f 336/4045/1966 161/4046/1966 330/4047/1966
f 339/4048/1922 342/4049/1967 191/4050/1968
f 333/4051/1969 338/4052/1970 337/4053/1971
f 135/4054/1972 156/4055/1972 153/4056/1972
f 135/4057/1973 148/4058/1973 156/4059/1973
f 339/4048/1922 191/4050/1968 184/4060/1930
f 317/4061/1974 321/4062/1974 319/4063/1974
f 547/3930/1895 556/4064/1975 543/3437/1646
f 132/4010/1933 149/4065/1772 151/4011/1945
f 138/4066/1976 156/4067/1977 145/4068/1810
f 557/4069/1978 441/4070/1978 547/4071/1978
f 334/4072/1979 337/4073/1971 338/4074/1970
f 149/3994/1772 153/3996/1934 156/4075/1936
f 553/3967/1917 592/3969/1919 594/4076/1980
f 335/4077/1981 349/4078/1982 337/4079/1983
f 320/4080/1984 160/4081/1984 321/4082/1984
f 428/4083/1985 430/4084/1985 437/4085/1985
f 433/4086/1986 430/4087/1986 434/4088/1986
f 330/4089/1987 161/4090/1988 164/4091/1989
f 339/4092/1922 340/4093/1916 324/4094/1990
f 309/4095/1991 342/4096/1991 322/4097/1991
f 543/3538/1646 556/4098/1975 560/3958/1910
f 518/4015/1719 558/4017/1947 522/4099/1890
f 431/4100/1846 428/4101/1773 442/4102/1992
f 316/3784/1812 152/4033/1993 138/3785/1813
f 341/4103/1893 330/4104/1949 163/4105/1994
f 431/4106/1995 442/4107/1995 435/4108/1995
f 6/4109/1996 12/4110/1997 7/4111/1998
f 427/4112/1999 436/4113/1999 435/4114/1999
f 596/3711/1775 595/4115/1924 605/4001/1937
f 144/4116/1864 147/4117/2000 154/4118/1756
f 557/4119/2001 432/4120/2001 435/4121/2001
f 596/4122/1775 584/4123/1834 595/4124/1924
f 349/4078/1982 333/4125/2002 337/4079/1983
f 6/4109/1996 4/4126/2003 12/4110/1997
f 4/4127/2003 6/4128/1996 19/4129/2004
f 309/3782/1749 310/3781/1695 342/4130/2005
f 343/4131/2006 344/4132/2006 345/4133/2006
f 159/4134/2007 160/4135/2007 161/4136/2007
f 325/4137/1964 327/3954/1908 353/4138/2008
f 430/4139/2009 433/4140/2009 443/4141/2009
f 142/3831/1811 152/4033/1956 158/4142/2010
f 346/4143/2011 342/4144/2011 324/4145/2011
f 598/4146/2012 1235/4147/2012 593/4148/2012
f 333/4149/2013 351/4150/2013 162/4151/2013
f 145/4068/1810 156/4067/1977 155/4152/1820
f 320/3789/2014 161/3872/2015 160/4153/2016
f 584/4154/1834 578/3834/1725 595/3978/1924
f 349/4155/2017 331/4156/2018 347/4157/2019
f 330/4158/2020 164/4159/2020 163/4160/2020
f 324/4094/1990 342/4161/1967 339/4092/1922
f 349/4162/2021 335/4163/2021 348/4164/2021
f 341/4103/1893 163/4105/1994 344/4165/1901
f 5/4166/2022 154/4167/2022 151/4168/2022
f 155/4169/1820 156/4170/1977 148/4171/2023
f 551/4172/2024 560/4173/2024 550/4174/2024
f 335/4175/2025 337/4176/2025 348/4177/2025
f 349/4178/2026 348/4179/2026 331/4180/2026
f 157/4181/2027 154/4118/1756 147/4117/2000
f 157/4181/2027 151/4182/1945 154/4118/1756
f 325/4137/1964 353/4138/2008 331/4183/1965
f 583/4184/2028 590/4185/2028 593/4186/2028
f 549/3739/1790 550/3873/1801 555/4187/1962
f 310/4188/1695 184/4189/1881 342/4190/2005
f 589/4191/1875 597/4192/1870 604/4193/2029
f 588/4194/2030 546/4195/2030 599/4196/2030
f 327/3954/1908 345/3953/1907 353/4138/2008
f 428/4101/1773 437/4197/2031 442/4102/1992
f 316/4198/1812 319/4199/2032 160/4200/2033
f 345/4201/1907 344/4202/1901 353/4203/2008
f 349/4155/1982 347/4157/2034 333/4204/2002
f 589/4205/2035 605/4206/2035 592/4207/2035
f 548/4208/2036 554/4209/2036 558/4210/2036
f 346/3646/1747 322/3917/1887 342/4211/2037
f 337/4073/2038 334/4072/2039 348/4212/2040
f 357/4213/2041 442/4214/2041 437/4215/2041
f 553/4216/2042 594/4217/2042 608/4218/2042
f 316/4198/1812 160/4200/2033 152/4219/1993
f 357/4220/2043 184/4221/2043 442/4222/2043
f 605/4223/1937 609/4224/2044 592/3969/1919
f 544/3561/1705 552/3876/1865 559/4002/1938
f 161/4225/1932 162/4226/1867 176/4227/2045
f 337/4053/2046 352/4228/2047 333/4051/2048
f 597/4192/1870 598/4229/1883 604/4193/2029
f 150/4230/1944 151/4182/1945 157/4181/2027
f 6/4231/1996 14/4232/2049 19/4233/2004
f 7/4234/1998 12/4235/1997 13/4236/2050
f 342/4049/1967 322/4237/2051 350/4238/2052
f 7/4239/1998 15/4240/2053 6/4231/1996
f 552/3876/1865 553/3948/1702 608/4241/2054
f 351/4242/2055 350/4238/2052 322/4237/2051
f 539/3511/1673 559/4243/1938 554/4026/1953
f 333/4204/2002 355/4244/2056 351/4245/2055
f 159/4246/2057 8/4247/2057 158/4248/2057
f 152/4249/2058 160/4250/2058 158/4251/2058
f 599/4252/1843 546/4253/1761 600/4254/2059
f 560/4255/2060 556/4256/2060 559/4257/2060
f 319/4258/2061 321/4259/2061 160/4260/2061
f 442/4261/2062 184/4262/2062 438/4263/2062
f 15/4240/2053 14/4232/2049 6/4231/1996
f 580/3744/1793 589/3895/1875 590/3949/1799
f 430/4264/2063 449/4265/2063 437/4266/2063
f 427/4267/1861 184/4268/1940 436/4269/2064
f 333/4204/2002 347/4157/2034 355/4244/2056
f 334/4270/2065 352/4271/2065 337/4272/2065
f 153/3950/2066 10/4273/2067 150/3951/2068
f 546/4041/1761 555/4040/1962 603/4274/2069
f 435/4275/2070 438/4276/2070 184/4277/2070
f 331/3915/1965 353/4278/2008 349/3821/2071
f 605/4001/1937 595/4115/1924 606/4279/2072
f 17/4280/2073 9/4281/2074 16/4282/2075
f 158/4283/2076 160/4284/2076 159/4285/2076
f 589/3895/1875 601/4286/2077 590/3949/1799
f 344/4202/1901 163/4287/1994 353/4203/2008
f 342/4190/2005 184/4189/1881 354/4288/2078
f 439/4289/2079 440/4290/2080 441/4291/2081
f 435/4292/2082 442/4293/2082 438/4294/2082
f 547/4295/1895 441/4296/2081 561/4297/2083
f 349/4298/2084 355/4299/2084 347/4300/2084
f 435/4301/2085 436/4302/2086 439/4289/2079
f 560/4303/2087 567/4304/2088 550/3873/1801
f 609/4224/2044 614/4305/2089 592/3969/1919
f 550/3873/1801 565/4306/2090 555/4187/1962
f 430/4307/2091 443/4308/2092 449/4309/2093
f 558/4017/1947 447/4310/2094 522/4099/1890
f 547/3930/1895 561/4311/2083 556/4064/1975
f 599/4312/1843 600/4313/2059 595/4314/1924
f 342/4049/1967 350/4238/2052 191/4050/1968
f 349/4315/2095 353/4316/2095 176/4317/2095
f 349/4318/2096 176/4319/2097 355/4320/2098
f 590/4321/2099 601/4322/2099 593/4323/2099
f 150/4324/2100 10/4325/2100 11/4326/2100
f 592/3969/1919 607/4327/2101 594/4076/1980
f 4/4328/2102 20/4329/2102 12/4330/2102
f 161/4331/2103 176/4332/2103 160/4333/2103
f 150/4334/2104 11/4335/2104 153/4336/2104
f 592/3969/1919 614/4305/2089 602/4337/2105
f 357/4338/2106 437/4339/2106 429/4340/2106
f 546/4253/1761 603/4341/2069 600/4254/2059
f 184/4342/2107 357/4343/2107 354/4344/2107
f 589/3895/1875 604/4345/2029 601/4286/2077
f 12/4346/1997 14/4347/2049 13/4348/2050
f 604/4349/2029 598/4350/1883 601/4351/2077
f 19/4129/2004 20/4352/2108 4/4127/2003
f 9/4281/2074 15/4240/2053 16/4282/2075
f 603/4274/2069 555/4040/1962 616/4353/2109
f 554/4354/2110 559/4355/2110 558/4356/2110
f 595/4314/1924 600/4313/2059 611/4357/2111
f 322/3919/2112 342/4358/2005 351/4038/2113
f 19/4359/2004 14/4347/2049 12/4346/1997
f 162/3881/1867 351/4038/2113 169/4360/2114
f 593/4361/2115 601/4351/2077 598/4350/1883
f 595/4362/1924 611/4363/2111 606/4364/2072
f 592/3969/1919 602/4337/2105 607/4327/2101
f 160/4365/2116 176/4366/2045 167/4367/2117
f 560/4368/2087 559/4369/2118 567/4370/2088
f 353/4371/2119 163/4372/2119 176/4373/2119
f 614/4374/2089 615/4375/2120 620/4376/2121
f 356/4377/2122 358/4378/2122 168/4379/2122
f 153/4380/2123 11/4381/2123 10/4382/2123
f 175/4383/2124 354/4384/2124 357/4385/2124
f 14/4386/2049 15/4387/2053 13/4388/2050
f 559/4389/2125 556/4390/1975 567/4391/2088
f 357/4392/2126 429/4393/2126 175/4394/2126
f 164/4395/2127 165/4396/2127 163/4397/2127
f 16/4398/2075 13/4236/2050 17/4399/2073
f 620/4400/2121 602/4337/2105 614/4305/2089
f 7/4239/1998 16/4282/2075 15/4240/2053
f 351/4242/2055 355/4401/2056 350/4238/2052
f 605/4402/1937 606/4403/2072 632/4404/2128
f 176/4405/2129 163/4406/2130 181/4407/2129
f 16/4398/2075 7/4234/1998 13/4236/2050
f 440/4290/2080 439/4289/2079 436/4302/2086
f 161/4090/1988 160/4408/2116 164/4091/1989
f 559/4409/2131 562/4410/2132 558/4411/1947
f 355/4412/2098 176/4413/2097 173/4414/2133
f 443/4415/2092 433/4416/1847 448/4417/2134
f 561/4297/2083 441/4296/2081 445/4418/2135
f 17/4419/2136 9/4420/2137 18/4421/2138
f 358/4422/2139 173/4414/2133 166/4423/2140
f 356/4424/2141 173/4425/2141 358/4426/2141
f 173/4414/2133 176/4413/2097 166/4423/2140
f 433/4416/1847 522/4427/1890 448/4417/2134
f 594/4428/1980 607/4429/2101 621/4430/2142
f 160/4408/2116 167/4431/2117 164/4091/1989
f 594/4428/1980 621/4430/2142 608/4432/2143
f 358/4422/2139 166/4423/2140 168/4433/2144
f 605/4402/1937 632/4404/2128 609/4434/2044
f 550/3873/1801 567/4304/2088 565/4306/2090
f 162/4226/1867 169/4435/2114 176/4227/2045
f 603/4341/2069 610/4436/2145 600/4254/2059
f 561/4437/2083 445/4438/2135 556/4390/1975
f 607/4429/2101 634/4439/2146 621/4430/2142
f 173/4440/2147 356/4441/2148 170/4442/2149
f 615/4375/2120 688/4443/2150 620/4376/2121
f 552/3876/1865 562/4444/2151 559/4002/1938
f 355/4445/2152 173/4446/2152 350/4447/2152
f 522/4427/1890 447/4448/2094 448/4417/2134
f 17/4419/2073 13/4388/2050 9/4420/2074
f 609/4434/2044 632/4404/2128 613/4449/2153
f 600/4450/2059 610/4451/2145 611/4452/2111
f 443/4308/2092 448/4453/2134 449/4309/2093
f 611/4363/2111 612/4454/2154 606/4364/2072
f 173/4440/2147 170/4442/2149 179/4455/2155
f 19/4456/2156 12/4457/2156 20/4458/2156
f 356/4459/2148 168/4460/2144 170/4461/2149
f 609/4462/2044 613/4463/2153 614/4464/2089
f 440/4290/2080 444/4465/2157 441/4291/2081
f 351/4466/2113 342/4467/2005 171/4468/2158
f 11/4469/2159 21/4470/2159 10/4471/2159
f 184/4472/2160 191/4473/2160 192/4474/2160
f 608/4475/2161 552/4476/2161 563/4477/2161
f 166/4478/2140 176/4479/2097 179/4480/2155
f 176/4405/2129 181/4407/2129 172/4481/2162
f 559/4369/2163 562/4482/2164 567/4370/2165
f 607/4327/2101 602/4337/2105 635/4483/2166
f 18/4421/2138 22/4484/2167 17/4419/2136
f 11/4485/2168 21/4486/2168 23/4487/2168
f 177/4488/2169 178/4489/2169 188/4490/2169
f 173/4491/2170 188/4492/2170 350/4493/2170
f 614/4494/2089 627/4495/2171 615/4496/2120
f 437/4497/2172 451/4498/2172 429/4499/2172
f 350/4500/2052 188/4501/2173 174/4502/2174
f 437/4503/2175 446/4504/2176 451/4505/2177
f 176/4366/2045 186/4506/2178 167/4367/2117
f 565/4306/2090 616/4507/2109 555/4187/1962
f 558/4411/1947 562/4410/2132 564/4508/2179
f 429/4509/2180 196/4510/2181 175/4511/2182
f 166/4478/2140 179/4480/2155 168/4512/2144
f 342/4467/2005 354/4513/2078 171/4468/2158
f 168/4460/2144 179/4514/2155 170/4461/2149
f 175/4511/2182 196/4510/2181 182/4515/2183
f 13/4388/2050 15/4387/2053 9/4420/2074
f 176/4516/2184 172/4517/2184 179/4518/2184
f 184/4268/1940 203/4519/2185 436/4269/2064
f 177/4520/2186 173/4521/2186 178/4522/2186
f 177/4523/2187 188/4524/2187 173/4525/2187
f 441/4291/2081 444/4465/2157 445/4526/2135
f 449/4527/2093 446/4528/2176 437/4529/2175
f 603/4341/2069 616/4530/2109 610/4436/2145
f 602/4337/2105 620/4400/2121 617/4531/2188
f 179/4532/2189 178/4533/2189 173/4534/2189
f 179/4535/2190 180/4536/2190 178/4537/2190
f 163/4538/2191 164/4539/2191 181/4540/2191
f 429/4541/2192 451/4542/2192 196/4543/2192
f 175/4544/2193 182/4545/2193 354/4546/2193
f 351/4547/2113 183/4548/2194 169/4435/2114
f 351/4466/2113 171/4468/2158 183/4549/2194
f 196/4550/2195 451/4551/2195 195/4552/2195
f 558/4017/1947 564/4553/2179 447/4310/2094
f 602/4337/2105 624/4554/2196 635/4483/2166
f 172/4555/2197 181/4556/2197 179/4557/2197
f 562/4444/2151 552/3876/1865 569/4558/2198
f 614/4494/2089 613/4559/2153 627/4495/2171
f 184/4560/1940 192/4561/2199 203/4562/2185
f 350/4500/2052 174/4502/2174 191/4563/1968
f 164/4091/1989 167/4431/2117 186/4564/2178
f 556/4390/1975 445/4438/2135 567/4391/2088
f 617/4531/2188 624/4554/2196 602/4337/2105
f 198/4565/2200 186/4566/2178 176/4567/2045
f 169/4568/2201 199/4569/2201 185/4570/2201
f 620/4400/2121 618/4571/2202 619/4572/2203
f 447/4573/2094 456/4574/2204 448/4575/2134
f 552/3876/1865 622/4576/2205 569/4558/2198
f 188/4577/2206 212/4578/2207 172/4579/2208
f 565/4580/2090 568/4581/2209 566/4582/2210
f 176/4227/2045 169/4435/2114 183/4548/2194
f 169/4583/2211 185/4584/2211 183/4585/2211
f 565/4580/2090 566/4582/2210 616/4586/2109
f 179/4587/2212 181/4588/2213 212/4589/2207
f 619/4572/2203 617/4531/2188 620/4400/2121
f 610/4436/2145 616/4530/2109 639/4590/2214
f 178/4591/2215 179/4587/2212 188/4592/2206
f 608/4241/2143 622/4576/2205 552/3876/1865
f 620/4593/2121 695/4594/2216 618/4595/2202
f 174/4502/2174 188/4501/2173 187/4596/2217
f 567/4597/2088 568/4581/2209 565/4580/2090
f 610/4451/2145 630/4598/2218 611/4452/2111
f 562/4599/2219 567/4600/2220 572/4601/2221
f 567/4391/2088 445/4438/2135 568/4602/2209
f 446/4528/2176 449/4527/2093 450/4603/2222
f 449/4309/2093 448/4453/2134 461/4604/2223
f 179/4587/2212 212/4589/2207 188/4592/2206
f 164/4605/2224 186/4606/2224 181/4607/2224
f 188/4608/2225 193/4609/2225 187/4610/2225
f 181/4611/2226 172/4579/2227 212/4578/2228
f 185/4612/2229 199/4613/2229 183/4614/2229
f 608/4432/2143 621/4430/2142 622/4615/2205
f 193/4616/2230 188/4617/2231 201/4618/2232
f 188/4619/2233 187/4620/2233 189/4621/2233
f 188/4622/2206 172/4623/2208 187/4596/2217
f 445/4624/2135 444/4625/2157 454/4626/2234
f 445/4627/2235 454/4628/2235 568/4629/2235
f 183/4630/2236 199/4631/2236 169/4632/2236
f 188/4633/2237 189/4634/2237 201/4635/2237
f 182/4636/2183 206/4637/2238 354/4638/2078
f 23/4639/2239 24/4640/2240 21/4641/2241
f 618/4642/2202 695/4643/2216 619/4644/2203
f 201/4618/2242 190/4645/2243 193/4616/2244
f 191/4563/1968 174/4502/2174 171/4646/2245
f 611/4363/2111 630/4647/2218 612/4454/2154
f 191/4648/1968 216/4649/2246 192/4650/2199
f 621/4651/2247 626/4652/2247 622/4653/2247
f 449/4654/2093 461/4655/2223 450/4656/2222
f 187/4657/2248 193/4658/2249 189/4659/2250
f 624/4660/2251 623/4661/2251 635/4662/2251
f 617/4663/2188 623/4664/2252 624/4665/2196
f 446/4666/2253 450/4667/2253 452/4668/2253
f 562/4669/2151 569/4670/2198 570/4671/2254
f 564/4672/2179 463/4673/2255 447/4674/2094
f 615/4675/2120 625/4676/2256 688/4677/2150
f 21/4641/2241 24/4640/2240 10/4678/2257
f 621/4679/2258 634/4680/2258 626/4681/2258
f 562/4410/2132 571/4682/2259 564/4508/2179
f 446/4504/2176 452/4683/2260 451/4505/2177
f 688/4684/2261 689/4685/2261 620/4686/2261
f 615/4675/2120 627/4687/2171 625/4676/2256
f 354/4513/2078 216/4688/2262 171/4468/2158
f 562/4599/2132 572/4601/2263 571/4689/2259
f 216/4690/2246 203/4562/2185 192/4561/2199
f 620/4593/2121 689/4691/2264 695/4594/2216
f 451/4692/2177 452/4693/2260 459/4694/2265
f 172/4695/2266 212/4696/2266 213/4697/2266
f 193/4698/2267 190/4699/2267 194/4700/2267
f 440/4701/2080 453/4702/2268 444/4703/2157
f 198/4704/2269 181/4705/2269 186/4706/2269
f 436/4707/2064 203/4708/2185 465/4709/2270
f 195/4710/2271 226/4711/2272 196/4712/2181
f 187/4596/2217 197/4713/2273 174/4502/2174
f 626/4714/2274 630/4715/2275 622/4716/2276
f 172/4623/2208 213/4717/2277 187/4596/2217
f 199/4718/2278 207/4719/2278 183/4720/2278
f 195/4721/2279 459/4722/2279 226/4723/2279
f 189/4659/2250 193/4658/2249 201/4724/2280
f 630/4725/2281 610/4726/2281 639/4727/2281
f 191/4648/1968 171/4728/2245 216/4649/2282
f 562/4729/2283 570/4730/2283 572/4731/2283
f 440/4701/2080 436/4732/2086 453/4702/2268
f 616/4530/2109 573/4733/2284 639/4590/2214
f 176/4567/2045 212/4734/2285 198/4565/2200
f 450/4656/2222 461/4655/2223 462/4735/2286
f 630/4736/2287 628/4737/2287 622/4738/2287
f 630/4715/2218 626/4714/2288 612/4739/2154
f 181/4740/2289 198/4741/2289 212/4742/2289
f 607/4429/2101 635/4743/2166 634/4439/2146
f 195/4744/2290 451/4745/2290 459/4746/2290
f 622/4747/2205 570/4671/2254 569/4670/2198
f 617/4663/2188 637/4748/2291 623/4664/2252
f 181/4588/2292 218/4749/2293 212/4589/2294
f 183/4549/2194 212/4750/2285 176/4751/2045
f 183/4752/2295 211/4753/2295 199/4754/2295
f 617/4755/2188 631/4756/2296 637/4757/2291
f 568/4758/2209 570/4759/2297 566/4582/2210
f 627/4495/2171 613/4559/2153 629/4760/2298
f 436/4707/2064 465/4709/2270 461/4761/2223
f 613/4449/2153 632/4404/2128 636/4762/2299
f 638/4763/2300 628/4764/2301 630/4765/2302
f 196/4766/2181 200/4767/2303 182/4768/2183
f 630/4765/2304 628/4764/2305 626/4769/2306
f 617/4770/2307 619/4771/2307 631/4772/2307
f 187/4596/2217 213/4717/2277 197/4713/2273
f 183/4773/2308 207/4774/2308 211/4775/2308
f 448/4453/2134 456/4776/2204 461/4604/2223
f 632/4777/2128 606/4778/2072 636/4779/2299
f 688/4780/2309 625/4781/2309 689/4782/2309
f 623/4783/2310 637/4784/2310 636/4785/2310
f 182/4636/2183 200/4786/2303 206/4637/2238
f 196/4712/2181 226/4711/2272 227/4787/2311
f 612/4454/2154 633/4788/2312 606/4364/2072
f 638/4789/2313 570/4790/2313 628/4791/2313
f 616/4586/2109 566/4582/2210 573/4792/2284
f 461/4793/2314 453/4794/2314 436/4795/2314
f 564/4672/2179 571/4796/2259 463/4673/2255
f 183/4549/2194 208/4797/2315 212/4750/2285
f 454/4798/2234 455/4799/2316 456/4800/2204
f 201/4801/2317 202/4802/2317 190/4803/2317
f 183/4549/2194 171/4468/2158 208/4797/2315
f 629/4760/2298 613/4559/2153 636/4804/2299
f 454/4805/2318 572/4806/2318 568/4807/2318
f 196/4766/2181 227/4808/2311 200/4767/2303
f 203/4809/2319 457/4810/2319 465/4811/2319
f 634/4812/2320 643/4813/2320 626/4814/2320
f 354/4815/2078 206/4816/2238 216/4817/2262
f 194/4818/2321 202/4819/2322 193/4658/2323
f 211/4820/2324 207/4821/2325 199/4822/2326
f 634/4823/2327 635/4824/2327 643/4825/2327
f 203/4826/2185 204/4827/2328 464/4828/2329
f 193/4658/2323 202/4819/2322 201/4724/2330
f 622/4829/2205 628/4830/2331 570/4831/2254
f 636/4832/2332 637/4833/2332 640/4834/2332
f 695/4643/2216 696/4835/2333 619/4644/2203
f 461/4604/2223 456/4776/2204 455/4836/2316
f 635/4837/2334 623/4838/2335 643/4839/2336
f 197/4713/2273 171/4646/2245 174/4502/2174
f 630/4840/2337 639/4841/2337 638/4842/2337
f 203/4826/2185 216/4843/2246 204/4827/2328
f 200/4844/2303 205/4845/2338 206/4846/2238
f 207/4847/2339 208/4848/2315 171/4849/2158
f 194/4818/2321 190/4850/2340 202/4819/2322
f 447/4573/2094 463/4851/2255 456/4574/2204
f 566/4582/2210 570/4759/2297 573/4792/2284
f 692/4852/2341 690/4853/2341 691/4854/2341
f 450/4855/2222 460/4856/2342 452/4693/2260
f 636/4779/2299 606/4778/2072 633/4857/2312
f 454/4798/2234 444/4858/2157 455/4799/2316
f 636/4859/2299 643/4860/2343 629/4861/2298
f 568/4862/2209 572/4863/2344 570/4864/2297
f 570/4865/2345 638/4866/2345 573/4867/2345
f 203/4868/2185 458/4869/2346 457/4870/2347
f 205/4871/2338 216/4817/2262 206/4816/2238
f 216/4649/2348 171/4728/2349 205/4872/2350
f 444/4858/2157 453/4873/2268 455/4799/2316
f 623/4838/2351 636/4779/2352 643/4839/2336
f 636/4779/2299 633/4857/2312 643/4839/2353
f 461/4604/2223 455/4836/2316 453/4874/2268
f 207/4875/2354 171/4876/2354 211/4877/2354
f 459/4694/2265 452/4693/2260 460/4856/2342
f 619/4878/2203 696/4879/2333 631/4880/2296
f 639/4881/2355 573/4882/2355 638/4883/2355
f 222/4884/2356 208/4848/2315 207/4847/2339
f 459/4885/2265 460/4886/2342 226/4887/2272
f 612/4739/2154 626/4714/2288 633/4888/2312
f 207/4821/2339 211/4820/2357 222/4889/2356
f 461/4890/2223 465/4891/2270 462/4892/2286
f 633/4888/2312 626/4714/2288 643/4893/2353
f 571/4894/2358 572/4895/2358 463/4896/2358
f 627/4687/2171 629/4897/2298 625/4676/2256
f 24/4640/2240 25/4898/2359 10/4678/2257
f 463/4899/2255 572/4900/2360 454/4798/2234
f 631/4756/2296 697/4901/2361 637/4757/2291
f 10/4902/2362 26/4903/2362 25/4904/2362
f 226/4887/2272 460/4886/2342 468/4905/2363
f 463/4899/2255 454/4798/2234 456/4800/2204
f 629/4861/2364 643/4860/2343 699/4906/2365
f 450/4855/2222 462/4907/2286 460/4856/2342
f 171/4908/2245 197/4909/2273 214/4910/2366
f 628/4911/2367 574/4912/2368 469/4913/2369
f 457/4870/2347 458/4869/2346 465/4914/2270
f 570/4864/2370 572/4863/2371 574/4915/2372
f 211/4916/2357 209/4917/2373 222/4918/2356
f 628/4919/2367 658/4920/2374 574/4921/2368
f 626/4922/2375 628/4923/2375 643/4924/2375
f 640/4925/2376 644/4926/2376 636/4927/2376
f 197/4909/2273 210/4928/2377 214/4910/2366
f 691/4929/2378 710/4930/2379 692/4931/2380
f 692/4931/2380 710/4930/2379 701/4932/2381
f 631/4880/2296 696/4879/2333 697/4933/2361
f 695/4934/2382 689/4935/2382 700/4936/2382
f 464/4937/2329 470/4938/2383 203/4868/2185
f 208/4848/2315 222/4884/2356 217/4939/2384
f 636/4940/2385 641/4941/2385 643/4942/2385
f 462/4892/2286 465/4891/2270 460/4943/2342
f 212/4750/2285 208/4797/2315 213/4944/2386
f 692/4945/2387 693/4946/2388 690/4947/2389
f 643/4948/2390 641/4949/2390 645/4950/2390
f 213/4951/2391 217/4952/2391 197/4953/2391
f 636/4954/2392 644/4955/2393 641/4956/2394
f 690/4957/2389 711/4958/2395 691/4959/2378
f 574/4915/2368 572/4863/2396 469/4960/2369
f 629/4961/2397 693/4962/2397 625/4963/2397
f 203/4868/2185 470/4938/2383 458/4869/2346
f 171/4964/2398 229/4965/2399 211/4966/2357
f 200/4844/2303 229/4967/2399 205/4845/2338
f 200/4767/2303 227/4808/2311 229/4968/2399
f 464/4969/2329 204/4970/2328 225/4971/2400
f 226/4972/2272 468/4973/2363 227/4974/2311
f 212/4975/2401 213/4976/2401 218/4977/2401
f 171/4964/2398 205/4978/2338 229/4965/2399
f 692/4979/2402 625/4980/2402 693/4981/2402
f 691/4959/2378 709/4982/2403 710/4983/2379
f 690/4947/2389 693/4946/2388 699/4984/2365
f 692/4985/2380 689/4986/2404 625/4987/2405
f 708/4988/2406 694/4989/2406 704/4990/2406
f 629/4991/2407 699/4992/2407 693/4993/2407
f 204/4994/2408 216/4995/2408 214/4996/2408
f 214/4997/2366 205/4978/2409 171/4964/2245
f 708/4998/2410 709/4999/2403 694/5000/2411
f 628/4911/2412 642/5001/2413 643/5002/2414
f 197/4909/2273 215/5003/2415 210/4928/2377
f 690/4957/2389 699/5004/2365 707/5005/2416
f 458/4869/2346 466/5006/2417 465/5007/2270
f 216/5008/2418 205/5009/2418 214/5010/2418
f 643/5011/2419 663/5012/2420 628/4919/2421
f 643/4860/2343 649/5013/2422 699/4906/2365
f 628/4919/2367 663/5012/2423 658/4920/2374
f 691/4959/2378 711/4958/2395 709/4982/2403
f 689/5014/2424 705/5015/2424 700/5016/2424
f 695/5017/2425 700/5018/2425 696/5019/2425
f 640/5020/2426 637/5021/2426 644/5022/2426
f 709/4999/2403 711/5023/2395 694/5000/2411
f 214/5024/2427 225/4971/2400 204/4970/2328
f 643/5025/2428 642/5026/2428 649/5027/2428
f 213/5028/2429 208/5029/2429 217/5030/2429
f 214/5031/2366 210/5032/2377 221/5033/2430
f 696/5034/2431 700/5035/2431 697/5036/2431
f 213/5037/2432 217/5038/2432 218/5039/2432
f 214/5031/2366 221/5033/2430 230/5040/2433
f 211/4916/2357 219/5041/2434 209/4917/2373
f 637/5042/2435 697/5043/2435 700/5044/2435
f 465/5045/2270 466/5046/2417 460/5047/2342
f 460/5047/2342 466/5046/2417 474/5048/2436
f 641/5049/2394 644/5050/2393 647/5051/2437
f 29/5052/2438 27/5053/2438 28/5054/2438
f 27/5055/2439 29/5056/2440 31/5057/2441
f 705/5058/2442 689/5059/2404 698/5060/2443
f 211/4916/2357 229/5061/2399 219/5041/2434
f 690/4957/2389 707/5005/2416 711/4958/2395
f 38/5062/2444 32/5063/2444 30/5064/2444
f 227/4974/2311 468/4973/2363 228/5065/2445
f 31/5066/2441 32/5067/2446 38/5068/2447
f 649/5069/2422 714/5070/2448 699/5071/2365
f 637/5072/2449 715/5073/2449 644/5074/2449
f 460/5047/2342 467/5075/2450 468/5076/2363
f 197/5077/2451 220/5078/2451 215/5079/2451
f 464/4969/2329 225/4971/2400 470/5080/2383
f 230/5081/2433 221/5082/2430 239/5083/2452
f 197/5084/2453 217/5085/2384 220/5086/2454
f 715/5087/2455 637/5088/2456 700/5089/2457
f 701/5090/2458 710/5091/2458 702/5092/2458
f 701/5093/2381 702/5094/2459 692/5095/2380
f 227/5096/2311 228/5097/2445 229/5098/2399
f 689/5099/2404 692/5095/2380 698/5100/2443
f 705/5058/2442 698/5060/2443 722/5101/2460
f 458/4869/2346 470/4938/2383 466/5006/2417
f 474/5048/2436 467/5075/2450 460/5047/2342
f 222/5102/2356 209/5103/2373 217/5104/2384
f 572/5105/2461 574/5106/2461 646/5107/2461
f 214/5108/2462 230/5109/2462 225/5110/2462
f 628/4911/2367 469/4913/2369 663/5111/2463
f 645/5112/2464 663/5113/2464 643/5114/2464
f 217/5104/2384 209/5103/2373 223/5115/2465
f 221/5116/2466 210/5117/2466 239/5118/2466
f 645/5119/2467 642/5120/2468 663/5121/2469
f 572/5122/2470 646/5123/2470 469/5124/2470
f 694/5125/2471 703/5126/2471 704/5127/2471
f 700/5128/2457 705/5129/2472 706/5130/2473
f 32/5131/2474 33/5132/2475 30/5133/2476
f 649/5134/2422 648/5135/2477 714/5136/2448
f 29/5056/2440 42/5137/2478 31/5057/2441
f 699/5071/2365 714/5070/2448 707/5138/2416
f 705/5129/2472 723/5139/2479 706/5130/2473
f 466/5140/2480 470/5141/2480 471/5142/2480
f 692/5095/2380 702/5094/2459 698/5100/2443
f 40/5143/2481 34/5144/2481 35/5145/2481
f 649/5146/2482 642/5147/2482 648/5148/2482
f 641/5149/2394 650/5150/2483 645/5151/2467
f 704/5152/2484 703/5153/2485 708/5154/2410
f 468/5155/2486 475/5156/2486 486/5157/2486
f 468/5158/2487 235/5159/2487 228/5160/2487
f 709/5161/2403 708/5162/2410 713/5163/2488
f 641/5049/2394 647/5051/2437 650/5164/2483
f 34/5165/2489 36/5166/2489 35/5167/2489
f 709/4982/2403 718/5168/2490 710/4983/2379
f 467/5075/2450 475/5169/2491 468/5076/2363
f 230/5081/2433 239/5083/2452 233/5170/2492
f 215/5003/2415 224/5171/2493 210/4928/2377
f 710/5172/2379 718/5173/2490 702/5174/2459
f 628/4911/2412 663/5111/2494 642/5001/2413
f 210/5175/2495 224/5176/2495 239/5177/2495
f 27/5178/2496 31/5179/2496 37/5180/2496
f 27/5181/2497 37/5182/2497 28/5183/2497
f 648/5135/2477 651/5184/2498 714/5136/2448
f 708/5154/2410 703/5153/2485 717/5185/2499
f 694/5186/2500 711/5187/2500 712/5188/2500
f 28/5189/2501 42/5190/2501 29/5191/2501
f 225/5192/2502 230/5193/2433 231/5194/2503
f 217/5085/2384 223/5195/2465 220/5086/2454
f 38/5068/2447 37/5196/2504 31/5066/2441
f 31/5066/2441 42/5197/2478 32/5067/2446
f 707/5005/2416 712/5198/2505 711/4958/2395
f 708/5154/2410 717/5185/2499 713/5199/2488
f 700/5128/2457 706/5130/2473 715/5200/2455
f 714/5201/2448 712/5198/2505 707/5005/2416
f 644/5202/2393 715/5203/2455 647/5204/2437
f 38/5205/2506 30/5206/2506 39/5207/2506
f 694/5208/2507 712/5209/2505 703/5210/2508
f 713/5199/2488 717/5185/2499 727/5211/2509
f 32/5212/2510 42/5213/2510 33/5214/2510
f 469/4913/2369 658/5215/2374 656/5216/2511
f 219/5217/2434 229/5218/2399 232/5219/2512
f 469/4913/2369 646/5220/2513 658/5215/2374
f 215/5221/2415 220/5222/2454 236/5223/2514
f 470/5224/2515 225/5225/2515 471/5226/2515
f 715/5200/2455 706/5130/2473 716/5227/2516
f 469/4913/2369 656/5216/2511 663/5111/2463
f 28/5228/2517 37/5229/2518 42/5230/2519
f 698/5060/2443 729/5231/2520 722/5101/2460
f 40/5232/2521 35/5233/2521 45/5234/2521
f 714/5201/2448 652/5235/2522 712/5198/2505
f 717/5236/2523 703/5237/2523 724/5238/2523
f 715/5203/2455 716/5239/2516 647/5204/2437
f 718/5240/2490 709/5161/2403 713/5163/2488
f 229/5098/2399 228/5097/2445 245/5241/2524
f 38/5242/2525 39/5243/2525 37/5244/2525
f 574/4921/2368 658/4920/2374 646/5245/2513
f 648/5246/2477 662/5247/2526 651/5248/2498
f 220/5249/2454 223/5250/2465 251/5251/2527
f 703/5252/2508 719/5253/2528 724/5254/2529
f 642/5255/2468 645/5151/2467 650/5150/2483
f 230/5193/2433 233/5256/2492 231/5194/2503
f 698/5100/2443 702/5094/2459 728/5257/2530
f 30/5133/2476 33/5132/2475 48/5258/2531
f 209/5259/2373 219/5217/2434 232/5219/2512
f 229/5260/2399 234/5261/2532 232/5262/2512
f 648/5246/2477 642/5263/2533 662/5247/2526
f 40/5264/2534 41/5265/2535 34/5266/2536
f 229/5267/2537 245/5268/2537 234/5269/2537
f 466/5270/2538 473/5271/2538 474/5272/2538
f 36/5273/2539 57/5274/2540 35/5275/2541
f 215/5221/2415 236/5223/2514 224/5276/2493
f 223/5277/2542 209/5278/2542 250/5279/2542
f 474/5280/2543 476/5281/2543 467/5282/2543
f 714/5283/2448 651/5248/2498 652/5284/2522
f 40/5285/2534 45/5286/2544 41/5287/2535
f 225/5288/2545 238/5289/2545 471/5290/2545
f 34/5266/2536 68/5291/2546 36/5292/2539
f 703/5252/2508 720/5293/2547 719/5253/2528
f 468/5294/2548 486/5295/2549 235/5296/2550
f 724/5297/2529 721/5298/2551 717/5299/2499
f 642/5255/2468 650/5150/2483 653/5300/2552
f 722/5301/2553 723/5302/2553 705/5303/2553
f 220/5249/2454 251/5251/2527 236/5304/2514
f 724/5305/2529 725/5306/2554 721/5307/2551
f 37/5229/2518 48/5308/2555 42/5230/2519
f 471/5309/2556 472/5310/2557 466/5311/2558
f 724/5254/2529 719/5253/2528 725/5312/2554
f 473/5313/2559 476/5314/2559 474/5315/2559
f 30/5133/2476 48/5258/2531 39/5316/2560
f 466/5317/2558 472/5318/2557 473/5319/2561
f 718/5173/2490 726/5320/2562 702/5174/2459
f 717/5299/2499 721/5298/2551 727/5321/2509
f 716/5239/2516 733/5322/2563 647/5204/2437
f 42/5323/2564 48/5324/2564 33/5325/2564
f 642/5120/2468 654/5326/2565 659/5327/2566
f 642/5120/2468 659/5327/2566 663/5121/2567
f 703/5210/2508 712/5209/2505 742/5328/2568
f 642/5255/2468 653/5300/2552 654/5329/2565
f 246/5330/2569 242/5331/2569 234/5332/2569
f 36/5292/2539 68/5291/2546 52/5333/2570
f 41/5265/2535 69/5334/2571 34/5266/2536
f 43/5335/2572 68/5336/2546 44/5337/2573
f 486/5295/2549 252/5338/2574 235/5296/2550
f 702/5094/2459 726/5339/2562 728/5257/2530
f 723/5139/2479 747/5340/2575 706/5130/2473
f 246/5341/2576 234/5342/2576 245/5343/2576
f 209/5259/2373 232/5219/2512 237/5344/2577
f 225/5192/2502 231/5194/2503 238/5345/2578
f 43/5335/2572 52/5346/2570 68/5336/2546
f 716/5347/2516 706/5130/2473 747/5340/2575
f 44/5337/2573 55/5348/2579 43/5335/2572
f 44/5337/2573 51/5349/2580 55/5348/2579
f 239/5350/2452 224/5351/2493 240/5352/2581
f 235/5296/2550 241/5353/2582 228/5354/2445
f 720/5293/2547 703/5252/2508 742/5355/2568
f 224/5356/2493 236/5357/2514 249/5358/2583
f 43/5359/2572 47/5360/2584 52/5361/2570
f 658/5362/2585 655/5363/2585 657/5364/2585
f 34/5266/2536 69/5334/2571 68/5291/2546
f 245/5365/2524 228/5366/2445 241/5367/2582
f 234/5368/2586 242/5369/2586 243/5370/2586
f 209/5259/2373 237/5344/2577 250/5371/2587
f 716/5372/2588 747/5373/2588 733/5374/2588
f 238/5375/2589 483/5376/2589 471/5377/2589
f 656/5378/2511 658/5379/2374 657/5380/2590
f 234/5261/2532 243/5381/2591 232/5262/2512
f 224/5351/2493 244/5382/2592 240/5352/2581
f 663/5383/2593 662/5384/2593 642/5385/2593
f 663/5121/2423 659/5327/2594 658/5386/2374
f 45/5387/2544 35/5275/2541 46/5388/2595
f 57/5274/2540 46/5388/2595 35/5275/2541
f 726/5320/2562 718/5173/2490 736/5389/2596
f 475/5390/2491 467/5391/2450 486/5392/2597
f 476/5393/2598 472/5394/2598 467/5395/2598
f 33/5396/2599 48/5397/2599 47/5398/2599
f 245/5399/2524 243/5400/2591 246/5401/2600
f 240/5402/2581 233/5256/2492 239/5403/2452
f 647/5404/2601 731/5405/2601 734/5406/2601
f 698/5060/2443 728/5407/2530 729/5231/2520
f 233/5256/2492 247/5408/2602 231/5194/2503
f 467/5391/2450 478/5409/2603 486/5392/2597
f 473/5410/2604 477/5411/2604 476/5412/2604
f 43/5359/2572 55/5413/2579 47/5360/2584
f 658/5386/2374 659/5327/2594 657/5414/2605
f 245/5365/2524 241/5367/2582 248/5415/2606
f 473/5319/2561 472/5318/2557 477/5416/2607
f 647/5417/2608 734/5418/2608 661/5419/2608
f 224/5420/2493 249/5421/2583 244/5422/2592
f 663/5423/2463 656/5378/2511 659/5424/2609
f 477/5425/2610 472/5426/2610 476/5427/2610
f 723/5428/2479 722/5429/2460 729/5430/2520
f 235/5296/2550 252/5338/2574 241/5353/2582
f 712/5209/2505 730/5431/2611 742/5328/2568
f 713/5432/2488 727/5321/2509 718/5173/2490
f 471/5309/2556 483/5433/2612 472/5310/2557
f 45/5286/2544 49/5434/2613 41/5287/2535
f 39/5435/2614 48/5436/2614 37/5437/2614
f 647/5438/2615 733/5439/2615 731/5440/2615
f 223/5441/2465 250/5442/2587 251/5443/2527
f 45/5387/2544 46/5388/2595 49/5444/2613
f 472/5445/2616 478/5446/2603 467/5447/2450
f 231/5194/2503 257/5448/2617 238/5345/2578
f 651/5248/2498 660/5449/2618 652/5284/2522
f 650/5164/2483 647/5051/2437 653/5450/2552
f 712/5198/2505 652/5235/2522 730/5451/2611
f 728/5257/2530 726/5339/2562 737/5452/2619
f 719/5253/2528 720/5293/2547 745/5453/2620
f 246/5401/2600 243/5400/2591 242/5454/2621
f 243/5455/2591 245/5456/2524 248/5457/2606
f 747/5458/2622 668/5459/2622 733/5460/2622
f 719/5253/2528 745/5453/2620 738/5461/2623
f 44/5462/2573 50/5463/2624 51/5464/2580
f 482/5465/2625 484/5466/2626 479/5467/2627
f 483/5468/2628 479/5469/2628 472/5470/2628
f 742/5355/2568 745/5453/2620 720/5293/2547
f 52/5333/2570 58/5471/2629 36/5292/2539
f 718/5173/2490 732/5472/2630 736/5389/2596
f 654/5473/2631 665/5474/2631 659/5475/2631
f 51/5476/2632 50/5477/2632 55/5478/2632
f 479/5467/2633 484/5466/2634 472/5479/2616
f 647/5480/2437 661/5481/2635 653/5482/2552
f 738/5461/2623 725/5312/2554 719/5253/2528
f 656/5378/2511 657/5380/2590 659/5424/2609
f 486/5483/2636 478/5484/2636 480/5485/2636
f 44/5462/2573 68/5486/2546 50/5463/2624
f 486/5487/2637 485/5488/2637 252/5489/2637
f 662/5490/2638 663/5491/2638 665/5492/2638
f 253/5493/2639 255/5494/2640 248/5495/2606
f 723/5428/2479 729/5430/2520 735/5496/2641
f 240/5402/2581 254/5497/2642 233/5256/2492
f 731/5498/2643 733/5499/2643 734/5500/2643
f 727/5321/2509 732/5472/2630 718/5173/2490
f 241/5501/2582 252/5502/2574 248/5503/2606
f 232/5504/2512 243/5455/2591 282/5505/2644
f 47/5506/2584 53/5507/2645 52/5508/2570
f 727/5321/2509 721/5298/2551 754/5509/2646
f 68/5486/2546 54/5510/2647 50/5463/2624
f 232/5504/2512 282/5505/2644 237/5344/2577
f 250/5371/2587 237/5344/2577 269/5511/2648
f 253/5512/2649 263/5513/2649 255/5514/2649
f 248/5503/2606 252/5502/2574 253/5515/2639
f 263/5516/2650 253/5515/2639 487/5517/2651
f 481/5518/2652 479/5519/2652 482/5520/2652
f 483/5521/2653 263/5522/2653 487/5523/2653
f 54/5524/2654 53/5525/2654 50/5526/2654
f 240/5352/2581 244/5382/2592 254/5527/2642
f 236/5357/2514 262/5528/2655 249/5358/2583
f 483/5529/2656 487/5530/2656 479/5531/2656
f 478/5446/2603 472/5445/2616 480/5532/2657
f 68/5533/2546 69/5534/2571 54/5535/2647
f 484/5536/2634 487/5537/2658 472/5445/2616
f 721/5307/2551 725/5306/2554 739/5538/2659
f 472/5445/2616 487/5537/2658 480/5532/2657
f 651/5248/2498 662/5247/2526 660/5449/2618
f 233/5256/2492 256/5539/2660 247/5408/2602
f 52/5508/2570 53/5507/2645 54/5540/2647
f 47/5541/2584 55/5542/2579 50/5543/2661
f 233/5256/2492 254/5497/2642 256/5539/2660
f 231/5194/2503 247/5408/2602 257/5544/2617
f 485/5545/2662 486/5546/2662 480/5547/2662
f 483/5548/2663 238/5549/2663 263/5550/2663
f 723/5551/2479 735/5552/2641 747/5553/2575
f 733/5554/2664 661/5555/2664 734/5556/2664
f 250/5371/2587 269/5511/2648 258/5557/2665
f 248/5457/2606 259/5558/2666 243/5455/2591
f 726/5559/2667 736/5560/2667 737/5561/2667
f 260/5562/2668 255/5563/2640 238/5564/2578
f 253/5515/2639 252/5502/2574 487/5517/2651
f 41/5287/2535 49/5434/2613 56/5565/2669
f 52/5333/2570 54/5535/2647 58/5471/2629
f 236/5566/2514 261/5567/2670 262/5568/2655
f 238/5569/2578 264/5570/2671 260/5562/2668
f 725/5571/2554 738/5572/2623 751/5573/2672
f 725/5571/2554 751/5573/2672 739/5574/2659
f 484/5575/2673 479/5576/2673 487/5577/2673
f 480/5578/2674 487/5579/2674 485/5580/2674
f 36/5292/2539 58/5471/2629 57/5581/2540
f 238/5564/2578 255/5563/2640 263/5582/2675
f 252/5502/2574 485/5583/2676 487/5517/2651
f 244/5422/2592 249/5421/2583 262/5584/2655
f 668/5585/2677 661/5586/2677 733/5587/2677
f 248/5495/2606 255/5494/2640 266/5588/2678
f 654/5329/2565 653/5300/2552 666/5589/2679
f 41/5590/2680 56/5591/2680 69/5592/2680
f 236/5566/2514 251/5443/2527 261/5567/2670
f 259/5593/2666 248/5594/2606 266/5595/2678
f 663/5423/2681 659/5424/2682 665/5596/2683
f 662/5247/2526 665/5597/2684 660/5449/2618
f 254/5527/2642 244/5382/2592 262/5598/2655
f 46/5599/2595 61/5600/2685 49/5601/2613
f 238/5602/2578 257/5603/2617 264/5604/2671
f 659/5327/2686 665/5605/2687 673/5606/2688
f 251/5443/2527 250/5442/2587 265/5607/2689
f 47/5541/2584 50/5543/2661 63/5608/2690
f 721/5307/2551 739/5538/2659 754/5609/2646
f 727/5321/2509 756/5610/2691 732/5472/2630
f 255/5563/2640 260/5562/2668 266/5611/2678
f 737/5452/2619 744/5612/2692 728/5257/2530
f 652/5284/2522 660/5449/2618 664/5613/2693
f 652/5235/2522 664/5614/2693 730/5451/2611
f 665/5615/2684 669/5616/2694 660/5617/2618
f 654/5618/2695 666/5619/2695 669/5620/2695
f 258/5621/2665 269/5622/2648 268/5623/2696
f 659/5424/2697 667/5624/2698 665/5596/2699
f 243/5455/2591 259/5558/2666 282/5505/2644
f 727/5321/2509 754/5509/2646 756/5610/2691
f 732/5472/2630 756/5610/2691 740/5625/2700
f 661/5481/2635 668/5626/2701 653/5482/2552
f 654/5627/2702 669/5628/2702 665/5629/2702
f 730/5630/2611 741/5631/2703 742/5632/2568
f 657/5414/2704 659/5327/2705 673/5606/2706
f 257/5544/2617 247/5408/2602 256/5539/2660
f 728/5257/2530 744/5612/2692 749/5633/2707
f 57/5634/2708 58/5635/2708 46/5636/2708
f 730/5451/2611 664/5614/2693 741/5637/2703
f 736/5638/2596 732/5639/2630 737/5640/2619
f 732/5641/2630 740/5642/2700 748/5643/2709
f 266/5611/2678 260/5562/2668 272/5644/2710
f 257/5544/2617 256/5539/2660 270/5645/2711
f 56/5646/2669 49/5601/2613 61/5600/2685
f 665/5596/2699 667/5624/2698 669/5647/2712
f 62/5648/2713 60/5649/2714 59/5650/2715
f 46/5599/2595 58/5651/2629 61/5600/2685
f 728/5652/2716 749/5653/2716 746/5654/2716
f 728/5655/2530 746/5656/2717 729/5657/2520
f 261/5567/2670 251/5443/2527 265/5607/2689
f 250/5442/2587 258/5658/2665 265/5607/2689
f 53/5659/2645 47/5660/2584 59/5661/2715
f 53/5662/2645 60/5663/2714 50/5664/2718
f 268/5665/2696 278/5666/2719 258/5658/2665
f 254/5527/2642 262/5598/2655 267/5667/2720
f 264/5570/2671 272/5644/2710 260/5562/2668
f 735/5552/2641 746/5668/2717 747/5553/2575
f 50/5664/2718 60/5663/2714 65/5669/2721
f 268/5670/2722 269/5671/2722 278/5672/2722
f 729/5657/2520 746/5656/2717 735/5673/2641
f 62/5648/2713 59/5650/2715 64/5674/2723
f 668/5626/2701 755/5675/2724 653/5482/2552
f 666/5589/2679 653/5300/2552 670/5676/2725
f 742/5677/2568 743/5678/2726 750/5679/2727
f 261/5567/2670 265/5607/2689 271/5680/2728
f 732/5639/2630 744/5681/2692 737/5640/2619
f 266/5682/2678 275/5683/2729 282/5684/2644
f 59/5661/2715 60/5685/2714 53/5659/2645
f 745/5686/2620 742/5677/2568 750/5679/2727
f 58/5471/2629 54/5535/2647 61/5687/2685
f 665/5605/2687 672/5688/2730 673/5606/2688
f 668/5689/2731 746/5690/2731 755/5691/2731
f 740/5642/2700 757/5692/2732 748/5643/2709
f 668/5693/2733 747/5694/2733 746/5695/2733
f 738/5696/2734 745/5697/2734 751/5698/2734
f 257/5603/2617 270/5699/2711 264/5604/2671
f 261/5700/2670 271/5701/2728 262/5598/2655
f 254/5497/2642 267/5667/2720 256/5539/2660
f 659/5424/2697 673/5702/2688 667/5624/2698
f 666/5703/2679 670/5704/2725 669/5705/2735
f 69/5534/2571 56/5706/2669 54/5535/2647
f 742/5632/2568 752/5707/2736 743/5708/2726
f 62/5709/2713 65/5710/2721 60/5711/2714
f 269/5511/2648 237/5344/2577 280/5712/2737
f 742/5632/2568 741/5631/2703 752/5707/2736
f 653/5713/2738 755/5714/2738 670/5715/2738
f 259/5716/2666 266/5682/2678 282/5684/2644
f 732/5639/2630 748/5717/2709 744/5681/2692
f 47/5660/2584 63/5718/2690 59/5661/2715
f 265/5607/2689 258/5658/2665 278/5666/2719
f 237/5344/2577 282/5505/2644 276/5719/2739
f 54/5535/2647 56/5706/2669 61/5687/2685
f 275/5720/2740 274/5721/2740 271/5722/2740
f 264/5604/2671 270/5699/2711 272/5723/2710
f 256/5539/2660 273/5724/2741 270/5645/2711
f 237/5344/2577 276/5719/2739 280/5712/2737
f 665/5605/2687 669/5725/2742 672/5688/2730
f 275/5726/2729 266/5727/2678 272/5723/2710
f 748/5643/2709 757/5692/2732 741/5728/2703
f 271/5701/2728 274/5729/2743 262/5598/2655
f 667/5624/2698 672/5730/2730 669/5647/2712
f 660/5617/2618 671/5731/2744 664/5732/2693
f 748/5717/2709 741/5733/2703 749/5734/2707
f 59/5735/2715 63/5736/2690 64/5737/2723
f 669/5616/2694 670/5738/2745 671/5731/2744
f 744/5681/2692 748/5717/2709 749/5734/2707
f 660/5617/2618 669/5616/2694 671/5731/2744
f 275/5739/2729 271/5680/2728 276/5740/2739
f 275/5726/2729 272/5723/2710 274/5741/2743
f 256/5539/2660 267/5667/2720 273/5724/2741
f 750/5742/2727 751/5743/2672 745/5744/2620
f 676/5745/2746 749/5734/2707 741/5733/2703
f 270/5699/2711 281/5746/2747 272/5723/2710
f 283/5747/2748 282/5748/2748 272/5749/2748
f 740/5625/2700 756/5610/2691 761/5750/2749
f 274/5729/2743 277/5751/2750 262/5598/2655
f 62/5752/2751 64/5753/2751 67/5754/2751
f 749/5734/2707 676/5745/2746 746/5755/2752
f 50/5756/2753 65/5757/2753 63/5758/2753
f 267/5667/2720 262/5598/2655 277/5751/2750
f 743/5678/2726 752/5759/2736 750/5679/2727
f 62/5709/2713 67/5760/2754 65/5710/2721
f 280/5712/2737 278/5761/2719 269/5511/2648
f 282/5684/2644 275/5683/2729 276/5762/2739
f 740/5625/2700 761/5750/2749 757/5763/2732
f 669/5705/2755 670/5704/2756 672/5764/2757
f 739/5765/2659 753/5766/2758 754/5767/2646
f 272/5768/2759 279/5769/2760 283/5770/2761
f 64/5737/2723 63/5736/2690 66/5771/2762
f 755/5772/2763 746/5755/2752 676/5745/2746
f 281/5773/2764 270/5774/2764 273/5775/2764
f 277/5776/2765 272/5723/2710 281/5746/2747
f 277/5751/2750 273/5724/2741 267/5667/2720
f 667/5624/2698 673/5777/2688 674/5778/2766
f 277/5776/2750 274/5741/2743 272/5723/2710
f 664/5779/2693 671/5780/2744 741/5781/2703
f 272/5782/2767 282/5783/2767 277/5784/2767
f 670/5738/2745 676/5785/2746 671/5731/2744
f 754/5767/2646 753/5766/2758 756/5786/2691
f 272/5768/2759 277/5787/2768 279/5769/2760
f 667/5624/2698 674/5778/2766 672/5730/2730
f 277/5788/2769 281/5789/2769 279/5790/2769
f 278/5791/2719 280/5792/2737 265/5607/2689
f 265/5607/2689 280/5792/2737 271/5680/2728
f 676/5793/2746 675/5794/2770 755/5795/2763
f 741/5781/2703 671/5780/2744 676/5796/2746
f 273/5797/2771 284/5798/2771 281/5799/2771
f 273/5800/2772 277/5801/2772 284/5802/2772
f 277/5803/2773 282/5804/2774 279/5805/2760
f 739/5806/2659 751/5807/2672 753/5766/2758
f 670/5808/2745 672/5809/2775 677/5810/2776
f 741/5811/2703 757/5812/2732 752/5813/2736
f 283/5814/2761 279/5805/2760 282/5804/2774
f 271/5680/2728 280/5792/2737 276/5740/2739
f 281/5815/2777 284/5816/2777 279/5817/2777
f 680/5818/2778 681/5819/2779 755/5820/2763
f 65/5821/2780 66/5822/2780 63/5823/2780
f 752/5759/2736 760/5824/2781 750/5679/2727
f 751/5743/2672 750/5742/2727 758/5825/2782
f 680/5826/2778 755/5827/2763 675/5828/2770
f 670/5704/2783 755/5829/2763 681/5830/2779
f 680/5826/2778 675/5828/2770 684/5831/2784
f 676/5832/2746 670/5808/2745 677/5810/2776
f 753/5766/2758 751/5807/2672 758/5833/2782
f 680/5818/2778 682/5834/2785 681/5819/2779
f 670/5704/2783 681/5830/2786 672/5764/2787
f 673/5606/2688 672/5688/2730 674/5835/2766
f 676/5793/2746 678/5836/2788 675/5794/2770
f 682/5834/2785 679/5837/2789 681/5819/2779
f 285/5838/2790 286/5839/2790 287/5840/2790
f 277/5803/2791 279/5805/2792 284/5841/2793
f 752/5813/2736 757/5812/2732 759/5842/2794
f 753/5766/2758 762/5843/2795 756/5786/2691
f 760/5844/2796 758/5845/2796 750/5846/2796
f 680/5847/2797 684/5848/2797 682/5849/2797
f 757/5812/2732 761/5850/2749 759/5842/2794
f 679/5851/2798 672/5852/2798 681/5853/2798
f 756/5786/2691 762/5843/2795 761/5854/2749
f 761/5850/2749 762/5855/2795 759/5842/2794
f 753/5766/2758 758/5833/2782 762/5843/2795
f 679/5856/2799 682/5857/2799 685/5858/2799
f 65/5859/2800 67/5860/2800 66/5861/2800
f 677/5810/2776 683/5862/2801 676/5832/2746
f 64/5863/2802 66/5864/2802 67/5865/2802
f 682/5866/2803 684/5867/2784 685/5868/2804
f 760/5869/2781 752/5813/2736 758/5870/2782
f 676/5832/2746 683/5862/2801 678/5871/2788
f 679/5872/2805 685/5873/2805 672/5874/2805
f 752/5813/2736 762/5855/2795 758/5870/2782
f 677/5810/2776 672/5809/2775 683/5862/2801
f 762/5855/2795 752/5813/2736 759/5842/2794
f 279/5875/2806 290/5876/2806 288/5877/2806
f 672/5809/2775 687/5878/2807 683/5862/2801
f 288/5879/2808 289/5880/2808 293/5881/2808
f 289/5882/2809 288/5883/2810 290/5884/2811
f 291/5885/2812 290/5886/2812 279/5887/2812
f 672/5888/2813 685/5889/2813 687/5890/2813
f 279/5891/2814 288/5892/2814 291/5893/2814
f 289/5894/2815 290/5895/2815 293/5896/2815
f 675/5897/2770 686/5898/2816 684/5899/2784
f 288/5900/2817 290/5901/2817 291/5902/2817
f 684/5867/2784 686/5903/2816 685/5868/2804
f 675/5897/2770 678/5904/2788 686/5898/2816
f 290/5884/2818 288/5883/2819 292/5905/2820
f 293/5906/2821 292/5907/2821 288/5908/2821
f 686/5898/2816 678/5904/2788 683/5909/2801
f 687/5910/2807 685/5911/2804 683/5912/2801
f 686/5913/2816 683/5912/2801 685/5911/2804
f 290/5914/2822 292/5915/2822 293/5916/2822
f 346/3646/1747 302/3622/1662 328/3916/1886
