# Blender 4.4.0
# www.blender.org
mtllib Meshy_AI_a_run_down_truck_that_0822235311_texture.mtl
o Meshy_AI_a_run_down_truck_that_0822235311_texture
v 0.416610 0.164945 0.355816
v 0.898159 0.199848 0.373617
v 0.697791 -0.100402 0.121621
v 0.696767 -0.090610 0.184789
v 0.690142 -0.098617 0.231234
v 0.732742 -0.072178 0.203742
v 0.713544 -0.129248 -0.120451
v 0.739019 -0.105334 0.215665
v 0.727196 -0.134210 0.194251
v 0.640878 -0.069855 0.274161
v 0.705476 -0.116470 0.206201
v 0.662703 -0.025886 0.386688
v 0.748989 -0.147285 0.119723
v 0.883986 -0.069798 0.309175
v 0.900256 -0.036595 0.342823
v 0.662098 -0.011152 0.343977
v 0.880824 -0.059519 -0.123681
v 0.683011 -0.132015 0.131429
v 0.791311 -0.147910 -0.012555
v 0.838314 -0.182706 0.060195
v 0.832238 -0.220455 0.065638
v 0.799144 -0.178302 0.061288
v 0.780108 -0.145696 0.065783
v 0.818543 -0.152859 0.076017
v 0.880077 -0.061197 0.197327
v 0.928101 -0.130388 0.155294
v 0.931398 -0.100386 0.156691
v 0.880782 0.198052 0.326570
v 0.898442 0.178810 0.342347
v 0.909974 0.014152 0.393141
v 0.882010 0.167117 0.373562
v 0.923005 -0.085644 0.307583
v 0.883013 -0.045832 -0.129277
v 0.885827 -0.012890 0.135019
v 0.945603 0.123185 0.385672
v 0.898653 -0.033607 0.382932
v 0.897073 0.175462 0.103349
v 0.901591 -0.112637 0.359118
v 0.936620 0.178804 0.327110
v 0.914064 -0.090224 0.216312
v 0.936030 -0.047511 0.202331
v 0.937461 -0.046286 0.129411
v 0.928222 0.000997 0.326617
v 0.901573 -0.112980 0.328356
v 0.944576 0.153410 0.116200
v 0.929748 -0.009884 0.132883
v 0.931353 -0.100255 -0.158567
v 0.931213 0.199342 0.327377
v 0.940309 -0.112682 0.360076
v 0.934676 0.225263 0.378307
v 0.945755 0.016607 0.383915
v 0.922067 0.156686 0.106706
v 0.458616 -0.259620 0.329563
v 0.612218 -0.046270 0.388536
v 0.407565 -0.025878 0.379990
v 0.621554 -0.010811 0.375291
v 0.581705 -0.234462 0.265727
v 0.487743 -0.113628 0.260505
v 0.544202 -0.114122 0.345498
v 0.595729 -0.217552 0.404847
v 0.529746 -0.280136 0.198022
v 0.481644 -0.213446 0.271503
v 0.511596 -0.387459 0.362645
v 0.525167 -0.271827 0.387246
v 0.508324 -0.243104 0.371031
v 0.488165 -0.308115 0.399411
v 0.532891 -0.339640 0.383648
v 0.539482 -0.334597 0.368767
v 0.561085 -0.273219 0.308503
v 0.555295 -0.323818 0.329517
v 0.543434 -0.297143 0.161505
v 0.578660 -0.268575 0.362522
v 0.576819 -0.128480 0.399078
v 0.592365 -0.272784 0.184052
v 0.574814 -0.477090 0.263019
v 0.535113 -0.337254 0.250680
v 0.547404 -0.269745 0.250489
v 0.598429 -0.234929 0.219212
v 0.587990 -0.469922 0.399478
v 0.495091 -0.488310 0.260628
v 0.533253 -0.487443 0.262023
v 0.533132 -0.115915 0.399357
v 0.515782 -0.486678 0.398882
v 0.603284 -0.137605 0.265001
v 0.601471 -0.330102 0.391469
v 0.615773 -0.465073 0.334630
v 0.616288 -0.142501 0.378467
v 0.666846 -0.385748 0.399292
v 0.584141 -0.322202 0.362103
v 0.672215 -0.403072 0.262830
v 0.590562 -0.279765 0.272401
v 0.606010 -0.334189 0.265212
v 0.621038 -0.064035 0.409157
v 0.625674 -0.447528 0.260784
v 0.650815 -0.174159 0.336858
v 0.650156 -0.178507 0.397281
v 0.635483 -0.440871 0.399291
v 0.671239 -0.409630 0.349181
v 0.672750 -0.208499 0.260581
v 0.630977 -0.062461 0.332446
v 0.691725 -0.224903 0.338868
v 0.699639 -0.299392 0.260631
v 0.675944 -0.209525 0.380761
v 0.689750 -0.374388 0.378753
v 0.690342 -0.246691 0.262259
v 0.699875 -0.344796 0.333663
v 0.690044 -0.364050 0.262648
v 0.736971 -0.187782 0.275468
v 0.701133 -0.281980 0.383680
v 0.738535 -0.231116 0.410851
v 0.727889 -0.231432 0.273696
v 0.737002 -0.186341 0.409724
v 0.749467 -0.182704 0.319614
v 0.754865 -0.201396 0.383624
v 0.770732 -0.202900 0.423205
v 0.750774 -0.233907 0.345213
v 0.779334 -0.281900 0.262177
v 0.779445 -0.283741 0.377290
v 0.767133 -0.201953 0.261967
v 0.782524 -0.372554 0.376015
v 0.784662 -0.372957 0.311734
v 0.299176 -0.237022 0.126401
v 0.471005 -0.090980 -0.137053
v 0.476495 -0.133990 0.042696
v 0.492074 -0.125299 -0.032386
v 0.637754 -0.198049 0.222325
v 0.489876 -0.320008 0.225548
v 0.539768 -0.240810 -0.065646
v 0.614985 -0.197587 0.197717
v 0.553609 -0.126418 0.264895
v 0.568640 -0.237353 0.179652
v 0.519902 -0.348388 0.076004
v 0.527684 -0.240923 0.067814
v 0.490855 -0.059531 0.121632
v 0.492481 -0.130616 0.137189
v 0.613527 -0.059877 -0.123301
v 0.613694 -0.059808 0.121420
v 0.580660 -0.281138 0.221241
v 0.688911 -0.186569 0.088302
v 0.638629 -0.187481 0.014796
v 0.604380 -0.188702 0.089096
v 0.614726 -0.231652 0.143082
v 0.615707 -0.197799 0.145421
v 0.644522 -0.180322 0.177216
v 0.583597 -0.170857 0.161925
v 0.609034 -0.313346 0.146909
v 0.609536 -0.299606 0.170913
v 0.577487 -0.319701 0.186443
v 0.645350 -0.292117 0.176816
v 0.631474 -0.253714 0.172886
v 0.636348 -0.166035 0.012418
v 0.652890 -0.311602 0.164002
v 0.649078 -0.188355 0.043568
v 0.613162 -0.158358 0.072495
v 0.666224 -0.192242 0.165697
v 0.632856 -0.215132 0.164809
v 0.664162 -0.171248 -0.010628
v 0.698452 -0.142283 0.086443
v 0.664410 -0.243017 0.217653
v 0.740034 -0.252884 0.019812
v 0.674415 -0.254207 0.184941
v 0.703329 -0.191967 0.178823
v 0.724265 -0.212938 0.218247
v 0.717888 -0.133504 0.010566
v 0.705960 -0.188273 0.127848
v 0.726638 -0.256708 0.129381
v 0.726281 -0.217063 0.176156
v 0.699314 -0.252966 0.167557
v 0.731000 -0.188400 0.130162
v 0.726414 -0.223200 0.124353
v 0.702281 -0.186235 0.217601
v 0.742821 -0.249531 0.091198
v 0.904365 -0.045883 0.176349
v 0.137467 -0.298773 0.282944
v 0.136368 -0.298994 0.377853
v 0.605697 -0.245285 0.093110
v -0.189035 -0.145354 0.292253
v 0.123249 -0.172994 0.079119
v 0.087718 0.002725 0.351737
v 0.103542 -0.038971 0.387912
v 0.048381 -0.154081 0.199826
v 0.050576 -0.258850 0.184496
v 0.087343 -0.241508 0.182482
v 0.127556 -0.166253 0.060017
v 0.092884 -0.056411 0.119452
v 0.094669 -0.147124 0.247640
v 0.087266 -0.289681 0.227175
v 0.093712 -0.069552 0.310637
v 0.492350 -0.143948 0.091044
v 0.194115 -0.092450 0.136763
v 0.088214 -0.055432 0.211827
v 0.143609 -0.049941 0.329323
v 0.090900 -0.288069 0.282840
v 0.362784 0.179300 0.388213
v 0.128291 -0.073431 0.335624
v 0.149388 0.150970 0.366248
v 0.136343 -0.027050 0.387303
v -0.145285 0.190112 0.383819
v 0.143672 -0.057405 0.120129
v 0.096531 -0.010475 0.374451
v 0.149509 0.004527 0.366539
v 0.712724 -0.113821 0.158574
v -0.190125 -0.089022 0.159276
v -0.135399 0.202396 0.332257
v 0.217198 -0.169243 0.059392
v 0.143455 -0.087862 0.180025
v 0.188056 -0.055539 0.121577
v 0.424699 -0.293889 0.012125
v 0.393299 0.002344 0.352656
v 0.394876 -0.018314 0.335238
v 0.223592 -0.090695 0.135440
v 0.146511 -0.058399 0.180252
v 0.252509 -0.058012 0.121253
v 0.393150 -0.044390 0.327032
v -0.146881 -0.045060 0.278372
v 0.361091 -0.028581 0.387723
v -0.051239 -0.191725 -0.020914
v 0.406771 -0.271991 -0.020691
v 0.252762 -0.057908 -0.123217
v -0.190469 -0.118646 0.141181
v 0.392384 0.167356 0.371328
v 0.354292 -0.059022 -0.124789
v 0.126935 -0.036088 0.339188
v 0.012465 -0.184209 0.088887
v 0.270161 -0.187756 0.409148
v 0.312142 -0.342066 0.399894
v 0.304605 -0.300490 0.399593
v 0.313975 -0.352352 0.271039
v 0.325627 -0.213741 0.397540
v 0.323977 -0.393454 0.263388
v 0.330572 -0.399454 0.399622
v 0.334861 -0.420510 0.312589
v 0.298776 -0.325897 0.285703
v 0.301144 -0.287434 0.264020
v 0.357735 -0.434181 0.399170
v 0.306897 -0.276046 0.399624
v 0.377894 -0.083716 0.412899
v 0.350865 -0.426841 0.260629
v 0.372278 -0.458446 0.326954
v 0.410308 -0.471916 0.261722
v 0.428638 -0.189456 0.405761
v 0.404088 -0.341163 0.390996
v 0.393962 -0.459532 0.399524
v 0.403627 -0.264330 0.391267
v 0.461176 -0.385946 0.390105
v 0.382658 -0.145489 0.393784
v 0.442280 -0.486413 0.352330
v 0.413696 -0.239541 0.266008
v 0.454026 -0.233186 0.362569
v 0.416859 -0.369160 0.265496
v 0.430622 -0.477131 0.399296
v 0.455375 -0.322982 0.368841
v 0.453029 -0.485203 0.260507
v 0.519843 -0.217513 0.389506
v 0.418439 -0.331013 0.361903
v 0.472000 -0.486993 0.399420
v 0.447910 -0.297997 0.252271
v 0.477441 -0.342850 0.250596
v 0.435406 -0.294145 0.293856
v 0.535076 -0.356950 0.292364
v 0.500701 -0.243073 0.267116
v 0.468939 -0.255841 0.250805
v 0.494107 -0.280424 0.221711
v 0.456926 -0.341249 0.329485
v 0.472865 -0.297454 0.082583
v 0.503047 -0.328605 0.124692
v 0.525649 -0.403082 0.393418
v 0.526992 -0.493779 0.319212
v 0.523320 -0.404748 0.265627
v 0.705926 -0.143249 0.127425
v 0.270135 -0.189354 0.274694
v 0.305183 -0.173771 0.272244
v 0.294822 -0.175607 0.188403
v 0.283511 -0.208028 0.218112
v 0.287292 -0.249055 0.179342
v 0.284524 -0.231140 0.274083
v 0.269848 -0.230431 0.411366
v 0.303330 -0.194656 0.204048
v 0.408395 -0.070825 0.270941
v 0.315210 -0.221933 0.155032
v 0.305032 -0.230369 0.333636
v 0.322378 -0.217076 0.261667
v 0.344208 -0.166088 0.335033
v 0.352383 -0.199723 0.218797
v 0.369456 -0.198924 0.192680
v 0.302976 -0.215228 0.188534
v 0.362524 -0.236842 0.222843
v 0.361636 -0.249158 0.191338
v 0.355290 -0.057371 0.183071
v 0.346283 -0.176580 0.265805
v 0.400571 -0.244333 0.190682
v 0.312799 -0.244521 0.260563
v 0.379245 -0.146802 0.263408
v 0.383490 -0.031903 0.409313
v 0.403492 -0.278561 0.225411
v 0.437843 -0.115144 0.376910
v 0.482889 -0.166704 0.245261
v 0.414278 -0.245082 0.215573
v 0.449710 -0.278004 0.031649
v 0.408771 -0.059605 0.121592
v 0.442766 -0.121485 0.260485
v 0.469728 -0.362913 0.020567
v 0.490124 -0.113813 0.399450
v 0.459028 -0.109845 0.337231
v 0.415394 -0.281594 0.186771
v 0.465053 -0.264353 0.065883
v 0.486344 -0.250259 0.218433
v 0.517210 -0.256479 0.109490
v 0.613683 -0.023513 0.404697
v 0.609834 -0.060002 0.184332
v 0.906406 -0.048222 0.285692
v 0.470609 -0.090921 0.134704
v 0.373480 -0.065556 0.354135
v 0.656123 0.002595 -0.353209
v 0.648936 0.155407 -0.368393
v 0.400987 0.170357 -0.348177
v 0.660506 0.177175 -0.347148
v 0.898014 0.199907 -0.375706
v 0.905540 -0.047832 -0.291787
v 0.728975 -0.091263 -0.137071
v 0.664947 -0.069870 -0.121993
v 0.736917 -0.063107 -0.208177
v 0.695645 -0.100553 -0.121877
v 0.878839 -0.061939 -0.202862
v 0.900483 -0.034212 -0.386055
v 0.815473 -0.151187 -0.002683
v 0.838196 -0.241416 -0.019264
v 0.841208 -0.177686 -0.033886
v 0.898428 0.178788 -0.344274
v 0.945536 0.140931 -0.386135
v 0.905490 -0.012484 -0.134949
v 0.892914 -0.010931 -0.098598
v 0.905642 -0.012322 0.104724
v 0.930400 -0.105119 -0.318635
v 0.905455 -0.066191 -0.328810
v 0.899931 -0.071185 0.121011
v 0.899356 -0.038027 -0.345797
v 0.900726 0.172181 -0.103485
v 0.901815 0.221460 -0.332273
v 0.901501 -0.112793 -0.361033
v 0.926921 -0.130198 -0.157291
v 0.930338 0.168813 -0.103080
v 0.935763 -0.027985 -0.137333
v 0.934657 0.223407 -0.383453
v 0.900724 -0.090827 -0.182481
v 0.926555 0.199890 -0.326790
v 0.943533 -0.028926 -0.095844
v 0.936273 -0.029683 0.094856
v 0.936184 -0.047633 -0.201324
v 0.935144 0.171170 -0.328702
v 0.941228 0.182284 -0.141678
v 0.941703 -0.112590 -0.360758
v 0.934935 -0.013034 -0.329124
v 0.946060 0.031152 -0.384967
v 0.449554 -0.059523 -0.123766
v 0.483467 -0.086868 -0.125448
v 0.463236 -0.265934 -0.067686
v 0.510734 -0.355701 -0.051409
v 0.588294 -0.333500 0.016692
v 0.511125 -0.375780 0.027523
v 0.570177 -0.299148 -0.075316
v 0.699808 -0.142760 -0.090528
v 0.526225 -0.157120 -0.066808
v 0.597467 -0.157128 -0.071680
v 0.580906 -0.285808 0.068680
v 0.580393 -0.277395 -0.048542
v 0.607862 -0.197778 -0.160815
v 0.618262 -0.166741 -0.148639
v 0.637797 -0.274642 -0.159330
v 0.629364 -0.198092 -0.144628
v 0.658906 -0.210348 -0.170736
v 0.603345 -0.262820 -0.165864
v 0.669239 -0.172829 -0.165542
v 0.577258 -0.176667 -0.159195
v 0.594045 -0.293094 -0.151757
v 0.643765 -0.313679 -0.171617
v 0.742984 -0.248502 -0.023993
v 0.740708 -0.225630 0.008420
v 0.687648 -0.188471 -0.088826
v 0.605882 -0.186534 -0.090146
v 0.666476 -0.059711 0.121324
v 0.625203 -0.256264 -0.095042
v 0.607488 -0.248983 0.019982
v 0.642230 -0.182720 -0.057774
v 0.672161 -0.159044 -0.040458
v 0.686010 -0.149157 0.055351
v 0.690079 -0.139318 -0.022136
v 0.702849 -0.144633 -0.031533
v 0.705757 -0.218176 -0.184930
v 0.686208 -0.136529 -0.195055
v 0.691621 -0.098321 -0.235171
v 0.727239 -0.119613 -0.215830
v 0.695813 -0.100753 -0.198134
v 0.605658 -0.247653 -0.025900
v 0.707803 -0.244419 -0.159181
v 0.728023 -0.220939 -0.123751
v 0.695376 -0.182062 -0.168685
v 0.721482 -0.174078 -0.188762
v 0.726967 -0.156816 -0.214420
v 0.715347 -0.102019 -0.172506
v 0.727020 -0.253140 -0.175552
v 0.765445 -0.145249 -0.084686
v 0.745636 -0.148749 -0.080536
v 0.744214 -0.247454 -0.093331
v 0.734351 -0.147741 0.085561
v 0.785725 -0.220437 -0.081249
v 0.802183 -0.158995 -0.066138
v 0.795083 -0.176033 -0.051616
v 0.842237 -0.220271 -0.067672
v 0.832074 -0.264350 -0.036350
v 0.851863 -0.181803 0.035387
v 0.841586 -0.241277 0.017342
v 0.838331 -0.201905 -0.047949
v 0.851796 -0.272932 -0.019132
v 0.842675 -0.276226 0.024729
v 0.654310 -0.010352 -0.373534
v 0.408371 -0.070775 -0.272833
v 0.611324 -0.065625 -0.276322
v 0.553139 -0.112870 -0.346576
v 0.533423 -0.117251 -0.401218
v 0.616495 -0.198058 -0.222119
v 0.589954 -0.231632 -0.396994
v 0.611441 -0.035189 -0.411883
v 0.423304 -0.227651 -0.224875
v 0.576935 -0.241518 -0.194008
v 0.366029 -0.194210 -0.223583
v 0.509145 -0.236132 -0.292962
v 0.503553 -0.328719 -0.125391
v 0.543141 -0.294137 -0.161245
v 0.549071 -0.209731 -0.266592
v 0.529861 -0.278050 -0.219192
v 0.502432 -0.255649 -0.194431
v 0.487279 -0.169121 -0.252836
v 0.578785 -0.129190 -0.262060
v 0.613789 -0.062272 -0.184764
v 0.525443 -0.320972 -0.195381
v 0.513006 -0.307950 -0.401104
v 0.600396 -0.239044 -0.252934
v 0.653423 -0.039110 -0.389530
v 0.562876 -0.279401 -0.293222
v 0.557303 -0.315921 -0.330855
v 0.564563 -0.386388 -0.266055
v 0.604373 -0.330452 -0.267335
v 0.578771 -0.269848 -0.362191
v 0.593859 -0.369502 -0.396920
v 0.676310 -0.214943 -0.401100
v 0.618186 -0.147298 -0.265864
v 0.555236 -0.368015 -0.361935
v 0.615483 -0.144055 -0.383276
v 0.634535 -0.256677 -0.221298
v 0.592188 -0.275846 -0.192361
v 0.579876 -0.322813 -0.183737
v 0.650495 -0.437669 -0.337725
v 0.699901 -0.299062 -0.262264
v 0.645621 -0.228202 -0.248427
v 0.657019 -0.420144 -0.263939
v 0.662964 -0.181707 -0.351239
v 0.650665 -0.425682 -0.399466
v 0.679734 -0.385498 -0.262516
v 0.708704 -0.198096 -0.215073
v 0.710468 -0.185631 -0.275621
v 0.670276 -0.062954 -0.184121
v 0.690881 -0.364706 -0.385644
v 0.682442 -0.218983 -0.270344
v 0.703593 -0.349404 -0.330917
v 0.638437 -0.066720 -0.335013
v 0.670313 -0.260756 -0.197731
v 0.709256 -0.303248 -0.324856
v 0.696142 -0.268636 -0.263987
v 0.736875 -0.231493 -0.414973
v 0.699320 -0.272809 -0.381381
v 0.738598 -0.231273 -0.277679
v 0.737215 -0.186462 -0.411591
v 0.737008 -0.187677 -0.277359
v 0.747539 -0.176663 -0.319835
v 0.759798 -0.212041 -0.321393
v 0.766788 -0.202902 -0.264093
v 0.755471 -0.215808 -0.382842
v 0.767020 -0.201671 -0.425053
v 0.780128 -0.281986 -0.425110
v 0.784172 -0.373585 -0.378294
v 0.778016 -0.283456 -0.311586
v 0.785451 -0.371463 -0.313963
v 0.904964 -0.047660 -0.183062
v 0.629636 -0.159981 -0.401097
v 0.099218 -0.176798 -0.046962
v -0.148791 -0.000999 -0.357495
v 0.084878 0.002978 -0.356245
v 0.106992 0.157382 -0.358439
v 0.104340 -0.039349 -0.389494
v 0.121238 -0.307085 -0.359072
v 0.124552 -0.033065 -0.341371
v 0.606128 -0.223347 -0.097995
v 0.047672 -0.173205 -0.183883
v 0.049081 -0.146676 -0.297090
v 0.049830 -0.176246 -0.328839
v 0.049486 -0.271965 -0.322064
v 0.087542 -0.214589 -0.180699
v 0.089382 -0.285599 -0.294702
v 0.002914 -0.054051 -0.122965
v 0.092684 -0.056056 -0.123343
v 0.093124 -0.147292 -0.279897
v 0.130028 -0.294281 -0.240904
v 0.092777 -0.010826 -0.375160
v 0.084718 -0.175698 -0.191914
v 0.088229 -0.285602 -0.222310
v 0.088651 -0.223527 -0.332792
v 0.145600 -0.055467 -0.123757
v -0.157281 -0.125940 -0.157347
v 0.143490 -0.054128 -0.315885
v 0.135066 -0.322179 -0.295208
v 0.125875 -0.162928 -0.074972
v 0.189954 -0.056302 -0.123090
v -0.095425 -0.039832 -0.127334
v -0.100659 -0.043541 -0.002422
v 0.216618 -0.133630 0.043143
v 0.203736 -0.131811 -0.040990
v 0.271866 -0.187817 -0.414770
v 0.273634 -0.186049 -0.275762
v 0.287136 -0.168219 -0.170642
v 0.271435 -0.231563 -0.275551
v 0.310102 -0.183920 -0.219863
v 0.319026 -0.204246 -0.150949
v 0.379937 -0.083141 -0.414780
v 0.355616 -0.057403 0.121289
v 0.147242 -0.056154 -0.186372
v 0.408288 -0.070830 -0.183779
v 0.363914 -0.010431 -0.376548
v 0.398396 0.169178 -0.383339
v 0.409454 -0.057544 -0.122937
v 0.407487 -0.028136 -0.382195
v 0.369594 -0.040262 -0.389298
v -0.138285 0.203756 -0.333371
v 0.881582 0.198996 -0.327126
v 0.043451 -0.184918 -0.148530
v 0.447859 -0.057489 0.120036
v 0.389481 0.003794 -0.358061
v -0.149227 -0.180448 -0.090379
v 0.268337 -0.231681 -0.411651
v 0.301577 -0.186589 -0.414814
v 0.295985 -0.283685 -0.297557
v 0.305083 -0.230561 -0.330987
v 0.304983 -0.274081 -0.400053
v 0.308969 -0.264573 -0.262043
v 0.327365 -0.241020 -0.396419
v 0.324728 -0.193898 -0.313943
v 0.289849 -0.217936 -0.184422
v 0.394741 -0.199725 -0.185853
v 0.322668 -0.218365 -0.262565
v 0.312839 -0.197571 -0.188631
v 0.367815 -0.159382 -0.397647
v 0.362173 -0.240725 -0.191460
v 0.301290 -0.309238 -0.266400
v 0.283779 -0.208189 -0.220082
v 0.413175 -0.239446 -0.265798
v 0.346272 -0.178328 -0.266615
v 0.364949 -0.260608 -0.224007
v 0.393426 -0.131323 -0.312572
v 0.221378 -0.091270 -0.136713
v 0.685161 -0.132019 -0.135866
v 0.378843 -0.145826 -0.267567
v 0.409344 -0.281706 -0.186052
v 0.419955 -0.232679 -0.189044
v 0.383236 -0.023973 -0.407342
v 0.422672 -0.129300 -0.401361
v 0.635268 -0.069242 -0.414570
v 0.442249 -0.117959 -0.265617
v 0.464255 -0.105827 -0.342992
v 0.410303 -0.061372 -0.183284
v 0.442457 -0.290182 -0.027994
v 0.463897 -0.117297 -0.401203
v 0.476259 -0.340887 -0.073870
v 0.510757 -0.113909 -0.262366
v 0.502964 -0.221458 -0.362649
v 0.453971 -0.272698 -0.268670
v 0.592591 -0.232555 -0.227625
v 0.480441 -0.250061 -0.216377
v 0.498947 -0.268228 -0.127166
v 0.491668 -0.317251 -0.222791
v 0.536047 -0.254382 -0.329866
v 0.463939 -0.254513 -0.330070
v 0.434194 -0.260137 0.010191
v 0.627522 -0.039366 -0.338824
v 0.500919 -0.244464 -0.250599
v 0.728506 -0.167265 -0.123541
v 0.373699 -0.065024 -0.356187
v 0.299805 -0.343771 -0.311611
v 0.321105 -0.384226 -0.397735
v 0.338149 -0.420574 -0.324578
v 0.329681 -0.408437 -0.371150
v 0.303552 -0.301907 -0.401050
v 0.350436 -0.426749 -0.262373
v 0.315629 -0.373837 -0.265104
v 0.358024 -0.434111 -0.400935
v 0.418874 -0.221882 -0.396924
v 0.409665 -0.479356 -0.336508
v 0.415079 -0.456951 -0.397996
v 0.467805 -0.403056 -0.256195
v 0.385706 -0.457570 -0.263932
v 0.428437 -0.351708 -0.362796
v 0.410611 -0.323678 -0.389705
v 0.434586 -0.261989 -0.359716
v 0.410793 -0.363638 -0.265174
v 0.455225 -0.483725 -0.401402
v 0.445347 -0.483420 -0.264113
v 0.423677 -0.478892 -0.267206
v 0.453653 -0.321405 -0.268561
v 0.488010 -0.493322 -0.345408
v 0.494164 -0.350012 -0.254058
v 0.508559 -0.317459 -0.354246
v 0.488040 -0.490754 -0.266036
v 0.486623 -0.305830 -0.399690
v 0.485623 -0.387407 -0.362383
v 0.436115 -0.316400 -0.293968
v 0.490297 -0.359984 -0.330732
v 0.600598 -0.463307 -0.401240
v 0.509023 -0.366370 -0.292873
v 0.401478 -0.403507 -0.408249
v 0.534705 -0.486652 -0.262442
v 0.497782 -0.487525 -0.401209
v 0.551404 -0.319855 -0.268885
v 0.625671 -0.448494 -0.262410
v 0.542349 -0.483803 -0.401231
v 0.582299 -0.480459 -0.330678
v -0.646477 0.395467 0.028108
v -0.597294 0.394466 0.224857
v -0.644989 0.409264 0.081977
v -0.641959 0.414533 0.039440
v -0.645224 0.412987 -0.005161
v -0.579856 0.358185 0.316299
v -0.607621 0.202062 0.323410
v -0.508061 0.336497 0.310901
v -0.371446 0.353902 0.328901
v -0.287712 0.376225 0.308930
v -0.602509 0.150435 0.358035
v -0.544529 0.223329 0.433870
v -0.527890 0.223213 0.467399
v -0.553962 0.341056 0.449998
v -0.352776 0.194453 0.334868
v -0.515549 0.185183 0.323049
v -0.261284 0.354633 0.322714
v -0.211740 0.358304 0.141916
v -0.221641 0.358306 -0.229724
v -0.219324 0.280242 0.270719
v -0.217346 0.292152 0.247917
v -0.215019 -0.000985 0.252894
v -0.211436 0.171012 -0.028487
v -0.214383 0.313415 0.294253
v -0.208292 0.227044 0.037450
v -0.205541 0.196136 0.069138
v -0.186671 0.228590 0.087262
v -0.180349 0.257729 0.288467
v -0.198745 0.252111 0.113695
v -0.203228 0.237325 0.051313
v -0.193253 0.311425 0.294146
v -0.192350 0.294633 0.051013
v -0.186529 0.190545 0.258347
v -0.192425 0.222123 0.161424
v -0.189935 0.154940 0.030065
v -0.194202 0.171091 0.111845
v -0.162733 0.126544 0.282568
v -0.191263 0.202091 0.122033
v -0.204962 0.200148 0.172346
v -0.173481 -0.032748 0.404944
v -0.163289 0.285114 0.367585
v -0.125518 0.440137 0.326381
v -0.158333 0.116337 0.409517
v -0.145466 0.180287 0.141703
v -0.148447 -0.000985 0.356416
v -0.152818 0.230574 0.385282
v -0.152772 0.422262 0.314689
v -0.172370 0.444295 0.318733
v -0.125888 0.494506 0.124857
v -0.146955 0.178912 0.344906
v -0.136342 0.325057 0.282842
v -0.151403 0.225497 0.240829
v -0.097617 0.178517 0.335408
v -0.125898 0.494535 -0.126480
v -0.107970 0.276517 0.332728
v -0.093458 0.203151 0.134157
v -0.100368 0.336591 0.248794
v -0.135549 0.337118 0.183743
v -0.129166 0.278259 0.119763
v -0.101157 0.139397 0.190723
v -0.092388 0.275339 0.230578
v -0.096952 0.281853 0.130591
v 0.131724 0.169819 0.347423
v -0.099364 0.195378 0.286793
v -0.093172 0.203514 0.244434
v -0.295622 0.092641 0.357868
v -0.209678 -0.092227 0.072651
v -0.209187 -0.014900 0.217908
v -0.207352 -0.029591 0.017487
v -0.197824 -0.143963 0.131515
v -0.205032 -0.010725 0.287475
v -0.195432 -0.100817 0.235978
v -0.185687 0.121933 0.279287
v -0.182308 -0.063748 0.195100
v -0.183843 0.008759 0.215360
v -0.180825 -0.047842 0.110072
v -0.162652 -0.066302 0.204793
v -0.153453 -0.076215 0.238164
v -0.125440 0.234246 0.405026
v -0.140169 0.001428 0.409559
v -0.176838 -0.088967 0.353082
v -0.174380 -0.141052 0.116579
v -0.174212 -0.035958 0.068700
v -0.188396 -0.153668 0.202496
v -0.151872 -0.036815 0.180712
v -0.153023 0.115416 0.294244
v -0.152878 0.166560 0.357119
v -0.147868 -0.034527 0.341020
v -0.147660 -0.152875 0.057901
v -0.138831 0.143205 0.187615
v -0.035865 -0.128984 0.139334
v -0.121508 -0.088712 0.354615
v -0.138899 0.003076 0.119724
v -0.096629 -0.007861 0.106851
v -0.125584 -0.056138 0.210246
v -0.120196 -0.031434 0.378049
v -0.153413 -0.045178 0.187496
v -0.094467 -0.042570 0.106601
v -0.180754 -0.188727 0.158533
v -0.097056 -0.039877 0.179798
v -0.056031 -0.055214 0.119996
v -0.140044 -0.196560 0.072682
v -0.112773 -0.086814 0.208058
v 0.030734 -0.151755 0.126186
v 0.090213 -0.159322 0.300609
v 0.088477 -0.190061 0.325123
v -0.035115 -0.135175 -0.050936
v 0.094653 -0.008204 0.332313
v -0.098108 -0.174151 0.039003
v 0.022352 -0.134775 0.149679
v 0.049860 -0.175419 0.183604
v 0.099579 -0.192942 0.068954
v 0.285988 -0.167305 0.125549
v -0.018668 -0.086986 0.133408
v -0.424519 -0.132705 0.347248
v -0.372215 -0.220774 0.279790
v -0.369948 -0.180176 0.245830
v -0.374614 -0.164291 0.184720
v -0.379537 -0.179302 0.148852
v -0.340299 -0.187038 0.172319
v -0.352898 -0.153477 0.161977
v -0.267152 -0.198347 0.178491
v -0.259776 -0.180548 0.247257
v -0.282339 -0.101714 0.348135
v -0.257786 -0.282179 0.245581
v -0.247083 -0.132646 0.323459
v -0.360595 -0.216114 0.157838
v -0.266063 -0.253858 0.175082
v -0.369639 -0.283978 0.209742
v -0.372390 -0.274863 0.256107
v -0.259975 -0.158701 0.127650
v -0.278665 -0.195126 0.127646
v -0.281903 -0.160741 0.164710
v -0.262977 -0.165197 0.175004
v -0.268359 -0.232738 0.219856
v -0.251961 0.110822 0.348851
v -0.258481 -0.226684 0.279967
v -0.237489 -0.141715 0.091028
v -0.179913 -0.244368 0.157723
v -0.227557 -0.272332 0.199715
v -0.241863 -0.300218 0.280753
v -0.191044 -0.263377 0.325294
v -0.226243 -0.207200 0.330622
v -0.231573 -0.143769 0.246804
v -0.212607 -0.070463 0.225404
v -0.160614 -0.136435 0.141812
v -0.251195 -0.297692 0.375870
v -0.250671 -0.322644 0.292956
v -0.798279 -0.220199 0.122822
v -0.161371 -0.234905 0.090200
v 0.047361 -0.266689 0.323832
v -0.572540 0.400835 -0.217535
v -0.362375 0.353790 -0.332474
v -0.500854 0.336580 -0.313513
v -0.545111 0.226793 -0.431959
v -0.547239 0.335659 -0.429657
v -0.528249 0.223234 -0.469604
v -0.524522 0.185137 -0.325576
v -0.291858 0.387497 -0.287272
v -0.356427 0.204294 -0.336472
v -0.285150 0.392033 0.258635
v -0.251711 0.356807 -0.318960
v -0.245287 0.109418 -0.347310
v -0.217390 0.122755 -0.274145
v -0.210304 0.293418 -0.107100
v -0.217629 0.265018 -0.221371
v -0.219236 0.293938 -0.210207
v -0.209526 0.187810 -0.137199
v -0.206999 0.268487 -0.094689
v -0.212566 0.315150 -0.290863
v -0.191667 0.309373 -0.297893
v -0.186397 0.115830 -0.284194
v -0.203386 0.242710 -0.136026
v -0.186555 0.235012 -0.098169
v -0.178686 0.210181 -0.074109
v -0.183749 0.241164 -0.058923
v -0.166484 0.209408 -0.242831
v -0.204763 0.220567 -0.105436
v -0.188444 0.214247 -0.181722
v -0.201671 0.220382 -0.020929
v -0.179703 0.243035 -0.014527
v -0.186951 0.176144 0.075830
v -0.128771 0.233830 -0.407455
v -0.170579 0.169060 -0.180871
v -0.165559 0.161878 -0.065168
v -0.163012 0.126433 -0.282297
v -0.172897 0.438271 -0.331168
v -0.173235 0.494554 -0.130914
v -0.173125 0.494932 0.121618
v -0.146093 0.196443 -0.379971
v -0.152835 -0.014326 -0.386813
v -0.152518 0.473313 0.127452
v -0.148635 0.250386 -0.246371
v -0.153108 0.121923 -0.297193
v -0.095436 0.179207 -0.331179
v -0.136384 0.338326 -0.239971
v -0.125461 0.426972 -0.340646
v -0.142880 0.109973 -0.411389
v -0.106667 0.288430 -0.325875
v -0.110375 0.192709 -0.107754
v -0.139883 0.176836 -0.144034
v -0.094770 0.219530 -0.133071
v -0.128520 0.197976 -0.039515
v -0.137213 0.166782 -0.001249
v -0.107229 0.340212 -0.200742
v -0.137369 0.262153 -0.336156
v -0.090781 0.140345 0.018993
v -0.093986 0.211375 -0.249159
v -0.105125 0.192273 -0.016807
v -0.082955 0.079029 -0.097682
v -0.106049 0.140934 -0.180500
v -0.152958 -0.047388 -0.183399
v -0.130151 0.313730 -0.145303
v -0.096719 0.239322 -0.201427
v -0.093391 0.256824 -0.249870
v -0.146333 0.178998 -0.338094
v -0.218128 0.287914 -0.268821
v -0.152428 0.410359 -0.326857
v -0.213068 -0.037385 -0.139908
v -0.209964 -0.012686 -0.202160
v -0.191294 -0.018737 -0.158539
v -0.211967 -0.055674 0.075056
v -0.197378 -0.002162 -0.127993
v -0.207171 -0.053676 -0.076931
v -0.120574 -0.184562 0.007314
v -0.185144 -0.024790 -0.092981
v -0.208906 -0.021544 -0.120687
v -0.184115 -0.078044 -0.228213
v -0.179617 -0.044093 -0.018378
v -0.166772 0.008575 -0.163138
v -0.179257 -0.070992 -0.206495
v -0.153451 -0.076413 -0.226289
v -0.148983 -0.054652 -0.131216
v -0.149038 -0.158465 -0.052508
v -0.142374 -0.192024 -0.049657
v -0.133605 -0.012046 -0.022005
v -0.123373 0.063796 0.042192
v -0.126055 -0.054375 -0.123206
v -0.799486 -0.222940 -0.117250
v -0.153543 -0.082600 -0.124097
v -0.126072 -0.054761 0.121249
v -0.098390 -0.131355 -0.040122
v -0.108585 -0.141560 -0.069432
v -0.120801 -0.230155 0.024734
v -0.053236 -0.228038 0.026306
v -0.097672 -0.015533 -0.012190
v -0.087150 0.075046 -0.047455
v -0.121924 -0.209377 -0.030118
v -0.121413 -0.243546 -0.008638
v -0.192025 -0.137850 -0.143798
v -0.018656 -0.088127 -0.137018
v 0.084822 -0.151462 -0.059032
v -0.055778 -0.055723 -0.121751
v -0.020442 -0.132368 0.043359
v 0.002970 -0.054456 0.120839
v -0.116536 -0.087024 -0.211182
v 0.092521 -0.058130 -0.212125
v -0.195034 -0.101625 -0.158580
v -0.192564 -0.057089 0.071146
v -0.250177 -0.134501 -0.329593
v -0.285076 -0.098295 -0.353786
v -0.412366 -0.135724 -0.347369
v -0.370940 -0.184370 -0.200103
v -0.259640 -0.182127 -0.252869
v -0.366681 -0.285356 -0.214697
v -0.259689 -0.283927 -0.211105
v -0.365243 -0.249711 -0.163611
v -0.256818 -0.265743 -0.269525
v -0.372856 -0.241020 -0.281933
v -0.286504 -0.189612 -0.171014
v -0.284561 -0.162609 -0.184632
v -0.256278 -0.165302 -0.187115
v -0.268158 -0.242333 -0.168174
v -0.268251 -0.230260 -0.221685
v -0.248676 -0.284025 -0.233609
v -0.226693 -0.252113 -0.324621
v -0.210553 -0.100454 -0.240022
v -0.188203 -0.243692 -0.166450
v -0.225517 -0.235425 -0.181990
v -0.187811 -0.164675 -0.180806
v -0.189085 -0.145249 -0.294157
v -0.229921 -0.166706 -0.199051
v -0.209315 -0.000925 -0.295122
v -0.162795 0.045346 -0.235775
v -0.175282 -0.089003 -0.356531
v -0.168868 -0.295061 -0.289679
v -0.242308 -0.312457 -0.280249
v -0.237186 -0.137322 -0.123897
v -0.173490 -0.033109 -0.406772
v -0.173255 0.234434 -0.406790
v -0.187736 -0.153094 -0.135461
v -0.121462 -0.088784 -0.356626
v -0.236844 -0.309105 -0.299606
v -0.125863 -0.031542 -0.398713
v -0.125573 -0.055972 -0.212140
v -0.251275 -0.299198 -0.377706
v -0.183804 -0.216743 -0.342249
v 0.049934 -0.301434 -0.244196
v 0.040080 -0.238070 -0.157806
v -0.144703 -0.033415 -0.342134
v -0.168174 -0.181077 -0.180714
v -0.797195 -0.347748 0.391754
v -0.797489 -0.352732 0.314705
v -0.801431 -0.253525 0.362561
v -0.777730 -0.200587 0.325008
v -0.784103 -0.232361 0.392158
v -0.773312 -0.412716 0.313819
v -0.733849 -0.180490 0.291410
v -0.799213 -0.333940 0.287774
v -0.801162 -0.291290 0.287807
v -0.754248 -0.426493 0.392946
v -0.799349 -0.301673 0.391481
v -0.719599 -0.465160 0.365224
v -0.727692 -0.350219 0.388924
v -0.693268 -0.255498 0.373759
v -0.701121 -0.465579 0.392048
v -0.632533 -0.190506 0.389166
v -0.760064 -0.191095 0.389757
v -0.659638 -0.415044 0.388980
v -0.724122 -0.456169 0.287515
v -0.699842 -0.470330 0.289037
v -0.643767 -0.369967 0.329372
v -0.701470 -0.309276 0.379517
v -0.664793 -0.363353 0.392035
v -0.670865 -0.311651 0.407382
v -0.631802 -0.219047 0.375545
v -0.612760 -0.487939 0.392037
v -0.691921 -0.362455 0.294053
v -0.636471 -0.487461 0.287406
v -0.627830 -0.403198 0.292283
v -0.678891 -0.323898 0.307171
v -0.628744 -0.290371 0.387052
v -0.676087 -0.273719 0.329197
v -0.638299 -0.247006 0.305475
v -0.658932 -0.308666 0.258721
v -0.546016 -0.369228 0.375591
v -0.632747 -0.284104 0.194919
v -0.621207 -0.344458 0.207469
v -0.631884 -0.494634 0.362083
v -0.592358 -0.258098 0.407522
v -0.630744 -0.360256 0.408607
v -0.535902 -0.355679 0.300700
v -0.591540 -0.487650 0.287325
v -0.547615 -0.320358 0.327840
v -0.607675 -0.395098 0.376548
v -0.574718 -0.246794 0.314837
v -0.642056 -0.340180 0.258977
v -0.578334 -0.306540 0.258824
v -0.553366 -0.479844 0.367647
v -0.596479 -0.290592 0.289059
v -0.594961 -0.340091 0.246932
v -0.621827 -0.356009 0.292906
v -0.563208 -0.330414 0.408088
v -0.536755 -0.259625 0.373444
v -0.539536 -0.480276 0.321147
v -0.548424 -0.478789 0.287616
v -0.585287 -0.485660 0.391920
v -0.500298 -0.453382 0.391996
v -0.524239 -0.256165 0.295531
v -0.552909 -0.328110 0.308639
v -0.445941 -0.390121 0.392164
v -0.453789 -0.405458 0.287747
v -0.506716 -0.457558 0.287446
v -0.434173 -0.250798 0.391461
v -0.449681 -0.215267 0.391904
v -0.429990 -0.352220 0.391757
v -0.426079 -0.291117 0.391956
v -0.505735 -0.258209 0.388973
v -0.793133 -0.248429 0.289192
v -0.680399 -0.230513 0.298954
v -0.723016 -0.149709 0.358206
v -0.682188 -0.134982 0.289359
v -0.683256 -0.130213 0.313863
v -0.603333 -0.196459 0.291467
v -0.663710 -0.131083 0.391792
v -0.627279 -0.375425 0.024405
v -0.701001 -0.284293 0.011414
v -0.656291 -0.289483 0.075557
v -0.692627 -0.306628 0.069222
v -0.627363 -0.122100 0.207466
v -0.718569 -0.127964 0.198192
v -0.619619 -0.124846 0.287361
v -0.681907 -0.349603 0.011339
v -0.618428 -0.124437 0.390817
v -0.656858 -0.252590 0.065315
v -0.658996 -0.310208 0.124877
v -0.631552 -0.325479 0.217048
v -0.646978 -0.286077 0.221226
v -0.639478 -0.264547 0.242766
v -0.511167 -0.154467 0.391777
v -0.600335 -0.255633 0.073805
v -0.587320 -0.238721 -0.020669
v -0.596141 -0.134241 0.226284
v -0.597803 -0.327013 0.204063
v -0.590947 -0.125572 0.287535
v -0.635306 -0.231132 0.235636
v -0.575723 -0.127284 0.391841
v -0.605614 -0.290074 0.242546
v -0.606211 -0.282486 0.115230
v -0.619469 -0.240477 0.198009
v -0.611184 -0.237139 0.246952
v -0.587508 -0.281290 0.195269
v -0.702575 -0.050191 0.391058
v -0.618384 -0.124789 0.250742
v -0.557283 -0.125989 0.324747
v -0.518438 -0.016939 0.353941
v -0.615543 -0.355113 0.072131
v -0.605576 -0.329021 0.124750
v -0.569449 -0.256822 0.016306
v -0.711097 -0.055491 0.264533
v -0.509028 -0.153285 0.289207
v -0.532148 -0.136119 0.365996
v -0.542499 -0.300900 0.013036
v -0.564704 -0.315408 0.067789
v -0.361969 -0.174741 0.120266
v -0.508959 -0.057517 0.270080
v -0.475467 -0.179926 0.390105
v -0.472366 -0.182309 0.289225
v -0.516235 -0.050849 0.389994
v -0.726498 -0.129705 0.128349
v -0.441212 -0.231117 0.287410
v -0.376573 -0.347073 0.242637
v -0.429090 -0.259372 0.314136
v -0.457688 -0.110276 0.382702
v -0.371211 -0.350102 0.407288
v -0.433810 -0.365920 0.289248
v -0.425965 -0.303250 0.287553
v -0.254746 -0.205594 0.088914
v -0.451089 -0.131356 0.260758
v -0.886677 0.117332 0.308424
v -0.912536 0.056899 0.236916
v -0.881557 0.081546 0.327536
v -0.832396 0.082707 0.348876
v -0.733652 0.155804 0.339448
v -0.782005 0.170719 0.007256
v -0.762441 -0.014096 0.355997
v -0.707656 -0.009384 0.377459
v -0.725027 0.176524 0.151148
v -0.718831 0.231534 0.014923
v -0.734828 0.042112 0.350327
v -0.717741 0.026795 0.393172
v -0.692517 0.040373 0.395148
v -0.645948 0.002432 0.350579
v -0.607392 0.356521 0.303137
v -0.661603 0.185439 0.332138
v -0.949145 -0.140980 0.215010
v -0.936607 -0.145893 0.399332
v -0.918343 -0.120569 0.204172
v -0.941614 -0.194426 0.393634
v -0.903866 -0.192808 0.400832
v -0.904254 -0.192365 0.260720
v -0.902071 -0.141322 0.397507
v -0.918537 0.059501 0.096539
v -0.918465 0.060030 0.049483
v -0.901686 -0.040826 0.008125
v -0.918742 -0.096637 0.079517
v -0.919213 -0.101815 0.003987
v -0.918701 -0.104076 -0.032590
v -0.918430 -0.094750 0.246183
v -0.917732 -0.031364 0.285389
v -0.918737 -0.058749 0.115817
v -0.918712 0.061288 -0.008091
v -0.918709 -0.101836 0.049123
v -0.901935 -0.102545 -0.034006
v -0.900527 0.065555 0.026475
v -0.918593 -0.062980 -0.008168
v -0.901412 -0.002623 0.005501
v -0.887388 -0.096390 0.275981
v -0.918662 0.001367 0.075505
v -0.918742 -0.037769 0.096242
v -0.919592 -0.039171 0.045906
v -0.918587 -0.000525 0.006498
v -0.891681 0.010537 0.089615
v -0.914154 0.123979 -0.030535
v -0.914223 0.097692 0.150855
v -0.917181 -0.058226 0.219778
v -0.890344 -0.022363 0.281826
v -0.902440 -0.130956 0.203969
v -0.918571 0.022331 0.123954
v -0.893383 -0.233061 0.023580
v -0.888090 0.141086 0.157349
v -0.901259 -0.175686 0.212954
v -0.891601 -0.116196 0.133582
v -0.891604 0.071064 0.131644
v -0.893745 -0.232992 0.072114
v -0.897948 -0.071235 0.220004
v -0.905640 -0.167636 0.121766
v -0.880981 -0.170732 0.128166
v -0.889083 0.086172 -0.152992
v -0.906081 -0.128114 0.156824
v -0.857191 -0.234450 0.042072
v -0.877208 -0.193997 0.012679
v -0.872926 -0.202290 0.051436
v -0.891842 -0.179033 0.298047
v -0.898517 -0.198076 -0.017948
v -0.872871 -0.194542 0.086311
v -0.792654 -0.169354 0.127695
v -0.782449 -0.205632 0.070368
v -0.819671 -0.237550 0.051154
v -0.784859 -0.220965 0.020336
v -0.852902 -0.165691 0.379769
v -0.791170 -0.174703 0.260341
v -0.799719 -0.262520 0.103026
v -0.772765 -0.261059 0.092200
v -0.791404 -0.239993 0.089895
v -0.750779 -0.239017 0.054004
v -0.773250 -0.255880 0.031992
v -0.789582 -0.265800 0.067202
v -0.838204 -0.222403 0.049823
v -0.612206 -0.194516 0.088416
v -0.635306 -0.092754 0.233109
v -0.904076 0.056516 -0.237686
v -0.891409 0.129373 -0.273432
v -0.888772 0.087549 -0.319430
v -0.897203 0.154771 -0.028530
v -0.843682 0.148662 -0.322224
v -0.738090 0.159017 -0.319470
v -0.721163 0.023706 -0.391404
v -0.734419 0.036098 -0.357558
v -0.689394 0.042628 -0.393538
v -0.604610 0.150022 -0.359938
v -0.681811 0.348417 0.012198
v -0.736466 0.178407 -0.069508
v -0.668876 0.029743 -0.361226
v -0.668144 0.375863 -0.122737
v -0.672194 0.373130 0.095665
v -0.640833 0.398202 -0.030403
v -0.641468 0.412757 -0.087824
v -0.610451 0.365824 -0.301967
v -0.581257 0.359778 -0.318271
v -0.670423 0.180973 -0.331014
v -0.607543 0.202226 -0.324821
v -0.677619 0.001792 -0.362739
v -0.937704 -0.141976 -0.399116
v -0.903931 -0.139529 -0.398872
v -0.943239 -0.194350 -0.389497
v -0.918365 -0.096585 -0.260691
v -0.918660 -0.061119 -0.126006
v -0.919368 -0.061018 -0.036127
v -0.901263 -0.104837 -0.098405
v -0.912691 -0.126869 -0.157510
v -0.918543 0.064052 -0.101825
v -0.918506 0.003179 -0.073444
v -0.917327 -0.035709 -0.229558
v -0.918529 -0.061390 -0.298666
v -0.901163 0.001451 -0.126216
v -0.896653 -0.075082 -0.222456
v -0.894452 -0.019503 -0.245717
v -0.914230 -0.134604 -0.217911
v -0.917513 -0.067361 -0.098334
v -0.917720 0.062437 -0.053387
v -0.886877 -0.091351 -0.284561
v -0.900395 0.023467 -0.034425
v -0.901930 -0.192759 -0.401351
v -0.910696 0.084898 -0.142841
v -0.852453 0.080204 -0.346382
v -0.901095 -0.153357 0.013600
v -0.884075 -0.134106 -0.209366
v -0.906374 -0.192243 -0.311094
v -0.888704 0.012732 -0.094209
v -0.888915 -0.043493 -0.297916
v -0.849603 -0.177533 -0.384940
v -0.872163 -0.212333 -0.034677
v -0.871186 -0.192900 -0.086751
v -0.835841 -0.225853 -0.051470
v -0.893440 -0.231946 -0.025972
v -0.757593 -0.020093 -0.375314
v -0.893611 -0.233015 -0.074159
v -0.899060 -0.176711 -0.214934
v -0.799533 -0.199942 -0.090970
v -0.789546 -0.265362 -0.065340
v -0.777501 -0.256991 -0.033873
v -0.796904 -0.176891 -0.391518
v -0.785994 -0.169229 -0.265580
v -0.767126 -0.220728 -0.033403
v -0.709723 -0.052853 -0.392568
v -0.761336 -0.216770 -0.063421
v -0.719383 -0.127971 -0.201358
v -0.726209 -0.129883 -0.130124
v -0.716186 -0.057699 -0.272557
v -0.901099 -0.043103 -0.104067
v -0.800270 -0.173325 -0.131553
v -0.682649 -0.254285 -0.017126
v -0.691678 -0.303050 -0.073763
v -0.666297 -0.336559 -0.038351
v -0.631886 -0.372185 -0.036541
v -0.615161 -0.192411 -0.089935
v -0.654324 -0.308908 -0.106443
v -0.599923 -0.250573 -0.068516
v -0.626506 -0.141896 -0.211796
v -0.595725 -0.321752 -0.126721
v -0.602063 -0.234225 -0.235884
v -0.633260 -0.091385 -0.237470
v -0.475448 -0.132703 -0.198636
v -0.611389 -0.182479 -0.243175
v -0.634046 -0.119673 -0.358444
v -0.626212 -0.358915 -0.075050
v -0.596128 -0.122211 -0.241642
v -0.604797 -0.123429 -0.212150
v -0.560822 -0.302523 -0.066898
v -0.608906 -0.283898 -0.126598
v -0.429904 -0.259967 -0.289738
v -0.615576 -0.052669 -0.266863
v -0.508594 -0.057534 -0.270792
v -0.568913 -0.322936 0.035972
v -0.562880 -0.288623 -0.015620
v -0.575949 -0.127073 -0.393646
v -0.560850 -0.299642 -0.029200
v -0.547893 -0.133497 -0.292609
v -0.531878 -0.278519 -0.032394
v -0.548240 -0.135188 -0.393342
v -0.497808 -0.151618 -0.345959
v -0.507544 -0.155087 -0.289691
v -0.472908 -0.182284 -0.291286
v -0.444304 -0.132072 -0.262483
v -0.526129 -0.365251 -0.295213
v -0.502832 -0.046832 -0.391247
v -0.438196 -0.233833 -0.292937
v -0.449691 -0.215226 -0.393700
v -0.366242 0.085251 -0.369795
v -0.500685 -0.014888 -0.354266
v -0.457208 -0.110869 -0.383889
v -0.376466 -0.347264 -0.244495
v -0.371576 -0.348751 -0.409423
v -0.371931 -0.225442 -0.214439
v -0.381712 -0.165439 -0.131437
v -0.341844 -0.178813 -0.175607
v -0.371721 -0.280178 -0.249747
v -0.574318 -0.127439 -0.289547
v -0.803521 -0.262554 -0.334033
v -0.799896 -0.321587 -0.393808
v -0.791534 -0.365762 -0.393435
v -0.801292 -0.289793 -0.291230
v -0.793341 -0.248219 -0.291240
v -0.775151 -0.204730 -0.313428
v -0.801291 -0.261227 -0.105397
v -0.773386 -0.255904 -0.110259
v -0.787925 -0.374919 -0.289484
v -0.797610 -0.278188 -0.393842
v -0.734870 -0.329576 -0.391037
v -0.708950 -0.140565 -0.317439
v -0.736688 -0.162985 -0.371769
v -0.784365 -0.231009 -0.394160
v -0.759983 -0.190948 -0.391635
v -0.682937 -0.232077 -0.299491
v -0.698190 -0.157162 -0.389288
v -0.636226 -0.125276 -0.393884
v -0.715305 -0.240476 -0.390883
v -0.678166 -0.333257 -0.330893
v -0.670863 -0.339428 -0.307370
v -0.709467 -0.286168 -0.377836
v -0.634555 -0.302836 -0.389207
v -0.721607 -0.156313 -0.289590
v -0.618593 -0.125112 -0.289352
v -0.662560 -0.127907 -0.291715
v -0.616909 -0.217632 -0.306312
v -0.592726 -0.204294 -0.387117
v -0.609448 -0.246261 -0.214697
v -0.645837 -0.286690 -0.222702
v -0.670255 -0.264171 -0.329425
v -0.674014 -0.237503 -0.375654
v -0.636931 -0.233523 -0.232437
v -0.510145 -0.153314 -0.393296
v -0.799372 -0.333674 -0.289575
v -0.772038 -0.405235 -0.393839
v -0.751230 -0.440379 -0.340036
v -0.768271 -0.412869 -0.290494
v -0.754736 -0.426272 -0.393858
v -0.675058 -0.477743 -0.394990
v -0.719047 -0.458019 -0.393759
v -0.736879 -0.446509 -0.289811
v -0.682653 -0.477362 -0.289659
v -0.587360 -0.424407 -0.285396
v -0.694929 -0.358822 -0.295316
v -0.627570 -0.359724 -0.409711
v -0.655987 -0.391395 -0.377989
v -0.618009 -0.304439 -0.416518
v -0.629499 -0.371252 -0.308758
v -0.607417 -0.331171 -0.291684
v -0.637206 -0.264567 -0.244546
v -0.641006 -0.293403 -0.289505
v -0.647116 -0.337040 -0.259483
v -0.617866 -0.338234 -0.220850
v -0.641615 -0.336887 -0.118356
v -0.640381 -0.299665 -0.196677
v -0.610540 -0.488972 -0.289402
v -0.613644 -0.488894 -0.393376
v -0.646784 -0.335120 -0.191656
v -0.600188 -0.301580 -0.198152
v -0.609509 -0.291842 -0.242674
v -0.596075 -0.272954 -0.213069
v -0.548834 -0.307681 -0.310817
v -0.585468 -0.485806 -0.393829
v -0.588018 -0.333445 -0.196979
v -0.568260 -0.280847 -0.409155
v -0.595214 -0.298152 -0.288082
v -0.623318 -0.257719 -0.294138
v -0.592948 -0.337859 -0.260252
v -0.582774 -0.394308 -0.378249
v -0.550876 -0.327854 -0.330885
v -0.582513 -0.493055 -0.334861
v -0.645597 -0.419795 -0.391229
v -0.519887 -0.314782 -0.377878
v -0.534436 -0.228215 -0.393044
v -0.464818 -0.195201 -0.393685
v -0.563280 -0.231435 -0.375707
v -0.565272 -0.252751 -0.326463
v -0.485328 -0.441980 -0.291041
v -0.574908 -0.353889 -0.405761
v -0.521165 -0.469196 -0.292740
v -0.523134 -0.468177 -0.393819
v -0.482849 -0.447531 -0.361413
v -0.425742 -0.321568 -0.289554
v -0.524867 -0.257552 -0.298057
v -0.430206 -0.352470 -0.393538
v -0.468362 -0.426435 -0.391926
v -0.453755 -0.405978 -0.289779
v -0.425742 -0.290942 -0.393915
v -0.433186 -0.251915 -0.393543
v -0.422398 -0.281821 -0.373512
vn -0.9011 0.4336 -0.0036
vn -0.1537 -0.8215 -0.5492
vn -0.6857 -0.6138 0.3913
vn -0.9946 0.1017 -0.0187
vn -0.2550 0.6172 -0.7443
vn 0.5052 0.8578 -0.0945
vn -0.6146 0.5634 0.5521
vn 0.5654 0.6114 -0.5536
vn 0.2996 0.9530 0.0451
vn 0.5371 -0.5689 -0.6228
vn -0.0143 -0.9997 -0.0191
vn 0.7826 -0.6221 0.0247
vn 0.5357 -0.4989 0.6813
vn 0.7864 -0.6171 -0.0279
vn -0.9996 0.0217 -0.0173
vn -0.9999 0.0101 0.0136
vn 0.6050 0.5860 0.5390
vn -0.9765 -0.1296 0.1720
vn -0.9999 0.0114 -0.0014
vn 0.6626 -0.2569 0.7035
vn -0.8451 0.0511 -0.5322
vn -0.8666 -0.0201 -0.4986
vn -0.9850 -0.0694 0.1578
vn -0.9746 0.1943 0.1113
vn -0.9396 -0.1501 -0.3075
vn -0.6641 -0.7229 -0.1908
vn -0.7120 -0.6696 -0.2114
vn -0.7747 0.2146 -0.5948
vn -0.5723 -0.7545 0.3212
vn -0.9014 -0.4001 0.1657
vn -0.9998 -0.0210 -0.0042
vn -1.0000 0.0028 -0.0012
vn -0.9081 -0.0204 0.4182
vn -0.8343 0.5455 -0.0805
vn -0.6099 0.7739 -0.1705
vn -0.9871 -0.1592 -0.0182
vn -0.9908 0.0661 -0.1181
vn -0.8926 -0.3866 -0.2320
vn -0.6208 0.7132 -0.3255
vn -0.9374 -0.3477 0.0183
vn -0.9968 -0.0745 0.0278
vn -0.6376 0.7560 -0.1479
vn -0.5383 -0.1926 0.8205
vn -0.9422 -0.2104 0.2606
vn -0.7461 -0.6655 0.0206
vn -0.7986 0.5791 0.1637
vn -0.8500 0.3584 0.3861
vn -0.7601 0.6476 0.0533
vn -0.8232 0.5677 0.0019
vn -0.6633 -0.7483 0.0102
vn -0.8862 -0.4321 -0.1669
vn -0.9530 -0.1576 -0.2587
vn -0.2152 0.9747 -0.0602
vn 0.7900 0.3635 0.4938
vn 0.3975 -0.8990 0.1836
vn -0.6467 -0.3961 0.6519
vn -0.0958 0.9935 -0.0620
vn 0.8878 0.3159 -0.3347
vn 0.6601 0.7402 -0.1279
vn -0.6376 0.7560 -0.1478
vn 0.2366 -0.9715 -0.0113
vn -0.6706 0.6991 -0.2481
vn -0.9423 0.2513 -0.2212
vn -0.5805 0.7461 -0.3262
vn -0.3654 -0.6835 -0.6319
vn 0.2765 0.9598 0.0476
vn -0.6071 0.2669 -0.7485
vn 0.7934 -0.3618 -0.4895
vn 0.4284 0.0206 -0.9033
vn 0.2661 -0.9554 0.1282
vn 0.2630 -0.9574 0.1194
vn 0.3055 -0.9497 0.0693
vn -0.7742 0.3674 -0.5154
vn -0.0193 0.2956 -0.9551
vn -0.0195 0.2942 -0.9555
vn -0.0192 0.2957 -0.9551
vn 0.7990 0.3976 -0.4511
vn -0.8772 -0.4802 -0.0067
vn 0.3524 0.3177 -0.8803
vn -0.9052 -0.1137 -0.4095
vn -0.0286 0.2285 -0.9731
vn -0.0271 0.2285 -0.9732
vn -0.0301 0.2290 -0.9730
vn 0.4456 -0.8652 0.2297
vn 0.4594 -0.8508 0.2550
vn 0.4449 -0.8623 0.2418
vn -0.7994 0.1911 0.5697
vn 0.0844 0.2307 0.9694
vn 0.0935 0.2594 0.9612
vn 0.0843 0.2291 0.9698
vn -0.7535 -0.2891 0.5905
vn 0.0764 0.0828 0.9936
vn 0.4443 0.3788 0.8119
vn 0.9436 -0.0941 0.3174
vn 0.1518 -0.0718 0.9858
vn -0.5277 0.3985 0.7501
vn -0.3332 0.8716 -0.3596
vn -0.0883 0.9954 -0.0371
vn -0.0945 0.9949 -0.0359
vn -0.0939 0.9949 -0.0364
vn -0.9992 0.0304 0.0277
vn -0.9897 -0.0621 0.1293
vn -0.9703 0.0651 -0.2330
vn -0.4826 0.2914 -0.8260
vn -0.9883 -0.0200 0.1510
vn 0.0661 0.0679 0.9955
vn 0.0393 0.0868 0.9954
vn 0.0677 0.0676 0.9954
vn 0.8152 -0.5758 -0.0630
vn -0.8456 -0.3702 -0.3846
vn 0.7276 -0.0522 -0.6840
vn -0.6675 0.1891 0.7202
vn -0.9999 -0.0058 0.0111
vn 0.0193 -0.4197 0.9075
vn -0.0465 0.9819 0.1836
vn 0.9890 -0.1204 0.0855
vn 0.9581 -0.2683 -0.1002
vn 0.8724 -0.2780 0.4021
vn -0.8651 0.3625 -0.3467
vn -0.8700 -0.1346 0.4743
vn -0.9817 0.0210 -0.1893
vn 0.2090 0.0888 0.9739
vn -0.9758 0.2164 -0.0313
vn -0.8721 0.4893 -0.0023
vn -0.8724 0.4889 0.0011
vn -0.8642 0.5032 -0.0026
vn -0.9271 -0.3092 0.2117
vn -0.5879 0.8090 -0.0019
vn -0.3559 -0.5395 -0.7631
vn 0.3528 -0.9338 -0.0592
vn 0.8585 0.0392 0.5112
vn 0.8516 0.0946 0.5156
vn 0.8543 -0.0250 0.5191
vn -0.7140 -0.5508 -0.4323
vn 0.3257 -0.4205 -0.8468
vn 0.0574 0.5627 -0.8247
vn 0.6234 0.7652 0.1605
vn -0.9998 -0.0011 -0.0214
vn 0.4591 0.6686 -0.5850
vn 0.3663 -0.8844 0.2893
vn 0.9190 -0.3906 0.0533
vn 0.9016 -0.4295 -0.0522
vn 0.9092 -0.4159 -0.0208
vn -0.9769 0.1167 -0.1792
vn -0.7459 0.2551 0.6152
vn -0.7093 0.5510 0.4397
vn -0.9968 0.0282 0.0750
vn 0.1328 0.8282 0.5445
vn 0.3644 0.3472 0.8641
vn 0.0876 -0.9379 0.3357
vn 0.1796 -0.2573 -0.9495
vn -0.7543 0.6136 -0.2335
vn -0.9872 0.1202 -0.1049
vn -0.8442 0.2377 0.4805
vn -0.9887 -0.1498 0.0068
vn 0.6186 -0.7821 -0.0754
vn 0.1607 -0.9841 -0.0752
vn -0.9393 -0.3340 0.0786
vn 0.5711 -0.8184 -0.0639
vn -0.9881 -0.1535 -0.0072
vn 0.9538 -0.1678 0.2491
vn 0.9942 -0.1000 0.0386
vn 0.8963 -0.2023 0.3947
vn 0.7656 -0.5997 0.2329
vn -0.4568 0.8831 0.1070
vn 0.9998 -0.0151 -0.0165
vn 0.9999 0.0046 -0.0131
vn 0.9160 0.2280 -0.3301
vn -0.6372 -0.4390 0.6335
vn -0.7198 -0.6931 -0.0388
vn -0.6609 -0.7245 0.1958
vn -0.6947 -0.4908 -0.5258
vn 0.3184 -0.9478 0.0170
vn 0.9669 -0.0740 0.2443
vn 0.9619 -0.1160 0.2474
vn 0.9661 -0.0873 0.2430
vn 0.7242 0.2776 0.6313
vn 0.9038 0.0257 0.4272
vn 0.8568 -0.1489 0.4936
vn 0.9025 0.0347 0.4293
vn 0.9043 0.0296 0.4258
vn 0.9037 0.0346 0.4268
vn 0.2907 -0.0099 -0.9568
vn -0.8899 0.4074 0.2051
vn 0.3772 -0.8161 -0.4379
vn 0.8514 0.5244 -0.0098
vn -0.3400 -0.9219 0.1856
vn -0.9059 -0.4019 0.1338
vn 0.0891 0.9870 0.1340
vn -0.8591 0.5043 0.0873
vn -0.9842 0.0992 -0.1466
vn -0.9712 0.1897 -0.1443
vn 0.8004 -0.3455 0.4899
vn -0.4513 -0.8030 -0.3893
vn 0.9830 -0.0126 -0.1831
vn 0.9890 0.0275 -0.1454
vn 0.9793 -0.1020 -0.1749
vn -0.9876 -0.0078 -0.1568
vn -0.9658 0.2219 -0.1342
vn -0.9935 0.0550 0.0995
vn -0.9989 -0.0428 -0.0171
vn -0.6091 -0.1501 -0.7787
vn -0.8687 0.0864 -0.4878
vn -0.8568 0.0219 -0.5152
vn -0.8371 -0.0064 -0.5469
vn -0.9595 0.0492 -0.2773
vn -0.8133 -0.0743 -0.5771
vn -0.9982 -0.0600 -0.0027
vn -0.6610 -0.4710 -0.5842
vn -0.8104 -0.3772 0.4484
vn -0.9146 0.0721 0.3979
vn -0.9866 -0.1619 -0.0179
vn -0.9997 0.0258 0.0028
vn -0.9324 0.2228 0.2844
vn -0.1997 0.9361 0.2897
vn -0.8630 -0.5048 -0.0200
vn 0.7613 -0.4464 -0.4702
vn 0.5780 -0.4030 -0.7096
vn 0.5965 -0.4352 -0.6744
vn -0.3761 -0.8806 -0.2881
vn -0.3087 0.7494 -0.5858
vn -0.6350 0.4395 -0.6353
vn -0.8510 -0.5241 0.0341
vn -0.5427 -0.2543 -0.8005
vn -0.2678 -0.5765 0.7720
vn -0.0389 -0.9992 0.0011
vn -0.1568 0.3756 0.9134
vn 0.7842 -0.6115 -0.1057
vn 0.6808 -0.7324 0.0138
vn 0.5254 -0.5308 0.6650
vn 0.8337 -0.5223 -0.1793
vn 0.5917 0.7516 0.2916
vn 0.0984 -0.9951 -0.0132
vn 0.4425 -0.8944 -0.0649
vn 0.9436 0.3298 0.0285
vn 0.2078 -0.1826 0.9610
vn 0.1873 -0.9823 0.0005
vn -0.2158 0.6890 0.6919
vn -0.4078 0.0375 -0.9123
vn 0.4564 -0.3640 -0.8119
vn -0.1704 -0.3464 0.9225
vn -0.0572 0.7135 -0.6983
vn -0.1155 -0.9933 -0.0105
vn -0.0807 0.2614 -0.9618
vn 0.1132 -0.9929 0.0377
vn -0.1069 -0.9802 0.1665
vn 0.0819 0.2565 0.9631
vn 0.5016 0.8556 0.1277
vn -0.6332 0.7583 0.1550
vn -0.2766 0.9584 0.0705
vn 0.1849 -0.6618 0.7265
vn 0.4135 -0.1508 0.8980
vn 0.5235 -0.3159 -0.7913
vn -0.1236 -0.9923 -0.0106
vn -0.0992 -0.9948 -0.0246
vn -0.6423 0.1271 0.7558
vn -0.3648 0.7762 -0.5143
vn -0.1419 -0.3888 0.9103
vn -0.1380 -0.9362 -0.3233
vn -0.1851 0.7470 -0.6385
vn 0.1109 0.9920 -0.0609
vn 0.1148 -0.9656 -0.2335
vn 0.0139 -0.9998 0.0139
vn -0.2391 -0.2106 0.9479
vn -0.3131 -0.2037 0.9276
vn -0.2468 -0.2313 0.9411
vn -0.1244 0.0791 -0.9891
vn -0.1770 0.8897 0.4209
vn -0.2564 -0.2496 0.9338
vn -0.7730 -0.6253 0.1074
vn -0.9234 0.0535 0.3800
vn -0.3937 -0.5467 -0.7390
vn -0.4501 -0.4683 -0.7604
vn -0.7112 -0.1200 0.6927
vn -0.9848 0.1722 -0.0207
vn -0.6974 -0.0686 -0.7134
vn -0.5457 -0.3766 -0.7486
vn -0.6775 0.0191 0.7352
vn -0.7075 0.0328 -0.7059
vn -0.7303 -0.1665 0.6625
vn -0.6734 -0.2284 -0.7031
vn -0.6609 0.0891 -0.7451
vn -0.7615 -0.2386 -0.6026
vn -0.9470 -0.3187 0.0394
vn -0.9737 0.2234 0.0445
vn -0.7765 0.0615 0.6271
vn -0.4960 -0.6019 -0.6258
vn -0.9471 -0.3179 -0.0444
vn -0.6151 0.7850 -0.0737
vn -0.9308 -0.3655 0.0001
vn -0.6285 0.2537 -0.7353
vn 0.3487 -0.6933 0.6307
vn 0.4268 -0.6802 0.5960
vn 0.4188 -0.6845 0.5967
vn -0.5225 -0.7528 0.4003
vn 0.4933 -0.8695 0.0253
vn 0.4277 -0.9038 0.0179
vn 0.5826 -0.8031 -0.1248
vn -0.9574 0.1484 -0.2477
vn -0.9547 0.1388 -0.2631
vn -0.6100 0.3324 0.7193
vn -0.8012 0.5956 0.0577
vn -0.7874 0.6095 -0.0927
vn -0.9988 0.0366 -0.0338
vn -0.2060 -0.8210 -0.5324
vn -0.9841 -0.0135 0.1774
vn 0.3004 -0.9436 0.1389
vn 0.7276 -0.5836 -0.3606
vn -0.5228 0.2706 0.8084
vn -0.6524 -0.3862 0.6521
vn -0.5439 0.2809 -0.7907
vn 0.1235 -0.6525 0.7476
vn -0.8832 -0.4393 -0.1639
vn -0.5844 -0.3990 0.7066
vn -0.2581 0.0613 0.9642
vn 0.8341 -0.3380 -0.4359
vn 0.9416 -0.1825 0.2831
vn -0.1175 0.2019 0.9723
vn -0.0800 0.1275 -0.9886
vn -0.3263 -0.3832 -0.8641
vn 0.1105 0.2892 0.9509
vn -0.6312 0.7075 -0.3177
vn 0.3595 -0.4054 0.8405
vn 0.1604 0.9283 0.3354
vn 0.8175 -0.5749 -0.0358
vn 0.0425 0.2610 0.9644
vn 0.7418 0.6318 -0.2249
vn -0.6280 -0.3699 -0.6847
vn 0.1190 0.0352 0.9923
vn 0.6276 0.5864 -0.5120
vn 0.7015 -0.0046 -0.7126
vn 0.9091 -0.4117 -0.0630
vn 0.8508 -0.4287 -0.3039
vn 0.9504 -0.2738 0.1472
vn 0.5762 -0.8165 0.0372
vn 0.1425 0.5413 -0.8286
vn 0.2855 0.9415 0.1792
vn -0.5443 0.4313 0.7195
vn -0.5629 0.4408 -0.6992
vn 0.7277 -0.5836 -0.3605
vn 0.6381 0.2480 0.7290
vn -0.7152 -0.6987 -0.0194
vn 0.5734 -0.5178 0.6349
vn 0.0686 -0.0017 -0.9976
vn -0.0023 0.2776 -0.9607
vn -0.3864 -0.9201 -0.0637
vn 0.4148 -0.8999 0.1349
vn 0.5116 -0.8330 0.2105
vn 0.0575 0.0691 0.9960
vn 0.1301 -0.0906 0.9874
vn -0.3997 0.6219 0.6734
vn 0.8481 -0.5293 0.0243
vn 0.8311 -0.5306 -0.1664
vn -0.5132 0.8567 -0.0516
vn -0.6346 0.7421 -0.2157
vn -0.5732 0.8192 -0.0200
vn 0.0129 0.0109 -0.9999
vn 0.3698 -0.9132 -0.1711
vn 0.4821 0.3435 -0.8060
vn 0.0098 0.4526 -0.8917
vn 0.0247 -0.0171 -0.9995
vn 0.2687 -0.9632 -0.0001
vn -0.4093 -0.5564 -0.7231
vn -0.5136 -0.4933 -0.7021
vn 0.0787 -0.0177 0.9967
vn 0.3052 -0.1015 -0.9469
vn -0.3714 0.2631 0.8904
vn -0.6398 0.7036 -0.3091
vn -0.2734 0.2687 -0.9236
vn -0.4630 -0.6143 0.6390
vn -0.3992 0.5699 -0.7182
vn -0.2482 -0.6729 -0.6969
vn -0.9047 0.4151 0.0961
vn 0.2059 -0.7504 0.6282
vn 0.0696 -0.9967 -0.0425
vn -0.3966 -0.6455 -0.6527
vn -0.1967 0.2017 -0.9595
vn -0.4142 0.5378 -0.7343
vn -0.7163 0.6618 0.2212
vn -0.2115 -0.7231 -0.6575
vn 0.0215 0.2857 0.9581
vn -0.5059 -0.8549 0.1149
vn -0.2419 -0.6591 0.7121
vn -0.0852 -0.1548 0.9843
vn -0.9053 -0.3542 0.2344
vn -0.4768 0.7485 -0.4608
vn 0.1408 -0.0292 -0.9896
vn -0.3936 0.8634 -0.3156
vn 0.1089 0.9452 0.3078
vn 0.0009 0.6058 0.7956
vn 0.0651 -0.9852 -0.1583
vn 0.0654 0.1834 0.9809
vn -0.9416 0.3353 0.0301
vn 0.5760 0.2916 0.7636
vn -0.4496 0.7691 0.4543
vn -0.1313 -0.7645 0.6311
vn 0.1247 -0.3658 0.9223
vn 0.3483 -0.1306 0.9282
vn 0.6453 0.4061 0.6471
vn -0.1732 0.9849 0.0016
vn -0.0800 0.1597 -0.9839
vn -0.0249 -0.6736 0.7387
vn 0.0577 0.0616 0.9964
vn 0.0520 -0.9979 -0.0375
vn -0.1731 0.6705 -0.7214
vn 0.2626 -0.5316 -0.8053
vn -0.5700 0.7736 -0.2767
vn -0.7965 -0.4528 -0.4007
vn -0.9838 0.1221 -0.1309
vn -0.3149 -0.6769 0.6653
vn 0.9613 -0.0994 -0.2569
vn 0.9824 -0.1036 0.1556
vn 0.0012 0.0602 0.9982
vn -0.7602 -0.5989 -0.2517
vn 0.0080 -0.7119 -0.7023
vn -0.0464 -0.6443 -0.7633
vn 0.0670 -0.7410 -0.6681
vn -0.3190 0.7917 0.5210
vn 0.0559 0.0415 0.9976
vn -0.2579 0.9652 0.0431
vn 0.8667 0.4401 0.2348
vn -0.0014 -0.6203 0.7844
vn 0.0982 0.5391 -0.8365
vn -0.0884 -0.9324 0.3505
vn -0.4143 -0.2559 0.8734
vn 0.8298 0.5107 -0.2251
vn 0.1726 -0.6375 -0.7509
vn 0.7979 -0.5874 0.1353
vn -0.5637 -0.2903 -0.7733
vn -0.6064 -0.3065 -0.7337
vn -0.5573 -0.2821 -0.7809
vn -0.0315 -0.0750 -0.9967
vn -0.3576 0.1849 -0.9154
vn -0.1188 0.1649 -0.9791
vn -0.5936 -0.7764 -0.2117
vn -0.9245 -0.1984 0.3255
vn 0.1426 0.4205 0.8960
vn -0.8854 -0.2730 0.3762
vn 0.7839 -0.2136 -0.5830
vn 0.3515 -0.2152 -0.9111
vn -0.2026 0.8409 0.5019
vn -0.7252 -0.2424 0.6445
vn -0.9423 0.1011 0.3191
vn -0.5316 0.7508 -0.3919
vn -0.8345 0.5266 0.1619
vn -0.0849 -0.9672 -0.2396
vn 0.3052 -0.1014 -0.9469
vn 0.9829 -0.1367 0.1234
vn 0.1236 -0.5144 -0.8486
vn -0.6588 0.3329 -0.6746
vn 0.0333 0.0308 0.9990
vn -0.2671 -0.0792 0.9604
vn 0.2196 -0.9575 0.1872
vn -0.8374 0.5411 -0.0772
vn 0.1050 -0.1936 0.9754
vn 0.2046 -0.1947 0.9593
vn 0.1413 -0.1792 0.9736
vn 0.5136 0.5097 -0.6902
vn 0.0752 -0.6245 -0.7774
vn -0.1342 0.9892 0.0588
vn -0.6745 -0.0533 0.7363
vn -0.5385 -0.2973 0.7884
vn -0.4697 -0.1513 0.8698
vn -0.1457 0.4239 -0.8939
vn -0.8296 0.3657 0.4220
vn -0.3897 0.6148 0.6856
vn -0.3490 0.3805 0.8564
vn -0.7368 -0.5376 0.4100
vn -0.0018 0.2025 0.9793
vn -0.5831 0.6049 0.5423
vn 0.2726 -0.7108 -0.6484
vn 0.0452 -0.8047 0.5920
vn 0.0200 -0.7484 0.6629
vn 0.0270 -0.7522 0.6583
vn 0.1859 -0.4912 0.8510
vn -0.9013 0.4325 0.0246
vn -0.7359 -0.3862 0.5562
vn -0.0134 -0.2669 0.9636
vn 0.0640 -0.6839 -0.7268
vn 0.4576 0.8812 -0.1186
vn 0.0583 0.9971 -0.0492
vn 0.5045 -0.8413 -0.1942
vn 0.0002 -0.0028 1.0000
vn 0.1259 0.5844 0.8016
vn 0.0034 -0.0189 0.9998
vn -0.0972 -0.6745 -0.7318
vn -0.0347 -0.6638 0.7471
vn 0.1045 -0.8251 -0.5552
vn 0.0771 -0.3930 -0.9163
vn 0.0045 -0.9683 -0.2497
vn -0.8069 0.5901 -0.0269
vn -0.7392 0.1574 -0.6548
vn -0.0037 -0.9456 -0.3253
vn -0.3635 0.9169 0.1649
vn -0.0658 0.2097 0.9756
vn -0.8215 -0.1561 -0.5485
vn -0.6049 0.2284 0.7628
vn 0.0409 -0.9991 -0.0125
vn 0.0098 0.0413 -0.9991
vn -0.0008 0.0213 -0.9998
vn -0.3344 -0.1866 -0.9238
vn -0.6101 -0.7921 -0.0184
vn -0.0212 0.7122 0.7016
vn -0.0954 0.5479 0.8311
vn 0.2827 -0.4828 0.8288
vn -0.8146 0.5669 -0.1227
vn 0.0148 -0.7668 -0.6417
vn 0.0300 0.8599 -0.5096
vn -0.8536 0.4558 0.2522
vn -0.5086 -0.6563 -0.5572
vn 0.0206 -0.4835 -0.8751
vn 0.3670 -0.9302 0.0050
vn -0.9993 0.0011 -0.0371
vn 0.2631 0.7152 -0.6475
vn 0.2893 0.8271 0.4819
vn 0.0682 0.0257 -0.9973
vn 0.1300 -0.1383 -0.9818
vn 0.1777 -0.1517 -0.9723
vn -0.4799 -0.8373 -0.2619
vn -0.1992 -0.2629 0.9440
vn 0.1997 -0.3897 0.8990
vn -0.2041 -0.2363 0.9500
vn -0.1009 0.7366 0.6687
vn 0.2231 0.8379 0.4981
vn 0.2082 0.8701 -0.4468
vn -0.0682 0.9933 0.0934
vn -0.1976 0.0828 -0.9768
vn -0.0787 0.9966 0.0236
vn -0.1195 0.9827 0.1417
vn 0.1005 -0.1211 -0.9875
vn 0.0257 -0.2406 -0.9703
vn -0.7974 -0.0153 0.6033
vn -0.7839 -0.1867 0.5922
vn -0.8050 -0.2387 0.5432
vn -0.8050 -0.2386 0.5432
vn -0.9907 0.1362 -0.0036
vn 0.4107 0.8985 0.1550
vn -0.7021 0.6997 -0.1325
vn -0.0980 0.0969 0.9905
vn 0.2221 -0.9704 0.0952
vn -0.9196 -0.0967 0.3807
vn 0.2146 0.9655 -0.1473
vn -0.5299 -0.4291 -0.7315
vn 0.0721 -0.4319 0.8990
vn -0.7354 0.5993 0.3164
vn -0.8362 -0.2772 -0.4732
vn -0.7228 -0.3464 0.5979
vn 0.0213 0.0628 -0.9978
vn -0.8768 -0.4778 -0.0544
vn -0.2396 -0.7385 0.6302
vn -0.8783 0.3865 -0.2815
vn -0.7478 0.2649 -0.6088
vn -0.5820 0.2203 -0.7828
vn -0.9223 -0.3433 -0.1777
vn -0.6601 -0.3815 -0.6471
vn -0.8424 0.2584 0.4728
vn -0.8660 -0.2550 -0.4300
vn -0.8793 -0.2877 -0.3795
vn -0.9438 -0.1281 -0.3048
vn -0.9568 -0.0977 -0.2740
vn -0.9681 -0.0205 -0.2497
vn -0.9067 -0.3887 0.1640
vn 0.0175 -0.9994 -0.0288
vn 0.0248 0.7017 -0.7120
vn -0.9795 0.1873 0.0736
vn -0.1609 -0.2715 0.9489
vn -0.8438 -0.4495 0.2934
vn -0.7087 0.0281 -0.7050
vn -0.3216 0.3945 0.8608
vn -0.4767 0.8789 0.0164
vn -0.1755 0.2602 0.9495
vn 0.1543 0.0176 0.9879
vn 0.0725 -0.3430 0.9365
vn 0.3153 0.5756 0.7545
vn 0.2390 0.5346 -0.8106
vn -0.3236 -0.9172 -0.2323
vn 0.5669 0.4216 -0.7078
vn 0.1977 -0.2202 0.9552
vn 0.1262 -0.2834 0.9507
vn -0.9699 0.1247 0.2090
vn -0.4624 -0.8712 0.1651
vn -0.2905 -0.9370 0.1940
vn -0.5451 -0.6860 0.4819
vn -0.9070 0.3573 -0.2230
vn -0.8960 0.3262 0.3013
vn -0.0353 -0.1083 0.9935
vn 0.0257 -0.9953 0.0931
vn 0.0588 0.8983 0.4355
vn 0.8025 0.5947 0.0483
vn 0.1636 0.9485 0.2711
vn 0.4028 -0.6777 0.6152
vn -0.3405 -0.7917 0.5073
vn -0.6094 -0.2834 0.7405
vn -0.2988 0.1630 0.9403
vn -0.9592 -0.2191 -0.1787
vn -0.9622 -0.2097 -0.1736
vn -0.9593 -0.2140 -0.1844
vn -0.0912 0.2287 -0.9692
vn -0.9965 0.0831 0.0062
vn 0.2711 -0.5001 0.8224
vn 0.2848 -0.5056 0.8144
vn 0.0441 0.0926 0.9947
vn 0.0376 0.9712 -0.2354
vn 0.2615 -0.1916 -0.9460
vn 0.4243 -0.2554 -0.8688
vn 0.0358 0.9354 -0.3517
vn 0.0359 0.9354 -0.3517
vn -0.2773 0.4254 0.8615
vn -0.4918 0.4797 0.7267
vn -0.5762 -0.1167 0.8089
vn 0.9671 -0.2516 0.0377
vn -0.1817 -0.0311 0.9829
vn -0.4276 0.2811 0.8591
vn 0.3422 -0.8799 -0.3296
vn 0.0516 -0.9435 -0.3274
vn 0.0501 -0.9173 -0.3950
vn 0.0296 0.2517 -0.9674
vn -0.1070 0.9935 -0.0394
vn 0.7753 0.6312 -0.0243
vn -0.1205 0.2517 -0.9603
vn -0.0959 0.4887 -0.8671
vn -0.1474 0.9868 -0.0667
vn 0.0312 -0.5624 0.8262
vn -0.0844 0.3627 -0.9281
vn 0.0032 0.1221 -0.9925
vn 0.1175 -0.0695 0.9906
vn -0.9564 -0.2073 -0.2056
vn -0.1501 -0.4362 0.8872
vn 0.8435 0.2349 0.4830
vn 0.9627 0.2706 0.0090
vn 0.1033 0.8332 -0.5432
vn 0.0360 0.9354 -0.3518
vn 0.4388 -0.8836 -0.1632
vn 0.6678 -0.6305 -0.3956
vn -0.0677 -0.8572 -0.5106
vn -0.0134 -0.9998 -0.0110
vn -0.4252 0.2735 -0.8628
vn -0.8496 0.3017 -0.4325
vn -0.3644 0.2343 0.9013
vn 0.9522 0.1482 0.2670
vn 0.9228 0.3236 0.2092
vn -0.1502 -0.4362 0.8872
vn 0.5937 -0.8038 -0.0378
vn 0.0601 0.0538 -0.9967
vn 0.0623 -0.9972 -0.0411
vn 0.0205 -0.9905 -0.1358
vn -0.1634 -0.9805 -0.1088
vn -0.0007 -0.9831 -0.1829
vn 0.4231 -0.9057 0.0255
vn 0.1747 -0.9809 -0.0858
vn -0.2098 0.0676 0.9754
vn -0.4320 -0.4118 -0.8024
vn 0.0414 -0.9883 0.1465
vn -0.0166 0.1368 0.9905
vn 0.6822 -0.2081 0.7009
vn 0.1018 0.6932 0.7136
vn -0.0376 -0.9980 -0.0502
vn 0.3831 -0.7283 -0.5682
vn 0.4045 -0.4603 0.7902
vn 0.0527 0.9964 0.0667
vn 0.0410 -0.0013 -0.9992
vn -0.0751 0.0444 -0.9962
vn -0.1852 0.1836 0.9654
vn 0.5255 -0.6165 0.5863
vn 0.1118 -0.2796 -0.9536
vn 0.1196 0.7141 -0.6898
vn 0.0842 0.2034 0.9755
vn 0.1442 -0.8626 0.4849
vn 0.0053 0.0832 -0.9965
vn 0.0451 0.9941 0.0989
vn 0.9730 -0.1730 -0.1529
vn 0.5400 -0.8005 -0.2598
vn 0.8435 0.2349 0.4831
vn -0.0697 0.5261 -0.8476
vn 0.0138 0.4266 -0.9043
vn 0.5786 0.8116 -0.0808
vn -0.3227 0.9407 -0.1045
vn 0.2253 -0.4228 0.8778
vn -0.0165 -0.9947 -0.1016
vn -0.0154 -0.9997 -0.0192
vn -0.0177 -0.9796 -0.2003
vn 0.5300 -0.1749 0.8298
vn 0.7586 0.5401 -0.3645
vn 0.9333 -0.2431 0.2643
vn 0.2354 -0.9695 0.0677
vn 0.7228 0.6427 0.2538
vn -0.0779 0.6295 0.7731
vn 0.1398 -0.7183 -0.6815
vn 0.9564 -0.1674 -0.2393
vn 0.4605 0.1571 0.8736
vn 0.7699 0.6145 -0.1722
vn 0.8702 0.2476 0.4259
vn 0.7619 0.4122 0.4997
vn 0.7540 0.3918 0.5273
vn 0.7947 0.3781 0.4748
vn 0.0933 -0.7056 0.7025
vn 0.0090 -0.1845 -0.9828
vn 0.0196 -0.1931 -0.9810
vn 0.0172 -0.2118 -0.9772
vn 0.6835 0.7136 -0.1535
vn 0.9938 -0.0780 -0.0797
vn 0.9232 -0.2867 -0.2560
vn 0.0065 0.3169 0.9484
vn 0.5145 -0.5641 0.6459
vn 0.6971 0.5914 0.4054
vn -0.5927 -0.1976 0.7808
vn 0.7283 0.0956 -0.6786
vn 0.8196 0.1255 -0.5590
vn 0.1195 0.2635 -0.9572
vn 0.0393 0.2320 -0.9719
vn 0.9952 -0.0063 -0.0974
vn 0.8944 0.3507 0.2774
vn 0.5669 0.6237 -0.5382
vn 0.5258 0.8259 0.2035
vn 0.9253 -0.0758 -0.3715
vn 0.5290 0.0383 -0.8478
vn 0.2664 0.9613 -0.0704
vn -0.3560 -0.8077 0.4700
vn -0.0283 -0.6706 0.7413
vn 0.4427 0.3905 0.8072
vn 0.9439 0.3286 0.0338
vn 0.8406 0.0991 0.5325
vn 0.9275 0.0670 0.3677
vn 0.8528 -0.2662 -0.4492
vn 0.1161 0.3143 0.9422
vn 0.5638 0.1272 -0.8161
vn -0.1606 -0.9853 0.0584
vn 0.7613 -0.2600 0.5940
vn 0.0474 -0.0045 -0.9989
vn 0.8899 -0.2584 0.3758
vn 0.4688 -0.1629 0.8681
vn 0.2825 -0.1650 -0.9450
vn -0.0261 -0.9279 -0.3718
vn -0.4024 -0.7780 -0.4826
vn 0.0504 0.2586 0.9647
vn 0.0544 0.4048 0.9128
vn 0.4366 0.8732 0.2165
vn 0.6421 0.2106 0.7371
vn 0.6574 -0.7528 0.0342
vn -0.1977 -0.5574 0.8064
vn -0.3890 -0.2079 -0.8975
vn -0.4858 -0.8658 0.1200
vn 0.1444 0.1136 -0.9830
vn 0.7942 -0.3173 0.5182
vn -0.3838 0.9188 0.0924
vn 0.3035 -0.9097 0.2836
vn -0.6062 -0.0985 0.7892
vn 0.2480 -0.5619 0.7891
vn 0.2572 -0.5454 0.7977
vn 0.5123 -0.6312 0.5824
vn 0.3437 0.7779 0.5260
vn -0.4243 -0.7722 0.4730
vn -0.2089 -0.2498 0.9455
vn -0.3435 -0.6523 0.6756
vn 0.6823 -0.7241 -0.1008
vn 0.3867 0.6081 -0.6933
vn -0.3019 -0.5713 0.7632
vn 0.8836 0.4098 -0.2264
vn 0.3844 -0.9231 0.0084
vn -0.4609 0.5238 -0.7164
vn 0.4292 0.3639 0.8267
vn 0.2404 0.7172 0.6541
vn 0.4918 0.8690 0.0539
vn 0.7977 0.4333 0.4195
vn 0.5079 0.2494 0.8245
vn 0.9918 -0.0289 -0.1244
vn -0.1810 -0.3769 -0.9084
vn -0.1588 0.0689 -0.9849
vn 0.2026 -0.6425 -0.7390
vn -0.5295 0.5441 -0.6509
vn -0.1721 0.8436 -0.5086
vn 0.4565 -0.5851 0.6703
vn -0.2397 -0.9562 -0.1681
vn -0.1054 0.1945 0.9752
vn 0.3855 0.2778 0.8799
vn 0.2482 0.6829 -0.6870
vn -0.9357 0.3471 -0.0636
vn 0.0612 -0.9010 -0.4295
vn 0.0987 -0.9016 -0.4211
vn -0.7480 0.5901 0.3038
vn -0.0655 0.0195 0.9977
vn -0.3693 0.2879 0.8836
vn -0.2799 0.8824 -0.3781
vn 0.4980 -0.0854 -0.8629
vn -0.1298 -0.0713 -0.9890
vn -0.1116 -0.0795 -0.9906
vn -0.1847 -0.0705 -0.9803
vn 0.5147 0.2140 0.8302
vn 0.6258 0.3152 -0.7135
vn -0.5868 -0.3248 0.7417
vn 0.9357 0.1966 -0.2928
vn -0.8661 -0.4450 -0.2277
vn 0.8959 0.2673 -0.3549
vn -0.0702 -0.4280 -0.9010
vn 0.0666 0.2230 0.9725
vn 0.3576 -0.7775 0.5173
vn 0.4827 -0.5334 0.6946
vn -0.0095 0.1569 -0.9876
vn 0.6728 0.3670 -0.6424
vn 0.6488 -0.5104 -0.5644
vn 0.1710 0.9709 0.1678
vn 0.3508 0.5901 -0.7272
vn 0.1020 0.7499 -0.6537
vn -0.4425 -0.7416 0.5041
vn 0.2691 0.5638 0.7808
vn -0.9129 -0.0092 -0.4080
vn 0.5962 0.8027 -0.0155
vn 0.5672 -0.4347 0.6995
vn 0.5693 -0.8219 0.0201
vn -0.0621 0.0889 -0.9941
vn -0.0037 0.0054 -1.0000
vn 0.6021 -0.3864 -0.6987
vn -0.0123 0.4039 0.9147
vn 0.0695 0.8187 0.5700
vn 0.7271 -0.1397 0.6722
vn -0.8882 -0.1315 0.4403
vn 0.6363 -0.3088 0.7069
vn 0.6423 -0.3092 0.7013
vn 0.6309 -0.3144 0.7093
vn -0.9975 0.0099 -0.0693
vn -0.1278 0.1057 -0.9862
vn -0.1847 -0.0704 -0.9803
vn 0.7238 -0.1866 -0.6643
vn 0.6015 0.5888 0.5399
vn 0.5847 0.5421 -0.6036
vn 0.3880 -0.6125 -0.6887
vn 0.7239 -0.1866 -0.6642
vn 0.0035 0.9396 -0.3422
vn -0.0182 0.4660 -0.8846
vn -0.3139 -0.1562 0.9365
vn 0.5392 0.5395 0.6467
vn 0.6160 0.3554 0.7030
vn 0.1509 -0.0060 -0.9885
vn 0.6655 -0.2614 0.6991
vn 0.5767 -0.4144 -0.7040
vn 0.3248 0.1758 -0.9293
vn 0.1230 -0.5940 -0.7950
vn 0.7838 0.3931 0.4807
vn 0.1919 0.0250 -0.9811
vn 0.2353 0.1368 0.9623
vn 0.5980 0.3819 -0.7047
vn -0.1297 0.8287 -0.5445
vn -0.1440 0.9166 -0.3731
vn 0.7543 -0.1802 -0.6313
vn 0.6640 0.0045 -0.7477
vn 0.6706 0.2219 0.7079
vn 0.4072 0.8351 -0.3700
vn -0.0146 -0.9996 0.0247
vn 0.7463 -0.1529 0.6478
vn -0.0605 0.0670 0.9959
vn 0.6864 0.2493 -0.6831
vn 0.6951 0.0702 0.7155
vn 0.0785 0.4784 0.8746
vn -0.9450 -0.3269 0.0054
vn -0.1655 0.9861 0.0144
vn -0.0184 0.0883 -0.9959
vn 0.9703 0.2118 -0.1166
vn -0.0609 -0.0726 -0.9955
vn 0.9719 0.0113 -0.2352
vn -0.0140 -0.9996 0.0249
vn 0.0056 -0.9992 0.0392
vn 0.9412 0.3369 -0.0245
vn 0.6505 0.0787 0.7554
vn -0.4085 -0.9055 -0.1147
vn 0.9537 0.2965 -0.0496
vn 0.4979 -0.6599 -0.5627
vn 0.9492 -0.1109 0.2946
vn -0.1477 0.8560 -0.4954
vn -0.9415 -0.3362 -0.0249
vn 0.3899 -0.1334 -0.9112
vn 0.0637 0.2641 -0.9624
vn 0.5898 0.0737 -0.8042
vn 0.0291 -0.0563 0.9980
vn 0.0676 0.1905 -0.9794
vn -0.6289 0.1515 0.7626
vn -0.5278 0.7630 0.3731
vn -0.5064 0.8607 0.0519
vn -0.9999 0.0012 0.0134
vn -0.9971 -0.0441 0.0625
vn -0.9969 -0.0370 0.0693
vn -0.9979 0.0016 0.0643
vn -0.1402 0.9487 -0.2835
vn -0.9914 -0.1178 -0.0563
vn -0.6636 -0.2983 0.6861
vn -0.9279 0.3717 -0.0282
vn -0.5942 0.7672 -0.2414
vn -0.5804 -0.2217 0.7836
vn -0.7894 -0.4871 0.3736
vn -0.9944 0.0760 -0.0739
vn 0.0003 -0.0339 -0.9994
vn 0.2720 -0.0862 -0.9584
vn 0.0006 -0.0372 -0.9993
vn 0.0350 0.9648 -0.2605
vn -0.7065 -0.4885 -0.5121
vn 0.3188 0.8581 -0.4025
vn -0.0308 -0.9859 0.1643
vn 0.5450 0.8379 -0.0289
vn -0.6268 0.7407 -0.2418
vn -0.6223 0.7442 -0.2426
vn -0.6241 0.7426 -0.2428
vn 0.1224 0.4920 0.8619
vn 0.8267 -0.3630 -0.4299
vn 0.1277 -0.9508 0.2822
vn 0.1077 -0.9895 0.0965
vn 0.1383 -0.9063 0.3993
vn 0.1832 0.1635 -0.9694
vn 0.6427 0.4633 -0.6101
vn 0.6427 0.7198 0.2625
vn 0.0046 -0.0497 0.9988
vn 0.5708 0.4712 -0.6724
vn 0.8208 -0.2775 0.4994
vn 0.6080 0.0239 0.7936
vn 0.0182 -0.9887 -0.1487
vn 0.2038 0.0640 -0.9769
vn -0.2735 0.7938 -0.5432
vn 0.8464 -0.3147 0.4295
vn 0.1122 -0.5384 0.8352
vn 0.4423 0.4621 0.7686
vn -0.0699 0.0721 0.9949
vn -0.0930 -0.5970 -0.7968
vn 0.0693 -0.9535 -0.2934
vn -0.2652 0.4524 0.8515
vn -0.5804 -0.2216 0.7836
vn -0.1315 0.2891 0.9482
vn 0.6420 -0.3019 0.7048
vn -0.0529 -0.6350 -0.7707
vn -0.1561 0.5762 0.8022
vn 0.0273 0.9946 0.0999
vn -0.0451 -0.9807 0.1901
vn 0.1458 0.1980 -0.9693
vn 0.1374 -0.9134 -0.3831
vn -0.1701 0.9464 0.2745
vn 0.0067 -0.8564 0.5162
vn -0.0754 0.4250 -0.9020
vn -0.7954 0.4082 -0.4481
vn -0.4422 0.4290 0.7877
vn -0.9358 -0.2947 0.1935
vn -0.9354 -0.2962 0.1930
vn -0.9440 -0.2679 0.1928
vn -0.1200 -0.4401 -0.8899
vn -0.9755 -0.0316 0.2176
vn -0.9709 -0.0115 0.2391
vn -0.9752 -0.0326 0.2188
vn -0.1111 0.8311 -0.5450
vn 0.7897 0.5859 -0.1821
vn 0.1520 0.9779 0.1438
vn 0.0982 0.0876 0.9913
vn 0.1012 -0.9016 -0.4205
vn -0.1217 -0.1800 -0.9761
vn -0.4452 0.1489 0.8830
vn 0.0633 0.9492 -0.3083
vn 0.1011 0.2228 0.9696
vn 0.9423 -0.3153 -0.1129
vn 0.9630 -0.1452 -0.2272
vn 0.2157 -0.0341 0.9759
vn -0.6674 0.7289 -0.1524
vn -0.9561 0.2432 -0.1637
vn -0.0047 -0.0943 0.9955
vn 0.8897 -0.4565 -0.0062
vn 0.5249 -0.0779 0.8476
vn 0.9852 -0.1700 -0.0217
vn 0.9976 -0.0225 0.0656
vn -0.9547 0.1778 -0.2387
vn -0.8099 -0.5817 0.0759
vn -0.9435 0.3156 -0.1009
vn 0.9939 0.0288 -0.1065
vn 0.9809 0.0734 0.1800
vn 0.1154 -0.9900 0.0808
vn -0.0695 0.0349 0.9970
vn -0.1002 0.9352 0.3395
vn 0.9970 0.0225 -0.0742
vn 0.9550 0.2927 -0.0480
vn 0.9880 -0.1011 0.1168
vn 0.8342 -0.3519 -0.4246
vn 0.1406 -0.9461 -0.2919
vn 0.9346 -0.0380 0.3537
vn -0.0236 -0.2965 0.9547
vn 0.8971 -0.4418 0.0006
vn 0.8728 0.4842 0.0615
vn -0.5926 -0.6143 -0.5211
vn -0.8352 -0.4621 -0.2982
vn -0.9979 0.0612 -0.0204
vn -0.6187 -0.1556 -0.7700
vn -0.7641 -0.2242 -0.6050
vn -0.9690 0.1780 -0.1716
vn -0.1342 0.0888 -0.9870
vn -0.9344 0.1232 -0.3342
vn -0.6542 0.6676 0.3554
vn -0.9238 0.0354 0.3811
vn -0.4213 -0.5583 0.7147
vn -0.3064 -0.3615 -0.8806
vn -0.0075 -0.8543 0.5198
vn -0.0202 -0.8336 0.5520
vn -0.1035 -0.4212 0.9010
vn -0.4167 0.8166 -0.3994
vn -0.2740 0.6779 0.6821
vn 0.9975 0.0166 -0.0680
vn 0.1157 -0.0027 -0.9933
vn 0.9538 -0.0816 0.2893
vn -0.4528 -0.3610 0.8152
vn 0.9185 -0.0321 -0.3941
vn -0.5410 0.6537 0.5291
vn -0.7283 0.2326 -0.6445
vn 0.9948 0.0950 -0.0354
vn 0.7193 -0.6926 -0.0549
vn -0.8605 -0.3620 0.3585
vn 0.0220 -0.7700 0.6377
vn -0.5324 0.3563 -0.7678
vn 0.1334 0.9869 -0.0905
vn 0.9068 -0.4180 0.0537
vn -0.9868 -0.0191 0.1606
vn 0.8816 -0.4646 0.0831
vn 0.8480 -0.5300 0.0029
vn -0.9969 0.0765 -0.0184
vn 0.8287 -0.5596 0.0124
vn -0.2528 0.0755 -0.9646
vn -0.9982 -0.0580 -0.0173
vn 0.7134 0.6983 -0.0583
vn 0.4518 -0.8367 -0.3094
vn 0.9825 -0.1860 -0.0115
vn 0.9648 0.2345 -0.1186
vn 0.9732 0.1614 -0.1637
vn 0.9732 0.1614 -0.1638
vn -0.1870 -0.2908 0.9383
vn -0.6270 0.0424 0.7779
vn 0.9935 -0.1098 0.0299
vn 0.9933 -0.1077 0.0408
vn 0.9912 -0.1270 0.0369
vn 0.9848 -0.0636 0.1616
vn 0.9832 -0.0321 0.1799
vn 0.9833 -0.0365 0.1784
vn -0.8712 -0.4883 0.0503
vn 0.9800 -0.1988 0.0077
vn 0.8101 -0.4764 0.3416
vn 0.8050 -0.5818 0.1164
vn 0.3616 0.0163 -0.9322
vn 0.9795 0.1800 0.0905
vn 0.9656 -0.0061 -0.2600
vn 0.7354 -0.5234 0.4304
vn 0.9898 -0.1379 0.0365
vn 0.4439 -0.8856 -0.1365
vn -0.0929 -0.9771 -0.1916
vn -0.9914 -0.0908 0.0938
vn -0.9918 -0.0848 0.0961
vn -0.9924 -0.0882 0.0857
vn -0.3366 -0.0756 -0.9386
vn -0.1034 -0.4212 0.9011
vn -0.0709 0.6648 0.7436
vn -0.3726 0.1833 0.9097
vn -0.7110 -0.6967 0.0953
vn -0.9861 0.0870 -0.1413
vn -0.9434 0.0014 -0.3317
vn 0.6610 -0.6217 -0.4203
vn 0.6377 -0.6408 -0.4276
vn 0.6585 -0.6096 -0.4413
vn 0.7967 -0.0125 0.6042
vn 0.5561 -0.8308 0.0228
vn 0.7718 0.3687 0.5180
vn 0.6081 -0.7937 -0.0158
vn -0.9723 0.2303 0.0392
vn 0.9862 0.1305 -0.1018
vn -0.7574 0.5748 -0.3098
vn -0.0543 0.9926 0.1083
vn -0.1002 0.9353 0.3394
vn -0.3981 0.9161 0.0484
vn 0.2986 0.9482 0.1085
vn 0.8171 -0.2016 -0.5401
vn 0.8001 -0.1911 -0.5686
vn 0.6275 -0.3831 -0.6779
vn 0.7483 0.6318 0.2022
vn -0.2117 -0.9770 0.0263
vn -0.9932 -0.0467 -0.1067
vn 0.8305 -0.1455 -0.5376
vn -0.7782 -0.6275 -0.0238
vn 0.1496 0.8961 0.4180
vn 0.6758 -0.7239 -0.1392
vn -0.8913 0.4096 0.1945
vn -0.4492 0.6706 0.5904
vn -0.6494 0.7486 0.1339
vn 0.8862 -0.3633 0.2874
vn -0.8357 0.5481 -0.0358
vn 0.3064 0.9402 0.1490
vn -0.6730 -0.7206 -0.1666
vn -0.6087 -0.7779 -0.1562
vn 0.0937 0.9956 -0.0032
vn -0.9457 -0.1859 -0.2666
vn 0.1843 0.9525 -0.2426
vn -0.7226 0.6903 0.0368
vn 0.7698 -0.0731 0.6341
vn -0.0030 -0.0707 0.9975
vn 0.8404 -0.1387 0.5240
vn 0.8588 -0.0942 0.5035
vn 0.5583 0.0668 0.8270
vn -0.7613 -0.6165 0.2008
vn 0.0337 0.2605 -0.9649
vn 0.9780 0.0358 0.2056
vn 0.9954 0.0935 0.0190
vn 0.9937 -0.1087 -0.0287
vn -0.5926 0.6765 0.4373
vn 0.6546 -0.7411 -0.1491
vn 0.7051 -0.6855 -0.1813
vn 0.7610 -0.5981 -0.2514
vn 0.9305 -0.3085 -0.1973
vn 0.9941 0.1081 -0.0031
vn 0.5254 -0.8492 -0.0534
vn -0.1855 -0.9710 -0.1505
vn 0.6454 -0.7502 -0.1436
vn 0.9585 -0.0834 -0.2727
vn 0.9766 0.1795 -0.1186
vn 0.9943 0.0497 -0.0948
vn 0.4969 -0.6821 -0.5366
vn 0.6287 -0.4242 -0.6518
vn 0.9360 -0.2061 -0.2852
vn 0.9465 -0.0126 -0.3226
vn -0.7171 0.6841 -0.1337
vn 0.9997 0.0055 -0.0219
vn 0.9520 -0.1732 0.2525
vn 0.9134 -0.0488 0.4041
vn 0.9901 -0.0297 -0.1370
vn 0.9966 -0.0127 -0.0814
vn 0.9953 0.0946 -0.0188
vn 0.9949 0.1005 -0.0080
vn 0.9865 -0.0446 0.1575
vn -0.9586 -0.2785 0.0589
vn -0.9468 -0.3108 0.0833
vn -0.9594 -0.2522 0.1260
vn 0.3682 0.9297 0.0017
vn -0.2387 0.9574 0.1626
vn 0.7652 -0.1703 -0.6209
vn 0.0193 0.1786 0.9837
vn -0.1914 0.2844 0.9394
vn -0.0266 -0.6470 -0.7620
vn 0.8776 -0.3028 -0.3715
vn 0.9930 -0.1155 -0.0265
vn 0.9991 0.0414 0.0084
vn 0.9644 -0.2636 0.0205
vn 0.5636 -0.8046 0.1872
vn 0.8082 0.2995 -0.5070
vn 0.2073 -0.7569 -0.6198
vn 0.9616 -0.1521 0.2286
vn 0.9008 0.3687 -0.2296
vn 0.9644 -0.2637 0.0205
vn 0.7031 -0.5568 0.4422
vn 0.6860 -0.7101 0.1588
vn 0.9429 0.2862 -0.1701
vn 0.9197 0.3800 -0.0986
vn -0.1172 0.9623 -0.2456
vn 0.8973 0.4385 -0.0510
vn 0.2931 0.9369 0.1905
vn -0.0256 -0.4920 0.8702
vn -0.8440 0.5055 -0.1792
vn -0.2181 -0.3842 -0.8971
vn 0.7233 -0.6897 -0.0334
vn 0.5233 -0.8199 -0.2323
vn -0.7549 0.6545 0.0412
vn -0.6536 -0.2833 0.7018
vn 0.0950 -0.9735 -0.2079
vn -0.1104 -0.5441 -0.8317
vn 0.3186 -0.3978 -0.8604
vn 0.3234 -0.9397 -0.1112
vn 0.7841 0.6181 0.0564
vn 0.0851 -0.2612 0.9615
vn -0.2378 -0.8515 -0.4672
vn 0.6844 -0.6649 -0.2991
vn -0.0918 -0.1154 -0.9891
vn 0.3852 0.5801 0.7177
vn -0.9881 0.1468 -0.0458
vn -0.6826 -0.6456 -0.3425
vn -0.4607 -0.8816 -0.1022
vn -0.6812 0.7306 0.0465
vn 0.6295 0.7526 -0.1932
vn -0.3114 -0.2462 -0.9179
vn 0.8678 -0.3574 -0.3454
vn 0.9813 -0.1844 -0.0552
vn -0.5873 0.7557 0.2897
vn -0.1480 -0.9859 -0.0784
vn -0.6022 0.6142 -0.5101
vn 0.8562 0.0922 -0.5083
vn -0.7172 0.1299 -0.6847
vn 0.5248 -0.5939 0.6098
vn 0.5570 -0.7851 -0.2710
vn -0.9999 -0.0105 0.0124
vn -0.8841 -0.4205 -0.2038
vn -0.9025 0.0787 0.4235
vn -0.0610 0.9654 0.2537
vn -0.3551 0.8520 -0.3846
vn -0.1671 0.0298 0.9855
vn -0.2095 0.9661 0.1507
vn -0.0795 0.9965 0.0276
vn -0.0274 0.9918 -0.1247
vn 0.1106 -0.8232 0.5569
vn 0.2836 -0.4766 -0.8321
vn -0.6420 0.5637 0.5197
vn -0.8233 0.1497 0.5475
vn 0.7926 0.3201 0.5189
vn -0.1336 0.5177 -0.8450
vn 0.5786 0.6903 -0.4345
vn -0.0212 -0.5236 0.8517
vn 0.9069 -0.2382 0.3476
vn -0.0004 0.4780 0.8784
vn 0.0286 0.3221 0.9463
vn 0.0761 0.5340 0.8421
vn -0.3487 -0.5233 -0.7775
vn -0.9997 -0.0178 0.0163
vn 0.8463 0.2506 -0.4702
vn -0.3566 -0.9179 -0.1744
vn -0.9941 -0.0831 -0.0698
vn -0.9931 -0.0364 0.1118
vn -1.0000 -0.0064 0.0054
vn -0.9949 0.0986 0.0207
vn -0.8534 -0.2960 -0.4291
vn -0.6554 -0.7471 0.1105
vn 0.1156 0.6474 0.7533
vn -0.9905 -0.1362 0.0176
vn -0.6539 0.7462 -0.1248
vn -0.6915 0.7174 0.0842
vn -0.9974 0.0385 -0.0604
vn -0.9990 0.0352 0.0266
vn -0.9955 0.0384 -0.0867
vn -0.9018 -0.4320 0.0078
vn 0.8056 0.5854 -0.0915
vn -0.0692 0.5204 0.8511
vn -0.0022 -0.4145 -0.9100
vn -0.0299 0.9219 -0.3862
vn 0.0281 0.9994 -0.0222
vn 0.0340 0.9070 -0.4198
vn 0.4365 0.8279 0.3523
vn -0.7070 -0.1470 -0.6918
vn 0.0662 -0.9554 0.2879
vn -0.0033 -1.0000 -0.0024
vn 0.1668 -0.0002 -0.9860
vn -0.5538 0.1854 0.8117
vn 0.9865 -0.1633 -0.0090
vn 0.9991 0.0354 -0.0234
vn 0.0640 -0.1144 0.9914
vn 0.9278 0.1213 0.3528
vn -0.9551 -0.0265 0.2950
vn 0.9983 0.0239 0.0527
vn 0.9983 0.0123 0.0568
vn 0.9986 -0.0029 0.0526
vn 0.8525 0.0805 -0.5165
vn 0.9991 0.0366 -0.0216
vn 0.8576 -0.0937 -0.5057
vn 0.5593 -0.5014 -0.6602
vn 0.9949 -0.0359 0.0938
vn 0.8789 -0.2714 0.3922
vn 0.9994 0.0328 0.0106
vn 0.9991 0.0326 -0.0268
vn 0.6804 -0.4348 0.5899
vn 0.9988 0.0364 -0.0332
vn 0.8439 -0.3812 -0.3775
vn 0.8835 0.4641 -0.0641
vn 0.9994 0.0265 -0.0202
vn 1.0000 0.0015 0.0008
vn 0.8196 0.5654 0.0924
vn 0.9505 -0.2975 0.0901
vn 0.8586 -0.1455 -0.4916
vn 0.9976 0.0691 0.0008
vn 0.8825 -0.4660 -0.0638
vn -0.9923 -0.0208 0.1222
vn -0.6815 0.0807 0.7274
vn -0.9979 0.0617 0.0200
vn 0.3607 -0.0652 0.9304
vn 0.9200 0.3820 0.0879
vn -0.8472 -0.0327 0.5303
vn -0.9765 -0.1844 0.1119
vn 0.9394 0.3422 0.0219
vn 0.0232 -0.4848 -0.8743
vn -0.9243 0.3755 -0.0684
vn -0.4557 0.8809 0.1278
vn -0.9199 0.3473 -0.1824
vn -0.9863 0.1409 0.0862
vn -0.7854 0.5845 0.2039
vn -0.0416 0.1056 -0.9935
vn -0.0198 -0.0957 -0.9952
vn -0.9775 0.1939 0.0833
vn -0.9871 0.1604 -0.0026
vn -0.9861 -0.0493 0.1584
vn -0.5189 0.0089 -0.8548
vn -0.5464 0.0935 -0.8323
vn 0.6427 -0.6910 -0.3310
vn 0.6791 -0.7329 0.0412
vn -0.4624 -0.3555 -0.8123
vn -0.6376 -0.0801 -0.7662
vn -0.9526 0.2749 0.1302
vn 0.5771 -0.4582 -0.6761
vn -0.9676 0.1346 0.2134
vn -0.9886 0.0711 0.1324
vn -0.9922 0.1078 0.0626
vn -0.9943 0.1063 0.0064
vn -0.9894 0.1147 -0.0896
vn 0.1426 -0.6256 0.7670
vn 0.7135 -0.2544 -0.6529
vn -0.5788 0.1329 -0.8046
vn -0.9973 -0.0527 0.0520
vn 0.8533 -0.0269 0.5208
vn 0.0939 0.6814 0.7259
vn 0.6640 0.0885 -0.7425
vn -0.4959 0.7521 -0.4341
vn 0.6153 -0.1858 -0.7660
vn 0.9876 -0.0776 0.1364
vn 0.6651 0.5908 -0.4567
vn 0.4845 0.3159 0.8158
vn 0.8524 0.5189 0.0639
vn 0.5870 0.7273 0.3556
vn -0.0290 -0.3075 -0.9511
vn -0.0580 -0.1092 -0.9923
vn 0.0058 -0.6752 -0.7376
vn 0.6511 -0.7589 0.0132
vn 0.0150 -0.9997 0.0214
vn 0.3356 -0.9412 0.0387
vn 0.0207 -0.9998 -0.0057
vn 0.9387 -0.3266 0.1103
vn -0.9488 0.3132 0.0398
vn 0.8027 -0.5961 -0.0179
vn -0.0394 -0.6689 -0.7423
vn 0.2081 0.0074 -0.9781
vn -0.9994 0.0058 0.0329
vn -0.9995 0.0054 0.0324
vn -0.4426 0.8947 0.0605
vn -0.4224 0.7127 -0.5601
vn -0.7098 0.2585 0.6552
vn -0.1069 -0.6425 -0.7588
vn -0.0863 -0.5903 -0.8025
vn -0.4955 -0.7779 -0.3866
vn -0.3128 0.9370 -0.1555
vn -0.2605 0.0275 0.9651
vn -0.0156 -0.9899 0.1410
vn -0.0333 -0.9907 -0.1317
vn 0.0273 -0.3438 0.9386
vn -0.0597 -0.9818 -0.1803
vn 0.8514 0.4781 -0.2158
vn 0.3160 0.1813 0.9313
vn 0.3298 0.1447 0.9329
vn 0.1805 0.2229 0.9580
vn 0.0558 0.6981 -0.7138
vn 0.9498 0.1600 0.2690
vn -0.9999 0.0103 0.0136
vn -0.9998 0.0102 0.0148
vn -0.9998 0.0104 0.0142
vn 0.0048 -0.0914 0.9958
vn 0.4599 -0.0242 -0.8876
vn 0.9916 0.1293 0.0012
vn 0.8484 -0.0477 0.5272
vn 0.9593 0.2803 0.0352
vn -0.3430 0.7647 0.5455
vn -0.4001 0.8803 0.2550
vn 0.7164 -0.6977 -0.0011
vn 0.8003 -0.0829 0.5938
vn 0.7305 0.0213 -0.6826
vn 0.4217 0.0345 0.9061
vn 0.8240 -0.0411 0.5652
vn -0.0363 0.9989 -0.0301
vn 0.0089 -0.7457 -0.6663
vn 0.7782 0.1307 -0.6143
vn -0.2013 0.9725 0.1168
vn 0.5574 -0.3176 -0.7671
vn 0.7615 0.1163 -0.6377
vn 0.0011 0.9861 -0.1661
vn 0.3023 -0.5239 0.7963
vn 0.0899 -0.1187 0.9889
vn 0.0456 -0.2505 0.9670
vn 0.0457 -0.2504 0.9671
vn 0.2455 0.9693 -0.0095
vn 0.2979 0.7633 0.5733
vn 0.1407 0.7356 -0.6627
vn -0.0162 -0.9999 -0.0008
vn -0.0093 -1.0000 0.0012
vn -0.0064 -1.0000 0.0021
vn 0.2500 0.7958 -0.5515
vn 0.1229 0.3997 0.9084
vn -0.0284 -0.9911 -0.1297
vn -0.4362 0.4260 0.7926
vn 0.1377 0.9246 -0.3552
vn 0.3126 0.6512 -0.6915
vn -0.0191 -0.9998 -0.0016
vn 0.4121 0.8425 -0.3468
vn 0.7976 -0.0004 -0.6032
vn -0.0312 -0.2743 0.9611
vn 0.0479 0.6239 0.7800
vn -0.1359 0.8280 -0.5440
vn 0.1636 0.7185 0.6760
vn 0.6037 0.7299 -0.3206
vn 0.8130 -0.5765 -0.0821
vn -0.0335 -0.9922 -0.1197
vn 0.7918 0.6107 0.0098
vn 0.6723 0.7398 -0.0279
vn 0.5739 0.7563 -0.3140
vn 0.0204 -0.9280 0.3720
vn 0.9954 -0.0901 0.0339
vn 0.9991 -0.0430 0.0044
vn 0.9838 -0.0157 -0.1784
vn 0.9962 -0.0144 -0.0857
vn 0.9937 0.0005 -0.1117
vn -0.0329 0.3569 0.9336
vn 0.5334 0.8132 -0.2329
vn 0.9827 0.1787 0.0481
vn 0.9988 0.0291 -0.0388
vn 0.3605 0.9317 0.0442
vn 0.0443 -0.7012 -0.7116
vn 0.9853 0.1612 -0.0561
vn 0.9999 0.0158 0.0044
vn 0.9972 -0.0522 0.0530
vn 0.9886 0.0189 0.1495
vn 0.9972 0.0041 0.0743
vn 0.9884 0.0196 0.1505
vn 0.4417 0.8531 0.2776
vn -0.0341 0.0033 -0.9994
vn 0.0550 0.4737 -0.8790
vn 0.7956 -0.6058 -0.0001
vn -0.9784 -0.1703 0.1175
vn 0.7872 -0.1542 0.5970
vn 0.8951 -0.4106 0.1739
vn 0.9966 -0.0791 0.0213
vn 0.9925 -0.1067 -0.0592
vn 0.9957 -0.0916 0.0132
vn 0.9674 0.0708 0.2430
vn 0.9307 0.3588 0.0708
vn 0.9405 0.0262 -0.3388
vn 0.5761 -0.7806 -0.2424
vn 0.8753 -0.3262 0.3570
vn 0.0912 0.4098 -0.9076
vn 0.7642 -0.6381 -0.0939
vn -0.0929 0.9957 0.0054
vn 0.0094 -0.8803 0.4744
vn 0.0694 -0.0707 -0.9951
vn 0.2359 -0.5147 -0.8243
vn -0.0398 0.5539 0.8316
vn -0.0186 -0.0358 0.9992
vn 0.2780 -0.9525 -0.1243
vn -0.1404 0.3641 0.9207
vn -0.0127 -0.3879 0.9216
vn -0.0067 -0.7668 0.6419
vn -0.0781 -0.1402 0.9870
vn 0.0503 -0.0521 -0.9974
vn -0.0313 -0.9921 -0.1212
vn -0.0511 0.3121 0.9487
vn -0.0271 -0.4513 0.8920
vn -0.0685 0.3878 0.9192
vn -0.0885 0.5230 0.8477
vn -0.0301 0.3821 0.9236
vn 0.3159 0.7456 0.5867
vn -0.3574 -0.6873 -0.6324
vn 0.8107 -0.5846 -0.0319
vn 0.0673 -0.9658 -0.2503
vn -0.0362 0.4130 0.9100
vn 0.0231 -0.8810 -0.4726
vn -0.0164 -0.6990 -0.7149
vn 0.1148 -0.0096 -0.9933
vn -0.0143 0.5333 0.8458
vn -0.6569 -0.7540 0.0032
vn -0.6480 -0.7616 0.0009
vn 0.0056 0.0833 -0.9965
vn -0.0000 0.0181 -0.9998
vn 0.0023 0.0303 -0.9995
vn -0.0015 0.9962 0.0876
vn 0.0628 0.4152 -0.9076
vn -0.0002 -0.0309 -0.9995
vn -0.0488 0.0847 0.9952
vn 0.0022 -0.9893 0.1456
vn -0.0098 -0.9943 -0.1059
vn -0.2787 -0.3905 -0.8774
vn -0.0347 -0.9936 -0.1075
vn 0.0310 -0.8805 0.4731
vn 0.0413 -0.8511 0.5234
vn 0.0288 -0.8734 0.4862
vn -0.9992 0.0395 -0.0002
vn -0.9807 0.1919 0.0374
vn -0.9807 0.1918 0.0373
vn -0.8509 0.5121 0.1172
vn 0.0524 0.6221 -0.7812
vn -0.0256 0.5804 0.8140
vn 0.1260 0.7838 0.6081
vn 0.0078 0.6232 0.7820
vn -0.0420 -0.8079 0.5878
vn 0.0430 0.9390 0.3411
vn 0.0439 0.9393 0.3403
vn 0.0421 0.9381 0.3438
vn -0.0912 0.9905 0.1032
vn -0.0071 -0.0741 0.9972
vn -0.0092 -0.9736 -0.2281
vn -0.0699 -0.7599 0.6463
vn 0.0490 0.9983 0.0316
vn -0.0154 0.1785 -0.9838
vn 0.0609 -0.2061 0.9766
vn 0.0189 -0.0270 0.9995
vn 0.0011 0.9861 -0.1662
vn 0.0352 0.9531 -0.3007
vn -0.0374 0.0289 -0.9989
vn -0.0572 0.0413 -0.9975
vn -0.0204 0.0404 -0.9990
vn 0.2956 -0.8609 -0.4140
vn 0.9212 -0.3545 0.1605
vn 0.9447 -0.3279 0.0014
vn 0.9496 0.2721 -0.1559
vn -0.0776 0.4148 -0.9066
vn 0.0045 0.9862 -0.1657
vn 0.0401 0.7141 -0.6989
vn -0.0031 0.4279 0.9038
vn -0.0875 0.2389 0.9671
vn -0.0139 -0.9928 0.1186
vn 0.1441 0.4376 0.8876
vn 0.8330 -0.5532 0.0024
vn 0.8451 -0.5345 -0.0011
vn 0.0188 -0.8027 -0.5960
vn -0.0147 -0.7757 0.6309
vn 0.0022 -0.6511 0.7590
vn -0.0223 -0.9997 -0.0017
vn -0.0399 0.4187 0.9072
vn -0.0115 0.4391 0.8984
vn -0.0257 0.4218 0.9063
vn -0.0130 0.3457 0.9383
vn 0.0700 0.4153 -0.9070
vn 0.0310 0.9277 0.3720
vn 0.0118 0.9938 0.1108
vn 0.0120 0.9940 0.1089
vn 0.0119 0.9939 0.1092
vn -0.8860 -0.3180 0.3375
vn -0.0377 -0.9946 0.0963
vn -0.3305 0.9254 0.1853
vn 0.0097 0.9519 0.3063
vn -0.0994 -0.1649 0.9813
vn -0.0079 -0.2480 -0.9687
vn -0.0585 -0.9454 -0.3205
vn -0.0581 -0.9414 -0.3323
vn -0.0570 -0.9378 -0.3424
vn 0.0635 -0.9571 -0.2828
vn 0.0187 0.6481 0.7613
vn 0.0244 0.5794 0.8147
vn 0.0292 0.6742 0.7380
vn -0.9926 0.0791 -0.0923
vn 0.0207 -0.8794 0.4756
vn -0.0218 -0.9998 -0.0014
vn 0.0040 -0.8349 -0.5505
vn 0.2738 0.5940 -0.7564
vn 0.0274 -0.3438 0.9386
vn 0.0292 0.1374 0.9901
vn 0.1292 -0.5676 0.8131
vn 0.6431 0.7455 -0.1747
vn 0.1806 0.7155 0.6749
vn 0.9453 0.1957 -0.2611
vn -0.1836 -0.0687 -0.9806
vn 0.2703 -0.6550 -0.7056
vn -0.0044 -0.8066 0.5911
vn 0.2718 0.3314 0.9035
vn 0.8379 0.2227 0.4984
vn -0.0495 -0.0111 -0.9987
vn 0.0080 -0.2790 -0.9602
vn 0.3791 -0.9253 0.0060
vn 0.7488 0.4332 -0.5016
vn 0.6487 0.4156 -0.6376
vn 0.9610 0.1134 -0.2521
vn 0.0988 -0.4076 -0.9078
vn 0.3781 -0.4809 -0.7910
vn 0.0086 -0.4421 0.8969
vn 0.6518 0.5363 0.5363
vn -0.5888 -0.7399 0.3255
vn 0.3652 0.9222 -0.1271
vn -0.0220 -0.3476 -0.9374
vn -0.0104 -0.6787 -0.7344
vn -0.0039 -0.4033 -0.9151
vn 0.0007 -0.9990 0.0441
vn 0.5539 -0.4169 0.7207
vn -0.0408 0.0548 -0.9977
vn 0.9631 0.1342 -0.2332
vn 0.0045 -0.0974 0.9952
vn 0.0826 -0.6225 0.7783
vn 0.9997 -0.0083 0.0232
vn 0.5638 -0.3154 0.7633
vn -0.9886 0.1313 0.0738
vn 0.0028 0.9075 -0.4200
vn 0.9996 0.0215 0.0159
vn -0.6898 -0.4530 -0.5648
vn 0.9961 0.0130 0.0868
vn 0.9996 -0.0212 0.0172
vn 0.4102 -0.8994 -0.1513
vn 0.1991 -0.9153 0.3502
vn 0.3465 -0.9363 0.0573
vn -0.3927 -0.8913 0.2268
vn 0.0111 -0.9999 -0.0015
vn 0.1027 0.3486 0.9316
vn -0.0231 -0.3461 0.9379
vn -0.0230 -0.3448 0.9384
vn 0.2659 -0.8982 0.3500
vn -0.4593 -0.5850 0.6685
vn -0.1371 0.3992 0.9066
vn 0.4307 0.5758 0.6950
vn -0.0033 -0.3617 0.9323
vn 0.1363 -0.9881 -0.0710
vn -0.0162 0.7915 -0.6110
vn -0.0085 0.0050 1.0000
vn 0.0208 -0.9960 -0.0873
vn 0.0093 -0.9999 -0.0079
vn 0.0056 -0.8368 -0.5474
vn -0.1198 -0.0996 -0.9878
vn -0.2789 0.7359 -0.6170
vn 0.0462 -0.0982 0.9941
vn -0.0145 0.0562 0.9983
vn 0.0207 -0.0602 0.9980
vn 0.0761 -0.3994 0.9136
vn 0.3173 0.4251 0.8477
vn -0.1565 0.9869 -0.0388
vn 0.0346 -0.5591 -0.8284
vn 0.9189 0.3789 -0.1094
vn 0.6676 -0.7364 -0.1094
vn -0.0119 -0.6143 0.7890
vn -0.0119 -0.6144 0.7889
vn -0.0136 -0.5211 0.8534
vn 0.0194 -0.8602 -0.5096
vn -0.0732 -0.5954 -0.8001
vn 0.9943 -0.1033 0.0252
vn -0.0264 -0.3320 0.9429
vn 0.0800 -0.9215 -0.3802
vn -0.0190 0.0086 0.9998
vn 0.0001 0.0054 1.0000
vn -0.5364 -0.6956 -0.4779
vn -0.0069 -0.4683 -0.8835
vn 0.0140 -0.6044 -0.7965
vn 0.0368 0.9398 0.3397
vn 0.0348 0.9398 0.3399
vn 0.0337 0.9401 0.3393
vn -0.0243 -0.8972 0.4409
vn 0.0055 -0.3526 -0.9358
vn -0.0153 -0.0743 -0.9971
vn -0.0189 -0.9998 0.0030
vn 0.0061 0.9997 -0.0230
vn -0.9478 -0.3175 -0.0290
vn 0.0246 0.9863 -0.1632
vn 0.0002 0.0514 -0.9987
vn -0.9136 -0.4045 -0.0416
vn -0.1302 -0.7406 -0.6592
vn -0.9884 -0.0162 0.1510
vn -0.0666 0.9073 -0.4151
vn -0.0293 0.0406 -0.9987
vn -0.0972 -0.8254 0.5560
vn 0.1161 0.1138 -0.9867
vn -0.0448 0.4805 -0.8759
vn -0.0391 0.4582 -0.8880
vn -0.0191 0.4816 -0.8762
vn 0.0670 -0.9066 0.4167
vn 0.0794 0.9126 0.4011
vn 0.7594 -0.6375 -0.1301
vn 0.9895 -0.1441 -0.0077
vn -0.0334 -0.9994 0.0024
vn -0.1053 -0.9374 0.3319
vn -0.0536 0.0722 0.9959
vn -0.0133 0.6024 0.7980
vn 0.0635 -0.1362 0.9886
vn -0.0135 -0.0063 0.9999
vn -0.0166 -0.3140 0.9493
vn -0.0070 -0.2821 0.9594
vn -0.0077 -0.5065 0.8622
vn 0.7293 -0.6842 -0.0045
vn 0.0057 -0.0140 -0.9999
vn 0.7490 -0.6625 0.0005
vn 0.0197 0.9725 -0.2323
vn -0.0558 -0.7561 0.6521
vn -0.0064 0.3000 -0.9539
vn -0.3666 -0.9303 -0.0135
vn -0.8596 -0.5106 0.0182
vn -0.9978 0.0646 0.0172
vn -0.9966 0.0810 0.0116
vn -0.9943 0.0018 -0.1063
vn -0.9455 -0.3256 0.0041
vn -0.0222 -0.9967 -0.0787
vn 0.0012 -0.5223 -0.8528
vn -0.0325 -0.1884 -0.9815
vn -0.0413 0.9991 -0.0122
vn -0.1077 -0.9808 0.1627
vn -0.1626 -0.9585 -0.2343
vn -0.1077 -0.9808 0.1626
vn -0.0661 -0.0082 -0.9978
vn -0.0896 -0.9593 0.2677
vn 0.0015 -0.0710 -0.9975
vn -0.8637 0.4694 0.1834
vn -0.5515 -0.1851 0.8134
vn -0.9853 -0.1047 -0.1352
vn -0.2875 -0.9050 0.3137
vn -0.1095 0.7766 -0.6204
vn -0.6678 -0.6793 -0.3043
vn 0.6456 -0.6905 0.3262
vn 0.0059 -1.0000 -0.0004
vn 0.0027 -0.4002 -0.9164
vn -0.0013 -0.3864 -0.9223
vn -0.0014 -0.3864 -0.9223
vn -0.4069 0.9134 -0.0108
vn -0.7099 0.6790 -0.1873
vn 0.6652 0.6315 -0.3984
vn 0.7816 -0.5799 -0.2298
vn 0.9370 -0.3342 0.1019
vn 0.7971 -0.6030 0.0321
vn -0.9985 -0.0537 0.0101
vn -0.6636 -0.2149 0.7165
vn -0.7413 -0.0299 0.6705
vn -0.6162 -0.0598 -0.7853
vn -0.9760 -0.2163 -0.0263
vn -0.9963 0.0833 0.0191
vn -0.6532 0.1082 0.7494
vn 0.8315 0.5388 0.1354
vn 0.3584 0.7395 0.5698
vn 0.0037 -0.9692 -0.2462
vn -0.6225 0.1787 -0.7620
vn 0.0402 -0.0522 0.9978
vn -0.9096 -0.0491 0.4126
vn 0.0087 -0.2277 0.9737
vn -0.5917 0.6461 -0.4822
vn -0.0090 -0.7392 0.6734
vn -0.6617 -0.3169 0.6795
vn -0.9517 0.3067 -0.0107
vn -0.9622 0.2294 -0.1467
vn -0.6405 -0.2352 -0.7310
vn -0.9134 0.3848 -0.1330
vn -0.6617 -0.2237 -0.7156
vn 0.0432 0.5084 0.8601
vn 0.9638 -0.2504 0.0913
vn 0.8269 0.1498 -0.5420
vn 0.3683 -0.2296 0.9009
vn 0.8944 0.4421 -0.0673
vn -0.6354 0.3081 0.7080
vn 0.1462 0.8644 -0.4810
vn -0.6133 -0.2701 -0.7422
vn -0.9359 0.2921 0.1971
vn 0.0042 -0.3621 0.9321
vn 0.0007 -0.3706 0.9288
vn 0.0101 -0.3831 0.9236
vn 0.0698 0.9974 -0.0186
vn -0.6696 -0.2782 0.6886
vn -0.0268 0.0059 0.9996
vn -0.4809 0.2768 -0.8319
vn -0.8829 0.2707 0.3838
vn 0.7130 0.6922 0.1118
vn -0.0075 -0.0939 -0.9956
vn -0.7908 0.6117 0.0227
vn 0.9393 -0.2766 -0.2032
vn -0.7685 -0.6397 0.0138
vn -0.7859 0.5017 -0.3616
vn -0.7998 -0.6002 0.0095
vn 0.6202 -0.7486 -0.2344
vn -0.8682 0.4820 -0.1181
vn -0.8479 -0.2198 -0.4824
vn -0.0539 0.0674 -0.9963
vn -0.8006 0.5676 -0.1920
vn -0.7828 0.5154 -0.3488
vn -0.0109 -0.9999 0.0066
vn -0.0126 0.5755 0.8177
vn 0.0209 -0.0416 0.9989
vn 0.0106 0.6151 0.7884
vn 0.0584 -0.0959 -0.9937
vn -0.0320 -0.0460 -0.9984
vn -0.6508 0.2312 0.7232
vn -0.8772 -0.4788 -0.0361
vn 0.0891 0.9694 0.2288
vn -0.7433 0.6688 0.0157
vn 0.0431 0.7418 -0.6693
vn -0.3121 -0.9286 -0.2007
vn 0.5203 -0.8513 0.0685
vn -0.5770 0.4904 -0.6531
vn -0.0977 0.6003 -0.7938
vn -0.4495 -0.4984 0.7413
vn -0.6223 0.7195 0.3085
vn -0.0852 0.0523 0.9950
vn 0.0911 0.6712 0.7357
vn 0.0097 -0.1351 0.9908
vn 0.0270 0.7517 -0.6590
vn -0.4732 -0.5887 -0.6554
vn 0.6469 -0.1834 0.7402
vn -0.0288 -0.0354 0.9990
vn 0.7323 0.4105 0.5434
vn -0.5232 -0.4926 0.6954
vn -0.4948 -0.4404 -0.7492
vn 0.7586 -0.6445 -0.0958
vn -0.3306 -0.4499 -0.8296
vn -0.4062 -0.7114 -0.5735
vn -0.8210 0.5149 -0.2466
vn -0.6343 0.5010 -0.5888
vn -0.2336 -0.3921 0.8898
vn 0.3220 -0.3321 0.8866
vn -0.0225 -0.8344 0.5507
vn -0.5967 0.5165 0.6142
vn 0.3375 0.3045 -0.8907
vn -0.5162 -0.5723 -0.6372
vn -0.5380 -0.8429 0.0046
vn -0.0022 -0.3688 0.9295
vn -0.4972 -0.6059 0.6210
vn 0.1526 0.8697 -0.4694
vn -0.3846 0.6610 0.6444
vn -0.4399 0.6232 0.6466
vn -0.4000 -0.6291 0.6665
vn 0.0991 0.2175 -0.9710
vn -0.0095 -0.4005 -0.9162
vn -0.0088 -0.0387 0.9992
vn -0.0750 -0.9965 -0.0375
vn -0.9744 0.1046 0.1990
vn -0.6748 0.6893 0.2637
vn -0.5815 0.6003 0.5491
vn -0.1619 -0.9868 -0.0008
vn -0.5098 0.8599 -0.0257
vn -0.3056 -0.6393 -0.7056
vn -0.0665 -0.8640 0.4990
vn 0.2484 -0.0478 -0.9675
vn 0.0013 0.0358 0.9994
vn 0.0623 0.0989 -0.9931
vn 0.0344 -0.0599 0.9976
vn -0.0358 0.0545 -0.9979
vn -0.0414 -0.9991 0.0068
vn -0.0642 0.0664 0.9957
vn -0.7666 0.1234 -0.6301
vn 0.1432 -0.0569 -0.9881
vn 0.5675 -0.0393 -0.8225
vn 0.3879 -0.3802 -0.8396
vn -0.4247 0.6790 -0.5988
vn -0.5769 -0.6466 0.4990
vn 0.0271 -0.9996 -0.0083
vn -0.0163 -0.0328 0.9993
vn -0.0555 0.0243 -0.9982
vn -0.2338 0.0204 -0.9721
vn -0.1643 0.0037 -0.9864
vn -0.0576 -0.8447 -0.5322
vn -0.3477 0.8115 0.4697
vn 0.3881 0.2285 0.8929
vn 0.6753 -0.3369 0.6561
vn -0.3248 -0.5520 0.7680
vn -0.3783 -0.9243 -0.0500
vn -0.6137 -0.7859 0.0756
vn 0.0788 0.0781 0.9938
vn -0.3052 -0.5790 -0.7561
vn -0.2862 -0.3140 -0.9053
vn 0.9323 -0.2634 -0.2479
vn -0.0273 0.9834 0.1796
vn -0.0316 0.9838 0.1762
vn -0.0320 0.9839 0.1758
vn 0.1895 0.2637 0.9458
vn -0.0094 -0.7515 0.6597
vn -0.2602 -0.6065 0.7513
vn 0.2781 0.5772 0.7678
vn -0.3185 0.7172 -0.6198
vn -0.0120 -0.4075 0.9131
vn -0.3440 0.9253 0.1595
vn -0.0030 -0.0641 -0.9979
vn 0.0605 0.0300 -0.9977
vn -0.0128 -0.4075 -0.9131
vn 0.1117 0.4456 0.8882
vn -0.1708 -0.2267 -0.9589
vn 0.0119 0.9940 0.1086
vn 0.0177 -0.0845 0.9963
vn 0.0025 -0.7432 -0.6691
vn 0.0158 -0.0493 0.9987
vn -0.2957 0.6421 -0.7073
vn 0.0052 1.0000 0.0064
vn 0.0056 0.9878 -0.1559
vn 0.9780 -0.2084 0.0008
vn 0.0058 0.0262 0.9996
vn 0.4015 0.9099 -0.1042
vn -0.5657 -0.1131 0.8168
vn -0.8675 -0.0677 0.4927
vn -0.8038 0.0161 0.5946
vn 0.7852 0.3362 0.5200
vn -0.0049 0.0113 0.9999
vn 0.0059 0.9418 0.3361
vn 0.5743 -0.8021 -0.1637
vn -0.0239 0.9966 0.0787
vn 0.8317 -0.0041 -0.5553
vn 0.8486 -0.0752 -0.5237
vn 0.0541 -0.9956 0.0759
vn -0.3589 -0.8129 0.4588
vn 0.0537 -0.9985 -0.0083
vn -0.1974 0.7339 0.6499
vn 0.8635 0.4477 0.2323
vn -0.2152 -0.9766 0.0061
vn -0.2087 -0.7176 -0.6645
vn 0.8251 -0.4771 0.3026
vn 0.9132 0.3002 -0.2756
vn 0.0873 0.4069 -0.9093
vn -0.1419 0.9820 0.1245
vn -0.1293 0.9885 0.0781
vn -0.1059 0.9834 0.1473
vn -0.1072 -0.7152 0.6906
vn 0.0169 0.5366 -0.8437
vn 0.2854 0.7822 -0.5537
vn 0.2051 0.9587 0.1969
vn 0.0988 -0.3430 -0.9341
vn 0.9829 -0.0759 0.1675
vn 0.4437 0.6577 0.6087
vn 0.6349 0.0503 -0.7710
vn -0.4445 0.2553 -0.8586
vn -0.3125 -0.0269 -0.9495
vn -0.4005 -0.2094 -0.8920
vn -0.3750 0.3755 0.8476
vn -0.5105 0.8238 -0.2464
vn 0.0799 0.0333 -0.9962
vn 0.1709 0.0633 -0.9833
vn 0.0232 -0.9281 0.3715
vn 0.6162 -0.5164 0.5946
vn 0.0305 -0.8679 0.4958
vn -0.0681 0.0724 -0.9950
vn 0.0614 0.1119 -0.9918
vn -0.1134 0.9602 -0.2553
vn -0.8457 0.0170 0.5333
vn -0.1221 0.9914 -0.0481
vn 0.0022 0.1332 -0.9911
vn -0.0002 -0.3892 0.9212
vn -0.0602 -0.9877 -0.1442
vn -0.1451 -0.7081 -0.6911
vn 0.1043 -0.2225 0.9693
vn -0.0175 -0.9972 0.0729
vn -0.4301 -0.1488 0.8904
vn -0.1500 -0.0216 0.9885
vn -0.0491 -0.9988 0.0080
vn -0.0141 -0.4098 -0.9121
vn -0.0616 0.7160 -0.6954
vn -0.0062 -0.8532 0.5215
vn 0.0484 -0.9573 0.2850
vn 0.0377 -0.9602 0.2769
vn -0.0516 0.9525 -0.3000
vn 0.0070 0.9886 0.1504
vn -0.0479 0.9988 -0.0055
vn -0.0381 0.9980 0.0510
vn -0.6368 -0.1544 -0.7554
vn 0.0510 0.9921 0.1150
vn -0.0104 -0.9997 0.0233
vn -0.1824 -0.3295 0.9264
vn -0.6019 -0.5648 0.5645
vn 0.3199 -0.9414 -0.1070
vn -0.8891 0.0131 -0.4575
vn -0.9129 0.2006 -0.3554
vn -0.8748 -0.0431 -0.4826
vn 0.0215 0.7737 0.6332
vn -0.1652 0.9862 0.0131
vn -0.0596 -0.6788 -0.7319
vn 0.2236 -0.8510 -0.4752
vn -0.8388 -0.5348 0.1014
vn -0.6585 0.7077 -0.2562
vn -0.0136 0.4921 0.8704
vn -0.1059 0.9757 -0.1916
vn -0.0649 0.0287 -0.9975
vn -0.0516 -0.0047 -0.9987
vn -0.6401 -0.6377 -0.4286
vn 0.3246 -0.9373 0.1269
vn -0.0091 -0.4157 0.9094
vn -0.1991 -0.4598 0.8654
vn 0.3032 -0.9320 -0.1985
vn 0.3104 -0.5783 -0.7545
vn -0.8264 -0.5631 -0.0011
vn -0.8265 -0.5629 -0.0011
vn -0.8275 -0.2071 0.5218
vn -0.8197 0.1158 0.5610
vn -0.0721 -0.6928 0.7175
vn 0.0078 -0.0950 0.9954
vn 0.1005 0.9806 0.1685
vn -0.0137 0.3060 0.9519
vn 0.0448 0.2683 0.9623
vn 0.0138 0.2012 0.9795
vn -0.0108 0.9091 -0.4164
vn -0.6446 0.5802 0.4978
vn 0.3301 0.5197 -0.7880
vn 0.0583 -0.7032 0.7086
vn -0.6770 -0.5337 -0.5069
vn -0.1902 0.2435 0.9511
vn -0.3615 0.0044 0.9323
vn -0.0458 0.2935 -0.9549
vn -0.0724 0.9514 0.2994
vn 0.0622 0.0037 0.9981
vn -0.7431 0.3192 0.5882
vn 0.0483 0.7517 0.6578
vn 0.0074 0.4355 -0.9002
vn -0.0530 -0.9984 -0.0192
vn -0.5655 -0.7279 0.3879
vn 0.0173 0.6571 0.7536
vn -0.0559 -0.0032 0.9984
vn -0.0172 0.0496 0.9986
vn 0.0657 -0.0387 0.9971
vn 0.0062 0.9984 0.0556
vn 0.0296 0.9330 0.3586
vn -0.7547 -0.0722 -0.6521
vn -0.4261 -0.6615 -0.6172
vn -0.8223 0.0066 0.5690
vn -0.4934 0.8043 0.3312
vn -0.6150 -0.6314 0.4724
vn -0.6150 -0.6313 0.4725
vn -0.6035 -0.5741 0.5534
vn 0.0430 -0.7975 -0.6018
vn -0.4832 -0.7764 0.4046
vn -0.0536 0.5363 -0.8423
vn -0.0562 -0.9871 0.1501
vn 0.0259 -0.9992 0.0306
vn -0.4519 0.1952 -0.8704
vn -0.2305 0.5295 -0.8164
vn -0.5804 0.1272 -0.8043
vn 0.0418 -0.9984 0.0377
vn 0.1925 0.9650 -0.1781
vn 0.0381 -0.0784 0.9962
vn -0.0052 0.0021 1.0000
vn -0.0401 -0.7710 0.6356
vn 0.0003 0.9994 -0.0339
vn -0.6165 0.5677 -0.5456
vn -0.0534 -0.4403 -0.8963
vn 0.0085 -0.2272 0.9738
vn -0.0211 0.0067 0.9998
vn 0.1852 -0.8328 0.5216
vn -0.0000 0.0127 -0.9999
vn -0.0002 0.0139 -0.9999
vn 0.0002 0.0100 -0.9999
vn -0.6314 -0.3907 -0.6698
vn -0.3498 -0.9023 -0.2521
vn -0.9622 -0.2708 0.0296
vn -0.9731 -0.2262 0.0436
vn -0.8683 -0.4682 0.1636
vn -0.2174 -0.9396 -0.2643
vn -0.1796 -0.9449 -0.2737
vn -0.0125 0.1715 -0.9851
vn -0.5612 -0.8158 0.1400
vn 0.1876 0.1965 0.9624
vn -0.9406 0.2614 -0.2165
vn 0.1597 -0.0064 -0.9872
vn -0.0598 0.5290 0.8465
vn 0.0158 -0.0494 0.9987
vn 0.0034 -0.0293 0.9996
vn 0.3332 -0.7776 0.5331
vn -0.8478 -0.0918 -0.5223
vn -0.0285 -0.7051 -0.7086
vn -0.3873 0.6395 -0.6641
vn -0.4652 -0.8390 -0.2823
vn -0.6452 0.2173 0.7325
vn 0.4359 0.4644 -0.7709
vn -0.2517 -0.9382 -0.2374
vn -0.1609 0.9716 0.1734
vn -0.5491 -0.8337 -0.0587
vn -0.0050 0.0094 0.9999
vn 0.0073 0.0228 0.9997
vn 0.0563 0.4709 0.8804
vn -0.6835 0.7298 0.0150
vn -0.0802 0.1257 -0.9888
vn -0.9837 0.1183 0.1357
vn -0.7174 -0.1840 0.6720
vn 0.2565 0.9664 -0.0153
vn 0.0076 0.9999 -0.0151
vn -0.0002 -0.0010 1.0000
vn -0.6188 -0.7329 0.2828
vn 0.0444 -0.4927 -0.8690
vn -0.1728 0.8991 0.4021
vn -0.1461 0.9528 0.2662
vn -0.2798 0.8774 -0.3898
vn -0.0065 -0.0028 -1.0000
vn 0.1970 0.9067 0.3730
vn -0.1528 0.4590 -0.8752
vn -0.0323 0.9839 0.1756
vn -0.6973 -0.7162 -0.0300
vn -0.5320 0.8444 0.0628
vn 0.3729 -0.9274 -0.0300
vn 0.0013 0.0001 -1.0000
vn 0.9997 0.0225 -0.0017
vn 0.1763 -0.9048 0.3877
vn 0.2225 0.9066 0.3586
vn 0.0633 0.2615 -0.9631
vn 0.1376 0.7095 0.6911
vn -0.5485 0.1451 -0.8235
vn 0.0372 0.7943 -0.6064
vn 0.2114 0.9708 -0.1137
vn -0.0571 0.6263 0.7775
vn 0.0565 0.8821 -0.4676
vn -0.0275 -0.0304 -0.9992
vn 0.0028 0.0070 -1.0000
vn -0.0022 0.0092 -1.0000
vn -0.0024 0.0092 -1.0000
vn -0.3459 0.9037 0.2523
vn -0.3455 0.9022 0.2582
vn -0.3454 0.9018 0.2596
vn 0.0742 -0.7549 -0.6516
vn -0.7330 -0.6798 0.0225
vn 0.0911 0.5727 -0.8147
vn 0.2013 -0.9381 0.2819
vn 0.1137 -0.9929 -0.0361
vn 0.3252 -0.6091 -0.7233
vn -0.0372 -0.9634 0.2656
vn 0.1114 -0.9845 0.1353
vn 0.5379 0.2267 0.8120
vn 0.1372 -0.7752 0.6167
vn -0.3460 0.9042 0.2505
vn 0.0470 0.9952 0.0863
vn 0.1060 0.8783 -0.4662
vn 0.1444 -0.7154 0.6837
vn 0.1143 0.6620 -0.7408
vn -0.0451 0.3599 0.9319
vn -0.2061 0.1920 0.9595
vn -0.2118 -0.2886 0.9337
vn 0.1443 -0.6435 -0.7518
vn 0.0171 0.0693 0.9974
vn 0.0570 -0.0052 0.9984
vn -0.0323 -0.9619 -0.2715
vn -0.0004 0.8963 -0.4435
vn -0.2737 0.9518 0.1382
vn -0.2646 0.9469 -0.1826
vn 0.0622 0.0990 -0.9931
vn -0.2807 -0.1779 -0.9431
vn 0.0880 -0.9007 -0.4255
vn 0.2802 0.9595 -0.0283
vn 0.4703 -0.8758 -0.1086
vn 0.6245 0.7705 0.1275
vn 0.1488 0.9604 0.2356
vn -0.1264 -0.7718 0.6232
vn 0.0090 0.9994 -0.0320
vn 0.5989 0.7959 0.0885
vn 0.4405 0.8966 -0.0460
vn -0.0470 -0.9959 -0.0772
vn -0.0075 0.9997 0.0249
vn 0.0469 -0.7749 0.6304
vn 0.5074 -0.7727 -0.3813
vn -0.3023 0.9356 -0.1824
vn 0.2515 0.9517 -0.1761
vn 0.2671 0.7011 0.6611
vn 0.4674 0.7843 0.4080
vn 0.5258 -0.8390 0.1402
vn 0.5830 -0.7785 0.2326
vn 0.9691 -0.0807 0.2331
vn 0.1370 -0.4717 -0.8711
vn -0.2994 0.9295 -0.2156
vn 0.1760 0.8151 -0.5519
vn 0.6258 0.7767 0.0721
vn 0.2223 -0.1994 0.9544
vn -0.1915 0.9814 -0.0165
vn -0.2037 -0.9785 0.0322
vn 0.1207 -0.7088 -0.6950
vn 0.5885 -0.7797 0.2138
vn -0.9322 0.3602 -0.0352
vn 0.1152 0.2645 -0.9575
vn 0.3061 0.5978 0.7409
vn 0.0729 -0.0053 0.9973
vn 0.7249 -0.6718 0.1523
vn -0.5074 -0.7917 0.3402
vn 0.4784 -0.5869 0.6532
vn -0.1595 -0.3479 -0.9239
vn -0.0758 -0.9962 -0.0419
vn -0.0179 0.9973 -0.0707
vn -0.0630 0.1968 -0.9784
vn 0.3696 -0.5690 0.7346
vn 0.5259 -0.8233 -0.2135
vn -0.1477 0.0328 -0.9885
vn -0.0101 0.0126 -0.9999
vn 0.9313 0.0234 0.3634
vn 0.2329 0.3501 0.9073
vn 0.9756 -0.0209 0.2186
vn 0.4787 0.8759 -0.0604
vn -0.0007 0.3247 0.9458
vn 0.5596 0.8227 0.1002
vn 0.6405 0.7155 0.2791
vn 0.1220 -0.6651 0.7368
vn 0.2715 0.4171 -0.8673
vn 0.4586 -0.0860 -0.8845
vn 0.1322 -0.6923 -0.7094
vn 0.8086 0.5734 -0.1319
vn 0.9388 0.0881 0.3329
vn 0.8305 0.4935 0.2583
vn -0.0077 0.0044 1.0000
vn 0.4020 0.0137 0.9155
vn -0.8944 -0.4179 -0.1596
vn -0.6988 -0.6652 -0.2630
vn 0.8980 0.0640 0.4354
vn 0.2467 0.6976 0.6727
vn 0.0546 -0.9983 0.0200
vn 0.0009 -0.9993 0.0366
vn -0.0100 -0.8208 -0.5712
vn -0.0095 -0.9893 -0.1457
vn -0.0999 -0.5524 0.8275
vn -0.0044 0.4862 -0.8738
vn -0.9727 -0.0190 -0.2312
vn 0.9258 -0.2518 -0.2821
vn 0.0708 -0.9778 -0.1974
vn 0.4408 0.6574 -0.6111
vn 0.4511 0.8879 -0.0901
vn 0.4754 -0.5226 0.7078
vn 0.3370 0.4134 0.8459
vn 0.3264 -0.7102 -0.6238
vn -0.5500 0.6161 0.5639
vn -0.5690 0.6205 0.5396
vn -0.2722 -0.7802 0.5632
vn 0.2492 -0.5874 -0.7699
vn -0.0290 -0.0216 0.9993
vn 0.4175 0.0356 0.9080
vn 0.9803 -0.1787 -0.0836
vn 0.9575 -0.2232 -0.1829
vn 0.9507 -0.2253 -0.2129
vn 0.6360 0.7570 0.1498
vn -0.0137 0.0491 0.9987
vn 0.0026 0.0429 0.9991
vn -0.1842 -0.2416 -0.9527
vn 0.1913 -0.6648 0.7222
vn -0.3587 -0.5690 -0.7400
vn 0.7666 -0.4764 -0.4306
vn 0.6455 0.4399 -0.6244
vn 0.6486 0.4409 -0.6204
vn -0.0390 0.9990 -0.0237
vn -0.6605 0.7031 0.2632
vn -0.0049 0.0009 1.0000
vn -0.1108 0.0561 -0.9923
vn -0.0956 -0.8813 0.4627
vn 0.0033 -0.8925 -0.4511
vn 0.5620 -0.1369 -0.8158
vn 0.3967 0.8925 -0.2147
vn -0.5199 -0.8413 0.1482
vn 0.1153 0.1000 0.9883
vn -0.0104 0.9998 0.0192
vn 0.2005 -0.9744 0.1018
vn -0.0505 -0.9955 -0.0798
vn -0.1357 0.9899 0.0415
vn -0.1218 -0.0047 -0.9925
vn 0.8557 0.3023 -0.4201
vn 0.7944 -0.4905 0.3583
vn 0.5653 -0.7154 -0.4106
vn 0.6068 -0.7882 0.1030
vn -0.4934 0.8441 0.2098
vn 0.3289 -0.9444 0.0018
vn -0.2501 0.1384 0.9583
vn 0.7183 -0.6482 0.2526
vn -0.8778 0.3639 0.3114
vn 0.4080 -0.5376 -0.7379
vn -0.8989 0.2165 0.3809
vn 0.5569 -0.8306 -0.0027
vn -0.1004 0.2068 -0.9732
vn -0.0570 -0.5518 -0.8321
vn 0.6563 0.4433 -0.6106
vn 0.6375 0.2682 -0.7223
vn -0.0325 -0.1640 -0.9859
vn -0.0254 -0.1739 -0.9844
vn -0.0391 -0.2349 -0.9712
vn -0.0409 -0.3945 0.9180
vn -0.0295 -0.1861 0.9821
vn -0.0294 -0.1998 0.9794
vn 0.0375 -0.5802 0.8136
vn -0.9090 -0.4163 -0.0206
vn 0.4251 0.6559 0.6238
vn -0.6756 -0.5579 -0.4820
vn -0.5147 -0.3638 0.7763
vn 0.0742 0.1566 -0.9849
vn 0.6357 -0.5455 -0.5462
vn 0.6430 0.7636 0.0589
vn -0.6598 0.1563 -0.7350
vn 0.5248 0.8512 0.0060
vn 0.5215 0.8532 -0.0062
vn -0.0292 -0.5619 -0.8267
vn 0.3768 -0.2424 0.8940
vn -0.8682 -0.0925 0.4875
vn -0.9427 -0.0269 -0.3324
vn -0.0355 0.7310 -0.6815
vn 0.5664 -0.4474 -0.6921
vn 0.0105 -0.8359 0.5488
vn -0.0656 0.0474 -0.9967
vn 0.6563 0.7527 0.0512
vn -0.0119 0.0417 0.9991
vn -0.3385 -0.1608 0.9271
vn -0.1052 -0.1739 0.9791
vn 0.9892 0.1465 0.0062
vn -0.2076 -0.9781 0.0140
vn 0.1634 -0.5504 -0.8188
vn 0.0104 -0.7779 -0.6283
vn 0.4967 -0.5121 0.7007
vn -0.0460 -0.0718 -0.9964
vn -0.0273 -0.0368 -0.9989
vn -0.0269 0.2082 -0.9777
vn 0.2600 -0.3146 0.9129
vn -0.0023 -1.0000 0.0003
vn 0.0012 -1.0000 0.0003
vn -0.0002 -1.0000 0.0003
vn -0.0188 -0.0029 0.9998
vn 0.0057 -0.9938 -0.1110
vn 0.2199 -0.9643 -0.1474
vn -0.9121 0.0943 -0.3989
vn -0.4434 -0.6870 0.5757
vn -0.1682 0.6604 -0.7319
vn -0.8378 0.3922 -0.3798
vn -0.9994 -0.0249 -0.0232
vn -0.7341 0.6790 0.0021
vn -1.0000 -0.0049 -0.0082
vn -0.9454 0.2795 0.1678
vn -0.3594 0.9287 0.0909
vn 0.7993 0.3700 0.4735
vn -0.8448 -0.5053 -0.1759
vn 0.1461 -0.4411 0.8855
vn -0.0264 -0.7264 0.6868
vn -0.9975 0.0686 -0.0184
vn 0.5562 0.4356 -0.7078
vn 0.5620 0.4007 0.7236
vn -0.0319 0.1880 -0.9817
vn 0.7222 -0.6915 -0.0160
vn -0.3701 -0.3559 0.8581
vn -0.4328 0.4409 0.7863
vn -0.4673 -0.4711 0.7481
vn -0.7104 0.3125 0.6306
vn -0.4785 -0.3175 -0.8187
vn -0.4056 0.0747 -0.9110
vn 0.0029 0.0822 -0.9966
vn -0.4329 0.4409 0.7863
vn 0.1239 0.9854 0.1164
vn 0.6449 0.7637 -0.0304
vn 0.1495 -0.9109 -0.3846
vn -0.2068 0.0057 -0.9784
vn -0.8894 0.4545 0.0486
vn -0.2566 0.0327 0.9660
vn 0.0229 0.3102 0.9504
vn -0.6767 0.0032 0.7363
vn -0.0715 0.8501 -0.5217
vn 0.0996 -0.8645 0.4927
vn 0.0185 -0.8134 -0.5814
vn 0.2234 0.7544 -0.6172
vn 0.1399 0.0736 0.9874
vn 0.6614 -0.0810 -0.7456
vn -0.5894 -0.2145 0.7788
vn -0.1358 0.0825 -0.9873
vn 0.8636 -0.2132 -0.4569
vn -0.0377 -0.1101 -0.9932
vn 0.5316 -0.1680 -0.8302
vn 0.2562 -0.8129 -0.5231
vn -0.0679 -0.0219 -0.9975
vn 0.0835 -0.2845 -0.9550
vn 0.0243 -0.4284 -0.9033
vn 0.6661 0.0022 0.7458
vn 0.1173 -0.0628 0.9911
vn -0.0992 0.9951 -0.0042
vn 0.5430 -0.4569 0.7045
vn -0.2672 0.2519 -0.9301
vn 0.3669 0.0535 -0.9287
vn -0.1705 0.0392 0.9846
vn 0.6425 -0.0757 0.7625
vn 0.6209 -0.1447 0.7705
vn 0.9093 0.2989 -0.2897
vn 0.7771 0.6280 -0.0417
vn 0.2079 0.6790 -0.7040
vn 0.2698 0.5998 -0.7533
vn -0.3597 0.8575 -0.3678
vn 0.8117 -0.1474 -0.5652
vn 0.7593 -0.6493 0.0437
vn -0.0131 -0.8174 0.5759
vn -0.0252 0.9997 0.0048
vn 0.0117 0.9996 0.0260
vn 0.5960 -0.5063 -0.6233
vn -0.0018 -0.0086 -1.0000
vn 0.3996 -0.4550 0.7958
vn -0.9387 -0.0622 0.3390
vn -0.0092 0.9129 0.4080
vn -0.0210 -0.5550 0.8316
vn -0.7150 -0.6729 -0.1899
vn 0.5558 -0.8164 0.1569
vn 0.6050 -0.3060 0.7351
vn 0.3311 0.2342 0.9141
vn -0.7107 0.1101 -0.6949
vn 0.6620 -0.2603 -0.7029
vn 0.0018 -1.0000 0.0003
vn -0.2032 -0.3027 0.9312
vn -0.5917 0.8061 0.0078
vn 0.3685 -0.5070 -0.7792
vn -0.0306 -0.0269 0.9992
vn 0.1230 0.6255 -0.7705
vn -0.0460 -0.9916 -0.1212
vn -0.5035 -0.4116 0.7597
vn -0.8141 -0.5791 -0.0444
vn -0.8403 -0.5159 0.1666
vn -0.1297 0.9647 -0.2292
vn -0.1665 0.9680 -0.1879
vn -0.2345 0.9720 0.0149
vn 0.2497 -0.3983 0.8826
vn -0.0018 -0.0087 -1.0000
vn 0.5755 -0.7934 0.1984
vn 0.2578 -0.4928 0.8311
vn -0.1150 -0.7783 -0.6172
vn 0.3934 -0.8263 0.4030
vn -0.6473 -0.1517 -0.7470
vn -0.1916 -0.9806 0.0421
vn -0.0152 0.0412 0.9990
vn 0.0201 -0.0778 -0.9968
vn -0.0673 0.9526 -0.2967
vn 0.6739 0.4243 0.6048
vn 0.8109 -0.1448 -0.5669
vn 0.9045 0.1335 -0.4049
vn 0.1696 -0.9849 -0.0353
vn 0.4002 -0.9000 -0.1727
vn 0.6195 -0.7824 -0.0640
vn 0.6560 -0.7528 -0.0550
vn 0.7823 0.1087 0.6134
vn 0.3151 0.7414 0.5925
vn -0.0003 0.9839 0.1787
vn 0.8381 0.1526 0.5237
vn -0.0220 -0.0372 -0.9991
vn 0.9199 -0.3913 0.0245
vn -0.5035 -0.4116 0.7596
vn 0.7928 0.6045 0.0773
vn 0.7799 0.6197 0.0879
vn 0.6064 -0.7314 -0.3120
vn 0.4434 -0.4810 -0.7564
vn 0.3253 -0.2410 -0.9144
vn -0.3027 0.7816 -0.5455
vn 0.9240 0.3822 -0.0068
vn -0.8759 0.4749 -0.0849
vn 0.6938 -0.0351 -0.7193
vn 0.6594 -0.7411 -0.1264
vn 0.5177 -0.8471 -0.1196
vn 0.5766 -0.7987 -0.1722
vn -0.5115 -0.7495 0.4203
vn 0.6958 -0.1234 0.7076
vn 0.5749 -0.7042 0.4167
vn 0.9785 -0.1022 0.1792
vn 0.1957 -0.4282 0.8822
vn 0.2051 -0.3957 0.8952
vn 0.3174 0.3209 0.8924
vn -0.6696 0.7309 -0.1320
vn 0.9296 -0.3634 0.0614
vn -0.0125 -0.3854 -0.9227
vn 0.7327 -0.6803 -0.0182
vn -0.6930 0.7189 0.0549
vn -0.9915 -0.1211 0.0473
vn -0.8927 -0.4423 -0.0863
vn 0.7589 0.2155 -0.6146
vn -0.1467 -0.0291 -0.9888
vn 0.7714 0.6297 0.0914
vn -0.0299 -0.9983 0.0492
vn 0.6611 -0.6696 0.3385
vn 0.5462 -0.1460 0.8248
vn 0.0040 -0.9996 0.0289
vn -0.6934 0.6763 0.2486
vn 0.7761 -0.5572 -0.2953
vn 0.9980 0.0317 -0.0544
vn -0.7627 0.2559 0.5940
vn 0.7433 -0.6690 0.0024
vn 0.7744 -0.6316 -0.0376
vn 0.7686 -0.6385 -0.0407
vn 0.7729 -0.6331 -0.0424
vn 0.9812 -0.1927 -0.0081
vn 0.0225 0.0259 0.9994
vn -0.9966 0.0784 -0.0252
vn -0.9730 -0.1916 -0.1288
vn -0.9966 0.0784 -0.0251
vn -0.6081 0.7909 0.0685
vn -0.7051 -0.4663 -0.5342
vn -0.9049 -0.1267 -0.4063
vn -0.9279 -0.1188 -0.3535
vn 0.7915 -0.1292 0.5973
vn -0.9941 -0.0783 0.0745
vn -0.8650 -0.4590 -0.2025
vn -0.8584 -0.4688 -0.2082
vn -0.8777 -0.4448 -0.1785
vn 0.1135 0.0736 -0.9908
vn -0.4641 -0.8754 -0.1355
vn -0.9665 -0.2142 -0.1415
vn -0.9716 -0.1610 0.1734
vn -0.9865 0.1637 0.0086
vn -0.9225 0.2123 0.3222
vn 0.1966 -0.9802 0.0255
vn -0.9931 -0.0414 0.1097
vn -0.4593 -0.8798 0.1220
vn -0.9182 -0.1149 0.3790
vn 0.0482 -0.9980 0.0414
vn 0.0710 -0.9872 0.1430
vn 0.6649 -0.7402 -0.0999
vn 0.0302 -0.9978 0.0590
vn -0.4877 0.8693 0.0803
vn 0.1387 0.8516 0.5055
vn -0.9489 -0.2469 -0.1968
vn 0.9229 0.3850 -0.0043
vn 0.8534 0.5197 -0.0405
vn 0.7260 0.6866 -0.0394
vn 0.2052 -0.9768 -0.0605
vn -0.0785 -0.1761 0.9812
vn 0.4711 -0.4846 0.7370
vn 0.2530 0.6210 0.7419
vn -0.8244 -0.0396 0.5647
vn -0.8702 0.0059 0.4927
vn 0.4519 -0.3880 -0.8033
vn -0.0482 -0.1221 0.9913
vn -0.8049 -0.5678 -0.1724
vn -0.8034 -0.5662 -0.1842
vn -0.8032 -0.5715 -0.1681
vn 0.3757 0.8189 -0.4339
vn -0.3513 0.9353 0.0420
vn -0.6734 -0.5438 -0.5008
vn -0.6955 -0.5477 -0.4651
vn 0.4411 -0.5647 -0.6976
vn 0.6476 -0.7606 -0.0462
vn -0.6118 0.7415 0.2754
vn 0.8882 0.4309 0.1591
vn 0.9806 0.1917 0.0410
vn -0.2999 -0.1435 -0.9431
vn 0.8486 0.5290 -0.0078
vn 0.1522 0.9766 0.1520
vn 0.0667 0.9786 0.1948
vn 0.3635 0.9305 -0.0450
vn 0.4136 0.6948 0.5884
vn -0.3892 -0.8858 0.2529
vn 0.0632 -0.8481 0.5260
vn 0.6267 -0.5921 0.5066
vn -0.0508 -0.7827 0.6203
vn 0.0773 -0.6722 -0.7363
vn -0.0488 -0.7624 0.6453
vn 0.0071 0.9997 -0.0224
vn 0.2677 -0.9635 -0.0018
vn -0.3109 -0.8774 -0.3653
vn 0.0760 -0.4713 -0.8787
vn 0.2622 -0.9650 -0.0017
vn 0.0875 -0.7849 0.6134
vn -0.5418 0.7111 0.4481
vn -0.7104 -0.5557 -0.4318
vn -0.6935 -0.5821 -0.4246
vn -0.7015 -0.5796 -0.4147
vn 0.0650 -0.0050 0.9979
vn -0.6882 -0.5272 0.4985
vn 0.8409 -0.5403 0.0314
vn 0.3278 0.3740 0.8676
vn 0.0775 0.9970 0.0091
vn -0.0859 -0.9931 -0.0793
vn 0.0041 -0.9994 -0.0332
vn -0.0381 -0.9683 0.2469
vn -0.0527 -0.7509 -0.6583
vn 0.0696 0.9966 0.0442
vn 0.0456 0.9988 0.0152
vn 0.9770 0.1829 0.1096
vn 0.3859 -0.5078 -0.7702
vn 0.4757 -0.3379 -0.8121
vn -0.0869 0.2807 0.9558
vn 0.9931 0.0212 0.1151
vn 0.9999 -0.0089 -0.0138
vn -0.1460 -0.8910 -0.4300
vn 0.4923 0.0335 -0.8698
vn 0.8433 0.4338 0.3173
vn -0.4777 -0.7323 -0.4853
vn 0.3846 0.9107 -0.1507
vn 0.6336 0.1277 -0.7631
vn 0.9201 -0.2030 0.3350
vn 0.5335 -0.1950 -0.8230
vn -0.0043 -0.5748 0.8183
vn 1.0000 -0.0077 0.0015
vn 0.9999 0.0143 -0.0055
vn 0.9769 -0.2002 -0.0754
vn 0.9895 -0.1390 -0.0385
vn 0.9599 -0.2708 -0.0729
vn 0.9989 -0.0282 -0.0379
vn 0.5840 -0.1835 -0.7907
vn 0.8580 -0.3549 0.3712
vn 0.9989 0.0350 0.0315
vn -0.3467 -0.8977 0.2718
vn 0.1163 -0.0589 0.9915
vn 0.0034 0.9987 -0.0510
vn 0.0056 -0.3639 -0.9314
vn -0.4779 -0.8286 -0.2917
vn 0.7926 -0.2006 0.5758
vn 0.9402 0.3296 -0.0864
vn 0.9958 -0.0194 -0.0896
vn -0.3487 -0.3992 -0.8480
vn -0.9901 0.1140 0.0815
vn -0.0134 0.4140 0.9102
vn -0.9762 0.1751 -0.1281
vn -0.0088 0.9797 -0.2003
vn 0.8473 -0.2225 0.4823
vn -0.8903 -0.2964 0.3457
vn -0.8895 -0.2978 0.3465
vn -0.8906 -0.2958 0.3455
vn 0.0219 0.6144 -0.7887
vn -0.1193 0.1573 0.9803
vn 0.1813 -0.4521 -0.8733
vn -0.0137 0.6208 -0.7839
vn -0.9962 0.0502 0.0711
vn 0.0428 0.4654 0.8841
vn 0.1517 -0.2507 -0.9561
vn 0.1438 -0.1238 0.9818
vn 0.2030 -0.5275 0.8249
vn -0.8135 -0.1944 0.5481
vn 0.3210 -0.4067 -0.8553
vn -0.3380 -0.8417 -0.4210
vn -0.5598 -0.2166 -0.7998
vn -0.3058 -0.1001 -0.9468
vn 0.1222 -0.9909 -0.0569
vn 0.5347 0.4822 -0.6940
vn -0.1621 0.6667 0.7274
vn 0.4138 0.9102 -0.0174
vn -0.0334 0.8476 0.5296
vn 0.1425 -0.9736 0.1783
vn -0.0072 0.6878 -0.7259
vn -0.9531 0.2406 -0.1837
vn -0.8622 -0.5062 0.0208
vn 0.5119 -0.8502 -0.1229
vn -0.0851 0.6376 0.7657
vn 0.5053 -0.0300 0.8624
vn -0.6591 -0.3702 0.6547
vn -0.9406 -0.3154 -0.1256
vn 0.0029 0.9998 0.0213
vn -0.0491 -0.9978 -0.0437
vn 0.0550 -0.3128 -0.9482
vn 0.9495 -0.2860 0.1287
vn 0.4788 0.1204 -0.8696
vn 0.1377 0.9904 -0.0083
vn 0.1966 0.9673 -0.1602
vn -0.3489 -0.4682 0.8118
vn 0.8298 -0.5544 -0.0642
vn 0.8297 -0.5545 -0.0642
vn 0.8104 -0.5845 -0.0409
vn 0.2447 0.5925 0.7675
vn 0.2673 0.5581 0.7855
vn 0.3348 0.5455 0.7683
vn -0.0300 -0.0190 -0.9994
vn 0.6263 0.7768 -0.0660
vn 0.8735 -0.4706 -0.1250
vn 0.5387 0.0887 -0.8378
vn 0.5208 0.0711 -0.8507
vn 0.5152 0.0720 -0.8540
vn -0.0132 0.1290 -0.9916
vn 0.8181 0.4240 0.3885
vn -0.6722 0.0383 -0.7394
vn 0.0335 -0.9144 -0.4034
vn 0.3085 0.5969 -0.7406
vn -0.1974 -0.9791 -0.0496
vn 0.0023 1.0000 -0.0000
vn 0.1556 0.7381 -0.6565
vn -0.9776 0.1551 0.1421
vn -0.4183 0.4854 0.7677
vn -0.9759 0.1303 0.1748
vn -0.9800 0.0745 0.1846
vn 0.9840 -0.1347 -0.1164
vn 0.0647 -0.0520 -0.9965
vn 0.6315 0.0019 0.7754
vn -0.6890 -0.3010 0.6593
vn 0.0312 -0.5116 0.8586
vn -0.9939 0.0671 0.0878
vn 0.9343 0.3292 0.1366
vn 0.0836 -0.0396 -0.9957
vn 0.0280 -0.7573 -0.6525
vn 0.5919 -0.2041 -0.7797
vn -0.8949 -0.2808 -0.3469
vn -0.2959 -0.9460 -0.1326
vn 0.0003 1.0000 -0.0016
vn 0.8960 -0.1203 0.4275
vn 0.8803 -0.0730 0.4688
vn 0.9185 0.0112 0.3953
vn 0.0844 -0.3825 0.9201
vn 0.9485 0.2387 0.2085
vn 0.4184 0.1843 0.8894
vn 0.9286 -0.0488 -0.3679
vn 0.9527 0.0598 -0.2979
vn 0.9008 -0.1343 0.4129
vn 0.9752 0.0744 0.2084
vn 0.0592 -0.6802 0.7307
vn -0.9414 -0.3374 -0.0027
vn -0.8508 0.5140 -0.1093
vn -0.9461 -0.3238 -0.0026
vn -0.5373 -0.7600 -0.3657
vn 0.0498 -0.2173 0.9748
vn -0.1673 -0.2139 0.9624
vn -0.4378 0.0349 0.8984
vn 0.7120 0.0345 -0.7013
vn 0.3128 -0.9322 0.1820
vn -0.1328 0.0850 0.9875
vn 0.7684 -0.0769 -0.6353
vn -0.9779 0.1445 0.1512
vn -0.9653 0.0480 0.2569
vn -0.9695 0.2008 0.1408
vn -0.2154 0.9680 -0.1286
vn -0.2153 0.9680 -0.1286
vn -0.9695 0.2008 0.1407
vn -0.3380 0.9370 -0.0885
vn -0.9702 -0.2389 0.0401
vn -0.4331 0.1405 -0.8903
vn -0.2058 -0.9773 -0.0508
vn 0.0541 0.9985 -0.0092
vn -0.9502 0.3063 0.0582
vn 0.8358 0.0421 0.5474
vn 0.7343 0.0957 0.6720
vn 0.9442 -0.0315 0.3280
vn 0.1204 0.9927 -0.0007
vn -0.9338 0.0710 -0.3508
vn -0.7893 0.6140 -0.0064
vn -0.8289 0.1599 0.5360
vn -0.8129 -0.5614 -0.1551
vn 0.9294 -0.3667 0.0413
vn 0.0512 -0.9862 0.1576
vn -0.8318 0.5534 -0.0428
vn 0.7292 -0.0483 -0.6826
vn 0.7070 0.1653 -0.6877
vn -0.6228 -0.7823 0.0113
vn -0.6801 -0.7331 -0.0002
vn 0.0038 -0.9845 0.1756
vn -0.0014 -0.9999 0.0111
vn -0.8719 -0.4897 0.0058
vn -0.5090 -0.8600 0.0354
vn -0.8368 -0.5474 -0.0036
vn -0.9993 -0.0304 0.0218
vn -0.9995 -0.0304 -0.0042
vn -0.9991 -0.0430 -0.0040
vn -0.0240 -0.2892 0.9570
vn 0.3787 -0.2177 0.8996
vn -0.5773 0.7958 0.1829
vn 0.5648 0.7873 -0.2472
vn 0.6541 0.6532 -0.3814
vn 0.7921 -0.2892 -0.5376
vn 0.0080 -0.3033 -0.9529
vn 0.5430 -0.0446 0.8386
vn 0.9388 -0.3418 -0.0422
vn 0.9939 -0.1087 0.0157
vn 0.7130 -0.6905 -0.1216
vn 0.9991 0.0420 0.0018
vn 0.9993 -0.0083 0.0378
vn 0.9914 -0.1300 0.0127
vn 0.9983 0.0133 -0.0560
vn 0.9683 0.1714 0.1817
vn 0.9979 0.0479 0.0437
vn 0.9955 -0.0124 -0.0939
vn 0.9953 0.0405 0.0885
vn -0.4762 0.8342 0.2781
vn 0.7990 -0.5546 0.2324
vn 0.3644 -0.6072 -0.7061
vn 0.8490 -0.0614 0.5248
vn 0.6727 0.5777 0.4623
vn 0.9841 0.0569 -0.1683
vn 0.9999 -0.0016 -0.0114
vn 0.9855 -0.1675 0.0259
vn 0.9640 -0.2203 0.1492
vn 0.9989 0.0472 -0.0058
vn 0.9995 -0.0299 -0.0032
vn 0.9855 -0.1674 0.0259
vn 0.9969 -0.0778 0.0059
vn 0.9977 -0.0432 0.0522
vn 0.9980 0.0629 -0.0041
vn 0.9988 -0.0161 0.0452
vn 0.7917 -0.1762 0.5850
vn -0.9348 0.3551 0.0022
vn -0.8525 -0.5012 0.1483
vn -0.2209 -0.9558 0.1939
vn 0.0754 0.7997 -0.5956
vn 0.9612 0.1160 -0.2501
vn -0.0232 0.6297 0.7765
vn -0.9993 0.0215 -0.0296
vn 0.9366 0.3504 -0.0099
vn 0.0795 -0.9967 -0.0150
vn -0.9775 -0.2011 -0.0630
vn -0.9640 0.0196 -0.2652
vn 0.9837 -0.1792 0.0127
vn 0.9938 -0.1115 -0.0002
vn 0.6263 -0.1581 -0.7634
vn 0.9824 -0.0293 -0.1846
vt 0.582315 0.266676
vt 0.471700 0.256998
vt 0.614984 0.256758
vt 0.621841 0.264625
vt 0.766911 0.264625
vt 0.764635 0.277063
vt 0.728152 0.275381
vt 0.769918 0.414308
vt 0.734163 0.318150
vt 0.616114 0.265674
vt 0.720462 0.277577
vt 0.753838 0.709454
vt 0.787652 0.709454
vt 0.752144 0.716293
vt 0.306540 0.988468
vt 0.294206 0.996428
vt 0.294088 0.986272
vt 0.509357 0.267979
vt 0.366100 0.270774
vt 0.433926 0.261380
vt 0.967468 0.408258
vt 0.977278 0.405629
vt 0.975863 0.426925
vt 0.991315 0.831922
vt 0.998325 0.832535
vt 0.992004 0.840883
vt 0.484934 0.261518
vt 0.306800 0.996461
vt 0.666687 0.991473
vt 0.674702 0.980441
vt 0.674705 0.993412
vt 0.978325 0.531230
vt 0.989956 0.527452
vt 0.990594 0.543590
vt 0.976387 0.496196
vt 0.787842 0.715834
vt 0.510565 0.261046
vt 0.998292 0.841980
vt 0.740438 0.980853
vt 0.732715 0.990847
vt 0.731253 0.980853
vt 0.688402 0.634727
vt 0.700370 0.622020
vt 0.717382 0.627426
vt 0.683978 0.648344
vt 0.763427 0.966263
vt 0.749681 0.975188
vt 0.748105 0.962157
vt 0.038085 0.402730
vt 0.042057 0.387908
vt 0.043316 0.419196
vt 0.677230 0.634242
vt 0.677971 0.641576
vt 0.746300 0.991027
vt 0.126982 0.100548
vt 0.121544 0.069710
vt 0.127593 0.050414
vt 0.962953 0.979286
vt 0.961488 0.986180
vt 0.946765 0.984938
vt 0.789802 0.958973
vt 0.759778 0.958973
vt 0.775280 0.954693
vt 0.669129 0.645181
vt 0.632175 0.659786
vt 0.990892 0.386744
vt 0.981717 0.389725
vt 0.978521 0.373965
vt 0.993718 0.984467
vt 0.997895 0.980290
vt 0.997547 0.991096
vt 0.495432 0.853012
vt 0.569689 0.853012
vt 0.524878 0.858878
vt 0.703850 0.614107
vt 0.991752 0.018696
vt 0.991752 0.006958
vt 0.995422 0.011586
vt 0.643882 0.991077
vt 0.652782 0.978829
vt 0.661002 0.988749
vt 0.099542 0.658578
vt 0.097060 0.626308
vt 0.098245 0.612759
vt 0.001036 0.998838
vt 0.001093 0.991789
vt 0.007351 0.996584
vt 0.703541 0.607671
vt 0.701534 0.597539
vt 0.096251 0.636982
vt 0.095327 0.648392
vt 0.769902 0.975185
vt 0.700881 0.589287
vt 0.784865 0.992142
vt 0.779898 0.998978
vt 0.774582 0.992648
vt 0.002991 0.829096
vt 0.005243 0.816165
vt 0.009786 0.823395
vt 0.993565 0.075991
vt 0.996000 0.083484
vt 0.982787 0.084345
vt 0.010409 0.036204
vt 0.011912 0.027680
vt 0.014258 0.037255
vt 0.184056 0.015228
vt 0.181190 0.003503
vt 0.191411 0.009057
vt 0.141458 0.273843
vt 0.137590 0.267784
vt 0.140706 0.263334
vt 0.929279 0.980859
vt 0.927208 0.988215
vt 0.911866 0.981060
vt 0.009183 0.027186
vt 0.009183 0.039415
vt 0.001177 0.032138
vt 0.205224 0.007774
vt 0.196972 0.008109
vt 0.212002 0.004255
vt 0.988165 0.545308
vt 0.997035 0.545308
vt 0.992645 0.558293
vt 0.747021 0.998017
vt 0.747021 0.989650
vt 0.755199 0.995890
vt 0.042594 0.246251
vt 0.042594 0.231342
vt 0.049167 0.256375
vt 0.674911 0.718765
vt 0.004151 0.714948
vt 0.003460 0.701755
vt 0.009860 0.716067
vt 0.996816 0.729536
vt 0.991649 0.727857
vt 0.997004 0.715950
vt 0.369364 0.958532
vt 0.366641 0.971300
vt 0.366205 0.958255
vt 0.975433 0.364109
vt 0.991020 0.369174
vt 0.977269 0.372447
vt 0.984842 0.145964
vt 0.992275 0.135733
vt 0.993452 0.145961
vt 0.990692 0.166223
vt 0.990692 0.155928
vt 0.996481 0.156506
vt 0.758181 0.984710
vt 0.758181 0.996543
vt 0.750452 0.990423
vt 0.368848 0.946805
vt 0.009836 0.838003
vt 0.996973 0.968975
vt 0.993826 0.975723
vt 0.993654 0.964089
vt 0.241500 0.965434
vt 0.238520 0.966519
vt 0.238711 0.954153
vt 0.976447 0.217235
vt 0.989513 0.226728
vt 0.977999 0.227757
vt 0.927828 0.999009
vt 0.926595 0.995214
vt 0.937243 0.995071
vt 0.202143 0.984218
vt 0.202143 0.993088
vt 0.188089 0.991574
vt 0.026182 0.434213
vt 0.034964 0.431524
vt 0.036970 0.441839
vt 0.983759 0.579754
vt 0.997001 0.579754
vt 0.984465 0.585022
vt 0.998404 0.453127
vt 0.990742 0.455765
vt 0.996780 0.447540
vt 0.991669 0.743289
vt 0.991669 0.730317
vt 0.996984 0.730336
vt 0.011600 0.052242
vt 0.698011 0.664290
vt 0.716102 0.661949
vt 0.892527 0.135748
vt 0.898235 0.172861
vt 0.864976 0.169293
vt 0.723786 0.643291
vt 0.240179 0.973326
vt 0.003015 0.991763
vt 0.015239 0.991763
vt 0.008543 0.995410
vt 0.991831 0.122218
vt 0.991831 0.112118
vt 0.997809 0.117436
vt 0.996892 0.954657
vt 0.996892 0.966408
vt 0.994228 0.959929
vt 0.580443 0.995807
vt 0.567559 0.995807
vt 0.695252 0.613194
vt 0.700402 0.602480
vt 0.822773 0.380983
vt 0.818252 0.432050
vt 0.818288 0.406415
vt 0.349482 0.976036
vt 0.350017 0.960700
vt 0.355994 0.977632
vt 0.831699 0.396056
vt 0.774193 0.991609
vt 0.774193 0.981750
vt 0.789201 0.991037
vt 0.876948 0.189295
vt 0.943654 0.685511
vt 0.958540 0.706760
vt 0.945679 0.754755
vt 0.954893 0.664091
vt 0.001612 0.176639
vt 0.005433 0.164877
vt 0.008748 0.177501
vt 0.851189 0.160005
vt 0.725391 0.986623
vt 0.729468 0.977880
vt 0.729253 0.992520
vt 0.507624 0.748406
vt 0.465358 0.757759
vt 0.438219 0.750487
vt 0.691684 0.602042
vt 0.827683 0.431531
vt 0.431447 0.978455
vt 0.431447 0.989478
vt 0.414138 0.987010
vt 0.060173 0.681267
vt 0.060173 0.714801
vt 0.053747 0.680821
vt 0.634373 0.987242
vt 0.634373 0.995491
vt 0.630551 0.993636
vt 0.085879 0.403944
vt 0.092129 0.422212
vt 0.086812 0.414607
vt 0.878169 0.750047
vt 0.892363 0.758242
vt 0.871857 0.763534
vt 0.771846 0.021556
vt 0.730858 0.049644
vt 0.728894 0.042506
vt 0.986816 0.850369
vt 0.986816 0.832413
vt 0.989504 0.843853
vt 0.991029 0.785150
vt 0.987217 0.791752
vt 0.986771 0.774109
vt 0.825148 0.361145
vt 0.384369 0.993248
vt 0.388695 0.979931
vt 0.388454 0.994415
vt 0.530246 0.010003
vt 0.523035 0.016054
vt 0.523357 0.000720
vt 0.922357 0.767237
vt 0.917739 0.752819
vt 0.928434 0.693230
vt 0.848471 0.140804
vt 0.659642 0.855955
vt 0.694909 0.883363
vt 0.685290 0.886521
vt 0.726525 0.629472
vt 0.817044 0.355422
vt 0.992926 0.989690
vt 0.991526 0.993537
vt 0.980927 0.989715
vt 0.662631 0.985119
vt 0.672347 0.980792
vt 0.664340 0.992567
vt 0.007527 0.723998
vt 0.000203 0.261364
vt 0.000203 0.253190
vt 0.010651 0.258554
vt 0.682342 0.862350
vt 0.704936 0.857017
vt 0.408015 0.763530
vt 0.415310 0.745555
vt 0.942299 0.664211
vt 0.002046 0.367570
vt 0.014727 0.358357
vt 0.010259 0.368826
vt 0.135845 0.300856
vt 0.134319 0.248725
vt 0.117905 0.613269
vt 0.117905 0.655801
vt 0.114458 0.660042
vt 0.990607 0.806577
vt 0.987193 0.797199
vt 0.990312 0.788885
vt 0.124014 0.129410
vt 0.132029 0.151431
vt 0.124575 0.179421
vt 0.913603 0.989048
vt 0.050829 0.714838
vt 0.084487 0.392580
vt 0.187200 0.019433
vt 0.196384 0.020177
vt 0.984303 0.444644
vt 0.996950 0.444644
vt 0.987763 0.457675
vt 0.997874 0.903685
vt 0.991822 0.912014
vt 0.991273 0.898543
vt 0.737721 0.627724
vt 0.742938 0.635200
vt 0.091539 0.379465
vt 0.936914 0.986825
vt 0.953564 0.986825
vt 0.941692 0.989001
vt 0.026301 0.449358
vt 0.176145 0.011428
vt 0.179184 0.000086
vt 0.180047 0.015207
vt 0.041062 0.436153
vt 0.922539 0.781329
vt 0.041899 0.422373
vt 0.047243 0.222165
vt 0.241044 0.331366
vt 0.233055 0.278963
vt 0.240012 0.276431
vt 0.073468 0.976094
vt 0.057431 0.983572
vt 0.053814 0.975974
vt 0.071555 0.001336
vt 0.078913 0.000170
vt 0.071970 0.009203
vt 0.105131 0.896086
vt 0.135953 0.896086
vt 0.093451 0.897698
vt 0.053662 0.823980
vt 0.037847 0.846338
vt 0.035139 0.842502
vt 0.072928 0.523547
vt 0.066688 0.540692
vt 0.067035 0.501242
vt 0.007721 0.925290
vt 0.003061 0.925862
vt 0.009766 0.905416
vt 0.077781 0.272353
vt 0.077781 0.312255
vt 0.065781 0.276341
vt 0.829592 0.318813
vt 0.034500 0.947130
vt 0.010394 0.947130
vt 0.015288 0.929536
vt 0.837549 0.160967
vt 0.933274 0.781856
vt 0.057199 0.077476
vt 0.063942 0.102639
vt 0.055940 0.113447
vt 0.238142 0.358991
vt 0.808228 0.138930
vt 0.738732 0.643602
vt 0.466128 0.766039
vt 0.109147 0.320263
vt 0.111377 0.364493
vt 0.109147 0.354526
vt 0.104213 0.356874
vt 0.674425 0.029251
vt 0.728140 0.029251
vt 0.692175 0.040803
vt 0.860345 0.051894
vt 0.850904 0.084519
vt 0.798264 0.054128
vt 0.391174 0.961458
vt 0.390135 0.976313
vt 0.377450 0.958073
vt 0.742603 0.651762
vt 0.098116 0.457483
vt 0.098116 0.501570
vt 0.092806 0.494883
vt 0.386678 0.013326
vt 0.391031 0.038011
vt 0.386473 0.048835
vt 0.792546 0.819842
vt 0.831040 0.799744
vt 0.870996 0.818376
vt 0.857795 0.096108
vt 0.805650 0.095200
vt 0.552360 0.960082
vt 0.545815 0.980224
vt 0.537922 0.976969
vt 0.422689 0.056465
vt 0.409793 0.063910
vt 0.362708 0.058682
vt 0.826174 0.786473
vt 0.265433 0.987126
vt 0.268661 0.981064
vt 0.275284 0.985532
vt 0.875092 0.225841
vt 0.695949 0.960239
vt 0.695949 0.981054
vt 0.678871 0.966708
vt 0.763977 0.658259
vt 0.985679 0.215811
vt 0.989933 0.225366
vt 0.977013 0.215680
vt 0.733290 0.614265
vt 0.894679 0.238697
vt 0.763776 0.631508
vt 0.658431 0.998278
vt 0.653212 0.991094
vt 0.660553 0.989881
vt 0.638737 0.162640
vt 0.644508 0.155510
vt 0.658489 0.153999
vt 0.993873 0.329118
vt 0.984420 0.322255
vt 0.990355 0.318292
vt 0.142347 0.000690
vt 0.147438 0.007697
vt 0.136233 0.006472
vt 0.984524 0.335384
vt 0.499061 0.968217
vt 0.501566 0.981105
vt 0.491034 0.967094
vt 0.380065 0.982768
vt 0.382627 0.996018
vt 0.379938 0.990061
vt 0.373169 0.989886
vt 0.674549 0.979441
vt 0.353999 0.769880
vt 0.284183 0.751173
vt 0.371497 0.758607
vt 0.003071 0.545219
vt 0.008769 0.552010
vt 0.003549 0.568742
vt 0.895043 0.146433
vt 0.928434 0.124748
vt 0.910241 0.181114
vt 0.901769 0.984791
vt 0.910494 0.979955
vt 0.901543 0.991925
vt 0.651602 0.183405
vt 0.278228 0.978698
vt 0.163943 0.989253
vt 0.166745 0.983089
vt 0.170310 0.985585
vt 0.988030 0.870943
vt 0.987324 0.879017
vt 0.987303 0.860993
vt 0.618384 0.930877
vt 0.636334 0.934042
vt 0.604909 0.930133
vt 0.919494 0.010784
vt 0.892020 0.029624
vt 0.858503 0.002482
vt 0.924819 0.057383
vt 0.878745 0.075363
vt 0.901836 0.055372
vt 0.021190 0.248294
vt 0.021190 0.272179
vt 0.013837 0.256814
vt 0.532166 0.002341
vt 0.531653 0.009671
vt 0.525062 0.000689
vt 0.926314 0.224429
vt 0.949072 0.166920
vt 0.949556 0.205261
vt 0.584133 0.018478
vt 0.569510 0.024128
vt 0.549314 0.008909
vt 0.596715 0.007434
vt 0.224594 0.976818
vt 0.237666 0.969572
vt 0.227638 0.984548
vt 0.553539 0.024510
vt 0.596957 0.101250
vt 0.277585 0.974394
vt 0.939706 0.073948
vt 0.605890 0.947026
vt 0.683647 0.890054
vt 0.666927 0.893304
vt 0.657744 0.856079
vt 0.985069 0.844845
vt 0.974970 0.848521
vt 0.975392 0.817981
vt 0.028795 0.265060
vt 0.041634 0.256070
vt 0.041753 0.285124
vt 0.052730 0.855843
vt 0.736501 0.014984
vt 0.334293 0.278614
vt 0.305450 0.276557
vt 0.322755 0.245301
vt 0.042836 0.360969
vt 0.023765 0.356214
vt 0.026830 0.339573
vt 0.039003 0.810909
vt 0.040401 0.784225
vt 0.050292 0.781099
vt 0.519861 0.786532
vt 0.519861 0.804489
vt 0.432778 0.792489
vt 0.173830 0.982969
vt 0.199323 0.780345
vt 0.199323 0.716942
vt 0.211136 0.766821
vt 0.499474 0.924696
vt 0.512366 0.936764
vt 0.503658 0.940309
vt 0.977440 0.251875
vt 0.977440 0.235051
vt 0.990000 0.245529
vt 0.180901 0.989514
vt 0.989026 0.626230
vt 0.984707 0.626992
vt 0.990182 0.617273
vt 0.412941 0.461342
vt 0.391507 0.484970
vt 0.370812 0.458773
vt 0.504076 0.994394
vt 0.490004 0.994394
vt 0.499299 0.980446
vt 0.599268 0.323789
vt 0.602829 0.364494
vt 0.581185 0.323443
vt 0.373444 0.440757
vt 0.367515 0.475692
vt 0.586090 0.364288
vt 0.578838 0.353626
vt 0.618014 0.335376
vt 0.411146 0.478391
vt 0.996651 0.620104
vt 0.997040 0.627423
vt 0.282774 0.715491
vt 0.308025 0.708166
vt 0.418394 0.445670
vt 0.378790 0.728325
vt 0.619935 0.364333
vt 0.458047 0.841775
vt 0.485350 0.831838
vt 0.457007 0.849958
vt 0.982347 0.562013
vt 0.991013 0.573940
vt 0.983944 0.578096
vt 0.861011 0.052848
vt 0.922413 0.051877
vt 0.892738 0.055623
vt 0.436701 0.997579
vt 0.439906 0.987714
vt 0.445140 0.998967
vt 0.406789 0.494205
vt 0.393840 0.510904
vt 0.180534 0.978419
vt 0.640139 0.351014
vt 0.986461 0.093338
vt 0.977021 0.094164
vt 0.989140 0.085538
vt 0.572640 0.002131
vt 0.972380 0.085411
vt 0.627063 0.322422
vt 0.449338 0.993568
vt 0.420084 0.429231
vt 0.366113 0.494521
vt 0.934209 0.926031
vt 0.909590 0.927321
vt 0.923114 0.893103
vt 0.553477 0.353677
vt 0.546035 0.322176
vt 0.001219 0.303626
vt 0.010128 0.303626
vt 0.004447 0.319462
vt 0.824538 0.964041
vt 0.834871 0.976265
vt 0.825363 0.973481
vt 0.596875 0.000058
vt 0.596875 0.006355
vt 0.592075 0.004929
vt 0.645266 0.116443
vt 0.882132 0.039945
vt 0.278748 0.994339
vt 0.283659 0.992743
vt 0.282285 0.997884
vt 0.995923 0.390811
vt 0.992912 0.400078
vt 0.982370 0.390253
vt 0.640789 0.095332
vt 0.623948 0.368998
vt 0.658998 0.364282
vt 0.992303 0.574782
vt 0.995355 0.579140
vt 0.984911 0.579084
vt 0.977373 0.417560
vt 0.990560 0.427140
vt 0.981235 0.428025
vt 0.935553 0.060092
vt 0.894084 0.029963
vt 0.957421 0.023282
vt 0.323412 0.549620
vt 0.335586 0.538130
vt 0.350401 0.529576
vt 0.662829 0.120084
vt 0.865583 0.998445
vt 0.859112 0.995428
vt 0.869551 0.995141
vt 0.371596 0.424359
vt 0.025203 0.266940
vt 0.030850 0.253636
vt 0.022431 0.281144
vt 0.011286 0.257426
vt 0.001056 0.251520
vt 0.016704 0.251207
vt 0.420434 0.305680
vt 0.432003 0.293156
vt 0.411537 0.320915
vt 0.158206 0.998791
vt 0.152492 0.994640
vt 0.161765 0.993316
vt 0.229054 0.261804
vt 0.221624 0.274674
vt 0.233118 0.248083
vt 0.843070 0.976148
vt 0.840188 0.964098
vt 0.846405 0.967887
vt 0.228810 0.000565
vt 0.232649 0.005848
vt 0.223691 0.005810
vt 0.976833 0.257207
vt 0.987153 0.261802
vt 0.986027 0.270666
vt 0.978002 0.066316
vt 0.982682 0.071894
vt 0.977851 0.082672
vt 0.646711 0.325261
vt 0.362847 0.513545
vt 0.597984 0.416373
vt 0.609749 0.452583
vt 0.583910 0.404788
vt 0.689468 0.991947
vt 0.687176 0.998999
vt 0.680537 0.991628
vt 0.651617 0.369725
vt 0.629663 0.385298
vt 0.610349 0.371773
vt 0.072135 0.994645
vt 0.077400 0.987398
vt 0.077841 0.997308
vt 0.437622 0.334863
vt 0.360806 0.270894
vt 0.525149 0.331992
vt 0.892628 0.917773
vt 0.901760 0.902228
vt 0.406606 0.328003
vt 0.575943 0.435477
vt 0.558184 0.405838
vt 0.404514 0.538249
vt 0.429408 0.857551
vt 0.473897 0.858045
vt 0.453247 0.877554
vt 0.398823 0.549566
vt 0.369545 0.529254
vt 0.042986 0.733990
vt 0.049736 0.714967
vt 0.065872 0.725851
vt 0.668907 0.336868
vt 0.712862 0.741624
vt 0.698799 0.749743
vt 0.606329 0.747704
vt 0.446383 0.287347
vt 0.461752 0.288226
vt 0.877930 0.074418
vt 0.574876 0.373451
vt 0.581601 0.381062
vt 0.342426 0.588855
vt 0.372537 0.274501
vt 0.353634 0.312633
vt 0.467171 0.320646
vt 0.861072 0.073129
vt 0.527242 0.362645
vt 0.651370 0.380575
vt 0.687342 0.136369
vt 0.202431 0.225967
vt 0.384682 0.558606
vt 0.651288 0.104159
vt 0.586007 0.945876
vt 0.601191 0.966776
vt 0.571478 0.967789
vt 0.045028 0.501792
vt 0.046733 0.521279
vt 0.045916 0.536195
vt 0.609259 0.390077
vt 0.429935 0.881472
vt 0.657507 0.833474
vt 0.658454 0.854279
vt 0.633985 0.858594
vt 0.883761 0.465042
vt 0.921977 0.414094
vt 0.917240 0.462113
vt 0.260551 0.744110
vt 0.296636 0.757079
vt 0.261312 0.765890
vt 0.038222 0.720706
vt 0.533539 0.009563
vt 0.556293 0.028655
vt 0.508829 0.028918
vt 0.920849 0.451877
vt 0.651281 0.399608
vt 0.366935 0.241901
vt 0.387181 0.708909
vt 0.335484 0.307343
vt 0.358784 0.316775
vt 0.288950 0.306452
vt 0.947062 0.119428
vt 0.516253 0.361613
vt 0.186324 0.265907
vt 0.977353 0.618560
vt 0.977353 0.601963
vt 0.988606 0.617930
vt 0.520247 0.320198
vt 0.541532 0.371017
vt 0.990400 0.407366
vt 0.977533 0.416714
vt 0.978386 0.406670
vt 0.034162 0.982401
vt 0.051185 0.982401
vt 0.042934 0.989478
vt 0.427937 0.364355
vt 0.924330 0.433165
vt 0.973594 0.600887
vt 0.958443 0.595373
vt 0.973369 0.585951
vt 0.387131 0.569105
vt 0.382615 0.562945
vt 0.375301 0.567503
vt 0.650516 0.418644
vt 0.022011 0.241719
vt 0.002656 0.241719
vt 0.008477 0.231394
vt 0.724066 0.028409
vt 0.674060 0.028409
vt 0.709407 0.008098
vt 0.548042 0.645891
vt 0.653128 0.664420
vt 0.525955 0.664350
vt 0.556354 0.418129
vt 0.256594 0.795885
vt 0.501086 0.029792
vt 0.485876 0.035328
vt 0.446126 0.031794
vt 0.373169 0.004583
vt 0.378615 0.000013
vt 0.378681 0.015280
vt 0.357532 0.369524
vt 0.003720 0.261661
vt 0.013580 0.259566
vt 0.003565 0.268769
vt 0.967957 0.585667
vt 0.529768 0.368049
vt 0.333519 0.219574
vt 0.526685 0.983433
vt 0.509822 0.988912
vt 0.512269 0.972607
vt 0.573554 0.473845
vt 0.751746 0.597176
vt 0.778238 0.552692
vt 0.785279 0.580636
vt 0.885038 0.894457
vt 0.891911 0.922021
vt 0.861912 0.900205
vt 0.395738 0.577498
vt 0.518275 0.321227
vt 0.183690 0.991868
vt 0.183690 0.980998
vt 0.198648 0.984677
vt 0.070980 0.408049
vt 0.061743 0.424336
vt 0.064189 0.408187
vt 0.608600 0.414928
vt 0.367437 0.344256
vt 0.565542 0.860919
vt 0.608607 0.860919
vt 0.583715 0.888958
vt 0.333182 0.022594
vt 0.385121 0.020905
vt 0.355921 0.055070
vt 0.317080 0.378458
vt 0.510917 0.294947
vt 0.054468 0.417544
vt 0.305993 0.603103
vt 0.307969 0.613962
vt 0.227324 0.968335
vt 0.204842 0.975640
vt 0.209003 0.953319
vt 0.919916 0.345698
vt 0.905643 0.333208
vt 0.911308 0.325690
vt 0.001032 0.389983
vt 0.016728 0.384579
vt 0.004821 0.399047
vt 0.559555 0.451051
vt 0.312050 0.223381
vt 0.406476 0.559023
vt 0.241706 0.843317
vt 0.255362 0.885346
vt 0.216764 0.883193
vt 0.610536 0.477692
vt 0.596272 0.503044
vt 0.346425 0.618371
vt 0.045626 0.698669
vt 0.755393 0.887043
vt 0.796161 0.887043
vt 0.776686 0.904767
vt 0.072552 0.724291
vt 0.093656 0.739624
vt 0.060759 0.762142
vt 0.287175 0.256060
vt 0.274024 0.271733
vt 0.287947 0.186086
vt 0.531751 0.922695
vt 0.518658 0.938298
vt 0.498343 0.922087
vt 0.904373 0.810809
vt 0.948767 0.800112
vt 0.950243 0.821209
vt 0.674983 0.846322
vt 0.933755 0.783326
vt 0.004877 0.376977
vt 0.687801 0.106176
vt 0.147126 0.994343
vt 0.147126 0.983950
vt 0.161211 0.992277
vt 0.991036 0.302858
vt 0.979186 0.302651
vt 0.978377 0.294083
vt 0.986067 0.542844
vt 0.991069 0.558238
vt 0.976371 0.560757
vt 0.950917 0.582025
vt 0.077030 0.377813
vt 0.066272 0.359180
vt 0.078277 0.338023
vt 0.034497 0.484577
vt 0.024683 0.496272
vt 0.010397 0.484488
vt 0.042511 0.204836
vt 0.046804 0.212270
vt 0.020291 0.212530
vt 0.715526 0.512229
vt 0.766020 0.474105
vt 0.276195 0.805157
vt 0.050382 0.428872
vt 0.377014 0.051170
vt 0.285692 0.938371
vt 0.316603 0.943822
vt 0.282805 0.945201
vt 0.021102 0.274721
vt 0.226100 0.209293
vt 0.125648 0.933966
vt 0.142351 0.945661
vt 0.108266 0.946646
vt 0.482549 0.320278
vt 0.920644 0.542988
vt 0.911862 0.493182
vt 0.924349 0.442212
vt 0.765028 0.965820
vt 0.752877 0.960154
vt 0.778450 0.959686
vt 0.760899 0.919204
vt 0.787373 0.926409
vt 0.768086 0.930705
vt 0.712653 0.562792
vt 0.757091 0.624070
vt 0.117879 0.800377
vt 0.114268 0.826357
vt 0.098204 0.805649
vt 0.228536 0.006479
vt 0.279110 0.006479
vt 0.239500 0.013748
vt 0.377471 0.961108
vt 0.388686 0.976543
vt 0.379272 0.979198
vt 0.342321 0.770207
vt 0.402674 0.585014
vt 0.219938 0.167871
vt 0.233942 0.180788
vt 0.211696 0.183738
vt 0.588188 0.896665
vt 0.595634 0.877706
vt 0.622323 0.896393
vt 0.266567 0.244379
vt 0.777559 0.941181
vt 0.237725 0.967669
vt 0.225521 0.974691
vt 0.229466 0.966801
vt 0.054730 0.735726
vt 0.046461 0.747176
vt 0.045910 0.735572
vt 0.206913 0.149548
vt 0.272855 0.954776
vt 0.298433 0.954776
vt 0.297760 0.966290
vt 0.721248 0.115601
vt 0.329539 0.813364
vt 0.952018 0.869037
vt 0.908513 0.882916
vt 0.921779 0.862610
vt 0.887389 0.364263
vt 0.414996 0.834997
vt 0.437984 0.790290
vt 0.416038 0.795855
vt 0.420648 0.777223
vt 0.731800 0.612681
vt 0.143479 0.482706
vt 0.143479 0.536041
vt 0.138712 0.496060
vt 0.237179 0.188433
vt 0.330352 0.650689
vt 0.437147 0.907689
vt 0.437147 0.881357
vt 0.477012 0.908043
vt 0.726517 0.025501
vt 0.708100 0.000152
vt 0.743799 0.003434
vt 0.940529 0.053877
vt 0.943870 0.082062
vt 0.940885 0.074228
vt 0.318972 0.637241
vt 0.198459 0.800617
vt 0.190519 0.797246
vt 0.204636 0.781675
vt 0.500014 0.953942
vt 0.200673 0.481633
vt 0.171382 0.524287
vt 0.189418 0.491417
vt 0.717978 0.596089
vt 0.069324 0.434246
vt 0.056281 0.434425
vt 0.471175 0.878834
vt 0.547565 0.464862
vt 0.907194 0.927251
vt 0.870804 0.927251
vt 0.885306 0.923761
vt 0.066033 0.443455
vt 0.020370 0.479957
vt 0.020370 0.453442
vt 0.040310 0.478818
vt 0.638937 0.926794
vt 0.659447 0.898564
vt 0.687161 0.917795
vt 0.199551 0.052387
vt 0.227765 0.006441
vt 0.226845 0.057199
vt 0.984683 0.271241
vt 0.977872 0.289955
vt 0.976836 0.259626
vt 0.976990 0.446960
vt 0.976990 0.420825
vt 0.984530 0.440213
vt 0.950821 0.572097
vt 0.684510 0.920300
vt 0.657957 0.939592
vt 0.651454 0.925585
vt 0.034090 0.124779
vt 0.034090 0.091304
vt 0.034978 0.105426
vt 0.009367 0.175577
vt 0.006536 0.164225
vt 0.019611 0.159894
vt 0.649451 0.443501
vt 0.974673 0.572259
vt 0.498989 0.921194
vt 0.521630 0.917201
vt 0.537025 0.921476
vt 0.022807 0.784617
vt 0.038252 0.805875
vt 0.020948 0.808871
vt 0.977292 0.033571
vt 0.977292 0.084337
vt 0.959068 0.052304
vt 0.990575 0.409221
vt 0.990575 0.425017
vt 0.979824 0.417231
vt 0.046748 0.946024
vt 0.032680 0.942254
vt 0.045992 0.936125
vt 0.784851 0.977404
vt 0.778779 0.980662
vt 0.774087 0.977953
vt 0.330721 0.956141
vt 0.325739 0.974392
vt 0.325300 0.963882
vt 0.189781 0.962610
vt 0.202194 0.962610
vt 0.181624 0.979480
vt 0.288212 0.333733
vt 0.671012 0.830871
vt 0.147980 0.659743
vt 0.173263 0.653319
vt 0.170168 0.682769
vt 0.982721 0.343664
vt 0.976645 0.345050
vt 0.972879 0.336177
vt 0.011097 0.725210
vt 0.030533 0.742852
vt 0.011097 0.748200
vt 0.064633 0.071815
vt 0.064633 0.030306
vt 0.073996 0.053701
vt 0.034070 0.742928
vt 0.344910 0.957290
vt 0.338514 0.974574
vt 0.420050 0.566828
vt 0.776189 0.023036
vt 0.748602 0.002993
vt 0.792099 0.002124
vt 0.763254 0.597911
vt 0.772382 0.611100
vt 0.765231 0.637788
vt 0.773828 0.638784
vt 0.192148 0.663491
vt 0.197286 0.691045
vt 0.155654 0.963278
vt 0.144301 0.947653
vt 0.175383 0.941014
vt 0.118715 0.176412
vt 0.098848 0.152094
vt 0.118030 0.132912
vt 0.031627 0.032653
vt 0.055694 0.050138
vt 0.034654 0.053682
vt 0.036275 0.761013
vt 0.710081 0.580731
vt 0.534724 0.521742
vt 0.019823 0.772985
vt 0.019823 0.746995
vt 0.042338 0.768454
vt 0.990993 0.000043
vt 0.990993 0.017224
vt 0.977434 0.001120
vt 0.348109 0.975285
vt 0.297881 0.967701
vt 0.280693 0.980189
vt 0.278833 0.960117
vt 0.031824 0.723433
vt 0.001028 0.153164
vt 0.018706 0.158908
vt 0.004333 0.163560
vt 0.998006 0.906341
vt 0.998006 0.915563
vt 0.991634 0.914279
vt 0.664154 0.581747
vt 0.983754 0.150644
vt 0.992420 0.153798
vt 0.977980 0.154240
vt 0.197494 0.010342
vt 0.019215 0.183280
vt 0.007425 0.183280
vt 0.019137 0.163045
vt 0.024234 0.518250
vt 0.023195 0.503388
vt 0.044886 0.518319
vt 0.849103 0.928384
vt 0.858294 0.919766
vt 0.855540 0.929289
vt 0.980807 0.360912
vt 0.034570 0.727448
vt 0.033754 0.704083
vt 0.044687 0.697318
vt 0.846668 0.922032
vt 0.810715 0.932489
vt 0.812291 0.957030
vt 0.805951 0.950266
vt 0.790570 0.959426
vt 0.790678 0.929079
vt 0.131929 0.994355
vt 0.138907 0.989285
vt 0.139408 0.998875
vt 0.519102 0.583844
vt 0.544840 0.583120
vt 0.547408 0.612478
vt 0.208938 0.059170
vt 0.161156 0.051964
vt 0.187338 0.053382
vt 0.974990 0.566047
vt 0.723717 0.916762
vt 0.716469 0.929315
vt 0.689209 0.918606
vt 0.237713 0.955255
vt 0.368668 0.780310
vt 0.102312 0.138512
vt 0.018150 0.090524
vt 0.018150 0.110759
vt 0.006517 0.099170
vt 0.135662 0.989675
vt 0.126933 0.996018
vt 0.126301 0.990665
vt 0.077720 0.984554
vt 0.071537 0.993065
vt 0.060415 0.983255
vt 0.175935 0.172589
vt 0.608006 0.444027
vt 0.120382 0.497499
vt 0.131222 0.506595
vt 0.122559 0.544928
vt 0.563752 0.812309
vt 0.477689 0.812309
vt 0.520811 0.807326
vt 0.034540 0.914854
vt 0.415041 0.962223
vt 0.429468 0.942367
vt 0.446330 0.964885
vt 0.719001 0.987011
vt 0.709064 0.979791
vt 0.721622 0.966122
vt 0.575634 0.308205
vt 0.097472 0.803829
vt 0.097478 0.846393
vt 0.088971 0.815969
vt 0.203332 0.205996
vt 0.173280 0.205194
vt 0.697181 0.960128
vt 0.721665 0.960128
vt 0.699949 0.969324
vt 0.431928 0.818363
vt 0.375873 0.796372
vt 0.913128 0.390841
vt 0.384136 0.633707
vt 0.850277 0.915497
vt 0.099393 0.845898
vt 0.655689 0.956183
vt 0.673369 0.969027
vt 0.655772 0.975243
vt 0.979908 0.918366
vt 0.972376 0.904199
vt 0.991117 0.914712
vt 0.562451 0.582634
vt 0.789669 0.939124
vt 0.153070 0.883809
vt 0.193748 0.883809
vt 0.179251 0.900602
vt 0.774010 0.996002
vt 0.762744 0.996002
vt 0.772254 0.984264
vt 0.536629 0.897573
vt 0.529806 0.892352
vt 0.535333 0.890221
vt 0.060173 0.962620
vt 0.042427 0.962854
vt 0.050829 0.957225
vt 0.975368 0.815431
vt 0.975368 0.796804
vt 0.981711 0.798724
vt 0.794734 0.979879
vt 0.089958 0.897730
vt 0.084053 0.855715
vt 0.128083 0.886271
vt 0.878377 0.983372
vt 0.893207 0.983372
vt 0.881105 0.990481
vt 0.960223 0.782308
vt 0.530678 0.968573
vt 0.522668 0.970870
vt 0.515696 0.949209
vt 0.212475 0.855804
vt 0.211789 0.788498
vt 0.247511 0.839467
vt 0.175688 0.145262
vt 0.348879 0.959798
vt 0.348879 0.931667
vt 0.366957 0.951446
vt 0.079950 0.977505
vt 0.082756 0.983521
vt 0.062779 0.982454
vt 0.923124 0.998822
vt 0.915728 0.996130
vt 0.925910 0.995752
vt 0.238055 0.971389
vt 0.238055 0.989144
vt 0.228151 0.987119
vt 0.128134 0.547914
vt 0.124211 0.592753
vt 0.121003 0.545382
vt 0.156012 0.514628
vt 0.314303 0.203809
vt 0.267242 0.912410
vt 0.250881 0.923866
vt 0.231525 0.912345
vt 0.032098 0.732327
vt 0.989883 0.898112
vt 0.382417 0.870119
vt 0.403988 0.855016
vt 0.381410 0.896321
vt 0.772340 0.507030
vt 0.770732 0.464359
vt 0.781883 0.490502
vt 0.083348 0.192496
vt 0.083348 0.232763
vt 0.064654 0.224997
vt 0.271059 0.995825
vt 0.261474 0.988861
vt 0.277253 0.986415
vt 0.145585 0.702019
vt 0.184741 0.211320
vt 0.032575 0.960931
vt 0.202175 0.983616
vt 0.759094 0.977974
vt 0.775007 0.979366
vt 0.754347 0.980586
vt 0.175228 0.980752
vt 0.157966 0.968211
vt 0.185398 0.965474
vt 0.247344 0.810271
vt 0.570751 0.963738
vt 0.554928 0.963632
vt 0.559507 0.955568
vt 0.315875 0.998958
vt 0.313827 0.992655
vt 0.318635 0.992921
vt 0.907227 0.254204
vt 0.933178 0.342981
vt 0.964996 0.799196
vt 0.974817 0.797465
vt 0.973649 0.856211
vt 0.861275 0.895576
vt 0.525276 0.869808
vt 0.654696 0.942280
vt 0.655002 0.962283
vt 0.648896 0.950565
vt 0.001534 0.434658
vt 0.019187 0.440394
vt 0.001909 0.441021
vt 0.195144 0.058020
vt 0.160363 0.105378
vt 0.175820 0.061080
vt 0.712856 0.990952
vt 0.721766 0.986798
vt 0.712504 0.997444
vt 0.256945 0.661057
vt 0.216596 0.674040
vt 0.192487 0.660121
vt 0.722622 0.997908
vt 0.831994 0.855006
vt 0.846842 0.864384
vt 0.834848 0.897338
vt 0.625926 0.455618
vt 0.524051 0.908189
vt 0.978955 0.168874
vt 0.993418 0.168874
vt 0.986593 0.174984
vt 0.677233 0.830855
vt 0.357507 0.976125
vt 0.351356 0.960900
vt 0.364974 0.953820
vt 0.520696 0.977255
vt 0.535544 0.966467
vt 0.533953 0.986172
vt 0.112697 0.967663
vt 0.135453 0.967663
vt 0.135072 0.975110
vt 0.043364 0.927220
vt 0.906904 0.301431
vt 0.393480 0.961007
vt 0.377610 0.955851
vt 0.392659 0.931938
vt 0.986055 0.259907
vt 0.976890 0.255633
vt 0.989564 0.255815
vt 0.932966 0.975708
vt 0.940739 0.972567
vt 0.935173 0.988953
vt 0.374975 0.244396
vt 0.723343 0.969423
vt 0.728597 0.976926
vt 0.722809 0.987163
vt 0.297064 0.391297
vt 0.001038 0.191342
vt 0.018696 0.185605
vt 0.008223 0.206107
vt 0.144456 0.638904
vt 0.144456 0.690647
vt 0.134281 0.648633
vt 0.062052 0.176021
vt 0.054909 0.166189
vt 0.077800 0.163071
vt 0.114031 0.847213
vt 0.976044 0.212566
vt 0.976044 0.195920
vt 0.990903 0.197833
vt 0.056203 0.135277
vt 0.817813 0.984973
vt 0.807100 0.988432
vt 0.809897 0.979008
vt 0.991817 0.105953
vt 0.991817 0.095823
vt 0.998317 0.105860
vt 0.618371 0.970885
vt 0.604045 0.951167
vt 0.624372 0.961918
vt 0.565252 0.973179
vt 0.650543 0.960467
vt 0.630362 0.863571
vt 0.604402 0.949800
vt 0.631908 0.949800
vt 0.630505 0.962879
vt 0.267853 0.955681
vt 0.242369 0.963962
vt 0.238807 0.949211
vt 0.551104 0.950847
vt 0.166609 0.634441
vt 0.160969 0.655492
vt 0.163924 0.596112
vt 0.451758 0.963804
vt 0.442227 0.947298
vt 0.452198 0.935554
vt 0.535223 0.288081
vt 0.005546 0.338356
vt 0.022939 0.351145
vt 0.005546 0.357670
vt 0.026028 0.337445
vt 0.058251 0.299724
vt 0.042506 0.311163
vt 0.058403 0.273444
vt 0.997017 0.456527
vt 0.997017 0.468485
vt 0.986703 0.462977
vt 0.139667 0.983781
vt 0.145484 0.983781
vt 0.140653 0.995499
vt 0.578793 0.613589
vt 0.261278 0.985081
vt 0.254128 0.975240
vt 0.275719 0.973972
vt 0.952420 0.562392
vt 0.766882 0.593647
vt 0.649615 0.454795
vt 0.009017 0.411893
vt 0.019239 0.420472
vt 0.008104 0.428268
vt 0.069483 0.291200
vt 0.118851 0.000044
vt 0.118851 0.010834
vt 0.107592 0.000020
vt 0.654762 0.967932
vt 0.219106 0.931192
vt 0.196524 0.915380
vt 0.231202 0.916098
vt 0.555606 0.624048
vt 0.566403 0.623536
vt 0.798368 0.982889
vt 0.114232 0.503832
vt 0.100864 0.524417
vt 0.113637 0.480024
vt 0.792163 0.960256
vt 0.789964 0.972727
vt 0.782560 0.960847
vt 0.017742 0.089217
vt 0.002721 0.100131
vt 0.001992 0.079445
vt 0.906265 0.381868
vt 0.111970 0.185404
vt 0.094254 0.149080
vt 0.120842 0.182319
vt 0.032840 0.109978
vt 0.023401 0.103369
vt 0.031646 0.083904
vt 0.256069 0.859007
vt 0.298868 0.885382
vt 0.258468 0.886429
vt 0.991583 0.209746
vt 0.996856 0.215019
vt 0.984397 0.214720
vt 0.990900 0.112701
vt 0.990900 0.128049
vt 0.977526 0.125580
vt 0.205299 0.947435
vt 0.191194 0.961790
vt 0.179198 0.947494
vt 0.939271 0.761889
vt 0.960900 0.871917
vt 0.971695 0.887333
vt 0.929144 0.885867
vt 0.627389 0.001026
vt 0.627389 0.022654
vt 0.619281 0.007384
vt 0.985177 0.956625
vt 0.990442 0.972828
vt 0.984891 0.971086
vt 0.996967 0.291829
vt 0.996365 0.300434
vt 0.988727 0.290587
vt 0.419931 0.876143
vt 0.419931 0.837720
vt 0.424667 0.865745
vt 0.716731 0.988003
vt 0.698662 0.988003
vt 0.698876 0.973023
vt 0.206594 0.961405
vt 0.967035 0.558621
vt 0.174249 0.821921
vt 0.019422 0.190148
vt 0.020518 0.169248
vt 0.034670 0.202730
vt 0.577331 0.985747
vt 0.591392 0.985747
vt 0.579400 0.993039
vt 0.023673 0.285165
vt 0.011507 0.301910
vt 0.002967 0.285412
vt 0.592873 0.996474
vt 0.582275 0.993031
vt 0.595821 0.985272
vt 0.795587 0.982753
vt 0.806994 0.991041
vt 0.787974 0.994553
vt 0.087031 0.843883
vt 0.041726 0.989979
vt 0.024875 0.989979
vt 0.031106 0.985354
vt 0.042671 0.588946
vt 0.042671 0.554616
vt 0.046623 0.565837
vt 0.473538 0.962785
vt 0.468849 0.948353
vt 0.496124 0.944467
vt 0.400519 0.188439
vt 0.770427 0.964850
vt 0.782827 0.973143
vt 0.068558 0.595211
vt 0.068069 0.609224
vt 0.056267 0.599193
vt 0.001550 0.409718
vt 0.769258 0.972339
vt 0.944695 0.893877
vt 0.924693 0.888517
vt 0.967266 0.888067
vt 0.015315 0.354755
vt 0.037966 0.362114
vt 0.016041 0.382295
vt 0.069230 0.758683
vt 0.092051 0.780779
vt 0.069230 0.778948
vt 0.776391 0.638530
vt 0.813526 0.681058
vt 0.388000 0.071736
vt 0.405145 0.071736
vt 0.387851 0.100808
vt 0.655876 0.942308
vt 0.670622 0.947045
vt 0.656235 0.952604
vt 0.663607 0.960472
vt 0.009195 0.950770
vt 0.009195 0.971776
vt 0.003632 0.958757
vt 0.898994 0.844761
vt 0.976097 0.100374
vt 0.079500 0.591565
vt 0.075147 0.608213
vt 0.092721 0.592752
vt 0.197311 0.020751
vt 0.156627 0.022202
vt 0.093572 0.741668
vt 0.526161 0.729718
vt 0.486163 0.740435
vt 0.421545 0.732820
vt 0.692479 0.858834
vt 0.186036 0.838627
vt 0.066776 0.334418
vt 0.066776 0.294590
vt 0.078266 0.315499
vt 0.118677 0.546527
vt 0.100859 0.528709
vt 0.117913 0.500340
vt 0.528220 0.963261
vt 0.515675 0.945995
vt 0.549446 0.945964
vt 0.842473 0.893861
vt 0.839151 0.925630
vt 0.839934 0.942648
vt 0.819746 0.940882
vt 0.974266 0.796172
vt 0.221912 0.559948
vt 0.234222 0.583100
vt 0.202384 0.566667
vt 0.215479 0.592488
vt 0.402348 0.897328
vt 0.828471 0.900317
vt 0.802670 0.900317
vt 0.828800 0.860994
vt 0.183429 0.779035
vt 0.047094 0.274596
vt 0.566628 0.866530
vt 0.581035 0.887104
vt 0.564994 0.907027
vt 0.192823 0.442444
vt 0.177241 0.454618
vt 0.189687 0.416486
vt 0.000988 0.428960
vt 0.211755 0.953134
vt 0.237678 0.953134
vt 0.227221 0.966452
vt 0.695162 0.836371
vt 0.032800 0.091133
vt 0.032800 0.057362
vt 0.059455 0.073461
vt 0.742817 0.991634
vt 0.737828 0.998500
vt 0.732270 0.991922
vt 0.975747 0.547303
vt 0.583502 0.595159
vt 0.017909 0.387674
vt 0.019091 0.380971
vt 0.018997 0.406893
vt 0.042738 0.177438
vt 0.259850 0.527648
vt 0.257428 0.532203
vt 0.241658 0.520121
vt 0.958069 0.552774
vt 0.677622 0.962478
vt 0.680924 0.990765
vt 0.693027 0.981971
vt 0.692151 0.990895
vt 0.850344 0.981467
vt 0.847323 0.987946
vt 0.833425 0.982411
vt 0.171252 0.722112
vt 0.952003 0.547206
vt 0.989762 0.826756
vt 0.989762 0.814092
vt 0.996425 0.825365
vt 0.579702 0.582085
vt 0.520624 0.794696
vt 0.521375 0.786118
vt 0.527161 0.797010
vt 0.594144 0.513335
vt 0.578147 0.552540
vt 0.807328 0.926927
vt 0.602114 0.622965
vt 0.946461 0.086524
vt 0.597023 0.707957
vt 0.691896 0.715062
vt 0.613144 0.727169
vt 0.986485 0.054623
vt 0.984458 0.047992
vt 0.996795 0.052381
vt 0.137268 0.868028
vt 0.141197 0.886654
vt 0.138066 0.904413
vt 0.239703 0.525220
vt 0.507069 0.029483
vt 0.469365 0.002090
vt 0.522248 0.003487
vt 0.236604 0.190646
vt 0.240071 0.196651
vt 0.230575 0.194288
vt 0.060842 0.720126
vt 0.060842 0.681453
vt 0.097027 0.699417
vt 0.401544 0.099339
vt 0.299925 0.859309
vt 0.802182 0.859920
vt 0.960226 0.451527
vt 0.965746 0.388437
vt 0.966266 0.478361
vt 0.201808 0.689657
vt 0.964566 0.753532
vt 0.642546 0.795467
vt 0.631841 0.818300
vt 0.596480 0.821393
vt 0.737151 0.942638
vt 0.756311 0.916267
vt 0.767536 0.939250
vt 0.710367 0.852762
vt 0.643706 0.846617
vt 0.143927 0.568538
vt 0.143927 0.621398
vt 0.138757 0.584304
vt 0.984473 0.020564
vt 0.959780 0.002623
vt 0.982480 0.009372
vt 0.971682 0.909563
vt 0.936063 0.897990
vt 0.971577 0.888167
vt 0.546351 0.922569
vt 0.579451 0.922569
vt 0.549295 0.930415
vt 0.082656 0.140656
vt 0.082656 0.182975
vt 0.078173 0.156187
vt 0.176657 0.542530
vt 0.176730 0.518901
vt 0.202818 0.481643
vt 0.331582 0.406725
vt 0.327203 0.422398
vt 0.152661 0.051998
vt 0.947381 0.920841
vt 0.936550 0.899583
vt 0.972183 0.911115
vt 0.069244 0.171235
vt 0.083198 0.185188
vt 0.070971 0.211597
vt 0.820367 0.579410
vt 0.544629 0.288667
vt 0.559430 0.291535
vt 0.758461 0.917182
vt 0.792106 0.917182
vt 0.791936 0.926430
vt 0.610155 0.482468
vt 0.211018 0.474486
vt 0.317596 0.183174
vt 0.952692 0.092554
vt 0.514305 0.972659
vt 0.515038 0.951667
vt 0.522202 0.973839
vt 0.244337 0.537845
vt 0.542948 0.572954
vt 0.618529 0.778783
vt 0.582317 0.763412
vt 0.627340 0.749091
vt 0.650790 0.480581
vt 0.638221 0.498859
vt 0.312291 0.860310
vt 0.296825 0.855605
vt 0.301975 0.826402
vt 0.828141 0.138927
vt 0.772885 0.094866
vt 0.800332 0.094423
vt 0.799417 0.573538
vt 0.815514 0.571050
vt 0.294762 0.437011
vt 0.204695 0.538808
vt 0.343929 0.661347
vt 0.002986 0.861593
vt 0.009841 0.861593
vt 0.004797 0.883350
vt 0.223733 0.628508
vt 0.331133 0.811123
vt 0.060898 0.915035
vt 0.072849 0.878255
vt 0.099931 0.911568
vt 0.524355 0.069100
vt 0.581550 0.069100
vt 0.521688 0.080208
vt 0.565470 0.795500
vt 0.580163 0.857103
vt 0.951636 0.537697
vt 0.254830 0.540476
vt 0.893660 0.299177
vt 0.703287 0.842383
vt 0.597999 0.580688
vt 0.743147 0.109557
vt 0.384675 0.741578
vt 0.236702 0.532612
vt 0.777467 0.511113
vt 0.818894 0.519754
vt 0.534968 0.751634
vt 0.710096 0.859276
vt 0.714627 0.833578
vt 0.728257 0.859373
vt 0.959604 0.097209
vt 0.909048 0.730806
vt 0.878095 0.745240
vt 0.905464 0.643019
vt 0.916678 0.948404
vt 0.935199 0.961860
vt 0.903972 0.962097
vt 0.088885 0.963920
vt 0.103136 0.976110
vt 0.095002 0.971211
vt 0.924888 0.972662
vt 0.317167 0.434900
vt 0.610119 0.500412
vt 0.651982 0.481460
vt 0.650531 0.508873
vt 0.269774 0.858038
vt 0.975515 0.537165
vt 0.161203 0.890512
vt 0.231680 0.543147
vt 0.403913 0.002707
vt 0.422005 0.004290
vt 0.398225 0.011822
vt 0.251755 0.548221
vt 0.872945 0.676874
vt 0.890497 0.653638
vt 0.034936 0.487564
vt 0.042376 0.514903
vt 0.028171 0.493872
vt 0.496608 0.551161
vt 0.149325 0.907502
vt 0.970879 0.100538
vt 0.868040 0.718136
vt 0.609984 0.519498
vt 0.111412 0.963209
vt 0.498146 0.923373
vt 0.492965 0.942711
vt 0.464853 0.922098
vt 0.032581 0.508140
vt 0.430586 0.012093
vt 0.635185 0.852251
vt 0.230969 0.549260
vt 0.128654 0.261405
vt 0.122456 0.244377
vt 0.128271 0.212201
vt 0.774337 0.218959
vt 0.653389 0.179660
vt 0.759644 0.196386
vt 0.735072 0.833374
vt 0.867469 0.693369
vt 0.387971 0.101667
vt 0.425881 0.106744
vt 0.604551 0.860181
vt 0.492634 0.583768
vt 0.833873 0.510873
vt 0.482212 0.576829
vt 0.544509 0.746669
vt 0.525023 0.727183
vt 0.631366 0.730510
vt 0.527705 0.581761
vt 0.434298 0.078550
vt 0.634808 0.622153
vt 0.620238 0.858047
vt 0.953377 0.528160
vt 0.627852 0.581245
vt 0.247708 0.559259
vt 0.508215 0.584582
vt 0.976097 0.524614
vt 0.756684 0.730462
vt 0.677309 0.737407
vt 0.650322 0.727813
vt 0.581354 0.762210
vt 0.784724 0.833276
vt 0.860452 0.028731
vt 0.887805 0.051683
vt 0.834938 0.050799
vt 0.651755 0.542019
vt 0.645225 0.581748
vt 0.269396 0.829175
vt 0.970402 0.517860
vt 0.976658 0.508635
vt 0.826620 0.018011
vt 0.782161 0.032457
vt 0.793132 0.002570
vt 0.651875 0.566601
vt 0.652478 0.582421
vt 0.643671 0.570312
vt 0.650931 0.621924
vt 0.228556 0.556475
vt 0.535997 0.886491
vt 0.565631 0.864961
vt 0.539069 0.898236
vt 0.230204 0.563387
vt 0.562991 0.896083
vt 0.179957 0.722807
vt 0.197122 0.775635
vt 0.162029 0.782374
vt 0.237542 0.591373
vt 0.242980 0.575459
vt 0.588820 0.074090
vt 0.953599 0.519754
vt 0.691061 0.621520
vt 0.674939 0.621853
vt 0.687112 0.591206
vt 0.617929 0.972695
vt 0.606173 0.970833
vt 0.604074 0.953797
vt 0.538831 0.080382
vt 0.154608 0.491668
vt 0.196624 0.483501
vt 0.152660 0.515019
vt 0.246608 0.564361
vt 0.193437 0.902867
vt 0.219947 0.884304
vt 0.191482 0.913888
vt 0.003118 0.644584
vt 0.003118 0.620833
vt 0.006749 0.634045
vt 0.230817 0.914906
vt 0.848782 0.406637
vt 0.607151 0.792209
vt 0.173603 0.280797
vt 0.173603 0.334891
vt 0.146082 0.295501
vt 0.333437 0.908625
vt 0.314258 0.877661
vt 0.333849 0.885023
vt 0.194604 0.888614
vt 0.317595 0.819276
vt 0.248395 0.810264
vt 0.596878 0.099313
vt 0.593038 0.109863
vt 0.498336 0.103311
vt 0.306912 0.908518
vt 0.002628 0.143880
vt 0.006488 0.137911
vt 0.014418 0.134867
vt 0.614978 0.973216
vt 0.613769 0.982727
vt 0.602606 0.977521
vt 0.596172 0.972392
vt 0.248229 0.388622
vt 0.241275 0.309134
vt 0.254532 0.306001
vt 0.018911 0.141553
vt 0.006526 0.150777
vt 0.366144 0.995118
vt 0.365686 0.989879
vt 0.369820 0.997787
vt 0.596882 0.986592
vt 0.608651 0.987155
vt 0.023656 0.560533
vt 0.023656 0.585495
vt 0.016797 0.568171
vt 0.019572 0.135908
vt 0.545750 0.201422
vt 0.623312 0.201422
vt 0.507211 0.212490
vt 0.998341 0.156518
vt 0.998341 0.166126
vt 0.992285 0.166117
vt 0.183143 0.993466
vt 0.187355 0.991765
vt 0.184930 0.998862
vt 0.983831 0.213454
vt 0.975493 0.215075
vt 0.983226 0.207717
vt 0.354475 0.202136
vt 0.301960 0.171816
vt 0.428184 0.177991
vt 0.990960 0.208087
vt 0.455267 0.066617
vt 0.369884 0.991389
vt 0.962595 0.228406
vt 0.962595 0.145546
vt 0.976725 0.227067
vt 0.296915 0.006325
vt 0.289173 0.006325
vt 0.291116 0.001568
vt 0.508982 0.805442
vt 0.426129 0.806546
vt 0.421457 0.800977
vt 0.430112 0.793356
vt 0.272041 0.805205
vt 0.846447 0.988812
vt 0.843577 0.993074
vt 0.833709 0.991688
vt 0.629000 0.992891
vt 0.614217 0.992891
vt 0.625147 0.982936
vt 0.615191 0.983359
vt 0.473847 0.946673
vt 0.840395 0.520349
vt 0.985608 0.512361
vt 0.985608 0.527833
vt 0.977719 0.511634
vt 0.976899 0.526892
vt 0.009177 0.689332
vt 0.009177 0.711753
vt 0.003157 0.692424
vt 0.833375 0.984232
vt 0.533489 0.005503
vt 0.548405 0.000657
vt 0.548092 0.020064
vt 0.536953 0.980793
vt 0.553821 0.980793
vt 0.537525 0.990593
vt 0.037322 0.422041
vt 0.014479 0.429464
vt 0.017832 0.423194
vt 0.445529 0.110492
vt 0.709834 0.709890
vt 0.897464 0.994416
vt 0.884290 0.990136
vt 0.897653 0.982891
vt 0.434145 0.983601
vt 0.434145 0.965092
vt 0.443506 0.967435
vt 0.993575 0.502083
vt 0.982328 0.498429
vt 0.993992 0.487995
vt 0.817554 0.564625
vt 0.552878 0.990258
vt 0.024963 0.440838
vt 0.007089 0.435031
vt 0.025472 0.432866
vt 0.003084 0.668110
vt 0.008262 0.678433
vt 0.004055 0.681963
vt 0.986355 0.483610
vt 0.248266 0.858305
vt 0.212653 0.991596
vt 0.224056 0.983311
vt 0.231846 0.994489
vt 0.313844 0.868878
vt 0.857939 0.990001
vt 0.857925 0.982893
vt 0.873205 0.982893
vt 0.872714 0.990467
vt 0.991107 0.601252
vt 0.975347 0.601252
vt 0.989541 0.595097
vt 0.025115 0.241709
vt 0.008432 0.229588
vt 0.020420 0.223511
vt 0.691148 0.981587
vt 0.678850 0.990522
vt 0.675404 0.980865
vt 0.019096 0.113914
vt 0.018776 0.100030
vt 0.024145 0.096930
vt 0.616686 0.231844
vt 0.618156 0.223508
vt 0.754799 0.223787
vt 0.794749 0.706904
vt 0.687185 0.706904
vt 0.678364 0.702075
vt 0.062722 0.993659
vt 0.068506 0.993659
vt 0.067000 0.998941
vt 0.985773 0.933958
vt 0.990547 0.933958
vt 0.986940 0.951093
vt 0.358933 0.993817
vt 0.353474 0.995546
vt 0.354067 0.988775
vt 0.289240 0.899692
vt 0.613979 0.993666
vt 0.618473 0.993666
vt 0.613891 0.998440
vt 0.364335 0.988667
vt 0.764788 0.683622
vt 0.668533 0.666649
vt 0.784593 0.676587
vt 0.849890 0.501833
vt 0.842537 0.518441
vt 0.546131 0.991189
vt 0.549083 0.991189
vt 0.546280 0.996971
vt 0.860217 0.167353
vt 0.852820 0.268083
vt 0.843244 0.263608
vt 0.235982 0.274574
vt 0.643751 0.207154
vt 0.335881 0.989244
vt 0.335881 0.994970
vt 0.333581 0.991094
vt 0.989895 0.916178
vt 0.989895 0.933353
vt 0.987411 0.919923
vt 0.867659 0.271226
vt 0.251306 0.005706
vt 0.257708 0.001240
vt 0.258314 0.005706
vt 0.143408 0.552262
vt 0.135024 0.599813
vt 0.132862 0.546709
vt 0.334372 0.707296
vt 0.330800 0.701579
vt 0.344033 0.706933
vt 0.408226 0.979375
vt 0.413295 0.983628
vt 0.408116 0.992998
vt 0.994420 0.661991
vt 0.992352 0.669710
vt 0.991766 0.655894
vt 0.521335 0.625314
vt 0.374077 0.625314
vt 0.451679 0.620862
vt 0.251365 0.000214
vt 0.386504 0.006646
vt 0.391950 0.002076
vt 0.391987 0.034925
vt 0.406985 0.989207
vt 0.394351 0.989498
vt 0.397987 0.981657
vt 0.389266 0.981459
vt 0.950225 0.924210
vt 0.943888 0.930119
vt 0.950544 0.921013
vt 0.009154 0.501904
vt 0.009154 0.524736
vt 0.005647 0.512624
vt 0.995815 0.774970
vt 0.991851 0.762771
vt 0.995427 0.763359
vt 0.989450 0.284077
vt 0.983954 0.276229
vt 0.996579 0.281871
vt 0.393925 0.973008
vt 0.482421 0.693843
vt 0.366143 0.700777
vt 0.468993 0.684441
vt 0.003993 0.690548
vt 0.988208 0.269943
vt 0.005610 0.488094
vt 0.009272 0.495947
vt 0.005035 0.510919
vt 0.406565 0.978509
vt 0.996805 0.271620
vt 0.312586 0.869029
vt 0.165154 0.000066
vt 0.166696 0.008814
vt 0.152141 0.001829
vt 0.845861 0.520139
vt 0.845861 0.630329
vt 0.804854 0.530889
vt 0.174676 0.372520
vt 0.197988 0.402302
vt 0.176421 0.433104
vt 0.053978 0.485836
vt 0.061815 0.463699
vt 0.060903 0.486199
vt 0.362682 0.688819
vt 0.558160 0.986329
vt 0.558686 0.974684
vt 0.572946 0.973436
vt 0.959348 0.932090
vt 0.882771 0.346850
vt 0.930520 0.352136
vt 0.912627 0.371902
vt 0.576521 0.987097
vt 0.974248 0.913362
vt 0.912065 0.977233
vt 0.901888 0.983108
vt 0.892573 0.976932
vt 0.930636 0.370299
vt 0.016048 0.185011
vt 0.001219 0.189829
vt 0.004331 0.184122
vt 0.672774 0.971046
vt 0.659470 0.985047
vt 0.655297 0.976725
vt 0.628091 0.011297
vt 0.630768 0.003057
vt 0.635003 0.025273
vt 0.430096 0.679242
vt 0.977670 0.929660
vt 0.308434 0.662597
vt 0.340204 0.684405
vt 0.918212 0.374059
vt 0.719547 0.860061
vt 0.718750 0.898592
vt 0.706283 0.899682
vt 0.202251 0.384294
vt 0.885091 0.361992
vt 0.980434 0.048286
vt 0.985906 0.039529
vt 0.993913 0.043467
vt 0.703738 0.864182
vt 0.109615 0.984427
vt 0.123735 0.984427
vt 0.114888 0.990907
vt 0.671863 0.979402
vt 0.918062 0.394018
vt 0.316813 0.636068
vt 0.705816 0.946223
vt 0.690892 0.939578
vt 0.685896 0.920575
vt 0.018869 0.091445
vt 0.323925 0.963854
vt 0.305445 0.962871
vt 0.299646 0.955960
vt 0.988972 0.356086
vt 0.985286 0.342976
vt 0.990269 0.348733
vt 0.996540 0.953518
vt 0.990633 0.959426
vt 0.990848 0.947333
vt 0.043356 0.435789
vt 0.043356 0.467023
vt 0.033605 0.448789
vt 0.254364 0.711595
vt 0.258456 0.709233
vt 0.259937 0.762911
vt 0.382977 0.917969
vt 0.378413 0.903922
vt 0.416358 0.899495
vt 0.066890 0.484405
vt 0.766495 0.851874
vt 0.767902 0.842204
vt 0.794354 0.855461
vt 0.066842 0.451641
vt 0.421725 0.035721
vt 0.422674 0.047738
vt 0.417805 0.055530
vt 0.761791 0.848267
vt 0.930747 0.442001
vt 0.401053 0.661450
vt 0.676040 0.000196
vt 0.707285 0.000196
vt 0.695971 0.001284
vt 0.462731 0.989829
vt 0.462731 0.996852
vt 0.460308 0.992466
vt 0.068286 0.336610
vt 0.078247 0.317875
vt 0.066794 0.356028
vt 0.966784 0.958838
vt 0.948588 0.962148
vt 0.940968 0.956812
vt 0.253445 0.765031
vt 0.249831 0.705615
vt 0.007065 0.808459
vt 0.004654 0.792712
vt 0.008783 0.802047
vt 0.206182 0.397631
vt 0.075581 0.403891
vt 0.066677 0.402441
vt 0.066677 0.364239
vt 0.329442 0.008201
vt 0.326797 0.008201
vt 0.330332 0.005883
vt 0.565497 0.061840
vt 0.604142 0.058459
vt 0.626412 0.064382
vt 0.985883 0.954825
vt 0.989944 0.947790
vt 0.989885 0.964888
vt 0.966663 0.937649
vt 0.938495 0.962280
vt 0.326859 0.004620
vt 0.009159 0.786509
vt 0.743045 0.859818
vt 0.269951 0.913511
vt 0.271455 0.909380
vt 0.308737 0.912757
vt 0.099166 0.402210
vt 0.111819 0.402227
vt 0.100849 0.408489
vt 0.377768 0.017161
vt 0.371209 0.020219
vt 0.370643 0.002108
vt 0.323430 0.706412
vt 0.076885 0.380017
vt 0.210001 0.476308
vt 0.205478 0.537108
vt 0.205163 0.481146
vt 0.434762 0.993457
vt 0.434771 0.985330
vt 0.438943 0.987487
vt 0.154150 0.597086
vt 0.160129 0.646098
vt 0.154129 0.656491
vt 0.130550 0.346927
vt 0.129909 0.386756
vt 0.123241 0.374203
vt 0.817390 0.859692
vt 0.174311 0.476212
vt 0.703677 0.996398
vt 0.698159 0.988802
vt 0.712794 0.988953
vt 0.690317 0.993197
vt 0.692457 0.991642
vt 0.692515 0.996025
vt 0.020994 0.088356
vt 0.015365 0.389864
vt 0.017688 0.396247
vt 0.015391 0.415760
vt 0.058526 0.782141
vt 0.058526 0.819241
vt 0.054449 0.817598
vt 0.111983 0.409462
vt 0.273957 0.926280
vt 0.285476 0.914371
vt 0.289896 0.918079
vt 0.325415 0.954745
vt 0.031051 0.218737
vt 0.031051 0.246976
vt 0.027164 0.236317
vt 0.035847 0.114106
vt 0.035847 0.146871
vt 0.034208 0.138341
vt 0.062641 0.050039
vt 0.056510 0.066883
vt 0.056254 0.031292
vt 0.255245 0.924219
vt 0.038898 0.885944
vt 0.036781 0.910141
vt 0.035596 0.878709
vt 0.986197 0.973603
vt 0.991109 0.973603
vt 0.989662 0.988903
vt 0.241801 0.984278
vt 0.247570 0.984278
vt 0.247592 0.995988
vt 0.528306 0.984398
vt 0.531721 0.993896
vt 0.524260 0.990873
vt 0.396452 0.014194
vt 0.394372 0.010591
vt 0.396420 0.006527
vt 0.032994 0.430933
vt 0.015978 0.430339
vt 0.039770 0.422545
vt 0.779194 0.227897
vt 0.701687 0.227897
vt 0.815827 0.222029
vt 0.344157 0.932940
vt 0.334679 0.926489
vt 0.343193 0.911743
vt 0.872616 0.874151
vt 0.883995 0.857774
vt 0.880242 0.868811
vt 0.980352 0.361861
vt 0.988308 0.363346
vt 0.990571 0.367789
vt 0.845040 0.765258
vt 0.845040 0.769145
vt 0.736608 0.770016
vt 0.122594 0.005739
vt 0.126618 0.000199
vt 0.131970 0.006214
vt 0.919016 0.999007
vt 0.908809 0.999007
vt 0.912830 0.996059
vt 0.022395 0.247757
vt 0.026800 0.243380
vt 0.030840 0.250978
vt 0.132054 0.205003
vt 0.129910 0.180498
vt 0.131877 0.155628
vt 0.365637 0.251699
vt 0.509055 0.251700
vt 0.384678 0.265814
vt 0.157991 0.169102
vt 0.161776 0.143583
vt 0.175013 0.148401
vt 0.172949 0.198795
vt 0.157990 0.656039
vt 0.995848 0.015328
vt 0.995848 0.027099
vt 0.991819 0.020864
vt 0.099764 0.453867
vt 0.099764 0.409478
vt 0.105959 0.411089
vt 0.969654 0.998882
vt 0.972860 0.995893
vt 0.978545 0.995692
vt 0.206581 0.742443
vt 0.214734 0.739727
vt 0.227367 0.754260
vt 0.975881 0.362711
vt 0.123027 0.395057
vt 0.517119 0.992902
vt 0.338722 0.944566
vt 0.335535 0.947240
vt 0.334431 0.939223
vt 0.079487 0.795604
vt 0.080846 0.811135
vt 0.073165 0.787856
vt 0.334173 0.929654
vt 0.447236 0.976245
vt 0.443266 0.988464
vt 0.443921 0.969602
vt 0.225743 0.740313
vt 0.203152 0.719612
vt 0.169316 0.920524
vt 0.190543 0.889690
vt 0.187535 0.912028
vt 0.337972 0.950206
vt 0.438194 0.979409
vt 0.340137 0.944695
vt 0.336038 0.951763
vt 0.982922 0.036245
vt 0.995371 0.036245
vt 0.991369 0.040716
vt 0.835294 0.006898
vt 0.837372 0.000502
vt 0.846009 0.003169
vt 0.764612 0.742977
vt 0.764786 0.767924
vt 0.759983 0.755693
vt 0.701284 0.749856
vt 0.765001 0.732816
vt 0.387145 0.091046
vt 0.319812 0.089456
vt 0.340825 0.078634
vt 0.656805 0.740006
vt 0.720752 0.738685
vt 0.081743 0.786430
vt 0.074442 0.780176
vt 0.994980 0.343054
vt 0.167322 0.976972
vt 0.173967 0.981625
vt 0.153117 0.982081
vt 0.996569 0.524310
vt 0.988726 0.518611
vt 0.997954 0.519217
vt 0.265721 0.914968
vt 0.109294 0.399085
vt 0.037116 0.991191
vt 0.049736 0.995291
vt 0.036598 0.995489
vt 0.411453 0.041891
vt 0.343548 0.072484
vt 0.348391 0.077313
vt 0.075380 0.819232
vt 0.991769 0.852779
vt 0.991769 0.842830
vt 0.997871 0.847418
vt 0.741810 0.751279
vt 0.734913 0.755520
vt 0.728151 0.750622
vt 0.093723 0.951857
vt 0.092465 0.956382
vt 0.077427 0.955066
vt 0.247351 0.013486
vt 0.279041 0.019074
vt 0.228606 0.018800
vt 0.316479 0.981023
vt 0.312125 0.994420
vt 0.311050 0.980420
vt 0.005572 0.153208
vt 0.021562 0.141591
vt 0.019261 0.157866
vt 0.810019 0.976831
vt 0.801632 0.980742
vt 0.790375 0.977212
vt 0.328627 0.001172
vt 0.424758 0.989554
vt 0.422839 0.995460
vt 0.413427 0.988260
vt 0.670243 0.945644
vt 0.657696 0.941324
vt 0.682340 0.934862
vt 0.785339 0.667769
vt 0.684682 0.922635
vt 0.230534 0.911620
vt 0.236916 0.909297
vt 0.269713 0.910663
vt 0.022965 0.063159
vt 0.022965 0.088296
vt 0.018969 0.086630
vt 0.070802 0.955982
vt 0.043160 0.955982
vt 0.061797 0.952256
vt 0.061999 0.993875
vt 0.058374 0.998865
vt 0.054923 0.993735
vt 0.207255 0.714054
vt 0.212538 0.723451
vt 0.021947 0.224108
vt 0.141090 0.684535
vt 0.134427 0.702844
vt 0.133700 0.651374
vt 0.046849 0.460454
vt 0.044032 0.436309
vt 0.048716 0.439119
vt 0.777081 0.170939
vt 0.782835 0.183279
vt 0.657718 0.179491
vt 0.711522 0.998506
vt 0.706503 0.996875
vt 0.711850 0.991134
vt 0.438803 0.978134
vt 0.805073 0.083737
vt 0.741054 0.083737
vt 0.766449 0.077092
vt 0.114833 0.464040
vt 0.108650 0.465697
vt 0.109009 0.419848
vt 0.954851 0.009983
vt 0.956968 0.005443
vt 0.957334 0.013797
vt 0.994106 0.981023
vt 0.997483 0.970630
vt 0.997508 0.979168
vt 0.065133 0.952503
vt 0.505090 0.677605
vt 0.388278 0.677605
vt 0.384895 0.674146
vt 0.476943 0.985852
vt 0.476943 0.994415
vt 0.473723 0.992492
vt 0.739926 0.877045
vt 0.727306 0.897242
vt 0.738420 0.867869
vt 0.122390 0.399619
vt 0.130599 0.387895
vt 0.130693 0.435983
vt 0.097105 0.986968
vt 0.092982 0.993081
vt 0.094150 0.984226
vt 0.151508 0.008136
vt 0.376341 0.071263
vt 0.189505 0.701586
vt 0.009326 0.860660
vt 0.005622 0.846836
vt 0.009672 0.838896
vt 0.191315 0.925801
vt 0.903970 0.000666
vt 0.913246 0.000017
vt 0.914974 0.008863
vt 0.922501 0.972815
vt 0.897430 0.972815
vt 0.913381 0.969957
vt 0.941276 0.444266
vt 0.932696 0.402195
vt 0.941276 0.402334
vt 0.040663 0.824707
vt 0.021722 0.824046
vt 0.048332 0.815648
vt 0.333700 0.955398
vt 0.147098 0.525932
vt 0.151866 0.552974
vt 0.147785 0.584576
vt 0.082858 0.589348
vt 0.078897 0.580854
vt 0.093123 0.582114
vt 0.008753 0.464187
vt 0.005059 0.443241
vt 0.009741 0.441585
vt 0.523216 0.069610
vt 0.513493 0.076418
vt 0.456064 0.070249
vt 0.212070 0.055907
vt 0.223871 0.057988
vt 0.210375 0.071375
vt 0.057839 0.588428
vt 0.486349 0.703818
vt 0.986255 0.851439
vt 0.991051 0.850154
vt 0.989929 0.868149
vt 0.174809 0.309173
vt 0.175125 0.278633
vt 0.183404 0.307657
vt 0.093591 0.233317
vt 0.084998 0.233317
vt 0.087485 0.190462
vt 0.103861 0.984388
vt 0.970047 0.403749
vt 0.978247 0.378511
vt 0.983579 0.405900
vt 0.807648 0.998990
vt 0.807648 0.991144
vt 0.814947 0.996823
vt 0.149251 0.609593
vt 0.152352 0.598018
vt 0.147620 0.650283
vt 0.145957 0.985695
vt 0.145957 0.993471
vt 0.143140 0.993585
vt 0.453136 0.249735
vt 0.461338 0.215226
vt 0.462594 0.229453
vt 0.932071 0.441611
vt 0.044356 0.470943
vt 0.090849 0.318455
vt 0.090849 0.275033
vt 0.092180 0.283846
vt 0.479056 0.215985
vt 0.918452 0.648156
vt 0.918452 0.615202
vt 0.977643 0.672545
vt 0.754695 0.889122
vt 0.763075 0.901234
vt 0.731910 0.908155
vt 0.741747 0.977983
vt 0.753662 0.980083
vt 0.732772 0.979903
vt 0.430568 0.179264
vt 0.471523 0.184874
vt 0.288123 0.695010
vt 0.288123 0.575340
vt 0.303885 0.693932
vt 0.940150 0.593708
vt 0.334124 0.983212
vt 0.324856 0.975435
vt 0.341048 0.975343
vt 0.402676 0.208100
vt 0.976347 0.602605
vt 0.916017 0.131347
vt 0.898136 0.137630
vt 0.829489 0.097997
vt 0.914315 0.686015
vt 0.379485 0.250929
vt 0.956611 0.718686
vt 0.969388 0.670999
vt 0.967683 0.760673
vt 0.925321 0.095226
vt 0.517407 0.208478
vt 0.754317 0.876285
vt 0.343126 0.984697
vt 0.954340 0.475499
vt 0.954340 0.426795
vt 0.963469 0.474640
vt 0.519489 0.171202
vt 0.642820 0.171202
vt 0.626507 0.182029
vt 0.612507 0.120607
vt 0.609963 0.126063
vt 0.514775 0.122379
vt 0.228658 0.738203
vt 0.250973 0.738203
vt 0.227575 0.796810
vt 0.182439 0.267302
vt 0.145280 0.368442
vt 0.143125 0.343812
vt 0.145479 0.316314
vt 0.954473 0.515618
vt 0.963766 0.517951
vt 0.144349 0.430069
vt 0.132908 0.428052
vt 0.141302 0.376541
vt 0.147947 0.707150
vt 0.147947 0.758069
vt 0.136217 0.755121
vt 0.922221 0.861552
vt 0.964805 0.861552
vt 0.963694 0.869085
vt 0.173281 0.246821
vt 0.898799 0.995706
vt 0.889072 0.998867
vt 0.888078 0.995974
vt 0.841021 0.742670
vt 0.817984 0.734737
vt 0.862660 0.725230
vt 0.156490 0.920458
vt 0.125910 0.917783
vt 0.161214 0.915753
vt 0.728478 0.476487
vt 0.725249 0.446267
vt 0.741333 0.458128
vt 0.715372 0.496791
vt 0.742265 0.481989
vt 0.755020 0.480812
vt 0.843242 0.715943
vt 0.852398 0.685853
vt 0.211818 0.544415
vt 0.209205 0.543761
vt 0.209205 0.496750
vt 0.214097 0.477292
vt 0.240721 0.519559
vt 0.779448 0.452476
vt 0.229995 0.531062
vt 0.238801 0.510626
vt 0.977241 0.931541
vt 0.985181 0.955977
vt 0.953152 0.953311
vt 0.033719 0.140648
vt 0.035910 0.165691
vt 0.033651 0.173116
vt 0.864716 0.767808
vt 0.765399 0.751273
vt 0.770980 0.417973
vt 0.720583 0.350767
vt 0.955051 0.869762
vt 0.921575 0.888720
vt 0.916188 0.881825
vt 0.119490 0.179012
vt 0.119490 0.129326
vt 0.121753 0.151646
vt 0.230674 0.109607
vt 0.239269 0.108091
vt 0.239045 0.146320
vt 0.796837 0.911631
vt 0.801455 0.913828
vt 0.803941 0.942245
vt 0.230391 0.146880
vt 0.508543 0.997814
vt 0.505903 0.994179
vt 0.509391 0.993306
vt 0.870649 0.730574
vt 0.791002 0.740598
vt 0.250559 0.194644
vt 0.244402 0.195729
vt 0.246748 0.157572
vt 0.252884 0.159175
vt 0.242997 0.307787
vt 0.246311 0.265170
vt 0.252506 0.264628
vt 0.930561 0.659451
vt 0.941767 0.700165
vt 0.928978 0.747894
vt 0.871010 0.769994
vt 0.095740 0.697080
vt 0.095740 0.652404
vt 0.099129 0.698360
vt 0.177392 0.014196
vt 0.179453 0.020537
vt 0.174211 0.015281
vt 0.171164 0.000677
vt 0.169832 0.018309
vt 0.591912 0.179293
vt 0.495231 0.187752
vt 0.458902 0.181726
vt 0.123330 0.132365
vt 0.123330 0.176129
vt 0.121367 0.181892
vt 0.106468 0.009519
vt 0.096054 0.039231
vt 0.081751 0.019506
vt 0.065617 0.541319
vt 0.068571 0.542110
vt 0.067322 0.580043
vt 0.804051 0.908766
vt 0.079230 0.002088
vt 0.090504 0.002373
vt 0.953534 0.004706
vt 0.954001 0.013173
vt 0.931159 0.015171
vt 0.238868 0.192353
vt 0.993433 0.429386
vt 0.989062 0.442839
vt 0.981900 0.430319
vt 0.934337 0.893435
vt 0.917014 0.891009
vt 0.211495 0.996302
vt 0.203888 0.995947
vt 0.202911 0.984775
vt 0.378845 0.868391
vt 0.379336 0.886066
vt 0.362209 0.903193
vt 0.069584 0.039352
vt 0.348167 0.868820
vt 0.362033 0.883211
vt 0.344565 0.898395
vt 0.239354 0.228409
vt 0.244715 0.225020
vt 0.776586 0.981444
vt 0.793715 0.981444
vt 0.789176 0.989449
vt 0.142823 0.545261
vt 0.132954 0.546124
vt 0.141914 0.531686
vt 0.337487 0.884084
vt 0.064721 0.020782
vt 0.936809 0.657138
vt 0.110715 0.365082
vt 0.248924 0.241540
vt 0.625675 0.071656
vt 0.685181 0.076862
vt 0.619210 0.081279
vt 0.196848 0.993778
vt 0.201771 0.993778
vt 0.197431 0.998328
vt 0.877570 0.952224
vt 0.847147 0.954060
vt 0.872973 0.942366
vt 0.185582 0.121379
vt 0.197484 0.081942
vt 0.210077 0.118372
vt 0.188069 0.145981
vt 0.848183 0.933458
vt 0.342263 0.071776
vt 0.323921 0.085901
vt 0.275892 0.073032
vt 0.910343 0.737887
vt 0.914580 0.694807
vt 0.923462 0.701840
vt 0.967657 0.407450
vt 0.967657 0.317760
vt 0.976596 0.378608
vt 0.772643 0.770683
vt 0.792566 0.781447
vt 0.779142 0.818330
vt 0.655001 0.053819
vt 0.669708 0.053819
vt 0.617329 0.061052
vt 0.922171 0.003082
vt 0.211385 0.984458
vt 0.031831 0.832502
vt 0.026478 0.852480
vt 0.025890 0.824875
vt 0.792833 0.817793
vt 0.379930 0.057027
vt 0.935471 0.378301
vt 0.288203 0.005742
vt 0.284323 0.000651
vt 0.288938 0.001578
vt 0.983632 0.305080
vt 0.983632 0.335275
vt 0.969007 0.321202
vt 0.004638 0.582177
vt 0.009814 0.601494
vt 0.003013 0.605785
vt 0.375613 0.900055
vt 0.400077 0.856054
vt 0.383437 0.867676
vt 0.357200 0.858127
vt 0.161790 0.977563
vt 0.148958 0.982233
vt 0.141121 0.976820
vt 0.976566 0.557882
vt 0.976566 0.531412
vt 0.984954 0.540223
vt 0.566518 0.297267
vt 0.651778 0.289808
vt 0.713699 0.292512
vt 0.893133 0.845505
vt 0.835388 0.855687
vt 0.893386 0.842303
vt 0.063777 0.535415
vt 0.065997 0.570653
vt 0.055184 0.567485
vt 0.023987 0.026794
vt 0.022516 0.031492
vt 0.018934 0.031178
vt 0.691313 0.956842
vt 0.685828 0.955875
vt 0.715751 0.955343
vt 0.276915 0.086586
vt 0.899409 0.999000
vt 0.899409 0.995081
vt 0.909669 0.996946
vt 0.284436 0.005762
vt 0.686936 0.915603
vt 0.693245 0.909293
vt 0.724510 0.916064
vt 0.931442 0.350998
vt 0.105324 0.124518
vt 0.117859 0.090078
vt 0.118652 0.132078
vt 0.974491 0.591998
vt 0.981354 0.561924
vt 0.983082 0.584789
vt 0.976279 0.562406
vt 0.109776 0.088445
vt 0.997504 0.777842
vt 0.991821 0.785664
vt 0.991149 0.777237
vt 0.032392 0.982092
vt 0.013489 0.982092
vt 0.024817 0.976468
vt 0.979677 0.360855
vt 0.975589 0.361429
vt 0.971483 0.336154
vt 0.241382 0.424814
vt 0.251284 0.400193
vt 0.249293 0.415387
vt 0.084544 0.683957
vt 0.094684 0.646114
vt 0.095032 0.688078
vt 0.379651 0.902674
vt 0.376961 0.898016
vt 0.418796 0.898072
vt 0.252944 0.481405
vt 0.866169 0.022031
vt 0.818587 0.022031
vt 0.861623 0.010036
vt 0.558109 0.311205
vt 0.646221 0.303496
vt 0.705335 0.308378
vt 0.135615 0.492850
vt 0.085305 0.645420
vt 0.008773 0.040471
vt 0.010661 0.051183
vt 0.001828 0.040024
vt 0.424534 0.977096
vt 0.417947 0.983682
vt 0.406251 0.976851
vt 0.022626 0.283529
vt 0.004041 0.282254
vt 0.017378 0.274439
vt 0.473789 0.974302
vt 0.469176 0.967714
vt 0.485038 0.975086
vt 0.264530 0.060263
vt 0.750071 0.989136
vt 0.741705 0.980770
vt 0.759528 0.981485
vt 0.979826 0.066202
vt 0.994027 0.066570
vt 0.982479 0.069364
vt 0.986396 0.767316
vt 0.990910 0.762802
vt 0.990422 0.780365
vt 0.008484 0.375728
vt 0.014302 0.363251
vt 0.015196 0.382186
vt 0.983681 0.343550
vt 0.988539 0.358503
vt 0.982354 0.359460
vt 0.925982 0.094619
vt 0.863362 0.094619
vt 0.920866 0.078050
vt 0.644202 0.977238
vt 0.653444 0.974934
vt 0.643547 0.989052
vt 0.026296 0.858247
vt 0.031918 0.837266
vt 0.031690 0.864757
vt 0.075278 0.872844
vt 0.053930 0.902227
vt 0.050524 0.856530
vt 0.054871 0.537956
vt 0.023319 0.821754
vt 0.037290 0.812681
vt 0.049695 0.813998
vt 0.077836 0.113214
vt 0.076697 0.150723
vt 0.069861 0.150723
vt 0.001179 0.055684
vt 0.877675 0.955125
vt 0.903282 0.955125
vt 0.903130 0.962488
vt 0.983554 0.488563
vt 0.977490 0.495790
vt 0.976979 0.469676
vt 0.003028 0.276077
vt 0.669946 0.033943
vt 0.984900 0.986597
vt 0.984900 0.972456
vt 0.987473 0.985802
vt 0.144777 0.001464
vt 0.149253 0.000010
vt 0.149015 0.007884
vt 0.142717 0.309837
vt 0.142717 0.264648
vt 0.144901 0.315520
vt 0.489740 0.977070
vt 0.490370 0.967183
vt 0.985113 0.184828
vt 0.976406 0.195205
vt 0.977024 0.171347
vt 0.535227 0.986423
vt 0.535227 0.994336
vt 0.532360 0.988291
vt 0.897715 0.857253
vt 0.417463 0.144785
vt 0.440671 0.161280
vt 0.433732 0.166375
vt 0.011066 0.973753
vt 0.012448 0.960724
vt 0.014083 0.972945
vt 0.352606 0.988213
vt 0.350075 0.996000
vt 0.348924 0.989012
vt 0.683690 0.963926
vt 0.672008 0.947242
vt 0.682853 0.935926
vt 0.076764 0.251792
vt 0.070067 0.271814
vt 0.068953 0.255772
vt 0.011675 0.952308
vt 0.031658 0.956058
vt 0.250457 0.000650
vt 0.250457 0.005763
vt 0.243376 0.005582
vt 0.021937 0.619700
vt 0.029864 0.621824
vt 0.024126 0.648677
vt 0.985687 0.786380
vt 0.962598 0.772045
vt 0.974318 0.755307
vt 0.421639 0.138701
vt 0.053778 0.813809
vt 0.053778 0.776719
vt 0.055743 0.795544
vt 0.482316 0.156098
vt 0.511496 0.179029
vt 0.445130 0.180490
vt 0.067943 0.256219
vt 0.066277 0.275260
vt 0.064765 0.235347
vt 0.985023 0.768823
vt 0.136269 0.898177
vt 0.137528 0.912566
vt 0.116092 0.899090
vt 0.782939 0.835835
vt 0.836253 0.837553
vt 0.813604 0.857307
vt 0.024714 0.964715
vt 0.346088 0.905333
vt 0.335215 0.920861
vt 0.335846 0.883776
vt 0.108197 0.897924
vt 0.119162 0.912132
vt 0.100262 0.913127
vt 0.079137 0.274008
vt 0.081198 0.297566
vt 0.079534 0.313560
vt 0.780887 0.022392
vt 0.780887 0.053089
vt 0.728733 0.052300
vt 0.292033 0.550834
vt 0.288628 0.531527
vt 0.291158 0.455579
vt 0.417419 0.000053
vt 0.445432 0.000053
vt 0.425281 0.001427
vt 0.057900 0.123301
vt 0.062339 0.106736
vt 0.063462 0.142894
vt 0.021420 0.990027
vt 0.012388 0.984813
vt 0.029052 0.985169
vt 0.852976 0.850585
vt 0.055820 0.022232
vt 0.063075 0.011872
vt 0.063056 0.047329
vt 0.064246 0.113729
vt 0.067871 0.245877
vt 0.065356 0.232379
vt 0.083139 0.233773
vt 0.023875 0.969944
vt 0.069962 0.212078
vt 0.050413 0.212078
vt 0.068050 0.176673
vt 0.083252 0.277580
vt 0.076097 0.267361
vt 0.083029 0.237467
vt 0.005980 0.614770
vt 0.006847 0.604854
vt 0.006326 0.628496
vt 0.161945 0.891137
vt 0.173033 0.900442
vt 0.161972 0.927313
vt 0.035801 0.974678
vt 0.287663 0.055742
vt 0.288267 0.041978
vt 0.345785 0.041978
vt 0.839241 0.856979
vt 0.513955 0.936487
vt 0.513955 0.963859
vt 0.502326 0.955812
vt 0.487347 0.704333
vt 0.486123 0.690339
vt 0.544714 0.700162
vt 0.962512 0.781796
vt 0.005467 0.058455
vt 0.024134 0.058455
vt 0.010357 0.061919
vt 0.796289 0.002664
vt 0.833707 0.002664
vt 0.831142 0.017563
vt 0.980126 0.995250
vt 0.987098 0.998501
vt 0.977875 0.998830
vt 0.561595 0.065062
vt 0.507893 0.060364
vt 0.568575 0.055806
vt 0.441707 0.052289
vt 0.398801 0.013228
vt 0.447770 0.017901
vt 0.743894 0.962562
vt 0.741125 0.965587
vt 0.726752 0.970536
vt 0.030261 0.975526
vt 0.049167 0.975526
vt 0.030945 0.979580
vt 0.630110 0.276534
vt 0.562051 0.270580
vt 0.709286 0.272966
vt 0.067229 0.485958
vt 0.073866 0.478048
vt 0.072485 0.517512
vt 0.178147 0.616507
vt 0.196952 0.558632
vt 0.223431 0.631797
vt 0.119498 0.188725
vt 0.122966 0.181287
vt 0.123226 0.230652
vt 0.149109 0.282492
vt 0.149109 0.240399
vt 0.151335 0.291421
vt 0.453073 0.083645
vt 0.455082 0.072250
vt 0.520287 0.077989
vt 0.333135 0.003278
vt 0.989820 0.069960
vt 0.019461 0.006989
vt 0.536880 0.991336
vt 0.545508 0.991336
vt 0.542531 0.996824
vt 0.366108 0.867019
vt 0.689343 0.770685
vt 0.771930 0.771256
vt 0.770522 0.784999
vt 0.132939 0.652041
vt 0.132939 0.599562
vt 0.140864 0.606298
vt 0.758202 0.959354
vt 0.728232 0.959354
vt 0.729830 0.955791
vt 0.334105 0.021572
vt 0.372590 0.054057
vt 0.145656 0.291937
vt 0.145656 0.240867
vt 0.148868 0.292927
vt 0.344804 0.062610
vt 0.577991 0.852351
vt 0.499956 0.852351
vt 0.567798 0.834872
vt 0.022828 0.703360
vt 0.022828 0.675032
vt 0.027986 0.701746
vt 0.744772 0.073724
vt 0.739452 0.085131
vt 0.680487 0.074915
vt 0.335129 0.525954
vt 0.341011 0.458718
vt 0.361187 0.527756
vt 0.133378 0.100415
vt 0.148940 0.052520
vt 0.157693 0.094029
vt 0.183982 0.206407
vt 0.183982 0.269172
vt 0.173689 0.232501
vt 0.042454 0.553935
vt 0.042454 0.519572
vt 0.047334 0.552463
vt 0.895578 0.841320
vt 0.924507 0.840876
vt 0.927861 0.859895
vt 0.272449 0.064088
vt 0.229630 0.032979
vt 0.295777 0.029153
vt 0.099694 0.366211
vt 0.816668 0.273179
vt 0.866656 0.277700
vt 0.856351 0.290214
vt 0.758138 0.794683
vt 0.053922 0.957471
vt 0.082240 0.956719
vt 0.063497 0.961936
vt 0.073488 0.962373
vt 0.077270 0.082785
vt 0.074185 0.087191
vt 0.075612 0.046504
vt 0.683454 0.701168
vt 0.694554 0.694759
vt 0.799526 0.701886
vt 0.797675 0.052951
vt 0.797013 0.060517
vt 0.735626 0.056792
vt 0.063928 0.063368
vt 0.063928 0.099009
vt 0.058914 0.063299
vt 0.674820 0.017708
vt 0.103368 0.609936
vt 0.105567 0.644586
vt 0.102969 0.645044
vt 0.037362 0.123161
vt 0.035653 0.103630
vt 0.037171 0.089469
vt 0.142010 0.326391
vt 0.134260 0.323570
vt 0.139798 0.273511
vt 0.125432 0.311052
vt 0.121407 0.265043
vt 0.129210 0.262209
vt 0.394714 0.291091
vt 0.367741 0.334256
vt 0.389834 0.283351
vt 0.252445 0.807431
vt 0.544654 0.693517
vt 0.361961 0.497322
vt 0.447185 0.012831
vt 0.571577 0.831941
vt 0.504607 0.849886
vt 0.493544 0.831416
vt 0.269151 0.071132
vt 0.680871 0.197834
vt 0.669635 0.216776
vt 0.640559 0.208986
vt 0.731678 0.979718
vt 0.022123 0.674444
vt 0.022123 0.698521
vt 0.010931 0.676205
vt 0.103952 0.962421
vt 0.075624 0.962421
vt 0.094955 0.957164
vt 0.128053 0.580670
vt 0.128053 0.628013
vt 0.122564 0.603658
vt 0.473697 0.055388
vt 0.534197 0.055388
vt 0.474460 0.064493
vt 0.211674 0.407966
vt 0.211675 0.339937
vt 0.227398 0.407604
vt 0.862242 0.823055
vt 0.874492 0.830127
vt 0.806317 0.827933
vt 0.084027 0.275819
vt 0.089629 0.276806
vt 0.087042 0.319149
vt 0.929276 0.835908
vt 0.878648 0.426430
vt 0.884056 0.364620
vt 0.882810 0.467644
vt 0.929334 0.688356
vt 0.618573 0.080815
vt 0.551630 0.080815
vt 0.615495 0.071133
vt 0.023981 0.169050
vt 0.019926 0.167159
vt 0.022535 0.141754
vt 0.908577 0.837874
vt 0.851900 0.847868
vt 0.839326 0.838159
vt 0.672512 0.004559
vt 0.672900 0.015668
vt 0.642344 0.005493
vt 0.375848 0.827344
vt 0.374983 0.831366
vt 0.347341 0.828947
vt 0.200571 0.840110
vt 0.190967 0.827185
vt 0.209261 0.787954
vt 0.895313 0.972856
vt 0.875306 0.969328
vt 0.900224 0.968930
vt 0.295111 0.057794
vt 0.344276 0.070968
vt 0.285719 0.070853
vt 0.361999 0.362849
vt 0.361999 0.494576
vt 0.345944 0.399017
vt 0.310781 0.990115
vt 0.308430 0.997351
vt 0.307373 0.989823
vt 0.042445 0.915288
vt 0.070036 0.935334
vt 0.048801 0.943124
vt 0.995019 0.645482
vt 0.995019 0.659402
vt 0.991661 0.653318
vt 0.499297 0.188408
vt 0.564051 0.188180
vt 0.500490 0.195174
vt 0.714326 0.824058
vt 0.644492 0.830168
vt 0.643839 0.823507
vt 0.045722 0.380845
vt 0.043011 0.349860
vt 0.046777 0.345845
vt 0.678675 0.065569
vt 0.066785 0.213173
vt 0.067947 0.217513
vt 0.041574 0.215910
vt 0.211598 0.849935
vt 0.239213 0.982822
vt 0.242559 0.988618
vt 0.238941 0.991524
vt 0.172124 0.615513
vt 0.168805 0.653456
vt 0.165814 0.594200
vt 0.590552 0.917317
vt 0.622077 0.927560
vt 0.591164 0.928761
vt 0.158282 0.599697
vt 0.148083 0.589498
vt 0.155950 0.540411
vt 0.606132 0.691500
vt 0.153318 0.657532
vt 0.556517 0.981206
vt 0.554531 0.969938
vt 0.557457 0.966994
vt 0.138920 0.983986
vt 0.126526 0.989430
vt 0.124524 0.983929
vt 0.719299 0.955639
vt 0.727593 0.959507
vt 0.697666 0.959268
vt 0.119791 0.996493
vt 0.124099 0.985747
vt 0.124137 0.993336
vt 0.996893 0.063440
vt 0.989322 0.063970
vt 0.987320 0.056405
vt 0.600394 0.996414
vt 0.595462 0.998016
vt 0.595799 0.989650
vt 0.991813 0.723729
vt 0.991813 0.710410
vt 0.996840 0.713306
vt 0.284280 0.992822
vt 0.292435 0.989775
vt 0.290322 0.996597
vt 0.985311 0.285262
vt 0.995942 0.285262
vt 0.987483 0.289972
vt 0.908358 0.642478
vt 0.556920 0.005190
vt 0.549148 0.007715
vt 0.553998 0.000178
vt 0.984002 0.628743
vt 0.987255 0.627686
vt 0.979357 0.637238
vt 0.871133 0.960355
vt 0.842237 0.960355
vt 0.845797 0.956764
vt 0.365008 0.989818
vt 0.365008 0.998835
vt 0.359708 0.995575
vt 0.856755 0.604174
vt 0.852176 0.606818
vt 0.856573 0.593059
vt 0.285363 0.997398
vt 0.649317 0.998426
vt 0.651661 0.991214
vt 0.656554 0.998062
vt 0.115133 0.992949
vt 0.984398 0.188102
vt 0.992446 0.190562
vt 0.978447 0.195223
vt 0.022048 0.903075
vt 0.022048 0.891614
vt 0.026532 0.905766
vt 0.855379 0.770224
vt 0.424010 0.855649
vt 0.454335 0.852970
vt 0.455978 0.856839
vt 0.137989 0.988595
vt 0.635024 0.996413
vt 0.635024 0.984840
vt 0.641247 0.992909
vt 0.673302 0.222984
vt 0.993510 0.633480
vt 0.303311 0.566757
vt 0.293257 0.451835
vt 0.305165 0.437190
vt 0.935465 0.935761
vt 0.935465 0.902917
vt 0.940706 0.910372
vt 0.471672 0.984513
vt 0.457028 0.984513
vt 0.473485 0.976339
vt 0.375902 0.989095
vt 0.365712 0.989095
vt 0.379357 0.985449
vt 0.996941 0.942567
vt 0.989245 0.945068
vt 0.993329 0.932091
vt 0.007796 0.464253
vt 0.005036 0.474553
vt 0.004538 0.451939
vt 0.288272 0.380489
vt 0.295350 0.386428
vt 0.288840 0.473483
vt 0.365360 0.973411
vt 0.361147 0.981382
vt 0.026958 0.878645
vt 0.454488 0.978045
vt 0.455953 0.973249
vt 0.920212 0.002552
vt 0.927576 0.017392
vt 0.920657 0.015282
vt 0.013335 0.070494
vt 0.006563 0.064397
vt 0.025504 0.059254
vt 0.908491 0.954435
vt 0.878433 0.954435
vt 0.878387 0.947884
vt 0.469295 0.970593
vt 0.379960 0.931715
vt 0.384177 0.928176
vt 0.415304 0.929105
vt 0.846748 0.623944
vt 0.856618 0.581016
vt 0.376830 0.974237
vt 0.492345 0.830960
vt 0.923466 0.025568
vt 0.093762 0.589967
vt 0.093762 0.549917
vt 0.096174 0.544715
vt 0.380074 0.828729
vt 0.619894 0.000166
vt 0.623053 0.002461
vt 0.619177 0.005754
vt 0.856657 0.586508
vt 0.982487 0.735947
vt 0.978648 0.757718
vt 0.978539 0.726742
vt 0.086951 0.937612
vt 0.082072 0.934795
vt 0.116251 0.934613
vt 0.184702 0.658472
vt 0.221823 0.632480
vt 0.249437 0.660071
vt 0.870739 0.285502
vt 0.043808 0.369320
vt 0.037508 0.400397
vt 0.037335 0.369320
vt 0.959777 0.006963
vt 0.975307 0.033861
vt 0.958586 0.050757
vt 0.402808 0.990357
vt 0.407256 0.990357
vt 0.404388 0.998790
vt 0.344534 0.857905
vt 0.381719 0.833570
vt 0.382050 0.852226
vt 0.927910 0.025381
vt 0.099425 0.549123
vt 0.099425 0.594439
vt 0.094458 0.593285
vt 0.022107 0.885142
vt 0.116837 0.573494
vt 0.107632 0.584464
vt 0.108343 0.537884
vt 0.393012 0.991769
vt 0.393012 0.998857
vt 0.388932 0.995798
vt 0.976348 0.591884
vt 0.983221 0.588679
vt 0.991092 0.591321
vt 0.393838 0.008202
vt 0.393838 0.003145
vt 0.396000 0.004658
vt 0.702701 0.688629
vt 0.817773 0.691449
vt 0.702701 0.693052
vt 0.889472 0.290619
vt 0.908287 0.345657
vt 0.830869 0.981632
vt 0.831525 0.977915
vt 0.850433 0.980051
vt 0.847723 0.519618
vt 0.048102 0.614879
vt 0.048102 0.649058
vt 0.044153 0.645855
vt 0.735503 0.054953
vt 0.732411 0.063449
vt 0.673969 0.057292
vt 0.413052 0.853738
vt 0.021883 0.879483
vt 0.292751 0.585462
vt 0.292751 0.455978
vt 0.297284 0.551419
vt 0.894274 0.243391
vt 0.102622 0.656467
vt 0.031673 0.369213
vt 0.698255 0.693871
vt 0.813338 0.693871
vt 0.740737 0.696854
vt 0.606640 0.721275
vt 0.494002 0.717041
vt 0.602084 0.718085
vt 0.985684 0.668839
vt 0.980275 0.667886
vt 0.985320 0.638018
vt 0.379059 0.654364
vt 0.379059 0.638880
vt 0.500076 0.659651
vt 0.870480 0.932870
vt 0.872394 0.928095
vt 0.903570 0.928095
vt 0.466984 0.707435
vt 0.346534 0.707435
vt 0.375126 0.702037
vt 0.282839 0.506041
vt 0.288449 0.474224
vt 0.287614 0.567216
vt 0.882481 0.938703
vt 0.178786 0.082115
vt 0.192700 0.082115
vt 0.180040 0.142848
vt 0.007705 0.548950
vt 0.004104 0.535510
vt 0.008723 0.526037
vt 0.136804 0.325622
vt 0.145333 0.373996
vt 0.132911 0.378867
vt 0.773846 0.219860
vt 0.727484 0.828094
vt 0.718858 0.823114
vt 0.788788 0.823200
vt 0.488149 0.853226
vt 0.488814 0.857248
vt 0.042911 0.290969
vt 0.042453 0.256638
vt 0.045894 0.256880
vt 0.976716 0.099018
vt 0.945336 0.055827
vt 0.956943 0.049970
vt 0.198788 0.716543
vt 0.198788 0.777290
vt 0.186510 0.720976
vt 0.003959 0.511253
vt 0.006687 0.521433
vt 0.003673 0.534134
vt 0.048122 0.437418
vt 0.042627 0.425635
vt 0.048148 0.402740
vt 0.022186 0.619053
vt 0.043688 0.589630
vt 0.041214 0.619053
vt 0.587552 0.088425
vt 0.587963 0.093124
vt 0.522051 0.090290
vt 0.408712 0.828744
vt 0.024059 0.140227
vt 0.020342 0.140883
vt 0.022300 0.113681
vt 0.288203 0.275797
vt 0.288203 0.239343
vt 0.296405 0.305753
vt 0.861009 0.937173
vt 0.861009 0.903479
vt 0.866667 0.905190
vt 0.241773 0.432327
vt 0.253004 0.496023
vt 0.240829 0.512419
vt 0.394893 0.013433
vt 0.397608 0.044464
vt 0.392229 0.046755
vt 0.780050 0.824875
vt 0.813507 0.830774
vt 0.744461 0.828339
vt 0.508431 0.280939
vt 0.049308 0.257604
vt 0.577593 0.979464
vt 0.594447 0.979419
vt 0.594447 0.985060
vt 0.577236 0.984914
vt 0.133435 0.768186
vt 0.148755 0.815335
vt 0.133954 0.819382
vt 0.547354 0.979753
vt 0.553271 0.961540
vt 0.553288 0.979599
vt 0.956189 0.020861
vt 0.021926 0.592449
vt 0.909528 0.244878
vt 0.458878 0.084558
vt 0.517901 0.089722
vt 0.450526 0.092057
vt 0.990000 0.714384
vt 0.990000 0.731596
vt 0.986319 0.714427
vt 0.378161 0.834425
vt 0.349580 0.846877
vt 0.348125 0.842473
vt 0.618583 0.008289
vt 0.614767 0.003742
vt 0.618423 0.000098
vt 0.308075 0.835840
vt 0.728524 0.993962
vt 0.725050 0.996876
vt 0.724856 0.988324
vt 0.995457 0.664149
vt 0.995457 0.677735
vt 0.992703 0.672294
vt 0.461880 0.985322
vt 0.475466 0.985246
vt 0.464479 0.992462
vt 0.042317 0.479232
vt 0.042317 0.510408
vt 0.034644 0.481031
vt 0.471776 0.994033
vt 0.988076 0.267746
vt 0.987792 0.260153
vt 0.991196 0.264028
vt 0.053168 0.780091
vt 0.053168 0.813890
vt 0.041060 0.808792
vt 0.956946 0.014348
vt 0.040819 0.850329
vt 0.040819 0.863467
vt 0.036299 0.846621
vt 0.272652 0.955716
vt 0.278232 0.972892
vt 0.267657 0.957020
vt 0.050627 0.626881
vt 0.050478 0.618327
vt 0.071377 0.627394
vt 0.041824 0.300694
vt 0.041824 0.308887
vt 0.023315 0.299560
vt 0.698009 0.448755
vt 0.656889 0.455616
vt 0.656889 0.440444
vt 0.486465 0.333471
vt 0.473565 0.364563
vt 0.454582 0.346428
vt 0.656670 0.431631
vt 0.991278 0.367604
vt 0.997376 0.367540
vt 0.994215 0.369512
vt 0.249148 0.963406
vt 0.481165 0.319827
vt 0.964314 0.860195
vt 0.457378 0.365281
vt 0.782983 0.248737
vt 0.788305 0.309563
vt 0.784237 0.363004
vt 0.325127 0.998021
vt 0.325127 0.990139
vt 0.329042 0.995942
vt 0.789732 0.687806
vt 0.472169 0.395863
vt 0.680047 0.414767
vt 0.706587 0.418972
vt 0.501212 0.374935
vt 0.167842 0.376478
vt 0.163014 0.384856
vt 0.152235 0.378633
vt 0.703121 0.459783
vt 0.042961 0.640189
vt 0.042961 0.605988
vt 0.047813 0.610217
vt 0.993372 0.255194
vt 0.993954 0.260010
vt 0.000662 0.134356
vt 0.010192 0.134356
vt 0.002206 0.138954
vt 0.397021 0.994208
vt 0.393894 0.998511
vt 0.393803 0.992116
vt 0.998237 0.176442
vt 0.990799 0.173130
vt 0.998348 0.167845
vt 0.656077 0.408266
vt 0.123879 0.230228
vt 0.123879 0.180230
vt 0.128217 0.185832
vt 0.705729 0.474996
vt 0.172747 0.372690
vt 0.173503 0.379591
vt 0.980503 0.699958
vt 0.985070 0.683587
vt 0.985032 0.696158
vt 0.698807 0.826446
vt 0.732878 0.829427
vt 0.662781 0.830189
vt 0.656760 0.477258
vt 0.027633 0.397735
vt 0.032417 0.394746
vt 0.023331 0.419265
vt 0.151571 0.379958
vt 0.152418 0.386012
vt 0.995816 0.178972
vt 0.984612 0.735613
vt 0.984612 0.766607
vt 0.980854 0.751039
vt 0.264382 0.000603
vt 0.268165 0.005810
vt 0.259215 0.005325
vt 0.512437 0.807266
vt 0.459754 0.811875
vt 0.425402 0.807438
vt 0.166096 0.390978
vt 0.998152 0.042859
vt 0.998888 0.038690
vt 0.998506 0.047645
vt 0.991869 0.267423
vt 0.503182 0.413509
vt 0.255521 0.973736
vt 0.687939 0.485257
vt 0.742015 0.994587
vt 0.745898 0.991766
vt 0.744646 0.997381
vt 0.888560 0.946488
vt 0.889436 0.936476
vt 0.892450 0.946117
vt 0.021627 0.851151
vt 0.021627 0.875045
vt 0.014387 0.865282
vt 0.870518 0.996566
vt 0.877147 0.998979
vt 0.866810 0.998994
vt 0.964076 0.983109
vt 0.962546 0.965617
vt 0.980136 0.983569
vt 0.635360 0.936487
vt 0.635360 0.949058
vt 0.604896 0.948749
vt 0.143512 0.880632
vt 0.140801 0.876761
vt 0.155782 0.883013
vt 0.872695 0.346266
vt 0.868821 0.361805
vt 0.867601 0.322921
vt 0.173780 0.386935
vt 0.505356 0.393061
vt 0.629792 0.044640
vt 0.642244 0.045729
vt 0.628710 0.049740
vt 0.899537 0.936001
vt 0.637297 0.051068
vt 0.851671 0.982960
vt 0.857258 0.981773
vt 0.852427 0.994547
vt 0.041376 0.328461
vt 0.022310 0.324012
vt 0.153646 0.399850
vt 0.554527 0.988975
vt 0.554527 0.979945
vt 0.557954 0.988494
vt 0.656368 0.493085
vt 0.636505 0.706223
vt 0.594191 0.676595
vt 0.645236 0.707446
vt 0.371656 0.661071
vt 0.448772 0.536797
vt 0.444680 0.548658
vt 0.451671 0.498029
vt 0.707835 0.979222
vt 0.701252 0.970162
vt 0.721540 0.962071
vt 0.607385 0.093733
vt 0.595631 0.083870
vt 0.660906 0.088319
vt 0.994546 0.376417
vt 0.051258 0.598555
vt 0.152368 0.875746
vt 0.423284 0.916974
vt 0.419570 0.908546
vt 0.426400 0.908415
vt 0.564014 0.725978
vt 0.531802 0.722788
vt 0.062615 0.992297
vt 0.069530 0.992902
vt 0.055285 0.992823
vt 0.622601 0.700152
vt 0.676756 0.387934
vt 0.119353 0.075117
vt 0.112634 0.087678
vt 0.094626 0.082853
vt 0.431101 0.555945
vt 0.475729 0.425177
vt 0.095048 0.544458
vt 0.093399 0.537744
vt 0.097030 0.535648
vt 0.706915 0.490375
vt 0.033871 0.394415
vt 0.042693 0.421569
vt 0.024894 0.418974
vt 0.109410 0.622521
vt 0.108178 0.609849
vt 0.118265 0.610731
vt 0.981707 0.976101
vt 0.668566 0.706036
vt 0.898746 0.945375
vt 0.604076 0.688961
vt 0.104268 0.982632
vt 0.107162 0.978737
vt 0.115542 0.983575
vt 0.106867 0.068401
vt 0.080966 0.110533
vt 0.083323 0.121598
vt 0.078554 0.119533
vt 0.789370 0.825634
vt 0.793139 0.822995
vt 0.857892 0.822615
vt 0.173782 0.394048
vt 0.853494 0.296354
vt 0.863589 0.308016
vt 0.830458 0.317869
vt 0.382148 0.601841
vt 0.404620 0.586106
vt 0.366073 0.625545
vt 0.533120 0.416758
vt 0.540129 0.436857
vt 0.683368 0.504538
vt 0.116265 0.979088
vt 0.553742 0.416781
vt 0.981106 0.669060
vt 0.003482 0.717040
vt 0.008835 0.730779
vt 0.003005 0.730689
vt 0.530408 0.081645
vt 0.596381 0.081645
vt 0.592700 0.086090
vt 0.653131 0.376437
vt 0.174511 0.401027
vt 0.478227 0.448188
vt 0.113885 0.601498
vt 0.036142 0.878095
vt 0.594386 0.860285
vt 0.520069 0.860285
vt 0.565953 0.856045
vt 0.080414 0.923511
vt 0.082211 0.946571
vt 0.075284 0.934512
vt 0.470902 0.966938
vt 0.444737 0.966938
vt 0.449259 0.964488
vt 0.466960 0.967933
vt 0.448053 0.974815
vt 0.444239 0.967464
vt 0.289262 0.179693
vt 0.003090 0.853269
vt 0.003090 0.831487
vt 0.005297 0.842467
vt 0.166835 0.405128
vt 0.707852 0.517148
vt 0.005935 0.739792
vt 0.423763 0.998796
vt 0.417447 0.998244
vt 0.427644 0.998344
vt 0.557447 0.830253
vt 0.486461 0.830253
vt 0.519536 0.826876
vt 0.433817 0.464681
vt 0.466198 0.475216
vt 0.962369 0.839580
vt 0.424860 0.903374
vt 0.941638 0.912883
vt 0.941638 0.945035
vt 0.935027 0.943534
vt 0.685589 0.671933
vt 0.471871 0.966732
vt 0.475402 0.964694
vt 0.498035 0.965739
vt 0.405682 0.538162
vt 0.418803 0.493887
vt 0.832586 0.364376
vt 0.142684 0.963970
vt 0.136732 0.963449
vt 0.152394 0.960857
vt 0.904710 0.945728
vt 0.693183 0.988065
vt 0.696105 0.981800
vt 0.696555 0.990573
vt 0.049475 0.816004
vt 0.054223 0.820920
vt 0.033098 0.842605
vt 0.831618 0.280891
vt 0.448141 0.614355
vt 0.493603 0.855382
vt 0.031861 0.056810
vt 0.031860 0.083299
vt 0.025860 0.057200
vt 0.499007 0.824447
vt 0.570066 0.824447
vt 0.572528 0.829721
vt 0.536267 0.997815
vt 0.536267 0.992812
vt 0.539214 0.996019
vt 0.227944 0.674161
vt 0.235863 0.710746
vt 0.228722 0.737394
vt 0.655264 0.508924
vt 0.510281 0.474599
vt 0.123396 0.983246
vt 0.414716 0.829072
vt 0.463474 0.452148
vt 0.124642 0.977945
vt 0.968137 0.425386
vt 0.973649 0.488384
vt 0.969440 0.516894
vt 0.217638 0.941570
vt 0.220586 0.938576
vt 0.223903 0.942529
vt 0.544795 0.465265
vt 0.120841 0.068161
vt 0.120482 0.061153
vt 0.259712 0.700254
vt 0.697292 0.692016
vt 0.235412 0.438478
vt 0.235412 0.358760
vt 0.240168 0.361272
vt 0.653704 0.523442
vt 0.254379 0.159869
vt 0.254379 0.242696
vt 0.250801 0.212663
vt 0.429468 0.900536
vt 0.913887 0.946269
vt 0.985456 0.676762
vt 0.905515 0.928200
vt 0.913938 0.930595
vt 0.298008 0.918712
vt 0.331058 0.915821
vt 0.334454 0.920884
vt 0.129084 0.951269
vt 0.142861 0.951176
vt 0.423705 0.579243
vt 0.242793 0.668540
vt 0.976999 0.168791
vt 0.982264 0.173622
vt 0.985659 0.182467
vt 0.160837 0.871304
vt 0.160668 0.878964
vt 0.214213 0.997399
vt 0.212698 0.992734
vt 0.220455 0.994003
vt 0.870763 0.459708
vt 0.867343 0.420617
vt 0.872667 0.350849
vt 0.086456 0.336772
vt 0.090060 0.295580
vt 0.090160 0.338856
vt 0.083276 0.128704
vt 0.464853 0.018865
vt 0.474084 0.016392
vt 0.455919 0.029504
vt 0.512136 0.639757
vt 0.385042 0.628638
vt 0.515087 0.626159
vt 0.298020 0.644280
vt 0.298020 0.518018
vt 0.303855 0.645278
vt 0.330684 0.041176
vt 0.331645 0.030193
vt 0.331871 0.041341
vt 0.153233 0.409397
vt 0.105637 0.052748
vt 0.005732 0.806766
vt 0.003787 0.817795
vt 0.003148 0.795920
vt 0.977723 0.498447
vt 0.976313 0.502628
vt 0.973501 0.498432
vt 0.108394 0.006033
vt 0.118842 0.012341
vt 0.101681 0.032793
vt 0.577024 0.028361
vt 0.575369 0.037746
vt 0.520658 0.031880
vt 0.629959 0.197118
vt 0.118185 0.049715
vt 0.899833 0.903607
vt 0.887044 0.898440
vt 0.887343 0.867483
vt 0.712786 0.801382
vt 0.727397 0.790035
vt 0.750393 0.811480
vt 0.083795 0.680711
vt 0.062727 0.673865
vt 0.081976 0.639960
vt 0.474892 0.469720
vt 0.714146 0.675768
vt 0.770988 0.797967
vt 0.630573 0.932307
vt 0.630573 0.899464
vt 0.635830 0.932081
vt 0.174757 0.412061
vt 0.132880 0.430225
vt 0.175955 0.433993
vt 0.135070 0.483934
vt 0.676390 0.532232
vt 0.468006 0.432208
vt 0.554315 0.477175
vt 0.176444 0.472930
vt 0.165601 0.107099
vt 0.132434 0.141264
vt 0.128364 0.103841
vt 0.054990 0.639473
vt 0.082362 0.637079
vt 0.058872 0.673698
vt 0.178987 0.141842
vt 0.003318 0.792685
vt 0.003160 0.783784
vt 0.008680 0.783301
vt 0.471456 0.480817
vt 0.432606 0.671300
vt 0.397773 0.665158
vt 0.517373 0.666659
vt 0.128379 0.959612
vt 0.275599 0.005914
vt 0.269048 0.005914
vt 0.273692 0.000006
vt 0.442361 0.576231
vt 0.451817 0.578270
vt 0.257108 0.665664
vt 0.120017 0.821721
vt 0.150147 0.819085
vt 0.121679 0.864928
vt 0.508996 0.512417
vt 0.470165 0.029982
vt 0.088826 0.381843
vt 0.087497 0.381620
vt 0.091232 0.338926
vt 0.003507 0.770709
vt 0.655394 0.900581
vt 0.643374 0.902700
vt 0.656463 0.861483
vt 0.118036 0.593012
vt 0.642501 0.876660
vt 0.886676 0.808435
vt 0.876453 0.775850
vt 0.912137 0.778972
vt 0.997494 0.411013
vt 0.991159 0.419732
vt 0.991238 0.406613
vt 0.223329 0.868633
vt 0.193904 0.855251
vt 0.197242 0.841862
vt 0.174328 0.329219
vt 0.180383 0.312584
vt 0.177069 0.372248
vt 0.420056 0.881250
vt 0.116139 0.051523
vt 0.976692 0.149633
vt 0.974886 0.209518
vt 0.970693 0.150158
vt 0.122736 0.231616
vt 0.119327 0.270579
vt 0.085638 0.234772
vt 0.003022 0.000033
vt 0.025592 0.000033
vt 0.003852 0.019701
vt 0.162192 0.416604
vt 0.163943 0.862377
vt 0.985283 0.671794
vt 0.961345 0.961709
vt 0.961345 0.967250
vt 0.937520 0.964475
vt 0.709576 0.533126
vt 0.519684 0.861094
vt 0.564677 0.861094
vt 0.537985 0.883356
vt 0.173741 0.878539
vt 0.319312 0.921747
vt 0.333870 0.921747
vt 0.330179 0.952451
vt 0.096190 0.128239
vt 0.077979 0.104912
vt 0.108010 0.092778
vt 0.237089 0.947440
vt 0.237089 0.952412
vt 0.206917 0.951567
vt 0.986494 0.176750
vt 0.211508 0.884828
vt 0.079283 0.914800
vt 0.048489 0.917432
vt 0.064775 0.073049
vt 0.073854 0.070617
vt 0.071656 0.111426
vt 0.006128 0.487221
vt 0.009829 0.466233
vt 0.009570 0.488873
vt 0.037637 0.001979
vt 0.070898 0.001979
vt 0.038411 0.036008
vt 0.042593 0.379492
vt 0.046702 0.382940
vt 0.044318 0.414292
vt 0.509518 0.974616
vt 0.499361 0.960095
vt 0.510999 0.965264
vt 0.665593 0.897078
vt 0.701945 0.885267
vt 0.685786 0.914930
vt 0.184310 0.883005
vt 0.987953 0.501587
vt 0.117026 0.799611
vt 0.092818 0.789565
vt 0.114303 0.762066
vt 0.964601 0.149988
vt 0.029272 0.810543
vt 0.036786 0.810412
vt 0.026432 0.817773
vt 0.921011 0.927684
vt 0.916725 0.936002
vt 0.801000 0.275979
vt 0.695218 0.774608
vt 0.009830 0.923664
vt 0.009830 0.945108
vt 0.003983 0.933645
vt 0.003068 0.022218
vt 0.018145 0.027116
vt 0.007037 0.026474
vt 0.572634 0.963404
vt 0.550237 0.947132
vt 0.581485 0.945821
vt 0.509060 0.090809
vt 0.542112 0.093700
vt 0.476141 0.093334
vt 0.153170 0.415944
vt 0.863400 0.595489
vt 0.892439 0.612349
vt 0.862990 0.702982
vt 0.032395 0.202521
vt 0.011512 0.202521
vt 0.018047 0.191657
vt 0.323030 0.979627
vt 0.310902 0.979627
vt 0.324613 0.964626
vt 0.211654 0.409944
vt 0.233795 0.408006
vt 0.211376 0.444441
vt 0.094015 0.596627
vt 0.093580 0.635736
vt 0.069774 0.613601
vt 0.137572 0.757911
vt 0.094461 0.745036
vt 0.042993 0.990953
vt 0.054195 0.982815
vt 0.050918 0.994492
vt 0.476978 0.921001
vt 0.439155 0.921001
vt 0.475123 0.915704
vt 0.042523 0.311791
vt 0.047759 0.314233
vt 0.044516 0.346818
vt 0.013588 0.250596
vt 0.016914 0.243647
vt 0.018785 0.248757
vt 0.652252 0.538646
vt 0.404816 0.064412
vt 0.345060 0.064412
vt 0.347763 0.059417
vt 0.150826 0.866164
vt 0.995462 0.926625
vt 0.990724 0.927894
vt 0.991083 0.915717
vt 0.123383 0.956057
vt 0.978027 0.049221
vt 0.978027 0.032674
vt 0.984479 0.039438
vt 0.560077 0.941424
vt 0.585985 0.922602
vt 0.601738 0.947157
vt 0.662103 0.560014
vt 0.007017 0.774001
vt 0.017649 0.810137
vt 0.283692 0.699854
vt 0.513305 0.989120
vt 0.526656 0.984783
vt 0.520478 0.991044
vt 0.202943 0.983537
vt 0.208940 0.981930
vt 0.223796 0.982400
vt 0.176855 0.946526
vt 0.178998 0.938526
vt 0.210910 0.945959
vt 0.364728 0.946487
vt 0.351819 0.932151
vt 0.381284 0.942978
vt 0.731287 0.944052
vt 0.723311 0.919504
vt 0.756709 0.913373
vt 0.175020 0.422797
vt 0.852255 0.808323
vt 0.484412 0.517085
vt 0.005030 0.242744
vt 0.383387 0.991995
vt 0.381970 0.980452
vt 0.388134 0.977911
vt 0.108804 0.044044
vt 0.995114 0.916920
vt 0.232364 0.596028
vt 0.250178 0.658477
vt 0.225602 0.634376
vt 0.511005 0.649028
vt 0.515304 0.662445
vt 0.004972 0.477578
vt 0.173750 0.944910
vt 0.187821 0.964277
vt 0.156530 0.966782
vt 0.720913 0.863645
vt 0.741840 0.855190
vt 0.726685 0.894687
vt 0.017544 0.087638
vt 0.006595 0.079682
vt 0.021526 0.064804
vt 0.920014 0.946514
vt 0.047333 0.176271
vt 0.047333 0.207547
vt 0.037521 0.198107
vt 0.266617 0.887512
vt 0.250656 0.903171
vt 0.240842 0.886173
vt 0.087174 0.081990
vt 0.081055 0.083629
vt 0.083324 0.041679
vt 0.272381 0.665860
vt 0.631088 0.889430
vt 0.631574 0.861596
vt 0.657022 0.856007
vt 0.339385 0.396763
vt 0.024677 0.951720
vt 0.050804 0.951720
vt 0.037472 0.957012
vt 0.816132 0.276596
vt 0.844720 0.920926
vt 0.844720 0.883711
vt 0.859277 0.896722
vt 0.020692 0.222025
vt 0.004597 0.227254
vt 0.014701 0.203432
vt 0.710895 0.548212
vt 0.152459 0.426520
vt 0.260011 0.586713
vt 0.262762 0.618644
vt 0.458909 0.500939
vt 0.711896 0.296150
vt 0.714662 0.303751
vt 0.567528 0.298170
vt 0.009877 0.985888
vt 0.019620 0.990432
vt 0.003074 0.990405
vt 0.469770 0.876041
vt 0.498749 0.854986
vt 0.493210 0.893410
vt 0.473443 0.063631
vt 0.413089 0.063631
vt 0.448777 0.054771
vt 0.234575 0.443437
vt 0.500037 0.955330
vt 0.303409 0.965102
vt 0.001162 0.441680
vt 0.002299 0.448127
vt 0.001155 0.458666
vt 0.014705 0.389345
vt 0.014705 0.408879
vt 0.002562 0.404336
vt 0.657332 0.859636
vt 0.663519 0.884732
vt 0.657508 0.897625
vt 0.663832 0.898134
vt 0.983020 0.869919
vt 0.967660 0.872693
vt 0.957286 0.869913
vt 0.980863 0.900191
vt 0.116465 0.575802
vt 0.047989 0.210655
vt 0.047989 0.176617
vt 0.066466 0.177161
vt 0.078432 0.085802
vt 0.470211 0.581982
vt 0.018099 0.824298
vt 0.866733 0.769760
vt 0.682587 0.047342
vt 0.078000 0.152910
vt 0.972087 0.506502
vt 0.004119 0.063194
vt 0.011260 0.072984
vt 0.001074 0.072037
vt 0.991258 0.541970
vt 0.991258 0.531538
vt 0.997396 0.531701
vt 0.499143 0.533871
vt 0.002495 0.210997
vt 0.012055 0.817291
vt 0.025557 0.242847
vt 0.503628 0.028426
vt 0.996966 0.341868
vt 0.984288 0.341868
vt 0.994941 0.335487
vt 0.094255 0.051348
vt 0.829923 0.981870
vt 0.832632 0.991983
vt 0.819479 0.982151
vt 0.602024 0.083283
vt 0.660731 0.080305
vt 0.660731 0.086599
vt 0.817590 0.991209
vt 0.282382 0.980721
vt 0.297786 0.969530
vt 0.290779 0.983603
vt 0.177046 0.880652
vt 0.148270 0.758959
vt 0.148270 0.809862
vt 0.133921 0.759542
vt 0.996801 0.329264
vt 0.998289 0.333841
vt 0.987898 0.334772
vt 0.965558 0.228972
vt 0.964923 0.241368
vt 0.957309 0.238597
vt 0.510029 0.857070
vt 0.091152 0.081923
vt 0.710782 0.005702
vt 0.680219 0.022491
vt 0.675060 0.015124
vt 0.625346 0.927235
vt 0.591230 0.916150
vt 0.628799 0.898123
vt 0.280125 0.886665
vt 0.481483 0.740948
vt 0.376928 0.740948
vt 0.395647 0.731671
vt 0.988021 0.307175
vt 0.988940 0.317683
vt 0.984466 0.304598
vt 0.282519 0.513755
vt 0.279674 0.547036
vt 0.257625 0.547036
vt 0.842236 0.961028
vt 0.865707 0.961028
vt 0.853631 0.973851
vt 0.083974 0.275044
vt 0.251529 0.938754
vt 0.781681 0.052106
vt 0.799462 0.039655
vt 0.834007 0.051902
vt 0.449968 0.990735
vt 0.458764 0.990735
vt 0.458383 0.997425
vt 0.007511 0.620850
vt 0.009839 0.634052
vt 0.007428 0.644567
vt 0.026446 0.533953
vt 0.022656 0.548098
vt 0.022395 0.518996
vt 0.722478 0.960040
vt 0.746195 0.960040
vt 0.724964 0.969906
vt 0.114737 0.474877
vt 0.101846 0.502523
vt 0.100359 0.456530
vt 0.022025 0.289686
vt 0.022025 0.313669
vt 0.010536 0.306811
vt 0.612339 0.246545
vt 0.619262 0.232676
vt 0.628843 0.232676
vt 0.003539 0.956884
vt 0.003539 0.935568
vt 0.007808 0.948373
vt 0.124375 0.449080
vt 0.128085 0.490372
vt 0.121338 0.483792
vt 0.313458 0.840352
vt 0.342191 0.842361
vt 0.341334 0.876964
vt 0.095046 0.499449
vt 0.106222 0.611301
vt 0.112860 0.648447
vt 0.109214 0.645501
vt 0.886287 0.861402
vt 0.885038 0.891938
vt 0.877358 0.883502
vt 0.101568 0.657290
vt 0.131709 0.665366
vt 0.100686 0.704328
vt 0.634299 0.984165
vt 0.629807 0.991946
vt 0.629638 0.976974
vt 0.628020 0.982723
vt 0.615690 0.978717
vt 0.625933 0.962023
vt 0.990327 0.254324
vt 0.993217 0.245429
vt 0.997833 0.251229
vt 0.106931 0.562992
vt 0.106931 0.609183
vt 0.100765 0.608374
vt 0.006864 0.076915
vt 0.578696 0.026772
vt 0.630427 0.026772
vt 0.572336 0.058575
vt 0.452649 0.367094
vt 0.133786 0.755603
vt 0.133786 0.704190
vt 0.147418 0.704759
vt 0.691051 0.561769
vt 0.002088 0.358984
vt 0.011608 0.358818
vt 0.001219 0.365898
vt 0.965573 0.869075
vt 0.965573 0.857121
vt 0.985093 0.867753
vt 0.991796 0.786403
vt 0.997420 0.794143
vt 0.991233 0.795738
vt 0.043660 0.602475
vt 0.046161 0.573898
vt 0.047114 0.608144
vt 0.642425 0.927202
vt 0.655019 0.939682
vt 0.641540 0.937320
vt 0.450618 0.523146
vt 0.650835 0.927876
vt 0.974940 0.101961
vt 0.977581 0.147683
vt 0.969066 0.149338
vt 0.976717 0.235633
vt 0.865697 0.022823
vt 0.834362 0.044764
vt 0.814619 0.023327
vt 0.834601 0.049699
vt 0.786021 0.033914
vt 0.812908 0.023808
vt 0.748623 0.718956
vt 0.797138 0.716801
vt 0.759138 0.731923
vt 0.007838 0.559014
vt 0.007838 0.582575
vt 0.003016 0.580359
vt 0.997336 0.316156
vt 0.989837 0.316156
vt 0.995821 0.306932
vt 0.278038 0.114098
vt 0.246765 0.114098
vt 0.315108 0.094241
vt 0.287680 0.142374
vt 0.314073 0.134075
vt 0.287827 0.160093
vt 0.576139 0.988304
vt 0.565709 0.995882
vt 0.560023 0.987345
vt 0.488348 0.591170
vt 0.618799 0.263609
vt 0.631309 0.244665
vt 0.993567 0.384311
vt 0.986434 0.380088
vt 0.993493 0.370006
vt 0.593996 0.020547
vt 0.625479 0.026098
vt 0.590641 0.025386
vt 0.996932 0.817446
vt 0.992389 0.804656
vt 0.997431 0.807928
vt 0.973073 0.507666
vt 0.977303 0.503436
vt 0.989433 0.507911
vt 0.567825 0.917333
vt 0.584464 0.921791
vt 0.546765 0.921838
vt 0.673530 0.004149
vt 0.192058 0.428935
vt 0.209570 0.436024
vt 0.209570 0.467935
vt 0.237940 0.947929
vt 0.268227 0.947929
vt 0.266235 0.953403
vt 0.805388 0.164906
vt 0.799342 0.169139
vt 0.695846 0.164852
vt 0.718777 0.931703
vt 0.707911 0.946659
vt 0.686749 0.919153
vt 0.103507 0.983505
vt 0.083469 0.983505
vt 0.093227 0.976041
vt 0.644435 0.946391
vt 0.976772 0.245331
vt 0.515836 0.990935
vt 0.510740 0.997950
vt 0.509818 0.989717
vt 0.625462 0.022048
vt 0.612536 0.016005
vt 0.619969 0.011267
vt 0.287597 0.669818
vt 0.524310 0.890130
vt 0.470635 0.412863
vt 0.137202 0.197956
vt 0.141059 0.232487
vt 0.135721 0.237825
vt 0.258628 0.987324
vt 0.265220 0.996396
vt 0.254267 0.995945
vt 0.633735 0.262764
vt 0.994316 0.326468
vt 0.991351 0.317341
vt 0.997796 0.320578
vt 0.073429 0.633719
vt 0.976062 0.105314
vt 0.990884 0.110130
vt 0.977862 0.123596
vt 0.020739 0.776808
vt 0.042409 0.769767
vt 0.035658 0.800041
vt 0.711832 0.561896
vt 0.314489 0.844813
vt 0.335733 0.871781
vt 0.326946 0.870353
vt 0.021492 0.321559
vt 0.003175 0.327511
vt 0.009941 0.307911
vt 0.053711 0.658148
vt 0.053711 0.679858
vt 0.031637 0.657635
vt 0.000673 0.971005
vt 0.003577 0.962065
vt 0.008208 0.972814
vt 0.980798 0.235646
vt 0.969426 0.229080
vt 0.986174 0.229401
vt 0.815454 0.967145
vt 0.805749 0.975289
vt 0.805945 0.960083
vt 0.287145 0.646303
vt 0.991794 0.884579
vt 0.997823 0.892878
vt 0.991323 0.893418
vt 0.278798 0.992935
vt 0.278798 0.980425
vt 0.292983 0.988339
vt 0.042295 0.329249
vt 0.042295 0.357973
vt 0.022826 0.331737
vt 0.609564 0.017485
vt 0.602533 0.013862
vt 0.211001 0.402316
vt 0.806140 0.913846
vt 0.839149 0.924572
vt 0.808140 0.925819
vt 0.230526 0.098436
vt 0.518979 0.620903
vt 0.981273 0.372891
vt 0.421815 0.922222
vt 0.431368 0.931572
vt 0.430822 0.941976
vt 0.133651 0.693477
vt 0.064732 0.963048
vt 0.088203 0.963048
vt 0.065466 0.975284
vt 0.932138 0.096345
vt 0.641478 0.955384
vt 0.640445 0.989612
vt 0.630092 0.975361
vt 0.643219 0.977398
vt 0.241848 0.328146
vt 0.248532 0.404550
vt 0.242109 0.409397
vt 0.989742 0.812804
vt 0.640503 0.903312
vt 0.636336 0.915551
vt 0.633481 0.910334
vt 0.326792 0.989834
vt 0.332803 0.989834
vt 0.332318 0.998819
vt 0.036184 0.006696
vt 0.025222 0.015318
vt 0.027766 0.005959
vt 0.830340 0.776160
vt 0.461260 0.989953
vt 0.445992 0.989953
vt 0.447980 0.977980
vt 0.490240 0.555450
vt 0.993421 0.198973
vt 0.992894 0.206512
vt 0.983392 0.207046
vt 0.843657 0.995140
vt 0.850031 0.986366
vt 0.850473 0.995873
vt 0.464966 0.390024
vt 0.901147 0.000539
vt 0.912564 0.008834
vt 0.897994 0.006453
vt 0.287472 0.602619
vt 0.793023 0.972816
vt 0.454059 0.030533
vt 0.447046 0.008792
vt 0.463668 0.001041
vt 0.631520 0.896388
vt 0.638956 0.232561
vt 0.346760 0.932070
vt 0.343673 0.954035
vt 0.337009 0.955942
vt 0.806225 0.912518
vt 0.836849 0.909065
vt 0.833146 0.921265
vt 0.048031 0.945764
vt 0.405043 0.384792
vt 0.974358 0.600186
vt 0.974358 0.592710
vt 0.991109 0.592718
vt 0.060000 0.760048
vt 0.062429 0.734135
vt 0.071037 0.724905
vt 0.054293 0.673726
vt 0.406626 0.975824
vt 0.411474 0.966649
vt 0.429467 0.976216
vt 0.609734 0.001593
vt 0.650674 0.991355
vt 0.645638 0.998285
vt 0.643850 0.992013
vt 0.078657 0.984345
vt 0.093025 0.984345
vt 0.088498 0.991974
vt 0.283283 0.128981
vt 0.290741 0.120510
vt 0.605404 0.013062
vt 0.996388 0.362449
vt 0.987825 0.362449
vt 0.992761 0.350427
vt 0.009763 0.877897
vt 0.009763 0.899607
vt 0.003064 0.888508
vt 0.996469 0.700855
vt 0.991691 0.696076
vt 0.995798 0.687403
vt 0.753272 0.246500
vt 0.742505 0.259438
vt 0.754213 0.228555
vt 0.855136 0.001697
vt 0.857698 0.009582
vt 0.834458 0.008311
vt 0.003054 0.762695
vt 0.009280 0.751911
vt 0.008577 0.773989
vt 0.509075 0.978890
vt 0.504654 0.992496
vt 0.503259 0.980684
vt 0.420398 0.921286
vt 0.427093 0.943151
vt 0.410605 0.940506
vt 0.792834 0.960823
vt 0.021011 0.117108
vt 0.016294 0.131628
vt 0.013512 0.110109
vt 0.641236 0.896965
vt 0.074626 0.444340
vt 0.066292 0.423883
vt 0.076283 0.419224
vt 0.099095 0.987866
vt 0.099095 0.996347
vt 0.093307 0.994794
vt 0.752036 0.259319
vt 0.737612 0.228486
vt 0.982357 0.601893
vt 0.995443 0.601893
vt 0.992812 0.608763
vt 0.003715 0.127356
vt 0.258270 0.984068
vt 0.254311 0.992558
vt 0.254693 0.978334
vt 0.773935 0.980798
vt 0.766250 0.988615
vt 0.760942 0.981034
vt 0.559705 0.726612
vt 0.450162 0.726612
vt 0.453462 0.716900
vt 0.286998 0.160322
vt 0.122041 0.452200
vt 0.122041 0.404238
vt 0.125122 0.416748
vt 0.009254 0.903160
vt 0.004559 0.916059
vt 0.005227 0.894499
vt 0.054765 0.738850
vt 0.058841 0.730330
vt 0.376312 0.126854
vt 0.370095 0.107827
vt 0.374579 0.118617
vt 0.452877 0.931403
vt 0.067780 0.483234
vt 0.067780 0.443752
vt 0.076275 0.445858
vt 0.009738 0.984003
vt 0.000129 0.990984
vt 0.000560 0.976949
vt 0.956351 0.253209
vt 0.984420 0.320464
vt 0.987104 0.879750
vt 0.988921 0.890053
vt 0.986906 0.898247
vt 0.037361 0.025157
vt 0.631003 0.043881
vt 0.631003 0.026667
vt 0.687201 0.038825
vt 0.780756 0.729814
vt 0.769636 0.732073
vt 0.791834 0.306347
vt 0.843569 0.657337
vt 0.849799 0.673814
vt 0.827427 0.671738
vt 0.115195 0.913301
vt 0.115195 0.931791
vt 0.080661 0.915636
vt 0.565729 0.916720
vt 0.534062 0.919491
vt 0.528005 0.916773
vt 0.086150 0.353330
vt 0.989963 0.165535
vt 0.977354 0.167986
vt 0.990086 0.158605
vt 0.442531 0.944576
vt 0.645064 0.262877
vt 0.233510 0.005878
vt 0.237750 0.000042
vt 0.242563 0.005578
vt 0.980385 0.030502
vt 0.987784 0.022285
vt 0.993961 0.026241
vt 0.478869 0.989491
vt 0.486705 0.977060
vt 0.490189 0.988897
vt 0.244469 0.156475
vt 0.452179 0.560002
vt 0.002669 0.115142
vt 0.835194 0.016063
vt 0.993963 0.032197
vt 0.982474 0.035276
vt 0.979397 0.031325
vt 0.990675 0.466340
vt 0.991066 0.479976
vt 0.981550 0.479143
vt 0.360094 0.102289
vt 0.976867 0.463784
vt 0.732979 0.243522
vt 0.990410 0.732135
vt 0.990410 0.749365
vt 0.986403 0.745990
vt 0.948295 0.989446
vt 0.957895 0.986874
vt 0.964877 0.989424
vt 0.961270 0.310525
vt 0.977759 0.301124
vt 0.970025 0.318142
vt 0.758872 0.985593
vt 0.477635 0.584465
vt 0.859012 0.877889
vt 0.875716 0.895640
vt 0.846322 0.874652
vt 0.122699 0.961492
vt 0.093877 0.955267
vt 0.122699 0.951318
vt 0.033647 0.689183
vt 0.030999 0.562282
vt 0.026009 0.562719
vt 0.030607 0.533482
vt 0.141487 0.146082
vt 0.141487 0.197282
vt 0.135277 0.196965
vt 0.991109 0.108510
vt 0.975837 0.103548
vt 0.990473 0.092279
vt 0.597528 0.013317
vt 0.599828 0.001139
vt 0.285120 0.580229
vt 0.358700 0.123406
vt 0.433532 0.964932
vt 0.024799 0.021359
vt 0.432731 0.001740
vt 0.325490 0.876166
vt 0.818141 0.697005
vt 0.788520 0.710704
vt 0.474784 0.975482
vt 0.641298 0.878233
vt 0.147741 0.982790
vt 0.162570 0.982790
vt 0.160031 0.989583
vt 0.960022 0.251169
vt 0.648374 0.236939
vt 0.096059 0.950693
vt 0.838399 0.700029
vt 0.983634 0.278444
vt 0.985096 0.290349
vt 0.977904 0.293337
vt 0.365389 0.972442
vt 0.358834 0.975782
vt 0.365012 0.957618
vt 0.918508 0.990474
vt 0.907591 0.991429
vt 0.903890 0.990318
vt 0.840171 0.645382
vt 0.344777 0.098559
vt 0.982817 0.699124
vt 0.985140 0.725670
vt 0.980820 0.730081
vt 0.332017 0.128548
vt 0.335643 0.120800
vt 0.144947 0.982999
vt 0.124416 0.982999
vt 0.139650 0.977041
vt 0.857440 0.525920
vt 0.898200 0.467709
vt 0.895707 0.571265
vt 0.393824 0.932786
vt 0.397723 0.940270
vt 0.977880 0.156736
vt 0.989957 0.156525
vt 0.976989 0.166612
vt 0.711228 0.454149
vt 0.698702 0.317979
vt 0.705066 0.315536
vt 0.626592 0.056915
vt 0.588061 0.017253
vt 0.414040 0.954223
vt 0.729428 0.260178
vt 0.652912 0.760818
vt 0.761000 0.760818
vt 0.757084 0.766563
vt 0.849678 0.687946
vt 0.937726 0.962363
vt 0.922197 0.947849
vt 0.937726 0.954432
vt 0.073482 0.404698
vt 0.587168 0.897608
vt 0.625462 0.897608
vt 0.594884 0.912949
vt 0.830241 0.980885
vt 0.815380 0.981172
vt 0.821681 0.976894
vt 0.022983 0.550327
vt 0.960206 0.004647
vt 0.985034 0.022685
vt 0.976365 0.032847
vt 0.979327 0.146630
vt 0.991081 0.147041
vt 0.977346 0.151840
vt 0.991756 0.690501
vt 0.991756 0.677037
vt 0.993444 0.685981
vt 0.330701 0.021851
vt 0.332472 0.026718
vt 0.330577 0.029949
vt 0.949547 0.954380
vt 0.596694 0.987711
vt 0.609522 0.987711
vt 0.601649 0.996009
vt 0.986424 0.518728
vt 0.996802 0.526268
vt 0.986571 0.526659
vt 0.978161 0.050185
vt 0.983257 0.048971
vt 0.986879 0.058921
vt 0.977924 0.065484
vt 0.029257 0.034001
vt 0.990358 0.442875
vt 0.993630 0.432804
vt 0.997802 0.436090
vt 0.011220 0.249978
vt 0.000127 0.249978
vt 0.000607 0.241882
vt 0.998515 0.422328
vt 0.991125 0.427697
vt 0.992626 0.419861
vt 0.873708 0.982779
vt 0.877546 0.983250
vt 0.877649 0.993541
vt 0.305116 0.103927
vt 0.800045 0.735113
vt 0.334797 0.883356
vt 0.976364 0.251372
vt 0.966925 0.298562
vt 0.953173 0.303971
vt 0.479335 0.995501
vt 0.486926 0.990185
vt 0.482336 0.998962
vt 0.887977 0.998926
vt 0.877687 0.998926
vt 0.883720 0.995154
vt 0.380286 0.996203
vt 0.372221 0.998823
vt 0.370578 0.989830
vt 0.932645 0.998393
vt 0.938562 0.996239
vt 0.942540 0.998828
vt 0.362647 0.508477
vt 0.362647 0.363512
vt 0.368483 0.361282
vt 0.478047 0.990239
vt 0.658540 0.246479
vt 0.658667 0.231235
vt 0.810608 0.977557
vt 0.498836 0.962195
vt 0.510045 0.977623
vt 0.502721 0.979097
vt 0.987543 0.065280
vt 0.274041 0.993755
vt 0.277513 0.988797
vt 0.277487 0.996896
vt 0.240408 0.439543
vt 0.240523 0.475678
vt 0.028867 0.991448
vt 0.023180 0.993518
vt 0.016027 0.991189
vt 0.594466 0.087237
vt 0.559978 0.088094
vt 0.530451 0.085511
vt 0.992459 0.073773
vt 0.985245 0.073642
vt 0.989724 0.071039
vt 0.725072 0.229173
vt 0.085877 0.345472
vt 0.171913 0.991041
vt 0.171316 0.987270
vt 0.178956 0.996450
vt 0.965641 0.988268
vt 0.979105 0.988268
vt 0.975606 0.993972
vt 0.605974 0.994609
vt 0.612710 0.985338
vt 0.613070 0.995915
vt 0.314358 0.991893
vt 0.317906 0.980973
vt 0.318104 0.991883
vt 0.984654 0.457443
vt 0.977213 0.457183
vt 0.983310 0.448442
vt 0.977011 0.462644
vt 0.875629 0.996939
vt 0.870761 0.995167
vt 0.881089 0.995246
vt 0.989442 0.459417
vt 0.141925 0.241741
vt 0.978215 0.447685
vt 0.983532 0.443621
vt 0.406511 0.953899
vt 0.396279 0.946607
vt 0.105197 0.652968
vt 0.423229 0.947587
vt 0.133826 0.006800
vt 0.133826 0.000107
vt 0.139484 0.001167
vt 0.967784 0.998952
vt 0.961160 0.995128
vt 0.970759 0.995255
vt 0.887392 0.000123
vt 0.887392 0.005304
vt 0.881725 0.004427
vt 0.977997 0.253786
vt 0.986210 0.248910
vt 0.988908 0.253984
vt 0.854365 0.995135
vt 0.859753 0.997096
vt 0.849176 0.997465
vt 0.964669 0.259495
vt 0.178391 0.990178
vt 0.918925 0.002559
vt 0.918925 0.009774
vt 0.915806 0.008358
vt 0.996923 0.562483
vt 0.993178 0.574010
vt 0.983344 0.561165
vt 0.450518 0.998317
vt 0.450518 0.992803
vt 0.454761 0.996591
vt 0.715398 0.241103
vt 0.384114 0.001049
vt 0.384114 0.020164
vt 0.378590 0.019891
vt 0.336701 0.992867
vt 0.345618 0.992643
vt 0.347561 0.996458
vt 0.954598 0.295373
vt 0.105531 0.961149
vt 0.849062 0.882925
vt 0.094925 0.640334
vt 0.094925 0.597561
vt 0.098464 0.594989
vt 0.486992 0.993487
vt 0.489132 0.989779
vt 0.489328 0.995421
vt 0.635777 0.669796
vt 0.519703 0.669796
vt 0.518145 0.665675
vt 0.983368 0.070775
vt 0.188577 0.998382
vt 0.188577 0.992738
vt 0.196228 0.993519
vt 0.965333 0.998910
vt 0.955733 0.998910
vt 0.961107 0.997143
vt 0.418475 0.950851
vt 0.674351 0.994560
vt 0.671610 0.998332
vt 0.667040 0.992787
vt 0.991630 0.635063
vt 0.994063 0.640279
vt 0.991953 0.649594
vt 0.334628 0.096315
vt 0.991416 0.247250
vt 0.119421 0.128610
vt 0.119421 0.078593
vt 0.130209 0.128597
vt 0.849703 0.527826
vt 0.853725 0.517444
vt 0.891134 0.960290
vt 0.877002 0.967696
vt 0.876355 0.956330
vt 0.242365 0.997904
vt 0.242365 0.990256
vt 0.245548 0.994933
vt 0.022775 0.557617
vt 0.121051 0.496653
vt 0.843010 0.902512
vt 0.812544 0.963844
vt 0.814245 0.944395
vt 0.834182 0.963040
vt 0.998322 0.869967
vt 0.995371 0.878538
vt 0.988851 0.870256
vt 0.976199 0.264777
vt 0.980440 0.195728
vt 0.986718 0.194046
vt 0.992427 0.196186
vt 0.249853 0.997896
vt 0.249853 0.992238
vt 0.253354 0.993761
vt 0.210887 0.072679
vt 0.221665 0.072203
vt 0.228410 0.080243
vt 0.840574 0.923832
vt 0.027962 0.866467
vt 0.022359 0.878481
vt 0.022703 0.851169
vt 0.802488 0.998807
vt 0.796253 0.994277
vt 0.806609 0.992314
vt 0.875012 0.976846
vt 0.878038 0.982087
vt 0.858518 0.982206
vt 0.710966 0.229533
vt 0.976995 0.295291
vt 0.976776 0.289529
vt 0.037509 0.963696
vt 0.060666 0.963696
vt 0.056767 0.970690
vt 0.680050 0.997864
vt 0.680050 0.992762
vt 0.683048 0.997403
vt 0.143473 0.939374
vt 0.177367 0.939374
vt 0.143304 0.946665
vt 0.667147 0.263868
vt 0.985878 0.696407
vt 0.985878 0.681985
vt 0.990935 0.692185
vt 0.853052 0.981561
vt 0.849638 0.977492
vt 0.869158 0.977498
vt 0.997541 0.864925
vt 0.715102 0.260370
vt 0.810597 0.735362
vt 0.855128 0.891300
vt 0.866712 0.896862
vt 0.054218 0.981612
vt 0.034584 0.981612
vt 0.052449 0.975468
vt 0.993535 0.225241
vt 0.989629 0.221335
vt 0.997513 0.223659
vt 0.825283 0.723474
vt 0.112742 0.657640
vt 0.796247 0.916451
vt 0.758760 0.916451
vt 0.760806 0.909401
vt 0.957578 0.254162
vt 0.344849 0.984302
vt 0.106855 0.008229
vt 0.099642 0.002426
vt 0.106855 0.002132
vt 0.951014 0.948214
vt 0.966857 0.284203
vt 0.022958 0.643492
vt 0.022571 0.665142
vt 0.014270 0.645820
vt 0.003417 0.667312
vt 0.003189 0.645700
vt 0.133852 0.246826
vt 0.095414 0.003035
vt 0.577777 0.025490
vt 0.084114 0.854486
vt 0.071059 0.856788
vt 0.084772 0.820645
vt 0.035941 0.995915
vt 0.022766 0.995915
vt 0.032180 0.991258
vt 0.005403 0.609390
vt 0.005403 0.618533
vt 0.000023 0.617380
vt 0.438533 0.998807
vt 0.428265 0.998807
vt 0.432729 0.998233
vt 0.673012 0.245443
vt 0.107277 0.658062
vt 0.319068 0.095457
vt 0.901643 0.966864
vt 0.985823 0.481052
vt 0.991638 0.480596
vt 0.991960 0.485206
vt 0.986238 0.758140
vt 0.987122 0.748028
vt 0.986656 0.765539
vt 0.668388 0.235980
vt 0.396863 0.948777
vt 0.402840 0.952962
vt 0.398633 0.973275
vt 0.996748 0.591184
vt 0.997533 0.600151
vt 0.991734 0.590771
vt 0.997798 0.806606
vt 0.991397 0.801952
vt 0.997373 0.798502
vt 0.988418 0.997987
vt 0.984305 0.995107
vt 0.993495 0.995250
vt 0.953037 0.998989
vt 0.950787 0.995091
vt 0.960412 0.995232
vt 0.706179 0.235041
vt 0.957537 0.264192
vt 0.376709 0.952772
vt 0.376709 0.971747
vt 0.372674 0.970864
vt 0.998313 0.215994
vt 0.492103 0.988038
vt 0.492103 0.970521
vt 0.498030 0.979653
vt 0.992519 0.472366
vt 0.996417 0.479610
vt 0.309619 0.098920
vt 0.000118 0.369522
vt 0.009749 0.369522
vt 0.007960 0.373942
vt 0.676509 0.263747
vt 0.053857 0.857420
vt 0.593943 0.978227
vt 0.574779 0.968754
vt 0.593943 0.967988
vt 0.958252 0.285699
vt 0.332420 0.014430
vt 0.332420 0.021584
vt 0.330629 0.020097
vt 0.380816 0.923685
vt 0.368299 0.906397
vt 0.377257 0.903497
vt 0.996832 0.234784
vt 0.990808 0.232535
vt 0.993459 0.225972
vt 0.988306 0.091548
vt 0.990602 0.087041
vt 0.998374 0.088535
vt 0.976411 0.277188
vt 0.967605 0.277723
vt 0.976272 0.272919
vt 0.411369 0.990814
vt 0.411369 0.997840
vt 0.408069 0.994798
vt 0.575414 0.978731
vt 0.987381 0.215805
vt 0.699848 0.245480
vt 0.107448 0.463511
vt 0.101728 0.455343
vt 0.105992 0.418087
vt 0.248741 0.944636
vt 0.252681 0.938443
vt 0.262308 0.938443
vt 0.993549 0.517974
vt 0.991651 0.507206
vt 0.993367 0.502746
vt 0.693472 0.989672
vt 0.696500 0.993280
vt 0.693238 0.997008
vt 0.990467 0.312718
vt 0.988793 0.304191
vt 0.995920 0.303567
vt 0.991614 0.600135
vt 0.704928 0.261196
vt 0.793395 0.855946
vt 0.756014 0.886126
vt 0.759548 0.855946
vt 0.321326 0.947459
vt 0.330484 0.953871
vt 0.300004 0.953873
vt 0.010261 0.302263
vt 0.000592 0.301197
vt 0.006035 0.296654
vt 0.139610 0.966917
vt 0.112980 0.966917
vt 0.134325 0.963522
vt 0.991348 0.796255
vt 0.975719 0.265720
vt 0.018723 0.132310
vt 0.020219 0.134093
vt 0.007901 0.133484
vt 0.983360 0.303464
vt 0.685435 0.234920
vt 0.389453 0.993374
vt 0.389453 0.984426
vt 0.392491 0.989246
vt 0.036322 0.000048
vt 0.036322 0.005872
vt 0.030279 0.004732
vt 0.282586 0.942870
vt 0.300397 0.002162
vt 0.298920 0.006707
vt 0.294077 0.001679
vt 0.840857 0.943409
vt 0.176592 0.998807
vt 0.170226 0.998535
vt 0.173993 0.994305
vt 0.690407 0.262122
vt 0.516214 0.941786
vt 0.542396 0.922764
vt 0.559267 0.946008
vt 0.961792 0.978532
vt 0.945994 0.983665
vt 0.961140 0.968481
vt 0.959926 0.272958
vt 0.324794 0.007861
vt 0.317147 0.001019
vt 0.325368 0.001299
vt 0.817258 0.996461
vt 0.807804 0.989592
vt 0.816479 0.986765
vt 0.300187 0.006342
vt 0.666846 0.086041
vt 0.986371 0.819732
vt 0.986371 0.801877
vt 0.989949 0.807872
vt 0.054908 0.819935
vt 0.137504 0.249997
vt 0.967786 0.985723
vt 0.978636 0.987637
vt 0.962163 0.987246
vt 0.562208 0.993078
vt 0.558836 0.996450
vt 0.558660 0.987763
vt 0.994298 0.988682
vt 0.997315 0.992990
vt 0.994328 0.997012
vt 0.991682 0.000210
vt 0.999932 0.009163
vt 0.993615 0.007426
vt 0.999743 0.000217
vt 0.991816 0.854573
vt 0.995968 0.858447
vt 0.991234 0.865209
vt 0.485674 0.036768
vt 0.503375 0.030326
vt 0.540967 0.036087
vt 0.801460 0.886530
vt 0.983435 0.235794
vt 0.988734 0.228299
vt 0.043039 0.514325
vt 0.043039 0.479755
vt 0.044282 0.496113
vt 0.950042 0.998898
vt 0.944995 0.998009
vt 0.950109 0.995182
vt 0.988219 0.878755
vt 0.991060 0.874697
vt 0.990399 0.892940
vt 0.552425 0.996032
vt 0.556742 0.989867
vt 0.556844 0.998292
vt 0.989845 0.609432
vt 0.997822 0.615228
vt 0.990064 0.616518
vt 0.142770 0.189467
vt 0.151440 0.238637
vt 0.142591 0.240232
vt 0.997420 0.862956
vt 0.183049 0.938454
vt 0.217050 0.938454
vt 0.216614 0.943145
vt 0.977906 0.637309
vt 0.977906 0.621201
vt 0.985093 0.623059
vt 0.931966 0.966567
vt 0.946312 0.966931
vt 0.934216 0.972752
vt 0.170255 0.991820
vt 0.678286 0.992477
vt 0.675439 0.994866
vt 0.675872 0.986387
vt 0.411971 0.997379
vt 0.411971 0.988808
vt 0.416840 0.992948
vt 0.286028 0.012947
vt 0.330014 0.009098
vt 0.282951 0.020184
vt 0.978944 0.990659
vt 0.990890 0.994541
vt 0.978030 0.994054
vt 0.174567 0.310041
vt 0.046242 0.504971
vt 0.043421 0.472736
vt 0.047847 0.470362
vt 0.349473 0.905058
vt 0.253347 0.579665
vt 0.841625 0.962493
vt 0.004567 0.112939
vt 0.000604 0.106597
vt 0.010743 0.109597
vt 0.549717 0.992710
vt 0.004101 0.290732
vt 0.940370 0.995961
vt 0.176899 0.004098
vt 0.174593 0.011196
vt 0.173372 0.005251
vt 0.003447 0.128778
vt 0.012206 0.131624
vt 0.002595 0.133185
vt 0.942994 0.974490
vt 0.986861 0.047247
vt 0.996917 0.043980
vt 0.997846 0.051235
vt 0.931691 0.980086
vt 0.912414 0.980086
vt 0.913365 0.976500
vt 0.232139 0.272523
vt 0.228643 0.297379
vt 0.213076 0.278922
vt 0.862490 0.935420
vt 0.867428 0.907417
vt 0.868640 0.939648
vt 0.346362 0.978431
vt 0.363554 0.988091
vt 0.346362 0.986948
vt 0.957033 0.968716
vt 0.991621 0.123215
vt 0.998602 0.121984
vt 0.991702 0.130692
vt 0.233396 0.998868
vt 0.232919 0.994155
vt 0.240194 0.993647
vt 0.664243 0.080150
vt 0.992183 0.749116
vt 0.996577 0.755755
vt 0.992216 0.761985
vt 0.108996 0.994724
vt 0.106697 0.983780
vt 0.112972 0.991268
vt 0.099658 0.988527
vt 0.099906 0.995993
vt 0.986262 0.742458
vt 0.986262 0.725229
vt 0.988084 0.735261
vt 0.996963 0.749849
vt 0.214058 0.001177
vt 0.220874 0.006130
vt 0.213265 0.007209
vt 0.322686 0.996807
vt 0.320848 0.998996
vt 0.323886 0.990336
vt 0.268955 0.948305
vt 0.299373 0.953436
vt 0.274665 0.954014
vt 0.233960 0.989292
vt 0.302230 0.968017
vt 0.307215 0.975570
vt 0.299552 0.973052
vt 0.976082 0.000001
vt 0.976082 0.006412
vt 0.969157 0.003078
vt 0.999006 0.131099
vt 0.186538 0.326707
vt 0.186724 0.275363
vt 0.318936 0.990150
vt 0.248571 0.964964
vt 0.248571 0.983637
vt 0.242303 0.964550
vt 0.242502 0.983649
vt 0.462804 0.952462
vt 0.452914 0.951597
vt 0.463711 0.921868
vt 0.453741 0.921736
vt 0.355341 0.978362
vt 0.295036 0.984653
vt 0.294572 0.978620
vt 0.302115 0.985146
vt 0.977354 0.129438
vt 0.988971 0.137778
vt 0.979102 0.144688
vt 0.021061 0.932417
vt 0.017844 0.927919
vt 0.031668 0.919937
vt 0.206270 0.326394
vt 0.989099 0.131432
vt 0.017915 0.918266
vt 0.129623 0.286382
vt 0.129623 0.334733
vt 0.123461 0.334326
vt 0.983066 0.145846
vt 0.279754 0.006457
vt 0.031984 0.943106
vt 0.776205 0.318093
vt 0.782232 0.249198
vt 0.782256 0.390664
vt 0.378527 0.931727
vt 0.345380 0.921677
vt 0.822890 0.996510
vt 0.818086 0.995223
vt 0.829176 0.995104
vt 0.998281 0.055391
vt 0.995292 0.059661
vt 0.987905 0.055287
vt 0.985767 0.185936
vt 0.989704 0.173819
vt 0.996966 0.186812
vt 0.992013 0.301817
vt 0.980805 0.293674
vt 0.994035 0.299797
vt 0.984196 0.074601
vt 0.990963 0.076288
vt 0.977956 0.084748
vt 0.850474 0.469297
vt 0.005216 0.751087
vt 0.003804 0.759093
vt 0.005782 0.742521
vt 0.534615 0.747872
vt 0.429372 0.747872
vt 0.532407 0.736095
vt 0.296781 0.948556
vt 0.535995 0.963014
vt 0.551326 0.957735
vt 0.537428 0.975664
vt 0.987446 0.291177
vt 0.906213 0.896696
vt 0.896687 0.890744
vt 0.915482 0.894640
vt 0.003098 0.736714
vt 0.024989 0.825037
vt 0.024989 0.852812
vt 0.021878 0.832356
vt 0.253256 0.546825
vt 0.654584 0.972784
vt 0.643818 0.976282
vt 0.651080 0.967431
vt 0.429028 0.896822
vt 0.420503 0.878541
vt 0.428178 0.860948
vt 0.043900 0.779376
vt 0.042958 0.761407
vt 0.062617 0.771859
vt 0.648735 0.959173
vt 0.638572 0.961093
vt 0.647158 0.951198
vt 0.903412 0.877730
vt 0.170563 0.987194
vt 0.167210 0.997512
vt 0.163922 0.990723
vt 0.746067 0.065032
vt 0.746067 0.058796
vt 0.807953 0.062097
vt 0.477696 0.921987
vt 0.477696 0.886103
vt 0.495689 0.921776
vt 0.962226 0.963839
vt 0.983800 0.956827
vt 0.983922 0.964597
vt 0.627113 0.965536
vt 0.991656 0.697716
vt 0.995024 0.704058
vt 0.991958 0.703474
vt 0.495876 0.896161
vt 0.629661 0.974122
vt 0.886689 0.859607
vt 0.016560 0.045100
vt 0.025183 0.032074
vt 0.032343 0.044476
vt 0.010522 0.056727
vt 0.032892 0.055783
vt 0.900921 0.858114
vt 0.052992 0.740605
vt 0.988932 0.814700
vt 0.988932 0.832562
vt 0.986401 0.830737
vt 0.016375 0.203868
vt 0.041346 0.203868
vt 0.019389 0.211031
vt 0.515649 0.896272
vt 0.984000 0.975586
vt 0.550550 0.956103
vt 0.529371 0.964233
vt 0.549214 0.947952
vt 0.345713 0.930409
vt 0.432342 0.897525
vt 0.438251 0.921550
vt 0.423999 0.921799
vt 0.211713 0.476059
vt 0.990168 0.831474
vt 0.991085 0.841954
vt 0.990388 0.849335
vt 0.564066 0.280735
vt 0.711711 0.280735
vt 0.565258 0.295980
vt 0.016258 0.032813
vt 0.515890 0.910580
vt 0.119503 0.056684
vt 0.119504 0.006464
vt 0.167127 0.010222
vt 0.269435 0.072532
vt 0.225719 0.087145
vt 0.005077 0.274156
vt 0.006951 0.271478
vt 0.014164 0.273688
vt 0.310139 0.980855
vt 0.017856 0.025621
vt 0.002467 0.020621
vt 0.018253 0.020259
vt 0.509110 0.992238
vt 0.505690 0.992965
vt 0.508724 0.984835
vt 0.834907 0.998858
vt 0.830473 0.992755
vt 0.839482 0.993517
vt 0.249649 0.972539
vt 0.254051 0.978954
vt 0.250042 0.987550
vt 0.994823 0.710769
vt 0.013670 0.336736
vt 0.019071 0.330754
vt 0.024652 0.336335
vt 0.698418 0.312008
vt 0.252026 0.970516
vt 0.310263 0.989063
vt 0.005935 0.335995
vt 0.992380 0.403599
vt 0.984989 0.406001
vt 0.981967 0.391730
vt 0.839808 0.216835
vt 0.849986 0.168952
vt 0.841444 0.272306
vt 0.027856 0.696412
vt 0.025702 0.671792
vt 0.029059 0.667673
vt 0.001132 0.105347
vt 0.009212 0.103630
vt 0.014655 0.109493
vt 0.228521 0.326980
vt 0.593379 0.213169
vt 0.593379 0.255997
vt 0.454969 0.247890
vt 0.253545 0.983393
vt 0.253545 0.992434
vt 0.250155 0.990738
vt 0.401826 0.990301
vt 0.399104 0.993327
vt 0.392945 0.990455
vt 0.996851 0.237873
vt 0.991687 0.244980
vt 0.981442 0.236520
vt 0.001578 0.335748
vt 0.007990 0.329768
vt 0.016183 0.330653
vt 0.026903 0.270028
vt 0.026903 0.298793
vt 0.022924 0.298184
vt 0.431246 0.925187
vt 0.397652 0.010332
vt 0.397652 0.002494
vt 0.401066 0.004025
vt 0.025610 0.257180
vt 0.022017 0.277557
vt 0.021751 0.248837
vt 0.762168 0.988444
vt 0.761942 0.994928
vt 0.758799 0.986818
vt 0.400069 0.998352
vt 0.127712 0.426790
vt 0.127712 0.474542
vt 0.124385 0.433467
vt 0.575009 0.039807
vt 0.519712 0.039807
vt 0.549717 0.036168
vt 0.744658 0.013785
vt 0.747696 0.005438
vt 0.747579 0.016269
vt 0.276039 0.086135
vt 0.806156 0.164793
vt 0.238819 0.982192
vt 0.238819 0.973407
vt 0.241201 0.976412
vt 0.414049 0.270435
vt 0.561209 0.270435
vt 0.561284 0.285559
vt 0.432656 0.930792
vt 0.358318 0.932484
vt 0.390572 0.932484
vt 0.384146 0.942701
vt 0.995885 0.681749
vt 0.995718 0.686523
vt 0.991782 0.673615
vt 0.528376 0.089132
vt 0.885580 0.979957
vt 0.898259 0.982193
vt 0.878751 0.982549
vt 0.276510 0.001054
vt 0.281626 0.001054
vt 0.276686 0.005829
vt 0.997027 0.735788
vt 0.997027 0.748672
vt 0.994586 0.738623
vt 0.451680 0.926456
vt 0.282938 0.005852
vt 0.119921 0.380361
vt 0.119921 0.332022
vt 0.130202 0.343746
vt 0.957868 0.379310
vt 0.953861 0.425111
vt 0.957285 0.337029
vt 0.956802 0.202727
vt 0.961797 0.145632
vt 0.960839 0.232494
vt 0.959312 0.428141
vt 0.988904 0.607746
vt 0.988387 0.615127
vt 0.979029 0.601942
vt 0.440303 0.116170
vt 0.427062 0.122466
vt 0.393741 0.103506
vt 0.276417 0.586393
vt 0.208222 0.334651
vt 0.383456 0.102156
vt 0.201159 0.331766
vt 0.261834 0.585999
vt 0.039767 0.222319
vt 0.041890 0.246590
vt 0.035038 0.218136
vt 0.066590 0.218655
vt 0.554288 0.108146
vt 0.602638 0.112376
vt 0.548199 0.112351
vt 0.447062 0.111268
vt 0.489259 0.103828
vt 0.543565 0.107629
vt 0.024193 0.591348
vt 0.024193 0.562080
vt 0.027114 0.586810
vt 0.030187 0.655527
vt 0.028298 0.633934
vt 0.030903 0.626663
vt 0.957317 0.234733
vt 0.505404 0.110217
vt 0.820736 0.908174
vt 0.781632 0.908174
vt 0.783009 0.900904
vt 0.399088 0.116611
vt 0.371641 0.970251
vt 0.371641 0.945887
vt 0.376756 0.945881
vt 0.949758 0.946971
vt 0.922686 0.946971
vt 0.954473 0.944987
vt 0.325058 0.978298
vt 0.338715 0.988220
vt 0.319401 0.989635
vt 0.009452 0.996282
vt 0.016949 0.992786
vt 0.022122 0.996360
vt 0.078682 0.993107
vt 0.078802 0.986214
vt 0.089547 0.994545
vt 0.021950 0.452964
vt 0.035418 0.454825
vt 0.029593 0.457200
vt 0.236254 0.339219
vt 0.227572 0.335338
vt 0.028558 0.666869
vt 0.023243 0.665931
vt 0.027480 0.638016
vt 0.464348 0.017674
vt 0.464348 0.002553
vt 0.468558 0.013156
vt 0.611909 0.321570
vt 0.287457 0.585714
vt 0.759006 0.911852
vt 0.726850 0.917522
vt 0.721507 0.909316
vt 0.672884 0.079501
vt 0.730471 0.084539
vt 0.666174 0.088728
vt 0.114046 0.999006
vt 0.109724 0.995865
vt 0.114252 0.992114
vt 0.995986 0.153397
vt 0.986254 0.150235
vt 0.993697 0.147541
vt 0.042677 0.471966
vt 0.037182 0.472542
vt 0.116698 0.939073
vt 0.082611 0.939073
vt 0.104880 0.937099
vt 0.586484 0.126187
vt 0.523867 0.126187
vt 0.489984 0.122456
vt 0.367851 0.170688
vt 0.367851 0.132268
vt 0.416703 0.171002
vt 0.003177 0.912170
vt 0.003177 0.890494
vt 0.004224 0.897760
vt 0.187900 0.843420
vt 0.164590 0.860356
vt 0.168559 0.817913
vt 0.151024 0.835593
vt 0.152933 0.795293
vt 0.318867 0.132594
vt 0.416492 0.126976
vt 0.434222 0.134922
vt 0.446332 0.155441
vt 0.440866 0.159807
vt 0.991104 0.336259
vt 0.982221 0.341387
vt 0.974856 0.335969
vt 0.781795 0.403893
vt 0.771486 0.404131
vt 0.771486 0.270427
vt 0.516510 0.992328
vt 0.516510 0.998791
vt 0.512103 0.998429
vt 0.242468 0.585273
vt 0.242390 0.579931
vt 0.991548 0.586955
vt 0.981769 0.587467
vt 0.993070 0.583228
vt 0.663984 0.784364
vt 0.679747 0.815969
vt 0.639141 0.792020
vt 0.632877 0.788299
vt 0.639350 0.759238
vt 0.913028 0.613207
vt 0.913544 0.557846
vt 0.941580 0.577947
vt 0.943574 0.521661
vt 0.916119 0.549366
vt 0.887248 0.587535
vt 0.812869 0.177317
vt 0.810513 0.210944
vt 0.787379 0.197211
vt 0.892812 0.000656
vt 0.897235 0.006744
vt 0.889149 0.005250
vt 0.006479 0.974889
vt 0.025094 0.974889
vt 0.009326 0.982191
vt 0.698145 0.998985
vt 0.698145 0.991148
vt 0.703434 0.998471
vt 0.423934 0.127309
vt 0.770746 0.415808
vt 0.632762 0.780557
vt 0.807462 0.138346
vt 0.782092 0.153198
vt 0.780563 0.143089
vt 0.800750 0.155222
vt 0.601538 0.812047
vt 0.807457 0.138316
vt 0.765997 0.139911
vt 0.629620 0.757545
vt 0.595536 0.814770
vt 0.783162 0.199279
vt 0.696751 0.184208
vt 0.758212 0.190662
vt 0.979382 0.726577
vt 0.978407 0.721051
vt 0.979659 0.695722
vt 0.018344 0.324203
vt 0.035886 0.328903
vt 0.011967 0.329472
vt 0.115623 0.501995
vt 0.115623 0.458044
vt 0.118221 0.487965
vt 0.931900 0.991509
vt 0.917631 0.991509
vt 0.923096 0.990238
vt 0.916135 0.616238
vt 0.094358 0.743352
vt 0.098215 0.699266
vt 0.099031 0.745233
vt 0.372613 0.104045
vt 0.201502 0.703831
vt 0.223133 0.672938
vt 0.227704 0.739494
vt 0.226540 0.681120
vt 0.646400 0.098431
vt 0.742352 0.098236
vt 0.654237 0.102085
vt 0.741048 0.954750
vt 0.771039 0.954750
vt 0.746225 0.956942
vt 0.697039 0.106006
vt 0.521232 0.084371
vt 0.527083 0.089281
vt 0.462854 0.083495
vt 0.529746 0.081908
vt 0.027915 0.722020
vt 0.022296 0.722216
vt 0.030985 0.695643
vt 0.843588 0.900449
vt 0.833840 0.908629
vt 0.804660 0.901522
vt 0.769298 0.151910
vt 0.706105 0.139333
vt 0.229813 0.097906
vt 0.228574 0.162384
vt 0.201367 0.131807
vt 0.021567 0.518624
vt 0.021567 0.542550
vt 0.011487 0.520389
vt 0.912405 0.627328
vt 0.792136 0.208071
vt 0.784060 0.204158
vt 0.804108 0.215382
vt 0.628024 0.748905
vt 0.220915 0.164057
vt 0.643650 0.750490
vt 0.881020 0.598552
vt 0.896435 0.613946
vt 0.865504 0.576587
vt 0.629145 0.798208
s 1
usemtl Material.005
f 1070/1/1 1160/2/2 1073/3/3
f 1070/4/4 1158/5/4 1160/6/4
f 1158/7/5 1070/8/1 1173/9/6
f 1070/1/1 1073/3/3 1071/10/7
f 1173/9/6 1159/11/8 1158/7/5
f 1070/12/1 1071/13/7 1072/14/9
f 1158/15/5 1178/16/10 1160/17/2
f 1073/18/3 1160/19/2 1119/20/11
f 1160/21/2 1178/22/10 1183/23/12
f 1073/24/3 1074/25/13 1071/26/7
f 1073/18/3 1119/20/11 1075/27/14
f 1158/15/5 1159/28/8 1178/16/10
f 1083/29/15 1084/30/15 1100/31/15
f 1169/32/16 1161/33/16 1168/34/16
f 1160/21/2 1183/23/12 1119/35/11
f 1071/13/7 1076/36/17 1072/14/9
f 1073/18/3 1075/27/14 1074/37/13
f 1071/26/7 1074/25/13 1076/38/17
f 1093/39/18 1096/40/19 1095/41/20
f 1103/42/21 1085/43/22 1114/44/23
f 1103/42/21 1114/44/23 1099/45/24
f 1166/46/25 1170/47/26 1167/48/27
f 1162/49/28 1170/50/28 1165/51/28
f 1093/52/29 1103/42/30 1077/53/31
f 1078/54/32 1096/40/19 1093/39/18
f 1165/55/33 1170/56/33 1179/57/33
f 1205/58/34 1174/59/34 1163/60/34
f 1165/61/35 1082/62/35 1164/63/35
f 1078/64/36 1099/45/24 1179/65/37
f 1174/66/38 1164/67/38 1082/68/38
f 1079/69/39 1090/70/39 1095/71/39
f 1165/72/40 1114/73/40 1082/74/40
f 1078/64/36 1077/53/41 1099/45/24
f 1114/44/23 1085/43/22 1080/75/42
f 1099/45/24 1077/53/41 1103/42/21
f 1096/76/43 1090/77/43 1079/78/43
f 1165/79/44 1164/80/44 1162/81/44
f 1179/82/37 1086/83/45 1078/84/36
f 1174/85/46 1205/86/47 1162/87/47
f 1114/44/23 1087/88/48 1081/89/49
f 1179/82/37 1175/90/50 1086/83/45
f 1114/44/23 1080/75/42 1087/88/48
f 1175/90/50 1179/82/37 1166/91/51
f 1179/92/37 1170/47/52 1166/46/51
f 1082/93/53 1114/44/23 1081/89/49
f 1077/94/54 1103/95/54 1097/96/54
f 1167/97/27 1170/98/26 1184/99/55
f 1083/100/56 1092/101/56 1084/102/56
f 1082/103/53 1081/104/49 1088/105/57
f 1085/106/58 1107/107/59 1080/108/60
f 1086/109/45 1089/110/61 1078/111/36
f 1168/112/62 1172/113/63 1169/114/64
f 1161/115/65 1169/116/65 1176/117/65
f 1081/118/49 1087/119/48 1088/120/66
f 1167/121/67 1184/122/67 1205/123/67
f 1077/124/68 1108/125/68 1103/126/68
f 1085/127/22 1103/128/21 1107/129/69
f 1070/12/1 1072/14/9 1173/130/6
f 1093/131/70 1091/132/71 1097/133/72
f 1078/134/73 1089/135/73 1096/136/73
f 1096/137/74 1089/138/75 1091/139/76
f 1170/140/77 1166/141/77 1184/142/77
f 1078/143/36 1097/144/78 1077/145/41
f 1077/146/79 1097/147/79 1093/148/79
f 1090/149/80 1088/150/80 1081/151/80
f 1090/152/81 1096/137/82 1091/139/83
f 1167/97/84 1184/99/85 1177/153/86
f 1090/154/87 1081/155/87 1079/156/87
f 1096/157/88 1091/158/89 1086/159/90
f 1168/160/91 1161/161/91 1171/162/91
f 1082/163/92 1088/164/92 1163/165/92
f 1167/166/93 1184/167/93 1166/168/93
f 1093/169/18 1095/170/20 1091/171/94
f 1084/172/95 1092/173/95 1101/174/95
f 1093/175/96 1094/176/96 1097/177/96
f 1100/178/97 1084/179/97 1101/180/97
f 1082/103/98 1088/105/99 1164/181/100
f 1055/182/101 1099/45/24 1101/183/102
f 1179/184/103 1180/185/104 1172/186/63
f 1099/45/24 1110/187/105 1101/183/102
f 1079/188/106 1091/158/107 1096/157/108
f 1163/189/109 1079/190/109 1090/191/109
f 1095/192/110 1096/193/110 1079/194/110
f 1090/195/111 1091/196/111 1079/197/111
f 1162/198/112 1164/199/112 1170/198/112
f 1094/200/113 1095/201/114 1080/75/115
f 1111/202/116 1074/203/13 1075/204/14
f 1162/205/117 1170/206/117 1174/207/117
f 1111/202/116 1072/208/9 1074/203/13
f 1081/209/118 1088/210/118 1079/211/118
f 1180/185/104 1185/212/119 1172/186/63
f 1183/213/12 1173/214/6 1119/215/11
f 1183/213/12 1159/216/8 1173/214/6
f 1086/217/120 1091/218/120 1089/219/120
f 1179/184/103 1172/186/63 1171/220/121
f 1174/221/122 1164/222/122 1205/223/122
f 1099/224/24 1098/225/123 1179/226/37
f 1094/200/124 1097/227/125 1095/201/126
f 1072/208/9 1076/228/17 1074/203/13
f 1175/229/127 1177/230/127 1089/231/127
f 1098/232/123 1099/233/24 1139/234/128
f 1083/235/129 1100/236/129 1110/237/129
f 1175/238/50 1089/239/130 1086/240/45
f 1166/241/131 1170/242/132 1113/243/133
f 1119/244/11 1173/245/6 1182/246/134
f 1174/247/135 1170/248/135 1205/249/135
f 1090/250/136 1079/251/136 1088/252/136
f 1111/202/116 1181/253/137 1072/208/9
f 1094/200/113 1080/75/115 1085/43/138
f 1100/254/139 1101/255/139 1110/256/139
f 1099/45/24 1114/44/23 1110/187/105
f 1161/257/140 1176/258/140 1171/259/140
f 1165/260/141 1164/261/142 1114/262/143
f 1179/184/103 1171/220/121 1165/263/144
f 1099/264/24 1056/265/145 1054/266/146
f 1110/187/105 1114/44/23 1102/267/147
f 1075/204/14 1119/268/11 1111/202/116
f 1096/269/148 1091/270/148 1177/271/148
f 1168/272/149 1171/273/149 1172/274/149
f 1093/131/29 1097/133/150 1103/275/30
f 1169/276/151 1185/277/151 1176/278/151
f 1055/279/101 1101/280/102 1056/265/145
f 1179/226/37 1137/281/152 1136/282/153
f 1162/87/47 1205/86/47 1170/87/154
f 1178/283/10 1159/216/8 1183/213/12
f 1119/284/155 1192/285/155 1190/286/155
f 1099/264/24 1055/279/101 1056/265/145
f 1089/110/156 1113/287/157 1108/288/158
f 1164/289/159 1107/290/159 1114/291/159
f 1119/292/160 1104/293/160 1109/294/160
f 1113/243/161 1170/242/162 1165/260/163
f 1179/295/164 1136/296/164 1180/297/164
f 1169/114/64 1172/113/63 1185/298/119
f 1099/233/24 1105/299/165 1139/234/128
f 1175/238/50 1166/300/51 1089/239/156
f 1094/301/166 1085/106/167 1095/302/114
f 1097/303/168 1078/304/168 1108/305/168
f 1077/306/169 1097/307/169 1108/308/169
f 1106/309/170 1118/310/171 1102/267/147
f 1080/108/42 1107/107/59 1087/119/48
f 1166/300/51 1113/311/157 1089/239/156
f 1094/312/172 1107/313/172 1085/314/172
f 1078/111/173 1089/110/156 1108/288/158
f 1087/119/48 1107/107/59 1088/120/66
f 1085/106/167 1080/108/115 1095/302/114
f 1093/169/174 1091/171/175 1089/315/176
f 1078/316/177 1093/317/177 1089/318/177
f 1091/171/94 1095/170/20 1079/319/178
f 1165/260/163 1182/320/179 1113/243/161
f 1079/319/180 1095/170/181 1087/321/182
f 1103/128/21 1108/322/183 1107/129/69
f 1181/323/137 1182/324/134 1173/325/6
f 1119/326/184 1109/327/184 1120/328/184
f 1083/329/185 1110/330/185 1092/331/185
f 1088/332/186 1107/333/186 1164/334/186
f 1179/226/37 1098/225/123 1137/281/152
f 1119/335/11 1112/336/187 1111/337/116
f 1193/338/188 1165/339/188 1183/340/188
f 1111/341/189 1112/342/189 1181/343/189
f 1099/344/190 1054/345/190 1105/346/190
f 1173/347/6 1072/208/9 1181/253/137
f 1136/348/191 1137/349/191 1138/350/191
f 1165/263/144 1171/220/121 1176/351/192
f 1165/260/163 1193/352/193 1182/320/179
f 1136/353/194 1138/354/194 1180/355/194
f 1164/261/195 1165/260/196 1170/242/197
f 1181/323/137 1112/356/198 1182/324/134
f 1165/263/144 1176/351/192 1183/357/199
f 1102/267/147 1118/310/171 1092/358/200
f 1102/267/147 1092/358/200 1110/187/105
f 1098/225/123 1139/359/128 1137/281/152
f 1108/360/201 1112/361/198 1107/362/202
f 1107/362/203 1114/363/204 1108/360/205
f 1113/364/206 1182/365/206 1170/366/206
f 1107/362/202 1112/361/198 1114/363/207
f 1112/367/198 1097/368/208 1182/369/134
f 1166/370/209 1113/371/209 1184/372/209
f 1092/358/200 1118/310/171 1101/373/102
f 1182/374/210 1184/375/210 1170/376/210
f 1183/377/211 1176/378/211 1185/379/211
f 1097/380/208 1184/381/212 1182/382/134
f 1097/368/213 1108/383/158 1113/384/157
f 1113/385/214 1170/386/214 1184/387/214
f 1112/367/198 1108/383/201 1097/368/208
f 1113/388/215 1166/389/215 1097/390/215
f 1184/381/212 1097/380/208 1166/391/216
f 1119/392/217 1116/393/218 1104/394/219
f 1183/395/220 1185/212/119 1180/185/104
f 1137/396/152 1140/397/221 1138/398/222
f 1118/310/171 1056/399/145 1101/373/102
f 1114/400/223 1112/401/223 1102/402/223
f 1112/403/187 1106/309/170 1102/267/147
f 1183/395/220 1180/185/104 1186/404/224
f 1118/310/171 1125/405/225 1056/399/145
f 1109/406/226 1104/407/226 1115/408/226
f 1054/409/146 1056/410/145 1057/411/227
f 1192/412/228 1187/413/228 1190/414/229
f 1109/415/230 1115/416/230 1120/417/230
f 1187/413/228 1192/412/228 1188/418/231
f 1187/419/232 1188/420/232 1119/421/232
f 1116/422/233 1120/423/234 1117/424/235
f 1120/423/234 1115/425/236 1117/424/235
f 1138/398/222 1140/397/221 1180/426/104
f 1137/427/152 1139/428/128 1140/429/221
f 1116/430/237 1119/431/237 1188/432/237
f 1054/433/146 1058/434/238 1105/435/165
f 1187/436/239 1189/437/239 1190/438/239
f 1054/409/146 1057/411/227 1058/439/238
f 1104/394/219 1116/393/218 1115/440/240
f 1117/441/235 1115/442/236 1133/443/241
f 1187/444/242 1119/445/242 1189/446/242
f 1116/447/233 1188/448/243 1120/449/234
f 1180/450/104 1191/451/244 1186/452/224
f 1183/453/220 1206/454/245 1193/455/246
f 1192/456/247 1194/457/247 1188/458/247
f 1117/459/248 1133/460/248 1116/461/248
f 1139/462/128 1062/463/249 1059/464/250
f 1139/462/128 1105/435/165 1062/463/249
f 1118/465/171 1106/466/170 1121/467/251
f 1118/465/171 1121/467/251 1125/468/225
f 1190/469/252 1189/470/252 1119/471/252
f 1106/466/170 1112/472/187 1121/467/251
f 1056/410/145 1125/473/225 1057/411/227
f 1115/440/240 1116/393/218 1133/474/253
f 1183/453/220 1186/475/224 1206/454/245
f 1120/449/234 1188/448/243 1122/476/254
f 1188/477/255 1194/478/255 1122/479/255
f 1182/480/256 1193/481/256 1206/482/256
f 1192/483/257 1119/484/257 1194/485/257
f 1112/336/187 1119/335/11 773/486/258
f 1182/246/134 1206/487/259 1119/244/11
f 1180/488/104 1140/489/221 1141/490/260
f 1119/491/261 1120/492/261 1122/493/261
f 1119/494/262 1122/495/262 773/496/262
f 1186/497/263 1197/498/263 1206/499/263
f 1115/442/264 1123/500/265 1133/443/266
f 1186/501/267 1200/502/267 1197/503/267
f 1112/504/187 773/505/258 1121/506/251
f 1189/507/268 1199/508/268 1194/509/268
f 1133/443/269 1123/500/270 1122/510/271
f 1123/511/270 1133/512/272 1124/513/273
f 1288/514/274 1254/515/275 1255/516/276
f 1189/517/277 1194/518/277 1195/519/277
f 936/520/278 934/521/279 926/522/280
f 1255/516/276 1256/523/281 1288/514/274
f 1255/516/276 1254/515/275 1263/524/282
f 933/525/283 927/526/284 934/521/279
f 927/526/284 926/522/280 934/521/279
f 928/527/285 934/521/279 936/520/278
f 1254/515/275 1288/514/274 1257/528/286
f 1123/511/270 1131/529/287 1132/530/288
f 1139/428/128 1059/531/250 1147/532/289
f 1288/514/274 1256/523/281 1262/533/290
f 1140/429/221 1139/428/128 1141/534/260
f 1123/511/270 1124/513/273 1131/529/287
f 934/521/279 928/527/285 993/535/291
f 1194/536/292 1119/537/293 863/538/294
f 1189/539/295 1195/540/295 1196/541/295
f 1206/542/296 1197/543/297 1198/544/298
f 773/545/299 1122/546/271 1127/547/300
f 1254/515/275 1258/548/301 1259/549/302
f 1123/500/270 1132/550/288 1122/510/271
f 993/535/291 928/527/285 929/551/303
f 863/552/304 1260/553/305 1194/554/306
f 1125/468/225 1121/467/251 1126/555/307
f 1260/553/305 1195/556/308 1194/554/306
f 929/551/303 928/527/285 930/557/309
f 1122/546/271 1132/558/288 1127/547/300
f 1262/533/290 1256/523/281 1291/559/310
f 1254/515/275 1259/549/302 1267/560/311
f 1125/561/225 1126/562/307 1027/563/312
f 927/526/284 931/564/313 935/565/314
f 1058/434/238 1062/463/249 1105/435/165
f 1254/515/275 1257/528/286 1258/548/301
f 926/522/280 927/526/284 935/565/314
f 1196/566/315 1199/567/315 1189/568/315
f 863/569/316 1195/570/308 1260/571/305
f 928/527/285 936/520/278 930/557/309
f 927/526/284 933/525/283 931/564/313
f 1132/572/317 1129/573/317 1127/574/317
f 1254/515/275 1267/560/311 1263/524/282
f 1125/473/225 1060/575/318 1057/411/227
f 1139/428/128 1147/532/289 1141/534/260
f 1186/452/224 1191/451/244 1200/576/319
f 1129/577/320 1128/578/320 1127/579/320
f 1260/580/321 1261/581/321 863/582/321
f 1125/473/225 1027/583/312 1060/575/318
f 993/584/291 929/551/303 932/585/322
f 1127/586/323 1128/587/323 773/588/323
f 1133/589/324 1130/590/324 1124/591/324
f 1197/592/325 1200/593/325 1198/594/325
f 933/595/283 934/596/279 993/597/291
f 1057/411/227 1060/575/318 1064/598/326
f 1129/599/327 773/600/327 1128/601/327
f 1256/523/281 1289/602/328 1291/559/310
f 1262/603/329 1291/604/329 1288/605/329
f 1194/606/330 1201/607/330 863/608/330
f 1255/609/276 1263/610/282 1256/611/281
f 1131/612/331 1124/613/331 1130/614/331
f 1257/615/286 1288/616/274 1258/617/301
f 1196/618/332 1201/619/333 1199/620/334
f 1131/621/335 1130/622/335 1132/623/335
f 1133/624/336 1122/625/336 1130/626/336
f 1199/627/337 1201/628/337 1194/629/337
f 930/557/309 942/630/338 929/551/303
f 1259/549/302 1268/631/339 1267/560/311
f 863/569/316 1201/619/333 1195/570/340
f 926/632/280 935/633/314 936/634/278
f 1122/635/341 1129/636/341 1130/637/341
f 1289/638/328 1290/639/342 1291/640/310
f 1132/641/343 1130/642/343 1129/643/343
f 1256/611/281 1263/610/282 1264/644/344
f 1180/488/104 1141/490/260 1143/645/345
f 935/565/314 931/564/313 937/646/346
f 1005/647/347 1034/648/348 1126/562/307
f 1256/611/281 1264/644/344 1289/649/328
f 1195/570/340 1201/619/333 1196/618/332
f 936/634/278 935/633/314 938/650/349
f 936/634/278 938/650/349 939/651/350
f 1258/548/301 1277/652/351 1259/549/302
f 1198/653/298 1200/654/352 1204/655/353
f 1268/631/339 1265/656/354 1266/657/355
f 1121/658/251 1005/659/347 1126/660/307
f 942/630/338 995/661/356 929/551/303
f 1206/662/357 1203/663/357 912/664/357
f 1267/665/311 1268/666/339 1263/610/282
f 1206/542/296 1198/544/298 1202/667/358
f 936/634/278 942/668/338 930/669/309
f 933/595/283 993/597/291 952/670/359
f 929/551/303 995/661/356 932/585/322
f 1180/488/104 1157/671/360 1191/672/244
f 1263/610/282 1272/673/361 1264/644/344
f 1206/542/296 1202/667/358 1203/674/362
f 936/634/278 939/651/350 942/668/338
f 1259/549/302 1277/652/351 1265/656/354
f 931/564/313 944/675/363 937/646/346
f 1268/631/339 1259/549/302 1265/656/354
f 1290/639/342 1289/638/328 1292/676/364
f 1126/562/307 1034/648/348 1027/563/312
f 1180/488/104 1143/645/345 1157/671/360
f 1057/411/227 1064/598/326 1058/677/238
f 1258/617/301 1288/616/274 1269/678/365
f 993/597/291 994/679/366 952/670/359
f 1027/583/312 1061/680/367 1060/575/318
f 1059/681/368 1063/682/368 1147/683/368
f 993/684/369 932/685/369 996/686/369
f 1291/640/310 1290/639/342 1295/687/370
f 1202/688/358 1198/653/298 1204/655/353
f 996/689/371 994/690/366 993/691/291
f 1264/692/344 1293/693/372 1289/694/328
f 1059/695/250 1062/696/249 1063/697/373
f 1121/658/251 1044/698/374 1005/659/347
f 1122/699/375 1194/700/375 1134/701/375
f 1289/694/328 1293/693/372 1292/702/364
f 1290/639/342 1292/676/364 1294/703/376
f 1060/575/318 1061/680/367 1064/598/326
f 1143/645/345 1141/490/260 1148/704/377
f 1141/534/260 1147/532/289 1155/705/378
f 1268/666/339 1272/673/361 1263/610/282
f 1291/706/310 1295/707/370 1288/708/274
f 1058/434/238 1069/709/379 1062/463/249
f 944/675/363 945/710/380 937/646/346
f 1288/616/274 1298/711/381 1269/678/365
f 1294/703/376 1295/687/370 1290/639/342
f 1142/712/382 1157/713/382 1143/714/382
f 935/565/314 937/646/346 940/715/383
f 942/668/338 939/651/350 941/716/384
f 1064/717/385 1061/718/385 1065/719/385
f 1143/720/386 1144/721/386 1142/722/386
f 1264/644/344 1272/673/361 1300/723/387
f 1292/702/364 1293/693/372 1294/724/376
f 932/725/322 995/726/356 996/727/371
f 1265/656/354 1270/728/388 1266/729/355
f 1266/729/355 1270/728/388 1268/730/339
f 1295/687/370 1294/703/376 1293/731/372
f 1143/732/389 1148/733/389 1144/734/389
f 942/735/390 941/736/390 995/737/390
f 1206/738/391 912/739/391 1119/740/391
f 938/650/349 947/741/392 939/651/350
f 1062/696/249 1146/742/393 1063/697/373
f 1272/743/394 1275/744/394 1300/745/394
f 1065/746/395 1066/747/395 1064/748/395
f 1295/707/370 1310/749/396 1288/708/274
f 1065/750/397 1061/751/398 1066/752/399
f 995/726/356 997/753/400 996/727/371
f 931/564/313 933/525/283 944/754/363
f 1141/490/260 1145/755/401 1148/704/377
f 1005/756/402 1135/757/402 1034/758/402
f 938/650/349 935/633/314 943/759/403
f 1146/760/393 1147/761/289 1063/762/373
f 1204/763/404 1200/764/404 1227/765/404
f 1270/728/388 1265/656/354 1271/766/405
f 937/646/346 945/710/380 940/767/383
f 1142/768/406 1144/769/406 1157/770/406
f 1207/771/407 1209/772/408 1001/773/409
f 1295/687/370 1293/731/372 1296/774/410
f 1295/707/370 1296/775/410 1310/749/396
f 1269/776/411 1298/777/411 1275/778/411
f 952/779/359 994/780/366 947/781/412
f 1310/749/396 1297/782/413 1288/708/274
f 1268/666/339 1271/783/405 1272/673/361
f 1001/773/409 1209/772/408 1007/784/414
f 944/785/363 933/595/283 945/786/380
f 1202/787/415 1204/788/415 1217/789/415
f 1202/790/358 1217/791/416 1223/792/417
f 1001/793/409 1009/794/418 1207/795/407
f 938/650/349 948/796/419 947/741/392
f 1141/490/260 1155/797/378 1145/755/401
f 1277/652/351 1279/798/420 1265/656/354
f 1275/799/421 1298/800/421 1300/801/421
f 1271/766/405 1265/656/354 1279/798/420
f 940/802/383 951/803/422 935/633/314
f 933/595/283 952/670/359 954/804/423
f 1005/659/347 1044/698/374 1004/805/424
f 995/806/425 941/807/425 999/808/425
f 947/809/426 948/810/426 952/811/426
f 1200/812/319 1191/813/244 1241/814/427
f 1275/815/428 1285/816/428 1269/817/428
f 1275/818/429 1299/819/430 1300/820/431
f 996/689/371 998/821/432 994/690/366
f 1275/818/433 1301/822/434 1299/819/435
f 1003/823/436 1009/794/418 1001/793/409
f 1268/730/339 1270/728/388 1271/766/405
f 1058/677/238 1064/598/326 1067/824/437
f 1208/825/438 1209/826/438 1207/827/438
f 1144/828/439 1148/829/439 1157/830/439
f 1275/831/440 1272/832/440 1285/833/440
f 995/726/356 999/834/441 997/753/400
f 957/835/442 955/836/442 946/837/442
f 1064/838/326 1066/839/399 1067/840/437
f 935/633/314 951/803/422 943/759/403
f 1273/841/443 1274/842/443 1284/843/443
f 1147/761/289 1153/844/444 1155/845/378
f 1062/696/249 1150/846/445 1146/742/393
f 1209/772/408 1210/847/446 1007/784/414
f 947/781/412 994/780/447 939/848/448
f 1122/849/449 1134/850/449 1129/851/449
f 1066/752/399 1061/751/398 1067/852/437
f 1258/617/301 1269/678/365 1277/853/351
f 957/854/450 958/855/450 955/856/450
f 938/650/349 943/759/403 948/796/419
f 940/767/383 945/710/380 951/857/422
f 1264/858/451 1326/859/451 1335/860/451
f 1007/861/452 1000/862/452 1001/863/452
f 1001/864/409 1031/865/453 1003/866/436
f 1146/760/393 1149/867/454 1147/761/289
f 1146/760/393 1150/868/445 1149/867/454
f 1275/869/455 1276/870/456 1285/871/457
f 1326/872/458 1264/873/458 1300/874/458
f 1204/875/459 1227/876/459 1217/877/459
f 1062/696/249 1069/878/379 1150/846/445
f 1279/798/420 1220/879/460 1271/766/405
f 947/880/461 948/881/462 949/882/463
f 1275/883/433 1285/884/464 1301/885/434
f 1191/813/244 1157/886/360 1241/814/427
f 1003/866/436 1031/865/453 1010/887/465
f 1009/888/418 1003/889/436 1002/890/466
f 1003/891/436 1010/892/465 1002/893/466
f 947/880/461 949/882/463 939/894/467
f 1001/895/468 1000/896/468 1031/897/468
f 1058/677/238 1067/824/437 635/898/469
f 1069/878/379 1068/899/470 1150/846/445
f 1147/761/289 1149/867/454 1153/844/444
f 1275/900/455 1299/901/435 1276/902/456
f 1264/692/344 1335/903/471 1293/693/372
f 1194/536/472 863/538/473 1211/904/474
f 939/905/350 950/906/475 941/907/384
f 1149/867/454 1150/868/445 625/908/476
f 951/909/477 945/910/477 963/911/477
f 949/882/463 948/881/462 965/912/478
f 933/595/283 967/913/479 945/786/380
f 948/914/480 969/915/481 952/916/359
f 939/917/482 994/918/482 950/919/482
f 1277/920/483 1253/921/484 1278/922/485
f 945/786/380 967/913/479 953/923/486
f 933/595/283 954/804/423 967/913/479
f 1004/924/424 1135/925/487 1005/926/347
f 1121/506/251 773/505/258 1044/927/374
f 1272/928/488 1330/929/489 1285/930/490
f 1149/867/454 625/908/476 1151/931/491
f 1208/932/492 1221/933/493 1209/772/408
f 952/916/359 969/915/481 954/934/423
f 943/759/403 969/935/494 948/796/419
f 1277/936/495 1278/937/495 1279/938/495
f 1208/932/492 1212/939/496 1221/933/493
f 1284/940/497 1274/941/497 1321/942/497
f 1194/943/498 1211/944/498 1134/945/498
f 1284/946/499 1324/947/499 1273/948/500
f 959/949/501 1013/950/501 971/951/501
f 1273/952/502 1302/953/502 1274/954/502
f 999/834/441 1008/955/503 997/753/400
f 1058/956/504 635/957/504 631/958/504
f 1058/959/505 631/960/505 1069/961/505
f 1150/962/506 627/963/506 625/964/506
f 1293/731/372 1311/965/507 1296/774/410
f 997/753/400 1006/966/508 996/727/371
f 1274/967/509 1305/968/509 1321/969/509
f 955/970/510 976/971/510 946/972/510
f 1273/973/511 1324/974/511 1302/975/511
f 1007/976/414 1210/977/446 1000/978/512
f 999/979/441 941/980/384 1008/981/503
f 625/982/476 629/983/513 1151/984/491
f 1208/985/492 1225/986/514 1212/987/496
f 1221/933/493 1210/847/446 1209/772/408
f 1009/988/418 1015/989/515 1207/990/407
f 1288/708/274 1297/782/413 1298/991/381
f 996/689/371 1006/992/508 998/821/432
f 948/993/516 947/994/517 956/995/518
f 1212/996/496 1308/997/519 1221/998/493
f 1274/999/520 1303/1000/521 1305/1001/522
f 957/1002/523 970/1003/523 958/1004/523
f 1010/892/465 1023/1005/524 1002/893/466
f 1207/1006/407 1213/1007/525 1208/985/492
f 1279/798/420 1278/1008/526 1220/879/460
f 955/1009/527 958/1010/527 976/1011/527
f 1068/1012/470 626/1013/528 1150/1014/445
f 1150/1014/445 626/1013/528 627/1015/529
f 939/1016/530 950/1017/531 947/994/517
f 1306/1018/532 1307/1019/532 1304/1020/532
f 958/1021/533 959/1022/534 976/1023/535
f 1306/1024/536 1304/1025/536 1305/1026/536
f 961/1027/537 1023/1005/524 1010/892/465
f 1151/931/491 1152/1028/538 1149/867/454
f 951/803/422 960/1029/539 943/759/403
f 1269/1030/540 1285/1031/540 1280/1032/540
f 961/1033/541 1010/1034/541 962/1035/541
f 1207/1006/407 1016/1036/542 1213/1007/525
f 1306/1037/543 1305/1038/543 1303/1039/543
f 1274/999/520 1302/1040/544 1303/1000/521
f 1283/1041/545 1282/1042/545 1304/1043/545
f 1011/1044/546 1012/1045/546 961/1046/546
f 1208/985/492 1213/1007/525 1225/986/514
f 1149/867/454 1152/1028/538 1153/1047/444
f 1012/1048/547 1011/1049/547 1013/1050/547
f 1284/946/499 1331/1051/548 1324/947/499
f 1309/1052/549 1283/1053/549 1307/1054/549
f 965/1055/550 948/1056/550 969/1057/550
f 1012/1058/551 1024/1059/552 961/1060/553
f 1212/996/496 1309/1061/554 1308/997/519
f 1307/1062/555 1283/1063/555 1304/1064/555
f 1012/1058/551 1013/1065/556 1024/1059/552
f 961/1066/557 962/1067/558 1011/1068/559
f 1011/1068/559 971/1069/560 1013/1070/561
f 1135/1071/562 1004/1072/562 1028/1073/562
f 945/1074/380 953/1075/486 963/1076/563
f 943/1077/403 960/1078/539 969/1079/494
f 997/753/400 1008/955/503 1019/1080/564
f 1309/1081/565 1312/1082/565 1308/1083/565
f 1009/888/418 1002/890/466 1015/1084/515
f 941/907/384 950/906/475 992/1085/566
f 959/1022/534 971/1086/567 976/1023/535
f 1309/1087/568 1307/1088/568 1312/1089/568
f 1217/1090/569 1214/1091/569 1223/1092/569
f 1212/1093/570 1225/1094/570 1309/1095/570
f 949/882/463 964/1096/571 939/894/467
f 1310/1097/396 1296/774/410 1311/965/507
f 1069/1098/572 631/1099/572 630/1100/572
f 997/753/400 1019/1080/564 1006/966/508
f 1272/1101/573 1329/1102/573 1281/1103/573
f 941/980/384 1014/1104/574 1008/981/503
f 958/1105/575 974/1106/575 959/1107/575
f 1010/1108/576 1032/1109/576 962/1110/576
f 1272/673/361 1271/783/405 1329/1111/577
f 1061/1112/398 1043/1113/578 1067/1114/437
f 949/882/463 965/1115/478 977/1116/579
f 1004/1117/580 1020/1118/580 1028/1119/580
f 950/906/581 994/1120/582 978/1121/583
f 1311/1122/507 1293/693/372 1335/903/471
f 954/804/423 966/1123/584 967/913/479
f 1024/1059/552 1013/1065/556 1020/1124/585
f 1276/870/456 1319/1125/586 1285/871/457
f 971/1069/560 1011/1068/559 962/1067/558
f 971/1126/587 962/1127/587 975/1128/587
f 1309/1129/588 1313/1130/589 1283/1131/590
f 953/1075/486 967/1132/479 963/1076/563
f 1010/887/465 1031/865/453 1032/1133/591
f 1285/1134/592 1331/1135/592 1280/1136/592
f 1286/1137/593 1304/1138/593 1282/1139/593
f 1013/1140/556 1025/1141/594 1020/1142/585
f 1217/1143/595 1219/1144/596 1214/1145/597
f 1214/1146/598 1216/1147/598 1286/1148/598
f 629/983/513 625/982/476 627/1149/599
f 946/1150/600 968/1151/601 957/1152/602
f 1309/1153/603 1225/1154/603 1313/1155/603
f 947/994/517 950/1017/531 956/995/518
f 949/882/463 977/1116/579 964/1096/571
f 1299/819/435 1301/822/434 1333/1156/604
f 1004/1157/605 1017/1158/605 1020/1159/605
f 1298/1160/606 1240/1161/607 1300/1162/607
f 939/894/467 964/1096/571 950/1163/608
f 959/1164/609 974/1165/609 1013/1166/609
f 1286/1167/610 1282/1168/610 1214/1169/610
f 628/1170/611 627/1171/611 625/1172/611
f 1283/1173/612 1315/1174/612 1282/1175/612
f 1068/1176/613 1069/1177/613 630/1178/613
f 1285/930/614 1330/929/615 1331/1179/616
f 1156/1180/617 1145/755/401 1155/797/378
f 1284/1181/618 1321/1182/618 1331/1183/618
f 1002/893/466 1023/1005/524 1015/1184/515
f 1283/1131/590 1313/1130/589 1314/1185/619
f 969/1186/620 948/1187/516 960/1188/621
f 1153/1189/444 1152/1190/538 776/1191/622
f 1285/1192/457 1319/1193/586 1330/1194/623
f 1286/1195/624 1216/1196/624 1304/1197/624
f 956/995/518 977/1198/625 948/993/516
f 1280/1199/626 1277/853/351 1269/678/365
f 1214/1145/627 1219/1144/628 1216/1200/629
f 1207/990/407 1015/989/515 1016/1201/542
f 629/1202/630 627/1203/630 1151/1204/630
f 1305/1205/631 1304/1206/631 1320/1207/631
f 1300/1162/607 1240/1161/607 1323/1208/632
f 1312/1209/633 1215/1210/634 1308/1211/519
f 1286/1212/635 1216/1213/635 1282/1214/635
f 1202/790/358 912/1215/636 1203/1216/362
f 1153/1217/637 1154/1218/637 1155/1219/637
f 1020/1124/585 1017/1220/638 1024/1059/552
f 1020/1142/585 1025/1141/594 1017/1221/639
f 1214/1222/640 1282/1223/641 1219/1224/642
f 962/1225/643 1032/1226/643 1018/1227/643
f 1155/1228/378 1154/1229/644 1156/1230/617
f 961/1231/645 1026/1232/646 1012/1233/646
f 994/1234/582 970/1235/647 978/1236/583
f 1012/1233/646 1026/1232/646 1022/1237/648
f 946/1238/600 976/1239/649 968/1240/601
f 1311/965/507 1325/1241/650 1310/1097/396
f 1013/1140/556 972/1242/651 1025/1141/594
f 1227/1243/652 1222/1244/652 1217/1245/652
f 1006/992/508 1019/1246/564 998/821/432
f 1312/1247/653 1307/1248/653 1318/1249/653
f 1305/1250/654 1320/1251/654 1321/1252/654
f 1020/1253/655 1017/1254/655 1028/1255/655
f 1008/981/503 1014/1104/574 1021/1256/656
f 1202/790/358 1223/792/417 1218/1257/657
f 976/1258/658 971/1259/658 972/1260/658
f 1214/1261/659 1219/1262/659 1223/1263/659
f 1278/1264/660 1253/1265/660 1220/1266/660
f 1148/704/377 1145/755/401 1157/1267/661
f 1217/1268/662 1222/1269/662 1219/1270/662
f 1298/991/381 1297/782/413 1240/1271/663
f 1307/1272/664 1313/1273/664 1312/1274/664
f 1330/1275/489 1272/1276/488 1281/1277/665
f 1271/1278/405 1220/1279/460 1231/1280/666
f 957/1152/602 968/1151/601 970/1281/667
f 1283/1282/668 1314/1283/668 1315/1284/668
f 1220/1279/460 1253/1285/484 1231/1280/666
f 1024/1286/552 1026/1287/669 961/1288/553
f 1012/1289/670 1022/1290/670 961/1291/670
f 1024/1292/671 1017/1293/671 1025/1294/671
f 1312/1209/633 1313/1295/672 1215/1210/634
f 1219/1224/642 1282/1223/641 1216/1296/673
f 1285/884/464 1330/1297/674 1301/885/434
f 1323/1298/675 1326/1299/675 1300/1300/675
f 1013/1301/676 974/1302/676 972/1303/676
f 1221/1304/493 1308/1211/519 1215/1210/634
f 1151/1305/677 627/1306/677 776/1307/677
f 971/1308/678 975/1309/678 972/1310/678
f 1271/783/405 1231/1311/666 1329/1111/577
f 1306/1312/679 1322/1313/679 1307/1314/680
f 1306/1312/679 1303/1315/681 1322/1313/679
f 1303/1316/521 1302/1317/544 1316/1318/682
f 961/1319/683 1022/1320/683 1018/1321/683
f 1222/1322/684 1223/1323/684 1219/1324/684
f 963/1076/563 967/1132/479 973/1325/685
f 961/1326/537 1018/1327/686 1023/1328/524
f 1008/955/503 1021/1329/656 1019/1080/564
f 626/1013/528 1068/1012/470 630/1330/687
f 1311/965/507 1317/1331/688 1325/1241/650
f 1221/1332/493 1215/1333/634 1224/1334/689
f 1303/1316/521 1316/1318/682 1320/1335/690
f 1024/1336/691 1025/1337/691 1026/1338/691
f 1282/1223/692 1315/1339/693 1216/1296/694
f 1320/1340/695 1304/1341/695 1322/1342/695
f 951/1343/422 963/1076/563 981/1344/696
f 1026/1287/697 1018/1345/698 961/1288/699
f 974/1346/700 958/1347/700 984/1348/700
f 1016/1349/542 1232/1350/701 1213/1351/525
f 1313/1352/589 1307/1353/702 1314/1354/619
f 1311/1122/507 1335/903/471 1317/1355/688
f 1027/1356/703 1043/1357/703 1061/1358/703
f 962/1359/704 1018/1360/704 1022/1361/704
f 1034/1362/348 1043/1363/578 1027/1364/312
f 1028/1365/705 1017/1366/705 1135/1367/705
f 1307/1368/706 1318/1369/706 1313/1370/706
f 1022/1371/707 975/1372/707 962/1373/708
f 1319/1374/709 1333/1156/604 1301/822/434
f 1304/1375/710 1216/1376/710 1322/1377/710
f 1023/1378/711 1018/1379/711 1032/1380/711
f 1227/1381/712 1223/1382/712 1222/1383/712
f 1004/1384/713 1135/1385/713 1017/1386/713
f 1151/1387/714 776/1388/714 1152/1389/714
f 1216/1390/715 1315/1391/715 1314/1392/715
f 1022/1371/707 972/1393/716 975/1372/707
f 1019/1080/564 1021/1329/656 1029/1394/717
f 1004/924/424 1040/1395/718 1135/925/719
f 1320/1396/690 1316/1397/682 1321/1398/720
f 1215/1399/721 1313/1400/721 1225/1401/721
f 1314/1402/722 1307/1403/722 1322/1404/722
f 1022/1405/723 1026/1406/723 1025/1407/723
f 1303/1408/724 1320/1409/724 1322/1410/724
f 963/1076/563 973/1325/685 981/1344/696
f 1067/1114/437 1043/1113/578 1030/1411/725
f 1025/1412/726 972/1413/726 1022/1414/726
f 994/1415/727 983/1416/727 970/1417/727
f 972/1418/728 974/1419/728 976/1420/728
f 1157/1267/661 1145/755/401 1245/1421/729
f 1225/1422/514 1213/1351/525 1224/1423/689
f 1202/790/358 1218/1257/657 912/1215/636
f 1031/1424/453 1038/1425/730 1032/1426/591
f 1210/1427/446 1221/1332/493 1224/1334/689
f 1225/1422/514 1224/1423/689 1215/1428/634
f 1314/1429/731 1322/1430/731 1216/1431/731
f 974/1432/732 984/1433/732 976/1434/732
f 1227/1435/733 1241/1436/427 1228/1437/734
f 627/1438/529 626/1013/528 776/1439/622
f 631/1440/735 640/1441/736 630/1442/687
f 1032/1443/591 1038/1444/730 1023/1445/524
f 1015/1446/515 1023/1445/524 1038/1444/730
f 1016/1447/737 1015/1448/737 1033/1449/737
f 1276/902/456 1299/901/435 1319/1450/586
f 1277/920/483 1226/1451/738 1253/921/484
f 1000/1452/512 1229/1453/739 1031/1424/453
f 1000/1452/512 1210/1454/446 1229/1453/739
f 954/1455/423 969/1079/481 966/1456/584
f 1200/1457/319 1241/1436/427 1227/1435/733
f 1277/1458/740 1280/1459/740 1226/1460/740
f 956/995/518 950/1017/531 977/1198/625
f 994/690/366 998/821/432 983/1461/741
f 1004/924/424 1053/1462/742 1040/1395/718
f 1301/1463/434 1330/1464/674 1319/1465/709
f 958/1466/743 970/1467/743 984/1468/743
f 1213/1351/525 1232/1350/701 1224/1423/689
f 1310/1469/744 1325/1470/744 1297/1471/744
f 969/1079/481 960/1078/745 966/1456/584
f 976/1239/649 984/1472/746 968/1240/601
f 1031/1424/453 1229/1453/739 1038/1425/730
f 1223/1473/417 1227/1474/733 1228/1475/734
f 1299/819/435 1333/1156/604 1323/1476/747
f 969/1477/748 960/1478/749 965/1479/478
f 965/1479/478 960/1478/749 977/1480/579
f 948/1187/516 977/1481/625 960/1188/621
f 1299/1482/435 1323/1483/747 1319/1484/586
f 1135/925/719 1040/1395/718 1034/1485/348
f 1302/1317/544 1324/1486/750 1316/1318/682
f 950/1487/751 964/1488/751 978/1489/751
f 1331/1490/752 1338/1491/753 1280/1492/754
f 1210/1427/446 1224/1334/689 1232/1493/701
f 1210/1494/755 1234/1495/755 1229/1496/755
f 1019/1246/564 1035/1497/756 998/821/432
f 1297/1498/757 1325/1499/757 1334/1500/757
f 1016/1501/758 1033/1502/758 1230/1503/758
f 1019/1080/564 1029/1394/717 1035/1504/756
f 967/1132/479 979/1505/759 973/1325/685
f 1232/1506/760 1234/1507/760 1210/1508/760
f 1321/1398/720 1316/1397/682 1331/1509/761
f 1253/1510/484 1233/1511/762 1231/1512/666
f 1021/1329/656 1036/1513/763 1029/1394/717
f 1015/1446/515 1038/1444/730 1033/1514/764
f 1033/1515/765 1229/1516/765 1037/1517/765
f 1038/1518/766 1229/1519/766 1033/1520/766
f 950/1017/531 978/1521/767 977/1198/625
f 1021/1329/656 1014/1522/574 1036/1513/763
f 1232/1523/768 1016/1524/768 1234/1525/768
f 950/906/475 978/1121/583 992/1085/566
f 967/1132/479 980/1526/769 979/1505/759
f 1230/1527/770 1033/1528/771 1234/1529/771
f 981/1530/696 982/1531/772 951/803/422
f 1223/1473/417 1228/1475/734 1239/1532/773
f 981/1344/696 973/1325/685 982/1533/772
f 1253/921/484 1226/1451/738 1233/1534/762
f 773/1535/258 1039/1536/774 1044/1537/374
f 1230/1538/775 1234/1539/775 1016/1540/775
f 1280/1541/754 1338/1542/753 1226/1543/738
f 1231/1512/666 1233/1511/762 1235/1544/776
f 960/1545/777 992/1546/777 966/1547/777
f 1230/1548/778 1234/1549/779 1037/1550/779
f 1240/1551/780 1327/1552/780 1323/1553/780
f 630/1442/687 640/1441/736 632/1554/781
f 1034/1362/348 1040/1555/718 1043/1363/578
f 1319/1484/586 1323/1483/747 1327/1556/782
f 1323/1557/783 1339/1558/783 1326/1559/783
f 978/1236/583 970/1235/647 983/1560/741
f 1319/1374/709 1327/1561/784 1333/1156/604
f 1281/1562/785 1328/1563/786 1327/1564/787
f 977/1565/788 978/1566/788 964/1567/788
f 998/821/432 1035/1497/756 1045/1568/789
f 1329/1569/577 1328/1563/786 1281/1562/785
f 1281/1570/790 1327/1571/790 1330/1572/790
f 1324/1573/791 1331/1574/791 1316/1575/791
f 1330/1576/792 1327/1577/792 1331/1578/792
f 984/1579/793 970/1580/793 968/1581/793
f 1154/1582/794 777/1583/794 778/1584/794
f 1067/1585/437 1030/1586/725 690/1587/795
f 1297/782/413 1334/1588/796 1332/1589/797
f 1156/1230/617 1154/1229/644 782/1590/798
f 1319/1591/799 1330/1592/799 1327/1593/799
f 1323/1594/800 1333/1595/800 1327/1596/800
f 626/1013/528 630/1330/687 785/1597/801
f 1231/1311/666 1235/1598/776 1287/1599/802
f 1231/1311/666 1287/1599/802 1329/1111/577
f 1157/1600/803 1245/1601/803 1241/1602/803
f 1325/1241/650 1317/1331/688 1334/1603/796
f 1331/1490/752 1327/1604/804 1338/1491/753
f 1145/755/401 1156/1180/617 782/1605/798
f 1029/1394/717 1036/1513/763 1035/1504/756
f 1233/1534/762 1226/1451/738 1237/1606/805
f 779/1607/806 780/1608/806 781/1609/806
f 1235/1544/776 1233/1511/762 1236/1610/807
f 951/803/422 982/1531/772 985/1611/808
f 983/1612/741 966/1613/584 978/1614/583
f 1317/1331/688 1335/1615/471 1336/1616/809
f 1154/1617/644 778/1618/810 782/1619/798
f 1326/1620/811 1340/1621/812 1335/1622/471
f 633/1623/813 634/1624/814 630/1330/687
f 1297/782/413 1332/1589/797 1337/1625/815
f 635/1626/469 1067/1585/437 690/1587/795
f 967/913/479 966/1123/584 980/1627/769
f 973/1325/685 979/1505/759 982/1533/772
f 636/1628/816 637/1629/816 638/1630/816
f 977/1480/817 960/1478/818 992/1631/819
f 1317/1331/688 1336/1616/809 1334/1603/796
f 978/1121/583 966/1632/584 992/1085/566
f 1297/782/413 1337/1625/815 1240/1271/663
f 1327/1633/820 1240/1634/820 1338/1635/820
f 998/821/432 1045/1568/789 983/1461/741
f 626/1013/528 785/1597/801 776/1439/622
f 635/1636/469 690/1637/795 631/1638/735
f 1323/1639/821 1327/1564/822 1339/1640/823
f 1036/1513/763 1014/1522/574 1041/1641/824
f 1233/1511/762 1237/1642/805 1236/1610/807
f 1223/792/417 1239/1643/773 1218/1257/657
f 1035/1497/756 1042/1644/825 1045/1568/789
f 980/1526/769 987/1645/826 979/1505/759
f 1326/1620/811 1339/1646/827 1340/1621/812
f 941/907/384 992/1085/566 1014/1647/574
f 630/1330/687 634/1624/814 785/1597/801
f 1235/1544/776 1236/1610/807 1287/1648/802
f 1327/1564/787 1328/1563/786 1339/1640/827
f 1329/1569/577 1339/1640/827 1328/1563/786
f 1154/1649/828 1153/1189/444 777/1650/829
f 979/1505/759 987/1645/826 982/1533/772
f 951/803/422 985/1611/808 960/1029/539
f 966/1613/584 983/1612/741 980/1651/769
f 1043/1652/578 1040/1653/718 1048/1654/830
f 1226/1451/738 1238/1655/831 1237/1606/805
f 983/1656/741 1045/1657/789 980/1658/769
f 1036/1513/763 1041/1641/824 1035/1504/756
f 1228/1659/734 1241/1660/427 1239/1661/773
f 1014/1662/574 989/1663/832 1041/1664/824
f 1241/1660/427 1246/1665/833 1239/1661/773
f 1337/1625/815 1332/1589/797 1341/1666/834
f 1336/1616/809 1332/1667/797 1334/1603/796
f 1335/1668/471 1340/1669/812 1336/1616/809
f 778/1618/810 777/1670/829 782/1619/798
f 1041/1641/824 1042/1671/825 1035/1504/756
f 1338/1542/753 1240/1672/663 1226/1543/738
f 1287/1648/802 1236/1610/807 1329/1673/577
f 1043/1674/578 1048/1675/830 1030/1676/725
f 1237/1642/805 1238/1677/831 1236/1610/807
f 980/1658/769 986/1678/835 987/1679/826
f 1245/1680/836 886/1681/837 1241/1682/427
f 960/1029/539 985/1611/808 992/1683/566
f 1240/1672/663 1337/1684/815 1226/1543/738
f 1238/1655/831 1226/1451/738 1242/1685/838
f 1045/1657/789 1051/1686/839 980/1658/769
f 1332/1667/797 1336/1616/809 1341/1687/834
f 992/1688/566 989/1663/832 1014/1662/574
f 1030/1689/725 739/1690/840 690/1691/795
f 1241/1682/427 886/1681/837 1246/1692/833
f 1030/1676/725 1048/1675/830 739/1693/840
f 1329/1569/577 1243/1694/841 1339/1640/827
f 1236/1610/807 1243/1695/841 1329/1673/577
f 1236/1610/807 1238/1677/831 1243/1695/841
f 1145/1696/842 782/1697/842 784/1698/842
f 1119/1699/843 912/1700/843 863/1701/843
f 1048/1654/830 1040/1653/718 1053/1702/742
f 980/1658/769 1051/1686/839 1050/1703/844
f 630/1704/687 632/1554/781 633/1705/813
f 1339/1640/827 1243/1694/841 1342/1706/845
f 985/1611/808 988/1707/846 992/1683/566
f 776/1191/622 783/1708/847 1153/1189/444
f 992/1683/566 988/1707/846 989/1709/832
f 1004/1710/424 1044/1711/374 762/1712/848
f 985/1611/808 990/1713/849 988/1707/846
f 632/1554/781 640/1441/736 639/1714/850
f 982/1533/772 987/1645/826 985/1715/808
f 1243/1694/841 1343/1716/851 1342/1706/845
f 1336/1616/809 1340/1669/812 1341/1687/834
f 1041/1641/824 989/1717/832 1042/1671/825
f 986/1678/835 980/1658/769 1050/1703/844
f 985/1715/808 987/1645/826 986/1718/835
f 1243/1695/841 1238/1677/831 1242/1719/838
f 988/1707/846 990/1713/849 991/1720/852
f 989/1717/832 1045/1721/789 1042/1671/825
f 1044/1722/853 1039/1723/853 762/1724/853
f 1004/1710/424 762/1712/848 1053/1725/742
f 1153/1189/444 783/1708/847 777/1650/829
f 1053/1702/742 1046/1726/854 1048/1654/830
f 632/1554/781 639/1714/850 633/1705/813
f 1211/1727/855 863/1728/855 1134/1729/855
f 1339/1730/827 1341/1687/834 1340/1669/812
f 985/1715/808 986/1718/835 1050/1731/844
f 777/1670/829 784/1732/856 782/1619/798
f 1045/1721/789 1047/1733/857 1051/1734/839
f 1145/1735/858 1244/1736/858 1245/1737/858
f 1342/1738/845 1343/1739/851 1344/1740/859
f 1339/1730/827 1342/1738/845 1344/1740/859
f 990/1741/849 985/1715/808 1050/1731/844
f 1243/1695/841 1242/1719/838 1343/1742/851
f 1053/1743/742 762/1744/848 739/1745/860
f 1343/1742/851 1242/1719/838 1344/1746/859
f 739/1745/860 762/1744/848 750/1747/861
f 1048/1748/862 1049/1749/862 1046/1750/862
f 1341/1751/834 1344/1746/859 1337/1752/815
f 1341/1687/834 1339/1730/827 1344/1740/859
f 631/1638/735 690/1637/795 760/1753/863
f 989/1717/832 988/1754/846 1047/1733/857
f 989/1717/832 1047/1733/857 1045/1721/789
f 988/1755/846 991/1756/852 1047/1757/857
f 1246/1758/864 886/1759/864 1239/1760/864
f 631/1638/735 760/1753/863 640/1761/736
f 1239/1762/865 1247/1763/865 1246/1764/865
f 1242/1719/838 1226/1765/738 1344/1746/859
f 1239/1766/773 884/1767/866 1218/1768/657
f 1337/1752/815 1344/1746/859 1226/1765/738
f 991/1756/852 1050/1731/844 1047/1757/857
f 990/1741/849 1050/1731/844 991/1756/852
f 1047/1769/867 1050/1770/867 1051/1771/867
f 1218/1768/657 884/1767/866 912/1772/636
f 776/1191/622 785/1773/801 783/1708/847
f 1033/1528/771 849/1774/868 1234/1529/771
f 1247/1775/869 1246/1776/869 1248/1777/869
f 1245/1778/836 885/1779/870 886/1780/837
f 1239/1766/773 886/1781/837 884/1767/866
f 1145/1782/871 784/1732/856 787/1783/872
f 1033/1784/873 1037/1785/873 849/1786/873
f 1245/1778/836 1244/1787/874 885/1779/870
f 740/1788/875 741/1789/876 742/1790/877
f 893/1791/878 1252/1792/879 1249/1793/880
f 1249/1793/880 887/1794/881 893/1791/878
f 863/1795/882 1250/1796/882 887/1797/882
f 740/1788/875 742/1790/877 751/1798/883
f 754/1799/884 740/1788/875 751/1798/883
f 743/1800/885 742/1801/877 1039/1802/886
f 1249/1793/880 891/1803/887 887/1794/881
f 1249/1793/880 1252/1792/879 889/1804/888
f 754/1805/889 751/1806/889 753/1807/889
f 1249/1793/880 889/1804/888 891/1803/887
f 743/1808/885 751/1798/883 742/1790/877
f 1134/1809/890 1052/1810/891 1129/1811/892
f 1250/1812/893 1251/1813/893 887/1814/893
f 743/1815/894 1039/1816/894 751/1817/894
f 742/1818/877 741/1819/876 744/1820/895
f 1134/1821/896 863/1822/896 1052/1823/896
f 742/1818/877 744/1820/895 1039/1824/897
f 640/1441/736 760/1825/863 639/1714/850
f 1039/1802/898 742/1801/899 745/1826/900
f 887/1827/901 863/1828/901 891/1829/901
f 1039/1830/902 744/1831/902 751/1832/902
f 863/1833/903 887/1834/904 1251/1835/903
f 1250/1836/905 863/1833/903 1251/1835/903
f 1145/1782/871 787/1783/872 1244/1837/874
f 751/1838/906 744/1839/895 746/1840/907
f 741/1841/876 747/1842/908 744/1843/895
f 744/1843/895 747/1842/908 746/1844/907
f 739/1690/840 748/1845/909 690/1691/795
f 777/1650/829 783/1708/847 786/1846/910
f 754/1847/884 749/1848/911 740/1849/875
f 740/1849/875 749/1848/911 761/1850/912
f 1252/1851/913 890/1852/913 889/1853/913
f 751/1838/906 746/1840/907 752/1854/914
f 784/1732/856 777/1670/829 787/1783/872
f 893/1855/915 887/1856/915 888/1857/915
f 889/1858/888 890/1859/916 891/1860/887
f 739/1861/917 750/1862/917 748/1863/917
f 639/1714/850 641/1864/918 633/1705/813
f 773/1535/258 756/1865/919 1039/1536/774
f 751/1866/920 752/1867/920 753/1868/920
f 1252/1869/921 892/1870/921 890/1871/921
f 887/1872/922 891/1873/923 894/1874/924
f 633/1623/813 641/1875/918 634/1624/814
f 891/1860/887 890/1859/916 897/1876/925
f 893/1877/926 892/1878/926 1252/1879/926
f 1039/1880/774 756/1881/919 755/1882/927
f 639/1714/850 760/1825/863 641/1864/918
f 891/1873/887 897/1883/925 894/1874/924
f 787/1783/872 777/1670/829 786/1884/910
f 887/1885/928 894/1886/928 888/1887/928
f 886/1780/837 885/1779/870 884/1888/866
f 741/1889/876 740/1890/875 761/1891/912
f 741/1889/876 761/1891/912 747/1892/908
f 753/1893/929 749/1894/929 754/1895/929
f 893/1896/930 888/1897/930 892/1898/930
f 753/1899/931 752/1900/931 749/1901/931
f 1039/1902/774 755/1903/927 762/1904/932
f 773/1905/933 1129/1906/933 774/1907/933
f 863/1908/934 912/1909/934 915/1910/934
f 757/1911/935 755/1912/935 756/1913/935
f 895/1914/936 894/1915/936 915/1916/936
f 746/1917/937 757/1918/938 756/1919/939
f 1244/1787/874 787/1920/872 885/1779/870
f 895/1921/940 896/1922/940 894/1923/940
f 746/1917/941 756/1919/942 752/1924/943
f 894/1925/944 863/1926/944 915/1927/944
f 783/1708/847 643/1928/945 786/1929/910
f 757/1930/946 758/1931/946 755/1932/946
f 863/1933/947 897/1934/947 894/1935/947
f 1037/1550/779 1234/1549/779 873/1936/948
f 1129/1811/892 1052/1810/891 774/1937/949
f 757/1938/950 746/1939/950 758/1940/950
f 895/1941/951 915/1942/951 896/1943/951
f 897/1933/952 896/1944/952 863/1934/952
f 756/1945/953 758/1946/953 746/1947/954
f 690/1948/955 748/1949/955 760/1950/955
f 634/1951/814 641/1952/918 785/1953/801
f 894/1954/956 896/1955/956 888/1956/956
f 759/1957/957 747/1958/957 752/1959/957
f 773/1960/958 122/1961/958 756/1962/958
f 756/1945/953 755/1963/959 758/1946/953
f 748/1964/960 750/1965/960 760/1966/960
f 783/1708/847 785/1773/801 643/1928/945
f 896/1967/961 897/1968/925 898/1969/962
f 890/1970/916 898/1969/962 897/1968/925
f 911/1971/963 899/1972/963 917/1973/963
f 899/1974/964 920/1975/964 917/1976/964
f 771/1977/965 765/1978/965 772/1979/965
f 746/1980/907 747/1981/908 752/1982/966
f 890/1970/916 892/1983/967 898/1969/962
f 915/1984/968 863/1985/968 896/1986/968
f 756/1881/969 694/1987/970 755/1882/927
f 747/1981/908 761/1988/912 752/1982/971
f 899/1989/972 911/1990/972 920/1991/972
f 896/1967/961 898/1969/962 888/1992/973
f 761/1988/912 749/1993/911 752/1982/971
f 888/1992/973 898/1969/962 892/1983/967
f 885/1779/870 787/1920/872 884/1994/866
f 1052/1995/891 762/1996/974 774/1997/949
f 1052/1998/975 863/1999/975 912/2000/975
f 750/2001/976 646/2002/977 760/2003/863
f 1052/2004/891 912/2005/978 762/2006/974
f 785/1953/801 641/1952/918 642/2007/979
f 764/2008/980 765/2009/981 767/2010/982
f 900/2011/983 911/1972/984 899/1971/985
f 787/2012/872 786/2013/910 790/2014/986
f 764/2008/980 767/2010/982 768/2015/987
f 900/2011/983 899/1971/985 906/2016/988
f 899/2017/989 903/2018/989 906/2019/989
f 786/2013/910 643/2020/945 790/2014/986
f 899/2021/990 902/2022/990 903/2023/990
f 768/2024/987 763/2025/991 764/2026/980
f 899/2027/992 911/2028/993 902/2029/994
f 643/2030/945 785/1953/801 642/2007/979
f 900/2011/983 906/2016/988 905/2031/995
f 641/1952/918 760/2032/863 645/2033/996
f 643/2020/945 791/2034/997 790/2014/986
f 884/2035/866 787/2036/872 788/2037/998
f 750/2001/976 769/2038/999 646/2002/977
f 642/2007/979 641/1952/918 645/2033/996
f 790/2014/986 788/2039/998 787/2012/872
f 765/2040/1000 766/2041/1000 767/2042/1000
f 884/2035/866 788/2037/998 901/2043/1001
f 768/2044/1002 767/2045/1002 177/2046/1002
f 763/2025/991 768/2024/987 708/2047/1003
f 791/2034/997 643/2020/945 789/2048/1004
f 760/2032/863 646/2049/977 645/2033/996
f 884/2050/1005 901/2051/1005 912/2052/1005
f 755/1903/927 694/2053/970 762/1904/932
f 646/2054/977 769/2055/1006 696/2056/1007
f 763/2057/991 708/2058/1003 723/2059/1008
f 768/2060/1009 177/2061/1009 708/2062/1009
f 750/2063/1010 762/2064/1010 769/2065/1010
f 644/2066/1011 645/2067/996 646/2068/977
f 762/2069/1012 691/2070/1012 769/2071/1012
f 762/2006/974 912/2005/978 691/2072/1013
f 790/2073/986 841/2074/1014 788/2075/998
f 912/2005/978 901/2076/1015 691/2072/1013
f 911/2077/984 900/2078/983 921/2079/1016
f 791/2080/1017 841/2074/1014 790/2073/986
f 643/2020/945 642/2081/979 789/2048/1004
f 645/2033/996 789/2082/1004 642/2007/979
f 789/2083/1018 841/2084/1018 791/2085/1018
f 843/2086/1019 844/2087/1019 845/2088/1019
f 647/2089/1020 792/2090/1020 650/2091/1020
f 647/2092/1021 650/2093/1022 660/2094/1023
f 695/2095/1024 648/2096/1025 644/2066/1011
f 846/2097/1026 848/2098/1027 693/2099/1028
f 646/2002/1029 769/2038/1030 692/2100/1031
f 696/2101/1007 769/2102/1006 691/2103/1032
f 851/2104/1033 843/2105/1034 847/2106/1035
f 794/2107/1036 796/2108/1036 907/2109/1036
f 649/2110/1037 650/2111/1037 804/2112/1037
f 905/2031/995 921/2113/1016 900/2011/983
f 650/2093/1022 662/2114/1038 660/2094/1023
f 843/2105/1034 845/2115/1039 847/2106/1035
f 848/2098/1040 847/2116/1041 693/2099/1042
f 791/2080/1043 790/2073/1044 793/2117/1045
f 794/2118/1046 795/2119/1046 796/2120/1046
f 902/2121/1047 904/2122/1048 903/2123/1049
f 906/2124/988 904/2125/1048 905/2126/995
f 648/2096/1025 789/2127/1004 645/2067/996
f 644/2066/1011 646/2068/977 695/2095/1024
f 691/2103/1032 220/2128/1050 696/2101/1007
f 794/2129/1051 907/2130/1052 841/2131/1014
f 797/2132/1053 798/2133/1054 802/2134/1055
f 648/2096/1025 645/2067/996 644/2066/1011
f 695/2135/1024 652/2136/1056 648/2137/1025
f 650/2138/1057 792/2139/1058 799/2140/1059
f 907/2141/1052 788/2075/998 841/2074/1014
f 794/2129/1051 841/2131/1014 789/2142/1060
f 653/2143/1061 662/2144/1061 654/2145/1061
f 843/2146/1062 851/2147/1062 845/2148/1062
f 706/2149/1063 762/1904/932 694/2053/1064
f 660/2150/1065 806/2151/1065 647/2152/1065
f 789/2153/1066 795/2154/1066 794/2155/1066
f 906/2156/988 903/2123/1049 904/2122/1048
f 907/2157/1067 852/2158/1068 901/2159/1069
f 695/2160/1024 646/2054/977 696/2056/1007
f 650/2161/1070 799/2162/1070 804/2163/1070
f 691/2164/1071 901/2165/1071 882/2166/1071
f 907/2167/1072 901/2168/1072 788/2169/1072
f 907/2157/1067 796/2170/1073 852/2158/1068
f 691/2171/1074 882/2172/1074 220/2173/1074
f 846/2174/1075 883/2175/1075 693/2176/1075
f 901/2177/1076 852/2178/1076 882/2179/1076
f 650/2180/1077 662/2181/1077 651/2182/1077
f 848/2183/1078 850/2184/1078 847/2185/1078
f 792/2186/1058 809/2187/1079 803/2188/1080
f 789/2189/1081 648/2190/1081 795/2191/1081
f 647/2192/1082 809/2193/1079 792/2194/1058
f 763/2195/991 765/2196/981 764/2197/980
f 850/2198/1083 853/2199/1084 693/2200/1042
f 648/2201/1085 655/2202/1085 795/2203/1085
f 653/2204/1086 651/2205/1086 662/2206/1086
f 848/2207/1087 693/2208/1087 853/2209/1087
f 804/2210/1088 805/2211/1088 800/2212/1088
f 695/2213/1089 697/2214/1089 652/2215/1089
f 756/2216/1090 122/2217/1090 694/2218/1090
f 695/2219/1024 696/2220/1007 701/2221/1091
f 695/2219/1024 701/2221/1091 697/2222/1092
f 648/2137/1025 652/2136/1056 655/2223/1093
f 653/2224/1094 654/2225/1094 651/2226/1094
f 1234/2227/1095 849/2228/1095 873/2229/1095
f 845/2230/1096 851/2231/1033 848/2232/1097
f 220/2233/1050 203/2234/1098 696/2235/1007
f 847/2236/1041 850/2198/1083 693/2200/1042
f 792/2139/1058 803/2237/1080 799/2140/1059
f 662/2182/1099 651/2181/1099 654/2238/1099
f 848/2239/1100 850/2240/1101 853/2241/1102
f 848/2242/1097 883/2243/1103 882/2244/1104
f 883/2245/1103 848/2239/1097 853/2241/1105
f 654/2246/1106 805/2247/1106 651/2248/1106
f 698/2249/1107 203/2234/1098 883/2250/1103
f 796/2251/1108 795/2252/1109 801/2253/1110
f 848/2239/1097 851/2254/1033 850/2240/1111
f 802/2134/1112 798/2133/1113 799/2255/1114
f 809/2193/1079 647/2192/1082 659/2256/1115
f 851/2254/1033 847/2257/1035 850/2240/1111
f 220/2233/1116 883/2250/1103 203/2234/1098
f 663/2258/1117 660/2259/1117 662/2260/1117
f 799/2261/1118 800/2262/1118 804/2263/1118
f 652/2264/1056 697/2265/1119 657/2266/1120
f 652/2264/1056 800/2267/1121 655/2268/1093
f 795/2269/1109 656/2270/1122 800/2271/1121
f 795/2272/1109 655/2268/1093 656/2273/1122
f 845/2274/1096 848/2242/1097 852/2275/1123
f 848/2242/1097 882/2244/1104 852/2275/1123
f 708/2058/1124 694/2276/1125 723/2059/1126
f 802/2277/1127 799/2278/1127 803/2279/1127
f 694/2280/1128 708/2281/1128 770/2282/1128
f 796/2170/1073 908/2283/1129 852/2158/1068
f 698/2249/1107 696/2235/1007 203/2234/1098
f 904/2122/1048 902/2121/1047 925/2284/1130
f 661/2285/1131 657/2286/1131 697/2287/1131
f 656/2273/1122 655/2268/1093 800/2267/1121
f 921/2079/1016 910/2288/1132 911/2077/984
f 799/2289/1114 798/2290/1113 800/2271/1121
f 882/2244/1104 883/2243/1103 220/2291/1116
f 649/2292/1133 651/2293/1133 650/2294/1133
f 800/2271/1121 798/2290/1113 795/2269/1109
f 658/2295/1134 662/2296/1135 651/2297/1136
f 798/2298/1113 802/2299/1137 803/2300/1080
f 699/2301/1138 697/2302/1138 701/2303/1138
f 701/2304/1139 696/2305/1139 698/2306/1139
f 852/2307/1140 908/2308/1140 845/2309/1140
f 806/2310/1141 659/2311/1141 647/2312/1141
f 800/2267/1121 652/2264/1056 651/2297/1142
f 845/2115/1039 854/2313/1143 847/2106/1035
f 804/2314/1144 805/2315/1144 649/2316/1144
f 658/2295/1134 651/2297/1142 652/2264/1056
f 657/2266/1120 658/2295/1134 652/2264/1056
f 657/2317/1145 661/2318/1146 663/2319/1146
f 915/1926/1147 904/2320/1147 863/1927/1147
f 660/2321/1148 663/2319/1146 661/2318/1146
f 806/2322/1149 660/2323/1149 661/2324/1149
f 699/2325/1150 661/2326/1150 697/2327/1150
f 806/2328/1151 809/2329/1079 659/2330/1115
f 509/2331/1152 874/2332/1152 882/2333/1152
f 883/2250/1103 707/2334/1153 700/2335/1154
f 698/2249/1107 883/2250/1103 700/2335/1154
f 805/2212/1155 800/2211/1155 651/2336/1155
f 699/2337/1156 701/2338/1156 661/2339/1156
f 700/2340/1154 701/2341/1157 698/2342/1107
f 723/2343/1158 694/2344/1158 122/2345/1158
f 694/2346/1159 770/2347/1159 723/2348/1159
f 658/2295/1134 657/2266/1120 662/2296/1135
f 649/2349/1160 805/2248/1160 651/2247/1160
f 661/2350/1161 809/2351/1161 806/2352/1161
f 873/2353/1162 849/2354/1162 1037/2355/1162
f 847/2356/1163 854/2357/1163 850/2358/1163
f 845/2359/1164 908/2360/1164 854/2361/1164
f 803/2300/1080 801/2362/1110 798/2298/1113
f 863/2363/1165 904/2364/1165 925/2365/1165
f 723/2366/1166 706/2367/1166 694/2368/1166
f 855/2369/1167 909/2370/1168 882/2371/1169
f 701/2372/1170 203/2373/1170 705/2374/1170
f 904/2375/1171 915/2376/1171 925/2377/1171
f 762/1996/974 726/2378/1172 774/1997/949
f 795/2269/1109 798/2290/1113 801/2379/1110
f 883/2250/1103 853/2380/1105 707/2334/1153
f 203/2381/1173 701/2382/1173 702/2383/1173
f 801/2253/1110 808/2384/1174 796/2251/1108
f 855/2385/1175 882/2386/1175 864/2387/1175
f 662/2388/1176 657/2389/1176 663/2390/1176
f 811/2391/1177 807/2392/1178 914/2393/1179
f 664/2394/1180 705/2395/1180 704/2396/1180
f 850/2240/1181 854/2397/1182 853/2241/1183
f 664/2398/1184 667/2399/1184 665/2400/1184
f 803/2401/1080 808/2402/1185 801/2403/1110
f 808/2404/1186 810/2405/1186 796/2406/1186
f 664/2407/1187 704/2408/1187 703/2409/1187
f 911/2410/1188 910/2411/1189 920/2412/1190
f 803/2401/1080 809/2413/1079 808/2402/1185
f 925/2414/1191 915/1985/1191 863/1984/1191
f 796/2415/1192 810/2416/1192 908/2417/1192
f 672/2418/1193 665/2419/1194 666/2420/1195
f 220/2421/1196 203/2422/1196 738/2423/1196
f 925/2375/1197 904/2377/1197 874/2424/1197
f 716/2425/1198 704/2426/1198 705/2427/1198
f 723/2428/1199 770/2429/1199 708/2430/1199
f 910/2431/1200 911/2432/1201 499/2433/1202
f 912/2434/1203 874/2435/1203 915/2436/1203
f 809/2437/1079 801/2438/1204 808/2439/1185
f 811/2391/1177 821/2440/1205 807/2392/1178
f 700/2340/1154 707/2441/1153 701/2341/1157
f 707/2442/1206 702/2443/1206 701/2444/1206
f 808/2439/1207 801/2438/1204 810/2445/1208
f 661/2446/1209 665/2447/1194 809/2448/1079
f 908/2449/1210 810/2450/1208 913/2451/1211
f 853/2452/1212 864/2453/1212 707/2454/1212
f 801/2438/1204 811/2455/1177 914/2456/1179
f 723/2457/1213 122/2458/1213 706/2459/1213
f 809/2448/1079 665/2447/1194 672/2460/1193
f 864/2461/1214 853/2462/1183 854/2463/1182
f 812/2464/1215 811/2455/1177 801/2438/1204
f 809/2448/1079 672/2460/1193 813/2465/1216
f 908/2449/1210 913/2451/1211 855/2369/1167
f 705/2466/1217 664/2467/1218 665/2468/1194
f 661/2446/1209 701/2469/1219 665/2447/1194
f 813/2470/1216 812/2464/1215 801/2438/1204
f 707/2471/1220 864/2472/1220 702/2473/1220
f 705/2466/1217 665/2468/1194 701/2474/1219
f 801/2438/1204 913/2475/1211 810/2445/1208
f 801/2438/1204 914/2456/1179 913/2475/1211
f 908/2449/1210 855/2369/1167 854/2476/1182
f 854/2463/1182 855/2477/1167 864/2461/1214
f 809/2437/1079 813/2470/1216 801/2438/1204
f 913/2451/1211 909/2370/1168 855/2369/1167
f 812/2478/1215 813/2479/1216 678/2480/1221
f 863/2481/1222 538/2482/1222 912/2483/1222
f 774/2484/1223 726/2485/1223 176/2486/1223
f 708/2487/1224 177/2488/1225 181/2489/1226
f 665/2419/1194 703/2490/1227 666/2420/1195
f 914/2491/1228 822/2492/1228 918/2493/1228
f 811/2494/1177 812/2478/1215 821/2495/1205
f 771/2496/1229 772/2497/1229 174/2498/1229
f 771/2499/1230 174/2500/1230 175/2501/1230
f 914/2502/1231 918/2503/1231 913/2504/1231
f 665/2419/1194 667/2505/1232 703/2490/1227
f 856/2506/1233 857/2507/1233 864/2508/1233
f 817/2509/1234 825/2510/1235 814/2511/1236
f 711/2512/1237 669/2513/1237 198/2514/1237
f 710/2515/1238 668/2516/1239 676/2517/1240
f 669/2518/1241 711/2519/1242 670/2520/1243
f 814/2511/1236 818/2521/1244 815/2522/1245
f 711/2519/1242 710/2515/1246 676/2517/1247
f 721/2523/1248 709/2524/1249 710/2525/1246
f 711/2526/1242 712/2527/1250 710/2525/1246
f 818/2521/1244 814/2511/1236 825/2510/1235
f 711/2519/1242 671/2528/1251 670/2520/1243
f 721/2523/1248 712/2527/1250 215/2529/1252
f 711/2526/1242 669/2530/1253 712/2527/1250
f 721/2523/1248 710/2525/1246 712/2527/1250
f 815/2531/1254 818/2532/1254 836/2533/1254
f 836/2534/1255 924/2535/1255 815/2536/1255
f 842/2537/1256 668/2538/1257 825/2510/1258
f 816/2539/1259 676/2517/1247 842/2540/1256
f 825/2510/1258 817/2509/1234 842/2537/1256
f 668/2516/1257 842/2540/1256 676/2517/1247
f 817/2509/1234 814/2511/1236 842/2537/1256
f 676/2517/1247 816/2539/1259 711/2519/1242
f 671/2528/1251 711/2519/1242 816/2539/1259
f 815/2541/1260 840/2542/1261 814/2543/1262
f 664/2544/1263 703/2545/1263 667/2546/1263
f 672/2547/1193 666/2548/1195 673/2549/1264
f 815/2550/1260 487/2551/1265 840/2552/1261
f 672/2547/1193 673/2549/1264 813/2553/1216
f 538/2554/1266 859/2555/1266 858/2556/1266
f 814/2511/1236 807/2557/1178 842/2537/1256
f 825/2510/1258 668/2538/1257 828/2558/1267
f 816/2559/1259 673/2560/1264 666/2561/1195
f 816/2559/1259 666/2561/1195 671/2562/1251
f 669/2563/1241 670/2564/1243 703/2565/1227
f 842/2566/1256 678/2567/1221 816/2568/1259
f 842/2537/1256 807/2557/1178 821/2569/1205
f 765/2570/1268 193/2571/1268 772/2572/1268
f 711/2573/1269 198/2574/1270 674/2575/1271
f 710/2576/1272 674/2575/1271 204/2577/1273
f 863/2578/1274 915/2579/1274 535/2580/1274
f 772/2581/1275 193/2582/1275 174/2583/1275
f 818/2584/1244 825/2585/1235 817/2586/1276
f 812/2478/1215 678/2480/1221 821/2495/1205
f 857/2587/1277 864/2588/1277 702/2589/1277
f 487/2551/1265 815/2550/1260 924/2590/1278
f 818/2584/1244 830/2591/1279 533/2592/1280
f 909/2593/1168 916/2594/1281 880/2595/1282
f 813/2553/1216 673/2549/1264 678/2596/1221
f 204/2577/1273 674/2575/1271 198/2574/1270
f 713/2597/1283 733/2598/1283 726/2599/1283
f 840/2542/1284 818/2600/1244 533/2601/1280
f 840/2542/1261 533/2601/1285 814/2543/1262
f 913/2602/1211 918/2603/1286 916/2604/1281
f 710/2605/1272 204/2606/1273 675/2607/1287
f 817/2586/1276 825/2585/1288 837/2608/1289
f 668/2609/1257 676/2610/1290 682/2611/1291
f 817/2586/1276 830/2591/1279 818/2584/1244
f 671/2612/1251 666/2613/1195 670/2564/1243
f 675/2607/1287 676/2610/1290 710/2605/1272
f 817/2586/1276 837/2608/1289 830/2591/1279
f 710/2614/1292 677/2615/1292 674/2616/1292
f 840/2617/1284 819/2618/1293 818/2619/1244
f 682/2611/1291 683/2620/1294 668/2609/1257
f 676/2610/1290 675/2607/1287 682/2611/1291
f 830/2591/1279 837/2608/1289 820/2621/1295
f 842/2566/1256 821/2622/1205 678/2567/1221
f 815/2522/1296 807/2557/1178 814/2511/1236
f 925/2284/1130 494/2623/1297 904/2122/1048
f 816/2559/1259 678/2624/1221 673/2560/1264
f 669/2625/1298 703/2626/1298 720/2627/1298
f 858/2628/1299 867/2629/1299 538/2630/1299
f 714/2631/1300 861/2632/1301 668/2633/1257
f 861/2634/1301 714/2635/1300 717/2636/1302
f 717/2636/1302 860/2637/1303 861/2634/1301
f 828/2638/1267 668/2633/1257 861/2632/1301
f 677/2639/1304 710/2640/1246 724/2641/1305
f 220/2642/1306 738/2643/1307 715/2644/1308
f 702/2645/1309 864/2646/1309 865/2647/1309
f 203/2648/1310 727/2649/1311 705/2650/1312
f 715/2651/1308 734/2652/1313 220/2653/1306
f 882/2654/1169 909/2593/1168 880/2595/1282
f 909/2655/1168 913/2602/1211 916/2604/1281
f 827/2656/1314 825/2657/1314 828/2658/1314
f 705/2650/1312 727/2649/1311 716/2659/1315
f 921/2079/1016 497/2660/1316 910/2288/1132
f 822/2661/1317 914/2393/1179 807/2392/1178
f 873/2662/1318 849/2663/1319 872/2664/1319
f 702/2665/1320 865/2666/1320 203/2667/1320
f 820/2668/1321 823/2669/1321 830/2670/1321
f 670/2564/1243 666/2613/1195 703/2565/1227
f 204/2606/1273 679/2671/1322 675/2607/1287
f 203/2672/1323 865/2673/1324 738/2674/1325
f 827/2675/1326 824/2676/1326 825/2677/1326
f 837/2678/1327 825/2679/1327 826/2680/1327
f 773/2681/1328 774/2682/1328 122/2683/1328
f 917/2684/1329 511/2685/1330 911/2686/1331
f 860/2687/1303 717/2688/1302 718/2689/1332
f 867/2690/1333 858/2691/1334 859/2692/1335
f 915/2693/1336 912/2694/1336 535/2695/1336
f 709/2696/1249 724/2641/1305 710/2640/1246
f 860/2697/1303 870/2698/1337 861/2699/1301
f 849/2663/1338 873/2662/1339 868/2700/1340
f 767/2701/1341 766/2702/1341 775/2703/1341
f 822/2661/1317 807/2392/1178 918/2704/1342
f 716/2705/1315 719/2706/1343 720/2707/1344
f 918/2708/1286 880/2709/1282 916/2710/1281
f 880/2709/1282 918/2708/1286 919/2711/1345
f 716/2705/1315 727/2712/1311 719/2706/1343
f 827/2713/1346 828/2714/1346 833/2715/1346
f 820/2716/1347 837/2717/1347 829/2718/1347
f 864/2719/1348 862/2720/1348 865/2721/1348
f 704/2722/1349 716/2723/1315 720/2724/1344
f 717/2725/1302 684/2726/1350 718/2727/1332
f 815/2728/1351 918/2729/1351 807/2730/1351
f 720/2724/1344 703/2731/1352 704/2722/1349
f 771/2732/1353 193/2733/1353 765/2734/1353
f 863/2735/1354 535/2736/1354 493/2737/1354
f 819/2618/1293 836/2738/1355 818/2619/1244
f 717/2725/1302 714/2739/1300 684/2726/1350
f 714/2740/1300 668/2741/1257 684/2742/1350
f 675/2743/1356 681/2744/1356 682/2745/1356
f 668/2746/1257 683/2747/1294 680/2748/1357
f 830/2749/1279 823/2750/1358 533/2751/1280
f 910/2411/1189 499/2752/1359 920/2412/1190
f 825/2753/1360 835/2754/1360 826/2755/1360
f 864/2756/1361 875/2757/1362 862/2758/1363
f 827/2759/1364 833/2760/1364 824/2761/1364
f 675/2762/1365 679/2763/1365 681/2764/1365
f 682/2765/1366 686/2766/1366 683/2767/1366
f 865/2768/1367 877/2769/1368 725/2770/1369
f 825/2771/1370 824/2772/1370 835/2773/1370
f 828/2774/1371 861/2775/1371 833/2776/1371
f 918/2777/1372 490/2778/1372 919/2779/1372
f 860/2687/1303 718/2689/1332 870/2780/1337
f 861/2781/1373 831/2782/1373 833/2783/1373
f 905/2784/995 495/2785/1374 496/2786/1375
f 684/2742/1350 668/2741/1257 680/2787/1357
f 865/2788/1367 862/2789/1376 877/2790/1368
f 820/2791/1377 829/2792/1377 823/2793/1377
f 683/2747/1294 686/2794/1378 680/2748/1357
f 902/2029/1047 911/2028/993 923/2795/1379
f 721/2796/1380 724/2797/1380 709/2798/1380
f 872/2799/1381 849/2800/1381 217/2801/1381
f 193/2802/1382 771/2803/1382 174/2804/1382
f 840/2805/1284 533/2751/1280 819/2806/1293
f 682/2807/1383 681/2808/1383 686/2809/1383
f 866/2810/1384 859/2811/1384 867/2812/1384
f 917/2684/1329 920/2813/1385 511/2685/1330
f 515/2814/1386 718/2815/1332 722/2816/1387
f 515/2817/1386 514/2818/1388 870/2819/1337
f 533/2751/1280 823/2750/1358 819/2806/1293
f 873/2820/1389 869/2821/1389 868/2822/1389
f 688/2823/1390 684/2824/1390 680/2825/1390
f 832/2826/1391 823/2827/1392 839/2828/1393
f 514/2818/1388 836/2829/1355 835/2830/1394
f 849/2831/1395 868/2832/1395 869/2833/1395
f 204/2834/1396 677/2835/1304 684/2836/1350
f 833/2837/1397 834/2838/1398 835/2839/1394
f 515/2814/1386 870/2840/1337 718/2815/1332
f 686/2841/1399 679/2842/1399 685/2843/1399
f 684/2844/1350 677/2845/1304 724/2846/1305
f 832/2847/1400 835/2848/1400 823/2849/1400
f 824/2850/1401 833/2837/1397 835/2839/1394
f 680/2851/1357 686/2852/1378 689/2853/1402
f 836/2854/1355 819/2855/1293 835/2856/1394
f 724/2846/1305 722/2816/1387 718/2815/1332
f 514/2818/1388 835/2830/1394 834/2857/1398
f 681/2858/1403 679/2859/1403 686/2860/1403
f 688/2861/1404 685/2862/1405 679/2863/1406
f 826/2864/1407 839/2865/1407 823/2866/1407
f 724/2846/1305 718/2815/1332 684/2844/1350
f 669/2867/1408 711/2868/1408 687/2869/1408
f 726/2870/1409 224/2871/1409 176/2872/1409
f 688/2873/1410 680/2874/1410 689/2875/1410
f 688/2861/1404 689/2853/1402 685/2862/1405
f 688/2876/1411 679/2877/1411 684/2878/1411
f 861/2879/1412 870/2880/1412 831/2881/1412
f 819/2855/1293 823/2882/1358 835/2856/1394
f 829/2883/1413 837/2884/1413 823/2885/1413
f 921/2886/1016 905/2784/995 496/2786/1375
f 838/2887/1414 826/2888/1415 835/2889/1416
f 838/2887/1414 835/2889/1416 832/2826/1391
f 514/2818/1388 871/2890/1417 870/2819/1337
f 837/2891/1418 826/2892/1418 823/2893/1418
f 833/2894/1419 831/2895/1419 870/2896/1419
f 838/2897/1420 839/2898/1420 826/2899/1420
f 679/2900/1421 204/2901/1421 684/2902/1421
f 833/2903/1397 870/2819/1337 871/2890/1417
f 686/2852/1378 685/2862/1405 689/2853/1402
f 763/2904/991 723/2905/1008 735/2906/1422
f 832/2826/1391 839/2828/1393 838/2887/1414
f 763/2195/991 187/2907/1423 765/2196/981
f 215/2908/1424 724/2909/1424 721/2910/1424
f 723/2911/1008 708/2912/1224 735/2913/1422
f 833/2837/1397 871/2914/1417 834/2838/1398
f 882/2915/1425 875/2916/1425 864/2917/1425
f 514/2818/1388 834/2857/1398 871/2890/1417
f 921/2918/1426 496/2919/1426 497/2920/1426
f 872/2921/1427 217/2922/1427 873/2923/1427
f 720/2924/1428 200/2925/1428 669/2926/1428
f 487/2927/1265 489/2928/1429 840/2929/1261
f 874/2930/1430 509/2931/1430 875/2932/1430
f 874/2933/1431 875/2934/1431 882/2935/1431
f 538/2936/1432 863/2937/1432 493/2938/1432
f 766/2939/1433 765/2940/1433 775/2941/1433
f 669/2942/1434 200/2943/1434 198/2944/1434
f 677/2945/1435 204/2946/1435 687/2947/1435
f 677/2948/1436 687/2949/1436 674/2950/1436
f 713/2951/1437 726/2952/1437 178/2953/1437
f 904/2125/1048 495/2954/1374 905/2126/995
f 862/2758/1363 875/2757/1362 877/2955/1438
f 867/2690/1439 859/2692/1440 876/2956/1441
f 925/2284/1130 902/2121/1047 494/2623/1297
f 849/2957/1442 869/2958/1442 217/2959/1442
f 865/2673/1324 725/2960/1443 738/2674/1325
f 765/2961/981 187/2962/1423 193/2963/1444
f 911/2964/1445 499/2965/1445 922/2966/1445
f 859/2967/1446 486/2968/1446 876/2969/1446
f 904/2125/1048 494/2970/1297 495/2954/1374
f 910/2288/1132 497/2660/1316 499/2971/1447
f 674/2972/1448 687/2973/1448 711/2974/1448
f 763/2904/991 735/2906/1422 182/2975/1449
f 767/2976/1450 730/2977/1450 177/2978/1450
f 875/2979/1451 738/2980/1451 877/2981/1451
f 738/2982/1325 725/2983/1443 877/2984/1452
f 814/2985/1453 529/2986/1454 815/2987/1455
f 836/2988/1456 492/2989/1456 924/2990/1456
f 762/2991/1457 224/2992/1457 726/2993/1457
f 919/2994/1458 881/2995/1458 880/2996/1458
f 487/2997/1265 488/2998/1459 489/2999/1429
f 719/3000/1460 191/3001/1460 720/3002/1460
f 923/3003/1379 494/2623/1297 902/2121/1047
f 919/3004/1461 490/3005/1462 881/3006/1463
f 765/2961/1464 193/2963/1465 775/3007/1466
f 738/3008/1467 875/3009/1468 878/3010/1469
f 875/3009/1468 731/3011/1470 878/3010/1469
f 918/3012/1471 815/3013/1471 490/3014/1471
f 912/3015/1472 538/3016/1472 362/3017/1472
f 217/3018/1473 869/3019/1473 208/3020/1473
f 729/3021/1474 177/3022/1474 730/3023/1474
f 911/2028/993 922/3024/1475 923/2795/1379
f 713/3025/1476 178/3026/1477 184/3027/1478
f 726/3028/1479 224/3029/1479 178/3030/1479
f 719/3031/1480 727/3032/1480 191/3033/1480
f 920/3034/1481 491/3035/1481 511/3036/1481
f 706/3037/1482 728/3038/1482 220/3039/1482
f 729/3040/1483 181/2489/1226 177/2488/1225
f 708/2912/1224 181/3041/1226 735/2913/1422
f 815/2987/1455 529/2986/1454 504/3042/1484
f 840/2929/1261 489/2928/1429 533/3043/1485
f 767/3044/1486 775/3045/1486 730/3046/1486
f 920/2412/1190 499/2752/1487 491/3047/1488
f 687/3048/1489 179/3049/1490 669/3050/1491
f 509/2932/1492 875/2931/1492 731/3051/1492
f 715/3052/1493 878/3053/1493 738/3054/1493
f 875/3055/1494 738/3056/1494 731/3057/1494
f 731/3058/1495 738/3059/1495 878/3060/1495
f 669/3061/1496 732/3062/1496 712/3063/1496
f 712/3064/1497 223/3065/1497 215/3066/1497
f 733/3067/1498 713/3068/1498 184/3069/1498
f 487/3070/1499 924/3071/1499 492/3072/1499
f 487/2997/1265 492/3073/1500 488/2998/1459
f 122/3074/1501 774/3075/1501 176/3076/1501
f 738/2643/1502 734/3077/1313 715/2644/1308
f 738/3078/1503 875/3079/1503 879/3080/1503
f 875/3081/1504 500/3082/1504 879/3083/1504
f 763/3084/1505 182/3085/1505 187/3086/1505
f 500/3087/1506 501/3088/1507 879/3089/1508
f 180/3090/1509 200/3091/1510 720/3092/1511
f 734/3093/1313 738/3094/1502 220/3095/1512
f 867/3096/1513 876/3097/1513 538/3098/1513
f 728/3099/1514 706/3100/1514 735/3101/1514
f 836/3102/1515 319/3103/1516 492/3104/1517
f 181/3105/1518 734/3106/1518 735/3107/1518
f 720/3108/1519 191/3109/1519 180/3110/1519
f 181/3111/1520 729/3112/1520 186/3113/1520
f 198/3114/1270 194/3115/1521 204/3116/1273
f 493/3117/1522 535/3118/1522 923/3119/1522
f 712/3120/1523 732/3121/1523 223/3122/1523
f 734/2652/1524 181/3123/1525 220/2653/1526
f 859/3124/1527 538/3125/1527 486/3126/1527
f 735/3127/1528 734/3093/1529 220/3095/1530
f 923/3128/1531 535/3129/1531 494/3130/1531
f 224/3131/1532 726/3132/1532 736/3133/1532
f 879/3134/1533 501/3135/1533 185/3136/1533
f 726/3137/1534 733/3138/1534 736/3139/1534
f 181/2913/1535 735/3041/1535 220/3140/1535
f 911/2432/1331 511/3141/1536 499/2433/1537
f 224/3142/1538 736/3143/1538 178/3144/1538
f 494/3145/1297 502/3146/1539 495/3147/1374
f 509/3148/1540 912/3149/1540 535/3150/1540
f 495/3151/1374 507/3152/1541 496/3153/1375
f 496/3154/1542 507/3155/1542 497/3156/1542
f 182/3157/1543 183/3158/1543 187/3159/1543
f 923/3160/1544 922/3161/1544 506/3162/1544
f 494/3163/1297 923/3164/1545 498/3165/1546
f 182/3166/1547 735/3167/1547 183/3168/1547
f 738/2642/1548 190/3169/1548 220/2643/1548
f 922/3170/1549 499/3171/1549 506/3172/1549
f 735/3173/1550 181/3174/1551 183/3175/1552
f 733/3176/1553 184/3177/1553 736/3178/1553
f 507/3179/1554 499/3180/1554 497/3181/1554
f 500/3182/1506 875/3183/1555 501/3184/1507
f 494/3163/1297 498/3165/1546 505/3185/1556
f 511/3186/1557 503/3187/1557 499/3188/1557
f 495/3151/1374 502/3189/1539 507/3152/1541
f 499/3190/1558 503/3191/1558 491/3192/1558
f 879/3193/1559 185/3194/1560 738/3195/1561
f 727/2649/1311 203/2648/1310 206/3196/1562
f 815/3197/1455 504/3198/1484 490/3199/1462
f 494/3145/1297 505/3200/1556 502/3146/1539
f 923/3201/1563 506/3202/1563 498/3203/1563
f 179/3049/1490 223/3204/1564 669/3050/1491
f 181/3174/1551 186/3205/1565 183/3175/1552
f 538/3206/1566 493/3207/1566 362/3208/1566
f 727/3209/1567 206/3210/1567 191/3211/1567
f 183/3212/1552 186/3213/1565 187/3214/1423
f 498/3215/1546 506/3216/1568 505/3217/1556
f 775/3218/1569 193/3219/1569 730/3220/1569
f 188/3221/1570 180/3222/1570 191/3223/1570
f 762/3224/1571 220/3225/1571 189/3226/1571
f 507/3227/1541 506/3216/1568 499/3228/1572
f 185/3194/1560 190/3229/1573 738/3195/1561
f 729/3230/1574 730/3231/1575 186/3213/1565
f 191/3232/1576 192/3233/1577 188/3234/1578
f 191/3235/1579 206/3236/1579 192/3237/1579
f 185/3238/1580 501/3239/1580 508/3240/1580
f 193/3241/1444 187/3214/1423 730/3231/1575
f 730/3231/1575 187/3214/1423 186/3213/1565
f 223/3242/1581 732/3243/1581 669/3244/1581
f 875/3183/1555 509/3245/1582 513/3246/1583
f 505/3217/1556 506/3216/1568 502/3247/1539
f 502/3247/1539 506/3216/1568 507/3227/1541
f 529/3248/1454 490/3199/1462 504/3198/1484
f 180/3249/1584 188/3234/1578 192/3233/1577
f 198/3250/1585 200/3251/1585 197/3252/1585
f 200/3091/1510 180/3090/1509 197/3253/1586
f 876/3254/1587 486/3255/1587 512/3256/1587
f 501/3184/1507 875/3183/1555 508/3257/1588
f 880/3258/1589 881/3259/1589 882/3260/1589
f 488/2998/1459 492/3073/1500 489/2999/1429
f 876/3261/1590 512/3262/1590 538/3263/1590
f 875/3183/1555 513/3246/1583 508/3257/1588
f 198/3264/1591 197/3265/1591 194/3266/1591
f 881/3006/1463 490/3005/1462 510/3267/1592
f 687/3048/1489 223/3204/1564 179/3049/1490
f 185/3268/1560 508/3269/1593 199/3270/1594
f 533/3271/1595 489/3272/1595 492/3273/1595
f 180/3274/1596 197/3275/1596 195/3276/1596
f 198/3277/1597 201/3278/1598 196/3279/1599
f 197/3280/1600 180/3249/1584 192/3233/1577
f 198/3281/1601 197/3282/1601 201/3283/1601
f 185/3194/1560 199/3284/1594 190/3229/1573
f 881/3285/1602 510/3286/1602 882/3287/1602
f 200/3288/1603 201/3289/1603 197/3290/1603
f 503/3291/1604 511/3292/1604 491/3293/1604
f 736/3294/1605 184/3295/1605 178/3296/1605
f 220/3297/1606 202/3298/1607 203/3299/1608
f 526/3300/1609 882/3301/1610 510/3267/1592
f 206/3302/1611 212/3303/1611 192/3304/1611
f 509/3245/1582 560/3305/1612 513/3246/1583
f 538/3306/1613 512/3307/1613 486/3308/1613
f 122/3309/1614 737/3310/1614 706/3311/1614
f 198/3277/1597 196/3279/1599 221/3312/1615
f 190/3229/1573 199/3284/1594 207/3313/1616
f 204/3314/1617 28/3315/1617 687/3316/1617
f 490/3005/1462 532/3317/1618 510/3267/1592
f 184/3027/1619 178/3026/1620 205/3318/1621
f 508/3269/1593 207/3319/1616 199/3270/1594
f 203/3320/1622 202/3321/1622 206/3322/1622
f 882/3323/1610 400/3324/1623 509/3325/1624
f 508/3326/1625 513/3327/1625 207/3328/1625
f 514/3329/1388 515/3330/1386 33/3331/1626
f 190/3332/1573 207/3333/1616 513/3334/1627
f 220/3335/1628 270/3336/1628 189/3337/1628
f 224/3338/1629 762/3339/1629 189/3340/1629
f 513/3334/1627 516/3341/1630 190/3332/1573
f 517/3342/1631 513/3343/1631 560/3344/1631
f 513/3345/1632 517/3346/1632 516/3347/1632
f 220/3348/1633 190/3349/1633 516/3350/1633
f 687/3048/1489 28/3351/1634 223/3204/1564
f 869/3352/1635 873/3353/1635 208/3354/1635
f 490/3199/1462 528/3355/1636 532/3356/1618
f 223/3357/1637 209/3358/1638 210/3359/1639
f 220/3360/1640 516/3361/1640 211/3362/1640
f 517/3363/1641 560/3364/1641 559/3365/1641
f 516/3366/1642 517/3367/1642 559/3368/1642
f 211/3369/1643 516/3370/1643 559/3371/1643
f 212/3372/1644 313/3373/1645 192/3374/1577
f 208/3375/1646 582/3376/1646 217/3377/1646
f 200/3091/1647 216/3378/1648 201/3278/1598
f 490/3199/1462 529/3248/1454 528/3355/1636
f 212/3379/1649 206/3380/1649 289/3381/1649
f 489/3382/1650 316/3383/1651 533/3384/1652
f 211/3385/1653 559/3386/1653 219/3387/1653
f 224/3388/1654 189/3389/1654 176/3390/1654
f 196/3279/1599 201/3278/1598 221/3312/1615
f 219/3391/1655 213/3392/1655 211/3393/1655
f 223/3394/1656 214/3395/1656 215/3396/1656
f 706/3039/1657 737/3397/1657 220/3037/1657
f 223/3357/1637 210/3359/1639 214/3398/1658
f 539/3399/1659 521/3400/1660 519/3401/1661
f 200/3091/1647 197/3253/1600 216/3378/1648
f 539/3399/1659 519/3401/1661 518/3402/1662
f 276/3403/1663 277/3404/1663 225/3405/1663
f 276/3406/1664 225/3407/1664 271/3408/1664
f 197/3280/1600 192/3233/1577 216/3409/1648
f 212/3372/1644 289/3410/1665 313/3373/1645
f 526/3300/1609 510/3267/1592 527/3411/1666
f 217/3412/1667 218/3413/1667 873/3414/1667
f 518/3415/1668 519/3416/1668 540/3417/1668
f 535/3418/1669 554/3419/1670 547/3420/1671
f 276/3421/1672 271/3422/1672 272/3423/1672
f 547/3420/1671 493/3424/1673 535/3418/1669
f 510/3267/1592 532/3317/1618 527/3411/1666
f 518/3425/1674 540/3426/1674 539/3427/1674
f 737/3428/1675 274/3429/1675 273/3430/1675
f 274/3431/1676 737/3432/1677 275/3433/1678
f 554/3434/1679 535/3435/1679 520/3436/1679
f 737/3432/1677 122/3437/1680 275/3433/1678
f 274/3438/1676 275/3439/1678 286/3440/1681
f 219/3441/1682 525/3442/1682 213/3443/1682
f 313/3444/1645 216/3409/1648 192/3233/1577
f 213/3445/1683 525/3446/1684 211/3447/1685
f 271/3448/1686 225/3449/1687 272/3450/1688
f 539/3451/1659 540/3452/1689 521/3453/1660
f 276/3454/1690 272/3455/1688 277/3456/1691
f 233/3457/1692 226/3458/1693 227/3459/1694
f 591/3460/1695 587/3461/1696 541/3462/1697
f 227/3459/1694 236/3463/1698 233/3457/1692
f 273/3464/1699 274/3465/1676 278/3466/1700
f 272/3450/1688 225/3449/1687 279/3467/1701
f 543/3468/1702 591/3460/1695 541/3462/1697
f 489/2999/1650 492/3073/1703 316/3469/1651
f 541/3462/1697 587/3461/1696 553/3470/1704
f 220/3471/1705 737/3472/1705 270/3473/1705
f 554/3474/1706 520/3475/1706 522/3476/1706
f 220/3297/1606 135/3477/1707 202/3298/1607
f 553/3470/1704 587/3461/1696 593/3478/1708
f 233/3457/1692 281/3479/1709 292/3480/1710
f 587/3461/1696 591/3460/1695 588/3481/1711
f 541/3482/1697 542/3483/1712 543/3484/1702
f 233/3457/1692 228/3485/1713 226/3458/1693
f 233/3457/1692 236/3463/1698 281/3479/1709
f 535/3486/1714 523/3487/1714 520/3488/1714
f 122/3489/1680 280/3490/1715 275/3439/1678
f 122/3491/1716 737/3492/1716 280/3493/1716
f 550/3494/1717 520/3495/1717 547/3496/1717
f 273/3497/1699 280/3498/1715 737/3499/1718
f 280/3490/1715 286/3440/1681 275/3439/1678
f 236/3463/1698 229/3500/1719 281/3479/1709
f 493/3501/1720 547/3502/1720 523/3503/1720
f 226/3458/1693 228/3485/1713 230/3504/1721
f 593/3478/1708 587/3461/1696 588/3481/1711
f 553/3505/1704 544/3506/1722 541/3482/1697
f 559/3507/1723 222/3508/1724 219/3509/1725
f 523/3510/1726 535/3511/1726 493/3512/1726
f 226/3458/1693 230/3504/1721 231/3513/1727
f 519/3514/1728 521/3515/1728 417/3516/1728
f 543/3517/1702 542/3483/1712 545/3518/1729
f 542/3483/1712 541/3482/1697 544/3506/1722
f 273/3497/1699 278/3519/1700 280/3498/1715
f 233/3520/1730 292/3521/1730 234/3522/1730
f 520/3523/1731 523/3524/1731 522/3525/1731
f 220/3526/1732 211/3527/1732 135/3528/1732
f 542/3483/1712 544/3506/1722 546/3529/1733
f 550/3530/1734 522/3531/1734 523/3532/1734
f 278/3533/1700 286/3440/1681 280/3490/1715
f 588/3481/1711 589/3534/1735 593/3478/1708
f 225/3449/1687 313/3535/1736 279/3467/1701
f 230/3504/1721 232/3536/1737 231/3513/1727
f 550/3537/1738 523/3538/1738 547/3539/1738
f 292/3540/1710 281/3541/1709 282/3542/1739
f 234/3543/1740 228/3544/1740 233/3545/1740
f 522/3546/1741 426/3547/1741 554/3548/1741
f 540/3549/1689 519/3550/1742 524/3551/1743
f 219/3552/1744 222/3553/1744 525/3554/1744
f 550/3555/1745 547/3556/1746 548/3557/1747
f 234/3558/1748 292/3559/1749 228/3560/1713
f 544/3506/1722 549/3561/1750 546/3529/1733
f 588/3481/1711 590/3562/1751 589/3534/1735
f 550/3563/1745 548/3564/1747 522/3565/1752
f 282/3542/1739 281/3541/1709 283/3566/1753
f 522/3565/1752 548/3564/1747 426/3567/1754
f 547/3568/1755 554/3569/1755 552/3570/1755
f 277/3456/1691 279/3571/1701 237/3572/1756
f 542/3483/1712 546/3529/1733 551/3573/1757
f 278/3574/1758 285/3575/1758 286/3576/1758
f 231/3513/1727 232/3536/1737 235/3577/1759
f 201/3278/1598 216/3378/1648 221/3312/1615
f 227/3578/1694 235/3579/1759 236/3580/1698
f 272/3455/1688 279/3571/1701 277/3456/1691
f 836/3581/1355 514/3329/1388 33/3331/1626
f 591/3582/1695 543/3583/1702 588/3584/1711
f 417/3585/1760 586/3586/1760 519/3587/1760
f 225/3588/1761 277/3589/1761 237/3590/1761
f 274/3465/1676 284/3591/1762 278/3466/1700
f 521/3453/1660 540/3452/1689 524/3592/1743
f 547/3556/1746 552/3593/1763 548/3557/1747
f 286/3594/1681 285/3595/1764 288/3596/1765
f 526/3597/1609 527/3598/1666 882/3323/1610
f 544/3599/1766 553/3600/1766 549/3601/1766
f 226/3602/1693 235/3579/1759 227/3578/1694
f 229/3500/1719 283/3603/1753 281/3479/1709
f 549/3604/1750 553/3605/1767 603/3606/1768
f 545/3607/1729 588/3584/1711 543/3583/1702
f 542/3483/1712 551/3573/1757 545/3518/1729
f 593/3478/1708 589/3534/1735 592/3608/1769
f 278/3609/1700 284/3610/1762 285/3611/1764
f 232/3536/1737 230/3504/1721 238/3612/1770
f 521/3613/1771 524/3614/1771 417/3615/1771
f 554/3616/1772 426/3617/1754 557/3618/1773
f 519/3550/1742 586/3619/1774 524/3551/1743
f 236/3580/1698 235/3579/1759 229/3620/1719
f 282/3542/1739 283/3566/1753 290/3621/1775
f 226/3602/1693 231/3622/1727 235/3579/1759
f 274/3623/1676 286/3624/1681 287/3625/1776
f 549/3604/1750 603/3606/1768 555/3626/1777
f 274/3627/1676 287/3628/1776 284/3629/1762
f 221/3630/1778 194/3631/1778 198/3632/1778
f 546/3529/1733 549/3561/1750 556/3633/1779
f 228/3560/1713 238/3634/1770 230/3635/1721
f 228/3560/1713 250/3636/1780 238/3634/1770
f 593/3637/1708 592/3638/1769 553/3639/1704
f 292/3559/1749 250/3636/1780 228/3560/1713
f 589/3534/1735 590/3640/1751 594/3641/1781
f 232/3536/1737 238/3612/1770 239/3642/1782
f 286/3624/1681 288/3643/1765 287/3625/1776
f 590/3640/1751 588/3644/1711 594/3641/1781
f 559/3507/1723 123/3645/1783 222/3508/1724
f 554/3646/1772 557/3647/1773 552/3648/1784
f 235/3577/1759 232/3536/1737 239/3642/1782
f 217/3649/1785 582/3650/1785 218/3651/1785
f 229/3500/1719 246/3652/1786 283/3603/1753
f 556/3633/1779 561/3653/1787 546/3529/1733
f 589/3534/1735 594/3641/1781 599/3654/1788
f 557/3618/1773 426/3617/1754 424/3655/1789
f 211/3447/1685 525/3446/1684 312/3656/1790
f 206/3657/1791 4/3658/1791 289/3659/1791
f 313/3660/1645 289/3661/1665 279/3662/1792
f 527/3663/1793 532/3664/1793 586/3665/1793
f 225/3666/1794 237/3667/1794 313/3668/1794
f 316/3383/1651 534/3669/1795 533/3384/1652
f 527/3670/1796 586/3671/1796 417/3672/1796
f 546/3529/1733 561/3653/1787 558/3673/1797
f 238/3612/1770 240/3674/1798 239/3642/1782
f 552/3648/1784 557/3647/1773 562/3675/1799
f 282/3676/1800 290/3677/1800 292/3678/1800
f 559/3679/1801 560/3680/1801 123/3681/1801
f 588/3584/1711 618/3682/1802 594/3683/1781
f 589/3534/1735 599/3654/1788 592/3608/1769
f 316/3469/1651 492/3073/1703 537/3684/1803
f 285/3595/1764 291/3685/1804 288/3596/1765
f 222/3686/1805 300/3687/1805 525/3688/1805
f 229/3620/1719 235/3579/1759 241/3689/1806
f 527/3598/1666 400/3324/1623 882/3323/1610
f 532/3690/1807 528/3691/1807 529/3692/1807
f 588/3584/1711 595/3693/1808 601/3694/1809
f 546/3529/1733 558/3673/1797 551/3573/1757
f 292/3559/1749 248/3695/1810 250/3636/1780
f 290/3696/1775 293/3697/1811 292/3698/1749
f 283/3566/1753 293/3699/1811 290/3621/1775
f 588/3584/1711 601/3694/1809 618/3682/1802
f 216/3700/1812 313/3701/1812 294/3702/1812
f 222/3703/1813 530/3704/1813 300/3705/1813
f 238/3634/1770 250/3636/1780 240/3706/1798
f 592/3638/1769 598/3707/1814 553/3639/1704
f 529/3248/1454 531/3708/1815 528/3355/1816
f 216/3709/1817 194/3710/1817 55/3711/1817
f 873/3712/1818 218/3713/1818 208/3714/1818
f 532/3715/1819 531/3716/1819 564/3717/1819
f 235/3718/1759 242/3719/1820 244/3720/1821
f 235/3577/1759 239/3642/1782 243/3721/1822
f 599/3654/1788 594/3641/1781 596/3722/1823
f 287/3625/1776 288/3643/1765 295/3723/1824
f 216/3378/1648 55/3724/1825 221/3312/1615
f 594/3683/1781 618/3682/1802 597/3725/1826
f 288/3643/1765 305/3726/1827 295/3723/1824
f 235/3727/1828 244/3728/1828 241/3729/1828
f 216/3730/1829 294/3731/1830 55/3732/1831
f 594/3641/1781 597/3733/1826 596/3722/1823
f 556/3734/1779 549/3604/1750 561/3735/1787
f 235/3718/1759 245/3736/1832 242/3719/1820
f 246/3737/1786 229/3620/1719 241/3689/1806
f 206/3738/1833 202/3739/1833 4/3740/1833
f 239/3642/1782 251/3741/1834 243/3721/1822
f 553/3742/1835 598/3743/1835 603/3744/1835
f 291/3685/1804 305/3745/1827 288/3596/1765
f 283/3566/1753 301/3746/1836 293/3699/1811
f 222/3508/1724 123/3645/1783 530/3747/1837
f 283/3566/1753 246/3748/1786 296/3749/1838
f 211/3750/1839 312/3751/1839 135/3752/1839
f 292/3698/1749 293/3697/1811 297/3753/1840
f 292/3698/1749 297/3753/1840 248/3754/1810
f 592/3638/1769 599/3755/1788 598/3707/1814
f 235/3718/1759 243/3756/1822 245/3736/1832
f 545/3607/1729 595/3693/1808 588/3584/1711
f 525/3757/1684 300/3758/1841 312/3759/1790
f 562/3760/1799 563/3761/1842 552/3593/1784
f 298/3762/1843 295/3763/1843 287/3764/1843
f 319/3765/1516 583/3766/1844 492/3767/1517
f 552/3593/1763 563/3761/1845 548/3557/1747
f 564/3768/1846 439/3769/1846 532/3770/1846
f 287/3628/1776 298/3771/1847 284/3629/1762
f 551/3772/1757 565/3773/1848 545/3774/1729
f 722/3775/1387 173/3776/1849 515/3777/1386
f 283/3566/1753 296/3749/1838 301/3746/1836
f 533/3778/1850 534/3779/1850 814/3780/1850
f 527/3781/1851 417/3782/1851 569/3783/1851
f 551/3573/1757 558/3673/1797 565/3784/1848
f 555/3626/1777 433/3785/1852 549/3604/1750
f 417/3786/1853 586/3787/1853 569/3788/1853
f 208/3789/1854 299/3790/1855 582/3791/1856
f 242/3792/1820 255/3793/1857 244/3794/1821
f 737/3795/1858 122/3796/1858 165/3797/1858
f 204/3116/1273 194/3115/1521 28/3798/1859
f 244/3794/1821 255/3793/1857 249/3799/1860
f 586/3800/1861 417/3801/1861 418/3802/1861
f 600/3803/1862 601/3804/1809 602/3805/1863
f 417/3806/1864 524/3807/1864 566/3808/1864
f 599/3654/1788 596/3722/1823 606/3809/1865
f 246/3737/1786 241/3689/1806 296/3810/1838
f 601/3804/1809 595/3811/1808 602/3805/1863
f 300/3812/1866 530/3813/1866 536/3814/1866
f 561/3653/1787 567/3815/1867 558/3673/1797
f 603/3816/1768 600/3817/1868 555/3818/1777
f 239/3642/1782 240/3674/1798 247/3819/1869
f 597/3725/1826 618/3682/1802 604/3820/1870
f 596/3722/1823 597/3733/1826 604/3821/1870
f 600/3817/1868 602/3822/1871 555/3818/1777
f 255/3823/1872 248/3824/1810 249/3825/1860
f 531/3826/1815 529/3827/1454 416/3828/1873
f 255/3823/1872 250/3829/1780 248/3824/1810
f 552/3830/1874 563/3831/1875 424/3832/1876
f 596/3722/1823 605/3833/1877 606/3809/1865
f 535/3834/1878 912/3835/1878 585/3836/1878
f 293/3697/1811 301/3837/1836 297/3753/1840
f 218/3838/1879 582/3839/1879 570/3840/1879
f 239/3642/1782 247/3819/1869 251/3741/1834
f 606/3841/1865 605/3842/1877 599/3755/1788
f 243/3756/1822 251/3843/1834 245/3736/1832
f 603/3844/1768 598/3845/1880 600/3846/1868
f 605/3833/1877 596/3722/1823 604/3847/1870
f 545/3774/1729 565/3773/1848 595/3848/1808
f 527/3849/1666 569/3850/1881 400/3851/1623
f 563/3831/1842 432/3852/1882 424/3832/1789
f 255/3853/1857 242/3854/1820 63/3855/1883
f 557/3618/1773 424/3655/1789 577/3856/1884
f 242/3854/1820 245/3857/1832 63/3855/1883
f 602/3858/1885 612/3859/1886 600/3860/1887
f 296/3861/1888 241/3862/1888 303/3863/1888
f 599/3755/1788 605/3842/1877 598/3707/1814
f 249/3864/1889 252/3865/1890 255/3866/1891
f 176/3867/1892 170/3868/1893 122/3869/1894
f 291/3685/1804 131/3870/1895 305/3745/1827
f 561/3735/1787 549/3604/1750 567/3871/1867
f 209/3872/1638 16/3873/1896 210/3874/1639
f 255/3875/1872 63/3876/1897 250/3877/1780
f 259/3878/1898 264/3879/1898 53/3880/1898
f 558/3673/1797 567/3815/1867 568/3881/1899
f 255/3866/1891 252/3865/1890 63/3882/1900
f 530/3747/1837 123/3645/1783 355/3883/1901
f 563/3884/1902 424/3885/1902 425/3886/1902
f 247/3819/1869 240/3674/1798 253/3887/1903
f 244/3888/1904 254/3889/1904 241/3890/1904
f 558/3673/1797 568/3881/1899 565/3784/1848
f 563/3761/1842 562/3760/1799 432/3891/1882
f 295/3892/1905 305/3893/1905 263/3894/1905
f 255/3895/1906 66/3896/1907 249/3897/1889
f 530/3898/1908 355/3899/1908 536/3900/1908
f 300/3758/1841 536/3901/1909 312/3759/1790
f 249/3864/1889 65/3902/1910 252/3865/1890
f 294/3903/1911 313/3660/1912 54/3904/1913
f 524/3905/1914 586/3906/1914 566/3907/1914
f 298/3908/1915 131/3909/1916 291/3910/1917
f 614/3911/1918 581/3912/1918 615/3913/1918
f 564/3914/1919 531/3915/1919 423/3916/1919
f 557/3917/1773 577/3918/1884 562/3919/1799
f 586/3920/1920 418/3921/1920 569/3922/1920
f 563/3761/1845 425/3923/1921 548/3557/1747
f 208/3789/1854 302/3924/1922 299/3790/1855
f 248/3925/1810 62/3926/1923 249/3927/1860
f 210/3874/1639 16/3873/1896 214/3928/1658
f 570/3929/1924 582/3930/1925 357/3931/1926
f 549/3604/1750 433/3785/1852 567/3871/1867
f 296/3749/1838 303/3932/1927 304/3933/1928
f 250/3636/1780 80/3934/1929 240/3706/1798
f 296/3749/1838 304/3933/1928 301/3746/1836
f 601/3804/1809 600/3803/1862 618/3935/1802
f 305/3936/1930 131/3937/1930 263/3938/1930
f 218/3939/1931 302/3940/1931 208/3941/1931
f 53/3942/1932 261/3943/1932 259/3944/1932
f 537/3945/1933 492/3946/1933 314/3947/1933
f 565/3784/1848 568/3881/1899 571/3948/1934
f 209/3949/1638 1/3950/1935 28/3951/1936
f 218/3952/1937 358/3953/1937 302/3954/1937
f 602/3955/1871 574/3956/1938 555/3957/1777
f 316/3958/1651 537/3959/1803 317/3960/1939
f 255/3961/1906 63/3962/1940 66/3963/1907
f 244/3964/1821 249/3927/1860 254/3965/1941
f 595/3966/1942 574/3967/1942 602/3968/1942
f 123/3969/1943 312/3970/1944 355/3971/1943
f 312/3972/1944 536/3973/1944 355/3974/1943
f 299/3975/1855 265/3976/1945 306/3977/1946
f 251/3741/1834 247/3819/1869 256/3978/1947
f 122/3979/1948 170/3980/1948 165/3981/1948
f 600/3846/1868 598/3845/1880 613/3982/1949
f 298/3983/1950 295/3984/1951 263/3985/1952
f 297/3753/1840 301/3837/1836 58/3986/1953
f 614/3987/1954 427/3988/1954 581/3989/1954
f 618/3990/1955 600/3991/1955 613/3992/1955
f 253/3887/1903 83/3993/1956 247/3819/1869
f 432/3852/1882 577/3994/1884 424/3832/1789
f 357/3931/1926 572/3995/1957 570/3929/1924
f 251/3843/1834 267/3996/1958 245/3736/1832
f 607/3997/1959 584/3998/1959 575/3999/1959
f 218/4000/1960 570/4001/1960 358/4002/1960
f 313/4003/1961 237/4004/1961 93/4005/1961
f 257/4006/1962 258/4007/1962 262/4008/1962
f 607/4009/1963 579/4010/1963 584/4011/1963
f 567/3815/1867 573/4012/1964 568/3881/1899
f 602/3858/1885 574/4013/1965 612/3859/1886
f 604/3847/1870 608/4014/1966 605/3833/1877
f 299/3975/1855 302/4015/1922 265/3976/1945
f 570/4016/1967 572/4017/1967 358/4018/1967
f 567/3871/1867 433/3785/1852 573/4019/1964
f 298/3983/1950 263/3985/1952 307/4020/1968
f 600/4021/1969 574/4022/1970 602/4023/1971
f 724/4024/1305 215/4025/1972 173/3776/1849
f 298/3908/1950 307/4026/1968 131/3909/1973
f 247/3819/1869 83/3993/1956 256/3978/1947
f 259/4027/1974 262/4028/1974 258/4029/1974
f 264/4030/1975 259/4031/1975 260/4032/1975
f 614/4033/1976 607/4034/1976 575/4035/1976
f 301/3746/1836 304/3933/1928 58/4036/1953
f 259/4037/1977 261/4038/1977 262/4039/1977
f 607/4040/1978 609/4041/1979 579/4042/1980
f 586/4043/1981 532/4044/1981 466/4045/1981
f 251/3843/1834 256/4046/1947 267/3996/1958
f 259/4047/1982 258/4048/1982 260/4049/1982
f 529/2986/1454 814/2985/1453 318/4050/1983
f 595/4051/1984 422/4052/1984 574/4053/1984
f 240/3706/1798 80/3934/1929 253/4054/1903
f 417/4055/1985 566/4056/1985 418/4057/1985
f 257/4058/1986 262/4059/1987 127/4060/1988
f 83/3993/1956 253/3887/1903 80/4061/1929
f 313/3660/1912 279/3662/1989 54/3904/1913
f 568/3881/1899 420/4062/1990 571/3948/1934
f 600/4021/1969 613/4063/1991 610/4064/1992
f 608/4014/1966 611/4065/1993 605/3833/1877
f 33/4066/1994 484/4067/1994 836/4068/1994
f 575/4069/1995 427/4070/1995 614/4071/1995
f 600/4072/1887 612/4073/1886 613/4074/1996
f 248/4075/1997 57/4076/1997 62/4077/1997
f 537/3959/1803 314/4078/1998 317/3960/1939
f 600/4021/1969 610/4064/1992 574/4022/1970
f 562/3919/1799 577/3918/1884 432/4079/1882
f 555/3957/1777 574/3956/1938 430/4080/1999
f 565/4081/2000 571/4082/2001 420/4083/2002
f 257/4084/2003 127/4085/2003 258/4086/2003
f 123/4087/2004 124/4088/2005 312/4089/2006
f 312/4089/2006 124/4088/2005 135/4090/2007
f 123/4091/2004 125/4092/2008 124/4093/2005
f 123/4091/2004 560/4094/2009 125/4092/2008
f 424/3655/1789 426/3617/1754 576/4095/2010
f 614/4096/2011 615/4097/2011 617/4098/2011
f 66/3896/1907 64/4099/2012 249/3897/1889
f 605/3842/1877 611/4100/1993 598/3707/1814
f 357/3931/1926 578/4101/2013 572/3995/1957
f 574/4013/1965 437/4102/2014 612/3859/1886
f 548/3564/1747 371/4103/2015 426/3567/1754
f 298/3771/2016 78/4104/2017 284/3629/1762
f 306/4105/1946 582/3791/1856 299/3790/1855
f 265/4106/1945 302/4107/1922 132/4108/2018
f 579/4109/2019 577/4110/2019 584/4111/2019
f 604/3847/1870 620/4112/2020 608/4014/1966
f 262/4059/1987 263/4113/2021 127/4060/1988
f 578/4101/2013 428/4114/2022 572/3995/1957
f 265/3976/1945 308/4115/2023 306/3977/1946
f 565/3773/1848 485/4116/2024 595/3848/1808
f 302/4117/2025 358/4118/2025 360/4119/2025
f 433/3785/1852 555/3626/1777 430/4120/1999
f 432/4121/2026 579/4122/2027 578/4123/2013
f 737/4124/2028 165/4125/2029 270/4126/2030
f 578/4123/2013 579/4122/2027 428/4127/2022
f 265/4128/2031 263/4129/2031 308/4130/2031
f 252/3865/1890 65/3902/1910 68/4131/2032
f 263/4132/2033 265/4133/2033 127/4134/2033
f 432/4135/2034 577/4136/2034 579/4137/2034
f 249/3927/1860 62/3926/1923 254/3965/1941
f 568/4138/1899 419/4139/2035 420/4140/1990
f 612/4073/1886 437/4141/2014 613/4074/1996
f 249/3897/1889 64/4099/2012 65/4142/1910
f 586/4143/2036 418/4144/2036 466/4145/2036
f 264/4146/2037 70/4147/2037 53/4148/2037
f 607/4040/1978 614/4149/2038 609/4041/1979
f 535/4150/2039 585/4151/2039 493/4152/2039
f 432/4153/2040 425/4154/2041 577/4155/2042
f 529/4156/1454 315/4157/2043 416/4158/1873
f 53/4159/2044 69/4160/2044 261/4161/2044
f 250/3877/1780 63/3876/1897 269/4162/2045
f 55/3732/1831 294/3731/1830 309/4163/2046
f 265/4164/2047 266/4165/2047 127/4166/2047
f 575/4167/2048 584/4168/2048 427/4169/2048
f 135/4170/2049 124/4171/2049 125/4172/2049
f 420/4173/2002 485/4174/2050 565/4175/2000
f 135/4176/2051 125/4177/2051 134/4178/2051
f 125/4179/2052 560/4180/2052 134/4181/2052
f 245/4182/2053 267/4183/2053 63/4184/2053
f 291/3685/1804 285/3595/1764 131/3870/2054
f 304/4185/1928 303/4186/1927 82/4187/2055
f 263/4188/2056 131/4189/2056 61/4190/2056
f 252/3865/1890 68/4131/2032 63/3882/1900
f 426/4191/1754 371/4192/2015 421/4193/2057
f 560/4194/2058 356/4195/2058 134/4196/2058
f 285/3611/1764 284/3610/1762 126/4197/2059
f 285/4198/1764 126/4199/2059 129/4200/2060
f 595/4201/1808 485/4202/2024 422/4203/2061
f 581/4204/2062 580/4205/2063 615/4206/2064
f 306/4207/2065 133/4208/2066 582/4209/2067
f 258/4210/2068 127/4211/2068 76/4212/2068
f 265/4213/2069 132/4214/2069 266/4215/2069
f 55/4216/2070 309/4217/2070 54/4218/2070
f 302/4107/1922 360/4219/2071 132/4108/2018
f 279/4220/1701 10/4221/2072 237/4222/1756
f 604/3820/1870 618/3682/1802 616/4223/2073
f 279/4224/2074 100/4225/2074 54/4226/2074
f 83/3993/1956 80/4061/1929 268/4227/2075
f 263/4228/2076 61/4229/2076 307/4230/2076
f 260/4231/2077 70/4232/2077 264/4233/2077
f 306/4234/2065 308/4235/2078 133/4236/2066
f 423/4237/2079 531/4238/2079 439/4239/2079
f 262/4240/1987 77/4241/2080 263/4242/2021
f 611/4065/1993 608/4014/1966 619/4243/2081
f 261/4244/2082 77/4241/2080 262/4240/1987
f 55/4245/1825 54/4246/2083 56/4247/2084
f 568/4138/1899 573/4248/1964 419/4139/2035
f 614/4249/2085 617/4250/2085 621/4251/2085
f 614/4252/2086 621/4253/2086 609/4254/2086
f 241/4255/2087 60/4256/2088 303/4257/1927
f 424/4258/2089 576/4259/2089 425/4260/2089
f 427/4261/2090 580/4262/2090 581/4263/2090
f 613/4264/2091 448/4265/2092 618/4266/2093
f 297/4267/1840 57/4268/2094 248/4269/1810
f 258/4270/2095 76/4271/2095 260/4272/2095
f 598/3707/1814 611/4100/1993 619/4273/2081
f 58/4274/1953 304/4185/1928 59/4275/2096
f 572/4276/1957 428/4277/2022 361/4278/2097
f 576/4279/2010 426/4280/1754 421/4281/2057
f 578/4282/2013 431/4283/2098 432/4284/2026
f 263/4285/2099 61/4286/2099 308/4287/2099
f 254/4288/2100 60/4289/2100 241/4290/2100
f 586/4143/2101 466/4145/2102 566/4291/2103
f 579/4292/2027 436/4293/2104 428/4294/2022
f 189/4295/2105 270/4296/2105 158/4297/2105
f 620/4112/2020 619/4243/2081 608/4014/1966
f 194/4298/2106 221/4299/2106 2/4300/2106
f 617/4301/2107 615/4302/2107 441/4303/2107
f 582/4304/2108 128/4305/2108 357/4306/2108
f 263/4242/2021 77/4241/2080 61/4307/2109
f 573/4248/1964 434/4308/2110 419/4139/2035
f 577/4309/2111 431/4310/2111 584/4311/2111
f 127/4312/2112 266/4313/2113 71/4314/2114
f 83/4315/1956 267/3996/1958 256/4046/1947
f 613/4074/1996 437/4141/2014 448/4316/2115
f 604/3820/1870 616/4223/2073 620/4317/2020
f 284/4318/1762 78/4319/2017 126/4320/2059
f 357/4321/2116 128/4322/2116 578/4323/2116
f 58/4274/1953 59/4275/2096 130/4324/2117
f 427/4325/2118 440/4326/2118 580/4327/2118
f 66/3963/1907 63/3962/1940 67/4328/2119
f 582/4329/2120 133/4330/2120 128/4331/2120
f 62/4332/2121 57/4333/2121 254/4334/2121
f 80/4061/1929 81/4335/2122 268/4227/2075
f 285/4336/1764 129/4337/2060 131/4338/2054
f 127/4339/2123 71/4340/2123 77/4341/2123
f 63/4342/1897 89/4343/2124 269/4344/2045
f 58/4345/2125 130/4346/2125 297/4347/2125
f 64/4348/2126 72/4349/2126 65/4350/2126
f 66/4351/1907 67/4352/2119 64/4353/2012
f 574/4022/1970 610/4064/1992 444/4354/2127
f 304/4185/1928 82/4187/2055 59/4275/2096
f 428/4355/2128 436/4356/2128 429/4357/2128
f 574/4358/2129 444/4359/2129 430/4360/2129
f 609/4361/2130 621/4362/2130 579/4363/2130
f 577/4364/2042 576/4279/2010 431/4365/2131
f 610/4064/1992 613/4063/1991 444/4354/2127
f 579/4292/2027 621/4366/2132 436/4293/2104
f 313/4367/2133 100/4368/2133 279/4369/2133
f 618/4266/1802 448/4265/2092 445/4370/2134
f 598/3707/1814 619/4273/2081 622/4371/2135
f 361/4278/2097 428/4277/2022 429/4372/2136
f 724/4024/1305 173/3776/1849 722/3775/1387
f 63/4373/1900 68/4374/2032 89/4375/2137
f 615/4206/2064 580/4205/2063 441/4376/2138
f 69/4377/2139 53/4378/2140 70/4379/2141
f 55/4245/1825 56/4247/2084 221/4380/1615
f 61/4307/2109 77/4241/2080 71/4381/2114
f 261/4382/2142 69/4383/2142 77/4384/2142
f 492/4385/2143 583/4386/2143 314/4387/2143
f 431/4283/2098 578/4282/2013 429/4388/2144
f 308/4389/2145 61/4390/2109 71/4391/2114
f 432/4392/2146 431/4393/2146 425/4394/2146
f 433/4395/1852 434/4396/2110 573/4397/1964
f 437/4102/2014 574/4013/1965 444/4398/2147
f 77/4399/2148 76/4400/2148 127/4401/2148
f 620/4112/2020 623/4402/2149 619/4243/2081
f 584/4403/2150 431/4404/2150 621/4405/2150
f 436/4406/2151 621/4407/2151 431/4408/2151
f 620/4317/2020 616/4223/2073 623/4409/2149
f 584/4410/2152 621/4411/2152 427/4412/2152
f 613/4063/1991 448/4413/2153 444/4354/2127
f 64/4353/2012 67/4352/2119 89/4414/2154
f 57/4415/2094 72/4416/2155 254/4417/2156
f 308/4389/2145 71/4391/2114 365/4418/2157
f 82/4187/2055 73/4419/2158 59/4275/2096
f 298/4420/2159 131/4421/2159 78/4422/2159
f 569/4423/1881 418/4424/2160 435/4425/2161
f 289/3661/1665 310/4426/2162 279/3662/1792
f 618/3682/1802 445/4427/2134 616/4223/2073
f 254/4428/2163 65/4429/2163 72/4430/2163
f 548/4431/1747 425/4432/1921 371/4433/2015
f 531/3826/1815 416/3828/1873 439/4434/2164
f 57/4435/2094 91/4436/2165 72/4437/2155
f 266/4313/2113 365/4438/2157 71/4314/2114
f 431/4439/2166 429/4440/2166 436/4441/2166
f 61/4442/2167 74/4443/2167 138/4444/2167
f 297/4267/1840 130/4445/2117 84/4446/2168
f 132/4447/2018 365/4438/2157 266/4313/2113
f 429/4448/2169 578/4449/2169 361/4450/2169
f 63/4451/2170 89/4452/2170 67/4453/2170
f 621/4454/2171 440/4455/2171 427/4456/2171
f 268/4457/2075 75/4458/2172 83/4459/1956
f 63/4460/2173 267/4461/1958 89/4462/2174
f 61/4463/2175 138/4464/2175 307/4465/2175
f 572/4466/2176 361/4467/2176 358/4468/2176
f 598/4469/1814 622/4470/2135 443/4471/2177
f 64/4353/2012 89/4414/2154 72/4472/2178
f 76/4473/2179 77/4474/2180 260/4475/2181
f 308/4389/2145 365/4418/2157 133/4476/2182
f 297/4267/1840 84/4446/2168 57/4268/2094
f 307/4477/2183 138/4478/2184 78/4479/2017
f 61/4480/2185 131/4481/2185 74/4482/2185
f 268/4457/2075 81/4483/2122 75/4458/2172
f 83/4459/1956 75/4458/2172 79/4484/2186
f 574/4485/2187 422/4486/2187 444/4487/2187
f 77/4474/2180 69/4488/2139 260/4475/2181
f 621/4489/2188 617/4490/2188 440/4491/2188
f 578/4492/2189 128/4493/2190 361/4494/2190
f 194/4495/2191 2/4496/2191 28/4497/2191
f 613/4264/1949 598/4498/1880 448/4265/2192
f 289/4499/2193 4/4500/2193 310/4501/2193
f 442/4502/2194 598/4503/2194 443/4504/2194
f 425/4432/1921 431/4505/2131 451/4506/2195
f 80/4507/1929 75/4508/2172 81/4509/2122
f 65/4510/1910 89/4375/2137 68/4374/2032
f 532/4511/2196 439/4512/2196 466/4513/2196
f 437/4514/2197 444/4515/2197 448/4516/2197
f 420/4140/1990 419/4139/2035 485/4517/2198
f 425/4154/2041 576/4518/2010 577/4155/2042
f 433/4519/2199 430/4520/2199 438/4521/2199
f 433/4395/1852 438/4522/2200 434/4396/2110
f 93/4523/2201 100/4524/2201 313/4525/2201
f 303/4257/1927 73/4526/2158 82/4527/2055
f 250/3636/1780 269/4528/2045 80/3934/1929
f 83/4529/1956 79/4530/2186 267/4531/1958
f 356/4532/2202 136/4533/2202 134/4534/2202
f 564/4535/2203 423/4536/2203 439/4537/2203
f 569/3850/1881 435/4538/2161 400/3851/1623
f 131/4539/2204 307/4540/2204 78/4541/2204
f 65/4510/1910 72/4542/2205 89/4375/2137
f 59/4275/2096 84/4543/2168 130/4324/2117
f 580/4544/2206 440/4545/2206 441/4546/2206
f 617/4547/2207 441/4548/2207 440/4549/2207
f 358/4550/2208 359/4551/2209 360/4552/2071
f 598/4498/1880 442/4553/2210 448/4265/2192
f 623/4402/2149 624/4554/2211 619/4243/2081
f 69/4488/2139 70/4555/2141 260/4475/2181
f 267/4461/1958 85/4556/2212 89/4462/2174
f 358/4557/2213 361/4558/2213 366/4559/2213
f 448/4560/2192 442/4561/2210 443/4562/2214
f 80/4507/1929 94/4563/2215 75/4508/2172
f 443/4562/2214 444/4564/2216 448/4560/2192
f 75/4458/2172 86/4565/2217 79/4484/2186
f 362/4566/2218 493/4567/2218 380/4568/2218
f 363/4569/2219 364/4570/2219 384/4571/2219
f 624/4572/2211 622/4573/2135 619/4574/2081
f 128/4493/2190 366/4575/2220 361/4494/2190
f 623/4402/2149 616/4576/2073 624/4554/2211
f 445/4577/2134 446/4578/2221 616/4579/2073
f 134/4580/2222 3/4581/2223 135/4582/2224
f 89/4343/2124 91/4583/2165 269/4344/2045
f 560/4584/2225 323/4585/2226 356/4586/2227
f 294/4587/2228 54/4588/2228 309/4589/2228
f 444/4590/2229 443/4591/2229 430/4592/2229
f 360/4593/2071 359/4594/2209 365/4438/2157
f 529/4156/1454 318/4595/1983 315/4157/2043
f 132/4447/2018 360/4593/2071 365/4438/2157
f 80/4507/1929 269/4596/2045 94/4563/2215
f 485/4202/2024 446/4578/2221 422/4203/2061
f 89/4597/2124 72/4437/2155 91/4436/2165
f 303/4257/1927 60/4256/2088 73/4526/2158
f 434/4396/2110 438/4522/2200 447/4598/2230
f 72/4416/2231 85/4599/2212 254/4417/2232
f 131/4338/2054 129/4337/2060 74/4600/2233
f 85/4601/2212 60/4256/2088 254/4602/2232
f 358/4550/2208 366/4603/2234 359/4551/2209
f 133/4476/2182 365/4418/2157 128/4604/2235
f 444/4605/2236 445/4606/2236 448/4607/2236
f 419/4139/2035 434/4308/2110 449/4608/2237
f 73/4419/2158 87/4609/2238 59/4275/2096
f 425/4432/1921 451/4506/2195 371/4433/2015
f 135/4582/2224 3/4581/2223 18/4610/2239
f 267/4531/1958 79/4530/2186 88/4611/2240
f 72/4612/2241 89/4613/2241 85/4614/2241
f 444/4615/2242 422/4616/2242 445/4617/2242
f 419/4618/2243 449/4619/2243 485/4620/2243
f 209/3949/1638 28/3951/1936 16/4621/1896
f 269/4596/2045 90/4622/2244 94/4563/2215
f 135/4623/2245 18/4624/2245 202/4625/2245
f 269/4596/2045 91/4626/2165 92/4627/2246
f 128/4628/2247 365/4629/2247 366/4630/2247
f 56/4631/2084 2/4632/2248 221/4633/1615
f 430/4634/2249 443/4471/2177 438/4635/2250
f 359/4636/2251 366/4637/2251 365/4638/2251
f 814/4639/1453 534/4640/1795 318/4641/1983
f 237/4222/1756 10/4221/2072 93/4642/2252
f 431/4365/2131 576/4279/2010 450/4643/2253
f 91/4436/2165 57/4435/2094 92/4644/2246
f 75/4458/2172 94/4645/2215 86/4565/2217
f 576/4279/2010 421/4281/2057 450/4643/2253
f 509/4646/2254 400/4647/2254 560/4648/2254
f 79/4530/2186 97/4649/2255 88/4611/2240
f 176/4650/2256 189/4651/2257 141/4652/2258
f 138/4478/2184 159/4653/2259 78/4479/2017
f 134/4654/2260 136/4655/2261 137/4656/2262
f 431/4657/2131 450/4658/2253 451/4659/2195
f 356/4586/2227 323/4585/2226 136/4660/2263
f 279/4661/2264 310/4662/2264 10/4663/2264
f 74/4664/2265 161/4665/2265 138/4666/2265
f 375/4667/2266 367/4668/2266 372/4669/2266
f 374/4670/2267 367/4671/2267 370/4672/2267
f 189/4651/2257 139/4673/2268 141/4652/2258
f 383/4674/2269 141/4675/2269 140/4676/2269
f 141/4677/2270 383/4678/2270 176/4679/2270
f 380/4680/2271 493/4681/2272 394/4682/2273
f 380/4680/2271 394/4682/2273 140/4683/2274
f 438/4522/2200 464/4684/2275 447/4598/2230
f 394/4685/2276 493/4686/2276 382/4687/2276
f 451/4688/2277 467/4689/2277 371/4690/2277
f 452/4691/2278 376/4692/2278 375/4693/2278
f 146/4694/2279 147/4695/2279 142/4696/2279
f 57/4268/2094 84/4446/2168 99/4697/2280
f 73/4526/2158 60/4256/2088 96/4698/2281
f 74/4600/2233 129/4337/2060 161/4699/2282
f 434/4308/2110 447/4700/2230 449/4608/2237
f 453/4701/2283 624/4572/2211 616/4702/2073
f 624/4572/2211 453/4701/2283 622/4573/2135
f 156/4703/2284 145/4704/2285 142/4705/2286
f 142/4706/2287 147/4707/2287 150/4708/2287
f 129/4709/2288 155/4710/2288 161/4711/2288
f 145/4712/2289 143/4713/2289 142/4714/2289
f 912/4715/2290 7/4716/2290 585/4717/2290
f 145/4704/2291 156/4703/2284 144/4718/2292
f 87/4609/2238 95/4719/2293 59/4275/2096
f 87/4609/2238 73/4419/2158 96/4720/2281
f 451/4659/2195 450/4658/2253 467/4721/2294
f 59/4275/2096 95/4719/2293 84/4543/2168
f 493/4722/2295 585/4723/2295 396/4724/2295
f 140/4683/2274 394/4682/2273 383/4725/2296
f 368/4726/2297 374/4727/2297 370/4728/2297
f 583/4729/2298 337/4730/2299 314/4078/1998
f 374/4731/2300 368/4732/2300 373/4733/2300
f 316/4734/1651 317/4735/1939 534/4736/1795
f 146/4737/2301 149/4738/2301 147/4739/2301
f 79/4484/2186 86/4565/2217 97/4740/2255
f 435/4538/2161 462/4741/2302 400/3851/1623
f 144/4742/2292 155/4743/2303 145/4744/2291
f 367/4745/2304 375/4746/2304 369/4747/2304
f 146/4748/2305 142/4749/2305 149/4750/2305
f 367/4751/2306 369/4752/2306 370/4753/2306
f 367/4754/2307 371/4755/2308 372/4756/2309
f 367/4754/2307 373/4757/2310 371/4755/2308
f 147/4758/2311 149/4759/2311 148/4760/2311
f 422/4203/2061 446/4578/2221 445/4577/2134
f 374/4761/2312 373/4757/2310 367/4754/2307
f 78/4319/2017 159/4762/2259 126/4320/2059
f 269/4596/2045 92/4627/2246 90/4622/2244
f 372/4756/2309 369/4763/2313 375/4764/2314
f 438/4635/2250 454/4765/2315 455/4766/2316
f 129/4200/2060 126/4199/2059 155/4767/2317
f 622/4470/2135 456/4768/2318 443/4471/2177
f 375/4769/2319 369/4770/2319 376/4771/2319
f 143/4772/2320 155/4773/2320 142/4774/2320
f 147/4775/2321 149/4776/2321 150/4777/2321
f 369/4778/2322 371/4779/2308 370/4780/2323
f 150/4781/2324 149/4782/2324 142/4783/2324
f 447/4700/2230 457/4784/2325 449/4608/2237
f 371/4755/2308 369/4763/2313 372/4756/2309
f 143/4785/2326 145/4744/2291 155/4743/2303
f 146/4786/2327 149/4787/2327 152/4788/2327
f 54/4789/2328 12/4790/2328 100/4791/2328
f 156/4792/2329 150/4793/2329 142/4794/2329
f 86/4565/2217 94/4645/2215 98/4795/2330
f 394/4796/2331 377/4797/2331 378/4798/2331
f 141/4799/2258 153/4800/2332 140/4801/2333
f 616/4702/2073 458/4802/2334 453/4701/2283
f 134/4580/2222 137/4803/2335 3/4581/2223
f 458/4804/2334 616/4579/2073 446/4578/2221
f 318/4805/2336 416/4806/2336 439/4807/2336
f 87/4609/2238 96/4720/2281 95/4719/2293
f 140/4808/2337 153/4809/2337 151/4810/2337
f 912/4811/2338 362/4812/2338 7/4813/2338
f 147/4738/2339 152/4814/2339 149/4739/2339
f 151/4815/2340 153/4816/2340 154/4817/2340
f 142/4818/2341 155/4819/2341 156/4820/2341
f 443/4471/2177 456/4768/2318 459/4821/2342
f 368/4822/2343 370/4823/2343 373/4824/2343
f 376/4825/2344 369/4826/2344 371/4827/2344
f 92/4627/2246 107/4828/2345 90/4622/2244
f 373/4829/2310 370/4780/2323 371/4779/2308
f 137/4830/2262 136/4831/2261 381/4832/2346
f 86/4565/2217 98/4795/2330 97/4740/2255
f 56/4631/2084 54/4833/2083 12/4834/2347
f 140/4835/2274 379/4836/2348 380/4837/2271
f 143/4838/2349 155/4839/2349 156/4840/2349
f 438/4635/2250 443/4471/2177 454/4765/2315
f 136/4660/2263 323/4585/2226 321/4841/2350
f 421/4193/2057 371/4192/2015 460/4842/2351
f 435/4425/2161 418/4424/2160 466/4843/2352
f 418/4844/2353 566/4845/2354 461/4846/2355
f 151/4847/2356 154/4848/2357 386/4849/2356
f 447/4700/2230 464/4850/2275 457/4784/2325
f 267/4531/1958 88/4611/2240 85/4601/2212
f 438/4851/2358 455/4852/2358 464/4853/2358
f 156/4854/2359 155/4855/2359 144/4856/2359
f 137/4857/2335 381/4858/2360 3/4859/2223
f 466/4843/2352 462/4860/2302 435/4425/2161
f 100/4861/2361 10/4862/2361 12/4863/2361
f 153/4864/2362 386/4865/2362 154/4866/2362
f 396/4867/2363 404/4868/2363 493/4869/2363
f 92/4627/2246 57/4268/2094 99/4697/2280
f 2/4632/2248 56/4631/2084 12/4834/2347
f 98/4795/2330 88/4870/2240 97/4740/2255
f 453/4701/2283 456/4871/2318 622/4573/2135
f 456/4871/2318 453/4701/2283 459/4872/2342
f 138/4873/2364 161/4874/2364 159/4875/2364
f 151/4876/2365 157/4877/2365 140/4878/2365
f 321/4879/2366 381/4880/2366 136/4881/2366
f 84/4543/2168 95/4719/2293 99/4882/2280
f 362/4883/2367 380/4884/2367 379/4885/2367
f 382/4886/2368 493/4887/2368 404/4888/2368
f 151/4847/2356 386/4849/2356 157/4889/2369
f 98/4795/2330 94/4645/2215 90/4890/2244
f 60/4256/2088 103/4891/2370 96/4698/2281
f 463/4892/2371 446/4578/2221 471/4893/2372
f 394/4894/2373 378/4895/2373 383/4896/2373
f 92/4627/2246 99/4697/2280 107/4828/2345
f 140/4897/2374 157/4898/2375 153/4899/2376
f 60/4256/2088 109/4900/2377 103/4891/2370
f 126/4199/2059 171/4901/2378 155/4767/2317
f 583/4902/2379 319/4903/2379 337/4904/2379
f 449/4608/2237 457/4784/2325 485/4905/2024
f 85/4601/2212 109/4900/2377 60/4256/2088
f 85/4601/2212 88/4611/2240 109/4900/2377
f 141/4799/2258 139/4906/2268 153/4800/2332
f 455/4907/2316 469/4908/2380 464/4909/2275
f 189/4651/2257 158/4910/2381 139/4673/2268
f 453/4701/2283 465/4911/2382 459/4872/2342
f 418/4912/2383 461/4913/2355 466/4914/2102
f 443/4471/2177 459/4821/2342 454/4765/2315
f 466/4914/2102 473/4915/2384 566/4916/2103
f 159/4762/2259 171/4917/2378 126/4320/2059
f 455/4907/2316 454/4918/2315 469/4908/2380
f 450/4643/2253 421/4281/2057 460/4919/2351
f 10/4920/2072 100/4921/2385 108/4922/2386
f 466/4914/2102 461/4913/2355 473/4915/2384
f 450/4923/2387 460/4924/2387 467/4925/2387
f 161/4926/2388 155/4927/2388 162/4928/2388
f 153/4800/2332 139/4906/2268 140/4801/2274
f 384/4929/2389 387/4930/2389 385/4931/2389
f 95/4719/2293 96/4720/2281 101/4932/2390
f 155/4767/2317 171/4901/2378 162/4933/2391
f 107/4828/2345 99/4697/2280 102/4934/2392
f 140/4835/2274 139/4935/2268 379/4836/2348
f 384/4936/2393 385/4937/2394 157/4938/2395
f 157/4939/2396 386/4940/2396 384/4941/2396
f 95/4719/2293 101/4932/2390 99/4882/2280
f 101/4932/2390 96/4720/2281 103/4942/2370
f 88/4943/2397 104/4944/2397 109/4945/2397
f 446/4578/2221 463/4892/2371 458/4804/2334
f 161/4946/2398 167/4947/2399 159/4948/2259
f 453/4701/2283 458/4802/2334 465/4911/2382
f 467/4949/2400 389/4950/2401 371/4951/2015
f 323/4952/2402 320/4953/2402 321/4954/2402
f 385/4955/2403 387/4956/2403 362/4957/2403
f 98/4795/2330 104/4958/2404 88/4870/2240
f 485/4905/2024 457/4784/2325 446/4959/2221
f 383/4960/2405 378/4961/2405 160/4962/2405
f 153/4899/2376 157/4898/2375 386/4963/2406
f 384/4964/2407 386/4965/2407 387/4966/2407
f 385/4937/2394 362/4967/2408 388/4968/2409
f 99/4697/2280 105/4969/2410 102/4934/2392
f 385/4937/2394 388/4968/2409 157/4938/2395
f 161/4970/2411 162/4971/2411 167/4972/2411
f 101/4932/2390 105/4973/2410 99/4882/2280
f 100/4921/2385 93/4974/2412 108/4922/2386
f 383/4975/2413 172/4976/2414 176/4977/1892
f 90/4890/2244 104/4958/2404 98/4795/2330
f 465/4911/2382 458/4802/2334 463/4978/2371
f 157/4979/2415 388/4980/2415 387/4981/2415
f 466/4982/2352 322/4983/2416 462/4984/2302
f 371/4985/2015 397/4986/2417 460/4987/2351
f 460/4988/2418 389/4989/2418 467/4990/2418
f 454/4991/2315 468/4992/2419 469/4993/2380
f 390/4994/2420 400/4995/2420 393/4996/2420
f 383/4975/2413 160/4997/2421 172/4976/2414
f 157/4898/2422 387/4998/2423 386/4963/2424
f 90/4890/2244 106/4999/2425 104/4958/2404
f 459/4872/2342 465/4911/2382 454/4991/2315
f 110/5000/2426 112/5001/2426 93/5002/2426
f 323/5003/2427 362/5004/2428 387/5005/2429
f 387/5006/2430 386/5007/2430 158/5008/2430
f 323/5009/2431 7/5010/2431 362/5011/2431
f 168/5012/2432 162/5013/2391 165/5014/2433
f 167/4947/2399 163/5015/2434 159/4948/2259
f 90/4890/2244 107/5016/2345 106/4999/2425
f 108/5017/2386 93/5018/2252 10/5019/2072
f 158/5020/2435 3/5021/2435 387/5022/2435
f 5/5023/2436 4/5024/2437 11/5025/2438
f 470/5026/2439 566/5027/2439 473/5028/2439
f 371/4951/2015 389/4950/2401 397/5029/2417
f 464/5030/2275 469/4993/2380 457/4784/2325
f 387/5031/2440 388/5032/2440 386/5033/2440
f 171/5034/2378 165/5014/2433 162/5013/2391
f 103/4942/2370 109/5035/2377 101/4932/2390
f 395/5036/2441 397/5037/2441 389/5038/2441
f 158/5039/2442 270/5040/2442 3/5041/2442
f 3/5042/2443 323/5003/2427 387/5005/2429
f 158/5043/2444 386/5044/2444 139/5045/2444
f 461/4846/2355 566/4845/2354 470/5046/2445
f 469/4993/2380 446/4959/2221 457/4784/2325
f 391/5047/2446 392/5048/2447 393/5049/2448
f 101/4932/2390 102/5050/2392 105/4973/2410
f 381/5051/2449 321/5052/2449 17/5053/2449
f 382/5054/2450 404/5055/2451 394/5056/2452
f 469/4993/2380 471/5057/2372 446/4959/2221
f 379/5058/2348 388/5059/2409 362/5060/2408
f 5/5061/2453 6/5062/2453 4/5063/2453
f 379/5058/2348 139/5064/2268 388/5059/2409
f 107/5016/2345 102/5050/2392 106/4999/2425
f 101/4932/2390 109/5035/2377 102/5050/2392
f 469/4993/2380 468/4992/2419 471/5057/2372
f 165/4125/2029 13/5065/2454 270/4126/2030
f 388/5066/2455 139/5067/2455 386/5068/2455
f 112/5069/2456 108/4922/2457 93/4974/2458
f 159/4762/2259 163/5070/2434 171/4917/2378
f 465/4911/2382 468/4992/2419 454/4991/2315
f 158/5071/2459 164/5072/2459 270/5073/2459
f 465/4911/2382 463/4978/2371 468/4992/2419
f 167/5074/2460 162/5075/2460 168/5076/2460
f 104/4958/2404 106/4999/2425 109/5035/2377
f 102/5050/2392 109/5035/2377 106/4999/2425
f 320/5077/2461 323/5078/2461 560/5079/2461
f 585/5080/2462 395/5081/2463 396/5082/2464
f 395/5081/2463 585/5080/2462 397/5083/2417
f 165/5084/2433 170/5085/2465 168/5086/2432
f 471/5057/2372 468/4992/2419 463/4978/2371
f 310/5087/2466 4/5088/2466 25/5089/2466
f 110/5090/2467 93/5018/2468 108/5017/2469
f 397/4986/2417 585/5091/2462 398/5092/2470
f 7/5093/2471 270/5094/2471 164/5095/2471
f 395/5096/2472 389/5097/2473 401/5098/2474
f 362/5099/2475 7/5100/2475 164/5101/2475
f 393/5102/2448 322/5103/2476 391/5104/2446
f 11/5105/2477 202/5106/2477 4/5107/2477
f 7/5108/2478 3/5109/2478 270/5110/2478
f 170/5085/2465 166/5111/2479 168/5086/2432
f 3/5112/2480 7/5113/2480 323/5114/2480
f 164/5115/2481 158/5116/2481 405/5117/2481
f 362/5118/2482 164/5119/2483 403/5120/2484
f 393/5049/2448 392/5048/2447 400/5121/2485
f 395/5122/2486 401/5123/2486 396/5124/2486
f 166/5125/2487 167/5126/2487 168/5127/2487
f 202/5128/2488 26/5129/2489 4/5130/2490
f 165/5131/2491 171/5132/2491 169/5133/2491
f 176/3867/1892 172/5134/2414 170/3868/1893
f 3/5135/2492 323/5136/2492 320/5137/2492
f 462/4984/2302 322/4983/2416 324/5138/2493
f 416/4158/1873 315/4157/2043 325/5139/2494
f 461/4846/2355 470/5046/2445 472/5140/2495
f 11/5141/2496 8/5142/2496 5/5143/2496
f 393/5102/2448 400/5144/2497 322/5103/2476
f 11/5025/2498 4/5024/2499 9/5145/2500
f 389/5097/2473 460/5146/2351 401/5098/2474
f 461/5147/2501 472/5148/2501 474/5149/2501
f 393/5150/2502 399/5151/2502 400/5152/2502
f 394/5056/2452 404/5055/2451 377/5153/2503
f 5/5154/2504 8/5155/2504 6/5156/2504
f 473/5157/2505 461/5158/2505 474/5159/2505
f 310/5160/2506 6/5161/2507 10/5162/2508
f 400/5163/2509 341/5164/2509 560/5165/2509
f 270/5166/2030 23/5167/2510 158/5168/2511
f 164/5119/2483 405/5169/2512 403/5120/2484
f 11/5170/2513 4/5171/2514 8/5172/2514
f 397/4986/2417 398/5092/2470 460/4987/2351
f 166/5173/2479 170/5174/2465 167/5175/2399
f 165/4125/2029 169/5176/2515 13/5065/2454
f 171/5177/2378 167/5178/2399 169/5179/2516
f 398/5180/2470 401/5181/2474 460/5182/2351
f 396/5183/2517 401/5181/2474 585/5184/2462
f 158/5185/2518 23/5186/2518 405/5187/2518
f 163/5188/2434 167/5178/2399 171/5177/2378
f 585/5184/2462 401/5181/2474 398/5180/2470
f 391/5189/2519 322/5190/2519 392/5191/2519
f 403/5192/2484 402/5193/2520 362/5194/2482
f 462/5195/2302 345/5196/2521 400/5197/1623
f 169/5198/2516 167/5175/2399 170/5174/2465
f 7/5199/2522 402/5200/2520 585/5201/2523
f 400/5202/2524 392/5203/2524 322/5204/2524
f 4/5171/2514 6/5205/2525 8/5172/2514
f 10/5162/2508 36/5206/2526 12/5207/2347
f 362/5194/2482 402/5193/2520 7/5208/2522
f 473/5209/2527 474/5210/2528 470/5211/2445
f 474/5210/2528 472/5212/2495 470/5211/2445
f 111/5213/2529 108/5214/2530 110/5215/2531
f 110/5215/2532 108/5214/2457 112/5216/2456
f 270/5166/2030 13/5217/2454 23/5167/2510
f 404/5218/2451 396/5219/2533 406/5220/2534
f 405/5221/2512 172/5222/2414 378/5223/2535
f 378/5224/2535 377/5225/2503 403/5226/2484
f 6/5161/2507 14/5227/2536 10/5162/2508
f 405/5221/2512 170/5228/1893 172/5222/2414
f 377/5225/2503 404/5229/2451 403/5226/2484
f 4/5230/2537 26/5231/2537 27/5232/2537
f 172/5222/2414 160/5233/2421 378/5223/2535
f 202/5128/2488 18/5234/2239 26/5129/2489
f 403/5226/2484 405/5235/2512 378/5224/2535
f 396/5219/2533 585/5201/2523 406/5220/2534
f 214/5236/2538 311/5237/2538 215/5238/2538
f 466/4982/2352 439/5239/2539 335/5240/2540
f 315/4157/2043 318/4595/1983 325/5139/2494
f 314/4078/1998 337/4730/2299 317/3960/1939
f 169/5241/2541 170/5242/2541 13/5243/2541
f 475/5244/2542 476/5245/2542 478/5246/2542
f 116/5247/2543 113/5248/2543 114/5249/2543
f 403/5250/2484 404/5251/2451 402/5252/2520
f 405/5253/2544 23/5254/2544 170/5255/2544
f 2/4632/2248 12/4834/2347 36/5256/2526
f 476/5257/2545 477/5258/2546 478/5259/2547
f 311/5260/2548 214/5261/2548 15/5262/2548
f 462/5195/2302 324/5263/2493 345/5196/2521
f 13/5264/2549 170/5265/2549 23/5266/2549
f 404/5251/2451 406/5267/2534 402/5252/2520
f 114/5268/2550 116/5269/2551 115/5270/2552
f 478/5259/2547 477/5258/2546 479/5271/2553
f 560/5272/2554 17/5273/2554 320/5274/2554
f 585/5201/2523 402/5200/2520 406/5220/2534
f 439/5275/2539 416/4158/1873 325/5139/2494
f 479/5276/2553 480/5277/2555 478/5278/2547
f 119/5279/2556 116/5280/2557 115/5281/2558
f 119/5282/2556 117/5283/2559 116/5284/2557
f 476/5285/2545 482/5286/2560 477/5287/2546
f 116/5269/2557 118/5288/2561 115/5270/2558
f 478/5278/2547 482/5286/2560 476/5285/2545
f 402/5289/2562 406/5290/2562 408/5291/2562
f 28/5292/2563 29/5293/2563 16/5294/2563
f 119/5295/2556 115/5296/2558 117/5297/2559
f 170/5298/2564 23/5299/2565 22/5300/2566
f 478/5278/2547 480/5277/2555 483/5301/2567
f 478/5278/2547 483/5301/2567 482/5286/2560
f 402/5302/2568 408/5303/2569 407/5304/2570
f 322/4983/2416 466/4982/2352 335/5240/2540
f 115/5296/2558 118/5305/2561 117/5297/2559
f 481/5306/2571 483/5301/2567 480/5277/2555
f 116/5269/2557 121/5307/2572 118/5288/2561
f 482/5308/2560 481/5309/2571 480/5310/2555
f 477/5311/2546 482/5308/2560 479/5312/2553
f 121/5307/2572 120/5313/2573 118/5288/2561
f 116/5284/2557 117/5283/2559 121/5314/2572
f 23/5315/2574 407/5316/2574 408/5317/2574
f 23/5318/2575 408/5319/2575 22/5320/2575
f 479/5312/2553 482/5308/2560 480/5310/2555
f 117/5297/2559 118/5305/2561 120/5321/2573
f 170/5298/2564 22/5300/2566 21/5322/2576
f 23/5323/2577 170/5324/2577 24/5325/2577
f 325/5326/2494 335/5240/2540 439/5239/2539
f 170/5327/2564 21/5328/2576 24/5329/2578
f 317/3960/1939 337/4730/2299 329/5330/2579
f 23/5331/2580 19/5332/2580 407/5333/2580
f 173/5334/2581 215/5335/2581 311/5336/2581
f 482/5308/2560 483/5337/2567 481/5309/2571
f 117/5297/2559 120/5321/2573 121/5338/2572
f 17/5339/2582 336/5340/2582 381/5341/2582
f 3/4859/2223 336/5342/2583 18/5343/2239
f 407/5344/2584 408/5345/2584 406/5346/2584
f 406/5220/2585 402/5200/2568 407/5347/2570
f 19/5348/2586 23/5349/2586 326/5350/2586
f 19/5351/2587 326/5352/2587 407/5353/2587
f 381/4858/2360 336/5342/2583 3/4859/2223
f 408/5354/2588 406/5355/2588 413/5356/2588
f 408/5357/2589 326/5358/2590 22/5359/2591
f 408/5303/2592 413/5360/2593 407/5304/2594
f 22/5361/2566 20/5362/2595 21/5363/2576
f 10/5162/2508 14/5227/2536 36/5206/2526
f 534/4640/1795 346/5364/2596 318/4641/1983
f 408/5357/2589 407/5365/2597 326/5358/2590
f 406/5220/2598 407/5347/2599 413/5366/2600
f 22/5361/2566 23/5367/2601 20/5362/2595
f 23/5368/2602 22/5369/2602 326/5370/2602
f 16/5371/1896 15/5372/2603 214/5373/1658
f 400/5374/2604 345/5375/2604 47/5376/2604
f 23/5377/2605 24/5378/2605 20/5379/2605
f 14/5227/2536 6/5161/2507 25/5380/2606
f 173/5381/2607 33/5382/2607 515/5383/2607
f 406/5384/2608 413/5385/2608 409/5386/2608
f 410/5387/2609 327/5388/2610 413/5389/2611
f 410/5390/2612 415/5391/2612 411/5392/2612
f 411/5393/2613 412/5394/2613 410/5395/2613
f 322/4983/2416 335/5240/2540 324/5138/2493
f 400/5396/2614 47/5397/2614 341/5398/2614
f 24/5329/2578 21/5328/2576 20/5399/2615
f 407/5400/2616 413/5401/2616 328/5402/2616
f 320/5403/2617 17/5404/2617 321/5405/2617
f 413/5406/2618 327/5407/2618 328/5408/2618
f 410/5387/2609 412/5409/2619 327/5388/2610
f 2/5410/2620 36/5411/2620 31/5412/2620
f 310/5413/2621 25/5414/2621 6/5415/2621
f 410/5416/2622 413/5417/2622 414/5418/2622
f 18/5343/2239 336/5342/2583 26/5419/2489
f 29/5420/2623 15/5372/2603 16/5371/1896
f 415/5421/2624 410/5422/2624 414/5423/2624
f 836/5424/2625 484/5425/2625 319/5426/2625
f 411/5427/2626 20/5399/2627 21/5328/2628
f 560/5428/2629 341/5429/2629 17/5430/2629
f 327/5431/2610 414/5432/2630 328/5433/2631
f 317/4735/1939 329/5434/2579 534/4736/1795
f 412/5435/2632 411/5436/2632 415/5437/2632
f 327/5438/2610 412/5439/2619 414/5440/2630
f 328/5441/2633 414/5442/2633 413/5443/2633
f 21/5328/2628 415/5444/2634 411/5427/2626
f 412/5439/2619 415/5445/2635 414/5440/2630
f 4/5446/2636 27/5447/2636 25/5448/2636
f 37/5449/2637 28/5450/2638 338/5451/2639
f 338/5452/2639 28/5453/2638 534/5454/1795
f 28/5450/2638 37/5449/2637 29/5455/2623
f 34/5456/2640 333/5457/2640 173/5458/2640
f 36/5459/2641 30/5460/2642 31/5461/2643
f 325/5139/2494 318/4595/1983 330/5462/2644
f 14/5227/2536 25/5380/2606 32/5463/2645
f 31/5461/2643 30/5460/2642 2/5464/2646
f 14/5227/2536 32/5465/2645 36/5206/2526
f 325/5139/2494 330/5462/2644 354/5466/2647
f 332/5467/2648 338/5468/2649 33/5469/2650
f 333/5470/2651 332/5467/2648 33/5469/2650
f 333/5471/2652 33/5472/2653 34/5473/2654
f 15/5474/2655 34/5475/2655 33/5476/2655
f 33/5477/2656 338/5478/2656 331/5479/2656
f 337/5480/2657 484/5481/2657 33/5482/2657
f 534/5454/1795 329/5483/2579 338/5452/2639
f 34/5473/2658 15/5484/2603 333/5471/2659
f 37/5485/2660 34/5486/2660 333/5487/2660
f 2/5464/2646 30/5460/2642 35/5488/2661
f 338/5489/2662 332/5490/2662 331/5491/2662
f 332/5492/2663 333/5493/2663 331/5494/2663
f 38/5495/2664 36/5496/2664 32/5497/2664
f 32/5498/2665 44/5499/2665 38/5500/2665
f 340/5501/2666 334/5502/2666 325/5503/2666
f 325/5504/2494 334/5505/2667 335/5506/2540
f 27/5507/2668 40/5508/2669 25/5380/2606
f 33/5509/2670 331/5510/2670 337/5511/2670
f 26/5512/2671 336/5513/2671 27/5514/2671
f 534/4640/1795 28/5515/2638 346/5364/2596
f 318/4595/1983 344/5516/2672 330/5462/2644
f 336/5517/2673 17/5518/2673 47/5519/2673
f 336/5520/2674 47/5521/2674 27/5522/2674
f 340/5523/2675 352/5524/2675 334/5525/2675
f 44/5526/2676 49/5527/2676 38/5528/2676
f 335/5506/2540 345/5529/2521 324/5530/2493
f 25/5380/2606 40/5508/2669 32/5463/2645
f 15/5531/2677 173/5532/2677 311/5533/2677
f 33/5534/2678 173/5535/2678 15/5536/2678
f 37/5537/2637 333/5538/2659 29/5539/2623
f 484/5540/2679 337/5541/2679 319/5542/2679
f 329/5543/2579 337/5544/2299 338/5545/2639
f 331/5546/2680 338/5545/2639 337/5544/2299
f 37/5547/2637 338/5545/2639 331/5546/2681
f 37/5537/2637 331/5548/2681 333/5538/2682
f 29/5539/2623 333/5538/2659 15/5549/2603
f 335/5506/2540 334/5505/2667 345/5529/2521
f 36/5550/2641 38/5551/2683 49/5552/2684
f 28/5553/2685 2/5554/2685 50/5555/2685
f 28/5556/2638 48/5557/2686 346/5558/2596
f 318/5559/2687 339/5560/2687 346/5561/2687
f 325/5139/2494 352/5562/2688 340/5563/2689
f 325/5139/2494 354/5466/2647 352/5562/2688
f 47/5564/2690 17/5565/2690 341/5566/2690
f 342/5567/2691 52/5568/2692 347/5569/2693
f 343/5570/2694 353/5571/2695 342/5567/2696
f 39/5572/2697 46/5573/2698 52/5574/2692
f 347/5575/2693 52/5574/2692 348/5576/2699
f 43/5577/2700 46/5573/2698 39/5572/2697
f 342/5578/2696 353/5579/2695 350/5580/2701
f 52/5574/2692 46/5573/2698 348/5576/2699
f 318/5581/2702 346/5582/2702 344/5583/2702
f 345/5584/2703 334/5585/2703 349/5586/2703
f 345/5587/2704 349/5588/2704 47/5589/2704
f 30/5460/2642 36/5550/2641 51/5590/2705
f 28/5556/2638 50/5591/2706 48/5557/2686
f 342/5567/2691 347/5569/2693 343/5570/2707
f 353/5571/2695 343/5570/2694 349/5592/2708
f 43/5593/2709 40/5594/2669 41/5595/2710
f 40/5594/2669 43/5593/2709 32/5596/2645
f 349/5592/2711 343/5570/2712 348/5597/2699
f 43/5598/2713 41/5595/2710 42/5599/2714
f 353/5571/2695 349/5592/2708 334/5600/2715
f 348/5597/2699 42/5601/2716 349/5592/2711
f 346/5602/2596 48/5603/2686 351/5604/2717
f 343/5605/2712 347/5606/2693 348/5607/2699
f 32/5608/2718 43/5609/2718 44/5610/2718
f 349/5611/2719 42/5612/2719 347/5613/2719
f 349/5614/2720 347/5615/2720 343/5616/2720
f 52/5574/2692 48/5617/2686 39/5572/2697
f 45/5618/2721 48/5619/2721 52/5620/2721
f 35/5488/2661 50/5621/2706 2/5464/2646
f 45/5622/2722 348/5623/2723 48/5624/2724
f 48/5624/2724 348/5623/2723 46/5625/2725
f 351/5626/2717 48/5627/2686 342/5628/2691
f 342/5629/2696 350/5630/2701 351/5631/2717
f 30/5460/2642 51/5590/2705 35/5488/2661
f 348/5576/2726 46/5573/2698 43/5577/2700
f 351/5604/2717 350/5580/2701 346/5602/2596
f 48/5627/2686 52/5632/2692 342/5628/2691
f 46/5633/2725 42/5634/2727 48/5635/2724
f 46/5633/2725 348/5636/2728 42/5634/2727
f 342/5637/2729 351/5638/2729 343/5639/2729
f 36/5550/2641 49/5552/2684 51/5590/2705
f 47/5640/2730 347/5641/2730 42/5642/2730
f 40/5594/2669 27/5643/2668 41/5595/2710
f 47/5644/2731 42/5599/2714 27/5643/2668
f 41/5595/2710 27/5643/2668 42/5599/2714
f 48/5645/2724 42/5646/2727 45/5647/2722
f 44/5648/2732 43/5649/2732 49/5650/2732
f 48/5617/2686 50/5651/2706 39/5572/2697
f 330/5652/2644 344/5653/2672 350/5580/2701
f 354/5654/2647 330/5652/2644 350/5580/2701
f 334/5600/2715 352/5655/2688 353/5571/2695
f 344/5653/2672 346/5602/2596 350/5580/2701
f 45/5647/2722 42/5646/2727 348/5656/2723
f 352/5655/2688 354/5657/2647 353/5571/2695
f 51/5658/2705 43/5577/2700 35/5659/2661
f 39/5572/2697 35/5659/2661 43/5577/2700
f 49/5660/2684 43/5577/2700 51/5658/2705
f 39/5572/2697 50/5651/2706 35/5659/2661
f 350/5580/2701 353/5579/2695 354/5654/2647
f 351/5661/2733 347/5570/2733 343/5569/2733
