# Blender 4.4.0
# www.blender.org
mtllib Meshy_AI_a_run_down_truck_that_0822235413_texture.mtl
o Meshy_AI_a_run_down_truck_that_0822235413_texture
v 0.507235 0.363267 0.080962
v 0.558960 0.349045 0.121783
v 0.497485 0.052557 0.366433
v 0.705451 0.254624 0.363698
v 0.706896 0.142550 0.366338
v 0.901703 0.095675 0.367744
v 0.935272 0.284587 0.368288
v 0.760180 0.353887 0.239556
v 0.833818 0.349197 0.242882
v 0.795881 0.377277 0.238245
v 0.814587 0.354001 0.133523
v 0.899787 0.026420 0.366412
v 0.943847 0.346331 -0.323417
v 0.930318 0.002860 0.377272
v 0.935128 -0.149467 0.365989
v 0.602510 -0.303923 0.129960
v 0.814496 -0.327431 0.133386
v 0.721002 -0.232943 0.231869
v 0.665882 -0.265450 0.212341
v 0.739978 -0.301529 0.114184
v 0.742390 -0.291875 0.133494
v 0.747483 -0.292308 0.159604
v 0.682679 -0.339054 0.011333
v 0.684656 -0.210854 0.227895
v 0.710866 -0.206592 0.291981
v 0.789306 -0.218461 0.174511
v 0.788866 -0.324304 0.156234
v 0.745688 -0.242123 0.338090
v 0.727643 -0.217922 0.331956
v 0.713151 -0.233121 0.369636
v 0.750177 -0.244806 0.266170
v 0.751114 -0.262429 0.237123
v 0.781592 -0.298015 0.260896
v 0.777683 -0.339233 0.238423
v 0.753574 -0.198132 0.193331
v 0.766038 -0.283495 0.364526
v 0.840571 -0.256422 0.161756
v 0.778577 -0.286037 0.328464
v 0.790389 -0.359727 0.268704
v 0.770449 -0.395270 0.243772
v 0.761073 -0.292374 -0.097946
v 0.789740 -0.285919 0.045583
v 0.787629 -0.384832 0.345810
v 0.786362 -0.344084 0.346527
v 0.898776 -0.178738 0.364659
v 0.766722 -0.432407 0.348177
v 0.788847 -0.295826 0.073000
v 0.838559 -0.289037 0.189839
v 0.795185 -0.251349 0.132350
v 0.796851 -0.214980 0.362870
v 0.838397 -0.265103 0.292662
v 0.808175 -0.286562 -0.094233
v 0.902937 -0.310757 0.156574
v 0.828358 -0.274000 0.102738
v 0.854461 -0.319632 0.132751
v 0.904325 -0.036204 0.364075
v 0.850806 -0.385127 0.363163
v 0.905040 -0.253619 0.164879
v 0.937754 -0.213924 0.362870
v 0.863523 -0.386017 0.189763
v 0.873276 -0.293651 0.129460
v 0.873197 -0.383943 0.314583
v 0.892903 -0.291952 0.130165
v 0.842995 -0.298657 0.132182
v 0.898166 -0.290077 0.119834
v 0.861652 -0.254467 0.134474
v 0.935403 -0.256798 0.108768
v 0.907544 -0.257806 0.371645
v 0.926298 -0.256230 0.370252
v 0.924804 -0.308431 0.371579
v 0.917630 -0.264377 0.127738
v 0.906232 -0.308240 0.370457
v 0.929638 -0.309097 0.125174
v 0.915959 -0.270867 0.251610
v 0.915832 -0.295599 0.250469
v 0.936810 -0.215238 -0.035256
v 0.713324 -0.326663 0.160697
v 0.306059 -0.053575 0.366367
v 0.454919 -0.343516 0.249743
v 0.462418 -0.295881 0.249367
v 0.780608 -0.241712 0.164555
v 0.584932 -0.294847 0.103636
v 0.475189 -0.279434 0.364402
v 0.530109 -0.221263 0.133220
v 0.503542 -0.230827 0.340479
v 0.523190 -0.210999 0.256578
v 0.480982 -0.251752 0.333572
v 0.502539 -0.249199 0.367922
v 0.558400 -0.198291 0.155879
v 0.364494 -0.340448 0.130800
v 0.602039 -0.359792 0.133125
v 0.528921 -0.207542 0.312277
v 0.602934 -0.359997 0.157574
v 0.499110 -0.239736 0.241791
v 0.523278 -0.230744 0.225312
v 0.512480 -0.177160 0.207824
v 0.584468 -0.220016 0.147103
v 0.701475 0.049854 0.363679
v 0.556877 -0.212470 0.222872
v 0.534034 -0.376429 0.223881
v 0.559088 -0.299502 0.231049
v 0.593502 -0.193593 0.366136
v 0.531044 -0.221388 0.366050
v 0.558339 -0.201786 0.364493
v 0.578300 -0.268597 0.212192
v 0.549548 -0.282041 0.135611
v 0.516141 -0.365419 -0.000067
v 0.743237 -0.160192 0.363684
v 0.607867 -0.309245 0.155945
v 0.557263 -0.308038 0.149526
v 0.569228 -0.402609 0.001925
v 0.610615 -0.368012 0.040450
v 0.555338 -0.325085 0.268347
v 0.586820 -0.297186 -0.097053
v 0.626935 -0.179140 0.256983
v 0.622184 -0.402704 0.044413
v 0.591576 -0.179692 0.320701
v 0.636324 -0.200891 0.151456
v 0.632940 -0.199601 0.225277
v 0.569698 -0.193412 0.237957
v 0.656260 -0.297578 0.248121
v 0.668793 -0.396459 0.014447
v 0.429496 -0.229807 0.160232
v 0.646977 -0.223542 0.158712
v 0.657877 -0.179300 0.321667
v 0.645424 -0.197046 0.367931
v 0.687990 -0.201133 0.353043
v 0.737025 -0.181818 0.375911
v 0.611375 -0.185170 0.239040
v 0.451528 -0.358373 0.334551
v 0.452667 -0.397467 0.338773
v 0.476959 -0.436844 0.368333
v 0.496317 -0.331412 0.381043
v 0.485946 -0.468788 0.285982
v 0.485165 -0.462789 0.325523
v 0.462466 -0.379825 0.233319
v 0.504411 -0.474047 0.364984
v 0.537916 -0.443051 0.388758
v 0.569380 -0.521236 0.286373
v 0.546783 -0.493918 0.236955
v 0.506735 -0.475349 0.243432
v 0.495824 -0.347545 0.215316
v 0.548383 -0.495356 0.379302
v 0.585049 -0.287640 0.364210
v 0.568703 -0.404746 0.328940
v 0.615820 -0.495046 0.383810
v 0.548997 -0.351333 0.327368
v 0.567053 -0.368753 0.323578
v 0.589649 -0.338140 0.331306
v 0.585814 -0.512623 0.242394
v 0.547282 -0.371219 0.267501
v 0.584883 -0.517557 0.362997
v 0.559254 -0.513587 0.351878
v 0.636505 -0.300202 0.324785
v 0.621592 -0.520864 0.266544
v 0.589702 -0.359294 0.356113
v 0.609057 -0.332635 0.352693
v 0.616242 -0.385335 0.352725
v 0.542749 -0.387885 0.371435
v 0.732590 -0.330470 0.386678
v 0.584792 -0.402604 0.283767
v 0.585387 -0.435526 0.237159
v 0.588626 -0.369827 0.283940
v 0.629291 -0.356301 0.283508
v 0.671486 -0.419734 0.228372
v 0.653195 -0.503587 0.238628
v 0.640076 -0.404227 0.285930
v 0.635366 -0.366326 0.354398
v 0.636960 -0.522541 0.351338
v 0.630588 -0.369589 0.041368
v 0.617646 -0.424607 0.332932
v 0.685187 -0.510658 0.260121
v 0.691903 -0.488575 0.381558
v 0.666519 -0.369335 0.285507
v 0.651741 -0.300266 0.269979
v 0.675718 -0.510358 0.346621
v 0.624943 -0.432397 0.249926
v 0.654042 -0.412157 0.271903
v 0.630410 -0.430335 0.375838
v 0.678141 -0.335304 0.269604
v 0.605847 -0.244001 0.381715
v 0.671897 -0.386733 0.331094
v 0.677655 -0.327557 0.365767
v 0.668493 -0.395176 0.357943
v 0.717042 -0.480715 0.242859
v 0.748487 -0.448150 0.242425
v 0.691583 -0.381108 0.237056
v 0.750044 -0.294456 0.228656
v 0.736800 -0.248182 0.369929
v 0.746874 -0.469071 0.337458
v 0.736780 -0.465045 0.371370
v 0.755106 -0.424215 0.379710
v 0.771908 -0.319153 0.371825
v 0.776352 -0.427672 0.279953
v 0.772369 -0.388270 0.374441
v 0.738597 -0.478906 0.270171
v 0.708087 0.095881 -0.368499
v 0.304330 0.103869 -0.367837
v 0.533499 0.401840 -0.082582
v 0.291958 -0.055602 -0.365681
v 0.515302 0.006688 -0.368094
v 0.532388 0.359772 0.026447
v 0.702360 -0.064079 -0.365976
v 0.519438 0.359496 -0.078471
v 0.760242 0.353964 -0.241116
v 0.705228 0.140957 -0.368148
v 0.705247 0.273414 -0.367993
v 0.906050 0.254380 -0.365653
v 0.787329 0.378950 0.138474
v 0.784595 0.378210 -0.241236
v 0.792794 0.378330 -0.131671
v 0.814571 0.354279 -0.240844
v 0.903944 0.141452 -0.368272
v 0.903452 0.025726 -0.368163
v 0.904140 -0.036326 -0.365915
v 0.939545 -0.158824 -0.346577
v 0.778673 -0.302479 -0.116926
v 0.510519 -0.178509 -0.206447
v 0.698274 -0.308905 -0.158638
v 0.713198 -0.215233 -0.243257
v 0.645055 -0.221540 -0.161123
v 0.604312 -0.359836 -0.135172
v 0.850106 -0.314781 -0.135221
v 0.731795 -0.225695 -0.258778
v 0.833082 -0.263705 -0.164710
v 0.747360 -0.296681 -0.161158
v 0.749231 -0.299109 -0.136738
v 0.715705 -0.226714 -0.373609
v 0.758343 -0.283631 -0.375540
v 0.748775 -0.254523 -0.369638
v 0.721425 -0.289574 -0.221485
v 0.777587 -0.390365 -0.244257
v 0.781848 -0.303375 -0.350423
v 0.835601 -0.285432 -0.133998
v 0.787287 -0.331331 -0.157684
v 0.847813 -0.327986 -0.159861
v 0.746867 -0.238763 -0.295800
v 0.763915 -0.285647 -0.238029
v 0.770016 -0.267050 -0.331348
v 0.773559 -0.314944 -0.239164
v 0.789984 -0.357786 -0.266691
v 0.729069 -0.388484 -0.393041
v 0.824910 -0.284382 -0.367822
v 0.773669 -0.215728 -0.016648
v 0.762130 -0.237668 -0.010629
v 0.775816 -0.353128 -0.377497
v 0.781426 -0.417277 -0.345722
v 0.770078 -0.441973 -0.296675
v 0.781647 -0.397653 -0.270277
v 0.779541 -0.307863 -0.262413
v 0.739185 -0.161034 -0.376020
v 0.787717 -0.337015 -0.338163
v 0.759498 -0.202143 -0.166030
v 0.838311 -0.300121 -0.182714
v 0.795519 -0.274079 0.131064
v 0.804336 -0.244939 -0.126534
v 0.800768 -0.216023 -0.200055
v 0.800796 -0.219463 -0.346992
v 0.844943 -0.276346 -0.255938
v 0.902593 -0.310749 -0.158611
v 0.824513 -0.242446 0.124352
v 0.833427 -0.285317 0.074814
v 0.869732 -0.385258 -0.333679
v 0.904039 -0.253760 -0.161148
v 0.842652 -0.386283 -0.170665
v 0.830744 -0.256237 -0.128047
v 0.845610 -0.386159 -0.363286
v 0.873866 -0.383248 -0.234665
v 0.862527 -0.311531 -0.130973
v 0.935849 -0.311289 -0.104921
v 0.929325 -0.254162 -0.132241
v 0.886541 -0.270203 -0.138930
v 0.938387 -0.193133 -0.372533
v 0.907552 -0.308214 -0.373603
v 0.906255 -0.256032 -0.370499
v 0.916139 -0.296970 -0.349736
v 0.924722 -0.257817 -0.373566
v 0.926754 -0.269951 -0.250550
v 0.926533 -0.297954 -0.250408
v 0.917958 -0.292348 -0.129506
v 0.919641 -0.138180 -0.384482
v 0.936817 -0.151310 -0.367997
v 0.496008 -0.084531 -0.368254
v 0.510102 -0.181891 -0.376713
v 0.475322 -0.210405 0.151657
v 0.516248 -0.150322 -0.368042
v 0.596075 -0.204060 -0.167362
v 0.600339 -0.227703 -0.165409
v 0.498377 -0.232923 -0.262360
v 0.526290 -0.205150 -0.325346
v 0.488936 -0.198138 -0.168470
v 0.558585 -0.208009 -0.228245
v 0.528437 -0.204039 -0.273103
v 0.521796 -0.225305 -0.368360
v 0.404283 -0.309788 -0.117365
v 0.598772 -0.356585 -0.008152
v 0.596360 -0.358183 -0.163526
v 0.561643 -0.292210 -0.224862
v 0.575421 -0.190157 -0.347241
v 0.423773 -0.298281 -0.100243
v 0.507141 -0.219638 -0.134967
v 0.584064 -0.183530 -0.259934
v 0.637914 -0.182603 -0.271868
v 0.755912 -0.197695 -0.003878
v 0.738802 -0.182152 -0.377828
v 0.590553 -0.287791 -0.271524
v 0.603395 -0.291014 -0.156613
v 0.558352 -0.309343 -0.163729
v 0.764193 -0.256893 -0.007649
v 0.603778 -0.326453 -0.013787
v 0.627037 -0.179354 -0.330769
v 0.605394 -0.369680 -0.041246
v 0.608642 -0.400272 -0.041546
v 0.590348 -0.214255 -0.145006
v 0.610849 -0.293144 -0.129881
v 0.613033 -0.301425 -0.114912
v 0.787508 -0.244967 -0.186470
v 0.647685 -0.198331 -0.230412
v 0.598115 -0.187512 -0.241056
v 0.633814 -0.372304 -0.043363
v 0.633906 -0.418388 -0.011719
v 0.658209 -0.179659 -0.268379
v 0.624771 -0.273923 -0.234264
v 0.412474 -0.311641 -0.134080
v 0.695648 -0.196587 -0.330490
v 0.736287 -0.178443 -0.206134
v 0.672107 -0.203610 -0.232472
v 0.687299 -0.362941 -0.018217
v 0.475093 -0.451387 -0.276229
v 0.531664 -0.503384 -0.261554
v 0.571959 -0.488777 -0.385316
v 0.542058 -0.506769 -0.360425
v 0.547792 -0.513847 -0.282946
v 0.591126 -0.289568 -0.362256
v 0.463077 -0.379612 -0.235024
v 0.607359 -0.443622 -0.231124
v 0.555003 -0.395498 -0.273877
v 0.539255 -0.355490 -0.306635
v 0.563017 -0.303426 -0.306054
v 0.598591 -0.424412 -0.305760
v 0.593397 -0.192057 -0.368109
v 0.577430 -0.515942 -0.364314
v 0.539206 -0.330729 -0.368005
v 0.615423 -0.525905 -0.342745
v 0.600309 -0.524054 -0.260245
v 0.594535 -0.329195 -0.296248
v 0.602207 -0.355954 -0.296277
v 0.633212 -0.526346 -0.289705
v 0.630988 -0.512562 -0.382007
v 0.632952 -0.289569 -0.305573
v 0.650087 -0.301414 -0.360060
v 0.548535 -0.330673 -0.272328
v 0.576725 -0.422614 -0.254161
v 0.633133 -0.328691 -0.295702
v 0.630568 -0.422269 -0.305518
v 0.591110 -0.371959 -0.273042
v 0.589099 -0.433612 -0.387147
v 0.517180 -0.430028 -0.389100
v 0.634799 -0.428429 -0.377988
v 0.632782 -0.195530 -0.370285
v 0.619722 -0.404391 -0.272358
v 0.657393 -0.523811 -0.275614
v 0.693780 -0.493001 -0.244360
v 0.672474 -0.324463 -0.305286
v 0.672158 -0.203615 -0.369794
v 0.677787 -0.516486 -0.344380
v 0.628920 -0.424507 -0.272854
v 0.673729 -0.390681 -0.276202
v 0.644346 -0.370113 -0.278792
v 0.650875 -0.295485 -0.271981
v 0.678263 -0.373853 -0.305884
v 0.677000 -0.502552 -0.381735
v 0.656818 -0.440054 -0.393107
v 0.682056 -0.324913 -0.380150
v 0.715199 -0.494216 -0.340444
v 0.685851 -0.402688 -0.231214
v 0.662239 -0.289748 -0.236850
v 0.695823 -0.346604 -0.238475
v 0.727362 -0.465902 -0.383493
v 0.761326 -0.430409 -0.376795
v 0.774177 -0.390280 -0.377953
v 0.740563 -0.466476 -0.258081
v 0.746804 -0.469600 -0.340927
v 0.761546 -0.456858 -0.341062
v 0.762250 -0.431421 -0.246463
v 0.532182 -0.275852 -0.384013
v 0.083550 0.273734 -0.367955
v 0.100365 0.143256 -0.367531
v 0.233121 0.348960 -0.122023
v 0.943106 0.336232 0.353983
v 0.307308 0.213734 -0.365642
v 0.084951 0.163538 0.363938
v -0.387892 -0.014034 0.382688
v 0.327420 0.349479 0.231343
v 0.300851 0.273674 0.363668
v 0.271828 0.403501 -0.088223
v 0.279968 0.359915 -0.075140
v 0.355948 0.428170 0.054455
v 0.085147 0.310136 -0.369375
v 0.943957 0.325940 -0.364285
v 0.289818 0.187486 0.366265
v 0.282517 0.359357 0.076412
v 0.368111 0.380694 0.096133
v 0.282213 0.403073 0.092240
v 0.388538 0.367899 -0.179260
v 0.369372 0.398209 -0.100900
v 0.413059 0.400522 -0.179974
v 0.373292 0.405849 -0.180806
v 0.369606 0.383490 0.178299
v 0.366305 0.431298 -0.041113
v 0.390347 0.415358 0.179370
v 0.411109 0.378887 0.178952
v 0.416329 0.401186 -0.098527
v 0.516287 0.072718 -0.368402
v 0.498458 0.116697 0.366419
v 0.500353 0.247230 0.363890
v 0.398354 0.367799 -0.088898
v 0.371919 0.407118 0.092699
v 0.414772 0.390284 0.100008
v 0.528085 0.401176 0.089187
v 0.511508 -0.107095 0.363954
v 0.514347 -0.012719 0.365710
v 0.518132 0.205994 -0.365801
v 0.092066 0.349742 0.238566
v -0.230122 0.349992 -0.230967
v -0.170630 0.073293 0.364946
v 0.456222 -0.222579 0.372051
v 0.143794 -0.223288 0.231742
v 0.090094 -0.223249 0.191205
v 0.093334 -0.304853 0.160815
v 0.183956 -0.327621 0.296382
v 0.184662 -0.254418 0.250516
v 0.252867 -0.258349 0.239053
v 0.182489 -0.293635 0.148925
v 0.227085 -0.339490 0.148025
v 0.256499 -0.352534 0.279002
v 0.256728 -0.286768 0.275990
v 0.288342 -0.225570 0.140785
v 0.508705 -0.181558 0.375387
v 0.282365 -0.294828 0.157457
v 0.254880 -0.375832 0.192253
v 0.353766 -0.328488 0.149779
v 0.317580 -0.293366 0.130066
v 0.325480 -0.331895 0.129766
v 0.225325 -0.284035 0.153446
v 0.365788 -0.221785 0.133652
v 0.328892 -0.308956 0.127454
v 0.337423 -0.264574 0.127334
v 0.318600 -0.268941 0.136082
v 0.351987 -0.310731 0.125632
v 0.427586 -0.324067 0.022505
v 0.403914 -0.352224 0.156021
v 0.347171 -0.261394 0.129478
v 0.406308 -0.258209 0.153668
v 0.442764 -0.296945 0.115935
v 0.442844 -0.303723 0.129887
v 0.377902 -0.305050 0.147160
v 0.454689 -0.403094 0.285171
v 0.453578 -0.322198 0.345850
v 0.460954 -0.296527 0.325590
v 0.474941 -0.436155 0.245568
v 0.557579 -0.221566 0.160804
v -0.051136 -0.229818 0.150748
v 0.037779 -0.229977 0.131128
v 0.057799 -0.260519 0.100758
v -0.050557 -0.343190 0.125982
v -0.031807 -0.383826 0.191237
v 0.223162 -0.381806 0.263915
v -0.031825 -0.254534 0.201183
v 0.094924 -0.255024 0.216130
v 0.044426 -0.250565 0.129528
v 0.040532 -0.253178 0.087304
v 0.040063 -0.277863 0.078666
v 0.057940 -0.315465 0.104950
v 0.111150 -0.259908 0.097648
v 0.090622 -0.247123 0.067306
v 0.184166 -0.367819 0.171550
v -0.211620 -0.225263 0.184559
v 0.047784 -0.225673 0.123705
v 0.122072 -0.299342 0.140004
v 0.170482 -0.227321 0.140896
v 0.110360 -0.227742 0.004847
v 0.163436 -0.278353 0.129209
v 0.161799 -0.341794 0.124086
v 0.181129 -0.230051 0.143351
v 0.229792 -0.301935 0.147247
v 0.300741 -0.245275 0.147538
v -0.094352 -0.250081 0.179995
v 0.184063 -0.250824 0.215048
v 0.127694 -0.326636 0.147057
v -0.069213 -0.373677 0.013002
v 0.055246 -0.278057 -0.131400
v 0.030638 -0.366273 0.021871
v 0.056654 -0.494143 0.039250
v 0.028497 -0.402230 0.021081
v 0.036193 -0.327033 -0.037996
v 0.036101 -0.473271 -0.037547
v 0.182453 -0.473052 -0.037420
v 0.036353 -0.225986 -0.131827
v 0.043807 -0.245068 0.081004
v 0.050580 -0.232942 -0.134182
v 0.043607 -0.243488 -0.078842
v 0.114682 -0.243518 0.004399
v 0.062379 -0.381768 0.053743
v 0.186419 -0.471964 -0.042263
v 0.062341 -0.370415 -0.113474
v 0.151565 -0.379525 0.097894
v 0.188143 -0.325633 0.042737
v 0.078511 -0.326685 -0.052281
v 0.031373 -0.323093 0.042678
v 0.151170 -0.381953 -0.057617
v 0.062671 -0.386627 -0.049557
v 0.036240 -0.327142 0.036175
v 0.036356 -0.473316 0.035407
v 0.078416 -0.352421 0.057416
v 0.129965 -0.274531 -0.078813
v 0.032022 -0.472057 -0.042161
v 0.131658 -0.266154 0.078443
v 0.031393 -0.324124 -0.045813
v 0.181948 -0.327180 0.035725
v 0.182260 -0.472998 0.035158
v 0.059893 -0.264084 -0.103606
v 0.154444 -0.370521 -0.113719
v 0.141396 -0.326773 0.049588
v 0.127557 -0.295417 0.045873
v 0.152687 -0.320116 -0.001304
v 0.160350 -0.261385 0.110329
v 0.143689 -0.262637 -0.100247
v 0.148015 -0.381347 0.054117
v 0.178485 -0.322952 0.014525
v 0.170179 -0.295693 0.017174
v 0.104340 -0.248791 -0.080615
v 0.137775 -0.262765 -0.009105
v 0.189888 -0.324754 -0.041747
v 0.172690 -0.227541 -0.133327
v 0.176873 -0.331679 0.006088
v 0.182216 -0.326983 -0.037871
v 0.190152 -0.366764 0.020887
v 0.186186 -0.472539 0.039337
v 0.187885 -0.402567 0.022169
v 0.187758 -0.366386 -0.023949
v 0.223880 -0.397766 -0.020619
v 0.270699 -0.405900 -0.004792
v 0.269949 -0.395623 0.016610
v 0.135300 -0.323409 -0.055745
v 0.159093 -0.264022 0.101416
v 0.325832 -0.307373 -0.126894
v 0.306344 -0.338943 -0.125254
v 0.354655 -0.263107 -0.136145
v 0.502128 -0.384559 0.018646
v 0.319185 -0.293532 -0.131979
v 0.366777 -0.338954 -0.131447
v 0.502333 -0.399295 -0.015062
v 0.336339 -0.264609 -0.139160
v 0.280122 -0.338915 -0.147433
v 0.357866 -0.315072 -0.148487
v 0.347855 -0.319682 -0.131288
v 0.380085 -0.291453 0.021666
v 0.366165 -0.310845 0.032834
v 0.355679 -0.301645 0.049291
v 0.356597 -0.222734 -0.135454
v 0.461429 -0.224944 0.133202
v 0.355600 -0.289360 -0.138616
v 0.537439 -0.290535 -0.137914
v 0.279523 -0.366410 -0.012157
v 0.499921 -0.378773 -0.022366
v 0.386739 -0.302711 -0.149383
v 0.449883 -0.354366 -0.335022
v 0.451389 -0.345183 -0.255749
v 0.452332 -0.317290 -0.278617
v 0.457827 -0.317519 -0.363443
v 0.450950 -0.401192 -0.330849
v 0.463477 -0.432007 -0.324958
v 0.466831 -0.271442 -0.326865
v 0.459905 -0.317622 -0.241468
v 0.464324 -0.278925 -0.269680
v 0.460959 -0.391188 -0.370332
v 0.495315 -0.264580 -0.227140
v 0.482375 -0.308491 -0.223444
v 0.500350 -0.483706 -0.338804
v 0.457322 -0.355146 -0.367957
v 0.470980 -0.293825 -0.367810
v 0.508098 -0.474051 -0.242809
v 0.404640 -0.260449 -0.148339
v 0.484428 -0.448324 -0.373899
v 0.502792 -0.248492 -0.370134
v 0.403964 -0.351034 -0.159147
v 0.476194 -0.435479 -0.244066
v 0.535712 -0.384528 -0.238163
v 0.931614 0.002688 -0.381401
v 0.358608 -0.231776 -0.158029
v 0.185083 -0.343532 -0.295296
v 0.224307 -0.392190 -0.238643
v 0.459269 -0.222034 -0.373799
v 0.077988 -0.262843 -0.160410
v -0.059096 -0.308773 -0.148252
v 0.057490 -0.344095 -0.124335
v -0.067648 -0.336339 -0.137862
v -0.032051 -0.329564 -0.297530
v 0.183807 -0.262259 -0.266643
v 0.158735 -0.244787 -0.127879
v 0.078642 -0.230089 -0.141305
v 0.044161 -0.271729 -0.130898
v 0.130446 -0.233733 -0.255223
v 0.171090 -0.258479 -0.102861
v 0.098115 -0.252840 -0.218983
v 0.073104 -0.233548 -0.238189
v 0.185149 -0.320506 -0.151762
v 0.120444 -0.302775 -0.150614
v 0.119665 -0.319516 -0.157032
v 0.073690 -0.221194 -0.189259
v 0.172877 -0.254074 -0.083273
v 0.167974 -0.273869 -0.133173
v 0.160391 -0.343404 -0.126290
v 0.186898 -0.303049 -0.128166
v 0.163365 -0.280539 -0.131568
v 0.180984 -0.227528 -0.142987
v 0.185192 -0.374135 -0.178913
v 0.255043 -0.316612 -0.290099
v 0.252395 -0.352024 -0.284473
v 0.254804 -0.311962 -0.164937
v 0.224425 -0.253334 -0.207992
v 0.254749 -0.258581 -0.235301
v 0.256548 -0.362418 -0.180804
v 0.264376 -0.291764 -0.158452
v 0.186303 -0.294374 -0.149356
v 0.312440 -0.271774 -0.155747
v 0.248957 -0.271973 -0.270568
v 0.227969 -0.300085 -0.159142
v 0.312483 -0.292638 -0.147592
v 0.330310 -0.263852 -0.129590
v -0.031628 -0.256355 -0.199592
v -0.031838 -0.379991 -0.187401
v 0.104148 -0.100801 -0.365844
v 0.225003 -0.283686 -0.153607
v -0.485262 -0.343031 0.293687
v -0.488830 -0.252544 0.336254
v -0.463240 -0.251777 0.300859
v -0.529902 -0.364650 0.298603
v -0.485527 -0.313635 0.326851
v -0.485511 -0.287951 0.302855
v -0.472447 -0.309395 0.258612
v -0.466900 -0.242698 0.333778
v -0.450177 -0.243047 0.270797
v -0.453248 -0.242677 0.346363
v -0.421054 -0.222160 0.372108
v -0.416627 0.373449 0.302467
v -0.420238 0.310862 0.369888
v -0.406691 0.389411 -0.347088
v -0.421927 0.358302 0.115237
v -0.397315 0.358055 0.288157
v -0.399039 0.402656 0.305530
v -0.403358 0.385307 0.313406
v -0.399167 0.386655 0.342875
v -0.394544 -0.151746 0.385231
v -0.367724 -0.334227 0.283444
v -0.420606 0.013646 0.370068
v -0.398374 -0.152882 0.364126
v -0.412783 0.430932 0.299018
v -0.399239 0.524845 0.304558
v -0.421316 -0.230620 0.293636
v -0.356470 0.351409 0.000452
v -0.387870 0.349880 -0.278501
v -0.360577 0.073738 0.375156
v -0.381661 0.223984 0.364585
v -0.366978 0.248797 0.376387
v -0.287958 0.354274 0.194128
v -0.307304 0.349231 0.231214
v -0.383694 0.107501 0.375966
v -0.350610 -0.330809 0.257185
v -0.305294 0.350042 -0.214546
v -0.263448 0.349941 -0.184400
v -0.257185 0.367056 -0.196478
v -0.150208 0.240985 0.375779
v -0.268811 0.366088 0.248960
v -0.398893 -0.182584 0.371748
v 0.084047 -0.053438 0.366241
v -0.399183 0.341153 0.351853
v 0.235542 0.349817 0.119532
v 0.080994 -0.104317 0.363735
v -0.145236 0.109142 0.364903
v -0.237634 0.349834 0.196442
v -0.244136 -0.254292 0.194438
v -0.279570 -0.283576 0.173196
v -0.320896 -0.254486 0.140748
v -0.242835 -0.251379 0.145304
v -0.220883 -0.314564 0.170293
v -0.212368 -0.244351 0.182074
v -0.249804 -0.281764 0.204305
v -0.229224 -0.283027 0.189490
v -0.217544 -0.342825 0.173012
v -0.201296 -0.243177 0.159087
v -0.239027 -0.289980 0.156281
v -0.261137 -0.294209 0.124350
v -0.176467 -0.288455 0.129163
v -0.214842 -0.364029 0.222070
v -0.217040 -0.344135 0.143760
v -0.215392 -0.406704 0.020221
v -0.214242 -0.436531 0.026984
v -0.213969 -0.328110 0.026871
v -0.213308 -0.251291 0.271270
v -0.169999 -0.346151 0.144401
v -0.171756 -0.364487 0.144542
v -0.171947 -0.364192 0.221900
v -0.070394 -0.246564 0.135339
v -0.214385 -0.268317 0.221906
v -0.171916 -0.267973 0.221928
v -0.166969 -0.266970 0.149258
v -0.217800 -0.299448 0.139255
v -0.161117 -0.310651 0.142931
v -0.109598 -0.328404 -0.028569
v -0.109522 -0.436487 -0.028683
v -0.120125 -0.264367 0.082880
v -0.168421 -0.317650 0.153458
v -0.144801 -0.303628 0.146777
v -0.109626 -0.328454 0.026728
v -0.115071 -0.288119 0.076081
v -0.094831 -0.246799 0.159273
v -0.107269 -0.404449 0.019879
v -0.093020 -0.279787 0.129552
v -0.102584 -0.285409 0.172233
v -0.043730 -0.227369 -0.132302
v -0.070299 -0.268215 0.272410
v -0.108608 -0.262349 0.127354
v -0.094656 -0.264933 0.084324
v -0.104538 -0.366097 0.181007
v -0.057683 -0.250547 0.143027
v -0.072556 -0.401548 0.017502
v -0.108304 -0.361576 0.020993
v -0.092580 -0.286053 0.110307
v 0.057111 -0.300472 0.131491
v -0.104585 -0.354600 0.279028
v -0.032875 -0.372642 0.274866
v -0.102710 -0.385711 0.220942
v -0.032239 -0.331885 0.295596
v -0.108546 -0.360056 -0.024368
v 0.031000 -0.404613 -0.024302
v -0.108513 -0.404791 -0.024255
v 0.046197 -0.286500 0.104217
v -0.102864 -0.307098 0.287735
v 0.030373 -0.366242 -0.024009
v -0.104509 -0.258605 0.219343
v -0.067517 -0.317227 0.139748
v -0.030480 -0.300757 0.154968
v 0.058071 -0.344629 0.122573
v 0.039856 -0.254234 0.127559
v 0.102245 -0.257982 0.158971
v -0.066872 -0.344757 0.155810
v -0.495755 -0.280390 0.113695
v -0.380619 -0.284983 0.127601
v -0.417071 -0.339084 0.108221
v -0.441919 -0.349799 0.154317
v -0.382975 -0.223545 0.199515
v -0.341553 -0.300647 0.130416
v -0.397061 -0.235303 0.190814
v -0.421881 -0.320273 0.132718
v -0.418546 -0.225225 0.182023
v -0.393571 -0.226272 0.156653
v -0.385273 -0.327560 0.129036
v -0.331063 -0.296105 0.121501
v -0.367215 -0.335722 0.205713
v -0.303997 -0.283900 0.159192
v -0.379719 -0.243234 0.096743
v -0.278370 -0.223761 0.184130
v -0.362932 -0.285560 0.101830
v -0.356412 -0.311463 0.112149
v -0.391358 -0.268487 0.080728
v -0.389863 -0.305096 0.136935
v -0.368851 -0.367858 0.187192
v -0.359950 -0.316766 0.126519
v -0.379495 -0.231419 0.044153
v -0.380848 -0.228937 0.156550
v -0.358887 -0.224473 0.263279
v -0.373588 -0.338925 0.108117
v -0.329186 -0.259948 0.123508
v -0.368975 -0.353207 0.194410
v -0.348274 -0.340051 0.176510
v -0.277729 -0.328428 0.159519
v -0.328861 -0.254519 0.141099
v -0.332336 -0.273859 0.079135
v -0.265222 -0.344385 0.175993
v -0.275875 -0.223236 0.273682
v -0.318341 -0.285818 0.108048
v -0.326447 -0.226692 0.151328
v -0.335343 -0.283390 0.193992
v -0.310756 -0.281620 0.208186
v -0.323293 -0.324155 0.161962
v -0.314119 -0.333062 0.203789
v -0.338338 -0.320545 0.162385
v -0.309221 -0.254353 0.088709
v -0.275222 -0.251224 0.184081
v -0.295187 -0.326378 0.162704
v -0.279087 -0.333091 0.204731
v -0.289935 -0.332109 0.186144
v -0.262296 -0.340865 0.108108
v -0.314348 -0.273969 0.129301
v -0.216113 -0.267870 0.129752
v -0.315875 -0.227689 0.154529
v -0.277481 -0.282892 0.205783
v -0.258478 -0.287795 0.188743
v -0.247269 -0.336447 0.183986
v -0.215210 -0.293486 0.113880
v -0.237841 -0.225662 0.153663
v -0.217432 -0.363136 0.195756
v -0.215358 -0.365051 0.171049
v -0.391345 -0.258405 0.125458
v -0.446150 -0.371450 0.243666
v -0.469475 -0.250199 0.154314
v -0.450841 -0.400917 0.271414
v -0.496213 -0.350315 0.268882
v -0.536221 -0.247588 0.157287
v -0.435321 -0.361685 0.297979
v -0.385852 -0.276383 0.101897
v -0.462975 -0.343150 0.263878
v -0.453220 -0.333255 0.230257
v -0.395866 -0.345640 0.201984
v -0.444099 -0.238805 0.186698
v -0.430007 -0.299128 0.147306
v -0.443929 -0.223608 0.215598
v -0.453144 -0.315966 0.123420
v -0.466805 -0.269971 0.124136
v -0.430334 -0.352628 0.266537
v -0.432322 -0.394839 0.281791
v -0.368995 -0.346242 0.269195
v -0.395853 -0.258019 0.159251
v -0.418205 -0.334840 0.293815
v -0.293766 -0.370171 -0.014305
v -0.465841 -0.238618 0.137258
v -0.493431 -0.257356 -0.051732
v -0.436353 -0.251810 0.010871
v -0.401779 -0.277299 0.055486
v -0.421084 -0.243867 0.059690
v -0.394694 -0.240074 0.057079
v -0.388767 -0.226105 0.032318
v -0.384426 -0.260258 -0.081560
v -0.399463 -0.258291 -0.058834
v -0.424336 -0.256242 -0.026254
v -0.396834 -0.255471 -0.024772
v -0.240061 -0.341581 -0.095184
v -0.383538 -0.235384 -0.125637
v -0.372176 -0.268302 -0.075328
v -0.391862 -0.262320 0.014581
v -0.388352 -0.278691 -0.056557
v -0.379511 -0.243331 -0.061797
v -0.388742 -0.303760 -0.133329
v -0.338521 -0.319280 0.022080
v -0.339453 -0.308885 -0.127403
v -0.320891 -0.254660 -0.138909
v -0.329137 -0.238640 0.031696
v -0.327612 -0.243047 0.090429
v -0.370684 -0.318911 0.009623
v -0.326930 -0.244970 -0.056889
v -0.351186 -0.279361 0.056745
v -0.335502 -0.261150 -0.056893
v -0.292898 -0.394940 -0.016193
v -0.291826 -0.367445 0.015249
v -0.315710 -0.240441 -0.010290
v -0.314378 -0.242651 -0.077330
v -0.321179 -0.262656 -0.076649
v -0.147261 -0.336167 -0.138074
v -0.239344 -0.342151 -0.129445
v -0.324993 -0.240453 -0.081827
v -0.240556 -0.310733 -0.128856
v -0.215489 -0.360161 -0.024070
v -0.215797 -0.362016 0.020846
v -0.215367 -0.406601 -0.024206
v -0.054033 -0.223764 -0.158642
v -0.213941 -0.436322 -0.028525
v -0.390795 -0.247005 -0.160323
v -0.376911 -0.289725 -0.125835
v -0.373164 -0.250609 -0.144884
v -0.444252 -0.242754 -0.131721
v -0.385549 -0.250008 -0.144882
v -0.421815 -0.223664 -0.178066
v -0.393874 -0.226357 -0.154668
v -0.375949 -0.348393 -0.164050
v -0.379699 -0.297926 -0.160413
v -0.402901 0.313837 -0.371440
v -0.182044 0.254654 -0.367346
v -0.374658 0.239697 -0.367177
v -0.323157 -0.330785 -0.160165
v -0.388522 -0.259255 -0.184836
v -0.371699 -0.231653 -0.182043
v -0.214912 -0.264081 -0.162781
v -0.370027 -0.229243 -0.237945
v -0.312769 -0.229014 -0.241207
v -0.215122 -0.348560 -0.164071
v -0.281501 -0.335952 -0.161301
v -0.325004 -0.227835 -0.148881
v -0.215389 -0.348406 -0.248865
v -0.375959 -0.348564 -0.247865
v -0.313622 -0.246722 -0.171205
v -0.421021 -0.032336 -0.372677
v -0.351712 0.072243 -0.367796
v -0.367807 -0.262670 -0.243508
v -0.186899 -0.261921 -0.150712
v -0.237255 -0.232829 -0.152686
v -0.151867 0.109583 -0.366493
v -0.171834 0.071228 -0.376323
v -0.215269 -0.264164 -0.248920
v -0.190161 -0.291404 -0.131810
v -0.138950 -0.076470 -0.368179
v -0.217783 -0.305143 -0.154814
v -0.391418 0.355919 -0.316912
v -0.387891 -0.179597 -0.365554
v -0.145101 -0.312554 -0.147082
v -0.240166 -0.254528 -0.142980
v -0.143154 -0.153041 -0.365546
v -0.149457 0.235024 -0.366950
v -0.132442 -0.248630 -0.148682
v -0.104515 -0.313120 -0.164878
v -0.095411 -0.244882 -0.158335
v -0.089521 -0.273080 -0.169813
v -0.100518 -0.267686 -0.189915
v -0.101412 -0.282505 -0.278998
v -0.059226 -0.255770 -0.145582
v -0.068828 -0.250051 -0.231787
v -0.070105 -0.364553 -0.170430
v -0.102512 -0.385351 -0.236141
v -0.101589 -0.353999 -0.283538
v -0.031742 -0.377837 -0.270335
v -0.033089 -0.283603 -0.287783
v 0.072539 -0.303698 -0.153982
v -0.420979 -0.222053 -0.373842
v -0.137714 0.063321 -0.365736
v -0.398957 -0.182363 -0.373438
v 0.100585 0.096695 -0.365699
v -0.882923 0.124468 0.064064
v -0.859362 0.204128 0.088591
v -0.854539 0.227266 -0.108626
v -0.843698 0.272787 0.032657
v -0.841424 0.290854 0.249180
v -0.831810 0.272313 0.353726
v -0.834443 0.274133 -0.368017
v -0.848817 0.280273 -0.209467
v -0.787880 0.331713 0.234190
v -0.788822 0.306543 0.352815
v -0.779619 0.319572 0.302821
v -0.658401 0.370902 -0.100467
v -0.658059 0.401073 -0.104334
v -0.661434 0.430952 0.108831
v -0.656295 0.408999 0.101891
v -0.661184 0.384638 -0.135496
v -0.656534 0.398442 -0.022582
v -0.661452 0.351561 -0.110203
v -0.547166 0.243956 0.367915
v -0.661292 0.384498 0.133677
v -0.633356 0.382176 0.028710
v -0.585722 0.432725 -0.030262
v -0.661354 0.430802 -0.110917
v -0.661403 0.351628 0.108861
v -0.592652 0.438472 0.024361
v -0.576262 0.329012 0.045888
v -0.565438 0.349847 -0.036244
v -0.502158 0.338817 0.042368
v -0.826999 0.275266 0.369787
v -0.473295 0.274423 0.383383
v -0.598149 0.338913 0.005908
v -0.419538 0.430453 0.108903
v -0.529823 0.350458 -0.044455
v -0.588344 0.329121 -0.036139
v -0.472984 0.312063 0.362554
v -0.486838 0.329161 -0.028333
v -0.472741 0.320831 -0.330909
v -0.447946 0.305423 -0.326948
v -0.448033 0.309858 0.297513
v -0.419660 0.430334 -0.111129
v -0.798830 0.245496 0.361656
v -0.924552 0.012436 -0.210293
v -0.927937 0.013977 -0.177727
v -0.909759 -0.008578 -0.182646
v -0.906555 0.028038 -0.176839
v -0.896989 -0.046298 -0.345977
v -0.864174 0.035786 -0.372427
v -0.877696 -0.239478 -0.365939
v -0.827632 0.140572 -0.363911
v -0.831951 0.041871 -0.409965
v -0.821831 0.187460 -0.434223
v -0.820124 0.088549 -0.434082
v -0.819844 0.294239 -0.363818
v -0.802520 0.096491 -0.360903
v -0.787217 0.317119 -0.265003
v -0.784042 0.319576 -0.309697
v -0.746636 0.234992 -0.364340
v -0.750892 0.094926 -0.361425
v -0.785758 0.342454 -0.241269
v -0.764120 0.337315 -0.259127
v -0.774730 0.326832 -0.237070
v -0.674112 -0.170697 -0.357957
v -0.568936 0.100483 -0.360622
v -0.546597 0.246978 -0.368006
v -0.589154 -0.000588 -0.380151
v -0.516888 -0.145646 -0.367272
v -0.545321 -0.010205 -0.369749
v -0.453751 0.274741 -0.375776
v -0.469195 0.272166 -0.367806
v -0.464707 0.303504 -0.372582
v -0.417027 0.372215 -0.309577
v -0.390411 -0.139145 -0.370043
v -0.402653 0.001723 -0.377217
v -0.395601 -0.155497 -0.385369
v -0.410646 0.432607 -0.313055
v -0.407324 0.526064 -0.307653
v -0.383726 0.110746 -0.377802
v -0.380031 0.098261 -0.367009
v -0.898932 0.032179 -0.357083
v -0.932595 -0.248106 0.357986
v -0.906849 -0.149390 0.245198
v -0.909615 -0.323274 0.357946
v -0.923665 -0.180638 0.258279
v -0.910151 -0.198664 0.274207
v -0.921181 -0.162194 0.305096
v -0.829963 -0.236267 0.128924
v -0.903993 0.028359 0.210703
v -0.901123 0.080556 0.013966
v -0.904835 -0.198165 0.209552
v -0.924511 -0.170774 0.205140
v -0.903990 0.059215 0.218859
v -0.907358 -0.143074 -0.092770
v -0.897197 -0.143359 0.090020
v -0.906072 -0.082829 0.188589
v -0.894755 0.032035 0.362379
v -0.908616 -0.144767 0.180476
v -0.904801 -0.216320 0.092351
v -0.934494 -0.246278 0.123993
v -0.898369 -0.197658 0.312978
v -0.911781 -0.147708 0.278587
v -0.891532 0.065134 0.322530
v -0.900936 -0.086697 0.320800
v -0.881708 -0.249206 0.155954
v -0.904625 -0.047147 0.345212
v -0.893830 -0.224219 0.340839
v -0.857291 -0.241596 0.369936
v -0.838526 0.024881 0.364542
v -0.830321 0.132055 0.362236
v -0.753862 0.094154 0.358945
v -0.515457 0.269427 0.355944
v -0.905988 -0.165373 0.323191
v -0.740760 -0.446225 0.279282
v -0.709888 -0.428970 0.246463
v -0.719564 -0.516855 0.277963
v -0.672104 -0.449904 0.279825
v -0.722184 -0.396825 0.267758
v -0.741704 -0.368405 0.263062
v -0.667451 -0.352530 0.179270
v -0.736722 -0.412907 0.263175
v -0.685901 -0.387520 0.268475
v -0.754592 -0.347732 0.185462
v -0.672145 -0.414838 0.261495
v -0.666319 -0.328736 0.278664
v -0.706382 -0.419107 0.305382
v -0.726076 -0.443986 0.275486
v -0.645935 -0.345149 0.233352
v -0.711475 -0.326041 0.275787
v -0.685735 -0.349837 0.264501
v -0.709060 -0.344525 0.246525
v -0.703140 -0.319073 0.160479
v -0.748782 -0.346776 0.158670
v -0.697263 -0.357617 0.303497
v -0.688184 -0.318508 0.172906
v -0.687625 -0.377218 0.175848
v -0.689223 -0.401648 0.194162
v -0.717417 -0.506140 0.249255
v -0.662556 -0.379068 0.247350
v -0.635836 -0.455369 0.229537
v -0.708618 -0.236221 0.369934
v -0.633251 -0.380235 0.278299
v -0.640323 -0.503532 0.258600
v -0.611498 -0.467740 0.258581
v -0.614377 -0.480938 0.280299
v -0.593768 -0.332084 0.258348
v -0.602980 -0.356069 0.289775
v -0.574719 -0.430027 0.266795
v -0.607681 -0.385123 0.229432
v -0.622635 -0.275835 0.267060
v -0.599012 -0.306767 0.278196
v -0.637094 -0.421437 0.290557
v -0.581515 -0.365514 0.257861
v -0.570888 -0.396278 0.278723
v -0.536917 -0.260957 0.335052
v -0.558960 -0.362763 0.285740
v -0.517387 -0.145454 0.366098
v -0.556522 -0.386283 0.286604
v -0.526219 -0.401123 0.274925
v -0.528437 -0.360476 0.246581
v -0.697964 -0.371665 0.041453
v -0.612013 -0.309600 0.150732
v -0.755178 -0.323313 0.128987
v -0.716648 -0.372916 0.153868
v -0.632409 -0.284558 0.132609
v -0.689345 -0.246446 0.165392
v -0.712124 -0.267152 0.044672
v -0.611654 -0.248073 0.156706
v -0.541726 -0.012557 0.367444
v -0.628313 -0.241729 0.178984
v -0.699946 -0.241391 0.131013
v -0.662651 -0.243362 0.133741
v -0.640362 -0.312381 0.122412
v -0.603773 -0.346395 0.130308
v -0.622790 -0.301499 0.114578
v -0.591737 -0.310329 0.121062
v -0.591303 -0.329624 0.105323
v -0.560722 -0.273707 0.152629
v -0.551276 -0.342215 0.119195
v -0.552196 -0.292764 0.117218
v -0.536413 -0.382109 0.241761
v -0.509928 -0.352760 0.015730
v -0.548760 -0.347534 0.130906
v -0.528496 -0.360804 0.116257
v -0.509585 -0.358654 0.120444
v -0.513797 -0.340258 -0.028473
v -0.513725 -0.381437 0.162160
v -0.943853 -0.321313 0.157256
v -0.949781 -0.343348 0.129110
v -0.934842 -0.326066 0.120451
v -0.930844 -0.325201 0.341669
v -0.886193 -0.246678 0.357202
v -0.883470 -0.322898 0.158111
v -0.889808 -0.322744 0.334096
v -0.934746 -0.246370 0.155421
v -0.842554 -0.219467 0.334236
v -0.811706 -0.337157 0.155838
v -0.832271 -0.340123 0.268344
v -0.834312 -0.402958 0.250369
v -0.836202 -0.221183 0.358754
v -0.832406 -0.344825 0.128820
v -0.820704 -0.309149 0.147673
v -0.830196 -0.436741 0.265566
v -0.621162 -0.254857 0.344010
v -0.769791 -0.360024 0.232917
v -0.808296 -0.238343 0.153728
v -0.805999 -0.272676 0.126670
v -0.806907 -0.237862 0.127751
v -0.814897 -0.464169 0.266122
v -0.858269 -0.248583 0.337840
v -0.793806 -0.305489 0.248093
v -0.806702 -0.238301 -0.131105
v -0.806628 -0.271741 -0.129349
v -0.764327 -0.277096 0.258106
v -0.764599 -0.508079 0.267829
v -0.771361 -0.404177 0.278284
v -0.762358 -0.266170 0.278184
v -0.762230 -0.292860 0.120213
v -0.758207 -0.272134 0.127781
v -0.749168 -0.397479 0.188539
v -0.725001 -0.373098 0.185904
v -0.772220 -0.459638 0.230394
v -0.728307 -0.251722 0.267892
v -0.682026 -0.289001 0.230469
v -0.748757 -0.309159 0.155505
v -0.752689 -0.393732 0.154602
v -0.726531 -0.398134 0.187689
v -0.752527 -0.271802 0.152503
v -0.758281 -0.243001 0.127596
v -0.698719 -0.275901 0.127086
v -0.751710 -0.377259 0.293165
v -0.715512 -0.282570 0.153604
v -0.800333 -0.311088 0.276743
v -0.682355 -0.251233 0.267792
v -0.615580 -0.311511 0.132830
v -0.703092 -0.240754 0.059884
v -0.752559 -0.376830 0.012247
v -0.754108 -0.372047 -0.013278
v -0.723844 -0.347979 -0.020937
v -0.722777 -0.422790 0.005145
v -0.723730 -0.347788 0.017291
v -0.720870 -0.377646 -0.044484
v -0.748643 -0.305224 -0.134073
v -0.693549 -0.342243 -0.002239
v -0.616921 -0.309611 -0.134108
v -0.694367 -0.419220 0.018039
v -0.702317 -0.242955 -0.059552
v -0.667934 -0.245879 -0.135610
v -0.689585 -0.247246 -0.170706
v -0.715635 -0.282397 -0.152165
v -0.697242 -0.404704 -0.048467
v -0.682705 -0.366317 -0.018283
v -0.662537 -0.289721 -0.133189
v -0.655276 -0.404730 -0.009718
v -0.665774 -0.246613 0.071989
v -0.650211 -0.283848 0.013585
v -0.661402 -0.243686 -0.065351
v -0.629488 -0.283461 -0.134609
v -0.647208 -0.259809 -0.049291
v -0.700538 -0.272445 -0.061651
v -0.626719 -0.339683 -0.133241
v -0.570306 -0.274696 -0.147467
v -0.537630 -0.251279 -0.153805
v -0.635166 -0.301105 -0.115526
v -0.526215 -0.260082 0.085032
v -0.535496 -0.270437 0.059583
v -0.525925 -0.255361 -0.044524
v -0.539463 -0.395097 -0.111596
v -0.498641 -0.355672 -0.129928
v -0.429079 -0.297118 -0.147790
v -0.444844 -0.357032 -0.157599
v -0.465447 -0.250056 -0.068923
v -0.527842 -0.265275 -0.072164
v -0.465439 -0.229772 -0.184440
v -0.444099 -0.243126 -0.178953
v -0.474879 -0.321640 -0.133552
v -0.498861 -0.325303 -0.102271
v -0.443302 -0.241583 -0.158294
v -0.678271 -0.367651 0.014366
v -0.687814 -0.317110 -0.182350
v -0.768161 -0.506615 -0.270928
v -0.725654 -0.519858 -0.269077
v -0.724367 -0.375812 -0.190382
v -0.694197 -0.493488 -0.237639
v -0.672356 -0.435082 -0.283753
v -0.724545 -0.390561 -0.246891
v -0.684115 -0.381998 -0.165290
v -0.729377 -0.441406 -0.279203
v -0.713747 -0.317248 -0.236915
v -0.680462 -0.328672 -0.275472
v -0.706143 -0.409916 -0.194018
v -0.664094 -0.397324 -0.250358
v -0.695225 -0.369416 -0.192123
v -0.746595 -0.307452 -0.150945
v -0.616290 -0.249254 -0.153116
v -0.712517 -0.378026 -0.270556
v -0.699853 -0.408073 -0.268408
v -0.814613 -0.334909 -0.134455
v -0.667675 -0.348814 -0.184611
v -0.595258 -0.461543 -0.280257
v -0.712374 -0.461278 -0.293786
v -0.700329 -0.418807 -0.307385
v -0.634884 -0.406652 -0.282125
v -0.676290 -0.250975 -0.269389
v -0.657756 -0.331486 -0.235443
v -0.570727 -0.388574 -0.175151
v -0.615992 -0.297424 -0.260124
v -0.598243 -0.466216 -0.260411
v -0.636092 -0.406600 -0.236285
v -0.585719 -0.391741 -0.159146
v -0.551980 -0.354037 -0.121312
v -0.617518 -0.323868 -0.235275
v -0.571902 -0.365382 -0.281994
v -0.612508 -0.344431 -0.294278
v -0.578268 -0.433487 -0.262802
v -0.576979 -0.333154 -0.269974
v -0.566750 -0.400184 -0.267717
v -0.406705 -0.342418 -0.155355
v -0.652594 -0.512588 -0.268117
v -0.937494 -0.244895 -0.153358
v -0.949736 -0.343268 -0.152021
v -0.885232 -0.328188 -0.128195
v -0.906044 -0.159458 -0.198643
v -0.904868 -0.190633 -0.319332
v -0.924712 -0.180123 -0.256313
v -0.922849 -0.175589 -0.205931
v -0.921143 -0.197860 -0.235803
v -0.885035 -0.326724 0.125659
v -0.902675 -0.190136 -0.251217
v -0.904657 -0.153288 -0.268025
v -0.922618 -0.148623 -0.288079
v -0.908805 -0.122205 -0.186288
v -0.935291 -0.326044 -0.122101
v -0.904873 -0.216159 -0.093909
v -0.898665 -0.159386 -0.310672
v -0.908565 -0.190649 -0.180360
v -0.893670 -0.219297 -0.335575
v -0.881711 -0.249230 -0.157881
v -0.886151 -0.247981 -0.360120
v -0.948351 -0.236881 -0.130797
v -0.884570 -0.243956 0.128021
v -0.883445 -0.245348 -0.128452
v -0.810529 -0.244462 -0.127964
v -0.883572 -0.326298 -0.160161
v -0.763290 -0.287036 -0.127563
v -0.804179 -0.279986 0.125151
v -0.762162 -0.272572 -0.129738
v -0.764742 -0.239038 -0.129340
v -0.762509 -0.239432 0.126738
v -0.926518 -0.326790 -0.358777
v -0.890117 -0.323070 -0.335938
v -0.871405 -0.243097 -0.338455
v -0.827925 -0.343565 -0.130855
v -0.813356 -0.283415 -0.155976
v -0.825345 -0.403827 -0.259058
v -0.828769 -0.426416 -0.282468
v -0.836532 -0.365453 -0.272251
v -0.801381 -0.479604 -0.269073
v -0.795340 -0.285476 -0.269383
v -0.822873 -0.316266 -0.158407
v -0.767776 -0.317405 -0.114434
v -0.806633 -0.280572 -0.127036
v -0.451580 -0.241544 -0.345138
v -0.803523 -0.383542 -0.294573
v -0.760074 -0.428158 -0.282021
v -0.823553 -0.306178 -0.135371
v -0.834407 -0.225611 -0.366423
v -0.727718 -0.239225 -0.370755
v -0.726250 -0.250874 -0.269467
v -0.766468 -0.302638 -0.235106
v -0.742022 -0.336574 -0.274787
v -0.817937 -0.323764 -0.278942
v -0.771649 -0.366655 -0.282306
v -0.754102 -0.347942 -0.188492
v -0.730359 -0.377068 -0.307459
v -0.754666 -0.392022 -0.190342
v -0.755798 -0.241705 -0.129903
v -0.756307 -0.386417 -0.158638
v -0.703090 -0.275998 -0.129686
v -0.639761 -0.379478 -0.286143
v -0.740019 -0.327288 -0.280137
v -0.724912 -0.397777 -0.157954
v -0.740425 -0.344385 -0.160425
v -0.811912 -0.372705 -0.238088
v -0.698943 -0.455378 -0.236775
v -0.720510 -0.349976 -0.266521
v -0.742248 -0.371852 -0.251275
v -0.691752 -0.310886 -0.293947
v -0.725100 -0.424345 -0.252674
v -0.690525 -0.346705 -0.251160
v -0.638543 -0.264123 -0.267964
vn -0.9941 -0.0090 -0.1078
vn -0.9836 0.0916 -0.1552
vn -0.8205 -0.5711 -0.0245
vn -0.9857 -0.1345 0.1017
vn -0.9927 0.1204 -0.0076
vn -0.8159 -0.5782 -0.0073
vn -0.8353 0.5495 0.0179
vn -0.9838 0.1593 0.0825
vn -0.5351 0.0398 -0.8438
vn -0.0942 -0.8425 0.5305
vn -0.2670 -0.9578 -0.1063
vn -0.6461 0.7608 0.0616
vn -0.5755 -0.8166 0.0452
vn -0.9889 -0.1401 0.0486
vn -1.0000 0.0043 0.0019
vn -0.8693 0.4415 -0.2224
vn -0.0340 -0.9969 0.0711
vn 0.0528 -0.0671 0.9963
vn -0.0122 -0.9950 -0.0992
vn 0.0229 -0.2065 0.9782
vn 0.6459 0.7630 0.0250
vn -0.9900 -0.1373 -0.0326
vn -0.9758 0.1986 -0.0916
vn -0.9870 0.1588 0.0237
vn -0.9655 0.1051 0.2384
vn -0.9564 0.1170 0.2676
vn -0.9593 0.1377 0.2464
vn -0.5687 0.3226 -0.7566
vn -0.9432 -0.2027 -0.2632
vn -0.6080 0.1934 0.7700
vn 0.4397 -0.7078 0.5528
vn 0.5441 -0.8335 0.0960
vn -0.7923 0.6089 0.0383
vn -0.8303 -0.5522 0.0753
vn -0.9814 -0.1467 0.1237
vn -0.9866 0.1632 -0.0067
vn -0.2009 -0.7580 -0.6206
vn -0.8047 -0.5894 -0.0707
vn -0.4174 -0.9085 0.0201
vn -0.8960 -0.3049 -0.3229
vn -0.0084 -0.7865 0.6175
vn -0.1032 -0.8718 0.4788
vn -0.0568 -0.8673 0.4945
vn -0.8365 -0.4788 0.2666
vn 0.0551 0.9984 -0.0095
vn -0.0954 0.9954 0.0021
vn 0.6017 -0.7977 0.0406
vn 0.0657 -0.9973 0.0324
vn -0.4986 0.6317 0.5936
vn 0.0910 -0.2414 -0.9662
vn 0.7236 -0.6858 -0.0786
vn 0.3140 -0.6987 -0.6428
vn -0.9999 0.0046 0.0144
vn -0.9817 0.1856 -0.0433
vn -0.9835 0.1562 -0.0912
vn -0.4549 -0.4505 -0.7682
vn -0.3819 0.9242 0.0056
vn -0.1544 -0.9838 -0.0906
vn 0.6218 -0.4949 0.6070
vn -0.0078 -0.4426 -0.8967
vn 0.4324 0.9012 0.0291
vn -0.9927 0.1159 -0.0321
vn -0.9801 0.1935 0.0451
vn -0.9997 -0.0233 -0.0009
vn -0.9997 -0.0166 0.0191
vn -1.0000 0.0050 -0.0023
vn -0.9987 0.0448 -0.0244
vn -0.7136 0.1195 0.6903
vn 0.5775 -0.7570 0.3056
vn -1.0000 0.0066 0.0042
vn -0.0496 0.9980 0.0395
vn 0.6563 0.5394 0.5275
vn -0.9997 -0.0095 0.0228
vn -0.7499 0.2080 -0.6280
vn -0.8849 -0.4455 -0.1358
vn -0.9531 0.2988 0.0490
vn 0.7967 0.0260 -0.6038
vn -0.9932 -0.1137 0.0264
vn -0.9906 -0.1340 0.0291
vn -0.9873 0.1584 0.0141
vn -0.9994 0.0235 0.0251
vn -0.9905 -0.0139 -0.1371
vn 0.0869 -0.9962 -0.0005
vn -0.9538 0.2112 0.2138
vn -0.9807 -0.1928 0.0332
vn 0.2783 0.3859 0.8796
vn -0.8599 -0.5093 -0.0333
vn -0.1642 -0.9727 0.1638
vn -0.9447 -0.0183 0.3274
vn 0.0877 -0.9955 -0.0355
vn -0.9454 -0.2526 -0.2061
vn -0.9850 -0.1697 0.0322
vn -0.6814 -0.7318 -0.0126
vn -0.9436 0.3219 0.0777
vn -0.9946 -0.0743 0.0730
vn 0.0778 0.9970 0.0044
vn -0.9186 -0.0227 -0.3946
vn -0.8829 -0.0450 -0.4675
vn 0.7522 -0.2240 0.6197
vn 0.1295 0.9916 -0.0048
vn -0.7038 0.0667 0.7072
vn 0.0180 0.0198 -0.9996
vn -0.0090 0.2022 0.9793
vn 0.0136 -0.0041 0.9999
vn 0.0516 -0.0221 0.9984
vn -0.0204 -0.2568 0.9662
vn 0.5302 -0.2852 -0.7985
vn -0.6979 -0.0790 0.7118
vn -0.5650 -0.0645 -0.8226
vn 0.3389 -0.1527 -0.9284
vn -0.0805 -0.9960 -0.0384
vn -0.7236 -0.6861 0.0753
vn -0.8724 0.4820 0.0816
vn -0.9595 0.2802 -0.0284
vn 0.8036 -0.0036 -0.5952
vn 0.9980 -0.0599 -0.0223
vn 0.9998 -0.0216 0.0045
vn 1.0000 -0.0056 -0.0007
vn 0.0925 -0.5601 -0.8233
vn -0.9958 0.0906 -0.0120
vn -0.1847 -0.0457 0.9817
vn -0.9642 0.2627 0.0361
vn -0.5432 -0.8168 0.1944
vn -0.2746 -0.7880 0.5510
vn -0.4801 0.1213 -0.8688
vn -0.1130 0.0693 -0.9912
vn -0.1249 -0.9350 0.3318
vn -0.0609 0.9888 0.1360
vn 0.0391 0.0123 -0.9992
vn -0.2188 -0.9748 0.0436
vn -0.0573 0.0259 -0.9980
vn 0.0829 0.3207 0.9435
vn 0.0917 0.0924 0.9915
vn -0.5732 0.8194 -0.0056
vn -0.9403 0.3401 -0.0103
vn -0.1224 -0.0566 -0.9909
vn -0.0320 -0.0266 -0.9991
vn 0.0186 -0.0455 0.9988
vn 0.0192 0.0009 0.9998
vn 0.9868 -0.1274 -0.0996
vn 0.0729 0.0526 -0.9960
vn -0.4454 -0.8936 -0.0558
vn -0.1918 0.9814 -0.0083
vn -0.0349 0.0017 -0.9994
vn -0.1703 0.6371 -0.7518
vn -0.5287 -0.8487 -0.0151
vn -0.9372 0.3019 0.1749
vn -0.9856 0.0753 -0.1513
vn -0.8465 -0.2217 0.4841
vn 0.0622 -0.0130 0.9980
vn -0.7875 -0.2265 0.5732
vn -0.9807 0.1438 -0.1325
vn -0.8101 -0.3484 -0.4716
vn -0.5617 0.5560 0.6127
vn -0.3948 0.7482 0.5332
vn -0.1388 0.0027 -0.9903
vn -0.2792 0.2320 0.9318
vn -0.8852 -0.0159 -0.4650
vn -0.7959 0.5978 -0.0953
vn -0.0179 0.4945 0.8690
vn -0.8917 0.4508 -0.0414
vn -0.0117 -0.0048 0.9999
vn -0.3879 -0.0324 -0.9211
vn -0.2090 -0.9759 0.0624
vn -0.3864 -0.9221 0.0231
vn -0.1664 -0.9852 0.0417
vn -0.7324 -0.6798 -0.0382
vn 0.0372 -0.0002 -0.9993
vn 0.9075 -0.3856 0.1665
vn 0.7820 0.0707 -0.6192
vn -0.5621 0.8266 -0.0275
vn -0.0323 -0.0026 0.9995
vn -0.3266 0.1779 -0.9283
vn 0.0244 -0.4077 -0.9128
vn -0.4155 -0.0215 0.9093
vn -0.9509 -0.2927 0.1001
vn -0.4407 -0.3788 -0.8138
vn -0.7852 0.3699 0.4966
vn -0.0174 -0.0133 0.9998
vn -0.0485 -0.9987 -0.0166
vn -0.5047 0.7150 0.4838
vn 0.6891 0.4551 -0.5639
vn 0.9656 0.2328 -0.1158
vn -0.1749 -0.0548 -0.9831
vn -0.2711 0.9482 -0.1656
vn -0.2894 -0.6135 -0.7347
vn 0.3533 -0.5009 -0.7901
vn -0.1072 -0.7100 -0.6960
vn -0.0071 -0.0654 -0.9978
vn -0.6730 0.7195 -0.1714
vn -0.8134 -0.5206 0.2595
vn -0.9944 -0.1051 0.0099
vn -0.9943 -0.1066 0.0101
vn -0.9944 -0.1056 0.0100
vn -0.9942 -0.1070 0.0102
vn 1.0000 0.0021 -0.0024
vn 0.9997 0.0261 0.0007
vn 0.8694 0.3526 0.3461
vn -0.2862 -0.8015 -0.5251
vn -0.3619 -0.0636 0.9300
vn 0.0222 -0.1346 -0.9906
vn -0.5728 0.5808 -0.5784
vn -0.1475 -0.9891 0.0037
vn -0.2216 -0.9751 -0.0087
vn -0.0852 -0.4646 0.8814
vn -0.0001 -0.6686 0.7436
vn 0.3455 0.6088 0.7142
vn -0.4708 0.8820 -0.0211
vn -0.0217 0.0305 -0.9993
vn 0.0011 0.0006 -1.0000
vn 0.0011 0.0007 -1.0000
vn 0.0250 -0.9906 -0.1345
vn 0.0008 -0.9933 -0.1154
vn 0.6529 -0.5777 -0.4899
vn -0.0057 0.0062 -1.0000
vn 0.0097 0.0525 0.9986
vn -0.0156 0.0196 0.9997
vn -0.0235 0.9780 0.2073
vn -0.0353 -0.9994 0.0017
vn -0.0324 0.1143 0.9929
vn -0.0114 0.9999 0.0037
vn -0.7697 -0.4123 0.4874
vn 0.3708 0.5351 0.7590
vn 0.1743 -0.9548 -0.2409
vn 0.2323 -0.9216 -0.3111
vn 0.5983 0.5729 0.5601
vn -0.3924 0.6408 -0.6599
vn 0.0307 -0.4323 0.9012
vn 0.0139 -0.8210 0.5707
vn 0.3858 -0.0595 -0.9207
vn 0.1344 -0.1839 -0.9737
vn -0.2405 -0.0851 -0.9669
vn 0.0187 0.9998 -0.0020
vn -0.4408 0.7034 -0.5576
vn 0.0772 0.1642 -0.9834
vn -0.0047 0.0102 0.9999
vn -0.0061 0.0007 1.0000
vn -0.0177 0.0264 0.9995
vn 0.2143 0.1151 -0.9700
vn 0.0389 -0.2288 0.9727
vn 0.5843 0.6894 0.4281
vn -0.0255 0.4234 -0.9056
vn -0.5117 -0.8423 0.1693
vn 0.3294 0.8151 -0.4765
vn -0.0435 -0.3676 0.9290
vn 0.1272 -0.4216 0.8978
vn 0.0198 -0.8582 -0.5130
vn -0.0321 0.0655 -0.9973
vn -0.0423 -0.0151 0.9990
vn -0.0175 -0.9998 -0.0014
vn 0.0236 -0.0288 -0.9993
vn -0.3367 0.3453 -0.8760
vn -0.0695 0.9967 -0.0422
vn -0.0282 -0.3172 -0.9480
vn -0.2389 0.9400 -0.2436
vn -0.4099 0.3733 -0.8322
vn -0.2010 0.6634 -0.7208
vn 0.6420 -0.1115 0.7586
vn 0.1983 -0.8657 -0.4597
vn -0.4118 -0.9103 -0.0419
vn 0.0017 0.5230 -0.8523
vn 0.6630 -0.7477 -0.0364
vn -0.9970 -0.0768 0.0086
vn 0.9158 -0.4015 -0.0134
vn 0.2181 -0.7123 0.6671
vn -0.0947 -0.9005 0.4245
vn -0.9914 -0.1299 0.0154
vn -0.3572 -0.2385 0.9031
vn -0.0034 0.2522 -0.9677
vn 0.9867 -0.1626 0.0087
vn 0.0645 0.2582 -0.9639
vn 0.9865 0.1569 -0.0464
vn -0.0834 -0.9953 0.0500
vn 0.6122 0.3751 0.6961
vn -0.8986 -0.0069 0.4388
vn -0.9991 -0.0153 -0.0388
vn -0.5817 -0.0121 0.8133
vn -0.4335 0.7534 0.4944
vn 0.0349 -0.9994 -0.0047
vn 0.0091 -1.0000 0.0025
vn -0.4111 -0.9116 -0.0037
vn -0.9313 0.3473 -0.1096
vn -0.3582 -0.2556 -0.8980
vn 0.0953 -0.1457 -0.9847
vn -0.2803 -0.4570 0.8441
vn -0.1140 -0.2694 0.9563
vn -0.3366 -0.0909 0.9373
vn -0.1392 0.8696 0.4738
vn -0.9732 0.0990 -0.2075
vn -0.1623 0.2754 -0.9475
vn -0.9936 0.0838 0.0760
vn -0.9688 0.1084 -0.2228
vn -0.3206 -0.8772 -0.3574
vn 0.1098 0.6891 -0.7163
vn 0.3557 0.7876 0.5031
vn 0.3965 -0.4627 0.7929
vn -0.3394 -0.9291 0.1467
vn -0.2802 -0.6456 -0.7104
vn -0.3356 -0.9311 0.1429
vn 0.5503 0.3428 0.7614
vn 0.7809 0.6245 0.0123
vn -0.0734 0.0921 -0.9930
vn 0.0489 0.0814 0.9955
vn 0.0266 0.0472 0.9985
vn 0.0706 0.0767 0.9946
vn -0.0789 0.0699 0.9944
vn -0.2724 0.9174 0.2901
vn -0.1293 -0.7250 -0.6765
vn -0.5148 0.8535 -0.0812
vn -0.1717 -0.9073 -0.3839
vn 0.4058 0.9073 0.1098
vn 0.6371 0.7529 0.1650
vn -0.9274 -0.3652 -0.0812
vn -0.9936 0.1081 -0.0330
vn -0.4780 0.0054 -0.8783
vn -0.1414 -0.6842 0.7154
vn 0.3401 -0.5292 0.7773
vn 0.1383 0.3029 -0.9429
vn -0.5512 -0.8286 -0.0978
vn 0.4395 -0.7769 -0.4508
vn -0.0214 -0.0127 0.9997
vn -0.0327 -0.9938 -0.1063
vn -0.1199 0.9095 -0.3980
vn 0.0069 -0.0187 -0.9998
vn -0.0056 0.0446 0.9990
vn -0.4101 0.2353 -0.8812
vn 0.1835 -0.9677 0.1730
vn 0.0071 -0.6838 -0.7296
vn 0.6172 0.6848 -0.3875
vn -0.8257 -0.4799 0.2965
vn -0.0712 -0.0555 0.9959
vn -0.7576 -0.1155 0.6425
vn -0.0239 0.0422 -0.9988
vn -0.0346 0.0623 -0.9975
vn -0.0901 0.0836 0.9924
vn -0.4437 -0.1383 -0.8855
vn -0.0812 0.0444 0.9957
vn -0.0115 -0.1600 0.9871
vn 0.0456 0.0999 -0.9940
vn 0.0513 0.0885 -0.9948
vn 0.0468 0.1124 -0.9926
vn -0.6711 0.0599 0.7390
vn -0.3265 -0.7739 -0.5427
vn -0.2009 0.3913 0.8981
vn -0.0385 -0.5748 -0.8174
vn 0.0335 -0.9990 -0.0308
vn -0.0583 -0.9971 -0.0482
vn -0.0463 -0.9988 0.0175
vn -0.4270 0.8993 0.0941
vn -0.3646 -0.6497 -0.6671
vn -0.2211 -0.5304 -0.8184
vn -0.4336 -0.0193 -0.9009
vn 0.0219 -0.4762 0.8791
vn 0.0369 -0.6601 -0.7503
vn 0.1696 0.9715 0.1657
vn 0.0353 -0.9767 0.2115
vn 0.0204 -0.0738 -0.9971
vn -0.2148 0.0836 0.9731
vn 0.9370 0.2818 0.2066
vn -0.0574 -0.2800 -0.9583
vn 0.0144 -0.0625 -0.9979
vn 0.5844 0.7961 -0.1571
vn -0.3652 0.7486 0.5534
vn -0.0783 0.1566 0.9846
vn -0.0183 0.7480 0.6635
vn -0.9608 0.0092 0.2769
vn -0.8691 -0.4780 0.1275
vn -0.5322 -0.5584 0.6363
vn -0.7351 -0.1175 0.6678
vn 0.1054 0.9830 -0.1502
vn -0.8721 0.4823 -0.0831
vn -0.1801 -0.8754 0.4485
vn -0.7348 -0.6628 0.1438
vn -0.2703 0.7698 0.5782
vn -0.9729 0.1669 -0.1598
vn -0.9978 0.0612 0.0247
vn 0.0549 0.1148 -0.9919
vn -0.0730 -0.0665 -0.9951
vn -0.0588 -0.0475 -0.9971
vn 0.2553 0.9650 -0.0596
vn -0.1418 0.1439 0.9794
vn -0.0039 0.2834 -0.9590
vn -0.0168 0.0462 -0.9988
vn -0.2023 -0.7317 -0.6509
vn 0.0308 0.5577 0.8295
vn -0.1905 -0.6491 0.7365
vn -0.0037 -0.7239 0.6899
vn -0.0029 -0.8859 -0.4639
vn 0.3302 -0.9393 -0.0935
vn 0.8814 0.4549 -0.1274
vn 0.0808 -0.9920 0.0966
vn 0.3202 0.6139 -0.7215
vn -0.1154 -0.9847 0.1306
vn -0.0468 0.2209 0.9742
vn -0.2402 0.9317 -0.2724
vn -0.2157 0.9761 -0.0247
vn -0.1525 0.9730 0.1735
vn -0.2218 0.9437 -0.2456
vn 0.0044 -0.8947 -0.4467
vn 0.1298 -0.8847 0.4477
vn -0.2946 -0.9052 0.3062
vn -0.9875 0.1464 -0.0589
vn -0.9930 -0.0524 -0.1056
vn 0.6750 0.3404 0.6546
vn 0.0330 0.9914 -0.1269
vn 0.2501 0.0350 0.9676
vn -0.3219 0.8807 0.3474
vn 0.0816 0.2311 0.9695
vn -0.0745 0.9301 0.3597
vn 0.3332 -0.0866 0.9389
vn 0.1232 0.9919 0.0315
vn 0.0006 0.1468 0.9892
vn 0.0686 0.6072 0.7916
vn -0.2803 0.0268 0.9595
vn 0.2015 0.5055 0.8390
vn 0.0626 0.0485 0.9969
vn -0.3142 0.6494 -0.6925
vn -0.1879 0.8781 0.4400
vn 0.0565 -0.5996 0.7983
vn -0.0945 -0.9738 0.2069
vn 0.3907 -0.7916 0.4698
vn 0.0250 -0.0769 -0.9967
vn 0.0340 -0.1793 0.9832
vn 0.0796 0.9149 -0.3959
vn 0.0282 -0.9996 -0.0102
vn -0.9528 0.3002 0.0448
vn -0.9895 0.0915 0.1123
vn -0.9895 0.0915 0.1122
vn -0.1231 -0.9450 -0.3031
vn 0.1207 0.9865 0.1111
vn -0.9865 -0.0527 0.1549
vn 0.3345 -0.9314 -0.1435
vn 0.1306 -0.2774 0.9518
vn 0.1295 0.5589 0.8191
vn -0.2966 0.9548 0.0191
vn 0.9578 -0.2242 -0.1796
vn 0.9894 -0.0915 -0.1123
vn 0.9895 -0.0915 -0.1123
vn 0.0800 -0.0040 0.9968
vn 0.9982 0.0405 -0.0438
vn 0.9972 0.0630 -0.0407
vn 0.5408 -0.8070 0.2372
vn -0.2505 -0.9679 0.0209
vn 0.2150 0.9709 -0.1056
vn -0.0160 -0.9909 0.1334
vn 0.0376 -0.1692 0.9849
vn 0.2455 0.1167 0.9624
vn -0.0518 0.0615 0.9968
vn 0.0209 0.0734 0.9971
vn -0.6278 -0.3707 -0.6844
vn -0.5626 -0.5407 -0.6254
vn 0.5288 0.7005 -0.4792
vn -0.1164 -0.9842 0.1335
vn 0.2993 -0.1900 0.9351
vn 0.4585 -0.7214 -0.5190
vn 0.3987 -0.8772 -0.2675
vn 0.3387 -0.5299 -0.7775
vn -0.5219 0.3483 0.7787
vn -0.1281 -0.5325 -0.8367
vn -0.0075 -0.9929 -0.1183
vn -0.0888 0.0360 -0.9954
vn 0.2432 -0.0331 -0.9694
vn 0.2893 -0.8986 -0.3298
vn -0.7917 0.5849 -0.1764
vn 0.8640 -0.2115 -0.4569
vn 0.8803 0.4636 -0.1006
vn 0.9948 0.0942 -0.0385
vn -0.5933 0.8048 -0.0198
vn 0.9264 -0.3753 0.0311
vn -0.3388 -0.3800 0.8607
vn -0.0630 -0.2202 0.9734
vn 0.9794 -0.0167 0.2010
vn 0.9887 -0.1256 -0.0813
vn 0.8027 -0.2419 0.5451
vn 0.9317 -0.0094 0.3632
vn 0.7190 0.2505 0.6482
vn 0.0200 0.2517 -0.9676
vn 0.3192 -0.6206 -0.7162
vn -0.2344 -0.1656 0.9579
vn 0.4491 0.2208 -0.8658
vn 0.4391 0.1806 -0.8801
vn 0.0460 0.2054 0.9776
vn -0.2192 -0.9734 0.0671
vn 0.0308 -0.9699 0.2416
vn 0.3262 -0.8647 0.3821
vn 0.0518 0.0055 -0.9986
vn 0.0182 0.0006 -0.9998
vn 0.0667 0.0010 -0.9978
vn -0.2235 0.0975 0.9698
vn -0.1092 -0.9937 0.0247
vn -0.0099 -0.6388 -0.7693
vn 0.0136 -0.7130 -0.7010
vn -0.0438 -0.9723 0.2297
vn -0.0577 -0.9978 0.0318
vn 0.4879 0.2503 0.8362
vn 0.4811 -0.8601 -0.1696
vn -0.0467 0.0440 0.9979
vn -0.0552 -0.6969 0.7150
vn 0.5703 0.8214 -0.0009
vn 0.2248 0.8045 -0.5497
vn -0.0360 -0.0322 -0.9988
vn 0.5222 -0.7891 0.3235
vn -0.0359 -0.8649 0.5006
vn -0.0284 -0.8546 0.5185
vn 0.0054 -0.7880 0.6156
vn 0.1789 -0.5595 -0.8093
vn -0.0326 -0.8196 -0.5720
vn 0.0277 -0.9996 0.0051
vn 0.5749 -0.4841 -0.6596
vn 0.3401 0.2381 0.9098
vn -0.0330 -0.2392 0.9704
vn -0.0218 0.7198 -0.6938
vn -0.6941 -0.6294 0.3495
vn 0.0167 0.0178 -0.9997
vn 0.4685 -0.4306 -0.7714
vn -0.1286 -0.2894 0.9485
vn -0.1127 -0.1048 -0.9881
vn 0.2183 0.2329 -0.9477
vn 0.0762 -0.0718 -0.9945
vn 0.6461 0.3054 -0.6995
vn 0.1324 -0.1074 -0.9854
vn 0.2137 0.2053 -0.9551
vn 0.2040 0.1980 -0.9587
vn 0.2152 0.2029 -0.9553
vn -0.7277 0.6682 0.1550
vn 0.6754 0.1075 0.7296
vn -1.0000 0.0057 -0.0001
vn -0.7247 -0.6878 -0.0417
vn -0.6979 -0.7147 0.0459
vn -0.9982 -0.0592 -0.0089
vn -0.9920 -0.1246 0.0186
vn -0.6914 0.6341 0.3462
vn -0.7005 0.7101 -0.0707
vn -0.9970 -0.0745 -0.0188
vn -0.5035 0.4321 0.7482
vn 0.5533 -0.6935 0.4614
vn -0.9888 -0.1478 0.0206
vn -0.9754 0.2188 0.0283
vn 0.3988 0.9101 -0.1123
vn 0.0172 -0.9994 -0.0311
vn -0.9809 0.1946 0.0002
vn 0.0127 0.9997 -0.0231
vn 0.0028 0.9965 -0.0830
vn 0.0487 -0.8363 0.5461
vn -0.5967 0.3754 -0.7092
vn -0.9398 -0.3333 0.0756
vn 0.0229 -0.0059 0.9997
vn 0.2780 -0.3579 0.8914
vn 0.8208 -0.2847 0.4952
vn -0.5129 0.2547 -0.8198
vn 0.7548 0.2222 -0.6171
vn -0.5457 -0.5062 -0.6678
vn -0.0907 -0.8457 -0.5260
vn -0.0509 -0.0333 -0.9981
vn -0.9625 0.0167 0.2708
vn -0.0195 0.4451 0.8953
vn 0.9414 0.3353 0.0371
vn 0.5248 0.7865 0.3257
vn -0.8096 0.4886 0.3254
vn 0.1113 -0.9491 0.2947
vn 0.0849 0.9964 0.0006
vn 0.6172 0.5336 0.5782
vn 0.0020 0.9997 -0.0223
vn 0.6159 -0.5709 0.5429
vn -0.1059 -0.9930 0.0521
vn 0.6561 -0.5252 -0.5419
vn -0.9580 -0.2754 -0.0793
vn 0.0407 0.0017 0.9992
vn 0.6062 -0.5203 0.6015
vn 0.9784 0.2054 -0.0221
vn 0.6120 0.6189 0.4924
vn 0.0020 0.9999 0.0138
vn 0.0081 -0.8251 -0.5650
vn -0.4350 -0.3117 0.8447
vn -0.7354 0.4434 0.5124
vn 0.7314 -0.6215 -0.2807
vn -0.9379 0.3411 0.0623
vn -0.1702 -0.1802 -0.9688
vn -0.2578 -0.8180 0.5143
vn 0.7678 0.3923 -0.5066
vn -0.5312 0.2867 0.7973
vn 0.3844 -0.0252 -0.9228
vn 0.0031 -0.6832 0.7302
vn -0.0219 -0.0988 -0.9949
vn -0.1732 0.9051 0.3883
vn 0.3566 0.0934 0.9296
vn 0.8283 0.5153 -0.2200
vn -0.0537 0.6806 0.7307
vn -0.1626 -0.5931 -0.7885
vn -0.0444 0.0355 -0.9984
vn 0.8243 -0.2197 -0.5218
vn -0.0073 -0.0223 0.9997
vn -0.0665 -0.9912 -0.1144
vn 0.0124 0.6766 0.7362
vn 0.6792 -0.2592 -0.6867
vn 0.0689 0.3370 0.9390
vn 0.8186 -0.2900 0.4958
vn 0.1509 0.9054 -0.3968
vn -0.1445 0.9833 0.1106
vn -0.0029 -0.6929 0.7210
vn 0.1170 -0.9006 0.4187
vn 0.1843 0.9659 -0.1820
vn 0.1641 0.4411 -0.8823
vn 0.1332 0.9416 0.3092
vn 0.1019 0.7133 -0.6934
vn 0.5502 0.0515 0.8334
vn 0.2093 -0.0930 0.9734
vn 0.2078 -0.0886 0.9742
vn 0.9475 0.0163 0.3193
vn 0.0275 -0.3739 0.9271
vn 0.9804 0.1822 0.0747
vn 0.8665 0.1619 -0.4722
vn 0.0768 -0.9895 -0.1226
vn -0.0527 -0.3529 -0.9342
vn 0.0058 0.9958 -0.0915
vn 0.9334 -0.1769 0.3123
vn -0.0098 -0.9810 0.1937
vn -0.0538 -0.3089 -0.9496
vn -0.4852 -0.5258 0.6987
vn -0.9884 -0.1512 -0.0120
vn 0.6454 -0.3186 0.6942
vn 0.1049 -0.0944 -0.9900
vn -0.0672 -0.4596 0.8856
vn 0.0459 -0.0004 0.9989
vn -0.6381 0.7036 -0.3127
vn 0.0379 0.0226 -0.9990
vn 0.5019 -0.8630 0.0568
vn 0.1364 -0.9784 -0.1553
vn 0.0291 -0.9910 -0.1303
vn 0.0659 -0.9888 -0.1339
vn 0.0939 0.8128 -0.5749
vn 0.0705 0.7361 -0.6731
vn 0.0414 -0.7074 0.7056
vn -0.1066 0.8289 -0.5491
vn 0.0111 -0.9298 -0.3678
vn 0.0480 -0.8838 -0.4655
vn -0.0231 -0.8949 -0.4456
vn 0.0543 -0.7283 -0.6831
vn -0.9032 -0.1089 -0.4152
vn 0.1167 0.0263 -0.9928
vn 0.1588 0.9843 -0.0766
vn 0.0458 -0.0004 0.9990
vn 0.0118 0.2927 0.9561
vn -0.0231 -0.3868 -0.9219
vn 0.0220 0.9920 0.1241
vn -0.5109 -0.8041 -0.3040
vn -0.4052 -0.0084 0.9142
vn 0.1256 0.9021 -0.4129
vn -0.3845 0.9222 -0.0412
vn -0.5202 0.7743 -0.3603
vn -0.7359 0.3940 -0.5506
vn 0.0874 -0.1425 0.9859
vn -0.0113 -0.2253 -0.9742
vn 0.7303 0.2453 0.6376
vn 0.0502 -0.6814 0.7302
vn -0.8853 -0.2127 0.4136
vn -0.2220 0.2405 -0.9449
vn 0.0660 -0.5142 -0.8551
vn -0.2493 0.8605 0.4444
vn -0.0402 -0.1988 -0.9792
vn 0.2587 0.0153 0.9658
vn 0.1200 0.1444 0.9822
vn 0.0018 0.9853 -0.1708
vn -0.1385 -0.8217 0.5528
vn 0.6027 0.7979 0.0066
vn -0.1770 -0.9537 -0.2433
vn -0.1488 -0.9625 -0.2268
vn -0.2610 -0.9568 -0.1278
vn 0.3380 0.0215 0.9409
vn -0.7702 0.6375 0.0215
vn 0.0596 -0.5393 0.8400
vn -0.9382 0.3460 -0.0004
vn 0.0002 -0.1351 -0.9908
vn -0.3012 -0.8913 -0.3389
vn -0.0355 0.6384 -0.7689
vn -0.0512 -0.9434 0.3276
vn 0.1245 -0.9809 -0.1495
vn -0.0355 -0.2587 -0.9653
vn 0.8193 -0.5256 0.2291
vn -0.5801 -0.7963 -0.1713
vn 0.4753 -0.8764 0.0769
vn -0.5885 -0.7900 -0.1719
vn -0.1526 0.9318 -0.3293
vn -0.7744 0.1257 0.6201
vn 0.0107 0.9220 0.3872
vn -0.1749 0.9818 0.0738
vn 0.1543 -0.2466 0.9568
vn 0.9572 0.2893 0.0045
vn -0.9628 0.2260 0.1482
vn 0.0335 -0.9518 0.3048
vn 0.0515 0.7746 -0.6304
vn 0.1254 -0.9877 -0.0936
vn -0.0924 0.9338 0.3457
vn 0.0994 -0.9932 0.0611
vn 0.3217 -0.9419 0.0967
vn -0.0365 -0.9176 0.3957
vn -0.1390 0.9826 0.1229
vn 0.7323 0.6705 0.1192
vn 0.5874 0.8051 0.0828
vn 0.0776 -0.9969 -0.0144
vn 0.9254 -0.1171 0.3604
vn -0.0676 -0.1096 0.9917
vn -0.0559 -0.1247 -0.9906
vn -0.1101 0.9939 -0.0018
vn 0.0017 0.9996 -0.0274
vn -0.0981 0.2907 0.9518
vn -0.0053 0.2193 -0.9756
vn 0.0493 -0.7959 0.6034
vn 0.3238 0.0216 0.9459
vn 0.0945 0.8473 -0.5226
vn 0.4648 -0.0519 0.8839
vn -0.1597 0.9612 0.2248
vn 0.0399 -0.1100 0.9931
vn -0.9041 -0.0741 0.4209
vn -0.6664 -0.2837 0.6895
vn -0.9829 -0.1065 0.1501
vn -0.0331 -0.9993 -0.0152
vn 0.0226 -0.5428 0.8396
vn -0.0002 -0.9797 0.2003
vn 0.5848 -0.4219 0.6929
vn 0.0451 -0.7796 -0.6246
vn 0.0479 -0.9983 0.0330
vn 0.8599 0.0070 -0.5105
vn -0.7378 0.4253 -0.5242
vn -0.4409 0.8950 -0.0681
vn -0.9977 -0.0462 -0.0501
vn -0.9992 -0.0171 0.0375
vn -0.9976 -0.0394 -0.0570
vn -0.0731 -0.0241 0.9970
vn -0.2288 0.9134 0.3368
vn -0.0835 0.1824 -0.9797
vn -0.8252 0.3728 -0.4243
vn 0.1732 -0.1407 0.9748
vn -0.4192 0.8622 -0.2844
vn -0.2430 0.2560 0.9356
vn -0.2298 0.4715 -0.8514
vn -0.0006 0.2228 0.9749
vn 0.3448 -0.8616 -0.3726
vn 0.2399 -0.7466 0.6205
vn 0.0110 0.0764 -0.9970
vn -0.0394 0.6980 -0.7150
vn -0.0345 0.0583 -0.9977
vn 0.4774 -0.5340 -0.6978
vn -0.1896 0.3155 -0.9298
vn 0.8412 -0.3929 -0.3714
vn -0.5369 -0.0809 0.8397
vn -0.1077 -0.1827 -0.9772
vn 0.0095 0.9992 0.0395
vn 0.5399 0.8091 -0.2323
vn 0.1039 -0.9945 -0.0133
vn -0.0740 0.4887 -0.8693
vn 0.5785 0.8156 0.0105
vn -0.0212 -0.9378 0.3466
vn 0.2678 -0.7846 0.5591
vn 0.8342 -0.5008 0.2309
vn 0.9445 -0.2246 -0.2398
vn -0.0455 -0.9914 -0.1229
vn -0.2973 -0.9254 0.2351
vn 0.3904 -0.7013 -0.5965
vn 0.9635 0.1825 0.1960
vn 0.9821 -0.0266 0.1866
vn 0.9506 -0.2769 0.1400
vn -0.5333 -0.8457 0.0160
vn 0.7638 0.3032 0.5698
vn 0.3220 0.9166 0.2371
vn 0.8077 0.5764 -0.1240
vn -0.1231 -0.5106 0.8510
vn 0.0091 -0.9915 0.1295
vn 0.1244 0.9922 -0.0036
vn -0.1084 0.7780 -0.6189
vn -0.9936 0.0726 -0.0869
vn -0.1826 0.9038 -0.3871
vn -0.2887 0.8167 -0.4997
vn -0.1486 0.9183 -0.3669
vn 0.3725 -0.8051 0.4616
vn 0.8678 0.3677 -0.3342
vn -0.7166 -0.6444 -0.2668
vn -0.3446 -0.5503 0.7605
vn -0.7902 -0.1248 0.5999
vn -0.0029 -1.0000 0.0048
vn -0.1624 -0.5858 -0.7940
vn -0.1073 0.8016 -0.5882
vn -0.0907 0.8193 -0.5662
vn -0.0884 0.8158 -0.5715
vn 0.7575 0.6060 -0.2427
vn 0.7375 0.6236 -0.2592
vn 0.7150 0.6519 -0.2524
vn 0.9847 0.0061 0.1741
vn 0.8041 0.5942 0.0189
vn -0.0368 -0.9992 0.0124
vn 0.3974 -0.2086 -0.8936
vn 0.0014 -0.9888 0.1489
vn -0.0661 0.9938 -0.0896
vn 0.0171 -0.9680 -0.2504
vn -0.2030 0.9783 -0.0410
vn 0.9984 -0.0066 0.0569
vn 0.0005 -0.9483 -0.3174
vn -0.1178 -0.7740 -0.6221
vn -0.7183 0.4950 -0.4889
vn -0.8476 0.5305 -0.0069
vn -0.6811 0.7316 -0.0284
vn -0.9889 0.1341 -0.0647
vn 0.9999 0.0042 0.0147
vn 0.9980 0.0454 -0.0445
vn 1.0000 0.0044 0.0032
vn 1.0000 0.0073 -0.0006
vn 0.6754 -0.6392 0.3678
vn -0.5590 -0.5409 0.6284
vn -0.6973 -0.3216 0.6406
vn -0.0992 -0.7985 0.5937
vn -0.0575 0.0507 -0.9971
vn -0.0492 -0.8400 0.5403
vn 0.0295 -0.5316 0.8465
vn -0.0876 0.7898 0.6071
vn -0.0221 0.8271 -0.5616
vn -0.6082 -0.1526 -0.7790
vn -0.5313 0.8161 0.2273
vn 0.1307 0.9901 0.0511
vn 0.2435 -0.2536 -0.9362
vn -0.2384 0.2177 -0.9465
vn -0.0022 -0.0713 0.9975
vn -0.0605 0.3958 0.9163
vn -0.0555 -0.1392 0.9887
vn -0.9937 0.0081 -0.1122
vn -0.7812 -0.6121 -0.1231
vn -0.7579 0.2105 -0.6175
vn -0.7984 -0.5027 0.3315
vn -0.2931 -0.2686 -0.9176
vn 0.1299 -0.1895 -0.9733
vn -0.4775 0.8786 0.0064
vn -0.7559 -0.6314 -0.1732
vn -0.9176 0.3164 -0.2406
vn -0.2621 -0.3837 -0.8855
vn -0.1303 -0.8414 -0.5245
vn -0.2625 -0.7813 -0.5663
vn -0.9838 -0.0582 -0.1696
vn -0.1928 -0.0052 -0.9812
vn -0.9858 0.0339 -0.1644
vn -0.7696 0.0427 0.6371
vn -0.9209 0.2801 0.2711
vn -0.6670 -0.5287 0.5250
vn -0.9083 0.0984 -0.4066
vn -0.6554 0.2875 0.6985
vn -0.9996 0.0272 0.0092
vn -0.9997 0.0237 -0.0030
vn -0.9997 0.0238 -0.0030
vn -0.9999 0.0098 -0.0133
vn -0.9998 -0.0084 -0.0155
vn -0.9997 0.0235 -0.0041
vn -0.9996 -0.0090 -0.0276
vn 0.9674 -0.0336 0.2512
vn -0.1626 -0.9866 0.0141
vn -0.0490 -0.9988 -0.0039
vn -0.2441 -0.8914 0.3819
vn 0.0495 0.1663 0.9848
vn 0.7932 -0.6070 -0.0490
vn 0.8608 -0.5089 -0.0070
vn 0.9424 0.3346 -0.0007
vn 0.9485 0.3168 -0.0028
vn 0.3112 0.0076 0.9503
vn -0.2705 0.0176 -0.9625
vn 0.5834 0.8080 -0.0819
vn -0.5817 0.5713 0.5790
vn 0.0788 0.0166 -0.9968
vn 0.0430 0.0433 0.9981
vn -0.1831 -0.9080 -0.3769
vn -0.3513 0.9349 0.0513
vn -0.5018 0.2336 -0.8328
vn 0.1438 0.7108 -0.6885
vn -0.9745 0.2244 0.0045
vn -0.2955 -0.8354 0.4635
vn 0.2091 0.9009 0.3804
vn -0.0789 0.8762 0.4754
vn 0.2582 -0.6204 -0.7405
vn 0.0685 -0.7842 0.6167
vn 0.1332 0.9899 0.0484
vn 0.1871 0.8724 0.4515
vn -0.1868 0.1136 -0.9758
vn -0.0393 0.7613 0.6473
vn 0.1687 -0.9454 -0.2787
vn 0.1134 -0.9932 0.0261
vn -0.1125 0.5061 0.8551
vn -0.7870 -0.5401 -0.2982
vn -0.8931 0.4458 -0.0601
vn -0.5050 -0.8623 0.0380
vn -0.5109 0.6113 -0.6043
vn -0.0236 0.9965 -0.0807
vn -0.6338 0.0946 0.7677
vn -0.0343 -0.4077 -0.9125
vn -0.1841 -0.4959 -0.8487
vn -0.0069 0.8983 0.4393
vn 0.1600 -0.4503 0.8784
vn -0.0365 0.7975 -0.6022
vn -0.0450 -0.9990 -0.0031
vn -0.0034 0.2944 -0.9557
vn -0.7664 0.3791 0.5186
vn 0.2833 -0.4771 0.8319
vn 0.8970 0.4419 0.0086
vn 0.9448 -0.3025 0.1260
vn 0.7503 0.1721 0.6383
vn -0.0022 0.6794 -0.7338
vn 0.2124 -0.9091 -0.3583
vn -0.9831 0.0507 0.1757
vn 0.5660 0.6792 0.4673
vn 0.3339 0.0803 0.9392
vn -0.4229 -0.0886 0.9018
vn 0.4171 -0.0065 -0.9088
vn 0.1072 -0.0629 0.9922
vn 0.0093 -0.8114 0.5844
vn -0.0507 -0.8115 0.5821
vn -0.4036 0.2340 0.8845
vn -0.0083 0.0137 0.9999
vn 0.1649 -0.9460 0.2790
vn -0.1480 -0.8143 -0.5612
vn -0.7512 0.4324 -0.4987
vn 0.0320 0.5835 -0.8115
vn 0.0203 0.6023 -0.7980
vn -0.0301 0.3261 -0.9449
vn -0.1443 0.1985 -0.9694
vn -0.1930 0.2902 -0.9373
vn 0.3679 0.9256 0.0891
vn 0.0125 0.9998 -0.0126
vn -0.0566 0.9964 0.0628
vn 0.0009 -0.9998 0.0203
vn 0.9200 0.0439 -0.3894
vn 0.5882 -0.0529 -0.8070
vn 0.9750 -0.2222 -0.0067
vn 0.9681 -0.2493 0.0235
vn 0.9862 -0.0078 -0.1657
vn -0.9754 -0.2171 0.0376
vn -0.5104 0.6033 -0.6128
vn 0.3019 -0.0359 0.9527
vn -0.0003 -0.0001 -1.0000
vn 0.0877 0.0157 -0.9960
vn 0.0104 0.0397 -0.9992
vn 0.0709 -0.0030 -0.9975
vn -0.3021 -0.1037 0.9476
vn 0.0649 -0.3103 0.9484
vn -0.9842 0.0449 -0.1713
vn -0.0051 -0.9965 0.0829
vn -0.5322 -0.8454 -0.0450
vn -0.9400 -0.0208 0.3405
vn 0.0997 -0.0019 0.9950
vn -0.9938 -0.1111 0.0067
vn 0.9677 -0.1912 0.1646
vn 0.8254 0.2238 -0.5183
vn 0.6510 0.7589 0.0159
vn 0.9125 0.4089 -0.0141
vn 0.1904 0.9788 0.0759
vn -0.9413 0.3357 -0.0359
vn 0.0134 -0.0190 -0.9997
vn -0.0378 -0.1125 -0.9929
vn 0.9734 0.1365 -0.1840
vn 0.9930 -0.0954 -0.0695
vn 0.5781 0.8043 0.1375
vn -0.1063 0.0220 0.9941
vn -0.2517 0.9143 0.3174
vn -0.7953 0.3685 -0.4814
vn -0.8456 -0.4544 -0.2803
vn -0.9120 -0.3491 -0.2154
vn -0.8842 -0.2687 -0.3820
vn 0.3349 -0.0336 -0.9417
vn -0.7883 0.5171 0.3335
vn 0.3563 0.1250 0.9260
vn 0.0389 -0.0424 -0.9983
vn 0.2799 -0.9600 0.0010
vn -0.0050 -1.0000 -0.0019
vn -0.0410 -0.9978 0.0519
vn -0.1498 -0.9886 0.0174
vn -0.9385 -0.2205 0.2656
vn 0.0940 -0.9944 0.0474
vn 0.3986 -0.6429 -0.6541
vn -0.9321 0.0358 0.3605
vn -0.0920 -0.1748 0.9803
vn -0.0232 -0.0204 0.9995
vn 0.0013 -1.0000 0.0096
vn -0.5400 -0.6196 -0.5696
vn -0.2616 -0.1470 0.9539
vn 0.3381 -0.9409 0.0188
vn 0.8584 0.3543 0.3711
vn 0.8729 0.4628 -0.1544
vn 0.3620 -0.9107 0.1988
vn -0.1700 -0.0929 -0.9811
vn 0.9994 0.0315 0.0113
vn 0.9314 0.1276 -0.3409
vn -0.0182 0.6349 0.7724
vn -0.0256 0.9979 -0.0595
vn 0.6311 0.5046 -0.5892
vn -0.0144 -0.0013 0.9999
vn 0.1389 -0.7632 0.6311
vn -0.7587 -0.6499 -0.0451
vn 0.5015 -0.2087 -0.8396
vn 0.4266 -0.4495 -0.7848
vn 0.4754 -0.2197 -0.8519
vn -0.8782 -0.3821 -0.2878
vn -0.5829 -0.5506 -0.5976
vn -0.5840 -0.5860 0.5617
vn -0.9220 -0.0065 0.3872
vn -0.4596 0.4780 -0.7486
vn -0.0576 0.9973 0.0446
vn 0.0146 -0.0033 -0.9999
vn 0.0526 -0.1421 -0.9884
vn 0.0797 -0.2949 -0.9522
vn 0.0526 -0.1421 -0.9885
vn 0.0296 -0.0155 -0.9994
vn 0.3880 -0.3484 0.8533
vn -0.9654 -0.2558 -0.0513
vn 0.0517 0.0178 0.9985
vn 0.0295 -0.9970 0.0717
vn 0.3613 0.9005 0.2419
vn 0.3611 0.9005 0.2422
vn 0.2962 0.9043 0.3073
vn -0.1443 0.1984 -0.9694
vn 0.1097 -0.7014 0.7043
vn 0.0941 -0.9944 0.0474
vn 0.3814 0.9007 -0.2081
vn 0.0192 -0.2011 0.9794
vn -0.3632 -0.9056 -0.2191
vn -0.7971 0.5173 -0.3115
vn 0.0099 -0.2490 -0.9684
vn -0.9976 -0.0609 -0.0325
vn 0.0535 0.8905 -0.4519
vn -0.8469 0.5315 -0.0124
vn -0.1485 -0.3655 0.9189
vn 0.0593 -0.1066 -0.9925
vn -0.0236 0.4863 -0.8735
vn 0.3111 -0.4528 0.8356
vn 0.1066 -0.5572 0.8235
vn 0.1166 -0.8775 -0.4651
vn -0.8801 0.4584 -0.1239
vn -0.0955 0.4530 0.8864
vn -0.3000 -0.5211 0.7990
vn 0.0073 -0.9956 -0.0932
vn 0.0410 0.9945 0.0967
vn 0.1186 -0.9621 -0.2457
vn 0.0658 -0.9977 -0.0186
vn 0.1405 -0.9757 -0.1681
vn -0.1038 0.3511 -0.9306
vn -0.5861 -0.6222 -0.5191
vn -0.0714 0.9744 0.2132
vn -0.2049 -0.9744 -0.0927
vn -0.2494 -0.9600 -0.1271
vn 0.0563 -0.9905 -0.1259
vn 0.7284 -0.5544 0.4025
vn 0.1252 0.1647 0.9784
vn 0.5934 -0.7966 -0.1154
vn -0.4545 -0.8748 -0.1676
vn -0.0661 -0.9978 -0.0095
vn 0.0116 0.8019 0.5973
vn 0.0227 0.6512 0.7586
vn 0.0717 -0.9973 0.0124
vn 0.0016 -0.9488 0.3158
vn -0.7258 0.2991 -0.6195
vn -0.1904 0.7993 -0.5699
vn -0.5028 0.0991 -0.8587
vn 0.0289 -0.9978 -0.0592
vn -0.3600 0.9321 -0.0398
vn -0.8839 -0.1017 -0.4565
vn 0.0904 0.8303 0.5500
vn 0.0289 0.0210 0.9994
vn 0.0080 0.4647 0.8854
vn 0.1012 -0.5657 0.8184
vn 0.0794 -0.5309 0.8437
vn 0.0814 -0.5953 0.7994
vn -0.5752 0.7023 -0.4194
vn 0.3000 0.9520 -0.0605
vn 0.5782 0.8043 0.1374
vn 0.0434 -0.9988 0.0226
vn -0.5210 0.8535 0.0105
vn 0.9421 0.1150 -0.3149
vn 0.0558 0.0046 0.9984
vn 0.1302 -0.9907 -0.0406
vn 0.8353 0.0336 0.5488
vn 0.0697 -0.8897 -0.4512
vn 0.0843 0.7545 -0.6508
vn 0.4566 0.8877 0.0589
vn -0.1098 0.9827 -0.1491
vn 0.2052 -0.1898 0.9601
vn -0.0024 -0.1438 0.9896
vn -0.7931 0.5832 0.1758
vn -0.0913 0.0481 0.9947
vn 0.9319 0.0926 -0.3507
vn 0.0938 0.9853 0.1425
vn 0.3914 -0.8269 -0.4038
vn 0.3409 -0.9380 0.0635
vn -0.4830 -0.3387 -0.8075
vn -0.0482 -0.6474 0.7606
vn 0.1662 -0.7583 -0.6304
vn 0.5411 0.6475 0.5366
vn 0.0381 0.2548 -0.9662
vn 0.1134 0.0746 -0.9908
vn -0.7472 -0.6188 -0.2424
vn 0.3188 -0.4795 -0.8176
vn 0.3167 -0.4822 -0.8168
vn 0.2906 -0.4097 -0.8647
vn -0.0708 -0.9706 -0.2301
vn -0.0487 -0.9890 -0.1399
vn -0.0621 -0.9899 -0.1274
vn 0.3280 -0.9436 -0.0443
vn -0.1491 0.9760 0.1584
vn -0.0875 -0.9920 0.0910
vn -0.1451 -0.9731 0.1787
vn -0.1014 -0.9672 0.2331
vn 0.0985 -0.5865 0.8039
vn 0.1682 -0.3756 0.9114
vn -0.0362 -0.4999 0.8653
vn -0.0651 0.4807 0.8745
vn -0.0766 0.3648 0.9279
vn 0.0233 0.9749 0.2213
vn 0.0120 -0.3771 0.9261
vn -0.0568 0.1602 -0.9854
vn 0.0598 -0.8830 -0.4655
vn -0.0015 0.9991 0.0430
vn -0.0012 0.9991 0.0430
vn 0.0003 0.9983 0.0577
vn -0.0563 0.8384 0.5422
vn 0.1073 -0.9880 0.1107
vn -0.2388 0.8552 -0.4600
vn 0.5802 -0.6324 0.5132
vn 0.0055 0.9972 0.0747
vn -0.6407 0.3489 -0.6839
vn -0.0004 -0.9416 0.3367
vn 0.0282 0.0630 -0.9976
vn -0.5695 -0.8195 -0.0633
vn -0.9997 -0.0259 -0.0047
vn 0.0359 -0.8966 -0.4414
vn -0.9495 0.1414 -0.2801
vn -0.9766 -0.1925 -0.0954
vn -0.0554 -0.0492 0.9973
vn -0.0283 -0.1228 0.9920
vn -0.0188 -0.0648 0.9977
vn 0.2346 0.9600 0.1530
vn 0.0001 -0.7528 0.6583
vn -0.9961 0.0881 -0.0046
vn -0.9995 -0.0199 0.0245
vn -0.1248 -0.9004 0.4167
vn -0.8174 0.5747 -0.0390
vn 0.0367 -0.3551 -0.9341
vn 0.5737 -0.5775 -0.5808
vn -0.9809 0.0320 0.1921
vn -0.9841 -0.1754 -0.0271
vn -0.9867 -0.1615 -0.0206
vn -0.4973 -0.0416 0.8666
vn -0.0417 0.9978 -0.0522
vn -0.6805 -0.4105 -0.6070
vn -0.0022 1.0000 -0.0070
vn -0.0389 -0.0644 -0.9972
vn 0.0077 0.1520 -0.9884
vn 0.0705 0.0480 -0.9964
vn 0.0399 0.0495 0.9980
vn -0.8581 0.4306 0.2799
vn -0.9862 -0.1625 -0.0304
vn 0.8545 -0.5111 -0.0931
vn 0.8954 -0.4220 -0.1419
vn 0.9349 -0.3378 -0.1088
vn 0.3584 -0.1532 -0.9209
vn 0.8809 0.3772 -0.2858
vn 0.9569 0.1952 0.2152
vn 0.9652 0.1460 0.2169
vn 0.0158 -0.9957 -0.0916
vn 0.9882 0.1531 0.0042
vn 0.8631 0.5049 0.0144
vn 0.6883 0.3741 -0.6215
vn 0.0295 0.3884 -0.9210
vn -0.2311 0.9680 -0.0977
vn -0.7898 0.6123 -0.0359
vn 0.9467 -0.3208 0.0294
vn -0.2836 -0.9351 0.2124
vn 0.9713 -0.0681 -0.2280
vn 0.2122 0.9444 0.2510
vn 0.3085 -0.9507 0.0327
vn 0.5304 -0.8412 0.1054
vn 0.9572 -0.2889 -0.0187
vn 0.0012 -0.2075 0.9782
vn 0.0442 0.0217 0.9988
vn 0.0228 0.0280 -0.9993
vn 0.5169 -0.8314 -0.2040
vn 0.8610 0.5082 -0.0211
vn 0.0001 -0.2139 0.9769
vn 0.9885 -0.0784 0.1294
vn 0.9867 -0.0871 0.1373
vn 0.9872 -0.0765 0.1398
vn -0.0739 -0.8108 0.5807
vn 0.8778 0.2115 0.4297
vn -0.0082 -0.9006 -0.4345
vn 0.1664 -0.0611 -0.9842
vn 0.0483 -0.0614 -0.9969
vn 0.2238 0.0813 -0.9712
vn 0.0621 0.3183 0.9460
vn -0.0088 0.2568 0.9664
vn 0.0518 0.2846 0.9573
vn -0.4968 -0.0313 0.8673
vn -0.4576 0.6519 0.6047
vn -0.7610 -0.4963 0.4179
vn -0.0270 0.4996 -0.8658
vn 0.0711 -0.0232 0.9972
vn -0.0185 0.1271 -0.9917
vn -0.0470 -0.2876 -0.9566
vn -0.2327 0.9554 -0.1820
vn 0.0394 0.7716 0.6348
vn 0.1398 -0.2836 0.9487
vn -0.0423 -0.2965 -0.9541
vn -0.7469 -0.0178 -0.6647
vn 0.0940 -0.4182 -0.9035
vn -0.1302 0.9581 0.2553
vn 0.0518 0.2846 0.9572
vn 0.0382 -0.5192 0.8538
vn -0.0043 -0.6534 0.7570
vn -0.1086 -0.9937 0.0274
vn -0.1043 -0.0138 -0.9944
vn 0.1071 0.9939 -0.0278
vn 0.0921 0.9955 -0.0200
vn 0.1467 0.9865 0.0726
vn 0.0174 0.9974 0.0694
vn -0.0522 0.8764 -0.4788
vn 0.0203 -0.9336 -0.3578
vn 0.0252 0.0604 0.9979
vn 0.0183 0.9661 -0.2575
vn -0.9931 -0.1139 0.0283
vn 0.4755 0.2744 -0.8358
vn -0.1159 0.4240 -0.8982
vn 0.6619 -0.0369 0.7487
vn -0.1578 0.5477 -0.8217
vn 0.1686 0.9855 0.0171
vn -0.4047 -0.4287 -0.8077
vn -0.9796 0.1005 0.1742
vn -0.1702 0.6139 -0.7708
vn 0.0283 0.0221 -0.9994
vn 0.0872 0.2045 -0.9750
vn -0.0068 -0.9999 0.0108
vn 0.7378 -0.4969 -0.4569
vn 0.6335 -0.4113 -0.6554
vn 0.6335 -0.4112 -0.6554
vn -0.2393 -0.9709 -0.0044
vn 0.0986 -0.9520 -0.2898
vn -0.1770 -0.9714 0.1582
vn -0.3849 -0.8818 0.2726
vn -0.0369 -0.4419 0.8963
vn 0.5191 -0.3221 -0.7917
vn 0.1107 0.9226 -0.3696
vn 0.5853 0.0034 0.8108
vn 0.0993 -0.9712 -0.2166
vn -0.0034 0.9976 -0.0695
vn 0.5698 0.5717 -0.5903
vn 0.3983 -0.9007 -0.1733
vn 0.4160 -0.8148 -0.4038
vn -0.6070 -0.2147 0.7652
vn 0.0562 -0.9411 0.3334
vn -0.0537 -0.9520 -0.3014
vn -0.0940 -0.5773 -0.8111
vn 0.2345 -0.9576 -0.1673
vn -0.0158 0.8577 -0.5140
vn -0.0127 -0.9665 -0.2562
vn -0.0460 0.1297 0.9905
vn -0.2618 0.3236 0.9093
vn -0.1585 0.1288 0.9789
vn -0.0252 -0.7555 0.6546
vn -0.3871 -0.9061 -0.1709
vn -0.0584 0.9818 -0.1810
vn 0.2485 0.9315 0.2658
vn 0.5249 0.6054 0.5983
vn 0.1413 -0.6099 -0.7798
vn -0.7597 -0.5045 0.4102
vn -0.8060 -0.2387 0.5417
vn -0.4272 -0.0165 0.9040
vn -0.0605 0.9804 -0.1874
vn -0.0648 0.0815 -0.9946
vn 0.8080 0.1125 0.5784
vn -0.0417 0.4186 -0.9072
vn -0.0301 -0.8449 -0.5341
vn 0.5397 -0.6587 0.5243
vn 0.0212 -0.6662 0.7455
vn 0.9991 0.0382 0.0203
vn 0.0622 -0.6358 -0.7694
vn 0.0266 -0.9965 0.0795
vn -0.1490 -0.9888 -0.0024
vn 0.0515 -0.0034 0.9987
vn 0.0034 0.0421 0.9991
vn -0.9669 0.0853 0.2406
vn 0.8390 0.4271 -0.3371
vn 0.0786 -0.9722 -0.2204
vn -0.6748 -0.7379 0.0071
vn -0.0565 0.9820 -0.1800
vn -0.9312 0.0002 -0.3646
vn -0.0237 -0.9941 0.1054
vn -0.6414 0.2716 0.7175
vn -0.5523 -0.5827 0.5962
vn -0.9940 -0.1089 -0.0122
vn -0.9952 -0.0968 -0.0128
vn -0.0837 -0.0007 0.9965
vn -0.0128 -0.7089 -0.7052
vn -0.9949 -0.0228 0.0982
vn -0.6222 -0.2292 0.7485
vn -0.0908 -0.0506 0.9946
vn -0.9985 0.0546 -0.0046
vn -0.9332 -0.0135 0.3590
vn -0.6835 -0.0015 -0.7300
vn -0.3313 -0.7586 -0.5610
vn 0.8053 -0.1075 0.5830
vn 0.4104 0.9088 0.0750
vn -0.2672 0.8192 -0.5074
vn 0.6578 -0.5284 -0.5368
vn 0.2048 -0.9573 -0.2040
vn 0.2781 -0.5296 0.8014
vn -0.0030 -0.1305 -0.9914
vn 0.7147 -0.1904 -0.6730
vn 0.6789 -0.5127 -0.5256
vn 0.0629 -0.9946 0.0824
vn 0.5591 -0.5883 0.5843
vn 0.0086 0.7908 -0.6121
vn -0.0325 0.5443 -0.8383
vn 0.5966 0.6945 0.4022
vn 0.0071 -0.0426 -0.9991
vn -0.0256 -0.2335 -0.9720
vn -0.0081 0.9999 0.0132
vn 0.0035 -0.0354 -0.9994
vn -0.0481 -0.8222 0.5671
vn 0.0556 0.5538 0.8308
vn -0.0557 0.8824 -0.4672
vn -0.0986 0.9868 -0.1282
vn 0.0279 -0.2861 -0.9578
vn -0.0543 0.9239 -0.3787
vn 0.6910 -0.0058 0.7228
vn 0.0137 0.0196 0.9997
vn -0.0755 0.7869 -0.6125
vn 0.7539 0.0496 -0.6551
vn 0.6583 -0.0030 0.7528
vn 0.8492 -0.0692 0.5235
vn -0.0016 -1.0000 -0.0038
vn 0.2064 0.3129 0.9271
vn -0.5204 0.0891 -0.8492
vn -0.9960 0.0570 0.0687
vn 0.0841 -0.9222 -0.3775
vn 0.0360 0.2716 0.9617
vn 0.1346 -0.0658 0.9887
vn -0.0014 -0.0127 -0.9999
vn 0.0021 -0.0175 0.9998
vn 0.0622 0.0003 -0.9981
vn -0.0127 -0.2385 0.9711
vn 0.0112 -0.1295 0.9915
vn 0.6771 -0.0403 0.7348
vn -0.6523 0.0770 -0.7540
vn 0.0033 1.0000 0.0009
vn -0.0679 -0.9857 -0.1545
vn -0.0016 0.1033 0.9947
vn -0.0152 -0.4004 0.9162
vn -0.0574 -0.0740 -0.9956
vn 0.0371 0.0228 -0.9991
vn -0.1005 0.5120 0.8531
vn -0.0428 0.1173 0.9922
vn -0.0003 -0.8205 -0.5717
vn 0.3399 -0.8568 0.3878
vn -0.0039 -0.0645 0.9979
vn 0.0112 0.0165 0.9998
vn -0.2671 0.9352 0.2325
vn -0.0509 -0.3580 -0.9323
vn -0.0455 -0.4911 -0.8699
vn -0.0208 0.0014 0.9998
vn 0.0545 0.2077 0.9767
vn 0.0109 -0.0118 -0.9999
vn -0.1058 0.9753 -0.1936
vn -0.5798 -0.6963 0.4231
vn -0.0504 -0.0416 0.9979
vn 0.0032 0.3325 -0.9431
vn 0.0429 0.7939 -0.6065
vn 0.0161 -0.1108 -0.9937
vn -0.4398 -0.6137 0.6557
vn 0.9206 0.2732 0.2790
vn -0.0061 -0.3518 -0.9361
vn 0.8555 0.3352 -0.3946
vn 0.8506 -0.3303 -0.4091
vn -0.0454 0.9898 -0.1349
vn -1.0000 -0.0064 0.0063
vn -0.9326 -0.3158 0.1748
vn -0.8706 -0.0812 0.4853
vn -0.9986 -0.0507 -0.0119
vn -0.6684 0.5848 0.4596
vn -0.6885 -0.3307 -0.6454
vn -0.8196 0.0619 0.5695
vn -0.6559 -0.7541 -0.0333
vn -0.9977 0.0308 0.0608
vn -0.8087 0.0718 -0.5838
vn -0.7158 -0.3811 0.5852
vn -0.5664 0.6658 0.4857
vn -0.4023 -0.7120 0.5755
vn -0.7069 -0.0595 -0.7048
vn 0.7436 0.6406 -0.1916
vn -0.1326 -0.6498 -0.7485
vn -0.2763 -0.4891 -0.8273
vn -0.0886 -0.6050 -0.7913
vn 0.1549 -0.8244 0.5444
vn 0.0182 -0.9989 -0.0425
vn 0.3269 0.8271 -0.4572
vn 0.0353 -0.6331 0.7733
vn -0.2143 0.3295 -0.9195
vn -0.0219 0.0103 -0.9997
vn -0.6034 0.7876 -0.1250
vn -0.0811 0.5902 0.8032
vn -0.0567 -0.9974 -0.0436
vn 0.1061 -0.3524 -0.9298
vn 0.1278 0.6377 0.7596
vn 0.0366 -0.9054 -0.4231
vn -0.0020 -0.9998 0.0213
vn 0.0657 -0.9977 0.0171
vn -0.1339 -0.9432 0.3040
vn -0.3855 -0.4194 0.8219
vn -0.1162 -0.6375 0.7617
vn 0.4623 -0.7874 -0.4079
vn -0.0821 0.9963 -0.0257
vn -0.0369 0.8879 0.4586
vn 0.0454 -0.8936 0.4465
vn -0.4051 0.4779 0.7794
vn -0.9467 -0.3215 -0.0177
vn -0.2515 -0.9597 0.1251
vn -0.0684 -0.8742 -0.4808
vn -0.1182 -0.3114 0.9429
vn -0.9027 -0.2862 -0.3212
vn -0.1553 0.7351 -0.6599
vn -0.1079 0.9708 -0.2141
vn -0.0462 0.9446 -0.3251
vn -0.0691 -0.1279 -0.9894
vn 0.0204 0.9606 -0.2772
vn 0.0325 -0.7934 -0.6079
vn -0.0110 0.3411 -0.9400
vn -0.0301 -0.7768 -0.6290
vn 0.1006 0.7760 0.6227
vn -0.0558 0.8404 -0.5392
vn -0.0051 -0.9999 -0.0151
vn -0.0468 -0.7671 0.6398
vn -0.8355 -0.3883 0.3889
vn 0.0195 0.3524 0.9356
vn -0.9413 0.0809 -0.3277
vn -0.0147 0.9834 0.1809
vn 0.0053 0.6966 -0.7174
vn -0.0462 0.9445 -0.3252
vn -0.0283 0.4807 -0.8764
vn 0.1297 0.0864 -0.9878
vn 0.4997 -0.4277 -0.7532
vn -0.0594 0.7671 -0.6388
vn -0.0836 0.9963 -0.0220
vn -0.0075 0.3344 -0.9424
vn -0.2136 0.1243 -0.9690
vn 0.0239 -0.9982 0.0544
vn -0.0593 0.7671 -0.6388
vn -0.1101 0.7812 0.6145
vn -0.0060 0.9988 0.0495
vn -0.0740 0.9973 0.0011
vn -0.0575 -0.6047 0.7944
vn -0.0872 -0.0167 0.9960
vn 0.0477 -0.9199 0.3893
vn 0.0168 -0.9989 -0.0433
vn 0.0979 0.9706 0.2200
vn -0.1707 0.0587 -0.9836
vn -0.1275 -0.0299 0.9914
vn -0.0284 0.0422 -0.9987
vn -0.0388 -0.3933 -0.9186
vn -0.0275 -0.3451 -0.9382
vn -0.0246 -0.3382 -0.9408
vn -0.0214 0.0288 -0.9994
vn -0.0174 0.9836 0.1795
vn 0.0219 -0.4535 0.8910
vn -0.0434 -0.9986 -0.0305
vn 0.0382 0.0609 -0.9974
vn 0.0594 0.3727 0.9260
vn 0.0006 1.0000 0.0057
vn -0.0071 0.9998 0.0211
vn -0.0226 -0.8934 -0.4487
vn 0.0452 -0.0565 -0.9974
vn -0.0936 -0.0877 -0.9917
vn 0.0400 0.1986 -0.9793
vn 0.0064 0.5036 0.8639
vn -0.0081 0.5038 0.8638
vn 0.0035 0.5043 0.8635
vn -0.6745 -0.0541 0.7363
vn 0.0133 -0.9997 -0.0188
vn -0.0298 -0.9908 0.1321
vn -0.0033 0.9731 -0.2304
vn 0.0145 0.9990 -0.0413
vn -0.0587 -0.5977 0.7996
vn 0.1106 -0.1795 -0.9775
vn 0.0807 -0.2540 -0.9638
vn 0.0044 -0.0123 -0.9999
vn 0.3116 0.6652 0.6785
vn 0.1439 0.9619 -0.2326
vn -0.0194 -0.2688 0.9630
vn -0.5527 0.5949 -0.5837
vn -0.6271 -0.5211 -0.5789
vn -0.5721 0.5848 0.5751
vn -0.9994 0.0268 -0.0202
vn -0.4162 -0.6975 0.5833
vn -0.7524 0.0930 0.6521
vn 0.5668 -0.5891 -0.5760
vn 0.5751 0.5798 -0.5772
vn 0.7081 0.7061 -0.0017
vn 0.7020 -0.7119 -0.0206
vn -0.0436 0.9977 -0.0522
vn 0.0035 0.9959 0.0907
vn 0.0269 -0.8670 -0.4976
vn -0.0009 0.0031 1.0000
vn -0.7766 -0.6060 0.1721
vn -0.9063 -0.2986 0.2991
vn -0.9922 -0.1243 0.0035
vn -0.9964 -0.0825 -0.0189
vn -0.0394 0.9303 0.3647
vn -0.2141 0.1013 -0.9715
vn 0.0310 0.3323 0.9427
vn 0.9037 -0.0219 0.4276
vn 0.9341 0.3168 -0.1646
vn 0.5329 -0.8461 -0.0090
vn 0.9059 0.4207 0.0487
vn 0.7177 0.6152 -0.3261
vn 0.5449 -0.8383 0.0172
vn 0.8608 0.4283 -0.2747
vn -0.0000 0.0102 -0.9999
vn 0.7574 -0.4063 -0.5112
vn -0.0134 0.8960 0.4439
vn 0.0581 0.9058 0.4197
vn 0.0598 0.9079 0.4149
vn -0.3846 0.3114 -0.8690
vn -0.0553 -0.9916 0.1169
vn -0.0110 0.9990 -0.0433
vn -0.7679 0.6204 -0.1593
vn -0.0050 0.0366 -0.9993
vn 0.1269 0.9918 0.0155
vn -0.0113 0.0772 0.9970
vn -0.0688 -0.9941 0.0834
vn -0.9834 0.0948 0.1549
vn -0.9381 0.0841 0.3361
vn -0.8713 0.4854 -0.0726
vn -0.9894 -0.0910 -0.1132
vn -0.6801 -0.1945 -0.7068
vn -0.8835 -0.4332 0.1784
vn -0.9095 -0.1498 -0.3879
vn -0.9089 -0.2443 -0.3380
vn -0.9719 -0.1643 -0.1684
vn 0.5417 -0.8152 0.2051
vn -0.9423 0.2587 0.2124
vn -0.7414 0.2547 0.6208
vn 0.5679 -0.5682 -0.5955
vn -0.9789 -0.1992 -0.0455
vn 0.0239 -0.9996 0.0115
vn -0.0039 -0.0103 -0.9999
vn -0.0239 0.8023 -0.5964
vn -0.5460 0.7929 -0.2706
vn 0.0371 0.9496 -0.3113
vn -0.0527 -0.9983 -0.0260
vn 0.0135 0.0036 -0.9999
vn 0.0034 0.0728 -0.9973
vn 0.0034 0.0056 -1.0000
vn -0.2800 0.0329 0.9594
vn 0.0215 -0.6150 -0.7882
vn -0.0111 0.0377 0.9992
vn -0.0036 0.0549 -0.9985
vn -0.0036 -0.0679 -0.9977
vn 0.0576 -0.5824 0.8108
vn -0.0117 -0.0068 0.9999
vn -0.0438 0.7434 -0.6674
vn -0.1364 -0.9365 0.3231
vn 0.6191 -0.7707 0.1509
vn -0.2035 -0.8669 0.4550
vn 0.5540 0.5802 0.5970
vn -0.0294 -0.9176 -0.3963
vn -0.5043 -0.0512 -0.8620
vn 0.0072 -0.3018 0.9533
vn -0.0150 -0.3838 -0.9233
vn -0.0091 -0.4014 -0.9159
vn -0.0044 -0.7533 -0.6577
vn 0.4097 0.4991 0.7636
vn -0.0161 0.2705 0.9626
vn 0.5685 -0.6898 -0.4483
vn 0.0499 -0.1466 -0.9879
vn 0.0567 -0.1560 -0.9861
vn 0.0502 -0.1733 -0.9836
vn -0.0792 -0.0078 -0.9968
vn -0.0787 -0.0072 -0.9969
vn -0.0895 -0.0216 -0.9957
vn -0.0692 0.9674 -0.2434
vn 0.0442 -0.9990 0.0065
vn 0.3317 -0.9430 0.0274
vn -0.1624 -0.9438 -0.2878
vn -0.1494 -0.7437 -0.6516
vn -0.5783 0.5773 -0.5764
vn 0.0298 -0.8087 -0.5875
vn -0.6856 -0.7038 0.1859
vn 0.0143 -0.9745 -0.2241
vn 0.0288 -0.9689 -0.2459
vn 0.2137 -0.2355 0.9481
vn -0.0063 0.1389 0.9903
vn 0.0133 -0.5068 0.8619
vn -0.0060 0.0024 1.0000
vn -0.5339 0.0921 -0.8405
vn -0.0493 -0.0046 -0.9988
vn -0.0855 -0.0927 -0.9920
vn -0.0493 -0.0047 -0.9988
vn 0.0037 0.1222 -0.9925
vn 0.0912 -0.7352 0.6717
vn -0.0238 -0.7488 -0.6624
vn 0.1644 -0.7138 -0.6807
vn 0.3421 -0.8728 0.3482
vn -0.0031 -0.8797 -0.4755
vn -0.0592 0.7684 -0.6373
vn 0.4218 -0.7938 -0.4382
vn -0.1818 -0.9794 0.0883
vn -0.3575 -0.2938 0.8865
vn -0.1250 -0.2763 0.9529
vn -0.0016 0.6294 -0.7771
vn 0.0797 -0.7760 -0.6256
vn 0.0036 -0.5709 0.8210
vn 0.1835 0.0580 0.9813
vn 0.0787 0.0072 0.9969
vn 0.0931 -0.0745 0.9929
vn -0.0617 0.0152 -0.9980
vn 0.0579 0.8268 0.5595
vn 0.1314 -0.2426 -0.9612
vn 0.0709 0.4380 -0.8962
vn 0.3228 -0.9383 0.1238
vn 0.0069 -0.9999 -0.0104
vn -0.0174 -0.9991 0.0389
vn 0.0018 -0.0060 -1.0000
vn 0.0039 0.0152 0.9999
vn 0.0911 -0.0072 0.9958
vn -0.0452 0.9939 0.1004
vn -0.0479 0.0921 0.9946
vn 0.0826 -0.5608 0.8238
vn 0.0163 -0.1237 0.9922
vn -0.0531 0.7680 0.6383
vn 0.0193 -0.8181 -0.5748
vn -0.0155 -0.9638 -0.2662
vn 0.0201 -0.4997 0.8660
vn 0.0088 -0.0527 -0.9986
vn -0.0300 0.2422 -0.9698
vn -0.0570 0.1448 -0.9878
vn -0.4599 -0.8866 -0.0496
vn 0.4632 0.6404 -0.6126
vn 0.5414 0.3162 0.7790
vn -0.0026 -0.7592 -0.6508
vn -0.0170 -0.9965 -0.0824
vn 0.0131 0.0010 -0.9999
vn 0.4693 -0.7992 -0.3756
vn 0.0131 -0.0739 -0.9972
vn 0.0165 -0.0966 -0.9952
vn 0.0048 -0.0821 -0.9966
vn 0.5289 -0.4112 -0.7424
vn -0.5773 0.8166 -0.0021
vn -0.0885 0.3645 0.9270
vn 0.0661 -0.9930 -0.0980
vn 0.0204 -0.1369 -0.9904
vn 0.6129 -0.5378 0.5789
vn 0.5171 0.3124 0.7968
vn 0.0160 0.9910 0.1332
vn 0.0487 0.9984 0.0276
vn 0.7633 0.3640 0.5338
vn 0.5191 0.5618 0.6441
vn 0.7545 -0.0334 0.6555
vn 0.0074 -0.2679 0.9634
vn -0.2054 0.8122 0.5460
vn -0.1737 -0.7987 -0.5761
vn -0.2576 -0.9655 0.0387
vn 0.1096 -0.9878 -0.1103
vn -0.6457 0.4431 -0.6218
vn -0.0547 0.0668 0.9963
vn -0.0657 0.0528 0.9964
vn -0.1625 0.2154 0.9629
vn -0.0148 -0.9998 0.0096
vn 0.0963 -0.7460 0.6589
vn 0.1697 -0.3890 0.9055
vn 0.5311 -0.4715 -0.7040
vn -0.3865 0.7163 -0.5809
vn -0.7178 -0.6456 -0.2606
vn 0.7431 -0.6686 -0.0294
vn -0.8707 0.4658 0.1577
vn 0.6946 -0.7110 -0.1096
vn 0.1764 -0.1503 0.9728
vn 0.0163 -0.1424 0.9897
vn 0.0247 -0.2015 0.9792
vn -0.0019 0.9992 0.0406
vn -0.0177 0.8578 0.5137
vn -0.0462 -0.8576 0.5122
vn 0.0775 -0.1334 -0.9880
vn 0.4378 0.1786 0.8812
vn -0.0974 -0.0666 -0.9930
vn -0.1543 0.8310 -0.5344
vn 0.0214 0.2388 0.9708
vn -0.0456 0.9938 0.1015
vn 0.5606 0.4276 -0.7091
vn 0.9293 0.0243 -0.3685
vn 0.9308 0.0945 -0.3532
vn -0.0250 -0.8746 0.4842
vn -0.0255 -0.9991 0.0328
vn -0.3749 -0.6954 0.6131
vn 0.5685 -0.6897 -0.4483
vn 0.9334 0.2446 0.2626
vn 0.6630 0.5559 -0.5015
vn 0.9781 -0.2077 0.0148
vn 0.6758 0.0010 -0.7371
vn 0.9046 0.3353 -0.2632
vn 0.7188 0.6883 0.0979
vn 0.1378 0.9904 0.0132
vn -0.2612 0.7821 0.5658
vn -0.0153 0.1247 0.9921
vn 0.4039 -0.0381 0.9140
vn 0.5267 0.2398 -0.8155
vn -0.0140 0.0299 0.9995
vn -0.0819 -0.9847 -0.1541
vn -0.9936 0.1013 0.0507
vn 0.2316 -0.2615 -0.9370
vn 0.9481 -0.3178 -0.0126
vn 0.6434 0.6633 0.3822
vn 0.6184 -0.7858 -0.0072
vn 0.9118 -0.3692 -0.1801
vn -0.0299 -0.9974 -0.0649
vn -0.7560 0.2952 -0.5843
vn 0.0494 -0.1877 0.9810
vn -1.0000 -0.0018 -0.0034
vn -1.0000 -0.0016 -0.0036
vn -1.0000 -0.0018 -0.0033
vn -0.0271 -0.0095 0.9996
vn -0.0657 0.0527 0.9964
vn -0.0779 -0.9901 -0.1170
vn 0.0391 -0.4926 0.8694
vn 0.9991 -0.0269 0.0334
vn 0.9991 0.0355 0.0251
vn 0.6727 0.7374 0.0603
vn 0.9998 -0.0213 0.0038
vn 0.0007 0.0007 -1.0000
vn 0.7841 0.4190 0.4578
vn -0.5315 -0.6672 -0.5220
vn 0.4879 0.6779 -0.5499
vn 0.7972 0.1551 -0.5835
vn -0.0460 -0.0583 -0.9972
vn -0.0365 0.1831 0.9824
vn 0.4859 0.6358 -0.5998
vn 0.1597 -0.9111 0.3800
vn -0.0076 0.0213 0.9997
vn 0.1362 -0.1654 -0.9768
vn 0.0277 -0.9996 -0.0088
vn 0.0973 -0.4495 0.8880
vn 0.8172 -0.3441 0.4623
vn 0.0339 0.3083 -0.9507
vn 0.0335 0.3237 -0.9456
vn -0.0149 0.3424 -0.9394
vn 0.8044 -0.4994 -0.3217
vn -0.0046 -0.0132 -0.9999
vn -0.0049 -0.0025 -1.0000
vn 0.2469 0.0435 0.9681
vn 0.8920 -0.1707 -0.4185
vn 0.5549 0.6314 0.5417
vn 0.0180 -0.9998 -0.0058
vn -0.0281 -0.5347 -0.8445
vn -0.2047 0.5244 0.8265
vn 0.0062 0.0599 -0.9982
vn 0.2908 -0.6668 0.6861
vn 0.7470 0.0632 0.6618
vn -0.0008 1.0000 0.0085
vn -0.0039 -0.0761 0.9971
vn 0.0649 0.0316 0.9974
vn 0.6539 0.7415 -0.1504
vn -0.0203 0.0383 0.9991
vn -0.0204 0.0380 0.9991
vn -0.0206 0.0378 0.9991
vn 0.1934 -0.9595 0.2049
vn 0.2771 0.2255 0.9340
vn -0.1031 -0.9751 -0.1962
vn 0.1907 -0.0743 -0.9788
vn 0.1305 -0.1811 -0.9748
vn 0.1387 -0.7032 -0.6973
vn -0.0010 0.1627 0.9867
vn 0.1274 0.0414 -0.9910
vn -0.0198 -0.0342 -0.9992
vn -0.4688 0.8703 0.1510
vn 0.1437 0.3577 -0.9227
vn 0.1320 0.3536 -0.9260
vn 0.1268 0.3917 -0.9113
vn 0.9244 0.1319 -0.3578
vn -0.0278 0.9990 0.0355
vn -0.0084 -0.1207 0.9927
vn -0.0836 -0.5466 0.8332
vn 0.1051 -0.8950 0.4335
vn 0.5945 -0.7793 0.1982
vn -0.0304 0.1353 0.9903
vn -0.0530 0.3107 -0.9490
vn -0.0142 0.0626 -0.9979
vn -0.0185 0.4267 0.9042
vn -0.0270 -0.8027 -0.5957
vn 0.0500 -0.5201 -0.8526
vn 0.0612 -0.2769 0.9589
vn 0.2670 0.6303 0.7290
vn 0.9988 0.0201 -0.0436
vn 0.0331 -0.0187 -0.9993
vn 0.1218 0.8748 -0.4690
vn 0.0792 -0.4266 0.9010
vn 0.0634 0.1625 0.9847
vn -0.7785 0.2055 -0.5931
vn -0.5665 0.7423 -0.3578
vn -0.7091 0.6879 0.1547
vn 0.0010 -0.2203 0.9754
vn 0.0096 0.2806 -0.9598
vn 0.1819 -0.9707 0.1572
vn 0.1283 -0.1848 -0.9744
vn -0.0469 0.1703 0.9843
vn -0.5299 -0.5813 -0.6175
vn 0.0518 0.2032 0.9778
vn 0.2199 -0.2856 0.9328
vn -0.2187 0.7849 0.5798
vn 0.0088 -0.9992 -0.0403
vn 0.0388 -0.1212 -0.9919
vn -0.1202 0.9924 0.0277
vn 0.1337 0.2964 0.9457
vn 0.1032 -0.8570 -0.5048
vn -0.0425 0.0483 -0.9979
vn -0.0329 0.2007 -0.9791
vn -0.1056 0.9503 0.2930
vn -0.0089 0.7118 -0.7023
vn 0.0151 -0.0320 -0.9994
vn -0.1689 -0.1126 -0.9792
vn -0.0011 -0.0086 -1.0000
vn -0.6028 0.2894 0.7435
vn -0.0208 0.0374 0.9991
vn -0.0156 0.8745 -0.4848
vn 0.0961 0.1341 0.9863
vn -0.2596 0.1611 0.9522
vn 0.0105 -0.3404 0.9402
vn -0.1675 -0.9859 -0.0004
vn -0.5115 0.2577 -0.8197
vn 0.0330 0.0604 0.9976
vn 0.4419 -0.5505 -0.7083
vn 0.0609 -0.5767 -0.8147
vn 0.0610 -0.5775 -0.8141
vn -0.8097 -0.5868 -0.0046
vn 0.0053 -0.2871 0.9579
vn -0.0173 -0.4324 0.9015
vn -0.4878 -0.8729 0.0004
vn 0.9809 -0.1887 -0.0479
vn -0.4901 0.4671 0.7359
vn -0.5900 -0.4443 0.6741
vn -0.2189 -0.0919 0.9714
vn 0.8597 -0.5107 -0.0034
vn -0.0003 -1.0000 -0.0009
vn 0.0162 -0.1373 -0.9904
vn -0.0717 -0.3632 -0.9289
vn -0.0747 0.0851 -0.9936
vn -0.2740 -0.8055 -0.5255
vn -0.1216 -0.8831 -0.4532
vn 0.0738 0.9966 -0.0359
vn 0.2783 0.4997 -0.8203
vn -0.0514 0.0634 -0.9967
vn -0.0777 0.0122 -0.9969
vn -0.1235 0.0262 -0.9920
vn -0.0330 -0.9976 -0.0606
vn -0.5035 -0.6535 0.5651
vn -0.0316 0.1893 0.9814
vn 0.5182 0.2215 0.8261
vn 0.0675 0.9793 0.1910
vn 0.0127 0.8782 0.4781
vn -0.8612 -0.5081 -0.0115
vn -0.9171 -0.3977 -0.0256
vn 0.1530 -0.5355 -0.8305
vn -0.9224 0.3863 0.0014
vn 0.0608 0.9930 -0.1017
vn -0.9513 -0.2972 -0.0814
vn 0.3242 -0.9440 -0.0619
vn 0.1951 -0.9803 0.0310
vn 0.5561 0.8243 -0.1064
vn 0.9940 0.0924 0.0591
vn -0.7698 0.2043 -0.6047
vn 0.2954 -0.0790 0.9521
vn 0.6894 -0.6154 0.3821
vn 0.5360 0.8412 -0.0709
vn 0.7501 0.6514 0.1138
vn -0.9173 0.3896 0.0828
vn -0.7648 -0.6362 -0.1016
vn -0.8735 -0.4386 0.2113
vn 0.0032 -1.0000 -0.0095
vn -0.9237 -0.3744 -0.0811
vn -0.0586 -0.9903 -0.1263
vn -0.5934 -0.6024 -0.5339
vn 0.0273 0.4885 -0.8721
vn -0.7040 0.6055 -0.3712
vn -0.0797 0.0347 0.9962
vn -0.0626 -0.3412 -0.9379
vn 0.1300 0.9864 0.1007
vn -0.0394 0.7098 0.7033
vn -0.1219 -0.8974 0.4240
vn 0.0273 0.7294 0.6835
vn 0.0591 -0.9969 -0.0524
vn 0.0153 0.1170 0.9930
vn -0.0770 0.0916 -0.9928
vn 0.4349 0.6494 0.6238
vn -0.2291 -0.3570 -0.9056
vn -0.0154 -0.5712 -0.8206
vn -0.0181 -0.0218 0.9996
vn -0.0204 -0.9998 -0.0003
vn 0.0163 -0.0341 -0.9993
vn 0.4927 0.8698 -0.0269
vn -0.8334 0.5382 0.1260
vn 0.1230 0.0626 0.9904
vn 0.3851 0.9074 -0.1682
vn -0.0033 -0.6715 0.7410
vn -0.0025 0.1933 0.9811
vn 0.2100 -0.9690 -0.1302
vn 0.1187 0.9780 0.1718
vn -0.0058 -0.3387 0.9409
vn 0.8348 -0.5471 -0.0618
vn -0.1159 0.0659 -0.9911
vn 0.8642 0.4907 0.1109
vn 0.7988 -0.6010 -0.0272
vn 0.1101 -0.7667 -0.6325
vn -0.0772 -0.1642 0.9834
vn -0.0321 -0.2001 0.9792
vn 0.0071 0.6377 -0.7702
vn 0.0233 0.8501 -0.5261
vn 0.0895 -0.8957 -0.4356
vn 0.1087 0.5277 -0.8425
vn -0.1834 0.7946 -0.5787
vn 0.0696 0.9081 0.4129
vn 0.0804 0.3309 0.9402
vn 0.0531 0.9026 -0.4271
vn -0.0312 0.0334 -0.9990
vn -0.0090 0.2970 -0.9548
vn 0.3686 0.8370 0.4045
vn 0.0674 -0.9817 0.1779
vn 0.1061 -0.9152 -0.3888
vn -0.0415 -0.6183 0.7848
vn -0.0026 0.0185 0.9998
vn 0.0051 0.0081 1.0000
vn -0.0053 0.0444 0.9990
vn 0.0608 -0.3067 -0.9499
vn 0.0197 0.9606 -0.2772
vn -0.0388 0.7129 0.7002
vn -0.9998 -0.0212 -0.0031
vn -0.9485 -0.0142 0.3164
vn -0.9799 0.1995 0.0051
vn -0.9568 -0.0063 0.2906
vn -0.9012 0.1023 -0.4211
vn -0.9628 -0.2045 -0.1767
vn -0.9132 0.0735 0.4009
vn -0.9435 -0.1493 0.2958
vn 0.1309 0.5009 -0.8556
vn -0.7294 -0.1473 -0.6680
vn -0.8355 0.2311 -0.4985
vn -0.9870 -0.1606 0.0047
vn -0.9427 -0.1355 0.3049
vn -0.9328 0.3578 -0.0434
vn -0.9190 -0.3940 -0.0168
vn -0.8476 0.5174 -0.1176
vn -0.7427 -0.2595 0.6173
vn -0.8473 0.3105 -0.4308
vn -0.9280 -0.3245 0.1829
vn 0.3053 -0.0385 0.9515
vn -0.8348 0.2273 0.5014
vn -0.8675 0.4504 0.2111
vn -0.7315 -0.0322 -0.6811
vn -0.0012 0.0224 -0.9997
vn -0.2787 -0.0007 -0.9604
vn -0.0238 0.9880 0.1524
vn 0.0183 0.9908 0.1339
vn -0.7437 -0.3866 -0.5454
vn -0.7823 -0.6150 0.0987
vn -0.0019 -0.0134 -0.9999
vn -0.2290 0.0911 0.9692
vn 0.9505 -0.3103 0.0175
vn 0.0570 0.0623 0.9964
vn -0.7761 0.6140 0.1439
vn -0.6750 0.3110 0.6691
vn -0.7370 -0.1615 -0.6563
vn -0.5013 0.3695 0.7824
vn 0.1758 0.9844 0.0093
vn -0.6332 0.3178 -0.7057
vn -0.4085 0.0583 0.9109
vn 0.3869 -0.5440 -0.7446
vn 0.0108 0.0246 0.9996
vn -0.5886 0.3224 -0.7414
vn 0.0245 0.8993 0.4367
vn 0.6121 -0.2607 0.7466
vn -0.8530 0.5218 -0.0070
vn 0.0230 0.0197 -0.9995
vn -0.0010 -0.9456 -0.3253
vn -0.7013 -0.6765 -0.2249
vn 0.5215 -0.8158 0.2501
vn -0.6925 -0.7193 -0.0550
vn -0.8408 -0.5293 0.1135
vn -0.7492 -0.3630 -0.5540
vn 0.2550 0.9658 0.0479
vn 0.0379 0.4776 0.8778
vn -0.0556 0.8424 -0.5360
vn 0.1307 -0.8453 0.5180
vn 0.0739 -0.2501 0.9654
vn -0.6497 0.5221 -0.5526
vn 0.0123 -0.0180 -0.9998
vn -0.0026 0.0258 0.9997
vn 0.0543 -0.0298 -0.9981
vn 0.2488 -0.6986 0.6709
vn -0.0046 0.0819 0.9966
vn -0.5497 -0.6815 0.4831
vn 0.0035 -0.0153 0.9999
vn 0.0009 -0.0058 1.0000
vn -0.6467 0.7460 0.1591
vn -0.5792 0.7761 -0.2493
vn -0.7350 -0.5975 0.3207
vn -0.2403 0.0824 -0.9672
vn -0.0313 -0.5204 -0.8533
vn 0.0067 0.0174 -0.9998
vn 0.3804 0.0656 -0.9225
vn -0.2164 -0.0630 -0.9743
vn -0.4764 0.4493 0.7558
vn -0.5378 -0.6171 -0.5745
vn -0.0356 0.0936 0.9950
vn -0.1461 0.0504 0.9880
vn 0.0107 -0.2334 0.9723
vn -0.0191 0.8007 -0.5988
vn 0.0052 -0.0566 -0.9984
vn 0.0076 -0.0566 -0.9984
vn 0.0097 -0.0562 -0.9984
vn -0.1088 -0.9515 -0.2879
vn -0.3100 0.9486 0.0630
vn 0.0518 -0.6914 -0.7206
vn -0.3182 -0.5775 -0.7518
vn 0.3791 -0.7997 -0.4656
vn 0.2346 0.9719 -0.0199
vn -0.2962 0.1596 -0.9417
vn 0.0275 -0.9996 -0.0024
vn -0.0559 -0.9946 0.0876
vn -0.0059 -0.6773 0.7357
vn -0.1379 0.7899 -0.5975
vn 0.1057 0.1877 0.9765
vn -0.0517 0.7849 0.6174
vn 0.0029 -0.0047 -1.0000
vn -0.0004 -0.0009 -1.0000
vn 0.1323 -0.6451 -0.7525
vn 0.0555 -0.3557 -0.9329
vn 0.0447 -0.3497 -0.9358
vn 0.0210 0.0610 0.9979
vn -0.6367 0.7594 -0.1336
vn -0.0811 -0.9967 -0.0054
vn 0.0471 -0.9989 0.0058
vn 0.0386 -0.9992 -0.0098
vn -0.0331 -0.9245 -0.3798
vn -0.6906 -0.6911 0.2133
vn -0.1068 -0.0749 -0.9915
vn 0.3570 0.1361 -0.9241
vn -0.3941 -0.7425 0.5417
vn -0.5043 -0.7465 -0.4341
vn -0.0058 0.0813 0.9967
vn -0.2984 0.5350 0.7904
vn 0.8316 -0.0969 -0.5469
vn 0.1343 -0.1398 -0.9810
vn -0.3944 0.5494 0.7366
vn -0.4059 0.9125 0.0509
vn 0.1301 0.1545 0.9794
vn -0.0641 0.4856 -0.8719
vn -0.0357 0.1223 0.9919
vn -0.4385 0.8913 0.1152
vn 0.0562 0.0572 0.9968
vn -0.0785 -0.9481 0.3081
vn 0.7904 0.6042 0.1008
vn -0.1753 -0.3482 -0.9209
vn -0.3041 -0.2214 0.9265
vn 0.0170 -0.1398 -0.9900
vn 0.0041 0.0433 -0.9991
vn 0.1755 -0.6754 0.7162
vn 0.0969 -0.9895 -0.1074
vn -0.0241 -0.0661 0.9975
vn 0.2300 0.0158 -0.9731
vn -0.4661 0.4945 -0.7336
vn -0.2981 -0.5585 0.7741
vn 0.3799 0.9226 -0.0676
vn 0.9949 -0.0969 -0.0273
vn 0.0534 -0.6921 -0.7198
vn 0.0613 -0.9961 -0.0638
vn -0.3962 -0.9169 -0.0492
vn -0.0407 0.8718 0.4882
vn -0.1396 0.2033 0.9691
vn -0.2460 0.8123 -0.5288
vn 0.7696 -0.5074 0.3876
vn -0.1741 0.5276 -0.8315
vn 0.0863 -0.5516 -0.8296
vn 0.1911 -0.0099 0.9815
vn -0.0303 -0.9616 0.2727
vn 0.0311 -0.1689 0.9851
vn -0.0660 -0.9848 0.1604
vn -0.2676 -0.9635 -0.0096
vn 0.7075 0.7034 -0.0677
vn 0.0563 0.2741 -0.9600
vn 0.3921 -0.4973 0.7739
vn 0.0010 -0.0108 0.9999
vn 0.1558 -0.0857 -0.9841
vn -0.3947 -0.8950 0.2080
vn -0.0827 0.9928 0.0870
vn 0.0042 -0.0018 -1.0000
vn -0.1406 0.5810 -0.8017
vn -0.6425 -0.1859 -0.7434
vn 0.9979 0.0557 0.0317
vn 0.5767 0.3022 0.7590
vn 0.3981 0.1341 0.9075
vn 0.4842 0.3762 0.7900
vn 0.0006 0.0410 -0.9992
vn 0.0024 0.0655 -0.9978
vn 0.0085 -0.9644 -0.2642
vn -0.5909 -0.7336 0.3358
vn 0.7878 0.1696 -0.5921
vn 0.9212 0.1865 -0.3416
vn 0.6979 -0.6086 -0.3774
vn 0.0497 -0.1561 0.9865
vn 0.0044 -0.0106 0.9999
vn 0.2095 0.8888 -0.4077
vn -0.0440 -0.0383 0.9983
vn -0.0432 -0.2322 0.9717
vn 0.0803 -0.1697 0.9822
vn 0.9634 -0.2630 -0.0529
vn 0.5870 0.4972 -0.6389
vn 0.3174 0.7195 -0.6177
vn -0.2747 0.6749 0.6849
vn 0.8977 -0.3931 -0.1988
vn -0.5123 -0.7119 0.4804
vn -0.0925 0.7055 -0.7026
vn 0.6793 0.7339 -0.0058
vn -0.2270 -0.8722 -0.4334
vn 0.8979 -0.4080 -0.1653
vn 0.6658 -0.6589 0.3501
vn -0.4754 -0.2940 0.8292
vn 0.7735 -0.2390 -0.5870
vn 0.4530 0.5945 -0.6643
vn 0.8585 0.3283 0.3940
vn 0.1847 -0.4383 -0.8796
vn -0.3190 0.7483 0.5816
vn -0.0362 -0.9981 0.0508
vn 0.0742 0.0794 -0.9941
vn -0.0260 -0.7297 0.6833
vn -0.5335 -0.2639 0.8036
vn -0.8662 -0.2123 -0.4523
vn -0.6960 -0.1954 0.6910
vn -0.0089 0.9932 0.1158
vn -0.0088 0.9933 0.1150
vn -0.0181 0.9940 0.1077
vn -0.0052 0.7010 0.7131
vn 0.3429 0.1538 0.9267
vn 0.2670 0.7069 0.6550
vn -0.0080 0.1303 0.9914
vn -0.6198 0.3039 -0.7235
vn -0.3166 -0.0961 -0.9437
vn 0.0650 -0.0064 0.9979
vn 0.4556 0.7298 -0.5097
vn -0.1980 0.9423 0.2698
vn -0.1778 -0.9841 -0.0013
vn 0.0510 -0.2093 0.9765
vn 0.0222 -0.4732 -0.8807
vn -0.0191 -0.2314 0.9727
vn 0.0303 0.1425 0.9893
vn -0.1316 -0.7670 -0.6280
vn -0.0141 0.0558 0.9983
vn 0.6098 -0.7847 0.1115
vn -0.0202 -0.9736 0.2275
vn -0.0615 -0.9934 -0.0973
vn -0.0538 -0.7974 0.6011
vn 0.0056 -0.1069 0.9943
vn -0.4173 -0.2375 0.8772
vn 0.0376 0.0301 -0.9988
vn 0.2893 -0.9531 0.0890
vn 0.0634 0.9802 0.1877
vn -0.0315 0.5145 -0.8569
vn -0.0310 0.5316 -0.8464
vn -0.0288 0.5004 -0.8653
vn -0.0025 0.3545 0.9351
vn 0.0306 -0.5389 -0.8418
vn 0.0920 -0.4424 -0.8921
vn 0.1022 -0.4457 -0.8893
vn -0.8657 -0.4911 -0.0972
vn 0.0604 0.1054 -0.9926
vn 0.2234 -0.1148 -0.9679
vn 0.0412 0.3764 -0.9255
vn 0.0480 -0.6628 -0.7472
vn 0.3796 -0.6148 0.6913
vn 0.0949 -0.5909 -0.8012
vn -0.0668 0.0385 0.9970
vn 0.0235 0.0545 0.9982
vn -0.1834 -0.1717 0.9679
vn 0.2642 0.6966 0.6670
vn 0.1854 -0.7167 0.6723
vn -0.6215 -0.1188 0.7744
vn 0.0267 -0.5283 -0.8486
vn -0.1154 -0.0523 0.9919
vn -0.1580 0.6699 -0.7254
vn 0.1885 -0.0494 -0.9808
vn -0.3627 0.7959 -0.4847
vn -0.0190 -0.6575 -0.7532
vn -0.0544 -0.9083 -0.4148
vn 0.0481 0.8143 0.5784
vn 0.0959 0.2301 -0.9684
vn -0.0157 0.7971 0.6036
vn -0.7411 0.5101 0.4365
vn -0.7812 0.4742 0.4060
vn -0.4572 0.3296 0.8261
vn -0.0196 0.2843 -0.9585
vn -0.4241 -0.6713 -0.6079
vn -0.3298 0.3519 0.8760
vn 0.0131 0.1832 -0.9830
vn -0.2233 0.4265 0.8765
vn -0.2072 0.4087 0.8888
vn 0.1935 -0.1914 -0.9623
vn -0.0716 0.0858 -0.9937
vn 0.0363 -0.9932 -0.1103
vn 0.0353 -0.6351 -0.7716
vn -0.5428 -0.6260 0.5599
vn 0.3240 -0.1285 -0.9373
vn 0.0037 -0.1528 -0.9883
vn -0.4038 -0.8242 -0.3970
vn -0.1774 -0.9838 -0.0270
vn -0.1774 -0.9838 -0.0269
vn 0.0239 0.0088 0.9997
vn 0.0781 -0.9968 -0.0177
vn 0.4171 0.9073 -0.0539
vn 0.4658 0.8849 -0.0059
vn -0.4258 -0.9044 -0.0275
vn -0.1529 -0.9882 0.0101
vn 0.1422 -0.1404 0.9798
vn 0.1937 -0.2777 0.9409
vn 0.9157 -0.2089 -0.3433
vn 0.6480 0.5291 -0.5478
vn -0.9380 0.2077 0.2774
vn -0.2393 -0.8145 -0.5286
vn -0.9215 0.0821 -0.3797
vn 0.3052 -0.8942 0.3275
vn -0.0222 0.0638 -0.9977
vn -0.1134 0.9819 0.1515
vn -0.3164 0.6994 -0.6409
vn -0.1154 0.9926 0.0381
vn -0.1158 0.9926 0.0375
vn -0.1279 0.9911 0.0377
vn -0.0029 0.9824 -0.1868
vn -0.9567 0.1117 -0.2689
vn -0.9845 -0.1634 0.0633
vn 0.1041 -0.4805 0.8708
vn -0.9420 -0.3241 -0.0875
vn 0.0685 0.0381 -0.9969
vn 0.0029 0.7870 -0.6170
vn 0.0512 0.7789 -0.6250
vn 0.0136 -0.9993 -0.0357
vn -0.9814 0.1156 -0.1534
vn 0.1991 -0.7304 -0.6533
vn 0.9682 0.2479 0.0348
vn 0.0062 0.0564 -0.9984
vn 0.4441 0.0496 -0.8946
vn -0.0555 0.7732 0.6317
vn 0.2058 0.9713 -0.1189
vn -0.1259 0.9863 -0.1062
vn -0.1107 -0.8939 0.4344
vn -0.5413 -0.6940 0.4746
vn -0.2058 -0.9041 0.3745
vn 0.3914 -0.6823 -0.6174
vn 0.9255 0.1938 0.3255
vn -0.0441 -0.6428 0.7648
vn -0.0944 0.9290 -0.3577
vn -0.3158 0.9486 -0.0214
vn -0.1808 0.1062 -0.9778
vn -0.2723 -0.9466 -0.1727
vn 0.1887 0.3055 0.9333
vn -0.1480 -0.3066 0.9403
vn -0.2465 -0.3819 0.8907
vn -0.1366 -0.2124 0.9676
vn -0.0517 0.7850 0.6174
vn -0.0822 -0.1033 -0.9912
vn -0.2248 0.0807 -0.9711
vn -0.1850 -0.9558 0.2284
vn -0.0235 0.9143 0.4043
vn 0.0016 -0.3006 -0.9538
vn -0.4506 0.6470 0.6151
vn 0.0485 -0.2528 -0.9663
vn -0.1403 -0.9436 -0.3000
vn -0.0051 -0.9972 -0.0743
vn -0.0292 -0.9996 -0.0041
vn 0.0100 0.0423 0.9991
vn 0.0265 0.5111 -0.8591
vn 0.1279 0.9243 -0.3597
vn 0.0908 0.9958 -0.0154
vn -0.0338 0.9994 0.0078
vn -0.2185 -0.0050 -0.9758
vn -0.4310 0.5689 0.7004
vn 0.9436 0.3282 0.0439
vn 0.0850 0.3962 0.9142
vn 0.0046 -0.0233 0.9997
vn -0.2022 0.4032 0.8925
vn 0.6059 0.4396 -0.6630
vn 0.0345 -0.6005 0.7989
vn 0.0811 0.9952 -0.0542
vn 0.5594 0.4304 0.7084
vn -0.2652 0.5103 0.8181
vn 0.0204 0.6832 0.7299
vn 0.1316 0.8415 0.5240
vn -0.0554 0.8221 -0.5666
vn 0.0420 -0.9714 0.2338
vn 0.0815 -0.7338 0.6744
vn 0.1407 0.8695 0.4734
vn 0.8238 -0.3950 0.4065
vn -0.3836 -0.8983 -0.2144
vn -0.0916 -0.4984 -0.8621
vn 0.8155 -0.5766 0.0494
vn 0.2182 -0.6418 0.7352
vn 0.7439 -0.6678 0.0271
vn 0.2708 -0.5575 -0.7848
vn 0.2614 -0.6330 0.7287
vn 0.0280 -0.7475 -0.6637
vn 0.9651 -0.2516 -0.0731
vn 0.9990 0.0267 -0.0349
vn 0.8358 0.0714 -0.5443
vn -0.0000 -0.1516 -0.9884
vn -0.1520 0.9599 0.2357
vn 0.2184 0.9217 -0.3205
vn 0.0440 0.8878 -0.4581
vn 0.3232 -0.4006 0.8574
vn -0.4652 -0.4302 -0.7736
vn 0.0039 0.1701 -0.9854
vn -0.0407 0.0155 0.9991
vn -0.0821 -0.9093 0.4080
vn -0.0484 -0.8996 0.4341
vn -0.5054 0.0433 -0.8618
vn 0.1401 0.4346 -0.8896
vn 0.2987 -0.0573 0.9526
vn 0.4490 -0.4637 -0.7638
vn 0.3231 -0.8918 0.3167
vn -0.2277 -0.0891 0.9697
vn 0.0080 -0.0359 0.9993
vn 0.1765 -0.9757 0.1296
vn 0.2784 -0.9499 -0.1419
vn 0.4818 0.1090 -0.8695
vn 0.5456 -0.0616 0.8358
vn -0.6280 0.7616 0.1599
vn 0.3926 -0.9188 -0.0414
vn -0.5475 0.7599 0.3503
vn 0.0099 -0.0566 -0.9983
vn 0.6282 0.3090 0.7141
vn -0.1995 -0.5991 0.7754
vn -0.2731 -0.0586 0.9602
vn -0.8125 0.0179 0.5827
vn -0.6244 -0.7132 0.3185
vn 0.3135 0.6506 -0.6917
vn 0.0014 -0.2825 -0.9593
vn -0.6413 0.3928 -0.6591
vn 0.9630 -0.0394 -0.2664
vn 0.0881 0.2115 0.9734
vn 0.0069 0.7077 0.7065
vn 0.5500 -0.5982 -0.5828
vn -0.5308 0.3932 -0.7508
vn 0.3857 -0.8606 0.3327
vn 0.3571 0.3289 0.8742
vn 0.2146 0.5899 0.7784
vn -0.0079 0.4099 0.9121
vn 0.4660 0.8780 -0.1099
vn -0.7317 -0.0033 0.6816
vn 0.5255 0.6242 0.5781
vn 0.4284 0.8391 0.3351
vn -0.7780 -0.5837 -0.2326
vn -0.8811 -0.4663 0.0786
vn 0.0003 -0.9998 0.0192
vn -0.0391 0.0359 0.9986
vn 0.1509 -0.0867 0.9847
vn 0.4670 -0.8742 0.1329
vn 0.3448 -0.5343 -0.7718
vn 0.0034 0.0151 -0.9999
vn 0.0047 0.0029 -1.0000
vn 0.4905 0.8660 -0.0969
vn -0.6012 0.7967 0.0622
vn -0.0380 -0.0180 -0.9991
vn 0.8072 0.0205 -0.5900
vn 0.0055 0.0138 -0.9999
vn 0.5170 -0.5480 0.6575
vn 0.0952 0.0413 -0.9946
vn -0.3338 0.2427 0.9108
vn -0.5425 0.1687 -0.8230
vn -0.4730 0.4202 -0.7744
vn -0.6199 0.4647 -0.6322
vn 0.0375 0.4681 0.8829
vn -0.7547 0.2182 -0.6187
vn 0.5341 -0.0835 0.8413
vn -0.9300 0.2049 0.3053
vn -0.7679 -0.3067 0.5623
vn -0.0890 0.5813 -0.8088
vn 0.5342 0.6216 0.5729
vn -0.1091 -0.9909 0.0787
vn 0.0940 0.1899 0.9773
vn -0.0096 0.0001 1.0000
vn -0.7636 -0.2695 0.5868
vn 0.6098 -0.3386 0.7166
vn -0.9865 0.1429 -0.0801
vn -0.9855 -0.1140 -0.1255
vn 0.5125 0.5220 -0.6818
vn 0.5607 -0.8279 -0.0158
vn 0.0078 -0.9455 -0.3255
vn -0.0322 0.5260 -0.8499
vn -0.8927 -0.4040 0.1998
vn -0.0482 -0.6985 0.7140
vn 0.4047 0.8272 -0.3898
vn -0.2513 -0.0042 0.9679
vn 0.0200 -0.1227 0.9922
vn -0.0085 -0.0830 0.9965
vn 0.5830 0.4380 -0.6843
vn 0.4284 -0.6949 -0.5775
vn 0.0521 0.0552 -0.9971
vn -0.8288 -0.2868 -0.4804
vn 0.6373 0.7201 0.2745
vn 0.9270 -0.2073 0.3125
vn -0.0016 -0.9998 0.0216
vn -0.2006 -0.0906 -0.9755
vn -0.0091 0.0807 0.9967
vn -0.1101 -0.9871 0.1160
vn 0.4587 0.1696 -0.8723
vn 0.5481 -0.3697 -0.7503
vn 0.0025 -0.0126 0.9999
vn 0.0657 -0.3065 0.9496
vn -0.0720 -0.6569 -0.7506
vn -0.0670 -0.7317 0.6783
vn 0.6440 0.7034 0.3009
vn 0.2138 0.9275 0.3066
vn 0.1270 -0.1802 -0.9754
vn 0.4125 0.4087 0.8141
vn 0.7060 -0.1441 0.6934
vn 0.0059 0.0117 -0.9999
vn -0.0310 -0.0004 0.9995
vn 0.8115 0.5750 0.1043
vn 0.0668 -0.3939 0.9167
vn 0.6867 -0.7084 0.1629
vn 0.5105 0.8073 0.2961
vn 0.6941 -0.7169 -0.0660
vn 0.6307 -0.7664 0.1222
vn 0.6412 -0.3317 -0.6920
vn 0.1612 0.9829 0.0892
vn 0.5249 0.0765 0.8477
vn -0.1432 0.7414 0.6556
vn 0.3559 0.2967 -0.8862
vn 0.7186 -0.1035 -0.6877
vn 0.1272 0.1286 -0.9835
vn 0.7777 0.6216 -0.0935
vn 0.4161 -0.2225 0.8816
vn 0.7157 0.6673 -0.2061
vn 0.6436 0.7348 -0.2140
vn 0.0921 0.7549 -0.6493
vn 0.5028 -0.5358 0.6783
vn 0.7441 0.3295 0.5812
vn -0.0389 0.6388 0.7684
vn 0.6477 -0.7613 -0.0296
vn 0.7862 -0.5727 -0.2320
vn 0.2996 -0.0483 0.9528
vn 0.6976 -0.0758 -0.7125
vn 0.6446 -0.2164 -0.7332
vn 0.6634 -0.0238 0.7479
vn -0.0762 -0.1092 0.9911
vn 0.2079 0.0797 -0.9749
vn 0.8721 -0.0173 -0.4891
vn -0.0272 -0.1502 -0.9883
vn 0.7706 0.6358 0.0435
vn 0.7113 0.5172 0.4760
vn 0.9270 0.3377 -0.1631
vn 0.8358 0.5468 -0.0493
vn 0.9020 0.0723 0.4256
vn 0.9952 -0.0175 0.0967
vn 0.6246 -0.1907 0.7573
vn 0.9102 -0.3717 -0.1829
vn -0.0759 0.4837 -0.8719
vn 0.6476 -0.0398 -0.7610
vn 0.8462 -0.5193 0.1193
vn 0.5048 0.7810 0.3677
vn 0.3425 -0.5748 0.7432
vn 0.7999 -0.4966 0.3369
vn 0.9972 0.0353 -0.0666
vn 0.9489 -0.2577 -0.1823
vn -0.8587 -0.5115 -0.0321
vn -0.6951 -0.7174 0.0466
vn 0.0648 -0.8546 0.5151
vn -0.7747 -0.6323 -0.0104
vn -0.7650 -0.6441 0.0027
vn -0.8875 -0.4587 -0.0445
vn 0.9129 0.4026 0.0674
vn 0.8296 0.4142 -0.3745
vn -0.0130 0.9994 -0.0313
vn 0.1267 0.9912 -0.0393
vn -0.5443 0.0567 -0.8369
vn 0.1041 0.9946 -0.0045
vn 0.9627 0.2539 -0.0936
vn 0.9688 -0.2443 0.0408
vn 0.9915 -0.0502 -0.1200
vn 0.1825 0.1697 0.9684
vn 0.9499 -0.2840 0.1304
vn 0.0726 0.7730 -0.6302
vn 0.7726 0.4335 0.4638
vn 0.8584 -0.4908 -0.1494
vn -0.3499 -0.9094 0.2250
vn -0.0879 0.9961 0.0055
vn 0.9833 0.0377 0.1781
vn 0.5990 0.0045 0.8007
vn 0.0071 0.0529 0.9986
vn 0.9593 0.2705 0.0809
vn 0.6890 0.4406 -0.5755
vn -0.4475 -0.1358 0.8839
vn 0.1382 0.8213 0.5535
vn 0.9554 -0.2451 0.1646
vn 0.9953 0.0466 -0.0850
vn -0.4528 -0.8780 0.1554
vn -0.1204 -0.6455 -0.7542
vn -0.0376 0.1131 0.9929
vn 0.5220 -0.6872 0.5052
vn 0.0051 -0.0100 -0.9999
vn -0.0350 -0.0318 -0.9989
vn 0.6257 0.3259 0.7087
vn -0.9993 -0.0127 -0.0356
vn 0.1358 0.9894 -0.0504
vn 0.2311 -0.9320 -0.2792
vn 0.0471 -0.9976 -0.0498
vn 0.8914 -0.4319 -0.1372
vn -0.9905 -0.1290 -0.0485
vn 0.1091 0.9940 0.0088
vn -0.3009 -0.9310 0.2065
vn -0.9798 0.1963 0.0390
vn -0.5557 0.8278 -0.0771
vn -0.7230 -0.4639 -0.5119
vn 0.4837 0.8740 0.0458
vn 0.8959 -0.4179 -0.1508
vn 0.9185 0.3948 -0.0236
vn 0.8061 0.3140 -0.5017
vn -0.4357 -0.8253 0.3592
vn -0.0531 -0.0572 0.9970
vn -0.0504 -0.0506 0.9974
vn -0.0347 -0.0605 0.9976
vn 0.0315 0.2047 -0.9783
vn -0.3086 -0.8920 -0.3303
vn -0.2871 0.9578 0.0136
vn 0.0055 -0.6523 0.7580
vn 0.8874 0.4430 0.1279
vn 0.0043 0.8948 -0.4464
vn 0.0689 -0.5956 0.8003
vn 0.2169 0.9235 0.3164
vn 0.0098 -0.9999 0.0059
vn 0.0811 -0.7539 0.6519
vn 0.4008 0.9152 -0.0409
vn 0.7488 0.3158 0.5827
vn 0.4626 0.8865 -0.0111
vn 0.9939 -0.0329 0.1051
vn 0.3023 -0.5722 -0.7624
vn 0.0426 -0.9991 0.0010
vn -0.0651 -0.4982 -0.8646
vn 0.2123 0.2135 0.9536
vn -0.2529 -0.0322 -0.9670
vn -0.0783 0.8029 -0.5910
vn 0.9867 0.1621 0.0102
vn 0.9696 0.2188 0.1099
vn -0.0488 -0.6403 0.7666
vn -0.2031 -0.0776 0.9761
vn -0.0383 0.0077 -0.9992
vn 0.6862 -0.7273 0.0160
vn 0.9214 0.3749 -0.1019
vn 0.6940 -0.7143 -0.0902
vn 0.8377 -0.5229 0.1578
vn -0.3244 0.9003 -0.2904
vn -0.0779 0.0782 0.9939
vn -0.3201 0.9051 0.2799
vn -0.8227 -0.5684 0.0073
vn -0.4637 -0.5582 -0.6880
vn 0.7670 0.1280 -0.6288
vn -0.0633 -0.0133 -0.9979
vn -0.3363 -0.2415 0.9102
vn -0.0616 -0.0880 0.9942
vn 0.9540 0.2920 0.0685
vn -0.0674 -0.6315 -0.7725
vn 0.0088 -0.9998 -0.0155
vn 0.9450 -0.3247 -0.0396
vn 0.0759 -0.9971 0.0107
vn 0.8211 -0.4847 -0.3015
vn 0.0021 0.0447 -0.9990
vn 0.0784 0.9968 -0.0140
vn 0.7827 -0.6149 -0.0967
vn -0.1446 -0.1082 -0.9836
vn 0.0159 -0.3268 -0.9450
vn -0.0547 0.3312 -0.9420
vn 0.0175 0.0018 0.9998
vn 0.8035 0.4963 0.3287
vn -0.0475 -0.0287 0.9985
vn 0.1121 -0.2503 -0.9617
vn -0.2092 -0.8247 -0.5255
vn 0.4586 -0.0237 0.8883
vn 0.0350 0.1091 -0.9934
vn -0.2504 0.6702 0.6986
vn 0.3121 0.0088 0.9500
vn -0.1417 -0.9038 -0.4039
vn -0.5832 0.5569 0.5913
vn -0.6007 -0.5731 0.5575
vn -0.6728 0.7389 -0.0379
vn 0.3841 -0.1389 -0.9128
vn 0.5468 -0.5943 0.5898
vn 0.5877 0.6668 0.4583
vn 0.7306 -0.6325 0.2574
vn 0.8042 0.5823 -0.1187
vn -0.1584 0.0547 -0.9859
vn 0.9727 -0.2159 -0.0847
vn 0.9986 -0.0240 -0.0479
vn 0.9757 -0.1995 -0.0902
vn 0.9359 0.3512 0.0259
vn 0.9996 -0.0185 -0.0205
vn -0.1237 0.0237 -0.9920
vn -0.9650 -0.2607 0.0271
vn -0.9586 0.2831 -0.0320
vn -0.7186 -0.6953 -0.0128
vn -0.3744 0.9270 0.0196
vn 0.7046 -0.7091 0.0261
vn 0.9958 -0.0655 0.0642
vn 0.6888 -0.0090 -0.7249
vn 0.7280 0.1009 -0.6781
vn 0.6752 -0.0413 -0.7364
vn 0.9928 0.0291 -0.1162
vn 0.9988 0.0219 -0.0439
vn 0.9992 0.0408 -0.0025
vn 0.3182 0.6087 -0.7268
vn -0.3708 -0.9282 -0.0306
vt 0.803941 0.049952
vt 0.808938 0.051661
vt 0.807202 0.071501
vt 0.273135 0.124930
vt 0.266419 0.121551
vt 0.268950 0.103542
vt 0.674616 0.935069
vt 0.682353 0.917665
vt 0.681862 0.935069
vt 0.030211 0.222914
vt 0.014006 0.222348
vt 0.032286 0.216111
vt 0.933847 0.070001
vt 0.949286 0.067279
vt 0.953162 0.070103
vt 0.265875 0.034268
vt 0.268933 0.027400
vt 0.283154 0.047762
vt 0.849120 0.070731
vt 0.728570 0.934912
vt 0.724983 0.917097
vt 0.217657 0.103580
vt 0.099419 0.198844
vt 0.099419 0.246455
vt 0.083757 0.247149
vt 0.173972 0.134908
vt 0.173972 0.196102
vt 0.150568 0.142067
vt 0.812383 0.974905
vt 0.811500 0.964805
vt 0.861083 0.976460
vt 0.027749 0.846826
vt 0.027749 0.867958
vt 0.018543 0.862495
vt 0.967143 0.679982
vt 0.967449 0.726689
vt 0.956743 0.726689
vt 0.055262 0.268434
vt 0.049005 0.262361
vt 0.058532 0.256408
vt 0.265727 0.269888
vt 0.258780 0.262271
vt 0.262091 0.261680
vt 0.227028 0.013246
vt 0.230460 0.002683
vt 0.232405 0.009364
vt 0.010411 0.528621
vt 0.010411 0.542060
vt 0.003029 0.536919
vt 0.156641 0.014993
vt 0.153549 0.020348
vt 0.135545 0.016234
vt 0.804559 0.015284
vt 0.804559 0.004129
vt 0.807188 0.008267
vt 0.000678 0.642702
vt 0.006788 0.638263
vt 0.006700 0.642971
vt 0.308573 0.014742
vt 0.295708 0.014742
vt 0.307778 0.007657
vt 0.699306 0.035828
vt 0.711647 0.037563
vt 0.694294 0.039746
vt 0.689590 0.029462
vt 0.047153 0.276750
vt 0.045998 0.269548
vt 0.001241 0.513278
vt 0.004162 0.509258
vt 0.006723 0.513639
vt 0.708406 0.044704
vt 0.024765 0.008390
vt 0.011074 0.008390
vt 0.012225 0.003556
vt 0.848421 0.051429
vt 0.156724 0.057521
vt 0.133682 0.057521
vt 0.155629 0.050493
vt 0.685068 0.038259
vt 0.968146 0.680092
vt 0.994522 0.688663
vt 0.969086 0.724587
vt 0.660940 0.015043
vt 0.660940 0.022289
vt 0.636720 0.015980
vt 0.962145 0.203002
vt 0.963263 0.211131
vt 0.958761 0.207035
vt 0.998432 0.202146
vt 0.977833 0.755828
vt 0.983601 0.751637
vt 0.986826 0.756078
vt 0.862468 0.966495
vt 0.186553 0.278081
vt 0.170261 0.333414
vt 0.161330 0.325517
vt 0.167557 0.277295
vt 0.601762 0.581459
vt 0.558407 0.606724
vt 0.515813 0.617900
vt 0.072936 0.002593
vt 0.068217 0.008856
vt 0.059468 0.006579
vt 0.063083 0.010122
vt 0.059195 0.013384
vt 0.045927 0.010010
vt 0.866596 0.028017
vt 0.864166 0.041800
vt 0.863618 0.023407
vt 0.997712 0.213982
vt 0.363181 0.014960
vt 0.360430 0.018888
vt 0.340154 0.015811
vt 0.290222 0.020200
vt 0.272448 0.015438
vt 0.294999 0.015140
vt 0.054363 0.248386
vt 0.606085 0.595381
vt 0.284440 0.355165
vt 0.264711 0.275177
vt 0.286342 0.280788
vt 0.588901 0.493930
vt 0.609432 0.525811
vt 0.615866 0.553454
vt 0.247954 0.301744
vt 0.642236 0.592134
vt 0.054485 0.346497
vt 0.032577 0.347327
vt 0.044385 0.345613
vt 0.619684 0.536393
vt 0.617789 0.508057
vt 0.543928 0.104047
vt 0.485951 0.114270
vt 0.482453 0.103251
vt 0.108179 0.008446
vt 0.099613 0.003501
vt 0.113926 0.003954
vt 0.715927 0.749308
vt 0.690615 0.767256
vt 0.730258 0.721044
vt 0.635442 0.544899
vt 0.286796 0.253487
vt 0.631922 0.600121
vt 0.032832 0.364909
vt 0.032236 0.371726
vt 0.031379 0.344053
vt 0.270433 0.260853
vt 0.124176 0.138219
vt 0.150369 0.140282
vt 0.143288 0.153205
vt 0.250809 0.263200
vt 0.750414 0.769324
vt 0.757004 0.743614
vt 0.641855 0.550623
vt 0.646133 0.571023
vt 0.743052 0.719810
vt 0.594626 0.017725
vt 0.579896 0.015127
vt 0.603778 0.015832
vt 0.174344 0.125541
vt 0.954901 0.680310
vt 0.245632 0.240517
vt 0.161761 0.462442
vt 0.150943 0.466379
vt 0.129927 0.463374
vt 0.645004 0.580797
vt 0.429749 0.925844
vt 0.487125 0.925844
vt 0.430783 0.937770
vt 0.161895 0.020846
vt 0.157402 0.015491
vt 0.178586 0.016877
vt 0.171574 0.131717
vt 0.249504 0.235676
vt 0.572723 0.625888
vt 0.650898 0.553346
vt 0.654218 0.547544
vt 0.860582 0.071209
vt 0.857664 0.082101
vt 0.817865 0.073888
vt 0.762036 0.746051
vt 0.769808 0.708618
vt 0.772059 0.702750
vt 0.010109 0.216269
vt 0.025730 0.216269
vt 0.011192 0.222258
vt 0.181281 0.095218
vt 0.234847 0.095218
vt 0.184902 0.107868
vt 0.179457 0.132175
vt 0.314886 0.263164
vt 0.858066 0.994025
vt 0.843846 0.991517
vt 0.875915 0.990545
vt 0.176254 0.888348
vt 0.177900 0.878655
vt 0.183037 0.868994
vt 0.059136 0.328857
vt 0.045980 0.329045
vt 0.031456 0.327138
vt 0.028549 0.910774
vt 0.028549 0.884647
vt 0.029689 0.898971
vt 0.716770 0.026406
vt 0.736571 0.040792
vt 0.714898 0.038179
vt 0.619718 0.113660
vt 0.637400 0.107219
vt 0.678158 0.103653
vt 0.668358 0.565098
vt 0.772933 0.698685
vt 0.150929 0.273711
vt 0.964490 0.737598
vt 0.925007 0.737598
vt 0.959875 0.727310
vt 0.271728 0.004492
vt 0.278194 0.013392
vt 0.270338 0.013427
vt 0.644384 0.654242
vt 0.668581 0.728830
vt 0.985329 0.973962
vt 0.970854 0.973962
vt 0.986339 0.939409
vt 0.139207 0.716268
vt 0.144373 0.769342
vt 0.124182 0.762510
vt 0.161035 0.715974
vt 0.480461 0.972044
vt 0.480461 0.955398
vt 0.531983 0.955284
vt 0.174503 0.499168
vt 0.124153 0.482808
vt 0.134122 0.469971
vt 0.971526 0.934451
vt 0.011157 0.494638
vt 0.011157 0.474003
vt 0.011740 0.484813
vt 0.344593 0.553015
vt 0.317008 0.548151
vt 0.352781 0.543766
vt 0.683418 0.113868
vt 0.317335 0.255000
vt 0.318121 0.605613
vt 0.329864 0.557820
vt 0.008217 0.839469
vt 0.008217 0.849431
vt 0.000742 0.848195
vt 0.115785 0.948241
vt 0.109408 0.939991
vt 0.103019 0.926893
vt 0.687897 0.696579
vt 0.331686 0.603483
vt 0.338653 0.604638
vt 0.336130 0.656348
vt 0.129549 0.052060
vt 0.026378 0.544557
vt 0.026378 0.569430
vt 0.021407 0.565277
vt 0.324626 0.522643
vt 0.161868 0.875979
vt 0.476515 0.307960
vt 0.391858 0.300553
vt 0.524021 0.295823
vt 0.155465 0.263898
vt 0.773594 0.727455
vt 0.779719 0.723302
vt 0.781144 0.744436
vt 0.097741 0.948560
vt 0.087215 0.938778
vt 0.092855 0.936752
vt 0.633521 0.775228
vt 0.590199 0.776414
vt 0.551481 0.773027
vt 0.337424 0.004219
vt 0.337424 0.016189
vt 0.331068 0.011891
vt 0.344507 0.654197
vt 0.404756 0.433769
vt 0.419797 0.497929
vt 0.405478 0.492843
vt 0.478747 0.501352
vt 0.474775 0.504883
vt 0.956722 0.049039
vt 0.967056 0.047307
vt 0.984542 0.048836
vt 0.532731 0.776500
vt 0.003078 0.783307
vt 0.005025 0.768074
vt 0.011903 0.767713
vt 0.017828 0.778565
vt 0.314218 0.476518
vt 0.804346 0.748156
vt 0.963498 0.919904
vt 0.912062 0.936616
vt 0.913672 0.915549
vt 0.457239 0.430995
vt 0.499050 0.508288
vt 0.487353 0.515706
vt 0.162071 0.865154
vt 0.436652 0.403433
vt 0.913109 0.409709
vt 0.915662 0.380523
vt 0.915074 0.454221
vt 0.010534 0.935011
vt 0.013856 0.947409
vt 0.010657 0.953988
vt 0.394899 0.514229
vt 0.372751 0.283801
vt 0.382852 0.290632
vt 0.367023 0.294625
vt 0.527342 0.510417
vt 0.530993 0.512633
vt 0.518411 0.517534
vt 0.171354 0.861462
vt 0.381021 0.270980
vt 0.031431 0.292099
vt 0.031431 0.264894
vt 0.034771 0.282776
vt 0.710837 0.043501
vt 0.740134 0.043501
vt 0.711506 0.048087
vt 0.758685 0.048653
vt 0.754722 0.043930
vt 0.783854 0.045961
vt 0.394458 0.285228
vt 0.411149 0.526165
vt 0.964012 0.041056
vt 0.151796 0.048760
vt 0.159004 0.039048
vt 0.169011 0.049055
vt 0.412204 0.823665
vt 0.321228 0.819390
vt 0.376500 0.817369
vt 0.546515 0.657842
vt 0.411175 0.657842
vt 0.453909 0.647285
vt 0.366948 0.528331
vt 0.350647 0.284688
vt 0.141591 0.041115
vt 0.758995 0.747085
vt 0.773423 0.751549
vt 0.043784 0.007791
vt 0.029884 0.007791
vt 0.036648 0.003657
vt 0.008852 0.596773
vt 0.000605 0.596773
vt 0.004063 0.591878
vt 0.441937 0.423330
vt 0.433161 0.580462
vt 0.649044 0.656393
vt 0.062019 0.123606
vt 0.072018 0.131654
vt 0.059348 0.138969
vt 0.020785 0.866852
vt 0.016749 0.881914
vt 0.015551 0.861740
vt 0.819845 0.010690
vt 0.824202 0.015362
vt 0.824257 0.022660
vt 0.000178 0.820651
vt 0.006791 0.818503
vt 0.005445 0.827092
vt 0.687269 0.015388
vt 0.684558 0.022837
vt 0.684615 0.010015
vt 0.442946 0.015337
vt 0.436098 0.015337
vt 0.437420 0.002583
vt 0.372599 0.531663
vt 0.412968 0.779620
vt 0.866360 0.060601
vt 0.848526 0.067092
vt 0.869386 0.052517
vt 0.011217 0.682250
vt 0.001227 0.682250
vt 0.003370 0.676137
vt 0.062824 0.700404
vt 0.083032 0.700095
vt 0.068538 0.713238
vt 0.025945 0.518382
vt 0.026649 0.537962
vt 0.022629 0.530756
vt 0.175162 0.853676
vt 0.129186 0.170924
vt 0.141681 0.164280
vt 0.127443 0.187778
vt 0.796875 0.762623
vt 0.406566 0.277889
vt 0.060286 0.706023
vt 0.491255 0.929146
vt 0.484861 0.921526
vt 0.540524 0.924319
vt 0.493177 0.937668
vt 0.436141 0.937668
vt 0.492278 0.930425
vt 0.637943 0.962840
vt 0.639111 0.969465
vt 0.586872 0.968916
vt 0.427963 0.973536
vt 0.376915 0.973536
vt 0.427269 0.966732
vt 0.842419 0.066244
vt 0.850288 0.053774
vt 0.615078 0.022862
vt 0.611404 0.014982
vt 0.635486 0.014968
vt 0.010537 0.673486
vt 0.027293 0.673486
vt 0.014324 0.681417
vt 0.164874 0.962642
vt 0.167635 0.956721
vt 0.211433 0.961438
vt 0.992972 0.340595
vt 0.984608 0.342729
vt 0.982600 0.337211
vt 0.232509 0.962023
vt 0.232509 0.953219
vt 0.283171 0.962162
vt 0.117044 0.052315
vt 0.014348 0.413883
vt 0.014348 0.429085
vt 0.006060 0.429322
vt 0.441732 0.429901
vt 0.000078 0.216099
vt 0.008801 0.216099
vt 0.000503 0.222925
vt 0.759367 0.559407
vt 0.751779 0.561441
vt 0.752999 0.443537
vt 0.773134 0.760992
vt 0.006848 0.960012
vt 0.006848 0.968946
vt 0.000122 0.959874
vt 0.078765 0.929007
vt 0.070888 0.142505
vt 0.504457 0.520129
vt 0.474158 0.963498
vt 0.422806 0.963498
vt 0.424084 0.954869
vt 0.405544 0.259857
vt 0.420252 0.954812
vt 0.421882 0.964054
vt 0.370553 0.962267
vt 0.986104 0.751719
vt 0.992493 0.751719
vt 0.987586 0.755000
vt 0.084960 0.924942
vt 0.221456 0.418433
vt 0.210305 0.350968
vt 0.241716 0.368288
vt 0.005843 0.649270
vt 0.005843 0.652870
vt 0.001125 0.651561
vt 0.000526 0.731545
vt 0.004769 0.728462
vt 0.006443 0.733957
vt 0.091473 0.921442
vt 0.088903 0.908086
vt 0.027558 0.841147
vt 0.030947 0.831177
vt 0.045115 0.841098
vt 0.717669 0.961590
vt 0.665108 0.961590
vt 0.716093 0.952796
vt 0.974693 0.339639
vt 0.897832 0.038080
vt 0.878172 0.038080
vt 0.897280 0.028620
vt 0.495838 0.929995
vt 0.514626 0.936833
vt 0.493956 0.938099
vt 0.181525 0.853330
vt 0.433404 0.919865
vt 0.484087 0.924299
vt 0.428307 0.925332
vt 0.674100 0.995161
vt 0.691391 0.992112
vt 0.707185 0.996439
vt 0.058333 0.161113
vt 0.282297 0.953335
vt 0.057835 0.718903
vt 0.036211 0.766298
vt 0.022405 0.774269
vt 0.016552 0.766483
vt 0.076770 0.031659
vt 0.076770 0.014135
vt 0.080025 0.019992
vt 0.330620 0.259816
vt 0.736167 0.018018
vt 0.736167 0.038726
vt 0.729737 0.033491
vt 0.273229 0.082545
vt 0.243593 0.079952
vt 0.285029 0.078231
vt 0.000121 0.968312
vt 0.681808 0.968717
vt 0.680343 0.977027
vt 0.629292 0.970677
vt 0.009877 0.222487
vt 0.028695 0.817390
vt 0.026082 0.543838
vt 0.152249 0.195658
vt 0.058614 0.266904
vt 0.058395 0.286469
vt 0.049367 0.277924
vt 0.153175 0.395685
vt 0.143112 0.403214
vt 0.121769 0.403960
vt 0.928690 0.028387
vt 0.930696 0.039760
vt 0.927940 0.046775
vt 0.048903 0.297058
vt 0.966212 0.342200
vt 0.040057 0.663359
vt 0.040814 0.640275
vt 0.055633 0.647782
vt 0.508141 0.844460
vt 0.469905 0.846068
vt 0.440267 0.792598
vt 0.236238 0.353317
vt 0.336727 0.282452
vt 0.810666 0.748337
vt 0.810780 0.811650
vt 0.005076 0.058550
vt 0.001114 0.055672
vt 0.006352 0.052949
vt 0.555785 0.969020
vt 0.555196 0.962289
vt 0.607074 0.965030
vt 0.610868 0.927325
vt 0.617260 0.922849
vt 0.665887 0.924384
vt 0.055549 0.659634
vt 0.585927 0.039923
vt 0.598823 0.030564
vt 0.600315 0.044597
vt 0.779613 0.948485
vt 0.779613 0.942008
vt 0.830143 0.946872
vt 0.131647 0.198851
vt 0.056857 0.007779
vt 0.048015 0.002674
vt 0.061990 0.002781
vt 0.862495 0.038291
vt 0.845818 0.032872
vt 0.857830 0.014969
vt 0.554486 0.971512
vt 0.502756 0.971512
vt 0.553956 0.962286
vt 0.873198 0.028634
vt 0.599380 0.929062
vt 0.654477 0.929062
vt 0.603995 0.935049
vt 0.825985 0.052371
vt 0.055896 0.508781
vt 0.058494 0.492374
vt 0.078002 0.517462
vt 0.426528 0.270488
vt 0.423783 0.009566
vt 0.434344 0.015663
vt 0.418320 0.016317
vt 0.002121 0.206232
vt 0.008829 0.205601
vt 0.007972 0.215405
vt 0.936436 0.376269
vt 0.938063 0.307653
vt 0.951407 0.358428
vt 0.397407 0.016297
vt 0.403134 0.009472
vt 0.413444 0.016412
vt 0.061168 0.547682
vt 0.072665 0.556035
vt 0.047843 0.550727
vt 0.056421 0.570546
vt 0.069489 0.575723
vt 0.059542 0.589927
vt 0.830750 0.060268
vt 0.000077 0.518201
vt 0.009914 0.518504
vt 0.005487 0.523611
vt 0.002588 0.215504
vt 0.022133 0.807318
vt 0.024559 0.793560
vt 0.035607 0.805021
vt 0.015868 0.119011
vt 0.021811 0.122582
vt 0.007557 0.131159
vt 0.737035 0.039815
vt 0.736805 0.025433
vt 0.747018 0.031439
vt 0.518429 0.589227
vt 0.072081 0.150690
vt 0.072029 0.159549
vt 0.024523 0.663896
vt 0.024523 0.641729
vt 0.038693 0.662700
vt 0.007492 0.860158
vt 0.009039 0.851384
vt 0.016686 0.860965
vt 0.059132 0.522062
vt 0.057108 0.565333
vt 0.997404 0.201567
vt 0.987663 0.201567
vt 0.993686 0.198632
vt 0.995143 0.599172
vt 0.989686 0.591662
vt 0.997870 0.591470
vt 0.000921 0.834303
vt 0.007799 0.838535
vt 0.000663 0.841692
vt 0.033519 0.450029
vt 0.044762 0.444090
vt 0.047118 0.460851
vt 0.261145 0.784927
vt 0.229464 0.768785
vt 0.225664 0.691927
vt 0.998339 0.436346
vt 0.998339 0.447336
vt 0.991409 0.436123
vt 0.924303 0.035308
vt 0.898993 0.035308
vt 0.908734 0.026912
vt 0.692327 0.008609
vt 0.699708 0.018768
vt 0.690536 0.013686
vt 0.019776 0.142313
vt 0.997897 0.426294
vt 0.991153 0.434831
vt 0.992533 0.426763
vt 0.019870 0.299493
vt 0.011139 0.290762
vt 0.029405 0.297330
vt 0.325613 0.272503
vt 0.068455 0.652519
vt 0.006604 0.832275
vt 0.739792 0.018920
vt 0.952066 0.326595
vt 0.000145 0.784028
vt 0.008317 0.784028
vt 0.004044 0.791383
vt 0.997590 0.433939
vt 0.066569 0.854532
vt 0.043934 0.854532
vt 0.049484 0.824911
vt 0.006835 0.976236
vt 0.000134 0.976940
vt 0.006674 0.971790
vt 0.988221 0.446134
vt 0.057507 0.055365
vt 0.057507 0.085501
vt 0.050507 0.067882
vt 0.318452 0.014924
vt 0.309223 0.014924
vt 0.318288 0.002497
vt 0.008514 0.684425
vt 0.018506 0.681179
vt 0.021849 0.699110
vt 0.007162 0.255794
vt 0.021929 0.253981
vt 0.023201 0.261201
vt 0.489699 0.992486
vt 0.476955 0.998262
vt 0.477026 0.989792
vt 0.330314 0.003622
vt 0.330314 0.012307
vt 0.319263 0.005860
vt 0.021439 0.597551
vt 0.014883 0.604390
vt 0.007666 0.604138
vt 0.027391 0.315269
vt 0.030629 0.326069
vt 0.021138 0.325738
vt 0.078342 0.918530
vt 0.398037 0.042146
vt 0.371998 0.042146
vt 0.384079 0.036997
vt 0.027779 0.913795
vt 0.022858 0.910173
vt 0.026913 0.901478
vt 0.776617 0.022114
vt 0.789364 0.029473
vt 0.769123 0.030151
vt 0.087206 0.735151
vt 0.102884 0.721109
vt 0.111031 0.728191
vt 0.010376 0.522928
vt 0.030250 0.336797
vt 0.534496 0.026496
vt 0.545912 0.042209
vt 0.515810 0.044186
vt 0.225465 0.994450
vt 0.190165 0.994450
vt 0.204249 0.990617
vt 0.449925 0.844644
vt 0.394511 0.023299
vt 0.372457 0.016133
vt 0.396582 0.016024
vt 0.264566 0.026014
vt 0.250246 0.045723
vt 0.240163 0.024959
vt 0.927106 0.035273
vt 0.919584 0.030931
vt 0.926739 0.015000
vt 0.003102 0.938117
vt 0.009648 0.934338
vt 0.009840 0.947693
vt 0.014721 0.279258
vt 0.023369 0.851329
vt 0.042221 0.472784
vt 0.149895 0.782444
vt 0.152475 0.769896
vt 0.211815 0.761557
vt 0.365174 0.651805
vt 0.075655 0.591724
vt 0.651850 0.049219
vt 0.650730 0.042867
vt 0.680779 0.045228
vt 0.667070 0.989703
vt 0.700277 0.989703
vt 0.679453 0.992876
vt 0.989302 0.411798
vt 0.997463 0.419959
vt 0.974662 0.419274
vt 0.177229 0.013925
vt 0.183592 0.005167
vt 0.192607 0.014245
vt 0.442645 0.623956
vt 0.507831 0.008579
vt 0.525519 0.008579
vt 0.519363 0.020292
vt 0.375186 0.637885
vt 0.964688 0.857563
vt 0.995990 0.834821
vt 0.995493 0.849751
vt 0.997495 0.220309
vt 0.981600 0.220309
vt 0.989456 0.215231
vt 0.011848 0.619473
vt 0.025915 0.393215
vt 0.035384 0.372838
vt 0.048252 0.386637
vt 0.005584 0.323589
vt 0.016318 0.323589
vt 0.011299 0.338930
vt 0.028632 0.374416
vt 0.918701 0.012538
vt 0.922164 0.022054
vt 0.918055 0.030767
vt 0.023202 0.759497
vt 0.012637 0.744956
vt 0.022469 0.739258
vt 0.109161 0.398330
vt 0.943394 0.566315
vt 0.961581 0.510340
vt 0.963525 0.558644
vt 0.003883 0.945647
vt 0.995486 0.984386
vt 0.966256 0.974889
vt 0.996412 0.974798
vt 0.260746 0.016890
vt 0.244481 0.016890
vt 0.250243 0.010985
vt 0.325580 0.083310
vt 0.336408 0.078261
vt 0.367302 0.084009
vt 0.227696 0.049914
vt 0.269566 0.049914
vt 0.260191 0.056109
vt 0.996894 0.645935
vt 0.984191 0.641807
vt 0.995384 0.639282
vt 0.085692 0.916554
vt 0.004115 0.383767
vt 0.004115 0.374736
vt 0.013028 0.388170
vt 0.992235 0.454867
vt 0.340820 0.254690
vt 0.120046 0.383497
vt 0.771555 0.789832
vt 0.124222 0.075334
vt 0.119082 0.081460
vt 0.085832 0.075556
vt 0.063658 0.726984
vt 0.013306 0.372905
vt 0.503781 0.979541
vt 0.518267 0.975660
vt 0.547489 0.979172
vt 0.058646 0.320997
vt 0.045884 0.313628
vt 0.056640 0.290253
vt 0.028313 0.177785
vt 0.023131 0.186077
vt 0.011508 0.183716
vt 0.009690 0.231636
vt 0.020176 0.231636
vt 0.017736 0.248702
vt 0.943401 0.458383
vt 0.935033 0.439052
vt 0.949670 0.444940
vt 0.044245 0.493915
vt 0.044245 0.510127
vt 0.023946 0.493457
vt 0.612382 0.033406
vt 0.621511 0.033406
vt 0.616234 0.042752
vt 0.598320 0.125234
vt 0.604074 0.117017
vt 0.660017 0.125392
vt 0.002318 0.460625
vt 0.002210 0.451014
vt 0.010413 0.451732
vt 0.911135 0.739907
vt 0.961165 0.748729
vt 0.907924 0.749889
vt 0.550842 0.932939
vt 0.748846 0.520073
vt 0.271213 0.621168
vt 0.271213 0.664878
vt 0.261550 0.619428
vt 0.319207 0.016320
vt 0.319207 0.008060
vt 0.335348 0.016330
vt 0.021696 0.084978
vt 0.021405 0.069826
vt 0.026695 0.079979
vt 0.747954 0.998440
vt 0.775500 0.990609
vt 0.776495 0.998440
vt 0.743665 0.991137
vt 0.073113 0.568794
vt 0.157276 0.217999
vt 0.202926 0.003527
vt 0.202926 0.014890
vt 0.193292 0.004610
vt 0.261431 0.989271
vt 0.296558 0.989271
vt 0.261997 0.993805
vt 0.012531 0.909921
vt 0.015344 0.513741
vt 0.015344 0.534044
vt 0.011037 0.530847
vt 0.708678 0.024816
vt 0.684553 0.024816
vt 0.690637 0.015502
vt 0.019320 0.064328
vt 0.004573 0.069120
vt 0.007470 0.052832
vt 0.010549 0.918341
vt 0.382106 0.051512
vt 0.389634 0.060484
vt 0.346553 0.059346
vt 0.696687 0.042085
vt 0.670660 0.042085
vt 0.678730 0.038055
vt 0.912706 0.967063
vt 0.882240 0.976989
vt 0.875474 0.965271
vt 0.433464 0.266316
vt 0.923068 0.007133
vt 0.940546 0.007133
vt 0.931424 0.020742
vt 0.006628 0.793389
vt 0.021745 0.788477
vt 0.015224 0.798382
vt 0.638489 0.041922
vt 0.522754 0.075845
vt 0.531035 0.078064
vt 0.518632 0.083936
vt 0.042484 0.378049
vt 0.048489 0.360067
vt 0.055516 0.372784
vt 0.613675 0.039150
vt 0.363229 0.014406
vt 0.351057 0.014406
vt 0.357558 0.003016
vt 0.957911 0.240392
vt 0.971175 0.227775
vt 0.995509 0.241825
vt 0.067501 0.961509
vt 0.053952 0.949310
vt 0.057213 0.932468
vt 0.028862 0.337621
vt 0.010958 0.343439
vt 0.017839 0.324058
vt 0.003501 0.879313
vt 0.003501 0.865336
vt 0.014916 0.866510
vt 0.042081 0.102034
vt 0.032880 0.106324
vt 0.043629 0.079341
vt 0.007184 0.733412
vt 0.012585 0.716789
vt 0.024175 0.733684
vt 0.849099 0.355747
vt 0.838721 0.348478
vt 0.847119 0.336484
vt 0.032528 0.079507
vt 0.963378 0.987945
vt 0.963378 0.975221
vt 0.995806 0.986545
vt 0.527543 0.759573
vt 0.512764 0.751040
vt 0.556922 0.761358
vt 0.114432 0.373558
vt 0.123414 0.382540
vt 0.076188 0.380677
vt 0.809035 0.048781
vt 0.813829 0.039833
vt 0.835823 0.050088
vt 0.913918 0.997905
vt 0.928216 0.989650
vt 0.945216 0.996953
vt 0.836560 0.039011
vt 0.932885 0.037587
vt 0.933519 0.019428
vt 0.940684 0.038810
vt 0.976297 0.066369
vt 0.992842 0.066369
vt 0.976721 0.074728
vt 0.063487 0.044519
vt 0.046711 0.067609
vt 0.044527 0.043391
vt 0.035158 0.783523
vt 0.364658 0.974537
vt 0.313789 0.974537
vt 0.355054 0.964736
vt 0.613499 0.022739
vt 0.589587 0.022739
vt 0.609385 0.015091
vt 0.028173 0.614730
vt 0.010841 0.898981
vt 0.247580 0.169408
vt 0.296220 0.197014
vt 0.260085 0.203765
vt 0.995417 0.303683
vt 0.985383 0.319133
vt 0.978215 0.298160
vt 0.378222 0.009614
vt 0.388027 0.015274
vt 0.372053 0.015093
vt 0.355394 0.245656
vt 0.334284 0.241933
vt 0.361271 0.237257
vt 0.996796 0.627274
vt 0.996051 0.637923
vt 0.975330 0.642512
vt 0.967592 0.200393
vt 0.963199 0.197317
vt 0.982048 0.197561
vt 0.029735 0.017870
vt 0.021310 0.022733
vt 0.010584 0.017585
vt 0.025323 0.044919
vt 0.019580 0.062597
vt 0.011511 0.053408
vt 0.273572 0.998898
vt 0.238623 0.998898
vt 0.251108 0.996124
vt 0.074906 0.709791
vt 0.083818 0.703316
vt 0.080084 0.715750
vt 0.041109 0.128309
vt 0.022604 0.124712
vt 0.023181 0.113602
vt 0.267924 0.024098
vt 0.282862 0.025142
vt 0.283096 0.043100
vt 0.996295 0.222586
vt 0.572225 0.014346
vt 0.560179 0.014346
vt 0.562485 0.005564
vt 0.000143 0.333932
vt 0.005467 0.326605
vt 0.008319 0.334918
vt 0.191536 0.613856
vt 0.183050 0.628554
vt 0.134994 0.615516
vt 0.892360 0.012175
vt 0.892360 0.025157
vt 0.874191 0.012447
vt 0.965947 0.490977
vt 0.996772 0.499236
vt 0.957434 0.501557
vt 0.858070 0.012469
vt 0.847256 0.027352
vt 0.848169 0.014713
vt 0.008218 0.672378
vt 0.003591 0.658135
vt 0.016817 0.658203
vt 0.926254 0.126107
vt 0.932987 0.131180
vt 0.890204 0.135278
vt 0.969428 0.030159
vt 0.948939 0.030159
vt 0.965964 0.018622
vt 0.943161 0.111611
vt 0.950016 0.133865
vt 0.194023 0.013638
vt 0.690288 0.866974
vt 0.687420 0.856271
vt 0.774999 0.861684
vt 0.998317 0.770137
vt 0.982768 0.806024
vt 0.983829 0.784625
vt 0.045532 0.129758
vt 0.054648 0.101701
vt 0.063976 0.121218
vt 0.007904 0.976582
vt 0.007560 0.960202
vt 0.019060 0.971380
vt 0.958944 0.438988
vt 0.958158 0.416178
vt 0.043304 0.072608
vt 0.030673 0.278406
vt 0.778231 0.162812
vt 0.786247 0.179835
vt 0.776521 0.185006
vt 0.573143 0.043053
vt 0.596235 0.044667
vt 0.571013 0.062970
vt 0.789451 0.712634
vt 0.814368 0.702468
vt 0.812141 0.714221
vt 0.019319 0.962010
vt 0.423168 0.719329
vt 0.508045 0.719329
vt 0.401861 0.727193
vt 0.037600 0.278274
vt 0.037600 0.305599
vt 0.031589 0.296633
vt 0.036982 0.390747
vt 0.052746 0.412445
vt 0.034362 0.413135
vt 0.021460 0.518986
vt 0.522229 0.700161
vt 0.469109 0.699858
vt 0.518665 0.692518
vt 0.363392 0.784289
vt 0.367701 0.798383
vt 0.339183 0.778138
vt 0.827642 0.334532
vt 0.032116 0.223607
vt 0.032116 0.245780
vt 0.021145 0.226881
vt 0.202157 0.376340
vt 0.209252 0.385325
vt 0.197763 0.387977
vt 0.801520 0.812969
vt 0.988522 0.080968
vt 0.007213 0.171754
vt 0.017645 0.172340
vt 0.024643 0.177424
vt 0.998230 0.807762
vt 0.754352 0.347218
vt 0.757490 0.281870
vt 0.765310 0.306321
vt 0.900869 0.848187
vt 0.897379 0.867979
vt 0.890491 0.840928
vt 0.967101 0.303259
vt 0.794638 0.701073
vt 0.225559 0.411855
vt 0.242127 0.405712
vt 0.236229 0.437325
vt 0.446911 0.252413
vt 0.455547 0.997411
vt 0.473168 0.951635
vt 0.446607 0.949311
vt 0.488186 0.949817
vt 0.184075 0.825938
vt 0.024385 0.710548
vt 0.024385 0.729472
vt 0.011454 0.713331
vt 0.843147 0.004040
vt 0.831566 0.012652
vt 0.828986 0.004040
vt 0.884726 0.977447
vt 0.920731 0.967800
vt 0.934587 0.977432
vt 0.029642 0.999920
vt 0.010676 0.999920
vt 0.019601 0.993609
vt 0.294603 0.185993
vt 0.330806 0.024982
vt 0.317200 0.043709
vt 0.297367 0.028525
vt 0.308040 0.357844
vt 0.284255 0.373554
vt 0.264199 0.369494
vt 0.002222 0.562575
vt 0.013208 0.570557
vt 0.002667 0.577793
vt 0.227794 0.329723
vt 0.241372 0.342463
vt 0.247135 0.373784
vt 0.117373 0.695412
vt 0.971134 0.016522
vt 0.995019 0.016522
vt 0.978895 0.036575
vt 0.993090 0.037237
vt 0.877795 0.039014
vt 0.900619 0.039053
vt 0.887285 0.052566
vt 0.014203 0.180660
vt 0.159732 0.970438
vt 0.158079 0.966893
vt 0.197250 0.967889
vt 0.201546 0.973874
vt 0.119728 0.254672
vt 0.081807 0.247986
vt 0.121089 0.249366
vt 0.082905 0.252060
vt 0.076829 0.255987
vt 0.996311 0.940538
vt 0.975316 0.933716
vt 0.996283 0.927556
vt 0.153357 0.972653
vt 0.197308 0.334678
vt 0.125261 0.257738
vt 0.059444 0.170124
vt 0.071239 0.186826
vt 0.067315 0.197609
vt 0.265412 0.664032
vt 0.391312 0.850517
vt 0.059557 0.353658
vt 0.406922 0.652486
vt 0.843985 0.017363
vt 0.100682 0.391237
vt 0.105095 0.254679
vt 0.149559 0.756683
vt 0.169366 0.710339
vt 0.207669 0.754217
vt 0.018648 0.657573
vt 0.029813 0.672939
vt 0.011004 0.670883
vt 0.557912 0.113743
vt 0.495348 0.113743
vt 0.553944 0.105271
vt 0.862306 0.975825
vt 0.554171 0.823084
vt 0.638960 0.795534
vt 0.591878 0.844088
vt 0.088427 0.570879
vt 0.073092 0.519858
vt 0.073092 0.554806
vt 0.057321 0.538354
vt 0.106215 0.272685
vt 0.139642 0.272825
vt 0.112051 0.279641
vt 0.969760 0.323049
vt 0.686726 0.124715
vt 0.627746 0.119555
vt 0.690323 0.118192
vt 0.416259 0.292720
vt 0.392532 0.287677
vt 0.479707 0.262938
vt 0.795746 0.796860
vt 0.998187 0.065604
vt 0.995304 0.049278
vt 0.998345 0.037930
vt 0.142235 0.267021
vt 0.216825 0.087484
vt 0.171967 0.091409
vt 0.165953 0.086789
vt 0.486386 0.078474
vt 0.069951 0.309332
vt 0.059896 0.330896
vt 0.058471 0.294291
vt 0.573469 0.018623
vt 0.597262 0.018623
vt 0.579662 0.022194
vt 0.905679 0.054565
vt 0.885615 0.855277
vt 0.887135 0.864121
vt 0.588782 0.087331
vt 0.570011 0.092361
vt 0.540636 0.087388
vt 0.068420 0.175415
vt 0.828171 0.356901
vt 0.840915 0.382201
vt 0.826928 0.396188
vt 0.936879 0.418520
vt 0.546381 0.295955
vt 0.566718 0.283663
vt 0.585539 0.294530
vt 0.051158 0.784105
vt 0.068571 0.809190
vt 0.045914 0.799334
vt 0.847678 0.270435
vt 0.848408 0.285978
vt 0.839251 0.279898
vt 0.098942 0.030722
vt 0.078260 0.030722
vt 0.082877 0.015072
vt 0.049377 0.810719
vt 0.380899 0.582552
vt 0.519166 0.997255
vt 0.488045 0.998886
vt 0.519919 0.988172
vt 0.052107 0.813265
vt 0.043905 0.838507
vt 0.031517 0.806590
vt 0.287524 0.207994
vt 0.340748 0.793520
vt 0.594220 0.183695
vt 0.595099 0.194763
vt 0.583137 0.194763
vt 0.326355 0.081916
vt 0.304151 0.083933
vt 0.306054 0.078337
vt 0.974278 0.041473
vt 0.276620 0.210383
vt 0.840148 0.372329
vt 0.210682 0.394184
vt 0.751262 0.694278
vt 0.823153 0.640185
vt 0.033437 0.831201
vt 0.418017 0.041469
vt 0.406939 0.043224
vt 0.397812 0.027956
vt 0.649776 0.115211
vt 0.711598 0.115211
vt 0.703507 0.117243
vt 0.667124 0.417521
vt 0.676828 0.390861
vt 0.675616 0.481470
vt 0.836844 0.273269
vt 0.071467 0.160281
vt 0.490215 0.083548
vt 0.585381 0.075484
vt 0.602778 0.073730
vt 0.599373 0.083562
vt 0.562304 0.112313
vt 0.555703 0.105712
vt 0.618798 0.114297
vt 0.826847 0.316953
vt 0.842602 0.034964
vt 0.837573 0.045749
vt 0.836841 0.025430
vt 0.980100 0.333485
vt 0.959287 0.334991
vt 0.445724 0.852732
vt 0.421846 0.855983
vt 0.388203 0.606275
vt 0.520381 0.199010
vt 0.380433 0.108850
vt 0.389378 0.095395
vt 0.395749 0.106149
vt 0.028472 0.808076
vt 0.031117 0.814622
vt 0.014677 0.808665
vt 0.260603 0.003542
vt 0.260603 0.015373
vt 0.255574 0.012359
vt 0.058984 0.244989
vt 0.064460 0.249584
vt 0.059956 0.281641
vt 0.115736 0.686440
vt 0.667921 0.515561
vt 0.477440 0.730148
vt 0.666706 0.162405
vt 0.736978 0.162405
vt 0.716699 0.165619
vt 0.827686 0.288974
vt 0.838209 0.304183
vt 0.235288 0.456911
vt 0.940118 0.407986
vt 0.994067 0.092171
vt 0.992676 0.107662
vt 0.984751 0.106969
vt 0.681977 0.971731
vt 0.718611 0.970232
vt 0.717534 0.978001
vt 0.477870 0.626026
vt 0.846360 0.849971
vt 0.841238 0.864043
vt 0.849032 0.817710
vt 0.120243 0.680184
vt 0.120243 0.733953
vt 0.114202 0.728834
vt 0.610690 0.746270
vt 0.107317 0.995791
vt 0.096742 0.999366
vt 0.089857 0.993589
vt 0.058473 0.211913
vt 0.058473 0.174847
vt 0.069451 0.208367
vt 0.579637 0.094102
vt 0.638880 0.094103
vt 0.630634 0.096042
vt 0.800019 0.233581
vt 0.817633 0.266707
vt 0.824172 0.317937
vt 0.500664 0.043688
vt 0.486365 0.024008
vt 0.511872 0.024528
vt 0.303597 0.178067
vt 0.320364 0.172129
vt 0.310722 0.196540
vt 0.834654 0.143509
vt 0.963718 0.196487
vt 0.962290 0.183802
vt 0.981753 0.183802
vt 0.295033 0.078413
vt 0.853644 0.212887
vt 0.513137 0.034422
vt 0.826632 0.307137
vt 0.558708 0.278119
vt 0.997889 0.195172
vt 0.615920 0.078889
vt 0.870136 0.397622
vt 0.822379 0.297362
vt 0.944710 0.398870
vt 0.952535 0.391294
vt 0.572784 0.266328
vt 0.684620 0.100490
vt 0.740198 0.095628
vt 0.747933 0.100309
vt 0.890251 0.880130
vt 0.570594 0.101397
vt 0.567481 0.094720
vt 0.626646 0.096897
vt 0.951443 0.012058
vt 0.970906 0.012058
vt 0.961667 0.015816
vt 0.058669 0.172122
vt 0.032421 0.172122
vt 0.049964 0.167351
vt 0.407665 0.634136
vt 0.321000 0.779831
vt 0.406484 0.093661
vt 0.004010 0.715574
vt 0.011927 0.715436
vt 0.004001 0.721100
vt 0.395844 0.604294
vt 0.585936 0.251665
vt 0.080048 0.993168
vt 0.752860 0.802415
vt 0.284894 0.079591
vt 0.070882 0.998610
vt 0.156602 0.281510
vt 0.772300 0.323581
vt 0.776361 0.443965
vt 0.720404 0.397696
vt 0.430829 0.114212
vt 0.471874 0.125210
vt 0.415252 0.124000
vt 0.755446 0.258538
vt 0.264909 0.716026
vt 0.616941 0.082950
vt 0.720970 0.420263
vt 0.003634 0.186375
vt 0.018268 0.186375
vt 0.006086 0.192421
vt 0.841191 0.817889
vt 0.438881 0.095966
vt 0.409233 0.109425
vt 0.488868 0.627251
vt 0.478328 0.640370
vt 0.994841 0.121368
vt 0.538174 0.686119
vt 0.290402 0.246219
vt 0.803902 0.081615
vt 0.803902 0.072192
vt 0.847169 0.081414
vt 0.871429 0.357801
vt 0.217329 0.444309
vt 0.014379 0.118690
vt 0.006385 0.129692
vt 0.004536 0.118941
vt 0.990765 0.470536
vt 0.997289 0.470536
vt 0.992237 0.479190
vt 0.475738 0.116790
vt 0.017803 0.323045
vt 0.004098 0.323045
vt 0.004676 0.316576
vt 0.365987 0.306001
vt 0.529228 0.183269
vt 0.897683 0.884807
vt 0.919542 0.817533
vt 0.939051 0.843618
vt 0.893344 0.069581
vt 0.889706 0.054193
vt 0.903770 0.055423
vt 0.316858 0.769064
vt 0.244388 0.619888
vt 0.244388 0.724064
vt 0.234457 0.627941
vt 0.619010 0.106605
vt 0.896584 0.888937
vt 0.762073 0.235659
vt 0.434313 0.057965
vt 0.417132 0.065977
vt 0.390475 0.059597
vt 0.690267 0.010676
vt 0.688031 0.016820
vt 0.688131 0.005580
vt 0.099403 0.029229
vt 0.091737 0.021008
vt 0.093263 0.012085
vt 0.809906 0.995374
vt 0.809906 0.991187
vt 0.842159 0.991553
vt 0.899001 0.914123
vt 0.455559 0.588165
vt 0.552546 0.685105
vt 0.871084 0.440510
vt 0.275466 0.999473
vt 0.280653 0.992065
vt 0.310398 0.998416
vt 0.736770 0.503953
vt 0.735413 0.573968
vt 0.731741 0.561441
vt 0.715754 0.115163
vt 0.751557 0.124757
vt 0.708273 0.122604
vt 0.370664 0.597590
vt 0.733770 0.821746
vt 0.444853 0.994485
vt 0.410299 0.994485
vt 0.438180 0.990583
vt 0.000553 0.470532
vt 0.010398 0.470532
vt 0.003221 0.480190
vt 0.215117 0.050302
vt 0.216424 0.057712
vt 0.174816 0.056294
vt 0.630149 0.080511
vt 0.935643 0.743003
vt 0.912578 0.738936
vt 0.959000 0.738331
vt 0.278889 0.773575
vt 0.556909 0.271833
vt 0.883601 0.917658
vt 0.928409 0.665011
vt 0.928609 0.705755
vt 0.921565 0.690552
vt 0.875573 0.051872
vt 0.346026 0.949333
vt 0.385184 0.949333
vt 0.373215 0.952111
vt 0.734649 0.977082
vt 0.009681 0.812224
vt 0.003552 0.795044
vt 0.013916 0.799190
vt 0.496645 0.993439
vt 0.480029 0.988144
vt 0.488879 0.988955
vt 0.923920 0.738175
vt 0.058424 0.290894
vt 0.065518 0.264418
vt 0.065358 0.301037
vt 0.847412 0.808972
vt 0.017835 0.788273
vt 0.005061 0.792423
vt 0.008829 0.787467
vt 0.269889 0.233124
vt 0.501313 0.252520
vt 0.002012 0.807955
vt 0.544821 0.046562
vt 0.538690 0.047643
vt 0.514412 0.045936
vt 0.730019 0.441764
vt 0.586694 0.136528
vt 0.533244 0.141204
vt 0.519329 0.135053
vt 0.224320 0.742275
vt 0.218189 0.743356
vt 0.220792 0.695474
vt 0.057683 0.132038
vt 0.057683 0.161641
vt 0.045851 0.147333
vt 0.926648 0.405678
vt 0.919158 0.378510
vt 0.926648 0.379236
vt 0.279132 0.772111
vt 0.559658 0.693634
vt 0.503520 0.978417
vt 0.466963 0.978417
vt 0.509643 0.975788
vt 0.222541 0.783869
vt 0.840667 0.919406
vt 0.835040 0.936725
vt 0.784022 0.918427
vt 0.919716 0.419252
vt 0.919047 0.452750
vt 0.274538 0.723031
vt 0.726941 0.577156
vt 0.405830 0.949231
vt 0.445838 0.949231
vt 0.417955 0.951217
vt 0.736385 0.119346
vt 0.679665 0.104148
vt 0.743929 0.104502
vt 0.012628 0.314878
vt 0.011187 0.298408
vt 0.012705 0.293882
vt 0.796390 0.107069
vt 0.809148 0.114434
vt 0.744859 0.111850
vt 0.149511 0.499885
vt 0.177777 0.504362
vt 0.185979 0.545909
vt 0.860790 0.069001
vt 0.875366 0.527855
vt 0.875366 0.606042
vt 0.872269 0.605123
vt 0.160125 0.327873
vt 0.127073 0.282381
vt 0.164615 0.283863
vt 0.217155 0.765869
vt 0.198259 0.725345
vt 0.217371 0.682115
vt 0.152570 0.005204
vt 0.149946 0.007523
vt 0.143635 0.004580
vt 0.650470 0.047236
vt 0.620311 0.047236
vt 0.636262 0.044850
vt 0.924710 0.753353
vt 0.955442 0.756042
vt 0.923005 0.820225
vt 0.287801 0.208656
vt 0.348334 0.233378
vt 0.295040 0.235671
vt 0.481654 0.641596
vt 0.007273 0.919422
vt 0.004071 0.923829
vt 0.001189 0.919377
vt 0.994976 0.755573
vt 0.989096 0.755573
vt 0.994278 0.752142
vt 0.137625 0.005520
vt 0.144584 0.008859
vt 0.120802 0.409306
vt 0.080101 0.438877
vt 0.074818 0.423015
vt 0.007958 0.851825
vt 0.006423 0.857981
vt 0.000504 0.856789
vt 0.028508 0.735742
vt 0.037694 0.735742
vt 0.035850 0.738125
vt 0.018900 0.024554
vt 0.016963 0.026863
vt 0.013455 0.024406
vt 0.352681 0.147290
vt 0.284452 0.147290
vt 0.304159 0.134940
vt 0.951746 0.938771
vt 0.966367 0.919368
vt 0.992505 0.927279
vt 0.572315 0.266120
vt 0.813541 0.017349
vt 0.813541 0.005548
vt 0.816126 0.011696
vt 0.568049 0.001640
vt 0.570881 0.000610
vt 0.572817 0.001879
vt 0.962667 0.502792
vt 0.941838 0.566895
vt 0.921853 0.557468
vt 0.624588 0.859821
vt 0.552189 0.862953
vt 0.551786 0.858340
vt 0.351950 0.204802
vt 0.927414 0.265280
vt 0.950138 0.242556
vt 0.950015 0.309958
vt 0.945504 0.145838
vt 0.909291 0.162725
vt 0.875800 0.144393
vt 0.572537 0.699980
vt 0.808652 0.106437
vt 0.744312 0.106437
vt 0.808700 0.100133
vt 0.661014 0.025452
vt 0.646283 0.045727
vt 0.627189 0.030706
vt 0.245000 0.619729
vt 0.253756 0.620495
vt 0.251033 0.723228
vt 0.997980 0.402566
vt 0.992563 0.402566
vt 0.996100 0.394348
vt 0.621633 0.247600
vt 0.189185 0.068506
vt 0.167496 0.064682
vt 0.205824 0.064396
vt 0.740240 0.627953
vt 0.947509 0.516320
vt 0.930199 0.541040
vt 0.930043 0.472399
vt 0.584214 0.250423
vt 0.031601 0.298780
vt 0.036094 0.315548
vt 0.031647 0.326407
vt 0.006001 0.605359
vt 0.007946 0.609175
vt 0.001014 0.607162
vt 0.021690 0.734435
vt 0.028231 0.737486
vt 0.019056 0.737939
vt 0.688463 0.124081
vt 0.956537 0.809374
vt 0.949495 0.518508
vt 0.928411 0.453618
vt 0.955611 0.464999
vt 0.004544 0.249182
vt 0.000160 0.249182
vt 0.006357 0.243103
vt 0.000114 0.243656
vt 0.866786 0.051592
vt 0.864750 0.048066
vt 0.866958 0.033027
vt 0.152325 0.973514
vt 0.106107 0.969471
vt 0.153724 0.966257
vt 0.005942 0.754772
vt 0.005942 0.759414
vt 0.001525 0.759219
vt 0.076635 0.513051
vt 0.056833 0.485796
vt 0.081046 0.475501
vt 0.578178 0.686450
vt 0.739516 0.237459
vt 0.745508 0.246016
vt 0.644980 0.241279
vt 0.871369 0.441058
vt 0.871369 0.523104
vt 0.861831 0.461952
vt 0.840863 0.779561
vt 0.974618 0.242461
vt 0.987131 0.243117
vt 0.989045 0.247833
vt 0.993611 0.662231
vt 0.995331 0.676246
vt 0.957879 0.663871
vt 0.819324 0.013221
vt 0.824213 0.026173
vt 0.814413 0.018675
vt 0.836909 0.211122
vt 0.905749 0.222164
vt 0.853978 0.226491
vt 0.615160 0.762441
vt 0.019409 0.261191
vt 0.008963 0.261191
vt 0.009249 0.257973
vt 0.000786 0.932446
vt 0.009733 0.932446
vt 0.000720 0.938136
vt 0.010775 0.913743
vt 0.002167 0.910946
vt 0.010191 0.901418
vt 0.745434 0.627066
vt 0.627732 0.001910
vt 0.619729 0.000499
vt 0.629151 0.000081
vt 0.954323 0.036184
vt 0.949467 0.031328
vt 0.975371 0.031013
vt 0.860576 0.285643
vt 0.085398 0.085489
vt 0.058455 0.089948
vt 0.058455 0.056259
vt 0.860328 0.177333
vt 0.925024 0.177333
vt 0.856810 0.188811
vt 0.641099 0.094623
vt 0.691186 0.099005
vt 0.631861 0.098611
vt 0.962945 0.921391
vt 0.949123 0.939734
vt 0.912117 0.939184
vt 0.014654 0.385459
vt 0.018785 0.388433
vt 0.019398 0.405979
vt 0.513997 0.988940
vt 0.741636 0.515431
vt 0.855782 0.180180
vt 0.242407 0.410395
vt 0.242406 0.511955
vt 0.237434 0.443494
vt 0.148921 0.074188
vt 0.174433 0.069689
vt 0.188063 0.076154
vt 0.540235 0.048906
vt 0.562883 0.042838
vt 0.571264 0.049248
vt 0.925807 0.186732
vt 0.712522 0.911046
vt 0.763834 0.918257
vt 0.763035 0.931164
vt 0.124813 0.518157
vt 0.078771 0.518157
vt 0.122307 0.466910
vt 0.285040 0.014397
vt 0.272451 0.014288
vt 0.279535 0.013915
vt 0.744733 0.360848
vt 0.818935 0.009168
vt 0.926099 0.197255
vt 0.644238 0.271862
vt 0.358781 0.358771
vt 0.353125 0.352030
vt 0.489085 0.354880
vt 0.929684 0.236803
vt 0.949019 0.823053
vt 0.816141 0.978863
vt 0.764247 0.978863
vt 0.779706 0.952945
vt 0.006250 0.898602
vt 0.035832 0.155060
vt 0.021411 0.152517
vt 0.032744 0.137762
vt 0.508868 0.239996
vt 0.605135 0.248418
vt 0.501883 0.251294
vt 0.112723 0.630428
vt 0.114881 0.614181
vt 0.117740 0.621737
vt 0.119282 0.296845
vt 0.103424 0.317889
vt 0.074845 0.310140
vt 0.240676 0.244636
vt 0.227049 0.321919
vt 0.195860 0.234079
vt 0.012834 0.579130
vt 0.007467 0.584135
vt 0.003094 0.582052
vt 0.045480 0.002706
vt 0.054009 0.008245
vt 0.040566 0.004560
vt 0.121159 0.955909
vt 0.167542 0.955909
vt 0.143322 0.962956
vt 0.030601 0.010082
vt 0.037316 0.016797
vt 0.020921 0.016628
vt 0.543873 0.877293
vt 0.471881 0.876557
vt 0.472312 0.871032
vt 0.291645 0.735349
vt 0.281835 0.723903
vt 0.316185 0.700894
vt 0.363767 0.235715
vt 0.579549 0.014415
vt 0.583438 0.008003
vt 0.589480 0.014045
vt 0.435317 0.003191
vt 0.435317 0.014729
vt 0.429293 0.010722
vt 0.284877 0.006509
vt 0.949244 0.007046
vt 0.965639 0.007046
vt 0.956318 0.009878
vt 0.009555 0.702561
vt 0.019187 0.703038
vt 0.016261 0.711078
vt 0.878799 0.274419
vt 0.197273 0.321828
vt 0.945034 0.237171
vt 0.942132 0.246529
vt 0.936894 0.235630
vt 0.375439 0.110036
vt 0.435910 0.110036
vt 0.409750 0.123911
vt 0.631873 0.275693
vt 0.634913 0.240938
vt 0.636512 0.350846
vt 0.248156 0.855620
vt 0.203194 0.847692
vt 0.277562 0.855539
vt 0.625808 0.339149
vt 0.211095 0.856021
vt 0.536353 0.295131
vt 0.414866 0.295131
vt 0.501000 0.254396
vt 0.278524 0.845743
vt 0.277685 0.831830
vt 0.204826 0.824315
vt 0.367594 0.233059
vt 0.484571 0.233059
vt 0.377449 0.267687
vt 0.200321 0.766677
vt 0.746155 0.346435
vt 0.746155 0.236516
vt 0.753596 0.348850
vt 0.641186 0.142733
vt 0.680237 0.135706
vt 0.708242 0.140644
vt 0.045294 0.842206
vt 0.037442 0.845982
vt 0.036822 0.841910
vt 0.733577 0.020174
vt 0.727283 0.022358
vt 0.724861 0.012003
vt 0.091578 0.290335
vt 0.113953 0.297175
vt 0.075694 0.307973
vt 0.531482 0.859055
vt 0.506719 0.862819
vt 0.449125 0.857781
vt 0.141605 0.941962
vt 0.194881 0.941962
vt 0.167616 0.945046
vt 0.765669 0.520796
vt 0.772329 0.444670
vt 0.774401 0.562797
vt 0.671210 0.042821
vt 0.700617 0.042821
vt 0.691964 0.045780
vt 0.081423 0.745176
vt 0.072781 0.808333
vt 0.077417 0.751116
vt 0.491021 0.020137
vt 0.514454 0.020137
vt 0.512590 0.023168
vt 0.010420 0.619507
vt 0.006221 0.618085
vt 0.008376 0.611037
vt 0.801179 0.015640
vt 0.800975 0.004161
vt 0.803804 0.008430
vt 0.388026 0.989147
vt 0.368422 0.994925
vt 0.353139 0.989362
vt 0.417057 0.952146
vt 0.377866 0.952146
vt 0.391823 0.950293
vt 0.589690 0.002509
vt 0.084338 0.052412
vt 0.524851 0.201817
vt 0.582665 0.201817
vt 0.604069 0.205849
vt 0.629114 0.353388
vt 0.104919 0.008258
vt 0.102543 0.008796
vt 0.090701 0.008796
vt 0.100581 0.005639
vt 0.000701 0.233540
vt 0.004789 0.230678
vt 0.009254 0.233732
vt 0.912335 0.007021
vt 0.912335 0.018862
vt 0.910462 0.011787
vt 0.965736 0.015533
vt 0.976046 0.012021
vt 0.974936 0.015854
vt 0.018123 0.738176
vt 0.009491 0.735371
vt 0.018384 0.734198
vt 0.004207 0.710938
vt 0.010097 0.196444
vt 0.018809 0.194908
vt 0.006474 0.203377
vt 0.360440 0.993408
vt 0.000244 0.542698
vt 0.009214 0.542698
vt 0.002307 0.547397
vt 0.243000 0.923639
vt 0.301052 0.920108
vt 0.298567 0.938528
vt 0.082584 0.467130
vt 0.640428 0.999320
vt 0.606958 0.999320
vt 0.622060 0.989729
vt 0.045561 0.010972
vt 0.050174 0.013123
vt 0.036738 0.014303
vt 0.958328 0.913568
vt 0.969172 0.905143
vt 0.995381 0.925619
vt 0.995830 0.532822
vt 0.997416 0.537703
vt 0.991135 0.538856
vt 0.953265 0.753736
vt 0.961618 0.753736
vt 0.958262 0.755970
vt 0.650751 0.135017
vt 0.995869 0.677714
vt 0.954853 0.677714
vt 0.957327 0.666736
vt 0.075276 0.218197
vt 0.096451 0.202240
vt 0.082674 0.246740
vt 0.385807 0.061427
vt 0.414567 0.066498
vt 0.370898 0.065336
vt 0.457957 0.979060
vt 0.435113 0.977061
vt 0.477282 0.975644
vt 0.012318 0.116749
vt 0.003112 0.116749
vt 0.003958 0.113216
vt 0.776919 0.168595
vt 0.705411 0.168595
vt 0.762977 0.159429
vt 0.021661 0.132148
vt 0.803782 0.015749
vt 0.081298 0.439728
vt 0.123282 0.409225
vt 0.122005 0.447918
vt 0.533759 0.206799
vt 0.613080 0.206799
vt 0.542579 0.211817
vt 0.535188 0.858793
vt 0.536440 0.864439
vt 0.563606 0.000017
vt 0.568300 0.000017
vt 0.565326 0.001974
vt 0.640157 0.001450
vt 0.645444 0.000033
vt 0.650037 0.001460
vt 0.493949 0.007124
vt 0.511145 0.007124
vt 0.493833 0.009800
vt 0.004585 0.194831
vt 0.002643 0.309229
vt 0.002863 0.296229
vt 0.009290 0.296229
vt 0.011126 0.469565
vt 0.015065 0.465626
vt 0.015256 0.486589
vt 0.995736 0.033671
vt 0.997794 0.021999
vt 0.997561 0.037235
vt 0.997451 0.516858
vt 0.991598 0.521110
vt 0.993208 0.514231
vt 0.872202 0.680135
vt 0.890366 0.700806
vt 0.872202 0.702316
vt 0.420414 0.691849
vt 0.418249 0.682964
vt 0.420747 0.688039
vt 0.011295 0.310043
vt 0.003517 0.610956
vt 0.532144 0.670604
vt 0.539670 0.666258
vt 0.533023 0.680406
vt 0.985759 0.906946
vt 0.346512 0.065875
vt 0.390173 0.067277
vt 0.362826 0.079565
vt 0.276861 0.069989
vt 0.292739 0.064761
vt 0.293334 0.076105
vt 0.752710 0.588224
vt 0.782498 0.602292
vt 0.809021 0.628010
vt 0.530523 0.856815
vt 0.185880 0.835941
vt 0.184261 0.817425
vt 0.217477 0.874086
vt 0.740447 0.498619
vt 0.741555 0.504005
vt 0.736899 0.496012
vt 0.822633 0.027253
vt 0.808030 0.026603
vt 0.812654 0.019172
vt 0.968473 0.756025
vt 0.960348 0.756025
vt 0.967470 0.753681
vt 0.089415 0.807549
vt 0.089287 0.848258
vt 0.083274 0.827637
vt 0.908587 0.080694
vt 0.938406 0.072704
vt 0.947560 0.081104
vt 0.042622 0.710591
vt 0.038513 0.704722
vt 0.041272 0.681644
vt 0.101831 0.781021
vt 0.108901 0.780798
vt 0.080493 0.795923
vt 0.505390 0.124922
vt 0.531689 0.120411
vt 0.542449 0.125428
vt 0.213444 0.906501
vt 0.244461 0.917790
vt 0.196146 0.916676
vt 0.432880 0.038390
vt 0.449844 0.041381
vt 0.423725 0.042745
vt 0.025167 0.388205
vt 0.983447 0.198616
vt 0.983447 0.201583
vt 0.972750 0.200528
vt 0.007726 0.558496
vt 0.005299 0.561962
vt 0.000238 0.558910
vt 0.339659 0.043157
vt 0.369152 0.042914
vt 0.350584 0.048251
vt 0.727310 0.048068
vt 0.744283 0.043520
vt 0.756513 0.047776
vt 0.356956 0.048674
vt 0.106373 0.851486
vt 0.007265 0.027401
vt 0.004693 0.035317
vt 0.000201 0.027573
vt 0.430487 0.023382
vt 0.407244 0.023382
vt 0.427465 0.020421
vt 0.811593 0.012071
vt 0.368295 0.015505
vt 0.385535 0.022823
vt 0.363096 0.017004
vt 0.926162 0.242521
vt 0.922585 0.247321
vt 0.920147 0.237889
vt 0.015274 0.443724
vt 0.015274 0.464688
vt 0.012601 0.464516
vt 0.528424 0.862616
vt 0.512952 0.117479
vt 0.804150 0.610662
vt 0.984966 0.138688
vt 0.974218 0.138688
vt 0.978140 0.135578
vt 0.055967 0.091411
vt 0.049419 0.089187
vt 0.050510 0.080302
vt 0.033450 0.010585
vt 0.011593 0.455729
vt 0.011593 0.434764
vt 0.015286 0.438934
vt 0.199054 0.015193
vt 0.189308 0.020820
vt 0.177750 0.015019
vt 0.036466 0.798009
vt 0.036466 0.777572
vt 0.038198 0.805305
vt 0.048708 0.066806
vt 0.046489 0.073972
vt 0.219417 0.867199
vt 0.224591 0.888340
vt 0.215757 0.896295
vt 0.383177 0.080466
vt 0.059037 0.094468
vt 0.005967 0.643688
vt 0.005967 0.648497
vt 0.002993 0.645775
vt 0.321446 0.066929
vt 0.245426 0.937742
vt 0.028603 0.847365
vt 0.030681 0.871126
vt 0.028552 0.873392
vt 0.306835 0.753471
vt 0.345034 0.722134
vt 0.550093 0.666731
vt 0.014977 0.115929
vt 0.014977 0.094624
vt 0.032808 0.107484
vt 0.730206 0.491864
vt 0.728558 0.488656
vt 0.953437 0.335307
vt 0.952460 0.305796
vt 0.956000 0.302257
vt 0.093686 0.464013
vt 0.113502 0.462639
vt 0.125328 0.464724
vt 0.958521 0.066926
vt 0.972896 0.069461
vt 0.953933 0.069162
vt 0.672539 0.967402
vt 0.700913 0.962399
vt 0.725172 0.969408
vt 0.117401 0.459616
vt 0.181598 0.437467
vt 0.174798 0.427756
vt 0.177932 0.371891
vt 0.765649 0.576651
vt 0.003009 0.850193
vt 0.007942 0.850193
vt 0.003341 0.853142
vt 0.734177 0.503084
vt 0.956246 0.391424
vt 0.995969 0.391424
vt 0.990620 0.403499
vt 0.961656 0.342380
vt 0.952732 0.336131
vt 0.982560 0.335570
vt 0.055918 0.616948
vt 0.061704 0.634428
vt 0.056462 0.646776
vt 0.009056 0.673188
vt 0.012852 0.681715
vt 0.002081 0.673352
vt 0.012313 0.282832
vt 0.007564 0.294453
vt 0.000337 0.292104
vt 0.000131 0.278469
vt 0.760456 0.576933
vt 0.351461 0.174862
vt 0.384411 0.184221
vt 0.355531 0.186045
vt 0.896946 0.002736
vt 0.893385 0.005770
vt 0.883542 0.005770
vt 0.885013 0.002692
vt 0.004811 0.037845
vt 0.006257 0.042294
vt 0.000214 0.040798
vt 0.971695 0.006593
vt 0.974428 0.011326
vt 0.958873 0.010388
vt 0.711018 0.484901
vt 0.708867 0.479781
vt 0.962985 0.305642
vt 0.933549 0.038882
vt 0.945003 0.040491
vt 0.928419 0.048492
vt 0.174972 0.399089
vt 0.164612 0.382296
vt 0.172963 0.370370
vt 0.063661 0.608007
vt 0.040934 0.624519
vt 0.039375 0.592504
vt 0.039969 0.199223
vt 0.032406 0.198484
vt 0.035263 0.190632
vt 0.060639 0.040773
vt 0.033935 0.040773
vt 0.053860 0.031402
vt 0.010889 0.814274
vt 0.001555 0.814274
vt 0.001772 0.809419
vt 0.442362 0.048595
vt 0.412790 0.048595
vt 0.429515 0.046975
vt 0.983138 0.196806
vt 0.993467 0.196806
vt 0.986152 0.200904
vt 0.477170 0.004984
vt 0.477170 0.016917
vt 0.473551 0.010050
vt 0.018797 0.931101
vt 0.004598 0.926488
vt 0.008209 0.920069
vt 0.115335 0.782429
vt 0.096158 0.772501
vt 0.115390 0.731259
vt 0.006095 0.931582
vt 0.005015 0.928050
vt 0.013899 0.930793
vt 0.923768 0.260175
vt 0.069949 0.212383
vt 0.069949 0.247194
vt 0.066935 0.210248
vt 0.983991 0.012977
vt 0.025886 0.845994
vt 0.057572 0.174451
vt 0.057572 0.194313
vt 0.047768 0.175327
vt 0.730124 0.029449
vt 0.865837 0.816519
vt 0.870831 0.805809
vt 0.888229 0.838886
vt 0.006442 0.684521
vt 0.006442 0.692283
vt 0.001024 0.685232
vt 0.963431 0.331097
vt 0.880622 0.995690
vt 0.912310 0.995690
vt 0.888076 0.997342
vt 0.955988 0.288884
vt 0.965554 0.301881
vt 0.032041 0.613966
vt 0.047103 0.634696
vt 0.035164 0.641883
vt 0.619678 0.001888
vt 0.610288 0.001888
vt 0.617132 0.000103
vt 0.775702 0.048345
vt 0.801151 0.043858
vt 0.804686 0.049224
vt 0.145957 0.265696
vt 0.120602 0.258902
vt 0.148504 0.259797
vt 0.127291 0.014157
vt 0.127291 0.033131
vt 0.114122 0.015149
vt 0.994968 0.964675
vt 0.997392 0.972135
vt 0.986680 0.974101
vt 0.096632 0.734114
vt 0.120136 0.266732
vt 0.233165 0.888866
vt 0.230242 0.965663
vt 0.250624 0.973081
vt 0.221033 0.966947
vt 0.909175 0.846526
vt 0.492695 0.062037
vt 0.448072 0.062037
vt 0.482694 0.058421
vt 0.021090 0.322804
vt 0.008198 0.316792
vt 0.025152 0.316320
vt 0.048124 0.191873
vt 0.027767 0.478003
vt 0.026778 0.481697
vt 0.026489 0.457078
vt 0.955105 0.056191
vt 0.743231 0.004103
vt 0.749005 0.002555
vt 0.742782 0.013871
vt 0.135309 0.043990
vt 0.151099 0.049737
vt 0.122172 0.051083
vt 0.009671 0.626396
vt 0.018830 0.639003
vt 0.007551 0.642394
vt 0.744699 0.582683
vt 0.150096 0.337074
vt 0.150096 0.393140
vt 0.126161 0.383993
vt 0.536047 0.658568
vt 0.270689 0.020855
vt 0.268520 0.015486
vt 0.289967 0.022344
vt 0.109661 0.360942
vt 0.152658 0.329703
vt 0.124516 0.381596
vt 0.357346 0.937095
vt 0.299697 0.937095
vt 0.302823 0.924528
vt 0.366874 0.231552
vt 0.398801 0.209197
vt 0.444475 0.232316
vt 0.666317 0.953792
vt 0.662494 0.968059
vt 0.613922 0.955995
vt 0.922475 0.253047
vt 0.607995 0.004107
vt 0.609194 0.013877
vt 0.604345 0.015305
vt 0.995833 0.858927
vt 0.966835 0.858927
vt 0.993711 0.851376
vt 0.609796 0.012872
vt 0.613147 0.002558
vt 0.617680 0.005758
vt 0.151546 0.390239
vt 0.151061 0.338097
vt 0.005030 0.430428
vt 0.013917 0.430117
vt 0.014383 0.433497
vt 0.991132 0.522276
vt 0.998009 0.527273
vt 0.990045 0.537953
vt 0.057116 0.204345
vt 0.096376 0.618187
vt 0.063903 0.618187
vt 0.065318 0.600827
vt 0.210009 0.029811
vt 0.184217 0.029811
vt 0.196078 0.026933
vt 0.313289 0.671616
vt 0.070576 0.650349
vt 0.126849 0.034736
vt 0.100627 0.034736
vt 0.115519 0.032462
vt 0.120915 0.894714
vt 0.133785 0.902971
vt 0.141724 0.947994
vt 0.223370 0.896710
vt 0.086939 0.626547
vt 0.965732 0.290188
vt 0.997485 0.279355
vt 0.990401 0.284501
vt 0.990071 0.278963
vt 0.805647 0.603867
vt 0.167569 0.259382
vt 0.174206 0.337596
vt 0.046738 0.200912
vt 0.045799 0.174707
vt 0.725549 0.030307
vt 0.061238 0.353137
vt 0.080078 0.379068
vt 0.055811 0.377120
vt 0.748953 0.013600
vt 0.005261 0.043949
vt 0.007915 0.052119
vt 0.000547 0.045859
vt 0.937224 0.378360
vt 0.949716 0.392234
vt 0.927337 0.393672
vt 0.650892 0.000240
vt 0.659276 0.000240
vt 0.650146 0.008798
vt 0.116264 0.577138
vt 0.395119 0.741750
vt 0.909600 0.761752
vt 0.923152 0.771950
vt 0.919757 0.810763
vt 0.037709 0.735041
vt 0.025155 0.735041
vt 0.037709 0.710952
vt 0.047455 0.202829
vt 0.045207 0.944969
vt 0.045207 0.971407
vt 0.034435 0.960217
vt 0.642072 0.671697
vt 0.353900 0.205404
vt 0.050534 0.472335
vt 0.048316 0.497697
vt 0.048022 0.466464
vt 0.182224 0.896861
vt 0.405516 0.921309
vt 0.349586 0.921309
vt 0.362069 0.918910
vt 0.935385 0.399477
vt 0.661327 0.927329
vt 0.665850 0.925929
vt 0.665475 0.930219
vt 0.039524 0.174936
vt 0.397298 0.017043
vt 0.420522 0.017043
vt 0.401003 0.023276
vt 0.546713 0.877921
vt 0.546497 0.870140
vt 0.618492 0.870140
vt 0.055222 0.616387
vt 0.055222 0.645932
vt 0.043832 0.624416
vt 0.263443 0.020632
vt 0.275014 0.022673
vt 0.252612 0.022411
vt 0.644793 0.928071
vt 0.404732 0.202827
vt 0.476303 0.226082
vt 0.446649 0.232215
vt 0.622389 0.928053
vt 0.319754 0.950959
vt 0.338481 0.949320
vt 0.358694 0.952123
vt 0.025008 0.710991
vt 0.676765 0.927171
vt 0.041742 0.044515
vt 0.033795 0.068974
vt 0.028442 0.045335
vt 0.032220 0.249110
vt 0.019547 0.253228
vt 0.021266 0.230097
vt 0.805533 0.045737
vt 0.792635 0.027985
vt 0.824090 0.027931
vt 0.810801 0.601331
vt 0.328294 0.701463
vt 0.057448 0.408622
vt 0.062517 0.388292
vt 0.082921 0.390169
vt 0.993412 0.335108
vt 0.991247 0.338859
vt 0.983193 0.335233
vt 0.054701 0.523082
vt 0.048960 0.514662
vt 0.055072 0.491850
vt 0.049328 0.496002
vt 0.973587 0.587508
vt 0.973587 0.589694
vt 0.969669 0.589295
vt 0.069909 0.362938
vt 0.063785 0.353775
vt 0.080068 0.340111
vt 0.967400 0.314827
vt 0.023918 0.762764
vt 0.036619 0.739842
vt 0.036809 0.763892
vt 0.261793 0.909706
vt 0.244611 0.911407
vt 0.425575 0.920028
vt 0.427417 0.925089
vt 0.371487 0.925169
vt 0.593374 0.048426
vt 0.605732 0.043928
vt 0.623650 0.049153
vt 0.967121 0.581165
vt 0.961925 0.581165
vt 0.964903 0.567167
vt 0.109522 0.840008
vt 0.109522 0.785677
vt 0.110986 0.815926
vt 0.624821 0.020081
vt 0.637272 0.018992
vt 0.648947 0.020331
vt 0.579371 0.017698
vt 0.575432 0.017698
vt 0.575525 0.005199
vt 0.808372 0.020311
vt 0.808372 0.008559
vt 0.810344 0.009504
vt 0.660954 0.009217
vt 0.074162 0.053174
vt 0.061719 0.037010
vt 0.082411 0.031465
vt 0.079706 0.373179
vt 0.008145 0.620258
vt 0.019696 0.620258
vt 0.019730 0.638080
vt 0.055468 0.031445
vt 0.034596 0.184378
vt 0.723906 0.456745
vt 0.979733 0.140027
vt 0.995828 0.149753
vt 0.995828 0.181836
vt 0.574246 0.003552
vt 0.574246 0.014368
vt 0.564629 0.004551
vt 0.329175 0.295301
vt 0.332976 0.295522
vt 0.332976 0.425456
vt 0.032861 0.174399
vt 0.661709 0.015009
vt 0.684732 0.036440
vt 0.661709 0.039247
vt 0.885581 0.758392
vt 0.683102 0.016116
vt 0.927428 0.426470
vt 0.118605 0.946808
vt 0.231662 0.211806
vt 0.287002 0.231948
vt 0.211753 0.232835
vt 0.202606 0.966600
vt 0.828697 0.855447
vt 0.804692 0.830560
vt 0.824163 0.845113
vt 0.754728 0.022624
vt 0.767920 0.022624
vt 0.763750 0.042583
vt 0.012718 0.274798
vt 0.013309 0.281202
vt 0.010583 0.281202
vt 0.011265 0.261854
vt 0.198328 0.051089
vt 0.198328 0.040997
vt 0.225763 0.048170
vt 0.109009 0.784979
vt 0.109009 0.834733
vt 0.099055 0.789711
vt 0.053563 0.100751
vt 0.044800 0.127721
vt 0.038522 0.105040
vt 0.845686 0.992567
vt 0.851094 0.997975
vt 0.818891 0.995666
vt 0.202338 0.975104
vt 0.761263 0.575951
vt 0.745330 0.573601
vt 0.761905 0.572385
vt 0.696043 0.149686
vt 0.734992 0.150668
vt 0.744135 0.161565
vt 0.030730 0.298366
vt 0.030730 0.320350
vt 0.022530 0.300040
vt 0.921029 0.270740
vt 0.899595 0.035870
vt 0.927185 0.035870
vt 0.915099 0.054225
vt 0.264310 0.208678
vt 0.532329 0.868719
vt 0.032014 0.622732
vt 0.033327 0.637740
vt 0.020489 0.615249
vt 0.807813 0.828067
vt 0.827531 0.844790
vt 0.289762 0.903334
vt 0.909672 0.834067
vt 0.958028 0.059101
vt 0.932145 0.063701
vt 0.937127 0.052310
vt 0.751204 0.915312
vt 0.699851 0.906257
vt 0.775012 0.902508
vt 0.089819 0.805069
vt 0.101364 0.805472
vt 0.108787 0.850979
vt 0.459290 0.952202
vt 0.417763 0.952202
vt 0.454305 0.950736
vt 0.742544 0.470519
vt 0.944070 0.066157
vt 0.449813 0.070639
vt 0.405837 0.070639
vt 0.445945 0.058281
vt 0.019658 0.066438
vt 0.026451 0.045530
vt 0.032607 0.068955
vt 0.943139 0.301032
vt 0.879513 0.290277
vt 0.936538 0.292885
vt 0.537587 0.865446
vt 0.036816 0.107027
vt 0.044088 0.129409
vt 0.026096 0.112800
vt 0.916536 0.055232
vt 0.673808 0.147046
vt 0.928248 0.567806
vt 0.388665 0.206004
vt 0.385533 0.211862
vt 0.882207 0.794010
vt 0.945720 0.303942
vt 0.367163 0.032778
vt 0.363220 0.042068
vt 0.343744 0.025627
vt 0.005519 0.355048
vt 0.006891 0.349856
vt 0.019143 0.344143
vt 0.020838 0.355210
vt 0.672426 0.160118
vt 0.601343 0.160118
vt 0.672079 0.152475
vt 0.339656 0.037369
vt 0.826546 0.018104
vt 0.831556 0.036803
vt 0.825985 0.038641
vt 0.305253 0.873215
vt 0.392109 0.873215
vt 0.362847 0.877905
vt 0.768286 0.570199
vt 0.024001 0.739901
vt 0.000095 0.342363
vt 0.009184 0.336454
vt 0.010358 0.342363
vt 0.055541 0.215209
vt 0.046437 0.243229
vt 0.044011 0.219859
vt 0.994168 0.003717
vt 0.997930 0.015297
vt 0.989128 0.015695
vt 0.932614 0.447922
vt 0.925363 0.580361
vt 0.004969 0.354871
vt 0.004548 0.344556
vt 0.509385 0.101174
vt 0.522033 0.099409
vt 0.544121 0.101341
vt 0.536928 0.916950
vt 0.505094 0.916215
vt 0.487882 0.911603
vt 0.845147 0.035744
vt 0.839730 0.027687
vt 0.845147 0.026825
vt 0.366781 0.710580
vt 0.376768 0.725228
vt 0.585586 0.975258
vt 0.634922 0.975258
vt 0.615762 0.977455
vt 0.003711 0.336085
vt 0.388410 0.046864
vt 0.417962 0.046864
vt 0.400359 0.049204
vt 0.020431 0.638111
vt 0.012810 0.466008
vt 0.008893 0.468277
vt 0.004755 0.468060
vt 0.828669 0.963565
vt 0.821374 0.961708
vt 0.822013 0.954405
vt 0.672988 0.161308
vt 0.010195 0.007002
vt 0.002022 0.007430
vt 0.010920 0.004019
vt 0.006644 0.044394
vt 0.023719 0.044394
vt 0.009618 0.052171
vt 0.003119 0.462534
vt 0.457675 0.877508
vt 0.000057 0.517577
vt 0.007127 0.514280
vt 0.008902 0.517479
vt 0.968804 0.753780
vt 0.975945 0.753780
vt 0.970485 0.755926
vt 0.386706 0.999857
vt 0.351970 0.999857
vt 0.369458 0.998152
vt 0.338128 0.310739
vt 0.881361 0.996850
vt 0.854388 0.996850
vt 0.849351 0.994689
vt 0.040575 0.776325
vt 0.038750 0.797188
vt 0.037075 0.769263
vt 0.005884 0.021349
vt 0.000177 0.013494
vt 0.010276 0.016539
vt 0.805232 0.840230
vt 0.006426 0.103094
vt 0.006426 0.108952
vt 0.000045 0.103324
vt 0.909700 0.266530
vt 0.000615 0.951658
vt 0.009694 0.949910
vt 0.009838 0.954051
vt 0.901571 0.278103
vt 0.195122 0.233628
vt 0.195122 0.305944
vt 0.183674 0.303783
vt 0.020283 0.086994
vt 0.005600 0.086994
vt 0.006444 0.078760
vt 0.804561 0.844160
vt 0.794228 0.839190
vt 0.845686 0.017019
vt 0.005879 0.394470
vt 0.005879 0.399955
vt 0.000592 0.397663
vt 0.004303 0.946895
vt 0.984713 0.465441
vt 0.992393 0.465091
vt 0.991232 0.469205
vt 0.974897 0.182521
vt 0.843736 0.003646
vt 0.857608 0.003646
vt 0.851113 0.005811
vt 0.457621 0.869133
vt 0.537184 0.856804
vt 0.906255 0.769701
vt 0.803414 0.016709
vt 0.807261 0.027277
vt 0.795322 0.024680
vt 0.787830 0.015658
vt 0.790723 0.023898
vt 0.790152 0.028643
vt 0.787665 0.019972
vt 0.787065 0.023950
vt 0.480946 0.121980
vt 0.776535 0.993620
vt 0.809329 0.993620
vt 0.792883 0.997918
vt 0.859515 0.011538
vt 0.860297 0.006604
vt 0.861506 0.024257
vt 0.852282 0.012030
vt 0.245010 0.013821
vt 0.245010 0.002605
vt 0.249764 0.009500
vt 0.860097 0.018808
vt 0.009945 0.165943
vt 0.004996 0.163318
vt 0.011075 0.154951
vt 0.016905 0.171081
vt 0.478856 0.009060
vt 0.480580 0.002626
vt 0.479855 0.015260
vt 0.493269 0.003184
vt 0.492746 0.015791
vt 0.003507 0.270988
vt 0.008270 0.277544
vt 0.000192 0.275523
vt 0.023595 0.129692
vt 0.024409 0.126655
vt 0.042109 0.129537
vt 0.867163 0.032154
vt 0.867163 0.013640
vt 0.875993 0.020525
vt 0.020191 0.158823
vt 0.026151 0.177165
vt 0.012674 0.165149
vt 0.006480 0.644074
vt 0.023516 0.656901
vt 0.006480 0.656527
vt 0.998363 0.468442
vt 0.009576 0.850487
vt 0.008620 0.832250
vt 0.026223 0.844491
vt 0.658598 0.566812
vt 0.655129 0.564810
vt 0.659456 0.427713
vt 0.814412 0.953271
vt 0.815012 0.950325
vt 0.800231 0.002649
vt 0.792601 0.010850
vt 0.793019 0.006813
vt 0.792936 0.015154
vt 0.799936 0.015270
vt 0.562112 0.912377
vt 0.563024 0.901958
vt 0.635001 0.906780
vt 0.522686 0.094969
vt 0.550203 0.098144
vt 0.089022 0.008785
vt 0.079282 0.003161
vt 0.093440 0.003352
vt 0.957880 0.145922
vt 0.814332 0.963066
vt 0.070830 0.008725
vt 0.074296 0.002723
vt 0.084969 0.007958
vt 0.424547 0.176483
vt 0.757030 0.844283
vt 0.010946 0.389100
vt 0.001498 0.389100
vt 0.004794 0.385415
vt 0.554867 0.117518
vt 0.572438 0.117518
vt 0.538138 0.121947
vt 0.014202 0.109892
vt 0.007202 0.109892
vt 0.014187 0.094272
vt 0.911543 0.268488
vt 0.570805 0.124843
vt 0.007256 0.094190
vt 0.697940 0.477562
vt 0.372385 0.042964
vt 0.402130 0.042964
vt 0.388420 0.045140
vt 0.023884 0.639266
vt 0.526869 0.016707
vt 0.526869 0.004819
vt 0.535131 0.015893
vt 0.542570 0.004604
vt 0.539812 0.017297
vt 0.995819 0.906145
vt 0.995819 0.923186
vt 0.986760 0.906083
vt 0.542818 0.017226
vt 0.026382 0.451187
vt 0.027863 0.434253
vt 0.027874 0.458729
vt 0.823997 0.783677
vt 0.827759 0.998293
vt 0.795437 0.998293
vt 0.816443 0.996232
vt 0.963405 0.182378
vt 0.026862 0.582088
vt 0.026862 0.606564
vt 0.021918 0.595048
vt 0.814869 0.803204
vt 0.346917 0.074136
vt 0.347343 0.079004
vt 0.342622 0.072453
vt 0.389249 0.187232
vt 0.765001 0.851693
vt 0.390916 0.212893
vt 0.345317 0.065989
vt 0.429956 0.092502
vt 0.429718 0.089368
vt 0.448930 0.087687
vt 0.020487 0.828458
vt 0.014253 0.389252
vt 0.015318 0.393227
vt 0.002104 0.392324
vt 0.023704 0.764343
vt 0.006676 0.764343
vt 0.006659 0.755319
vt 0.487750 0.915025
vt 0.729581 0.458177
vt 0.939292 0.011200
vt 0.945028 0.007183
vt 0.956676 0.011234
vt 0.016667 0.950219
vt 0.010686 0.931812
vt 0.020175 0.932297
vt 0.800643 0.962830
vt 0.894990 0.273608
vt 0.553973 0.091863
vt 0.537073 0.092945
vt 0.537073 0.087742
vt 0.203651 0.027733
vt 0.217480 0.026523
vt 0.229400 0.026877
vt 0.622659 0.014278
vt 0.610790 0.014278
vt 0.620374 0.005135
vt 0.676570 0.472229
vt 0.713964 0.368568
vt 0.016951 0.004100
vt 0.030834 0.004100
vt 0.028783 0.007846
vt 0.794735 0.951852
vt 0.330231 0.075884
vt 0.887289 0.923165
vt 0.847708 0.937383
vt 0.879163 0.915038
vt 0.424229 0.181935
vt 0.336607 0.062392
vt 0.375190 0.062392
vt 0.373461 0.063542
vt 0.010436 0.502312
vt 0.004954 0.506150
vt 0.001012 0.502407
vt 0.327265 0.065346
vt 0.057704 0.424243
vt 0.058196 0.428329
vt 0.054048 0.427966
vt 0.802826 0.965981
vt 0.249746 0.177753
vt 0.195252 0.229436
vt 0.235315 0.178762
vt 0.010256 0.202450
vt 0.010058 0.209448
vt 0.009104 0.214854
vt 0.895016 0.269146
vt 0.018128 0.214892
vt 0.017459 0.209721
vt 0.018273 0.197254
vt 0.017494 0.202421
vt 0.807503 0.023868
vt 0.805015 0.017033
vt 0.807728 0.010975
vt 0.010288 0.202404
vt 0.955495 0.022057
vt 0.938593 0.028798
vt 0.939181 0.011974
vt 0.952764 0.013638
vt 0.912223 0.023031
vt 0.893153 0.023426
vt 0.910206 0.015503
vt 0.895010 0.015118
vt 0.945569 0.030833
vt 0.901063 0.030676
vt 0.934998 0.018659
vt 0.210389 0.232402
vt 0.208270 0.228259
vt 0.002188 0.012667
vt 0.009521 0.008085
vt 0.015233 0.016803
vt 0.016823 0.994347
vt 0.007579 0.987662
vt 0.012510 0.979770
vt 0.295129 0.014292
vt 0.285758 0.014292
vt 0.288837 0.002632
vt 0.013917 0.026786
vt 0.008482 0.026786
vt 0.011548 0.024484
vt 0.574952 0.124472
vt 0.757774 0.003090
vt 0.764874 0.012838
vt 0.760028 0.010948
vt 0.031238 0.815527
vt 0.014058 0.821109
vt 0.018953 0.816615
vt 0.058660 0.014125
vt 0.039897 0.020221
vt 0.041748 0.014984
vt 0.085071 0.013211
vt 0.076754 0.010184
vt 0.093978 0.010299
vt 0.023908 0.253926
vt 0.031113 0.253926
vt 0.024132 0.259619
vt 0.189841 0.995208
vt 0.215833 0.995208
vt 0.190431 0.999815
vt 0.553158 0.094279
vt 0.205024 0.182157
vt 0.009968 0.487099
vt 0.004101 0.481233
vt 0.010334 0.473577
vt 0.765810 0.014644
vt 0.763927 0.021670
vt 0.758313 0.012517
vt 0.481460 0.917168
vt 0.895767 0.278419
vt 0.489234 0.023292
vt 0.484254 0.016947
vt 0.491046 0.016529
vt 0.483804 0.021565
vt 0.896141 0.278614
vt 0.754193 0.443550
vt 0.770446 0.451129
vt 0.760778 0.563917
vt 0.444461 0.023350
vt 0.437683 0.022757
vt 0.443791 0.015973
vt 0.027770 0.489436
vt 0.022289 0.493274
vt 0.022006 0.467900
vt 0.024798 0.467303
vt 0.021494 0.467303
vt 0.023521 0.442602
vt 0.005078 0.981701
vt 0.634050 0.014393
vt 0.623292 0.014393
vt 0.631729 0.002531
vt 0.020752 0.956819
vt 0.014589 0.960670
vt 0.020409 0.942267
vt 0.750147 0.013989
vt 0.752205 0.021127
vt 0.027337 0.374384
vt 0.025749 0.385681
vt 0.020676 0.373837
vt 0.768519 0.021829
vt 0.160568 0.081385
vt 0.125517 0.075924
vt 0.160568 0.075907
vt 0.872629 0.027708
vt 0.881348 0.018989
vt 0.891930 0.027801
vt 0.749810 0.012503
vt 0.527495 0.688697
vt 0.010777 0.448327
vt 0.003160 0.446286
vt 0.010616 0.436046
vt 0.318502 0.022814
vt 0.295734 0.015526
vt 0.318502 0.015514
vt 0.020898 0.068294
vt 0.020471 0.085514
vt 0.009963 0.079229
vt 0.000124 0.496256
vt 0.010252 0.488335
vt 0.010329 0.499572
vt 0.568266 0.098940
vt 0.215089 0.008474
vt 0.223030 0.016414
vt 0.211209 0.016051
vt 0.032332 0.423836
vt 0.536455 0.017515
vt 0.537872 0.022803
vt 0.514393 0.022725
vt 0.244951 0.017456
vt 0.267245 0.017456
vt 0.245810 0.022863
vt 0.005099 0.753574
vt 0.002049 0.744186
vt 0.012884 0.746801
vt 0.003384 0.434202
vt 0.864932 0.917658
vt 0.784644 0.917658
vt 0.852710 0.896180
vt 0.189740 0.076699
vt 0.225944 0.070316
vt 0.231365 0.077519
vt 0.023143 0.276092
vt 0.670639 0.014781
vt 0.674435 0.003100
vt 0.679286 0.014819
vt 0.421144 0.017413
vt 0.945800 0.998314
vt 0.948497 0.988247
vt 0.958027 0.997665
vt 0.467640 0.018242
vt 0.014002 0.384319
vt 0.013906 0.069315
vt 0.003459 0.486491
vt 0.269866 0.064755
vt 0.281539 0.076429
vt 0.238620 0.077106
vt 0.226322 0.008796
vt 0.995874 0.767205
vt 0.989193 0.769505
vt 0.994855 0.762103
vt 0.031898 0.428083
vt 0.993358 0.497100
vt 0.968315 0.488963
vt 0.992983 0.490432
vt 0.030797 0.368924
vt 0.777105 0.949898
vt 0.408461 0.966098
vt 0.367580 0.973973
vt 0.371765 0.969309
vt 0.179910 0.637143
vt 0.193897 0.612916
vt 0.194903 0.675784
vt 0.996012 0.750921
vt 0.981589 0.750921
vt 0.993044 0.719462
vt 0.295832 0.021788
vt 0.030547 0.276686
vt 0.596684 0.116571
vt 0.089702 0.034345
vt 0.083298 0.031359
vt 0.109833 0.032262
vt 0.065875 0.686065
vt 0.095926 0.695830
vt 0.063855 0.697210
vt 0.777813 0.212703
vt 0.702506 0.206114
vt 0.782312 0.204635
vt 0.054251 0.600626
vt 0.050848 0.593326
vt 0.080561 0.599394
vt 0.122160 0.081330
vt 0.303727 0.077191
vt 0.431033 0.055622
vt 0.387989 0.055622
vt 0.431324 0.050175
vt 0.873593 0.278242
vt 0.417771 0.049903
vt 0.738749 0.853906
vt 0.977048 0.989180
vt 0.787817 0.158630
vt 0.719279 0.146545
vt 0.790427 0.146497
vt 0.455606 0.912591
vt 0.727642 0.903278
vt 0.642691 0.903278
vt 0.692764 0.894134
vt 0.427765 0.207468
vt 0.444250 0.145945
vt 0.447297 0.215429
vt 0.745456 0.636431
vt 0.711892 0.601485
vt 0.700009 0.576532
vt 0.197552 0.051129
vt 0.160425 0.057676
vt 0.156356 0.049841
vt 0.066464 0.162510
vt 0.059325 0.168500
vt 0.039559 0.164153
vt 0.748325 0.213483
vt 0.901421 0.938620
vt 0.809385 0.529282
vt 0.943253 0.589946
vt 0.928420 0.591244
vt 0.923845 0.588946
vt 0.574843 0.074343
vt 0.535112 0.084989
vt 0.530184 0.073797
vt 0.505261 0.090314
vt 0.989542 0.586653
vt 0.981670 0.544578
vt 0.998409 0.539778
vt 0.953689 0.666564
vt 0.928960 0.734137
vt 0.930876 0.664568
vt 0.599741 0.120976
vt 0.642557 0.989740
vt 0.668851 0.991268
vt 0.655842 0.992083
vt 0.348839 0.947163
vt 0.295761 0.947163
vt 0.305213 0.940344
vt 0.258746 0.057047
vt 0.217113 0.057047
vt 0.220345 0.049971
vt 0.051270 0.331541
vt 0.073639 0.331541
vt 0.051649 0.337224
vt 0.634700 0.826825
vt 0.657101 0.811531
vt 0.661282 0.820739
vt 0.080170 0.593003
vt 0.274103 0.104060
vt 0.332823 0.104060
vt 0.273448 0.121791
vt 0.479191 0.091265
vt 0.401886 0.398517
vt 0.470960 0.378502
vt 0.436923 0.402022
vt 0.414480 0.406802
vt 0.369635 0.395803
vt 0.388299 0.401803
vt 0.477239 0.427029
vt 0.518535 0.386811
vt 0.489220 0.487601
vt 0.368972 0.398724
vt 0.964259 0.556120
vt 0.616905 0.049815
vt 0.662856 0.050028
vt 0.662856 0.072962
vt 0.616885 0.073131
vt 0.350268 0.355528
vt 0.443753 0.320168
vt 0.491245 0.332893
vt 0.360423 0.328622
vt 0.030639 0.872725
vt 0.030639 0.898803
vt 0.029590 0.879398
vt 0.757236 0.049939
vt 0.803242 0.049933
vt 0.803242 0.095851
vt 0.849476 0.826314
vt 0.858420 0.895161
vt 0.844210 0.886503
vt 0.841021 0.895862
vt 0.856760 0.812506
vt 0.010403 0.503963
vt 0.010403 0.517441
vt 0.005027 0.507924
vt 0.485560 0.100359
vt 0.461432 0.098248
vt 0.520151 0.098563
vt 0.359613 0.104170
vt 0.391380 0.118983
vt 0.332575 0.124795
vt 0.721870 0.040015
vt 0.736533 0.042600
vt 0.710455 0.042614
vt 0.721452 0.014121
vt 0.712429 0.014278
vt 0.721618 0.007125
vt 0.371552 0.911108
vt 0.307626 0.911890
vt 0.321492 0.906728
vt 0.388741 0.903954
vt 0.388608 0.916355
vt 0.649991 0.014692
vt 0.637217 0.014692
vt 0.646534 0.007707
vt 0.638653 0.993021
vt 0.489756 0.309030
vt 0.486356 0.314918
vt 0.357930 0.306784
vt 0.010906 0.717984
vt 0.006678 0.730996
vt 0.004525 0.722434
vt 0.357591 0.965300
vt 0.003587 0.597496
vt 0.018316 0.597496
vt 0.003585 0.604595
vt 0.299425 0.894388
vt 0.110072 0.631351
vt 0.080207 0.646183
vt 0.082252 0.631351
vt 0.505474 0.221643
vt 0.516099 0.181990
vt 0.524081 0.222282
vt 0.831892 0.598039
vt 0.844218 0.564172
vt 0.846058 0.649865
vt 0.455357 0.217977
vt 0.480978 0.197480
vt 0.301221 0.873662
vt 0.334975 0.877806
vt 0.271949 0.877283
vt 0.150534 0.250381
vt 0.187659 0.202714
vt 0.167281 0.253637
vt 0.820136 0.896305
vt 0.171043 0.046712
vt 0.169157 0.037658
vt 0.184486 0.027318
vt 0.161106 0.039584
vt 0.159838 0.025961
vt 0.042104 0.969936
vt 0.021989 0.976471
vt 0.021610 0.951851
vt 0.151502 0.029418
vt 0.017156 0.016883
vt 0.011985 0.009498
vt 0.028334 0.009809
vt 0.803103 0.875236
vt 0.822372 0.872187
vt 0.073984 0.520287
vt 0.120502 0.520287
vt 0.073808 0.568822
vt 0.757339 0.095910
vt 0.037761 0.228821
vt 0.031925 0.221865
vt 0.036901 0.201742
vt 0.194142 0.599143
vt 0.215029 0.641918
vt 0.197182 0.680192
vt 0.662233 0.824167
vt 0.354683 0.998689
vt 0.324456 0.988111
vt 0.352348 0.989972
vt 0.996143 0.687860
vt 0.970879 0.679652
vt 0.997762 0.679487
vt 0.560050 0.877535
vt 0.634218 0.905691
vt 0.558071 0.900161
vt 0.030712 0.998376
vt 0.021553 0.993088
vt 0.030144 0.977234
vt 0.876408 0.955645
vt 0.827345 0.959938
vt 0.825931 0.953452
vt 0.320841 0.835484
vt 0.619597 0.233512
vt 0.526247 0.237886
vt 0.531276 0.233512
vt 0.528970 0.949239
vt 0.514980 0.951706
vt 0.485963 0.951003
vt 0.824876 0.662817
vt 0.824876 0.577104
vt 0.846105 0.654742
vt 0.307068 0.123415
vt 0.568327 0.244337
vt 0.068621 0.676360
vt 0.045367 0.697298
vt 0.046768 0.665013
vt 0.109580 0.895276
vt 0.109580 0.840911
vt 0.158215 0.887283
vt 0.867732 0.033484
vt 0.872163 0.029054
vt 0.867693 0.047989
vt 0.695020 0.046283
vt 0.710768 0.047660
vt 0.681467 0.046493
vt 0.004168 0.955584
vt 0.014747 0.955380
vt 0.004684 0.958508
vt 0.971943 0.522671
vt 0.989038 0.540215
vt 0.966865 0.548285
vt 0.631013 0.779344
vt 0.589834 0.794332
vt 0.533746 0.777097
vt 0.720169 0.212790
vt 0.968580 0.726533
vt 0.989438 0.720770
vt 0.979719 0.753098
vt 0.055704 0.565367
vt 0.036382 0.586651
vt 0.037372 0.558695
vt 0.009773 0.625668
vt 0.001178 0.622875
vt 0.007100 0.621221
vt 0.202894 0.596491
vt 0.524336 0.049821
vt 0.568574 0.063709
vt 0.524336 0.073137
vt 0.876956 0.042981
vt 0.952385 0.344190
vt 0.998337 0.344141
vt 0.998337 0.389945
vt 0.756453 0.050007
vt 0.756412 0.072940
vt 0.710546 0.072940
vt 0.955062 0.725566
vt 0.005880 0.225576
vt 0.005880 0.229377
vt 0.001089 0.227567
vt 0.038416 0.740460
vt 0.056467 0.712614
vt 0.059145 0.740460
vt 0.470845 0.047768
vt 0.440554 0.047768
vt 0.461496 0.042824
vt 0.531780 0.998292
vt 0.561112 0.989264
vt 0.557060 0.996967
vt 0.081403 0.880926
vt 0.060459 0.882390
vt 0.080774 0.856679
vt 0.211388 0.031515
vt 0.232706 0.031469
vt 0.227653 0.047675
vt 0.202834 0.039343
vt 0.060541 0.810876
vt 0.081765 0.820773
vt 0.055949 0.817084
vt 0.280951 0.949445
vt 0.316716 0.949646
vt 0.304345 0.951492
vt 0.759266 0.143568
vt 0.831078 0.143568
vt 0.798825 0.146128
vt 0.664539 0.997271
vt 0.642187 0.999807
vt 0.078158 0.338942
vt 0.192921 0.240851
vt 0.562320 0.022294
vt 0.538725 0.022294
vt 0.547558 0.015038
vt 0.871901 0.054570
vt 0.996333 0.292775
vt 0.995881 0.297585
vt 0.973371 0.297585
vt 0.108832 0.851810
vt 0.108832 0.900345
vt 0.082308 0.859532
vt 0.811382 0.334628
vt 0.820773 0.321217
vt 0.817139 0.418455
vt 0.079182 0.664069
vt 0.167174 0.991043
vt 0.141098 0.991328
vt 0.131482 0.988751
vt 0.067632 0.885481
vt 0.044021 0.894976
vt 0.052642 0.921510
vt 0.039941 0.922844
vt 0.966355 0.503980
vt 0.989851 0.523161
vt 0.055157 0.583274
vt 0.001287 0.293303
vt 0.001287 0.304507
vt 0.000206 0.296092
vt 0.320842 0.991145
vt 0.319031 0.997904
vt 0.285928 0.991986
vt 0.055788 0.746663
vt 0.077114 0.746663
vt 0.072039 0.780963
vt 0.488651 0.682390
vt 0.410786 0.659330
vt 0.452312 0.665445
vt 0.657492 0.808954
vt 0.679349 0.810124
vt 0.680400 0.380233
vt 0.659570 0.424902
vt 0.670923 0.296850
vt 0.719038 0.492987
vt 0.695157 0.546279
vt 0.994322 0.504615
vt 0.374646 0.162842
vt 0.420534 0.175137
vt 0.350995 0.173836
vt 0.240504 0.007038
vt 0.244315 0.005651
vt 0.243806 0.017744
vt 0.392164 0.125298
vt 0.728673 0.989830
vt 0.710826 0.988269
vt 0.743629 0.989123
vt 0.428940 0.868772
vt 0.456732 0.876219
vt 0.370047 0.877868
vt 0.718391 0.992699
vt 0.745920 0.997553
vt 0.713015 0.998342
vt 0.752977 0.794744
vt 0.655684 0.794744
vt 0.709557 0.790124
vt 0.615983 0.978472
vt 0.566695 0.978472
vt 0.581382 0.976232
vt 0.234493 0.583829
vt 0.234493 0.481377
vt 0.237881 0.562234
vt 0.706809 0.213368
vt 0.627188 0.207754
vt 0.671423 0.200489
vt 0.232555 0.597607
vt 0.176864 0.018620
vt 0.189077 0.021892
vt 0.167817 0.022197
vt 0.570140 0.073137
vt 0.952498 0.390056
vt 0.014152 0.958456
vt 0.384057 0.847525
vt 0.326625 0.855596
vt 0.411553 0.824358
vt 0.640536 0.876788
vt 0.974324 0.288776
vt 0.112319 0.686032
vt 0.098074 0.694257
vt 0.073843 0.687330
vt 0.961284 0.752657
vt 0.770850 0.230937
vt 0.691072 0.228376
vt 0.762256 0.216052
vt 0.710446 0.050125
vt 0.038473 0.711507
vt 0.638146 0.000034
vt 0.639493 0.001957
vt 0.629795 0.001535
vt 0.570239 0.049810
vt 0.402005 0.051053
vt 0.083184 0.900804
vt 0.000579 0.627325
vt 0.008380 0.627325
vt 0.007100 0.636986
vt 0.112456 0.665943
vt 0.096329 0.669528
vt 0.035101 0.415325
vt 0.029786 0.422378
vt 0.026018 0.408384
vt 0.005354 0.265154
vt 0.000707 0.262472
vt 0.009746 0.262520
vt 0.660659 0.357113
vt 0.883023 0.005850
vt 0.869590 0.005850
vt 0.871233 0.003110
vt 0.991617 0.459342
vt 0.991617 0.455541
vt 0.996935 0.458630
vt 0.180923 0.274140
vt 0.026261 0.575611
vt 0.021953 0.591691
vt 0.021524 0.567095
vt 0.319782 0.999943
vt 0.042492 0.925915
vt 0.058975 0.931386
vt 0.042492 0.933717
vt 0.058346 0.999813
vt 0.058346 0.963353
vt 0.089986 0.988422
vt 0.087406 0.809889
vt 0.052131 0.414111
vt 0.021976 0.532641
vt 0.023818 0.543091
vt 0.022115 0.557951
vt 0.239288 0.008191
vt 0.242699 0.018689
vt 0.224698 0.015620
vt 0.703319 0.219126
vt 0.457146 0.016611
vt 0.470214 0.007116
vt 0.475656 0.016776
vt 0.004027 0.711942
vt 0.010781 0.711942
vt 0.004134 0.713783
vt 0.150854 0.841676
vt 0.058581 0.701339
vt 0.449040 0.179411
vt 0.699791 0.044425
vt 0.683822 0.589102
vt 0.260796 0.990171
vt 0.236815 0.998281
vt 0.233356 0.988777
vt 0.203506 0.015644
vt 0.211894 0.022683
vt 0.190296 0.021605
vt 0.416195 0.016341
vt 0.416230 0.004898
vt 0.418505 0.009994
vt 0.120816 0.553099
vt 0.989122 0.286138
vt 0.996443 0.283473
vt 0.989950 0.290281
vt 0.696012 0.199773
vt 0.381142 0.856080
vt 0.331586 0.125407
vt 0.704988 0.199797
vt 0.784808 0.199797
vt 0.757917 0.203886
vt 0.017145 0.769662
vt 0.023070 0.779226
vt 0.018959 0.779951
vt 0.489693 0.033463
vt 0.496157 0.042694
vt 0.469996 0.041636
vt 0.003617 0.482963
vt 0.006854 0.485678
vt 0.001111 0.485520
vt 0.446092 0.660612
vt 0.526994 0.658576
vt 0.081060 0.831141
vt 0.065831 0.850633
vt 0.064837 0.825017
vt 0.090857 0.855421
vt 0.110307 0.680643
vt 0.762338 0.042788
vt 0.737413 0.042788
vt 0.754481 0.025405
vt 0.083550 0.681242
vt 0.996338 0.291440
vt 0.577563 0.001542
vt 0.583257 0.000016
vt 0.585703 0.001975
vt 0.058969 0.837528
vt 0.970113 0.419936
vt 0.972647 0.411752
vt 0.989861 0.410246
vt 0.979717 0.590218
vt 0.977839 0.587633
vt 0.981345 0.587482
vt 0.010906 0.714639
vt 0.101260 0.677714
vt 0.141759 0.074571
vt 0.136981 0.066295
vt 0.174617 0.067111
vt 0.235923 0.683748
vt 0.074959 0.015179
vt 0.070861 0.017985
vt 0.068481 0.015605
vt 0.575405 0.001436
vt 0.572519 0.000090
vt 0.577307 0.000058
vt 0.422033 0.004067
vt 0.421074 0.010826
vt 0.721141 0.005695
vt 0.712171 0.012212
vt 0.711911 0.003219
vt 0.241929 0.873776
vt 0.028210 0.044131
vt 0.021528 0.023564
vt 0.047163 0.027521
vt 0.120055 0.570803
vt 0.005865 0.760316
vt 0.005865 0.763825
vt 0.001601 0.762493
vt 0.198111 0.410856
vt 0.208481 0.487586
vt 0.197193 0.497058
vt 0.207803 0.420481
vt 0.958372 0.409332
vt 0.005137 0.667004
vt 0.006913 0.672468
vt 0.001052 0.672402
vt 0.689002 0.073715
vt 0.734592 0.073715
vt 0.709117 0.078600
vt 0.361006 0.822801
vt 0.406568 0.824392
vt 0.322153 0.855646
vt 0.275504 0.974400
vt 0.240656 0.968256
vt 0.291450 0.965371
vt 0.370202 0.050976
vt 0.356280 0.056043
vt 0.327160 0.051412
vt 0.208903 0.018741
vt 0.203740 0.013204
vt 0.204936 0.007142
vt 0.381155 0.022740
vt 0.358019 0.022739
vt 0.367326 0.020566
vt 0.319348 0.951998
vt 0.709512 0.049906
vt 0.709646 0.073041
vt 0.663728 0.073041
vt 0.663674 0.050226
vt 0.070997 0.926331
vt 0.711749 0.014294
vt 0.699898 0.014294
vt 0.705428 0.007608
vt 0.565284 0.992827
vt 0.850015 0.767120
vt 0.861813 0.773316
vt 0.858610 0.791075
vt 0.023327 0.787332
vt 0.825528 0.767194
vt 0.827019 0.742910
vt 0.869101 0.724347
vt 0.859042 0.741195
vt 0.869345 0.789731
vt 0.867626 0.805270
vt 0.112857 0.015678
vt 0.124792 0.032106
vt 0.099698 0.030551
vt 0.226993 0.996120
vt 0.225515 0.990849
vt 0.018167 0.993332
vt 0.012473 0.975807
vt 0.027348 0.978268
vt 0.010023 0.782236
vt 0.012390 0.786829
vt 0.966833 0.290662
vt 0.000607 0.737185
vt 0.006046 0.738621
vt 0.005357 0.742975
vt 0.062940 0.017516
vt 0.671282 0.998014
vt 0.966852 0.295710
vt 0.000197 0.702367
vt 0.007767 0.702367
vt 0.003955 0.708783
vt 0.961212 0.217695
vt 0.972633 0.215005
vt 0.973398 0.219347
vt 0.990603 0.410828
vt 0.997949 0.413215
vt 0.995464 0.415951
vt 0.061607 0.888298
vt 0.044416 0.893884
vt 0.051313 0.860720
vt 0.000742 0.242236
vt 0.001390 0.234828
vt 0.006915 0.241958
vt 0.005708 0.736368
vt 0.080636 0.332505
vt 0.680905 0.835503
vt 0.686472 0.822336
vt 0.004467 0.428991
vt 0.001622 0.420235
vt 0.009329 0.420187
vt 0.005983 0.701697
vt 0.000626 0.697805
vt 0.006342 0.693027
vt 0.521279 0.362600
vt 0.659906 0.351647
vt 0.559255 0.365922
vt 0.070134 0.713450
vt 0.093038 0.744490
vt 0.065837 0.725258
vt 0.151558 0.007956
vt 0.156646 0.007059
vt 0.166510 0.008371
vt 0.178431 0.319029
vt 0.198645 0.332912
vt 0.174786 0.322558
vt 0.183536 0.311256
vt 0.193873 0.320653
vt 0.008410 0.237254
vt 0.006826 0.234618
vt 0.047946 0.243119
vt 0.057202 0.214632
vt 0.062059 0.243307
vt 0.457745 0.753421
vt 0.357527 0.753421
vt 0.351613 0.748322
vt 0.035001 0.069653
vt 0.043020 0.044975
vt 0.046134 0.071501
vt 0.671949 0.994147
vt 0.335675 0.954414
vt 0.386575 0.954414
vt 0.360547 0.964949
vt 0.005738 0.355979
vt 0.005738 0.372244
vt 0.004715 0.361043
vt 0.071593 0.032256
vt 0.169740 0.048825
vt 0.185018 0.040004
vt 0.197109 0.050090
vt 0.046023 0.443177
vt 0.060995 0.456816
vt 0.048214 0.458769
vt 0.359394 0.318150
vt 0.427721 0.312172
vt 0.490283 0.318988
vt 0.996144 0.247324
vt 0.989741 0.247324
vt 0.998304 0.243687
vt 0.051766 0.429235
vt 0.037536 0.740388
vt 0.041608 0.751578
vt 0.037700 0.768323
vt 0.690141 0.574172
vt 0.012335 0.737946
vt 0.009228 0.419489
vt 0.003082 0.416357
vt 0.013345 0.413263
vt 0.014084 0.580024
vt 0.018343 0.581165
vt 0.008501 0.584956
vt 0.643294 0.591971
vt 0.987519 0.214762
vt 0.311359 0.043102
vt 0.283962 0.043102
vt 0.286390 0.036041
vt 0.010209 0.237402
vt 0.007718 0.584996
vt 0.007718 0.594197
vt 0.002237 0.585221
vt 0.067137 0.032809
vt 0.555162 0.000164
vt 0.559323 0.000164
vt 0.555863 0.001827
vt 0.865094 0.356662
vt 0.849191 0.322557
vt 0.864916 0.275991
vt 0.020867 0.593101
vt 0.020391 0.582162
vt 0.074803 0.030189
vt 0.908179 0.005804
vt 0.895205 0.005804
vt 0.904193 0.004649
vt 0.290899 0.043813
vt 0.305786 0.043984
vt 0.294238 0.046151
vt 0.659282 0.999826
vt 0.650208 0.999826
vt 0.663382 0.999179
vt 0.989253 0.242970
vt 0.593024 0.001952
vt 0.596935 0.000528
vt 0.602098 0.001961
vt 0.389993 0.015356
vt 0.387318 0.012486
vt 0.395040 0.015258
vt 0.047184 0.465907
vt 0.047184 0.492616
vt 0.033950 0.492779
vt 0.389429 0.003656
vt 0.394837 0.003061
vt 0.398148 0.013257
vt 0.009116 0.595456
vt 0.016725 0.596681
vt 0.193007 0.334930
vt 0.189754 0.340012
vt 0.585564 0.000057
vt 0.594625 0.000057
vt 0.589631 0.000938
vt 0.308744 0.530455
vt 0.313456 0.476590
vt 0.310219 0.584137
vt 0.008114 0.043722
vt 0.006190 0.038435
vt 0.008245 0.027458
vt 0.136558 0.993264
vt 0.912974 0.013136
vt 0.917289 0.029222
vt 0.912974 0.027917
vt 0.917238 0.011595
vt 0.690130 0.553573
vt 0.313437 0.046779
vt 0.979708 0.219782
vt 0.454540 0.005001
vt 0.470299 0.005001
vt 0.467282 0.007443
vt 0.559394 0.005142
vt 0.546255 0.006291
vt 0.543642 0.004660
vt 0.132759 0.993827
vt 0.062920 0.035593
vt 0.650705 0.014188
vt 0.650244 0.009704
vt 0.659813 0.010541
vt 0.070064 0.031602
vt 0.267457 0.016797
vt 0.263981 0.006100
vt 0.267627 0.006847
vt 0.767967 0.016781
vt 0.765804 0.010838
vt 0.768293 0.005618
vt 0.236156 0.449534
vt 0.240201 0.495770
vt 0.238501 0.551959
vt 0.371635 0.936460
vt 0.362273 0.934299
vt 0.370178 0.926649
vt 0.461742 0.025826
vt 0.467095 0.040497
vt 0.456683 0.042710
vt 0.945986 0.076875
vt 0.955214 0.075852
vt 0.949303 0.081612
vt 0.662350 0.013964
vt 0.354425 0.928325
vt 0.202465 0.326817
vt 0.468260 0.031191
vt 0.443458 0.332116
vt 0.490244 0.336210
vt 0.359930 0.338366
vt 0.570051 0.022182
vt 0.551150 0.015303
vt 0.574783 0.015150
vt 0.192189 0.338715
vt 0.697775 0.795577
vt 0.002156 0.886383
vt 0.006306 0.885035
vt 0.003850 0.891968
vt 0.365904 0.361781
vt 0.467288 0.356467
vt 0.338586 0.407097
vt 0.001646 0.070212
vt 0.012291 0.070212
vt 0.009213 0.076129
vt 0.202180 0.924941
vt 0.199122 0.918385
vt 0.206801 0.923063
vt 0.953971 0.589703
vt 0.945291 0.591234
vt 0.943988 0.588955
vt 0.005199 0.087615
vt 0.015209 0.087615
vt 0.007401 0.091578
vt 0.963637 0.908380
vt 0.897488 0.886887
vt 0.962479 0.836269
vt 0.474343 0.023234
vt 0.450993 0.023234
vt 0.451818 0.020072
vt 0.210879 0.919738
vt 0.371903 0.933278
vt 0.382786 0.928446
vt 0.380812 0.935665
vt 0.550929 0.045179
vt 0.520251 0.045179
vt 0.550614 0.042925
vt 0.450480 0.071098
vt 0.450480 0.066471
vt 0.495762 0.070960
vt 0.295075 0.088195
vt 0.245712 0.092514
vt 0.244496 0.087675
vt 0.513459 0.042900
vt 0.513459 0.048191
vt 0.483057 0.046551
vt 0.338389 0.042839
vt 0.340940 0.047256
vt 0.311624 0.045073
vt 0.204030 0.933781
vt 0.200940 0.927838
vt 0.208068 0.929195
vt 0.571071 0.955388
vt 0.572234 0.961984
vt 0.520350 0.960237
vt 0.079016 0.012861
vt 0.061850 0.012861
vt 0.073209 0.009539
vt 0.191377 0.341523
vt 0.361373 0.938569
vt 0.348442 0.929617
vt 0.289567 0.046402
vt 0.475322 0.057641
vt 0.432111 0.050021
vt 0.477296 0.049876
vt 0.468907 0.045655
vt 0.469144 0.042946
vt 0.499236 0.043613
vt 0.020956 0.093893
vt 0.011146 0.090893
vt 0.026186 0.086296
vt 0.193640 0.341415
vt 0.471005 0.648050
vt 0.546255 0.612392
vt 0.610130 0.649270
vt 0.208307 0.008193
vt 0.209452 0.016344
vt 0.205680 0.005558
vt 0.957194 0.079271
vt 0.028402 0.925794
vt 0.030437 0.902534
vt 0.030831 0.928726
vt 0.652134 0.586424
vt 0.189007 0.343839
vt 0.462537 0.024985
vt 0.470919 0.027520
vt 0.624998 0.963484
vt 0.573427 0.955719
vt 0.610100 0.954883
vt 0.573111 0.961821
vt 0.027808 0.814769
vt 0.011976 0.815322
vt 0.011515 0.809367
vt 0.625780 0.977907
vt 0.640545 0.975304
vt 0.675863 0.977485
vt 0.839341 0.661181
vt 0.903201 0.614784
vt 0.909788 0.699303
vt 0.996474 0.582456
vt 0.991082 0.584208
vt 0.993153 0.574080
vt 0.063987 0.211126
vt 0.063987 0.247809
vt 0.058959 0.216624
vt 0.620303 0.948917
vt 0.670389 0.948917
vt 0.638324 0.952029
vt 0.137613 0.995378
vt 0.140832 0.992676
vt 0.172989 0.994613
vt 0.013737 0.170727
vt 0.003186 0.170727
vt 0.006220 0.165759
vt 0.563463 0.001834
vt 0.558986 0.001834
vt 0.561575 0.000157
vt 0.991436 0.134983
vt 0.987498 0.138287
vt 0.981187 0.135435
vt 0.865518 0.003041
vt 0.868948 0.005919
vt 0.855293 0.005642
vt 0.688787 0.956567
vt 0.657679 0.951082
vt 0.710166 0.948859
vt 0.000039 0.315848
vt 0.000039 0.304858
vt 0.001455 0.306950
vt 0.005980 0.102395
vt 0.003355 0.102383
vt 0.002656 0.094395
vt 0.059276 0.744451
vt 0.001120 0.918722
vt 0.001468 0.914746
vt 0.008955 0.918561
vt 0.663596 0.014389
vt 0.670401 0.005023
vt 0.669569 0.014320
vt 0.684909 0.546245
vt 0.362414 0.747792
vt 0.468348 0.747792
vt 0.439837 0.751461
vt 0.122616 0.004201
vt 0.137215 0.004201
vt 0.128780 0.006750
vt 0.284373 0.044180
vt 0.432406 0.054280
vt 0.011906 0.978302
vt 0.003525 0.981025
vt 0.004152 0.977163
vt 0.121899 0.456565
vt 0.076618 0.456783
vt 0.119776 0.448643
vt 0.010328 0.914528
vt 0.608686 0.001757
vt 0.601345 0.000462
vt 0.610701 0.000234
vt 0.011149 0.552451
vt 0.011149 0.532168
vt 0.011748 0.543355
vt 0.006305 0.410989
vt 0.002234 0.402849
vt 0.006305 0.402971
vt 0.219150 0.926015
vt 0.346850 0.919570
vt 0.024710 0.192396
vt 0.009137 0.192396
vt 0.019188 0.187395
vt 0.681263 0.004126
vt 0.681263 0.015352
vt 0.676129 0.004061
vt 0.526515 0.654408
vt 0.429491 0.934678
vt 0.992754 0.070953
vt 0.993900 0.067425
vt 0.996793 0.070291
vt 0.165719 0.229111
vt 0.127009 0.257236
vt 0.122484 0.193237
vt 0.961645 0.074685
vt 0.978064 0.590835
vt 0.974151 0.590835
vt 0.976097 0.587363
vt 0.126264 0.007320
vt 0.111665 0.007320
vt 0.118984 0.004128
vt 0.006304 0.093723
vt 0.113091 0.684803
vt 0.113091 0.631275
vt 0.120358 0.678568
vt 0.001919 0.072363
vt 0.008940 0.077463
vt 0.000518 0.076687
vt 0.244659 0.021216
vt 0.222738 0.021216
vt 0.236240 0.018605
vt 0.243336 0.932514
vt 0.001659 0.410614
vt 0.495586 0.063795
vt 0.485577 0.031701
vt 0.238444 0.083035
vt 0.203155 0.079948
vt 0.243834 0.078239
vt 0.992785 0.071720
vt 0.993835 0.080594
vt 0.990046 0.080150
vt 0.014359 0.110579
vt 0.014359 0.116400
vt 0.003561 0.111063
vt 0.000209 0.260159
vt 0.008253 0.257545
vt 0.007857 0.261619
vt 0.996514 0.073111
vt 0.389084 0.048723
vt 0.359547 0.048723
vt 0.384016 0.045353
vt 0.454402 0.043351
vt 0.442235 0.046091
vt 0.439152 0.043008
vt 0.140161 0.997930
vt 0.104737 0.997930
vt 0.134086 0.994604
vt 0.970066 0.588320
vt 0.923912 0.588320
vt 0.927300 0.583407
vt 0.176606 0.005049
vt 0.176606 0.015857
vt 0.174812 0.015577
vt 0.137325 0.037871
vt 0.120853 0.039312
vt 0.109066 0.037840
vt 0.554551 0.948974
vt 0.603239 0.948974
vt 0.564473 0.950478
vt 0.562619 0.996481
vt 0.567282 0.992568
vt 0.596166 0.995177
vt 0.835495 0.938205
vt 0.794751 0.936070
vt 0.784714 0.920929
vt 0.019603 0.702005
vt 0.036644 0.702005
vt 0.026093 0.706656
vt 0.557583 0.024954
vt 0.582785 0.024954
vt 0.569944 0.046226
vt 0.214134 0.325659
vt 0.995623 0.028274
vt 0.995623 0.016026
vt 0.997408 0.016362
vt 0.468379 0.020200
vt 0.457713 0.019660
vt 0.465315 0.017629
vt 0.115175 0.307211
vt 0.129958 0.326887
vt 0.117227 0.326728
vt 0.371130 0.015392
vt 0.367546 0.014088
vt 0.370679 0.003522
vt 0.637514 0.020998
vt 0.658437 0.022828
vt 0.634246 0.023303
vt 0.073721 0.451659
vt 0.174083 0.824803
vt 0.158697 0.822563
vt 0.163305 0.817256
vt 0.242071 0.516340
vt 0.247146 0.548523
vt 0.234447 0.620544
vt 0.777206 0.020944
vt 0.775917 0.011039
vt 0.783400 0.014811
vt 0.772368 0.021578
vt 0.154375 0.829476
vt 0.224915 0.323649
vt 0.780120 0.009005
vt 0.179859 0.817647
vt 0.173137 0.833914
vt 0.781153 0.021856
vt 0.768670 0.018548
vt 0.171523 0.840294
vt 0.173058 0.808258
vt 0.351359 0.578369
vt 0.347009 0.562488
vt 0.354186 0.542991
vt 0.770405 0.009292
vt 0.155564 0.840730
vt 0.631641 0.952160
vt 0.581898 0.952160
vt 0.612664 0.948786
vt 0.155926 0.816938
vt 0.161533 0.809433
vt 0.180660 0.824987
vt 0.298680 0.061714
vt 0.278881 0.050282
vt 0.320921 0.051037
vt 0.961387 0.652488
vt 0.970102 0.646386
vt 0.968642 0.661830
vt 0.820728 0.388904
vt 0.820929 0.434500
vt 0.815472 0.443951
vt 0.785910 0.010685
vt 0.786830 0.018573
vt 0.161741 0.844008
vt 0.719706 0.853502
vt 0.957721 0.660650
vt 0.375860 0.560007
vt 0.364806 0.583344
vt 0.039976 0.533034
vt 0.039976 0.512715
vt 0.048127 0.541043
vt 0.158722 0.798550
vt 0.188093 0.564414
vt 0.185932 0.573397
vt 0.183671 0.564630
vt 0.183580 0.376151
vt 0.181105 0.832108
vt 0.151949 0.804842
vt 0.019949 0.411624
vt 0.019949 0.389770
vt 0.034307 0.400447
vt 0.186928 0.551043
vt 0.173473 0.554179
vt 0.150510 0.814633
vt 0.916886 0.629539
vt 0.916886 0.555628
vt 0.926817 0.563474
vt 0.126480 0.286456
vt 0.181159 0.812460
vt 0.893271 0.994464
vt 0.861334 0.994464
vt 0.892638 0.991101
vt 0.822011 0.473340
vt 0.822011 0.388283
vt 0.848472 0.443896
vt 0.153509 0.828852
vt 0.172976 0.573913
vt 0.315771 0.921890
vt 0.212256 0.691075
vt 0.191207 0.715095
vt 0.184381 0.712610
vt 0.175023 0.852462
vt 0.195044 0.451157
vt 0.195044 0.526444
vt 0.189725 0.523621
vt 0.550696 0.423177
vt 0.595693 0.446089
vt 0.575220 0.456127
vt 0.533769 0.444521
vt 0.553877 0.455003
vt 0.181487 0.844582
vt 0.996957 0.267549
vt 0.994724 0.274586
vt 0.990628 0.278023
vt 0.998486 0.260644
vt 0.174841 0.135432
vt 0.195991 0.143130
vt 0.174859 0.202049
vt 0.866565 0.025778
vt 0.864644 0.021658
vt 0.865712 0.010559
vt 0.972888 0.221113
vt 0.965786 0.231256
vt 0.961753 0.218990
vt 0.031972 0.250502
vt 0.037217 0.253461
vt 0.032779 0.265654
vt 0.460832 0.007306
vt 0.445091 0.007306
vt 0.456221 0.006631
vt 0.956193 0.055226
vt 0.943757 0.036077
vt 0.948057 0.030389
vt 0.182990 0.801819
vt 0.647549 0.548008
vt 0.604816 0.486979
vt 0.646068 0.408687
vt 0.077742 0.267503
vt 0.123851 0.267503
vt 0.104261 0.272069
vt 0.213980 0.333203
vt 0.607829 0.043476
vt 0.638065 0.043476
vt 0.620017 0.046121
vt 0.159091 0.328618
vt 0.151740 0.328746
vt 0.538389 0.467167
vt 0.984669 0.643297
vt 0.142532 0.328776
vt 0.136213 0.326961
vt 0.176215 0.582948
vt 0.158120 0.591060
vt 0.153781 0.850320
vt 0.001698 0.528977
vt 0.011243 0.525875
vt 0.003314 0.533856
vt 0.970110 0.126222
vt 0.952570 0.134213
vt 0.963616 0.126563
vt 0.990065 0.249706
vt 0.997874 0.248607
vt 0.214305 0.480993
vt 0.233919 0.480993
vt 0.201465 0.500359
vt 0.184312 0.581876
vt 0.594598 0.466669
vt 0.984328 0.080092
vt 0.341581 0.531994
vt 0.364506 0.524934
vt 0.424144 0.043757
vt 0.897532 0.917387
vt 0.917256 0.899692
vt 0.921221 0.913210
vt 0.525064 0.994342
vt 0.520789 0.988237
vt 0.554373 0.990214
vt 0.125928 0.256171
vt 0.109512 0.205647
vt 0.121713 0.203759
vt 0.152736 0.589160
vt 0.358225 0.042208
vt 0.332168 0.042208
vt 0.337763 0.038429
vt 0.993427 0.183949
vt 0.995334 0.191600
vt 0.983262 0.183213
vt 0.957364 0.049886
vt 0.994353 0.049886
vt 0.994116 0.064598
vt 0.589827 0.487840
vt 0.787612 0.990198
vt 0.809178 0.992085
vt 0.776685 0.992878
vt 0.924368 0.161941
vt 0.963636 0.215989
vt 0.930420 0.217353
vt 0.952757 0.218238
vt 0.009459 0.276679
vt 0.003113 0.267944
vt 0.010327 0.263888
vt 0.149753 0.652088
vt 0.202998 0.684995
vt 0.192525 0.703136
vt 0.033149 0.244322
vt 0.033065 0.225119
vt 0.037097 0.241010
vt 0.323261 0.663833
vt 0.325961 0.659198
vt 0.332344 0.653094
vt 0.958671 0.641794
vt 0.966214 0.624852
vt 0.957761 0.652898
vt 0.257324 0.920771
vt 0.962985 0.419290
vt 0.983710 0.424090
vt 0.970443 0.429941
vt 0.819631 0.473057
vt 0.821753 0.525595
vt 0.816376 0.526066
vt 0.140771 0.041623
vt 0.112589 0.041623
vt 0.135760 0.039014
vt 0.047305 0.340072
vt 0.078131 0.340072
vt 0.065117 0.350322
vt 0.570114 0.066145
vt 0.590709 0.050383
vt 0.600300 0.070952
vt 0.158966 0.858991
vt 0.132803 0.127828
vt 0.123614 0.099547
vt 0.151334 0.118779
vt 0.099796 0.194871
vt 0.106277 0.216426
vt 0.101622 0.215739
vt 0.992387 0.420846
vt 0.989607 0.437181
vt 0.445011 0.018402
vt 0.992488 0.135418
vt 0.997387 0.138848
vt 0.989672 0.138639
vt 0.262341 0.005083
vt 0.266145 0.016793
vt 0.261480 0.016818
vt 0.183696 0.590404
vt 0.171282 0.592668
vt 0.215898 0.155093
vt 0.178831 0.126141
vt 0.201373 0.129935
vt 0.998476 0.648335
vt 0.921701 0.481562
vt 0.928724 0.532233
vt 0.918252 0.520990
vt 0.980473 0.431845
vt 0.047340 0.514004
vt 0.962406 0.507428
vt 0.968406 0.514579
vt 0.965260 0.553796
vt 0.709220 0.996890
vt 0.701503 0.989173
vt 0.717428 0.991653
vt 0.155179 0.102331
vt 0.013743 0.515480
vt 0.011218 0.524902
vt 0.011145 0.504466
vt 0.970639 0.627680
vt 0.997806 0.301320
vt 0.997806 0.333822
vt 0.982782 0.333399
vt 0.131683 0.058171
vt 0.092807 0.058171
vt 0.110935 0.051834
vt 0.394295 0.045323
vt 0.421243 0.042966
vt 0.424520 0.046133
vt 0.807623 0.097589
vt 0.786536 0.101307
vt 0.743398 0.096303
vt 0.020792 0.562469
vt 0.020792 0.580388
vt 0.010567 0.577120
vt 0.389347 0.906056
vt 0.395264 0.895807
vt 0.403141 0.915543
vt 0.332398 0.513987
vt 0.132818 0.036912
vt 0.128171 0.037319
vt 0.132410 0.025913
vt 0.183741 0.465190
vt 0.183382 0.427599
vt 0.188943 0.426109
vt 0.564942 0.500030
vt 0.206928 0.536422
vt 0.200128 0.520214
vt 0.962467 0.425129
vt 0.450955 0.979521
vt 0.410170 0.979521
vt 0.410565 0.976178
vt 0.934908 0.232778
vt 0.127050 0.008374
vt 0.133571 0.006627
vt 0.141741 0.008804
vt 0.989084 0.469632
vt 0.964589 0.466999
vt 0.981095 0.465562
vt 0.154036 0.602607
vt 0.150182 0.594029
vt 0.409767 0.012085
vt 0.415352 0.004110
vt 0.415519 0.016298
vt 0.022316 0.357975
vt 0.031159 0.339009
vt 0.029661 0.360344
vt 0.244265 0.127550
vt 0.255044 0.041324
vt 0.270230 0.039996
vt 0.257360 0.049103
vt 0.321484 0.169450
vt 0.293027 0.180606
vt 0.268392 0.147915
vt 0.003082 0.131485
vt 0.014838 0.140027
vt 0.004495 0.149749
vt 0.239324 0.155834
vt 0.226896 0.178616
vt 0.202736 0.155804
vt 0.598453 0.295338
vt 0.597686 0.334528
vt 0.591632 0.304389
vt 0.543221 0.866548
vt 0.593234 0.862173
vt 0.630995 0.864823
vt 0.615641 0.324383
vt 0.035952 0.277621
vt 0.613714 0.923836
vt 0.575522 0.934069
vt 0.558511 0.923074
vt 0.097450 0.372752
vt 0.080819 0.372752
vt 0.133218 0.331814
vt 0.304544 0.548871
vt 0.279920 0.580259
vt 0.289279 0.549714
vt 0.338042 0.091510
vt 0.356920 0.088181
vt 0.388190 0.089141
vt 0.529238 0.494982
vt 0.629279 0.368688
vt 0.595637 0.385824
vt 0.301460 0.662154
vt 0.020608 0.341766
vt 0.964791 0.439261
vt 0.128008 0.019426
vt 0.278645 0.547252
vt 0.268268 0.547673
vt 0.308590 0.040681
vt 0.287901 0.035258
vt 0.298725 0.031482
vt 0.526929 0.482804
vt 0.045118 0.665738
vt 0.037182 0.690160
vt 0.028551 0.666022
vt 0.952022 0.133354
vt 0.938800 0.095093
vt 0.955650 0.083700
vt 0.872396 0.275504
vt 0.876330 0.306485
vt 0.865868 0.312526
vt 0.616048 0.050004
vt 0.205064 0.179497
vt 0.149388 0.600622
vt 0.506866 0.009577
vt 0.509706 0.019293
vt 0.491787 0.019293
vt 0.992830 0.487603
vt 0.976154 0.478712
vt 0.248949 0.168597
vt 0.432113 0.771868
vt 0.467129 0.749892
vt 0.493593 0.781430
vt 0.084789 0.961174
vt 0.078832 0.937283
vt 0.110316 0.958825
vt 0.964414 0.241531
vt 0.989347 0.249170
vt 0.989347 0.285010
vt 0.929551 0.222091
vt 0.943978 0.217695
vt 0.894669 0.070164
vt 0.909254 0.052783
vt 0.937586 0.068253
vt 0.118265 0.898093
vt 0.117725 0.947601
vt 0.104799 0.916782
vt 0.956895 0.286592
vt 0.959664 0.440283
vt 0.072672 0.423402
vt 0.056913 0.418282
vt 0.077646 0.408467
vt 0.928287 0.664402
vt 0.916412 0.654438
vt 0.923754 0.590949
vt 0.583523 0.337546
vt 0.055194 0.413411
vt 0.038572 0.390532
vt 0.060980 0.387983
vt 0.635225 0.014322
vt 0.635225 0.002602
vt 0.645014 0.007045
vt 0.982804 0.443469
vt 0.496574 0.010499
vt 0.922904 0.957785
vt 0.930703 0.941061
vt 0.935135 0.973993
vt 0.027424 0.177041
vt 0.020412 0.155462
vt 0.040812 0.159036
vt 0.734535 0.991125
vt 0.200418 0.924010
vt 0.178900 0.938147
vt 0.177856 0.893031
vt 0.184882 0.598360
vt 0.482289 0.743216
vt 0.997994 0.903817
vt 0.964750 0.903850
vt 0.970489 0.890990
vt 0.993824 0.660967
vt 0.282039 0.048622
vt 0.397569 0.030257
vt 0.384053 0.035674
vt 0.383842 0.027088
vt 0.073713 0.618956
vt 0.105243 0.623348
vt 0.108867 0.630459
vt 0.349584 0.018160
vt 0.354690 0.022445
vt 0.331721 0.022656
vt 0.334291 0.953809
vt 0.320673 0.971642
vt 0.325231 0.958034
vt 0.021225 0.805790
vt 0.014137 0.803488
vt 0.023692 0.788037
vt 0.100378 0.027802
vt 0.094764 0.010525
vt 0.109815 0.011078
vt 0.936584 0.218335
vt 0.987590 0.889400
vt 0.420893 0.878175
vt 0.985363 0.878864
vt 0.832475 0.017709
vt 0.836189 0.035184
vt 0.825014 0.012601
vt 0.079106 0.459659
vt 0.054556 0.481108
vt 0.047822 0.459659
vt 0.164377 0.112487
vt 0.428282 0.036576
vt 0.451758 0.028948
vt 0.450958 0.040240
vt 0.149416 0.714761
vt 0.509367 0.488656
vt 0.331588 0.489002
vt 0.457164 0.785903
vt 0.963729 0.859217
vt 0.174054 0.005704
vt 0.174054 0.015700
vt 0.158948 0.013300
vt 0.954408 0.501088
vt 0.584576 0.506906
vt 0.246785 0.581748
vt 0.074468 0.477130
vt 0.187463 0.607326
vt 0.028443 0.955114
vt 0.028443 0.928907
vt 0.051696 0.939020
vt 0.531176 0.507651
vt 0.082459 0.391929
vt 0.567240 0.330716
vt 0.570214 0.296281
vt 0.088007 0.728071
vt 0.085133 0.713287
vt 0.102125 0.719737
vt 0.055385 0.824151
vt 0.065460 0.819453
vt 0.081997 0.824030
vt 0.929636 0.899711
vt 0.000604 0.152819
vt 0.010844 0.152819
vt 0.003165 0.163259
vt 0.959691 0.082810
vt 0.821163 0.445754
vt 0.182142 0.989087
vt 0.199370 0.989087
vt 0.163995 0.992911
vt 0.087197 0.321125
vt 0.345836 0.061647
vt 0.332869 0.054331
vt 0.344096 0.055152
vt 0.405107 0.043096
vt 0.156922 0.613218
vt 0.878715 0.315778
vt 0.891185 0.316515
vt 0.177131 0.609280
vt 0.081314 0.043473
vt 0.083876 0.037978
vt 0.088093 0.055103
vt 0.956884 0.756814
vt 0.996825 0.756814
vt 0.981428 0.777780
vt 0.509308 0.751480
vt 0.233857 0.568783
vt 0.917469 0.532219
vt 0.288040 0.742237
vt 0.312475 0.758960
vt 0.308904 0.764838
vt 0.060274 0.775023
vt 0.073624 0.783365
vt 0.069686 0.804867
vt 0.998409 0.619175
vt 0.989645 0.623077
vt 0.996953 0.611866
vt 0.981809 0.139503
vt 0.996787 0.139503
vt 0.994239 0.147207
vt 0.048306 0.515769
vt 0.052739 0.527948
vt 0.049495 0.546948
vt 0.287916 0.762417
vt 0.258878 0.975812
vt 0.296622 0.975812
vt 0.287720 0.979389
vt 0.166877 0.925070
vt 0.075661 0.925887
vt 0.081024 0.957933
vt 0.059344 0.934563
vt 0.303243 0.060829
vt 0.986842 0.445792
vt 0.963593 0.917630
vt 0.107154 0.051867
vt 0.299940 0.974016
vt 0.035735 0.780122
vt 0.024919 0.790938
vt 0.023997 0.774908
vt 0.188164 0.993989
vt 0.104927 0.594841
vt 0.116824 0.572465
vt 0.100713 0.618177
vt 0.035388 0.768545
vt 0.992961 0.628048
vt 0.957381 0.133123
vt 0.973795 0.129063
vt 0.997322 0.133211
vt 0.939948 0.961916
vt 0.212373 0.552722
vt 0.164881 0.915029
vt 0.573393 0.522972
vt 0.179522 0.096164
vt 0.039762 0.644001
vt 0.038642 0.660017
vt 0.025445 0.640630
vt 0.588808 0.536529
vt 0.956723 0.959999
vt 0.269947 0.735402
vt 0.317980 0.648663
vt 0.314175 0.648996
vt 0.315334 0.526714
vt 0.133329 0.962333
vt 0.130198 0.963567
vt 0.126182 0.958782
vt 0.387678 0.435261
vt 0.383398 0.511438
vt 0.309147 0.650229
vt 0.558390 0.309083
vt 0.987398 0.624112
vt 0.966691 0.623750
vt 0.998466 0.606420
vt 0.842482 0.018013
vt 0.279790 0.494079
vt 0.324642 0.461442
vt 0.308509 0.480687
vt 0.301169 0.091431
vt 0.295218 0.087265
vt 0.345399 0.089336
vt 0.212334 0.758900
vt 0.087178 0.962497
vt 0.067115 0.673261
vt 0.076847 0.657864
vt 0.080114 0.674398
vt 0.066228 0.658579
vt 0.962999 0.449837
vt 0.103209 0.919882
vt 0.981625 0.454173
vt 0.010008 0.019003
vt 0.020268 0.023788
vt 0.005118 0.023804
vt 0.153041 0.939571
vt 0.988538 0.007445
vt 0.978004 0.010268
vt 0.973134 0.006656
vt 0.529991 0.762200
vt 0.470782 0.883194
vt 0.451560 0.917750
vt 0.037174 0.157047
vt 0.046345 0.135216
vt 0.056119 0.130658
vt 0.988184 0.591916
vt 0.563769 0.347822
vt 0.068944 0.961619
vt 0.115436 0.580093
vt 0.479645 0.970930
vt 0.475567 0.961797
vt 0.476403 0.955850
vt 0.430758 0.954904
vt 0.904519 0.085868
vt 0.938768 0.082872
vt 0.950633 0.085842
vt 0.119772 0.786123
vt 0.119772 0.840060
vt 0.111687 0.839362
vt 0.320523 0.804001
vt 0.315256 0.820212
vt 0.229502 0.789544
vt 0.872265 0.630595
vt 0.896481 0.556065
vt 0.905734 0.611751
vt 0.031570 0.999324
vt 0.038364 0.972229
vt 0.049790 0.984036
vt 0.429929 0.989878
vt 0.409801 0.993428
vt 0.395357 0.988653
vt 0.054045 0.999896
vt 0.461625 0.785983
vt 0.557787 0.785983
vt 0.463224 0.798885
vt 0.010965 0.920664
vt 0.028358 0.915013
vt 0.026022 0.936655
vt 0.054274 0.022390
vt 0.042409 0.020933
vt 0.061125 0.014445
vt 0.891322 0.325365
vt 0.017382 0.411424
vt 0.007380 0.411424
vt 0.018210 0.405899
vt 0.019522 0.193294
vt 0.035752 0.201313
vt 0.019002 0.215367
vt 0.334565 0.203970
vt 0.335725 0.173818
vt 0.357123 0.152421
vt 0.010416 0.543631
vt 0.009905 0.555491
vt 0.002028 0.549504
vt 0.286234 0.027015
vt 0.993818 0.484780
vt 0.992226 0.479879
vt 0.996824 0.480878
vt 0.207932 0.072488
vt 0.206074 0.067382
vt 0.220491 0.067863
vt 0.452544 0.072336
vt 0.497182 0.072336
vt 0.470734 0.084459
vt 0.243842 0.234071
vt 0.243842 0.330389
vt 0.227039 0.328739
vt 0.151399 0.924093
vt 0.232375 0.018198
vt 0.212691 0.021669
vt 0.210632 0.017157
vt 0.259040 0.775056
vt 0.158465 0.217291
vt 0.149527 0.178576
vt 0.177999 0.211934
vt 0.096595 0.704528
vt 0.784617 0.726456
vt 0.816718 0.713390
vt 0.816124 0.747437
vt 0.020320 0.826898
vt 0.006061 0.831531
vt 0.007888 0.818544
vt 0.526771 0.975651
vt 0.574772 0.975651
vt 0.561028 0.978556
vt 0.872308 0.707388
vt 0.880316 0.752801
vt 0.871800 0.784897
vt 0.283430 0.953833
vt 0.969894 0.939493
vt 0.295023 0.061008
vt 0.253011 0.061008
vt 0.274060 0.050491
vt 0.172015 0.885716
vt 0.182895 0.516416
vt 0.233730 0.584090
vt 0.188812 0.558520
vt 0.496830 0.795044
vt 0.592269 0.795044
vt 0.499350 0.816703
vt 0.182279 0.184448
vt 0.098171 0.038036
vt 0.094279 0.912899
vt 0.955230 0.446615
vt 0.614963 0.077346
vt 0.660299 0.077346
vt 0.660223 0.082933
vt 0.278275 0.774726
vt 0.365827 0.803174
vt 0.273297 0.795243
vt 0.577934 0.934787
vt 0.604740 0.937133
vt 0.549566 0.935802
vt 0.742109 0.007132
vt 0.733948 0.018365
vt 0.722301 0.007021
vt 0.081932 0.882562
vt 0.073414 0.893258
vt 0.068224 0.886616
vt 0.196548 0.091905
vt 0.193633 0.090221
vt 0.244396 0.091959
vt 0.262668 0.785753
vt 0.084476 0.579848
vt 0.080289 0.607629
vt 0.239552 0.075535
vt 0.218108 0.065536
vt 0.260737 0.064335
vt 0.983557 0.108202
vt 0.031721 0.197429
vt 0.023531 0.189239
vt 0.031519 0.174398
vt 0.280152 0.903343
vt 0.196204 0.903343
vt 0.233019 0.900539
vt 0.116021 0.785756
vt 0.116021 0.731914
vt 0.120415 0.785234
vt 0.986155 0.874882
vt 0.424174 0.083933
vt 0.436353 0.071754
vt 0.468808 0.084543
vt 0.034361 0.206413
vt 0.990421 0.455258
vt 0.037119 0.252233
vt 0.595773 0.929965
vt 0.955940 0.469646
vt 0.519235 0.541396
vt 0.533767 0.531747
vt 0.521559 0.543460
vt 0.086426 0.906695
vt 0.076306 0.919421
vt 0.071982 0.909012
vt 0.020375 0.553024
vt 0.020887 0.560360
vt 0.012021 0.553998
vt 0.994194 0.691460
vt 0.996008 0.717410
vt 0.971638 0.724170
vt 0.861369 0.072109
vt 0.876913 0.070749
vt 0.892738 0.071469
vt 0.554930 0.821593
vt 0.545767 0.807484
vt 0.638404 0.785177
vt 0.993471 0.407375
vt 0.958898 0.408583
vt 0.953766 0.391816
vt 0.548368 0.304372
vt 0.876513 0.963999
vt 0.829311 0.963999
vt 0.874759 0.956857
vt 0.326482 0.442978
vt 0.533044 0.784457
vt 0.012160 0.031880
vt 0.020913 0.025521
vt 0.026665 0.044663
vt 0.655025 0.811424
vt 0.641563 0.812602
vt 0.654005 0.716019
vt 0.970078 0.967984
vt 0.391994 0.988725
vt 0.411552 0.995844
vt 0.376900 0.995193
vt 0.950868 0.453138
vt 0.031839 0.977520
vt 0.634671 0.717313
vt 0.079561 0.639191
vt 0.140846 0.934095
vt 0.452253 0.877173
vt 0.330588 0.772244
vt 0.289178 0.945384
vt 0.244526 0.947987
vt 0.248585 0.941833
vt 0.138557 0.913568
vt 0.660627 0.825374
vt 0.694872 0.845145
vt 0.654039 0.841613
vt 0.048079 0.554304
vt 0.031170 0.559798
vt 0.036799 0.530794
vt 0.982419 0.458155
vt 0.872576 0.333603
vt 0.055791 0.437464
vt 0.079599 0.445169
vt 0.064029 0.458924
vt 0.817563 0.485660
vt 0.318832 0.419646
vt 0.005101 0.171235
vt 0.012810 0.181845
vt 0.002123 0.183171
vt 0.893170 0.990208
vt 0.924650 0.990208
vt 0.902158 0.994859
vt 0.957748 0.639103
vt 0.957748 0.596016
vt 0.978539 0.595840
vt 0.184531 0.389962
vt 0.194906 0.191589
vt 0.543022 0.336338
vt 0.014148 0.394947
vt 0.342663 0.014809
vt 0.346465 0.003110
vt 0.350219 0.014395
vt 0.028576 0.538352
vt 0.579461 0.549904
vt 0.046039 0.974477
vt 0.046039 0.945383
vt 0.060482 0.957667
vt 0.299814 0.442650
vt 0.200443 0.783067
vt 0.200443 0.797819
vt 0.144505 0.792051
vt 0.126039 0.972364
vt 0.138168 0.986819
vt 0.101255 0.986529
vt 0.011581 0.144428
vt 0.014302 0.151903
vt 0.012391 0.163686
vt 0.333685 0.761448
vt 0.047301 0.977676
vt 0.057726 0.962787
vt 0.056801 0.992415
vt 0.002869 0.557415
vt 0.006678 0.395089
vt 0.057623 0.891544
vt 0.109826 0.038950
vt 0.957123 0.979372
vt 0.881321 0.908209
vt 0.865817 0.850350
vt 0.880076 0.832458
vt 0.146596 0.891046
vt 0.561619 0.913405
vt 0.627530 0.909924
vt 0.587143 0.915638
vt 0.700572 0.015099
vt 0.724515 0.015099
vt 0.710582 0.024722
vt 0.831456 0.596225
vt 0.831456 0.510793
vt 0.837534 0.558974
vt 0.006987 0.562088
vt 0.013231 0.748374
vt 0.023369 0.762328
vt 0.006994 0.754001
vt 0.526215 0.558920
vt 0.111859 0.979430
vt 0.080643 0.979355
vt 0.106763 0.975155
vt 0.865772 0.350180
vt 0.369256 0.135324
vt 0.517453 0.087233
vt 0.487815 0.092459
vt 0.468112 0.087322
vt 0.969597 0.461746
vt 0.955072 0.461145
vt 0.191645 0.207561
vt 0.423492 0.083501
vt 0.379395 0.083501
vt 0.396066 0.075783
vt 0.059817 0.925303
vt 0.066395 0.918179
vt 0.061311 0.090251
vt 0.070033 0.091789
vt 0.058886 0.107364
vt 0.998441 0.859747
vt 0.919046 0.555770
vt 0.965302 0.807605
vt 0.994008 0.808010
vt 0.994008 0.834792
vt 0.991051 0.460111
vt 0.154931 0.156029
vt 0.536756 0.549600
vt 0.839262 0.733972
vt 0.013521 0.569425
vt 0.276442 0.736508
vt 0.295194 0.666544
vt 0.057452 0.906847
vt 0.618051 0.988420
vt 0.605464 0.998982
vt 0.584538 0.988077
vt 0.390844 0.071345
vt 0.434940 0.071345
vt 0.420930 0.081467
vt 0.963682 0.852425
vt 0.271937 0.645034
vt 0.279443 0.669457
vt 0.329097 0.437233
vt 0.289956 0.409088
vt 0.545651 0.351830
vt 0.359676 0.781632
vt 0.148600 0.651716
vt 0.148600 0.708165
vt 0.131141 0.692908
vt 0.597283 0.083892
vt 0.552543 0.083892
vt 0.577880 0.074395
vt 0.929812 0.439249
vt 0.924754 0.472379
vt 0.917874 0.456298
vt 0.519863 0.951854
vt 0.547961 0.949395
vt 0.567743 0.952048
vt 0.079121 0.854258
vt 0.060463 0.879939
vt 0.055772 0.857666
vt 0.606771 0.843826
vt 0.610058 0.832828
vt 0.633892 0.865917
vt 0.004593 0.252925
vt 0.009411 0.238097
vt 0.018802 0.253192
vt 0.033157 0.431040
vt 0.015125 0.436899
vt 0.015344 0.414271
vt 0.964366 0.804241
vt 0.983370 0.781161
vt 0.978867 0.806798
vt 0.693532 0.904156
vt 0.678879 0.914660
vt 0.643640 0.905217
vt 0.804452 0.900819
vt 0.793165 0.897794
vt 0.810171 0.890234
vt 0.960743 0.082260
vt 0.998441 0.082260
vt 0.972582 0.123315
vt 0.033477 0.130769
vt 0.911859 0.175170
vt 0.851389 0.176083
vt 0.879106 0.147687
vt 0.264935 0.581524
vt 0.962459 0.987387
vt 0.925545 0.987387
vt 0.945297 0.968811
vt 0.769582 0.235866
vt 0.785865 0.199805
vt 0.821964 0.203599
vt 0.624756 0.446376
vt 0.062105 0.421116
vt 0.837461 0.049364
vt 0.863249 0.040985
vt 0.864381 0.052096
vt 0.596158 0.564833
vt 0.964471 0.765627
vt 0.067539 0.774445
vt 0.047942 0.774445
vt 0.048912 0.744719
vt 0.533753 0.566856
vt 0.818880 0.567760
vt 0.023172 0.701287
vt 0.021604 0.690135
vt 0.038127 0.696307
vt 0.526309 0.340517
vt 0.097735 0.967735
vt 0.798521 0.874276
vt 0.878572 0.142820
vt 0.914659 0.137455
vt 0.934772 0.144775
vt 0.618032 0.226882
vt 0.567092 0.222426
vt 0.626560 0.207118
vt 0.068975 0.127768
vt 0.527326 0.296505
vt 0.834066 0.778072
vt 0.839465 0.813912
vt 0.832558 0.815130
vt 0.013967 0.357606
vt 0.031329 0.363247
vt 0.013993 0.377088
vt 0.821916 0.273068
vt 0.804146 0.231158
vt 0.841668 0.259267
vt 0.022395 0.678967
vt 0.613343 0.230564
vt 0.648951 0.210144
vt 0.650630 0.216992
vt 0.316026 0.165769
vt 0.052480 0.415787
vt 0.060130 0.423437
vt 0.033449 0.422426
vt 0.055933 0.916615
vt 0.005666 0.881306
vt 0.014830 0.868693
vt 0.015738 0.881929
vt 0.507508 0.071028
vt 0.477963 0.050341
vt 0.523530 0.049927
vt 0.661164 0.082600
vt 0.685623 0.073697
vt 0.706681 0.081981
vt 0.102271 0.247637
vt 0.029600 0.674024
vt 0.849032 0.719052
vt 0.844469 0.563362
vt 0.834476 0.526065
vt 0.842519 0.477952
vt 0.398588 0.088225
vt 0.428882 0.090876
vt 0.378982 0.091964
vt 0.929084 0.513464
vt 0.675639 0.601476
vt 0.691789 0.607753
vt 0.679138 0.610230
vt 0.588485 0.210719
vt 0.188127 0.599562
vt 0.179211 0.070734
vt 0.643426 0.139535
vt 0.586813 0.141680
vt 0.593117 0.135134
vt 0.955760 0.136588
vt 0.961491 0.185748
vt 0.955254 0.202885
vt 0.787303 0.893968
vt 0.522915 0.361101
vt 0.174731 0.343427
vt 0.178679 0.328692
vt 0.175630 0.394553
vt 0.121230 0.406689
vt 0.075883 0.421423
vt 0.084944 0.386939
vt 0.868062 0.147461
vt 0.836324 0.213232
vt 0.081691 0.322389
vt 0.278917 0.648377
vt 0.273319 0.612862
vt 0.709185 0.625419
vt 0.701105 0.619827
vt 0.703006 0.616750
vt 0.838182 0.659233
vt 0.117516 0.296006
vt 0.076205 0.284936
vt 0.126383 0.284383
vt 0.566822 0.588769
vt 0.738198 0.014174
vt 0.749109 0.015902
vt 0.748573 0.029131
vt 0.593287 0.576110
vt 0.507258 0.305203
vt 0.310559 0.401947
vt 0.908886 0.767480
vt 0.885539 0.775978
vt 0.892915 0.739630
vt 0.243094 0.619095
vt 0.182129 0.444023
vt 0.182129 0.504707
vt 0.151371 0.474141
vt 0.546143 0.588388
vt 0.585401 0.201314
vt 0.623617 0.199834
vt 0.624186 0.206339
vt 0.246429 0.940908
vt 0.287177 0.940908
vt 0.299613 0.943114
vt 0.975590 0.135892
vt 0.964470 0.138872
vt 0.956715 0.135974
vt 0.297364 0.391857
vt 0.092297 0.963327
vt 0.677327 0.867011
vt 0.692902 0.623038
vt 0.686333 0.625917
vt 0.350017 0.425539
vt 0.777201 0.864880
vt 0.788579 0.863129
vt 0.241896 0.947501
vt 0.188666 0.947501
vt 0.197573 0.941499
vt 0.118451 0.688554
vt 0.130868 0.990118
vt 0.109743 0.995778
vt 0.094617 0.988294
vt 0.881573 0.115101
vt 0.886263 0.094753
vt 0.898637 0.100388
vt 0.850393 0.151767
vt 0.457698 0.135454
vt 0.509471 0.135454
vt 0.441251 0.138811
vt 0.511666 0.346416
vt 0.504254 0.366889
vt 0.504579 0.349373
vt 0.938693 0.097233
vt 0.938580 0.113497
vt 0.926238 0.101851
vt 0.994944 0.997316
vt 0.963741 0.997316
vt 0.981662 0.988249
vt 0.054575 0.923330
vt 0.045535 0.895508
vt 0.056008 0.894490
vt 0.990449 0.064503
vt 0.949819 0.066549
vt 0.976261 0.059339
vt 0.840754 0.162632
vt 0.250859 0.152232
vt 0.229047 0.144293
vt 0.296588 0.138178
vt 0.366287 0.975793
vt 0.370595 0.979408
vt 0.330749 0.977104
vt 0.283947 0.385961
vt 0.393773 0.979094
vt 0.369510 0.976971
vt 0.409485 0.975610
vt 0.781465 0.884459
vt 0.074304 0.968999
vt 0.724844 0.679340
vt 0.718279 0.682247
vt 0.723270 0.663657
vt 0.771365 0.875460
vt 0.761301 0.901369
vt 0.741311 0.903310
vt 0.748584 0.895060
vt 0.365791 0.417154
vt 0.921760 0.126235
vt 0.256101 0.049245
vt 0.227225 0.049245
vt 0.241136 0.043339
vt 0.961329 0.058389
vt 0.491997 0.335468
vt 0.021143 0.709042
vt 0.036677 0.704879
vt 0.040579 0.710253
vt 0.769802 0.901015
vt 0.043584 0.022853
vt 0.024111 0.022853
vt 0.032470 0.017963
vt 0.894460 0.120479
vt 0.696229 0.634442
vt 0.945221 0.142307
vt 0.490806 0.376639
vt 0.490484 0.359829
vt 0.267125 0.123440
vt 0.219077 0.116687
vt 0.211720 0.103041
vt 0.181327 0.957125
vt 0.229300 0.952927
vt 0.231814 0.959965
vt 0.737055 0.672070
vt 0.235959 0.941510
vt 0.712902 0.620740
vt 0.722059 0.629927
vt 0.811315 0.139190
vt 0.809094 0.093676
vt 0.844656 0.093676
vt 0.904293 0.715912
vt 0.713495 0.639002
vt 0.769202 0.862743
vt 0.874149 0.124573
vt 0.189121 0.515513
vt 0.182983 0.499206
vt 0.188365 0.437697
vt 0.490382 0.305214
vt 0.318217 0.976237
vt 0.329959 0.979383
vt 0.290251 0.979297
vt 0.376709 0.008616
vt 0.371923 0.013402
vt 0.372294 0.002527
vt 0.737255 0.865936
vt 0.747081 0.865040
vt 0.730650 0.875765
vt 0.182208 0.515401
vt 0.314085 0.586165
vt 0.760774 0.871437
vt 0.627104 0.917354
vt 0.745003 0.662285
vt 0.757391 0.672765
vt 0.920466 0.012091
vt 0.922242 0.007213
vt 0.922052 0.018670
vt 0.724922 0.889495
vt 0.737737 0.895196
vt 0.728340 0.902834
vt 0.556697 0.146856
vt 0.612984 0.145899
vt 0.601013 0.158730
vt 0.449963 0.998295
vt 0.441701 0.988449
vt 0.476168 0.988265
vt 0.710927 0.080206
vt 0.749550 0.080206
vt 0.756469 0.083557
vt 0.777878 0.341783
vt 0.767305 0.300053
vt 0.783378 0.336653
vt 0.329648 0.975819
vt 0.846159 0.035901
vt 0.862933 0.039466
vt 0.837416 0.048221
vt 0.735362 0.629038
vt 0.031716 0.078811
vt 0.031716 0.101876
vt 0.023536 0.094903
vt 0.098282 0.137333
vt 0.091938 0.139642
vt 0.089645 0.096952
vt 0.480154 0.812457
vt 0.420293 0.779566
vt 0.434610 0.779368
vt 0.762161 0.894785
vt 0.925132 0.073330
vt 0.902760 0.081473
vt 0.885221 0.073693
vt 0.833916 0.142743
vt 0.239113 0.134975
vt 0.879381 0.132226
vt 0.752104 0.875620
vt 0.769315 0.661126
vt 0.775829 0.674436
vt 0.709770 0.912827
vt 0.158917 0.116401
vt 0.210040 0.102703
vt 0.217887 0.119298
vt 0.839313 0.840496
vt 0.755680 0.637600
vt 0.774014 0.636735
vt 0.740714 0.637383
vt 0.698701 0.003230
vt 0.698701 0.015188
vt 0.694529 0.008742
vt 0.869302 0.909633
vt 0.876337 0.915536
vt 0.863833 0.923191
vt 0.004248 0.617930
vt 0.007308 0.620497
vt 0.001652 0.620392
vt 0.669110 0.691864
vt 0.688094 0.628725
vt 0.681353 0.685893
vt 0.614074 0.151801
vt 0.875455 0.890687
vt 0.371982 0.136127
vt 0.440363 0.136127
vt 0.440029 0.142120
vt 0.200908 0.082065
vt 0.189512 0.081068
vt 0.200985 0.078072
vt 0.962616 0.201802
vt 0.464610 0.115327
vt 0.457038 0.113992
vt 0.465865 0.103308
vt 0.627474 0.156176
vt 0.161384 0.080548
vt 0.926439 0.306137
vt 0.937175 0.315146
vt 0.931108 0.374799
vt 0.641237 0.368748
vt 0.891244 0.698388
vt 0.319112 0.017093
vt 0.341913 0.017093
vt 0.335143 0.020737
vt 0.672551 0.095135
vt 0.732128 0.095135
vt 0.695103 0.098494
vt 0.015234 0.995135
vt 0.002188 0.999373
vt 0.004048 0.986689
vt 0.162030 0.076720
vt 0.775739 0.288061
vt 0.718299 0.961598
vt 0.733905 0.925861
vt 0.745741 0.947615
vt 0.671389 0.215398
vt 0.007145 0.701600
vt 0.007145 0.685160
vt 0.021227 0.700954
vt 0.885073 0.559121
vt 0.891409 0.544196
vt 0.890482 0.561802
vt 0.013298 0.885763
vt 0.019697 0.898323
vt 0.007296 0.885649
vt 0.358184 0.146864
vt 0.991620 0.992794
vt 0.984684 0.988789
vt 0.998392 0.989275
vt 0.664973 0.200401
vt 0.240110 0.906161
vt 0.308421 0.906161
vt 0.305984 0.914148
vt 0.162659 0.518266
vt 0.155234 0.537844
vt 0.121416 0.518935
vt 0.666389 0.425732
vt 0.666389 0.564763
vt 0.661634 0.564810
vt 0.899902 0.081459
vt 0.858685 0.081459
vt 0.877654 0.074838
vt 0.678974 0.693144
vt 0.420856 0.105447
vt 0.614164 0.745492
vt 0.564460 0.745492
vt 0.615656 0.708376
vt 0.744437 0.707807
vt 0.481583 0.102692
vt 0.832378 0.856406
vt 0.547158 0.212368
vt 0.123905 0.538685
vt 0.898896 0.545897
vt 0.692779 0.230871
vt 0.556271 0.923402
vt 0.566772 0.930755
vt 0.511376 0.929809
vt 0.341408 0.109942
vt 0.323170 0.094638
vt 0.376681 0.096410
vt 0.872134 0.619567
vt 0.004693 0.893584
vt 0.162296 0.393462
vt 0.178995 0.444857
vt 0.138576 0.407661
vt 0.419465 0.770500
vt 0.661360 0.937050
vt 0.606983 0.937050
vt 0.661807 0.929053
vt 0.550748 0.154767
vt 0.555031 0.145583
vt 0.559917 0.160540
vt 0.079814 0.195450
vt 0.080532 0.142529
vt 0.124738 0.146396
vt 0.866836 0.869243
vt 0.544222 0.159487
vt 0.543886 0.158983
vt 0.489859 0.159577
vt 0.576086 0.142119
vt 0.126927 0.092042
vt 0.874331 0.144751
vt 0.986666 0.971981
vt 0.986586 0.954431
vt 0.998482 0.958761
vt 0.758165 0.931307
vt 0.284721 0.640632
vt 0.513936 0.747569
vt 0.510776 0.704398
vt 0.732289 0.974729
vt 0.762561 0.979564
vt 0.823224 0.319041
vt 0.775145 0.953150
vt 0.666935 0.710773
vt 0.126756 0.192187
vt 0.405510 0.771108
vt 0.872238 0.093683
vt 0.020884 0.877709
vt 0.020884 0.897801
vt 0.015452 0.886083
vt 0.081614 0.124463
vt 0.079644 0.087369
vt 0.067994 0.804635
vt 0.049975 0.779834
vt 0.059984 0.778242
vt 0.291126 0.634213
vt 0.548728 0.227427
vt 0.121173 0.567760
vt 0.780954 0.935155
vt 0.793328 0.030563
vt 0.792579 0.038537
vt 0.785521 0.045595
vt 0.309191 0.135005
vt 0.428651 0.972987
vt 0.462624 0.964793
vt 0.479761 0.972785
vt 0.764133 0.250833
vt 0.294616 0.630580
vt 0.175989 0.535297
vt 0.167863 0.575313
vt 0.155409 0.574882
vt 0.996819 0.950810
vt 0.436377 0.966427
vt 0.906463 0.699019
vt 0.944160 0.601432
vt 0.933307 0.608434
vt 0.924929 0.593923
vt 0.710538 0.079521
vt 0.743045 0.073789
vt 0.756361 0.078442
vt 0.840585 0.863541
vt 0.150518 0.458827
vt 0.406727 0.754312
vt 0.797508 0.233130
vt 0.995682 0.943804
vt 0.154972 0.005121
vt 0.163040 0.006056
vt 0.168060 0.007401
vt 0.988110 0.939417
vt 0.770612 0.041114
vt 0.767150 0.031100
vt 0.284682 0.612113
vt 0.673324 0.718711
vt 0.026188 0.841032
vt 0.023677 0.827986
vt 0.027711 0.818002
vt 0.603740 0.014917
vt 0.590884 0.014917
vt 0.592175 0.004496
vt 0.170066 0.005043
vt 0.014869 0.487461
vt 0.014869 0.508060
vt 0.011014 0.502052
vt 0.294853 0.612272
vt 0.096662 0.086839
vt 0.139602 0.461192
vt 0.062135 0.015063
vt 0.062135 0.035708
vt 0.055336 0.029067
vt 0.654523 0.461196
vt 0.288696 0.617208
vt 0.179587 0.631456
vt 0.178267 0.646538
vt 0.122554 0.629719
vt 0.137823 0.405370
vt 0.122506 0.461728
vt 0.124519 0.405370
vt 0.122795 0.643590
vt 0.137626 0.459892
vt 0.930227 0.665411
vt 0.289917 0.630099
vt 0.775642 0.861631
vt 0.775984 0.856738
vt 0.612126 0.701727
vt 0.375484 0.816619
vt 0.371514 0.813621
vt 0.013522 0.864517
vt 0.005070 0.862252
vt 0.014840 0.861715
vt 0.313422 0.616324
vt 0.610466 0.706432
vt 0.008193 0.744638
vt 0.006651 0.739893
vt 0.020726 0.738687
vt 0.318174 0.324137
vt 0.328888 0.317951
vt 0.325456 0.350571
vt 0.318026 0.350635
vt 0.642707 0.664090
vt 0.643276 0.657588
vt 0.674556 0.668779
vt 0.674802 0.655010
vt 0.016092 0.821805
vt 0.020324 0.225633
vt 0.020324 0.230538
vt 0.007022 0.225860
vt 0.950832 0.309436
vt 0.950832 0.242082
vt 0.963055 0.242326
vt 0.956978 0.596361
vt 0.956978 0.665460
vt 0.946457 0.664203
vt 0.518918 0.136013
vt 0.512198 0.142733
vt 0.451216 0.139403
vt 0.435524 0.142770
vt 0.366866 0.142770
vt 0.372146 0.137967
vt 0.006555 0.230813
vt 0.314766 0.317612
vt 0.314162 0.389190
vt 0.963614 0.769146
vt 0.963614 0.838121
vt 0.958238 0.806950
vt 0.292846 0.617897
vt 0.605463 0.652276
vt 0.609358 0.666274
vt 0.329442 0.381994
vt 0.778017 0.115174
vt 0.809721 0.120764
vt 0.744784 0.118700
vt 0.150841 0.092938
vt 0.154553 0.086754
vt 0.165680 0.087727
vt 0.113564 0.088693
vt 0.328353 0.445952
vt 0.548693 0.664804
vt 0.330589 0.249557
vt 0.327930 0.255009
vt 0.319693 0.247101
vt 0.303355 0.335278
vt 0.317186 0.700189
vt 0.379920 0.652723
vt 0.426467 0.699270
vt 0.929634 0.371391
vt 0.867280 0.349920
vt 0.924133 0.301323
vt 0.395420 0.744571
vt 0.398377 0.727803
vt 0.502539 0.740683
vt 0.900941 0.387577
vt 0.869197 0.345569
vt 0.358675 0.665402
vt 0.887299 0.377064
vt 0.371608 0.250733
vt 0.322469 0.693191
vt 0.011727 0.464367
vt 0.279220 0.012422
vt 0.272796 0.003580
vt 0.279061 0.003506
s 1
usemtl Material.001
f 1265/1/1 1245/2/2 1246/3/3
f 1246/4/3 1258/5/4 1265/6/1
f 1025/7/5 1113/8/6 1120/9/7
f 1113/10/8 1025/11/8 1114/12/8
f 1025/13/9 1115/14/9 1114/15/9
f 1258/16/10 1246/17/10 1278/18/10
f 1246/3/3 1245/2/2 1275/19/11
f 1007/20/12 1113/8/6 1116/21/13
f 1007/20/12 1120/9/7 1113/8/6
f 1258/5/4 1025/22/14 1265/6/1
f 1258/23/15 1115/24/15 1025/25/15
f 1275/26/16 1245/27/16 1264/28/16
f 1258/29/17 1247/30/18 1115/31/19
f 1116/32/20 1117/33/20 1007/34/20
f 1120/35/7 1007/36/12 1117/37/21
f 1010/38/22 1008/39/23 1017/40/24
f 1248/41/25 1250/42/26 1252/43/27
f 1249/44/28 1256/45/28 1260/46/28
f 1249/47/29 1250/48/29 1256/49/29
f 1116/50/30 1009/51/30 1117/52/30
f 1252/53/31 1248/54/31 1251/55/31
f 969/56/32 972/57/32 970/58/32
f 1250/59/33 1248/60/33 1255/61/33
f 1010/62/22 1017/63/24 1011/64/34
f 1010/62/22 1011/64/34 1012/65/35
f 1012/66/35 1027/67/36 1010/38/22
f 1250/68/37 1254/69/37 1252/70/37
f 1017/63/24 1016/71/38 1011/64/34
f 1249/72/39 1254/73/39 1250/74/39
f 1245/2/2 1265/1/1 1277/75/40
f 1114/76/41 1126/77/42 1113/78/43
f 1012/65/35 1011/64/34 1026/79/44
f 1265/80/45 1268/81/45 1277/82/45
f 1025/83/46 1120/84/46 1013/85/46
f 1116/86/13 1119/87/47 1009/88/48
f 1116/86/13 1113/89/6 1119/87/47
f 1250/90/49 1255/91/49 1256/92/49
f 1247/30/18 1253/93/50 1115/31/19
f 1246/94/3 1275/95/11 1276/96/51
f 1246/94/3 1276/96/51 1269/97/52
f 1014/98/53 1015/99/54 972/100/55
f 1016/101/56 1017/102/56 1023/103/56
f 1252/104/57 1254/105/57 1249/106/57
f 1255/107/58 1248/108/58 1256/109/58
f 1113/89/6 1118/110/59 1119/87/47
f 1114/111/60 1115/112/60 1126/113/60
f 1256/114/61 1248/115/61 1260/116/61
f 1017/40/24 1008/39/23 1023/117/62
f 1018/118/63 1015/99/54 1014/98/53
f 1014/119/53 1257/120/64 1019/121/65
f 1019/122/65 1020/123/66 1014/98/53
f 1014/98/53 1020/123/66 1021/124/67
f 1014/119/53 972/125/55 1257/120/64
f 1014/98/53 1022/126/68 1018/118/63
f 1258/127/17 1278/128/69 1247/129/18
f 1021/124/67 1020/123/66 1023/130/62
f 1020/123/66 1024/131/70 1023/130/62
f 1265/132/71 1025/133/71 1266/134/71
f 1012/135/72 1026/136/72 1027/137/72
f 1019/121/65 1257/120/64 1248/41/73
f 1010/38/22 1027/67/36 1008/39/23
f 972/138/55 1015/139/54 1006/140/74
f 1021/124/67 1023/130/62 1008/141/23
f 1019/121/65 1248/41/73 1259/142/75
f 1018/118/63 1028/143/76 1015/99/54
f 971/144/77 972/145/77 1257/146/77
f 1248/41/73 1261/147/78 1259/142/75
f 1024/148/70 1016/149/79 1023/150/62
f 1257/120/64 1260/151/80 1248/41/73
f 1257/152/64 972/138/55 1260/153/80
f 1008/141/23 1027/154/36 1021/124/67
f 1021/124/67 1029/155/81 1014/98/53
f 972/138/55 973/156/82 1260/153/80
f 1011/157/83 1016/158/83 1026/159/83
f 1261/147/78 1248/41/73 1252/43/84
f 1016/149/79 1024/148/70 1032/160/85
f 1117/37/21 1030/161/86 1120/35/7
f 1261/147/78 1262/162/87 1259/142/75
f 1261/163/88 1252/164/88 1262/165/88
f 1021/124/67 1027/154/36 1029/155/81
f 1014/98/53 1029/155/81 1031/166/89
f 1014/98/53 1031/166/89 1022/126/68
f 1032/167/90 1024/168/90 1121/169/90
f 972/138/55 1006/140/74 973/156/82
f 1249/170/91 1262/171/91 1252/172/91
f 1018/118/63 1022/126/68 1028/143/76
f 1016/149/79 1032/160/85 1026/173/92
f 1259/142/75 1262/162/87 1277/174/93
f 1028/143/76 928/175/94 1015/99/54
f 1038/176/95 1027/154/36 1026/177/92
f 1245/178/96 1263/179/96 1264/180/96
f 1027/154/36 1038/176/95 1029/155/81
f 1260/153/80 973/156/82 1249/181/97
f 1249/182/97 973/156/82 1262/183/98
f 1119/184/99 1117/185/99 1009/186/99
f 1265/187/100 1266/188/100 1267/189/100
f 1026/173/92 1032/160/85 1038/190/95
f 1020/123/66 1019/122/65 1024/131/70
f 1019/121/65 1259/142/75 1024/191/70
f 1038/192/101 1032/193/101 1029/194/101
f 1115/195/19 1253/196/50 1126/197/102
f 1265/198/103 1267/199/104 1268/200/105
f 1113/201/106 1122/202/106 1118/203/106
f 1275/204/107 1264/205/107 1276/206/107
f 1022/207/68 1031/208/89 1032/209/108
f 1029/155/81 1032/210/108 1031/166/89
f 973/156/82 975/211/109 1262/183/98
f 1246/94/3 1269/97/52 1285/212/110
f 1245/213/111 1277/214/111 1263/215/111
f 975/211/109 973/156/82 1006/140/74
f 1262/216/112 975/217/112 1277/218/112
f 1028/143/76 933/219/113 928/175/94
f 1015/139/54 930/220/114 1006/140/74
f 1118/221/59 1030/222/86 1119/223/47
f 1276/224/51 1263/225/115 1269/226/52
f 1276/224/51 1264/227/116 1263/225/115
f 1247/228/117 1267/229/117 1266/230/117
f 1247/231/118 1266/232/118 1253/233/118
f 1117/234/21 1119/223/47 1030/222/86
f 1025/235/119 1013/236/119 1266/237/119
f 928/238/94 931/239/120 1015/240/54
f 1032/209/108 1033/241/121 1022/207/68
f 1259/142/75 1277/174/93 1024/242/70
f 1267/199/104 1247/129/18 1278/128/69
f 928/238/94 933/243/113 929/244/122
f 928/238/94 929/244/122 931/239/120
f 1032/245/123 1135/246/123 1033/247/123
f 1120/248/7 1030/249/86 1131/250/124
f 1006/140/74 930/220/114 934/251/125
f 1006/252/74 974/253/126 975/254/109
f 1113/78/43 1126/77/42 1122/255/127
f 1267/199/104 1278/128/69 1268/200/105
f 1120/256/128 1131/257/128 1013/258/128
f 1028/143/76 1022/126/68 933/219/113
f 1015/240/54 931/239/120 930/259/114
f 1253/196/50 1266/260/129 1126/197/102
f 1024/261/130 1277/262/130 1121/263/130
f 1246/94/3 1285/212/110 1278/264/69
f 974/265/126 1006/266/74 976/267/131
f 1118/268/59 1122/269/132 1127/270/133
f 935/271/134 931/272/120 932/273/135
f 1032/274/136 1121/275/136 1135/276/136
f 975/254/109 974/253/126 1292/277/137
f 1033/278/121 1034/279/138 1022/280/68
f 1033/281/121 1125/282/139 1034/279/138
f 929/244/122 933/243/113 931/239/120
f 1278/283/69 1291/284/140 1268/285/105
f 1030/249/86 1118/268/59 1127/270/133
f 932/273/135 931/272/120 933/286/113
f 1263/287/115 1279/288/141 1285/289/110
f 1263/287/115 1285/289/110 1269/290/52
f 930/259/114 931/239/120 934/291/125
f 1006/266/74 934/292/125 976/267/131
f 1277/293/142 1279/294/142 1263/295/142
f 935/296/134 932/297/135 936/298/143
f 1266/260/129 1013/299/144 1126/197/102
f 935/296/134 936/298/143 980/300/145
f 935/301/146 934/302/146 931/303/146
f 1123/304/147 1124/305/148 1128/306/149
f 1022/280/68 1034/279/138 1035/307/150
f 1030/249/86 1127/270/133 1131/250/124
f 1280/308/151 1282/309/152 1281/310/153
f 933/311/113 956/312/154 937/313/155
f 1126/197/102 1013/299/144 1271/314/156
f 1282/309/152 1280/308/151 1309/315/157
f 977/316/158 978/317/158 979/318/158
f 932/297/135 933/311/113 936/298/143
f 934/319/159 935/320/159 980/321/159
f 1125/322/160 1033/323/160 1066/324/160
f 1282/309/152 1309/315/157 1297/325/161
f 1035/307/150 1034/279/138 1036/326/162
f 1278/283/69 1285/327/110 1291/284/140
f 1282/328/152 1289/329/163 1281/330/153
f 1121/331/164 1268/332/165 1131/333/124
f 1121/334/166 1277/335/166 1268/336/166
f 1022/280/68 1035/307/150 956/337/154
f 933/311/113 937/313/155 936/298/143
f 1280/308/151 1281/310/153 1283/338/167
f 1282/328/152 1297/339/161 1289/329/163
f 974/340/126 976/267/131 981/341/168
f 1126/342/169 1271/343/169 1127/344/169
f 1126/345/170 1127/346/170 1122/347/170
f 1125/282/139 1036/326/162 1034/279/138
f 980/300/145 936/298/143 982/348/171
f 1125/282/139 1094/349/172 1036/326/162
f 933/219/113 1022/126/68 956/350/154
f 976/267/131 934/292/125 981/341/168
f 1124/351/148 1123/352/147 1130/353/173
f 1124/354/174 1130/355/174 1128/356/174
f 1291/357/175 1287/358/175 1268/359/175
f 1291/360/176 1285/361/176 1223/362/176
f 1127/363/177 1271/364/177 1122/365/177
f 1126/366/178 1122/367/178 1271/368/178
f 956/337/154 1035/307/150 968/369/179
f 1121/331/164 1131/333/124 1129/370/180
f 1123/371/147 1128/372/149 1158/373/181
f 968/369/179 1035/307/150 1036/326/162
f 1271/374/182 1013/375/182 1131/376/182
f 1128/377/149 1130/378/183 1147/379/184
f 980/380/145 982/381/171 983/382/185
f 1271/314/186 1143/383/187 1126/197/188
f 1281/384/153 1289/385/163 1283/386/167
f 934/292/125 984/387/189 981/341/168
f 1297/325/161 1309/315/157 1284/388/190
f 1128/377/149 1147/379/184 1134/389/191
f 1271/390/192 1131/391/193 1287/392/194
f 1287/393/194 1131/394/193 1268/395/195
f 1138/396/196 1137/397/196 1132/398/196
f 1132/399/197 1137/400/197 1133/401/197
f 1134/402/191 1141/403/198 1128/372/149
f 1223/404/199 1285/405/199 1308/406/199
f 1291/407/200 1286/408/200 1287/409/200
f 1135/410/201 1121/411/201 1129/412/201
f 1123/413/147 1158/414/181 1136/415/202
f 1128/372/149 1141/403/198 1158/373/181
f 1287/416/203 1270/417/204 1271/418/186
f 1122/255/205 1126/77/188 1058/419/206
f 1287/420/207 1286/421/207 1168/422/207
f 936/298/143 988/423/208 982/348/171
f 1133/424/209 1274/425/210 1132/426/211
f 1277/427/212 975/428/213 1288/429/214
f 981/341/168 984/387/189 985/430/215
f 1138/431/216 1272/432/217 1137/433/217
f 1122/269/205 1058/434/206 1127/270/133
f 1123/352/147 1136/435/202 1130/353/173
f 936/298/143 937/313/155 938/436/218
f 1137/437/219 1274/438/219 1133/439/219
f 1280/308/151 1283/338/167 1309/315/157
f 1309/315/157 1295/440/220 1284/388/190
f 1132/441/221 1144/442/221 1138/443/221
f 986/444/222 982/445/222 988/446/222
f 1127/270/133 1150/447/223 1131/250/124
f 1277/448/212 1174/449/224 1279/450/225
f 986/451/226 988/452/226 987/453/226
f 986/454/227 987/455/227 982/456/227
f 1131/250/124 1153/457/228 1091/458/229
f 1289/459/230 1298/460/231 1290/461/232
f 1138/462/233 1144/463/233 1272/464/233
f 1136/415/202 1158/414/181 1139/465/234
f 1279/466/141 1219/467/235 1285/468/110
f 1223/469/236 1168/470/237 1291/471/238
f 1126/197/188 1143/383/187 1088/472/239
f 968/473/240 1037/474/240 956/475/240
f 1289/476/241 1290/477/241 1226/478/241
f 1130/353/173 1136/435/202 1149/479/242
f 1271/418/186 1270/417/204 1143/480/187
f 1134/389/191 1147/379/184 1140/481/243
f 1279/482/244 1270/483/244 1219/484/244
f 1287/485/245 1168/486/245 1270/487/245
f 1309/315/157 1283/338/167 1209/488/246
f 1291/489/247 1168/490/247 1286/491/247
f 1292/492/248 1293/493/248 975/494/248
f 1272/432/217 1273/495/249 1137/433/217
f 1137/496/250 1273/497/250 1274/498/250
f 1274/425/210 1144/499/251 1132/426/211
f 1289/459/230 1306/500/252 1298/460/231
f 1127/270/133 1058/434/206 1150/447/223
f 982/381/171 988/501/253 983/382/185
f 1283/386/167 1289/385/163 1226/502/254
f 1147/503/184 1130/504/183 1141/505/198
f 1297/506/161 1284/507/190 1294/508/255
f 1158/509/256 1142/510/256 1148/511/256
f 1141/505/198 1130/504/183 1158/512/181
f 1158/414/181 1148/513/257 1139/465/234
f 1295/514/220 1309/515/157 1298/516/258
f 1131/517/124 1091/518/229 1129/519/180
f 1279/450/225 1174/449/224 1270/520/259
f 1283/338/167 1206/521/260 1209/488/246
f 980/522/145 997/523/261 934/292/125
f 987/524/262 988/525/262 982/526/262
f 1273/527/263 1272/528/263 1274/529/263
f 1153/530/264 1143/531/264 1270/532/264
f 1298/516/258 1296/533/265 1295/514/220
f 981/341/168 985/430/215 974/340/126
f 1295/534/220 1296/535/265 1214/536/266
f 1144/537/267 1274/538/267 1272/539/267
f 1283/386/167 1226/502/254 1206/540/260
f 1141/541/268 1039/542/268 1156/543/268
f 1289/544/269 1297/545/269 1306/546/269
f 1302/547/270 1154/548/270 1270/549/270
f 1131/250/124 1150/447/223 1153/457/228
f 1285/468/110 1219/467/235 1308/550/271
f 1153/551/272 1270/552/272 1154/553/272
f 1134/402/191 1041/554/273 1141/403/198
f 1298/555/258 1309/556/157 1213/557/274
f 1284/388/190 1295/440/220 1294/558/255
f 1299/559/275 1301/560/275 1308/561/275
f 1151/562/276 1145/563/277 1048/564/278
f 1154/565/279 1302/566/280 1161/567/281
f 1301/568/282 1303/569/282 1308/570/282
f 1300/571/283 1227/572/284 1298/573/231
f 1039/574/285 1051/575/286 1156/576/287
f 1134/402/191 1140/577/243 1041/554/273
f 1048/578/278 1145/579/277 1146/580/288
f 1048/564/278 1058/581/289 1151/562/276
f 1298/582/231 1306/583/252 1300/584/290
f 1162/585/291 1163/586/292 1165/587/293
f 1147/588/184 1141/589/198 1052/590/294
f 938/436/218 962/591/295 936/298/143
f 1139/592/234 1148/593/257 1136/435/202
f 1130/594/296 1149/595/296 1158/596/296
f 1303/597/297 1301/598/298 1307/599/299
f 1298/555/258 1213/557/274 1300/600/300
f 1290/601/232 1298/573/231 1227/572/284
f 1219/602/301 1270/603/301 1168/604/301
f 1151/605/302 1058/606/302 1089/607/302
f 1150/608/223 1143/609/187 1153/610/228
f 1302/611/303 1270/612/304 1304/613/305
f 1125/614/306 1066/615/306 1094/616/306
f 1162/617/291 1166/618/307 1163/619/292
f 1158/620/308 1149/621/308 1054/622/308
f 938/436/218 937/313/155 962/591/295
f 1048/623/309 1057/624/309 1058/625/309
f 1163/586/292 1176/626/310 1165/587/293
f 1048/627/278 1089/628/311 1058/629/312
f 1046/630/313 1044/631/314 1040/632/315
f 1206/521/260 1207/633/316 1209/488/246
f 1298/516/258 1300/634/317 1296/533/265
f 1088/635/239 1143/609/187 1150/608/223
f 1141/589/198 1156/636/318 1052/590/294
f 1302/566/280 1172/637/319 1161/567/281
f 1151/638/320 1089/639/320 1152/640/320
f 1048/627/278 1146/641/288 1089/628/311
f 1041/642/321 1042/643/321 1141/644/321
f 1145/645/322 1151/646/322 1152/647/322
f 1163/619/292 1166/618/307 1164/648/323
f 1141/649/324 1042/650/324 1039/651/324
f 1303/652/325 1307/653/325 1308/654/325
f 1163/655/326 1164/656/326 1176/657/326
f 1270/658/327 1175/659/327 1304/660/327
f 1140/661/243 1063/662/328 1041/663/273
f 1299/664/329 1308/665/329 1208/666/329
f 1314/667/330 1211/668/331 1312/669/332
f 1299/670/333 1208/671/334 1301/672/298
f 1150/447/223 1058/434/206 1057/673/335
f 1270/674/336 1174/675/336 1175/676/336
f 1046/677/313 1043/678/337 1044/679/314
f 1162/680/338 1165/681/338 1166/682/338
f 1299/683/339 1205/684/340 1224/685/341
f 1146/580/288 1145/579/277 1152/686/342
f 1301/672/298 1208/671/334 1216/687/343
f 1300/688/344 1213/689/344 1305/690/344
f 1297/691/345 1313/692/345 1306/693/345
f 1129/519/180 1091/518/229 1095/694/346
f 1058/695/347 1045/696/347 1048/697/347
f 1302/698/348 1173/699/348 1172/700/348
f 1299/701/349 1308/702/349 1205/703/349
f 1153/704/228 1154/705/350 1155/706/351
f 1044/631/314 1056/707/352 1040/632/315
f 1301/598/298 1216/708/343 1307/599/299
f 1302/611/303 1304/613/305 1173/709/353
f 1136/435/202 1148/593/257 1149/479/242
f 980/710/145 983/711/185 997/712/261
f 1293/713/354 1292/277/137 974/253/126
f 1156/576/287 1051/575/286 1059/714/355
f 1033/715/356 1135/716/356 1066/717/356
f 1206/718/357 1244/719/357 1207/720/357
f 1156/721/358 1059/722/358 1158/723/358
f 1307/724/359 1208/725/359 1308/726/359
f 936/298/143 962/591/295 988/727/208
f 1158/728/360 1054/729/360 1156/730/360
f 974/253/126 989/731/361 1293/713/354
f 1309/732/362 1310/733/362 1213/734/362
f 1312/735/363 1315/736/363 1311/737/363
f 1312/669/332 1211/668/331 1315/738/364
f 1056/739/365 1152/740/342 1040/741/366
f 1216/742/367 1208/743/367 1211/744/367
f 1056/739/365 1146/745/288 1152/740/342
f 1164/746/368 1167/747/368 1176/748/368
f 1165/749/369 1086/750/369 1166/751/369
f 1297/506/161 1294/508/255 1229/752/370
f 1165/753/371 1152/754/371 1086/755/371
f 1153/704/228 1155/706/351 1157/756/372
f 1167/757/373 1307/758/373 1176/759/373
f 1044/760/374 1055/761/374 1056/762/374
f 1152/763/375 1089/764/375 1086/765/375
f 1167/766/376 1208/767/376 1307/768/376
f 1155/769/377 1154/770/377 1096/771/377
f 1153/457/228 1157/772/372 1091/458/229
f 1221/773/378 1222/774/379 1312/775/332
f 1164/648/323 1166/618/307 1169/776/380
f 1309/315/157 1209/488/246 1310/777/381
f 1297/506/161 1229/752/370 1313/778/382
f 974/340/126 985/430/215 990/779/383
f 1286/780/384 1168/781/384 1186/782/384
f 1140/481/243 1147/379/184 1063/783/328
f 1312/775/332 1222/774/379 1314/784/330
f 1150/785/385 1057/786/385 1087/787/385
f 1296/788/386 1300/789/386 1305/790/386
f 1046/791/387 1040/792/387 1049/793/387
f 1152/794/388 1062/795/388 1040/796/388
f 1207/797/316 1244/798/389 1209/799/246
f 1156/800/318 1059/801/355 1052/802/294
f 1089/803/311 1146/804/288 1061/805/390
f 1165/806/391 1171/807/391 1062/808/391
f 1164/809/323 1169/810/380 1177/811/392
f 1152/812/393 1165/813/393 1062/814/393
f 1168/470/237 1223/469/236 1170/815/394
f 1293/816/354 1288/429/214 975/428/213
f 1150/817/223 1087/818/395 1088/819/239
f 1208/820/396 1218/821/397 1211/822/398
f 1175/823/399 1178/824/400 1304/825/401
f 1092/826/402 1172/827/319 1185/828/403
f 1172/827/319 1092/826/402 1161/829/281
f 1227/572/284 1226/830/254 1290/601/232
f 1206/540/260 1226/502/254 1244/831/389
f 1166/832/307 1086/833/404 1169/834/380
f 1168/835/405 1170/836/405 1219/837/405
f 1043/678/337 1046/677/313 1047/838/406
f 1048/839/407 1060/840/407 1057/841/407
f 1048/842/408 1045/843/408 1060/844/408
f 1213/845/409 1310/846/409 1210/847/409
f 1046/677/313 1049/848/410 1047/838/406
f 1089/849/411 1061/850/411 1086/851/411
f 1158/852/412 1159/853/412 1148/854/412
f 1158/855/413 1059/856/414 1050/857/415
f 1295/440/220 1229/858/370 1294/558/255
f 1211/859/416 1217/860/416 1315/861/416
f 1312/862/417 1315/863/417 1221/864/417
f 1056/865/365 1061/805/390 1146/804/288
f 1218/866/397 1208/867/396 1212/868/418
f 1039/869/285 1042/870/419 1051/871/286
f 1296/535/265 1215/872/420 1214/536/266
f 1307/873/421 1216/874/421 1212/875/421
f 1147/876/184 1052/877/294 1065/878/422
f 1305/879/423 1215/880/423 1296/881/423
f 1211/882/424 1218/883/424 1217/884/424
f 1161/885/425 1096/886/425 1154/887/425
f 1161/888/426 1092/889/427 1096/890/428
f 1211/891/429 1217/892/429 1216/893/429
f 1148/894/257 1159/895/430 1149/896/242
f 1092/889/427 1155/897/431 1096/890/428
f 1307/898/432 1212/899/432 1176/900/432
f 1057/901/433 1058/902/206 1087/903/434
f 1167/904/435 1177/905/435 1208/906/435
f 1092/907/436 1161/908/437 1155/909/438
f 1213/910/439 1210/911/439 1305/912/439
f 1161/908/437 1096/913/440 1155/909/438
f 1185/914/441 1304/915/441 1172/916/441
f 1165/917/293 1176/918/310 1171/919/442
f 1092/920/443 1185/921/443 1181/922/443
f 1306/583/252 1313/923/382 1300/584/290
f 1208/924/444 1177/925/444 1212/926/444
f 1299/927/445 1224/928/445 1308/929/445
f 1211/668/331 1314/667/330 1217/930/446
f 1043/678/337 1055/931/447 1044/679/314
f 1158/932/448 1072/933/449 1159/934/430
f 1149/935/242 1053/936/450 1054/937/451
f 1055/938/452 1064/939/452 1056/940/452
f 1155/941/351 1090/942/453 1157/943/372
f 1219/944/454 1308/945/454 1224/946/454
f 1057/947/455 1060/948/455 1058/949/455
f 1314/950/456 1222/951/456 1217/952/456
f 1156/953/457 1054/954/457 1059/955/457
f 1041/956/458 1077/957/458 1042/958/458
f 1172/959/459 1182/960/460 1185/961/461
f 1043/678/337 1047/838/406 1055/931/447
f 1058/962/462 1060/963/462 1045/964/462
f 1185/965/463 1184/966/463 1181/967/463
f 1052/877/294 1077/968/464 1065/878/422
f 1216/969/465 1218/970/465 1212/971/465
f 1169/972/466 1204/973/466 1177/974/466
f 1171/975/467 1086/976/467 1062/977/467
f 1185/978/468 1182/979/468 1304/980/468
f 1176/981/469 1212/982/469 1177/983/469
f 1092/984/470 1180/985/470 1161/986/470
f 1214/987/266 1215/988/420 1230/989/471
f 1061/990/390 1062/991/472 1086/992/473
f 1216/993/474 1217/994/474 1218/995/474
f 1061/990/390 1056/996/365 1062/991/472
f 1056/996/365 1040/997/475 1062/991/472
f 1086/833/404 1204/998/476 1169/834/380
f 1308/999/477 1219/1000/477 1196/1001/477
f 1147/1002/184 1068/1003/478 1063/1004/328
f 1205/1005/479 1220/1006/479 1174/1007/479
f 1315/1008/480 1217/1009/481 1221/1010/378
f 1310/1011/381 1209/799/246 1234/1012/482
f 1304/825/483 1178/824/484 1185/1013/485
f 1056/707/486 1064/1014/487 1040/632/488
f 1173/1015/353 1182/1016/460 1172/1017/459
f 1091/1018/489 1060/1019/489 1095/1020/489
f 1161/1021/490 1097/1022/491 1096/1023/492
f 1217/1009/481 1222/1024/379 1221/1010/378
f 1308/1025/493 1196/1026/494 1223/1027/494
f 1219/1028/495 1224/1029/495 1205/1030/495
f 1155/1031/496 1092/1032/496 1180/1033/496
f 1052/802/294 1059/801/355 1077/1034/464
f 1170/1035/394 1223/1036/236 1186/1037/497
f 1091/1038/229 1157/1039/372 1093/1040/498
f 1159/895/430 1075/1041/499 1149/896/242
f 1304/1042/500 1182/1043/500 1178/1044/500
f 1304/1045/305 1178/1046/400 1173/1047/353
f 984/387/189 934/292/125 995/1048/501
f 1171/919/442 1176/918/310 1179/1049/502
f 1055/1050/447 1047/1051/406 1049/1052/410
f 1147/1002/184 1065/1053/422 1068/1003/478
f 1135/1054/503 1129/1055/504 1066/1056/505
f 1174/1057/506 1220/1058/507 1175/1059/399
f 1054/937/451 1053/936/450 1059/1060/414
f 1161/1021/490 1180/1061/508 1097/1022/491
f 1226/1062/254 1225/1063/509 1244/1064/389
f 1295/440/220 1237/1065/510 1229/858/370
f 1063/662/328 1068/1066/478 1041/663/273
f 1214/1067/511 1237/1068/511 1295/1069/511
f 1088/472/239 1160/1070/512 1126/197/188
f 1215/1071/513 1305/1072/513 1230/1073/513
f 1171/1074/442 1204/1075/476 1086/1076/404
f 1158/1077/514 1050/1078/514 1067/1079/514
f 1040/1080/515 1064/1081/515 1049/1082/515
f 1158/932/448 1067/1083/516 1072/933/449
f 1060/1084/517 1091/1085/517 1093/1086/517
f 1313/1087/382 1239/1088/518 1305/1089/519
f 1176/1090/520 1177/1091/520 1179/1092/520
f 1226/1093/254 1227/1094/284 1228/1095/521
f 1205/684/522 1220/1096/523 1224/685/524
f 1313/1097/382 1305/1098/519 1300/1099/290
f 1227/1100/284 1300/1099/283 1305/1098/519
f 1310/1101/381 1234/1102/482 1210/1103/525
f 1049/1052/410 1064/1104/526 1055/1050/447
f 939/1105/527 945/1106/528 951/1107/529
f 939/1105/527 951/1107/529 947/1108/530
f 940/1109/531 941/1110/532 950/1111/533
f 942/1112/534 947/1113/535 941/1110/532
f 941/1110/532 940/1109/531 942/1112/534
f 1185/1114/485 1178/1115/484 1182/1116/536
f 943/1117/537 945/1106/528 939/1105/527
f 1277/448/212 1220/1118/507 1174/449/224
f 940/1109/531 950/1111/533 943/1119/538
f 1237/1120/510 1316/1121/539 1229/1122/370
f 1088/819/239 1087/818/395 1160/1123/512
f 1129/519/180 1095/694/346 817/1124/540
f 1042/870/419 1077/1125/464 1051/871/286
f 1293/713/354 989/731/361 1288/1126/214
f 1227/1094/284 1305/1089/519 1228/1095/521
f 1171/1074/442 1179/1127/502 1204/1075/476
f 1229/752/370 1316/1128/539 1313/778/382
f 943/1117/537 939/1105/527 947/1108/530
f 943/1119/538 947/1113/535 944/1129/541
f 988/1130/253 961/1131/542 964/1132/543
f 943/1119/538 944/1129/541 940/1109/531
f 944/1129/541 947/1113/535 942/1112/534
f 1092/1133/544 1181/1134/544 1180/1135/544
f 950/1136/545 649/1137/545 943/1138/545
f 1059/856/414 1067/1139/546 1050/857/415
f 1094/1140/547 1066/1141/547 1082/1142/547
f 1051/575/286 1077/1143/464 1059/714/355
f 1077/1144/548 1041/1145/548 1068/1146/548
f 1226/1062/254 1228/1095/521 1225/1063/509
f 1218/1147/549 1235/1148/550 1212/1149/551
f 1053/936/450 1067/1150/546 1059/1060/414
f 943/1151/552 649/1152/552 945/1153/552
f 1160/1154/512 1108/1155/553 1126/1156/188
f 984/387/189 991/1157/554 985/430/215
f 1214/1158/266 1230/1159/471 1237/1160/510
f 1235/1148/550 1218/1147/549 1231/1161/555
f 968/1162/556 946/1163/556 1037/1164/556
f 1218/866/549 1212/868/551 1231/1165/555
f 1181/1166/557 1182/1167/557 1180/1168/557
f 1182/1169/558 1181/1170/558 1184/1171/558
f 1210/1103/525 1234/1102/482 1305/1172/559
f 1178/1173/400 1175/1059/399 1183/1174/560
f 947/1175/561 948/1176/561 943/1177/561
f 1316/1121/539 1237/1120/510 1232/1178/562
f 941/1179/532 949/1180/563 950/1181/533
f 1209/799/246 1244/798/389 1233/1182/564
f 945/1183/528 958/1184/565 951/1185/529
f 1053/1186/450 1065/1187/422 1067/1188/546
f 1068/1189/478 1065/1190/422 1069/1191/566
f 1230/1192/567 1305/1193/567 1234/1194/567
f 1067/1188/546 1065/1187/422 1077/1195/464
f 968/369/179 1094/349/172 946/1196/568
f 1305/1089/519 1239/1088/518 1228/1095/521
f 1095/1197/569 1060/1198/569 1093/1199/569
f 1175/1059/399 1220/1058/507 1183/1174/560
f 988/1130/253 964/1132/543 983/711/185
f 942/1112/534 940/1109/531 944/1129/541
f 1316/1200/539 1241/1201/570 1313/1202/382
f 991/1157/554 990/779/383 985/430/215
f 1072/933/449 1076/1203/571 1159/934/430
f 1157/1039/372 1090/1204/453 1093/1040/498
f 1155/1205/351 1096/1206/492 1097/1207/491
f 1244/1208/389 1225/1209/509 1233/1210/564
f 968/369/179 1036/326/162 1094/349/172
f 1230/1159/471 1234/1211/482 1237/1160/510
f 1159/934/430 1076/1203/571 1075/1212/499
f 941/1179/532 952/1213/572 949/1180/563
f 1178/1046/400 1183/1214/560 1173/1047/353
f 1182/1215/460 828/1216/573 1180/1061/508
f 1313/1202/382 1241/1201/570 1239/1217/518
f 1209/799/246 1233/1182/564 1234/1012/482
f 1068/1218/574 1070/1219/574 1077/1220/574
f 988/1221/575 953/1222/575 958/1223/575
f 1058/1224/206 1126/1225/188 1108/1226/553
f 1068/1189/478 1069/1191/566 1070/1227/576
f 1316/1121/539 1232/1178/562 1241/1228/570
f 1212/868/551 1235/1229/550 1231/1165/555
f 1098/1230/577 1102/1231/578 1099/1232/579
f 937/1233/155 956/1234/154 962/1235/295
f 1149/896/242 1075/1041/499 1071/1236/580
f 1067/1237/581 1077/1238/581 1072/1239/581
f 1053/936/450 1074/1240/582 1065/1241/422
f 1093/1242/498 811/1243/583 1095/694/346
f 1053/936/450 1149/935/242 1074/1240/582
f 974/253/126 992/1244/584 989/731/361
f 1155/1205/351 1097/1207/491 828/1245/573
f 1098/1246/577 1099/1247/579 1101/1248/585
f 1100/1249/586 1098/1250/586 1102/1251/586
f 1090/1252/587 1087/1253/587 1160/1254/587
f 1182/1255/588 1184/1256/588 1192/1257/588
f 1185/961/589 1182/960/590 1198/1258/591
f 1058/1224/206 1108/1226/553 752/1259/592
f 1223/1027/494 1196/1026/494 1236/1260/593
f 1180/1061/508 828/1216/573 1097/1022/491
f 1223/1261/594 1236/1262/594 1186/1263/594
f 1065/1190/422 1073/1264/595 1069/1191/566
f 1065/1190/422 1074/1265/582 1073/1264/595
f 1149/896/242 1071/1236/580 1074/1265/582
f 1183/1214/560 870/1266/596 1173/1047/353
f 1233/1182/564 1240/1267/597 1234/1012/482
f 1095/694/346 811/1243/583 817/1124/540
f 1232/1178/562 1237/1120/510 1241/1228/570
f 1098/1268/577 1101/1269/585 1102/1270/578
f 1228/1095/521 1239/1088/518 1225/1063/509
f 1182/1271/590 1192/1272/598 1198/1273/591
f 988/727/208 962/591/295 953/1274/599
f 1184/1275/600 1185/1276/589 1192/1277/601
f 988/1278/602 958/1279/602 961/1280/602
f 1058/902/206 752/1281/592 1087/903/434
f 1075/1282/499 1076/1283/571 1071/1284/580
f 1189/1285/603 1202/1286/603 1186/1287/603
f 974/1288/604 994/1289/604 992/1290/604
f 1219/1291/605 1170/1292/605 1196/1293/605
f 1237/1294/510 1234/1295/482 1238/1296/606
f 1077/1297/607 1070/1298/608 1079/1299/609
f 983/711/185 964/1132/543 997/712/261
f 1077/1297/607 1079/1299/609 1072/933/449
f 1173/1015/353 872/1300/610 1182/1016/460
f 1239/1301/518 1241/1302/570 1242/1303/611
f 1233/1210/564 1225/1209/509 1240/1304/597
f 1182/1016/460 872/1300/610 828/1305/573
f 1241/1306/570 1237/1294/510 1238/1296/606
f 1072/933/449 1079/1299/609 1076/1203/571
f 1071/1236/580 1078/1307/612 1074/1265/582
f 958/1184/565 945/1183/528 954/1308/613
f 1239/1301/518 1242/1303/611 1225/1309/509
f 1099/1232/579 1102/1231/578 1104/1310/614
f 950/1181/533 949/1180/563 967/1311/615
f 1070/1227/576 1069/1191/566 1073/1264/595
f 1074/1265/582 1079/1312/609 1073/1264/595
f 1234/1012/482 1242/1313/611 1238/1314/606
f 1234/1012/482 1240/1267/597 1242/1313/611
f 1074/1265/582 1078/1307/612 1079/1312/609
f 955/1315/616 951/1185/529 958/1184/565
f 956/1316/617 1037/1317/617 957/1318/617
f 984/387/189 995/1048/501 991/1157/554
f 1183/1174/560 1220/1058/507 1187/1319/618
f 947/1320/619 951/1321/619 653/1322/619
f 1242/1323/620 1241/1324/620 1238/1325/620
f 1079/1326/621 1070/1327/621 1073/1328/621
f 989/731/361 992/1244/584 993/1329/622
f 1090/1204/453 1103/1330/623 1093/1040/498
f 1099/1247/579 1104/1331/624 1101/1248/585
f 961/1332/625 958/1333/625 954/1334/625
f 992/1244/584 994/1335/626 993/1329/622
f 951/1185/529 955/1315/616 650/1336/627
f 1071/1284/580 1076/1283/571 1078/1337/612
f 974/340/126 990/779/383 994/1338/626
f 1240/1304/597 1225/1209/509 1242/1339/611
f 1079/1340/609 1078/1337/612 1076/1283/571
f 1235/1148/628 1231/1161/629 1193/1341/630
f 1277/1342/212 1288/1343/214 1220/1344/507
f 1180/1345/631 1191/1346/631 1092/1347/632
f 1066/1056/505 1129/1055/504 1080/1348/633
f 1087/818/434 820/1349/634 1160/1123/512
f 1099/1232/635 1104/1310/636 1108/1350/637
f 1220/1344/507 1288/1343/214 1188/1351/638
f 993/1329/622 1288/1126/214 989/731/361
f 934/292/125 997/523/261 995/1048/501
f 1081/1352/639 1106/1353/639 1083/1354/639
f 1185/1276/589 1198/1355/591 1192/1277/601
f 1101/1248/585 820/1356/640 1105/1357/641
f 953/1274/599 955/1358/616 958/1359/565
f 1101/1248/585 1104/1331/642 820/1356/640
f 1102/1270/578 1101/1269/585 1105/1360/641
f 1170/1035/394 1186/1037/497 1236/1361/643
f 1090/942/453 1155/941/351 749/1362/644
f 941/1363/532 947/1364/535 959/1365/645
f 941/1179/532 959/1366/645 952/1213/572
f 1173/1047/353 870/1266/596 872/1367/610
f 1083/1368/646 1106/1369/646 1084/1370/646
f 1081/1371/647 1083/1372/647 639/1373/647
f 1190/1374/648 1191/1346/631 1180/1345/631
f 1081/1375/649 1085/1376/650 1106/1377/651
f 1160/1154/512 820/1378/634 1108/1155/553
f 962/591/295 955/1358/616 953/1274/599
f 1155/1205/351 828/1245/573 749/1379/644
f 1066/1380/652 645/1381/652 1082/1382/652
f 1105/1383/641 1104/1384/614 1102/1385/578
f 1103/1330/623 811/1386/583 1093/1040/498
f 1177/1387/653 855/1388/653 1179/1389/653
f 956/1234/154 957/1390/654 962/1235/295
f 1220/1058/507 1188/1391/638 1187/1319/618
f 1066/1056/505 1080/1348/633 645/1392/655
f 990/779/383 991/1157/554 994/1338/626
f 1231/1393/656 1193/1394/656 1111/1395/656
f 954/1396/657 960/1397/657 961/1398/657
f 961/1399/658 960/1400/658 963/1401/658
f 1104/1402/659 1108/1403/659 820/1404/659
f 1187/1319/618 1188/1391/638 1203/1405/660
f 1094/349/172 1082/1406/661 946/1196/568
f 1236/1361/643 1194/1407/662 1170/1035/394
f 950/1181/533 967/1311/615 649/1408/663
f 1108/1409/553 1109/1410/664 752/1411/592
f 962/1412/295 963/1413/665 955/1414/616
f 991/1157/554 995/1048/501 994/1338/626
f 1202/1415/666 1189/1416/667 1201/1417/668
f 1037/1418/669 946/1196/568 1082/1406/661
f 994/1338/626 995/1048/501 993/1419/622
f 1190/1420/670 1192/1421/670 1191/1422/670
f 1083/1423/671 1084/1424/671 639/1425/671
f 1106/1426/672 1085/1427/672 1109/1428/672
f 1104/1310/614 1110/1429/673 1108/1350/674
f 1080/1430/675 1129/1431/675 645/1432/675
f 1103/1330/623 1090/1204/453 818/1433/676
f 945/1183/528 960/1434/677 954/1308/613
f 1187/1319/618 1203/1405/660 1195/1435/678
f 1106/1436/679 1109/1437/680 1112/1438/681
f 1104/1384/614 1105/1383/641 1110/1439/673
f 1109/1440/682 1111/1441/682 1107/1442/682
f 1198/1273/683 1192/1272/684 1197/1443/685
f 1081/1444/649 810/1445/686 1085/1446/650
f 1197/1447/685 1192/1448/684 829/1449/687
f 1109/1437/680 1107/1450/688 1112/1438/681
f 1111/1451/689 1193/1452/689 1107/1453/689
f 1183/1174/560 1187/1319/618 1195/1435/678
f 1198/1355/690 829/1454/687 1192/1277/684
f 1108/1455/691 1110/1456/691 1109/1457/691
f 1090/942/453 749/1362/644 818/1458/676
f 945/1183/528 649/1459/692 960/1434/677
f 1081/1444/649 639/1460/693 810/1445/686
f 1109/1461/694 1110/1462/694 752/1463/694
f 1288/1343/214 1199/1464/695 1188/1351/638
f 1183/1465/696 1195/1466/696 870/1467/696
f 1109/1468/697 1110/1469/698 1111/1470/699
f 1129/1471/700 817/1472/700 643/1473/700
f 1112/1474/681 1085/1475/701 1106/1476/679
f 1103/1330/623 818/1477/676 811/1386/583
f 1170/1035/394 1194/1407/662 1201/1478/702
f 637/1479/703 1129/1480/703 643/1481/703
f 1085/1482/701 1110/1469/698 1109/1468/704
f 961/1483/705 963/1484/705 964/1485/705
f 1110/1486/698 1085/1475/701 1112/1474/681
f 1112/1474/681 1107/1487/688 1110/1486/698
f 1087/818/434 818/1488/706 820/1349/634
f 960/1489/677 955/1414/616 963/1413/665
f 1111/1490/699 1110/1491/698 1107/1492/688
f 1085/1493/707 807/1494/707 1106/1495/707
f 1129/1496/708 637/1497/708 645/1498/708
f 952/1213/572 959/1366/645 949/1180/563
f 1082/1499/709 645/1500/709 1037/1501/709
f 1085/1502/710 810/1503/710 807/1504/710
f 1110/1439/673 1105/1383/641 820/1505/640
f 993/1506/711 995/1507/711 996/1508/711
f 947/1509/712 653/1510/712 959/1511/712
f 818/1512/713 808/1513/713 811/1514/713
f 810/1515/714 636/1516/715 641/1517/716
f 1236/1518/717 1196/1519/717 1194/1520/717
f 639/1521/718 1084/1522/719 812/1523/720
f 1106/1524/721 809/1525/722 1084/1526/719
f 993/1329/622 996/1527/723 1288/1126/214
f 637/1528/724 638/1529/724 641/1530/724
f 810/1531/725 639/1532/725 636/1533/725
f 637/1534/726 641/1517/727 640/1535/728
f 641/1517/716 636/1516/715 640/1535/729
f 1170/1536/394 1195/1537/730 1196/1538/731
f 641/1539/732 642/1540/732 810/1541/732
f 640/1542/733 643/1543/733 637/1544/733
f 637/1545/734 643/1546/734 638/1547/734
f 1110/1548/735 756/1549/735 820/1550/735
f 810/1551/736 814/1552/736 807/1553/736
f 960/1434/677 649/1459/692 955/1554/616
f 639/1555/737 812/1556/737 636/1557/737
f 637/1558/738 643/1559/738 645/1560/738
f 1110/1561/739 751/1562/739 756/1563/739
f 1177/1564/740 827/1565/741 855/1566/742
f 1106/1524/721 807/1567/743 809/1525/722
f 820/1568/744 751/1569/744 1110/1570/744
f 749/1571/745 828/1572/745 817/1573/745
f 1170/1035/394 1201/1478/702 1195/1574/730
f 1037/1575/746 645/1576/746 957/1577/746
f 642/1578/747 814/1579/747 810/1580/747
f 1177/1581/748 1204/1582/748 827/1583/748
f 964/1584/749 965/1585/749 997/1586/749
f 650/1336/627 653/1587/750 951/1185/529
f 1197/1588/751 835/1589/751 1198/1590/751
f 963/1413/665 962/1412/295 964/1591/752
f 808/1592/753 817/1593/753 811/1594/753
f 955/1554/616 649/1459/692 650/1595/627
f 1194/1596/754 1196/1597/754 1243/1598/754
f 638/1599/755 643/1600/755 641/1601/755
f 641/1602/756 643/1603/756 640/1604/756
f 1201/1417/702 1243/1605/757 1202/1415/758
f 1084/1522/719 809/1606/722 812/1523/720
f 1110/1607/759 756/1608/759 752/1609/759
f 641/1610/760 640/1611/729 642/1612/761
f 636/1613/715 642/1612/761 640/1611/729
f 817/1614/762 819/1615/762 643/1616/762
f 1199/1617/763 1288/1618/763 1200/1619/763
f 636/1620/764 814/1621/764 642/1622/764
f 812/1623/765 814/1624/765 636/1625/765
f 1201/1478/702 1194/1407/662 1243/1626/757
f 996/1627/723 965/1628/766 1288/1629/214
f 749/1630/767 750/1631/767 821/1632/767
f 829/1454/687 1198/1355/690 835/1633/768
f 1197/1634/769 836/1635/769 835/1636/769
f 806/1637/770 813/1638/770 821/1639/770
f 819/1640/771 815/1641/771 644/1642/771
f 749/1643/772 817/1644/773 821/1645/774
f 1087/903/434 752/1281/592 818/1646/706
f 965/1647/775 996/1648/775 995/1649/775
f 997/1650/776 965/1651/776 995/1652/776
f 815/1653/777 826/1654/778 644/1655/779
f 964/1591/752 962/1412/295 965/1656/766
f 643/1657/780 644/1658/780 645/1659/780
f 1199/1660/781 1200/1661/781 1188/1662/781
f 821/1645/782 813/1663/783 749/1643/784
f 807/1664/785 814/1665/786 812/1666/787
f 957/1667/654 645/1668/788 966/1669/789
f 828/1670/790 872/1671/790 817/1672/790
f 749/1673/791 821/1674/791 818/1675/791
f 835/1676/768 836/1677/792 829/1678/687
f 1197/1447/685 829/1449/687 836/1679/792
f 965/1656/766 962/1412/295 966/1680/789
f 962/1681/295 957/1667/654 966/1669/789
f 755/1682/793 811/1683/793 817/1684/793
f 1188/1685/794 1200/1686/794 869/1687/794
f 845/1688/795 1201/1689/795 1202/1690/795
f 949/1180/563 959/1366/645 967/1311/615
f 645/1668/788 644/1691/796 966/1669/789
f 749/1692/797 813/1693/797 750/1694/797
f 815/1695/777 816/1696/798 826/1697/778
f 1200/1698/799 872/1699/800 1203/1700/801
f 965/1628/766 966/1701/789 1288/1629/214
f 644/1640/802 819/1642/802 817/1702/802
f 966/1669/789 644/1691/796 817/1703/803
f 1288/1629/214 966/1701/789 1200/1704/804
f 872/1705/805 1200/1706/805 966/1707/805
f 966/1669/789 817/1703/803 872/1708/806
f 812/1523/720 809/1606/722 823/1709/807
f 818/1710/808 817/1711/808 808/1712/808
f 826/1654/778 661/1713/809 644/1655/779
f 756/1714/810 751/1715/811 759/1716/812
f 1179/1717/813 855/1718/813 1204/1719/813
f 1201/1720/702 845/1721/814 1195/1722/730
f 820/1723/815 818/1724/815 768/1725/815
f 815/1726/777 819/1727/816 816/1728/798
f 819/1729/817 644/1730/817 661/1731/817
f 819/1732/818 661/1733/818 757/1734/818
f 820/1735/819 768/1736/819 756/1737/819
f 1195/1738/820 877/1739/820 1196/1740/820
f 1204/1741/821 856/1742/822 827/1743/741
f 818/1744/706 752/1745/592 789/1746/823
f 809/1525/722 807/1567/743 823/1747/807
f 838/1748/824 842/1749/825 830/1750/826
f 830/1751/827 831/1752/827 832/1753/827
f 1200/1698/799 1203/1700/801 874/1754/828
f 1196/1755/829 877/1756/829 1243/1757/829
f 830/1758/826 832/1759/830 834/1760/831
f 821/1645/774 817/1644/773 806/1761/832
f 819/1727/816 757/1762/833 816/1728/798
f 1203/1763/660 869/1764/834 1195/1765/678
f 821/1766/835 768/1767/835 818/1768/835
f 893/1769/836 924/1770/837 998/1771/838
f 657/1772/839 647/1773/840 646/1774/841
f 893/1769/836 998/1771/838 878/1775/842
f 657/1772/839 648/1776/843 647/1773/840
f 757/1777/844 649/1778/845 874/1779/846
f 661/1780/809 646/1774/841 757/1781/847
f 646/1774/841 647/1773/840 650/1782/848
f 874/1783/846 649/1784/845 924/1785/849
f 646/1774/841 649/1786/850 757/1781/847
f 650/1782/848 649/1786/850 646/1774/841
f 998/1787/851 924/1788/851 649/1789/851
f 874/1790/852 834/1791/831 757/1792/853
f 1200/1793/799 882/1794/854 869/1795/834
f 870/1796/596 871/1797/855 872/1798/610
f 822/1799/856 812/1800/856 807/1801/856
f 653/1802/750 650/1803/627 649/1804/857
f 653/1805/858 967/1806/858 959/1807/858
f 967/1808/859 653/1809/859 649/1810/859
f 657/1811/860 646/1812/860 658/1813/860
f 893/1814/861 878/1815/861 1000/1816/861
f 650/1817/862 647/1818/862 651/1819/862
f 1200/1820/799 874/1821/828 882/1822/854
f 647/1823/840 648/1824/843 678/1825/863
f 893/1826/836 999/1827/864 924/1828/837
f 1188/1829/865 869/1830/865 1203/1831/865
f 830/1750/826 842/1749/825 831/1832/866
f 812/1666/720 823/1833/807 807/1664/743
f 649/1834/867 650/1835/867 651/1836/867
f 998/1771/838 649/1837/868 878/1775/842
f 652/1838/869 653/1839/870 648/1840/871
f 652/1838/869 648/1840/871 654/1841/872
f 832/1842/873 833/1843/873 834/1844/873
f 648/1845/871 653/1846/870 678/1847/874
f 872/1848/610 871/1849/855 840/1850/875
f 872/1851/876 873/1852/876 1203/1853/876
f 830/1758/826 834/1760/831 838/1854/824
f 998/1855/877 663/1856/877 649/1857/877
f 924/1828/837 999/1827/864 926/1858/878
f 1203/1859/879 873/1860/879 874/1861/879
f 816/1862/798 757/1863/833 753/1864/880
f 816/1696/798 824/1865/881 826/1697/778
f 817/1866/882 755/1867/882 757/1868/882
f 835/1869/883 836/1870/884 840/1871/885
f 817/1872/773 757/1873/886 806/1874/832
f 837/1875/887 838/1876/887 836/1877/887
f 874/1878/888 873/1879/888 875/1880/888
f 834/1791/831 874/1790/852 840/1881/885
f 821/1882/889 750/1883/889 768/1884/889
f 756/1885/890 759/1886/890 752/1887/890
f 756/1888/891 770/1889/891 820/1890/891
f 768/1891/892 754/1892/892 818/1893/892
f 872/1894/893 840/1895/893 873/1896/893
f 757/1897/894 834/1898/894 758/1899/894
f 751/1715/811 774/1900/895 759/1716/812
f 647/1823/840 678/1825/863 653/1901/896
f 817/1902/897 818/1903/897 825/1904/897
f 649/1905/898 651/1906/898 663/1907/898
f 653/1802/899 654/1908/872 678/1909/900
f 653/1910/901 651/1911/901 647/1912/901
f 874/1913/902 875/1914/902 840/1915/902
f 655/1916/903 393/1917/903 658/1918/903
f 998/1857/904 904/1919/904 649/1855/904
f 661/1920/809 826/1921/778 656/1922/905
f 393/1923/906 657/1924/906 658/1925/906
f 659/1926/907 660/1927/907 652/1928/907
f 832/1929/908 831/1930/908 833/1931/908
f 817/1932/909 825/1933/910 755/1934/910
f 658/1935/911 646/1936/841 676/1937/912
f 661/1920/809 656/1922/905 773/1938/913
f 882/1822/854 874/1821/828 883/1939/914
f 661/1940/809 773/1941/913 646/1942/841
f 757/1873/886 758/1943/915 806/1874/832
f 820/1944/916 770/1945/917 751/1946/811
f 756/1947/918 768/1948/919 759/1949/920
f 651/1950/921 662/1951/922 663/1952/923
f 652/1953/869 654/1908/872 653/1802/899
f 753/1954/880 757/1955/833 764/1956/924
f 678/1957/900 654/1958/872 648/1959/871
f 878/1960/842 649/1961/868 904/1962/925
f 926/1963/926 999/1964/926 905/1965/926
f 649/1804/927 652/1953/928 653/1802/929
f 758/1966/915 767/1967/930 806/1968/832
f 752/1969/931 759/1970/931 774/1971/931
f 1000/1972/932 893/1973/932 1001/1974/932
f 893/1815/933 1005/1975/934 894/1976/935
f 893/1815/933 880/1977/936 1005/1975/934
f 657/1978/839 665/1979/937 648/1980/843
f 1243/1981/757 839/1982/938 1202/1983/758
f 1002/1984/939 1003/1985/939 649/1986/939
f 836/1677/940 835/1676/940 838/1987/940
f 835/1988/941 841/1989/941 838/1990/941
f 999/1991/942 1001/1992/942 905/1993/942
f 834/1994/831 840/1995/885 838/1996/824
f 756/1997/943 759/1998/943 770/1999/943
f 838/1996/824 840/1995/885 836/2000/884
f 833/2001/944 767/1967/930 758/1966/915
f 831/2002/945 842/2003/945 833/2004/945
f 1001/2005/946 893/2006/946 999/2007/946
f 904/1962/947 649/1961/948 663/2008/949
f 833/2009/950 758/2010/950 834/2011/950
f 877/2012/951 881/2013/952 1243/2014/757
f 657/2015/953 655/2016/953 658/2017/953
f 653/1802/954 678/1909/955 651/2018/921
f 657/1978/839 664/2019/956 665/1979/937
f 662/1951/922 671/2020/957 663/1952/923
f 838/2021/958 841/2022/958 843/2023/958
f 767/2024/930 833/2025/944 842/2026/825
f 840/1871/959 871/2027/960 835/1869/961
f 655/2028/962 657/2029/962 393/2030/962
f 768/2031/963 750/2032/963 813/2033/963
f 999/2034/964 893/2035/964 905/2036/964
f 893/1815/933 878/1814/965 880/1977/936
f 767/2024/930 842/2026/825 843/2037/966
f 842/2026/825 838/2038/824 843/2037/966
f 924/2039/967 885/2040/968 874/2041/828
f 751/1946/811 770/1945/917 774/2042/895
f 767/2024/930 843/2037/966 813/2043/969
f 840/2044/970 875/2045/970 873/2046/970
f 759/1949/920 768/1948/919 760/2047/971
f 816/1862/798 753/1864/880 761/2048/972
f 880/2049/973 1004/2050/973 1005/2051/973
f 825/2052/974 818/1744/706 762/2053/975
f 773/1941/913 782/2054/976 646/1942/841
f 768/2055/977 813/2056/977 766/2057/977
f 648/1959/843 665/2058/937 666/2059/978
f 813/2060/969 843/2061/966 841/2062/979
f 771/2063/980 844/2064/981 840/2065/982
f 669/2066/983 665/2067/983 664/2068/983
f 772/2069/984 763/2070/984 771/2071/984
f 840/2065/982 844/2064/981 835/2072/985
f 757/2073/986 755/2074/986 764/2075/986
f 651/1950/921 667/2076/987 662/1951/922
f 835/2077/985 844/2078/981 841/2079/988
f 665/2058/937 669/2080/989 666/2059/978
f 826/2081/990 824/2082/990 656/2083/990
f 813/2084/991 767/2085/991 766/2086/991
f 767/2087/992 765/2088/993 766/2089/994
f 882/2090/995 895/2091/995 877/2092/995
f 891/2093/996 876/2094/997 877/2095/998
f 877/2095/998 895/2096/999 891/2093/996
f 667/2076/987 651/1950/921 668/2097/1000
f 878/2098/965 879/2099/1001 880/2100/936
f 836/2101/1002 844/2102/1003 852/2103/1004
f 836/2101/1002 852/2103/1004 854/2104/1005
f 844/2105/1006 836/2106/1006 841/2107/1006
f 841/2108/1007 844/2109/1007 871/2110/1007
f 669/2111/989 664/2112/1008 666/2059/978
f 813/2060/969 841/2062/979 854/2113/1009
f 813/2114/1010 765/2115/1011 767/2116/1012
f 768/2117/1013 766/2118/1014 760/2119/1015
f 772/2120/1016 779/2121/1016 763/2122/1016
f 877/2123/998 876/2124/997 881/2125/1017
f 813/2126/1018 853/2127/1018 765/2128/1018
f 895/2129/1019 882/2130/1019 883/2131/1019
f 759/2132/1020 760/2133/1020 770/2134/1020
f 895/2135/1021 883/2136/1021 885/2137/1021
f 836/2138/1022 854/2139/1022 841/2140/1022
f 774/2141/1023 770/2142/1023 766/2143/1023
f 816/2144/798 761/2145/972 824/2146/881
f 870/2147/1024 845/2148/1024 847/2149/1024
f 1195/1765/678 869/1764/834 903/2150/1025
f 870/2151/1026 901/2152/1026 845/2153/1026
f 871/1849/1027 889/2154/1028 840/1850/982
f 882/1794/854 892/2155/1029 869/1795/834
f 844/2156/981 771/2157/980 852/2158/1030
f 871/1797/855 870/1796/596 848/2159/1031
f 840/2160/982 889/2161/1028 771/2162/980
f 841/2163/1032 854/2164/1032 844/2165/1032
f 813/2060/969 854/2113/1009 780/2166/1033
f 1195/2167/1034 903/2168/1034 877/2169/1034
f 871/2170/1035 859/2171/1036 841/2062/1037
f 772/2172/1038 784/2173/1038 779/2174/1038
f 1004/2175/1039 894/2176/1039 1005/2177/1039
f 870/2178/1040 851/2179/1040 846/2180/1040
f 851/2181/1041 847/2182/1042 846/2183/1043
f 824/2184/1044 670/2185/1044 656/2186/1044
f 870/2187/1045 847/2188/1045 848/2189/1045
f 824/2146/881 761/2145/972 670/2190/1046
f 851/2181/1041 870/2191/1047 847/2182/1042
f 874/2041/828 885/2040/968 886/2192/1048
f 845/2193/1049 1202/2194/758 847/2195/1050
f 771/2162/980 889/2161/1028 784/2196/1051
f 1195/2197/1052 901/2198/1052 870/2199/1052
f 776/2200/1053 777/2201/1054 769/2202/1055
f 885/2040/968 924/2039/967 886/2192/1056
f 771/2157/980 849/2203/1057 852/2158/1030
f 658/2204/1058 676/2205/1058 657/2206/1058
f 765/2115/1059 780/2207/1060 767/2116/1061
f 763/2208/1062 767/2209/1063 850/2210/1064
f 770/2211/1065 760/2212/1065 774/2213/1065
f 871/2214/1066 844/2215/1066 859/2216/1066
f 651/1950/921 678/2217/1067 668/2097/1000
f 771/2218/1068 784/2219/1068 772/2220/1068
f 782/2054/976 773/1941/913 753/2221/880
f 766/2222/1069 760/2223/1069 851/2224/1069
f 761/2225/1070 753/2226/1070 670/2227/1070
f 755/2228/1071 791/2229/1071 764/2230/1071
f 752/2231/1072 774/2232/1072 778/2233/1072
f 656/2234/1073 670/2235/1073 773/2236/1073
f 1243/2014/757 881/2013/952 888/2237/1074
f 844/2238/1075 852/2239/1075 859/2240/1075
f 870/2241/1076 846/2242/1076 847/2243/1076
f 813/2244/1077 780/2245/1077 853/2246/1077
f 766/2118/1078 774/2247/1079 795/2248/1080
f 844/2249/1081 854/2250/1081 852/2251/1081
f 753/2252/1082 773/2253/1082 670/2254/1082
f 771/2157/980 763/2255/1083 849/2203/1057
f 767/2256/1084 850/2257/1084 775/2258/1084
f 818/1744/706 789/1746/823 762/2053/975
f 841/2062/1037 859/2171/1036 854/2113/1085
f 776/2259/1086 789/2260/1086 777/2261/1086
f 752/1745/592 778/2262/1087 789/1746/823
f 766/2089/994 765/2088/993 760/2263/1088
f 882/2264/854 884/2265/1089 892/2266/1029
f 774/2267/1090 766/2268/1091 694/2269/1092
f 874/2041/828 886/2192/1048 883/2270/914
f 767/2087/1093 850/2271/1094 765/2088/1095
f 859/2171/1096 871/2170/1097 848/2272/1098
f 765/2273/1099 853/2274/1099 780/2275/1099
f 671/2020/957 662/1951/922 672/2276/1100
f 851/2181/1101 846/2183/1102 760/2277/1103
f 760/2119/1104 766/2118/1105 694/2278/1106
f 882/2279/854 877/2123/1107 884/2280/1089
f 871/1797/1027 848/2159/1108 889/2281/1028
f 763/2282/1109 779/2283/1109 850/2284/1109
f 767/2209/1061 780/2285/1060 850/2210/1110
f 885/2286/1111 886/2287/1111 895/2288/1111
f 765/2289/993 780/2290/1112 760/2291/1088
f 885/2292/1113 883/2293/1114 886/2294/1115
f 1195/1722/730 845/1721/814 901/2295/1116
f 825/2052/974 762/2053/975 692/2296/1117
f 769/2297/1055 777/2298/1054 781/2299/1118
f 876/2300/997 891/2301/996 887/2302/1119
f 763/2255/1083 850/2303/1120 849/2203/1057
f 765/2304/1121 850/2305/1121 780/2306/1121
f 646/1942/841 782/2054/976 427/2307/1122
f 880/2100/936 879/2099/1001 1004/2308/1123
f 780/2309/1124 854/2310/1124 783/2311/1124
f 753/1954/880 764/1956/924 782/2312/976
f 784/2313/1125 889/2314/1125 862/2315/1125
f 780/2290/1112 783/2316/1126 760/2291/1088
f 852/2317/1030 862/2318/1127 859/2319/1128
f 881/2125/1129 903/2320/1130 877/2123/1131
f 789/2321/1132 788/2322/1132 787/2323/1132
f 855/2324/1133 856/2325/822 1204/2326/821
f 784/2327/1134 850/2328/1134 779/2329/1134
f 850/2330/1135 784/2331/1135 849/2332/1135
f 852/2317/1030 849/2333/1057 862/2318/1127
f 774/2334/1136 697/2335/1136 778/2336/1136
f 784/2337/1137 862/2318/1127 849/2333/1057
f 1243/2338/757 888/2339/1074 860/2340/1138
f 891/2301/996 890/2341/1139 887/2302/1119
f 862/2318/1140 848/2342/1141 859/2319/1142
f 785/2343/1143 788/2344/1143 786/2345/1143
f 785/2346/1144 786/2347/1144 762/2348/1144
f 785/2349/1145 762/2350/1145 788/2351/1145
f 662/1951/922 667/2076/987 425/2352/1146
f 881/2013/1147 877/2012/1148 888/2237/1149
f 762/2053/975 789/1746/823 787/2353/1150
f 762/2354/1151 787/2355/1151 788/2356/1151
f 889/2357/1152 848/2358/1152 862/2359/1152
f 854/2360/1085 857/2361/1153 783/2362/1154
f 783/2362/1154 857/2361/1153 790/2363/1155
f 862/2364/1156 858/2365/1156 859/2366/1156
f 685/2367/1157 796/2368/1158 790/2369/1159
f 857/2370/1153 854/2113/1085 859/2171/1036
f 895/2371/999 890/2372/1139 891/2373/996
f 1243/1981/757 860/2374/1138 861/2375/1160
f 848/2376/1161 889/2377/1161 784/2378/1161
f 784/2379/1162 790/2380/1162 857/2381/1162
f 784/2382/1163 798/2383/1164 685/2384/1157
f 848/2385/1165 784/2386/1165 857/2387/1165
f 857/2388/1166 858/2389/1166 848/2390/1166
f 859/2391/1167 858/2392/1167 857/2393/1167
f 848/2394/1168 858/2395/1168 862/2396/1168
f 883/2293/1169 892/2397/1029 886/2294/1170
f 789/2398/823 792/2399/1171 788/2400/1172
f 790/2369/1159 784/2401/1163 685/2367/1157
f 796/2402/1173 783/2403/1173 790/2404/1173
f 789/2398/823 778/2405/1087 792/2399/1171
f 881/2125/1129 888/2406/1174 903/2320/1130
f 664/2112/1008 426/2407/1175 666/2059/978
f 893/2408/933 894/2409/935 925/2410/1176
f 886/2411/1177 892/2412/1177 895/2413/1177
f 904/2414/947 663/2415/949 13/2416/1178
f 876/2124/997 887/2417/1119 888/2406/1179
f 876/2124/997 888/2406/1179 881/2125/1017
f 788/2418/1180 762/2419/1181 786/2420/1182
f 755/1934/910 825/1933/910 791/2421/1183
f 788/2418/1172 792/2422/1171 762/2419/1184
f 760/2291/1088 783/2316/1126 694/2423/1185
f 774/2267/1090 694/2269/1092 795/2424/1080
f 760/2425/1186 697/2426/1187 774/2427/1188
f 847/2195/1050 1202/2194/758 863/2428/1189
f 847/2429/1050 907/2430/1190 848/2431/1191
f 684/2432/1192 762/2433/1192 792/2434/1192
f 671/2435/957 672/2436/1100 673/2437/1193
f 671/2435/957 673/2437/1193 663/2438/923
f 794/2439/1194 793/2440/1194 786/2441/1194
f 685/2442/1195 797/2443/1195 796/2444/1195
f 786/2445/1196 793/2446/1196 799/2447/1196
f 877/2012/1148 903/2150/1197 888/2237/1149
f 894/2448/1198 1004/2449/1198 899/2450/1198
f 1202/2194/758 839/2451/938 863/2428/1189
f 668/2452/1000 678/2453/1067 675/2454/1199
f 781/2455/1118 777/2456/1054 776/2457/1200
f 778/2458/1201 684/2459/1201 792/2460/1201
f 869/1764/834 896/2461/1202 903/2150/1025
f 794/2462/1203 786/2463/1203 684/2464/1203
f 668/2452/1000 675/2454/1199 667/2076/987
f 760/2425/1186 694/2465/1204 697/2426/1187
f 856/2325/822 855/2324/1133 865/2466/1205
f 892/2467/1029 884/2468/1089 895/2469/999
f 848/2431/1206 897/2470/1207 889/2471/1208
f 883/2270/1169 886/2192/1056 611/2472/1209
f 769/2297/1055 781/2299/1118 805/2473/1210
f 786/2474/1211 800/2475/1212 684/2476/1213
f 795/2477/1214 774/2478/1214 697/2479/1214
f 783/2480/1215 796/2481/1215 797/2482/1215
f 766/2118/1078 795/2248/1080 694/2278/1092
f 784/2483/1216 803/2484/1216 798/2485/1216
f 666/2059/978 674/2486/1217 648/1959/843
f 786/2474/1211 799/2487/1218 800/2475/1212
f 791/2488/1219 782/2489/1219 764/2490/1219
f 684/2491/1220 778/2492/1220 762/2493/1220
f 883/2494/1169 611/2495/1209 892/2496/1029
f 848/2431/1191 907/2430/1190 897/2470/1207
f 827/1565/741 864/2497/1221 855/1566/742
f 799/2498/1222 793/2499/1222 800/2500/1222
f 611/2472/1209 886/2192/1056 924/2039/967
f 684/2476/1223 800/2475/1224 693/2501/1225
f 781/2455/1118 776/2457/1200 691/2502/1226
f 685/2384/1157 798/2383/1164 686/2503/1227
f 898/2504/1228 899/2505/1229 1004/2308/1123
f 889/2161/1208 897/2506/1207 784/2196/1230
f 1243/1981/757 861/2375/1160 839/1982/938
f 869/2507/834 892/2496/1029 896/2461/1202
f 793/2508/1231 794/2509/1232 800/2510/1233
f 791/2511/1234 683/2512/1235 701/2513/1236
f 791/2511/1234 701/2513/1236 782/2514/1237
f 769/2515/1238 804/2516/1238 776/2517/1238
f 794/2509/1232 684/2518/1239 800/2510/1233
f 663/2519/1240 673/2520/1240 425/2521/1240
f 877/2123/1107 903/2320/1241 884/2280/1089
f 825/2522/1242 688/2523/1242 791/2524/1242
f 667/2076/987 675/2454/1199 682/2525/1243
f 895/2371/999 900/2526/1244 890/2372/1139
f 684/2527/1223 687/2528/1245 801/2529/1246
f 667/2076/987 682/2525/1243 425/2352/1146
f 684/2530/1247 801/2531/1247 800/2532/1247
f 799/2533/1248 800/2534/1248 689/2535/1248
f 783/2316/1126 802/2536/1249 694/2423/1185
f 798/2383/1164 803/2537/1250 686/2503/1227
f 791/2538/1234 688/2539/1251 683/2512/1235
f 903/2320/1241 888/2406/1179 887/2417/1119
f 685/2540/1157 686/2541/1227 724/2542/1252
f 825/2543/974 692/2544/1117 488/2545/1253
f 778/2546/1254 687/2547/1255 693/2548/1256
f 778/2549/1254 693/2550/1256 762/2053/975
f 825/2551/1257 488/2552/1257 688/2553/1257
f 762/2053/975 693/2550/1256 692/2296/1117
f 684/2527/1223 693/2554/1225 687/2528/1245
f 799/2555/1258 693/2556/1258 800/2557/1258
f 895/2469/999 884/2468/1089 900/2558/1244
f 799/2559/1259 689/2560/1260 690/2561/1261
f 694/2562/1204 709/2563/1262 697/2564/1187
f 776/2457/1200 804/2565/1263 691/2502/1226
f 800/2566/1264 801/2567/1264 689/2568/1264
f 865/2569/1265 855/2570/1265 698/2571/1265
f 799/2559/1259 690/2561/1261 693/2572/1266
f 856/1742/822 865/2573/1205 827/1743/741
f 781/2574/1267 691/2575/1267 805/2576/1267
f 672/2577/1268 425/2578/1268 673/2579/1268
f 685/2580/1269 724/2581/1269 797/2582/1269
f 663/2415/949 425/2583/1146 13/2416/1178
f 1004/2308/1123 879/2099/1001 898/2504/1228
f 894/2584/1270 899/2585/1270 925/2586/1270
f 675/2587/1271 678/2588/1271 682/2589/1271
f 687/2590/1272 778/2591/1272 697/2592/1272
f 863/2593/1189 907/2430/1190 847/2429/1050
f 861/2594/1273 863/2595/1273 839/2596/1273
f 888/2237/1074 903/2150/1025 860/2597/1138
f 801/2598/1246 690/2599/1261 689/2600/1260
f 896/2461/1202 892/2496/1029 912/2601/1274
f 769/2602/1275 805/2603/1275 804/2604/1275
f 855/2605/1276 866/2606/1276 698/2607/1276
f 863/2593/1189 861/2608/1277 901/2609/1278
f 693/2548/1256 687/2547/1279 692/2610/1117
f 687/2611/1280 693/2612/1280 690/2613/1280
f 687/2614/1245 690/2599/1261 801/2598/1246
f 694/2615/1204 802/2616/1281 709/2617/1262
f 893/2408/933 925/2410/1176 902/2618/1282
f 694/2619/1283 695/2620/1283 802/2621/1283
f 863/2593/1189 901/2609/1278 907/2430/1190
f 666/2059/978 426/2407/1175 674/2486/1217
f 827/1743/741 865/2573/1205 864/2622/1221
f 683/2512/1235 688/2539/1251 701/2513/1236
f 672/2276/1100 662/1951/922 425/2352/1146
f 864/2497/1221 866/2623/1284 855/1566/742
f 897/2506/1207 867/2624/1285 784/2196/1230
f 706/2625/1286 692/2626/1117 687/2627/1279
f 687/2627/1279 696/2628/1287 706/2625/1286
f 696/2628/1287 687/2627/1279 691/2629/1226
f 697/2630/1288 691/2629/1226 687/2627/1279
f 696/2628/1287 691/2629/1226 804/2631/1263
f 691/2629/1226 697/2630/1288 805/2632/1289
f 676/2633/1290 664/2019/956 657/1978/839
f 783/2634/1291 713/2635/1291 802/2636/1291
f 698/2637/1292 699/2638/1293 700/2639/1294
f 698/2637/1292 866/2640/1284 699/2638/1293
f 700/2641/1295 864/2642/1295 865/2643/1295
f 698/2637/1292 700/2639/1294 865/2644/1296
f 866/2645/1284 868/2646/1297 699/2647/1293
f 866/2645/1284 864/2648/1221 868/2646/1297
f 903/2649/1241 887/2650/1119 884/2651/1089
f 887/2650/1119 890/2652/1139 900/2653/1244
f 884/2651/1089 887/2650/1119 900/2653/1244
f 697/2654/1298 703/2655/1298 805/2656/1298
f 688/2657/1299 478/2658/1299 782/2659/1299
f 688/2660/1300 782/2661/1300 701/2662/1300
f 700/2663/1301 711/2664/1301 864/2665/1301
f 864/2666/1221 712/2667/1302 868/2668/1297
f 802/2616/1281 695/2669/1303 709/2617/1262
f 699/2670/1293 719/2671/1304 700/2672/1294
f 893/2673/1305 1000/2674/1305 590/2675/1305
f 702/2676/1306 703/2677/1307 697/2564/1187
f 703/2678/1307 804/2679/1263 805/2680/1308
f 696/2681/1287 804/2679/1263 704/2682/1309
f 878/2683/1310 904/2684/1310 399/2685/1310
f 697/2564/1187 709/2563/1262 702/2676/1306
f 686/2541/1227 803/2686/1250 705/2687/1311
f 692/2688/1117 706/2689/1286 708/2690/1312
f 686/2541/1227 705/2687/1311 724/2542/1252
f 905/2691/1313 893/2408/933 902/2618/1282
f 709/2563/1262 695/2692/1314 702/2676/1306
f 706/2693/1315 707/2694/1315 708/2695/1315
f 878/2098/965 399/2696/1316 879/2099/1001
f 907/2430/1190 901/2609/1278 722/2697/1317
f 709/2698/1318 710/2699/1318 695/2700/1318
f 797/2701/1319 724/2702/1252 783/2703/1320
f 696/2704/1287 704/2705/1309 706/2706/1286
f 903/2150/1025 896/2461/1202 906/2707/1321
f 704/2682/1309 804/2679/1263 703/2678/1307
f 783/2703/1320 724/2702/1252 713/2708/1322
f 706/2706/1286 704/2705/1309 707/2709/1323
f 664/2112/1008 393/2710/1324 426/2407/1175
f 907/2711/1325 722/2712/1325 910/2713/1325
f 864/2666/1221 711/2714/1326 712/2667/1302
f 892/2496/1029 611/2495/1209 912/2601/1274
f 708/2715/1327 707/2716/1323 714/2717/1328
f 704/2718/1309 714/2717/1328 707/2716/1323
f 704/2718/1309 702/2719/1306 714/2717/1328
f 868/2720/1329 712/2721/1329 699/2722/1329
f 703/2723/1307 702/2719/1306 704/2718/1309
f 802/2724/1330 713/2725/1330 694/2726/1330
f 897/2470/1207 907/2430/1190 867/2727/1285
f 903/2150/1025 906/2707/1321 860/2597/1138
f 664/2728/1331 676/2729/1331 393/2730/1331
f 905/2691/1313 902/2618/1282 908/2731/1332
f 694/2732/1333 713/2733/1333 695/2734/1333
f 907/2430/1190 910/2735/1334 867/2727/1285
f 714/2736/1328 702/2737/1306 715/2738/1335
f 879/2099/1001 909/2739/1336 898/2504/1228
f 722/2697/1317 901/2609/1278 598/2740/1337
f 899/2505/1229 898/2504/1228 925/2741/1338
f 715/2738/1335 708/2742/1327 714/2736/1328
f 478/2743/1339 688/2744/1340 488/2745/1339
f 719/2671/1304 716/2746/1341 700/2672/1294
f 713/2747/1342 717/2748/1342 695/2749/1342
f 700/2750/1343 716/2751/1343 711/2752/1343
f 692/2544/1117 718/2753/1344 488/2545/1253
f 426/2407/1175 681/2754/1345 674/2486/1217
f 692/2755/1346 708/2756/1346 718/2757/1346
f 699/2758/1293 712/2759/1302 719/2760/1304
f 695/2692/1314 720/2761/1347 702/2676/1306
f 896/2461/1202 596/2762/1348 906/2707/1321
f 702/2763/1306 748/2764/1349 743/2765/1350
f 861/2766/1351 860/2767/1351 598/2768/1351
f 724/2769/1352 695/2770/1352 717/2771/1352
f 676/2772/1353 439/2773/1354 393/2710/1324
f 910/2774/1355 722/2775/1355 867/2776/1355
f 906/2707/1321 596/2762/1356 860/2597/1138
f 702/2676/1306 720/2761/1347 466/2777/1357
f 715/2738/1335 702/2737/1306 743/2778/1350
f 902/2779/1282 926/2780/1358 908/2781/1332
f 715/2738/1335 743/2778/1350 708/2742/1327
f 674/2486/1217 678/1957/1359 648/1959/843
f 898/2504/1228 909/2739/1336 387/2782/1360
f 908/2783/1361 926/2784/1361 905/2785/1361
f 717/2786/1362 730/2787/1362 724/2788/1362
f 896/2461/1202 912/2601/1274 596/2762/1348
f 708/2742/1327 743/2778/1350 727/2789/1363
f 717/2790/1364 713/2791/1322 725/2792/1365
f 695/2692/1314 724/2793/1366 720/2761/1347
f 784/2794/1230 499/2795/1367 803/2796/1250
f 719/2797/1304 729/2798/1368 716/2799/1341
f 860/2597/1138 596/2762/1356 598/2800/1369
f 711/2801/1326 736/2802/1370 712/2803/1302
f 712/2803/1302 736/2802/1370 738/2804/1371
f 596/2805/1372 911/2806/1372 906/2807/1372
f 738/2804/1371 719/2808/1304 712/2803/1302
f 716/2799/1341 729/2798/1368 736/2802/1370
f 736/2802/1370 711/2801/1326 716/2799/1341
f 721/2809/1373 734/2810/1374 740/2811/1375
f 721/2809/1373 740/2811/1375 742/2812/1376
f 914/2813/1377 920/2814/1378 911/2815/1379
f 911/2815/1379 920/2814/1378 919/2816/1380
f 721/2809/1373 726/2817/1381 734/2810/1374
f 914/2813/1377 915/2818/1382 920/2814/1378
f 734/2810/1374 732/2819/1383 740/2811/1375
f 784/2794/1230 867/2820/1285 722/2821/1317
f 909/2739/1336 879/2099/1001 399/2696/1316
f 740/2822/1384 723/2823/1384 742/2824/1384
f 919/2825/1380 918/2826/1385 911/2827/1379
f 721/2828/1386 743/2829/1386 726/2830/1386
f 730/2831/1387 724/2832/1387 720/2833/1387
f 713/2708/1322 724/2702/1252 725/2834/1365
f 726/2835/1388 743/2836/1389 748/2837/1390
f 708/2838/1391 727/2839/1391 718/2840/1391
f 702/2841/1392 466/2842/1392 748/2843/1392
f 925/2741/1338 898/2504/1228 387/2782/1360
f 721/2844/1393 742/2845/1393 743/2846/1393
f 719/2847/1304 738/2848/1371 728/2849/1394
f 912/2850/1395 611/2851/1395 913/2852/1395
f 393/2710/1324 439/2773/1354 426/2407/1175
f 705/2687/1311 803/2686/1250 463/2853/1396
f 803/2796/1250 499/2795/1367 463/2854/1396
f 914/2855/1397 917/2856/1397 915/2857/1397
f 911/2858/1379 596/2859/1398 914/2860/1377
f 718/2753/1344 727/2861/1399 488/2545/1253
f 901/2609/1278 861/2608/1277 598/2740/1337
f 912/2601/1274 916/2862/1400 596/2762/1348
f 719/2863/1304 491/2864/1401 729/2865/1368
f 719/2863/1304 728/2866/1394 491/2864/1401
f 611/2495/1402 916/2867/1400 912/2601/1274
f 782/2868/1403 478/2869/1403 427/2870/1403
f 729/2871/1368 491/2872/1401 736/2873/1370
f 730/2874/1404 717/2875/1404 473/2876/1404
f 720/2877/1405 730/2878/1405 731/2879/1405
f 918/2826/1385 598/2880/1406 911/2827/1379
f 732/2881/1383 734/2882/1374 733/2883/1407
f 734/2884/1408 726/2885/1408 733/2886/1408
f 917/2887/1409 914/2860/1377 632/2888/1410
f 918/2889/1385 919/2890/1380 633/2891/1411
f 911/2858/1379 598/2892/1406 596/2859/1412
f 426/2893/1175 677/2894/1413 681/2895/1345
f 726/2896/1414 467/2897/1414 733/2898/1414
f 748/2837/1390 467/2899/1415 726/2835/1388
f 646/1936/841 427/2900/1122 676/1937/912
f 740/2901/1375 732/2902/1383 735/2903/1416
f 736/2904/1370 737/2905/1417 738/2906/1371
f 743/2907/1418 742/2908/1419 469/2909/1420
f 915/2910/1382 599/2911/1421 920/2912/1378
f 705/2687/1311 463/2853/1396 746/2913/1422
f 920/2914/1378 921/2915/1423 919/2916/1380
f 717/2790/1364 725/2792/1365 473/2917/1424
f 730/2918/1425 725/2919/1425 739/2920/1425
f 730/2921/1426 473/2922/1426 725/2923/1426
f 915/2924/1427 917/2925/1427 922/2926/1427
f 732/2902/1383 733/2927/1407 735/2903/1416
f 463/2928/1428 499/2929/1428 464/2930/1428
f 725/2931/1429 473/2932/1429 465/2933/1429
f 738/2848/1371 495/2934/1430 728/2849/1394
f 740/2935/1431 735/2936/1431 723/2937/1431
f 736/2873/1370 491/2872/1401 741/2938/1432
f 742/2939/1419 723/2940/1433 469/2941/1420
f 705/2687/1311 746/2913/1422 724/2542/1252
f 728/2866/1394 495/2942/1430 491/2864/1401
f 919/2890/1380 921/2943/1423 633/2891/1411
f 744/2944/1434 743/2907/1418 469/2909/1435
f 915/2910/1382 922/2945/1436 599/2911/1421
f 674/2946/1437 681/2947/1437 678/2948/1437
f 920/2914/1378 599/2949/1421 921/2915/1423
f 632/2888/1410 914/2860/1377 596/2859/1398
f 784/2794/1230 722/2821/1317 499/2795/1367
f 743/2950/1438 744/2951/1438 748/2952/1438
f 725/2792/1439 472/2953/1440 473/2917/1441
f 746/2954/1442 463/2955/1442 464/2956/1442
f 918/2889/1385 633/2891/1411 598/2957/1406
f 466/2777/1357 720/2761/1347 745/2958/1443
f 725/2959/1444 465/2960/1445 472/2961/1440
f 682/2962/1446 678/2963/1446 424/2964/1446
f 493/2965/1447 741/2966/1447 491/2967/1447
f 741/2968/1432 737/2905/1417 736/2904/1370
f 738/2848/1371 737/2969/1417 495/2934/1430
f 724/2702/1252 746/2970/1422 725/2834/1365
f 744/2971/1448 743/2972/1448 430/2973/1448
f 493/2974/1449 491/2975/1449 495/2976/1449
f 466/2977/1357 435/2978/1450 748/2979/1451
f 632/2980/1410 596/2981/1398 622/2982/1452
f 426/2893/1175 680/2983/1453 677/2894/1413
f 743/2778/1350 430/2984/1454 727/2789/1363
f 916/2985/1400 591/2986/1455 596/2987/1348
f 596/2762/1456 923/2988/1457 598/2800/1458
f 596/2987/1348 591/2986/1455 923/2989/1459
f 598/2740/1337 499/2990/1367 722/2697/1317
f 469/2941/1420 723/2940/1433 470/2991/1460
f 733/2992/1461 468/2993/1461 735/2994/1461
f 488/2545/1253 727/2861/1399 747/2995/1462
f 909/2739/1336 399/2696/1316 387/2782/1360
f 426/2996/1463 439/2997/1463 680/2998/1463
f 735/2999/1464 432/3000/1464 723/3001/1464
f 682/3002/1243 424/3003/1465 679/3004/1466
f 730/3005/1467 739/3006/1467 731/3007/1467
f 748/3008/1468 744/3009/1468 430/3010/1468
f 466/2977/1357 745/3011/1443 435/2978/1450
f 902/2779/1282 925/3012/1176 926/2780/1358
f 682/2525/1243 679/3013/1466 425/2352/1146
f 598/3014/1469 923/3015/1469 610/3016/1469
f 720/3017/1470 731/3018/1470 745/3019/1470
f 748/2764/1471 490/3020/1472 743/2765/1473
f 598/3021/1337 492/3022/1474 499/3023/1367
f 467/3024/1415 468/3025/1475 733/3026/1476
f 725/2834/1365 746/2970/1422 465/3027/1477
f 632/3028/1410 622/3029/1452 606/3030/1478
f 743/3031/1479 490/3032/1479 430/3033/1479
f 725/3034/1480 465/3035/1480 739/3036/1480
f 599/3037/1421 592/3038/1481 921/3039/1423
f 925/3040/1338 387/3041/1360 388/3042/1482
f 596/2981/1398 635/3043/1483 622/2982/1452
f 469/3044/1435 489/3045/1484 744/3046/1434
f 488/2745/1339 429/3047/1485 478/2743/1339
f 519/3048/1486 517/3049/1487 737/3050/1417
f 519/3048/1486 741/3051/1432 510/3052/1488
f 510/3052/1488 741/3051/1432 493/3053/1489
f 737/3050/1417 517/3049/1487 495/3054/1430
f 494/3055/1490 510/3056/1488 495/3054/1430
f 517/3049/1487 494/3055/1490 495/3054/1430
f 519/3048/1486 737/3050/1417 741/3051/1432
f 510/3052/1488 493/3053/1489 495/3057/1430
f 598/3021/1337 597/3058/1491 492/3022/1474
f 513/3059/1492 514/3060/1493 497/3061/1494
f 497/3061/1494 496/3062/1495 513/3059/1492
f 425/2583/1146 389/3063/1496 13/2416/1178
f 424/3064/1497 678/3065/1497 390/3066/1497
f 608/3067/1498 598/3068/1498 610/3069/1498
f 497/3070/1499 498/3071/1499 537/3072/1499
f 472/3073/1500 499/3074/1367 522/3075/1501
f 522/3075/1501 499/3074/1367 492/3076/1474
f 499/3074/1367 472/3073/1500 464/3077/1502
f 464/3078/1503 472/3079/1503 746/3080/1503
f 470/3081/1504 489/3082/1504 469/3083/1504
f 681/3084/1345 677/3085/1413 393/3086/1505
f 923/3087/1506 598/3088/1506 608/3089/1506
f 471/3090/1507 465/3091/1507 479/3092/1507
f 502/3093/1508 479/3094/1509 500/3095/1510
f 603/3096/1511 501/3097/1512 502/3093/1508
f 502/3093/1508 501/3097/1512 479/3094/1509
f 500/3098/1513 479/3099/1513 465/3100/1513
f 917/3101/1409 632/3028/1410 606/3030/1478
f 924/3102/1514 926/3103/1514 594/3104/1514
f 465/3105/1515 731/3106/1515 739/3107/1515
f 465/2960/1516 476/3108/1517 472/2961/1518
f 472/3109/1519 476/3110/1519 473/3111/1519
f 611/2472/1209 924/2039/967 604/3112/1520
f 510/3113/1488 509/3114/1521 519/3115/1486
f 502/3116/1508 605/3117/1522 603/3118/1511
f 925/3119/1523 927/3120/1523 926/3121/1523
f 500/3122/1510 503/3123/1524 502/3116/1508
f 681/3124/1345 393/3125/1505 392/3126/1525
f 472/3127/1500 522/3128/1501 476/3129/1526
f 492/3076/1474 597/3130/1491 522/3075/1501
f 745/3131/1527 474/3132/1528 510/3133/1529
f 731/3134/1530 465/3135/1531 745/3131/1527
f 510/3136/1532 504/3137/1532 745/3138/1532
f 731/3134/1533 471/3139/1534 465/3135/1535
f 510/3133/1529 474/3132/1528 465/3135/1531
f 465/3140/1536 473/3141/1536 476/3142/1536
f 474/3132/1528 745/3131/1527 465/3135/1531
f 512/3143/1537 509/3144/1538 597/3130/1491
f 517/3145/1487 519/3146/1486 505/3147/1539
f 497/3070/1499 537/3072/1499 496/3148/1499
f 597/3149/1540 506/3150/1540 512/3151/1540
f 501/3152/1512 482/3153/1541 479/3154/1509
f 925/3040/1338 388/3042/1482 927/3155/1542
f 597/3130/1491 509/3144/1538 522/3075/1501
f 471/3156/1543 527/3157/1544 465/3158/1545
f 921/3159/1546 593/3160/1546 633/3161/1546
f 893/3162/1547 634/3163/1548 926/3164/1549
f 504/3165/1550 515/3166/1550 510/3167/1550
f 478/3168/1551 429/3169/1551 470/3170/1551
f 681/3124/1345 392/3126/1525 678/3171/1552
f 926/3172/1549 284/3173/1553 594/3174/1554
f 916/3175/1555 595/3176/1555 591/3177/1555
f 926/3178/1556 927/3179/1556 893/3180/1556
f 744/3046/1434 489/3045/1484 430/3181/1557
f 926/3172/1549 634/3182/1548 284/3173/1553
f 504/3183/1558 507/3184/1559 745/3185/1560
f 510/3186/1488 494/3187/1490 508/3188/1561
f 465/3189/1531 472/3190/1562 475/3191/1563
f 923/3192/1564 635/3193/1483 596/3194/1398
f 597/3195/1565 614/3196/1566 506/3197/1567
f 509/3198/1538 516/3199/1568 522/3200/1501
f 727/3201/1569 430/3202/1569 487/3203/1569
f 745/3011/1443 484/3204/1570 435/2978/1450
f 504/3205/1571 510/3206/1572 524/3207/1573
f 509/3208/1574 511/3209/1575 512/3210/1576
f 611/3211/1577 604/3212/1577 607/3213/1577
f 501/3152/1512 602/3214/1578 482/3153/1541
f 496/3215/1495 536/3216/1579 513/3217/1492
f 472/3190/1562 476/3218/1580 475/3191/1563
f 514/3219/1493 513/3220/1492 520/3221/1581
f 497/3222/1494 514/3223/1493 521/3224/1582
f 467/3024/1415 477/3225/1583 468/3025/1475
f 607/3226/1584 606/3227/1584 611/3228/1584
f 506/3229/1567 511/3230/1585 512/3231/1586
f 504/3232/1587 524/3233/1587 515/3234/1587
f 735/3235/1588 468/3236/1589 431/3237/1590
f 465/3238/1531 518/3239/1591 510/3240/1529
f 515/3241/1592 524/3242/1593 529/3243/1594
f 515/3241/1592 529/3243/1594 504/3244/1595
f 633/3245/1411 608/3246/1596 598/3247/1406
f 598/3248/1597 555/3249/1598 614/3250/1599
f 598/3251/1600 614/3252/1600 597/3253/1600
f 917/3101/1409 600/3254/1601 922/3255/1436
f 921/3039/1423 592/3038/1481 593/3256/1602
f 522/3128/1501 533/3257/1603 476/3129/1526
f 522/3258/1604 516/3259/1604 532/3260/1604
f 476/3218/1580 518/3261/1591 475/3191/1563
f 599/3262/1421 922/3263/1436 600/3264/1601
f 517/3265/1487 505/3266/1539 494/3267/1490
f 470/3268/1605 428/3269/1605 478/3270/1605
f 509/3114/1521 510/3113/1488 545/3271/1606
f 598/3272/1597 608/3273/1607 555/3274/1598
f 465/3238/1531 475/3275/1563 518/3239/1591
f 745/3276/1608 507/3277/1608 484/3278/1608
f 509/3198/1609 512/3279/1610 545/3280/1611
f 509/3208/1574 545/3281/1612 511/3209/1575
f 501/3282/1613 601/3283/1613 602/3284/1613
f 471/3285/1614 479/3286/1614 481/3287/1614
f 518/3288/1615 524/3289/1615 510/3290/1615
f 427/3291/1616 478/3292/1617 428/3293/1618
f 387/3041/1360 399/3294/1316 391/3295/1619
f 392/3296/1525 393/3297/1505 14/3298/1620
f 425/3299/1146 679/3004/1466 389/3300/1496
f 512/3279/1610 511/3301/1621 545/3280/1611
f 470/3302/1622 723/3303/1622 432/3304/1622
f 501/3305/1623 603/3306/1623 601/3307/1623
f 677/3085/1413 680/3308/1453 393/3086/1505
f 509/3309/1624 545/3310/1624 519/3311/1624
f 680/3312/1625 78/3313/1625 393/3314/1625
f 465/3315/1626 527/3316/1626 500/3317/1626
f 727/3318/1627 487/3319/1627 747/3320/1627
f 510/3321/1628 508/3322/1628 524/3323/1628
f 488/3324/1629 81/3325/1629 429/3326/1629
f 435/3327/1630 748/3328/1631 430/3329/1632
f 482/3153/1541 602/3214/1578 535/3330/1633
f 518/3331/1634 476/3332/1634 546/3333/1634
f 502/3116/1508 503/3123/1524 605/3117/1522
f 509/3198/1538 545/3280/1635 516/3199/1568
f 513/3217/1492 536/3216/1579 520/3334/1581
f 514/3219/1493 520/3221/1581 521/3335/1582
f 506/3197/1567 614/3196/1566 523/3336/1636
f 604/3337/1520 924/3338/967 594/3339/1637
f 893/3162/1547 927/3340/1638 634/3163/1548
f 599/3262/1421 600/3264/1601 592/3341/1481
f 522/3342/1639 532/3343/1639 533/3344/1639
f 504/3205/1640 524/3207/1641 529/3345/1642
f 748/3346/1390 435/3347/1643 467/3348/1415
f 521/3224/1582 498/3349/1644 497/3222/1494
f 506/3229/1567 523/3350/1636 511/3230/1585
f 601/3351/1645 535/3352/1645 602/3353/1645
f 496/3215/1495 537/3354/1646 536/3216/1579
f 923/2989/1459 591/2986/1455 635/3355/1647
f 505/3266/1539 539/3356/1648 494/3267/1490
f 490/3357/1649 480/3358/1649 430/3359/1649
f 510/3113/1488 524/3360/1650 526/3361/1651
f 510/3113/1488 526/3361/1651 545/3271/1606
f 516/3362/1568 528/3363/1652 532/3364/1653
f 606/3365/1654 604/3366/1654 611/3367/1654
f 393/3297/1505 78/3368/1655 14/3298/1620
f 603/3369/1656 605/3370/1656 601/3371/1656
f 606/3372/1657 607/3373/1657 604/3374/1657
f 476/3129/1526 533/3257/1603 546/3375/1658
f 480/3376/1659 434/3377/1659 430/3378/1659
f 471/3156/1543 481/3379/1660 527/3157/1544
f 490/3380/1661 434/3381/1662 480/3382/1663
f 479/3383/1664 482/3384/1664 481/3385/1664
f 633/3245/1411 593/3386/1665 608/3246/1596
f 545/3387/1635 528/3363/1652 516/3362/1568
f 430/3388/1666 434/3389/1666 487/3390/1666
f 470/3391/1667 429/3392/1667 428/3393/1667
f 467/3348/1415 435/3347/1643 477/3394/1583
f 525/3395/1668 531/3396/1668 526/3397/1668
f 610/3398/1669 608/3399/1670 609/3400/1671
f 494/3187/1490 539/3401/1648 508/3188/1561
f 504/3183/1558 529/3402/1672 507/3184/1559
f 503/3123/1524 500/3122/1510 527/3403/1544
f 923/3192/1673 610/3404/1674 635/3193/1675
f 424/3003/1465 394/3405/1676 679/3004/1466
f 735/3406/1588 431/3407/1590 432/3408/1677
f 388/3042/1482 391/3295/1619 927/3155/1542
f 528/3409/1678 612/3410/1678 532/3411/1678
f 610/3412/1679 635/3413/1679 608/3414/1679
f 519/3146/1486 545/3415/1606 505/3147/1539
f 528/3416/1652 545/3417/1635 616/3418/1680
f 430/3329/1632 434/3419/1681 435/3327/1630
f 604/3337/1520 594/3339/1637 611/3420/1402
f 430/3181/1557 489/3045/1484 434/3421/1682
f 748/3422/1683 435/3423/1683 490/3424/1683
f 470/3425/1684 432/3426/1677 489/3427/1484
f 518/3428/1685 546/3429/1686 524/3430/1687
f 528/3431/1688 616/3432/1688 612/3433/1688
f 605/3117/1522 503/3123/1524 527/3403/1544
f 606/3030/1478 600/3254/1601 917/3101/1409
f 429/3434/1689 81/3435/1690 428/3293/1618
f 524/3436/1687 484/3437/1691 529/3438/1672
f 524/3436/1687 546/3439/1686 484/3437/1570
f 524/3360/1650 508/3440/1561 526/3361/1651
f 511/3441/1692 614/3442/1692 545/3443/1692
f 606/3030/1478 622/3029/1452 600/3254/1601
f 545/3271/1606 526/3361/1651 534/3444/1693
f 616/3418/1680 545/3417/1635 614/3445/1599
f 511/3446/1694 523/3447/1694 614/3448/1694
f 388/3042/1482 387/3041/1360 391/3295/1619
f 507/3449/1559 529/3438/1672 484/3437/1691
f 546/3450/1686 483/3451/1695 484/3452/1570
f 601/3453/1696 605/3454/1696 613/3455/1696
f 609/3400/1671 608/3399/1670 626/3456/1697
f 526/3361/1651 508/3440/1561 530/3457/1698
f 526/3458/1699 530/3459/1699 612/3460/1699
f 482/3153/1541 535/3330/1633 481/3461/1660
f 614/3462/1599 615/3463/1700 616/3464/1680
f 601/3465/1701 613/3466/1701 535/3467/1701
f 609/3468/1671 626/3469/1697 610/3414/1669
f 534/3444/1693 526/3361/1651 530/3457/1698
f 610/3414/1669 626/3469/1697 608/3412/1670
f 526/3470/1702 531/3471/1702 530/3472/1702
f 678/3171/1552 392/3126/1525 395/3473/1703
f 532/3474/1704 612/3475/1704 533/3476/1704
f 505/3147/1539 545/3415/1606 534/3477/1693
f 613/3478/1705 605/3479/1705 535/3480/1705
f 535/3481/1633 527/3482/1544 481/3483/1660
f 535/3481/1633 605/3484/1522 527/3482/1544
f 483/3451/1695 546/3450/1686 485/3485/1706
f 612/3486/1707 616/3487/1707 617/3488/1707
f 617/3489/1708 533/3490/1708 612/3491/1708
f 533/3492/1709 617/3493/1709 485/3494/1709
f 546/3495/1710 533/3496/1710 485/3497/1710
f 916/3498/1400 611/3499/1402 591/3500/1711
f 593/3501/1712 618/3502/1712 608/3503/1712
f 537/3504/1646 520/3505/1581 536/3506/1579
f 614/3250/1599 555/3249/1598 548/3507/1713
f 530/3457/1698 508/3440/1561 534/3444/1693
f 520/3508/1714 537/3509/1715 498/3510/1716
f 520/3508/1581 498/3510/1644 521/3511/1582
f 490/3380/1661 486/3512/1717 434/3381/1718
f 468/3513/1719 477/3514/1719 441/3515/1719
f 468/3236/1589 436/3516/1720 431/3237/1590
f 540/3517/1721 538/3518/1722 508/3519/1561
f 489/3427/1484 432/3426/1677 433/3520/1723
f 508/3519/1561 539/3521/1648 540/3517/1721
f 505/3522/1539 534/3523/1693 541/3524/1724
f 540/3517/1721 539/3521/1648 541/3524/1724
f 508/3519/1561 538/3518/1722 541/3525/1724
f 539/3521/1648 505/3522/1539 541/3524/1724
f 541/3525/1724 534/3526/1693 508/3519/1561
f 634/3527/1725 927/3528/1725 200/3529/1725
f 432/3408/1677 437/3530/1726 433/3531/1723
f 540/3532/1727 541/3533/1727 542/3534/1727
f 434/3535/1682 489/3427/1484 445/3536/1728
f 592/3341/1481 600/3264/1601 619/3537/1729
f 432/3408/1677 431/3407/1590 437/3530/1726
f 434/3538/1681 486/3539/1730 435/3540/1630
f 489/3427/1484 433/3520/1723 445/3536/1728
f 616/3464/1680 615/3463/1700 617/3541/1731
f 600/3254/1601 622/3029/1452 628/3542/1732
f 600/3264/1601 628/3543/1732 619/3537/1729
f 618/3544/1733 593/3545/1733 624/3546/1733
f 490/3547/1661 435/3548/1734 486/3549/1717
f 592/3550/1735 619/3551/1735 620/3552/1735
f 617/3553/1736 561/3554/1736 485/3555/1736
f 618/3556/1737 624/3557/1738 608/3558/1607
f 434/3538/1739 445/3559/1740 486/3539/1741
f 592/3038/1481 620/3560/1742 593/3256/1602
f 200/3561/1743 927/3155/1542 198/3562/1744
f 431/3563/1745 436/3564/1745 437/3565/1745
f 477/3566/1583 435/3567/1643 441/3568/1746
f 424/3569/1465 390/3570/1747 394/3571/1676
f 485/3572/1706 561/3573/1748 438/3574/1749
f 434/3575/1750 445/3576/1750 487/3577/1750
f 428/3293/1618 81/3435/1690 427/3291/1616
f 483/3578/1695 453/3579/1751 484/3580/1570
f 485/3581/1706 438/3582/1749 483/3578/1695
f 629/3583/1752 608/3558/1607 621/3584/1753
f 538/3585/1754 565/3586/1754 541/3587/1754
f 676/3588/1755 427/3589/1755 439/3590/1755
f 540/3591/1756 544/3592/1756 538/3593/1756
f 622/3029/1452 623/3594/1757 628/3542/1732
f 680/3595/1758 439/3596/1759 78/3597/1760
f 434/3598/1761 449/3599/1761 445/3600/1761
f 614/3462/1599 547/3601/1762 615/3463/1700
f 540/3602/1763 542/3603/1763 543/3604/1763
f 542/3605/1764 565/3606/1765 543/3607/1766
f 678/3608/1767 395/3609/1767 390/3610/1767
f 622/3611/1452 635/3612/1483 623/3613/1757
f 542/3605/1764 541/3614/1768 565/3606/1765
f 591/3615/1769 627/3616/1769 635/3617/1769
f 389/3300/1496 679/3004/1466 402/3618/1770
f 445/3559/1771 440/3619/1772 486/3539/1773
f 593/3620/1602 620/3621/1742 624/3622/1738
f 435/3623/1643 486/3624/1774 441/3625/1746
f 679/3004/1466 394/3405/1676 2/3626/1775
f 486/3549/1776 435/3548/1450 442/3627/1777
f 540/3628/1778 543/3629/1778 544/3630/1778
f 635/3631/1483 629/3583/1752 621/3584/1753
f 608/3558/1607 624/3557/1738 621/3584/1753
f 468/3632/1779 441/3633/1779 436/3634/1779
f 617/3541/1731 615/3463/1700 631/3635/1780
f 635/3636/1781 625/3637/1781 629/3638/1781
f 634/3639/1782 200/3640/1782 284/3641/1782
f 433/3642/1723 486/3624/1774 445/3643/1728
f 614/3462/1599 548/3644/1713 547/3601/1762
f 626/3645/1783 630/3646/1783 635/3647/1783
f 442/3648/1777 435/3649/1450 444/3650/1784
f 635/3651/1785 627/3652/1785 626/3653/1785
f 635/3612/1483 621/3654/1753 623/3613/1757
f 635/3655/1786 625/3656/1786 627/3657/1786
f 628/3658/1732 623/3659/1757 619/3660/1729
f 486/3624/1774 433/3642/1723 441/3625/1746
f 538/3661/1787 544/3662/1787 565/3663/1787
f 621/3664/1753 624/3665/1738 623/3659/1757
f 623/3659/1757 620/3666/1742 619/3660/1729
f 436/3667/1788 433/3642/1723 437/3668/1726
f 436/3667/1788 441/3625/1746 433/3642/1723
f 624/3665/1738 620/3666/1742 623/3659/1757
f 443/3669/1789 444/3670/1784 484/3580/1570
f 635/3671/1790 630/3672/1790 625/3673/1790
f 747/3674/1791 487/3675/1791 488/3676/1791
f 434/3677/1792 486/3678/1792 449/3679/1792
f 927/3155/1542 391/3295/1619 198/3562/1744
f 629/3680/1752 555/3274/1598 608/3273/1607
f 402/3681/1770 396/3682/1793 397/3683/1794
f 402/3681/1770 404/3684/1795 396/3682/1793
f 389/3300/1496 402/3618/1770 397/3685/1794
f 484/3686/1570 444/3650/1784 435/3649/1450
f 442/3627/1777 440/3687/1796 486/3549/1776
f 626/3688/1797 554/3689/1797 630/3690/1797
f 626/3691/1798 627/3692/1798 554/3693/1798
f 629/3680/1752 625/3694/1799 555/3274/1598
f 617/3541/1731 631/3635/1780 561/3695/1800
f 397/3696/1794 396/3697/1793 406/3698/1801
f 484/3580/1570 453/3579/1751 443/3669/1789
f 615/3463/1700 547/3601/1762 551/3699/1802
f 445/3700/1803 449/3701/1803 487/3702/1803
f 486/3703/1804 440/3704/1804 449/3705/1804
f 488/3706/1805 487/3707/1805 81/3708/1805
f 625/3709/1799 630/3710/1806 555/3711/1598
f 404/3712/1795 410/3713/1807 396/3714/1793
f 440/3715/1796 442/3716/1777 449/3717/1808
f 397/3696/1794 406/3698/1801 417/3718/1809
f 630/3710/1806 556/3719/1810 555/3711/1598
f 438/3582/1749 446/3720/1811 483/3578/1695
f 404/3712/1795 398/3721/1812 410/3713/1807
f 399/3722/1813 904/3723/1813 400/3724/1813
f 401/3725/1814 392/3726/1814 395/3727/1814
f 444/3670/1784 443/3669/1789 447/3728/1815
f 615/3463/1700 551/3699/1802 631/3635/1780
f 391/3295/1619 423/3729/1816 198/3562/1744
f 627/3730/1817 630/3731/1817 554/3732/1817
f 439/3733/1759 14/3734/1818 78/3735/1760
f 396/3736/1819 410/3737/1819 406/3738/1819
f 547/3739/1762 548/3740/1713 557/3741/1820
f 402/3742/1821 403/3743/1821 418/3744/1821
f 402/3745/1822 418/3746/1822 404/3747/1822
f 533/3748/1823 551/3749/1823 443/3750/1823
f 533/3751/1824 631/3752/1824 551/3753/1824
f 548/3740/1713 552/3754/1825 557/3741/1820
f 627/3755/1826 591/3756/1827 549/3757/1828
f 443/3758/1829 551/3759/1829 447/3760/1829
f 483/3578/1695 446/3720/1811 453/3579/1751
f 544/3761/1830 543/3762/1766 550/3763/1831
f 447/3764/1832 547/3765/1832 557/3766/1832
f 448/3767/1833 447/3768/1833 551/3769/1833
f 443/3770/1834 453/3771/1834 533/3772/1834
f 554/3773/1835 551/3774/1802 563/3775/1836
f 551/3776/1837 554/3777/1837 448/3778/1837
f 555/3779/1838 552/3780/1838 548/3781/1838
f 447/3728/1815 450/3782/1839 444/3670/1784
f 627/3783/1840 567/3784/1841 630/3710/1806
f 444/3650/1784 90/3785/1842 442/3648/1777
f 551/3774/1802 547/3739/1762 557/3741/1820
f 565/3786/1765 553/3787/1843 543/3788/1766
f 447/3789/1844 450/3790/1844 557/3791/1844
f 549/3792/1845 567/3793/1845 627/3794/1845
f 447/3728/1846 448/3795/1847 450/3782/1848
f 611/3796/1402 594/3797/1637 317/3798/1849
f 551/3774/1802 557/3741/1820 563/3775/1836
f 630/3710/1806 567/3784/1841 556/3719/1810
f 449/3799/1850 457/3800/1850 487/3801/1850
f 449/3717/1808 442/3716/1777 457/3802/1851
f 631/3803/1852 533/3804/1852 563/3805/1852
f 402/3618/1770 679/3004/1466 1/3806/1853
f 444/3670/1784 450/3782/1839 90/3807/1842
f 404/3808/1795 418/3809/1854 398/3721/1812
f 448/3810/1855 563/3811/1836 560/3812/1856
f 554/3813/1835 563/3811/1836 448/3810/1855
f 555/3814/1857 556/3815/1857 552/3816/1857
f 450/3817/1858 560/3818/1858 557/3819/1858
f 533/3820/1859 453/3821/1859 563/3822/1859
f 450/3823/1860 448/3824/1860 560/3825/1860
f 560/3826/1861 563/3827/1861 558/3828/1861
f 450/3829/1862 557/3830/1862 559/3831/1862
f 560/3832/1863 559/3833/1863 557/3834/1863
f 560/3835/1864 453/3836/1864 450/3837/1864
f 391/3295/1619 399/3294/1316 423/3729/1816
f 560/3838/1865 558/3839/1865 559/3840/1865
f 549/3841/1866 563/3842/1866 567/3843/1866
f 560/3844/1867 558/3845/1867 453/3846/1867
f 558/3847/1868 563/3848/1868 453/3849/1868
f 450/3850/1869 559/3851/1869 560/3852/1869
f 418/3853/1870 403/3854/1871 409/3855/1872
f 438/3574/1749 561/3573/1748 562/3856/1873
f 408/3857/1874 405/3858/1875 406/3859/1801
f 556/3860/1876 587/3861/1876 552/3862/1876
f 397/3685/1794 417/3863/1809 389/3300/1496
f 81/3864/1877 487/3865/1877 123/3866/1877
f 410/3867/1878 407/3868/1878 406/3869/1878
f 442/3648/1777 90/3785/1842 452/3870/1879
f 565/3786/1765 566/3871/1880 553/3787/1843
f 406/3872/1881 407/3873/1881 408/3874/1881
f 544/3875/1830 550/3876/1831 565/3877/1882
f 405/3858/1875 417/3878/1809 406/3859/1801
f 559/3879/1883 451/3880/1883 560/3881/1883
f 438/3882/1884 562/3883/1884 446/3884/1884
f 403/3885/1871 412/3886/1885 409/3887/1872
f 557/3741/1820 552/3754/1825 324/3888/1886
f 556/3719/1810 567/3784/1841 587/3889/1887
f 560/3890/1888 451/3891/1888 558/3892/1888
f 558/3893/1889 451/3894/1889 559/3895/1889
f 611/3796/1402 317/3798/1849 591/3896/1711
f 591/3756/1827 288/3897/1890 549/3757/1828
f 411/3898/1891 409/3899/1891 412/3900/1891
f 561/3901/1892 288/3902/1892 562/3903/1892
f 442/3716/1777 452/3904/1879 457/3802/1851
f 408/3905/1893 407/3906/1893 405/3907/1893
f 563/3775/1836 557/3741/1820 324/3888/1886
f 407/3908/1894 410/3909/1894 413/3910/1894
f 409/3855/1872 411/3911/1895 418/3853/1870
f 631/3912/1896 288/3913/1896 561/3914/1896
f 418/3915/1897 411/3916/1897 419/3917/1897
f 402/3918/1898 1/3919/1898 403/3920/1898
f 324/3888/1886 564/3921/1899 563/3775/1836
f 412/3886/1885 403/3885/1871 419/3922/1900
f 553/3923/1843 550/3763/1831 543/3762/1766
f 398/3721/1812 418/3809/1854 420/3924/1901
f 563/3925/1902 564/3926/1902 631/3927/1902
f 405/3928/1875 413/3929/1903 417/3930/1809
f 450/3931/1904 453/3932/1904 455/3933/1904
f 419/3934/1905 411/3935/1905 412/3936/1905
f 405/3928/1875 407/3937/1906 413/3929/1903
f 567/3938/1907 564/3939/1907 324/3940/1907
f 487/3941/1908 454/3942/1909 123/3943/1909
f 563/3944/1910 564/3945/1910 567/3946/1910
f 565/3947/1911 107/3948/1911 566/3949/1911
f 450/3950/1912 455/3951/1912 456/3952/1912
f 389/3953/1913 417/3954/1913 204/3955/1913
f 549/3956/1914 288/3957/1914 584/3958/1914
f 567/3959/1915 324/3960/1915 308/3961/1915
f 631/3962/1916 564/3963/1916 288/3964/1916
f 410/3965/1917 199/3966/1917 413/3967/1917
f 200/3968/1918 414/3969/1918 284/3970/1918
f 446/3720/1811 562/3971/1919 453/3579/1751
f 453/3972/1920 456/3973/1920 455/3974/1920
f 398/3721/1812 420/3924/1901 410/3713/1807
f 450/3975/1921 456/3976/1922 457/3977/1923
f 395/3978/1924 415/3979/1925 416/3980/1926
f 417/3981/1927 413/3982/1927 204/3983/1927
f 457/3984/1928 110/3985/1928 450/3986/1928
f 565/3877/1882 550/3876/1831 107/3987/1929
f 679/3004/1466 2/3626/1775 1/3806/1853
f 568/3988/1930 569/3989/1931 570/3990/1932
f 395/3991/1924 416/3992/1926 390/3993/1747
f 130/3994/1933 79/3995/1934 458/3996/1935
f 79/3995/1934 130/3994/1933 459/3997/1936
f 568/3988/1930 335/3998/1937 569/3989/1931
f 562/3971/1919 84/3999/1938 453/3579/1751
f 79/3995/1934 136/4000/1939 458/3996/1935
f 570/3990/1932 571/4001/1940 568/3988/1930
f 568/3988/1930 572/4002/1941 335/3998/1937
f 458/3996/1935 131/4003/1942 130/3994/1933
f 459/3997/1936 460/4004/1943 79/3995/1934
f 572/4002/1941 573/4005/1944 335/3998/1937
f 571/4001/1940 570/3990/1932 574/4006/1945
f 130/4007/1933 131/4008/1942 132/4009/1946
f 79/3995/1934 460/4004/1943 80/4010/1947
f 335/3998/1937 573/4005/1944 588/4011/1948
f 284/4012/1949 414/4013/1949 283/4014/1949
f 575/4015/1950 570/3990/1932 569/3989/1931
f 570/3990/1932 575/4015/1950 576/4016/1951
f 568/3988/1930 581/4017/1952 572/4002/1941
f 423/4018/1953 197/4019/1953 198/4020/1953
f 574/4006/1945 570/3990/1932 576/4016/1951
f 79/4021/1934 80/4022/1947 142/4023/1954
f 450/4024/1839 110/4025/1955 16/4026/1956
f 458/3996/1935 461/4027/1957 131/4028/1942
f 136/4000/1939 461/4027/1957 458/3996/1935
f 588/4011/1948 573/4005/1944 329/4029/1958
f 198/3562/1744 197/4030/1959 200/3561/1743
f 79/4021/1934 142/4023/1954 136/4031/1939
f 130/4007/1933 133/4032/1960 459/4033/1936
f 457/4034/1923 106/4035/1961 487/4036/1962
f 576/4016/1951 289/4037/1963 574/4006/1945
f 459/4038/1936 83/4039/1964 460/4040/1943
f 90/3807/1842 450/3782/1839 16/4041/1956
f 572/4002/1941 577/4042/1965 573/4005/1944
f 576/4016/1951 575/4015/1950 578/4043/1966
f 410/4044/1967 420/4045/1967 199/4046/1967
f 576/4016/1951 578/4043/1966 289/4037/1963
f 80/4047/1947 460/4040/1943 94/4048/1968
f 575/4015/1950 579/4049/1969 578/4043/1966
f 317/4050/1970 594/4051/1970 284/4052/1970
f 392/4053/1971 415/3979/1925 395/3978/1924
f 571/4001/1940 574/4006/1945 582/4054/1972
f 456/4055/1973 82/4056/1973 455/4057/1973
f 427/4058/1616 81/4059/1690 96/4060/1974
f 569/3989/1931 335/4061/1937 575/4015/1950
f 460/4040/1943 87/4062/1975 94/4048/1968
f 567/3784/1841 308/4063/1976 587/3889/1887
f 456/4064/1977 82/4065/1977 16/4066/1977
f 329/4029/1958 573/4005/1944 580/4067/1978
f 288/4068/1979 285/4069/1979 562/4070/1979
f 131/4071/1942 461/4072/1957 134/4073/1980
f 132/4074/1946 131/4071/1942 135/4075/1981
f 568/3988/1930 571/4001/1940 581/4017/1952
f 87/4062/1975 460/4040/1943 83/4039/1964
f 573/4005/1944 585/4076/1982 580/4067/1978
f 572/4002/1941 581/4017/1952 577/4042/1965
f 581/4077/1952 571/4078/1940 582/4079/1972
f 130/4007/1933 132/4009/1946 133/4032/1960
f 581/4077/1952 582/4079/1972 577/4080/1965
f 288/4081/1983 291/4082/1983 285/4083/1983
f 131/4071/1942 134/4073/1980 135/4075/1981
f 418/4084/1984 419/4085/1984 420/4086/1984
f 459/4087/1936 133/4088/1960 83/4089/1964
f 562/4090/1919 285/4091/1985 84/4092/1938
f 403/4093/1986 420/4094/1986 419/4095/1986
f 403/4096/1987 1/4097/1987 420/4098/1987
f 574/4006/1945 586/4099/1988 582/4054/1972
f 14/4100/1989 439/4101/1989 392/4102/1989
f 200/4103/1990 197/4104/1990 414/4105/1990
f 573/4005/1944 577/4042/1965 585/4076/1982
f 453/3579/1751 84/3999/1938 456/4106/1922
f 487/4107/1991 462/4108/1991 454/4109/1991
f 392/4053/1971 439/4110/1992 421/4111/1993
f 134/4073/1980 137/4112/1994 135/4075/1981
f 132/4074/1946 135/4075/1981 137/4112/1994
f 80/4022/1947 94/4113/1968 142/4023/1954
f 392/4053/1971 422/4114/1995 3/4115/1996
f 392/4053/1971 421/4111/1993 422/4114/1995
f 392/4053/1971 3/4115/1996 415/3979/1925
f 85/4116/1997 86/4117/1998 87/4062/1975
f 329/4029/1958 583/4118/1999 588/4011/1948
f 549/4119/2000 584/4120/2000 563/4121/2000
f 284/4122/2001 283/4123/2002 286/4124/2003
f 335/4061/1937 579/4049/1969 575/4015/1950
f 577/4080/1965 582/4079/1972 358/4125/2004
f 577/4080/1965 358/4125/2004 585/4126/1982
f 136/4127/1939 142/4128/1954 461/4129/1957
f 83/4039/1964 88/4130/2005 87/4062/1975
f 134/4073/1980 461/4072/1957 141/4131/2006
f 87/4062/1975 88/4130/2005 85/4116/1997
f 452/3904/1879 93/4132/2007 457/3802/1851
f 137/4133/1994 138/4134/2008 132/4009/1946
f 574/4006/1945 289/4037/1963 586/4099/1988
f 454/3942/1909 462/4135/2009 123/3943/1909
f 456/4136/1922 84/4137/1938 106/4138/1961
f 564/4139/2010 308/4140/2010 567/4141/2010
f 90/4142/2011 16/4143/2012 91/4144/2013
f 87/4062/1975 86/4117/1998 95/4145/2014
f 87/4146/2015 95/4147/2015 94/4148/2015
f 585/4149/2016 358/4150/2016 580/4151/2016
f 96/4152/1974 439/4153/1992 427/4154/1616
f 134/4073/1980 141/4131/2006 140/4155/2017
f 584/4156/2018 301/4157/2018 563/4158/2018
f 317/4159/2019 284/4160/2019 218/4161/2019
f 132/4009/1946 138/4134/2008 133/4032/1960
f 133/4088/1960 88/4162/2005 83/4089/1964
f 582/4163/2020 586/4164/2020 386/4165/2020
f 285/4166/2021 291/4167/2022 287/4168/2023
f 288/4169/2024 301/4170/2025 314/4171/2026
f 414/4172/2027 201/4173/2028 283/4174/2002
f 285/4175/2029 89/4176/2030 123/4177/2031
f 324/3888/1886 552/3754/1825 222/4178/2032
f 586/4179/1988 289/4180/1963 290/4181/2033
f 90/4182/2034 91/4183/2035 93/4184/2036
f 90/4185/2037 93/4186/2037 452/4187/2037
f 329/4188/2038 330/4189/2038 583/4190/2038
f 582/4191/1972 386/4192/2039 343/4193/2040
f 580/4067/1978 330/4194/2041 329/4029/1958
f 580/4195/1978 358/4196/2004 332/4197/2042
f 291/4198/2022 288/4199/2043 287/4200/2023
f 289/4180/1963 578/4201/1966 292/4202/2044
f 456/3976/1922 106/4203/1961 457/3977/1923
f 566/4204/2045 107/4205/2045 553/4206/2045
f 413/4207/2046 199/4208/2046 204/4209/2046
f 88/4130/2005 103/4210/2047 85/4116/1997
f 86/4117/1998 85/4116/1997 92/4211/2048
f 133/4212/1960 138/4213/2008 159/4214/2049
f 94/4113/1968 99/4215/2050 142/4023/1954
f 457/4216/1851 93/4217/2007 110/4218/2051
f 289/4180/1963 292/4202/2044 293/4219/2052
f 289/4180/1963 293/4219/2052 290/4181/2033
f 487/4036/1962 106/4035/1961 84/4220/2053
f 552/4221/2054 587/4222/2054 222/4223/2054
f 1/4224/1853 2/4225/1775 202/4226/2055
f 358/4196/2004 331/4227/2056 332/4197/2042
f 588/4228/2057 583/4229/2057 335/4230/2057
f 123/4177/2031 89/4176/2030 462/4231/2058
f 563/4232/2059 301/4233/2059 564/4234/2059
f 584/4235/2060 288/4236/2060 301/4237/2060
f 487/4238/2061 84/4239/2061 462/4240/2061
f 197/4241/2062 423/4242/2062 399/4243/2062
f 101/4244/2063 100/4245/2063 142/4246/2063
f 586/4247/1988 294/4248/2064 386/4249/2039
f 137/4133/1994 143/4250/2065 138/4134/2008
f 204/4251/2066 199/4252/2067 202/4253/2055
f 587/4254/1887 297/4255/2068 222/4256/2069
f 140/4155/2017 139/4257/2070 134/4073/1980
f 461/4129/1957 142/4128/1954 140/4258/2017
f 461/4129/1957 140/4258/2017 141/4259/2006
f 290/4181/2033 294/4260/2064 586/4179/1988
f 295/4261/2071 316/4262/2071 315/4263/2071
f 88/4162/2005 133/4088/1960 181/4264/2072
f 94/4265/1968 95/4266/2014 99/4267/2050
f 579/4268/1969 292/4269/2044 578/4270/1966
f 134/4073/1980 139/4257/2070 137/4112/1994
f 86/4117/1998 120/4271/2073 95/4272/2014
f 1/4273/2074 202/4274/2074 420/4275/2074
f 107/4276/2075 313/4277/2076 553/4278/1843
f 86/4117/1998 92/4211/2048 120/4271/2073
f 133/4212/1960 159/4214/2049 144/4279/2077
f 553/4280/1843 111/4281/2078 550/4282/1831
f 582/4283/1972 343/4284/2040 358/4285/2004
f 579/4286/2079 335/4287/2079 589/4288/2079
f 96/4289/1974 129/4290/2080 439/4291/1992
f 85/4116/1997 103/4210/2047 92/4211/2048
f 330/4292/2041 332/4293/2042 333/4294/2081
f 142/4295/2082 162/4296/2082 166/4297/2082
f 330/4292/2041 580/4298/1978 332/4293/2042
f 84/4092/1938 285/4091/1985 97/4299/2083
f 133/4300/2084 144/4301/2084 181/4302/2084
f 421/4303/1993 439/4304/1992 98/4305/2085
f 421/4306/1993 98/4307/2085 422/4308/1995
f 142/4309/2086 100/4310/2086 162/4311/2086
f 137/4112/1994 139/4257/2070 153/4312/2087
f 394/3571/1676 8/4313/2088 2/4314/1775
f 414/4172/2027 197/4315/2089 201/4173/2028
f 107/4276/2075 296/4316/2090 313/4277/2076
f 290/4181/2033 293/4219/2052 299/4317/2091
f 294/4260/2064 290/4181/2033 299/4317/2091
f 420/4318/2092 202/4253/2055 199/4252/2067
f 422/4308/1995 98/4307/2085 3/4319/1996
f 415/4320/1925 3/4319/1996 98/4307/2085
f 553/4321/1843 313/4322/2076 111/4323/2078
f 137/4112/1994 153/4312/2087 143/4324/2065
f 337/4325/2093 352/4326/2094 589/4327/2095
f 283/4328/2002 203/4329/2096 251/4330/2097
f 283/4328/2002 251/4330/2097 286/4124/2003
f 587/4331/1887 308/4332/1976 297/4333/2068
f 386/4192/2039 334/4334/2098 343/4193/2040
f 439/4291/1992 129/4290/2080 117/4335/2099
f 95/4272/2014 120/4271/2073 99/4336/2050
f 151/4337/2100 100/4338/2101 101/4339/2102
f 579/4268/1969 589/4340/2103 298/4341/2104
f 358/4285/2004 343/4284/2040 357/4342/2105
f 335/4343/2106 583/4344/2107 336/4345/2108
f 352/4346/2109 298/4347/2109 589/4348/2109
f 343/4349/2040 338/4350/2110 340/4351/2111
f 88/4162/2005 102/4352/2112 103/4353/2047
f 159/4354/2113 147/4355/2113 144/4356/2113
f 96/4357/1974 35/4358/2114 129/4359/2080
f 343/4349/2040 340/4351/2111 357/4360/2105
f 294/4260/2064 299/4317/2091 341/4361/2115
f 337/4362/2093 589/4363/2095 353/4364/2116
f 81/4365/1690 35/4366/2114 96/4367/1974
f 332/4293/2042 342/4368/2117 333/4294/2081
f 343/4369/2118 339/4370/2118 338/4371/2118
f 352/4372/2119 306/4373/2119 298/4374/2119
f 415/4320/1925 98/4307/2085 416/3992/1926
f 292/4202/2044 302/4375/2120 293/4219/2052
f 113/4376/2121 151/4337/2100 101/4339/2102
f 151/4377/2100 113/4378/2121 161/4379/2122
f 147/4380/2123 159/4381/2123 145/4382/2123
f 202/4226/2055 2/4225/1775 204/4383/2066
f 338/4384/2110 339/4385/2124 340/4386/2111
f 92/4211/2048 103/4210/2047 104/4387/2125
f 583/4344/2107 330/4388/2041 336/4345/2108
f 218/4389/2126 284/4390/2001 299/4391/2091
f 99/4215/2050 105/4392/2127 142/4023/1954
f 550/4282/1831 111/4281/2078 112/4393/2128
f 106/4394/2129 462/4395/2130 84/4396/2131
f 300/4397/2132 114/4398/2133 315/4399/2134
f 107/4400/2135 550/4401/2135 296/4402/2135
f 147/4403/2136 145/4404/2137 148/4405/2138
f 308/4406/2139 564/4407/2139 288/4408/2139
f 288/4409/2140 564/4410/2140 301/4411/2140
f 293/4219/2052 302/4375/2120 299/4317/2091
f 103/4353/2047 102/4352/2112 104/4412/2125
f 218/4389/2126 299/4391/2091 302/4413/2120
f 386/4249/2039 294/4248/2064 341/4414/2115
f 218/4389/2126 302/4413/2120 303/4415/2141
f 101/4416/2102 142/4417/1954 105/4418/2127
f 100/4419/2101 161/4420/2122 162/4421/2142
f 332/4197/2042 331/4227/2056 342/4422/2117
f 550/4423/2143 112/4424/2143 296/4425/2143
f 285/4166/2021 287/4168/2023 304/4426/2144
f 201/4173/2028 197/4315/2089 283/4174/2002
f 143/4324/2065 153/4312/2087 146/4427/2145
f 579/4268/1969 298/4341/2104 292/4269/2044
f 138/4134/2008 143/4250/2065 146/4428/2145
f 335/4343/2106 336/4345/2108 589/4429/2095
f 284/4390/2001 305/4430/2146 299/4391/2091
f 147/4431/2147 148/4432/2147 149/4433/2147
f 292/4269/2044 298/4341/2104 231/4434/2148
f 140/4155/2017 150/4435/2149 139/4257/2070
f 390/3993/1747 416/3992/1926 4/4436/2150
f 151/4437/2100 161/4420/2122 100/4419/2101
f 92/4211/2048 104/4387/2125 102/4438/2112
f 343/4439/2151 334/4440/2151 339/4441/2151
f 153/4312/2087 139/4257/2070 152/4442/2152
f 589/4363/2095 336/4443/2108 353/4364/2116
f 342/4368/2117 344/4444/2153 333/4294/2081
f 330/4292/2041 333/4294/2081 345/4445/2154
f 301/4446/2025 564/4447/2155 314/4448/2026
f 88/4162/2005 181/4264/2072 102/4352/2112
f 153/4449/2156 152/4450/2156 146/4451/2156
f 106/4138/2157 84/4137/1938 97/4452/2083
f 306/4453/2158 323/4454/2158 298/4455/2158
f 284/4122/2001 286/4124/2003 305/4456/2146
f 110/4025/1955 109/4457/2159 16/4026/1956
f 89/4458/2160 118/4459/2161 285/4460/2162
f 439/4304/1992 108/4461/2163 98/4305/2085
f 106/4462/2164 109/4463/2165 110/4464/2166
f 106/4394/2129 109/4465/2167 462/4395/2130
f 92/4211/2048 129/4466/2080 120/4271/2073
f 308/4332/1976 307/4467/2168 297/4333/2068
f 308/4332/2169 288/4468/2170 307/4467/2171
f 92/4211/2048 117/4469/2099 129/4466/2080
f 99/4470/2050 120/4471/2073 105/4472/2127
f 147/4473/2172 154/4474/2172 144/4475/2172
f 330/4388/2041 345/4476/2154 336/4345/2108
f 142/4128/1954 166/4477/2173 140/4258/2017
f 344/4444/2153 345/4445/2154 333/4294/2081
f 110/4218/2051 93/4217/2007 109/4478/2174
f 337/4479/2093 367/4480/2175 361/4481/2176
f 337/4482/2177 353/4483/2177 367/4484/2177
f 308/4485/2178 307/4486/2178 564/4487/2178
f 111/4488/2179 116/4489/2179 112/4490/2179
f 298/4491/2180 323/4492/2180 231/4493/2180
f 337/4479/2093 361/4481/2176 356/4494/2181
f 92/4211/2048 102/4438/2112 117/4469/2099
f 324/4495/2182 307/4496/2182 308/4497/2182
f 339/4385/2124 346/4498/2183 340/4386/2111
f 357/4499/2105 340/4500/2111 359/4501/2184
f 106/4462/2157 21/4502/2185 109/4463/2186
f 302/4375/2120 292/4202/2044 319/4503/2187
f 106/4138/2157 97/4452/2083 21/4504/2185
f 120/4471/2073 19/4505/2188 105/4472/2127
f 145/4404/2137 171/4506/2189 148/4405/2138
f 149/4507/2190 148/4508/2191 156/4509/2192
f 285/4460/1985 118/4459/2193 97/4510/2083
f 334/4511/2098 386/4512/2039 351/4513/2194
f 156/4509/2192 157/4514/2195 149/4507/2190
f 462/4231/2130 109/4515/2167 123/4177/2196
f 147/4516/2197 149/4517/2198 154/4518/2198
f 161/4379/2122 113/4378/2121 163/4519/2199
f 140/4258/2017 166/4477/2173 150/4520/2149
f 340/4386/2111 346/4498/2183 347/4521/2200
f 150/4435/2149 155/4522/2201 139/4257/2070
f 331/4227/2056 349/4523/2202 342/4422/2117
f 156/4524/2203 148/4525/2203 158/4526/2203
f 150/4435/2149 166/4527/2173 155/4522/2201
f 113/4378/2121 164/4528/2204 163/4519/2199
f 337/4479/2093 356/4494/2181 352/4529/2094
f 245/4530/2205 309/4531/2205 533/4532/2205
f 315/4533/2206 316/4534/2207 114/4535/2208
f 146/4428/2145 160/4536/2209 138/4134/2008
f 138/4134/2008 160/4536/2209 159/4537/2049
f 283/4174/2002 197/4315/2089 203/4538/2096
f 345/4445/2154 344/4444/2153 348/4539/2210
f 145/4540/2137 159/4541/2211 171/4542/2189
f 139/4257/2070 155/4522/2201 152/4442/2152
f 101/4416/2102 105/4418/2127 113/4543/2121
f 358/4544/2004 349/4545/2202 331/4546/2056
f 82/4547/2212 16/4548/2212 114/4549/2212
f 82/4065/2213 316/4550/2213 16/4066/2213
f 82/4551/2214 114/4535/2208 316/4534/2207
f 156/4552/2192 168/4553/2215 157/4554/2195
f 156/4552/2192 158/4555/2216 168/4553/2215
f 299/4317/2091 311/4556/2217 341/4361/2115
f 35/4358/2114 115/4557/2218 129/4359/2080
f 319/4503/2187 303/4558/2141 302/4375/2120
f 296/4559/2219 112/4560/2219 310/4561/2219
f 339/4385/2124 350/4562/2220 346/4498/2183
f 313/4563/2221 296/4564/2221 310/4565/2221
f 345/4476/2154 362/4566/2222 336/4345/2108
f 386/4249/2039 228/4567/2223 351/4568/2194
f 305/4569/2146 311/4570/2217 299/4571/2091
f 159/4541/2211 179/4572/2224 171/4542/2189
f 342/4368/2117 349/4573/2202 344/4444/2153
f 340/4500/2111 355/4574/2225 359/4501/2184
f 114/4398/2226 16/4575/2227 315/4399/2228
f 310/4576/2229 312/4577/2230 313/4578/2231
f 312/4577/2230 356/4579/2181 313/4578/2231
f 123/4580/2232 97/4581/2232 118/4582/2232
f 163/4583/2233 112/4584/2233 116/4585/2233
f 386/4249/2039 341/4414/2115 228/4567/2223
f 356/4586/2181 361/4587/2176 313/4588/2231
f 159/4589/2234 160/4590/2234 179/4591/2234
f 161/4592/2122 178/4593/2235 177/4594/2236
f 352/4595/2237 346/4596/2237 354/4597/2237
f 161/4592/2122 177/4594/2236 162/4598/2142
f 163/4599/2238 116/4600/2238 161/4601/2238
f 113/4602/2239 105/4603/2239 175/4604/2239
f 102/4605/2240 181/4606/2240 117/4607/2240
f 307/4467/2171 288/4468/2170 221/4608/2241
f 312/4609/2230 310/4610/2229 320/4611/2242
f 310/4612/2229 112/4613/2243 23/4614/2244
f 389/4615/1496 204/4616/2066 205/4617/2245
f 306/4618/2246 370/4619/2247 323/4620/2248
f 111/4323/2078 313/4322/2076 321/4621/2249
f 314/4622/2250 288/4623/2250 287/4624/2250
f 307/4625/2171 315/4626/2251 564/4627/2155
f 353/4628/2252 376/4629/2252 367/4630/2252
f 112/4631/2253 163/4632/2253 164/4633/2253
f 346/4498/2183 350/4562/2220 354/4634/2254
f 105/4635/2255 121/4636/2255 175/4637/2255
f 356/4494/2181 354/4638/2256 352/4529/2094
f 144/4639/2257 183/4640/2258 181/4641/2259
f 314/4448/2260 564/4447/2155 315/4642/2251
f 162/4643/2261 165/4644/2262 166/4645/2173
f 111/4646/2263 321/4647/2263 116/4648/2263
f 123/4649/2264 124/4650/2264 97/4651/2264
f 123/4652/2265 118/4653/2265 81/4654/2265
f 148/4405/2138 171/4506/2189 182/4655/2266
f 346/4498/2183 354/4634/2254 347/4521/2200
f 113/4378/2121 175/4656/2267 164/4528/2204
f 148/4657/2268 182/4658/2268 158/4659/2268
f 340/4386/2111 347/4521/2200 355/4660/2225
f 285/4661/2021 304/4662/2144 118/4663/2269
f 161/4664/2270 116/4665/2270 167/4666/2270
f 117/4335/2099 128/4667/2271 439/4291/1992
f 120/4471/2073 119/4668/2272 19/4505/2188
f 129/4359/2080 115/4557/2218 120/4669/2073
f 341/4361/2115 311/4556/2217 360/4670/2273
f 356/4671/2274 312/4672/2274 320/4673/2274
f 356/4674/2275 320/4675/2275 369/4676/2275
f 357/4677/2105 373/4678/2276 358/4679/2004
f 181/4680/2277 126/4681/2277 117/4682/2277
f 120/4683/2073 115/4684/2218 119/4685/2272
f 316/4686/2278 315/4687/2278 16/4688/2278
f 356/4494/2181 369/4689/2279 354/4638/2256
f 339/4690/2124 334/4511/2098 350/4691/2220
f 306/4692/2280 352/4693/2280 370/4694/2280
f 149/4517/2198 168/4695/2281 154/4518/2198
f 149/4696/2282 157/4697/2282 168/4698/2282
f 591/4699/2283 317/4700/2283 288/4701/2283
f 112/4702/2284 164/4703/2284 170/4704/2284
f 303/4415/2141 322/4705/2285 218/4389/2126
f 353/4706/2286 336/4707/2286 376/4708/2286
f 112/4613/2243 170/4709/2287 23/4614/2244
f 319/4503/2187 318/4710/2288 303/4558/2141
f 288/4169/2170 314/4171/2289 221/4711/2241
f 373/4678/2276 357/4677/2105 359/4712/2184
f 334/4511/2098 351/4513/2194 350/4691/2220
f 292/4269/2044 231/4434/2148 319/4713/2187
f 152/4714/2152 169/4715/2290 146/4716/2291
f 117/4717/2099 126/4718/2292 125/4719/2293
f 152/4442/2152 155/4522/2201 169/4715/2290
f 313/4720/2076 320/4721/2242 321/4722/2249
f 144/4723/2294 154/4724/2294 183/4725/2294
f 341/4726/2295 360/4727/2295 365/4728/2295
f 361/4729/2296 369/4730/2296 313/4731/2296
f 352/4732/2297 354/4733/2297 370/4734/2297
f 348/4539/2210 362/4735/2222 345/4445/2154
f 313/4736/2298 369/4737/2298 320/4738/2298
f 358/4544/2004 372/4739/2299 349/4545/2202
f 362/4566/2222 363/4740/2300 336/4345/2108
f 19/4741/2301 121/4742/2301 105/4743/2301
f 116/4744/2302 170/4745/2303 167/4746/2304
f 164/4528/2204 175/4656/2267 174/4747/2305
f 177/4748/2306 165/4749/2306 162/4750/2306
f 311/4556/2217 365/4751/2307 360/4670/2273
f 167/4752/2308 178/4593/2235 161/4592/2122
f 170/4745/2303 164/4753/2204 167/4746/2304
f 158/4555/2216 182/4754/2309 168/4553/2215
f 350/4562/2220 364/4755/2310 354/4634/2254
f 341/4414/2115 365/4756/2311 228/4567/2223
f 367/4480/2175 369/4757/2312 361/4481/2176
f 315/4758/2313 217/4759/2314 41/4760/2314
f 354/4634/2254 364/4761/2310 347/4521/2200
f 286/4124/2003 251/4330/2097 305/4456/2146
f 351/4762/2194 228/4763/2223 374/4764/2315
f 171/4765/2189 179/4766/2224 182/4767/2266
f 303/4558/2141 318/4710/2288 322/4768/2285
f 307/4467/2168 219/4769/2316 297/4333/2068
f 351/4770/2194 364/4771/2310 350/4772/2220
f 109/4457/2159 27/4773/2317 16/4026/1956
f 358/4544/2004 379/4774/2318 372/4739/2299
f 116/4775/2319 321/4776/2319 122/4777/2319
f 319/4778/2320 231/4779/2320 318/4780/2320
f 123/4781/2321 109/4782/2321 124/4783/2321
f 297/4255/2068 235/4784/2322 222/4256/2069
f 128/4667/2271 117/4335/2099 125/4785/2293
f 344/4444/2153 366/4786/2323 348/4539/2210
f 310/4610/2229 328/4787/2324 320/4611/2242
f 116/4788/2325 122/4789/2325 170/4790/2325
f 182/4767/2266 179/4766/2224 184/4791/2326
f 348/4539/2210 366/4786/2323 362/4735/2222
f 169/4715/2290 155/4522/2201 172/4792/2327
f 367/4793/2328 376/4794/2328 368/4795/2328
f 155/4522/2201 166/4527/2173 172/4792/2327
f 358/4544/2004 373/4796/2276 379/4774/2318
f 91/4797/2013 16/4798/2012 17/4799/2329
f 168/4800/2330 182/4801/2330 154/4802/2330
f 323/4803/2331 377/4804/2331 231/4805/2331
f 369/4757/2312 367/4480/2175 368/4806/2332
f 354/4807/2333 369/4808/2333 370/4809/2333
f 323/4620/2248 370/4619/2247 377/4810/2334
f 344/4444/2153 349/4573/2202 366/4786/2323
f 310/4610/2229 23/4811/2244 328/4787/2324
f 119/4685/2272 115/4684/2218 24/4812/2335
f 119/4668/2272 24/4813/2335 19/4505/2188
f 164/4528/2204 174/4747/2305 167/4814/2304
f 218/4815/2336 326/4816/2336 317/4817/2336
f 347/4521/2200 371/4818/2337 355/4660/2225
f 307/4819/2168 223/4820/2338 219/4821/2316
f 181/4822/2339 30/4823/2339 126/4824/2339
f 324/4825/2340 223/4826/2340 307/4827/2340
f 321/4722/2249 320/4721/2242 122/4828/2341
f 115/4684/2218 125/4719/2293 24/4812/2335
f 347/4521/2200 364/4761/2310 371/4818/2337
f 167/4829/2342 174/4830/2342 178/4831/2342
f 146/4716/2291 169/4715/2290 173/4832/2343
f 318/4833/2288 231/4834/2344 327/4835/2345
f 297/4333/2068 219/4769/2316 235/4836/2322
f 389/4615/1496 205/4617/2245 13/4837/1178
f 146/4838/2346 173/4839/2346 191/4840/2346
f 311/4556/2217 322/4841/2285 325/4842/2347
f 115/4843/2218 128/4667/2271 125/4785/2293
f 175/4844/2348 178/4845/2348 174/4846/2348
f 126/4718/2292 30/4847/2349 127/4848/2350
f 175/4849/2351 121/4850/2352 180/4851/2352
f 322/4705/2285 326/4852/2353 218/4389/2126
f 311/4556/2217 325/4842/2347 365/4751/2307
f 109/4478/2174 93/4217/2007 77/4853/2354
f 359/4854/2184 355/4855/2225 371/4856/2337
f 322/4768/2285 318/4710/2288 327/4857/2345
f 183/4640/2258 160/4858/2355 181/4641/2259
f 169/4715/2290 176/4859/2356 173/4832/2343
f 165/4644/2262 185/4860/2357 166/4645/2173
f 122/4828/2341 320/4721/2242 328/4861/2324
f 399/4862/2358 206/4863/2359 197/4315/2089
f 127/4848/2350 25/4864/2360 125/4719/2293
f 177/4865/2361 178/4866/2361 187/4867/2361
f 178/4868/2362 175/4869/2362 180/4870/2362
f 371/4856/2337 374/4871/2315 359/4854/2184
f 169/4715/2290 172/4792/2327 176/4859/2356
f 399/4862/2358 400/4872/2363 207/4873/2364
f 146/4428/2145 191/4874/2365 160/4536/2209
f 373/4796/2276 242/4875/2366 379/4774/2318
f 349/4573/2202 372/4876/2299 366/4786/2323
f 369/4757/2312 368/4806/2332 370/4877/2247
f 179/4878/2367 160/4879/2367 183/4880/2367
f 125/4719/2293 126/4718/2292 127/4848/2350
f 179/4881/2368 183/4882/2368 184/4883/2368
f 177/4884/2369 187/4885/2370 165/4886/2262
f 109/4887/2371 77/4888/2371 27/4889/2371
f 178/4890/2372 180/4891/2372 187/4892/2372
f 373/4893/2276 359/4894/2184 242/4895/2366
f 122/4896/2373 23/4897/2373 170/4898/2373
f 368/4899/2374 376/4900/2374 378/4901/2374
f 370/4902/2247 378/4903/2375 377/4904/2334
f 27/4905/2317 20/4906/2376 16/4907/1956
f 327/4908/2345 220/4909/2377 322/4910/2285
f 115/4911/2378 35/4912/2378 128/4913/2378
f 311/4570/2217 305/4569/2146 322/4914/2285
f 181/4915/2259 160/4916/2355 30/4917/2379
f 416/3992/1926 5/4918/2380 4/4436/2150
f 154/4919/2381 182/4920/2381 183/4921/2381
f 336/4922/2108 363/4923/2300 385/4924/2382
f 2/4314/1775 8/4313/2088 205/4925/2245
f 351/4770/2194 374/4926/2315 364/4771/2310
f 183/4927/2383 182/4928/2383 184/4929/2383
f 185/4930/2357 172/4792/2327 166/4527/2173
f 378/4903/2375 370/4902/2247 368/4931/2332
f 371/4932/2384 364/4933/2384 374/4934/2384
f 399/4862/2358 207/4873/2364 206/4863/2359
f 176/4859/2356 172/4792/2327 173/4935/2343
f 91/4183/2035 27/4936/2317 93/4184/2036
f 24/4937/2335 18/4938/2385 19/4939/2188
f 366/4786/2323 372/4876/2299 375/4940/2386
f 231/4834/2344 220/4941/2377 327/4835/2345
f 125/4719/2293 25/4864/2360 24/4812/2335
f 322/4910/2285 220/4909/2377 325/4942/2347
f 16/4943/1956 20/4944/2376 17/4945/2387
f 221/4946/2241 225/4947/2388 307/4948/2171
f 416/3992/1926 98/4307/2085 5/4918/2380
f 374/4764/2315 228/4763/2223 242/4895/2366
f 187/4949/2389 180/4851/2352 121/4850/2352
f 362/4735/2222 366/4786/2323 375/4940/2386
f 362/4735/2222 375/4940/2386 363/4950/2300
f 109/4951/2186 21/4952/2185 22/4953/2390
f 365/4954/2391 325/4955/2391 228/4956/2391
f 377/4957/2392 376/4958/2393 231/4959/2394
f 19/4939/2188 18/4938/2385 32/4960/2395
f 118/4961/2269 26/4962/2396 81/4963/2397
f 2/4964/1775 205/4617/2245 204/4616/2066
f 121/4965/2398 19/4966/2398 187/4967/2398
f 127/4848/2350 30/4847/2349 29/4968/2399
f 23/4969/2400 122/4970/2400 328/4971/2400
f 322/4972/2401 305/4973/2401 326/4974/2401
f 359/4894/2184 374/4764/2315 242/4895/2366
f 377/4975/2402 378/4976/2402 376/4977/2402
f 288/4199/2403 253/4978/2404 287/4200/2023
f 19/4939/2188 32/4960/2395 188/4979/2405
f 165/4644/2262 186/4980/2406 185/4860/2357
f 324/4981/2407 222/4982/2407 223/4983/2407
f 77/4984/2408 93/4985/2408 27/4986/2408
f 165/4886/2262 187/4885/2370 188/4987/2405
f 24/4988/2335 25/4989/2360 18/4990/2385
f 394/3571/1676 390/3570/1747 8/4313/2088
f 307/4948/2171 225/4947/2388 226/4991/2409
f 118/4663/2269 304/4662/2144 26/4992/2396
f 315/4626/2251 307/4625/2171 227/4993/2410
f 91/4994/2035 17/4995/2387 27/4996/2317
f 222/4997/2069 235/4998/2322 223/4999/2338
f 220/4909/2377 224/5000/2411 325/4942/2347
f 372/4876/2299 379/5001/2318 375/4940/2386
f 221/5002/2412 314/5003/2412 225/5004/2412
f 187/5005/2413 19/5006/2413 188/5007/2413
f 160/4916/2355 189/5008/2414 30/4917/2379
f 336/4922/2108 385/4924/2382 232/5009/2415
f 439/4304/1992 128/5010/2271 108/4461/2163
f 336/4922/2108 232/5009/2415 376/4958/2393
f 207/4873/2364 208/5011/2416 206/4863/2359
f 206/4863/2359 208/5011/2416 197/4315/2089
f 5/4918/2380 98/4307/2085 6/5012/2417
f 28/5013/2418 29/5014/2399 30/5015/2349
f 165/4644/2262 188/5016/2405 186/4980/2406
f 253/5017/2419 288/5018/2419 317/5019/2419
f 173/4935/2343 172/4792/2327 190/5020/2420
f 30/5021/2421 189/5022/2421 28/5023/2421
f 5/4918/2380 6/5012/2417 4/4436/2150
f 172/4792/2327 185/4930/2357 196/5024/2422
f 382/5025/2423 363/4950/2300 375/4940/2386
f 379/4774/2318 242/4875/2366 380/5026/2424
f 25/4864/2360 127/4848/2350 29/4968/2399
f 124/5027/2425 109/5028/2186 22/5029/2390
f 390/3993/1747 4/4436/2150 7/5030/2426
f 304/5031/2144 287/5032/2023 253/5033/2404
f 173/4935/2343 190/5020/2420 191/5034/2365
f 307/5035/2171 226/5036/2409 227/5037/2410
f 315/5038/2427 41/5039/2427 52/5040/2427
f 228/5041/2428 230/5042/2428 229/5043/2428
f 242/4875/2366 381/5044/2429 380/5026/2424
f 220/4941/2377 231/4834/2344 224/5045/2411
f 228/4763/2223 229/5046/2430 242/4895/2366
f 25/4989/2360 29/5014/2399 31/5047/2431
f 18/4990/2385 25/4989/2360 32/5048/2395
f 172/4792/2327 196/5024/2422 190/5020/2420
f 191/4874/2365 192/5049/2432 160/4536/2209
f 325/4942/2347 230/5050/2433 228/5051/2434
f 315/5052/2435 52/5053/2435 217/5054/2435
f 314/4448/2260 315/4642/2251 227/5055/2410
f 363/5056/2436 382/5057/2436 385/5058/2436
f 376/4958/2393 232/5009/2415 231/4959/2394
f 192/5059/2432 191/5060/2365 190/5061/2420
f 189/5008/2414 160/4916/2355 36/5062/2437
f 124/5063/2425 37/5064/2438 97/5065/2083
f 375/4940/2386 383/5066/2439 382/5025/2423
f 32/5048/2395 25/4989/2360 31/5047/2431
f 380/5067/2424 384/5068/2440 379/5001/2318
f 185/5069/2357 186/5070/2406 196/5071/2422
f 231/5072/2441 232/5073/2441 240/5074/2441
f 242/5075/2442 229/5076/2442 233/5077/2442
f 186/5078/2406 188/5079/2405 40/5080/2443
f 29/5014/2399 28/5013/2418 31/5047/2431
f 160/4916/2355 193/5081/2444 36/5062/2437
f 227/5082/2410 234/5083/2445 314/5084/2260
f 379/5001/2318 383/5066/2439 375/4940/2386
f 305/5085/2446 251/5086/2446 243/5087/2446
f 379/5001/2318 384/5068/2440 383/5066/2439
f 242/4875/2366 246/5088/2447 381/5044/2429
f 235/5089/2448 219/5090/2448 236/5091/2448
f 325/4942/2347 224/5000/2411 237/5092/2449
f 231/4834/2344 238/5093/2450 224/5045/2411
f 188/5094/2405 32/5095/2395 33/5096/2451
f 325/4942/2347 239/5097/2452 230/5050/2433
f 240/5098/2453 232/5099/2415 241/5100/2454
f 160/4536/2209 192/5049/2432 195/5101/2455
f 196/5071/2422 186/5070/2406 194/5102/2456
f 242/5103/2457 233/5104/2457 246/5105/2457
f 325/4942/2347 237/5092/2449 239/5097/2452
f 34/5106/2458 40/5080/2443 188/5079/2405
f 382/5025/2423 383/5066/2439 248/5107/2459
f 231/5108/2460 240/5109/2460 250/5110/2460
f 224/5000/2411 238/5111/2450 237/5092/2449
f 231/5112/2461 250/5113/2461 238/5114/2461
f 190/5061/2420 196/5071/2422 46/5115/2462
f 31/5047/2431 28/5013/2418 33/5116/2451
f 20/4944/2376 55/5117/2463 17/4945/2387
f 380/5067/2424 381/5118/2429 247/5119/2464
f 128/5120/2465 35/5121/2114 81/5122/1690
f 26/5123/2466 304/5124/2466 244/5125/2466
f 383/5066/2439 384/5068/2440 248/5107/2459
f 188/5094/2405 33/5096/2451 34/5126/2458
f 217/4759/2314 52/5127/2467 41/4760/2314
f 189/5128/2414 36/5129/2437 28/5013/2418
f 326/5130/2468 305/5131/2469 243/5132/2470
f 32/5048/2395 31/5047/2431 33/5116/2451
f 22/5029/2390 37/5133/2438 124/5027/2425
f 36/5129/2437 38/5134/2471 28/5013/2418
f 230/5050/2433 239/5097/2452 229/5135/2472
f 192/5059/2432 46/5115/2462 195/5136/2455
f 8/5137/2088 209/5138/2473 205/5139/2245
f 190/5061/2420 46/5115/2462 192/5059/2432
f 382/5025/2423 248/5107/2459 385/5140/2382
f 211/5141/2474 205/5142/2245 209/5143/2473
f 237/5092/2449 238/5111/2450 239/5097/2452
f 244/5144/2475 245/5145/2475 304/5146/2475
f 381/5147/2429 246/5148/2447 247/5149/2464
f 10/5150/2476 209/5138/2473 8/5137/2088
f 98/4307/2085 108/5151/2163 6/5012/2417
f 239/5097/2452 233/5152/2477 229/5135/2472
f 219/4821/2316 223/4820/2338 236/5153/2478
f 34/5126/2458 39/5154/2479 40/5155/2443
f 245/5156/2480 309/5157/2480 244/5158/2480
f 33/5116/2451 28/5013/2418 38/5134/2471
f 248/5159/2459 249/5160/2481 385/5161/2382
f 196/5071/2422 194/5102/2456 46/5115/2462
f 380/5067/2424 247/5119/2464 384/5068/2440
f 97/5162/2083 49/5163/2482 21/5164/2185
f 384/5068/2440 247/5119/2464 248/5107/2459
f 195/5165/2483 43/5166/2483 160/5167/2483
f 41/5168/2484 42/5169/2484 47/5170/2484
f 304/5171/2144 253/5172/2404 244/5173/2485
f 211/5141/2474 210/5174/2486 205/5142/2245
f 193/5175/2444 160/5176/2355 44/5177/2487
f 232/5099/2415 385/5161/2382 249/5160/2481
f 36/5129/2437 193/5178/2444 38/5134/2471
f 160/5179/2488 43/5180/2488 44/5181/2488
f 108/5182/2163 128/5183/2271 45/5184/2489
f 97/5185/2083 37/5186/2438 49/5187/2482
f 248/5159/2459 247/5149/2464 249/5160/2481
f 238/5111/2450 250/5188/2490 239/5097/2452
f 251/5189/2491 258/5190/2491 243/5191/2491
f 326/5130/2468 243/5132/2470 317/5192/2492
f 234/5083/2445 256/5193/2493 314/5084/2260
f 232/5099/2415 249/5160/2481 241/5100/2454
f 195/5136/2455 46/5115/2462 43/5194/2494
f 233/5152/2477 252/5195/2495 246/5148/2447
f 40/5155/2443 39/5154/2479 194/5196/2456
f 186/5197/2406 40/5155/2443 194/5196/2456
f 20/4906/2376 27/4905/2317 55/5198/2463
f 34/5126/2458 33/5096/2451 39/5154/2479
f 81/5199/2496 50/5200/2496 128/5201/2496
f 233/5152/2477 239/5097/2452 250/5188/2490
f 233/5152/2477 250/5188/2490 252/5195/2495
f 21/4952/2185 64/5202/2497 22/4953/2390
f 194/5196/2456 43/5203/2494 46/5204/2462
f 38/5134/2471 193/5178/2444 44/5205/2487
f 8/5206/2498 9/5207/2498 10/5208/2498
f 38/5134/2471 44/5205/2487 33/5096/2451
f 317/5209/2492 257/5210/2499 253/5211/2404
f 240/5098/2453 241/5100/2454 250/5188/2490
f 210/5212/2500 212/5213/2500 205/5214/2500
f 194/5196/2456 39/5154/2479 43/5203/2494
f 247/5149/2464 246/5148/2447 252/5195/2495
f 44/5205/2487 39/5154/2479 33/5096/2451
f 225/5215/2388 314/5216/2260 256/5217/2493
f 21/5164/2185 49/5163/2482 255/5218/2501
f 317/5209/2492 254/5219/2502 257/5210/2499
f 249/5160/2481 247/5149/2464 241/5100/2454
f 256/5220/2503 255/5221/2503 49/5222/2503
f 43/5203/2494 39/5154/2479 44/5205/2487
f 241/5100/2454 247/5149/2464 252/5195/2495
f 241/5100/2454 252/5195/2495 250/5188/2490
f 210/5223/2486 211/5224/2474 212/5225/2504
f 235/4998/2322 236/5226/2478 223/4999/2338
f 47/5227/2505 42/5228/2506 262/5229/2507
f 21/5164/2185 255/5218/2501 64/5230/2497
f 211/5224/2474 209/5231/2473 212/5225/2504
f 256/5232/2508 52/5233/2508 255/5234/2508
f 8/4313/2088 390/3570/1747 9/5235/2509
f 22/5029/2390 53/5236/2510 37/5133/2438
f 255/5237/2511 42/5238/2511 47/5239/2511
f 255/5240/2512 52/5241/2512 42/5242/2512
f 256/5243/2513 234/5244/2513 52/5245/2513
f 209/5231/2473 11/5246/2514 212/5225/2504
f 253/5172/2404 257/5247/2499 244/5173/2485
f 258/5248/2515 257/5249/2499 259/5250/2516
f 81/4963/2397 26/4962/2396 48/5251/2517
f 255/5252/2518 47/5253/2518 64/5254/2518
f 209/5255/2473 10/5256/2476 11/5257/2514
f 255/5258/2519 64/5259/2520 49/5260/2521
f 205/4617/2245 212/5261/2504 13/4837/1178
f 266/5262/2522 234/5263/2522 256/5264/2522
f 226/5036/2409 260/5265/2523 227/5037/2410
f 256/5266/2524 49/5267/2524 261/5268/2524
f 50/5269/2525 51/5270/2526 26/5271/2396
f 904/5272/2527 13/5273/2527 400/5274/2527
f 227/5275/2528 260/5276/2528 234/5277/2528
f 256/5217/2493 266/5278/2529 225/5215/2388
f 42/5228/2506 52/5279/2530 262/5229/2507
f 50/5280/2525 26/5281/2396 59/5282/2531
f 256/5217/2532 261/5283/2533 266/5278/2534
f 47/5227/2505 262/5229/2507 64/5284/2535
f 22/4953/2390 64/5202/2497 53/5285/2510
f 225/4947/2388 260/5286/2523 226/4991/2409
f 26/5271/2396 51/5270/2526 48/5287/2517
f 10/5256/2476 9/5288/2509 11/5257/2514
f 81/4963/2397 48/5251/2517 60/5289/2536
f 52/5290/2537 234/5291/2537 262/5292/2537
f 258/5293/2538 251/5294/2538 273/5295/2538
f 11/5257/2514 9/5288/2509 212/5296/2504
f 261/5297/2533 49/5260/2539 64/5259/2535
f 203/5298/2096 215/5299/2540 251/5300/2097
f 37/5186/2438 66/5301/2541 49/5187/2482
f 266/5302/2542 262/5303/2542 234/5304/2542
f 54/5305/2543 261/5306/2533 64/5307/2535
f 50/5308/2525 81/5309/2397 60/5310/2536
f 317/5209/2492 265/5311/2544 254/5219/2502
f 54/5305/2543 64/5307/2535 262/5312/2507
f 54/5305/2543 262/5313/2507 261/5306/2533
f 262/5313/2507 266/5314/2534 261/5306/2533
f 17/4995/2387 55/5315/2463 27/4996/2317
f 45/5184/2489 56/5316/2545 108/5182/2163
f 243/5132/2470 265/5317/2544 317/5192/2492
f 49/5318/2482 66/5319/2541 64/5320/2497
f 257/5249/2499 254/5321/2502 259/5250/2516
f 208/5011/2416 213/5322/2546 197/4315/2089
f 26/5281/2396 244/5323/2485 76/5324/2547
f 243/5325/2548 258/5248/2515 263/5326/2549
f 257/5247/2499 76/5327/2547 244/5173/2485
f 26/5281/2396 76/5324/2547 59/5282/2531
f 254/5321/2502 268/5328/2550 259/5250/2516
f 225/5215/2388 266/5278/2529 264/5329/2551
f 50/5308/2525 60/5310/2536 57/5330/2552
f 37/5186/2438 58/5331/2553 66/5301/2541
f 267/5332/2554 265/5317/2544 243/5132/2470
f 234/5333/2555 260/5334/2555 269/5335/2555
f 128/5183/2271 50/5336/2525 59/5337/2531
f 243/5338/2556 263/5339/2556 267/5340/2556
f 203/4538/2096 197/4315/2089 213/5322/2546
f 258/5248/2515 259/5250/2516 263/5326/2549
f 207/4873/2364 400/4872/2363 208/5011/2416
f 203/4538/2096 213/5322/2546 214/5341/2557
f 4/4436/2150 6/5012/2417 7/5030/2426
f 225/4947/2388 264/5342/2551 260/5286/2523
f 48/5287/2517 51/5270/2526 60/5343/2536
f 265/5344/2544 268/5328/2550 254/5321/2502
f 266/5345/2529 234/5346/2558 269/5347/2559
f 212/5261/2504 9/5348/2509 13/4837/1178
f 267/5349/2554 268/5350/2550 265/5351/2544
f 258/5352/2515 76/5327/2547 257/5247/2499
f 203/4538/2096 214/5341/2557 215/5353/2540
f 50/5354/2525 57/5355/2552 51/5270/2526
f 57/5355/2552 62/5356/2560 51/5270/2526
f 64/5320/2497 66/5319/2541 61/5357/2561
f 267/5349/2554 263/5358/2549 268/5350/2550
f 37/5133/2438 53/5236/2510 58/5359/2553
f 269/5360/2562 260/5361/2523 270/5362/2563
f 60/5363/2564 62/5364/2564 57/5365/2564
f 51/5270/2526 62/5356/2560 60/5343/2536
f 53/5285/2510 64/5202/2497 73/5366/2565
f 251/5300/2097 215/5299/2540 282/5367/2566
f 58/5331/2553 67/5368/2567 66/5301/2541
f 258/5352/2515 273/5369/2568 76/5327/2547
f 259/5250/2516 268/5328/2550 263/5326/2549
f 66/5319/2541 65/5370/2569 61/5357/2561
f 64/5371/2497 61/5372/2561 63/5373/2570
f 66/5319/2541 71/5374/2571 65/5370/2569
f 269/5347/2559 280/5375/2572 266/5345/2529
f 266/5345/2529 280/5375/2572 271/5376/2573
f 108/5151/2163 12/5377/2574 6/5012/2417
f 264/5329/2551 266/5278/2529 271/5378/2573
f 64/5379/2497 63/5380/2570 73/5381/2565
f 269/5382/2575 272/5383/2575 280/5384/2575
f 61/5372/2561 65/5385/2569 63/5373/2570
f 66/5386/2576 67/5387/2576 71/5388/2576
f 108/5151/2163 56/5389/2545 12/5377/2574
f 56/5316/2545 45/5184/2489 15/5390/2577
f 282/5367/2566 273/5391/2578 251/5300/2097
f 269/5392/2579 270/5393/2579 280/5394/2579
f 45/5184/2489 128/5183/2271 59/5337/2531
f 9/5235/2509 390/3570/1747 13/5395/1178
f 56/5389/2545 14/5396/2580 12/5377/2574
f 260/5397/2523 264/5398/2551 274/5399/2581
f 68/5400/2582 53/5401/2510 72/5402/2583
f 274/5399/2581 264/5398/2551 275/5403/2584
f 53/5401/2510 68/5400/2582 58/5404/2553
f 260/5361/2523 274/5405/2581 270/5362/2563
f 214/5341/2557 590/5406/2585 215/5353/2540
f 53/5285/2510 70/5407/2586 72/5408/2583
f 264/5329/2551 271/5378/2573 275/5409/2584
f 58/5331/2553 68/5410/2582 69/5411/2587
f 65/5412/2588 71/5413/2588 63/5414/2588
f 214/5341/2557 213/5322/2546 590/5406/2585
f 56/5389/2545 15/5415/2577 14/5396/2580
f 275/5409/2584 271/5378/2573 277/5416/2589
f 208/5011/2416 400/4872/2363 213/5322/2546
f 275/5417/2590 277/5418/2590 274/5419/2590
f 276/5420/2591 277/5421/2589 278/5422/2592
f 276/5420/2591 278/5422/2592 279/5423/2593
f 75/5424/2594 74/5425/2595 70/5426/2586
f 70/5426/2586 74/5425/2595 69/5427/2587
f 12/5377/2574 14/5396/2580 6/5012/2417
f 53/5285/2510 73/5366/2565 70/5407/2586
f 59/5337/2531 15/5390/2577 45/5184/2489
f 58/5331/2553 69/5411/2587 67/5368/2567
f 71/5428/2596 73/5381/2565 63/5380/2570
f 72/5429/2583 70/5430/2586 68/5431/2582
f 280/5432/2597 73/5433/2597 71/5434/2597
f 71/5435/2598 271/5436/2598 280/5437/2598
f 280/5438/2599 270/5439/2599 73/5440/2599
f 271/5441/2600 71/5442/2600 67/5443/2600
f 68/5431/2582 70/5430/2586 69/5444/2587
f 274/5445/2581 279/5423/2593 270/5446/2563
f 67/5447/2601 69/5448/2601 74/5449/2601
f 215/5353/2540 590/5406/2585 282/5450/2566
f 279/5423/2593 274/5445/2581 276/5420/2591
f 400/4872/2363 590/5406/2585 213/5322/2546
f 75/5424/2594 67/5451/2602 74/5425/2595
f 278/5422/2592 270/5446/2563 279/5423/2593
f 277/5421/2589 276/5420/2591 274/5445/2581
f 75/5424/2594 73/5452/2565 67/5451/2602
f 271/5453/2573 270/5446/2563 278/5422/2592
f 271/5453/2573 278/5422/2592 277/5421/2589
f 75/5454/2594 70/5455/2586 73/5456/2565
f 281/5457/2603 282/5458/2603 273/5459/2604
f 281/5457/2603 590/5460/2605 282/5458/2603
f 6/5012/2417 14/5396/2580 7/5030/2426
f 271/5453/2573 67/5461/2602 270/5446/2563
f 73/5452/2565 270/5462/2563 67/5451/2602
f 282/5463/2606 216/5464/2607 273/5465/2568
f 76/5466/2547 273/5465/2568 216/5464/2607
f 390/5467/1747 15/5468/2577 76/5469/2547
f 76/5470/2547 400/5471/2363 390/5472/1747
f 15/5473/2608 59/5474/2608 76/5475/2608
f 76/5470/2547 216/5476/2607 400/5471/2363
f 390/5472/1747 400/5471/2363 13/5477/1178
f 390/5467/1747 14/5478/2580 15/5468/2577
f 216/5476/2607 590/5479/2585 400/5471/2363
f 216/5464/2607 282/5463/2606 590/5480/2585
f 7/5481/2426 14/5478/2580 390/5467/1747
f 1167/5482/2609 1164/809/323 1177/811/392
f 746/5483/2610 472/5484/2610 465/5485/2610
