# Blender 4.4.0
# www.blender.org
mtllib Meshy_AI_Trees_are_sparse_thi_0822235222_texture.mtl
o Meshy_AI_Trees_are_sparse_thi_0822235222_texture
v -0.575524 -0.452243 0.770619
v -0.521255 -0.430524 0.805867
v -0.508032 -0.404895 0.798819
v -0.478342 -0.380567 0.813731
v -0.476728 -0.406583 0.803055
v -0.505202 -0.283407 0.810709
v -0.451917 -0.293330 0.789228
v -0.472454 -0.360901 0.779813
v -0.432173 -0.377855 0.788825
v -0.451270 -0.319976 0.795515
v -0.462590 -0.348759 0.795475
v -0.460481 -0.371921 0.830946
v -0.429463 -0.383970 0.817138
v -0.434870 -0.346727 0.825362
v -0.422862 -0.359315 0.805290
v -0.350182 -0.450937 0.753114
v -0.404152 -0.452011 0.900912
v -0.414872 -0.363887 0.777233
v -0.382697 -0.408468 0.871799
v -0.420801 -0.399338 0.840926
v -0.383818 -0.429886 0.869570
v -0.423100 -0.302811 0.790223
v -0.415193 -0.334453 0.769318
v -0.395504 -0.304004 0.764292
v -0.428405 -0.283874 0.775085
v -0.387583 -0.277390 0.730537
v -0.429432 -0.271376 0.742784
v -0.411229 -0.378004 0.713605
v -0.383307 -0.290985 0.703030
v -0.390805 -0.367229 0.682224
v -0.392653 -0.370179 0.738464
v -0.364146 -0.415450 0.732754
v -0.342187 -0.451075 0.857019
v -0.411599 -0.294796 0.708589
v -0.376253 -0.305383 0.717113
v -0.361302 -0.306092 0.759174
v -0.385473 -0.324968 0.756154
v -0.370492 -0.378184 0.737412
v -0.353245 -0.350474 0.718370
v -0.356943 -0.313024 0.669849
v -0.350422 -0.402962 0.757847
v -0.365685 -0.377821 0.793396
v -0.350487 -0.371785 0.777012
v -0.382994 -0.385028 0.792212
v -0.337971 -0.451375 0.666170
v -0.362399 -0.406171 0.780484
v -0.381043 -0.387379 0.717609
v -0.375237 -0.371695 0.695689
v -0.333580 -0.290635 0.731541
v -0.395093 -0.397228 0.688144
v -0.339199 -0.394109 0.704798
v -0.358622 -0.321078 0.707388
v -0.345545 -0.300151 0.694865
v -0.364385 -0.296058 0.635840
v -0.360887 -0.389779 0.755763
v -0.346623 -0.377586 0.725045
v -0.345968 -0.339543 0.683425
v -0.565132 -0.416910 0.726818
v -0.540965 -0.411005 0.683576
v -0.585434 -0.415012 0.653375
v -0.578689 -0.452057 0.714476
v -0.555402 -0.360934 0.729810
v -0.577423 -0.375795 0.748050
v -0.534762 -0.422132 0.641768
v -0.545357 -0.352899 0.751964
v -0.526400 -0.379256 0.585309
v -0.563711 -0.414151 0.546318
v -0.541833 -0.408227 0.703936
v -0.573438 -0.411852 0.692901
v -0.543488 -0.291685 0.713200
v -0.531641 -0.393108 0.777913
v -0.544976 -0.381601 0.701354
v -0.518152 -0.379795 0.703321
v -0.505500 -0.267745 0.696302
v -0.533009 -0.269713 0.682765
v -0.538099 -0.298696 0.667688
v -0.543695 -0.326987 0.737050
v -0.512410 -0.354936 0.700681
v -0.514127 -0.302188 0.766165
v -0.556632 -0.407339 0.668243
v -0.544069 -0.286543 0.774341
v -0.511678 -0.278922 0.795319
v -0.530542 -0.271618 0.761090
v -0.534769 -0.390513 0.718660
v -0.511260 -0.269163 0.654056
v -0.527843 -0.410606 0.783685
v -0.518982 -0.276851 0.631343
v -0.530161 -0.314836 0.722507
v -0.502815 -0.346820 0.679496
v -0.502165 -0.263852 0.748358
v -0.531660 -0.328959 0.670292
v -0.507806 -0.295574 0.643119
v -0.531413 -0.329033 0.633226
v -0.512614 -0.396338 0.754882
v -0.526201 -0.379495 0.660641
v -0.504537 -0.374850 0.646650
v -0.501069 -0.259415 0.667980
v -0.498490 -0.357384 0.781353
v -0.516545 -0.397811 0.637134
v -0.484062 -0.307236 0.802295
v -0.481069 -0.275026 0.634830
v -0.478061 -0.341402 0.642111
v -0.469101 -0.275233 0.697108
v -0.493191 -0.289432 0.776282
v -0.454477 -0.282043 0.767746
v -0.469666 -0.363234 0.658602
v -0.500409 -0.418329 0.646933
v -0.471510 -0.279305 0.753498
v -0.500896 -0.311873 0.627684
v -0.454207 -0.343777 0.626576
v -0.478152 -0.398362 0.640146
v -0.490562 -0.381193 0.674581
v -0.465572 -0.289766 0.628807
v -0.478180 -0.296781 0.723051
v -0.443277 -0.264405 0.714539
v -0.451932 -0.406512 0.645425
v -0.448283 -0.285719 0.667535
v -0.461444 -0.273573 0.651525
v -0.461140 -0.299565 0.740568
v -0.460715 -0.296974 0.702100
v -0.467911 -0.290382 0.723500
v -0.460573 -0.398649 0.697254
v -0.448432 -0.306552 0.605187
v -0.443028 -0.279666 0.646652
v -0.440225 -0.265879 0.676828
v -0.410988 -0.270873 0.703403
v -0.425646 -0.304751 0.663117
v -0.425435 -0.281854 0.689550
v -0.404550 -0.275397 0.652122
v -0.407650 -0.293102 0.630588
v -0.399406 -0.297109 0.650386
v -0.376799 -0.267644 0.664860
v -0.383160 -0.305038 0.674556
v -0.553662 -0.270709 0.675354
v -0.577963 -0.359145 0.462800
v -0.510790 -0.392234 0.616767
v -0.510267 -0.407475 0.535559
v -0.466763 -0.389102 0.510131
v -0.420381 -0.400837 0.497938
v -0.471541 -0.376287 0.588814
v -0.428925 -0.394197 0.574486
v -0.423351 -0.374650 0.594781
v -0.459981 -0.359719 0.606774
v -0.336919 -0.398693 0.479225
v -0.403796 -0.355533 0.626887
v -0.413554 -0.410703 0.570800
v -0.414180 -0.414025 0.597517
v -0.394963 -0.300702 0.597388
v -0.391446 -0.400769 0.601862
v -0.408044 -0.275935 0.602812
v -0.382019 -0.382458 0.530961
v -0.394879 -0.383717 0.617543
v -0.406798 -0.373659 0.562694
v -0.365906 -0.402403 0.648237
v -0.346168 -0.342859 0.435587
v -0.383689 -0.278421 0.631079
v -0.336472 -0.412750 0.648871
v -0.365606 -0.345136 0.624720
v -0.373305 -0.299485 0.615433
v -0.368036 -0.322693 0.640680
v -0.348264 -0.384775 0.540201
v -0.389258 -0.385329 0.576364
v -0.382084 -0.423724 0.599826
v -0.335050 -0.401266 0.566683
v -0.364555 -0.351708 0.662351
v -0.386979 -0.357196 0.613228
v -0.357857 -0.385056 0.610532
v -0.355495 -0.405209 0.615822
v -0.355576 -0.422693 0.666473
v -0.290924 -0.421961 0.628132
v -0.243790 -0.388697 0.587718
v -0.262853 -0.425576 0.658374
v -0.268894 -0.451043 0.685594
v -0.373118 -0.385009 0.648076
v -0.887624 -0.452003 0.742890
v -0.889697 -0.399948 0.676480
v -0.839297 -0.404492 0.719275
v -0.817474 -0.340008 0.685632
v -0.789756 -0.433658 0.717424
v -0.835722 -0.352176 0.659263
v -0.808306 -0.359899 0.676051
v -0.803969 -0.387296 0.679301
v -0.795214 -0.380902 0.703966
v -0.792499 -0.300110 0.648438
v -0.792540 -0.305232 0.692780
v -0.795006 -0.406762 0.697475
v -0.791377 -0.329283 0.683561
v -0.771010 -0.294917 0.640487
v -0.759201 -0.300988 0.604479
v -0.743801 -0.295270 0.628163
v -0.775664 -0.365463 0.687657
v -0.757099 -0.370614 0.643325
v -0.774629 -0.396468 0.706227
v -0.745519 -0.372561 0.711551
v -0.711149 -0.452382 0.741932
v -0.709342 -0.409565 0.702425
v -0.732792 -0.353257 0.643850
v -0.703782 -0.322870 0.605344
v -0.686250 -0.384114 0.671143
v -0.751571 -0.310178 0.668691
v -0.677694 -0.452107 0.716312
v -0.697234 -0.452435 0.626252
v -0.720811 -0.308653 0.573942
v -0.712777 -0.358132 0.577327
v -0.714162 -0.373041 0.622368
v -0.697140 -0.405379 0.632111
v -0.732772 -0.393963 0.687673
v -0.674893 -0.393354 0.640712
v -0.702961 -0.365445 0.603005
v -0.697024 -0.387390 0.584770
v -0.684743 -0.401470 0.554175
v -0.652332 -0.422596 0.596438
v -0.617619 -0.451637 0.677991
v -0.627730 -0.393229 0.564503
v -0.597942 -0.424826 0.621672
v -0.938942 -0.451486 0.649391
v -0.912615 -0.415748 0.561757
v -0.905034 -0.398155 0.636239
v -0.892895 -0.403207 0.607727
v -0.870805 -0.411175 0.516247
v -0.948167 -0.451770 0.595009
v -0.913009 -0.385978 0.646089
v -0.917044 -0.395962 0.572834
v -0.887564 -0.388300 0.567947
v -0.909063 -0.395936 0.589559
v -0.900775 -0.382951 0.530912
v -0.869235 -0.288321 0.578510
v -0.902827 -0.295123 0.604787
v -0.880113 -0.383382 0.663988
v -0.887748 -0.378482 0.631929
v -0.883486 -0.360101 0.560517
v -0.885527 -0.301634 0.560789
v -0.893196 -0.358633 0.659988
v -0.889429 -0.359992 0.607752
v -0.877891 -0.327791 0.649267
v -0.856958 -0.303239 0.635569
v -0.828179 -0.384104 0.553653
v -0.865629 -0.380562 0.564289
v -0.865141 -0.377707 0.654463
v -0.862259 -0.443238 0.460827
v -0.853111 -0.420069 0.485751
v -0.825403 -0.451751 0.506615
v -0.821875 -0.283393 0.541348
v -0.798896 -0.300309 0.590080
v -0.830075 -0.313970 0.669314
v -0.815717 -0.311227 0.502974
v -0.834911 -0.316073 0.550969
v -0.781471 -0.381158 0.551264
v -0.807604 -0.346046 0.531920
v -0.836026 -0.398010 0.569265
v -0.828299 -0.306881 0.600686
v -0.813199 -0.398106 0.511540
v -0.780074 -0.451417 0.519338
v -0.829495 -0.450893 0.373832
v -0.799079 -0.360930 0.555327
v -0.806851 -0.292915 0.607199
v -0.762187 -0.352940 0.525278
v -0.797331 -0.411924 0.372358
v -0.749311 -0.409851 0.532701
v -0.792756 -0.294690 0.536967
v -0.769769 -0.364990 0.566581
v -0.763487 -0.303173 0.574120
v -0.752200 -0.353979 0.549859
v -0.772870 -0.421240 0.524476
v -0.766932 -0.406766 0.499330
v -0.785197 -0.334791 0.529694
v -0.744042 -0.313954 0.514901
v -0.745709 -0.300798 0.532931
v -0.791226 -0.395423 0.551514
v -0.730935 -0.399497 0.531753
v -0.728303 -0.405062 0.548798
v -0.737159 -0.449063 0.513881
v -0.711671 -0.385050 0.450303
v -0.730997 -0.369913 0.539048
v -0.700864 -0.405603 0.530915
v -0.728588 -0.424714 0.474379
v -0.728827 -0.414370 0.496703
v -0.675623 -0.392890 0.489726
v -0.683279 -0.426340 0.560239
v -0.704391 -0.415850 0.508475
v -0.851898 -0.289601 0.607828
v -0.679815 -0.171392 0.283822
v -0.614801 -0.166510 0.286935
v -0.626332 -0.238326 0.314238
v -0.626460 -0.202851 0.343192
v -0.623390 -0.291621 0.322831
v -0.613875 -0.243086 0.351697
v -0.635446 -0.153707 0.201365
v -0.629837 -0.406569 0.491135
v -0.585926 -0.314854 0.240513
v -0.582416 -0.243028 0.256169
v -0.583452 -0.237455 0.286476
v -0.587087 -0.201766 0.321650
v -0.552602 -0.244292 0.314012
v -0.595340 -0.182060 0.265134
v -0.579494 -0.290169 0.230479
v -0.521317 -0.166525 0.226017
v -0.578237 -0.250951 0.235905
v -0.537421 -0.352442 0.443577
v -0.502520 -0.399024 0.356200
v -0.567813 -0.271114 0.244002
v -0.540074 -0.282159 0.269143
v -0.524794 -0.296162 0.271719
v -0.558055 -0.189838 0.298271
v -0.554397 -0.340327 0.233075
v -0.555999 -0.284824 0.240877
v -0.541322 -0.252996 0.260016
v -0.532535 -0.216238 0.307209
v -0.526250 -0.278818 0.288916
v -0.527844 -0.263021 0.285689
v -0.517217 -0.185774 0.282993
v -0.518926 -0.235400 0.279908
v -0.548302 -0.385625 0.182505
v -0.574497 -0.379130 0.219896
v -0.537886 -0.333382 0.201939
v -0.524989 -0.343497 0.200845
v -0.500103 -0.293642 0.188380
v -0.502458 -0.293589 0.236359
v -0.528720 -0.402733 0.265044
v -0.496770 -0.249025 0.294458
v -0.483932 -0.205036 0.282334
v -0.470929 -0.238020 0.276491
v -0.484658 -0.391271 0.383510
v -0.428874 -0.362057 0.435802
v -0.459714 -0.406748 0.448137
v -0.429931 0.025929 0.368874
v -0.400447 0.002953 0.398924
v -0.367665 -0.197597 0.403237
v -0.406012 0.004713 0.377341
v -0.427821 -0.322187 0.369294
v -0.875273 -0.439134 0.204329
v -0.881740 -0.441908 0.180112
v -0.850734 -0.423845 0.109863
v -0.776785 -0.400890 0.113466
v -0.772664 -0.416874 0.246974
v -0.756320 -0.396660 0.282166
v -0.750715 -0.402557 0.218381
v -0.740945 -0.376030 0.196497
v -0.757567 -0.253109 0.153154
v -0.757465 -0.233431 0.227355
v -0.772236 -0.392858 0.361163
v -0.764500 -0.433627 0.306440
v -0.757306 -0.251728 0.267050
v -0.762958 -0.288760 0.258594
v -0.746954 -0.291834 0.164873
v -0.760471 -0.312036 0.236301
v -0.728557 -0.318547 0.252237
v -0.752200 -0.235224 0.126018
v -0.735978 -0.201404 0.290615
v -0.729626 -0.331394 0.198870
v -0.708420 -0.404687 0.349316
v -0.752508 -0.223958 0.290531
v -0.744870 -0.279388 0.270809
v -0.753981 -0.385144 0.145187
v -0.716836 -0.196973 0.277787
v -0.725381 -0.166426 0.220695
v -0.712096 -0.377035 0.238412
v -0.726917 -0.260466 0.250517
v -0.715114 -0.271057 0.287616
v -0.735070 -0.394170 0.405800
v -0.699456 -0.372256 0.412336
v -0.702586 -0.223875 0.259575
v -0.687408 -0.320789 0.239046
v -0.702228 -0.325401 0.160014
v -0.694217 -0.288211 0.266918
v -0.733041 -0.226590 0.307813
v -0.706979 -0.376885 0.267283
v -0.680800 -0.242419 0.267757
v -0.692887 -0.208063 0.213244
v -0.697538 -0.334485 0.225146
v -0.690374 -0.376905 0.142263
v -0.678971 -0.325271 0.205299
v -0.702797 -0.240378 0.319372
v -0.696660 -0.185355 0.309592
v -0.654420 -0.363518 0.204284
v -0.666207 -0.298248 0.255219
v -0.667090 -0.177651 0.325763
v -0.670851 -0.212378 0.321197
v -0.679571 -0.242325 0.296001
v -0.684911 -0.277061 0.304678
v -0.656027 -0.283901 0.266248
v -0.643139 -0.401097 0.371419
v -0.650758 -0.330012 0.213238
v -0.644944 -0.388828 0.233421
v -0.674466 -0.395118 0.188010
v -0.647149 -0.388881 0.327538
v -0.651031 -0.355502 0.226143
v -0.640901 -0.223143 0.334711
v -0.606484 -0.391449 0.466736
v -0.644345 -0.303287 0.261780
v -0.606703 -0.402594 0.263590
v -0.643933 -0.410515 0.419603
v -0.627016 -0.268623 0.292904
v -0.659460 -0.406924 0.286633
v -0.619430 -0.323406 0.243359
v -0.633298 -0.358456 0.212900
v -0.624451 -0.336612 0.294873
v -0.615041 -0.375242 0.242647
v -0.609386 -0.324757 0.269567
v -0.584352 -0.392272 0.383602
v -0.612091 -0.388389 0.220327
v -0.581793 -0.353246 0.221931
v -0.582317 -0.266309 0.282017
v -0.570292 -0.324728 0.201703
v -0.565399 -0.295193 0.240453
v -0.582133 -0.354576 0.198259
v -0.565928 -0.360603 0.208180
v -0.587405 -0.394261 0.195000
v -0.554334 -0.335269 0.186910
v -0.538472 -0.364668 0.140426
v -0.515161 -0.333421 0.185171
v -0.518066 -0.371724 0.180453
v -0.656477 -0.239051 0.305659
v -0.513507 -0.297210 0.173035
v -0.475081 -0.283667 0.214212
v -0.490775 -0.304833 0.203929
v -0.455094 -0.195927 0.216296
v -0.467257 -0.229257 0.223401
v -0.496054 -0.274171 0.212475
v -0.465902 -0.203989 0.271830
v -0.470940 -0.385959 0.207853
v -0.467364 -0.256175 0.194295
v -0.434365 -0.390718 0.139974
v -0.459037 -0.331696 0.289818
v -0.457714 -0.243619 0.212590
v -0.456958 -0.222718 0.145167
v -0.417960 0.054366 0.338445
v -0.420112 -0.128022 0.364127
v -0.377477 -0.192971 0.379213
v -0.403804 -0.032113 0.397734
v -0.355718 -0.140276 0.429168
v -0.343884 -0.207687 0.383724
v -0.364675 -0.202677 0.360105
v -0.374694 -0.285978 0.354140
v -0.329860 -0.199769 0.344389
v -0.352876 -0.118790 0.451063
v -0.396524 -0.051964 0.377365
v -0.322586 -0.161183 0.409219
v -0.326858 -0.119637 0.459611
v -0.348156 -0.254581 0.378534
v -0.308935 -0.107761 0.326169
v -0.282164 -0.105343 0.334366
v -0.331628 -0.125133 0.340430
v -0.288088 -0.059995 0.480838
v -0.250261 -0.035962 0.279138
v -0.277163 -0.057065 0.314237
v -0.283934 -0.038300 0.331415
v -0.254101 -0.010106 0.285944
v -0.203050 0.052249 0.299301
v -0.417507 -0.327708 0.215920
v -0.411613 -0.313465 0.340378
v -0.378227 -0.315222 0.359711
v -0.298851 -0.325036 0.465932
v -0.324778 -0.310360 0.338490
v -0.299403 -0.353543 0.178424
v -0.352944 -0.371537 0.138209
v -0.296101 -0.289833 0.368831
v -0.301701 -0.406770 0.497244
v -0.281568 -0.308410 0.298876
v -0.271551 -0.392308 0.506213
v -0.235641 -0.300588 0.320588
v -0.228418 -0.424262 0.478003
v -0.209409 -0.318112 0.423328
v -0.208521 -0.320669 0.314239
v -0.220105 -0.371211 0.200745
v -0.232841 -0.334071 0.194349
v -0.211722 -0.450759 0.612524
v -0.228288 -0.411602 0.614680
v -0.203822 -0.348611 0.196882
v -0.244375 -0.343843 0.241666
v -0.221904 -0.350895 0.468156
v -0.180944 -0.379668 0.404075
v -0.197630 -0.334299 0.250315
v -0.199138 -0.416102 0.505103
v -0.177053 -0.449597 0.541320
v -0.191688 -0.399435 0.448181
v -0.190433 -0.351440 0.223463
v -0.200193 -0.344649 0.270605
v -0.178386 -0.307448 0.235505
v -0.196112 -0.325329 0.211884
v -0.145193 -0.410412 0.494105
v -0.186616 -0.358237 0.342436
v -0.175604 -0.319945 0.222130
v -0.190715 -0.313573 0.273429
v -0.183742 -0.408259 0.397775
v -0.169140 -0.390847 0.398109
v -0.190016 -0.369980 0.185276
v -0.184004 -0.366816 0.195304
v -0.182596 -0.340259 0.249583
v -0.190430 -0.336475 0.238342
v -0.146775 -0.392459 0.380549
v -0.179336 -0.361057 0.239537
v -0.166720 -0.315085 0.251112
v -0.178463 -0.324861 0.189139
v -0.157155 -0.334214 0.305436
v -0.164730 -0.297766 0.226955
v -0.149541 -0.319278 0.221473
v -0.148918 -0.288002 0.214737
v -0.138298 -0.304521 0.259085
v -0.149484 -0.286141 0.310053
v -0.145104 -0.315852 0.307000
v -0.147020 -0.371942 0.280067
v -0.162351 -0.305363 0.200244
v -0.106707 -0.449955 0.510959
v -0.174435 -0.370346 0.321374
v -0.152563 -0.417851 0.329930
v -0.166742 -0.389204 0.293043
v -0.152993 -0.354067 0.250799
v -0.133052 -0.348349 0.250593
v -0.171647 -0.369801 0.280831
v -0.158148 -0.353620 0.198837
v -0.139494 -0.451245 0.544313
v -0.105823 -0.402703 0.272478
v -0.116267 -0.450311 0.386834
v -0.142789 -0.292377 0.231592
v -0.135666 -0.343051 0.197665
v -0.124912 -0.313938 0.266935
v -0.114126 -0.304890 0.247471
v -0.129831 -0.356157 0.219441
v -0.110625 -0.371634 0.186279
v -0.110599 -0.358348 0.242000
v -0.069160 -0.404845 0.222069
v -0.062951 -0.422018 0.327580
v -0.043874 -0.392336 0.262180
v -0.083955 -0.407845 0.352493
v -0.046296 -0.404146 0.152920
v -0.025850 -0.411714 0.302214
v 0.003057 -0.450348 0.324842
v 0.029088 -0.416039 0.236070
v 0.175072 -0.451784 0.233922
v 0.258014 -0.367140 0.278203
v 0.284803 -0.310335 0.263481
v 0.310279 -0.322461 0.315791
v 0.311079 -0.414616 0.320902
v -0.210578 -0.360389 -0.165024
v -0.223542 -0.358446 -0.258469
v -0.219556 -0.363480 -0.090537
v -0.172019 -0.365422 -0.143929
v -0.193242 -0.353042 0.144491
v -0.165262 -0.371999 -0.118483
v -0.227256 -0.361287 0.065437
v -0.174028 -0.376947 0.114031
v -0.138667 -0.406573 -0.033318
v -0.197181 -0.345755 -0.178364
v -0.168536 -0.414182 0.090201
v -0.205456 -0.360211 -0.019353
v -0.159884 -0.365284 0.173675
v -0.196294 -0.217107 -0.203779
v -0.157097 -0.297447 0.168026
v -0.104754 -0.420821 0.162746
v -0.128292 -0.317115 0.166770
v -0.122101 -0.408483 -0.012575
v -0.147949 -0.310102 0.181077
v -0.150423 -0.335850 0.186865
v -0.139017 -0.370107 0.172207
v -0.101896 -0.392906 -0.029509
v -0.140940 -0.341992 0.173801
v -0.090044 -0.359862 -0.117461
v -0.122673 -0.377436 -0.187517
v -0.105695 -0.328739 0.186394
v -0.118986 -0.292465 0.177722
v -0.085726 -0.396857 0.093212
v -0.083022 -0.429970 0.025297
v -0.141395 -0.389486 -0.079318
v -0.132875 -0.422046 0.061871
v -0.071193 -0.419660 0.178561
v -0.045994 -0.416234 0.014619
v -0.027884 -0.420762 0.240924
v -0.018737 -0.396653 0.068604
v 0.013074 -0.415132 -0.019277
v 0.053833 -0.443392 0.239170
v -0.012172 -0.410469 0.095633
v -0.005149 -0.396744 0.212423
v 0.048456 -0.388692 0.144702
v 0.034651 -0.394076 0.061305
v 0.063335 -0.407962 0.120000
v 0.067572 -0.403604 0.172821
v 0.103852 -0.412444 0.120648
v 0.154570 -0.403980 0.176743
v 0.197248 -0.400786 0.177411
v 0.007793 -0.429953 0.025584
v -0.527305 -0.310237 0.162550
v -0.500491 -0.361939 0.158612
v -0.475046 -0.376815 0.110956
v -0.515949 -0.332576 0.131503
v -0.496375 -0.321202 0.129653
v -0.478574 -0.289987 0.145268
v -0.503439 -0.305285 0.149202
v -0.498441 -0.156628 0.143340
v -0.480945 -0.169930 0.208706
v -0.467658 -0.189336 0.143572
v -0.501400 -0.304955 0.134659
v -0.488840 -0.188317 0.116513
v -0.468574 -0.174345 0.097691
v -0.431627 -0.344276 0.082436
v -0.465942 -0.238885 0.108263
v -0.471304 -0.262507 0.149168
v -0.462318 -0.248792 0.131176
v -0.447058 -0.214651 0.120872
v -0.471565 -0.246575 0.166415
v -0.400937 -0.367770 0.148275
v -0.376610 -0.382659 0.063425
v -0.268363 -0.325517 0.245542
v -0.308671 -0.353773 0.080623
v -0.269250 -0.361519 0.108243
v -0.298704 -0.365402 -0.085945
v -0.271913 -0.367322 -0.023992
v -0.320064 -0.384672 0.011739
v -0.265058 -0.387169 0.022872
v -0.252403 -0.357504 0.154625
v -0.240629 -0.371693 -0.083087
v -0.209158 -0.402600 0.032578
v -0.255567 -0.342666 -0.160851
v -0.289964 -0.379119 -0.105836
v -0.216734 -0.345872 -0.119164
v -0.251055 -0.268452 -0.153225
v -0.221632 -0.333132 -0.168163
v -0.224507 -0.371090 0.173382
v -0.215750 -0.363647 0.108053
v -0.242803 -0.361778 0.194094
v -0.205210 -0.355796 -0.192189
v -0.230276 -0.312730 0.185066
v -0.226278 -0.348463 0.164890
v -0.227640 -0.317204 0.153140
v -0.217666 -0.327005 0.174659
v -0.196107 -0.213225 -0.178525
v -0.190570 0.098165 -0.179000
v -0.196580 -0.108777 -0.211821
v -0.173815 -0.356170 -0.178202
v -0.178245 0.138330 -0.198254
v -0.065803 -0.448722 0.370233
v -0.002537 -0.445864 0.267907
v -0.228309 -0.337481 0.179320
v -0.205956 -0.352056 0.166428
v -0.621953 -0.151955 0.131987
v -0.639873 -0.215357 0.020691
v -0.584683 -0.211445 0.030607
v -0.578267 -0.172665 0.148877
v -0.659382 -0.162728 0.097472
v -0.587974 -0.158600 0.159491
v -0.606772 -0.166404 0.054728
v -0.576622 -0.244328 0.005241
v -0.579753 -0.178364 0.093221
v -0.562267 -0.164639 0.102430
v -0.566090 -0.295705 0.022524
v -0.556951 -0.243188 -0.008276
v -0.542588 -0.195864 0.007806
v -0.540527 -0.307919 0.107054
v -0.513273 -0.214806 0.015122
v -0.499099 -0.156588 0.106534
v -0.523549 -0.255750 0.049085
v -0.540005 -0.279748 0.038129
v -0.515465 -0.172458 0.046555
v -0.518294 -0.283094 0.045373
v -0.481183 -0.262751 0.067292
v -0.525810 -0.307694 0.073068
v -0.487257 -0.201195 0.078336
v -0.489564 -0.367349 -0.058800
v -0.483794 -0.279054 0.092167
v -0.474632 -0.223502 0.066360
v -0.501725 -0.182623 0.059452
v -0.502204 -0.356038 -0.107249
v -0.447897 -0.352684 -0.017649
v -0.461558 -0.367385 -0.004185
v -0.415067 -0.359351 -0.066959
v -0.440772 -0.306568 -0.153292
v -0.531465 -0.367412 -0.207499
v -0.469559 -0.367365 0.058114
v -0.438219 0.104894 -0.022692
v -0.453618 -0.060977 -0.019068
v -0.463382 -0.104040 -0.040660
v -0.462195 -0.099726 -0.024139
v -0.459030 -0.151432 -0.014278
v -0.456618 -0.221197 -0.016429
v -0.460624 -0.342188 -0.013058
v -0.461953 0.099975 -0.011125
v -0.451294 0.136703 0.004806
v -0.452239 -0.002345 0.006658
v -0.446162 0.138450 -0.020695
v -0.449377 -0.104410 -0.016767
v -0.444242 0.008562 -0.016647
v -0.448648 -0.219962 0.006658
v -0.440364 -0.334287 -0.040754
v -0.391132 -0.330644 -0.079016
v -0.416549 -0.343006 0.034065
v -0.412104 -0.361547 -0.050387
v -0.366708 -0.365277 -0.056324
v -0.369332 -0.329014 -0.095841
v -0.378760 -0.366186 -0.002282
v -0.753426 -0.275108 0.143505
v -0.725144 -0.309075 0.147425
v -0.729115 -0.257737 0.056543
v -0.739248 -0.300827 0.118056
v -0.737161 -0.212347 0.067358
v -0.738227 -0.175102 0.166913
v -0.702343 -0.181322 0.051074
v -0.712921 -0.289195 0.038001
v -0.702118 -0.150846 0.136933
v -0.725473 -0.335754 0.113387
v -0.703459 -0.327473 0.115463
v -0.733828 -0.310464 0.099757
v -0.698103 -0.324193 0.051337
v -0.706402 -0.345314 0.099279
v -0.725009 -0.293587 0.088397
v -0.716781 -0.320821 0.079367
v -0.694216 -0.323628 0.133111
v -0.703476 -0.383567 0.111433
v -0.704209 -0.410337 0.157815
v -0.682158 -0.204769 0.025696
v -0.687591 -0.367858 0.085128
v -0.675909 -0.167454 0.067517
v -0.680457 -0.203019 0.097208
v -0.665919 -0.185528 0.035355
v -0.686441 -0.309244 0.045847
v -0.694600 -0.244177 0.015716
v -0.667142 -0.384856 -0.027283
v -0.687293 -0.213586 0.151818
v -0.675216 -0.169442 0.119260
v -0.663380 -0.202850 0.109701
v -0.651269 -0.271618 0.015440
v -0.667657 -0.314893 0.033071
v -0.649744 -0.311420 0.026611
v -0.667934 -0.360925 0.072875
v -0.660311 -0.200151 0.073315
v -0.626269 -0.306503 0.004788
v -0.637608 -0.355195 0.065178
v -0.578512 -0.357032 -0.051903
v -0.606208 -0.369107 0.029035
v -0.622369 -0.344901 0.044930
v -0.614165 -0.252994 -0.003556
v -0.588717 -0.270858 0.027947
v -0.562537 -0.379289 0.026825
v -0.598119 -0.317077 0.032221
v -0.595225 -0.353625 0.054782
v -0.569750 -0.357278 0.080706
v -0.556184 -0.341232 -0.042771
v -0.599477 -0.357551 -0.157898
v -0.564416 -0.322806 0.037965
v -0.554851 -0.363438 0.118067
v -0.579131 -0.362365 -0.116065
v -0.519379 -0.311532 0.104900
v -0.541062 -0.335616 0.091990
v -0.539810 -0.346172 -0.109834
v -0.525481 -0.346307 0.117021
v -0.547036 -0.375407 0.081227
v -0.526037 -0.369193 0.089151
v -0.662523 -0.241071 0.041972
v -0.521120 -0.365531 0.009584
v -0.896775 -0.451980 0.046922
v -0.864415 -0.451014 0.093124
v -0.853901 -0.448246 0.161710
v -0.834645 -0.415872 0.084432
v -0.854727 -0.411752 0.058821
v -0.846474 -0.444000 -0.050353
v -0.858397 -0.450848 -0.121390
v -0.803974 -0.381266 0.023748
v -0.842872 -0.408404 -0.004717
v -0.802821 -0.415990 -0.044085
v -0.804366 -0.450953 -0.152604
v -0.836713 -0.449061 0.192521
v -0.822577 -0.411489 -0.098397
v -0.768315 -0.411518 -0.106534
v -0.757665 -0.415777 -0.034228
v -0.754143 -0.392048 0.056605
v -0.711703 -0.418037 -0.197116
v -0.731281 -0.448054 -0.212060
v -0.711675 -0.398603 0.008147
v -0.741057 -0.410413 -0.061653
v -0.681982 -0.378010 0.045836
v -0.680277 -0.394536 -0.153646
v -0.717785 -0.381046 -0.070809
v -0.682832 -0.376829 -0.128102
v -0.644115 -0.364229 -0.209345
v -0.651214 -0.353873 -0.144700
v -0.643815 -0.386916 -0.081875
v -0.675537 -0.449533 -0.289376
v -0.544006 -0.371519 -0.188841
v -0.555174 0.121293 -0.203574
v -0.516849 0.088598 -0.226010
v -0.534317 -0.107819 -0.198235
v -0.536667 0.137802 -0.223858
v -0.396985 -0.292245 -0.186134
v -0.452455 -0.309823 -0.292059
v -0.484039 -0.221338 -0.262737
v -0.450696 -0.211787 -0.296543
v -0.424002 -0.003113 -0.315729
v -0.427506 0.043845 -0.336480
v -0.431747 -0.309266 -0.319245
v -0.430318 -0.219743 -0.315298
v -0.406259 -0.221396 -0.321648
v -0.428973 -0.107036 -0.311466
v -0.433880 0.091850 -0.318731
v -0.393540 -0.314862 -0.325191
v -0.426415 -0.317358 -0.336166
v -0.412824 0.103524 -0.324744
v -0.415057 -0.271996 -0.321206
v -0.419126 -0.391165 -0.413355
v -0.360374 -0.309041 -0.164706
v -0.381937 -0.220641 -0.182318
v -0.378137 -0.296435 -0.194425
v -0.374679 -0.248423 -0.191290
v -0.297389 -0.330367 -0.128950
v -0.282831 -0.321480 -0.281254
v -0.272393 -0.318344 -0.182487
v -0.308569 0.037556 -0.333215
v -0.304112 -0.027257 -0.306558
v -0.297718 -0.094949 -0.294473
v -0.328542 -0.007307 -0.326593
v -0.282098 -0.043906 -0.307134
v -0.302307 0.008594 -0.324817
v -0.274057 -0.104365 -0.301677
v -0.284644 -0.090824 -0.315825
v -0.285077 -0.145275 -0.299419
v -0.266811 -0.059717 -0.291684
v -0.736025 -0.349360 -0.533076
v -0.742678 -0.327438 -0.512205
v -0.734922 -0.328318 -0.471146
v -0.692210 -0.323595 -0.439920
v -0.725258 -0.272563 -0.520000
v -0.695462 -0.277778 -0.485875
v -0.678149 -0.409943 -0.243488
v -0.666630 -0.399295 -0.545260
v -0.717734 -0.369843 -0.487087
v -0.695313 -0.394718 -0.535260
v -0.671107 -0.398486 -0.486353
v -0.687709 -0.349332 -0.299084
v -0.685250 -0.287263 -0.301075
v -0.647238 -0.385869 -0.324674
v -0.724426 -0.284143 -0.477884
v -0.650848 -0.272319 -0.445498
v -0.652320 -0.241106 -0.540560
v -0.638919 -0.376917 -0.317590
v -0.638698 -0.390059 -0.492887
v -0.648179 -0.399597 -0.315694
v -0.669893 -0.341043 -0.309988
v -0.622192 -0.255696 -0.255436
v -0.656559 -0.452133 -0.357292
v -0.693713 -0.438840 -0.316508
v -0.633128 -0.380644 -0.250518
v -0.668379 -0.317194 -0.247835
v -0.639204 -0.395578 -0.549225
v -0.639676 -0.242998 -0.495903
v -0.606276 -0.240414 -0.318318
v -0.663658 -0.366683 -0.449374
v -0.596467 -0.372108 -0.516242
v -0.597317 -0.400719 -0.378571
v -0.617420 -0.451418 -0.435730
v -0.574718 -0.452009 -0.433005
v -0.593779 -0.287794 -0.557100
v -0.578514 -0.315538 -0.520333
v -0.590170 -0.350639 -0.550483
v -0.611260 -0.280046 -0.504171
v -0.566027 -0.426247 -0.400940
v -0.576940 -0.370413 -0.334645
v -0.595574 -0.262557 -0.328920
v -0.578532 -0.252517 -0.267786
v -0.533272 -0.346644 -0.219284
v -0.607902 -0.383670 -0.233101
v -0.549231 -0.372284 -0.268491
v -0.566245 -0.390649 -0.343023
v -0.574847 -0.385933 -0.319554
v -0.497928 -0.414093 -0.382772
v -0.549744 -0.451022 -0.510665
v -0.522619 -0.404144 -0.487825
v -0.530088 -0.341033 -0.280971
v -0.534908 -0.342957 -0.347731
v -0.518567 -0.356048 -0.126407
v -0.529502 -0.304697 -0.280528
v -0.549022 -0.269030 -0.336020
v -0.534669 -0.269887 -0.199900
v -0.503591 -0.384191 -0.434869
v -0.496398 -0.332228 -0.254355
v -0.514383 -0.367541 -0.292473
v -0.480549 -0.332383 -0.329964
v -0.487557 -0.408332 -0.520504
v -0.445550 -0.337914 -0.373583
v -0.385236 -0.391225 -0.478005
v -0.034443 -0.422231 -0.043746
v -0.006214 -0.386984 -0.078924
v 0.023350 -0.409459 0.000848
v 0.018171 -0.219221 -0.055272
v 0.023890 -0.219622 -0.012973
v 0.023334 -0.357055 -0.052702
v 0.034564 -0.360794 -0.013803
v 0.059155 -0.351927 -0.048186
v 0.020993 -0.403652 -0.036021
v 0.100434 -0.441715 0.200217
v 0.049821 -0.378027 0.024227
v 0.091758 -0.392447 -0.032119
v 0.109840 -0.383336 0.031524
v 0.099061 -0.341045 -0.017475
v 0.142515 -0.375100 -0.013988
v 0.223872 -0.451863 0.227912
v 0.121234 -0.369582 0.072496
v 0.124391 -0.412860 0.158388
v 0.168682 -0.371451 0.078255
v 0.170351 -0.351662 -0.004901
v 0.167238 -0.378149 0.026354
v 0.155126 -0.394222 0.127528
v 0.155227 -0.355233 -0.042202
v 0.252390 -0.363512 -0.039441
v 0.232810 -0.340814 0.001209
v 0.322598 -0.300749 0.223327
v 0.221649 -0.418803 0.063120
v 0.216543 -0.410477 0.003894
v 0.287346 -0.445249 0.161176
v 0.224778 -0.318505 -0.066868
v 0.276900 -0.333240 -0.039681
v 0.165638 -0.390891 -0.012373
v 0.295651 -0.369491 0.325136
v 0.273654 -0.356107 0.009179
v 0.370533 -0.301712 0.214970
v 0.367688 -0.296382 0.284377
v 0.192651 -0.356089 -0.000487
v 0.287032 -0.333412 0.254024
v 0.268770 -0.408340 0.016909
v 0.331287 -0.437278 0.234888
v 0.204368 -0.404606 0.106448
v 0.256844 -0.439770 0.118490
v 0.283692 -0.397549 -0.003382
v 0.279567 -0.117965 0.008742
v 0.404895 -0.350059 0.200805
v 0.276945 -0.215031 0.003783
v 0.276883 -0.299064 0.022742
v 0.291754 -0.291673 0.005374
v 0.302692 -0.354417 0.009294
v 0.275765 -0.151415 0.018930
v 0.291531 -0.253257 0.017765
v 0.295737 -0.406647 0.018809
v 0.303358 -0.347654 -0.025660
v 0.423014 -0.344966 0.258610
v 0.237336 -0.388817 -0.012908
v 0.309833 -0.418288 -0.021875
v 0.320560 -0.380018 -0.057138
v 0.333298 -0.408193 0.023968
v 0.280436 -0.438467 0.259649
v 0.359664 -0.445069 0.213285
v 0.357018 -0.387447 -0.068131
v 0.341241 -0.458210 0.241411
v 0.333126 -0.341898 -0.029335
v 0.373752 -0.330847 -0.083024
v 0.361087 -0.443810 0.296264
v 0.327275 -0.416437 0.114494
v 0.416272 -0.449632 0.105458
v 0.368594 -0.392984 0.047220
v 0.361467 -0.422230 -0.042082
v 0.398769 -0.444991 -0.078954
v 0.386955 -0.436204 0.215333
v 0.406263 -0.450100 0.233356
v 0.381130 -0.413381 0.196125
v 0.451941 -0.450763 0.152405
v 0.409078 -0.422421 0.269293
v 0.535409 -0.439891 -0.065109
v 0.430805 -0.448269 0.051060
v 0.416842 -0.449845 -0.021364
v -0.042678 -0.400641 -0.084700
v -0.026501 -0.348188 -0.145706
v -0.004240 -0.319021 -0.110493
v 0.012948 -0.340007 -0.077171
v 0.045662 -0.100482 -0.021090
v 0.027928 -0.316964 -0.100882
v 0.021497 -0.074172 -0.034000
v 0.062621 -0.322657 -0.139581
v 0.039787 -0.318385 -0.066754
v 0.101621 -0.318638 -0.064470
v 0.109144 -0.260108 -0.220609
v 0.075790 -0.343730 -0.139778
v 0.181309 -0.279776 -0.216355
v 0.191718 -0.266054 -0.248283
v 0.111747 -0.289750 -0.197878
v 0.136999 -0.286874 -0.127031
v 0.236284 -0.258279 -0.194514
v 0.198750 -0.250313 -0.335312
v 0.186133 -0.351765 -0.070983
v 0.216462 -0.293020 -0.101758
v 0.128389 -0.315074 -0.091868
v 0.227597 -0.304967 -0.319309
v 0.247059 -0.351650 -0.401181
v 0.220052 -0.308296 -0.378605
v 0.289823 -0.308219 -0.053404
v 0.284246 -0.258557 -0.144903
v 0.268838 -0.298517 -0.272618
v 0.136745 -0.451137 -0.583638
v 0.107756 -0.453483 -0.260721
v 0.222565 -0.359970 -0.326028
v 0.276008 -0.260261 -0.224019
v 0.270901 -0.230162 -0.304886
v 0.257078 -0.308218 -0.402444
v 0.286330 -0.282641 -0.408109
v 0.282621 -0.282362 -0.327175
v 0.303548 -0.303100 -0.397640
v 0.329565 -0.221385 -0.263362
v 0.326214 -0.307584 -0.276627
v 0.267655 -0.385008 -0.378527
v 0.279428 -0.357792 -0.312091
v 0.315150 -0.341999 -0.264824
v 0.321857 -0.357663 -0.240714
v 0.326352 -0.279976 -0.155190
v 0.350276 -0.328702 -0.216381
v 0.348588 -0.258240 -0.204571
v 0.332388 -0.289782 -0.285950
v 0.348454 -0.314791 -0.166374
v 0.329107 -0.388075 -0.227591
v 0.414448 -0.280056 -0.296759
v 0.405787 -0.355276 -0.351574
v 0.343545 -0.391142 -0.269702
v 0.366520 -0.348349 -0.231070
v 0.350593 -0.289776 -0.170526
v 0.357765 -0.305750 -0.216142
v 0.366139 -0.378924 -0.105990
v 0.362556 -0.417461 -0.067757
v 0.387131 -0.393548 -0.105793
v 0.430890 -0.285739 -0.177674
v 0.430100 -0.342546 -0.276642
v 0.425601 -0.314661 -0.309280
v 0.387454 -0.319085 -0.242816
v 0.379292 -0.336680 -0.115019
v 0.427441 -0.341976 -0.131329
v 0.418497 -0.329977 -0.164991
v 0.436396 -0.407935 -0.133834
v 0.418531 -0.240375 -0.226757
v 0.438941 -0.420462 -0.093799
v 0.446036 -0.429015 -0.126425
v 0.424902 -0.276055 -0.207930
v 0.446215 -0.367879 -0.127469
v 0.459848 -0.387865 -0.208289
v 0.499958 -0.418409 -0.137857
v 0.537175 -0.446092 -0.152905
v -0.070531 -0.350034 -0.197431
v -0.104029 -0.370084 -0.306794
v -0.061227 -0.365094 -0.346328
v -0.077693 -0.369777 -0.156957
v -0.074003 -0.452064 -0.605480
v -0.066501 -0.383743 -0.541027
v -0.007699 -0.408366 -0.563330
v -0.008819 -0.362775 -0.360042
v -0.039902 -0.340249 -0.246989
v 0.011169 -0.391070 -0.477438
v -0.021344 -0.383104 -0.438571
v -0.034748 -0.392784 -0.127013
v -0.051946 -0.213385 -0.433488
v 0.025627 -0.234789 -0.456950
v -0.027361 -0.211751 -0.442292
v -0.042685 -0.353537 -0.379004
v -0.005013 -0.341656 -0.183962
v -0.044416 -0.363211 -0.180338
v -0.000085 -0.315119 -0.228012
v -0.014403 -0.215121 -0.338554
v 0.011628 -0.315610 -0.280325
v 0.007068 -0.338974 -0.307171
v -0.024582 -0.096286 -0.443446
v -0.008620 -0.149861 -0.465655
v 0.047087 -0.323924 -0.207782
v -0.025651 -0.375642 -0.530385
v 0.059607 -0.309868 -0.239255
v 0.002226 -0.082505 -0.455717
v 0.004777 -0.066827 -0.465637
v 0.062080 -0.417659 -0.592465
v 0.020569 -0.340483 -0.471680
v 0.014613 -0.363755 -0.447518
v 0.010716 -0.345245 -0.446848
v 0.075370 -0.450733 -0.625651
v 0.050401 -0.361633 -0.315636
v 0.054740 -0.373376 -0.445625
v 0.048263 -0.391300 -0.567787
v 0.026530 -0.067093 -0.452347
v 0.065318 -0.337400 -0.322887
v 0.060891 -0.172403 -0.498614
v -0.016876 -0.136750 -0.442795
v 0.004657 -0.112254 -0.455851
v 0.060593 -0.383111 -0.478687
v 0.061342 -0.133201 -0.426760
v 0.071430 -0.399615 -0.535199
v 0.077533 -0.316718 -0.297648
v 0.021087 -0.134127 -0.468977
v 0.075326 -0.322813 -0.468175
v 0.133255 -0.363431 -0.411145
v 0.081100 -0.224686 -0.467457
v 0.032160 -0.133375 -0.441804
v 0.073351 -0.375875 -0.384727
v 0.075981 -0.289314 -0.211570
v 0.120143 -0.344355 -0.379579
v 0.091269 -0.358017 -0.465144
v 0.096001 -0.371293 -0.341650
v 0.084302 -0.267973 -0.269071
v 0.131161 -0.339872 -0.341812
v 0.072676 -0.378731 -0.528142
v 0.128520 -0.350015 -0.526542
v 0.117759 -0.267727 -0.277029
v 0.108227 -0.303147 -0.280442
v 0.148530 -0.424474 -0.559112
v 0.151640 -0.284878 -0.315143
v 0.173626 -0.370532 -0.549157
v 0.174455 -0.326940 -0.433928
v 0.157952 -0.336232 -0.392494
v 0.176088 -0.340465 -0.474281
v 0.175273 -0.363811 -0.421029
v 0.187823 -0.302194 -0.471746
v 0.199277 -0.450773 -0.633732
v 0.267580 -0.390905 -0.586472
v 0.208225 -0.364862 -0.366404
v 0.202782 -0.369743 -0.402348
v 0.187816 -0.329865 -0.518814
v 0.311880 -0.459709 -0.199935
v 0.183798 -0.260249 -0.433894
v 0.175132 -0.284065 -0.398822
v 0.274424 -0.230336 -0.381808
v 0.214028 -0.267740 -0.471739
v 0.206751 -0.299066 -0.514904
v 0.250998 -0.310778 -0.545971
v 0.325920 -0.256203 -0.479460
v 0.025632 -0.357754 -0.407654
v -0.480136 -0.450837 -0.554179
v -0.453764 -0.418256 -0.503937
v -0.454859 -0.388690 -0.450582
v -0.362248 -0.452205 -0.583021
v -0.417441 -0.408477 -0.534095
v -0.377938 -0.443397 -0.612200
v -0.354474 -0.436144 -0.583130
v -0.285720 -0.398901 -0.502429
v -0.349132 -0.410780 -0.497189
v -0.333903 -0.449997 -0.639617
v -0.328041 -0.447103 -0.592759
v -0.255474 -0.345053 -0.385656
v -0.376146 -0.340152 -0.430508
v -0.244623 -0.443990 -0.554852
v -0.267998 -0.350962 -0.440661
v -0.327164 -0.321023 -0.325049
v -0.299241 -0.338064 -0.326390
v -0.242612 -0.414258 -0.504889
v -0.267989 -0.045851 -0.323163
v -0.305247 0.091053 -0.335929
v -0.240949 0.119937 -0.340722
v -0.244318 0.096515 -0.321136
v -0.265229 0.011758 -0.338409
v -0.258516 -0.103703 -0.338845
v -0.258120 -0.218971 -0.337878
v -0.238798 -0.110713 -0.313225
v -0.243718 0.009079 -0.327267
v -0.235378 -0.215693 -0.338941
v -0.238959 -0.102126 -0.340708
v -0.238410 -0.340661 -0.340431
v -0.187398 -0.444482 -0.584427
v -0.217610 -0.430023 -0.609382
v -0.256007 -0.368999 -0.312688
v -0.168263 -0.356277 -0.377108
v -0.256650 -0.340234 -0.330664
v -0.197096 -0.351612 -0.250050
v -0.197752 -0.425294 -0.557079
v -0.221658 -0.408712 -0.444329
v -0.194679 -0.387566 -0.457634
v -0.221181 -0.358066 -0.292166
v -0.252661 -0.360545 -0.345675
v -0.246055 -0.419980 -0.608609
v -0.197367 -0.423768 -0.628170
v -0.219965 -0.415337 -0.571317
v -0.233232 -0.391811 -0.401012
v -0.137283 -0.379114 -0.332969
v -0.178884 -0.367884 -0.412077
v -0.150314 -0.357820 -0.226413
v -0.160880 -0.426975 -0.598388
v -0.070593 -0.350379 -0.431422
v -0.108846 -0.425844 -0.528889
v -0.160809 -0.421818 -0.574726
v -0.110434 -0.452149 -0.562707
v -0.132631 -0.377413 -0.394022
v -0.171825 -0.365414 -0.444560
v -0.137905 -0.429065 -0.611651
v -0.143457 -0.396597 -0.492899
v -0.086217 -0.388123 -0.473033
v -0.091160 -0.355307 -0.230493
v -0.073932 -0.384638 -0.436653
v -0.009045 -0.356096 -0.455692
v -0.136640 -0.367505 -0.280811
v -0.073604 -0.328644 -0.294470
v -0.071125 -0.422276 -0.585591
v 0.320245 -0.359437 -0.423927
v 0.333555 -0.324006 -0.412491
v 0.353541 -0.304607 -0.431622
v 0.373197 -0.311130 -0.365736
v 0.404439 -0.297091 -0.387108
v 0.351304 -0.282208 -0.410492
v 0.408878 -0.278415 -0.361967
v 0.396936 -0.218953 -0.300957
v 0.477348 -0.228883 -0.348071
v 0.380985 -0.367498 -0.280846
v 0.431846 -0.233482 -0.382917
v 0.408074 -0.379389 -0.329962
v 0.431273 -0.236802 -0.432774
v 0.413250 -0.311684 -0.370824
v 0.417237 -0.368937 -0.286361
v 0.463465 -0.225392 -0.313392
v 0.428218 -0.321093 -0.472912
v 0.431023 -0.301284 -0.426100
v 0.461173 -0.279670 -0.420598
v 0.457756 -0.305096 -0.310516
v 0.481466 -0.243653 -0.314725
v 0.457616 -0.257848 -0.236878
v 0.512453 -0.367191 -0.267797
v 0.468199 -0.393217 -0.243018
v 0.421288 -0.315035 -0.220218
v 0.481489 -0.357672 -0.224591
v 0.447771 -0.252899 -0.289137
v 0.494366 -0.312107 -0.320221
v 0.459834 -0.348260 -0.258320
v 0.483268 -0.332417 -0.424338
v 0.471097 -0.422848 -0.194065
v 0.469662 -0.405293 -0.274857
v 0.513508 -0.398893 -0.267137
v 0.453440 -0.357391 -0.488436
v 0.479217 -0.342798 -0.481429
v 0.490812 -0.350914 -0.178898
v 0.496795 -0.360237 -0.403301
v 0.547743 -0.279453 -0.374836
v 0.540914 -0.317336 -0.389615
v 0.485025 -0.347689 -0.445504
v 0.525349 -0.372080 -0.369505
v 0.529711 -0.337893 -0.327655
v 0.532151 -0.313933 -0.338287
v 0.499444 -0.329044 -0.476482
v 0.535832 -0.355785 -0.450085
v 0.490703 -0.447579 -0.225643
v 0.552933 -0.386272 -0.302457
v 0.559139 -0.418410 -0.297393
v 0.599994 -0.365931 -0.421812
v 0.537110 -0.453298 -0.095473
v 0.584383 -0.442848 -0.126658
v 0.554750 -0.369438 -0.459932
v 0.540696 -0.350197 -0.494681
v 0.567755 -0.457173 -0.266733
v 0.559954 -0.442801 -0.151669
v 0.592842 -0.342348 -0.441958
v 0.566698 -0.457918 -0.329542
v 0.641279 -0.432743 -0.341094
v 0.515429 -0.450342 -0.457401
v 0.610546 -0.399878 -0.306667
v 0.634355 -0.360973 -0.431648
v 0.618182 -0.380962 -0.365105
v 0.661980 -0.406921 -0.363343
v 0.198221 -0.404637 -0.569880
v 0.287916 -0.454161 -0.500853
v 0.369693 -0.453751 -0.633264
v 0.253057 -0.345310 -0.551752
v 0.291536 -0.361540 -0.572891
v 0.279329 -0.451623 -0.640852
v 0.318637 -0.390498 -0.567453
v 0.336527 -0.373431 -0.621651
v 0.335087 0.189349 -0.660709
v 0.307347 -0.410842 -0.621465
v 0.278138 0.214456 -0.576201
v 0.340984 0.202192 -0.645123
v 0.470766 -0.465316 -0.494067
v 0.344331 -0.360605 -0.531529
v 0.326266 0.159523 -0.638765
v 0.342395 0.059134 -0.663067
v 0.303631 0.332948 -0.661419
v 0.353973 0.231025 -0.660788
v 0.320629 -0.451907 -0.823256
v 0.390774 0.086588 -0.596300
v 0.363466 -0.451691 -0.881402
v 0.369956 -0.213515 -0.382480
v 0.354593 -0.262019 -0.457719
v 0.331299 0.052056 -0.646232
v 0.331031 -0.451157 -0.701119
v 0.341986 -0.390623 -0.679852
v 0.331967 -0.426213 -0.674904
v 0.344809 -0.357559 -0.683117
v 0.340607 -0.354137 -0.664368
v 0.346940 -0.288384 -0.675058
v 0.351287 -0.340866 -0.680085
v 0.377441 -0.347155 -0.633260
v 0.347968 -0.324684 -0.645124
v 0.351085 -0.360028 -0.688368
v 0.368442 -0.367155 -0.689028
v 0.359929 -0.106825 -0.678592
v 0.366212 -0.408857 -0.689312
v 0.381249 -0.390899 -0.652364
v 0.345789 -0.386681 -0.652167
v 0.365636 -0.063005 -0.647728
v 0.389964 -0.051138 -0.667964
v 0.327391 -0.343811 -0.506980
v 0.413306 -0.381121 -0.575454
v 0.350134 -0.408187 -0.755559
v 0.380891 -0.265360 -0.650420
v 0.336438 -0.289665 -0.495882
v 0.392496 -0.314553 -0.530126
v 0.384690 -0.385214 -0.731960
v 0.395248 -0.315240 -0.622374
v 0.369741 -0.297005 -0.677799
v 0.364842 0.084199 -0.641485
v 0.400882 -0.376948 -0.813046
v 0.418197 -0.375621 -0.685036
v 0.378831 0.064682 -0.618533
v 0.420701 -0.402731 -0.630406
v 0.424051 -0.286891 -0.490657
v 0.422232 0.077004 -0.593771
v 0.459527 -0.386880 -0.617307
v 0.482028 -0.367112 -0.559475
v 0.402610 -0.344641 -0.529478
v 0.464327 -0.360573 -0.674996
v 0.480926 -0.367835 -0.602278
v 0.512361 -0.336267 -0.547703
v 0.531962 -0.357356 -0.578756
v 0.559116 -0.348226 -0.554971
v 0.587416 -0.352264 -0.589532
v 0.637979 -0.342214 -0.462437
v 0.593146 -0.330243 -0.536124
v 0.628219 -0.392149 -0.563355
v 0.631588 -0.463603 -0.366245
v 0.633303 -0.364382 -0.581192
v 0.596331 -0.388327 -0.578878
v 0.639642 -0.381209 -0.408108
v 0.672059 -0.392923 -0.412378
v 0.654839 -0.398830 -0.457848
v 0.664799 -0.361486 -0.470543
v 0.704542 -0.425637 -0.353648
v 0.662027 -0.383560 -0.504140
v 0.712648 -0.394701 -0.527427
v 0.710442 -0.384704 -0.458888
v 0.679669 -0.466527 -0.305123
v 0.742914 -0.419303 -0.337931
v 0.685808 -0.388464 -0.546031
v 0.741623 -0.361646 -0.528929
v 0.745162 -0.398079 -0.375442
v 0.811216 -0.442328 -0.685247
v 0.783716 -0.384232 -0.496657
v 0.731190 -0.466028 -0.306977
v 0.842015 -0.466184 -0.479905
v 0.796018 -0.452521 -0.744233
v 0.806253 -0.358066 -0.660124
v 0.780592 -0.440193 -0.372195
v 0.820855 -0.400080 -0.470901
v 0.782873 -0.365812 -0.601974
v 0.807230 -0.402292 -0.688098
v 0.821316 -0.423728 -0.779580
v 0.839133 -0.387764 -0.571343
v 0.803076 -0.420816 -0.464817
v 0.814233 -0.416496 -0.425895
v 0.785163 -0.433226 -0.729948
v 0.791715 -0.427603 -0.711868
v 0.830378 -0.433173 -0.722684
v 0.824738 -0.412389 -0.630882
v 0.801969 -0.405522 -0.506995
v 0.803901 -0.462832 -0.802988
v 0.832656 -0.456365 -0.762621
v 0.848091 -0.416262 -0.518875
v 0.830648 -0.410107 -0.553551
v 0.855820 -0.440898 -0.523480
v 0.826583 -0.392790 -0.651441
v 0.844225 -0.442217 -0.498771
v 0.840811 -0.430906 -0.473937
v 0.856321 -0.453708 -0.706212
v 0.864484 -0.439776 -0.669535
v 0.853692 -0.429263 -0.627522
v 0.840168 -0.444925 -0.667092
v 0.845545 -0.427811 -0.675701
v 0.885952 -0.465674 -0.627657
v 0.886455 -0.460819 -0.547937
v 0.840074 -0.437857 -0.569129
v 0.903454 -0.427942 -0.616201
v 0.875238 -0.446180 -0.638445
v 0.914250 -0.467311 -0.598307
v 0.931300 -0.454094 -0.627860
v 0.922514 -0.455175 -0.559546
v 0.940639 -0.446204 -0.604191
v 0.774353 -0.384859 -0.443222
v 0.351758 -0.408264 -0.800093
v 0.344009 -0.449145 -0.748934
v 0.473644 -0.453637 -0.800489
v 0.392562 -0.404175 -0.850099
v 0.418142 -0.390836 -0.764930
v 0.502373 -0.377068 -0.722860
v 0.441540 -0.375748 -0.740797
v 0.484282 -0.364937 -0.795873
v 0.480251 -0.400205 -0.814458
v 0.429439 -0.451385 -0.866370
v 0.490005 -0.450715 -0.904816
v 0.447914 -0.392438 -0.838661
v 0.453522 -0.430868 -0.858936
v 0.511002 -0.424103 -0.885510
v 0.491752 -0.353834 -0.774673
v 0.489300 -0.346223 -0.651869
v 0.517789 -0.367311 -0.792856
v 0.558602 -0.377862 -0.766654
v 0.556575 -0.450987 -0.886187
v 0.556197 -0.393006 -0.696099
v 0.563769 -0.385437 -0.637573
v 0.543388 -0.404498 -0.833266
v 0.549897 -0.360305 -0.627097
v 0.556609 -0.455276 -0.793507
v 0.628134 -0.337685 -0.702219
v 0.612670 -0.460281 -0.799111
v 0.583772 -0.386665 -0.798505
v 0.668265 -0.455671 -0.763649
v 0.700703 -0.465928 -0.766759
v 0.654543 -0.445617 -0.843383
v 0.658999 -0.331731 -0.812850
v 0.588434 -0.415332 -0.832319
v 0.597822 -0.449862 -0.848164
v 0.677389 -0.377920 -0.863512
v 0.764673 -0.447871 -0.759401
v 0.686636 -0.398839 -0.859470
v 0.753614 -0.439223 -0.811796
v 0.736402 -0.338426 -0.833651
v 0.761272 -0.460036 -0.815775
v 0.796843 -0.461372 -0.784163
v 0.799833 -0.370779 -0.746388
v 0.736664 -0.296334 -0.756329
v 0.786506 -0.420194 -0.811279
v 0.789933 -0.454833 -0.836163
v 0.818951 -0.447479 -0.820822
v 0.501278 -0.357652 -0.687047
vn -0.8203 -0.4881 0.2980
vn -0.9248 -0.3766 -0.0536
vn -0.4501 -0.5011 0.7391
vn -0.9526 -0.3032 0.0236
vn -0.7850 0.4994 -0.3666
vn -0.8098 0.4119 -0.4178
vn -0.9244 -0.3802 -0.0325
vn -0.7399 0.1683 -0.6513
vn -0.9356 0.1668 -0.3113
vn -0.6310 0.5729 -0.5231
vn -0.5083 0.6534 -0.5609
vn -0.9063 -0.4200 0.0472
vn -0.8125 0.5229 0.2579
vn -0.8824 0.4451 0.1528
vn -0.5948 0.7029 0.3900
vn -0.5832 0.0155 -0.8122
vn -0.9381 -0.3464 -0.0008
vn -0.8618 -0.4841 -0.1516
vn -0.6945 -0.6036 0.3916
vn -0.4002 0.8706 -0.2862
vn 0.1797 -0.9651 -0.1903
vn -0.9879 -0.1455 -0.0532
vn -0.8440 0.4774 0.2443
vn -0.7654 0.2643 0.5867
vn 0.9070 -0.2250 -0.3560
vn -0.5636 0.8091 0.1665
vn -0.4344 -0.7729 0.4624
vn 0.1708 0.9852 -0.0133
vn -0.3024 0.2582 -0.9175
vn -0.6989 0.2505 -0.6700
vn -0.1963 -0.2575 -0.9461
vn -0.1829 -0.0656 -0.9809
vn -0.0282 0.5923 0.8052
vn -0.3103 0.8241 0.4739
vn -0.3438 0.7510 0.5638
vn -0.3740 0.8275 0.4188
vn -0.1199 0.9539 0.2752
vn -0.1231 0.4932 -0.8612
vn -0.4257 0.7133 0.5568
vn -0.0869 -0.9957 -0.0307
vn 0.0871 0.6694 -0.7378
vn -0.9385 0.0979 -0.3312
vn -0.4614 0.2330 0.8561
vn 0.2900 -0.1385 -0.9469
vn 0.9261 -0.1634 0.3400
vn -0.4741 0.8376 0.2715
vn 0.3827 -0.8799 -0.2817
vn -0.2029 0.0500 0.9779
vn -0.2399 -0.8727 -0.4254
vn -0.3311 -0.1940 0.9234
vn -0.3700 0.8417 0.3932
vn 0.8054 -0.3324 -0.4908
vn -0.9405 0.2999 -0.1597
vn 0.1982 0.9312 0.3058
vn -0.3889 0.9017 -0.1888
vn -0.8468 -0.3315 -0.4160
vn -0.2512 -0.9621 -0.1059
vn -0.1706 0.9847 -0.0367
vn 0.4129 0.7669 -0.4913
vn -0.4038 0.3030 0.8632
vn -0.4205 0.8406 -0.3415
vn 0.0020 0.9826 -0.1856
vn 0.8522 -0.5219 -0.0365
vn 0.8072 0.5087 -0.2995
vn -0.1374 0.9100 0.3911
vn -0.1345 0.9059 0.4016
vn -0.0498 0.9356 0.3495
vn 0.6139 0.6583 0.4356
vn -0.1333 0.9264 0.3523
vn 0.1346 0.9891 0.0605
vn -0.0526 -0.9985 -0.0174
vn -0.5509 0.7676 0.3276
vn 0.6070 0.7888 0.0972
vn -0.7919 -0.4888 -0.3660
vn -0.9049 0.2622 -0.3354
vn 0.4447 0.7121 0.5434
vn -0.8150 -0.0318 0.5786
vn -0.3295 -0.1369 0.9342
vn -0.6020 0.5876 0.5406
vn -0.1986 0.9634 -0.1803
vn -0.0141 0.3804 0.9247
vn -0.4721 -0.4575 -0.7535
vn 0.0135 -0.7500 -0.6613
vn -0.2972 0.9143 0.2751
vn -0.3782 0.8991 0.2203
vn -0.5001 0.8389 0.2148
vn -0.5426 -0.5542 0.6312
vn -0.5181 0.0194 0.8551
vn -0.2783 0.5362 0.7969
vn -0.6364 -0.0932 -0.7657
vn -0.3676 0.2226 -0.9029
vn -0.3836 0.3166 -0.8675
vn -0.3596 0.3801 -0.8522
vn 0.2420 0.9647 -0.1038
vn 0.2300 0.8050 -0.5469
vn -0.2324 0.9549 -0.1849
vn -0.2312 -0.8456 0.4812
vn -0.0621 -0.6528 0.7550
vn 0.0394 -0.0033 0.9992
vn -0.8829 0.2504 -0.3973
vn 0.1698 0.7620 -0.6249
vn -0.3578 0.7852 -0.5054
vn -0.2012 -0.9637 0.1753
vn -0.5593 0.8259 0.0708
vn -0.0225 -0.7712 -0.6362
vn 0.0526 0.5397 0.8402
vn 0.2207 -0.5926 -0.7747
vn -0.9284 -0.1046 0.3567
vn 0.2133 -0.3424 0.9150
vn 0.3277 -0.3248 0.8872
vn -0.3159 0.9482 -0.0330
vn -0.1053 0.9721 0.2096
vn -0.3560 -0.9014 0.2465
vn -0.3057 -0.8730 -0.3801
vn -0.5936 0.6797 0.4308
vn 0.7404 0.2525 -0.6230
vn 0.1090 0.9916 -0.0693
vn 0.7223 0.1679 -0.6709
vn 0.7298 0.1798 -0.6596
vn 0.5258 -0.6180 -0.5845
vn -0.7361 -0.4596 -0.4969
vn -0.5820 -0.7128 0.3914
vn -0.6397 0.7588 0.1226
vn -0.0896 0.9742 -0.2070
vn 0.0513 0.9672 0.2488
vn -0.5317 0.4341 0.7272
vn -0.2166 0.6006 0.7697
vn -0.2380 0.9711 0.0193
vn -0.1338 0.0709 -0.9885
vn -0.0828 0.1353 -0.9873
vn 0.4433 -0.0332 -0.8958
vn -0.3410 -0.0418 0.9391
vn -0.6723 0.5355 -0.5111
vn -0.0903 0.7750 0.6255
vn 0.0775 0.6760 0.7328
vn 0.0555 0.9016 -0.4290
vn 0.4855 0.6914 0.5350
vn -0.7126 0.5944 0.3726
vn -0.1994 -0.9404 0.2755
vn 0.3189 -0.2181 0.9223
vn -0.0080 -1.0000 0.0025
vn 0.2877 0.4992 0.8174
vn 0.7068 0.1445 -0.6925
vn -0.2314 -0.9653 0.1207
vn -0.3792 0.0955 -0.9204
vn -0.2804 0.2219 -0.9339
vn -0.0307 -0.3919 -0.9195
vn -0.1865 -0.9334 -0.3066
vn 0.0134 0.9943 -0.1061
vn 0.1029 0.9946 0.0099
vn 0.0050 0.8022 0.5970
vn -0.6950 0.7045 0.1436
vn 0.3822 -0.9036 -0.1935
vn -0.5336 0.8289 0.1679
vn -0.6530 0.5602 -0.5097
vn 0.5712 0.7883 -0.2288
vn 0.4854 0.1836 -0.8548
vn -0.4945 0.4344 0.7529
vn 0.6234 0.6447 -0.4425
vn -0.3848 0.9220 -0.0441
vn -0.0729 0.9793 -0.1890
vn -0.8259 -0.2845 0.4868
vn -0.9979 -0.0499 -0.0422
vn -0.8103 -0.5375 0.2333
vn 0.3890 0.8931 0.2258
vn -0.9620 0.2728 0.0107
vn 0.2494 0.2152 0.9442
vn 0.5028 -0.7952 -0.3390
vn 0.5268 -0.6627 0.5323
vn 0.0442 0.9750 -0.2178
vn 0.2388 0.9710 -0.0128
vn -0.4427 0.8038 0.3975
vn 0.0388 0.8039 -0.5934
vn 0.2282 -0.5416 0.8091
vn 0.8830 -0.2481 0.3986
vn -0.6673 0.7065 -0.2359
vn 0.1900 0.9812 0.0338
vn -0.9356 -0.0696 0.3462
vn -0.3527 -0.4319 0.8301
vn -0.2143 0.9386 0.2703
vn 0.5166 0.6340 -0.5755
vn -0.3187 0.9474 -0.0309
vn -0.5436 0.7661 -0.3430
vn -0.1800 -0.9835 0.0201
vn -0.1949 -0.9808 0.0122
vn -0.1928 -0.9812 0.0116
vn -0.7902 -0.5408 -0.2883
vn 0.0548 0.8090 -0.5852
vn -0.9269 0.0311 0.3740
vn -0.4649 0.8480 0.2544
vn 0.3555 -0.5937 0.7219
vn -0.1624 -0.7866 0.5957
vn -0.9781 0.1110 -0.1761
vn -0.9532 -0.2964 -0.0598
vn -0.2274 0.9274 -0.2969
vn -0.6300 -0.7746 -0.0557
vn 0.7904 0.6013 -0.1170
vn -0.5995 0.7357 0.3151
vn 0.2781 0.6749 0.6835
vn 0.0306 -0.2526 -0.9671
vn -0.4630 -0.8693 -0.1729
vn 0.1563 0.6305 -0.7603
vn -0.2765 0.6907 0.6682
vn 0.0630 0.9732 0.2210
vn -0.8914 -0.0784 -0.4464
vn -0.8237 -0.5633 -0.0647
vn -0.8323 0.2959 -0.4688
vn 0.1950 0.8124 0.5495
vn -0.4150 -0.2392 0.8778
vn -0.8134 0.5790 -0.0565
vn -0.6735 0.5041 0.5407
vn -0.5715 0.4162 0.7072
vn -0.1427 0.9894 0.0272
vn -0.5167 0.7982 0.3097
vn -0.8518 0.2017 -0.4834
vn 0.5230 0.3413 0.7810
vn 0.2622 -0.3938 0.8810
vn -0.7361 -0.6582 -0.1575
vn 0.6873 0.6089 -0.3961
vn -0.8581 -0.4223 -0.2920
vn 0.9027 -0.4252 -0.0662
vn -0.4737 0.6452 0.5995
vn -0.6104 0.5785 -0.5411
vn -0.6379 0.6862 0.3496
vn -0.6379 0.6862 0.3495
vn -0.6584 0.6961 0.2862
vn -0.6795 0.7126 -0.1742
vn 0.1621 0.9810 -0.1062
vn -0.2679 -0.8876 0.3746
vn -0.7364 0.6461 0.2007
vn 0.9190 0.3770 0.1158
vn -0.9391 0.3078 -0.1527
vn 0.2478 -0.3836 0.8896
vn -0.9858 -0.1348 0.0999
vn -0.9843 -0.0582 0.1664
vn -0.0872 0.6367 -0.7662
vn -0.2738 0.9123 0.3044
vn -0.3490 -0.9246 -0.1529
vn -0.8999 0.2147 -0.3796
vn -0.8145 0.5457 0.1968
vn 0.0864 0.7300 0.6780
vn -0.2270 0.9187 -0.3232
vn -0.5964 -0.8014 0.0464
vn -0.6095 -0.3785 -0.6966
vn 0.3352 0.8400 -0.4267
vn 0.8532 0.2742 0.4438
vn -0.2682 0.9211 0.2823
vn 0.2957 0.8253 0.4810
vn -0.3859 0.8974 -0.2139
vn 0.4596 0.5474 -0.6993
vn -0.0379 -0.1471 0.9884
vn -0.6600 -0.6133 0.4338
vn 0.1930 0.9307 -0.3107
vn 0.1067 0.1723 -0.9792
vn -0.8607 -0.5090 -0.0046
vn -0.1878 0.9820 0.0217
vn 0.6353 -0.0333 0.7716
vn -0.4395 0.8171 0.3731
vn -0.1374 0.0278 -0.9901
vn 0.7740 0.4190 -0.4747
vn 0.9068 -0.0078 -0.4216
vn 0.7917 0.4327 -0.4312
vn 0.3794 -0.7778 0.5011
vn -0.0034 -0.9999 -0.0163
vn 0.8158 0.5776 0.0286
vn 0.8420 0.4701 0.2646
vn -0.8296 -0.5488 -0.1027
vn 0.0067 0.9991 -0.0420
vn 0.4536 -0.7690 -0.4505
vn -0.5506 -0.8040 0.2244
vn -0.5673 -0.7859 0.2459
vn -0.5566 -0.8061 0.2009
vn 0.9870 0.1589 0.0232
vn -0.3554 -0.2760 -0.8930
vn 0.0873 -0.5872 -0.8047
vn -0.6027 0.7893 -0.1175
vn 0.3648 -0.4864 0.7939
vn -0.4399 0.8224 -0.3607
vn 0.6785 -0.1361 -0.7219
vn -0.3828 -0.5781 -0.7206
vn -0.8915 -0.4454 -0.0832
vn -0.9608 -0.2762 -0.0232
vn -0.9185 -0.2695 0.2893
vn -0.8635 -0.2827 0.4176
vn -0.5440 0.6325 0.5514
vn 0.4687 0.8750 -0.1212
vn 0.2551 0.9553 -0.1495
vn 0.1331 0.9825 -0.1300
vn -0.6209 0.7478 -0.2351
vn 0.3198 -0.9357 0.1492
vn 0.1221 -0.6418 0.7571
vn 0.7500 0.4010 -0.5260
vn 0.6503 0.6267 -0.4294
vn -0.2484 -0.8799 0.4050
vn -0.5299 -0.6217 -0.5768
vn -0.7441 -0.6090 0.2747
vn -0.2747 0.8351 0.4766
vn 0.1511 0.8357 0.5280
vn -0.4792 -0.4789 0.7356
vn -0.4111 0.8973 -0.1607
vn -0.8994 -0.1045 -0.4244
vn -0.9802 -0.1974 -0.0167
vn -0.2980 0.0699 0.9520
vn -0.2757 0.9061 -0.3209
vn -0.1824 -0.9385 0.2932
vn 0.1314 0.9850 0.1116
vn -0.9071 -0.0120 0.4207
vn 0.5253 0.8005 -0.2885
vn 0.3923 -0.0698 -0.9172
vn -0.4921 -0.8467 -0.2023
vn -0.4414 -0.8606 -0.2541
vn 0.9790 0.1209 0.1641
vn 0.9968 0.0738 0.0305
vn 0.9821 0.0992 0.1604
vn 0.8331 -0.0700 0.5487
vn 0.6423 0.5104 0.5718
vn -0.0070 0.6378 0.7702
vn -0.4620 0.8825 0.0882
vn -0.8830 0.2658 -0.3868
vn -0.8446 0.4693 0.2575
vn -0.3056 0.9520 -0.0148
vn -0.1924 0.9813 -0.0026
vn 0.0243 0.2575 -0.9660
vn 0.3196 -0.8667 0.3830
vn -0.6225 0.6778 0.3912
vn 0.6182 0.2129 -0.7567
vn 0.9394 0.1324 0.3162
vn 0.9474 0.1598 0.2772
vn 0.6503 0.6267 -0.4293
vn 0.0062 0.3155 -0.9489
vn -0.3278 -0.4555 -0.8277
vn 0.1247 0.9853 0.1171
vn -0.9495 -0.1184 -0.2906
vn -0.1733 -0.9827 -0.0651
vn 0.0216 -0.8842 0.4666
vn -0.5229 -0.8519 -0.0280
vn 0.3201 -0.8666 0.3828
vn 0.9201 -0.1086 0.3764
vn 0.5789 0.8151 0.0236
vn 0.7555 0.6338 -0.1662
vn -0.2253 0.1948 0.9546
vn -0.9814 -0.0946 0.1671
vn -0.9104 -0.2629 0.3195
vn -0.5170 -0.7712 -0.3714
vn -0.5426 -0.7726 -0.3297
vn -0.3568 -0.1845 -0.9158
vn -0.7853 0.5528 0.2787
vn -0.2562 0.9150 -0.3116
vn -0.0257 0.9076 0.4191
vn -0.7056 -0.4868 0.5149
vn -0.9344 -0.2876 0.2104
vn 0.9768 0.1993 0.0781
vn 0.1985 0.9690 0.1474
vn 0.6350 -0.7290 0.2556
vn -0.9086 0.0927 -0.4074
vn 0.0163 0.0431 -0.9989
vn -0.7813 -0.5195 0.3460
vn -0.6389 0.7554 -0.1454
vn 0.4109 0.6617 0.6271
vn 0.2911 0.4299 -0.8547
vn 0.7149 0.6909 0.1078
vn -0.4299 -0.4499 -0.7828
vn 0.0609 -0.6191 0.7830
vn -0.5938 -0.7841 0.1804
vn 0.7105 0.0658 0.7006
vn 0.7603 -0.0696 0.6458
vn 0.3063 -0.3590 0.8816
vn 0.2428 0.9167 0.3173
vn -0.1731 0.9798 0.0998
vn -0.2801 -0.4811 -0.8307
vn -0.7265 0.5132 0.4570
vn 0.1270 0.9884 -0.0827
vn 0.2837 -0.9447 -0.1643
vn -0.0012 -0.4573 0.8893
vn -0.0687 0.9719 0.2250
vn -0.2339 0.9483 -0.2143
vn 0.9897 -0.1422 -0.0187
vn -0.6567 -0.5581 0.5072
vn 0.5917 0.3607 0.7210
vn -0.8351 -0.5324 -0.1381
vn -0.6268 0.7395 -0.2456
vn -0.1695 -0.8890 -0.4253
vn -0.7358 0.5538 -0.3897
vn -0.1973 -0.9259 0.3220
vn -0.1219 0.2408 -0.9629
vn -0.2425 0.9690 -0.0479
vn 0.1860 -0.1493 0.9712
vn 0.4948 0.0826 -0.8651
vn 0.3657 0.9307 0.0037
vn -0.5937 -0.2915 0.7500
vn -0.4831 0.5809 0.6551
vn 0.6657 0.4262 0.6125
vn 0.0444 -0.6096 0.7915
vn 0.2087 -0.9761 0.0608
vn 0.1134 -0.9931 0.0300
vn 0.2577 -0.9657 0.0328
vn 0.5221 -0.6330 0.5716
vn -0.1992 -0.6803 0.7053
vn -0.7065 -0.3529 -0.6135
vn -0.3432 0.6722 -0.6560
vn -0.0602 0.9958 0.0688
vn 0.9745 0.1953 -0.1104
vn 0.3661 -0.9306 -0.0049
vn -0.6387 -0.5340 0.5540
vn 0.4008 -0.7199 0.5666
vn -0.2165 0.9227 0.3190
vn -0.3246 0.9409 0.0970
vn -0.8567 0.1201 -0.5016
vn 0.8491 -0.2210 0.4797
vn 0.3344 0.9105 0.2434
vn -0.1997 0.7713 0.6043
vn -0.3058 -0.2754 0.9114
vn 0.1318 0.2391 0.9620
vn 0.0617 0.9913 0.1160
vn -0.2300 0.9635 -0.1371
vn -0.4743 -0.2696 0.8381
vn -0.9941 0.0752 -0.0783
vn -0.4034 -0.5475 -0.7332
vn -0.3452 0.0568 -0.9368
vn -0.9973 -0.0641 0.0361
vn -0.7325 0.5510 0.3999
vn -0.5578 0.8192 0.1334
vn -0.5469 0.6422 0.5371
vn -0.9472 0.2759 0.1634
vn -0.6379 0.1000 -0.7636
vn -0.5731 0.0245 -0.8191
vn 0.4562 -0.8877 -0.0627
vn 0.7084 0.6904 0.1466
vn -0.9892 0.0744 0.1261
vn -0.6434 -0.4582 0.6132
vn -0.5312 0.8070 -0.2580
vn 0.7767 0.6177 0.1232
vn -0.7855 -0.6153 -0.0667
vn 0.0903 -0.9395 0.3305
vn -0.5818 -0.6554 0.4817
vn -0.1612 0.1486 -0.9757
vn -0.1051 0.9849 0.1378
vn -0.0737 -0.9951 -0.0662
vn -0.1518 -0.9883 0.0169
vn 0.5936 -0.7923 -0.1408
vn 0.1161 0.9807 -0.1575
vn -0.1167 0.9495 -0.2914
vn -0.1304 -0.8385 0.5291
vn -0.0672 0.8756 0.4783
vn -0.0045 -0.5135 -0.8581
vn -0.3564 0.9317 -0.0698
vn 0.2218 -0.6214 0.7515
vn -0.5836 0.6911 -0.4264
vn -0.0237 0.9910 0.1318
vn -0.2175 -0.5238 -0.8236
vn -0.1768 0.8110 -0.5578
vn -0.0134 0.5372 0.8434
vn 0.1530 0.7489 0.6448
vn -0.0225 -0.4729 -0.8808
vn 0.9464 0.2692 -0.1785
vn -0.7439 -0.5614 0.3626
vn -0.5379 0.4666 -0.7021
vn -0.5536 -0.6558 0.5132
vn -0.0214 0.9972 -0.0714
vn -0.1614 0.9847 0.0653
vn -0.0605 0.9899 -0.1282
vn -0.8017 0.5949 -0.0583
vn -0.5595 0.7957 0.2321
vn -0.0139 0.9953 -0.0956
vn -0.2145 -0.5591 0.8009
vn -0.7289 -0.6008 0.3282
vn -0.5884 0.7953 0.1458
vn -0.9952 -0.0405 0.0894
vn 0.7343 0.5783 0.3554
vn -0.3083 0.6203 -0.7213
vn 0.1840 0.0008 -0.9829
vn 0.0649 -0.7842 -0.6171
vn 0.3275 0.4395 0.8364
vn -0.2102 0.9110 0.3549
vn -0.7699 -0.1001 -0.6303
vn 0.6970 -0.6790 -0.2304
vn -0.1262 0.9917 0.0229
vn 0.6844 -0.5870 -0.4325
vn 0.3964 -0.5797 0.7120
vn -0.6833 0.6487 -0.3351
vn 0.2483 0.9048 -0.3461
vn -0.6755 -0.3129 0.6677
vn -0.3391 -0.9374 0.0790
vn -0.8778 0.2676 -0.3972
vn -0.9478 -0.1021 0.3022
vn 0.5963 -0.4455 0.6678
vn -0.2696 -0.4556 0.8484
vn 0.2581 0.9622 -0.0864
vn 0.1157 0.9857 -0.1228
vn -0.9314 -0.2321 0.2803
vn 0.2320 0.9473 0.2207
vn 0.1165 0.5127 -0.8506
vn 0.3737 0.4770 -0.7955
vn 0.2681 0.7708 -0.5779
vn -0.5496 -0.6140 -0.5664
vn 0.8457 -0.3629 0.3913
vn 0.8710 -0.3197 0.3729
vn 0.8733 -0.2756 0.4017
vn -0.5701 0.7726 0.2795
vn -0.1763 -0.6502 0.7390
vn 0.1786 -0.5290 -0.8296
vn 0.6500 -0.1179 0.7507
vn 0.8571 0.5139 -0.0361
vn -0.2880 0.9113 0.2942
vn 0.1984 0.9668 0.1611
vn -0.1388 0.9892 -0.0467
vn 0.1026 0.5873 -0.8028
vn 0.8029 -0.4328 0.4099
vn 0.8459 0.3619 0.3917
vn -0.2921 0.9487 -0.1213
vn 0.1569 0.7712 -0.6170
vn 0.4876 0.8599 0.1513
vn 0.2367 0.9650 0.1133
vn -0.0043 0.9720 0.2351
vn 0.7794 -0.3432 0.5241
vn 0.6807 -0.3916 0.6190
vn 0.2542 0.9536 -0.1614
vn -0.1670 0.9834 0.0708
vn 0.2314 -0.1895 -0.9542
vn 0.4485 0.3169 0.8357
vn 0.7880 -0.4228 0.4476
vn 0.8921 -0.2580 0.3709
vn 0.7710 -0.0239 -0.6364
vn -0.7460 0.6337 -0.2049
vn -0.0098 0.9967 -0.0802
vn 0.7897 0.6079 -0.0833
vn -0.6313 0.7032 0.3269
vn -0.6161 0.6054 0.5039
vn 0.9941 -0.0673 0.0856
vn 0.7889 -0.6039 0.1141
vn 0.9248 -0.3769 0.0525
vn 0.7509 0.5577 -0.3538
vn -0.2037 0.8891 -0.4098
vn -0.1259 0.9697 0.2092
vn 0.0604 0.9465 -0.3169
vn 0.5105 -0.5466 -0.6638
vn 0.6888 -0.3467 0.6367
vn 0.1946 0.9423 -0.2725
vn 0.2315 -0.3490 -0.9081
vn -0.1577 0.9845 0.0772
vn -0.5755 -0.3643 -0.7322
vn -0.9155 0.0798 -0.3944
vn -0.9311 -0.2435 0.2715
vn -0.6389 0.1533 0.7539
vn -0.6386 0.1537 0.7541
vn -0.6385 0.1538 0.7541
vn 0.6208 0.3302 -0.7110
vn -0.6382 0.1541 0.7543
vn 0.6459 -0.3915 0.6554
vn -0.4126 0.4332 0.8013
vn -0.5125 -0.3663 -0.7767
vn -0.5928 -0.6027 0.5342
vn -0.6064 -0.6000 0.5218
vn -0.5858 -0.6298 0.5101
vn -0.2579 0.9662 0.0010
vn 0.8388 0.3070 -0.4496
vn 0.0654 -0.6607 0.7478
vn 0.4364 -0.7262 -0.5312
vn -0.0215 -0.9862 -0.1643
vn -0.3388 -0.8800 -0.3329
vn -0.8621 0.5007 0.0784
vn 0.9764 -0.2160 -0.0019
vn 0.2708 0.0195 0.9624
vn -0.7338 0.5964 0.3252
vn -0.8993 0.4049 -0.1652
vn -0.9080 0.3805 -0.1753
vn -0.4060 0.9109 0.0738
vn -0.1248 -0.0647 0.9901
vn -0.6928 -0.2777 0.6655
vn -0.6001 0.0709 0.7968
vn 0.0667 0.9078 0.4140
vn 0.8044 -0.2573 -0.5355
vn -0.0429 0.9864 0.1585
vn -0.5893 -0.1093 -0.8005
vn -0.9724 0.0623 -0.2249
vn -0.3580 0.8449 -0.3976
vn -0.0760 0.9915 0.1059
vn -0.0322 -0.9790 -0.2012
vn 0.6763 0.6859 -0.2687
vn 0.3304 0.9370 -0.1136
vn -0.4162 0.8303 -0.3706
vn 0.2662 0.7505 -0.6049
vn -0.4898 0.6923 -0.5299
vn 0.1077 0.9939 -0.0224
vn -0.6714 -0.1735 0.7205
vn -0.5803 -0.1863 0.7928
vn -0.6141 -0.2470 0.7496
vn 0.8551 -0.1352 -0.5005
vn 0.8579 -0.4982 -0.1257
vn -0.8180 -0.0683 0.5712
vn -0.6183 -0.0533 0.7841
vn -0.6802 0.5721 0.4583
vn -0.2381 0.9654 -0.1062
vn 0.7350 0.2060 0.6460
vn -0.7602 -0.5622 0.3255
vn -0.5025 0.8630 -0.0513
vn -0.7831 -0.6032 0.1512
vn -0.6464 0.6957 -0.3132
vn -0.6691 0.6822 -0.2948
vn -0.6688 0.6824 -0.2950
vn 0.0108 0.9980 0.0626
vn -0.3102 0.8857 -0.3454
vn -0.1145 0.8665 -0.4858
vn 0.6418 -0.6484 -0.4094
vn 0.6173 0.7829 0.0775
vn -0.2416 -0.8943 0.3767
vn -0.1962 -0.4786 0.8558
vn 0.1744 0.4965 -0.8503
vn 0.5620 0.7958 -0.2257
vn 0.6567 -0.3959 -0.6418
vn 0.3621 -0.5332 0.7646
vn -0.5271 0.4343 -0.7305
vn -0.5418 0.4191 -0.7286
vn 0.9532 0.2439 -0.1785
vn -0.7766 0.5518 0.3040
vn -0.5024 0.8537 -0.1370
vn -0.5432 0.8134 -0.2081
vn 0.0015 -1.0000 -0.0065
vn -0.1762 0.9664 0.1873
vn 0.7882 -0.4799 0.3853
vn -0.3982 0.9053 -0.1478
vn 0.5248 0.6526 -0.5466
vn 0.9713 -0.2142 -0.1037
vn -0.6851 0.6720 -0.2812
vn -0.3436 0.9389 -0.0195
vn 0.6378 0.6454 -0.4202
vn -0.3355 0.3101 0.8896
vn -0.3345 0.0518 0.9410
vn -0.3548 0.9237 -0.1449
vn -0.7908 -0.2002 0.5784
vn -0.7296 -0.3174 -0.6057
vn -0.0071 -0.9987 -0.0504
vn -0.5913 -0.3547 0.7243
vn -0.2474 -0.4130 0.8765
vn -0.2281 -0.8407 0.4912
vn 0.6394 -0.4730 -0.6062
vn 0.0062 0.8356 0.5493
vn 0.4563 -0.8053 -0.3785
vn -0.5241 0.8419 0.1287
vn -0.1967 0.7702 -0.6067
vn 0.4714 0.1683 0.8657
vn 0.0599 0.7880 0.6128
vn 0.7192 -0.6632 0.2071
vn -0.5346 0.7923 -0.2941
vn -0.9342 -0.0318 -0.3554
vn -0.9728 0.0930 -0.2121
vn -0.8638 -0.0179 -0.5035
vn -1.0000 -0.0005 -0.0095
vn -0.8702 0.1129 0.4796
vn 0.1746 0.9846 0.0093
vn -0.5434 -0.3327 0.7707
vn -0.8541 -0.1477 0.4987
vn -0.9434 -0.0980 0.3169
vn 0.5546 -0.5830 -0.5938
vn -0.7244 0.2809 0.6295
vn 0.1894 0.6698 0.7180
vn -0.6425 -0.1247 -0.7561
vn 0.7881 0.0575 -0.6129
vn 0.0959 0.0319 0.9949
vn -0.1893 0.7176 -0.6703
vn -0.0154 0.9901 0.1392
vn 0.0899 0.8661 0.4917
vn -0.8723 -0.0559 0.4857
vn 0.9671 -0.2385 -0.0881
vn -0.7856 -0.2050 0.5838
vn 0.5126 0.0117 0.8585
vn 0.7822 -0.5880 -0.2061
vn 0.7803 -0.5876 -0.2143
vn 0.7928 -0.5794 -0.1891
vn 0.8439 -0.5322 -0.0679
vn 0.5642 0.5837 0.5839
vn 0.5017 -0.0056 0.8650
vn -0.0686 0.9974 0.0200
vn -0.0694 0.8179 0.5712
vn 0.1399 0.9751 -0.1721
vn -0.8547 0.5158 -0.0593
vn -0.2888 0.0958 -0.9526
vn -0.8584 -0.3599 -0.3655
vn -0.8737 0.4608 0.1561
vn -0.5917 -0.2685 0.7601
vn -0.0111 0.8071 -0.5903
vn -0.3636 -0.5200 -0.7729
vn -0.4656 -0.6577 0.5921
vn -0.1703 -0.1378 -0.9757
vn -0.1272 -0.1613 -0.9787
vn -0.0911 -0.2073 -0.9740
vn 0.9361 -0.1818 0.3010
vn -0.7466 0.6317 0.2089
vn -0.6551 0.6201 -0.4317
vn 0.5678 -0.0192 0.8229
vn 0.0988 -0.7571 -0.6457
vn -0.9333 -0.1929 -0.3029
vn -0.9874 -0.1019 0.1212
vn -0.8508 -0.1193 -0.5118
vn -0.5483 -0.4110 -0.7283
vn -0.8531 -0.5139 -0.0907
vn -0.5535 -0.4447 0.7042
vn -0.7452 0.0721 0.6629
vn 0.0040 -1.0000 -0.0035
vn 0.9487 -0.0236 0.3152
vn -0.9551 0.0561 -0.2909
vn -0.1689 0.9831 0.0710
vn 0.4455 -0.6539 -0.6115
vn 0.5013 0.1121 0.8580
vn 0.2267 -0.3637 -0.9035
vn 0.1720 -0.3510 -0.9205
vn 0.1400 -0.3179 -0.9377
vn -0.3732 0.8623 0.3423
vn -0.7157 0.6032 0.3521
vn -0.2461 0.9678 0.0535
vn 0.8942 -0.2271 0.3857
vn -0.8085 -0.5570 -0.1899
vn -0.1668 0.9708 0.1724
vn -0.4972 0.8621 0.0974
vn -0.1332 -0.0103 -0.9910
vn 0.0946 -0.8612 -0.4993
vn 0.7965 -0.0387 -0.6034
vn -0.1760 -0.9809 -0.0827
vn -0.6048 0.7151 -0.3504
vn -0.5645 0.0428 -0.8243
vn 0.3577 0.2013 -0.9119
vn 0.6818 0.6961 -0.2249
vn -0.4228 0.4942 -0.7596
vn -0.1543 0.9474 -0.2804
vn 0.6217 -0.6835 0.3825
vn 0.3784 -0.4462 0.8110
vn 0.7656 -0.6352 0.1015
vn -0.6257 0.5313 0.5712
vn 0.9597 -0.0709 -0.2721
vn 0.8191 -0.5736 0.0047
vn 0.3888 0.9125 -0.1275
vn 0.8845 0.0081 -0.4665
vn 0.5126 0.4571 0.7269
vn -0.0033 0.9648 0.2628
vn 0.6184 -0.1924 -0.7620
vn -0.5533 0.3555 0.7533
vn -0.3082 0.8659 -0.3940
vn -0.6067 0.4934 0.6232
vn 0.1268 -0.1307 0.9833
vn -0.9472 -0.1153 -0.2992
vn -0.3657 0.9296 0.0453
vn 0.2354 -0.1299 0.9632
vn 0.9951 0.0975 -0.0141
vn -0.1492 0.9429 0.2979
vn -0.1266 0.9919 0.0033
vn 0.4603 -0.2629 -0.8480
vn 0.3517 0.8099 0.4695
vn -0.1748 0.3090 0.9349
vn -0.5356 0.3207 0.7812
vn 0.1671 0.9379 0.3040
vn 0.0676 0.9754 -0.2098
vn 0.6864 -0.6742 0.2726
vn 0.6780 -0.6787 0.2823
vn 0.6805 -0.7027 0.2078
vn 0.8271 -0.5340 0.1753
vn 0.9002 -0.4200 0.1151
vn 0.8540 -0.4627 0.2380
vn 0.8023 0.4019 -0.4414
vn -0.3314 0.9141 0.2337
vn -0.8162 0.5778 -0.0066
vn -0.5911 0.2159 0.7771
vn -0.6646 0.0496 -0.7455
vn -0.1785 0.9464 -0.2691
vn -0.7459 -0.3490 -0.5673
vn -0.9538 0.2396 0.1816
vn 0.4868 -0.7710 0.4106
vn -0.3642 0.7445 -0.5596
vn 0.2255 0.9249 0.3061
vn 0.8444 -0.5146 -0.1490
vn 0.8427 -0.5132 -0.1625
vn 0.8555 -0.4699 -0.2174
vn 0.0379 0.8899 -0.4546
vn -0.2847 0.3096 0.9073
vn -0.4253 0.8182 -0.3869
vn -0.4268 0.8168 -0.3882
vn -0.4275 0.8195 -0.3816
vn -0.4151 0.8314 -0.3695
vn -0.4156 0.8321 -0.3672
vn -0.4120 0.8354 -0.3637
vn -0.4974 -0.8674 0.0154
vn -0.3069 -0.9364 -0.1703
vn -0.4827 -0.6511 -0.5857
vn 0.4966 -0.5198 0.6951
vn 0.4460 -0.3827 0.8091
vn 0.2809 -0.2727 0.9202
vn 0.7239 -0.2487 -0.6435
vn 0.0396 0.9980 -0.0486
vn -0.6476 0.6605 -0.3800
vn 0.4133 -0.7951 0.4440
vn 0.1061 0.9861 -0.1278
vn -0.4859 0.6428 -0.5922
vn -0.4987 0.2869 -0.8179
vn -0.4664 0.8723 -0.1469
vn -0.0208 -0.9991 -0.0374
vn -0.7128 0.1238 -0.6903
vn -0.0484 -0.9988 0.0021
vn -0.4916 0.4798 -0.7267
vn -0.2838 0.1826 -0.9413
vn -0.2749 0.1842 -0.9437
vn 0.5314 0.7868 0.3139
vn 0.0131 -0.0910 0.9958
vn 0.0777 -0.1964 0.9774
vn -0.8927 0.3648 -0.2645
vn 0.7272 -0.3859 -0.5677
vn 0.6227 -0.7154 -0.3170
vn 0.8518 -0.2871 -0.4382
vn 0.5779 -0.4574 -0.6759
vn 0.8208 -0.5371 0.1942
vn 0.2682 0.1958 -0.9433
vn -0.3779 0.1038 0.9200
vn 0.6980 0.1723 -0.6951
vn -0.6936 0.6982 0.1773
vn -0.5880 0.7112 -0.3854
vn 0.7582 -0.2381 -0.6070
vn 0.8518 -0.2871 -0.4383
vn -0.1277 -0.1853 0.9744
vn -0.0755 0.9080 0.4121
vn 0.5982 0.6726 0.4356
vn 0.1502 0.9759 0.1584
vn 0.6387 0.6770 0.3658
vn -0.5094 0.8605 -0.0124
vn -0.9448 0.2425 0.2201
vn 0.3114 0.1670 0.9355
vn 0.6822 -0.5467 -0.4854
vn -0.0812 -0.3935 0.9157
vn -0.8050 0.2867 -0.5193
vn -0.0183 0.7797 -0.6259
vn -0.5889 0.7441 0.3154
vn 0.8100 -0.3202 0.4913
vn 0.7673 -0.6008 -0.2243
vn 0.1032 -0.4847 -0.8686
vn 0.8562 0.3745 -0.3560
vn -0.2462 -0.8110 0.5307
vn -0.1391 0.9722 -0.1884
vn 0.0686 0.9808 0.1825
vn -0.2956 0.6584 0.6921
vn 0.2201 -0.2244 0.9493
vn 0.5043 -0.1689 -0.8468
vn -0.0371 0.9748 -0.2199
vn 0.7822 0.6107 0.1235
vn -0.5340 0.8214 0.2006
vn -0.4090 0.8612 0.3016
vn -0.8584 0.3973 0.3245
vn -0.1105 0.3161 0.9423
vn -0.3509 0.7225 0.5957
vn 0.0260 -0.2388 0.9707
vn -0.4386 0.6865 0.5799
vn 0.5914 -0.8047 -0.0532
vn -0.6754 0.3325 0.6583
vn -0.6151 -0.7135 -0.3355
vn -0.5295 0.8465 -0.0550
vn 0.8180 -0.5547 -0.1522
vn 0.7859 -0.5587 -0.2648
vn -0.3972 0.8619 0.3154
vn -0.4598 0.5008 -0.7334
vn 0.9529 0.3028 -0.0167
vn 0.3827 0.9102 -0.1584
vn 0.2959 0.9059 0.3029
vn -0.0496 0.9683 0.2447
vn 0.2786 -0.7004 0.6572
vn -0.1441 -0.3833 0.9123
vn -0.2112 -0.2960 0.9316
vn -0.2866 -0.2978 0.9106
vn -0.5348 -0.0208 -0.8447
vn 0.3166 0.5963 0.7377
vn 0.7340 -0.6788 -0.0235
vn 0.6078 -0.4252 -0.6707
vn 0.4617 0.8158 -0.3484
vn 0.7149 0.6714 -0.1951
vn 0.6946 0.7107 0.1114
vn 0.7394 0.6352 -0.2231
vn -0.6350 0.7070 0.3113
vn 0.8755 0.3151 -0.3665
vn 0.4744 0.8659 -0.1587
vn -0.3971 0.2245 -0.8899
vn 0.7774 -0.6272 0.0467
vn 0.7104 -0.6021 0.3644
vn 0.9501 0.2475 -0.1898
vn 0.8860 -0.0737 0.4578
vn -0.5519 0.8312 0.0674
vn -0.8369 -0.5352 0.1148
vn 0.0917 0.9889 -0.1171
vn -0.2462 0.9287 0.2772
vn 0.6409 0.5998 -0.4791
vn -0.5057 0.3010 0.8085
vn -0.2042 0.8386 0.5050
vn -0.1012 0.9186 0.3820
vn 0.5119 0.6975 -0.5015
vn 0.2856 0.8810 0.3772
vn 0.5736 0.8187 -0.0253
vn 0.9519 -0.1650 -0.2580
vn -0.4347 0.8812 0.1861
vn -0.0606 0.9275 -0.3690
vn 0.3307 0.9398 -0.0857
vn -0.2653 -0.9048 0.3333
vn -0.0468 -0.0339 -0.9983
vn 0.0415 0.2453 0.9686
vn -0.2829 -0.6636 0.6926
vn -0.3382 0.8925 0.2984
vn 0.8773 -0.4633 0.1255
vn 0.7756 -0.6268 0.0751
vn 0.8164 -0.3844 0.4309
vn 0.8807 -0.4627 -0.1010
vn -0.9388 0.3080 -0.1545
vn 0.8128 -0.3407 0.4726
vn 0.4414 0.7887 -0.4280
vn 0.0905 0.7627 -0.6404
vn -0.0315 0.9232 0.3831
vn 0.7778 -0.4542 -0.4345
vn -0.9685 0.1978 0.1512
vn -0.3970 0.2246 -0.8899
vn -0.5291 -0.8277 0.1870
vn -0.5057 0.3011 0.8085
vn -0.4214 0.8468 0.3246
vn -0.0038 0.9835 0.1810
vn 0.3769 0.9222 -0.0866
vn 0.6059 0.7083 0.3623
vn 0.6760 0.7191 0.1607
vn -0.2190 0.6554 -0.7229
vn 0.7936 -0.5661 -0.2229
vn 0.6679 -0.4402 -0.6001
vn 0.6777 -0.4770 -0.5597
vn 0.5793 -0.5663 -0.5863
vn -0.0271 0.5746 -0.8180
vn 0.2325 0.8257 0.5140
vn 0.0764 0.9936 -0.0835
vn -0.6509 0.7576 -0.0495
vn -0.8639 0.4934 0.1009
vn -0.8583 -0.4756 -0.1926
vn 0.4881 0.5927 -0.6406
vn 0.6745 0.3359 -0.6575
vn 0.1784 0.5439 0.8199
vn 0.5202 0.7815 -0.3445
vn 0.1885 0.0741 0.9793
vn -0.3965 0.9094 -0.1256
vn 0.7040 0.4054 0.5831
vn 0.9090 -0.3323 -0.2514
vn 0.4871 -0.2951 0.8220
vn 0.4130 0.3470 0.8420
vn -0.6831 -0.6294 -0.3704
vn 0.9306 -0.1060 0.3503
vn 0.0295 0.9884 0.1492
vn -0.9661 -0.0167 0.2576
vn 0.1085 0.9650 0.2388
vn -0.9192 0.3223 0.2264
vn 0.3271 0.9117 0.2485
vn 0.5828 0.6278 -0.5160
vn 0.6097 -0.7659 0.2040
vn -0.4142 0.6406 0.6466
vn 0.4366 0.8888 0.1392
vn 0.9797 0.0071 -0.2006
vn -0.0955 -0.8463 0.5241
vn 0.6374 -0.0992 -0.7641
vn -0.4078 0.8128 0.4159
vn 0.0925 0.9934 0.0679
vn -0.8509 -0.5092 -0.1293
vn 0.4653 -0.3112 0.8287
vn -0.5621 0.6768 0.4754
vn 0.8207 -0.5348 -0.2013
vn 0.8498 0.4588 0.2595
vn 0.9117 0.2947 0.2863
vn 0.8305 0.5342 0.1580
vn -0.9263 0.3396 -0.1632
vn 0.9148 -0.2697 0.3008
vn -0.9705 0.2141 0.1106
vn 0.5998 -0.4655 0.6508
vn -0.5893 0.8078 -0.0119
vn 0.7553 -0.6284 -0.1863
vn -0.4855 -0.0468 -0.8730
vn -0.4321 -0.0345 -0.9012
vn -0.8874 -0.1266 -0.4432
vn -0.1699 0.8979 0.4061
vn -0.4748 0.8498 0.2290
vn -0.6560 -0.0411 -0.7536
vn 0.4925 -0.0215 -0.8700
vn 0.4763 -0.0177 -0.8791
vn 0.4580 0.8515 -0.2553
vn -0.7132 -0.3078 -0.6298
vn -0.7572 -0.0173 0.6530
vn 0.4874 -0.1462 -0.8609
vn -0.9452 0.0403 0.3241
vn 0.5146 0.2678 0.8145
vn -0.1802 0.6519 0.7366
vn -0.9133 0.1636 -0.3730
vn 0.4334 0.8847 0.1715
vn -0.5963 0.5262 -0.6063
vn 0.1798 0.8884 0.4225
vn -0.6188 0.7206 -0.3129
vn -0.8995 -0.1361 -0.4152
vn -0.2246 0.9463 -0.2325
vn -0.0537 -0.9771 -0.2059
vn -0.1120 0.8596 -0.4986
vn 0.9655 0.0533 -0.2550
vn 0.2030 -0.1753 0.9634
vn 0.4060 -0.1624 0.8993
vn -0.3484 0.9351 -0.0647
vn -0.5021 -0.8632 0.0529
vn -0.5701 -0.8212 0.0222
vn -0.5257 -0.8496 0.0412
vn -0.8445 0.0129 0.5354
vn 0.0170 0.9623 0.2716
vn 0.0051 -1.0000 -0.0013
vn 0.8028 -0.5961 -0.0105
vn -0.7884 0.3539 0.5032
vn 0.9437 0.0427 -0.3281
vn 0.9436 0.0459 -0.3278
vn 0.9435 0.0458 -0.3282
vn -0.3499 -0.0145 -0.9367
vn 0.9431 0.0660 -0.3259
vn -0.6690 0.6608 -0.3403
vn -0.8492 -0.1579 -0.5040
vn 0.5704 -0.1597 -0.8057
vn -0.3153 0.8081 -0.4975
vn 0.1883 0.9258 -0.3277
vn -0.0090 0.9979 -0.0648
vn 0.9452 0.2965 -0.1364
vn -0.2000 0.8066 0.5562
vn 0.9804 -0.0040 0.1970
vn 0.9547 0.0468 0.2938
vn 0.9650 0.0092 0.2620
vn -0.2875 0.8939 -0.3440
vn 0.9466 -0.2747 0.1686
vn 0.9985 -0.0544 -0.0057
vn 0.0622 0.7133 -0.6981
vn 0.0625 0.7112 -0.7002
vn -0.0364 0.9316 0.3616
vn -0.4295 -0.0480 -0.9018
vn 0.9441 0.0135 0.3293
vn 0.4922 0.5798 0.6493
vn 0.3517 -0.1529 0.9235
vn -0.0690 0.9950 -0.0716
vn 0.4255 0.3678 0.8268
vn 0.3521 0.5334 -0.7691
vn 0.9416 0.0219 0.3359
vn 0.9683 -0.0438 -0.2460
vn 0.3780 0.0344 0.9252
vn -0.4037 0.9136 0.0493
vn -0.2262 0.9730 -0.0450
vn 0.0544 -0.8966 0.4394
vn -0.0108 0.8917 -0.4525
vn -0.3653 0.8223 -0.4364
vn 0.9317 -0.3262 -0.1596
vn 0.7708 0.3031 0.5603
vn -0.2651 0.9593 -0.0972
vn -0.8130 -0.2965 -0.5012
vn -0.9029 0.4166 -0.1065
vn 0.8617 0.0131 0.5073
vn 0.3213 0.8768 -0.3577
vn 0.2988 0.9314 -0.2079
vn -0.2156 0.8741 0.4354
vn 0.7784 0.6131 -0.1350
vn 0.2374 0.9398 -0.2459
vn -0.2976 0.0362 -0.9540
vn 0.6803 0.7271 -0.0920
vn 0.8430 0.4296 -0.3238
vn -0.2008 -0.3672 -0.9082
vn -0.0020 0.9982 0.0602
vn 0.1931 0.0706 -0.9786
vn -0.2560 0.7317 -0.6318
vn -0.1686 -0.0306 0.9852
vn -0.9465 0.0277 -0.3216
vn -0.7085 -0.0175 0.7055
vn -0.9919 0.0214 -0.1252
vn 0.0082 -0.9863 0.1647
vn 0.0743 0.9854 -0.1532
vn 0.2343 -0.0414 0.9713
vn -0.6490 0.6501 -0.3953
vn 0.4662 0.3389 0.8172
vn -0.9932 -0.0883 -0.0760
vn -0.9919 -0.1054 -0.0711
vn -0.9970 -0.0191 0.0756
vn -0.4001 0.2706 -0.8756
vn -0.4537 0.3672 0.8120
vn -0.3702 0.6841 -0.6284
vn -0.6068 0.1142 -0.7866
vn -0.7438 0.1597 0.6491
vn 0.2455 0.2633 -0.9329
vn 0.6698 0.4135 -0.6168
vn 0.4524 0.6199 0.6411
vn 0.6061 0.3818 0.6978
vn 0.0293 0.7756 0.6306
vn 0.2528 -0.0355 0.9669
vn 0.2453 0.0561 0.9678
vn 0.4998 0.6900 0.5236
vn 0.0480 0.9761 -0.2118
vn -0.2329 -0.7270 0.6460
vn -0.0885 0.9077 -0.4101
vn -0.3083 -0.6315 -0.7114
vn 0.5413 0.3436 0.7674
vn 0.7996 -0.0677 0.5967
vn -0.8200 0.4636 -0.3358
vn 0.2527 -0.0359 0.9669
vn -0.3820 0.7511 -0.5384
vn 0.9614 -0.1691 -0.2173
vn 0.1143 0.9707 -0.2112
vn 0.7137 -0.6301 0.3059
vn 0.1496 0.1171 -0.9818
vn 0.0742 0.8898 -0.4503
vn 0.8836 -0.0631 -0.4639
vn 0.9934 0.0135 -0.1142
vn 0.8860 -0.1305 -0.4449
vn -0.6114 0.1868 -0.7689
vn -0.4757 0.8128 -0.3362
vn 0.8323 -0.3501 0.4297
vn 0.6819 0.7221 -0.1169
vn 0.1655 0.9840 -0.0660
vn -0.3656 -0.1348 -0.9209
vn 0.8913 0.1786 -0.4168
vn 0.3311 0.8024 0.4965
vn 0.0956 0.8775 0.4699
vn -0.6356 -0.0469 0.7706
vn 0.3978 0.4248 -0.8132
vn -0.1715 0.9833 -0.0605
vn 0.3053 0.6733 0.6734
vn -0.8187 0.4808 -0.3139
vn 0.7110 -0.1456 0.6880
vn -0.1253 -0.4864 -0.8647
vn -0.2308 0.6594 0.7155
vn -0.3744 0.6440 0.6671
vn -0.2285 0.7213 0.6538
vn 0.5663 0.7746 0.2817
vn 0.4188 0.7615 0.4946
vn 0.5198 0.8208 0.2370
vn 0.5218 0.7689 0.3695
vn -0.9141 0.3389 0.2225
vn -0.9347 -0.1477 -0.3234
vn -0.0543 0.8104 -0.5833
vn 0.0634 0.6388 0.7667
vn 0.1971 0.9777 0.0720
vn 0.1998 -0.0215 -0.9796
vn 0.4965 -0.2833 -0.8205
vn 0.1620 0.2051 0.9652
vn -0.3607 0.6948 0.6223
vn -0.6968 0.0424 0.7161
vn 0.3877 -0.4140 0.8236
vn 0.7861 0.3705 -0.4947
vn 0.5518 0.8314 0.0651
vn 0.2195 0.9754 0.0202
vn 0.1086 0.9204 -0.3757
vn 0.3140 0.8873 0.3379
vn 0.5574 0.4476 -0.6992
vn 0.3869 0.9182 0.0848
vn 0.3838 0.9059 -0.1787
vn 0.0395 0.9621 -0.2698
vn 0.1558 0.9200 -0.3597
vn 0.1702 0.9383 -0.3010
vn 0.5878 0.8090 0.0024
vn 0.2252 -0.3558 0.9070
vn -0.7627 0.5080 -0.4003
vn 0.9120 0.2425 -0.3307
vn 0.4738 -0.2698 -0.8383
vn 0.1777 0.8353 0.5203
vn -0.3602 -0.0443 -0.9318
vn 0.1522 0.8396 0.5215
vn -0.8366 -0.5477 0.0065
vn -0.7406 -0.6513 -0.1654
vn -0.8024 -0.5966 0.0147
vn -0.7121 0.6703 0.2091
vn 0.1094 0.9472 0.3015
vn 0.9687 0.1622 0.1881
vn -0.1566 0.9137 0.3751
vn 0.9633 -0.0836 -0.2552
vn -0.7137 -0.1138 -0.6912
vn 0.1371 0.9409 0.3097
vn -0.0379 0.4876 -0.8723
vn 0.2252 0.9689 0.1023
vn -0.0477 0.9834 -0.1751
vn 0.8614 0.4345 -0.2632
vn 0.8806 0.3867 -0.2739
vn 0.1209 0.9885 -0.0911
vn -0.0013 -0.1996 -0.9799
vn -0.2601 0.8667 -0.4258
vn -0.4181 0.8050 0.4210
vn -0.0828 -0.3517 0.9324
vn 0.5849 -0.4554 -0.6713
vn -0.4002 0.7468 0.5311
vn 0.5721 0.5563 -0.6026
vn 0.6272 0.4377 -0.6443
vn 0.6243 0.4454 -0.6417
vn 0.0865 0.9956 0.0360
vn -0.0301 0.7812 -0.6235
vn 0.7330 0.2394 0.6367
vn 0.8966 0.3405 0.2831
vn -0.6282 -0.4725 0.6182
vn 0.6224 0.3554 -0.6973
vn -0.7985 0.0519 -0.5998
vn -0.0724 0.8984 0.4332
vn 0.0427 0.7092 0.7037
vn 0.1140 0.2399 0.9641
vn 0.6433 -0.2176 -0.7340
vn 0.3720 0.9228 -0.1005
vn -0.5959 0.2366 0.7674
vn 0.5452 0.7149 0.4378
vn 0.5449 0.7180 0.4330
vn 0.5449 0.7177 0.4336
vn -0.1585 -0.4362 0.8858
vn 0.1686 -0.3626 0.9166
vn 0.6941 -0.3547 -0.6264
vn 0.0259 0.9908 0.1325
vn 0.8216 0.2384 -0.5178
vn -0.6850 -0.7004 0.2005
vn 0.7885 -0.6134 0.0451
vn 0.8231 -0.5352 -0.1900
vn 0.8133 0.3398 -0.4723
vn 0.3703 -0.8921 -0.2589
vn 0.3307 0.8663 0.3743
vn -0.0050 0.9996 0.0276
vn 0.4655 -0.2955 -0.8343
vn 0.8081 0.3330 -0.4860
vn 0.8555 -0.3903 0.3404
vn 0.3437 0.5155 -0.7849
vn 0.6543 0.3273 -0.6817
vn 0.7317 0.5108 0.4513
vn 0.9904 0.1332 -0.0365
vn 0.9820 0.0182 -0.1882
vn 0.9859 -0.0073 -0.1672
vn 0.6703 0.6262 -0.3982
vn 0.8456 0.4462 -0.2931
vn -0.0602 0.9295 0.3640
vn 0.8647 0.4985 0.0617
vn -0.1575 0.8684 0.4702
vn 0.6799 0.7190 0.1440
vn 0.5485 -0.8209 -0.1587
vn 0.5448 0.7193 0.4310
vn -0.1260 0.9161 0.3808
vn -0.7805 -0.5906 0.2050
vn -0.2776 0.3798 0.8824
vn 0.9871 0.0359 0.1558
vn 0.7544 -0.0187 0.6561
vn 0.8251 0.5634 -0.0423
vn 0.0831 0.6565 0.7497
vn -0.4496 -0.8467 0.2846
vn 0.9935 0.1132 -0.0080
vn 0.9466 -0.2747 0.1687
vn -0.9887 0.1249 -0.0832
vn -0.1893 -0.1763 -0.9660
vn -0.1886 -0.2700 -0.9442
vn 0.3305 0.8714 0.3624
vn 0.2982 0.9535 0.0435
vn -0.9182 -0.3924 0.0543
vn -0.9118 -0.3373 0.2342
vn -0.9118 -0.3373 0.2341
vn -0.1213 0.8932 0.4330
vn 0.1017 0.9776 0.1844
vn 0.3711 -0.6305 0.6818
vn 0.2459 -0.3591 -0.9003
vn 0.9404 -0.1237 -0.3167
vn -0.6766 0.5306 0.5105
vn 0.1913 -0.8550 -0.4820
vn -0.6562 -0.5837 -0.4782
vn 0.6769 -0.2662 0.6862
vn 0.9272 -0.1862 -0.3251
vn 0.7077 -0.0698 -0.7030
vn 0.7109 -0.0469 -0.7017
vn 0.6935 0.3678 -0.6195
vn 0.6687 0.6002 0.4389
vn -0.2910 0.9537 -0.0757
vn 0.3835 0.7881 0.4815
vn -0.3834 0.9234 -0.0155
vn 0.9540 0.1543 0.2570
vn 0.0050 0.8789 -0.4771
vn -0.7651 0.3739 0.5243
vn 0.6137 0.6842 0.3941
vn 0.6867 0.5364 -0.4907
vn -0.9028 0.0426 -0.4279
vn 0.5053 -0.8503 0.1468
vn 0.6766 0.3631 0.6406
vn -0.0556 -0.4622 0.8850
vn 0.1052 -0.4021 0.9095
vn 0.7164 -0.1254 -0.6863
vn -0.8790 -0.2783 0.3872
vn 0.9376 -0.1823 -0.2961
vn -0.5160 -0.6260 -0.5846
vn 0.9106 -0.0588 -0.4091
vn 0.8231 -0.2328 0.5180
vn 0.8851 -0.1040 0.4536
vn -0.1483 -0.2991 -0.9426
vn 0.3215 0.5922 0.7389
vn 0.0520 0.8534 -0.5187
vn 0.3771 0.8464 -0.3760
vn 0.9466 -0.2971 0.1252
vn 0.9052 -0.4248 -0.0163
vn 0.7455 0.2050 0.6342
vn 0.6778 0.6820 0.2747
vn -0.1647 0.9744 0.1528
vn 0.6718 0.4388 -0.5968
vn 0.1103 0.9833 0.1446
vn -0.4167 0.1147 -0.9018
vn -0.4135 0.0332 -0.9099
vn 0.4619 -0.3959 -0.7937
vn 0.8308 -0.4664 -0.3035
vn 0.9904 0.1021 0.0934
vn 0.2344 0.9721 -0.0074
vn -0.2912 -0.4558 0.8411
vn -0.2075 -0.8724 -0.4426
vn 0.3915 -0.1508 -0.9077
vn -0.8686 0.2582 -0.4230
vn -0.3881 0.6737 0.6288
vn -0.2942 0.4982 -0.8156
vn -0.2418 0.4413 -0.8641
vn -0.9576 0.2578 -0.1287
vn 0.2338 -0.1127 0.9657
vn 0.8122 0.5659 -0.1416
vn 0.0140 -0.9902 0.1386
vn 0.8108 0.5638 0.1572
vn 0.9536 0.0367 0.2987
vn 0.9072 0.2031 0.3685
vn 0.6332 0.4102 -0.6563
vn -0.3311 -0.9433 -0.0247
vn -0.3628 0.5702 -0.7370
vn 0.8376 0.5095 -0.1972
vn 0.8211 0.4907 -0.2917
vn -0.0613 0.9873 -0.1466
vn 0.0182 0.7582 -0.6518
vn 0.8123 0.4819 -0.3285
vn 0.9257 -0.2163 -0.3105
vn 0.7479 -0.3465 0.5662
vn 0.8045 0.3197 0.5005
vn 0.2941 0.7366 0.6091
vn -0.0266 0.9994 -0.0226
vn 0.5435 0.3254 0.7737
vn 0.8897 0.4365 0.1335
vn 0.9425 -0.1204 0.3118
vn 0.6442 -0.0142 0.7648
vn -0.3633 0.7333 0.5747
vn 0.7900 -0.4499 0.4165
vn 0.3286 0.9388 -0.1035
vn 0.7663 0.0013 -0.6425
vn -0.2956 0.9553 -0.0090
vn 0.9377 0.2548 0.2363
vn -0.0953 0.8375 0.5381
vn -0.0003 -0.9999 -0.0166
vn -0.5648 0.5512 0.6141
vn -0.4398 0.5588 0.7031
vn 0.1065 0.8799 0.4630
vn 0.0686 0.9080 0.4134
vn 0.5272 0.8470 -0.0686
vn -0.0686 0.9742 0.2150
vn 0.0040 -1.0000 -0.0091
vn -0.1378 -0.1482 -0.9793
vn 0.5416 -0.0176 0.8404
vn -0.1700 0.9031 -0.3944
vn -0.0245 0.9279 -0.3721
vn 0.5276 0.8348 0.1574
vn 0.4329 -0.3173 -0.8438
vn -0.5877 0.0881 0.8043
vn 0.7420 0.3136 -0.5925
vn -0.1137 0.9372 -0.3296
vn 0.3764 -0.6963 -0.6111
vn 0.4382 0.8728 0.2150
vn -0.7656 -0.3619 -0.5319
vn -0.7216 -0.4474 -0.5283
vn -0.7662 -0.3525 -0.5373
vn -0.0218 0.9722 -0.2333
vn 0.5623 0.8243 -0.0664
vn 0.3889 0.8921 -0.2301
vn 0.7220 -0.4911 0.4874
vn 0.6092 -0.4925 0.6215
vn 0.6087 -0.5860 0.5348
vn -0.2640 -0.1796 0.9477
vn 0.3467 -0.3015 0.8882
vn 0.3417 0.3305 0.8798
vn 0.3720 0.4280 0.8237
vn 0.3353 0.4141 0.8462
vn 0.1174 0.9919 0.0481
vn -0.3870 0.3416 0.8565
vn 0.1071 0.1755 -0.9786
vn 0.2932 0.7895 0.5391
vn 0.0478 -0.1724 -0.9839
vn -0.6040 0.1919 -0.7735
vn 0.2850 -0.4329 -0.8552
vn 0.0789 0.9965 -0.0262
vn 0.0882 0.1499 0.9848
vn 0.1680 0.1886 0.9676
vn 0.1750 0.2320 0.9568
vn -0.7172 0.3069 -0.6257
vn -0.2954 0.0342 0.9548
vn 0.5338 0.8223 0.1970
vn 0.1171 0.8409 -0.5284
vn 0.8288 0.1554 0.5375
vn 0.4408 0.8447 0.3036
vn -0.4950 -0.8024 -0.3333
vn -0.4434 -0.7897 -0.4240
vn -0.4189 -0.7520 -0.5090
vn -0.8267 0.1885 -0.5301
vn -0.8303 0.1825 -0.5266
vn -0.8252 0.1878 -0.5327
vn -0.7308 0.1625 -0.6630
vn 0.0414 0.8208 0.5697
vn 0.9435 0.0394 0.3289
vn 0.1971 -0.2306 0.9529
vn 0.9087 -0.1599 0.3857
vn 0.8895 -0.0425 -0.4549
vn 0.8256 0.0591 -0.5612
vn 0.7742 0.0460 -0.6312
vn 0.6326 0.7647 -0.1229
vn -0.6688 0.2194 0.7104
vn -0.4666 0.3448 0.8145
vn 0.3139 0.5783 0.7530
vn 0.1676 0.8728 -0.4584
vn 0.2827 -0.0232 0.9589
vn 0.2768 -0.0412 0.9600
vn 0.2965 -0.0225 0.9548
vn 0.5728 -0.3342 -0.7485
vn -0.2481 0.9567 0.1522
vn 0.3689 0.9123 -0.1776
vn 0.3856 0.9227 0.0006
vn 0.7742 0.0460 -0.6313
vn 0.8409 -0.0175 0.5409
vn -0.0512 0.5871 -0.8079
vn 0.1834 0.9053 0.3830
vn 0.4246 0.8432 -0.3297
vn -0.4576 0.8815 0.1168
vn 0.1114 0.5284 0.8416
vn 0.2715 0.9474 -0.1697
vn -0.0942 0.5941 -0.7988
vn 0.2346 -0.6432 -0.7288
vn 0.6053 0.6310 -0.4852
vn 0.0042 -1.0000 -0.0089
vn 0.6515 0.6875 0.3209
vn -0.9708 0.2199 0.0960
vn -0.9741 -0.0252 -0.2248
vn -0.5182 0.8312 -0.2014
vn -0.9131 -0.0533 -0.4042
vn 0.3585 0.8459 0.3949
vn 0.4924 0.8458 -0.2052
vn -0.4653 -0.0630 0.8829
vn -0.5422 0.0635 0.8379
vn -0.4653 -0.0651 0.8827
vn 0.5598 -0.8185 -0.1289
vn -0.5083 -0.8612 0.0050
vn 0.6733 0.0259 -0.7389
vn -0.0024 -1.0000 0.0028
vn -0.0019 -1.0000 0.0009
vn -0.0027 -1.0000 0.0036
vn 0.1721 0.9463 0.2738
vn 0.7526 0.1930 0.6296
vn 0.5763 0.0582 0.8152
vn 0.2486 0.7027 0.6666
vn -0.0720 0.9626 0.2613
vn 0.3155 0.0534 0.9474
vn -0.2819 0.8102 0.5139
vn 0.5506 0.8175 -0.1690
vn -0.2461 0.1401 -0.9591
vn -0.2397 0.1136 -0.9642
vn -0.2461 0.1404 -0.9590
vn 0.4437 0.8961 -0.0109
vn -0.0535 0.0531 -0.9972
vn 0.4653 0.8851 0.0060
vn 0.0903 0.0355 -0.9953
vn 0.7834 0.5400 -0.3076
vn -0.2658 0.5486 0.7927
vn 0.2030 -0.0633 0.9771
vn 0.3689 0.6541 0.6604
vn -0.0458 0.9882 -0.1461
vn 0.4450 -0.1188 -0.8876
vn 0.4368 -0.1174 -0.8919
vn 0.4464 -0.1077 -0.8883
vn 0.9864 -0.0047 0.1640
vn 0.2135 0.8579 -0.4673
vn -0.0669 -0.9913 -0.1129
vn 0.0700 0.9933 -0.0924
vn -0.7413 0.0346 -0.6703
vn 0.8190 -0.5703 -0.0631
vn 0.0320 0.9187 0.3937
vn 0.1964 0.9761 -0.0933
vn -0.5283 0.7638 -0.3709
vn -0.4083 -0.8495 -0.3340
vn -0.9753 0.1269 -0.1808
vn -0.3507 -0.9287 -0.1203
vn -0.9248 -0.0930 0.3689
vn 0.4965 -0.7448 -0.4458
vn 0.7575 0.6269 -0.1819
vn -0.2406 0.9703 0.0267
vn -0.2942 0.9557 -0.0098
vn -0.3216 0.9452 0.0557
vn 0.3309 -0.4552 0.8266
vn -0.1312 0.9636 0.2329
vn 0.0490 -0.2474 0.9677
vn -0.8489 0.2663 0.4565
vn -0.9047 0.2690 -0.3305
vn -0.8881 0.2960 -0.3517
vn -0.8814 0.3079 -0.3584
vn 0.9937 0.0565 0.0969
vn -0.7786 -0.2730 -0.5650
vn 0.4402 0.8449 -0.3040
vn -0.3714 0.9191 0.1313
vn 0.0814 0.9908 -0.1078
vn 0.9164 0.3482 0.1973
vn 0.3511 0.9237 -0.1531
vn -0.2492 0.0807 0.9651
vn 0.8324 0.4712 0.2916
vn 0.0087 -0.3515 -0.9361
vn -0.3174 0.9132 0.2557
vn 0.8354 -0.3494 -0.4242
vn -0.7072 0.4723 -0.5261
vn -0.7119 0.5070 -0.4860
vn -0.7192 0.5091 -0.4729
vn -0.2677 0.2364 -0.9341
vn -0.4037 0.8712 -0.2793
vn -0.0420 -0.9984 -0.0367
vn -0.1173 0.8347 -0.5381
vn 0.8598 -0.1190 -0.4965
vn -0.3933 0.4229 0.8164
vn -0.5734 0.8098 0.1243
vn -0.0018 -1.0000 0.0004
vn 0.2730 0.4995 0.8222
vn -0.0510 0.9863 0.1569
vn 0.6204 0.6913 -0.3706
vn -0.4317 0.0930 -0.8972
vn -0.2328 0.9055 0.3547
vn -0.7028 0.5774 0.4155
vn -0.1988 0.9671 -0.1587
vn 0.6313 0.5337 0.5626
vn -0.2649 0.6037 0.7519
vn -0.4186 0.8074 -0.4158
vn -0.8897 0.3943 0.2303
vn -0.0089 0.3508 0.9364
vn 0.3125 0.8784 -0.3616
vn 0.1194 0.9711 -0.2068
vn -0.0853 0.8041 -0.5884
vn 0.0724 0.1379 -0.9878
vn -0.1262 0.9908 -0.0484
vn 0.9799 0.1381 0.1437
vn -0.8797 0.3184 -0.3533
vn -0.2256 0.9710 -0.0796
vn 0.0106 0.9112 -0.4118
vn 0.8404 0.4772 -0.2569
vn 0.8481 0.5166 -0.1179
vn 0.8481 0.5166 -0.1178
vn 0.1228 0.8930 0.4329
vn 0.8406 0.5416 0.0028
vn -0.6717 0.5687 -0.4747
vn 0.6070 0.7328 0.3075
vn 0.0945 0.9867 -0.1319
vn -0.2311 0.7625 0.6043
vn 0.7208 0.6266 -0.2964
vn 0.3292 0.8325 -0.4457
vn -0.3941 0.4879 -0.7789
vn 0.5494 0.7862 0.2831
vn 0.1888 0.9369 0.2941
vn -0.3060 0.9317 -0.1957
vn -0.9808 -0.1794 0.0764
vn -0.3321 0.8938 0.3015
vn 0.7016 0.1791 0.6897
vn 0.4416 0.8797 -0.1765
vn 0.8557 0.5129 0.0689
vn 0.8402 0.5417 -0.0249
vn 0.2913 0.9554 0.0479
vn 0.1309 0.9913 0.0124
vn 0.2030 0.9680 -0.1476
vn 0.5434 0.8267 -0.1456
vn -0.9052 0.3524 -0.2374
vn -0.9999 0.0081 0.0062
vn 0.0037 0.8807 0.4737
vn 0.3944 0.8991 0.1900
vn 0.3993 0.8910 0.2159
vn 0.9651 0.2477 0.0851
vn -0.9998 0.0178 0.0047
vn -0.9983 0.0136 0.0570
vn 0.0944 -0.0353 -0.9949
vn 0.7078 0.4304 -0.5601
vn 0.6879 0.7237 -0.0551
vn 0.8947 -0.3032 0.3279
vn -0.0082 -0.9999 -0.0071
vn -0.0058 0.0014 1.0000
vn -0.0064 0.0013 1.0000
vn -0.0047 0.0016 1.0000
vn -0.0800 -0.9602 -0.2675
vn 0.3315 0.9368 -0.1117
vn 0.9950 -0.0994 0.0090
vn 0.5382 0.5967 -0.5952
vn -0.9942 0.0053 0.1071
vn 0.5421 0.7838 -0.3031
vn 0.0495 0.9987 -0.0115
vn 0.8520 0.5040 0.1419
vn -0.5367 0.7850 -0.3093
vn 0.5505 0.6271 0.5511
vn 0.7517 0.6378 0.1678
vn 0.6241 0.5700 0.5344
vn 0.2237 0.1478 0.9634
vn 0.8245 0.5480 -0.1409
vn -0.8805 0.0251 -0.4733
vn -0.9404 0.3155 0.1267
vn -0.8885 0.4551 -0.0581
vn -0.0042 0.0016 1.0000
vn 0.8815 -0.3330 0.3348
vn 0.8939 -0.1152 0.4333
vn -0.6577 0.5415 0.5236
vn 0.9504 0.0114 0.3108
vn -0.2351 0.1814 -0.9549
vn -0.1677 0.6466 -0.7442
vn 0.7075 -0.3534 -0.6120
vn 0.6858 -0.3954 -0.6110
vn -0.6653 0.3410 0.6642
vn -0.9132 0.0896 -0.3977
vn -0.0791 -0.1927 -0.9781
vn -0.8372 0.3796 -0.3937
vn 0.6528 0.7566 0.0387
vn 0.5668 -0.0595 -0.8217
vn -0.1205 0.9588 0.2574
vn 0.0497 0.8850 0.4630
vn 0.2033 0.5578 0.8047
vn 0.8113 0.0309 0.5839
vn 0.1079 0.9228 -0.3698
vn -0.4459 0.3317 -0.8314
vn 0.7539 -0.0199 -0.6567
vn -0.8117 0.5415 -0.2189
vn -0.5661 0.3758 0.7337
vn -0.3777 -0.1263 0.9173
vn 0.6032 -0.7797 0.1681
vn 0.5287 -0.4571 0.7153
vn -0.7327 0.6493 0.2041
vn 0.3479 0.9224 -0.1676
vn -0.3486 0.9017 0.2558
vn 0.4787 0.1024 0.8720
vn 0.2498 0.4611 0.8515
vn 0.0306 -0.9981 -0.0533
vn -0.8592 0.4668 -0.2093
vn -0.6842 0.2219 0.6947
vn 0.9099 0.4138 -0.0284
vn -0.9014 0.0811 0.4252
vn -0.8932 0.0551 0.4463
vn -0.8793 0.0631 0.4720
vn -0.2736 0.3621 0.8911
vn -0.1809 0.8519 -0.4916
vn -0.1536 -0.2039 0.9669
vn -0.1828 -0.2000 0.9626
vn -0.2749 0.9603 0.0469
vn 0.2783 0.0831 -0.9569
vn 0.0373 0.9558 0.2918
vn 0.8432 0.4749 -0.2521
vn 0.0539 0.4362 -0.8982
vn 0.0373 0.4235 -0.9051
vn 0.0963 0.4313 -0.8970
vn 0.3625 0.8493 0.3837
vn 0.0232 0.5621 -0.8267
vn 0.0554 0.7496 0.6595
vn -0.8280 -0.0804 -0.5550
vn -0.0565 0.8469 0.5288
vn 0.0903 0.8580 0.5056
vn 0.2109 0.6099 0.7639
vn -0.9301 0.1124 0.3496
vn -0.9128 0.0857 0.3994
vn -0.9177 0.1098 0.3818
vn 0.1190 0.3233 -0.9388
vn 0.2634 -0.9386 0.2226
vn 0.9275 0.3732 -0.0235
vn 0.8444 0.5051 -0.1785
vn 0.0798 0.9968 0.0058
vn 0.8013 0.5904 -0.0965
vn 0.6453 -0.7177 0.2616
vn -0.8043 0.1404 0.5774
vn -0.5359 -0.1675 -0.8275
vn -0.0815 0.9764 -0.2000
vn 0.8202 0.4682 -0.3286
vn 0.2656 0.4446 -0.8554
vn 0.1556 0.5103 -0.8458
vn 0.2355 0.5123 -0.8259
vn 0.0218 -0.0990 0.9948
vn 0.1418 0.8953 -0.4223
vn 0.7392 0.5999 -0.3061
vn 0.6836 -0.2718 0.6774
vn -0.2104 0.8524 0.4787
vn 0.8146 0.4260 0.3935
vn 0.6228 0.4085 0.6672
vn 0.8658 0.4697 -0.1724
vn 0.3124 0.2639 0.9125
vn 0.4935 -0.3901 0.7773
vn 0.2492 -0.6133 -0.7495
vn -0.9996 0.0230 0.0145
vn -0.0009 0.9270 0.3751
vn 0.6389 0.4180 -0.6458
vn 0.8368 0.2944 -0.4616
vn 0.8131 0.3418 -0.4712
vn 0.3080 0.8251 0.4736
vn 0.3683 0.4181 -0.8304
vn 0.0340 -0.9765 0.2127
vn 0.2071 0.8730 -0.4416
vn -0.0164 0.7748 0.6320
vn -0.9615 0.1563 0.2261
vn -0.8192 -0.0497 -0.5713
vn -0.5916 0.2071 -0.7792
vn -0.6803 0.0177 -0.7327
vn 0.3602 0.2615 0.8954
vn 0.5966 0.4410 0.6705
vn 0.6153 0.6905 -0.3803
vn -0.0218 0.2213 0.9750
vn -0.1474 0.9825 -0.1141
vn 0.8551 0.4176 -0.3072
vn 0.7069 0.7033 0.0752
vn 0.6635 0.7357 0.1357
vn 0.7128 0.6773 0.1820
vn -0.1280 0.7857 -0.6052
vn 0.6723 -0.3497 0.6524
vn -0.4957 0.2847 -0.8205
vn 0.7241 0.0802 0.6850
vn -0.0898 0.9887 -0.1197
vn 0.3431 0.8012 0.4903
vn -0.3535 0.9189 0.1749
vn 0.9187 0.3006 -0.2561
vn 0.9406 -0.1131 -0.3201
vn -0.0540 0.9218 0.3839
vn 0.5764 0.5090 -0.6393
vn -0.3902 0.4929 -0.7777
vn 0.6042 0.2207 -0.7656
vn -0.3075 0.7288 0.6118
vn -0.0611 0.9789 -0.1949
vn 0.6096 0.7825 -0.1266
vn 0.4283 -0.1222 0.8953
vn -0.1843 0.9100 -0.3714
vn 0.8974 -0.4106 0.1616
vn 0.9052 -0.3806 0.1890
vn 0.1417 0.9421 0.3039
vn 0.1917 0.9090 0.3702
vn 0.2773 0.9089 0.3115
vn 0.7308 0.6782 -0.0776
vn 0.0112 0.7824 0.6227
vn 0.5657 0.8092 0.1585
vn 0.3492 0.9135 -0.2090
vn -0.5797 -0.4433 -0.6836
vn -0.1546 0.9729 -0.1720
vn 0.5620 0.5424 -0.6245
vn 0.3478 -0.0473 -0.9364
vn 0.3487 -0.0376 -0.9365
vn 0.2955 0.0368 -0.9546
vn -0.1793 0.9774 0.1118
vn 0.7733 0.6130 0.1618
vn -0.3644 0.0881 0.9271
vn -0.2315 0.9716 -0.0491
vn 0.1558 -0.9089 0.3868
vn 0.3891 -0.4584 0.7990
vn -0.0973 0.9919 0.0818
vn 0.1112 0.9936 -0.0200
vn -0.1475 0.9511 0.2713
vn 0.4432 0.5835 0.6805
vn 0.1082 0.9924 -0.0590
vn -0.5168 0.6375 -0.5714
vn -0.2504 0.9426 -0.2209
vn -0.2767 0.9271 -0.2530
vn -0.4758 0.8506 0.2239
vn -0.3620 0.8501 -0.3823
vn -0.1288 0.9903 -0.0514
vn 0.1176 0.7014 0.7030
vn 0.0002 0.9699 -0.2434
vn 0.0504 0.9985 -0.0210
vn 0.6816 0.7123 -0.1675
vn -0.2153 0.6567 -0.7227
vn -0.0171 -0.9998 0.0084
vn 0.0109 -0.6890 -0.7247
vn -0.0919 -0.3371 -0.9370
vn -0.1592 -0.9073 -0.3893
vn 0.2325 0.7764 0.5858
vn -0.0518 0.9004 0.4320
vn -0.6797 0.4516 -0.5780
vn 0.4918 0.8671 -0.0787
vn -0.3207 -0.6876 -0.6514
vn -0.1492 0.9663 0.2098
vn -0.1914 0.9648 -0.1802
vn -0.0885 0.9165 0.3901
vn -0.0463 0.9146 0.4016
vn 0.4230 0.9059 -0.0192
vn -0.0246 0.9879 -0.1531
vn 0.1184 0.9527 0.2798
vn -0.0180 0.8830 0.4691
vn -0.1027 0.9360 0.3368
vn -0.2242 0.9732 -0.0521
vn -0.0444 0.7237 -0.6887
vn -0.5919 0.3760 -0.7129
vn 0.5423 0.7917 0.2812
vn 0.8376 -0.3494 0.4199
vn 0.0784 0.9953 -0.0566
vn 0.5031 0.8622 -0.0591
vn 0.4331 0.9010 0.0264
vn 0.5269 0.8125 0.2496
vn -0.0056 0.9772 -0.2124
vn -0.0285 0.9837 0.1774
vn -0.2248 0.9704 0.0879
vn -0.1785 0.9673 -0.1801
vn -0.1038 0.8947 -0.4344
vn -0.2569 0.9302 -0.2620
vn 0.1494 0.8759 0.4587
vn 0.2019 0.9350 0.2917
vn 0.1630 -0.7845 0.5983
vn -0.5255 0.8092 0.2627
vn -0.3632 0.9259 0.1039
vn 0.3243 0.1518 0.9337
vn -0.4127 0.9076 -0.0769
vn -0.4024 0.8940 0.1970
vn -0.8936 0.3038 0.3305
vn -0.0954 0.8485 -0.5205
vn -0.3169 0.9204 0.2292
vn 0.7746 -0.5661 0.2821
vn -0.3507 0.7872 0.5073
vn -0.3755 -0.2118 -0.9023
vn 0.9325 -0.0815 -0.3519
vn -0.4829 0.0195 -0.8755
vn 0.9440 0.2741 0.1837
vn 0.5754 0.7764 0.2571
vn -0.2776 0.9215 0.2717
vn -0.2744 0.8727 -0.4039
vn 0.2391 -0.2988 -0.9239
vn -0.8260 0.3409 0.4490
vn -0.8239 0.3258 0.4637
vn -0.8457 0.2726 0.4588
vn 0.4206 0.0674 0.9047
vn 0.4331 0.0969 0.8961
vn 0.4207 0.0674 0.9047
vn -0.8100 0.3401 0.4778
vn -0.1689 0.9800 -0.1050
vn 0.2938 0.9501 -0.1047
vn -0.1809 0.9820 0.0538
vn -0.8682 0.0693 0.4914
vn -0.7634 0.4014 -0.5060
vn 0.0488 -0.8587 0.5101
vn -0.0460 0.9077 0.4170
vn 0.4037 0.0289 0.9144
vn -0.5281 0.7873 -0.3183
vn 0.6895 0.6657 -0.2855
vn 0.5682 -0.4488 0.6898
vn -0.1619 0.9868 -0.0108
vn -0.4739 0.6551 -0.5885
vn -0.3405 0.8428 0.4168
vn -0.3377 0.8044 0.4888
vn 0.1210 0.8373 0.5331
vn 0.1683 0.9766 -0.1340
vn -0.4514 0.8904 0.0577
vn -0.4372 0.5306 0.7262
vn -0.5543 0.0294 0.8318
vn -0.5893 0.0247 0.8076
vn -0.5072 -0.0453 0.8607
vn 0.1446 0.7793 -0.6097
vn -0.3458 0.9254 -0.1551
vn 0.2559 0.9152 0.3114
vn -0.4277 -0.6425 0.6358
vn 0.3601 0.6913 0.6264
vn -0.9314 0.0936 -0.3516
vn -0.0470 -0.1206 -0.9916
vn 0.4363 0.0213 -0.8996
vn -0.2985 0.9462 -0.1250
vn -0.8458 -0.1801 -0.5021
vn -0.3558 -0.1085 0.9282
vn -0.1091 0.6167 -0.7796
vn -0.4717 -0.1004 0.8760
vn -0.4741 0.8804 -0.0015
vn -0.8274 0.4833 0.2862
vn -0.7890 0.5975 0.1427
vn -0.8790 0.3113 0.3611
vn 0.3463 0.0390 0.9373
vn -0.9910 0.0031 0.1340
vn -0.9897 0.0504 0.1343
vn -0.8853 -0.0617 -0.4610
vn -0.4376 0.3904 0.8100
vn -0.2284 0.7663 0.6005
vn -0.2422 -0.0452 0.9692
vn -0.2393 0.0722 0.9683
vn 0.0725 0.0770 0.9944
vn -0.0421 0.9965 -0.0724
vn -0.0762 0.9971 0.0029
vn -0.3350 0.9158 0.2214
vn -0.3553 0.1280 0.9259
vn 0.0961 0.9173 -0.3864
vn 0.0900 0.9630 -0.2540
vn -0.2993 0.4525 -0.8400
vn -0.1974 -0.0207 0.9801
vn -0.7715 0.2484 0.5858
vn 0.2542 0.7286 -0.6360
vn 0.9693 0.1168 0.2164
vn 0.9845 -0.1091 0.1376
vn -0.2756 0.8289 0.4867
vn 0.9822 -0.0712 0.1736
vn 0.9262 0.0184 -0.3766
vn 0.5155 0.1667 -0.8405
vn 0.5573 0.1080 -0.8232
vn 0.3820 0.8767 0.2924
vn 0.9261 -0.0046 -0.3773
vn 0.9262 -0.0056 -0.3771
vn 0.9261 -0.0033 -0.3773
vn 0.9537 0.0226 -0.3000
vn 0.9926 0.0065 -0.1212
vn 0.9618 -0.0487 -0.2695
vn -0.7552 0.6550 -0.0255
vn 0.7925 0.0635 -0.6065
vn -0.2959 0.3731 -0.8793
vn -0.1798 0.8370 -0.5168
vn -0.1222 0.3118 0.9423
vn -0.0691 0.3767 0.9237
vn 0.9755 -0.1733 -0.1352
vn 0.9733 -0.1869 -0.1334
vn 0.9764 -0.0948 -0.1940
vn -0.1882 0.5856 0.7884
vn 0.9624 -0.2522 -0.1013
vn -0.0708 0.9975 -0.0087
vn -0.0360 0.9193 -0.3918
vn -0.0958 0.8603 -0.5007
vn -0.0062 0.9981 -0.0612
vn 0.2938 -0.3267 0.8983
vn 0.0706 -0.9896 -0.1256
vn -0.1631 0.9729 0.1637
vn 0.2231 0.9707 0.0891
vn 0.4582 0.0055 -0.8888
vn 0.5108 0.8501 -0.1279
vn -0.1589 0.9391 -0.3047
vn 0.0383 0.8384 0.5438
vn -0.4312 0.7434 -0.5112
vn -0.2025 0.9262 0.3181
vn -0.6217 0.7747 -0.1155
vn 0.0334 0.0053 -0.9994
vn -0.2367 0.9329 -0.2716
vn -0.1342 0.7821 0.6085
vn -0.9654 0.1333 -0.2241
vn -0.7879 -0.5165 0.3354
vn 0.1348 0.6596 -0.7395
vn 0.1074 0.9794 -0.1707
vn -0.3090 0.9428 -0.1250
vn -0.7686 0.6394 -0.0202
vn -0.3895 0.8104 -0.4376
vn -0.6581 0.5012 0.5619
vn 0.0490 0.9553 0.2917
vn -0.5601 0.5632 0.6075
vn -0.2199 0.9175 0.3316
vn 0.5272 0.3367 -0.7802
vn -0.2435 0.8274 0.5060
vn 0.0887 -0.4544 -0.8864
vn 0.1073 -0.3717 -0.9221
vn 0.0406 0.3189 -0.9469
vn 0.0702 0.7324 0.6773
vn -0.5243 0.8036 -0.2818
vn 0.1668 0.9555 0.2431
vn 0.1114 0.9426 0.3149
vn -0.5070 0.8520 -0.1305
vn -0.2789 0.9594 0.0417
vn -0.2217 0.8465 -0.4840
vn -0.3441 0.7039 -0.6214
vn -0.0173 -0.9998 0.0074
vn 0.5061 -0.0532 -0.8608
vn 0.1106 0.9926 -0.0492
vn -0.0713 0.9085 0.4118
vn -0.3921 0.8931 0.2204
vn -0.4982 0.5933 -0.6323
vn -0.2018 0.5160 -0.8324
vn -0.1660 0.9034 -0.3954
vn -0.4734 0.8732 0.1158
vn -0.5099 0.7169 -0.4754
vn -0.6042 0.7909 -0.0975
vn -0.2606 0.9627 0.0731
vn -0.7080 0.7034 -0.0637
vn -0.7865 0.5613 0.2576
vn -0.5689 0.7585 -0.3179
vn -0.2292 0.5897 -0.7744
vn -0.9411 0.2306 0.2472
vn -0.1896 0.9752 0.1140
vn -0.6497 0.6690 0.3610
vn -0.1190 0.8478 0.5167
vn -0.2241 0.9650 0.1361
vn -0.5319 0.5036 -0.6808
vn -0.7394 0.5872 -0.3292
vn -0.7457 0.5700 -0.3451
vn -0.3577 0.9053 0.2291
vn -0.0531 0.8988 0.4351
vn 0.0066 0.9876 0.1566
vn -0.2649 0.5558 -0.7880
vn 0.1349 -0.2344 -0.9627
vn -0.1792 0.9109 0.3717
vn -0.6530 0.7335 -0.1887
vn -0.5484 0.5342 0.6433
vn -0.3750 0.9101 0.1762
vn -0.1466 0.9511 0.2720
vn -0.1795 0.9687 0.1717
vn -0.0294 -0.9737 -0.2258
vn -0.1473 0.9884 -0.0374
vn 0.1560 -0.9753 -0.1566
vn -0.6631 0.6829 0.3065
vn -0.9094 0.2375 -0.3415
vn -0.0666 0.7536 0.6539
vn 0.0900 0.9944 0.0549
vn -0.0762 0.9782 0.1931
vn 0.5931 0.7975 0.1102
vn -0.4465 0.8927 -0.0609
vn -0.8686 0.3680 -0.3318
vn 0.0638 0.8712 0.4868
vn -0.7243 0.5756 -0.3794
vn -0.4133 -0.3100 -0.8562
vn -0.1480 0.8777 0.4558
vn -0.3350 0.5533 -0.7627
vn 0.0167 -0.3347 0.9422
vn -0.2423 0.1631 0.9564
vn 0.3707 0.8001 0.4717
vn -0.1294 0.7873 0.6028
vn -0.3204 0.5805 0.7486
vn -0.7336 0.4874 -0.4736
vn -0.3308 -0.5729 -0.7499
vn 0.0973 0.7974 0.5956
vn 0.1363 0.9305 -0.3400
vn -0.8249 0.2423 0.5107
vn 0.7212 0.6842 -0.1084
vn -0.5246 0.6294 -0.5733
vn 0.0951 0.9941 -0.0528
vn -0.2914 0.8251 -0.4840
vn -0.0121 0.6201 0.7844
vn 0.9350 0.2031 -0.2908
vn 0.2728 0.9611 0.0436
vn -0.1566 0.9649 0.2108
vn 0.0856 0.7227 0.6858
vn 0.0257 -0.9996 0.0079
vn -0.0635 0.6680 -0.7414
vn 0.6567 0.7325 0.1795
vn -0.2342 0.9656 0.1131
vn -0.3758 0.9241 -0.0686
vn -0.0633 0.4634 -0.8839
vn -0.3180 0.3841 0.8668
vn -0.0104 -0.9998 -0.0176
vn 0.9431 -0.0460 -0.3294
vn 0.9684 -0.0306 0.2476
vn 0.5348 0.2544 0.8058
vn 0.8751 0.4383 0.2051
vn -0.4188 0.7401 -0.5261
vn -0.2403 0.9466 -0.2151
vn 0.6400 -0.5921 0.4897
vn -0.4879 0.7734 0.4047
vn -0.0004 0.5065 -0.8622
vn -0.9073 -0.2502 0.3380
vn -0.8421 -0.0854 0.5326
vn 0.3370 0.9367 0.0954
vn -0.0312 0.9870 0.1577
vn -0.3923 -0.6974 0.5998
vn 0.4454 -0.8953 -0.0083
vn -0.1771 -0.5178 0.8370
vn 0.2895 -0.1676 0.9424
vn -0.0434 -0.9988 -0.0223
vn 0.8026 0.2900 -0.5212
vn 0.0062 0.7536 0.6573
vn 0.5751 0.8106 -0.1106
vn 0.2334 0.0968 -0.9675
vn -0.0406 -0.9988 -0.0286
vn 0.0174 0.9932 0.1150
vn 0.2026 0.9680 0.1483
vn -0.2132 0.5480 -0.8088
vn 0.6908 -0.6506 -0.3154
vn 0.4437 -0.4397 -0.7809
vn 0.6914 0.3451 -0.6347
vn -0.0369 -0.9991 0.0216
vn 0.1496 0.9362 -0.3180
vn 0.5940 0.6743 0.4386
vn -0.4588 -0.7714 0.4410
vn 0.0441 0.9685 0.2449
vn -0.8377 0.4680 0.2815
vn -0.0648 -0.9924 0.1041
vn 0.0353 -0.9980 0.0515
vn 0.6786 -0.6943 -0.2397
vn -0.3034 0.1888 0.9340
vn -0.5146 -0.7808 0.3542
vn 0.8629 0.4858 0.1397
vn 0.6635 -0.7006 0.2627
vn 0.5073 -0.8532 0.1210
vn 0.0001 0.9991 -0.0421
vn 0.1330 -0.9876 -0.0837
vn -0.2337 0.9606 -0.1505
vn -0.2353 0.6081 0.7582
vn -0.1350 0.3590 0.9235
vn -0.8021 -0.0133 -0.5970
vn 0.3980 0.7179 0.5711
vn -0.4347 0.8418 0.3202
vn -0.9709 0.0383 -0.2365
vn 0.8521 0.1975 -0.4847
vn 0.7542 0.5573 0.3472
vn -0.9924 0.0277 0.1197
vn -0.0518 -0.0594 0.9969
vn 0.6995 0.1568 0.6972
vn 0.6145 0.0642 -0.7863
vn 0.5042 0.0255 -0.8632
vn 0.0630 -0.1158 -0.9913
vn -0.0831 0.1680 0.9823
vn -0.0128 0.1193 0.9928
vn 0.8074 -0.0747 -0.5852
vn -0.8489 -0.1373 0.5103
vn -0.8487 -0.1369 0.5108
vn 0.1400 -0.8678 -0.4767
vn 0.0379 -0.2282 0.9729
vn -0.0003 -0.1832 0.9831
vn 0.0096 -0.2318 0.9727
vn 0.7575 0.1099 0.6435
vn 0.7536 0.0579 -0.6548
vn 0.7141 0.0165 -0.6999
vn 0.6821 0.1171 -0.7218
vn -0.8480 -0.1371 0.5120
vn 0.0202 -0.0611 -0.9979
vn 0.3392 0.3505 0.8730
vn -0.0044 0.9361 0.3518
vn -0.6067 0.6569 0.4477
vn 0.1119 0.5070 -0.8547
vn 0.3244 0.6082 -0.7245
vn 0.3279 -0.0020 0.9447
vn 0.4453 0.8593 0.2517
vn -0.3413 0.9348 -0.0981
vn -0.1807 0.8042 -0.5662
vn 0.1504 0.7717 -0.6179
vn -0.5798 0.7679 0.2724
vn -0.0601 0.2110 -0.9756
vn -0.0107 0.2784 -0.9604
vn -0.0129 0.2872 -0.9578
vn 0.0128 0.9904 -0.1376
vn 0.8221 -0.2062 -0.5307
vn 0.1391 0.5116 -0.8479
vn 0.1194 -0.3543 0.9275
vn -0.1548 0.9851 -0.0755
vn -0.1063 0.9577 0.2674
vn 0.6164 0.7874 -0.0117
vn 0.2883 -0.5480 -0.7852
vn -0.7565 -0.6532 -0.0324
vn 0.8061 0.5049 -0.3086
vn -0.7847 0.2211 0.5792
vn 0.3759 0.8872 0.2676
vn 0.0088 0.8641 -0.5032
vn 0.3431 -0.2066 0.9163
vn 0.6275 0.7210 0.2939
vn 0.7704 -0.2527 -0.5853
vn 0.0130 -0.9998 0.0155
vn -0.0312 -0.9995 -0.0054
vn 0.2699 -0.2694 0.9244
vn -0.0193 0.7618 0.6475
vn 0.4042 0.9119 0.0707
vn -0.7882 -0.5322 -0.3089
vn -0.5849 0.5345 -0.6101
vn -0.1571 0.9850 -0.0708
vn -0.0849 0.8421 0.5325
vn -0.4341 0.8555 -0.2823
vn -0.7983 0.0900 0.5955
vn -0.2057 0.9750 -0.0844
vn 0.1564 -0.0816 -0.9843
vn 0.9806 -0.1906 0.0458
vn 0.8092 -0.2751 -0.5192
vn -0.8720 0.1823 -0.4542
vn 0.7179 -0.1462 0.6806
vn 0.0790 -0.9602 0.2680
vn -0.8395 0.4880 0.2388
vn 0.6859 0.0291 0.7271
vn 0.7962 0.1873 0.5752
vn -0.5555 0.8305 -0.0419
vn 0.6246 0.0047 -0.7809
vn -0.2444 0.1932 -0.9502
vn 0.1900 -0.0406 -0.9809
vn -0.4040 -0.6983 -0.5909
vn 0.5844 0.6122 0.5326
vn 0.4191 0.9046 0.0778
vn 0.4695 0.0293 0.8824
vn 0.4543 -0.8090 0.3730
vn -0.9763 -0.0771 0.2023
vn 0.9934 0.1088 -0.0371
vn -0.9108 0.4128 0.0045
vn -0.8461 0.4715 0.2486
vn -0.7434 -0.6393 -0.1965
vn -0.6961 0.7042 0.1394
vn 0.1550 -0.9731 0.1706
vn -0.7955 0.6044 -0.0446
vn 0.0388 -0.9989 0.0249
vn -0.9861 0.0316 0.1630
vn -0.9993 -0.0366 -0.0028
vn -0.6731 0.6505 0.3519
vn 0.8557 -0.5169 -0.0247
vn 0.3774 0.8083 0.4520
vn -0.6029 0.6644 -0.4417
vn 0.3214 0.7232 -0.6112
vn 0.8862 0.3082 0.3461
vn 0.1618 0.9728 0.1659
vn -0.6200 0.1068 -0.7773
vn -0.1346 -0.0486 0.9897
vn 0.2871 -0.1165 -0.9508
vn 0.3298 -0.1843 0.9259
vn 0.9994 -0.0202 0.0272
vn -0.7870 0.0549 -0.6145
vn -0.7334 0.0635 0.6768
vn -0.7715 0.0864 0.6303
vn -0.4993 0.6497 -0.5732
vn -0.3158 -0.0489 -0.9476
vn 0.8038 -0.3638 0.4708
vn 0.2296 0.9723 0.0437
vn 0.1995 0.3845 0.9013
vn 0.5564 0.6460 0.5226
vn -0.6462 -0.0202 -0.7629
vn 0.2823 0.9529 -0.1107
vn -0.9142 0.0223 -0.4046
vn 0.9583 0.1048 -0.2659
vn -0.9716 0.0604 -0.2288
vn -0.6836 0.5813 -0.4414
vn -0.4897 0.5832 -0.6481
vn -0.5692 0.7825 -0.2522
vn 0.0151 -0.9998 0.0106
vn 0.0289 -0.9830 -0.1812
vn -0.6453 0.4060 0.6471
vn 0.4728 -0.3393 0.8132
vn 0.4688 0.0593 0.8813
vn -0.0259 0.0296 -0.9992
vn 0.4950 0.0186 -0.8687
vn -0.6466 0.3084 -0.6977
vn -0.5039 0.5742 -0.6453
vn -0.5463 0.8018 0.2423
vn -0.0861 0.0879 -0.9924
vn 0.4783 -0.0930 -0.8733
vn 0.4552 0.8882 0.0626
vn 0.7809 -0.6042 -0.1582
vn 0.0041 0.9113 -0.4118
vn -0.0292 -0.9995 -0.0145
vn -0.4880 0.2267 -0.8429
vn 0.9883 -0.0992 -0.1161
vn -0.4268 -0.2742 0.8618
vn -0.2615 -0.6136 0.7451
vn -0.6435 0.6526 0.4001
vn -0.1727 0.6302 0.7570
vn 0.0376 0.9824 0.1829
vn 0.2107 0.8772 0.4314
vn 0.0639 0.3452 -0.9364
vn 0.3163 -0.9219 -0.2236
vn 0.7071 -0.6539 -0.2691
vn -0.6286 0.6317 0.4536
vn -0.9162 -0.3195 0.2417
vn -0.5986 0.1525 -0.7864
vn -0.4421 -0.8959 -0.0442
vn 0.9804 0.1818 0.0754
vn 0.9535 0.0483 -0.2975
vn -0.4198 0.6147 0.6678
vn -0.0046 0.8389 0.5443
vn 0.6885 0.5888 0.4235
vn -0.2736 0.9605 -0.0503
vn 0.7352 -0.0406 0.6767
vn 0.5421 0.7823 0.3067
vn 1.0000 0.0061 -0.0047
vn -0.4122 0.8889 -0.1997
vn 0.4637 -0.7729 -0.4332
vn 0.8633 0.0260 -0.5040
vn 0.6826 0.5480 0.4835
vn 0.3105 0.8953 0.3193
vn 0.2230 -0.5661 0.7936
vn 0.1711 -0.3953 0.9025
vn 0.1353 -0.3866 0.9123
vn -0.0827 0.8741 -0.4787
vn 0.1964 0.5141 -0.8350
vn -0.2662 -0.8849 0.3822
vn -0.2758 0.5954 0.7546
vn 0.3813 0.9223 -0.0634
vn 0.0003 -0.9998 0.0193
vn -0.1292 -0.9678 -0.2160
vn 0.6051 0.4202 0.6762
vn 0.7838 0.1521 0.6021
vn 0.7499 0.3210 0.5785
vn -0.0691 0.9975 0.0147
vn 0.2482 -0.5859 -0.7714
vn 0.0203 -0.8148 -0.5794
vn -0.2487 -0.6198 0.7443
vn 0.3250 0.9148 -0.2398
vn 0.2064 0.3088 0.9284
vn 0.3452 0.3095 0.8860
vn -0.5652 0.7202 -0.4023
vn -0.3407 0.9397 0.0288
vn 0.5354 0.4827 0.6930
vn -0.6343 0.3428 0.6929
vn -0.2724 0.9605 -0.0569
vn 0.0934 -0.9951 -0.0330
vn 0.4227 0.8923 -0.1587
vn 0.8383 0.4058 0.3641
vn -0.0763 0.8857 0.4580
vn -0.4153 -0.8143 -0.4055
vn -0.8605 -0.0963 -0.5003
vn 0.0845 -0.9964 0.0054
vn -0.4467 -0.6787 0.5830
vn -0.7644 0.5436 -0.3468
vn -0.7805 0.4584 -0.4252
vn -0.1079 0.8455 -0.5230
vn -0.6714 -0.6066 -0.4257
vn 0.3694 0.7958 0.4798
vn 0.5353 -0.4540 -0.7123
vn 0.3221 0.7402 0.5902
vn -0.0852 0.9962 0.0193
vn 0.4941 0.5732 -0.6537
vn 0.4253 -0.2428 0.8719
vn 0.3004 0.9277 -0.2215
vn 0.2208 0.0926 -0.9709
vn 0.4134 0.8354 -0.3623
vn 0.0030 0.9723 -0.2337
vn 0.5630 0.7511 -0.3447
vn -0.9763 -0.1654 0.1393
vn 0.4153 0.8818 0.2235
vn -0.3072 0.5656 0.7653
vn 0.5772 -0.7503 0.3222
vn -0.9853 -0.1509 0.0804
vn 0.4037 0.8357 0.3723
vn -0.4159 0.8600 0.2955
vn 0.5285 0.5407 0.6545
vn 0.0290 -0.9978 0.0599
vn -0.9793 0.0754 0.1877
vn 0.8344 0.2600 -0.4860
vn 0.2037 0.8444 -0.4954
vn 0.0163 0.6573 -0.7535
vn -0.9473 0.2130 0.2393
vn 0.8400 0.5409 -0.0430
vn 0.5913 0.7369 0.3276
vn 0.0806 0.4743 -0.8767
vn 0.3620 0.5656 -0.7410
vn 0.7037 0.4501 -0.5497
vn 0.4231 0.8622 -0.2785
vn 0.9820 0.0198 -0.1880
vn -0.3745 -0.8505 0.3693
vn -0.2800 0.9545 0.1024
vn 0.8956 0.4377 0.0800
vn 0.8359 0.4463 0.3195
vn 0.4151 0.4814 0.7719
vn -0.5061 0.8613 0.0443
vn 0.5790 0.6258 -0.5226
vn -0.2582 0.9623 -0.0854
vn 0.0195 0.4046 -0.9143
vn -0.3555 0.8711 -0.3388
vn 0.4101 0.9120 0.0091
vn -0.1260 0.3014 -0.9451
vn 0.2815 0.9551 0.0929
vn 0.7179 -0.2690 0.6421
vn -0.1483 0.7780 -0.6106
vn -0.1513 0.9869 0.0555
vn 0.9931 0.0739 -0.0908
vn 0.5943 -0.7690 -0.2356
vn 0.2630 0.9644 -0.0261
vn -0.2053 0.9081 -0.3649
vn 0.9378 -0.2654 0.2238
vn 0.7072 0.7004 0.0961
vn 0.4782 0.4612 -0.7474
vn -0.1993 0.7513 0.6292
vn -0.2267 0.7785 0.5853
vn 0.2227 0.9698 0.0993
vn 0.6259 0.4755 0.6181
vn -0.5165 0.4447 -0.7318
vn 0.0039 -0.9986 0.0529
vn 0.0562 -0.9974 -0.0454
vn 0.6164 -0.1674 0.7695
vn 0.9693 0.0068 0.2457
vn -0.3408 0.7829 -0.5205
vn -0.2252 -0.3344 -0.9151
vn 0.2426 0.9071 -0.3439
vn -0.3811 0.9127 0.1473
vn 0.1270 0.9916 0.0263
vn -0.1973 0.8593 -0.4719
vn 0.3674 0.2327 0.9005
vn 0.5498 0.3008 0.7793
vn 0.3379 0.6318 0.6976
vn 0.9924 0.1045 -0.0652
vn 0.9562 0.2471 -0.1567
vn 0.6036 0.4392 -0.6655
vn 0.0850 0.9745 0.2077
vn 0.8373 -0.0300 -0.5459
vn 0.3011 0.7407 0.6006
vn 0.4298 0.4174 0.8006
vn 0.7389 0.6634 0.1182
vn 0.5659 0.8131 -0.1365
vn 0.9628 0.2521 -0.0970
vn 0.9301 0.3556 -0.0921
vn 0.9779 0.1817 0.1035
vn 0.7109 -0.6672 0.2224
vn 0.1786 -0.3435 0.9220
vn 0.9995 0.0284 -0.0163
vn 0.5579 0.3492 0.7529
vn 0.6104 -0.7388 0.2857
vn 0.2236 -0.8869 0.4041
vn -0.0772 0.9917 -0.1031
vn 0.6421 0.7552 0.1319
vn 0.0013 0.7137 -0.7005
vn 0.0732 -0.9314 0.3566
vn -0.5136 0.8307 -0.2145
vn -0.1580 0.9374 -0.3104
vn -0.0480 -0.9984 0.0305
vn 0.7233 0.6194 -0.3053
vn -0.0930 0.9832 0.1573
vn 0.3495 -0.8921 -0.2864
vn -0.2220 0.6906 0.6883
vn 0.5221 -0.3690 -0.7689
vn 0.7163 0.6257 -0.3088
vn 0.4818 -0.8419 -0.2431
vn 0.3025 0.9530 0.0191
vn 0.4674 0.8802 -0.0821
vn 0.2348 0.8581 -0.4567
vn 0.4514 0.2513 -0.8562
vn -0.1379 0.8311 -0.5387
vn 0.3479 0.9033 0.2511
vn 0.8417 0.2440 0.4816
vn 0.6074 0.7855 -0.1186
vn 0.8972 0.3566 0.2604
vn 0.1557 0.8074 -0.5691
vn 0.1961 -0.9757 0.0982
vn -0.2977 0.9012 -0.3150
vn -0.0533 0.9903 -0.1284
vn -0.0494 -0.9983 -0.0314
vn 0.6239 0.6269 0.4666
vn -0.6206 -0.0630 0.7816
vn 0.1076 0.9856 0.1308
vn 0.3961 -0.6856 0.6108
vn 0.6191 0.4527 0.6417
vn -0.0181 0.4587 -0.8884
vn 0.1430 0.8584 -0.4927
vn -0.2191 0.7803 0.5857
vn 0.9537 -0.2417 0.1788
vn 0.6796 -0.3112 -0.6643
vn 0.8765 0.3446 -0.3361
vn -0.1757 0.9714 -0.1599
vn 0.1034 0.9751 0.1963
vn 0.2957 0.9473 -0.1230
vn 0.4336 -0.8151 0.3842
vn 0.3381 0.8118 -0.4760
vn 0.0434 0.9865 -0.1580
vn 0.1130 0.1759 0.9779
vn 0.9791 0.2027 -0.0189
vn -0.0370 -0.9993 -0.0006
vn 0.0267 -0.9976 -0.0643
vn -0.0267 -0.9996 -0.0011
vn 0.1746 -0.9627 -0.2067
vn -0.0161 0.4679 -0.8836
vn -0.5538 0.6538 0.5157
vn -0.1999 0.6765 -0.7088
vn 0.0710 -0.5685 -0.8196
vn 0.4313 0.8960 0.1054
vn -0.3684 0.8253 -0.4281
vn -0.0383 0.6203 -0.7834
vn -0.6083 0.4008 0.6851
vn 0.2548 0.9360 0.2427
vn 0.3173 -0.6046 0.7306
vn 0.3211 -0.5805 0.7483
vn 0.3175 -0.5455 0.7756
vn 0.0482 0.9344 -0.3528
vn 0.3293 -0.5186 0.7891
vn -0.0982 -0.9950 -0.0196
vn -0.1521 0.4951 -0.8554
vn -0.4544 0.8892 0.0537
vn 0.0549 0.9903 0.1275
vn 0.6152 0.3660 -0.6983
vn 0.0329 -0.9966 -0.0758
vn 0.2398 0.9140 0.3272
vn 0.3269 -0.6566 0.6797
vn -0.0028 -0.9992 -0.0405
vn 0.1784 -0.3337 -0.9256
vn 0.1034 0.5733 -0.8128
vn -0.0833 0.9121 0.4015
vn 0.3049 0.6704 0.6765
vn 0.3311 0.8784 0.3446
vn 0.2953 -0.7814 -0.5497
vn 0.0266 0.8523 0.5224
vn 0.6503 0.7417 -0.1641
vn 0.0731 0.7643 0.6406
vn 0.8276 0.4933 0.2678
vn 0.3127 -0.7857 -0.5338
vn -0.3562 0.7998 -0.4832
vn 0.7859 0.6016 -0.1432
vn 0.2631 0.5000 0.8251
vn 0.3798 0.8753 0.2993
vn 0.8487 -0.4677 0.2468
vn 0.8162 -0.4106 -0.4065
vn -0.0806 0.9081 0.4108
vn 0.0339 0.9680 0.2488
vn 0.0519 -0.9980 0.0369
vn -0.0087 -0.8768 0.4808
vn 0.6050 0.6463 0.4650
vn -0.1157 0.2752 -0.9544
vn 0.3840 0.7568 -0.5289
vn 0.4990 -0.3914 -0.7732
vn 0.3451 0.7487 0.5661
vn -0.4757 0.7775 0.4114
vn 0.7032 0.6206 -0.3469
vn 0.7875 -0.0005 0.6164
vn 0.0651 0.9958 -0.0644
vn 0.9695 -0.2336 0.0735
vn -0.1982 0.0562 0.9786
vn 0.1179 0.9710 -0.2082
vn -0.2822 0.8629 0.4193
vn 0.3493 0.8724 0.3420
vn 0.4141 0.3703 -0.8315
vn -0.2467 0.9637 -0.1019
vn -0.0841 0.9963 0.0165
vn 0.1410 -0.3823 0.9132
vn -0.1563 0.7516 0.6408
vn -0.1043 0.7586 0.6432
vn -0.4957 -0.8676 -0.0386
vn 0.2088 0.6912 0.6918
vn -0.3553 0.9001 -0.2520
vn 0.1956 0.9018 0.3854
vn 0.3647 0.9086 0.2037
vn 0.1800 0.9544 0.2382
vn 0.7088 -0.3140 -0.6317
vn 0.2813 -0.9538 -0.1053
vn 0.2105 0.9472 0.2417
vn 0.8021 0.2842 0.5253
vn -0.9214 -0.3647 0.1343
vn -0.2869 -0.9007 0.3263
vn -0.1284 -0.9908 0.0437
vn -0.1159 -0.9763 0.1830
vn 0.6552 0.2416 -0.7158
vn 0.7426 0.5871 -0.3221
vn -0.5723 -0.0541 -0.8183
vn -0.2984 0.5372 -0.7889
vn -0.1871 -0.9284 0.3209
vn -0.3987 -0.6799 0.6154
vn 0.8437 -0.1359 -0.5194
vn 0.7156 0.6959 0.0602
vn 0.9346 0.2713 -0.2302
vn -0.4981 0.8575 0.1292
vn -0.2866 0.9467 0.1470
vn -0.0338 0.9672 -0.2517
vn 0.2171 -0.9618 -0.1670
vn 0.5769 -0.1403 -0.8047
vn 0.1626 -0.9745 -0.1544
vn 0.7705 0.5601 0.3042
vn 0.9935 0.1121 -0.0188
vn 0.8982 -0.2964 -0.3245
vn 0.6697 0.4556 -0.5864
vn 0.8133 0.2039 -0.5450
vn 0.8385 -0.1497 -0.5240
vn 0.8067 0.0165 0.5908
vn 0.1633 0.9841 -0.0696
vn 0.5838 0.7001 -0.4110
vn 0.3148 -0.5965 -0.7383
vn 0.8288 0.5579 -0.0430
vn 0.8015 0.5903 0.0959
vn 0.9203 -0.3896 -0.0344
vn 0.9170 -0.0583 0.3946
vn 0.6750 0.6142 0.4089
vn 0.1656 -0.9827 0.0835
vn 0.2853 -0.0518 -0.9570
vn -0.1648 -0.9353 -0.3131
vn 0.7734 0.5622 0.2928
vn 0.6935 -0.1199 -0.7104
vn 0.8789 0.3402 0.3343
vn 0.1921 -0.1573 0.9687
vn 0.4276 -0.4996 -0.7534
vn 0.4243 0.5292 0.7348
vn 0.9539 0.2332 -0.1890
vn 0.8849 0.4605 0.0692
vn 0.4255 0.9049 -0.0042
vn 0.5788 0.0803 -0.8115
vn 0.7353 0.6769 0.0341
vn 0.9005 0.3420 0.2687
vn -0.0162 -0.9980 -0.0609
vn 0.9937 -0.0290 0.1085
vn 0.9957 -0.0926 -0.0009
vn 0.9873 -0.1439 -0.0672
vn 0.7388 0.6389 -0.2146
vn 0.5485 0.8334 -0.0676
vn 0.5768 -0.1403 -0.8047
vn 0.4238 -0.5098 -0.7487
vn 0.1249 -0.7342 0.6673
vn 0.2261 -0.9297 0.2907
vn -0.0058 0.4508 0.8926
vn 0.9515 0.3068 0.0212
vn 0.6863 0.6974 0.2065
vn 0.6637 0.5897 -0.4602
vn -0.3053 -0.1682 0.9373
vn -0.6827 -0.6033 -0.4122
vn 0.1465 0.9686 -0.2010
vn 0.1957 0.6220 -0.7582
vn -0.2489 -0.9685 -0.0036
vn 0.5615 0.0708 0.8245
vn 0.1072 -0.4356 -0.8937
vn 0.2631 -0.9639 0.0401
vn 0.6758 -0.1703 -0.7171
vn 0.9779 0.2056 0.0387
vt 0.574456 0.852786
vt 0.560851 0.864202
vt 0.592071 0.823305
vt 0.051206 0.185443
vt 0.064196 0.173330
vt 0.072061 0.197405
vt 0.056867 0.204102
vt 0.940816 0.410631
vt 0.960347 0.403522
vt 0.966115 0.411825
vt 0.265945 0.957232
vt 0.277507 0.945737
vt 0.280961 0.958546
vt 0.148096 0.862844
vt 0.158148 0.887844
vt 0.135036 0.848623
vt 0.990293 0.497463
vt 0.990293 0.485705
vt 0.998816 0.492978
vt 0.262031 0.952728
vt 0.249375 0.944486
vt 0.255000 0.938053
vt 0.234386 0.958885
vt 0.239390 0.934847
vt 0.067275 0.210333
vt 0.039316 0.962307
vt 0.048650 0.958910
vt 0.042790 0.967159
vt 0.048803 0.972695
vt 0.045068 0.982089
vt 0.714047 0.112318
vt 0.726960 0.082237
vt 0.736654 0.106260
vt 0.174544 0.884240
vt 0.177582 0.890886
vt 0.042679 0.947614
vt 0.531982 0.482788
vt 0.525179 0.521370
vt 0.516009 0.470539
vt 0.440754 0.002224
vt 0.443491 0.010648
vt 0.428291 0.008392
vt 0.998875 0.455099
vt 0.995560 0.465302
vt 0.989244 0.454996
vt 0.143134 0.932562
vt 0.151169 0.922133
vt 0.165225 0.927187
vt 0.176381 0.912071
vt 0.157826 0.902206
vt 0.988808 0.505533
vt 0.997825 0.508463
vt 0.990212 0.518725
vt 0.093022 0.932575
vt 0.071829 0.932575
vt 0.085341 0.894158
vt 0.995409 0.527345
vt 0.998872 0.538001
vt 0.988752 0.536187
vt 0.592346 0.809694
vt 0.592766 0.793098
vt 0.609354 0.788256
vt 0.133211 0.932432
vt 0.926698 0.088695
vt 0.919924 0.094356
vt 0.917331 0.087231
vt 0.188571 0.928847
vt 0.134794 0.898393
vt 0.945478 0.087227
vt 0.941544 0.104013
vt 0.747834 0.089268
vt 0.426696 0.020114
vt 0.423276 0.009589
vt 0.441080 0.011302
vt 0.131571 0.805300
vt 0.143570 0.795334
vt 0.139141 0.834426
vt 0.250648 0.928738
vt 0.747321 0.112201
vt 0.178044 0.789037
vt 0.178192 0.784216
vt 0.919711 0.106941
vt 0.174715 0.894928
vt 0.121808 0.781415
vt 0.144566 0.900607
vt 0.504818 0.448433
vt 0.146462 0.897110
vt 0.985877 0.684030
vt 0.974316 0.687128
vt 0.987088 0.667954
vt 0.970338 0.667822
vt 0.571458 0.798613
vt 0.601645 0.774973
vt 0.509517 0.862138
vt 0.516234 0.844233
vt 0.231443 0.994182
vt 0.215587 0.999334
vt 0.217232 0.986805
vt 0.027452 0.120802
vt 0.031007 0.140967
vt 0.027408 0.151476
vt 0.114809 0.015745
vt 0.099547 0.015745
vt 0.103208 0.004057
vt 0.154180 0.787903
vt 0.492429 0.015282
vt 0.481828 0.012441
vt 0.500845 0.012522
vt 0.500865 0.013679
vt 0.517084 0.029167
vt 0.497767 0.025240
vt 0.952788 0.908221
vt 0.912064 0.908221
vt 0.933717 0.900195
vt 0.969205 0.976897
vt 0.969205 0.999836
vt 0.954062 0.998984
vt 0.360040 0.103303
vt 0.367892 0.082340
vt 0.384412 0.094789
vt 0.966474 0.782206
vt 0.975676 0.793172
vt 0.966403 0.804428
vt 0.635359 0.769510
vt 0.516938 0.012418
vt 0.260031 0.989808
vt 0.250718 0.977889
vt 0.269136 0.983038
vt 0.817812 0.049467
vt 0.809416 0.054314
vt 0.810710 0.031825
vt 0.946095 0.360172
vt 0.946095 0.333392
vt 0.956875 0.354797
vt 0.637002 0.795329
vt 0.952472 0.108318
vt 0.171744 0.905833
vt 0.023032 0.229389
vt 0.023032 0.257740
vt 0.016572 0.232544
vt 0.232845 0.997854
vt 0.873828 0.082797
vt 0.882497 0.094525
vt 0.872949 0.092845
vt 0.132851 0.895515
vt 0.115259 0.896452
vt 0.118909 0.875771
vt 0.131753 0.906083
vt 0.495646 0.439806
vt 0.891734 0.988292
vt 0.906915 0.995371
vt 0.865363 0.995109
vt 0.874407 0.115223
vt 0.979896 0.664794
vt 0.979896 0.648077
vt 0.991886 0.656774
vt 0.222604 0.003573
vt 0.218974 0.014743
vt 0.206109 0.006292
vt 0.967962 0.320152
vt 0.967962 0.296185
vt 0.970156 0.304525
vt 0.966520 0.749772
vt 0.966971 0.739255
vt 0.976549 0.742741
vt 0.657607 0.795670
vt 0.348262 0.088855
vt 0.630693 0.102357
vt 0.599173 0.101125
vt 0.612650 0.089723
vt 0.536988 0.544327
vt 0.521982 0.560774
vt 0.715857 0.019107
vt 0.720941 0.014023
vt 0.735134 0.019146
vt 0.592108 0.767236
vt 0.604010 0.744636
vt 0.655987 0.810864
vt 0.566558 0.737645
vt 0.007202 0.069926
vt 0.007202 0.080074
vt 0.000224 0.077808
vt 0.264087 0.879134
vt 0.266777 0.854079
vt 0.283237 0.862680
vt 0.016305 0.459683
vt 0.000526 0.459683
vt 0.007481 0.454673
vt 0.597525 0.090853
vt 0.965445 0.757550
vt 0.975645 0.767749
vt 0.965491 0.779579
vt 0.226364 0.175302
vt 0.222465 0.178655
vt 0.210650 0.161916
vt 0.742590 0.012751
vt 0.742590 0.002596
vt 0.756420 0.005994
vt 0.270085 0.827894
vt 0.264166 0.812907
vt 0.281526 0.824966
vt 0.881058 0.058389
vt 0.868605 0.057877
vt 0.867165 0.052502
vt 0.982308 0.341457
vt 0.994920 0.332294
vt 0.994467 0.350380
vt 0.388717 0.095020
vt 0.388717 0.065376
vt 0.402372 0.071963
vt 0.990303 0.298727
vt 0.998806 0.298727
vt 0.998268 0.305233
vt 0.069737 0.726445
vt 0.078547 0.738687
vt 0.063886 0.737450
vt 0.350277 0.027777
vt 0.357200 0.049083
vt 0.348740 0.049946
vt 0.512438 0.829556
vt 0.198624 0.178304
vt 0.975393 0.728941
vt 0.987228 0.442949
vt 0.987228 0.427844
vt 0.994950 0.430309
vt 0.000120 0.580352
vt 0.006810 0.575492
vt 0.005670 0.586885
vt 0.957631 0.930441
vt 0.963785 0.926445
vt 0.962842 0.937386
vt 0.342092 0.665417
vt 0.304887 0.664884
vt 0.298999 0.635649
vt 0.113700 0.032962
vt 0.121361 0.044320
vt 0.107539 0.045364
vt 0.326054 0.802840
vt 0.268005 0.784645
vt 0.324263 0.783510
vt 0.113417 0.907517
vt 0.867880 0.003543
vt 0.882121 0.003543
vt 0.876757 0.015764
vt 0.125217 0.057343
vt 0.989004 0.103290
vt 0.975274 0.096297
vt 0.988492 0.085206
vt 0.979833 0.667126
vt 0.992445 0.657962
vt 0.991822 0.667285
vt 0.958134 0.943747
vt 0.503363 0.588782
vt 0.984778 0.484698
vt 0.994925 0.477326
vt 0.993040 0.485050
vt 0.338404 0.712432
vt 0.270807 0.805697
vt 0.137706 0.905658
vt 0.147877 0.915438
vt 0.282384 0.952718
vt 0.288056 0.959214
vt 0.283540 0.965207
vt 0.669141 0.786977
vt 0.508274 0.837715
vt 0.491347 0.879612
vt 0.427865 0.868573
vt 0.026592 0.505213
vt 0.019468 0.501346
vt 0.019967 0.491816
vt 0.009852 0.244550
vt 0.001140 0.250880
vt 0.000544 0.238724
vt 0.276477 0.077136
vt 0.291867 0.071837
vt 0.301741 0.094500
vt 0.016240 0.628344
vt 0.009262 0.637422
vt 0.005497 0.629095
vt 0.118527 0.009003
vt 0.134938 0.014336
vt 0.118723 0.024660
vt 0.128496 0.043274
vt 0.972072 0.948308
vt 0.383240 0.728860
vt 0.853100 0.058024
vt 0.296329 0.965522
vt 0.596522 0.568942
vt 0.556673 0.611675
vt 0.607623 0.516079
vt 0.001582 0.639478
vt 0.971392 0.103408
vt 0.073717 0.753581
vt 0.159399 0.025613
vt 0.141096 0.025613
vt 0.152028 0.014486
vt 0.247867 0.175260
vt 0.128317 0.031766
vt 0.085844 0.004602
vt 0.100789 0.004602
vt 0.097074 0.018170
vt 0.503968 0.818471
vt 0.135345 0.921386
vt 0.125249 0.917989
vt 0.061552 0.752779
vt 0.629653 0.923134
vt 0.599183 0.914969
vt 0.653292 0.912510
vt 0.367708 0.735350
vt 0.370320 0.005590
vt 0.375224 0.012594
vt 0.370359 0.019657
vt 0.322541 0.708664
vt 0.912483 0.103728
vt 0.879887 0.103728
vt 0.912687 0.087856
vt 0.290501 0.984772
vt 0.290501 0.999882
vt 0.278311 0.999636
vt 0.239330 0.167524
vt 0.998792 0.747669
vt 0.998792 0.758766
vt 0.988337 0.753569
vt 0.003111 0.497471
vt 0.095666 0.527203
vt 0.090760 0.491798
vt 0.103545 0.502954
vt 0.998914 0.507360
vt 0.990195 0.504527
vt 0.994122 0.496600
vt 0.839675 0.879605
vt 0.849048 0.827552
vt 0.854495 0.875634
vt 0.137511 0.041605
vt 0.823807 0.853828
vt 0.966041 0.755674
vt 0.985444 0.755674
vt 0.974291 0.764623
vt 0.007818 0.378897
vt 0.000103 0.384502
vt 0.001803 0.372429
vt 0.985264 0.084532
vt 0.985264 0.068934
vt 0.992459 0.069340
vt 0.677501 0.776604
vt 0.232973 0.022869
vt 0.238423 0.033566
vt 0.218507 0.026162
vt 0.324397 0.768981
vt 0.053274 0.466009
vt 0.027940 0.484414
vt 0.025934 0.448259
vt 0.294085 0.991341
vt 0.016082 0.012500
vt 0.020667 0.026609
vt 0.000620 0.024222
vt 0.983218 0.164986
vt 0.991300 0.164421
vt 0.993515 0.172707
vt 0.656261 0.764914
vt 0.822175 0.874509
vt 0.879185 0.211097
vt 0.862192 0.217689
vt 0.865315 0.206856
vt 0.615648 0.719334
vt 0.741372 0.958687
vt 0.693777 0.958687
vt 0.720204 0.954184
vt 0.281929 0.813099
vt 0.325722 0.851271
vt 0.110539 0.923229
vt 0.445659 0.051329
vt 0.448747 0.033820
vt 0.454205 0.051068
vt 0.067812 0.764644
vt 0.863642 0.841011
vt 0.324215 0.867296
vt 0.098612 0.017097
vt 0.113934 0.016562
vt 0.115744 0.023537
vt 0.805076 0.877786
vt 0.794301 0.834267
vt 0.495403 0.011727
vt 0.481330 0.011727
vt 0.487508 0.003125
vt 0.847921 0.223321
vt 0.843336 0.206733
vt 0.847661 0.811980
vt 0.171111 0.504823
vt 0.167957 0.498963
vt 0.172068 0.493833
vt 0.167084 0.512613
vt 0.971659 0.189121
vt 0.987012 0.188853
vt 0.971404 0.199761
vt 0.979482 0.942149
vt 0.986424 0.943373
vt 0.977538 0.950213
vt 0.726963 0.043050
vt 0.726963 0.021802
vt 0.735414 0.028185
vt 0.296886 0.758406
vt 0.274662 0.096926
vt 0.246483 0.096567
vt 0.258981 0.083768
vt 0.949757 0.604984
vt 0.930261 0.611227
vt 0.929248 0.605480
vt 0.823135 0.223193
vt 0.247620 0.168495
vt 0.793282 0.871699
vt 0.326026 0.746005
vt 0.297583 0.757916
vt 0.148222 0.515476
vt 0.158018 0.495680
vt 0.876289 0.863828
vt 0.154224 0.526236
vt 0.268727 0.084165
vt 0.207401 0.200485
vt 0.790254 0.033284
vt 0.807598 0.031766
vt 0.785731 0.044849
vt 0.812608 0.814492
vt 0.424199 0.751720
vt 0.190333 0.196409
vt 0.184390 0.525328
vt 0.985170 0.990450
vt 0.992469 0.980404
vt 0.997998 0.993854
vt 0.299612 0.742110
vt 0.289633 0.749845
vt 0.028280 0.391412
vt 0.049498 0.385328
vt 0.025255 0.402791
vt 0.139847 0.927087
vt 0.037277 0.018143
vt 0.037277 0.003639
vt 0.051832 0.009485
vt 0.066896 0.025537
vt 0.072155 0.018027
vt 0.087064 0.024650
vt 0.889886 0.845596
vt 0.121426 0.932645
vt 0.147902 0.499437
vt 0.042551 0.650665
vt 0.057911 0.654781
vt 0.027733 0.654027
vt 0.444936 0.021132
vt 0.427837 0.021132
vt 0.443782 0.012036
vt 0.161077 0.536767
vt 0.985507 0.953150
vt 0.266498 0.784233
vt 0.599640 0.073616
vt 0.610283 0.084360
vt 0.597195 0.088612
vt 0.464382 0.034584
vt 0.326392 0.827124
vt 0.008089 0.424184
vt 0.008089 0.396609
vt 0.035476 0.409001
vt 0.822634 0.203460
vt 0.111715 0.480223
vt 0.025159 0.695148
vt 0.034102 0.722674
vt 0.020353 0.722071
vt 0.953760 0.207644
vt 0.947026 0.219307
vt 0.943270 0.194930
vt 0.449969 0.019456
vt 0.457848 0.020284
vt 0.446608 0.034999
vt 0.866975 0.190244
vt 0.954814 0.190646
vt 0.970631 0.189262
vt 0.954616 0.212718
vt 0.534269 0.975372
vt 0.566091 0.998491
vt 0.524998 0.999876
vt 0.985585 0.504101
vt 0.974330 0.519593
vt 0.970850 0.495753
vt 0.008710 0.499684
vt 0.004418 0.503286
vt 0.000201 0.499909
vt 0.970081 0.206692
vt 0.407126 0.009555
vt 0.422577 0.009555
vt 0.413980 0.026584
vt 0.807834 0.055858
vt 0.956098 0.513968
vt 0.969681 0.495272
vt 0.973110 0.521559
vt 0.953535 0.189109
vt 0.964172 0.774697
vt 0.957588 0.760578
vt 0.965185 0.748075
vt 0.139801 0.505347
vt 0.261622 0.676723
vt 0.261622 0.651227
vt 0.287079 0.667295
vt 0.035134 0.723849
vt 0.023875 0.735656
vt 0.010476 0.724413
vt 0.195486 0.805376
vt 0.204455 0.811978
vt 0.199606 0.842595
vt 0.174456 0.003697
vt 0.188910 0.003697
vt 0.183504 0.016105
vt 0.198949 0.791253
vt 0.188011 0.538378
vt 0.258677 0.171482
vt 0.007168 0.427553
vt 0.001202 0.427553
vt 0.007214 0.417992
vt 0.034205 0.681791
vt 0.040092 0.691987
vt 0.033670 0.714249
vt 0.269703 0.628464
vt 0.294454 0.647234
vt 0.200155 0.216796
vt 0.065739 0.511385
vt 0.051390 0.526698
vt 0.050102 0.508628
vt 0.979718 0.730647
vt 0.968558 0.715287
vt 0.985897 0.712918
vt 0.584180 0.108285
vt 0.590376 0.091262
vt 0.591562 0.124084
vt 0.990893 0.410464
vt 0.990893 0.427159
vt 0.975939 0.415198
vt 0.134574 0.526254
vt 0.469687 0.049867
vt 0.092964 0.943730
vt 0.070512 0.974633
vt 0.064461 0.934773
vt 0.251325 0.258687
vt 0.283891 0.202496
vt 0.283922 0.215429
vt 0.258271 0.190512
vt 0.972971 0.302904
vt 0.972788 0.283828
vt 0.982606 0.298411
vt 0.065627 0.543848
vt 0.297064 0.748608
vt 0.891905 0.985914
vt 0.906907 0.977249
vt 0.930102 0.985691
vt 0.986894 0.958372
vt 0.977704 0.961316
vt 0.584576 0.083298
vt 0.577462 0.102345
vt 0.573864 0.094391
vt 0.915094 0.604615
vt 0.020677 0.847314
vt 0.005299 0.845158
vt 0.017828 0.838543
vt 0.039874 0.697210
vt 0.039874 0.730018
vt 0.034383 0.719720
vt 0.992155 0.292658
vt 0.996906 0.295627
vt 0.985272 0.299421
vt 0.798901 0.891147
vt 0.765299 0.894014
vt 0.759736 0.884378
vt 0.041495 0.274988
vt 0.027500 0.283069
vt 0.054364 0.253914
vt 0.137176 0.516914
vt 0.223397 0.179354
vt 0.953389 0.809775
vt 0.935720 0.785456
vt 0.953372 0.775868
vt 0.958002 0.807963
vt 0.965760 0.810787
vt 0.960011 0.834116
vt 0.588006 0.094589
vt 0.137880 0.493152
vt 0.035242 0.577585
vt 0.043388 0.586214
vt 0.026388 0.575958
vt 0.035338 0.587951
vt 0.799737 0.169974
vt 0.802720 0.188442
vt 0.781276 0.188442
vt 0.848149 0.488957
vt 0.828489 0.485490
vt 0.849820 0.448675
vt 0.147197 0.712988
vt 0.169221 0.741165
vt 0.136719 0.745236
vt 0.936044 0.404297
vt 0.921600 0.407291
vt 0.915179 0.386289
vt 0.027319 0.252080
vt 0.175104 0.327305
vt 0.157957 0.339359
vt 0.154679 0.329451
vt 0.014415 0.740508
vt 0.976433 0.477518
vt 0.979013 0.470430
vt 0.978349 0.491451
vt 0.800518 0.225598
vt 0.011916 0.824468
vt 0.003085 0.827079
vt 0.591412 0.005222
vt 0.591550 0.013144
vt 0.583203 0.002203
vt 0.136448 0.479772
vt 0.160554 0.309703
vt 0.973360 0.958593
vt 0.172314 0.298618
vt 0.189678 0.867235
vt 0.208761 0.883500
vt 0.270890 0.739785
vt 0.279039 0.730978
vt 0.295630 0.057230
vt 0.301343 0.041535
vt 0.321697 0.058790
vt 0.788494 0.900153
vt 0.933558 0.362056
vt 0.042400 0.598176
vt 0.917921 0.084984
vt 0.938450 0.075412
vt 0.948910 0.084901
vt 0.048627 0.580342
vt 0.167857 0.543495
vt 0.951481 0.026093
vt 0.946539 0.017533
vt 0.951132 0.009551
vt 0.260479 0.574267
vt 0.290568 0.597090
vt 0.268442 0.614604
vt 0.007936 0.737253
vt 0.144795 0.536766
vt 0.036329 0.605231
vt 0.817012 0.448747
vt 0.686883 0.016091
vt 0.674998 0.007456
vt 0.682879 0.005196
vt 0.970037 0.952311
vt 0.111306 0.297602
vt 0.097236 0.296371
vt 0.117120 0.271127
vt 0.100461 0.269920
vt 0.951482 0.652021
vt 0.952758 0.636530
vt 0.967133 0.634253
vt 0.033893 0.066278
vt 0.016088 0.055999
vt 0.044308 0.056113
vt 0.989757 0.998513
vt 0.981267 0.990596
vt 0.995960 0.994759
vt 0.269879 0.733913
vt 0.815730 0.171264
vt 0.032367 0.591982
vt 0.154389 0.049565
vt 0.154389 0.072217
vt 0.127789 0.051140
vt 0.242169 0.084375
vt 0.420133 0.008861
vt 0.406599 0.008861
vt 0.414273 0.002525
vt 0.095299 0.429317
vt 0.102345 0.448981
vt 0.078843 0.453125
vt 0.134180 0.536740
vt 0.324988 0.029536
vt 0.344745 0.023846
vt 0.338756 0.036550
vt 0.623597 0.071784
vt 0.292588 0.043045
vt 0.275829 0.041579
vt 0.301894 0.040123
vt 0.054800 0.582656
vt 0.958726 0.660302
vt 0.965561 0.656400
vt 0.558034 0.101522
vt 0.886730 0.955175
vt 0.421596 0.098809
vt 0.417775 0.095603
vt 0.435591 0.096385
vt 0.242005 0.854634
vt 0.343745 0.015035
vt 0.347977 0.002011
vt 0.350810 0.015811
vt 0.411906 0.101922
vt 0.605652 0.901281
vt 0.609259 0.888734
vt 0.645425 0.886838
vt 0.032168 0.859300
vt 0.026399 0.837771
vt 0.032512 0.827829
vt 0.272417 0.075860
vt 0.297880 0.094360
vt 0.275528 0.096417
vt 0.347784 0.031460
vt 0.726284 0.013474
vt 0.745498 0.013474
vt 0.738051 0.019200
vt 0.406743 0.043774
vt 0.398676 0.068602
vt 0.378901 0.048380
vt 0.321481 0.040220
vt 0.399558 0.096436
vt 0.296788 0.413045
vt 0.296788 0.485793
vt 0.264598 0.419567
vt 0.983152 0.283730
vt 0.116668 0.320674
vt 0.793840 0.997366
vt 0.786139 0.993272
vt 0.782635 0.988267
vt 0.273265 0.487829
vt 0.891184 0.394115
vt 0.153454 0.779091
vt 0.270495 0.715013
vt 0.859318 0.183330
vt 0.098973 0.092818
vt 0.081931 0.119062
vt 0.064280 0.085394
vt 0.057462 0.108988
vt 0.943263 0.648491
vt 0.301568 0.622351
vt 0.411748 0.989337
vt 0.411748 0.999772
vt 0.398153 0.998943
vt 0.658336 0.041181
vt 0.656021 0.049821
vt 0.656255 0.030377
vt 0.833491 0.087185
vt 0.843520 0.083335
vt 0.841213 0.094306
vt 0.355715 0.833376
vt 0.119754 0.977356
vt 0.113503 0.995512
vt 0.093117 0.998387
vt 0.985653 0.909164
vt 0.976826 0.909010
vt 0.987035 0.894796
vt 0.173835 0.061783
vt 0.184487 0.046570
vt 0.185076 0.073232
vt 0.946167 0.517220
vt 0.960327 0.516972
vt 0.956825 0.526592
vt 0.146376 0.315109
vt 0.890917 0.225033
vt 0.854133 0.168390
vt 0.872445 0.154670
vt 0.072061 0.155487
vt 0.081585 0.173739
vt 0.064949 0.169445
vt 0.008286 0.539394
vt 0.000130 0.545319
vt 0.000616 0.532404
vt 0.078931 0.477119
vt 0.099622 0.470001
vt 0.768327 0.994130
vt 0.750715 0.998862
vt 0.767256 0.988312
vt 0.977642 0.574140
vt 0.962520 0.563154
vt 0.979065 0.549622
vt 0.507192 0.766555
vt 0.507916 0.730122
vt 0.523223 0.762259
vt 0.923552 0.961443
vt 0.485228 0.080369
vt 0.520217 0.074492
vt 0.509700 0.090756
vt 0.058727 0.071180
vt 0.029887 0.071180
vt 0.049178 0.055552
vt 0.140010 0.124379
vt 0.151869 0.130163
vt 0.134725 0.138197
vt 0.969675 0.524114
vt 0.285703 0.180671
vt 0.212302 0.060205
vt 0.185718 0.060205
vt 0.204277 0.049201
vt 0.733772 0.886441
vt 0.612494 0.084598
vt 0.624265 0.072827
vt 0.642952 0.083614
vt 0.760003 0.044943
vt 0.755993 0.033066
vt 0.760839 0.030807
vt 0.584278 0.898461
vt 0.911388 0.356570
vt 0.007936 0.556606
vt 0.010310 0.541618
vt 0.025728 0.563828
vt 0.133771 0.541598
vt 0.896519 0.377607
vt 0.286784 0.507747
vt 0.012705 0.663569
vt 0.011358 0.672075
vt 0.002147 0.671023
vt 0.525532 0.731173
vt 0.820320 0.535921
vt 0.850333 0.083474
vt 0.928114 0.071279
vt 0.906539 0.055603
vt 0.922612 0.050999
vt 0.997961 0.844949
vt 0.986197 0.844949
vt 0.991099 0.838715
vt 0.135787 0.353362
vt 0.233504 0.473830
vt 0.222698 0.453730
vt 0.235461 0.451469
vt 0.986437 0.357019
vt 0.986437 0.372684
vt 0.968513 0.366291
vt 0.974941 0.853194
vt 0.989029 0.854921
vt 0.983490 0.862363
vt 0.072709 0.195008
vt 0.963242 0.071391
vt 0.967215 0.093926
vt 0.961498 0.096431
vt 0.993871 0.859995
vt 0.756997 0.023868
vt 0.549825 0.194057
vt 0.500071 0.185284
vt 0.575177 0.159903
vt 0.238202 0.464752
vt 0.234484 0.438297
vt 0.249883 0.462086
vt 0.838370 0.538523
vt 0.097161 0.526628
vt 0.107378 0.501596
vt 0.112879 0.509772
vt 0.825904 0.105279
vt 0.656663 0.999365
vt 0.631425 0.984794
vt 0.673526 0.984921
vt 0.752001 0.901266
vt 0.574664 0.189260
vt 0.764099 0.019252
vt 0.772229 0.012431
vt 0.782931 0.018916
vt 0.076168 0.684917
vt 0.067892 0.670582
vt 0.074053 0.645282
vt 0.989791 0.845558
vt 0.234610 0.993966
vt 0.234464 0.968502
vt 0.247471 0.976263
vt 0.501883 0.160232
vt 0.085363 0.186824
vt 0.097537 0.172820
vt 0.110677 0.197198
vt 0.301850 0.177947
vt 0.511195 0.101745
vt 0.237231 0.075472
vt 0.248456 0.081953
vt 0.217386 0.081674
vt 0.633670 0.923311
vt 0.625063 0.947481
vt 0.611949 0.930369
vt 0.545485 0.109053
vt 0.526147 0.085859
vt 0.553736 0.086382
vt 0.533228 0.929723
vt 0.565315 0.953035
vt 0.506963 0.953995
vt 0.438393 0.765282
vt 0.439261 0.729798
vt 0.152577 0.149892
vt 0.965068 0.232977
vt 0.967584 0.218706
vt 0.978992 0.237888
vt 0.251724 0.478142
vt 0.008855 0.485128
vt 0.000056 0.487987
vt 0.000706 0.477360
vt 0.139120 0.615628
vt 0.134199 0.616759
vt 0.134494 0.601955
vt 0.414567 0.768717
vt 0.113730 0.476343
vt 0.947755 0.334068
vt 0.965116 0.328427
vt 0.960268 0.356722
vt 0.845780 0.562711
vt 0.818214 0.561450
vt 0.138244 0.682006
vt 0.146352 0.640692
vt 0.145575 0.669308
vt 0.893572 0.987845
vt 0.934646 0.987845
vt 0.914272 0.995323
vt 0.160429 0.132323
vt 0.141247 0.599044
vt 0.142483 0.638574
vt 0.142895 0.653431
vt 0.137903 0.643766
vt 0.136334 0.628693
vt 0.222976 0.475235
vt 0.528900 0.961861
vt 0.830657 0.959338
vt 0.814908 0.954246
vt 0.823877 0.947593
vt 0.095948 0.232073
vt 0.073322 0.263215
vt 0.065438 0.215993
vt 0.000010 0.519572
vt 0.008405 0.513473
vt 0.006410 0.528112
vt 0.443406 0.973441
vt 0.440514 0.998836
vt 0.413530 0.996950
vt 0.998266 0.092458
vt 0.989294 0.085939
vt 0.998825 0.081305
vt 0.087864 0.226685
vt 0.235888 0.427437
vt 0.265628 0.469426
vt 0.040817 0.215264
vt 0.040817 0.180776
vt 0.045322 0.205644
vt 0.520521 0.111666
vt 0.157823 0.678491
vt 0.157739 0.701387
vt 0.160807 0.140352
vt 0.366011 0.153546
vt 0.433550 0.153546
vt 0.360014 0.184573
vt 0.423231 0.182853
vt 0.914060 0.120379
vt 0.932644 0.142251
vt 0.914060 0.141592
vt 0.862815 0.950167
vt 0.825802 0.107203
vt 0.853785 0.086872
vt 0.862317 0.115603
vt 0.947183 0.121593
vt 0.983777 0.864876
vt 0.996916 0.864876
vt 0.993540 0.876709
vt 0.218829 0.402551
vt 0.272220 0.706565
vt 0.127910 0.606981
vt 0.134742 0.162482
vt 0.122585 0.147025
vt 0.332278 0.970818
vt 0.342869 0.970448
vt 0.322477 0.999354
vt 0.978422 0.244296
vt 0.988219 0.230812
vt 0.992865 0.247406
vt 0.317082 0.604007
vt 0.033866 0.729323
vt 0.039896 0.730939
vt 0.035700 0.762261
vt 0.461718 0.996099
vt 0.492715 0.621085
vt 0.978402 0.216568
vt 0.318007 0.625750
vt 0.617584 0.434365
vt 0.125993 0.621482
vt 0.648426 0.724792
vt 0.665913 0.727165
vt 0.659449 0.763822
vt 0.265824 0.435981
vt 0.384776 0.046326
vt 0.384776 0.030407
vt 0.407304 0.039399
vt 0.338858 0.993097
vt 0.589494 0.159726
vt 0.567802 0.159039
vt 0.561814 0.130868
vt 0.429977 0.943650
vt 0.404549 0.958331
vt 0.383884 0.943704
vt 0.329153 0.254735
vt 0.324839 0.305641
vt 0.300666 0.301379
vt 0.080739 0.800586
vt 0.096462 0.807918
vt 0.078930 0.812148
vt 0.571468 0.008023
vt 0.576066 0.022175
vt 0.556113 0.016604
vt 0.247646 0.411483
vt 0.782981 0.937243
vt 0.762798 0.948896
vt 0.734346 0.939474
vt 0.953682 0.966874
vt 0.966120 0.979312
vt 0.953911 0.992532
vt 0.068867 0.083970
vt 0.082653 0.072402
vt 0.099450 0.084528
vt 0.185977 0.429142
vt 0.171830 0.446002
vt 0.166469 0.409900
vt 0.664784 0.934273
vt 0.124432 0.636233
vt 0.404694 0.053818
vt 0.425631 0.049749
vt 0.419085 0.077479
vt 0.548850 0.337295
vt 0.494625 0.362575
vt 0.517555 0.348686
vt 0.151516 0.011489
vt 0.169771 0.011489
vt 0.161569 0.026135
vt 0.644106 0.753603
vt 0.234396 0.409966
vt 0.158785 0.656478
vt 0.978575 0.001986
vt 0.973280 0.006429
vt 0.965980 0.002314
vt 0.204962 0.461982
vt 0.209955 0.981705
vt 0.297349 0.218950
vt 0.974425 0.745755
vt 0.985082 0.751908
vt 0.965908 0.752760
vt 0.955325 0.876888
vt 0.955325 0.907766
vt 0.927843 0.895700
vt 0.931549 0.164770
vt 0.146384 0.640693
vt 0.230806 0.082837
vt 0.244414 0.094256
vt 0.211526 0.095381
vt 0.847721 0.362628
vt 0.866226 0.291708
vt 0.868049 0.340829
vt 0.377769 0.072425
vt 0.387997 0.095397
vt 0.363488 0.077232
vt 0.343703 0.110367
vt 0.326344 0.095802
vt 0.350335 0.095079
vt 0.948316 0.144251
vt 0.215535 0.965979
vt 0.229046 0.945638
vt 0.362764 0.108133
vt 0.966357 0.370375
vt 0.977702 0.370375
vt 0.973480 0.391012
vt 0.654906 0.056324
vt 0.635193 0.042001
vt 0.654233 0.036251
vt 0.587720 0.981004
vt 0.581431 0.976696
vt 0.588432 0.972655
vt 0.559939 0.349183
vt 0.906767 0.460731
vt 0.901992 0.433865
vt 0.916831 0.431248
vt 0.118896 0.166175
vt 0.869692 0.999492
vt 0.827833 0.999492
vt 0.841392 0.987142
vt 0.197708 0.475724
vt 0.142995 0.111112
vt 0.175702 0.114733
vt 0.165374 0.121548
vt 0.098308 0.850483
vt 0.094925 0.862303
vt 0.084294 0.857602
vt 0.138159 0.123541
vt 0.009539 0.395958
vt 0.009539 0.367409
vt 0.013233 0.373575
vt 0.087590 0.877907
vt 0.734567 0.727584
vt 0.731670 0.752647
vt 0.026458 0.307580
vt 0.041466 0.300112
vt 0.046407 0.309811
vt 0.032416 0.826731
vt 0.015349 0.803241
vt 0.032671 0.802477
vt 0.522388 0.141495
vt 0.092846 0.846898
vt 0.133655 0.457904
vt 0.306512 0.002566
vt 0.320716 0.002566
vt 0.311147 0.014761
vt 0.901820 0.472074
vt 0.438375 0.063592
vt 0.325155 0.331255
vt 0.292629 0.327424
vt 0.100482 0.833606
vt 0.216842 0.824728
vt 0.227998 0.810052
vt 0.240816 0.822871
vt 0.106070 0.950907
vt 0.132113 0.936664
vt 0.136046 0.952439
vt 0.197792 0.620840
vt 0.208630 0.629503
vt 0.189280 0.657138
vt 0.238718 0.681978
vt 0.215490 0.675755
vt 0.245401 0.661669
vt 0.170303 0.970489
vt 0.171051 0.991888
vt 0.148591 0.977755
vt 0.296959 0.110158
vt 0.262495 0.098960
vt 0.301366 0.095288
vt 0.250587 0.810788
vt 0.962970 0.240090
vt 0.948089 0.219608
vt 0.965277 0.217831
vt 0.115206 0.475164
vt 0.103878 0.456262
vt 0.110834 0.437150
vt 0.098655 0.479113
vt 0.336337 0.624427
vt 0.081108 0.870024
vt 0.888912 0.276976
vt 0.215671 0.605178
vt 0.884159 0.438130
vt 0.986544 0.255591
vt 0.986544 0.273617
vt 0.967911 0.258209
vt 0.216800 0.593270
vt 0.885418 0.407505
vt 0.915380 0.406144
vt 0.316356 0.338970
vt 0.078331 0.887466
vt 0.199073 0.395069
vt 0.047245 0.622002
vt 0.064494 0.616397
vt 0.066617 0.652415
vt 0.581043 0.964045
vt 0.777310 0.038302
vt 0.781931 0.043808
vt 0.776980 0.063183
vt 0.020919 0.292169
vt 0.191508 0.976477
vt 0.398192 0.886198
vt 0.422161 0.887453
vt 0.417561 0.913537
vt 0.113931 0.998848
vt 0.120440 0.978815
vt 0.121218 0.998908
vt 0.654610 0.942429
vt 0.669950 0.932308
vt 0.670883 0.947404
vt 0.515314 0.998911
vt 0.476270 0.998911
vt 0.514535 0.980792
vt 0.442835 0.922488
vt 0.434455 0.930348
vt 0.412159 0.927079
vt 0.405559 0.915969
vt 0.386373 0.907291
vt 0.386406 0.932614
vt 0.353958 0.030529
vt 0.343766 0.016501
vt 0.369105 0.017639
vt 0.116142 0.936549
vt 0.132339 0.395562
vt 0.934497 0.989350
vt 0.931314 0.999759
vt 0.915504 0.996699
vt 0.083231 0.846931
vt 0.214964 0.738143
vt 0.519674 0.120056
vt 0.512010 0.106781
vt 0.518174 0.085885
vt 0.090687 0.940921
vt 0.195379 0.021384
vt 0.195373 0.033352
vt 0.188284 0.028480
vt 0.215080 0.678486
vt 0.191805 0.041982
vt 0.077434 0.846693
vt 0.918287 0.022864
vt 0.914630 0.037532
vt 0.901515 0.035993
vt 0.296563 0.227939
vt 0.299386 0.302024
vt 0.263980 0.312849
vt 0.890255 0.276415
vt 0.896453 0.367150
vt 0.872869 0.341300
vt 0.508724 0.092869
vt 0.510865 0.110305
vt 0.485670 0.082269
vt 0.058330 0.146716
vt 0.050086 0.148925
vt 0.050372 0.113451
vt 0.488051 0.103294
vt 0.102774 0.426333
vt 0.992000 0.213833
vt 0.988319 0.202503
vt 0.995840 0.203005
vt 0.274661 0.042783
vt 0.266923 0.046391
vt 0.267492 0.024401
vt 0.923261 0.818075
vt 0.926280 0.797775
vt 0.932880 0.801414
vt 0.855528 0.365543
vt 0.989636 0.101407
vt 0.989636 0.088692
vt 0.996998 0.094314
vt 0.572230 0.975961
vt 0.725254 0.056737
vt 0.724352 0.043845
vt 0.740108 0.066115
vt 0.001124 0.237506
vt 0.008062 0.227957
vt 0.009272 0.241845
vt 0.216020 0.061622
vt 0.228420 0.074022
vt 0.202535 0.074003
vt 0.110743 0.435118
vt 0.102074 0.418140
vt 0.111293 0.411685
vt 0.082740 0.124009
vt 0.123696 0.124009
vt 0.097544 0.132922
vt 0.103736 0.382704
vt 0.689563 0.930682
vt 0.659873 0.931142
vt 0.667212 0.911927
vt 0.635685 0.921924
vt 0.866856 0.131104
vt 0.866856 0.095629
vt 0.874233 0.117668
vt 0.261274 0.744472
vt 0.077240 0.841988
vt 0.929403 0.597002
vt 0.910412 0.595341
vt 0.944539 0.594582
vt 0.632772 0.109861
vt 0.650943 0.097137
vt 0.668219 0.111278
vt 0.066629 0.654807
vt 0.050084 0.643647
vt 0.047728 0.626382
vt 0.889823 0.877372
vt 0.911712 0.847244
vt 0.911399 0.893974
vt 0.986275 0.446982
vt 0.973875 0.437973
vt 0.986521 0.424800
vt 0.283242 0.939852
vt 0.273347 0.905562
vt 0.313317 0.900654
vt 0.731620 0.065003
vt 0.720386 0.081047
vt 0.719865 0.053111
vt 0.192701 0.044435
vt 0.198379 0.028834
vt 0.198884 0.051364
vt 0.689863 0.941391
vt 0.913084 0.748821
vt 0.945827 0.738182
vt 0.931400 0.788056
vt 0.231624 0.062943
vt 0.562166 0.978070
vt 0.567993 0.969961
vt 0.445649 0.211738
vt 0.459881 0.187088
vt 0.470926 0.213851
vt 0.123270 0.176116
vt 0.933483 0.790481
vt 0.946749 0.664215
vt 0.949271 0.680142
vt 0.920036 0.657483
vt 0.329265 0.085799
vt 0.347352 0.094232
vt 0.315025 0.094399
vt 0.882185 0.187467
vt 0.881961 0.157718
vt 0.899608 0.176580
vt 0.425891 0.214824
vt 0.440579 0.204794
vt 0.944653 0.982723
vt 0.949794 0.998546
vt 0.938325 0.998960
vt 0.742118 0.042796
vt 0.243631 0.163301
vt 0.242124 0.131254
vt 0.260593 0.143087
vt 0.975420 0.908774
vt 0.975420 0.889741
vt 0.986461 0.892596
vt 0.571232 0.930921
vt 0.541678 0.926469
vt 0.545685 0.911514
vt 0.353382 0.596747
vt 0.026111 0.179174
vt 0.004202 0.177257
vt 0.022449 0.163949
vt 0.138973 0.168415
vt 0.359663 0.830100
vt 0.392473 0.815091
vt 0.395486 0.833865
vt 0.694641 0.069668
vt 0.698428 0.078404
vt 0.688207 0.077689
vt 0.755314 0.735973
vt 0.994001 0.113078
vt 0.986497 0.120582
vt 0.986197 0.104665
vt 0.216634 0.027778
vt 0.238066 0.034741
vt 0.214905 0.045490
vt 0.941148 0.040414
vt 0.926344 0.037804
vt 0.951874 0.038215
vt 0.555163 0.978401
vt 0.976743 0.940440
vt 0.977773 0.928667
vt 0.993059 0.942403
vt 0.708185 0.066366
vt 0.717734 0.074444
vt 0.090871 0.305721
vt 0.074970 0.293739
vt 0.078394 0.269526
vt 0.243879 0.023004
vt 0.241254 0.008118
vt 0.252030 0.025546
vt 0.755399 0.763602
vt 0.820933 0.938987
vt 0.840516 0.907548
vt 0.870227 0.922686
vt 0.744988 0.437376
vt 0.683868 0.605304
vt 0.683229 0.394201
vt 0.988584 0.555415
vt 0.974400 0.545109
vt 0.989957 0.537159
vt 0.027896 0.119685
vt 0.007454 0.112245
vt 0.032150 0.111008
vt 0.394155 0.201730
vt 0.864729 0.960839
vt 0.849031 0.974092
vt 0.848009 0.960839
vt 0.716067 0.065931
vt 0.359419 0.031685
vt 0.384145 0.031685
vt 0.360416 0.053977
vt 0.003097 0.153995
vt 0.364868 0.866005
vt 0.325802 0.873523
vt 0.287424 0.326516
vt 0.206102 0.015631
vt 0.206236 0.007935
vt 0.219641 0.017312
vt 0.078655 0.401649
vt 0.078655 0.439935
vt 0.065405 0.431137
vt 0.897349 0.024063
vt 0.879878 0.024063
vt 0.880361 0.010096
vt 0.287748 0.156322
vt 0.278103 0.156919
vt 0.310846 0.135169
vt 0.919295 0.782337
vt 0.587095 0.334243
vt 0.657756 0.363167
vt 0.910576 0.783114
vt 0.103661 0.912413
vt 0.003005 0.852918
vt 0.000626 0.845597
vt 0.017196 0.847958
vt 0.077026 0.832456
vt 0.063073 0.830743
vt 0.065692 0.797247
vt 0.308427 0.952415
vt 0.309721 0.930455
vt 0.320379 0.949656
vt 0.010442 0.854100
vt 0.025696 0.854100
vt 0.012991 0.882039
vt 0.998802 0.426088
vt 0.991792 0.426088
vt 0.995768 0.418467
vt 0.378874 0.867209
vt 0.259241 0.008420
vt 0.045855 0.485281
vt 0.049025 0.499671
vt 0.034670 0.506365
vt 0.211175 0.119344
vt 0.183731 0.121745
vt 0.169519 0.120177
vt 0.599548 0.158601
vt 0.626757 0.138209
vt 0.630500 0.160223
vt 0.483833 0.484129
vt 0.480236 0.315391
vt 0.494517 0.475164
vt 0.792386 0.054543
vt 0.809164 0.077636
vt 0.777965 0.071296
vt 0.873756 0.053301
vt 0.862499 0.045593
vt 0.871720 0.036688
vt 0.992925 0.924924
vt 0.149078 0.857870
vt 0.135199 0.847026
vt 0.156804 0.845323
vt 0.035998 0.447055
vt 0.008061 0.447465
vt 0.008061 0.425227
vt 0.707542 0.080512
vt 0.489443 0.309436
vt 0.458553 0.361944
vt 0.465704 0.280205
vt 0.462759 0.440587
vt 0.589727 0.146006
vt 0.343595 0.528695
vt 0.343595 0.359919
vt 0.348980 0.450124
vt 0.960019 0.012196
vt 0.969862 0.007606
vt 0.975625 0.012007
vt 0.051720 0.880614
vt 0.061787 0.874349
vt 0.069799 0.889417
vt 0.093169 0.968171
vt 0.093169 0.949156
vt 0.138514 0.958598
vt 0.986324 0.353507
vt 0.998825 0.353507
vt 0.995184 0.364315
vt 0.375051 0.055443
vt 0.854461 0.039300
vt 0.859081 0.034322
vt 0.464975 0.471026
vt 0.479580 0.459073
vt 0.474470 0.476509
vt 0.701810 0.086544
vt 0.552156 0.069565
vt 0.552156 0.046771
vt 0.578537 0.056642
vt 0.750895 0.052193
vt 0.262095 0.939105
vt 0.254505 0.922394
vt 0.465943 0.310620
vt 0.022872 0.420357
vt 0.915844 0.037592
vt 0.920166 0.024290
vt 0.939107 0.036501
vt 0.189613 0.152888
vt 0.189750 0.175878
vt 0.187785 0.192028
vt 0.885994 0.959796
vt 0.839253 0.959796
vt 0.866519 0.950105
vt 0.476142 0.196635
vt 0.803921 0.077793
vt 0.795638 0.092736
vt 0.781272 0.073441
vt 0.911351 0.810652
vt 0.946553 0.086698
vt 0.967309 0.101778
vt 0.953568 0.104391
vt 0.975662 0.339651
vt 0.974128 0.354248
vt 0.962457 0.357379
vt 0.157442 0.148232
vt 0.165483 0.134976
vt 0.788953 0.011667
vt 0.774908 0.011667
vt 0.780492 0.007640
vt 0.987184 0.270238
vt 0.987376 0.255485
vt 0.992804 0.255010
vt 0.714936 0.018268
vt 0.714936 0.003514
vt 0.720213 0.012297
vt 0.515896 0.931555
vt 0.311211 0.039460
vt 0.298690 0.022227
vt 0.311188 0.021927
vt 0.240156 0.050365
vt 0.254363 0.046559
vt 0.267270 0.051461
vt 0.988954 0.754975
vt 0.989098 0.763239
vt 0.975754 0.765322
vt 0.768356 0.080414
vt 0.740769 0.126851
vt 0.754425 0.119443
vt 0.766143 0.145761
vt 0.820914 0.959571
vt 0.662742 0.079669
vt 0.657487 0.099280
vt 0.647062 0.075970
vt 0.544572 0.927969
vt 0.569184 0.932807
vt 0.563016 0.949754
vt 0.009542 0.347114
vt 0.038478 0.347114
vt 0.013811 0.372193
vt 0.652136 0.245021
vt 0.629785 0.226266
vt 0.762295 0.226530
vt 0.894935 0.225846
vt 0.885970 0.236530
vt 0.804570 0.226206
vt 0.066335 0.545109
vt 0.076623 0.573376
vt 0.065456 0.584099
vt 0.064811 0.584580
vt 0.043605 0.577277
vt 0.044552 0.557500
vt 0.941987 0.037089
vt 0.924381 0.024297
vt 0.945917 0.026247
vt 0.143637 0.837934
vt 0.043072 0.869190
vt 0.993509 0.264417
vt 0.266334 0.026969
vt 0.266334 0.049763
vt 0.251983 0.043094
vt 0.196102 0.875220
vt 0.204313 0.890662
vt 0.189351 0.872573
vt 0.816407 0.923694
vt 0.410837 0.965034
vt 0.367284 0.973793
vt 0.386814 0.947580
vt 0.610443 0.122450
vt 0.998456 0.448312
vt 0.987188 0.448312
vt 0.992814 0.436341
vt 0.766492 0.120070
vt 0.778538 0.148874
vt 0.821100 0.941601
vt 0.804910 0.953858
vt 0.813325 0.934213
vt 0.463157 0.470143
vt 0.455479 0.453677
vt 0.453674 0.304609
vt 0.027554 0.370857
vt 0.724270 0.013826
vt 0.716049 0.002511
vt 0.729000 0.003449
vt 0.329329 0.924813
vt 0.009298 0.326595
vt 0.001593 0.326595
vt 0.007950 0.314989
vt 0.271916 0.131541
vt 0.018319 0.723047
vt 0.009937 0.697250
vt 0.023231 0.697866
vt 0.970677 0.025558
vt 0.952095 0.025558
vt 0.954553 0.013056
vt 0.049489 0.517194
vt 0.543747 0.979724
vt 0.783914 0.103786
vt 0.679176 0.074997
vt 0.669875 0.102726
vt 0.365896 0.951599
vt 0.719649 0.214527
vt 0.711082 0.224635
vt 0.696252 0.215187
vt 0.683220 0.124847
vt 0.716283 0.130822
vt 0.691465 0.140354
vt 0.382913 0.983608
vt 0.936834 0.215721
vt 0.936834 0.171408
vt 0.944355 0.210602
vt 0.002284 0.130148
vt 0.000650 0.124803
vt 0.010241 0.128157
vt 0.437479 0.182206
vt 0.989049 0.577731
vt 0.993849 0.592505
vt 0.984864 0.592566
vt 0.695732 0.203447
vt 0.907591 0.044058
vt 0.901158 0.037625
vt 0.927060 0.039085
vt 0.094557 0.635214
vt 0.102394 0.662175
vt 0.084332 0.664714
vt 0.914169 0.773509
vt 0.702816 0.932300
vt 0.330034 0.944159
vt 0.041549 0.949072
vt 0.029516 0.952495
vt 0.018667 0.926936
vt 0.880076 0.140352
vt 0.620837 0.070436
vt 0.616359 0.054550
vt 0.631530 0.056145
vt 0.844672 0.168469
vt 0.864711 0.139266
vt 0.873959 0.152128
vt 0.959064 0.546380
vt 0.967174 0.532332
vt 0.966419 0.558262
vt 0.089002 0.050610
vt 0.089002 0.075627
vt 0.083275 0.065821
vt 0.059308 0.856623
vt 0.013429 0.274856
vt 0.022087 0.286797
vt 0.009596 0.286653
vt 0.578000 0.011468
vt 0.577642 0.021717
vt 0.572496 0.007491
vt 0.927999 0.901271
vt 0.424346 0.182921
vt 0.519600 0.122914
vt 0.508491 0.122972
vt 0.515468 0.115757
vt 0.967984 0.808941
vt 0.975676 0.819148
vt 0.961948 0.831158
vt 0.937037 0.023659
vt 0.918904 0.023659
vt 0.926727 0.011490
vt 0.913249 0.184017
vt 0.905562 0.148405
vt 0.185740 0.060898
vt 0.214755 0.060898
vt 0.204528 0.065834
vt 0.796809 0.929769
vt 0.950144 0.413012
vt 0.971388 0.414871
vt 0.951749 0.425897
vt 0.943297 0.282822
vt 0.944966 0.308709
vt 0.937708 0.303681
vt 0.162326 0.828687
vt 0.929399 0.933585
vt 0.935666 0.929197
vt 0.929675 0.952440
vt 0.197284 0.906213
vt 0.185786 0.891041
vt 0.966787 0.663829
vt 0.951778 0.684487
vt 0.947570 0.663038
vt 0.792533 0.282993
vt 0.642120 0.282993
vt 0.747428 0.267502
vt 0.477206 0.911448
vt 0.446127 0.922760
vt 0.420814 0.909418
vt 0.044535 0.863490
vt 0.535955 0.916279
vt 0.513160 0.931067
vt 0.505320 0.909527
vt 0.002548 0.363050
vt 0.007366 0.348222
vt 0.011809 0.366134
vt 0.010486 0.786842
vt 0.031036 0.801772
vt 0.008568 0.800012
vt 0.187121 0.012574
vt 0.187121 0.027030
vt 0.183672 0.019684
vt 0.644768 0.135092
vt 0.069786 0.249094
vt 0.041664 0.215527
vt 0.064746 0.220512
vt 0.971638 0.436493
vt 0.605599 0.071688
vt 0.810360 0.959667
vt 0.098762 0.560286
vt 0.086245 0.538626
vt 0.099398 0.542068
vt 0.089811 0.513476
vt 0.109845 0.679906
vt 0.855172 0.043492
vt 0.868624 0.051259
vt 0.850695 0.049154
vt 0.013897 0.958213
vt 0.708735 0.013164
vt 0.694236 0.013164
vt 0.695480 0.004163
vt 0.531752 0.064781
vt 0.547115 0.043635
vt 0.551416 0.063877
vt 0.452951 0.840052
vt 0.482631 0.837456
vt 0.441873 0.860638
vt 0.849694 0.042186
vt 0.204524 0.162662
vt 0.693117 0.225211
vt 0.188082 0.953383
vt 0.208361 0.930281
vt 0.216695 0.953383
vt 0.620671 0.955399
vt 0.601848 0.958718
vt 0.573884 0.954649
vt 0.941714 0.948265
vt 0.473657 0.026787
vt 0.491889 0.040034
vt 0.473457 0.047470
vt 0.067901 0.798767
vt 0.079624 0.802095
vt 0.074247 0.819683
vt 0.330987 0.080872
vt 0.306142 0.098923
vt 0.306594 0.070879
vt 0.157065 0.075340
vt 0.157286 0.082221
vt 0.135691 0.084110
vt 0.590522 0.946781
vt 0.930415 0.910681
vt 0.037934 0.384121
vt 0.028897 0.375084
vt 0.036523 0.353998
vt 0.041105 0.250315
vt 0.322955 0.076205
vt 0.326786 0.059611
vt 0.335764 0.080488
vt 0.944648 0.326584
vt 0.069639 0.044384
vt 0.045708 0.044384
vt 0.049522 0.036309
vt 0.129582 0.355819
vt 0.116457 0.328061
vt 0.129582 0.329234
vt 0.488029 0.115376
vt 0.500253 0.108106
vt 0.976882 0.055882
vt 0.976882 0.036197
vt 0.978564 0.050243
vt 0.352959 0.932678
vt 0.239354 0.337251
vt 0.262738 0.369436
vt 0.219527 0.375385
vt 0.916365 0.698965
vt 0.916365 0.655985
vt 0.947496 0.683430
vt 0.984328 0.139117
vt 0.992900 0.139117
vt 0.985026 0.154943
vt 0.415293 0.104526
vt 0.385519 0.125523
vt 0.368371 0.101920
vt 0.135253 0.012625
vt 0.135253 0.002227
vt 0.148905 0.005740
vt 0.391980 0.095269
vt 0.265468 0.888861
vt 0.243865 0.095245
vt 0.233392 0.110201
vt 0.208116 0.096865
vt 0.126377 0.074306
vt 0.151526 0.795101
vt 0.954105 0.597126
vt 0.966633 0.604359
vt 0.945248 0.604235
vt 0.730406 0.962765
vt 0.750483 0.963579
vt 0.772966 0.982444
vt 0.187892 0.848737
vt 0.646771 0.021819
vt 0.653803 0.031151
vt 0.633821 0.025010
vt 0.944859 0.923560
vt 0.014963 0.305342
vt 0.826557 0.035944
vt 0.809644 0.023656
vt 0.832930 0.022967
vt 0.593547 0.929956
vt 0.539982 0.050290
vt 0.531305 0.062682
vt 0.532116 0.037813
vt 0.187686 0.930863
vt 0.002578 0.972288
vt 0.005838 0.979278
vt 0.003009 0.993554
vt 0.072347 0.781307
vt 0.482875 0.124072
vt 0.237175 0.406773
vt 0.661319 0.149905
vt 0.660945 0.135936
vt 0.006245 0.187383
vt 0.003616 0.202298
vt 0.003161 0.177405
vt 0.269223 0.018982
vt 0.257599 0.034982
vt 0.256519 0.016998
vt 0.472720 0.055201
vt 0.465399 0.032668
vt 0.471690 0.031928
vt 0.486415 0.016378
vt 0.486415 0.032632
vt 0.466555 0.017166
vt 0.289579 0.983800
vt 0.276572 0.999301
vt 0.276263 0.977123
vt 0.982596 0.817703
vt 0.966414 0.805946
vt 0.982056 0.794673
vt 0.678112 0.209612
vt 0.843752 0.052368
vt 0.008777 0.865387
vt 0.003944 0.868771
vt 0.000629 0.865576
vt 0.312123 0.015942
vt 0.314233 0.023815
vt 0.312005 0.031087
vt 0.114502 0.811284
vt 0.093487 0.802750
vt 0.100802 0.784645
vt 0.050646 0.998724
vt 0.054332 0.999711
vt 0.043688 0.999792
vt 0.789161 0.809555
vt 0.795063 0.760507
vt 0.810351 0.801051
vt 0.498234 0.201867
vt 0.479763 0.191203
vt 0.557786 0.195512
vt 0.588073 0.123516
vt 0.559452 0.102722
vt 0.581527 0.103833
vt 0.503220 0.834495
vt 0.396780 0.834357
vt 0.482929 0.805516
vt 0.440292 0.097341
vt 0.448322 0.089311
vt 0.447081 0.121580
vt 0.078749 0.965073
vt 0.106452 0.972840
vt 0.089928 0.999283
vt 0.082234 0.688053
vt 0.008493 0.255371
vt 0.001217 0.253006
vt 0.008684 0.251560
vt 0.337343 0.061144
vt 0.635186 0.169992
vt 0.713328 0.169992
vt 0.676555 0.175057
vt 0.276263 0.959115
vt 0.659778 0.149481
vt 0.414138 0.835331
vt 0.000961 0.506102
vt 0.008275 0.511416
vt 0.000636 0.517166
vt 0.196203 0.133715
vt 0.208699 0.141382
vt 0.134560 0.016547
vt 0.134560 0.036423
vt 0.123361 0.024257
vt 0.127656 0.798592
vt 0.191945 0.096086
vt 0.184788 0.115748
vt 0.185469 0.082767
vt 0.974677 0.890186
vt 0.974677 0.912289
vt 0.955027 0.911202
vt 0.007439 0.799934
vt 0.000549 0.790451
vt 0.009352 0.786700
vt 0.321730 0.999928
vt 0.294111 0.999928
vt 0.299703 0.967399
vt 0.519947 0.963591
vt 0.543349 0.962380
vt 0.538003 0.976234
vt 0.803772 0.961816
vt 0.774081 0.960543
vt 0.355263 0.067029
vt 0.113931 0.188582
vt 0.106007 0.184687
vt 0.114782 0.165868
vt 0.004648 0.761780
vt 0.006643 0.748487
vt 0.026045 0.755935
vt 0.975082 0.931970
vt 0.975082 0.949881
vt 0.964027 0.935694
vt 0.683162 0.959136
vt 0.670662 0.974032
vt 0.639611 0.959674
vt 0.039568 0.688423
vt 0.033333 0.671293
vt 0.039934 0.656132
vt 0.772959 0.945513
vt 0.460218 0.088253
vt 0.482635 0.087772
vt 0.469940 0.105792
vt 0.452024 0.077619
vt 0.438537 0.073752
vt 0.452466 0.066985
vt 0.942790 0.909442
vt 0.194306 0.920899
vt 0.223391 0.908443
vt 0.226423 0.933141
vt 0.956096 0.876395
vt 0.964088 0.899842
vt 0.956096 0.896262
vt 0.308567 0.956628
vt 0.330047 0.972853
vt 0.308950 0.978555
vt 0.012373 0.572153
vt 0.003034 0.566761
vt 0.020728 0.566462
vt 0.128089 0.297646
vt 0.203125 0.531949
vt 0.195989 0.565521
vt 0.180265 0.502177
vt 0.266713 0.382921
vt 0.965268 0.926851
vt 0.902399 0.104613
vt 0.897209 0.119652
vt 0.881067 0.106107
vt 0.869892 0.129954
vt 0.249753 0.918814
vt 0.238144 0.918775
vt 0.382035 0.984572
vt 0.344202 0.996864
vt 0.348930 0.967492
vt 0.822511 0.017755
vt 0.822511 0.003533
vt 0.837885 0.008792
vt 0.917305 0.021798
vt 0.900315 0.034142
vt 0.899032 0.023145
vt 0.087691 0.770040
vt 0.670271 0.222170
vt 0.723002 0.985183
vt 0.765612 0.985183
vt 0.747994 0.999471
vt 0.931773 0.535293
vt 0.953236 0.555307
vt 0.914586 0.541840
vt 0.321967 0.996838
vt 0.137900 0.722711
vt 0.119515 0.723021
vt 0.114225 0.708487
vt 0.988508 0.897264
vt 0.997415 0.897887
vt 0.987238 0.905212
vt 0.435373 0.068538
vt 0.440001 0.095391
vt 0.432647 0.084749
vt 0.444106 0.088813
vt 0.479887 0.930897
vt 0.966676 0.885525
vt 0.967211 0.258386
vt 0.946156 0.258386
vt 0.955757 0.232704
vt 0.520345 0.114537
vt 0.542772 0.112012
vt 0.545883 0.134145
vt 0.027364 0.403129
vt 0.051844 0.385343
vt 0.041819 0.406241
vt 0.079380 0.675663
vt 0.079380 0.634734
vt 0.092897 0.635254
vt 0.124717 0.971020
vt 0.368293 0.187495
vt 0.347129 0.196550
vt 0.328660 0.178082
vt 0.130132 0.188158
vt 0.126997 0.215364
vt 0.907336 0.130040
vt 0.585971 0.080492
vt 0.572334 0.093208
vt 0.571640 0.072242
vt 0.449048 0.103182
vt 0.909874 0.565213
vt 0.920941 0.550528
vt 0.934915 0.593116
vt 0.444543 0.052711
vt 0.452894 0.066266
vt 0.439750 0.065881
vt 0.969313 0.713655
vt 0.975292 0.695256
vt 0.982172 0.706838
vt 0.456569 0.902339
vt 0.423005 0.898132
vt 0.451262 0.887760
vt 0.422505 0.869620
vt 0.434246 0.078396
vt 0.944706 0.517465
vt 0.951619 0.526692
vt 0.899243 0.594522
vt 0.217260 0.566635
vt 0.973450 0.978417
vt 0.990412 0.978417
vt 0.984840 0.988910
vt 0.989747 0.009853
vt 0.996887 0.007533
vt 0.996781 0.023160
vt 0.564707 0.970018
vt 0.989281 0.383737
vt 0.998343 0.383737
vt 0.989967 0.396462
vt 0.977776 0.027709
vt 0.967006 0.012885
vt 0.987944 0.013225
vt 0.558864 0.127944
vt 0.985827 0.064153
vt 0.985827 0.048223
vt 0.994372 0.052528
vt 0.941580 0.111721
vt 0.904460 0.111721
vt 0.904627 0.105605
vt 0.322101 0.196056
vt 0.774050 0.962606
vt 0.976746 0.518717
vt 0.987397 0.504056
vt 0.989096 0.518106
vt 0.107033 0.216806
vt 0.952832 0.976903
vt 0.952382 0.999468
vt 0.945188 0.980468
vt 0.321758 0.217663
vt 0.706273 0.126023
vt 0.677391 0.105039
vt 0.705695 0.096254
vt 0.427517 0.073178
vt 0.396082 0.863279
vt 0.921336 0.597685
vt 0.951436 0.597685
vt 0.944458 0.602810
vt 0.889682 0.037795
vt 0.883984 0.056076
vt 0.874419 0.041884
vt 0.558419 0.097310
vt 0.062211 0.384068
vt 0.038863 0.384068
vt 0.061546 0.371781
vt 0.239159 0.932318
vt 0.481945 0.888938
vt 0.236077 0.936201
vt 0.959645 0.861656
vt 0.973440 0.853691
vt 0.979959 0.861311
vt 0.667425 0.206290
vt 0.267959 0.417204
vt 0.232784 0.139889
vt 0.233075 0.155150
vt 0.554145 0.003521
vt 0.568622 0.008225
vt 0.553160 0.015291
vt 0.822109 0.101858
vt 0.787792 0.101858
vt 0.809274 0.088737
vt 0.631977 0.009955
vt 0.621984 0.023708
vt 0.623366 0.010473
vt 0.987060 0.002548
vt 0.975317 0.006363
vt 0.980512 0.002759
vt 0.980560 0.178098
vt 0.967955 0.180094
vt 0.979792 0.163966
vt 0.790495 0.054646
vt 0.779180 0.059218
vt 0.783952 0.044154
vt 0.084506 0.135775
vt 0.084506 0.174126
vt 0.065989 0.142439
vt 0.046210 0.045103
vt 0.071612 0.045103
vt 0.060192 0.071233
vt 0.476372 0.200131
vt 0.001230 0.970744
vt 0.002521 0.958464
vt 0.011146 0.958503
vt 0.993713 0.562042
vt 0.987356 0.570179
vt 0.981817 0.558079
vt 0.170412 0.003514
vt 0.179113 0.015490
vt 0.170392 0.018763
vt 0.423727 0.152611
vt 0.453270 0.129833
vt 0.488956 0.154821
vt 0.555732 0.104469
vt 0.269807 0.979337
vt 0.275738 0.983490
vt 0.270723 0.994426
vt 0.082966 0.857742
vt 0.072212 0.888953
vt 0.062679 0.873030
vt 0.302118 0.100937
vt 0.323796 0.095129
vt 0.298656 0.108848
vt 0.233701 0.020597
vt 0.239566 0.013608
vt 0.239067 0.031937
vt 0.928150 0.300010
vt 0.918880 0.302494
vt 0.919080 0.267939
vt 0.453530 0.781586
vt 0.469847 0.769465
vt 0.392855 0.187752
vt 0.406664 0.191452
vt 0.391128 0.193018
vt 0.994790 0.195790
vt 0.989249 0.195887
vt 0.997385 0.190252
vt 0.173784 0.305342
vt 0.177763 0.286924
vt 0.186612 0.262613
vt 0.374178 0.190244
vt 0.590987 0.965033
vt 0.633602 0.972548
vt 0.589170 0.973581
vt 0.008365 0.333472
vt 0.000639 0.327858
vt 0.009262 0.327419
vt 0.167189 0.712261
vt 0.160080 0.676290
vt 0.169128 0.672997
vt 0.037789 0.352071
vt 0.975980 0.392212
vt 0.987113 0.407535
vt 0.975758 0.411749
vt 0.184665 0.340357
vt 0.812282 0.755165
vt 0.287403 0.404298
vt 0.088338 0.723196
vt 0.320793 0.029186
vt 0.326087 0.012893
vt 0.342078 0.023454
vt 0.167271 0.639719
vt 0.423771 0.079244
vt 0.431515 0.194881
vt 0.843507 0.807603
vt 0.834163 0.795873
vt 0.847244 0.792316
vt 0.952266 0.961919
vt 0.388492 0.131660
vt 0.353587 0.120319
vt 0.366917 0.104974
vt 0.355418 0.050551
vt 0.355418 0.065785
vt 0.327750 0.056299
vt 0.912420 0.175093
vt 0.908547 0.130818
vt 0.913235 0.126887
vt 0.986519 0.608104
vt 0.986519 0.627045
vt 0.970907 0.620031
vt 0.550168 0.071007
vt 0.149772 0.945205
vt 0.186476 0.951677
vt 0.136791 0.952320
vt 0.900285 0.059784
vt 0.352604 0.395107
vt 0.444236 0.528610
vt 0.343803 0.573325
vt 0.777327 0.069708
vt 0.167725 0.616703
vt 0.159007 0.592345
vt 0.167725 0.591748
vt 0.648734 0.954641
vt 0.695821 0.954641
vt 0.691763 0.959220
vt 0.166277 0.544683
vt 0.947477 0.684681
vt 0.947477 0.725715
vt 0.920345 0.703339
vt 0.483623 0.076620
vt 0.460436 0.059773
vt 0.477258 0.055063
vt 0.349178 0.196901
vt 0.854774 0.794935
vt 0.994421 0.571129
vt 0.242063 0.146394
vt 0.900334 0.037741
vt 0.116041 0.730085
vt 0.126921 0.724212
vt 0.131948 0.740471
vt 0.972993 0.283137
vt 0.972993 0.263892
vt 0.981957 0.281488
vt 0.436908 0.793909
vt 0.316892 0.466066
vt 0.316892 0.416377
vt 0.326177 0.466824
vt 0.001215 0.641593
vt 0.018587 0.654214
vt 0.003059 0.662863
vt 0.493821 0.492493
vt 0.040084 0.486494
vt 0.031044 0.514317
vt 0.020312 0.484693
vt 0.204326 0.002059
vt 0.204326 0.013538
vt 0.196823 0.002323
vt 0.957016 0.398460
vt 0.975055 0.392598
vt 0.975162 0.416808
vt 0.922669 0.314240
vt 0.318329 0.338622
vt 0.325645 0.420388
vt 0.335008 0.109327
vt 0.919443 0.656157
vt 0.952835 0.656157
vt 0.935522 0.660180
vt 0.060599 0.846196
vt 0.007360 0.742181
vt 0.307454 0.177881
vt 0.650820 0.202686
vt 0.385439 0.195740
vt 0.425693 0.199262
vt 0.343614 0.200795
vt 0.660454 0.225531
vt 0.932447 0.496981
vt 0.929435 0.462557
vt 0.932261 0.450543
vt 0.222891 0.405238
vt 0.965636 0.705103
vt 0.965636 0.731530
vt 0.959612 0.719826
vt 0.274283 0.010682
vt 0.283809 0.008130
vt 0.292054 0.010334
vt 0.849205 0.008081
vt 0.866637 0.008081
vt 0.854225 0.021369
vt 0.664667 0.013972
vt 0.658948 0.031572
vt 0.644740 0.017983
vt 0.284678 0.215533
vt 0.809889 0.926126
vt 0.787134 0.907032
vt 0.839103 0.906547
vt 0.200529 0.026975
vt 0.208230 0.034676
vt 0.200186 0.048273
vt 0.196665 0.015763
vt 0.002634 0.010583
vt 0.014717 0.011428
vt 0.001125 0.022090
vt 0.021205 0.844482
vt 0.012888 0.818885
vt 0.030181 0.828238
vt 0.063077 0.347229
vt 0.089984 0.356673
vt 0.079339 0.371875
vt 0.117822 0.761099
vt 0.125998 0.678628
vt 0.119762 0.697258
vt 0.113012 0.680222
vt 0.727706 0.959515
vt 0.724499 0.976260
vt 0.703373 0.978109
vt 0.142562 0.723398
vt 0.724039 0.030943
vt 0.704674 0.024651
vt 0.714699 0.019057
vt 0.106805 0.707820
vt 0.100072 0.685398
vt 0.128145 0.661487
vt 0.882177 0.614942
vt 0.884975 0.722682
vt 0.879071 0.650443
vt 0.110171 0.662300
vt 0.878887 0.689040
vt 0.878999 0.719711
vt 0.652108 0.255206
vt 0.636147 0.247764
vt 0.759747 0.249786
vt 0.466191 0.051556
vt 0.313315 0.160921
vt 0.300774 0.167125
vt 0.282673 0.162275
vt 0.984471 0.164114
vt 0.968994 0.152870
vt 0.983291 0.139352
vt 0.683681 0.960419
vt 0.619461 0.253519
vt 0.974518 0.548403
vt 0.967561 0.553274
vt 0.968323 0.531874
vt 0.541708 0.026788
vt 0.547401 0.038998
vt 0.542298 0.048459
vt 0.240643 0.074613
vt 0.250609 0.069446
vt 0.269892 0.074613
vt 0.072144 0.778836
vt 0.057149 0.810738
vt 0.056794 0.780720
vt 0.062986 0.384454
vt 0.115207 0.014301
vt 0.107016 0.003026
vt 0.119717 0.003347
vt 0.925227 0.834476
vt 0.931393 0.816118
vt 0.941433 0.822151
vt 0.341580 0.089536
vt 0.331876 0.084592
vt 0.362678 0.082262
vt 0.283577 0.170762
vt 0.636294 0.266204
vt 0.687648 0.256074
vt 0.759851 0.262391
vt 0.910708 0.112520
vt 0.942903 0.118197
vt 0.906107 0.119658
vt 0.983622 0.836940
vt 0.964398 0.830694
vt 0.982239 0.819001
vt 0.421440 0.138766
vt 0.027883 0.237857
vt 0.040434 0.219932
vt 0.039772 0.250860
vt 0.865226 0.023602
vt 0.944828 0.211399
vt 0.944828 0.255433
vt 0.936855 0.228609
vt 0.639757 0.224982
vt 0.806335 0.056265
vt 0.808212 0.074125
vt 0.793273 0.052112
vt 0.347151 0.075811
vt 0.895981 0.649250
vt 0.915657 0.688611
vt 0.898340 0.676214
vt 0.189793 0.979274
vt 0.207050 0.984881
vt 0.175845 0.993905
vt 0.244111 0.163920
vt 0.967262 0.569425
vt 0.967262 0.595427
vt 0.958976 0.576274
vt 0.916949 0.112466
vt 0.950873 0.112466
vt 0.933518 0.115257
vt 0.857977 0.782054
vt 0.962447 0.660797
vt 0.979138 0.648670
vt 0.978766 0.667172
vt 0.159428 0.669656
vt 0.159428 0.597176
vt 0.166810 0.636544
vt 0.866259 0.807346
vt 0.113135 0.759013
vt 0.652088 0.258415
vt 0.615396 0.261532
vt 0.012854 0.958643
vt 0.012854 0.980961
vt 0.002988 0.970982
vt 0.189499 0.998944
vt 0.993004 0.251249
vt 0.979021 0.251738
vt 0.977293 0.245292
vt 0.043470 0.025693
vt 0.024352 0.019482
vt 0.033197 0.016386
vt 0.215739 0.992933
vt 0.997818 0.679653
vt 0.988816 0.679653
vt 0.997436 0.673317
vt 0.000714 0.224336
vt 0.008692 0.224336
vt 0.002281 0.233585
vt 0.144826 0.353339
vt 0.170756 0.389169
vt 0.137749 0.372783
vt 0.136168 0.393048
vt 0.915965 0.824169
vt 0.348022 0.996952
vt 0.385147 0.984889
vt 0.382761 0.999765
vt 0.938963 0.812015
vt 0.978155 0.452703
vt 0.976829 0.473169
vt 0.965904 0.461282
vt 0.187327 0.922571
vt 0.220764 0.876439
vt 0.222987 0.906694
vt 0.519705 0.901807
vt 0.459998 0.901807
vt 0.516527 0.887797
vt 0.895234 0.712631
vt 0.179661 0.154150
vt 0.175923 0.180958
vt 0.155670 0.165338
vt 0.282384 0.066296
vt 0.294948 0.060437
vt 0.311676 0.066122
vt 0.154849 0.002565
vt 0.164195 0.003382
vt 0.151218 0.010802
vt 0.786524 0.932567
vt 0.758965 0.937426
vt 0.781237 0.908941
vt 0.171753 0.331209
vt 0.750495 0.908085
vt 0.020870 0.449604
vt 0.025739 0.457256
vt 0.018086 0.459307
vt 0.902828 0.070976
vt 0.884752 0.095856
vt 0.871429 0.073785
vt 0.119150 0.463184
vt 0.115944 0.428527
vt 0.132571 0.451922
vt 0.927048 0.047353
vt 0.901170 0.047353
vt 0.907864 0.044726
vt 0.987260 0.593585
vt 0.998879 0.593585
vt 0.996158 0.600475
vt 0.669732 0.369718
vt 0.687107 0.018058
vt 0.687107 0.038378
vt 0.670319 0.021356
vt 0.165118 0.010732
vt 0.945595 0.249300
vt 0.945595 0.220007
vt 0.954900 0.231481
vt 0.152298 0.182208
vt 0.945421 0.811237
vt 0.203044 0.274436
vt 0.204723 0.266064
vt 0.218213 0.283163
vt 0.873919 0.762577
vt 0.998823 0.106186
vt 0.988306 0.105080
vt 0.997583 0.097201
vt 0.994947 0.785424
vt 0.982776 0.785424
vt 0.988805 0.780418
vt 0.209085 0.296564
vt 0.197258 0.289878
vt 0.892523 0.810712
vt 0.136698 0.756107
vt 0.162489 0.214948
vt 0.667630 0.705405
vt 0.644655 0.726050
vt 0.630916 0.694308
vt 0.928907 0.065621
vt 0.923420 0.048735
vt 0.952817 0.053255
vt 0.893781 0.310072
vt 0.913150 0.319104
vt 0.897987 0.369631
vt 0.887790 0.007458
vt 0.904785 0.007458
vt 0.896611 0.021255
vt 0.987263 0.731824
vt 0.998876 0.731824
vt 0.996672 0.742928
vt 0.992922 0.724146
vt 0.989616 0.713972
vt 0.996523 0.714948
vt 0.097255 0.528352
vt 0.105782 0.519682
vt 0.113560 0.538120
vt 0.038270 0.019060
vt 0.043902 0.016893
vt 0.044850 0.024613
vt 0.942235 0.025019
vt 0.942235 0.011119
vt 0.945389 0.018798
vt 0.083383 0.174818
vt 0.085981 0.213301
vt 0.077687 0.207118
vt 0.909325 0.148280
vt 0.861962 0.132891
vt 0.901695 0.125978
vt 0.797997 0.740866
vt 0.813348 0.734017
vt 0.816070 0.751423
vt 0.214907 0.257654
vt 0.688697 0.049811
vt 0.695803 0.033852
vt 0.707837 0.035641
vt 0.966989 0.474030
vt 0.987147 0.624858
vt 0.987147 0.610085
vt 0.996516 0.625064
vt 0.993383 0.763065
vt 0.993383 0.778520
vt 0.982359 0.766715
vt 0.003469 0.449748
vt 0.103675 0.570710
vt 0.124640 0.539635
vt 0.134147 0.564712
vt 0.115852 0.367991
vt 0.126722 0.408560
vt 0.116383 0.425573
vt 0.998127 0.112205
vt 0.875362 0.565262
vt 0.876727 0.588140
vt 0.865827 0.590805
vt 0.933343 0.803241
vt 0.936800 0.799317
vt 0.866153 0.116956
vt 0.856410 0.146942
vt 0.826421 0.112959
vt 0.987962 0.999283
vt 0.969959 0.999283
vt 0.980371 0.991311
vt 0.678693 0.695533
vt 0.002664 0.994078
vt 0.013673 0.994078
vt 0.007250 0.998001
vt 0.033749 0.800492
vt 0.022020 0.780176
vt 0.035406 0.770795
vt 0.952434 0.446078
vt 0.936675 0.450896
vt 0.948866 0.411975
vt 0.137866 0.026622
vt 0.143263 0.010012
vt 0.150253 0.013556
vt 0.041435 0.798613
vt 0.038747 0.768965
vt 0.718022 0.150991
vt 0.742696 0.134710
vt 0.713996 0.170735
vt 0.863314 0.024410
vt 0.850983 0.041382
vt 0.847082 0.021984
vt 0.169448 0.868152
vt 0.154111 0.865376
vt 0.156842 0.855183
vt 0.132761 0.173157
vt 0.010181 0.122318
vt 0.013842 0.128177
vt 0.001999 0.123718
vt 0.934151 0.405656
vt 0.934151 0.452265
vt 0.923770 0.425461
vt 0.753175 0.160867
vt 0.986177 0.196521
vt 0.988268 0.188132
vt 0.996002 0.189402
vt 0.130104 0.369581
vt 0.125879 0.389457
vt 0.115935 0.364938
vt 0.580846 0.056279
vt 0.584801 0.045060
vt 0.588956 0.051211
vt 0.561727 0.030528
vt 0.549046 0.047981
vt 0.548175 0.024791
vt 0.014666 0.026881
vt 0.021197 0.040887
vt 0.000882 0.026469
vt 0.280812 0.264308
vt 0.262516 0.313154
vt 0.262413 0.284039
vt 0.335360 0.138583
vt 0.335360 0.115377
vt 0.374046 0.128364
vt 0.958208 0.456366
vt 0.953491 0.447214
vt 0.959278 0.431314
vt 0.784024 0.165230
vt 0.766537 0.169858
vt 0.031628 0.040341
vt 0.012199 0.056193
vt 0.007481 0.050766
vt 0.952108 0.430763
vt 0.017699 0.317559
vt 0.017699 0.346303
vt 0.009529 0.331870
vt 0.226349 0.305495
vt 0.202894 0.313810
vt 0.981449 0.085401
vt 0.969509 0.101835
vt 0.966075 0.079848
vt 0.780109 0.150781
vt 0.395953 0.583111
vt 0.014486 0.602163
vt 0.029639 0.623020
vt 0.006995 0.627540
vt 0.098865 0.025391
vt 0.098623 0.018486
vt 0.117713 0.025573
vt 0.937707 0.791266
vt 0.596009 0.004462
vt 0.609095 0.003612
vt 0.601624 0.009699
vt 0.994468 0.804094
vt 0.998806 0.810066
vt 0.992778 0.811747
vt 0.392137 0.152904
vt 0.396060 0.119374
vt 0.413835 0.145006
vt 0.255248 0.916765
vt 0.461943 0.962478
vt 0.506869 0.962478
vt 0.474731 0.979601
vt 0.554613 0.690885
vt 0.498619 0.675882
vt 0.563790 0.670681
vt 0.951553 0.489815
vt 0.966269 0.489815
vt 0.953933 0.515135
vt 0.319319 0.873909
vt 0.343879 0.898468
vt 0.308457 0.891155
vt 0.734764 0.937955
vt 0.588514 0.033820
vt 0.986497 0.007367
vt 0.980731 0.012204
vt 0.971424 0.007103
vt 0.000585 0.049274
vt 0.023576 0.564313
vt 0.002167 0.564313
vt 0.004581 0.556975
vt 0.067979 0.212126
vt 0.559159 0.920104
vt 0.551130 0.912075
vt 0.605801 0.913126
vt 0.132221 0.215652
vt 0.938065 0.995880
vt 0.925462 0.957090
vt 0.951766 0.959358
vt 0.597403 0.665604
vt 0.583656 0.638709
vt 0.131250 0.406618
vt 0.989778 0.312671
vt 0.989778 0.300201
vt 0.998836 0.307523
vt 0.592772 0.014570
vt 0.286815 0.900349
vt 0.635109 0.999447
vt 0.593109 0.999447
vt 0.603518 0.984712
vt 0.021465 0.041991
vt 0.054505 0.020558
vt 0.057275 0.025681
vt 0.028031 0.925735
vt 0.008602 0.925735
vt 0.012887 0.899017
vt 0.145840 0.766271
vt 0.133300 0.766925
vt 0.088767 0.632353
vt 0.088767 0.586678
vt 0.100345 0.636094
vt 0.984217 0.320984
vt 0.994455 0.313545
vt 0.996971 0.330514
vt 0.097374 0.134969
vt 0.060547 0.134969
vt 0.060909 0.112061
vt 0.300482 0.919337
vt 0.300482 0.964821
vt 0.282686 0.951580
vt 0.633499 0.032710
vt 0.626445 0.054419
vt 0.608085 0.033226
vt 0.751219 0.012389
vt 0.770068 0.012389
vt 0.760224 0.016819
vt 0.583639 0.151829
vt 0.560119 0.119458
vt 0.600277 0.126713
vt 0.483277 0.926711
vt 0.437665 0.929101
vt 0.490553 0.910008
vt 0.177685 0.952608
vt 0.156852 0.967195
vt 0.132216 0.953804
vt 0.609209 0.009870
vt 0.941496 0.655443
vt 0.925807 0.620552
vt 0.943034 0.640808
vt 0.967888 0.638594
vt 0.967888 0.617842
vt 0.978152 0.632670
vt 0.631767 0.725439
vt 0.619224 0.717738
vt 0.152745 0.550933
vt 0.940733 0.950069
vt 0.955932 0.955600
vt 0.929217 0.956367
vt 0.479263 0.932366
vt 0.528163 0.932366
vt 0.504913 0.950803
vt 0.270248 0.070474
vt 0.628485 0.690803
vt 0.644945 0.636133
vt 0.009684 0.572125
vt 0.001702 0.572125
vt 0.001856 0.567974
vt 0.917396 0.355919
vt 0.919467 0.316395
vt 0.932109 0.311903
vt 0.932528 0.314419
vt 0.932528 0.360828
vt 0.922917 0.351774
vt 0.221711 0.018695
vt 0.209771 0.035130
vt 0.199081 0.015860
vt 0.438556 0.119696
vt 0.748110 0.104709
vt 0.766993 0.093806
vt 0.782089 0.103672
vt 0.584637 0.122734
vt 0.562801 0.118490
vt 0.555957 0.102018
vt 0.281408 0.221005
vt 0.013741 0.677814
vt 0.006884 0.698919
vt 0.000615 0.677949
vt 0.906114 0.630895
vt 0.101332 0.588944
vt 0.603017 0.018665
vt 0.087862 0.627087
vt 0.079237 0.603389
vt 0.088090 0.586279
vt 0.898902 0.622712
vt 0.177098 0.850034
vt 0.988642 0.609957
vt 0.998982 0.609957
vt 0.996669 0.622716
vt 0.025550 0.459500
vt 0.026574 0.481362
vt 0.009628 0.487530
vt 0.003088 0.008940
vt 0.003088 0.000958
vt 0.011334 0.010350
vt 0.026239 0.563331
vt 0.026239 0.533204
vt 0.049503 0.553594
vt 0.870507 0.921252
vt 0.858633 0.908367
vt 0.885739 0.902648
vt 0.066709 0.963749
vt 0.038737 0.943426
vt 0.063593 0.935756
vt 0.032862 0.519425
vt 0.049741 0.517949
vt 0.034143 0.538169
vt 0.116728 0.331830
vt 0.998869 0.042658
vt 0.998869 0.053876
vt 0.988260 0.046419
vt 0.054856 0.364688
vt 0.048136 0.357234
vt 0.059973 0.348314
vt 0.765622 0.146904
vt 0.629258 0.740374
vt 0.137824 0.776602
vt 0.123081 0.510973
vt 0.327826 0.880455
vt 0.360342 0.867894
vt 0.368280 0.881643
vt 0.933334 0.785582
vt 0.945841 0.747092
vt 0.949834 0.774619
vt 0.465459 0.183592
vt 0.462455 0.156012
vt 0.505839 0.156012
vt 0.291053 0.226997
vt 0.970866 0.202243
vt 0.986065 0.191200
vt 0.980517 0.215731
vt 0.185242 0.853525
vt 0.188958 0.841931
vt 0.510921 0.635352
vt 0.385823 0.986807
vt 0.412692 0.965048
vt 0.391200 0.998814
vt 0.964701 0.367062
vt 0.956808 0.391354
vt 0.946686 0.367873
vt 0.068511 0.766229
vt 0.078024 0.752643
vt 0.077856 0.790921
vt 0.046194 0.417480
vt 0.049337 0.443832
vt 0.032346 0.437257
vt 0.066452 0.544345
vt 0.066452 0.505655
vt 0.069687 0.518005
vt 0.708723 0.984815
vt 0.740480 0.996373
vt 0.698134 0.995531
vt 0.817479 0.708218
vt 0.049811 0.548883
vt 0.667677 0.111949
vt 0.656944 0.144982
vt 0.626877 0.112741
vt 0.054686 0.891738
vt 0.065943 0.905575
vt 0.050543 0.927569
vt 0.434755 0.157877
vt 0.055353 0.469763
vt 0.050900 0.449027
vt 0.076188 0.440320
vt 0.996469 0.409789
vt 0.985214 0.409789
vt 0.995362 0.404072
vt 0.156308 0.583670
vt 0.127870 0.589019
vt 0.129194 0.570084
vt 0.008836 0.461434
vt 0.008836 0.472230
vt 0.001560 0.467522
vt 0.033352 0.413594
vt 0.529984 0.123490
vt 0.536611 0.133694
vt 0.473785 0.125356
vt 0.853904 0.562763
vt 0.898093 0.921383
vt 0.881773 0.927242
vt 0.165199 0.544645
vt 0.015229 0.000046
vt 0.484504 0.150272
vt 0.948010 0.384853
vt 0.938755 0.410280
vt 0.936644 0.366947
vt 0.049059 0.421326
vt 0.009565 0.461960
vt 0.948044 0.829894
vt 0.953273 0.854495
vt 0.937321 0.866640
vt 0.957438 0.922004
vt 0.977216 0.915578
vt 0.976407 0.929967
vt 0.841823 0.574866
vt 0.998801 0.914138
vt 0.993307 0.921700
vt 0.992289 0.909983
vt 0.072725 0.927459
vt 0.943886 0.611884
vt 0.495612 0.147667
vt 0.523360 0.145730
vt 0.511694 0.158927
vt 0.953967 0.843017
vt 0.972271 0.852884
vt 0.959436 0.859848
vt 0.896326 0.662919
vt 0.893536 0.728694
vt 0.884863 0.687501
vt 0.869506 0.738131
vt 0.632528 0.987863
vt 0.653440 0.998982
vt 0.612897 0.987652
vt 0.956850 0.945905
vt 0.946031 0.923943
vt 0.956857 0.920003
vt 0.804681 0.011303
vt 0.806744 0.004956
vt 0.819081 0.011876
vt 0.178001 0.843063
vt 0.116760 0.773759
vt 0.798419 0.298580
vt 0.721170 0.373202
vt 0.670204 0.368743
vt 0.690447 0.931625
vt 0.689296 0.918471
vt 0.738109 0.928998
vt 0.902021 0.842253
vt 0.911449 0.839561
vt 0.926421 0.847750
vt 0.009460 0.507587
vt 0.030662 0.515304
vt 0.008027 0.534987
vt 0.230496 0.325230
vt 0.631274 0.578182
vt 0.680715 0.393662
vt 0.683083 0.600892
vt 0.942649 0.949304
vt 0.396211 0.868236
vt 0.724895 0.954146
vt 0.772630 0.954146
vt 0.760405 0.959221
vt 0.565279 0.159220
vt 0.163745 0.827175
vt 0.212168 0.335678
vt 0.871105 0.543521
vt 0.032567 0.528372
vt 0.839327 0.712747
vt 0.742882 0.918375
vt 0.773956 0.036593
vt 0.775728 0.053459
vt 0.761401 0.034165
vt 0.049343 0.112882
vt 0.049343 0.146524
vt 0.042737 0.123832
vt 0.184113 0.115750
vt 0.176778 0.105275
vt 0.183339 0.083260
vt 0.902629 0.938937
vt 0.619602 0.701687
vt 0.067412 0.482488
vt 0.080644 0.482811
vt 0.087324 0.492351
vt 0.935906 0.867125
vt 0.945504 0.833813
vt 0.048087 0.324917
vt 0.076710 0.536572
vt 0.076727 0.570213
vt 0.068322 0.538819
vt 0.412273 0.883591
vt 0.762616 0.110352
vt 0.775836 0.124799
vt 0.780280 0.141383
vt 0.844891 0.594359
vt 0.884527 0.727347
vt 0.880958 0.727509
vt 0.076665 0.334845
vt 0.607252 0.720229
vt 0.779437 0.110562
vt 0.885357 0.634177
vt 0.538908 0.017897
vt 0.538058 0.029628
vt 0.518128 0.029628
vt 0.100902 0.111480
vt 0.106975 0.118718
vt 0.087352 0.114004
vt 0.240601 0.315969
vt 0.959963 0.835016
vt 0.968225 0.832727
vt 0.865951 0.536680
vt 0.042213 0.033971
vt 0.047899 0.026425
vt 0.064223 0.027394
vt 0.518023 0.019140
vt 0.105855 0.480916
vt 0.831743 0.583132
vt 0.124529 0.112058
vt 0.149159 0.974538
vt 0.174401 0.957115
vt 0.173580 0.967994
vt 0.407233 0.037977
vt 0.386331 0.029483
vt 0.393655 0.027369
vt 0.041416 0.138108
vt 0.030861 0.133186
vt 0.041395 0.107437
vt 0.586160 0.740484
vt 0.577367 0.717585
vt 0.927408 0.835028
vt 0.828183 0.592904
vt 0.238034 0.006564
vt 0.238034 0.013238
vt 0.223847 0.007809
vt 0.987510 0.574256
vt 0.978826 0.574256
vt 0.979680 0.556437
vt 0.170485 0.045369
vt 0.172458 0.059260
vt 0.162942 0.059094
vt 0.069366 0.531272
vt 0.192425 0.975558
vt 0.008886 0.378843
vt 0.008886 0.389969
vt 0.003985 0.389020
vt 0.184583 0.044205
vt 0.122265 0.056635
vt 0.122265 0.084455
vt 0.114368 0.064162
vt 0.042444 0.298925
vt 0.040072 0.290184
vt 0.055926 0.290184
vt 0.984576 0.069057
vt 0.984576 0.085410
vt 0.977796 0.065580
vt 0.873841 0.711242
vt 0.547516 0.017001
vt 0.547516 0.036464
vt 0.542583 0.022808
vt 0.368086 0.016230
vt 0.352018 0.016230
vt 0.351716 0.007037
vt 0.818403 0.052854
vt 0.818403 0.032295
vt 0.842983 0.052079
vt 0.903680 0.910866
vt 0.913150 0.909300
vt 0.025757 0.292617
vt 0.665487 0.022937
vt 0.668411 0.012026
vt 0.669166 0.026588
vt 0.156373 0.796700
vt 0.220728 0.346179
vt 0.828823 0.564854
vt 0.406492 0.028000
vt 0.976315 0.081364
vt 0.934807 0.870203
vt 0.955670 0.855045
vt 0.959748 0.865469
vt 0.998503 0.197578
vt 0.989459 0.201795
vt 0.985656 0.197215
vt 0.864973 0.521347
vt 0.749045 0.106006
vt 0.768065 0.105146
vt 0.035022 0.762254
vt 0.008048 0.762254
vt 0.028614 0.756558
vt 0.986784 0.065319
vt 0.994297 0.054978
vt 0.996384 0.062596
vt 0.602191 0.699724
vt 0.936477 0.074891
vt 0.916902 0.084020
vt 0.905107 0.075596
vt 0.845859 0.025149
vt 0.840776 0.009504
vt 0.847838 0.010630
vt 0.761962 0.037261
vt 0.776157 0.056799
vt 0.762874 0.050010
vt 0.635695 0.597614
vt 0.942177 0.826935
vt 0.468700 0.119586
vt 0.473000 0.132073
vt 0.448695 0.110893
vt 0.937415 0.044312
vt 0.911595 0.044312
vt 0.931828 0.039847
vt 0.038093 0.803891
vt 0.034679 0.799015
vt 0.037411 0.770861
vt 0.966555 0.526393
vt 0.984928 0.520385
vt 0.986910 0.534488
vt 0.629567 0.166855
vt 0.602641 0.167249
vt 0.628581 0.161266
vt 0.486651 0.063720
vt 0.507875 0.061490
vt 0.484699 0.078609
vt 0.648905 0.159417
vt 0.219940 0.510774
vt 0.223862 0.537109
vt 0.218527 0.537576
vt 0.219857 0.483846
vt 0.224527 0.510659
vt 0.840009 0.701169
vt 0.761696 0.627606
vt 0.576918 0.627606
vt 0.581490 0.586751
vt 0.974573 0.538858
vt 0.988945 0.315690
vt 0.970392 0.316634
vt 0.975933 0.302678
vt 0.252587 0.331358
vt 0.575847 0.168801
vt 0.600512 0.159847
vt 0.026367 0.873698
vt 0.026367 0.842144
vt 0.030564 0.860241
vt 0.473087 0.142077
vt 0.460469 0.133120
vt 0.948024 0.188276
vt 0.948500 0.168870
vt 0.957012 0.185699
vt 0.824057 0.587644
vt 0.218047 0.570610
vt 0.622709 0.925550
vt 0.596650 0.928621
vt 0.597627 0.923355
vt 0.221785 0.566142
vt 0.497594 0.011745
vt 0.505529 0.006673
vt 0.510115 0.012139
vt 0.568380 0.927681
vt 0.568524 0.922865
vt 0.814877 0.582905
vt 0.608295 0.681763
vt 0.102796 0.658221
vt 0.101632 0.632239
vt 0.107279 0.632794
vt 0.963082 0.627641
vt 0.966626 0.607543
vt 0.967116 0.633547
vt 0.452414 0.125400
vt 0.271616 0.075296
vt 0.258023 0.081635
vt 0.240265 0.075758
vt 0.102215 0.595454
vt 0.108676 0.597241
vt 0.106401 0.623246
vt 0.823569 0.573638
vt 0.107393 0.570814
vt 0.101793 0.606135
vt 0.735060 0.041853
vt 0.733647 0.034412
vt 0.741784 0.035994
vt 0.010249 0.663572
vt 0.003723 0.668141
vt 0.000147 0.663542
vt 0.983308 0.539516
vt 0.033920 0.207765
vt 0.019291 0.213676
vt 0.008159 0.199691
vt 0.317010 0.131578
vt 0.313199 0.120452
vt 0.320580 0.117011
vt 0.990661 0.147541
vt 0.994322 0.153537
vt 0.985381 0.156792
vt 0.008881 0.311571
vt 0.002944 0.319744
vt 0.000030 0.307484
vt 0.593967 0.692431
vt 0.578457 0.028105
vt 0.563545 0.027705
vt 0.570013 0.023230
vt 0.358714 0.029355
vt 0.358714 0.050348
vt 0.353662 0.032255
vt 0.232611 0.345523
vt 0.122260 0.031607
vt 0.103288 0.031607
vt 0.122528 0.026796
vt 0.691680 0.992297
vt 0.700849 0.998717
vt 0.658557 0.999287
vt 0.742251 0.019115
vt 0.747329 0.013064
vt 0.761214 0.018516
vt 0.742495 0.031308
vt 0.009497 0.674316
vt 0.020206 0.674316
vt 0.013854 0.676180
vt 0.728793 0.042434
vt 0.781648 0.104656
vt 0.584475 0.022885
vt 0.997005 0.373257
vt 0.987154 0.373257
vt 0.996455 0.369317
vt 0.595452 0.679518
vt 0.008240 0.885903
vt 0.001166 0.884139
vt 0.002416 0.877959
vt 0.962704 0.150502
vt 0.957942 0.159846
vt 0.948683 0.135800
vt 0.014761 0.890888
vt 0.003555 0.890888
vt 0.007085 0.886835
vt 0.099255 0.026314
vt 0.170749 0.026340
vt 0.182921 0.029601
vt 0.159653 0.028935
vt 0.741332 0.024893
vt 0.303609 0.133543
vt 0.960456 0.134708
vt 0.963858 0.189051
vt 0.598856 0.671893
vt 0.062537 0.615461
vt 0.044281 0.613543
vt 0.065620 0.586814
vt 0.745434 0.999382
vt 0.703081 0.999382
vt 0.722567 0.997153
vt 0.053513 0.618631
vt 0.961825 0.002227
vt 0.949634 0.006188
vt 0.949067 0.002264
vt 0.015729 0.995157
vt 0.021638 0.997912
vt 0.010046 0.997862
vt 0.985686 0.163350
vt 0.007187 0.396187
vt 0.007187 0.406288
vt 0.001724 0.401969
vt 0.367131 0.005125
vt 0.367131 0.013687
vt 0.352176 0.005905
vt 0.260663 0.319025
vt 0.527381 0.370489
vt 0.655787 0.370489
vt 0.538561 0.558719
vt 0.954980 0.006022
vt 0.964558 0.002536
vt 0.967793 0.006375
vt 0.987184 0.961972
vt 0.996975 0.968882
vt 0.992856 0.979612
vt 0.810999 0.573113
vt 0.011701 0.898279
vt 0.000676 0.894696
vt 0.007781 0.892316
vt 0.080193 0.595512
vt 0.089465 0.568961
vt 0.099395 0.567210
vt 0.011175 0.056913
vt 0.000706 0.056913
vt 0.006242 0.051998
vt 0.812181 0.579771
vt 0.989014 0.300692
vt 0.996485 0.571830
vt 0.995229 0.575695
vt 0.987674 0.572155
vt 0.218977 0.353732
vt 0.307850 0.010168
vt 0.309787 0.021155
vt 0.299363 0.009043
vt 0.993829 0.163249
vt 0.278009 0.008581
vt 0.263611 0.009840
vt 0.260110 0.007981
vt 0.511812 0.007039
vt 0.987302 0.972164
vt 0.888011 0.901373
vt 0.886822 0.876414
vt 0.904972 0.908791
vt 0.174585 0.995104
vt 0.161059 0.999499
vt 0.162385 0.989114
vt 0.569284 0.022059
vt 0.558376 0.027630
vt 0.562262 0.022304
vt 0.295733 0.020613
vt 0.562734 0.723213
vt 0.563645 0.701675
vt 0.982919 0.796719
vt 0.993814 0.801840
vt 0.988224 0.802823
vt 0.552496 0.708750
vt 0.916615 0.903640
vt 0.025539 0.852900
vt 0.007629 0.852900
vt 0.021948 0.848090
vt 0.288884 0.125333
vt 0.294419 0.111790
vt 0.002414 0.268215
vt 0.008904 0.264468
vt 0.001987 0.276126
vt 0.945167 0.002720
vt 0.949388 0.007750
vt 0.945724 0.016587
vt 0.008670 0.273282
vt 0.078949 0.027335
vt 0.087031 0.027638
vt 0.083860 0.029123
vt 0.014110 0.803970
vt 0.030640 0.826723
vt 0.013419 0.817337
vt 0.382164 0.030105
vt 0.370936 0.021948
vt 0.391936 0.025867
vt 0.993996 0.854913
vt 0.991125 0.846077
vt 0.998479 0.852651
vt 0.180463 0.275951
vt 0.177300 0.281831
vt 0.166816 0.264930
vt 0.996783 0.415426
vt 0.992025 0.421097
vt 0.991830 0.410586
vt 0.094338 0.554983
vt 0.554161 0.016924
vt 0.002867 0.398466
vt 0.000003 0.389653
vt 0.008908 0.391419
vt 0.384768 0.015934
vt 0.619886 0.959818
vt 0.622347 0.954538
vt 0.666748 0.957570
vt 0.995274 0.906601
vt 0.987352 0.906740
vt 0.996807 0.900191
vt 0.162934 0.271180
vt 0.292688 0.013475
vt 0.988004 0.406419
vt 0.983868 0.400512
vt 0.996826 0.400702
vt 0.016085 0.672702
vt 0.038370 0.656510
vt 0.029833 0.675668
vt 0.094005 0.031299
vt 0.992033 0.809717
vt 0.925490 0.848650
vt 0.927646 0.863988
vt 0.913891 0.850319
vt 0.579117 0.687055
vt 0.579027 0.682063
vt 0.855167 0.908087
vt 0.863566 0.894939
vt 0.874223 0.902508
vt 0.590021 0.676027
vt 0.906174 0.009522
vt 0.920190 0.019705
vt 0.897632 0.022161
vt 0.007386 0.407133
vt 0.007386 0.417124
vt 0.000040 0.414461
vt 0.013437 0.986937
vt 0.013437 0.959103
vt 0.018742 0.959912
vt 0.078822 0.560324
vt 0.168701 0.255721
vt 0.171402 0.256646
vt 0.987338 0.121609
vt 0.992438 0.116510
vt 0.998801 0.121526
vt 0.475400 0.202608
vt 0.556292 0.202608
vt 0.474401 0.209169
vt 0.405918 0.008619
vt 0.405918 0.021579
vt 0.403488 0.010377
vt 0.898088 0.567723
vt 0.891686 0.522503
vt 0.916730 0.509742
vt 0.037327 0.765413
vt 0.065055 0.762987
vt 0.067623 0.767706
vt 0.012710 0.677090
vt 0.004121 0.677090
vt 0.006385 0.674395
vt 0.024204 0.786543
vt 0.032159 0.800895
vt 0.011405 0.785739
vt 0.020093 0.250842
vt 0.010035 0.242887
vt 0.016304 0.239181
vt 0.548538 0.022728
vt 0.502539 0.211254
vt 0.479570 0.124220
vt 0.466497 0.116856
vt 0.471496 0.108536
vt 0.373840 0.017115
vt 0.190650 0.011803
vt 0.195984 0.004186
vt 0.195339 0.019576
vt 0.009610 0.224406
vt 0.969818 0.996527
vt 0.969818 0.976245
vt 0.981667 0.988885
vt 0.990225 0.233754
vt 0.998884 0.238986
vt 0.992879 0.241922
vt 0.574385 0.675130
vt 0.982858 0.786151
vt 0.992985 0.789248
vt 0.980331 0.794047
vt 0.849759 0.264065
vt 0.849759 0.344956
vt 0.843310 0.381975
vt 0.993465 0.005868
vt 0.981783 0.005868
vt 0.989068 0.003043
vt 0.008206 0.262992
vt 0.000868 0.257632
vt 0.008805 0.256143
vt 0.869134 0.034968
vt 0.864034 0.032590
vt 0.867994 0.016517
vt 0.000601 0.267619
vt 0.474405 0.009994
vt 0.480947 0.015483
vt 0.466654 0.016139
vt 0.616849 0.006779
vt 0.618396 0.003617
vt 0.625738 0.006289
vt 0.609905 0.004281
vt 0.990296 0.815488
vt 0.998813 0.815488
vt 0.996562 0.820156
vt 0.737920 0.893792
vt 0.748316 0.899794
vt 0.683863 0.900267
vt 0.030263 0.071996
vt 0.060331 0.071996
vt 0.057430 0.076518
vt 0.994422 0.786614
vt 0.464598 0.009603
vt 0.070847 0.027327
vt 0.081600 0.035545
vt 0.998363 0.228375
vt 0.100212 0.555565
vt 0.102201 0.532839
vt 0.103253 0.585478
vt 0.163047 0.293912
vt 0.157010 0.281974
vt 0.184293 0.038872
vt 0.184293 0.023999
vt 0.186499 0.029369
vt 0.297674 0.531608
vt 0.297674 0.413522
vt 0.303811 0.541924
vt 0.918315 0.864657
vt 0.170750 0.242227
vt 0.314745 0.111011
vt 0.031306 0.005717
vt 0.024372 0.003193
vt 0.036519 0.003230
vt 0.315219 0.450511
vt 0.309601 0.514720
vt 0.304583 0.386270
vt 0.592470 0.990236
vt 0.591908 0.998734
vt 0.586459 0.993433
vt 0.990208 0.028922
vt 0.996791 0.030083
vt 0.986547 0.036611
vt 0.990266 0.779722
vt 0.998347 0.779722
vt 0.996750 0.785130
vt 0.015299 0.501896
vt 0.004998 0.505243
vt 0.009932 0.500203
vt 0.714305 0.002086
vt 0.711524 0.008348
vt 0.699061 0.004299
vt 0.584558 0.999368
vt 0.995970 0.577427
vt 0.992864 0.585113
vt 0.989179 0.574293
vt 0.007412 0.058549
vt 0.007412 0.069173
vt 0.001003 0.062050
vt 0.588649 0.977621
vt 0.607149 0.974359
vt 0.633133 0.976293
vt 0.006111 0.596348
vt 0.000079 0.594388
vt 0.006357 0.587811
vt 0.777666 0.961767
vt 0.730750 0.961767
vt 0.756747 0.960015
vt 0.579312 0.994883
vt 0.977880 0.252534
vt 0.986972 0.252534
vt 0.981726 0.254397
vt 0.183502 0.028609
vt 0.165013 0.022601
vt 0.181636 0.015945
vt 0.963362 0.708117
vt 0.958915 0.711849
vt 0.959010 0.697690
vt 0.765452 0.003989
vt 0.773216 0.003989
vt 0.765823 0.011357
vt 0.262555 0.057475
vt 0.253681 0.067614
vt 0.242254 0.056187
vt 0.996805 0.042280
vt 0.986583 0.977599
vt 0.984704 0.966944
vt 0.986422 0.959530
vt 0.282391 0.120640
vt 0.794005 0.012609
vt 0.788036 0.018579
vt 0.775302 0.012824
vt 0.458622 0.022008
vt 0.471113 0.022226
vt 0.463609 0.032935
vt 0.568564 0.674229
vt 0.918856 0.006611
vt 0.916542 0.015058
vt 0.912388 0.008838
vt 0.982976 0.182816
vt 0.967234 0.187931
vt 0.967024 0.180881
vt 0.013688 0.346482
vt 0.002154 0.346482
vt 0.004013 0.340647
vt 0.079111 0.577442
vt 0.987354 0.273089
vt 0.992042 0.267503
vt 0.998785 0.273091
vt 0.395301 0.026681
vt 0.386201 0.015786
vt 0.395078 0.013913
vt 0.960523 0.685676
vt 0.995575 0.513889
vt 0.998932 0.518510
vt 0.991662 0.519279
vt 0.902897 0.509505
vt 0.000164 0.926355
vt 0.000281 0.919553
vt 0.007756 0.928467
vt 0.903404 0.856139
vt 0.894088 0.858929
vt 0.005401 0.748462
vt 0.000012 0.744547
vt 0.006423 0.741637
vt 0.998332 0.142683
vt 0.991767 0.144815
vt 0.994378 0.138848
vt 0.992567 0.463140
vt 0.984717 0.462063
vt 0.988941 0.457105
vt 0.007247 0.080910
vt 0.007247 0.086417
vt 0.000674 0.081991
vt 0.874949 0.883590
vt 0.216487 0.119396
vt 0.233150 0.138832
vt 0.209344 0.139020
vt 0.924899 0.004180
vt 0.985868 0.044345
vt 0.013005 0.888736
vt 0.025114 0.888736
vt 0.020139 0.890967
vt 0.925035 0.883848
vt 0.006850 0.920103
vt 0.359562 0.031127
vt 0.365716 0.022338
vt 0.380537 0.030845
vt 0.771534 0.011324
vt 0.162658 0.249487
vt 0.713860 0.013990
vt 0.705368 0.017238
vt 0.703835 0.013950
vt 0.448179 0.013200
vt 0.449804 0.006052
vt 0.461722 0.008586
vt 0.841183 0.082122
vt 0.841463 0.066079
vt 0.865252 0.083426
vt 0.621500 0.003559
vt 0.636916 0.003559
vt 0.632559 0.006837
vt 0.003185 0.861647
vt 0.000603 0.853700
vt 0.007813 0.853784
vt 0.993501 0.472598
vt 0.904910 0.846594
vt 0.487161 0.105034
vt 0.491850 0.108078
vt 0.920343 0.018098
vt 0.402908 0.026434
vt 0.710624 0.012766
vt 0.993556 0.964173
vt 0.988191 0.961075
vt 0.998443 0.961360
vt 0.957494 0.393506
vt 0.964694 0.371346
vt 0.972209 0.390962
vt 0.461053 0.004127
vt 0.002983 0.932329
vt 0.016819 0.932329
vt 0.012620 0.955790
vt 0.982335 0.186555
vt 0.986729 0.182405
vt 0.992344 0.187116
vt 0.989693 0.399003
vt 0.995798 0.390601
vt 0.996940 0.398039
vt 0.983721 0.816405
vt 0.989287 0.816405
vt 0.983253 0.820002
vt 0.889199 0.605184
vt 0.913301 0.605188
vt 0.896096 0.613403
vt 0.988818 0.558739
vt 0.980771 0.556583
vt 0.992002 0.556112
vt 0.449735 0.105345
vt 0.993331 0.380599
vt 0.981917 0.380599
vt 0.988510 0.377817
vt 0.270122 0.069543
vt 0.189623 0.125160
vt 0.694556 0.014165
vt 0.244001 0.070051
vt 0.017267 0.927889
vt 0.017267 0.931517
vt 0.006001 0.929726
vt 0.989049 0.821714
vt 0.976468 0.187397
vt 0.878549 0.875202
vt 0.905679 0.056678
vt 0.928116 0.072979
vt 0.904063 0.074511
vt 0.855829 0.884699
vt 0.929196 0.005738
vt 0.240386 0.046441
vt 0.216049 0.046441
vt 0.236459 0.037718
vt 0.022286 0.567021
vt 0.027873 0.567191
vt 0.027312 0.573597
vt 0.000564 0.132707
vt 0.012802 0.128731
vt 0.010436 0.152952
vt 0.994965 0.820761
vt 0.976842 0.380485
vt 0.978227 0.373971
vt 0.992464 0.375204
vt 0.589743 0.055204
vt 0.589743 0.031925
vt 0.614217 0.042718
vt 0.892710 0.841704
vt 0.365299 0.964284
vt 0.313909 0.953523
vt 0.356201 0.936282
vt 0.983299 0.815671
vt 0.983299 0.799181
vt 0.992939 0.813699
vt 0.746962 0.884234
vt 0.726049 0.886063
vt 0.684721 0.885043
vt 0.016081 0.677024
vt 0.021760 0.674957
vt 0.027484 0.676731
vt 0.002184 0.606929
vt 0.013163 0.602493
vt 0.006758 0.623745
vt 0.779103 0.007064
vt 0.450174 0.032943
vt 0.013951 0.573109
vt 0.327608 0.969658
vt 0.143719 0.279367
vt 0.222605 0.785342
vt 0.213321 0.787591
vt 0.214461 0.776746
vt 0.159407 0.030228
vt 0.182673 0.030228
vt 0.169089 0.031159
vt 0.994546 0.680365
vt 0.994546 0.696368
vt 0.979712 0.688818
vt 0.935426 0.876025
vt 0.941177 0.874589
vt 0.936492 0.882602
vt 0.945515 0.881710
vt 0.007932 0.085899
vt 0.007932 0.059150
vt 0.033652 0.075524
vt 0.200433 0.770993
vt 0.680520 0.035870
vt 0.661239 0.049879
vt 0.659579 0.032794
vt 0.987156 0.371690
vt 0.987156 0.356528
vt 0.996013 0.368075
vt 0.990633 0.145603
vt 0.998971 0.145603
vt 0.998459 0.153902
vt 0.064944 0.305585
vt 0.077637 0.315250
vt 0.071328 0.326632
vt 0.803441 0.377830
vt 0.803441 0.605751
vt 0.790586 0.372799
vt 0.477807 0.097067
vt 0.941568 0.008045
vt 0.941568 0.025123
vt 0.928235 0.009036
vt 0.952899 0.514518
vt 0.939057 0.502519
vt 0.949826 0.497090
vt 0.902920 0.626499
vt 0.912352 0.624986
vt 0.112460 0.219525
vt 0.115029 0.238853
vt 0.097445 0.237314
vt 0.926763 0.891450
vt 0.151184 0.585848
vt 0.158760 0.607663
vt 0.140148 0.614437
vt 0.979251 0.219472
vt 0.994511 0.214514
vt 0.992434 0.231031
vt 0.060899 0.740743
vt 0.039135 0.742056
vt 0.051840 0.724398
vt 0.810140 0.025821
vt 0.817309 0.031224
vt 0.817583 0.045466
vt 0.132408 0.291095
vt 0.083646 0.062151
vt 0.075257 0.052153
vt 0.084148 0.037850
vt 0.040158 0.566982
vt 0.042979 0.575097
vt 0.422925 0.034013
vt 0.429432 0.022743
vt 0.435575 0.037384
vt 0.934068 0.614792
vt 0.100968 0.311997
vt 0.077725 0.345924
vt 0.077250 0.327995
vt 0.987336 0.522381
vt 0.997318 0.522381
vt 0.987739 0.535045
vt 0.615937 0.301070
vt 0.952968 0.475388
vt 0.069776 0.721806
vt 0.189723 0.791910
vt 0.178890 0.778967
vt 0.774354 0.251576
vt 0.785082 0.238092
vt 0.849903 0.242625
vt 0.244846 0.651927
vt 0.219510 0.573950
vt 0.223322 0.566885
vt 0.794671 0.896716
vt 0.861270 0.896716
vt 0.841363 0.901304
vt 0.936141 0.516196
vt 0.982258 0.864904
vt 0.992068 0.878406
vt 0.981695 0.882126
vt 0.854515 0.085226
vt 0.867267 0.087936
vt 0.863763 0.114279
vt 0.559906 0.921050
vt 0.594097 0.918059
vt 0.614352 0.920178
vt 0.076690 0.300175
vt 0.963854 0.467362
vt 0.971070 0.489569
vt 0.953188 0.487604
vt 0.504020 0.046280
vt 0.530595 0.046280
vt 0.513583 0.067582
vt 0.068638 0.298721
vt 0.091987 0.310924
vt 0.791500 0.115508
vt 0.796855 0.130302
vt 0.787130 0.132017
vt 0.444402 0.022022
vt 0.897167 0.724939
vt 0.898308 0.711001
vt 0.906584 0.720548
vt 0.079088 0.316081
vt 0.899228 0.956347
vt 0.907981 0.937574
vt 0.917351 0.956426
vt 0.928367 0.956138
vt 0.833908 0.053211
vt 0.862132 0.053211
vt 0.845961 0.058175
vt 0.530633 0.063195
vt 0.769286 0.370486
vt 0.139754 0.631062
vt 0.116296 0.269089
vt 0.343041 0.008079
vt 0.343041 0.021129
vt 0.325771 0.011136
vt 0.180247 0.806791
vt 0.443925 0.035363
vt 0.972371 0.437483
vt 0.972371 0.417468
vt 0.983570 0.422818
vt 0.894206 0.944158
vt 0.805981 0.121675
vt 0.030335 0.130653
vt 0.033874 0.105470
vt 0.041447 0.102021
vt 0.127482 0.124460
vt 0.138423 0.125463
vt 0.125868 0.135049
vt 0.903349 0.741969
vt 0.890271 0.754638
vt 0.384994 0.922247
vt 0.356095 0.919719
vt 0.384528 0.910431
vt 0.369742 0.927544
vt 0.068573 0.282774
vt 0.813980 0.130461
vt 0.913973 0.703115
vt 0.216497 0.047244
vt 0.243404 0.047244
vt 0.236460 0.051271
vt 0.933352 0.049213
vt 0.953408 0.045676
vt 0.958728 0.050859
vt 0.371900 0.892719
vt 0.360880 0.899953
vt 0.194306 0.809306
vt 0.043277 0.689934
vt 0.059291 0.689655
vt 0.064644 0.715791
vt 0.998873 0.079975
vt 0.988255 0.083425
vt 0.994011 0.068555
vt 0.924275 0.045255
vt 0.949982 0.045255
vt 0.931881 0.047814
vt 0.382946 0.944410
vt 0.268202 0.986666
vt 0.268651 0.999473
vt 0.256321 0.993723
vt 0.971302 0.438150
vt 0.986620 0.449279
vt 0.971670 0.450959
vt 0.914185 0.762727
vt 0.895407 0.483455
vt 0.875501 0.457514
vt 0.888740 0.455497
vt 0.097070 0.265537
vt 0.158100 0.632900
vt 0.881553 0.473981
vt 0.172445 0.821226
vt 0.962974 0.974032
vt 0.954160 0.961900
vt 0.972078 0.965389
vt 0.048322 0.317436
vt 0.044503 0.347911
vt 0.042029 0.336805
vt 0.945433 0.257036
vt 0.938486 0.296431
vt 0.938231 0.252579
vt 0.191389 0.826668
vt 0.813306 0.012994
vt 0.799719 0.016635
vt 0.794615 0.012573
vt 0.819015 0.118790
vt 0.869316 0.009012
vt 0.875734 0.016660
vt 0.869536 0.026137
vt 0.870736 0.431463
vt 0.879933 0.428411
vt 0.830661 0.230375
vt 0.760915 0.382819
vt 0.030588 0.988418
vt 0.021216 0.975519
vt 0.042923 0.981982
vt 0.984331 0.606362
vt 0.984578 0.593730
vt 0.993262 0.600108
vt 0.029585 0.963802
vt 0.032624 0.314436
vt 0.042132 0.332298
vt 0.026020 0.326856
vt 0.041142 0.967668
vt 0.008883 0.472831
vt 0.008883 0.483605
vt 0.000523 0.474185
vt 0.988792 0.028217
vt 0.988792 0.012872
vt 0.996852 0.025614
vt 0.238280 0.997297
vt 0.859502 0.464434
vt 0.993887 0.609241
vt 0.026024 0.888083
vt 0.011600 0.888083
vt 0.025132 0.859937
vt 0.012402 0.672585
vt 0.014790 0.657505
vt 0.035123 0.657118
vt 0.449071 0.278859
vt 0.452273 0.462337
vt 0.436772 0.273802
vt 0.047885 0.315013
vt 0.178517 0.841384
vt 0.095834 0.275181
vt 0.086295 0.266616
vt 0.096510 0.259464
vt 0.961316 0.946266
vt 0.967748 0.948897
vt 0.098083 0.812039
vt 0.111199 0.816006
vt 0.102186 0.829237
vt 0.360196 0.943878
vt 0.853470 0.450073
vt 0.007193 0.439121
vt 0.007193 0.448008
vt 0.002213 0.441981
vt 0.018461 0.900238
vt 0.021741 0.908784
vt 0.009034 0.891885
vt 0.914584 0.915162
vt 0.010192 0.864809
vt 0.003670 0.864809
vt 0.009397 0.853508
vt 0.405376 0.026025
vt 0.395119 0.011908
vt 0.401943 0.008134
vt 0.764708 0.011704
vt 0.750639 0.011704
vt 0.760909 0.004632
vt 0.825742 0.127906
vt 0.117888 0.836676
vt 0.052231 0.471453
vt 0.052231 0.505775
vt 0.044303 0.473984
vt 0.911793 0.560003
vt 0.901510 0.561266
vt 0.911511 0.531794
vt 0.029401 0.343008
vt 0.025675 0.532791
vt 0.025675 0.560278
vt 0.007988 0.536105
vt 0.214259 0.032191
vt 0.214259 0.053453
vt 0.210494 0.036528
vt 0.006741 0.700143
vt 0.004261 0.707778
vt 0.000189 0.703640
vt 0.928567 0.909911
vt 0.349707 0.333583
vt 0.155076 0.647816
vt 0.026725 0.120301
vt 0.026725 0.148511
vt 0.011394 0.120981
vt 0.106962 0.131014
vt 0.970813 0.839760
vt 0.986118 0.850880
vt 0.973382 0.852319
vt 0.023294 0.223146
vt 0.020339 0.216329
vt 0.034993 0.208537
vt 0.067577 0.695868
vt 0.065591 0.701322
vt 0.067072 0.661549
vt 0.934846 0.452726
vt 0.934846 0.411136
vt 0.946837 0.412800
vt 0.674098 0.900748
vt 0.610556 0.900748
vt 0.671582 0.887370
vt 0.722932 0.907265
vt 0.781848 0.902110
vt 0.786474 0.907296
vt 0.020939 0.961464
vt 0.009067 0.217908
vt 0.989660 0.751390
vt 0.989660 0.739204
vt 0.997469 0.745912
vt 0.030570 0.909796
vt 0.414079 0.967215
vt 0.425533 0.963447
vt 0.427120 0.984090
vt 0.851681 0.986750
vt 0.893369 0.986750
vt 0.859701 0.993943
vt 0.231684 0.865505
vt 0.245133 0.855657
vt 0.239885 0.875709
vt 0.067992 0.655372
vt 0.066725 0.636906
vt 0.074424 0.641579
vt 0.735438 0.901502
vt 0.717851 0.907904
vt 0.672978 0.902915
vt 0.236569 0.014201
vt 0.222775 0.024223
vt 0.221847 0.008450
vt 0.998796 0.540269
vt 0.998796 0.552305
vt 0.991366 0.541257
vt 0.903793 0.920074
vt 0.024027 0.890204
vt 0.085501 0.184464
vt 0.085197 0.168589
vt 0.093516 0.174912
vt 0.030791 0.953662
vt 0.039047 0.959745
vt 0.085968 0.135833
vt 0.869354 0.495522
vt 0.848226 0.493279
vt 0.867791 0.486657
vt 0.660495 0.031823
vt 0.662911 0.024388
vt 0.681585 0.034523
vt 0.884015 0.408253
vt 0.941340 0.603725
vt 0.899750 0.603725
vt 0.906444 0.595285
vt 0.097758 0.863118
vt 0.899299 0.487044
vt 0.604662 0.864187
vt 0.663781 0.862577
vt 0.662594 0.876137
vt 0.989818 0.551064
vt 0.617511 0.873706
vt 0.142836 0.836557
vt 0.123986 0.849853
vt 0.897613 0.580087
vt 0.877861 0.406626
vt 0.922626 0.744068
vt 0.907065 0.746812
vt 0.922194 0.732447
vt 0.117731 0.156295
vt 0.701279 0.877522
vt 0.186365 0.058295
vt 0.186365 0.033784
vt 0.195318 0.052302
vt 0.994382 0.712330
vt 0.978390 0.712330
vt 0.990552 0.701036
vt 0.837762 0.438696
vt 0.440426 0.969455
vt 0.085668 0.248586
vt 0.258358 0.849643
vt 0.025877 0.339525
vt 0.503749 0.691353
vt 0.441586 0.572114
vt 0.451237 0.557654
vt 0.971994 0.309285
vt 0.969376 0.294437
vt 0.972209 0.284775
vt 0.632357 0.041716
vt 0.652435 0.056303
vt 0.629744 0.053353
vt 0.935014 0.737271
vt 0.304943 0.096907
vt 0.294067 0.073584
vt 0.304694 0.066955
vt 0.979838 0.359294
vt 0.979838 0.338725
vt 0.983033 0.348274
vt 0.439250 0.043375
vt 0.444908 0.047962
vt 0.440111 0.061142
vt 0.097221 0.146486
vt 0.424749 0.950043
vt 0.096454 0.233730
vt 0.228770 0.879517
vt 0.932142 0.717478
vt 0.504627 0.042935
vt 0.504627 0.027857
vt 0.527056 0.032312
vt 0.438396 0.940663
vt 0.692993 0.034822
vt 0.688195 0.048003
vt 0.688871 0.026750
vt 0.977012 0.125869
vt 0.975521 0.144660
vt 0.961602 0.134062
vt 0.519923 0.899284
vt 0.552109 0.890660
vt 0.580077 0.901914
vt 0.249708 0.907783
vt 0.907068 0.723930
vt 0.407574 0.032447
vt 0.407574 0.014088
vt 0.413219 0.028707
vt 0.439154 0.131512
vt 0.439154 0.098191
vt 0.447974 0.129712
vt 0.382790 0.056561
vt 0.384965 0.068896
vt 0.370933 0.056632
vt 0.784636 0.549244
vt 0.796456 0.573740
vt 0.761998 0.557603
vt 0.998013 0.671132
vt 0.987631 0.678674
vt 0.988139 0.667860
vt 0.443561 0.036877
vt 0.258334 0.894134
vt 0.101597 0.161184
vt 0.203056 0.074927
vt 0.234073 0.074927
vt 0.214086 0.081509
vt 0.722046 0.083045
vt 0.712069 0.113752
vt 0.702706 0.082287
vt 0.966694 0.152349
vt 0.115258 0.876080
vt 0.519928 0.017222
vt 0.515975 0.005056
vt 0.531550 0.004065
vt 0.072216 0.033507
vt 0.049071 0.033507
vt 0.069794 0.026889
vt 0.155948 0.129491
vt 0.165168 0.123748
vt 0.167917 0.134006
vt 0.144242 0.124233
vt 0.456691 0.982498
vt 0.466119 0.972339
vt 0.737073 0.890305
vt 0.716128 0.895346
vt 0.693591 0.889307
vt 0.938216 0.363826
vt 0.938216 0.320333
vt 0.945447 0.329860
vt 0.009316 0.334215
vt 0.016114 0.346478
vt 0.001212 0.336977
vt 0.977169 0.255775
vt 0.963920 0.248758
vt 0.976234 0.238426
vt 0.356124 0.054688
vt 0.356721 0.077491
vt 0.449750 0.943843
vt 0.998316 0.625946
vt 0.998316 0.638410
vt 0.987328 0.627935
vt 0.111166 0.368410
vt 0.103304 0.378567
vt 0.083738 0.368163
vt 0.099837 0.357583
vt 0.043290 0.612629
vt 0.043932 0.595266
vt 0.055871 0.596521
vt 0.076522 0.625343
vt 0.401755 0.585954
vt 0.875085 0.019976
vt 0.875085 0.040420
vt 0.869965 0.030348
vt 0.989567 0.636199
vt 0.916478 0.702198
vt 0.878754 0.394347
vt 0.978885 0.469647
vt 0.978885 0.452195
vt 0.989432 0.452135
vt 0.347902 0.035375
vt 0.347902 0.050980
vt 0.338424 0.037681
vt 0.953658 0.285748
vt 0.956760 0.297374
vt 0.945220 0.294921
vt 0.759091 0.530890
vt 0.065557 0.615915
vt 0.732257 0.604880
vt 0.746014 0.569727
vt 0.218235 0.730295
vt 0.206694 0.751061
vt 0.210825 0.724395
vt 0.078933 0.389498
vt 0.964804 0.234324
vt 0.766663 0.528386
vt 0.101224 0.399507
vt 0.034886 0.647405
vt 0.047332 0.643599
vt 0.065114 0.655411
vt 0.009443 0.695064
vt 0.015356 0.679660
vt 0.020604 0.696817
vt 0.176695 0.728724
vt 0.176659 0.720501
vt 0.009636 0.300070
vt 0.016601 0.310017
vt 0.009978 0.328643
vt 0.894636 0.378921
vt 0.185735 0.122429
vt 0.092376 0.017931
vt 0.097807 0.025138
vt 0.078431 0.019394
vt 0.952838 0.314252
vt 0.323386 0.054431
vt 0.050918 0.584896
vt 0.261723 0.316963
vt 0.281278 0.348477
vt 0.259983 0.351445
vt 0.183534 0.073739
vt 0.155080 0.074171
vt 0.172842 0.063048
vt 0.420286 0.084971
vt 0.391100 0.094454
vt 0.413345 0.071388
vt 0.175791 0.751390
vt 0.035111 0.678926
vt 0.673323 0.890609
vt 0.970573 0.437194
vt 0.970573 0.456656
vt 0.960046 0.440064
vt 0.398498 0.081282
vt 0.192392 0.130275
vt 0.324382 0.031708
vt 0.088883 0.404298
vt 0.000502 0.489646
vt 0.021280 0.489646
vt 0.005958 0.495007
vt 0.007330 0.438390
vt 0.000056 0.436027
vt 0.007370 0.428441
vt 0.245703 0.741374
vt 0.229009 0.727572
vt 0.260049 0.703727
vt 0.923378 0.474517
vt 0.923378 0.427958
vt 0.929592 0.444892
vt 0.844328 0.341902
vt 0.764566 0.515427
vt 0.161408 0.059358
vt 0.161408 0.035196
vt 0.166810 0.048081
vt 0.064135 0.586179
vt 0.756000 0.509776
vt 0.503842 0.028679
vt 0.497084 0.049478
vt 0.487247 0.026759
vt 0.279309 0.371916
vt 0.985735 0.199013
vt 0.990881 0.214849
vt 0.981892 0.214785
vt 0.563630 0.028919
vt 0.579630 0.028755
vt 0.579630 0.042405
vt 0.331669 0.739154
vt 0.343557 0.735665
vt 0.342377 0.756457
vt 0.156646 0.058998
vt 0.276714 0.321996
vt 0.265507 0.720570
vt 0.270743 0.383401
vt 0.265354 0.374935
vt 0.301367 0.371555
vt 0.959130 0.460331
vt 0.297330 0.353606
vt 0.153547 0.703594
vt 0.228966 0.703532
vt 0.285411 0.383265
vt 0.156018 0.722487
vt 0.840428 0.012387
vt 0.844925 0.026227
vt 0.823392 0.018507
vt 0.010026 0.198891
vt 0.029871 0.194673
vt 0.037004 0.207307
vt 0.167009 0.751797
vt 0.989556 0.486376
vt 0.989556 0.504218
vt 0.974306 0.495840
vt 0.213872 0.725026
vt 0.214001 0.700033
vt 0.298353 0.392252
vt 0.173178 0.267748
vt 0.172329 0.249254
vt 0.181894 0.233335
vt 0.342686 0.468724
vt 0.343005 0.481606
vt 0.314368 0.481606
vt 0.326014 0.492733
vt 0.557003 0.045007
vt 0.293339 0.409769
vt 0.858900 0.065612
vt 0.866200 0.082008
vt 0.842216 0.065022
vt 0.304528 0.384768
vt 0.739033 0.388189
vt 0.316255 0.374043
vt 0.313302 0.382005
vt 0.332284 0.569941
vt 0.007379 0.108688
vt 0.005167 0.090673
vt 0.015625 0.087351
vt 0.338374 0.721842
vt 0.354643 0.728559
vt 0.804595 0.427073
vt 0.805130 0.395807
vt 0.815006 0.412205
vt 0.482117 0.077708
vt 0.453031 0.077708
vt 0.459591 0.060906
vt 0.386402 0.618109
vt 0.154427 0.780330
vt 0.330078 0.463862
vt 0.074610 0.385320
vt 0.074299 0.408094
vt 0.054288 0.422106
vt 0.363676 0.765991
vt 0.672669 0.007529
vt 0.686012 0.017224
vt 0.671414 0.018708
vt 0.040413 0.037419
vt 0.023448 0.037419
vt 0.042385 0.026442
vt 0.590621 0.083103
vt 0.577956 0.072093
vt 0.601320 0.068375
vt 0.451146 0.942915
vt 0.440230 0.930792
vt 0.470170 0.939510
vt 0.627245 0.693476
vt 0.667743 0.659494
vt 0.756418 0.686150
vt 0.966360 0.736396
vt 0.966360 0.714099
vt 0.974729 0.727477
vt 0.010610 0.179854
vt 0.037905 0.179854
vt 0.024943 0.188958
vt 0.576193 0.059135
vt 0.587925 0.055511
vt 0.321334 0.761905
vt 0.341017 0.783198
vt 0.281906 0.039969
vt 0.299945 0.026863
vt 0.309183 0.039000
vt 0.429991 0.082303
vt 0.434091 0.094924
vt 0.399077 0.094800
vt 0.186140 0.771373
vt 0.164946 0.782545
vt 0.463847 0.928818
vt 0.795505 0.999078
vt 0.785201 0.967366
vt 0.809251 0.992997
vt 0.520397 0.878295
vt 0.548118 0.868532
vt 0.605841 0.878710
vt 0.063725 0.545179
vt 0.065319 0.560348
vt 0.051389 0.548750
vt 0.019497 0.027415
vt 0.054103 0.385458
vt 0.827799 0.332351
vt 0.840603 0.339266
vt 0.831103 0.447847
vt 0.050049 0.550139
vt 0.062595 0.559807
vt 0.050267 0.562627
vt 0.209214 0.250781
vt 0.313786 0.499831
vt 0.313375 0.482749
vt 0.471576 0.949400
vt 0.215876 0.684807
vt 0.317395 0.574324
vt 0.022754 0.019750
vt 0.013478 0.006983
vt 0.034541 0.008038
vt 0.195615 0.217491
vt 0.704339 0.127557
vt 0.675433 0.121938
vt 0.675365 0.105116
vt 0.249427 0.682239
vt 0.821120 0.011827
vt 0.810068 0.003797
vt 0.820809 0.002530
vt 0.502866 0.059738
vt 0.485340 0.062630
vt 0.490280 0.042816
vt 0.686892 0.370998
vt 0.649262 0.484579
vt 0.618554 0.432530
vt 0.824464 0.999406
vt 0.837571 0.988635
vt 0.967098 0.324562
vt 0.983045 0.338029
vt 0.964974 0.336607
vt 0.850682 0.703411
vt 0.851418 0.595104
vt 0.869372 0.597413
vt 0.271314 0.695769
vt 0.292564 0.705258
vt 0.263249 0.763466
vt 0.263249 0.848910
vt 0.242692 0.848136
vt 0.365722 0.628913
vt 0.438958 0.061771
vt 0.427378 0.049353
vt 0.431961 0.037734
vt 0.844478 0.426045
vt 0.427887 0.693926
vt 0.543400 0.691336
vt 0.543400 0.706604
vt 0.456378 0.706816
vt 0.601913 0.854459
vt 0.789367 0.788901
vt 0.772419 0.791076
vt 0.770946 0.774230
vt 0.371638 0.131646
vt 0.389036 0.132572
vt 0.380329 0.147372
vt 0.519530 0.723229
vt 0.363564 0.153563
vt 0.353050 0.135228
vt 0.371100 0.579349
vt 0.383090 0.599465
vt 0.364825 0.614195
vt 0.458272 0.220530
vt 0.356719 0.258182
vt 0.372252 0.232620
vt 0.801167 0.330677
vt 0.982100 0.317416
vt 0.064803 0.581544
vt 0.050523 0.527770
vt 0.665259 0.077548
vt 0.656526 0.050670
vt 0.686048 0.070088
vt 0.008765 0.366956
vt 0.008765 0.378093
vt 0.000641 0.367526
vt 0.989504 0.776429
vt 0.983657 0.782923
vt 0.979308 0.766582
vt 0.968691 0.154984
vt 0.967602 0.163654
vt 0.949626 0.168808
vt 0.158849 0.026483
vt 0.158849 0.048570
vt 0.135210 0.027602
vt 0.180786 0.081055
vt 0.201326 0.077433
vt 0.211789 0.081477
vt 0.698401 0.794386
vt 0.934552 0.507590
vt 0.929782 0.534645
vt 0.929309 0.489613
vt 0.480043 0.935657
vt 0.086058 0.779620
vt 0.079237 0.798360
vt 0.078794 0.753126
vt 0.117845 0.321283
vt 0.117112 0.296395
vt 0.126147 0.277020
vt 0.050707 0.149515
vt 0.059880 0.167804
vt 0.050707 0.166425
vt 0.473867 0.048563
vt 0.854718 0.885454
vt 0.834371 0.890042
vt 0.821875 0.884215
vt 0.343848 0.144622
vt 0.050021 0.185139
vt 0.942319 0.368465
vt 0.945183 0.335724
vt 0.945800 0.379128
vt 0.183694 0.447605
vt 0.189078 0.417070
vt 0.188639 0.460476
vt 0.789342 0.885722
vt 0.059258 0.150740
vt 0.140459 0.048765
vt 0.971337 0.885515
vt 0.972288 0.865484
vt 0.981139 0.880945
vt 0.124146 0.110012
vt 0.101090 0.110771
vt 0.110678 0.098711
vt 0.184044 0.472501
vt 0.257396 0.671081
vt 0.249848 0.644832
vt 0.222924 0.561967
vt 0.240769 0.561603
vt 0.417106 0.026408
vt 0.417678 0.035693
vt 0.408430 0.035531
vt 0.116922 0.276047
vt 0.683048 0.052782
vt 0.818956 0.959009
vt 0.566007 0.068129
vt 0.298061 0.572235
vt 0.888121 0.604305
vt 0.888121 0.497675
vt 0.899008 0.602939
vt 0.125215 0.262876
vt 0.965943 0.185116
vt 0.347790 0.881699
vt 0.358590 0.899985
vt 0.342581 0.887907
vt 0.246147 0.649134
vt 0.356218 0.807329
vt 0.067201 0.016756
vt 0.050126 0.016756
vt 0.053715 0.008986
vt 0.373976 0.884727
vt 0.368789 0.892020
vt 0.112261 0.032598
vt 0.098053 0.051763
vt 0.098964 0.033528
vt 0.816160 0.307580
vt 0.391540 0.764801
vt 0.382541 0.781901
vt 0.134487 0.012823
vt 0.120959 0.008427
vt 0.132475 0.004504
vt 0.972221 0.688511
vt 0.954512 0.682883
vt 0.958861 0.678805
vt 0.184921 0.492831
vt 0.580781 0.027376
vt 0.588526 0.029893
vt 0.581394 0.050347
vt 0.099286 0.705351
vt 0.078170 0.734971
vt 0.090649 0.705201
vt 0.850714 0.346375
vt 0.850714 0.241744
vt 0.876019 0.242791
vt 0.028823 0.110191
vt 0.025455 0.098500
vt 0.041377 0.092705
vt 0.348846 0.576595
vt 0.408064 0.047849
vt 0.488483 0.940505
vt 0.503436 0.033901
vt 0.503436 0.058178
vt 0.498545 0.051382
vt 0.968922 0.664459
vt 0.792345 0.879662
vt 0.695248 0.874114
vt 0.705501 0.815961
vt 0.092020 0.042310
vt 0.054768 0.832896
vt 0.034447 0.836479
vt 0.057840 0.812125
vt 0.836483 0.083589
vt 0.826188 0.069574
vt 0.828355 0.061486
vt 0.033250 0.803125
vt 0.087045 0.691441
vt 0.071030 0.683841
vt 0.000516 0.819927
vt 0.001132 0.801590
vt 0.007760 0.815745
vt 0.078570 0.705922
vt 0.323499 0.819247
vt 0.418912 0.770395
vt 0.408978 0.778122
vt 0.023014 0.752304
vt 0.025374 0.738922
vt 0.033706 0.749879
vt 0.528912 0.818784
vt 0.488730 0.812008
vt 0.522693 0.812564
vt 0.625314 0.559695
vt 0.361615 0.693336
vt 0.703476 0.773370
vt 0.734644 0.771904
vt 0.320411 0.026595
vt 0.315353 0.011029
vt 0.323756 0.012948
vt 0.008038 0.920614
vt 0.001172 0.899481
vt 0.011700 0.899188
vt 0.975673 0.026294
vt 0.955505 0.046143
vt 0.952545 0.026294
vt 0.013345 0.802852
vt 0.235452 0.217529
vt 0.101590 0.095208
vt 0.980197 0.865475
vt 0.034411 0.757827
vt 0.026133 0.080786
vt 0.040058 0.080403
vt 0.812133 0.905156
vt 0.821702 0.900756
vt 0.852868 0.906252
vt 0.032414 0.728807
vt 0.136105 0.026527
vt 0.135663 0.013870
vt 0.141565 0.011097
vt 0.834995 0.054530
vt 0.552746 0.814855
vt 0.798909 0.284780
vt 0.768381 0.293119
vt 0.765257 0.289395
vt 0.816023 0.073933
vt 0.816837 0.054601
vt 0.296216 0.059462
vt 0.325566 0.059462
vt 0.316290 0.066281
vt 0.349915 0.595518
vt 0.327493 0.594114
vt 0.522922 0.017630
vt 0.527854 0.010588
vt 0.539454 0.016832
vt 0.486250 0.079096
vt 0.509790 0.061993
vt 0.509593 0.074647
vt 0.121083 0.085360
vt 0.134928 0.093353
vt 0.099726 0.092328
vt 0.088726 0.111227
vt 0.761655 0.094718
vt 0.748742 0.102787
vt 0.757534 0.073451
vt 0.787231 0.906079
vt 0.794041 0.897709
vt 0.348163 0.224020
vt 0.001153 0.740971
vt 0.004278 0.737247
vt 0.011718 0.740584
vt 0.941141 0.407284
vt 0.947996 0.390625
vt 0.954340 0.404478
vt 0.553815 0.819675
vt 0.974619 0.047468
vt 0.950036 0.379350
vt 0.956878 0.394499
vt 0.173495 0.083132
vt 0.159043 0.074788
vt 0.189967 0.075841
vt 0.183844 0.414366
vt 0.186799 0.423040
vt 0.180412 0.421725
vt 0.979268 0.053383
vt 0.979268 0.033746
vt 0.985089 0.044297
vt 0.358480 0.671291
vt 0.177672 0.215480
vt 0.794512 0.025441
vt 0.783283 0.040896
vt 0.765389 0.028519
vt 0.993050 0.728873
vt 0.980217 0.733043
vt 0.987908 0.712997
vt 0.400488 0.884441
vt 0.380325 0.890262
vt 0.262398 0.640309
vt 0.383700 0.804842
vt 0.591468 0.814228
vt 0.115131 0.322201
vt 0.097492 0.355910
vt 0.097295 0.343457
vt 0.810941 0.077052
vt 0.810051 0.055522
vt 0.083779 0.032396
vt 0.186589 0.399149
vt 0.179427 0.407332
vt 0.033116 0.683893
vt 0.033116 0.713632
vt 0.026290 0.694645
vt 0.988409 0.734725
vt 0.989066 0.751334
vt 0.977271 0.745863
vt 0.035698 0.916583
vt 0.028801 0.914072
vt 0.036050 0.907970
vt 0.007038 0.555785
vt 0.000640 0.546979
vt 0.008766 0.541245
vt 0.065565 0.711928
vt 0.036714 0.995721
vt 0.028247 0.997214
vt 0.036673 0.988503
vt 0.990981 0.352954
vt 0.983276 0.352954
vt 0.983601 0.351006
vt 0.017719 0.000047
vt 0.022160 0.000830
vt 0.015959 0.000943
vt 0.983515 0.642182
vt 0.967475 0.647393
vt 0.968083 0.641221
vt 0.990840 0.907657
vt 0.991906 0.919834
vt 0.990768 0.924522
vt 0.188217 0.415467
vt 0.714652 0.059347
vt 0.704143 0.040158
vt 0.715314 0.046709
vt 0.181481 0.346762
vt 0.735148 0.290774
vt 0.343867 0.180499
vt 0.319544 0.152406
vt 0.240492 0.143874
vt 0.218419 0.113492
vt 0.234309 0.111076
vt 0.693643 0.032993
vt 0.687644 0.014531
vt 0.708890 0.019223
vt 0.172498 0.333017
vt 0.180911 0.342247
vt 0.173546 0.347405
vt 0.412790 0.969843
vt 0.408961 0.989542
vt 0.392656 0.998969
vt 0.035141 0.924196
vt 0.030859 0.923500
vt 0.188395 0.357122
vt 0.639424 0.004985
vt 0.650264 0.006896
vt 0.634885 0.006618
vt 0.012971 0.823658
vt 0.690131 0.050738
vt 0.979197 0.162297
vt 0.967338 0.178620
vt 0.969967 0.156529
vt 0.642675 0.283792
vt 0.654899 0.283742
vt 0.652450 0.288854
vt 0.955999 0.455633
vt 0.944116 0.449956
vt 0.952253 0.448587
vt 0.972271 0.283560
vt 0.953472 0.265562
vt 0.972271 0.264400
vt 0.957873 0.476660
vt 0.940005 0.468900
vt 0.176847 0.407920
vt 0.170488 0.206554
vt 0.178536 0.175322
vt 0.555152 0.046545
vt 0.573164 0.044246
vt 0.569725 0.051849
vt 0.875556 0.703058
vt 0.539832 0.741832
vt 0.104972 0.314023
vt 0.103381 0.306467
vt 0.053342 0.384786
vt 0.053342 0.419175
vt 0.041213 0.413534
vt 0.039922 0.210674
vt 0.029880 0.189137
vt 0.039454 0.180415
vt 0.073378 0.924543
vt 0.064531 0.895603
vt 0.084974 0.888824
vt 0.407737 0.797461
vt 0.696422 0.290479
vt 0.983454 0.592360
vt 0.971287 0.587949
vt 0.981280 0.575158
vt 0.962160 0.289066
vt 0.954112 0.284662
vt 0.716173 0.132249
vt 0.714315 0.162620
vt 0.691997 0.142512
vt 0.960833 0.564056
vt 0.958969 0.574627
vt 0.959135 0.548640
vt 0.740974 0.297941
vt 0.974608 0.338424
vt 0.961531 0.356422
vt 0.964667 0.338132
vt 0.579739 0.055719
vt 0.423542 0.780076
vt 0.180545 0.331189
vt 0.034297 0.939554
vt 0.598632 0.024470
vt 0.620180 0.024470
vt 0.601976 0.035927
vt 0.789820 0.011858
vt 0.795714 0.005964
vt 0.803745 0.011464
vt 0.708601 0.298931
vt 0.255508 0.110241
vt 0.258874 0.097680
vt 0.274055 0.109605
vt 0.496725 0.980453
vt 0.504289 0.982765
vt 0.477491 0.983538
vt 0.009416 0.274109
vt 0.010066 0.245693
vt 0.017890 0.250826
vt 0.983483 0.596513
vt 0.972117 0.608283
vt 0.974986 0.590696
vt 0.020287 0.268755
vt 0.602202 0.023731
vt 0.607773 0.013893
vt 0.619467 0.023705
vt 0.061519 0.003184
vt 0.072579 0.005535
vt 0.059600 0.010182
vt 0.491676 0.803001
vt 0.510752 0.799891
vt 0.557467 0.803978
vt 0.977417 0.733815
vt 0.345756 0.652390
vt 0.307710 0.931362
vt 0.302428 0.961318
vt 0.301201 0.927296
vt 0.344425 0.208071
vt 0.339162 0.217177
vt 0.334775 0.208071
vt 0.579997 0.043786
vt 0.322091 0.596039
vt 0.655003 0.152434
vt 0.663262 0.151315
vt 0.654619 0.167369
vt 0.956531 0.076120
vt 0.945040 0.078146
vt 0.958225 0.059977
vt 0.983022 0.607534
vt 0.185918 0.349498
vt 0.177326 0.954142
vt 0.221684 0.954142
vt 0.198864 0.981006
vt 0.620570 0.014413
vt 0.488543 0.991776
vt 0.286336 0.015059
vt 0.297865 0.026525
vt 0.288711 0.023921
vt 0.673839 0.169236
vt 0.417700 0.212637
vt 0.368171 0.216857
vt 0.360705 0.210195
vt 0.460315 0.265496
vt 0.439747 0.254343
vt 0.474549 0.220626
vt 0.039237 0.636348
vt 0.046369 0.623695
vt 0.047829 0.637403
vt 0.059376 0.998962
vt 0.964042 0.599085
vt 0.009312 0.153391
vt 0.000094 0.150396
vt 0.002889 0.141658
vt 0.481802 0.798009
vt 0.347196 0.626237
vt 0.413914 0.243704
vt 0.318390 0.130887
vt 0.095760 0.306502
vt 0.029990 0.904546
vt 0.026252 0.874349
vt 0.055927 0.883991
vt 0.988614 0.574967
vt 0.591465 0.805751
vt 0.560360 0.796725
vt 0.082305 0.352915
vt 0.079315 0.346304
vt 0.090645 0.330708
vt 0.697355 0.168535
vt 0.428666 0.800742
vt 0.095032 0.351488
vt 0.469343 0.001996
vt 0.483133 0.001996
vt 0.480107 0.012360
vt 0.029893 0.626901
vt 0.016156 0.720212
vt 0.006825 0.724098
vt 0.004141 0.712473
vt 0.040603 0.608142
vt 0.251285 0.097939
vt 0.008395 0.699169
vt 0.559986 0.985270
vt 0.601895 0.985270
vt 0.579210 0.993938
vt 0.088400 0.998568
vt 0.060711 0.999811
vt 0.065434 0.969991
vt 0.214844 0.060343
vt 0.203473 0.045789
vt 0.208619 0.036686
vt 0.534802 0.037340
vt 0.540826 0.026905
vt 0.540941 0.049332
vt 0.947298 0.191485
vt 0.937171 0.169767
vt 0.947483 0.147129
vt 0.316397 0.018551
vt 0.322693 0.037930
vt 0.311960 0.039865
vt 0.216996 0.570469
vt 0.244390 0.654778
vt 0.218442 0.593952
vt 0.754164 0.032685
vt 0.760766 0.050825
vt 0.752600 0.056919
vt 0.988221 0.381328
vt 0.974916 0.389607
vt 0.977812 0.381328
vt 0.988945 0.398870
vt 0.020386 0.655718
vt 0.020386 0.626460
vt 0.042980 0.640546
vt 0.279290 0.040032
vt 0.280144 0.027819
vt 0.296947 0.027295
vt 0.237826 0.105703
vt 0.056809 0.985691
vt 0.988629 0.949357
vt 0.993032 0.943070
vt 0.993054 0.960395
vt 0.593577 0.106376
vt 0.607579 0.102625
vt 0.594038 0.124459
vt 0.935196 0.456018
vt 0.378444 0.008293
vt 0.391103 0.004180
vt 0.378769 0.015622
vt 0.447603 0.014676
vt 0.463379 0.009550
vt 0.465763 0.021143
vt 0.297610 0.591617
vt 0.951381 0.031378
vt 0.947010 0.037621
vt 0.946639 0.020300
vt 0.069505 0.085171
vt 0.104753 0.085171
vt 0.093989 0.090572
vt 0.263572 0.886753
vt 0.293089 0.865009
vt 0.283709 0.880978
vt 0.610576 0.112634
vt 0.632930 0.012547
vt 0.632930 0.031017
vt 0.623505 0.023882
vt 0.973176 0.616730
vt 0.944923 0.059478
vt 0.097134 0.337144
vt 0.697217 0.765970
vt 0.679021 0.794921
vt 0.288396 0.896378
vt 0.954444 0.321666
vt 0.952439 0.331656
vt 0.945556 0.328447
vt 0.121040 0.976081
vt 0.135614 0.963412
vt 0.125984 0.997479
vt 0.279363 0.026483
vt 0.928904 0.067159
vt 0.420455 0.036004
vt 0.420455 0.016471
vt 0.427070 0.023668
vt 0.945644 0.302502
vt 0.056649 0.978291
vt 0.171706 0.085782
vt 0.175920 0.095709
vt 0.162106 0.092866
vt 0.632088 0.032029
vt 0.610486 0.032029
vt 0.622534 0.024902
vt 0.399768 0.815778
vt 0.762284 0.792615
vt 0.031746 0.142508
vt 0.035503 0.163959
vt 0.027931 0.156747
vt 0.393834 0.012709
vt 0.047345 0.911790
vt 0.678455 0.769601
vt 0.206615 0.535625
vt 0.217812 0.530792
vt 0.217109 0.551407
vt 0.119663 0.084513
vt 0.099083 0.082713
vt 0.114575 0.067962
vt 0.049558 0.149819
vt 0.049792 0.170060
vt 0.041013 0.138851
vt 0.619682 0.126088
vt 0.688793 0.070142
vt 0.688793 0.051640
vt 0.716653 0.061762
vt 0.089743 0.069434
vt 0.985605 0.105126
vt 0.985605 0.124724
vt 0.969335 0.107178
vt 0.029768 0.601369
vt 0.035903 0.608182
vt 0.021027 0.609051
vt 0.041438 0.055352
vt 0.015493 0.055352
vt 0.034403 0.040192
vt 0.031924 0.621101
vt 0.522004 0.036242
vt 0.528206 0.045100
vt 0.503972 0.045441
vt 0.030128 0.589790
vt 0.199363 0.087758
vt 0.199785 0.097524
vt 0.192887 0.097765
vt 0.996030 0.187002
vt 0.986659 0.180193
vt 0.998985 0.174879
vt 0.466856 0.974821
vt 0.463038 0.984228
vt 0.060030 0.011215
vt 0.074623 0.006474
vt 0.074161 0.017289
vt 0.966871 0.125073
vt 0.970919 0.838231
vt 0.988982 0.838231
vt 0.983593 0.846422
vt 0.175314 0.105843
vt 0.469214 0.997951
vt 0.751442 0.026346
vt 0.751442 0.048902
vt 0.740637 0.039733
vt 0.979906 0.238554
vt 0.979906 0.221842
vt 0.987916 0.229106
vt 0.751655 0.088946
vt 0.723465 0.079787
vt 0.752277 0.069328
vt 0.731751 0.066994
vt 0.985017 0.048522
vt 0.985017 0.068310
vt 0.977360 0.057285
vt 0.873981 0.071705
vt 0.878949 0.058988
vt 0.902641 0.070036
vt 0.162715 0.112216
vt 0.001159 0.873551
vt 0.010722 0.865526
vt 0.010613 0.886949
vt 0.946855 0.908923
vt 0.966271 0.917978
vt 0.940660 0.919294
vt 0.633717 0.023532
vt 0.633717 0.008151
vt 0.650937 0.012798
vt 0.967424 0.640536
vt 0.984129 0.630751
vt 0.978313 0.636998
vt 0.975161 0.691480
vt 0.968097 0.713221
vt 0.963453 0.689749
vt 0.195946 0.117696
vt 0.241771 0.125622
vt 0.259380 0.113463
vt 0.257080 0.130596
vt 0.254176 0.575663
vt 0.259401 0.548740
vt 0.266082 0.570715
vt 0.900906 0.309209
vt 0.892579 0.276039
vt 0.911766 0.289618
vt 0.213944 0.523508
vt 0.154454 0.073618
vt 0.125744 0.073618
vt 0.128638 0.059055
vt 0.301595 0.892726
vt 0.115890 0.216835
vt 0.174704 0.216835
vt 0.116771 0.256904
vt 0.726134 0.032764
vt 0.719806 0.052240
vt 0.704559 0.026473
vt 0.281496 0.126447
vt 0.184869 0.119173
vt 0.940730 0.588958
vt 0.931996 0.580612
vt 0.947478 0.570558
vt 0.354343 0.929114
vt 0.343782 0.923328
vt 0.353473 0.902544
vt 0.987032 0.639253
vt 0.183934 0.118179
vt 0.175315 0.113318
vt 0.933178 0.465580
vt 0.948506 0.479242
vt 0.933178 0.483544
vt 0.883394 0.100368
vt 0.901913 0.074879
vt 0.913636 0.084398
vt 0.256421 0.532479
vt 0.271972 0.528414
vt 0.542827 0.085052
vt 0.524429 0.083637
vt 0.521442 0.066695
vt 0.993542 0.476621
vt 0.981211 0.485580
vt 0.984079 0.463430
vt 0.160644 0.995159
vt 0.935343 0.507193
vt 0.994402 0.136002
vt 0.981836 0.126872
vt 0.994326 0.122414
vt 0.279213 0.560410
vt 0.630186 0.103298
vt 0.960239 0.593957
vt 0.939761 0.593957
vt 0.959541 0.580712
vt 0.847395 0.049265
vt 0.837550 0.044406
vt 0.847431 0.027292
vt 0.103359 0.315402
vt 0.965460 0.809167
vt 0.957662 0.792443
vt 0.965606 0.782913
vt 0.551331 0.064948
vt 0.271630 0.512322
vt 0.663614 0.049872
vt 0.682971 0.035808
vt 0.683416 0.051816
vt 0.926515 0.160141
vt 0.926515 0.205205
vt 0.917544 0.199561
vt 0.902752 0.060747
vt 0.957734 0.764022
vt 0.965250 0.781186
vt 0.958765 0.775805
vt 0.833072 0.026478
vt 0.827817 0.038032
vt 0.430155 0.038078
vt 0.422524 0.049321
vt 0.418585 0.036862
vt 0.339213 0.900175
vt 0.139549 0.117450
vt 0.133078 0.122601
vt 0.129035 0.111492
vt 0.651545 0.015122
vt 0.654937 0.004680
vt 0.667762 0.011420
vt 0.046080 0.080324
vt 0.055578 0.082759
vt 0.054742 0.106706
vt 0.407469 0.051257
vt 0.379867 0.250962
vt 0.951364 0.567925
vt 0.911352 0.265753
vt 0.957523 0.790433
vt 0.061469 0.072502
vt 0.063326 0.084903
vt 0.130853 0.265343
vt 0.017356 0.770343
vt 0.035094 0.768479
vt 0.019237 0.780531
vt 0.111780 0.067075
vt 0.090343 0.052064
vt 0.118073 0.054144
vt 0.634353 0.026422
vt 0.655250 0.033212
vt 0.634771 0.040905
vt 0.424872 0.280228
vt 0.392954 0.283192
vt 0.102035 0.122667
vt 0.543808 0.888234
vt 0.605202 0.888234
vt 0.587578 0.895924
vt 0.194342 0.513623
vt 0.890258 0.249729
vt 0.252439 0.038812
vt 0.240883 0.026308
vt 0.256348 0.026782
vt 0.272294 0.073403
vt 0.278333 0.062136
vt 0.281548 0.074213
vt 0.937068 0.550933
vt 0.091388 0.067738
vt 0.155319 0.264391
vt 0.321472 0.924398
vt 0.116532 0.708375
vt 0.126228 0.685534
vt 0.129827 0.713926
vt 0.788589 0.134580
vt 0.795621 0.149659
vt 0.779894 0.143613
vt 0.307732 0.930023
vt 0.302093 0.918870
vt 0.247621 0.047454
vt 0.267359 0.047376
vt 0.802918 0.131382
vt 0.141779 0.084351
vt 0.161359 0.110204
vt 0.139988 0.109958
vt 0.742555 0.123737
vt 0.727316 0.111397
vt 0.752839 0.113578
vt 0.137156 0.095479
vt 0.190775 0.499915
vt 0.199472 0.499579
vt 0.315312 0.900723
vt 0.971268 0.864077
vt 0.970322 0.885428
vt 0.963887 0.879905
vt 0.322072 0.868733
vt 0.042219 0.086759
vt 0.053326 0.105998
vt 0.042899 0.119182
vt 0.009460 0.780126
vt 0.150299 0.700588
vt 0.142429 0.722246
vt 0.778033 0.631224
vt 0.718266 0.673073
vt 0.645730 0.628412
vt 0.817397 0.134215
vt 0.870907 0.268206
vt 0.239197 0.038122
vt 0.299289 0.539356
vt 0.862296 0.894913
vt 0.796120 0.894913
vt 0.843645 0.890236
vt 0.045709 0.298531
vt 0.060720 0.304193
vt 0.050781 0.321408
vt 0.923809 0.550151
vt 0.060026 0.289647
vt 0.948039 0.869249
vt 0.254181 0.498243
vt 0.270134 0.485724
vt 0.281531 0.514039
vt 0.281839 0.505511
vt 0.953414 0.358075
vt 0.968587 0.362141
vt 0.947255 0.362222
vt 0.173277 0.492653
vt 0.215408 0.493700
vt 0.007283 0.734496
vt 0.000655 0.725373
vt 0.009246 0.724910
vt 0.067657 0.292527
vt 0.792376 0.821336
vt 0.975918 0.691125
vt 0.991904 0.696319
vt 0.983256 0.706400
vt 0.000724 0.203549
vt 0.008145 0.203779
vt 0.016108 0.211743
vt 0.066331 0.323719
vt 0.813823 0.163424
vt 0.000782 0.222194
vt 0.137225 0.682836
vt 0.007564 0.572903
vt 0.030543 0.583618
vt 0.007081 0.599869
vt 0.025554 0.997420
vt 0.008122 0.991076
vt 0.033462 0.990204
vt 0.974529 0.215148
vt 0.951708 0.215148
vt 0.969646 0.208614
vt 0.723087 0.137613
vt 0.294522 0.046579
vt 0.782396 0.794857
vt 0.805028 0.120266
vt 0.818796 0.102506
vt 0.824652 0.115008
vt 0.011770 0.957302
vt 0.001101 0.957302
vt 0.004247 0.939728
vt 0.993949 0.880286
vt 0.993949 0.896447
vt 0.977833 0.884209
vt 0.630169 0.228032
vt 0.581255 0.332929
vt 0.509025 0.222774
vt 0.777092 0.245322
vt 0.656571 0.245322
vt 0.722204 0.236856
vt 0.027732 0.594524
vt 0.012361 0.773994
vt 0.001721 0.782922
vt 0.001705 0.764108
vt 0.025621 0.236530
vt 0.025294 0.222962
vt 0.040547 0.217710
vt 0.841056 0.131656
vt 0.788219 0.103106
vt 0.020077 0.764716
vt 0.707062 0.116093
vt 0.593106 0.054948
vt 0.618280 0.046769
vt 0.604844 0.070063
vt 0.508621 0.962519
vt 0.533103 0.974312
vt 0.519031 0.980550
vt 0.130232 0.658943
vt 0.037183 0.208024
vt 0.041662 0.840427
vt 0.058339 0.832695
vt 0.064602 0.843542
vt 0.833270 0.159786
vt 0.633878 0.055532
vt 0.654611 0.070596
vt 0.624324 0.069092
vt 0.891008 0.234355
vt 0.414552 0.939665
vt 0.435431 0.941492
vt 0.383876 0.943008
vt 0.638746 0.079616
vt 0.079233 0.449868
vt 0.079233 0.402113
vt 0.101460 0.411385
vt 0.502628 0.978611
vt 0.488184 0.979905
vt 0.786082 0.638057
vt 0.792116 0.674643
vt 0.768743 0.652388
vt 0.027091 0.156833
vt 0.011028 0.156833
vt 0.014382 0.128811
vt 0.073956 0.832732
vt 0.372117 0.279210
vt 0.357220 0.261449
vt 0.849809 0.148651
vt 0.754581 0.694087
vt 0.657855 0.057802
vt 0.809788 0.626853
vt 0.330384 0.219345
vt 0.343022 0.280709
vt 0.886077 0.698174
vt 0.890191 0.771461
vt 0.885861 0.783357
vt 0.275121 0.978703
vt 0.256310 0.978375
vt 0.272926 0.963241
vt 0.076160 0.843328
vt 0.515850 0.985252
vt 0.524249 0.979371
vt 0.524222 0.998847
vt 0.824784 0.172734
vt 0.328916 0.326200
vt 0.985532 0.040487
vt 0.978824 0.030907
vt 0.984969 0.020899
vt 0.233789 0.961365
vt 0.582509 0.003589
vt 0.590962 0.015223
vt 0.580820 0.015088
vt 0.581368 0.015924
vt 0.601306 0.015924
vt 0.592850 0.032096
vt 0.362247 0.308391
vt 0.793370 0.722968
vt 0.740609 0.703959
vt 0.249854 0.948525
vt 0.081269 0.007086
vt 0.094545 0.016731
vt 0.074762 0.018162
vt 0.842900 0.173073
vt 0.968068 0.589888
vt 0.968068 0.569023
vt 0.975992 0.579233
vt 0.949216 0.140784
vt 0.956834 0.161714
vt 0.948117 0.168127
vt 0.783122 0.169929
vt 0.781781 0.181411
vt 0.775102 0.199761
vt 0.076613 0.586369
vt 0.076525 0.604598
vt 0.066412 0.591126
vt 0.484328 0.296249
vt 0.484097 0.218938
vt 0.983829 0.299341
vt 0.983829 0.283332
vt 0.991913 0.290823
vt 0.759512 0.737860
vt 0.724792 0.709873
vt 0.277666 0.040481
vt 0.271344 0.031453
vt 0.277463 0.019915
vt 0.252075 0.293127
vt 0.250969 0.314249
vt 0.234914 0.279603
vt 0.075079 0.576279
vt 0.942710 0.116318
vt 0.966696 0.108524
vt 0.965590 0.130585
vt 0.535646 0.006450
vt 0.551977 0.006450
vt 0.542478 0.020778
vt 0.980770 0.165058
vt 0.993982 0.174657
vt 0.982414 0.180982
vt 0.816297 0.710822
vt 0.983903 0.338430
vt 0.983903 0.322461
vt 0.994315 0.330343
vt 0.007630 0.642966
vt 0.019598 0.625874
vt 0.019440 0.652839
vt 0.704007 0.172304
vt 0.048941 0.174655
vt 0.026722 0.176209
vt 0.024326 0.157950
vt 0.775652 0.210522
vt 0.226722 0.282243
vt 0.953342 0.631789
vt 0.944183 0.644870
vt 0.944701 0.615526
vt 0.772375 0.752589
vt 0.586799 0.186371
vt 0.580368 0.202484
vt 0.558471 0.195864
vt 0.599717 0.193897
vt 0.472307 0.230777
vt 0.795567 0.756810
vt 0.065466 0.615305
vt 0.272543 0.246057
vt 0.762706 0.216489
vt 0.892357 0.807271
vt 0.114839 0.376192
vt 0.106054 0.343407
vt 0.115728 0.325788
vt 0.639054 0.211270
vt 0.630798 0.224479
vt 0.618447 0.208831
vt 0.215576 0.255964
vt 0.613578 0.224520
vt 0.077222 0.477675
vt 0.062500 0.462953
vt 0.078094 0.440642
vt 0.599653 0.221923
vt 0.741404 0.215144
vt 0.577429 0.222814
vt 0.235722 0.219414
vt 0.917849 0.201184
vt 0.928686 0.219954
vt 0.918099 0.246341
vt 0.561327 0.223850
vt 0.914599 0.821073
vt 0.916592 0.835587
vt 0.892729 0.816757
vt 0.002196 0.112413
vt 0.022556 0.119028
vt 0.002530 0.120755
vt 0.744598 0.062854
vt 0.763127 0.052132
vt 0.759081 0.069302
vt 0.902460 0.246446
vt 0.883859 0.189198
vt 0.913666 0.214408
vt 0.053115 0.508282
vt 0.053115 0.471916
vt 0.084509 0.499415
vt 0.767575 0.234527
vt 0.187739 0.026178
vt 0.187739 0.008970
vt 0.193944 0.020593
vt 0.998781 0.787266
vt 0.998781 0.801348
vt 0.983893 0.795895
vt 0.849745 0.821970
vt 0.909019 0.808782
vt 0.895447 0.036994
vt 0.890046 0.026972
vt 0.898294 0.024762
vt 0.023682 0.287975
vt 0.019387 0.276173
vt 0.023070 0.259550
vt 0.914446 0.671568
vt 0.888490 0.636821
vt 0.916665 0.639839
vt 0.704435 0.095235
vt 0.673288 0.104793
vt 0.695765 0.084138
vt 0.766484 0.068311
vt 0.881583 0.037177
vt 0.257021 0.175872
vt 0.301661 0.169057
vt 0.332088 0.177210
vt 0.079845 0.270028
vt 0.098373 0.277514
vt 0.093681 0.308685
vt 0.915742 0.764908
vt 0.909194 0.780713
vt 0.903611 0.770241
vt 0.721159 0.212140
vt 0.109793 0.873373
vt 0.088147 0.900432
vt 0.091109 0.873373
vt 0.637307 0.105320
vt 0.610949 0.086169
vt 0.649942 0.084284
vt 0.809437 0.085775
vt 0.826994 0.073007
vt 0.819281 0.093193
vt 0.806670 0.079901
vt 0.065890 0.024610
vt 0.050575 0.017469
vt 0.070712 0.017563
vt 0.678363 0.082336
vt 0.012134 0.274797
vt 0.007338 0.289559
vt 0.002717 0.277067
vt 0.775074 0.057686
vt 0.720729 0.225474
vt 0.506607 0.340963
vt 0.109873 0.903535
vt 0.926281 0.229227
vt 0.926195 0.260749
vt 0.918782 0.249831
vt 0.895023 0.782122
vt 0.825059 0.105706
vt 0.483092 0.079911
vt 0.476241 0.086759
vt 0.452973 0.078290
vt 0.888286 0.623482
vt 0.876963 0.024342
vt 0.977741 0.766983
vt 0.981974 0.781208
vt 0.968027 0.780965
vt 0.992172 0.637673
vt 0.993202 0.644084
vt 0.980308 0.646590
vt 0.993950 0.656387
vt 0.072284 0.053978
vt 0.082095 0.062507
vt 0.063944 0.065894
vt 0.092327 0.923162
vt 0.974034 0.060549
vt 0.959550 0.067584
vt 0.959135 0.055126
vt 0.776689 0.070045
vt 0.023478 0.080930
vt 0.025191 0.107200
vt 0.016955 0.087453
vt 0.918470 0.265501
vt 0.927569 0.275228
vt 0.983507 0.975113
vt 0.963523 0.975113
vt 0.972655 0.967956
vt 0.312741 0.169833
vt 0.973777 0.078042
vt 0.760954 0.085987
vt 0.875964 0.040510
vt 0.681199 0.001502
vt 0.694543 0.001502
vt 0.692740 0.013845
vt 0.002253 0.284777
vt 0.011330 0.297271
vt 0.001046 0.304331
vt 0.078764 0.742153
vt 0.091511 0.757083
vt 0.083028 0.763952
vt 0.979453 0.792918
vt 0.075611 0.076583
vt 0.065011 0.083646
vt 0.458465 0.086233
vt 0.451562 0.094482
vt 0.026542 0.506815
vt 0.003656 0.506815
vt 0.018758 0.502591
vt 0.965829 0.746407
vt 0.950947 0.724397
vt 0.965588 0.732627
vt 0.057075 0.676999
vt 0.065656 0.671791
vt 0.063758 0.701959
vt 0.008967 0.108179
vt 0.951934 0.740461
vt 0.952442 0.756296
vt 0.945178 0.743787
vt 0.059002 0.668338
vt 0.047139 0.671355
vt 0.312765 0.163384
vt 0.941597 0.731884
vt 0.085851 0.772735
vt 0.977964 0.125945
vt 0.991343 0.135665
vt 0.978195 0.138412
vt 0.740401 0.012797
vt 0.725936 0.012797
vt 0.738143 0.005024
vt 0.993601 0.706324
vt 0.991099 0.698626
vt 0.998010 0.701618
vt 0.044740 0.676661
vt 0.994516 0.824902
vt 0.992949 0.837542
vt 0.984449 0.837542
vt 0.984197 0.821864
vt 0.825254 0.938868
vt 0.872766 0.923431
vt 0.855392 0.942411
vt 0.979893 0.274312
vt 0.994365 0.274312
vt 0.993354 0.290045
vt 0.089364 0.727452
vt 0.966297 0.007634
vt 0.957635 0.011673
vt 0.950535 0.007961
vt 0.945641 0.291850
vt 0.943614 0.275430
vt 0.952399 0.285092
vt 0.050165 0.263180
vt 0.067185 0.282682
vt 0.050165 0.288912
vt 0.101721 0.726275
vt 0.104875 0.747329
vt 0.817600 0.012560
vt 0.822195 0.019123
vt 0.803547 0.018272
vt 0.063340 0.264317
vt 0.952920 0.266432
vt 0.061104 0.252672
vt 0.074092 0.272369
vt 0.113810 0.736579
vt 0.069416 0.255008
vt 0.945755 0.261615
s 1
usemtl Material.002
f 216/1/1 221/2/2 175/3/3
f 221/4/2 216/5/1 219/6/4
f 221/4/2 219/6/4 217/7/5
f 216/8/6 218/9/6 219/10/6
f 223/11/7 231/12/8 226/13/9
f 217/14/5 220/15/10 221/16/2
f 222/17/11 233/18/11 230/19/11
f 225/20/12 218/21/13 230/22/14
f 225/20/12 230/22/14 231/12/8
f 216/23/1 176/24/15 218/21/13
f 223/11/7 225/20/12 231/12/8
f 217/7/5 219/6/4 224/25/16
f 223/26/7 224/27/16 225/28/12
f 225/28/12 219/29/4 218/30/13
f 216/31/1 175/32/3 176/33/15
f 218/21/13 176/24/15 230/22/14
f 217/34/5 224/35/16 220/15/10
f 226/36/9 224/27/16 223/26/7
f 749/37/17 754/38/18 750/39/19
f 227/40/20 232/41/20 228/42/20
f 230/43/21 229/44/21 222/45/21
f 230/46/14 234/47/22 231/48/8
f 228/49/23 234/47/22 235/50/24
f 231/51/25 224/52/25 226/53/25
f 749/54/17 753/55/26 754/56/18
f 225/28/12 224/27/16 219/29/4
f 231/48/8 234/47/22 228/49/23
f 233/57/27 230/58/27 239/59/27
f 749/60/17 750/61/19 753/62/26
f 233/63/28 234/47/22 230/46/14
f 231/64/8 238/65/29 224/66/16
f 228/49/23 232/67/30 231/48/8
f 221/16/2 220/15/10 240/68/31
f 232/69/30 247/70/32 231/64/8
f 176/33/15 175/32/3 177/71/33
f 233/72/28 239/73/34 234/74/22
f 235/75/24 236/76/35 228/77/23
f 230/22/14 176/24/15 239/78/36
f 176/33/15 177/71/33 239/79/36
f 228/80/23 236/76/35 227/81/37
f 231/64/8 247/70/32 237/82/38
f 224/35/16 238/83/29 220/15/10
f 235/75/24 245/84/39 236/76/35
f 235/50/24 234/47/22 239/85/34
f 750/39/19 754/38/18 751/86/40
f 220/15/10 241/87/41 240/68/31
f 332/88/42 331/89/43 751/90/44
f 231/64/8 237/82/38 238/65/29
f 331/89/43 760/91/45 751/90/44
f 750/61/19 751/92/40 752/93/46
f 240/94/31 242/95/47 175/3/3
f 240/94/31 175/3/3 221/2/2
f 235/96/48 239/97/48 180/98/48
f 220/15/10 238/83/29 241/87/41
f 751/99/49 333/100/49 752/101/49
f 235/102/50 180/103/50 245/104/50
f 236/76/35 281/105/51 227/81/37
f 227/106/52 281/107/52 232/108/52
f 332/109/42 760/110/45 331/111/43
f 754/112/53 753/113/53 757/114/53
f 239/115/54 177/116/54 186/117/54
f 754/118/18 761/119/55 755/120/56
f 750/61/19 752/93/46 753/62/26
f 245/121/57 236/122/57 251/123/57
f 753/62/26 752/93/46 756/124/58
f 332/109/42 751/125/44 760/110/45
f 241/126/41 242/127/47 240/128/31
f 281/129/59 251/130/59 232/131/59
f 239/132/60 186/133/60 180/134/60
f 753/62/26 756/124/58 757/135/61
f 232/69/30 243/136/62 247/70/32
f 241/87/41 238/83/29 237/137/38
f 250/138/63 241/139/63 237/140/63
f 241/126/41 250/141/64 242/127/47
f 236/76/65 245/84/66 281/105/67
f 236/142/68 251/143/68 281/144/68
f 251/145/69 243/146/62 232/147/30
f 251/145/69 244/148/70 243/146/62
f 754/38/18 760/149/71 751/86/40
f 751/150/72 760/151/72 333/152/72
f 281/143/73 245/153/73 251/144/73
f 247/154/74 246/155/74 249/156/74
f 247/157/75 243/158/75 246/159/75
f 180/160/76 186/161/76 182/162/76
f 180/163/77 178/164/78 245/165/79
f 757/135/61 756/124/58 758/166/80
f 761/119/55 754/118/18 758/167/80
f 175/168/3 179/169/81 177/170/33
f 755/171/56 759/172/82 754/38/18
f 250/173/83 237/174/83 248/175/83
f 333/176/84 334/177/85 752/93/46
f 754/178/18 757/135/61 758/166/80
f 760/179/86 334/177/85 333/176/84
f 180/180/87 181/181/87 178/182/87
f 755/183/56 761/184/55 759/185/82
f 180/186/88 182/187/88 181/188/88
f 177/170/33 179/169/81 186/189/89
f 247/190/90 249/191/90 237/192/90
f 248/193/91 269/194/92 250/195/93
f 243/196/62 260/197/94 246/198/95
f 761/199/55 758/200/80 762/201/96
f 237/202/97 269/203/98 248/204/99
f 237/205/100 249/206/100 252/207/100
f 250/208/101 253/209/101 242/210/101
f 251/211/102 256/212/102 244/213/102
f 237/214/97 252/215/103 269/216/98
f 245/217/104 256/218/104 251/219/104
f 242/95/47 253/220/105 175/3/3
f 250/195/93 269/194/92 253/221/105
f 245/165/79 178/164/78 185/222/106
f 246/223/107 266/224/107 249/225/107
f 182/226/108 183/227/108 181/228/108
f 178/229/78 181/230/109 187/231/110
f 760/232/86 354/233/111 334/234/85
f 185/235/106 184/236/112 245/237/79
f 254/238/113 272/239/114 258/240/115
f 243/146/62 244/148/70 260/241/94
f 246/242/116 260/243/116 266/244/116
f 245/237/79 184/236/112 256/245/117
f 249/246/118 248/247/118 252/248/119
f 237/249/120 249/250/120 255/251/120
f 178/229/78 187/231/110 185/252/106
f 754/38/18 759/172/82 766/253/121
f 182/254/122 193/255/122 183/256/122
f 760/232/86 335/257/123 354/233/111
f 758/200/80 763/258/124 762/201/96
f 256/259/117 188/260/125 244/148/70
f 182/261/126 186/262/89 193/263/127
f 758/166/80 756/124/58 763/264/124
f 254/265/128 342/266/128 760/267/128
f 249/268/129 266/269/130 257/270/131
f 761/184/55 762/201/96 759/185/82
f 181/271/132 191/272/132 187/273/132
f 254/274/133 258/275/133 342/276/133
f 334/177/85 756/124/58 752/93/46
f 181/277/134 183/278/135 191/279/135
f 252/280/136 248/281/136 265/282/136
f 184/236/112 188/283/125 256/245/117
f 187/231/110 200/284/137 185/252/106
f 760/232/86 342/285/138 335/257/123
f 269/203/98 259/286/139 248/204/140
f 186/262/89 179/287/81 193/263/127
f 254/288/113 760/289/141 272/290/114
f 191/279/135 183/278/135 193/291/142
f 249/246/118 261/292/143 248/247/118
f 269/216/98 252/215/103 265/293/144
f 260/294/145 267/295/145 266/296/145
f 248/193/146 270/297/147 269/194/92
f 185/235/106 200/298/137 184/236/112
f 249/299/148 257/300/148 261/301/148
f 175/3/3 253/220/105 272/302/114
f 189/303/149 262/304/150 244/148/70
f 269/216/98 265/293/144 259/305/139
f 244/148/70 262/304/150 260/241/94
f 179/306/151 175/307/151 195/308/151
f 342/285/138 336/309/152 335/257/123
f 257/310/153 263/311/153 261/312/153
f 335/257/123 337/313/154 354/233/111
f 754/38/18 766/253/121 760/149/71
f 341/314/155 342/315/155 258/316/155
f 184/236/112 200/298/137 188/283/125
f 188/260/125 189/303/149 244/148/70
f 248/317/156 259/318/156 265/319/156
f 248/193/146 263/320/157 270/297/147
f 191/321/158 193/322/158 194/323/158
f 257/270/131 266/269/130 268/324/159
f 354/325/111 337/326/154 338/327/160
f 188/328/161 190/329/161 189/330/161
f 344/331/162 339/332/163 346/333/164
f 188/283/125 200/298/137 190/334/165
f 344/331/162 340/335/166 339/332/163
f 191/336/167 200/337/167 187/338/167
f 264/339/168 265/340/168 259/341/168
f 266/342/169 267/343/169 268/344/169
f 756/124/58 767/345/170 763/264/124
f 191/346/171 194/347/171 192/348/171
f 272/239/114 341/349/172 258/240/115
f 341/350/173 351/351/173 342/352/173
f 179/287/81 195/353/174 193/263/127
f 191/354/175 192/355/175 200/356/175
f 248/357/176 261/358/176 263/359/176
f 756/124/58 764/360/177 767/345/170
f 344/331/162 343/361/178 340/335/166
f 343/362/178 344/363/162 353/364/179
f 756/124/58 334/177/85 707/365/180
f 756/366/181 707/367/181 764/368/181
f 762/201/96 763/258/124 768/369/182
f 759/185/82 762/201/96 765/370/183
f 260/241/94 262/304/150 268/371/159
f 257/372/131 268/373/159 263/374/157
f 265/293/184 277/375/185 259/305/186
f 346/333/164 339/332/163 345/376/187
f 759/185/82 765/370/183 766/377/121
f 260/378/188 268/379/188 267/380/188
f 352/381/189 356/382/190 340/335/166
f 193/383/191 207/384/191 194/385/191
f 346/386/164 347/387/192 344/363/162
f 339/332/163 340/335/166 348/388/193
f 339/389/163 690/390/194 345/391/187
f 339/389/163 348/392/193 690/390/194
f 354/393/195 707/394/195 334/395/195
f 345/396/187 690/397/194 691/398/196
f 192/399/197 194/400/197 207/401/197
f 341/349/172 272/239/114 360/402/198
f 193/403/127 195/404/174 196/405/199
f 269/406/92 270/407/147 271/408/200
f 346/386/164 350/409/201 347/387/192
f 263/320/157 274/410/202 270/297/147
f 352/381/189 349/411/203 356/382/190
f 352/381/189 340/335/166 343/361/178
f 336/412/152 367/413/204 335/257/123
f 348/392/193 692/414/205 693/415/206
f 346/333/164 345/376/187 350/416/201
f 348/392/193 693/415/206 690/390/194
f 348/392/193 694/417/207 692/414/205
f 193/403/127 196/405/199 207/418/208
f 269/194/92 271/419/200 253/221/105
f 344/363/162 347/387/192 353/364/179
f 352/420/189 343/421/178 366/422/209
f 340/335/166 695/423/210 348/388/193
f 342/285/138 351/424/211 336/309/152
f 253/221/105 271/419/200 272/425/114
f 348/392/193 695/426/210 694/417/207
f 352/427/212 366/428/212 349/429/212
f 367/413/204 357/430/213 335/257/123
f 272/239/114 273/431/214 360/402/198
f 816/432/215 819/433/215 815/434/215
f 189/303/149 190/435/165 262/304/150
f 340/335/166 356/382/190 695/423/210
f 343/436/216 353/437/216 358/438/216
f 192/439/217 197/440/217 200/441/217
f 350/416/201 345/376/187 364/442/218
f 268/371/159 262/304/150 203/443/219
f 337/313/154 335/257/123 357/430/213
f 692/414/205 704/444/220 693/415/206
f 276/445/221 273/446/221 272/447/221
f 192/448/222 207/449/222 197/450/222
f 694/417/207 695/426/210 696/451/223
f 691/398/196 690/397/194 693/452/206
f 763/258/124 767/453/170 768/369/182
f 272/454/224 280/455/225 276/456/226
f 263/374/157 268/373/159 203/457/219
f 762/201/96 768/369/182 770/458/227
f 341/459/228 360/460/228 351/461/228
f 350/409/201 370/462/229 347/387/192
f 337/326/154 357/463/213 338/327/160
f 767/464/230 771/465/230 768/466/230
f 190/467/165 200/468/137 198/469/231
f 276/470/232 277/471/232 273/472/232
f 353/364/179 347/387/192 359/473/233
f 816/474/234 817/475/235 819/476/236
f 336/477/237 351/478/237 367/479/237
f 358/480/238 359/481/238 343/482/238
f 704/483/239 701/484/239 693/485/239
f 819/476/236 817/475/235 829/486/240
f 207/487/241 199/488/241 197/489/241
f 343/421/178 359/490/233 366/422/209
f 767/491/242 764/492/242 769/493/242
f 198/469/231 203/494/219 190/467/165
f 345/495/243 691/496/243 364/497/243
f 704/444/220 692/414/205 697/498/244
f 354/499/111 338/500/160 708/501/245
f 200/502/137 197/503/246 198/504/231
f 349/505/203 355/506/247 356/507/190
f 354/508/248 708/509/248 707/510/248
f 762/201/96 770/458/227 765/370/183
f 349/505/203 366/511/209 355/506/247
f 695/426/210 698/512/249 696/451/223
f 270/297/147 274/410/202 275/513/250
f 699/514/251 700/515/251 693/516/251
f 816/517/252 815/518/252 824/519/252
f 357/520/213 385/521/253 338/500/160
f 271/419/200 211/522/254 272/425/114
f 816/523/234 823/524/255 817/525/235
f 764/526/256 707/527/256 769/528/256
f 817/529/257 823/530/257 829/531/257
f 353/532/258 359/533/258 358/534/258
f 692/414/205 694/417/207 715/535/259
f 263/374/157 203/457/219 204/536/260
f 819/537/236 818/538/261 815/539/262
f 262/304/150 190/435/165 203/443/219
f 175/540/3 201/541/263 195/542/174
f 175/540/3 202/543/264 201/541/263
f 197/544/246 199/545/265 205/546/266
f 816/523/234 824/547/267 823/524/255
f 273/431/214 361/548/268 360/402/198
f 819/549/236 820/550/269 818/551/261
f 693/452/270 701/552/271 700/553/272
f 203/554/219 209/555/273 204/556/260
f 271/408/200 270/407/147 211/557/254
f 263/558/157 204/559/260 274/560/202
f 815/561/274 822/562/274 824/563/274
f 701/564/275 704/565/275 700/566/275
f 768/567/182 772/568/276 770/569/227
f 359/570/233 365/571/277 366/572/209
f 692/414/205 715/535/259 697/573/244
f 175/540/3 272/574/114 202/543/264
f 351/575/278 360/576/278 361/577/278
f 211/578/279 279/579/279 272/580/279
f 209/555/273 203/554/219 198/581/231
f 704/444/220 697/498/244 702/582/280
f 705/583/281 703/584/282 704/585/283
f 704/585/283 703/584/282 700/586/284
f 374/587/285 355/588/247 366/589/209
f 818/590/261 844/591/286 815/592/262
f 361/593/268 382/594/287 351/595/288
f 766/596/121 765/597/183 821/598/289
f 366/572/209 365/571/277 362/599/290
f 347/600/192 370/601/229 363/602/291
f 197/503/246 205/603/266 198/504/231
f 705/604/292 704/605/292 710/606/292
f 350/409/201 364/607/218 370/462/229
f 275/608/250 274/560/202 211/609/293
f 277/610/294 276/611/294 280/612/294
f 704/444/220 702/582/280 710/613/295
f 347/600/192 363/602/291 365/614/277
f 693/452/206 700/553/284 706/615/296
f 359/616/233 347/600/192 365/614/277
f 695/617/210 356/507/190 698/618/249
f 277/619/297 278/620/298 273/431/214
f 366/621/209 373/622/299 374/623/285
f 768/567/182 771/624/300 772/568/276
f 766/596/121 821/598/289 838/625/301
f 693/452/206 706/615/296 691/398/196
f 700/586/284 703/584/282 707/626/302
f 365/627/303 368/628/303 362/629/303
f 705/583/281 710/630/295 703/584/282
f 696/451/223 698/512/249 711/631/304
f 270/632/305 275/633/305 211/634/305
f 351/635/288 394/636/306 367/637/204
f 205/603/266 209/638/273 198/504/231
f 273/431/214 278/620/298 361/548/268
f 694/417/207 696/639/223 715/535/259
f 700/586/284 707/626/302 371/640/307
f 815/592/262 844/591/286 822/641/308
f 205/642/309 208/643/309 206/644/309
f 691/398/196 706/615/296 364/645/310
f 362/646/290 368/647/311 366/648/209
f 366/648/209 368/647/311 373/649/299
f 210/650/312 206/651/313 202/652/314
f 206/653/315 207/654/315 202/655/315
f 274/560/202 204/559/260 211/609/293
f 205/656/316 206/657/316 209/658/316
f 280/659/317 278/620/298 277/619/297
f 355/588/247 374/587/285 282/660/318
f 706/661/296 700/586/284 371/640/307
f 368/662/319 365/663/319 373/664/319
f 196/405/199 195/404/174 201/665/263
f 707/666/320 708/667/320 371/668/320
f 338/500/160 385/521/253 708/501/245
f 767/669/321 716/670/322 771/671/300
f 696/639/223 709/672/323 715/535/259
f 207/673/324 206/674/324 199/675/324
f 280/455/225 272/454/224 279/676/325
f 196/677/326 201/678/326 207/679/326
f 707/680/302 703/584/282 710/630/295
f 211/681/327 210/650/312 279/682/328
f 204/556/260 209/555/273 211/683/329
f 819/549/236 831/684/330 820/550/269
f 702/685/280 714/686/331 710/687/295
f 356/507/190 355/506/247 288/688/332
f 706/689/333 371/690/333 364/691/333
f 697/692/244 714/686/331 702/685/280
f 838/693/301 776/694/334 766/695/121
f 823/696/335 824/697/335 822/698/335
f 823/699/336 822/700/336 825/701/336
f 206/674/337 208/702/338 199/675/265
f 711/703/339 698/704/339 718/705/339
f 207/706/340 201/707/340 202/708/340
f 374/623/285 373/622/299 378/709/341
f 697/692/244 715/710/259 714/686/331
f 823/711/342 826/712/343 829/713/240
f 205/546/266 199/545/265 208/714/338
f 362/646/344 369/715/344 368/647/345
f 707/716/302 710/717/295 723/718/346
f 829/713/240 826/712/343 827/719/347
f 765/597/183 773/720/348 821/598/289
f 351/595/288 382/594/287 394/721/306
f 278/620/298 280/659/317 289/722/349
f 288/723/332 355/588/247 282/660/318
f 370/724/229 364/725/218 385/726/350
f 371/727/351 385/726/350 364/725/218
f 210/650/312 209/728/352 206/651/313
f 385/521/253 357/520/213 384/729/353
f 363/730/354 370/731/354 372/732/354
f 210/733/355 209/734/355 211/735/355
f 210/650/312 202/652/314 279/682/328
f 715/736/259 709/737/323 747/738/356
f 770/458/227 773/739/348 765/370/183
f 365/740/357 380/741/357 373/742/357
f 723/743/358 769/744/358 707/745/358
f 374/746/359 378/747/359 282/748/359
f 357/520/213 367/637/204 384/729/353
f 717/749/360 712/750/361 718/751/362
f 365/614/277 363/602/291 376/752/363
f 823/753/364 828/754/364 826/755/364
f 373/756/365 380/757/366 379/758/367
f 713/759/368 696/760/368 724/761/368
f 356/507/190 288/688/332 698/618/249
f 772/762/276 771/671/300 775/763/369
f 714/764/331 715/765/259 721/766/370
f 371/767/371 708/768/371 385/769/371
f 829/770/240 842/771/372 819/772/236
f 820/550/269 830/773/373 818/551/261
f 370/774/229 385/775/350 375/776/374
f 279/777/375 289/778/375 280/779/375
f 710/717/295 714/764/331 723/718/346
f 767/780/321 769/781/376 716/782/322
f 711/783/377 718/751/362 712/750/361
f 202/543/264 272/574/114 213/784/378
f 370/785/379 375/786/379 372/787/379
f 773/788/348 770/569/227 772/568/276
f 363/789/380 372/790/380 375/791/380
f 717/792/360 719/793/381 712/794/361
f 776/694/334 838/693/301 837/795/382
f 821/598/289 834/796/383 838/625/301
f 365/797/384 376/798/384 380/799/384
f 709/672/323 696/639/223 713/800/385
f 773/720/348 839/801/386 821/598/289
f 827/719/347 826/712/343 840/802/387
f 716/670/322 775/763/369 771/671/300
f 367/637/204 394/636/306 384/729/353
f 696/803/388 711/804/388 724/805/388
f 819/772/236 842/771/372 831/806/330
f 818/590/261 832/807/389 844/591/286
f 709/737/323 713/808/385 747/738/356
f 282/809/318 378/810/390 377/811/391
f 711/812/392 712/813/392 724/814/392
f 376/752/363 363/602/291 375/815/393
f 822/816/394 833/817/395 825/818/396
f 373/819/397 379/820/397 378/821/397
f 717/822/360 718/823/362 719/824/381
f 379/758/367 380/757/366 381/825/398
f 826/826/399 828/827/399 834/828/399
f 718/823/362 639/829/400 719/824/381
f 712/794/361 719/793/381 724/830/401
f 835/831/402 818/832/261 836/833/403
f 379/834/367 381/835/398 413/836/404
f 818/590/261 835/837/402 832/807/389
f 380/838/366 376/839/405 381/840/398
f 714/764/331 721/766/370 723/718/346
f 715/736/259 747/738/356 721/841/370
f 820/550/269 831/684/330 830/773/373
f 202/842/406 213/843/406 279/844/406
f 772/568/276 774/845/407 773/788/348
f 835/831/402 836/833/403 840/846/387
f 747/847/408 720/848/408 721/849/408
f 375/850/409 383/851/409 376/852/409
f 718/823/362 698/853/249 639/829/400
f 775/854/369 774/855/407 772/856/276
f 818/832/261 830/857/373 836/833/403
f 282/858/318 377/859/391 283/860/410
f 272/574/114 61/861/411 213/784/378
f 385/775/350 396/862/412 375/776/374
f 825/863/413 833/864/413 823/865/413
f 821/598/289 839/801/386 834/796/383
f 834/866/383 837/867/382 838/868/301
f 826/869/343 839/870/386 840/871/387
f 361/872/268 278/873/298 382/874/287
f 827/875/347 843/876/414 829/770/240
f 769/781/376 728/877/415 716/782/322
f 378/878/390 388/879/416 377/880/391
f 379/834/367 413/836/404 378/881/390
f 724/882/417 719/883/417 639/884/417
f 721/885/370 722/886/418 726/887/419
f 827/875/347 840/888/387 843/876/414
f 383/889/420 381/840/398 376/839/405
f 384/890/421 396/891/421 385/892/421
f 835/837/402 840/893/387 839/894/386
f 279/895/422 213/896/378 212/897/423
f 394/898/424 382/899/424 386/900/424
f 769/781/376 723/901/346 728/877/415
f 723/902/346 721/885/370 726/887/419
f 747/903/356 713/904/385 636/905/425
f 721/885/370 720/906/426 722/886/418
f 833/817/395 822/816/394 841/907/427
f 278/873/298 392/908/428 382/874/287
f 383/909/420 375/910/429 387/911/430
f 822/912/431 844/913/431 851/914/431
f 713/915/432 724/916/432 636/917/432
f 831/918/330 852/919/433 830/920/373
f 375/921/434 396/922/434 387/923/434
f 282/858/318 283/860/410 288/924/332
f 835/837/402 839/894/386 832/807/389
f 390/925/435 413/836/404 381/835/398
f 378/881/390 413/836/404 388/926/416
f 822/927/436 851/928/436 841/929/436
f 839/870/386 826/869/343 834/930/383
f 279/895/422 214/931/437 289/932/349
f 723/901/346 726/933/419 728/877/415
f 279/895/422 212/897/423 214/931/437
f 828/934/438 823/935/439 860/936/440
f 823/935/439 833/937/395 860/936/440
f 698/938/249 635/939/441 639/940/400
f 381/941/398 383/909/420 387/911/430
f 278/942/442 389/943/442 392/944/442
f 698/938/249 288/945/332 635/939/441
f 413/946/443 284/947/443 388/948/443
f 381/835/398 387/949/430 390/925/435
f 278/620/298 289/722/349 389/950/444
f 829/770/240 843/876/414 842/771/372
f 722/886/418 729/951/445 726/887/419
f 716/782/322 727/952/446 775/953/369
f 387/954/430 396/955/447 390/956/435
f 724/957/448 641/958/448 636/959/448
f 747/903/356 636/905/425 720/906/426
f 394/636/306 391/960/449 384/729/353
f 834/961/450 828/962/450 860/963/450
f 831/918/330 849/964/451 852/919/433
f 766/253/121 776/965/334 760/149/71
f 377/880/391 388/879/416 285/966/452
f 384/729/353 391/960/449 401/967/453
f 272/290/114 760/289/141 61/968/411
f 722/886/418 725/969/454 729/951/445
f 722/886/418 720/906/426 725/969/454
f 831/970/330 842/971/372 850/972/455
f 413/836/404 390/925/435 286/973/456
f 724/974/457 639/975/457 641/976/457
f 390/956/435 396/955/447 395/977/458
f 386/978/459 382/979/460 400/980/461
f 840/981/462 836/982/462 843/983/462
f 716/782/322 728/877/415 727/952/446
f 844/984/286 832/985/389 854/986/463
f 839/987/386 773/988/348 858/989/464
f 284/990/465 413/991/465 393/992/465
f 390/925/435 399/993/466 286/973/456
f 382/994/467 392/995/467 389/996/467
f 284/997/468 393/998/468 286/999/468
f 286/1000/469 393/1001/469 413/1002/469
f 394/1003/306 386/1004/459 391/1005/449
f 834/866/383 860/1006/470 837/867/382
f 720/906/426 730/1007/471 725/969/454
f 377/1008/391 285/1009/452 283/1010/410
f 847/1011/472 776/1012/334 837/1013/382
f 720/906/426 636/905/425 730/1007/471
f 396/1014/473 384/1015/473 401/1016/473
f 850/972/455 849/1017/451 831/970/330
f 390/925/435 395/1018/458 399/993/466
f 212/897/423 215/1019/474 214/931/437
f 726/1020/475 729/1021/475 728/1022/475
f 841/907/427 845/1023/476 833/817/395
f 774/855/407 775/854/369 740/1024/477
f 844/984/286 854/986/463 851/1025/478
f 388/1026/479 284/1027/479 285/1028/479
f 837/1029/480 846/1030/480 847/1031/480
f 639/940/400 635/939/441 643/1032/481
f 213/1033/378 215/1019/474 212/897/423
f 396/1034/482 401/1035/482 395/1036/482
f 836/1037/403 830/1038/373 855/1039/483
f 397/1040/484 286/1041/484 399/1042/484
f 284/1043/485 286/1044/486 287/1045/487
f 635/939/441 288/945/332 640/1046/488
f 774/855/407 737/1047/489 773/1048/348
f 284/1043/485 287/1045/487 285/1049/490
f 728/1050/491 732/1051/491 727/1052/491
f 636/1053/492 641/1054/492 637/1055/492
f 729/1056/445 734/1057/493 728/1058/494
f 847/1011/472 848/1059/495 776/1012/334
f 398/1060/496 399/1061/497 397/1062/498
f 775/953/369 727/952/446 740/1063/477
f 635/939/441 640/1046/488 643/1032/481
f 837/1064/499 860/1065/499 846/1066/499
f 841/907/427 851/1067/478 845/1023/476
f 395/1068/458 401/1069/453 398/1070/500
f 729/1071/445 725/1072/454 733/1073/501
f 395/1068/458 398/1070/500 399/1074/466
f 288/1075/502 638/1076/502 640/1077/502
f 733/1073/501 725/1072/454 730/1078/471
f 740/1024/477 737/1047/489 774/855/407
f 843/1079/414 869/1080/503 842/971/372
f 213/1081/378 60/1082/504 215/1083/474
f 639/1084/505 643/1085/505 641/1086/505
f 382/979/460 389/1087/506 400/980/461
f 729/1071/445 733/1073/501 734/1088/493
f 386/1004/459 400/1089/461 391/1005/449
f 636/1090/507 637/1091/507 730/1092/507
f 398/1060/500 401/1093/453 399/1061/508
f 283/1010/410 285/1009/452 293/1094/509
f 839/1095/386 859/1096/510 832/985/389
f 773/988/348 737/1097/489 858/989/464
f 849/1098/451 850/1099/455 851/1100/478
f 846/1101/511 848/1102/495 847/1103/472
f 283/1104/410 295/1105/512 288/1106/332
f 849/1107/451 851/1108/478 852/1109/433
f 214/1110/437 67/1111/513 289/1112/349
f 289/1113/349 67/1114/513 389/1115/444
f 851/1100/478 850/1099/455 845/1116/476
f 843/1117/514 836/1118/514 856/1119/514
f 401/1120/453 402/1121/515 290/1122/516
f 401/1120/453 408/1123/517 402/1121/515
f 401/967/453 391/960/449 314/1124/518
f 731/1125/519 733/1073/501 730/1078/471
f 842/971/372 869/1080/503 850/972/455
f 830/1038/373 852/1126/433 855/1039/483
f 283/1104/410 293/1127/509 295/1105/512
f 399/1061/508 401/1093/453 290/1128/516
f 285/1129/520 287/1130/520 293/1131/520
f 851/1108/478 854/1132/463 852/1109/433
f 397/1062/521 403/1133/522 286/1134/486
f 839/1095/386 858/1135/464 859/1096/510
f 397/1062/521 399/1061/508 403/1133/522
f 730/1078/471 637/1136/523 731/1125/519
f 833/817/395 845/1023/476 860/1137/440
f 399/1061/508 290/1128/516 403/1133/522
f 389/1138/524 135/1139/524 400/1140/524
f 728/1058/494 734/1057/493 732/1141/525
f 640/1142/526 638/1143/526 643/1144/526
f 213/1081/378 61/1145/411 60/1082/504
f 214/1110/437 215/1146/474 67/1111/513
f 287/1147/487 286/1148/486 403/1149/522
f 727/1150/527 732/1151/527 736/1152/527
f 401/1153/453 314/1154/518 408/1155/517
f 389/1156/528 67/1157/528 135/1158/528
f 290/1159/516 296/1160/529 403/1149/522
f 291/1161/530 292/1162/531 403/1149/522
f 403/1149/522 293/1163/509 287/1147/487
f 293/1163/509 292/1162/531 295/1164/512
f 641/1165/532 643/1166/532 637/1167/532
f 291/1161/530 403/1149/522 296/1160/529
f 846/1101/511 853/1168/533 848/1102/495
f 391/1005/449 400/1089/461 319/1169/534
f 215/1170/535 60/1171/535 64/1172/535
f 293/1163/509 403/1149/522 292/1162/531
f 832/985/389 859/1096/510 854/986/463
f 734/1088/493 733/1073/501 738/1173/536
f 850/1099/455 869/1174/503 845/1116/476
f 406/1175/537 404/1176/537 296/1177/537
f 860/1178/538 853/1168/533 846/1101/511
f 733/1179/501 731/1180/519 645/1181/539
f 288/1106/332 295/1105/512 638/1182/540
f 731/1180/519 642/1183/541 645/1181/539
f 733/1073/501 645/1184/539 738/1173/536
f 637/1185/542 642/1186/542 731/1187/542
f 852/1188/433 854/1189/463 868/1190/543
f 852/1191/433 868/1192/543 855/1193/483
f 292/1194/544 294/1195/545 295/1196/546
f 296/1197/547 405/1198/547 406/1199/547
f 295/1196/546 294/1195/545 304/1200/548
f 402/1121/515 405/1201/549 290/1122/516
f 290/1202/550 405/1203/550 296/1204/550
f 642/1205/551 646/1206/551 645/1207/551
f 404/1208/552 405/1209/553 296/1210/554
f 855/1193/483 868/1192/543 836/1211/403
f 60/1212/555 69/1213/555 80/1214/555
f 734/1057/493 735/1215/556 732/1141/525
f 292/1216/531 291/1217/530 294/1218/557
f 734/1219/558 738/1220/558 735/1221/558
f 69/1222/559 59/1223/560 58/1224/561
f 408/1225/517 406/1226/562 402/1227/515
f 836/1228/563 868/1229/563 856/1230/563
f 402/1227/515 406/1226/562 405/1231/549
f 1/1232/564 58/1233/561 61/1234/565
f 61/1234/565 58/1233/561 59/1235/560
f 406/1236/566 405/1237/566 404/1238/566
f 845/1116/476 869/1174/503 860/1239/440
f 737/1097/489 777/1240/567 858/989/464
f 406/1241/568 408/1242/568 404/1243/568
f 406/1244/569 305/1245/569 405/1246/569
f 408/1247/570 407/1248/570 404/1249/570
f 60/1250/504 61/1251/411 64/1252/571
f 406/1253/572 404/1254/572 305/1255/572
f 295/1256/512 297/1257/573 638/1258/540
f 62/1259/574 84/1260/574 63/1261/574
f 298/1262/575 296/1263/575 291/1264/575
f 408/1155/517 314/1154/518 313/1265/576
f 215/1266/577 64/1267/577 67/1268/577
f 69/1222/559 80/1269/578 59/1223/560
f 739/1270/579 745/1271/580 735/1215/556
f 643/1272/581 653/1273/582 637/1274/583
f 727/952/446 743/1275/584 740/1063/477
f 301/1276/585 296/1210/586 405/1209/587
f 305/1277/588 404/1278/588 303/1279/588
f 407/1280/589 408/1281/589 409/1282/589
f 63/1283/590 71/1284/591 65/1285/592
f 643/1272/581 638/1286/540 644/1287/593
f 407/1288/594 409/1289/594 404/1290/594
f 291/1217/530 307/1291/595 294/1218/557
f 858/1292/464 857/1293/596 859/1294/510
f 62/1295/597 72/1296/597 84/1297/597
f 735/1215/556 745/1271/580 732/1141/525
f 858/1298/464 777/1299/567 857/1300/596
f 391/960/449 319/1301/534 314/1124/518
f 69/1302/598 72/1303/599 80/1304/600
f 727/952/446 736/1305/601 743/1275/584
f 400/1306/461 135/1307/602 299/1308/603
f 735/1309/556 742/1310/604 739/1311/579
f 843/1079/414 856/1312/605 869/1080/503
f 409/1313/606 315/1314/606 404/1315/606
f 291/1316/607 296/1317/607 307/1318/607
f 301/1319/608 307/1320/608 296/1321/608
f 745/1271/580 739/1270/579 410/1322/609
f 737/1323/489 740/1324/477 777/1325/567
f 738/1326/536 652/1327/610 735/1309/556
f 408/1328/611 313/1329/611 316/1330/611
f 642/1331/612 637/1332/583 646/1333/613
f 856/1312/605 868/1334/614 869/1080/503
f 64/1335/615 66/1336/616 67/1337/617
f 61/1338/618 760/1339/618 45/1340/618
f 58/1341/619 68/1342/619 69/1343/619
f 860/1344/620 866/1345/620 861/1346/620
f 638/1286/540 297/1347/573 644/1287/593
f 63/1348/590 65/1349/592 62/1350/621
f 738/1326/536 645/1351/539 652/1327/610
f 861/1352/622 866/1353/623 859/1354/510
f 80/1304/600 72/1303/599 95/1355/624
f 400/1306/461 300/1356/625 319/1357/534
f 854/1189/463 859/1358/510 868/1190/543
f 643/1272/581 644/1287/593 653/1273/582
f 306/1359/626 301/1360/626 302/1361/626
f 408/1362/627 316/1363/627 409/1364/627
f 69/1365/628 68/1366/628 72/1367/628
f 860/1368/538 861/1369/622 862/1370/629
f 301/1276/585 405/1209/587 302/1371/630
f 848/1059/495 863/1372/631 1116/1373/632
f 405/1209/587 303/1374/633 302/1371/630
f 853/1168/533 860/1178/538 862/1375/629
f 301/1376/634 306/1377/634 307/1378/634
f 404/1379/635 315/1380/635 303/1381/635
f 645/1382/539 646/1383/636 652/1384/610
f 67/1385/637 137/1386/637 135/1387/637
f 410/1388/638 739/1389/638 744/1390/638
f 400/1306/461 299/1308/603 323/1391/639
f 637/1332/583 647/1392/640 646/1333/613
f 294/1393/557 308/1394/641 304/1395/642
f 400/1306/461 323/1391/639 300/1356/625
f 303/1396/643 305/1397/643 407/1398/643
f 848/1399/495 864/1400/644 863/1401/631
f 777/1402/645 778/1403/646 857/1404/647
f 77/1405/648 81/1406/648 70/1407/648
f 306/1408/649 302/1409/630 307/1410/595
f 740/1324/477 867/1411/650 777/1325/567
f 848/1059/495 1116/1373/632 776/1012/334
f 294/1412/557 310/1413/651 308/1414/641
f 63/1415/590 84/1416/652 94/1417/653
f 652/1327/610 656/1418/654 735/1309/556
f 778/1403/655 781/1419/656 857/1404/657
f 780/1420/658 857/1421/658 778/1422/658
f 848/1399/495 853/1423/533 864/1400/644
f 778/1424/659 777/1425/659 780/1426/659
f 740/1427/660 743/1428/660 867/1429/660
f 732/1430/525 748/1431/661 736/1432/601
f 742/1310/604 735/1309/556 656/1418/654
f 299/1433/662 135/1434/662 137/1435/662
f 68/1436/663 84/1437/663 72/1438/663
f 866/1353/623 865/1439/664 859/1354/510
f 302/1409/630 309/1440/665 310/1441/651
f 778/1442/655 779/1443/666 781/1444/656
f 742/1310/667 741/1445/668 739/1311/669
f 313/1446/670 410/1447/670 411/1448/670
f 307/1291/595 310/1449/651 294/1218/557
f 304/1450/642 311/1451/671 295/1256/512
f 778/1442/655 857/1452/672 779/1443/666
f 63/1415/590 94/1417/653 71/1453/591
f 72/1454/673 73/1455/673 95/1456/673
f 74/1457/674 75/1458/675 134/1459/676
f 860/1460/677 869/1461/677 866/1462/677
f 637/1274/583 653/1273/582 647/1463/640
f 134/1464/676 76/1465/678 70/1466/679
f 405/1209/587 305/1467/680 303/1374/633
f 295/1256/512 311/1451/671 297/1257/573
f 62/1468/681 73/1469/681 72/1470/681
f 70/1471/682 88/1472/682 77/1473/682
f 307/1410/595 302/1409/630 310/1441/651
f 134/1474/676 70/1475/679 74/1457/674
f 409/1476/683 316/1477/683 315/1478/683
f 739/1479/684 648/1480/685 741/1481/686
f 648/1482/687 739/1483/687 742/1484/687
f 777/1299/567 867/1485/650 857/1300/688
f 58/1486/689 84/1487/689 68/1488/689
f 859/1489/690 865/1490/690 868/1491/690
f 652/1492/691 654/1493/691 656/1494/691
f 70/1466/679 76/1465/678 88/1495/692
f 65/1496/592 77/1497/693 78/1498/694
f 65/1349/592 78/1499/694 62/1350/621
f 76/1500/678 92/1501/695 91/1502/696
f 77/1503/693 79/1504/697 81/1505/698
f 866/1506/623 869/1507/503 865/1508/664
f 1/1509/699 61/1510/699 17/1511/699
f 777/1512/700 857/1513/700 780/1514/700
f 870/1515/701 857/1516/701 777/1517/701
f 297/1518/702 589/1519/702 644/1520/702
f 80/1521/703 95/1522/703 59/1523/703
f 310/1413/651 312/1524/704 308/1414/641
f 732/1430/525 745/1525/580 748/1431/661
f 741/1481/705 744/1526/706 739/1479/707
f 410/1527/708 313/1528/708 412/1529/708
f 743/1530/584 736/1531/601 867/1532/650
f 64/1335/615 99/1533/709 66/1336/616
f 1/1534/564 94/1535/653 58/1536/561
f 853/1423/533 871/1537/710 864/1400/644
f 648/1538/711 742/1539/711 656/1540/711
f 77/1497/693 88/1541/692 89/1542/712
f 81/1543/698 82/1544/713 83/1545/714
f 781/1546/715 779/1547/715 857/1548/715
f 869/1507/503 868/1549/614 865/1508/664
f 72/1550/716 73/1551/716 84/1552/716
f 646/1383/636 649/1553/717 652/1384/610
f 741/1554/718 648/1555/718 656/1556/718
f 857/1293/596 873/1557/719 859/1294/510
f 62/1558/720 78/1559/720 73/1560/720
f 646/1561/721 647/1562/721 649/1563/721
f 308/1394/641 311/1564/671 304/1395/642
f 410/1322/609 412/1565/722 745/1271/580
f 91/1566/696 88/1495/692 76/1465/678
f 76/1500/678 134/1567/676 87/1568/723
f 58/1536/561 94/1535/653 84/1569/652
f 134/1570/676 75/1571/675 85/1572/724
f 859/1294/510 873/1557/719 861/1369/622
f 303/1573/725 315/1574/726 318/1575/727
f 1/1534/564 86/1576/728 94/1535/653
f 857/1577/729 662/1578/729 667/1579/729
f 744/1580/730 585/1581/730 410/1582/730
f 644/1287/593 650/1583/731 653/1273/582
f 410/1584/732 582/1585/732 411/1586/732
f 134/1570/676 85/1572/724 87/1587/723
f 78/1498/694 77/1497/693 89/1542/712
f 857/1588/733 667/1589/733 872/1590/733
f 88/1591/692 91/1592/696 89/1593/712
f 302/1371/630 303/1374/633 309/1594/665
f 861/1369/622 873/1557/719 862/1370/629
f 313/1265/576 314/1154/518 412/1595/734
f 651/1596/735 652/1384/610 649/1553/717
f 81/1597/698 83/1598/714 70/1599/679
f 65/1285/592 71/1284/591 3/1600/736
f 66/1601/616 137/1602/737 67/1603/617
f 1/1604/564 2/1605/738 86/1606/728
f 412/1607/739 411/1608/739 313/1609/739
f 95/1610/740 136/1611/740 99/1612/740
f 745/1525/580 668/1613/741 748/1431/661
f 310/1614/651 320/1615/742 312/1616/704
f 309/1617/743 303/1618/743 310/1619/743
f 61/1251/411 107/1620/744 64/1252/571
f 644/1287/593 589/1621/745 650/1583/731
f 652/1622/610 651/1623/735 654/1624/746
f 78/1625/747 89/1626/747 91/1627/747
f 64/1628/748 107/1629/748 99/1630/748
f 77/1631/693 65/1285/592 98/1632/749
f 76/1500/678 87/1568/723 92/1501/695
f 66/1633/750 99/1634/750 136/1635/750
f 83/1545/714 82/1544/713 90/1636/751
f 86/1606/728 2/1605/738 3/1600/736
f 84/1637/752 59/1638/753 73/1639/754
f 313/1640/755 411/1641/756 316/1642/757
f 308/1414/641 312/1524/704 311/1643/671
f 653/1644/582 661/1645/758 647/1646/640
f 736/1531/601 748/1647/661 658/1648/759
f 91/1649/760 92/1650/760 93/1651/760
f 1/1652/761 17/1653/761 2/1654/761
f 61/1655/762 59/1656/762 107/1657/762
f 746/1658/763 668/1613/741 745/1525/580
f 736/1531/601 658/1648/759 867/1532/650
f 853/1659/533 862/1660/629 871/1661/710
f 71/1662/764 94/1663/764 86/1664/764
f 78/1665/765 95/1666/765 73/1667/765
f 744/1668/766 586/1669/766 585/1670/766
f 864/1400/644 875/1671/767 863/1401/631
f 314/1672/518 421/1673/768 412/1674/734
f 3/1600/736 98/1632/749 65/1285/592
f 59/1638/769 95/1675/770 73/1639/771
f 66/1601/616 140/1676/772 137/1602/737
f 71/1284/591 86/1606/728 3/1600/736
f 81/1543/698 6/1677/773 82/1544/713
f 136/1678/774 95/1679/775 96/1680/776
f 95/1679/777 78/1681/778 96/1680/779
f 91/1592/780 93/1682/781 89/1593/782
f 582/1683/783 410/1684/784 588/1685/785
f 83/1598/714 90/1686/751 70/1599/679
f 411/1687/786 582/1688/786 414/1689/786
f 745/1690/787 412/1691/787 584/1692/787
f 873/1693/719 857/1694/596 874/1695/788
f 582/1683/783 588/1685/785 414/1696/789
f 74/1457/674 97/1697/790 75/1458/675
f 75/1571/675 97/1698/790 85/1572/724
f 59/1699/791 112/1700/792 107/1701/793
f 863/1702/794 1113/1703/794 1116/1704/794
f 649/1705/717 647/1646/640 661/1645/758
f 73/1706/795 95/1707/796 112/1708/792
f 92/1709/797 109/1710/798 93/1711/799
f 299/1712/800 137/1713/800 325/1714/800
f 315/1715/726 316/1716/801 416/1717/802
f 81/1505/698 79/1504/697 6/1718/773
f 650/1719/731 661/1645/758 653/1644/582
f 78/1720/803 89/1721/803 96/1722/803
f 314/1672/518 319/1723/534 421/1673/768
f 654/1724/746 655/1725/804 656/1726/805
f 411/1641/756 317/1727/806 316/1642/757
f 316/1728/807 317/1729/807 416/1730/807
f 315/1731/726 419/1732/808 318/1733/727
f 651/1623/735 660/1734/809 654/1624/746
f 654/1624/746 660/1734/809 655/1735/804
f 745/1736/810 584/1737/810 746/1738/810
f 651/1596/735 649/1553/717 657/1739/811
f 319/1740/534 300/1741/625 424/1742/812
f 319/1743/813 424/1744/813 421/1745/813
f 414/1746/814 317/1747/815 411/1748/756
f 77/1749/693 98/1750/749 100/1751/816
f 66/1752/817 136/1753/817 140/1754/817
f 77/1749/693 100/1751/816 79/1755/697
f 311/1451/671 590/1756/818 297/1257/573
f 297/1757/819 590/1758/819 589/1759/819
f 315/1715/726 416/1717/802 419/1760/808
f 311/1643/671 312/1524/704 590/1761/818
f 99/1762/820 107/1763/820 136/1764/820
f 857/1765/596 872/1766/821 874/1767/788
f 867/1532/650 658/1648/759 857/1768/688
f 741/1769/822 656/1770/822 744/1771/822
f 649/1705/717 661/1645/758 657/1772/811
f 312/1616/704 320/1615/742 321/1773/823
f 744/1774/824 656/1775/824 586/1776/824
f 6/1718/773 79/1504/697 100/1777/816
f 310/1778/825 303/1779/825 320/1780/825
f 59/1699/791 73/1781/795 112/1700/792
f 412/1782/826 583/1783/826 584/1784/826
f 92/1709/797 101/1785/827 109/1710/798
f 657/1786/811 660/1734/809 651/1623/735
f 300/1741/625 330/1787/828 424/1742/812
f 303/1573/725 322/1788/829 320/1789/742
f 585/1790/830 587/1791/830 410/1792/830
f 87/1793/831 101/1794/831 92/1795/831
f 656/1796/832 592/1797/832 586/1798/832
f 95/1799/833 99/1800/833 112/1801/833
f 137/1802/737 140/1803/772 138/1804/834
f 746/1805/835 584/1806/835 668/1807/835
f 85/1572/724 101/1808/827 87/1587/723
f 410/1684/784 587/1809/836 588/1685/785
f 585/1810/837 586/1811/837 592/1812/837
f 585/1813/838 592/1814/838 587/1815/838
f 864/1816/644 871/1817/710 1115/1818/839
f 588/1819/840 592/1820/840 414/1821/840
f 667/1822/841 666/1823/842 872/1824/821
f 85/1572/724 97/1698/790 101/1808/827
f 658/1825/759 675/1826/843 857/1827/688
f 2/1828/844 5/1829/844 3/1830/844
f 2/1831/845 17/1832/846 5/1833/847
f 99/1834/848 136/1835/848 112/1836/848
f 3/1837/736 4/1838/849 98/1839/749
f 89/1593/782 93/1682/781 102/1840/850
f 588/1841/785 587/1842/836 592/1843/851
f 656/1726/805 655/1725/804 659/1844/852
f 857/1845/853 675/1846/853 662/1847/853
f 137/1802/737 138/1804/834 325/1848/854
f 863/1401/631 875/1671/767 1113/1849/855
f 873/1693/719 874/1695/788 862/1850/629
f 593/1851/856 650/1852/856 589/1853/856
f 74/1457/674 114/1854/857 103/1855/858
f 95/1856/859 112/1857/859 96/1858/859
f 864/1816/644 1115/1818/839 875/1859/767
f 74/1457/674 70/1475/679 114/1854/857
f 104/1860/860 105/1861/860 82/1862/860
f 3/1863/861 5/1864/861 4/1865/861
f 416/1866/862 415/1867/862 419/1868/862
f 98/1869/863 11/1870/863 100/1871/863
f 89/1872/782 102/1873/850 106/1874/864
f 74/1457/674 103/1855/858 97/1697/790
f 6/1875/773 7/1876/865 82/1544/713
f 656/1726/805 659/1844/852 592/1877/866
f 416/1878/867 317/1879/867 422/1880/867
f 140/1881/772 141/1882/868 138/1883/834
f 589/1884/869 590/1885/870 591/1886/871
f 312/1887/872 321/1888/872 590/1889/872
f 318/1575/727 322/1788/829 303/1573/725
f 136/1890/873 96/1891/873 112/1892/873
f 82/1544/713 105/1893/874 90/1636/751
f 96/1894/875 89/1895/782 106/1896/864
f 592/1897/866 597/1898/876 414/1899/877
f 593/1900/878 661/1645/758 650/1719/731
f 70/1901/679 90/1902/751 114/1903/857
f 320/1904/742 420/1905/879 321/1906/823
f 658/1907/759 748/1908/661 664/1909/880
f 657/1910/881 661/1911/881 660/1912/881
f 419/1732/808 322/1913/829 318/1733/727
f 662/1914/882 665/1915/883 667/1916/841
f 300/1741/625 323/1917/639 330/1787/828
f 589/1884/869 591/1886/871 593/1918/884
f 107/1919/793 111/1920/885 136/1921/886
f 140/1922/887 136/1921/886 111/1920/885
f 90/1902/751 105/1923/874 108/1924/888
f 90/1902/751 108/1924/888 114/1903/857
f 82/1544/713 7/1876/865 105/1893/889
f 299/1925/890 325/1926/890 323/1927/890
f 655/1928/891 660/1929/891 596/1930/891
f 661/1931/892 593/1932/892 594/1933/892
f 871/1817/710 797/1934/893 1115/1818/839
f 97/1698/790 118/1935/894 101/1808/827
f 93/1936/895 143/1937/895 102/1938/895
f 109/1939/798 110/1940/896 93/1941/799
f 748/1908/661 668/1942/741 664/1909/880
f 98/1943/749 8/1944/897 11/1945/898
f 593/1946/899 591/1947/899 594/1948/899
f 600/1949/900 414/1899/901 597/1898/902
f 655/1950/804 596/1951/903 659/1952/852
f 871/1661/710 862/1660/629 797/1953/893
f 420/1905/879 320/1904/742 322/1954/829
f 111/1955/904 106/1956/904 143/1957/904
f 419/1958/808 418/1959/905 322/1960/829
f 875/1961/906 1115/1962/906 1114/1963/906
f 93/1964/907 110/1965/907 143/1966/907
f 592/1897/866 659/1952/852 596/1951/903
f 98/1839/749 4/1838/849 12/1967/908
f 6/1968/773 100/1969/816 7/1970/865
f 414/1971/901 600/1972/900 422/1878/909
f 107/1919/793 116/1973/910 111/1920/885
f 96/1974/911 111/1975/885 112/1976/912
f 96/1894/875 106/1896/864 111/1977/913
f 8/1978/897 98/1979/749 12/1980/908
f 584/1981/914 595/1982/915 668/1983/741
f 583/1984/916 423/1985/916 584/1986/916
f 590/1987/870 321/1988/917 417/1989/918
f 862/1850/629 874/1695/788 876/1990/919
f 592/1897/866 598/1991/920 597/1898/876
f 416/1880/921 414/1971/922 422/1878/923
f 101/1992/827 113/1993/924 109/1939/798
f 8/1978/897 12/1980/908 9/1994/925
f 662/1914/882 663/1995/926 665/1915/883
f 109/1939/798 113/1993/924 110/1940/896
f 414/1996/927 422/1997/927 597/1998/927
f 143/1999/928 140/2000/928 111/2001/928
f 102/1873/850 143/2002/929 106/1874/864
f 875/2003/930 1114/2004/930 1113/2005/930
f 592/1897/866 596/1951/903 598/1991/920
f 661/2006/931 594/2007/931 660/2008/931
f 322/1960/829 418/1959/905 420/2009/879
f 422/2010/932 419/2011/932 415/2012/932
f 662/2013/933 675/2014/933 663/2015/933
f 100/1969/816 10/2016/934 7/1970/865
f 874/1767/788 872/1766/821 783/2017/935
f 103/2018/936 114/2019/936 120/2020/936
f 422/1878/909 600/1972/900 425/2021/937
f 418/2022/905 419/2023/808 425/2024/938
f 11/2025/939 10/2016/934 100/1969/816
f 9/2026/940 12/2027/940 11/2028/940
f 597/1898/902 426/2029/941 600/1949/900
f 862/1850/629 876/1990/919 797/2030/893
f 417/2031/942 321/2032/942 420/2033/942
f 121/2034/943 115/2035/944 103/2036/945
f 111/1975/885 116/2037/910 112/1976/912
f 412/2038/734 421/2039/768 583/2040/946
f 114/1903/857 108/1924/888 119/2041/947
f 590/1987/870 417/1989/918 591/2042/871
f 112/1700/792 116/2043/910 107/1701/793
f 419/2044/948 422/2045/948 425/2046/948
f 101/1808/827 118/1935/894 113/2047/924
f 323/1917/639 324/2048/949 330/1787/828
f 97/1697/790 117/2049/950 118/2050/894
f 660/2051/951 594/2052/951 596/2053/951
f 4/2054/952 13/2055/952 12/2056/952
f 596/2057/953 594/2058/953 599/2059/953
f 596/2060/954 597/2061/954 598/2062/954
f 108/1924/888 105/1923/874 119/2041/947
f 114/2063/955 119/2064/955 120/2065/955
f 120/2066/956 121/2067/943 103/2068/945
f 5/2069/957 9/2070/957 4/2071/957
f 12/2072/958 14/2073/958 11/2074/958
f 658/1825/759 664/2075/880 675/1826/843
f 597/2076/959 596/2077/959 599/2078/959
f 591/2079/960 599/2080/961 594/2081/962
f 676/2082/963 677/2083/963 679/2084/963
f 665/2085/883 666/2086/842 667/2087/841
f 417/2088/964 420/2009/879 418/1959/905
f 143/2089/965 110/2090/965 123/2091/965
f 97/1697/790 103/1855/858 117/2049/950
f 12/2092/966 15/2093/966 14/2094/966
f 664/2095/880 668/2096/741 663/2097/967
f 600/2098/968 426/2099/968 425/2100/968
f 676/2101/969 669/2102/970 681/2103/971
f 5/1833/847 13/2104/972 9/2105/973
f 672/2106/974 670/2107/975 680/2108/976
f 672/2109/977 680/2110/977 671/2111/977
f 672/2112/974 673/2113/978 682/2114/979
f 672/2106/974 680/2108/980 673/2115/978
f 674/2116/981 675/2117/981 682/2118/981
f 675/2119/982 664/2120/982 663/2121/982
f 672/2122/974 678/2123/983 681/2124/984
f 583/2040/946 421/2039/768 423/2125/985
f 103/2126/986 125/2127/986 117/2128/986
f 672/2112/974 682/2114/979 678/2129/983
f 666/1823/842 782/2130/987 872/1824/821
f 323/1917/639 325/2131/854 324/2048/949
f 9/2132/925 11/1945/898 8/1944/897
f 119/2133/988 105/2134/988 27/2135/988
f 681/2124/971 678/2123/989 676/2136/969
f 599/2137/961 426/2029/941 597/1898/902
f 672/2106/974 681/2138/984 670/2107/975
f 874/2139/788 783/2140/935 788/2141/990
f 425/2024/938 417/2142/964 418/2022/905
f 4/2143/991 9/2144/991 13/2145/991
f 1113/2146/992 1114/2147/992 1116/2148/992
f 682/2149/993 675/2150/994 663/2151/995
f 125/2152/996 103/2153/996 115/2154/996
f 112/1976/997 116/2037/998 122/2155/999
f 676/2156/1000 678/2157/1000 677/2158/1000
f 121/2034/943 27/2159/1001 115/2035/944
f 61/2160/1002 16/2161/1003 17/2162/846
f 119/2163/1004 121/2067/943 120/2066/956
f 673/2164/1005 682/2165/1006 674/2166/1007
f 674/2167/1008 663/2168/1008 675/2169/1008
f 674/2166/1009 682/2165/993 663/2170/995
f 421/2171/1010 424/2172/1010 450/2173/1010
f 110/2174/1011 113/2175/1011 123/2176/1011
f 673/2115/978 680/2108/980 682/2177/1012
f 874/2139/788 788/2141/990 794/2178/1013
f 591/2079/960 426/2179/941 599/2080/961
f 118/2050/894 117/2049/950 124/2180/1014
f 27/2159/1001 121/2034/943 119/2181/1004
f 325/2182/854 138/2183/834 139/2184/1015
f 591/2185/1016 417/2186/1016 426/2187/1016
f 5/1833/847 17/1832/846 20/2188/1017
f 5/1833/847 20/2188/1017 13/2104/972
f 677/2189/1018 678/2190/1019 679/2191/1020
f 872/1824/821 782/2130/987 783/2140/935
f 874/2192/1021 794/2193/1021 876/2194/1021
f 61/2160/1002 45/2195/1022 16/2161/1003
f 425/2196/1023 426/2197/1023 417/2198/1023
f 143/2199/1024 142/2200/1025 140/2201/772
f 105/2202/1026 25/2203/1026 27/2204/1026
f 676/2101/969 679/2205/1027 669/2102/970
f 678/2190/983 682/2206/979 681/2207/1028
f 668/2096/741 595/2208/915 663/2097/967
f 784/2209/1029 790/2210/1029 785/2211/1029
f 12/2094/1030 13/2212/1030 14/2092/1030
f 138/1883/834 141/1882/868 146/2213/1031
f 10/2016/934 11/2025/939 22/2214/1032
f 113/2047/924 118/1935/894 123/2215/1033
f 670/2107/975 681/2138/984 680/2108/976
f 10/2016/934 22/2214/1032 7/1970/865
f 678/2190/1019 681/2207/1034 679/2191/1020
f 680/2216/1035 681/2217/1035 682/2218/1035
f 118/1935/894 124/2219/1014 123/2215/1033
f 681/2220/1036 669/2221/1036 679/2222/1036
f 330/1787/828 451/2223/1037 424/1742/812
f 663/2224/1038 595/2225/1038 685/2226/1038
f 785/2227/1039 789/2228/1039 790/2229/1039
f 1115/2230/839 877/2231/1040 1114/2232/1041
f 9/2233/1042 15/2234/1042 13/2235/1042
f 11/2025/939 18/2236/1043 22/2214/1032
f 424/2237/1044 451/2238/1044 450/2239/1044
f 663/2240/1045 683/2241/1045 665/2242/1045
f 140/2201/772 142/2200/1025 141/2243/868
f 117/2244/1046 125/2245/1046 124/2246/1046
f 14/2247/1047 13/2248/1047 15/2249/1047
f 11/2250/939 14/2251/1048 15/2252/1049
f 139/2184/1015 144/2253/1050 325/2182/854
f 125/2254/1051 115/2255/944 128/2256/1052
f 105/2257/889 7/2258/865 22/2259/1032
f 138/2183/834 146/2260/1031 139/2184/1015
f 123/2261/1053 142/2262/1053 143/2263/1053
f 27/2264/1001 34/2265/1054 115/2255/944
f 125/2254/1051 128/2256/1052 124/2266/1055
f 786/2267/1056 794/2268/1057 791/2269/1058
f 127/2270/1059 124/2266/1055 128/2256/1052
f 791/2269/1060 794/2268/1061 789/2271/1062
f 794/2268/1061 788/2272/1063 789/2271/1062
f 115/2255/944 34/2265/1054 128/2256/1052
f 786/2273/1056 787/2274/1064 794/2275/1057
f 584/1981/914 601/2276/1065 595/1982/915
f 788/2277/1063 796/2278/1066 789/2279/1062
f 423/2280/1067 421/2281/1067 450/2282/1067
f 22/2259/1032 24/2283/1068 105/2257/889
f 786/2273/1069 792/2284/1070 787/2274/1071
f 792/2285/1072 795/2286/1072 787/2287/1072
f 788/2141/990 783/2140/935 782/2130/987
f 584/2288/1073 423/2289/1073 601/2290/1073
f 1114/2291/1041 1117/2292/1074 1116/2293/1075
f 325/2294/854 144/2295/1050 324/2296/949
f 11/2250/939 15/2252/1049 18/2297/1043
f 128/2298/1076 34/2299/1076 126/2300/1076
f 123/2301/1033 145/2302/1077 142/2303/1078
f 683/2304/1079 663/2305/1080 684/2306/1081
f 789/2279/1062 796/2278/1066 790/2307/1082
f 787/2308/1064 791/2309/1058 794/2310/1057
f 792/2311/1083 786/2312/1083 795/2313/1083
f 127/2314/1084 130/2315/1084 124/2316/1084
f 665/2085/883 684/2317/1081 666/2086/842
f 663/2318/1085 685/2319/1085 686/2320/1085
f 1117/2321/1074 1114/2232/1041 877/2231/1040
f 105/2322/1086 24/2323/1086 25/2324/1086
f 123/2215/1033 124/2219/1014 130/2325/1087
f 326/2326/1088 427/2327/1088 329/2328/1088
f 663/2305/1080 686/2329/1089 684/2306/1081
f 22/2330/1032 18/2331/1043 23/2332/1090
f 127/2333/1059 128/2334/1052 130/2335/1091
f 789/2279/1062 790/2307/1092 791/2336/1060
f 423/2337/1093 450/2338/1093 601/2339/1093
f 794/2340/1094 790/2341/1094 796/2342/1094
f 788/2141/990 782/2130/987 793/2343/1095
f 18/2344/1096 15/2345/1096 9/2346/1096
f 794/2347/1097 791/2348/1097 790/2349/1097
f 876/2350/919 794/2178/1098 793/2343/1095
f 1115/1818/839 797/1934/893 877/2351/1040
f 786/2352/1099 787/2308/1100 795/2353/1101
f 683/2354/1102 684/2355/1102 665/2356/1102
f 128/2334/1052 129/2357/1103 130/2335/1091
f 796/2358/1104 788/2359/1104 794/2360/1104
f 786/2352/1056 791/2309/1058 787/2308/1064
f 326/2361/1105 327/2362/1105 329/2363/1105
f 128/2334/1052 126/2364/1106 129/2357/1103
f 141/2365/1107 153/2366/1107 146/2367/1107
f 141/2368/1108 142/2369/1108 147/2370/1108
f 20/2371/1017 44/2372/1109 13/2373/972
f 9/2374/1110 13/2373/972 44/2372/1109
f 123/2301/1033 130/2375/1087 145/2302/1077
f 20/2376/1111 21/2377/1111 19/2378/1111
f 142/2303/1078 145/2302/1077 152/2379/1112
f 788/2141/990 793/2343/1095 794/2178/1098
f 139/2380/1015 146/2381/1031 151/2382/1113
f 20/2383/1017 17/2384/846 21/2385/1114
f 330/2386/1115 328/2387/1115 451/2388/1115
f 18/2331/1043 31/2389/1116 23/2332/1090
f 22/2390/1032 23/2391/1090 24/2392/1068
f 326/2393/1117 329/2394/1117 430/2395/1117
f 141/2396/1118 147/2397/1119 153/2398/1120
f 25/2399/1121 24/2400/1068 27/2401/1122
f 20/2371/1017 19/2402/1123 44/2372/1109
f 27/2401/1122 24/2400/1068 26/2403/1124
f 130/2404/1087 150/2405/1125 148/2406/1126
f 27/2407/1127 26/2408/1127 34/2409/1127
f 9/2410/1110 44/2411/1109 18/2412/1128
f 666/2413/842 800/2414/1129 782/2415/987
f 142/2416/1130 149/2417/1130 147/2418/1130
f 1116/1373/632 1123/2419/1131 776/1012/334
f 34/2420/1132 29/2421/1132 126/2422/1132
f 153/2398/1120 147/2397/1119 149/2423/1133
f 326/2424/1134 430/2425/1134 327/2426/1134
f 23/2391/1090 37/2427/1135 24/2392/1068
f 142/2303/1078 152/2379/1112 149/2428/1136
f 685/2429/1137 595/2430/915 602/2431/1138
f 876/2350/919 793/2343/1095 1128/2432/1139
f 130/2433/1087 159/2434/1140 150/2435/1125
f 150/2436/1141 159/2437/1141 148/2438/1141
f 685/2429/1137 602/2431/1138 689/2439/1142
f 685/2429/1137 689/2439/1142 686/2440/1143
f 876/2350/919 1128/2432/1139 797/2441/893
f 139/2184/1015 151/2442/1113 144/2253/1050
f 23/2391/1090 31/2443/1116 37/2427/1135
f 450/2444/1144 451/2445/1145 603/2446/1146
f 126/2447/1106 29/2448/1147 129/2449/1103
f 330/2450/1148 452/2451/1148 328/2452/1148
f 877/2453/1149 797/2454/1149 1125/2455/1149
f 129/2456/1150 131/2457/1150 130/2458/1150
f 146/2459/1151 153/2460/1151 162/2461/1151
f 686/2462/1089 687/2463/1152 684/2464/1081
f 145/2465/1077 166/2466/1153 152/2467/1112
f 153/2468/1120 149/2469/1133 162/2470/1154
f 428/2471/1155 433/2472/1156 429/2473/1157
f 797/2474/1158 1128/2475/1158 1125/2476/1158
f 666/2477/842 798/2478/1159 800/2479/1129
f 595/2430/915 601/2480/1065 602/2431/1138
f 329/2481/1160 430/2482/1160 437/2483/1160
f 146/2381/1031 162/2484/1161 151/2382/1113
f 327/2485/1162 430/2486/1162 329/2487/1162
f 129/2488/1163 156/2489/1163 131/2490/1163
f 130/2404/1087 148/2406/1126 145/2491/1077
f 666/2492/842 688/2493/1164 798/2494/1159
f 328/2495/1165 434/2496/1165 451/2497/1165
f 130/2433/1087 131/2498/1166 159/2434/1140
f 602/2499/1138 601/2500/1065 456/2501/1167
f 174/2502/1168 154/2503/1169 149/2428/1136
f 31/2504/1170 18/2505/1170 43/2506/1170
f 782/2130/987 800/2479/1129 793/2343/1095
f 145/2507/1171 159/2508/1171 158/2509/1171
f 450/2444/1144 603/2446/1146 601/2510/1065
f 145/2511/1172 158/2512/1172 166/2513/1172
f 29/2514/1173 132/2515/1173 129/2516/1173
f 684/2464/1081 688/2493/1164 666/2492/842
f 31/2517/1174 38/2518/1174 37/2519/1174
f 145/2520/1175 148/2521/1175 159/2522/1175
f 324/2296/949 155/2523/1176 330/2524/828
f 149/2428/1136 152/2379/1112 174/2502/1168
f 31/2525/1177 43/2526/1178 28/2527/1179
f 686/2528/1180 689/2529/1180 687/2530/1180
f 1117/2531/1074 877/2532/1040 1121/2533/1181
f 37/2427/1135 36/2534/1182 24/2392/1068
f 149/2535/1183 163/2536/1183 162/2537/1183
f 28/2538/1184 55/2539/1184 31/2540/1184
f 28/2527/1179 43/2526/1178 55/2541/1185
f 131/2542/1186 156/2543/1186 159/2544/1186
f 29/2545/1187 34/2546/1188 35/2547/1189
f 451/2548/1145 434/2549/1190 452/2550/1191
f 30/2551/1192 50/2552/1192 48/2553/1192
f 156/2554/1193 129/2555/1194 54/2556/1195
f 328/2557/1196 452/2558/1191 440/2559/1197
f 50/2560/1198 48/2561/1198 32/2562/1198
f 799/2563/1199 801/2564/1200 782/2565/1201
f 47/2566/1202 38/2567/1203 55/2541/1204
f 799/2568/1199 782/2569/1201 800/2570/1205
f 782/2565/1201 801/2564/1200 800/2571/1205
f 31/2572/1206 55/2573/1206 38/2574/1206
f 689/2439/1142 608/2575/1207 687/2576/1152
f 132/2577/1208 133/2578/1208 129/2579/1208
f 47/2566/1202 55/2541/1204 32/2580/1209
f 17/2162/846 16/2161/1003 33/2581/1210
f 34/2582/1211 26/2583/1211 35/2584/1211
f 163/2585/1212 149/2586/1212 157/2587/1212
f 149/2428/1136 154/2503/1169 169/2588/1213
f 158/2589/1214 159/2590/1215 160/2591/1216
f 156/2592/1217 54/2593/1217 159/2594/1217
f 26/2595/1124 36/2596/1182 35/2597/1218
f 21/2385/1114 17/2384/846 33/2598/1210
f 330/2599/1219 155/2600/1219 452/2601/1219
f 44/2602/1109 19/2603/1123 46/2604/1220
f 30/2605/1221 48/2606/1221 165/2607/1221
f 154/2608/1169 50/2609/1222 169/2610/1213
f 26/2403/1124 24/2400/1068 36/2611/1182
f 452/2550/1191 434/2549/1190 440/2612/1197
f 166/2613/1223 158/2614/1223 165/2615/1223
f 129/2555/1194 133/2616/1224 54/2556/1195
f 149/2617/1225 169/2618/1225 157/2619/1225
f 428/2471/1155 429/2473/1157 328/2620/1226
f 436/2621/1227 439/2622/1227 430/2623/1227
f 37/2427/1135 39/2624/1228 36/2534/1182
f 37/2625/1229 38/2626/1229 39/2627/1229
f 32/2628/1230 46/2604/1220 16/2629/1003
f 429/2473/1157 433/2472/1156 328/2620/1226
f 18/2412/1128 44/2411/1109 43/2630/1231
f 152/2631/1232 168/2632/1232 174/2633/1232
f 158/2589/1214 160/2591/1216 165/2634/1233
f 50/2609/1222 45/2635/1234 169/2610/1213
f 434/2636/1235 328/2637/1235 433/2638/1235
f 800/2570/1205 801/2639/1200 799/2568/1199
f 152/2467/1112 167/2640/1236 168/2641/1237
f 133/2642/1238 40/2643/1238 54/2644/1238
f 152/2467/1112 166/2466/1153 167/2640/1236
f 151/2442/1113 162/2645/1161 161/2646/1239
f 437/2647/1240 431/2648/1241 430/2649/1242
f 162/2650/1161 163/2651/1243 164/2652/1244
f 30/2653/1245 57/2654/1245 52/2655/1245
f 30/2656/1246 40/2657/1246 57/2658/1246
f 160/2659/1247 40/2660/1247 165/2661/1247
f 163/2662/1248 157/2663/1248 168/2664/1248
f 32/2665/1249 50/2666/1249 51/2667/1249
f 431/2668/1250 437/2669/1250 438/2670/1250
f 30/2671/1251 165/2672/1251 40/2673/1251
f 160/2591/1216 159/2590/1215 54/2674/1252
f 30/2675/1253 39/2676/1254 48/2677/1255
f 55/2678/1256 46/2679/1256 41/2680/1256
f 452/2681/1191 454/2682/1257 451/2445/1145
f 688/2493/1164 802/2683/1258 798/2494/1159
f 42/2684/1259 43/2685/1259 44/2686/1259
f 29/2687/1260 54/2688/1260 132/2689/1260
f 1117/2292/1074 1119/2690/1261 1116/2293/1075
f 50/2691/1222 32/2628/1230 45/2692/1234
f 1118/2693/1262 1116/2694/1262 1119/2695/1262
f 428/2696/1263 328/2697/1263 432/2698/1263
f 428/2699/1264 432/2700/1264 433/2701/1264
f 151/2442/1113 161/2646/1239 144/2253/1050
f 133/2702/1265 132/2703/1265 54/2704/1265
f 35/2597/1218 36/2596/1182 39/2705/1228
f 32/2706/1266 41/2707/1266 46/2708/1266
f 39/2709/1267 52/2710/1267 35/2711/1267
f 328/2557/1196 440/2559/1197 439/2712/1268
f 44/2713/1269 46/2714/1269 42/2715/1269
f 30/2675/1253 52/2716/1270 39/2676/1254
f 430/2649/1242 431/2648/1241 436/2717/1271
f 160/2591/1216 54/2674/1252 40/2718/1272
f 32/2719/1273 47/2720/1273 48/2721/1273
f 601/2500/1065 603/2722/1146 456/2501/1167
f 1117/2531/1074 1121/2533/1181 1119/2723/1261
f 165/2724/1274 174/2725/1274 166/2726/1274
f 42/2727/1275 46/2728/1276 41/2729/1275
f 689/2439/1142 602/2431/1138 608/2575/1207
f 1116/2730/632 1118/2731/1277 1123/2732/1131
f 32/2733/1278 51/2734/1278 47/2735/1278
f 877/2736/1040 1125/2737/1279 1127/2738/1280
f 48/2739/1281 174/2740/1281 165/2741/1281
f 38/2742/1203 47/2743/1202 56/2744/1282
f 451/2445/1145 454/2682/1257 603/2446/1146
f 35/2547/1189 49/2745/1283 29/2545/1187
f 167/2746/1284 166/2747/1284 174/2748/1284
f 163/2749/1243 168/2750/1285 164/2751/1244
f 55/2541/1204 41/2752/1286 32/2580/1209
f 452/2681/1191 155/2753/1176 454/2682/1257
f 162/2645/1161 164/2754/1244 161/2646/1239
f 324/2296/949 144/2295/1050 155/2523/1176
f 687/2463/1152 606/2755/1287 684/2464/1081
f 434/2756/1288 433/2757/1289 435/2758/1290
f 434/2759/1291 435/2760/1291 440/2761/1291
f 29/2762/1187 53/2763/1292 54/2764/1293
f 439/2712/1268 436/2765/1294 328/2557/1196
f 38/2766/1295 56/2767/1295 55/2768/1295
f 1118/2769/1277 1119/2723/1261 1122/2770/1296
f 46/2604/1220 33/2771/1210 16/2629/1003
f 174/2772/1168 48/2773/1255 154/2774/1169
f 46/2775/1297 43/2776/1297 41/2777/1297
f 38/2778/1298 55/2779/1298 39/2780/1298
f 328/2781/1299 431/2782/1300 438/2783/1299
f 328/2784/1301 436/2785/1301 431/2786/1301
f 21/2787/1302 33/2788/1302 19/2789/1302
f 798/2478/1159 802/2790/1258 800/2479/1129
f 47/2743/1202 51/2791/1303 56/2744/1282
f 50/2792/1304 154/2793/1304 51/2794/1304
f 35/2795/1189 52/2796/1305 40/2797/1306
f 46/2604/1220 19/2603/1123 33/2771/1210
f 29/2762/1187 49/2798/1283 53/2763/1292
f 40/2799/1306 53/2800/1292 35/2801/1189
f 167/2802/1307 174/2803/1307 168/2804/1307
f 55/2541/1185 43/2526/1178 41/2752/1308
f 48/2805/1255 56/2806/1282 51/2807/1303
f 168/2808/1309 157/2809/1309 154/2810/1309
f 328/2781/1299 438/2783/1299 432/2811/1310
f 437/2812/1311 430/2813/1312 438/2814/1312
f 602/2499/1138 456/2501/1167 604/2815/1313
f 877/2736/1040 1120/2816/1314 1121/2817/1181
f 48/2805/1255 51/2807/1303 154/2818/1169
f 1118/2731/1277 1122/2819/1296 1123/2732/1131
f 430/2813/1312 439/2820/1315 438/2814/1312
f 40/2821/1316 54/2822/1316 53/2823/1316
f 53/2800/1292 49/2824/1283 35/2801/1189
f 42/2727/1275 41/2729/1275 43/2825/1317
f 684/2464/1081 606/2755/1287 688/2493/1164
f 55/2826/1318 56/2827/1318 39/2828/1318
f 32/2628/1230 16/2629/1003 45/2692/1022
f 688/2829/1319 606/2830/1319 802/2831/1319
f 604/2815/1313 456/2501/1167 605/2832/1320
f 169/2833/1321 45/2834/1321 157/2835/1321
f 57/2836/1322 40/2797/1306 52/2796/1305
f 39/2676/1254 56/2837/1282 48/2677/1255
f 440/2838/1323 435/2839/1290 432/2840/1324
f 144/2841/1050 453/2842/1325 155/2843/1176
f 439/2844/1268 440/2845/1197 438/2846/1326
f 793/2343/1095 800/2479/1129 803/2847/1327
f 432/2848/1328 438/2849/1328 440/2850/1328
f 155/2851/1176 457/2852/1329 454/2853/1257
f 606/2854/1330 614/2855/1330 802/2856/1330
f 1122/2770/1296 1119/2723/1261 1123/2857/1131
f 161/2646/1239 458/2858/1331 144/2253/1050
f 776/2859/334 1123/2860/1131 1165/2861/1332
f 433/2862/1333 432/2863/1324 441/2864/1334
f 168/2865/1285 157/2866/1335 170/2867/1336
f 793/2343/1095 803/2847/1327 1128/2432/1139
f 1128/2868/1139 1124/2869/1337 1125/2870/1279
f 458/2858/1331 161/2646/1239 164/2754/1244
f 687/2576/1152 608/2575/1207 607/2871/1338
f 45/2872/1339 760/2873/1339 475/2874/1339
f 155/2851/1176 453/2875/1325 457/2852/1329
f 433/2757/1289 443/2876/1340 435/2758/1290
f 433/2877/1341 441/2878/1341 443/2879/1341
f 435/2839/1290 442/2880/1342 432/2840/1324
f 1121/2533/1181 1126/2881/1343 1119/2723/1261
f 606/2882/1287 687/2576/1152 607/2871/1338
f 602/2499/1138 604/2815/1313 608/2883/1207
f 877/2736/1040 1127/2738/1280 1120/2816/1314
f 1125/2870/1279 1124/2869/1337 1127/2884/1280
f 802/2790/1258 804/2885/1344 800/2479/1129
f 432/2863/1324 442/2886/1342 441/2864/1334
f 808/2887/1345 805/2888/1345 806/2889/1345
f 808/2890/1346 807/2891/1346 806/2892/1346
f 808/2893/1347 806/2894/1347 812/2895/1347
f 1120/2816/1314 1126/2896/1343 1121/2817/1181
f 603/2446/1146 454/2682/1257 459/2897/1348
f 443/2898/1340 441/2899/1349 442/2900/1342
f 168/2901/1285 170/2867/1336 171/2902/1350
f 164/2751/1244 168/2750/1285 171/2903/1350
f 807/2904/1351 808/2905/1352 812/2906/1353
f 443/2876/1340 442/2907/1342 435/2758/1290
f 603/2908/1146 455/2909/1354 456/2910/1167
f 456/2501/1167 455/2911/1354 605/2832/1320
f 1128/2912/1139 803/2847/1327 1129/2913/1355
f 164/2751/1244 171/2903/1350 458/2914/1331
f 803/2847/1327 800/2479/1129 804/2885/1344
f 454/2682/1257 457/2915/1329 459/2897/1348
f 603/2908/1146 620/2916/1356 455/2909/1354
f 439/2844/1357 438/2846/1358 444/2917/1359
f 157/2918/1335 45/2919/1360 173/2920/1361
f 806/2921/1362 809/2922/1363 810/2923/1364
f 607/2871/1338 608/2575/1207 609/2924/1365
f 458/2925/1331 460/2926/1366 144/2841/1050
f 604/2815/1313 609/2927/1365 608/2883/1207
f 144/2841/1050 460/2926/1366 453/2842/1325
f 806/2928/1367 809/2929/1367 812/2930/1367
f 1119/2723/1261 1126/2881/1343 1123/2857/1131
f 157/2918/1335 173/2920/1361 172/2931/1368
f 441/2899/1369 446/2932/1370 442/2900/1371
f 605/2832/1320 455/2911/1354 610/2933/1372
f 806/2921/1373 807/2934/1374 809/2922/1375
f 441/2935/1369 447/2936/1376 446/2937/1370
f 1124/2938/1337 1128/2939/1139 1129/2940/1355
f 441/2941/1377 442/2942/1377 447/2943/1377
f 453/2944/1325 463/2945/1378 457/2915/1329
f 157/2866/1335 172/2946/1368 170/2867/1336
f 455/2911/1354 620/2947/1356 610/2933/1372
f 614/2948/1379 606/2949/1379 611/2950/1379
f 812/2951/1380 807/2952/1380 813/2953/1380
f 802/2954/1258 613/2955/1381 804/2956/1344
f 812/2906/1382 811/2957/1383 807/2904/1384
f 447/2936/1385 445/2958/1386 446/2937/1387
f 812/2959/1388 809/2960/1388 1131/2961/1388
f 802/2954/1258 614/2962/1389 613/2955/1381
f 447/2963/1390 442/2964/1390 446/2965/1390
f 807/2966/1391 811/2967/1392 814/2968/1393
f 812/2969/1394 809/2970/1395 811/2971/1392
f 803/2847/1327 536/2972/1396 1129/2913/1355
f 812/2973/1397 813/2974/1397 811/2975/1397
f 807/2976/1398 814/2977/1398 809/2978/1398
f 453/2979/1399 460/2980/1399 463/2981/1399
f 1120/2816/1314 1130/2982/1400 1126/2983/1343
f 813/2984/1401 811/2967/1402 807/2966/1403
f 812/2985/1404 1131/2986/1404 811/2987/1404
f 1123/2857/1131 1126/2881/1343 1165/2988/1332
f 606/2882/1287 607/2871/1338 611/2989/1405
f 604/2815/1313 605/2832/1320 541/2990/1406
f 1129/2940/1355 1153/2991/1407 1124/2938/1337
f 1120/2816/1314 1127/2738/1280 1130/2982/1400
f 809/2970/1408 814/2992/1393 811/2971/1392
f 447/2993/1409 445/2994/1409 448/2995/1409
f 1129/2996/1410 1147/2997/1410 1153/2998/1410
f 604/2815/1313 612/2999/1411 609/2927/1365
f 603/2908/1146 459/3000/1348 470/3001/1412
f 458/3002/1413 171/3003/1413 460/3004/1413
f 1129/3005/1414 1145/3006/1414 1147/3007/1414
f 459/2897/1348 457/2915/1329 461/3008/1415
f 604/3009/1416 541/3010/1416 612/3011/1416
f 1132/3012/1417 1133/3013/1417 1134/3014/1417
f 1129/3015/1418 536/3016/1418 1145/3017/1418
f 45/2872/1360 475/2874/1419 173/3018/1361
f 170/2867/1336 468/3019/1420 171/2902/1350
f 1127/3020/1280 1124/3021/1337 1130/3022/1400
f 1133/3023/1421 1135/3024/1421 1134/3025/1421
f 603/2908/1146 470/3001/1412 620/2916/1356
f 804/2885/1344 536/2972/1396 803/2847/1327
f 1153/3026/1422 1147/3027/1422 1137/3028/1422
f 613/3029/1381 614/3030/1389 611/3031/1405
f 1135/3032/1423 1136/3033/1424 1139/3034/1425
f 460/3035/1426 171/3036/1426 462/3037/1426
f 1135/3032/1427 1139/3034/1428 1134/3038/1429
f 1136/3039/1424 1140/3040/1430 1137/3041/1431
f 1136/3039/1424 1135/3042/1423 1141/3043/1432
f 457/2915/1329 463/2945/1378 461/3008/1415
f 613/3044/1381 536/2972/1396 804/2885/1344
f 760/3045/1433 514/3046/1434 475/3047/1435
f 613/3029/1381 611/3031/1405 615/3048/1436
f 471/3049/1437 460/3050/1438 462/3051/1439
f 607/2871/1338 609/2924/1365 546/3052/1440
f 1136/3033/1424 1137/3053/1431 1138/3054/1441
f 170/2867/1336 172/2946/1368 468/3019/1420
f 463/3055/1442 460/3056/1442 471/3057/1442
f 1124/3021/1337 1153/3058/1407 1157/3059/1443
f 613/3060/1444 616/3061/1445 617/3062/1446
f 610/2933/1372 620/2947/1356 618/3063/1447
f 1137/3041/1448 1140/3040/1449 1153/3064/1450
f 1136/3039/1424 1141/3043/1432 1140/3040/1430
f 1138/3065/1441 1137/3066/1431 1140/3067/1430
f 1153/3064/1450 1140/3040/1449 1142/3068/1451
f 1138/3054/1441 1139/3034/1425 1136/3033/1424
f 610/3069/1452 618/3070/1452 634/3071/1452
f 1137/3066/1453 1147/3072/1454 1142/3073/1451
f 610/2933/1372 634/3074/1455 605/2832/1320
f 459/2897/1348 461/3008/1415 470/3075/1412
f 1133/3076/1456 1139/3077/1457 1135/3078/1458
f 1134/3079/1459 1139/3080/1459 1133/3081/1459
f 1124/3021/1337 1150/3082/1460 1130/3022/1400
f 1126/3083/1461 1143/3084/1461 1165/3085/1461
f 1138/3086/1441 1141/3087/1432 1139/3088/1425
f 541/2990/1406 605/2832/1320 619/3089/1462
f 1140/3090/1430 1141/3087/1432 1138/3086/1441
f 1135/3078/1423 1139/3077/1425 1141/3091/1432
f 1124/3021/1337 1157/3059/1443 1150/3082/1460
f 618/3092/1463 620/3093/1463 633/3094/1463
f 1145/3095/1464 1153/3096/1464 1142/3097/1464
f 611/3031/1405 537/3098/1465 615/3048/1436
f 613/3099/1466 621/3100/1466 536/3101/1466
f 1140/3067/1449 1137/3066/1453 1142/3073/1451
f 1126/3102/1343 1149/3103/1467 1143/3104/1468
f 1154/3105/1469 1144/3106/1470 1156/3107/1471
f 1145/3108/1472 1142/3109/1472 1152/3110/1472
f 470/3075/1412 461/3008/1415 464/3111/1473
f 1145/3112/1474 536/3113/1475 1152/3114/1476
f 1153/3115/1477 1146/3116/1477 1142/3117/1477
f 607/2871/1338 546/3118/1440 611/2989/1405
f 1147/3119/1454 536/3120/1478 1142/3121/1451
f 448/3122/1479 445/3123/1479 449/3124/1479
f 1147/3125/1480 1145/3126/1480 536/3127/1480
f 633/3093/1481 623/3128/1482 620/3094/1483
f 623/3129/1484 622/3130/1484 633/3131/1484
f 620/3092/1485 623/3132/1485 618/3093/1485
f 470/3001/1412 465/3133/1486 620/2916/1356
f 1145/3112/1487 1152/3114/1488 1153/3134/1407
f 634/3074/1455 619/3089/1462 605/2832/1320
f 466/3135/1489 465/3136/1489 633/3137/1489
f 470/3075/1412 464/3111/1473 478/3138/1490
f 466/3139/1491 620/3140/1491 465/3141/1491
f 172/3142/1368 173/3143/1361 467/3144/1492
f 624/3145/1493 634/3146/1493 623/3147/1493
f 1142/3121/1451 536/3120/1478 1148/3148/1494
f 1152/3149/1495 1142/3150/1495 1148/3151/1495
f 633/3093/1496 625/3152/1497 623/3128/1498
f 1126/3102/1343 1130/3153/1400 1149/3103/1467
f 172/3142/1368 467/3144/1492 468/3154/1420
f 617/3062/1446 544/3155/1499 613/3060/1444
f 470/3075/1412 478/3138/1490 477/3156/1500
f 171/3157/1350 467/3158/1492 462/3159/1439
f 173/3160/1501 475/3161/1501 467/3162/1501
f 468/3163/1420 467/3158/1492 171/3157/1350
f 613/3164/1502 544/3165/1502 621/3166/1502
f 461/3008/1415 463/2945/1378 464/3111/1473
f 623/3167/1503 625/3168/1503 618/3169/1503
f 1144/3106/1470 1149/3170/1467 1156/3107/1471
f 633/3171/1504 465/3172/1504 469/3173/1504
f 1150/3174/1505 1151/3175/1505 1130/3176/1505
f 609/2924/1365 612/3177/1411 546/3052/1440
f 760/3178/1433 776/3179/1506 514/3180/1434
f 613/3181/1507 535/3182/1507 544/3183/1507
f 613/3184/1381 615/3185/1436 538/3186/1508
f 619/3089/1462 542/3187/1509 541/2990/1406
f 618/3188/1510 625/3189/1510 634/3190/1510
f 467/3191/1492 474/3192/1511 462/3193/1439
f 465/3194/1512 477/3195/1512 469/3196/1512
f 634/3074/1455 539/3197/1513 619/3089/1462
f 462/3051/1439 476/3198/1514 471/3049/1437
f 625/3199/1515 633/3200/1515 469/3201/1515
f 537/3202/1465 611/2989/1405 546/3118/1440
f 1150/3203/1460 1157/3204/1443 1151/3205/1516
f 1149/3170/1467 1144/3106/1470 1143/3206/1468
f 536/3207/1517 621/3208/1517 544/3209/1517
f 623/3210/1518 618/3071/1518 634/3070/1518
f 535/3211/1519 613/3184/1381 538/3186/1508
f 1152/3212/1488 1158/3213/1520 1153/3214/1407
f 470/3215/1521 477/3216/1521 465/3217/1521
f 1154/3218/1469 1155/3219/1522 1144/3220/1470
f 1157/3204/1443 1159/3221/1523 1151/3205/1516
f 471/3222/1437 472/3223/1524 463/2945/1378
f 477/3224/1500 478/3225/1490 473/3226/1525
f 471/3222/1437 476/3227/1514 472/3223/1524
f 1153/3214/1407 1158/3213/1520 1157/3228/1443
f 536/3229/1526 544/3230/1526 1148/3231/1526
f 1130/3153/1400 1151/3232/1516 1169/3233/1527
f 634/3234/1528 625/3235/1529 487/3236/1530
f 1156/3237/1531 1149/3238/1531 1164/3239/1531
f 469/3240/1532 487/3236/1530 625/3235/1529
f 477/3241/1500 473/3242/1525 490/3243/1533
f 474/3244/1534 467/3245/1534 475/3246/1534
f 1156/3247/1471 1164/3248/1535 1154/3249/1469
f 535/3250/1536 538/3251/1536 544/3252/1536
f 615/3253/1436 537/3254/1465 538/3255/1508
f 469/3256/1537 477/3257/1537 487/3258/1537
f 462/3193/1439 474/3192/1511 476/3259/1514
f 1144/3220/1470 1155/3219/1522 1143/3260/1468
f 619/3261/1538 539/3262/1538 542/3263/1538
f 1154/3249/1469 1164/3248/1535 1155/3264/1522
f 463/2945/1378 472/3223/1524 464/3111/1473
f 1153/3265/1539 1142/3266/1539 1162/3267/1539
f 634/3268/1540 487/3269/1540 539/3270/1540
f 1130/3153/1400 1169/3233/1527 1149/3103/1467
f 538/3255/1508 537/3254/1465 540/3271/1541
f 1151/3205/1516 1159/3221/1523 1167/3272/1542
f 477/3273/1543 480/3274/1543 487/3275/1543
f 1157/3276/1544 1158/3277/1544 1159/3278/1544
f 473/3242/1525 484/3279/1545 490/3243/1533
f 484/3280/1545 473/3226/1525 478/3225/1490
f 541/3281/1406 542/3282/1509 612/3283/1546
f 464/3111/1473 472/3223/1524 482/3284/1547
f 464/3111/1473 482/3284/1547 505/3285/1548
f 544/3286/1549 1160/3287/1550 1148/3288/1551
f 464/3111/1473 505/3285/1548 478/3289/1490
f 546/3290/1552 543/3291/1552 537/3292/1552
f 484/3293/1553 479/3294/1553 490/3295/1553
f 544/3296/1554 626/3297/1554 548/3298/1554
f 476/3259/1514 474/3192/1511 481/3299/1555
f 538/3255/1508 629/3300/1556 544/3301/1557
f 480/3302/1558 477/3303/1558 488/3304/1558
f 626/3305/1559 627/3306/1560 548/3307/1561
f 487/3308/1562 480/3309/1562 488/3310/1562
f 514/3311/1563 504/3312/1564 475/3313/1565
f 626/3314/1566 544/3315/1567 629/3316/1568
f 478/3317/1569 490/3318/1569 489/3319/1569
f 476/3320/1570 481/3321/1570 485/3322/1570
f 476/3323/1514 485/3324/1571 472/3325/1524
f 1143/3260/1468 1155/3219/1522 1161/3326/1572
f 627/3306/1560 628/3327/1573 548/3307/1561
f 612/3328/1546 545/3329/1574 565/3330/1575
f 1155/3264/1522 1164/3248/1535 1161/3331/1572
f 539/3332/1576 487/3333/1577 542/3334/1509
f 482/3335/1547 472/3325/1524 485/3324/1571
f 612/3336/1578 543/3337/1578 546/3338/1578
f 478/3339/1579 492/3340/1580 490/3341/1581
f 478/3289/1490 505/3285/1548 507/3342/1582
f 494/3343/1583 488/3344/1584 483/3345/1585
f 627/3346/1586 626/3347/1566 629/3348/1568
f 477/3349/1587 479/3350/1587 490/3351/1587
f 489/3352/1588 484/3353/1545 478/3354/1490
f 485/3355/1589 486/3356/1589 482/3357/1589
f 479/3358/1590 484/3353/1545 489/3352/1588
f 494/3359/1583 549/3360/1591 547/3361/1592
f 1148/3288/1551 1160/3287/1550 1152/3212/1488
f 489/3362/1593 490/3363/1593 479/3364/1593
f 490/3362/1594 493/3365/1594 489/3363/1594
f 490/3366/1595 493/3367/1595 479/3368/1595
f 627/3369/1596 630/3370/1596 628/3371/1596
f 548/3372/1597 629/3373/1597 544/3374/1597
f 488/3344/1584 494/3343/1583 487/3375/1577
f 487/3376/1577 494/3359/1583 547/3361/1592
f 488/3377/1584 477/3241/1598 483/3378/1585
f 478/3339/1579 510/3379/1599 492/3340/1580
f 548/3380/1561 628/3381/1573 629/3382/1600
f 537/3254/1465 543/3383/1601 564/3384/1602
f 537/3254/1465 564/3384/1602 540/3271/1541
f 478/3385/1603 507/3386/1603 510/3387/1603
f 627/3388/1604 629/3389/1604 630/3390/1604
f 542/3282/1509 545/3391/1574 612/3283/1546
f 544/3301/1549 629/3300/1556 1160/3392/1550
f 1149/3103/1467 1169/3233/1527 1164/3393/1605
f 489/3394/1606 493/3395/1606 492/3396/1606
f 628/3397/1607 630/3398/1607 629/3399/1607
f 490/3243/1608 483/3378/1585 477/3241/1598
f 490/3400/1608 493/3401/1609 483/3402/1585
f 490/3403/1581 492/3404/1580 493/3405/1610
f 1143/3406/1611 1161/3407/1611 1164/3408/1611
f 485/3409/1612 491/3410/1612 486/3411/1612
f 487/3412/1577 547/3413/1592 542/3414/1509
f 483/3402/1585 493/3401/1609 496/3415/1613
f 494/3416/1614 483/3417/1614 554/3418/1614
f 492/3419/1615 510/3420/1615 508/3421/1615
f 1142/3422/1616 1146/3423/1616 1162/3424/1616
f 494/3425/1617 554/3426/1617 549/3427/1617
f 1153/3428/1618 1162/3429/1618 1146/3430/1618
f 483/3402/1585 496/3415/1613 503/3431/1619
f 549/3432/1620 554/3433/1620 553/3434/1620
f 505/3435/1621 506/3436/1621 507/3437/1621
f 510/3438/1622 507/3439/1623 495/3440/1624
f 493/3441/1609 499/3442/1625 496/3443/1613
f 1169/3444/1527 1163/3445/1626 1164/3446/1605
f 538/3255/1508 540/3271/1541 629/3300/1556
f 492/3404/1627 509/3447/1628 493/3405/1609
f 492/3448/1629 508/3449/1629 509/3450/1629
f 1152/3212/1488 1160/3287/1550 1158/3213/1520
f 1167/3451/1542 1169/3233/1527 1151/3232/1516
f 1143/3452/1630 1164/3453/1630 1165/3454/1630
f 1160/3455/1550 629/3456/1556 559/3457/1631
f 482/3284/1547 506/3458/1632 505/3285/1548
f 503/3459/1633 554/3460/1634 494/3461/1635
f 482/3462/1636 486/3463/1636 491/3464/1636
f 495/3465/1637 502/3466/1637 510/3467/1637
f 474/3192/1511 475/3468/1638 481/3299/1555
f 483/3469/1639 503/3470/1639 554/3471/1639
f 508/3472/1640 510/3473/1641 502/3474/1642
f 510/3438/1643 495/3440/1644 500/3475/1645
f 496/3476/1646 515/3477/1646 497/3478/1646
f 475/3313/1565 504/3312/1564 512/3479/1647
f 503/3480/1648 496/3481/1649 554/3482/1649
f 1159/3483/1523 1158/3213/1520 1166/3484/1650
f 496/3485/1651 497/3486/1651 503/3487/1651
f 496/3488/1652 503/3489/1652 498/3490/1652
f 497/3491/1653 498/3492/1653 503/3493/1653
f 496/3494/1654 498/3495/1654 497/3496/1654
f 1158/3213/1520 1160/3287/1550 1174/3497/1655
f 506/3498/1632 482/3499/1547 491/3500/1656
f 503/3459/1657 498/3501/1658 554/3460/1659
f 499/3502/1625 493/3405/1609 509/3447/1628
f 500/3503/1660 495/3504/1660 501/3505/1660
f 542/3282/1509 550/3506/1661 545/3391/1574
f 496/3481/1649 497/3507/1662 554/3482/1649
f 507/3508/1663 502/3509/1663 495/3510/1663
f 496/3443/1613 499/3442/1625 515/3511/1664
f 540/3271/1541 559/3512/1631 629/3300/1556
f 549/3513/1591 554/3514/1665 557/3515/1666
f 549/3516/1591 551/3517/1667 547/3518/1592
f 491/3519/1668 485/3520/1668 514/3521/1668
f 502/3522/1669 501/3523/1669 495/3524/1669
f 511/3525/1670 554/3526/1670 516/3527/1670
f 554/3528/1671 497/3492/1671 498/3491/1671
f 1159/3483/1523 1166/3484/1650 1167/3529/1542
f 612/3328/1546 552/3530/1672 543/3531/1601
f 554/3460/1673 498/3501/1674 516/3532/1675
f 508/3472/1640 502/3474/1642 509/3533/1676
f 547/3413/1592 555/3534/1677 542/3414/1509
f 1161/3535/1678 1168/3536/1678 1164/3537/1678
f 1167/3538/1679 1172/3539/1679 1169/3540/1679
f 547/3518/1592 551/3517/1667 555/3541/1677
f 475/3542/1680 512/3543/1680 481/3544/1680
f 557/3545/1666 551/3546/1667 549/3547/1591
f 612/3328/1546 565/3330/1575 552/3530/1672
f 497/3548/1681 499/3549/1681 515/3550/1681
f 554/3551/1682 553/3552/1683 557/3553/1684
f 507/3554/1685 513/3555/1686 502/3556/1642
f 516/3557/1687 520/3558/1687 554/3559/1687
f 545/3329/1574 550/3560/1661 565/3330/1575
f 554/3561/1688 561/3562/1688 553/3563/1688
f 1169/3444/1527 1170/3564/1689 1163/3445/1626
f 491/3500/1656 514/3565/1690 506/3498/1632
f 554/3514/1691 520/3566/1692 557/3515/1693
f 1164/3446/1605 1163/3445/1626 1165/3567/1694
f 554/3568/1695 557/3569/1695 561/3570/1695
f 553/3552/1683 551/3571/1696 557/3553/1684
f 555/3572/1677 551/3546/1667 557/3545/1697
f 1158/3213/1520 1174/3497/1655 1030/3573/1698
f 506/3574/1699 513/3575/1699 507/3576/1699
f 1160/3287/1550 1171/3577/1700 1174/3497/1655
f 498/3501/1674 515/3578/1701 516/3532/1675
f 516/3579/1702 518/3580/1702 519/3581/1702
f 543/3582/1601 552/3583/1672 556/3584/1703
f 515/3585/1704 518/3586/1704 516/3587/1704
f 553/3552/1683 561/3588/1705 551/3571/1696
f 499/3589/1706 517/3590/1706 509/3591/1706
f 514/3592/1707 525/3593/1707 506/3594/1707
f 1167/3529/1542 1166/3484/1650 1172/3595/1708
f 485/3596/1709 504/3597/1564 514/3598/1563
f 499/3599/1710 509/3600/1710 518/3601/1710
f 1153/3602/1711 1146/3603/1711 1173/3604/1711
f 557/3605/1712 551/3606/1712 561/3607/1712
f 509/3608/1713 519/3609/1713 518/3610/1713
f 499/3442/1714 518/3611/1715 515/3511/1716
f 1160/3455/1550 559/3457/1631 1171/3612/1700
f 556/3584/1703 564/3613/1602 543/3582/1601
f 485/3596/1709 481/3614/1717 504/3597/1564
f 564/3384/1602 558/3615/1718 540/3271/1541
f 509/3616/1676 521/3617/1719 519/3618/1720
f 1174/3619/1721 1031/3620/1721 1030/3621/1721
f 540/3622/1722 558/3623/1722 559/3624/1722
f 555/3625/1677 557/3626/1697 520/3627/1723
f 555/3625/1677 550/3506/1661 542/3282/1509
f 557/3626/1724 560/3628/1725 520/3627/1726
f 506/3629/1727 525/3630/1727 513/3631/1727
f 519/3618/1720 521/3617/1719 520/3632/1723
f 481/3633/1717 512/3634/1647 504/3635/1564
f 519/3636/1728 520/3637/1728 516/3638/1728
f 557/3639/1729 560/3640/1729 561/3641/1729
f 550/3642/1661 562/3643/1730 565/3644/1575
f 514/3645/1731 776/3646/334 631/3647/1732
f 552/3530/1672 565/3330/1575 563/3648/1733
f 556/3649/1734 956/3650/1734 564/3651/1734
f 559/3652/1631 1029/3653/1735 1171/3654/1700
f 509/3655/1676 502/3556/1642 521/3656/1719
f 514/3657/1731 631/3658/1732 525/3659/1736
f 1030/3573/1698 1166/3484/1650 1158/3213/1520
f 550/3506/1661 555/3625/1677 566/3660/1737
f 502/3556/1642 513/3555/1686 521/3656/1719
f 555/3625/1677 520/3627/1723 566/3660/1737
f 1174/3661/1738 1175/3662/1739 1031/3663/1740
f 1174/3664/1741 1171/3665/1741 1175/3666/1741
f 1030/3573/1698 1172/3595/1708 1166/3484/1650
f 1163/3667/1626 1170/3668/1689 1034/3669/1742
f 1172/3670/1743 1170/3671/1743 1169/3672/1743
f 564/3384/1602 956/3673/1744 558/3615/1718
f 558/3674/1745 1032/3675/1745 559/3676/1745
f 552/3583/1672 563/3677/1733 567/3678/1746
f 565/3679/1575 562/3680/1730 563/3681/1733
f 513/3555/1686 522/3682/1747 521/3656/1719
f 1172/3683/1708 1030/3684/1698 1031/3685/1740
f 552/3583/1672 567/3678/1746 556/3584/1703
f 1165/3686/1694 1163/3687/1626 1176/3688/1748
f 1165/2861/1332 984/3689/1749 776/2859/334
f 1171/3654/1700 1029/3653/1735 1175/3690/1739
f 1163/3667/1626 1034/3669/1742 1176/3691/1748
f 521/3617/1719 522/3692/1747 520/3632/1723
f 520/3632/1723 522/3692/1747 566/3693/1737
f 1165/3694/1332 1033/3695/1750 983/3696/1751
f 1153/3697/1752 1173/3698/1752 1060/3699/1752
f 1153/3700/1753 1060/3701/1753 1162/3702/1753
f 1029/3653/1735 559/3652/1631 1032/3703/1754
f 1165/3704/1755 1176/3705/1755 1033/3706/1755
f 525/3707/1756 523/3708/1756 513/3709/1756
f 1146/3710/1757 1162/3711/1757 1173/3712/1757
f 550/3642/1661 526/3713/1758 562/3643/1730
f 513/3714/1759 524/3715/1759 522/3716/1759
f 513/3717/1760 523/3718/1761 524/3719/1762
f 526/3713/1758 550/3642/1661 566/3720/1737
f 526/3713/1758 569/3721/1763 562/3643/1730
f 556/3722/1703 878/3723/1764 956/3724/1765
f 562/3680/1730 569/3725/1763 563/3681/1733
f 1029/3726/1735 1032/3727/1754 1046/3728/1766
f 1172/3683/1708 1031/3685/1740 1044/3729/1767
f 1034/3730/1742 1035/3731/1768 1176/3732/1748
f 1033/3733/1750 1176/3732/1748 1035/3731/1768
f 525/3734/1769 527/3735/1769 523/3736/1769
f 523/3718/1761 527/3737/1770 524/3719/1762
f 776/3646/334 528/3738/1771 631/3647/1732
f 1175/3662/1739 1036/3739/1772 1031/3663/1740
f 525/3659/1736 631/3658/1732 528/3740/1771
f 1032/3741/1773 558/3742/1773 1040/3743/1773
f 522/3692/1747 568/3744/1774 566/3693/1737
f 563/3681/1733 569/3725/1763 567/3745/1746
f 558/3746/1775 956/3747/1775 1040/3748/1775
f 1034/3730/1742 1054/3749/1776 1035/3731/1768
f 567/3750/1746 878/3723/1764 556/3722/1703
f 1162/3751/1777 1061/3752/1777 1059/3753/1777
f 1044/3754/1767 1031/3755/1740 1036/3756/1772
f 1029/3726/1735 1037/3757/1778 1175/3758/1739
f 1172/3759/1708 1038/3760/1779 1170/3761/1689
f 1172/3759/1708 1039/3762/1780 1038/3760/1779
f 566/3720/1737 568/3763/1774 526/3713/1758
f 567/3750/1746 581/3764/1781 878/3723/1764
f 1032/3727/1754 1040/3765/1782 1046/3728/1766
f 1162/3766/1783 1060/3767/1783 1173/3768/1783
f 1029/3726/1735 1046/3728/1766 1037/3757/1778
f 1162/3769/1784 1173/3770/1784 1061/3771/1784
f 1034/3772/1742 1170/3761/1689 1054/3773/1776
f 522/3692/1747 524/3774/1762 568/3744/1774
f 568/3775/1785 573/3776/1785 526/3777/1785
f 956/3778/1786 879/3779/1786 1040/3780/1786
f 1041/3781/1787 1042/3782/1787 1043/3783/1787
f 1172/3759/1708 1044/3784/1767 1039/3762/1780
f 1046/3785/1766 957/3786/1788 1045/3787/1789
f 1046/3788/1790 1040/3789/1790 957/3790/1790
f 1175/3758/1739 1037/3757/1778 1050/3791/1791
f 1046/3792/1766 1047/3793/1792 1037/3794/1778
f 525/3659/1736 528/3740/1771 527/3795/1770
f 1175/3662/1739 1050/3796/1791 1036/3739/1772
f 1046/3792/1766 1045/3797/1789 1047/3793/1792
f 568/3744/1774 524/3774/1762 632/3798/1793
f 956/3799/1765 878/3800/1764 879/3801/1794
f 1162/3802/1795 1059/3803/1796 1173/3804/1797
f 1069/3805/1798 1048/3806/1798 1052/3807/1798
f 524/3774/1762 527/3808/1770 632/3798/1793
f 526/3809/1799 572/3810/1799 569/3811/1799
f 567/3750/1746 569/3812/1763 581/3764/1781
f 581/3813/1800 570/3814/1800 878/3815/1800
f 1037/3794/1778 1049/3816/1801 1050/3817/1791
f 1170/3761/1689 1038/3760/1779 1054/3773/1776
f 1037/3794/1778 1047/3793/1792 1049/3816/1801
f 1033/3695/1750 1062/3818/1802 983/3696/1751
f 776/3646/334 632/3819/1793 528/3738/1771
f 1040/3820/1803 879/3821/1804 957/3822/1805
f 1051/3823/1806 1069/3824/1807 1070/3825/1808
f 957/3822/1805 879/3821/1804 959/3826/1809
f 526/3827/1810 574/3828/1811 572/3829/1812
f 957/3822/1805 959/3826/1809 958/3830/1813
f 1069/3831/1814 1070/3832/1814 1052/3833/1814
f 1052/3834/1815 1079/3835/1815 1069/3836/1815
f 1045/3787/1789 957/3786/1788 1053/3837/1816
f 1045/3797/1789 1053/3838/1816 1047/3793/1792
f 1051/3823/1806 1070/3825/1808 1056/3839/1817
f 957/3840/1818 958/3841/1818 1053/3842/1818
f 1035/3843/1819 1054/3844/1819 1038/3845/1819
f 632/3846/1793 776/3847/334 571/3848/1820
f 526/3827/1810 573/3849/1821 574/3828/1811
f 528/3850/1771 632/3798/1793 527/3808/1770
f 1039/3851/1780 1060/3852/1822 1038/3853/1779
f 878/3800/1764 570/3854/1823 886/3855/1824
f 568/3856/1774 632/3857/1793 573/3858/1825
f 1044/3784/1767 1112/3859/1826 1039/3762/1780
f 1049/3816/1801 1047/3793/1792 1055/3860/1827
f 1056/3861/1828 1066/3862/1828 1057/3863/1828
f 1070/3864/1829 1056/3865/1830 1052/3866/1831
f 1035/3731/1768 1058/3867/1832 1033/3733/1750
f 569/3868/1763 572/3869/1812 575/3870/1833
f 573/3871/1834 577/3872/1834 574/3873/1834
f 1173/3874/1835 1038/3875/1835 1060/3876/1835
f 569/3812/1763 575/3877/1833 581/3764/1781
f 573/3858/1825 632/3857/1793 529/3878/1836
f 1061/3879/1837 1042/3880/1837 1059/3881/1837
f 1052/3882/1838 1075/3883/1838 1042/3884/1838
f 1173/3804/1797 1059/3803/1796 1038/3885/1839
f 1035/3886/1840 1038/3887/1840 1065/3888/1840
f 1057/3889/1841 1075/3890/1841 1056/3891/1841
f 1173/3892/1842 1060/3893/1842 1061/3894/1842
f 1033/3733/1750 1058/3867/1832 1062/3895/1802
f 878/3800/1764 886/3855/1824 879/3801/1794
f 776/3847/334 984/3896/1749 571/3848/1820
f 1036/3739/1772 1050/3796/1791 1063/3897/1843
f 1052/3898/1844 1042/3899/1844 1079/3900/1844
f 1044/3754/1767 1036/3756/1772 1112/3901/1826
f 1039/3902/1845 1112/3903/1845 1060/3904/1845
f 570/3905/1846 880/3906/1847 884/3907/1848
f 1061/3908/1849 1060/3909/1849 1042/3910/1849
f 962/3911/1850 881/3912/1850 882/3913/1850
f 881/3914/1851 570/3915/1851 882/3916/1851
f 881/3917/1852 886/3918/1852 570/3919/1852
f 879/3821/1804 883/3920/1853 959/3826/1809
f 581/3921/1781 880/3906/1847 570/3905/1846
f 958/3922/1854 959/3923/1854 961/3924/1854
f 1056/3865/1855 1070/3864/1856 1066/3925/1857
f 958/3926/1858 961/3927/1859 1053/3928/1860
f 962/3929/1861 882/3930/1861 960/3931/1861
f 1060/3932/1862 1112/3933/1826 1064/3934/1863
f 1050/3935/1791 1067/3936/1864 1063/3937/1843
f 570/3938/1865 884/3939/1865 882/3940/1865
f 879/3941/1866 886/3942/1866 883/3943/1866
f 581/3944/1781 575/3945/1833 880/3946/1847
f 1035/3731/1768 1065/3947/1867 1058/3867/1832
f 1070/3864/1856 1079/3948/1868 1066/3925/1857
f 1038/3949/1839 1059/3950/1796 1060/3951/1869
f 959/3826/1809 964/3952/1870 961/3953/1859
f 1059/3950/1796 1042/3954/1871 1060/3951/1869
f 1075/3955/1872 1066/3956/1857 1079/3957/1868
f 1057/3958/1873 1066/3959/1873 1075/3960/1873
f 1049/3816/1801 1067/3961/1864 1050/3817/1791
f 881/3962/1874 962/3963/1874 960/3964/1874
f 959/3826/1809 883/3920/1853 964/3952/1870
f 573/3858/1825 529/3878/1836 577/3965/1875
f 1075/3955/1876 1079/3957/1877 1042/3966/1878
f 886/3967/1879 881/3968/1880 882/3969/1881
f 880/3946/1847 575/3945/1833 888/3970/1882
f 886/3967/1879 882/3969/1881 884/3971/1883
f 632/3972/1793 571/3973/1820 529/3878/1836
f 1052/3883/1884 1075/3882/1884 1068/3974/1884
f 1049/3816/1801 1074/3975/1885 1067/3961/1864
f 883/3976/1853 886/3977/1886 885/3978/1887
f 1036/3756/1772 1063/3979/1843 1112/3901/1826
f 881/3968/1888 960/3980/1889 882/3969/1890
f 1069/3981/1891 1072/3982/1891 1070/3983/1891
f 886/3984/1892 884/3985/1892 880/3986/1892
f 1049/3816/1801 1055/3860/1827 1074/3987/1885
f 961/3927/1859 963/3988/1893 1053/3928/1860
f 529/3878/1836 571/3973/1820 577/3965/1875
f 1060/3852/1862 1071/3989/1894 1038/3853/1895
f 1112/3933/1826 1080/3990/1896 1064/3934/1863
f 572/3829/1812 574/3828/1811 575/3991/1833
f 984/3992/1749 887/3993/1897 571/3994/1820
f 1053/3838/1816 1055/3860/1827 1047/3793/1792
f 1069/3995/1898 1079/3996/1898 1072/3997/1898
f 880/3998/1899 889/3999/1899 886/4000/1899
f 883/3976/1853 885/3978/1887 964/4001/1870
f 1038/4002/1900 1073/4003/1900 1065/4004/1900
f 1070/4005/1901 1072/4006/1901 1079/4007/1901
f 574/4008/1811 576/4009/1902 575/4010/1833
f 1112/3901/1826 1063/3979/1843 1080/4011/1896
f 961/3927/1859 964/4012/1870 963/3988/1893
f 1038/3853/1895 1071/3989/1894 1073/4013/1903
f 1060/3932/1862 1064/3934/1863 1071/4014/1894
f 964/4001/1870 885/3978/1887 965/4015/1904
f 880/4016/1905 888/4017/1905 889/4018/1905
f 964/4012/1870 965/4019/1904 963/3988/1893
f 575/4020/1906 576/4021/1906 888/4022/1906
f 1074/4023/1885 1055/4024/1827 1085/4025/1907
f 1075/4026/1908 1078/4027/1908 1076/4028/1908
f 1064/3934/1863 1077/4029/1909 1071/4014/1894
f 886/3977/1886 889/4030/1910 885/3978/1887
f 1073/4031/1911 1071/4032/1911 1087/4033/1911
f 1075/4034/1912 1078/4035/1912 1079/4036/1912
f 1065/4037/1867 1073/4038/1913 1058/4039/1832
f 889/4040/1910 888/4041/1914 890/4042/1915
f 1053/4043/1916 1081/4044/1916 1055/4045/1916
f 574/4008/1811 577/4046/1875 576/4009/1902
f 1064/3934/1863 1080/4047/1896 1077/4029/1909
f 1063/3979/1843 1084/4048/1917 1080/4011/1896
f 1071/4049/1918 1077/4050/1918 1083/4051/1918
f 888/4052/1919 576/4053/1919 890/4054/1919
f 1055/4024/1827 1081/4055/1920 1085/4025/1907
f 571/3973/1820 887/4056/1897 577/3965/1875
f 1081/4057/1920 966/4058/1921 1085/4059/1907
f 885/3978/1887 889/4030/1910 965/4015/1904
f 963/4060/1922 976/4061/1922 967/4062/1922
f 1081/4063/1920 970/4064/1923 966/4065/1921
f 1081/4063/1920 1053/4066/1860 970/4064/1923
f 1053/4067/1860 963/3988/1893 970/4068/1923
f 884/4069/1924 891/4070/1925 897/4071/1925
f 884/4072/1926 897/4073/1926 892/4074/1926
f 578/4075/1927 894/4076/1927 576/4077/1927
f 1080/4078/1896 1084/4079/1917 1082/4080/1928
f 1062/4081/1802 1058/4039/1832 983/4082/1751
f 963/3988/1893 965/4019/1904 976/4083/1929
f 577/4084/1875 895/4085/1930 576/4086/1902
f 1071/4087/1931 1083/4088/1932 1088/4089/1933
f 1071/4087/1931 1088/4089/1933 1087/4090/1934
f 1080/4091/1896 1082/4092/1928 1077/4093/1909
f 1063/3937/1843 1067/3936/1864 1084/4094/1917
f 1058/4039/1832 1073/4038/1913 983/4082/1751
f 984/3992/1749 893/4095/1935 887/3993/1897
f 1074/4096/1936 1089/4097/1936 1090/4098/1936
f 576/4086/1902 895/4085/1930 578/4099/1937
f 889/4030/1910 900/4100/1938 965/4015/1904
f 970/4068/1923 963/3988/1893 976/4083/1939
f 1067/3961/1864 1074/3975/1885 1090/4101/1940
f 1074/4102/1941 1085/4103/1941 1089/4104/1941
f 1085/4105/1907 966/4106/1921 1089/4107/1942
f 577/4108/1875 887/4109/1897 895/4110/1930
f 890/4042/1915 892/4111/1943 889/4040/1910
f 1067/3936/1864 1086/4112/1944 1084/4094/1917
f 576/4113/1945 894/4114/1946 890/4042/1915
f 1087/4115/1934 1088/4116/1933 1073/4117/1913
f 1083/4088/1932 1096/4118/1947 1088/4089/1933
f 1084/4079/1917 1086/4119/1944 1082/4080/1928
f 889/4040/1910 892/4111/1943 900/4120/1938
f 1083/4088/1932 1077/4121/1909 1096/4118/1947
f 976/4122/1948 971/4123/1948 970/4124/1948
f 1089/4125/1942 1092/4126/1949 1090/4127/1940
f 1073/4117/1913 1091/4128/1950 983/4129/1751
f 890/4042/1915 894/4114/1946 892/4111/1943
f 1082/4130/1951 1086/4131/1951 1092/4132/1951
f 1067/3961/1864 1090/4101/1940 1086/4133/1944
f 970/4064/1923 968/4134/1952 966/4065/1921
f 578/4135/1953 895/4136/1953 894/4137/1953
f 887/4109/1897 530/4138/1954 895/4110/1930
f 966/4106/1921 969/4139/1955 1089/4107/1942
f 1082/4092/1928 1095/4140/1956 1077/4093/1909
f 1092/4141/1949 1106/4142/1957 1082/4143/1958
f 892/4144/1943 894/4145/1946 898/4146/1959
f 894/4147/1946 895/4148/1960 896/4149/1961
f 1073/4117/1913 1088/4116/1933 1093/4150/1962
f 1073/4117/1913 1093/4150/1962 1091/4128/1950
f 1090/4127/1940 1092/4126/1949 1086/4151/1944
f 891/4070/1925 902/4152/1963 897/4071/1925
f 965/4153/1904 900/4154/1938 976/4155/1929
f 895/4148/1960 899/4156/1964 896/4149/1961
f 968/4134/1952 969/4157/1955 966/4065/1921
f 1089/4107/1942 969/4139/1955 1092/4158/1949
f 1097/4159/1965 1096/4118/1947 1077/4121/1909
f 895/4160/1966 530/4161/1966 579/4162/1966
f 895/4163/1967 579/4164/1967 899/4165/1967
f 970/4166/1923 971/4167/1968 972/4168/1969
f 887/4169/1970 893/4170/1970 530/4171/1970
f 1165/3694/1332 983/3696/1751 984/4172/1749
f 892/4111/1943 897/4173/1971 900/4120/1938
f 1082/4174/1972 1094/4175/1972 1095/4176/1972
f 1077/4093/1909 1095/4140/1956 1097/4177/1965
f 892/4111/1943 898/4178/1959 897/4173/1973
f 1088/4179/1933 1096/4180/1947 1093/4181/1962
f 1082/4143/1958 1106/4142/1957 1094/4182/1974
f 530/4183/1975 580/4184/1975 579/4185/1975
f 899/4186/1976 579/4187/1977 580/4188/1978
f 1092/4189/1949 969/4190/1955 973/4191/1979
f 894/4145/1946 896/4192/1961 898/4146/1959
f 1092/4141/1949 973/4193/1979 1106/4142/1957
f 970/4166/1923 972/4168/1969 968/4194/1952
f 1094/4182/1974 1097/4195/1965 1095/4196/1956
f 1098/4197/1980 1094/4182/1974 1106/4142/1957
f 976/4155/1929 900/4154/1938 974/4198/1981
f 1106/4142/1957 1105/4199/1982 1098/4197/1980
f 983/4129/1751 1091/4128/1950 1099/4200/1983
f 971/4167/1968 975/4201/1984 972/4168/1969
f 1097/4195/1965 1094/4182/1974 1096/4202/1947
f 1091/4128/1950 1240/4203/1985 1099/4200/1983
f 914/4204/1986 909/4205/1986 932/4206/1986
f 976/4207/1987 974/4208/1987 907/4209/1987
f 1098/4197/1980 1096/4202/1947 1094/4182/1974
f 1091/4128/1950 1093/4150/1962 1240/4210/1985
f 896/4211/1988 899/4212/1988 918/4213/1988
f 976/4214/1989 907/4215/1990 975/4201/1984
f 1096/4202/1947 1098/4197/1980 1103/4216/1991
f 976/4214/1989 975/4201/1984 971/4167/1968
f 983/4217/1751 1099/4218/1983 1245/4219/1992
f 900/4220/1938 897/4221/1971 901/4222/1993
f 897/4221/1971 902/4223/1994 901/4222/1993
f 899/4186/1976 580/4188/1978 918/4224/1995
f 1093/4225/1962 1096/4202/1947 1103/4216/1991
f 896/4226/1996 918/4227/1996 898/4228/1996
f 1103/4216/1991 1098/4197/1980 1109/4229/1997
f 897/4173/1973 898/4178/1959 903/4230/1998
f 1098/4197/1980 1105/4231/1982 1108/4232/1999
f 897/4221/1973 903/4233/1998 902/4223/1994
f 909/4234/2000 905/4235/2000 932/4236/2000
f 968/4237/1952 972/4238/1969 969/4190/1955
f 909/4239/2001 904/4240/2002 905/4241/2003
f 580/4242/2004 530/4243/2004 893/4244/2004
f 893/4095/1935 984/3992/1749 906/4245/2005
f 1093/4150/1962 1100/4246/2006 1240/4210/1985
f 900/4220/1938 901/4222/1993 974/4247/1981
f 918/4248/1995 580/4249/1978 893/4250/2007
f 1098/4197/1980 1108/4232/1999 1109/4229/1997
f 969/4190/1955 987/4251/2008 973/4191/1979
f 1101/4252/2009 978/4253/2009 1102/4254/2009
f 1109/4255/1997 1110/4256/2010 1103/4257/1991
f 1240/4258/1985 1100/4259/2006 1099/4260/1983
f 907/4261/1990 974/4262/1981 908/4263/2011
f 983/4264/2012 1241/4265/2012 1104/4266/2012
f 969/4190/1955 972/4238/1969 987/4251/2008
f 1101/4267/2013 977/4268/2013 985/4269/2013
f 977/4270/2014 978/4271/2015 979/4272/2016
f 1099/4260/1983 1249/4273/2017 1245/4274/1992
f 1106/4275/1957 973/4191/1979 1107/4276/2018
f 977/4277/2014 1101/4278/2019 978/4279/2015
f 1105/4280/2020 1106/4281/2020 1107/4282/2020
f 1103/4283/1991 1243/4284/2021 1093/4150/1962
f 974/4262/1981 901/4285/1993 908/4263/2011
f 1105/4286/1982 1107/4287/2018 1108/4288/1999
f 898/4289/2022 918/4290/1995 531/4291/2023
f 1093/4150/1962 1243/4284/2021 1100/4246/2006
f 978/4292/2015 1101/4293/2024 994/4294/2025
f 1099/4260/1983 1100/4259/2006 1249/4273/2017
f 1103/4257/1991 1110/4256/2010 1243/4295/2021
f 918/4248/1995 893/4250/2007 919/4296/2026
f 909/4297/2001 914/4298/2027 910/4299/2028
f 979/4300/2016 978/4301/2015 988/4302/2029
f 983/4217/1751 1245/4219/1992 1241/4303/2030
f 902/4223/1994 911/4304/2031 901/4305/1993
f 907/4261/1990 908/4263/2011 980/4306/2032
f 907/4215/1990 980/4307/2032 975/4201/1984
f 902/4223/1994 903/4233/1998 912/4308/2033
f 985/4309/2034 977/4310/2034 995/4311/2034
f 1245/4219/1992 1242/4312/2035 1241/4303/2030
f 893/4313/2036 906/4314/2036 919/4315/2036
f 975/4201/1984 981/4316/2037 972/4168/1969
f 973/4191/1979 987/4251/2008 1107/4276/2018
f 1100/4317/2038 1243/4318/2038 1244/4319/2038
f 977/4320/2039 982/4321/2040 995/4322/2041
f 983/4323/1751 1104/4324/2042 984/4325/1749
f 1109/4326/1997 1108/4288/1999 1110/4327/2010
f 985/4328/2043 994/4329/2025 1101/4330/2024
f 913/4331/2044 914/4332/2027 932/4333/2045
f 972/4168/1969 986/4334/2046 987/4335/2008
f 898/4336/2047 531/4337/2047 532/4338/2047
f 1108/4288/1999 1107/4287/2018 1110/4327/2010
f 902/4223/1994 912/4308/2033 911/4304/2031
f 906/4245/2005 984/3992/1749 937/4339/2048
f 977/4340/2049 979/4341/2049 988/4342/2049
f 914/4298/2027 915/4343/2050 910/4299/2028
f 909/4344/2001 910/4345/2028 534/4346/2051
f 909/4344/2001 534/4346/2051 904/4347/2002
f 531/4291/2023 918/4290/1995 936/4348/2052
f 901/4349/1993 911/4350/2031 916/4351/2053
f 977/4352/2039 988/4353/2054 989/4354/2055
f 904/4347/2002 534/4346/2051 917/4355/2056
f 977/4352/2039 990/4356/2057 982/4357/2040
f 975/4201/1984 980/4307/2032 981/4316/2037
f 918/4358/1995 919/4359/2026 936/4360/2052
f 914/4361/2027 913/4362/2044 915/4363/2050
f 904/4240/2002 917/4364/2056 905/4241/2003
f 985/4328/2043 995/4365/2058 994/4329/2025
f 972/4168/1969 981/4316/2037 986/4334/2046
f 919/4359/2026 906/4245/2005 936/4360/2052
f 977/4352/2039 989/4354/2055 990/4356/2057
f 978/4301/2015 1177/4366/2059 988/4302/2029
f 994/4294/2025 1177/4367/2059 978/4292/2015
f 531/4368/2023 936/4369/2052 910/4370/2028
f 989/4371/2060 988/4372/2060 991/4373/2060
f 920/4374/2061 916/4375/2061 911/4376/2061
f 916/4377/2053 920/4378/2062 901/4379/1993
f 531/4380/2023 910/4381/2028 532/4382/2063
f 923/4383/2064 927/4384/2064 921/4385/2064
f 911/4350/2031 922/4386/2065 916/4351/2066
f 924/4387/2067 923/4388/2067 911/4389/2067
f 901/4285/1993 930/4390/2068 908/4263/2011
f 924/4391/2069 926/4392/2069 923/4393/2069
f 923/4394/2070 925/4395/2071 911/4396/2072
f 916/4397/2066 926/4398/2073 911/4399/2074
f 995/4322/2041 982/4321/2040 996/4400/2075
f 927/4401/2076 923/4402/2077 928/4403/2076
f 990/4356/2057 1001/4404/2078 982/4357/2040
f 911/4399/2079 926/4398/2080 924/4405/2081
f 927/4406/2082 928/4407/2082 921/4408/2082
f 923/4409/2083 921/4410/2084 928/4411/2085
f 923/4402/2086 926/4412/2087 928/4403/2088
f 916/4397/2066 929/4413/2089 926/4398/2073
f 532/4382/2063 910/4381/2028 533/4414/2090
f 1243/4415/2021 1281/4416/2091 1244/4417/2092
f 901/4418/1993 934/4419/2093 930/4420/2068
f 923/4409/2070 928/4411/2088 925/4421/2071
f 981/4316/2037 998/4422/2094 986/4334/2046
f 898/4423/2095 532/4424/2095 903/4425/2095
f 1100/4426/2006 1244/4427/2092 1246/4428/2096
f 911/4396/2072 925/4395/2071 926/4429/2087
f 936/4369/2052 534/4430/2051 910/4370/2028
f 1107/4287/2018 1111/4431/2097 1110/4327/2010
f 1100/4259/2006 1246/4432/2096 1249/4273/2017
f 911/4304/2031 912/4308/2033 922/4433/2065
f 905/4434/2098 931/4435/2098 932/4436/2098
f 911/4396/2099 926/4429/2100 920/4437/2101
f 901/4379/1993 920/4378/2062 934/4438/2093
f 1110/4439/2010 1281/4440/2091 1243/4441/2021
f 981/4316/2037 980/4442/2032 998/4422/2094
f 1107/4276/2018 987/4251/2008 1261/4443/2102
f 926/4444/2103 929/4445/2103 920/4446/2103
f 1111/4447/2097 1285/4448/2104 1110/4439/2010
f 988/4449/2029 1177/4450/2059 991/4451/2105
f 905/4241/2003 917/4364/2056 952/4452/2106
f 986/4453/2046 992/4454/2107 987/4251/2008
f 929/4455/2108 933/4456/2108 920/4457/2108
f 982/4458/2040 1001/4459/2078 993/4460/2109
f 928/4411/2088 926/4461/2087 925/4421/2071
f 989/4462/2110 991/4463/2110 990/4464/2110
f 916/4465/2066 943/4466/2111 929/4467/2089
f 905/4468/2112 952/4469/2112 931/4470/2112
f 908/4263/2011 930/4390/2068 980/4306/2032
f 1110/4439/2010 1285/4448/2104 1281/4440/2091
f 920/4471/2062 933/4472/2113 934/4473/2093
f 903/4233/1998 532/4474/2063 912/4308/2033
f 987/4251/2008 992/4454/2107 1261/4443/2102
f 1244/4427/2092 1253/4475/2114 1246/4428/2096
f 906/4245/2005 937/4339/2048 936/4360/2052
f 930/4390/2068 940/4476/2115 980/4306/2032
f 982/4477/2116 997/4478/2116 996/4479/2116
f 997/4480/2117 982/4458/2040 993/4460/2109
f 1104/4481/2118 1241/4482/2030 1252/4483/2119
f 1177/4450/2059 1178/4484/2120 991/4451/2105
f 994/4485/2025 995/4486/2058 1177/4487/2059
f 995/4488/2041 996/4489/2075 997/4490/2117
f 995/4486/2058 1180/4491/2121 1177/4487/2059
f 933/4492/2113 929/4467/2089 946/4493/2122
f 1264/4494/2123 1245/4495/1992 1266/4496/2124
f 943/4466/2111 935/4497/2125 929/4467/2089
f 1107/4276/2018 1261/4443/2102 1111/4498/2097
f 986/4453/2046 998/4499/2094 1000/4500/2126
f 1249/4501/2017 1246/4502/2096 1247/4503/2127
f 1254/4504/2128 1256/4505/2129 1248/4506/2130
f 984/4325/1749 1104/4324/2042 954/4507/2131
f 984/3992/1749 954/4508/2131 937/4339/2048
f 916/4351/2066 950/4509/2132 943/4510/2111
f 1249/4511/2133 1265/4512/2133 1266/4513/2133
f 1250/4514/2134 1254/4515/2134 1251/4516/2134
f 936/4517/2052 942/4518/2135 534/4519/2051
f 1245/4495/1992 1249/4520/2017 1266/4496/2124
f 1241/4303/2030 1242/4312/2035 1252/4521/2119
f 930/4420/2068 934/4419/2093 940/4522/2115
f 1244/4417/2092 1281/4416/2091 1253/4523/2114
f 1278/4524/2136 1249/4501/2017 1247/4503/2127
f 934/4473/2093 933/4472/2113 946/4525/2122
f 934/4473/2093 946/4525/2122 938/4526/2137
f 929/4467/2089 935/4497/2125 946/4493/2122
f 1254/4527/2128 1251/4528/2138 1256/4529/2129
f 1246/4502/2096 1253/4530/2114 1247/4503/2127
f 1249/4531/2139 1278/4532/2139 1265/4533/2139
f 995/4488/2041 997/4490/2117 1003/4534/2140
f 1248/4506/2130 1255/4535/2141 1254/4504/2128
f 1256/4536/2129 1251/4537/2138 1248/4538/2130
f 986/4453/2046 1000/4500/2126 992/4454/2107
f 997/4490/2117 993/4539/2109 999/4540/2142
f 936/4541/2143 937/4542/2143 939/4543/2143
f 532/4474/2063 533/4544/2090 913/4545/2044
f 998/4546/2144 1008/4547/2144 1000/4548/2144
f 995/4549/2145 1003/4550/2145 1006/4551/2145
f 533/4552/2146 910/4553/2146 913/4554/2146
f 940/4522/2115 934/4419/2093 938/4555/2137
f 991/4556/2147 1182/4557/2147 990/4558/2147
f 1254/4527/2128 1263/4559/2148 1290/4560/2149
f 915/4363/2050 913/4362/2044 910/4561/2028
f 916/4351/2066 922/4386/2065 950/4509/2132
f 1248/4562/2150 1251/4563/2150 1257/4564/2150
f 1258/4565/2151 1368/4566/2152 1367/4567/2153
f 1263/4568/2148 1254/4504/2128 1255/4535/2141
f 997/4490/2117 999/4540/2142 1003/4534/2140
f 936/4517/2052 939/4569/2154 942/4518/2135
f 1264/4570/2123 1283/4571/2155 1368/4566/2152
f 1258/4572/2156 1260/4573/2156 1368/4574/2156
f 1268/4575/2157 1265/4576/2158 1278/4577/2136
f 1263/4578/2159 1259/4579/2159 1290/4580/2159
f 937/4339/2048 954/4508/2131 944/4581/2160
f 1245/4219/1992 1264/4582/2123 1242/4312/2035
f 980/4583/2161 940/4584/2161 941/4585/2161
f 1258/4586/2162 1367/4587/2162 1260/4588/2162
f 1261/4589/2102 1262/4590/2163 1111/4447/2097
f 532/4474/2063 913/4545/2044 912/4308/2033
f 980/4442/2032 941/4591/2164 998/4422/2094
f 992/4454/2107 1184/4592/2165 1261/4443/2102
f 1263/4568/2148 1255/4535/2141 1275/4593/2166
f 1263/4594/2148 1275/4595/2166 1279/4596/2167
f 1001/4597/2078 1009/4598/2168 993/4539/2109
f 991/4451/2105 1178/4484/2120 1182/4599/2169
f 1254/4527/2128 1290/4560/2149 1251/4528/2170
f 1269/4600/2171 1268/4575/2157 1272/4601/2172
f 1177/4602/2173 1180/4603/2173 1178/4604/2173
f 1368/4566/2152 1283/4571/2155 1367/4567/2153
f 1283/4605/2155 1264/4606/2123 1276/4607/2174
f 1265/4608/2175 1276/4609/2174 1266/4610/2124
f 1178/4611/2176 1179/4612/2176 1182/4613/2176
f 1268/4575/2157 1278/4577/2136 1272/4601/2172
f 943/4466/2111 945/4614/2177 935/4497/2125
f 1008/4615/2178 998/4616/2094 1002/4617/2179
f 1265/4618/2180 1267/4619/2180 1273/4620/2180
f 1267/4621/2181 1268/4622/2181 1273/4623/2181
f 1269/4624/2182 1273/4625/2182 1268/4626/2182
f 1269/4627/2183 1270/4628/2183 1273/4629/2183
f 1268/4575/2157 1267/4630/2184 1265/4576/2158
f 1003/4631/2185 1186/4632/2186 1006/4633/2187
f 999/4540/2142 993/4539/2109 1009/4598/2168
f 1269/4600/2171 1272/4601/2172 1279/4634/2167
f 1111/4447/2097 1262/4590/2163 1285/4448/2104
f 1248/4538/2130 1251/4537/2170 1255/4635/2141
f 990/4356/2057 1182/4636/2188 1004/4637/2189
f 946/4493/2122 935/4497/2125 945/4614/2177
f 995/4638/2058 1005/4639/2190 1180/4640/2121
f 990/4356/2057 1004/4637/2189 1001/4404/2078
f 938/4641/2137 941/4642/2164 940/4643/2115
f 1278/4644/2136 1271/4645/2191 1272/4646/2172
f 534/4647/2192 942/4648/2192 952/4649/2192
f 1273/4650/2193 1274/4651/2194 1265/4608/2175
f 1269/4600/2171 1279/4634/2167 1275/4652/2166
f 1270/4653/2195 1289/4654/2195 1273/4655/2195
f 1264/4494/2123 1266/4496/2124 1276/4656/2174
f 1003/4631/2185 1016/4657/2196 1186/4632/2186
f 1178/4658/2197 1180/4659/2197 1179/4660/2197
f 1265/4608/2175 1274/4651/2194 1276/4609/2174
f 1270/4661/2198 1269/4662/2171 1289/4663/2199
f 1247/4664/2127 1277/4665/2200 1278/4666/2136
f 939/4667/2154 952/4668/2201 942/4669/2135
f 1247/4664/2127 1253/4670/2114 1282/4671/2202
f 1279/4672/2167 1272/4646/2172 1271/4645/2191
f 1264/4582/2123 1368/4673/2152 1369/4674/2203
f 1003/4675/2140 999/4676/2142 1007/4677/2204
f 932/4333/2045 931/4678/2205 913/4331/2044
f 534/4346/2051 952/4679/2106 917/4355/2056
f 1263/4594/2148 1293/4680/2206 1259/4681/2207
f 943/4682/2208 937/4683/2208 950/4684/2208
f 1263/4594/2148 1279/4596/2167 1293/4680/2206
f 995/4685/2209 1006/4686/2209 1186/4687/2209
f 995/4688/2210 1186/4689/2210 1005/4690/2210
f 992/4454/2107 1000/4500/2126 1021/4691/2211
f 1269/4662/2171 1275/4692/2166 1289/4663/2199
f 1281/4693/2091 1285/4694/2104 1286/4695/2212
f 939/4667/2154 937/4696/2213 948/4697/2214
f 943/4698/2111 944/4699/2160 945/4700/2177
f 1007/4701/2215 1016/4702/2215 1003/4703/2215
f 1247/4664/2127 1282/4671/2202 1277/4665/2200
f 1255/4635/2141 1251/4537/2170 1290/4704/2149
f 1179/4705/2216 1180/4706/2216 1182/4707/2216
f 999/4676/2142 1016/4708/2217 1007/4677/2204
f 1000/4500/2126 1008/4709/2178 1021/4691/2211
f 1278/4644/2136 1277/4710/2200 1271/4645/2191
f 1273/4650/2193 1289/4711/2199 1274/4651/2194
f 1009/4712/2218 1001/4713/2218 1016/4714/2218
f 946/4715/2219 1011/4716/2219 938/4717/2219
f 1275/4692/2166 1255/4635/2141 1280/4718/2220
f 1180/4719/2121 1181/4720/2221 1182/4721/2222
f 1253/4722/2114 1281/4723/2091 1282/4724/2202
f 939/4667/2154 948/4697/2214 952/4668/2201
f 998/4725/2094 941/4726/2164 1017/4727/2223
f 1283/4728/2155 1371/4729/2224 1367/4730/2153
f 1002/4731/2179 998/4725/2094 1017/4727/2223
f 938/4732/2137 1010/4733/2225 941/4734/2164
f 1264/4582/2123 1369/4674/2203 1242/4312/2035
f 1255/4635/2141 1290/4704/2149 1280/4718/2220
f 1010/4735/2226 938/4736/2226 1012/4737/2226
f 1271/4738/2191 1284/4739/2227 1279/4740/2167
f 1283/4605/2155 1276/4607/2174 1287/4741/2228
f 937/4339/2048 944/4581/2160 951/4742/2229
f 1293/4743/2230 1279/4744/2230 1290/4745/2230
f 1274/4746/2194 1277/4747/2200 1276/4748/2174
f 992/4454/2107 1021/4691/2211 1184/4592/2165
f 1009/4749/2168 1016/4708/2217 999/4676/2142
f 1275/4692/2166 1280/4718/2220 1289/4663/2199
f 912/4308/2033 913/4750/2044 922/4433/2065
f 1011/4751/2231 946/4752/2122 947/4753/2232
f 1285/4754/2104 1262/4755/2163 1286/4756/2212
f 1283/4728/2155 1287/4757/2228 1371/4729/2224
f 1271/4645/2233 1277/4710/2234 1288/4758/2235
f 1367/4759/2236 1379/4760/2236 1260/4761/2236
f 941/4734/2164 1010/4733/2225 1017/4762/2223
f 1281/4723/2091 1299/4763/2237 1282/4724/2202
f 937/4764/2048 949/4765/2238 948/4766/2239
f 945/4700/2177 955/4767/2240 946/4752/2122
f 1280/4768/2220 1284/4769/2227 1289/4770/2199
f 1260/4771/2241 1376/4772/2242 1368/4773/2152
f 1011/4774/2231 1012/4775/2243 938/4776/2244
f 1002/4617/2179 1013/4777/2245 1008/4615/2178
f 1367/4730/2153 1371/4729/2224 1291/4778/2246
f 950/4779/2247 948/4780/2247 937/4781/2247
f 1284/4739/2227 1271/4738/2191 1277/4782/2200
f 937/4339/2048 951/4742/2229 949/4783/2238
f 1368/4773/2152 1376/4772/2242 1369/4784/2203
f 1289/4770/2199 1284/4769/2227 1274/4746/2194
f 1284/4769/2227 1277/4747/2200 1274/4746/2194
f 1016/4785/2248 1001/4404/2078 1004/4637/2189
f 1259/4681/2207 1293/4680/2206 1296/4786/2249
f 944/4787/2160 943/4788/2111 950/4789/2250
f 1281/4693/2091 1286/4695/2212 1299/4790/2237
f 1290/4791/2149 1279/4740/2167 1280/4792/2220
f 1010/4793/2225 1012/4794/2251 1025/4795/2252
f 955/4767/2240 945/4700/2177 954/4796/2131
f 1021/4691/2211 1008/4709/2178 1013/4797/2245
f 944/4699/2160 954/4796/2131 945/4700/2177
f 1010/4793/2225 1025/4795/2252 1017/4798/2223
f 1367/4799/2253 1291/4800/2253 1370/4801/2253
f 1012/4775/2243 1011/4774/2231 947/4802/2232
f 1276/4803/2174 1277/4804/2200 1292/4805/2254
f 1012/4775/2243 947/4802/2232 1020/4806/2255
f 1181/4720/2221 1180/4719/2121 1190/4807/2256
f 1276/4803/2174 1292/4805/2254 1373/4808/2257
f 1004/4809/2258 1182/4810/2258 1183/4811/2258
f 1261/4812/2102 1184/4813/2165 1185/4814/2259
f 1186/4815/2260 1188/4816/2260 1005/4817/2260
f 1279/4740/2167 1284/4739/2227 1280/4792/2220
f 1287/4818/2261 1276/4819/2261 1373/4820/2261
f 1367/4821/2262 1370/4822/2262 1379/4823/2262
f 1016/4824/2263 1004/4825/2263 1015/4826/2263
f 946/4752/2122 955/4767/2240 947/4753/2232
f 954/4827/2264 1104/4828/2264 955/4829/2264
f 1182/4830/2265 1181/4831/2265 1183/4832/2265
f 1186/4833/2186 1014/4834/2266 1191/4835/2267
f 1016/4836/2196 1014/4834/2266 1186/4833/2186
f 1262/4837/2268 1261/4838/2268 1189/4839/2268
f 1015/4840/2269 1014/4841/2269 1016/4842/2269
f 1180/4719/2121 1005/4843/2190 1190/4807/2256
f 1002/4617/2179 1019/4844/2270 1013/4777/2245
f 1293/4845/2271 1290/4846/2271 1296/4847/2271
f 1017/4848/2223 1018/4849/2272 1002/4850/2179
f 1277/4665/2200 1282/4671/2202 1294/4851/2273
f 1286/4852/2212 1295/4853/2274 1299/4854/2237
f 1012/4855/2275 1020/4856/2275 1025/4857/2275
f 922/4433/2065 913/4750/2044 931/4858/2205
f 1259/4859/2276 1296/4860/2276 1290/4861/2276
f 1260/4862/2277 1379/4863/2277 1376/4864/2277
f 1261/4865/2102 1185/4866/2259 1187/4867/2278
f 1002/4850/2179 1018/4849/2272 1019/4868/2270
f 1188/4869/2279 1186/4870/2279 1191/4871/2279
f 1287/4757/2228 1373/4872/2257 1371/4729/2224
f 1286/4756/2212 1262/4755/2163 1295/4873/2274
f 1017/4798/2223 1025/4795/2252 1018/4874/2272
f 948/4875/2214 922/4386/2065 931/4876/2205
f 1261/4865/2102 1187/4867/2278 1189/4877/2280
f 1183/4878/2281 1181/4879/2221 1190/4880/2256
f 947/4881/2232 955/4882/2240 1023/4883/2282
f 948/4875/2214 950/4509/2132 922/4386/2065
f 948/4766/2239 949/4765/2238 950/4884/2283
f 1262/4755/2163 1189/4885/2280 1295/4873/2274
f 947/4886/2284 1023/4887/2284 1022/4888/2284
f 1183/4878/2281 1190/4880/2256 1004/4889/2285
f 1184/4813/2165 1192/4890/2286 1185/4814/2259
f 1277/4891/2200 1294/4892/2273 1292/4893/2254
f 1020/4894/2287 947/4895/2287 1022/4896/2287
f 1184/4592/2165 1021/4691/2211 1203/4897/2288
f 1252/4483/2119 1233/4898/2289 1104/4481/2118
f 1191/4899/2267 1005/4900/2190 1188/4901/2290
f 1299/4854/2237 1295/4853/2274 1193/4902/2291
f 944/4787/2160 950/4789/2250 951/4903/2229
f 948/4875/2214 931/4876/2205 952/4904/2201
f 1203/4905/2288 1192/4906/2286 1184/4907/2165
f 1291/4908/2246 1378/4909/2292 1370/4910/2293
f 1005/4900/2190 1015/4911/2294 1190/4912/2256
f 1191/4899/2267 1014/4913/2266 1005/4900/2190
f 1019/4868/2270 1018/4849/2272 1201/4914/2295
f 950/4915/2296 949/4916/2296 951/4917/2296
f 1370/4910/2293 1378/4909/2292 1379/4918/2297
f 1194/4919/2298 1206/4920/2299 1193/4921/2300
f 1024/4922/2301 1013/4923/2245 1201/4924/2295
f 1004/4925/2302 1190/4926/2302 1196/4927/2302
f 1013/4923/2245 1019/4928/2270 1201/4924/2295
f 1014/4913/2266 1015/4911/2294 1005/4900/2190
f 1015/4929/2303 1196/4930/2303 1190/4931/2303
f 1013/4923/2245 1024/4922/2301 1021/4932/2211
f 1022/4933/2304 1023/4934/2282 1020/4935/2305
f 1021/4936/2306 1024/4937/2306 1198/4938/2306
f 1294/4939/2273 1282/4724/2202 1297/4940/2307
f 1299/4941/2237 1193/4942/2291 1210/4943/2308
f 1193/4921/2300 1206/4920/2299 1211/4944/2309
f 1193/4945/2310 1211/4946/2310 1210/4947/2310
f 1294/4892/2273 1297/4948/2307 1292/4893/2254
f 1282/4724/2202 1299/4763/2237 1298/4949/2311
f 1203/4950/2312 1021/4951/2312 1198/4952/2312
f 1004/4953/2313 1196/4954/2313 1015/4955/2313
f 1371/4956/2224 1375/4957/2314 1291/4958/2246
f 1291/4958/2246 1375/4957/2314 1378/4959/2292
f 1201/4960/2315 1198/4961/2315 1024/4962/2315
f 1371/4963/2224 1373/4964/2257 1374/4965/2316
f 1292/4893/2254 1297/4948/2307 1382/4966/2317
f 1282/4724/2202 1298/4949/2311 1297/4940/2307
f 1193/4967/2318 1295/4968/2318 1194/4969/2318
f 1194/4970/2319 1295/4971/2319 1195/4972/2319
f 1299/4973/2320 1210/4974/2320 1298/4975/2320
f 1292/4976/2254 1382/4977/2317 1300/4978/2321
f 1020/4979/2322 1026/4980/2322 1025/4981/2322
f 1020/4935/2305 1023/4934/2282 1207/4982/2323
f 1187/4983/2278 1195/4984/2324 1189/4985/2280
f 1015/4986/2325 1205/4987/2326 1196/4988/2325
f 1292/4989/2254 1372/4990/2327 1373/4991/2257
f 1203/4905/2288 1197/4992/2328 1192/4906/2286
f 1371/4993/2329 1374/4994/2329 1375/4995/2329
f 1187/4867/2278 1185/4866/2259 1195/4996/2324
f 955/4997/2330 1104/4998/2118 1226/4999/2331
f 1201/5000/2332 1205/5001/2332 1198/5002/2332
f 1189/4985/2280 1195/4984/2324 1295/5003/2274
f 1020/4935/2305 1207/4982/2323 1026/5004/2333
f 1194/5005/2298 1195/5006/2324 1206/5007/2299
f 1376/5008/2242 1379/5009/2334 1377/5010/2335
f 1300/4978/2321 1412/5011/2336 1292/4976/2254
f 1297/4948/2307 1298/5012/2311 1301/5013/2337
f 1207/5014/2323 1023/5015/2282 1027/5016/2338
f 1292/5017/2339 1412/5018/2339 1372/5019/2339
f 1200/5020/2340 1199/5021/2341 1205/4987/2342
f 1196/5022/2343 1203/5023/2344 1198/5024/2343
f 1378/5025/2345 1375/5026/2345 1379/5027/2345
f 955/4882/2240 953/5028/2346 1023/4883/2282
f 1023/5015/2282 953/5029/2346 1027/5016/2338
f 1200/5030/2347 1205/5031/2347 1202/5032/2347
f 1196/4988/2348 1205/4987/2342 1204/5033/2349
f 1018/4849/2272 1212/5034/2350 1201/4914/2295
f 1205/5035/2351 1201/5036/2295 1202/5037/2352
f 1208/5038/2353 1200/5039/2354 1222/5040/2355
f 1025/4795/2252 1212/5041/2350 1018/4874/2272
f 1203/5042/2356 1196/5043/2356 1204/5044/2356
f 1205/5045/2357 1196/5022/2343 1198/5024/2343
f 1200/5020/2340 1209/5046/2358 1199/5021/2341
f 1025/5047/2359 1026/5048/2359 1212/5049/2359
f 1300/4978/2321 1382/4977/2317 1412/5011/2336
f 955/5050/2360 1226/5051/2360 953/5052/2360
f 1373/4964/2257 1381/5053/2361 1374/4965/2316
f 1211/5054/2309 1206/5055/2299 1216/5056/2362
f 1297/4948/2307 1301/5013/2337 1382/4966/2317
f 1207/5057/2323 1222/5040/2355 1026/5058/2333
f 1200/5039/2354 1026/5058/2333 1222/5040/2355
f 1200/5059/2354 1202/5060/2352 1026/5061/2333
f 1379/5009/2334 1380/5062/2363 1377/5010/2335
f 1192/5063/2286 1197/5064/2328 1185/5065/2259
f 1200/5066/2364 1208/5067/2364 1209/5068/2364
f 1210/5069/2365 1211/5070/2309 1302/5071/2366
f 1212/5072/2350 1026/5061/2333 1202/5060/2352
f 1369/4784/2203 1376/4772/2242 1390/5073/2367
f 1205/4987/2342 1199/5021/2341 1204/5033/2349
f 1201/5036/2295 1212/5074/2350 1202/5037/2352
f 1373/4991/2257 1372/4990/2327 1381/5075/2361
f 1206/5055/2299 1213/5076/2368 1216/5056/2362
f 1211/5070/2309 1216/5077/2362 1220/5078/2369
f 1211/5070/2309 1220/5078/2369 1302/5071/2366
f 1104/4998/2118 1028/5079/2370 1226/4999/2331
f 1298/5080/2311 1210/5081/2365 1302/5082/2366
f 1207/5083/2323 1028/5084/2370 1222/5085/2355
f 1208/5086/2371 1222/5087/2371 1209/5088/2371
f 1376/4772/2242 1377/5089/2335 1385/5090/2372
f 1185/5065/2259 1197/5064/2328 1214/5091/2373
f 1233/5092/2374 1252/5093/2374 1235/5094/2374
f 1203/4905/2288 1204/5095/2349 1197/4992/2328
f 1372/4990/2327 1384/5096/2375 1381/5075/2361
f 1301/5097/2337 1389/5098/2376 1382/5099/2317
f 1381/5100/2361 1383/5101/2377 1374/5102/2316
f 1195/5006/2324 1215/5103/2378 1206/5007/2299
f 1027/5104/2338 1028/5084/2370 1207/5083/2323
f 1104/4998/2118 1222/5105/2355 1028/5079/2370
f 1375/5106/2379 1380/5062/2363 1379/5009/2334
f 1382/5107/2317 1389/5108/2376 1412/5109/2336
f 1216/5110/2362 1221/5111/2380 1220/5112/2369
f 1374/5113/2316 1383/5114/2377 1375/5106/2379
f 1301/5097/2337 1298/5115/2311 1389/5098/2376
f 1381/5100/2361 1384/5116/2375 1383/5101/2377
f 1216/5110/2362 1213/5117/2368 1221/5111/2380
f 1206/5118/2299 1219/5119/2381 1217/5120/2382
f 1380/5121/2363 1385/5122/2372 1377/5123/2335
f 1213/5124/2368 1206/5118/2299 1217/5120/2382
f 1204/5095/2349 1218/5125/2383 1219/5126/2381
f 1375/5106/2379 1388/5127/2384 1380/5062/2363
f 1217/5128/2382 1219/5129/2381 1218/5130/2383
f 1185/4866/2259 1214/5131/2373 1195/4996/2324
f 1206/5132/2385 1215/5133/2385 1219/5134/2385
f 1298/5080/2311 1302/5082/2366 1303/5135/2386
f 1412/5109/2336 1386/5136/2387 1372/5137/2327
f 1204/5095/2349 1219/5126/2381 1197/4992/2328
f 1242/5138/2388 1369/5139/2388 1395/5140/2388
f 1213/5117/2368 1217/5141/2382 1221/5111/2380
f 1372/4990/2327 1386/5142/2387 1384/5096/2375
f 1298/5115/2311 1303/5143/2386 1389/5098/2376
f 1412/5109/2336 1389/5108/2376 1386/5136/2387
f 1204/5033/2349 1199/5021/2341 1223/5144/2389
f 1252/5145/2390 1309/5146/2390 1235/5147/2390
f 1220/5148/2369 1229/5149/2391 1302/5150/2366
f 1195/5006/2324 1214/5151/2373 1215/5103/2378
f 1375/5106/2379 1383/5114/2377 1388/5127/2384
f 1220/5148/2369 1221/5152/2380 1229/5149/2391
f 1217/5128/2382 1218/5130/2383 1223/5153/2389
f 1222/5154/2355 1230/5155/2392 1209/5046/2358
f 1209/5046/2358 1223/5156/2389 1199/5021/2341
f 1223/5156/2389 1209/5046/2358 1224/5157/2393
f 1028/5158/2394 1027/5159/2394 1231/5160/2394
f 1218/5125/2383 1204/5095/2349 1223/5161/2389
f 1219/5126/2381 1214/5162/2373 1197/4992/2328
f 1302/5163/2395 1304/5164/2395 1303/5165/2395
f 1221/5152/2380 1228/5166/2396 1229/5149/2391
f 1104/4481/2118 1233/4898/2289 1222/5167/2355
f 1219/5168/2397 1215/5169/2397 1214/5170/2397
f 1028/5171/2370 1231/5172/2398 1227/5173/2399
f 1302/5150/2366 1229/5149/2391 1304/5174/2400
f 1217/5141/2382 1225/5175/2401 1221/5111/2380
f 1028/5171/2370 1227/5173/2399 1226/5176/2331
f 1389/5108/2376 1387/5177/2402 1386/5136/2387
f 953/5178/2346 1227/5179/2399 1027/5180/2338
f 1226/5181/2403 1227/5182/2403 953/5183/2403
f 1209/5046/2358 1230/5155/2392 1224/5157/2393
f 1221/5184/2404 1225/5185/2404 1228/5186/2404
f 1380/5121/2363 1388/5187/2384 1385/5122/2372
f 1383/5101/2377 1384/5116/2375 1388/5188/2384
f 1222/5167/2355 1233/4898/2289 1230/5189/2392
f 1229/5190/2391 1307/5191/2405 1304/5192/2400
f 1223/5193/2406 1224/5194/2406 1236/5195/2406
f 1224/5196/2407 1230/5197/2407 1233/5198/2407
f 1242/5199/2408 1395/5200/2409 1309/5201/2410
f 1242/5202/2411 1309/5203/2411 1252/5204/2411
f 1231/5205/2398 1027/5180/2338 1227/5179/2399
f 1304/5206/2400 1307/5207/2405 1305/5208/2412
f 1229/5209/2391 1228/5210/2396 1232/5211/2413
f 1217/5141/2382 1223/5212/2389 1225/5175/2401
f 1229/5190/2391 1232/5213/2413 1307/5191/2405
f 1303/5214/2414 1304/5206/2400 1305/5208/2412
f 1388/5187/2384 1399/5215/2415 1385/5122/2372
f 1303/5216/2416 1311/5217/2416 1389/5218/2416
f 1388/5219/2384 1384/5220/2375 1393/5221/2417
f 1389/5108/2376 1311/5222/2418 1387/5177/2402
f 1228/5210/2396 1225/5223/2419 1232/5211/2413
f 1303/5224/2414 1305/5225/2412 1311/5226/2418
f 1223/5212/2389 1238/5227/2420 1225/5175/2401
f 1233/5228/2421 1234/5229/2422 1224/5230/2423
f 1384/5096/2375 1386/5142/2387 1393/5231/2417
f 1390/5232/2424 1392/5233/2424 1369/5234/2424
f 1224/5230/2423 1234/5229/2422 1236/5235/2425
f 1235/5236/2426 1309/5237/2426 1233/5238/2426
f 1388/5219/2384 1398/5239/2427 1399/5240/2415
f 1387/5241/2402 1391/5242/2428 1386/5243/2387
f 1388/5219/2384 1393/5221/2417 1398/5239/2427
f 1232/5244/2429 1306/5245/2429 1307/5246/2429
f 1305/5225/2412 1310/5247/2430 1311/5226/2418
f 1376/4772/2242 1385/5090/2372 1399/5248/2415
f 1376/4772/2242 1392/5249/2431 1390/5073/2367
f 1376/4772/2242 1399/5248/2415 1392/5249/2431
f 1238/5227/2420 1223/5212/2389 1236/5250/2432
f 1386/5243/2387 1391/5242/2428 1393/5251/2417
f 1233/5228/2421 1309/5252/2433 1234/5229/2422
f 1387/5241/2402 1311/5253/2418 1391/5242/2428
f 1369/5254/2434 1392/5249/2431 1394/5255/2435
f 1369/5256/2434 1394/5257/2435 1395/5258/2436
f 1305/5259/2412 1307/5260/2405 1310/5261/2430
f 1311/5226/2418 1310/5247/2430 1308/5262/2437
f 1232/5263/2438 1225/5264/2438 1306/5265/2438
f 1225/5175/2401 1238/5227/2420 1312/5266/2439
f 1392/5249/2431 1399/5248/2415 1401/5267/2440
f 1225/5268/2441 1237/5269/2441 1306/5270/2441
f 1306/5271/2442 1310/5261/2430 1307/5260/2405
f 1225/5272/2443 1312/5273/2443 1237/5274/2443
f 1238/5275/2444 1236/5276/2444 1234/5277/2444
f 1399/5248/2415 1396/5278/2445 1401/5267/2440
f 1393/5251/2417 1397/5279/2446 1398/5280/2427
f 1310/5261/2430 1306/5271/2442 1317/5281/2447
f 1393/5251/2417 1391/5242/2428 1397/5279/2446
f 1239/5282/2448 1238/5283/2448 1234/5284/2448
f 1238/5227/2420 1239/5285/2449 1312/5266/2439
f 1309/5286/2450 1239/5287/2450 1234/5288/2450
f 1317/5289/2451 1308/5290/2451 1310/5291/2451
f 1311/5292/2418 1308/5293/2437 1322/5294/2452
f 1312/5295/2439 1239/5296/2449 1313/5297/2453
f 1309/5201/2410 1328/5298/2454 1320/5299/2455
f 1237/5300/2456 1315/5301/2456 1306/5302/2456
f 1398/5280/2427 1397/5279/2446 1400/5303/2457
f 1398/5280/2427 1400/5303/2457 1399/5304/2415
f 1306/5305/2458 1315/5306/2458 1317/5307/2458
f 1396/5308/2445 1399/5309/2415 1402/5310/2459
f 1312/5295/2439 1313/5297/2453 1237/5311/2460
f 1392/5249/2431 1401/5267/2440 1394/5255/2435
f 1309/5312/2461 1320/5313/2461 1316/5314/2461
f 1314/5315/2462 1237/5316/2462 1313/5317/2462
f 1237/5318/2463 1314/5319/2463 1315/5320/2463
f 1391/5242/2428 1311/5253/2418 1408/5321/2464
f 1314/5322/2465 1317/5323/2465 1315/5324/2465
f 1239/5325/2466 1309/5326/2466 1316/5327/2466
f 1311/5292/2418 1322/5294/2452 1408/5328/2464
f 1308/5329/2437 1317/5330/2467 1318/5331/2468
f 1308/5293/2437 1318/5332/2468 1322/5294/2452
f 1399/5309/2415 1400/5333/2457 1402/5310/2459
f 1317/5334/2469 1314/5335/2469 1318/5336/2469
f 1397/5279/2446 1391/5242/2428 1408/5321/2464
f 1397/5279/2446 1404/5337/2470 1400/5303/2457
f 1314/5338/2471 1319/5339/2472 1318/5340/2468
f 1314/5338/2471 1313/5341/2453 1319/5339/2472
f 1320/5299/2455 1328/5298/2454 1327/5342/2473
f 1397/5279/2446 1408/5343/2464 1404/5337/2470
f 1239/5296/2449 1316/5344/2474 1313/5297/2453
f 1401/5345/2440 1396/5308/2445 1402/5310/2459
f 1322/5294/2452 1318/5332/2468 1323/5346/2475
f 1395/5258/2436 1394/5257/2435 1401/5347/2440
f 1402/5348/2476 1403/5349/2476 1401/5350/2476
f 1320/5351/2455 1327/5352/2473 1316/5353/2474
f 1400/5333/2457 1404/5354/2470 1402/5310/2459
f 1316/5353/2474 1321/5355/2477 1313/5341/2453
f 1322/5356/2478 1323/5357/2478 1333/5358/2478
f 1316/5353/2474 1327/5352/2473 1321/5355/2477
f 1313/5341/2453 1321/5355/2477 1324/5359/2479
f 1313/5341/2453 1324/5359/2479 1319/5339/2472
f 1322/5294/2452 1333/5360/2480 1408/5328/2464
f 1395/5200/2409 1328/5298/2454 1309/5201/2410
f 1318/5340/2468 1319/5339/2472 1366/5361/2481
f 1404/5354/2470 1407/5362/2482 1402/5310/2459
f 1395/5363/2483 1401/5364/2483 1325/5365/2483
f 1318/5340/2468 1366/5361/2481 1326/5366/2484
f 1321/5367/2477 1327/5368/2473 1331/5369/2485
f 1405/5370/2486 1401/5371/2486 1403/5372/2486
f 1401/5373/2487 1405/5374/2488 1406/5375/2489
f 1402/5376/2490 1407/5377/2490 1403/5378/2490
f 1408/5379/2491 1407/5380/2491 1404/5381/2491
f 1318/5332/2468 1326/5382/2484 1323/5346/2475
f 1324/5359/2479 1366/5361/2481 1319/5339/2472
f 1403/5383/2492 1410/5384/2492 1405/5385/2492
f 1403/5386/2493 1409/5387/2493 1410/5388/2493
f 1331/5369/2485 1327/5368/2473 1328/5389/2454
f 1321/5367/2477 1331/5369/2485 1324/5390/2479
f 1401/5391/2487 1329/5392/2494 1339/5393/2495
f 1401/5394/2496 1339/5395/2496 1325/5396/2496
f 1408/5397/2464 1330/5398/2497 1407/5399/2498
f 1403/5400/2499 1339/5401/2500 1409/5402/2501
f 1405/5374/2488 1344/5403/2502 1406/5375/2489
f 1401/5391/2487 1406/5404/2489 1329/5392/2494
f 1395/5405/2409 1325/5406/2503 1357/5407/2504
f 1328/5408/2505 1337/5409/2505 1331/5410/2505
f 1326/5411/2484 1366/5412/2481 1332/5413/2506
f 1324/5390/2479 1331/5369/2485 1366/5412/2481
f 1408/5328/2464 1333/5360/2480 1330/5414/2497
f 1326/5415/2484 1333/5416/2480 1323/5417/2475
f 1339/5418/2507 1403/5419/2507 1407/5420/2507
f 1340/5421/2508 1407/5422/2498 1334/5423/2509
f 1340/5421/2508 1339/5424/2510 1407/5422/2498
f 1329/5425/2511 1335/5426/2511 1339/5427/2511
f 1339/5401/2500 1335/5428/2512 1409/5402/2501
f 1326/5429/2513 1332/5430/2513 1343/5431/2513
f 1405/5374/2488 1410/5432/2514 1344/5403/2502
f 1333/5360/2480 1349/5433/2515 1330/5414/2497
f 1395/5200/2409 1357/5434/2504 1328/5298/2454
f 1326/5415/2484 1336/5435/2516 1333/5416/2480
f 1331/5436/2485 1337/5437/2517 1338/5438/2518
f 1366/5412/2481 1331/5369/2485 1338/5439/2518
f 1407/5422/2498 1349/5440/2515 1334/5423/2509
f 1326/5441/2484 1343/5442/2519 1336/5443/2516
f 1330/5398/2497 1349/5444/2515 1407/5399/2498
f 1329/5392/2494 1406/5404/2489 1345/5445/2520
f 1339/5446/2510 1341/5447/2521 1325/5448/2522
f 1339/5449/2510 1340/5450/2508 1341/5451/2521
f 1334/5452/2509 1341/5451/2521 1340/5450/2508
f 1337/5453/2517 1351/5454/2523 1343/5455/2519
f 1366/5412/2481 1338/5439/2518 1332/5413/2506
f 1333/5416/2480 1336/5435/2516 1349/5456/2515
f 1409/5457/2501 1411/5458/2524 1410/5459/2514
f 1344/5403/2502 1410/5432/2514 1411/5460/2524
f 1349/5461/2515 1336/5462/2516 1342/5463/2525
f 1337/5437/2517 1332/5464/2506 1338/5438/2518
f 1337/5437/2517 1343/5465/2519 1332/5464/2506
f 1337/5466/2526 1328/5467/2526 1351/5468/2526
f 1325/5406/2503 1355/5469/2527 1357/5407/2504
f 1409/5457/2501 1335/5470/2512 1411/5458/2524
f 1344/5403/2502 1411/5460/2524 1345/5471/2520
f 1344/5472/2502 1345/5445/2520 1406/5404/2489
f 1329/5473/2528 1345/5474/2528 1335/5475/2528
f 1411/5476/2529 1335/5477/2529 1345/5478/2529
f 1359/5479/2530 1354/5480/2531 1342/5481/2525
f 1325/5448/2522 1341/5447/2521 1352/5482/2532
f 1343/5455/2519 1346/5483/2533 1347/5484/2534
f 1343/5455/2519 1351/5454/2523 1346/5483/2533
f 1343/5442/2519 1347/5485/2534 1336/5443/2516
f 1347/5485/2534 1359/5486/2530 1336/5443/2516
f 1350/5487/2535 1359/5488/2535 1348/5489/2535
f 1349/5490/2515 1341/5491/2521 1334/5492/2509
f 1350/5493/2536 1328/5494/2537 1359/5495/2538
f 1359/5496/2530 1342/5463/2525 1336/5462/2516
f 1356/5497/2539 1354/5498/2531 1353/5499/2540
f 1351/5500/2523 1350/5493/2536 1346/5501/2533
f 1355/5469/2527 1325/5406/2541 1356/5502/2542
f 1352/5503/2532 1341/5491/2521 1356/5497/2539
f 1342/5481/2525 1354/5480/2531 1349/5504/2515
f 1325/5505/2543 1352/5506/2543 1356/5507/2543
f 1349/5490/2515 1356/5497/2539 1341/5491/2521
f 1353/5508/2544 1354/5509/2544 1355/5510/2544
f 1355/5511/2545 1353/5512/2545 1356/5513/2545
f 1350/5493/2536 1351/5500/2523 1328/5494/2537
f 1346/5501/2533 1350/5493/2536 1348/5514/2546
f 1349/5490/2515 1354/5498/2531 1356/5497/2539
f 1347/5515/2534 1346/5516/2533 1348/5517/2546
f 1347/5515/2534 1348/5517/2546 1359/5518/2530
f 1328/5519/2547 1357/5520/2547 1359/5521/2547
f 1355/5522/2548 1354/5523/2548 1357/5524/2548
f 1359/5479/2530 1358/5525/2549 1354/5480/2531
f 1354/5526/2550 1361/5527/2550 1357/5528/2550
f 1354/5529/2531 1360/5530/2551 1361/5531/2552
f 1357/5532/2553 1358/5533/2549 1359/5534/2530
f 1354/5480/2531 1358/5525/2549 1364/5535/2554
f 1354/5480/2531 1364/5535/2554 1360/5536/2551
f 1357/5537/2555 1361/5538/2555 1363/5539/2555
f 1358/5533/2549 1357/5532/2553 1362/5540/2556
f 1361/5531/2552 1360/5530/2551 1363/5541/2557
f 1362/5540/2556 1357/5532/2553 1363/5542/2557
f 1364/5543/2554 1358/5533/2549 1362/5540/2556
f 1360/5536/2551 1364/5535/2554 1365/5544/2558
f 1362/5540/2556 1363/5542/2557 1365/5545/2558
f 1365/5546/2558 1363/5541/2557 1360/5530/2551
f 1364/5543/2554 1362/5540/2556 1365/5545/2558
