# Blender 4.4.0
# www.blender.org
mtllib Meshy_AI_Trees_are_sparse_thi_0822235251_texture.mtl
o Meshy_AI_Trees_are_sparse_thi_0822235251_texture
v -0.155504 -0.501806 0.414207
v -0.186648 -0.509926 0.947279
v 0.476440 -0.496055 0.842866
v 0.289356 -0.515538 0.364159
v 0.439037 -0.520883 0.782184
v 0.438082 -0.499934 0.777885
v 0.329260 -0.502581 0.663895
v 0.394318 -0.404685 0.640898
v 0.406365 -0.496117 0.670107
v 0.478428 -0.503889 0.776108
v 0.425439 -0.499122 0.713402
v 0.515201 -0.496249 0.865833
v 0.445771 -0.452618 0.768202
v 0.700669 -0.500569 0.890519
v 0.897462 -0.509114 0.948553
v -0.483952 -0.516489 0.774977
v -0.452375 -0.517318 0.734760
v -0.497937 -0.515246 0.621208
v -0.331329 -0.518768 0.621909
v -0.324757 -0.514568 0.584367
v -0.438381 -0.463041 0.786989
v -0.467391 -0.436025 0.627341
v -0.406872 -0.423166 0.759797
v -0.449511 -0.419783 0.778198
v -0.371838 -0.412833 0.748277
v -0.264163 -0.498367 0.807297
v -0.375507 -0.504126 0.707222
v -0.251907 -0.515014 0.755314
v -0.360677 -0.441464 0.759109
v -0.394881 -0.475375 0.753476
v -0.368806 -0.423291 0.641730
v -0.234602 -0.423674 0.754407
v -0.277654 -0.471063 0.716683
v -0.217678 -0.496451 0.802834
v -0.234866 -0.462474 0.756798
v -0.277432 -0.414390 0.694126
v -0.180422 -0.469897 0.748593
v -0.234943 -0.389016 0.716285
v -0.234548 -0.395666 0.667584
v -0.606685 -0.502140 0.742748
v -0.625067 -0.500305 0.691832
v -0.604741 -0.441736 0.679183
v -0.573491 -0.519212 0.668285
v -0.575576 -0.444032 0.741371
v -0.527619 -0.516880 0.645413
v -0.561751 -0.493599 0.758733
v -0.555134 -0.436463 0.673982
v -0.584641 -0.494355 0.660435
v -0.572813 -0.517767 0.740677
v -0.537347 -0.514411 0.785109
v -0.666665 -0.106428 0.731101
v -0.583921 -0.105077 0.722003
v -0.560185 -0.491686 0.673223
v -0.532537 -0.499650 0.630460
v -0.534653 -0.431296 0.640436
v -0.526280 -0.156351 0.691862
v -0.467396 -0.516509 0.655494
v -0.521634 -0.402610 0.709315
v -0.534330 -0.416276 0.780259
v -0.506517 -0.414876 0.739887
v -0.543707 -0.144826 0.725860
v -0.514347 -0.154580 0.721952
v -0.549840 -0.446652 0.817088
v -0.504834 -0.409596 0.681430
v -0.491325 -0.040242 0.720076
v -0.484399 -0.425739 0.767689
v -0.466442 -0.483653 0.786017
v -0.477941 -0.399124 0.672116
v -0.593891 -0.498377 0.831649
v -0.487776 -0.388400 0.714524
v -0.439307 0.030837 0.726980
v -0.497470 -0.427658 0.810096
v -0.480405 -0.501986 0.770703
v -0.442601 -0.493122 0.766938
v -0.375686 -0.395364 0.701381
v -0.441331 -0.403185 0.646245
v -0.930508 -0.509310 0.948261
v -0.504569 -0.518063 0.832049
v -0.455642 -0.399652 0.750127
v -0.438451 -0.501634 0.518570
v -0.419191 -0.500634 0.521116
v -0.452560 -0.407857 0.509087
v -0.412783 -0.416773 0.509246
v -0.393098 -0.502039 0.492735
v -0.445939 -0.399117 0.480875
v -0.426738 -0.501278 0.646542
v -0.477323 -0.497137 0.624200
v -0.362787 -0.497722 0.519927
v -0.387726 -0.458597 0.466159
v -0.320761 -0.502116 0.549249
v -0.412674 -0.458195 0.563658
v -0.317282 -0.425037 0.451140
v -0.330953 -0.471771 0.524978
v -0.343275 -0.491864 0.631892
v -0.340581 -0.424745 0.628939
v -0.336436 -0.435731 0.514024
v -0.266600 -0.502055 0.491047
v -0.291707 -0.421080 0.641963
v -0.339275 -0.498616 0.501908
v -0.364977 -0.502032 0.475373
v -0.303971 -0.402297 0.497189
v -0.313843 -0.445841 0.549029
v -0.316020 -0.403982 0.526760
v -0.315286 -0.390209 0.600519
v -0.287621 -0.521109 0.480814
v -0.306966 -0.501396 0.649152
v -0.204957 -0.515205 0.653620
v -0.265804 -0.422697 0.495785
v -0.245796 -0.521065 0.601068
v -0.247733 -0.522475 0.542542
v -0.361337 -0.461941 0.640117
v -0.235220 -0.444721 0.639608
v -0.245519 -0.423182 0.610681
v -0.228736 -0.494628 0.761880
v -0.280679 -0.427794 0.540849
v -0.247555 -0.431071 0.546874
v -0.232336 -0.473943 0.614632
v -0.277449 -0.470959 0.680328
v -0.228543 -0.435043 0.581790
v -0.229354 -0.502670 0.577362
v -0.251521 -0.504353 0.639910
v -0.185095 -0.512423 0.729683
v -0.178831 -0.465011 0.652204
v -0.182440 -0.399890 0.728071
v -0.179128 -0.413000 0.661781
v -0.181490 -0.499663 0.686314
v -0.233604 -0.500699 0.672478
v -0.176565 -0.498159 0.570300
v -0.203726 -0.497140 0.637066
v -0.174487 -0.493954 0.780438
v -0.166646 -0.513895 0.391637
v -0.443701 -0.502269 0.473242
v -0.393073 -0.497073 0.443097
v -0.395777 -0.501921 0.410090
v -0.386631 -0.474291 0.425145
v -0.380405 -0.409421 0.417753
v -0.381232 -0.428843 0.479054
v -0.357108 -0.492711 0.422238
v -0.324302 -0.521108 0.498755
v -0.311288 -0.514556 0.423964
v -0.309549 -0.493027 0.447714
v -0.320520 -0.454139 0.478941
v -0.331717 -0.499762 0.321584
v -0.277906 -0.436007 0.351787
v -0.304410 -0.403967 0.380353
v -0.385351 -0.512601 0.302233
v -0.270487 -0.435802 0.319188
v -0.185887 -0.489974 0.431138
v -0.278118 -0.501907 0.375290
v -0.213911 -0.503570 0.398020
v -0.271885 -0.471582 0.357730
v -0.321631 -0.498842 0.423134
v -0.202874 -0.444948 0.332819
v -0.239731 -0.498477 0.329686
v -0.205622 -0.501364 0.312577
v -0.221153 -0.422065 0.421363
v -0.202736 -0.410531 0.348197
v -0.153883 -0.406559 0.365781
v -0.242002 -0.448395 0.359748
v -0.242065 -0.479202 0.384130
v -0.202083 -0.500273 0.356384
v -0.242264 -0.442544 0.416718
v -0.210544 -0.443610 0.443736
v -0.153569 -0.479128 0.347152
v -0.202594 -0.394304 0.403540
v -0.153946 -0.423673 0.433348
v -0.242191 -0.420226 0.392555
v -0.221430 -0.513864 0.455904
v -0.187103 -0.512468 0.544429
v 0.303216 0.294040 0.730450
v 0.538835 0.218866 0.740606
v 0.450011 -0.008344 0.734593
v 0.534831 0.233357 0.758549
v 0.536968 -0.066388 0.421093
v 0.581106 -0.067553 0.435834
v 0.562332 0.010131 0.662949
v 0.538366 -0.083943 0.387115
v 0.526790 -0.041878 0.672850
v 0.549949 -0.022069 0.653237
v 0.583475 -0.096345 0.397763
v 0.627301 0.215687 0.744614
v 0.600301 0.055756 0.599916
v 0.563474 -0.115102 0.656571
v 0.622655 -0.115179 0.398529
v 0.626403 -0.072441 0.671977
v 0.588038 -0.084739 0.678189
v 0.611423 0.229183 0.696281
v 0.603134 0.287095 0.767931
v 0.602870 0.379906 0.579396
v 0.610519 0.286509 0.611813
v 0.598132 0.206040 0.596769
v 0.665386 -0.024099 0.665647
v 0.654545 -0.114222 0.408674
v 0.666365 -0.004066 0.645805
v 0.634833 -0.091468 0.401069
v 0.622286 0.229815 0.758913
v 0.691403 0.054250 0.604779
v 0.702982 -0.115927 0.398693
v 0.705043 -0.094862 0.413400
v 0.709956 0.348330 0.876045
v 0.729421 0.127482 0.779419
v 0.734835 0.206609 0.834220
v 0.709098 0.126488 0.755397
v 0.730908 -0.095373 0.396263
v 0.754313 -0.093038 0.395749
v 0.763595 -0.215382 0.818513
v 0.785293 -0.114479 0.399197
v 0.753906 -0.191893 0.408389
v 0.737851 -0.114110 0.397337
v 0.822802 -0.116083 0.407929
v 0.734802 0.036683 0.735155
v 0.862153 -0.094217 0.398035
v 0.879103 -0.094140 0.398843
v 0.890713 -0.185790 0.401411
v 0.429468 -0.451872 0.733629
v 0.503118 -0.433242 0.770805
v 0.474114 -0.517062 0.821781
v 0.508886 -0.510244 0.875320
v 0.581784 -0.428458 0.769950
v 0.500809 -0.426527 0.814377
v 0.516318 -0.446341 0.857589
v 0.553289 -0.449789 0.698136
v 0.542253 -0.429524 0.846789
v 0.580504 -0.463736 0.848332
v 0.584533 -0.429313 0.724873
v 0.609606 -0.446105 0.818211
v 0.590382 -0.431807 0.674600
v 0.603820 -0.488418 0.843838
v 0.633706 -0.441341 0.687837
v 0.539062 -0.516717 0.679285
v 0.618914 -0.520747 0.739524
v 0.506416 -0.514807 0.853731
v 0.632883 -0.514429 0.682750
v 0.602303 -0.102959 0.644025
v 0.606654 -0.460207 0.862191
v 0.657807 -0.448806 0.677673
v 0.619679 -0.432770 0.643822
v 0.642840 -0.513900 0.647562
v 0.693626 -0.517175 0.665314
v 0.678098 -0.498570 0.871148
v 0.714165 -0.518763 0.842889
v 0.713136 -0.518659 0.732307
v 0.659856 -0.449163 0.676726
v 0.685038 -0.514350 0.634939
v 0.669190 -0.494268 0.614669
v 0.659415 -0.448572 0.680184
v 0.644720 -0.444254 0.847559
v 0.679315 -0.450796 0.853085
v 0.725882 -0.501870 0.638260
v 0.651649 -0.440400 0.757353
v 0.678537 -0.494760 0.574545
v 0.668190 -0.473190 0.647439
v 0.705044 -0.463209 0.651901
v 0.748362 -0.519075 0.776540
v 0.737992 -0.519232 0.658980
v 0.691824 -0.437179 0.694596
v 0.729511 -0.462511 0.671463
v 0.740458 -0.496537 0.851715
v 0.752835 -0.462773 0.730112
v 0.744343 -0.514258 0.453461
v 0.803367 -0.510367 0.602566
v 0.719813 -0.447668 0.719063
v 0.715895 -0.440270 0.795921
v 0.727702 -0.499863 0.732181
v 0.707049 -0.459243 0.870417
v 0.760803 -0.457282 0.794043
v 0.767666 -0.492862 0.727178
v 0.731067 -0.493895 0.805251
v 0.758150 -0.330693 0.786610
v 0.790617 -0.513778 0.728510
v 0.776530 -0.492758 0.793999
v 0.763978 -0.329757 0.819105
v 0.715179 0.155225 0.764239
v 0.797381 -0.325697 0.809633
v 0.828547 -0.499667 0.518297
v 0.838018 -0.451214 0.399330
v 0.890146 -0.377872 0.395243
v 0.892074 -0.472113 0.417413
v 0.908575 -0.097684 0.416906
v 0.568672 -0.520834 0.824249
v 0.387637 -0.503711 0.545931
v 0.408983 -0.501600 0.591973
v 0.432645 -0.518618 0.703843
v 0.479076 -0.516045 0.681446
v 0.342736 -0.423173 0.589819
v 0.447459 -0.478652 0.613566
v 0.329520 -0.445431 0.677236
v 0.416634 -0.500104 0.648889
v 0.528380 -0.453695 0.693819
v 0.401112 -0.449611 0.574573
v 0.389886 -0.429740 0.682082
v 0.441593 -0.486649 0.654544
v 0.441868 -0.439847 0.648841
v 0.530948 -0.462587 0.601415
v 0.471681 -0.492547 0.684058
v 0.461312 -0.500186 0.566316
v 0.564322 -0.439833 0.609961
v 0.460639 -0.443181 0.694462
v 0.569886 -0.520047 0.657533
v 0.544775 -0.502574 0.624440
v 0.609819 -0.516058 0.617711
v 0.587436 -0.446806 0.601971
v 0.628215 -0.486125 0.620544
v 0.642863 -0.496712 0.597926
v 0.338899 -0.502371 0.590612
v 0.454606 -0.520879 0.488774
v 0.422117 -0.408662 0.523886
v 0.483969 -0.430831 0.513397
v 0.443670 -0.417180 0.475351
v 0.440863 -0.431132 0.558569
v 0.448200 -0.406804 0.443919
v 0.489887 -0.498266 0.358223
v 0.477724 -0.426983 0.462333
v 0.493641 -0.499977 0.462764
v 0.470701 -0.430402 0.399332
v 0.504388 -0.491672 0.430247
v 0.488490 -0.518988 0.519686
v 0.489254 -0.492351 0.511883
v 0.527759 -0.501177 0.525827
v 0.564971 -0.492548 0.588714
v 0.535017 -0.495322 0.382214
v 0.541462 -0.495566 0.490718
v 0.542941 -0.444900 0.402935
v 0.559393 -0.461213 0.387453
v 0.549647 -0.130236 0.418540
v 0.465452 -0.520368 0.566828
v 0.682342 -0.511332 0.514064
v 0.559443 -0.379218 0.414864
v 0.579223 -0.489944 0.435994
v 0.551077 -0.489032 0.416308
v 0.571576 -0.439756 0.398831
v 0.549183 -0.447565 0.431067
v 0.586034 -0.498242 0.514317
v 0.600361 -0.482728 0.401436
v 0.590938 -0.380850 0.399923
v 0.623685 -0.498760 0.549347
v 0.612369 -0.496109 0.412053
v 0.627368 -0.502299 0.461667
v 0.636595 -0.498872 0.490216
v 0.684075 -0.496628 0.525537
v 0.713236 -0.491718 0.487165
v 0.715186 -0.489899 0.585226
v 0.484147 -0.514278 0.467185
v 0.479883 -0.518881 0.394183
v 0.527885 -0.490671 0.411501
v 0.562784 -0.489310 0.491877
v 0.551395 -0.398612 0.393915
v 0.561630 -0.126406 0.397876
v 0.567085 -0.490853 0.365222
v 0.570561 -0.498912 0.293511
v 0.576480 -0.284007 0.397833
v 0.572437 -0.186735 0.410998
v 0.581055 -0.066573 0.375179
v 0.578603 -0.498469 0.393202
v 0.582225 -0.471274 0.393244
v 0.617958 -0.512654 0.401360
v 0.652131 -0.495854 0.415754
v 0.908623 -0.472428 0.393262
v 0.721171 -0.492649 0.433412
v 0.750763 -0.452131 0.410380
v 0.770353 -0.449977 0.398336
v 0.619659 -0.450923 0.409908
v 0.735504 -0.501343 0.514028
v 0.768290 -0.496190 0.566331
v 0.808384 -0.497466 0.460509
v 0.891374 -0.500469 -0.424014
v 0.832319 -0.499834 0.421257
v 0.897612 -0.509493 0.531999
v 0.783615 -0.492702 0.396739
v 0.762836 -0.492607 0.473190
v 0.176404 -0.418688 0.189090
v 0.168151 -0.417677 0.132501
v 0.205632 -0.406752 0.171509
v 0.199055 -0.489965 0.108236
v 0.219717 -0.428262 0.106316
v 0.294279 -0.406700 0.394383
v 0.238998 -0.470421 0.405026
v 0.233840 -0.474290 0.189528
v 0.314821 -0.472220 0.411926
v 0.301416 -0.476056 0.328382
v 0.309312 -0.502821 0.360205
v 0.299275 -0.412100 0.347097
v 0.248316 -0.437155 0.337430
v 0.250509 -0.483734 0.341310
v 0.332562 -0.455218 0.408415
v 0.245089 -0.417755 0.385775
v 0.338201 -0.431962 0.376536
v 0.188298 -0.513294 0.134155
v 0.348674 -0.515512 0.328723
v 0.339787 -0.466787 0.357912
v 0.376601 -0.468530 0.433901
v 0.222782 -0.502428 0.141258
v 0.439338 -0.503347 0.213661
v 0.350744 -0.484578 0.360308
v 0.348184 -0.500608 0.328468
v 0.336582 -0.500646 0.529699
v 0.394418 -0.521061 0.419586
v 0.317415 -0.514188 0.476836
v 0.358237 -0.421411 0.380549
v 0.334457 -0.482640 0.382925
v 0.334195 -0.516365 0.525177
v 0.409548 -0.519462 0.537396
v 0.370966 -0.501693 0.083769
v 0.378480 -0.433970 0.339877
v 0.393416 -0.514509 0.385404
v 0.387885 -0.516449 0.347844
v 0.338826 -0.502623 0.432656
v 0.330975 -0.451827 0.494861
v 0.347382 0.010470 0.405037
v 0.356070 -0.432588 0.455882
v 0.383757 -0.126670 0.412326
v 0.395949 -0.498119 0.347632
v 0.369960 -0.498487 0.321481
v 0.394820 -0.502323 0.433604
v 0.398090 -0.501860 0.362977
v 0.404760 -0.439756 0.539345
v 0.358851 -0.493557 0.337496
v 0.371669 0.073056 0.440934
v 0.377532 -0.079584 0.389842
v 0.400204 -0.418641 0.397370
v 0.418641 -0.438761 0.363209
v 0.430557 -0.413950 0.408280
v 0.462081 -0.494230 0.375038
v 0.399119 -0.355717 0.416307
v 0.516003 -0.499488 0.314673
v 0.233119 -0.502251 -0.170880
v 0.163799 -0.475536 0.115094
v 0.159645 -0.458186 0.189088
v 0.213876 -0.514046 -0.084697
v 0.252593 -0.516672 -0.027849
v 0.214053 -0.494426 -0.074061
v 0.253977 -0.519198 0.018524
v 0.238309 -0.424766 0.135897
v 0.247497 -0.433173 -0.043229
v 0.266089 -0.498563 -0.025565
v 0.227298 -0.499474 -0.039982
v 0.257895 -0.431364 -0.103304
v 0.243710 -0.496374 0.144363
v 0.257786 -0.512406 -0.115091
v 0.229240 -0.442783 -0.095574
v 0.294104 -0.493058 0.141446
v 0.300285 -0.501917 0.110845
v 0.320318 -0.497771 -0.116143
v 0.312488 -0.519600 -0.110764
v 0.252113 -0.494109 0.018599
v 0.304698 -0.501406 -0.161772
v 0.298110 -0.514951 0.063843
v 0.397508 -0.517577 0.063666
v 0.257986 -0.446780 0.025359
v 0.292736 -0.427548 0.041230
v 0.279608 -0.426728 -0.046226
v 0.348842 -0.521088 0.045045
v 0.333710 -0.503685 0.042670
v 0.324249 -0.519189 -0.196166
v 0.280984 -0.501260 0.067559
v 0.369275 -0.432929 -0.096561
v 0.295475 -0.494006 -0.205782
v 0.336066 -0.429883 -0.125541
v 0.332595 -0.441104 -0.104331
v 0.437964 -0.518338 -0.047668
v 0.334509 -0.431711 -0.159134
v 0.343541 -0.493763 -0.179095
v 0.329609 -0.431445 0.032782
v 0.401901 -0.433106 -0.042041
v 0.351482 -0.446850 0.052210
v 0.394160 -0.443087 -0.210350
v 0.417505 -0.425169 -0.165562
v 0.433000 -0.521026 0.045595
v 0.393319 -0.446905 0.052240
v 0.431447 -0.504207 -0.222283
v 0.345438 -0.497708 -0.284855
v 0.426591 -0.516035 -0.209762
v 0.466881 -0.510508 -0.296095
v 0.411635 -0.500163 0.053721
v 0.417197 -0.435472 0.025062
v 0.420457 -0.440667 -0.200999
v 0.431342 -0.460531 0.048378
v 0.469879 -0.439110 -0.087996
v 0.450659 -0.515790 0.037772
v 0.456523 -0.456508 0.029230
v 0.419201 -0.437467 -0.087445
v 0.475990 -0.495374 -0.071095
v 0.444593 -0.499831 -0.031064
v 0.439090 -0.443058 -0.019471
v 0.470155 -0.439107 -0.125024
v 0.434814 -0.497623 -0.167626
v 0.455710 -0.515111 0.007185
v 0.491471 -0.488687 -0.101439
v 0.528953 -0.513730 -0.126031
v 0.457994 -0.514611 -0.151779
v 0.427018 -0.512430 0.349294
v 0.736716 -0.504135 -0.313356
v 0.688278 -0.501962 0.393610
v 0.794149 -0.511184 0.368007
v 0.478362 -0.520994 -0.070420
v 0.498570 -0.501915 -0.302121
v 0.629241 -0.493098 -0.406663
v 0.551007 -0.449372 -0.391926
v 0.547614 -0.373965 -0.406715
v 0.560940 -0.107969 -0.394131
v 0.577059 -0.369220 -0.412958
v 0.545865 -0.419675 -0.425596
v 0.570660 -0.434425 -0.417493
v 0.574570 -0.190174 -0.424590
v 0.576015 -0.096870 -0.421481
v 0.581115 -0.067218 -0.388218
v 0.581326 -0.066620 -0.448200
v 0.580317 -0.471561 -0.392330
v 0.576833 -0.275741 -0.416063
v 0.561502 -0.464183 -0.430963
v 0.579437 -0.418242 -0.410287
v 0.582002 -0.096230 -0.408706
v 0.620240 -0.093721 -0.408817
v 0.670265 -0.114058 -0.423551
v 0.661808 -0.497198 -0.444395
v 0.654081 -0.090940 -0.408291
v 0.635444 -0.113480 -0.409762
v 0.717461 -0.113433 -0.409436
v 0.715943 -0.496531 -0.469428
v 0.685935 -0.089668 -0.406290
v 0.718471 -0.092969 -0.426528
v 0.638598 -0.452190 -0.419050
v 0.724698 -0.501984 -0.518065
v 0.739999 -0.095928 -0.408762
v 0.730552 -0.112252 -0.425035
v 0.888574 -0.469762 -0.408087
v 0.746781 -0.494129 -0.499228
v 0.726942 -0.494857 -0.416931
v 0.821082 -0.451947 -0.412531
v 0.723055 -0.513767 -0.568613
v 0.811285 -0.514297 -0.454483
v 0.808829 -0.500834 -0.480640
v 0.768214 -0.452096 -0.422134
v 0.773091 -0.486676 -0.497121
v 0.799414 -0.494782 -0.421453
v 0.789246 -0.093014 -0.409028
v 0.862220 -0.095733 -0.408668
v 0.902856 -0.479095 -0.426676
v 0.840006 -0.094028 -0.424397
v 0.872829 -0.448326 -0.420393
v 0.891431 -0.188631 -0.407026
v 0.890803 -0.113736 -0.425886
v 0.908848 -0.101495 -0.405940
v 0.735016 -0.497463 -0.361398
v -0.767744 -0.474590 0.429041
v -0.726713 -0.442275 0.432599
v -0.754214 -0.112094 0.434629
v -0.725530 -0.148461 0.428422
v -0.711501 -0.202191 0.440024
v -0.742476 -0.094177 0.467373
v -0.720838 -0.143418 0.462963
v -0.716562 -0.094295 0.404377
v -0.707642 -0.145605 0.430888
v -0.709609 -0.489769 0.420983
v -0.695979 -0.108799 0.443735
v -0.622768 -0.512302 0.659534
v -0.687967 -0.125796 0.423110
v -0.571601 -0.127690 0.357568
v -0.540076 -0.109416 0.336414
v -0.543282 -0.125797 0.360967
v -0.789292 -0.514296 0.387462
v -0.805148 -0.514070 0.416610
v -0.753202 -0.493668 0.409710
v -0.776145 -0.494020 0.298693
v -0.749443 -0.501665 0.476370
v -0.771917 -0.499347 0.240706
v -0.707649 -0.494812 0.193975
v -0.727035 -0.475504 0.439191
v -0.708042 -0.500246 0.471797
v -0.752796 -0.447289 0.463777
v -0.709265 -0.463939 0.467920
v -0.513702 -0.519002 0.361121
v -0.705412 -0.493243 0.348220
v -0.705307 -0.502134 0.377405
v -0.751226 -0.408943 0.444565
v -0.717412 -0.394887 0.452296
v -0.730104 -0.500753 0.429721
v -0.657304 -0.494320 0.202936
v -0.697967 -0.500332 0.310012
v -0.695699 -0.472766 0.445279
v -0.672041 -0.497048 0.336980
v -0.672157 -0.499392 0.432952
v -0.681637 -0.501027 0.275838
v -0.661813 -0.489659 0.263150
v -0.619865 -0.502338 0.191835
v -0.650169 -0.496140 0.366411
v -0.654121 -0.492842 0.301979
v -0.628118 -0.492276 0.323004
v -0.568468 -0.512364 0.510026
v -0.596510 -0.453536 0.372263
v -0.665496 -0.493928 0.456360
v -0.613632 -0.502936 0.253016
v -0.585101 -0.494258 0.279482
v -0.688232 -0.453236 0.424960
v -0.588799 -0.497666 0.380447
v -0.580869 -0.451359 0.158180
v -0.496777 -0.515583 0.225125
v -0.507434 -0.500674 0.298412
v -0.530487 -0.480772 0.363993
v -0.526616 -0.498451 0.429196
v -0.557259 -0.496046 0.309004
v -0.587009 -0.501355 0.429985
v -0.528926 -0.423140 0.361919
v -0.535056 -0.483029 0.332574
v -0.543231 -0.455371 0.353921
v -0.539481 -0.372863 0.350205
v -0.503370 -0.481916 0.370485
v -0.485944 -0.501047 0.384126
v -0.509493 -0.499994 0.351140
v -0.564414 -0.487283 0.223741
v -0.506467 -0.412116 0.345287
v -0.373562 -0.512873 0.416237
v -0.437027 -0.518935 0.489337
v -0.511393 -0.478117 0.329261
v -0.477011 -0.501360 0.305949
v -0.471768 -0.439243 0.311980
v -0.425063 -0.501875 0.392803
v -0.410388 -0.438411 0.391410
v -0.453053 -0.372151 0.400211
v -0.426523 -0.466777 0.385519
v -0.616421 -0.501857 0.498263
v -0.502455 -0.496704 0.453094
v -0.577310 -0.458391 0.189055
v -0.479024 -0.502931 0.215410
v -0.483648 -0.515342 0.195385
v -0.539849 -0.493048 0.262097
v -0.562040 -0.517058 0.187640
v -0.445614 -0.517966 0.168649
v -0.494185 -0.486030 0.264958
v -0.391105 -0.518415 0.379630
v -0.435513 -0.514014 0.307975
v -0.461504 -0.444225 0.186413
v -0.485616 -0.442247 0.178342
v -0.441774 -0.494957 0.176195
v -0.431794 -0.444180 0.152845
v -0.474805 -0.499636 0.352760
v -0.409990 -0.490463 0.322226
v -0.462467 -0.486341 0.242326
v -0.415493 -0.499572 0.373078
v -0.381310 -0.445322 0.328089
v -0.405793 -0.468194 0.367056
v -0.384594 -0.498677 0.312690
v -0.383196 -0.495714 0.352049
v -0.389607 -0.420623 0.362946
v -0.399026 -0.453944 0.303624
v -0.398716 -0.405571 0.396728
v -0.380843 -0.465625 0.286052
v -0.365947 -0.501884 0.106398
v -0.373675 -0.492800 0.256304
v -0.352032 -0.410058 0.398419
v -0.352646 -0.501909 0.245358
v -0.424609 -0.514567 0.110978
v -0.424246 -0.492783 0.291938
v -0.330292 -0.495316 0.276824
v -0.367829 -0.393208 0.355687
v -0.336847 -0.408773 0.362006
v -0.355067 -0.437398 0.314395
v -0.338041 -0.493300 0.365453
v -0.369702 -0.491620 0.194968
v -0.315178 -0.481784 0.246792
v -0.276888 -0.489264 0.284627
v -0.290445 -0.422549 0.299414
v -0.297371 -0.490128 0.237337
v -0.279149 -0.495133 0.313996
v -0.295584 -0.484205 0.229765
v -0.264318 -0.484552 0.248580
v -0.261252 -0.490894 0.297507
v -0.278670 -0.438008 0.261234
v -0.222977 -0.500799 0.235941
v -0.490882 -0.515875 0.049704
v -0.263792 -0.499738 -0.042707
v -0.203749 -0.514504 0.125891
v -0.237382 -0.503309 0.109113
v -0.201608 -0.500874 0.092544
v -0.245813 -0.422978 0.099988
v -0.238730 -0.422400 0.124424
v -0.247900 -0.474933 0.100803
v -0.255154 -0.497114 0.208001
v -0.238697 -0.454796 0.104315
v -0.234836 -0.404322 0.133096
v -0.175986 -0.461072 0.088871
v -0.199061 -0.504347 0.147757
v -0.244619 -0.486764 0.155673
v -0.234091 -0.432145 0.176719
v -0.166852 -0.413089 0.143429
v -0.233022 -0.445905 0.164498
v -0.193816 -0.501017 0.212219
v -0.170925 -0.488603 0.143281
v -0.930479 -0.509606 0.344014
v -0.576508 -0.515944 0.159050
v -0.608684 -0.515974 0.175587
v -0.604768 -0.495540 0.173071
v -0.581577 -0.495169 0.132984
v -0.530668 -0.514574 0.081944
v -0.537442 -0.517789 0.135638
v -0.541525 -0.514451 -0.034059
v -0.540114 -0.503911 0.112825
v -0.525870 -0.461756 0.073467
v -0.530000 -0.447219 0.152363
v -0.509253 -0.466434 0.224364
v -0.544000 -0.397666 -0.017406
v -0.503655 -0.411633 0.130663
v -0.497807 -0.495763 -0.004300
v -0.522503 -0.422220 0.008861
v -0.500551 -0.391086 0.025996
v -0.477235 -0.442098 0.000526
v -0.490929 -0.342304 -0.001123
v -0.465511 -0.299457 0.005030
v -0.456447 -0.458481 -0.013988
v -0.533397 -0.495209 0.053608
v -0.430769 -0.491564 0.058658
v -0.457629 -0.328622 0.025313
v -0.492427 -0.318966 0.021010
v -0.439963 -0.416982 0.005644
v -0.445727 -0.377338 0.008980
v -0.434552 -0.492880 -0.012403
v -0.466734 -0.406662 0.091435
v -0.452431 -0.278979 -0.031185
v -0.438112 -0.316553 0.014489
v -0.456478 -0.431191 0.055004
v -0.424806 -0.439989 0.100186
v -0.422637 -0.448925 -0.016878
v -0.406798 -0.336794 -0.004921
v -0.415644 -0.292687 -0.004053
v -0.421916 -0.501648 0.153813
v -0.228159 -0.516216 -0.021601
v -0.310853 -0.502162 0.070363
v -0.409801 -0.491600 -0.025330
v -0.622163 -0.512643 -0.207094
v -0.547000 -0.518030 -0.213963
v -0.546257 -0.514352 -0.096490
v -0.586865 -0.476815 -0.153732
v -0.526336 -0.520915 -0.191536
v -0.559075 -0.391310 -0.112812
v -0.586529 -0.410772 -0.133719
v -0.541272 -0.480780 -0.146616
v -0.555450 -0.411809 -0.143313
v -0.527363 -0.522826 -0.108005
v -0.582989 -0.357524 -0.129210
v -0.557947 -0.290756 -0.064426
v -0.553391 -0.490537 -0.078992
v -0.583119 -0.408179 -0.111855
v -0.553483 -0.352720 -0.056138
v -0.568927 -0.489323 -0.133771
v -0.553953 -0.499487 -0.163554
v -0.569885 -0.422799 -0.089323
v -0.564002 -0.341426 -0.079982
v -0.541986 -0.416467 -0.092759
v -0.523648 -0.270761 -0.061386
v -0.528366 -0.383571 -0.041965
v -0.515918 -0.330345 -0.001297
v -0.525862 -0.360152 -0.026292
v -0.541159 -0.404748 -0.034625
v -0.500515 -0.517648 -0.092686
v -0.524378 -0.429833 -0.040937
v -0.495530 -0.520841 -0.179374
v -0.500861 -0.282233 -0.018821
v -0.484526 -0.277425 -0.056170
v -0.488933 -0.519450 -0.130755
v -0.511193 -0.261389 -0.109097
v -0.449369 -0.516667 -0.074444
v -0.494653 -0.520984 -0.233132
v -0.440754 -0.263932 -0.097716
v -0.489660 -0.269605 -0.228336
v -0.421944 -0.405839 -0.179506
v -0.427680 -0.489178 -0.202547
v -0.448780 -0.259507 -0.285128
v -0.408337 -0.498518 -0.166864
v -0.439261 -0.497635 -0.177777
v -0.413139 -0.423286 -0.149092
v -0.425084 -0.372892 -0.006635
v -0.403821 -0.425439 -0.018535
v -0.415549 -0.501656 -0.124578
v -0.396551 -0.471222 -0.089458
v -0.396825 -0.290371 -0.120077
v -0.411250 -0.348609 -0.215831
v -0.425572 -0.274987 -0.160178
v -0.422481 -0.282106 -0.202633
v -0.401959 -0.364878 -0.141618
v -0.397530 -0.411157 -0.113547
v -0.410918 -0.262984 -0.277824
v -0.403317 -0.384713 -0.267007
v -0.368284 -0.513926 -0.051735
v -0.386803 -0.335163 -0.041438
v -0.410608 -0.287922 -0.042071
v -0.388591 -0.436259 -0.063537
v -0.398065 -0.343638 -0.058399
v -0.400504 -0.494080 -0.061438
v -0.409766 -0.272698 -0.080485
v -0.365817 -0.494006 -0.141086
v -0.388043 -0.372831 -0.070425
v -0.342271 -0.499579 -0.088365
v -0.380101 -0.296034 -0.066919
v -0.526782 -0.290317 -0.035373
v -0.543379 -0.264743 -0.177423
v -0.447408 -0.516401 -0.207747
v -0.441154 -0.276982 -0.238979
v -0.346588 -0.500877 -0.178594
v -0.299378 -0.490484 -0.080105
v -0.287647 -0.500827 -0.118210
v -0.311162 -0.490395 -0.150119
v -0.240602 -0.496617 -0.072822
v -0.264571 -0.500682 -0.128068
v -0.276763 -0.501762 -0.240098
v -0.228747 -0.512892 -0.062765
v -0.244569 -0.464356 -0.118153
v -0.220843 -0.426453 -0.114655
v -0.201753 -0.480940 -0.113945
v -0.217714 -0.408833 -0.180943
v -0.249213 -0.433936 -0.141029
v -0.226115 -0.446674 -0.082163
v -0.236401 -0.463674 -0.203917
v -0.179328 -0.410112 -0.130647
v -0.200883 -0.427333 -0.080480
v -0.256559 -0.489684 -0.007991
v -0.211466 -0.500448 -0.089086
v -0.172877 -0.452769 -0.114409
v -0.199016 -0.493278 -0.199528
v -0.168896 -0.464888 -0.100951
v -0.182575 -0.493470 -0.127778
v -0.156158 -0.449619 -0.181376
v -0.178152 -0.423151 -0.201758
v -0.232215 -0.498217 -0.173256
v -0.464293 -0.497598 -0.265513
v -0.355986 -0.516565 -0.235019
v -0.423781 -0.497703 -0.285305
v -0.395477 -0.499509 -0.341572
v -0.387985 -0.495307 -0.287110
v -0.408007 -0.439472 -0.274877
v -0.371106 -0.407233 -0.197344
v -0.418388 -0.516232 -0.375724
v -0.348258 -0.516546 -0.317309
v -0.372491 -0.397976 -0.246184
v -0.448512 -0.515764 -0.169649
v -0.356012 -0.501088 -0.264068
v -0.415138 -0.426402 -0.204414
v -0.385823 -0.280009 -0.283962
v -0.414505 -0.496777 -0.254316
v -0.365770 -0.497937 -0.311102
v -0.414603 -0.408002 -0.252616
v -0.409253 -0.267634 -0.311299
v -0.358317 -0.261943 -0.329544
v -0.327038 -0.517189 -0.377585
v -0.359779 -0.493756 -0.331215
v -0.360792 -0.517131 -0.411558
v -0.357791 -0.322770 -0.289680
v -0.354163 -0.446127 -0.291829
v -0.338813 -0.320569 -0.303136
v -0.341658 -0.427139 -0.243526
v -0.346809 -0.377531 -0.280082
v -0.312780 -0.514612 -0.353682
v -0.328107 -0.403930 -0.290469
v -0.336320 -0.284106 -0.322197
v -0.356722 -0.269707 -0.280665
v -0.332747 -0.498998 -0.223393
v -0.344257 -0.264213 -0.362383
v -0.331252 -0.260905 -0.302977
v -0.317417 -0.276513 -0.323566
v -0.333551 -0.300411 -0.403789
v -0.317733 -0.271442 -0.378713
v -0.318108 -0.304635 -0.280109
v -0.322153 -0.501966 -0.320391
v -0.324403 -0.254690 -0.338029
v -0.311235 -0.352491 -0.334215
v -0.317157 -0.322946 -0.395510
v -0.340461 -0.500144 -0.356506
v -0.229573 -0.519836 -0.320574
v -0.305033 -0.391177 -0.322963
v -0.241630 -0.498258 -0.260644
v -0.314365 -0.431111 -0.345807
v -0.305456 -0.297013 -0.346531
v -0.672490 -0.513102 -0.237149
v -0.637252 -0.455189 -0.424449
v -0.622860 -0.496559 -0.289511
v -0.638817 -0.500619 -0.351797
v -0.590844 -0.498097 -0.261850
v -0.751876 -0.512317 -0.517662
v -0.586262 -0.489181 -0.306663
v -0.585493 -0.483880 -0.183536
v -0.632915 -0.500364 -0.205820
v -0.613219 -0.331269 -0.247594
v -0.604769 -0.404305 -0.218014
v -0.604918 -0.437133 -0.219320
v -0.605546 -0.279168 -0.174994
v -0.620683 -0.342355 -0.164966
v -0.608593 -0.429248 -0.173721
v -0.567707 -0.520372 -0.278868
v -0.598673 -0.400533 -0.265749
v -0.607402 -0.298593 -0.134736
v -0.584314 -0.490621 -0.348049
v -0.612648 -0.292926 -0.222513
v -0.578361 -0.287402 -0.128224
v -0.602780 -0.501942 -0.210784
v -0.579075 -0.308864 -0.289753
v -0.557914 -0.501457 -0.388106
v -0.568819 -0.358794 -0.281143
v -0.595307 -0.351542 -0.273505
v -0.549355 -0.426463 -0.316925
v -0.588579 -0.402318 -0.312042
v -0.543335 -0.491774 -0.343170
v -0.575902 -0.423879 -0.281354
v -0.522085 -0.514481 -0.264299
v -0.570090 -0.446412 -0.174641
v -0.483754 -0.514433 -0.286538
v -0.450656 -0.517275 -0.305636
v -0.568754 -0.127542 -0.400820
v -0.500981 -0.456744 -0.379027
v -0.565532 -0.274878 -0.223291
v -0.549316 -0.266703 -0.256567
v -0.589168 -0.271225 -0.269184
v -0.531276 -0.274113 -0.311118
v -0.541912 -0.332654 -0.299529
v -0.647412 -0.510209 -0.600670
v -0.483476 -0.499568 -0.491502
v -0.496915 -0.478139 -0.360984
v -0.528427 -0.392506 -0.311915
v -0.522070 -0.490685 -0.316910
v -0.493499 -0.442919 -0.327561
v -0.480083 -0.272967 -0.191097
v -0.517514 -0.292721 -0.316093
v -0.484960 -0.342871 -0.321273
v -0.487802 -0.263291 -0.292771
v -0.511766 -0.203377 -0.370107
v -0.511251 -0.343450 -0.325802
v -0.506030 -0.377121 -0.375444
v -0.494956 -0.289344 -0.374281
v -0.504526 -0.515167 -0.315254
v -0.487245 -0.355732 -0.341736
v -0.493021 -0.377249 -0.301187
v -0.469764 -0.465728 -0.338917
v -0.476022 -0.273203 -0.336658
v -0.478962 -0.305474 -0.352690
v -0.509530 -0.109447 -0.370029
v -0.455059 -0.130442 -0.354136
v -0.493948 -0.486201 -0.321368
v -0.433485 -0.486796 -0.343520
v -0.428284 -0.501472 -0.359974
v -0.456707 -0.329239 -0.393588
v -0.462349 -0.388287 -0.390047
v -0.447855 -0.451872 -0.357929
v -0.434694 -0.298041 -0.354762
v -0.425019 -0.501211 -0.529872
v -0.454523 -0.421667 -0.403864
v -0.431687 -0.328397 -0.368280
v -0.378771 -0.504149 -0.509526
v -0.438171 -0.322145 -0.401136
v -0.435058 -0.357533 -0.404149
v -0.417390 -0.289021 -0.433054
v -0.435044 -0.263732 -0.343667
v -0.387176 -0.129771 -0.326742
v -0.416117 -0.107905 -0.350838
v -0.437457 -0.377100 -0.417886
v -0.397902 -0.501885 -0.411273
v -0.442523 -0.500131 -0.431052
v -0.404000 -0.427289 -0.430780
v -0.418345 -0.448420 -0.439469
v -0.413961 -0.393398 -0.402873
v -0.406382 -0.317128 -0.400924
v -0.383875 -0.520605 -0.361576
v -0.419838 -0.302925 -0.390694
v -0.388474 -0.372310 -0.398430
v -0.385659 -0.322309 -0.428320
v -0.405902 -0.372366 -0.432755
v -0.390221 -0.349187 -0.376810
v -0.364425 -0.325395 -0.374174
v -0.356887 -0.293562 -0.383589
v -0.362820 -0.304360 -0.439030
v -0.362376 -0.332288 -0.400511
v -0.369037 -0.369075 -0.374650
v -0.376851 -0.268461 -0.360334
v -0.319674 -0.126470 -0.318503
v -0.457514 -0.260728 -0.371807
v -0.765995 -0.496560 -0.446318
v -0.758265 -0.490000 -0.468743
v -0.791843 -0.498931 -0.391805
v -0.747945 -0.501556 -0.398072
v -0.775755 -0.095787 -0.433510
v -0.735067 -0.400945 -0.443299
v -0.743931 -0.421712 -0.465095
v -0.753484 -0.092687 -0.491215
v -0.731740 -0.496070 -0.523346
v -0.727031 -0.137592 -0.470470
v -0.749525 -0.155959 -0.455338
v -0.732733 -0.462402 -0.473343
v -0.736349 -0.145639 -0.426782
v -0.723856 -0.114252 -0.432780
v -0.730373 -0.486923 -0.480832
v -0.735779 -0.463913 -0.426914
v -0.700348 -0.110535 -0.455037
v -0.731276 -0.202476 -0.443415
v -0.649622 -0.501657 -0.548747
v -0.725898 -0.250378 -0.466932
v -0.703773 -0.385132 -0.446130
v -0.719379 -0.293422 -0.440258
v -0.714956 -0.502331 -0.427102
v -0.711749 -0.474872 -0.438210
v -0.702404 -0.488492 -0.455658
v -0.604695 -0.500948 -0.447273
v -0.676152 -0.489091 -0.361673
v -0.693854 -0.502430 -0.462427
v -0.674862 -0.202902 -0.442278
v -0.635954 -0.209527 -0.424964
v -0.515886 -0.517935 -0.689753
v -0.660992 -0.127426 -0.435739
v -0.633604 -0.127039 -0.422802
v -0.930519 -0.505093 -0.246048
v -0.930144 -0.504959 -0.950130
v -0.744652 -0.500110 -0.312103
v -0.190894 -0.514485 0.031052
v 0.178169 -0.514383 -0.454451
v 0.183543 -0.514945 -0.318089
v 0.209623 -0.424178 -0.204947
v 0.236022 -0.501801 -0.287854
v 0.162695 -0.467114 -0.142032
v 0.169161 -0.439008 -0.205737
v 0.172061 -0.443534 -0.331899
v 0.211574 -0.426460 -0.326856
v 0.183726 -0.412536 -0.217773
v 0.171322 -0.485091 -0.216591
v 0.199040 -0.482725 -0.314826
v 0.239383 -0.452933 -0.217897
v 0.229069 -0.455383 -0.203861
v 0.199607 -0.487267 -0.139152
v 0.280486 -0.495084 -0.332765
v 0.250086 -0.462435 -0.175403
v 0.205257 -0.414768 -0.139410
v 0.387210 -0.516025 -0.224342
v 0.254110 -0.512831 -0.251939
v 0.093947 -0.408552 -0.635365
v 0.276214 -0.499401 -0.603698
v 0.160459 -0.466334 -0.446223
v 0.152383 -0.441190 -0.363095
v 0.167265 -0.414933 -0.419623
v 0.205707 -0.402504 -0.428218
v 0.172644 -0.458423 -0.360016
v 0.189489 -0.422462 -0.359901
v 0.206168 -0.478782 -0.360618
v 0.248231 -0.434535 -0.391027
v 0.172609 -0.501889 -0.361610
v 0.229892 -0.436735 -0.364889
v 0.207981 -0.498690 -0.383912
v 0.211580 -0.499032 -0.319027
v 0.237363 -0.482972 -0.396831
v 0.291176 -0.494330 -0.430174
v 0.223989 -0.480111 -0.350162
v 0.236053 -0.428379 -0.448043
v 0.215567 -0.410850 -0.353686
v 0.323139 -0.486963 -0.350126
v 0.249615 -0.462654 -0.433676
v 0.261805 -0.442679 -0.466383
v 0.325214 -0.477386 -0.372865
v 0.272979 -0.404458 -0.484603
v 0.289532 -0.321600 -0.424721
v 0.269408 -0.429334 -0.499172
v 0.289253 -0.482336 -0.527778
v 0.250701 -0.485149 -0.476725
v 0.262365 -0.322914 -0.440040
v 0.265819 -0.416781 -0.431723
v 0.303583 -0.386168 -0.418518
v 0.281319 -0.476303 -0.437464
v 0.280384 -0.315399 -0.475053
v 0.280185 -0.332119 -0.503550
v 0.331325 -0.488097 -0.482422
v 0.360139 -0.490501 -0.375308
v 0.324265 -0.317527 -0.419109
v 0.305601 -0.344290 -0.480609
v 0.331899 -0.374355 -0.468101
v 0.338744 -0.386721 -0.412290
v 0.343336 -0.476159 -0.435600
v 0.346163 -0.488897 -0.438295
v 0.401076 -0.485196 -0.355987
v 0.381425 -0.467468 -0.414445
v 0.363817 -0.361941 -0.415527
v 0.414613 -0.490120 -0.457603
v 0.394239 -0.320013 -0.417639
v 0.393811 -0.303347 -0.452333
v 0.439417 -0.492827 -0.306225
v 0.488726 -0.502571 -0.364158
v 0.264633 -0.375677 -0.472934
v 0.287771 -0.388761 -0.522074
v 0.349995 -0.323100 -0.418776
v 0.318407 -0.438533 -0.471703
v 0.328751 -0.475338 -0.496576
v 0.309363 -0.310415 -0.471133
v 0.362995 -0.301410 -0.496566
v 0.347718 -0.474411 -0.481969
v 0.398243 -0.489345 -0.495665
v 0.391860 -0.454094 -0.610843
v 0.409159 -0.303340 -0.537883
v 0.402085 -0.298194 -0.493442
v 0.390059 -0.417862 -0.410470
v 0.417510 -0.300281 -0.587089
v 0.449057 -0.300426 -0.486822
v 0.442307 -0.400621 -0.423791
v 0.397155 -0.327014 -0.622783
v 0.413759 -0.320173 -0.424435
v 0.436028 -0.305396 -0.612230
v 0.448295 -0.290561 -0.549676
v 0.387790 -0.489567 -0.400079
v 0.430717 -0.399143 -0.658274
v 0.460481 -0.406337 -0.660894
v 0.459803 -0.292941 -0.629193
v 0.453074 -0.313322 -0.435967
v 0.491710 -0.300959 -0.580495
v 0.464300 -0.294435 -0.521938
v 0.491586 -0.299668 -0.635698
v 0.464470 -0.309773 -0.477391
v 0.474629 -0.471597 -0.438540
v 0.487474 -0.412225 -0.472342
v 0.489539 -0.478411 -0.482140
v 0.462600 -0.374467 -0.436350
v 0.480775 -0.436303 -0.487011
v 0.508566 -0.402869 -0.496370
v 0.500453 -0.335601 -0.471874
v 0.512246 -0.342497 -0.516259
v 0.524976 -0.312027 -0.550104
v 0.480324 -0.387537 -0.490493
v 0.522076 -0.302795 -0.600025
v 0.495617 -0.312347 -0.493213
v 0.526054 -0.386314 -0.573647
v 0.445087 -0.480739 -0.384262
v 0.523838 -0.066537 -0.448029
v 0.540276 -0.086415 -0.401189
v 0.531475 -0.484492 -0.398469
v 0.538543 -0.445874 -0.410790
v 0.545213 -0.087543 -0.430552
v 0.564641 -0.400571 -0.444301
v 0.530251 -0.484763 -0.441114
v 0.254131 -0.513658 -0.733849
v 0.419778 -0.516808 -0.684988
v 0.452232 -0.518685 -0.631204
v 0.413815 -0.497305 -0.544471
v 0.403038 -0.397266 -0.637237
v 0.488605 -0.516599 -0.656663
v 0.425088 -0.479163 -0.644825
v 0.456043 -0.504014 -0.530059
v 0.467303 -0.507486 -0.570795
v 0.429853 -0.302324 -0.663225
v 0.466727 -0.489872 -0.657345
v 0.491997 -0.404660 -0.664646
v 0.513703 -0.434264 -0.648781
v 0.523134 -0.503552 -0.518828
v 0.477378 -0.492759 -0.471156
v 0.515001 -0.489787 -0.624137
v 0.563934 -0.512500 -0.635912
v 0.517950 -0.354327 -0.629725
v 0.523975 -0.404785 -0.617595
v 0.619844 -0.512053 -0.570414
v 0.533811 -0.502422 -0.428587
v 0.508224 -0.485992 -0.562744
v 0.558549 -0.500801 -0.598379
v 0.518890 -0.474573 -0.511257
v 0.648784 -0.503896 -0.557151
v 0.559054 -0.504451 -0.400261
v 0.605975 -0.490761 -0.442677
v 0.631258 -0.498977 -0.638554
v 0.685687 -0.512855 -0.631192
v 0.656455 -0.500946 -0.498299
v 0.895718 -0.504594 -0.950123
v 0.676461 -0.515097 -0.524891
v 0.720843 -0.500286 -0.588843
v 0.700955 -0.502383 -0.644500
v 0.747688 -0.489521 -0.558168
v 0.757536 -0.502167 -0.597421
v 0.401060 -0.495447 -0.683712
v 0.083010 -0.335819 -0.789156
v 0.036777 -0.400010 -0.719092
v 0.126315 -0.398199 -0.677685
v 0.114622 -0.337853 -0.827642
v 0.120574 -0.355247 -0.757332
v 0.075809 -0.351427 -0.663382
v 0.121223 -0.350369 -0.722960
v 0.153355 -0.448852 -0.702189
v 0.177129 -0.412076 -0.701393
v 0.184687 -0.413435 -0.761257
v 0.169580 -0.479508 -0.681220
v 0.212870 -0.494336 -0.758656
v 0.231258 -0.495508 -0.703606
v 0.153562 -0.445813 -0.742795
v 0.230006 -0.423980 -0.762883
v 0.195731 -0.512524 -0.738844
v 0.237525 -0.482235 -0.741686
v 0.322798 -0.504224 -0.679906
v 0.229965 -0.493684 -0.675089
v 0.238021 -0.433758 -0.683170
v 0.259777 -0.512472 -0.651517
v 0.324320 -0.513364 -0.619472
v 0.301380 -0.495366 -0.529173
v 0.305679 -0.482142 -0.565699
v 0.330892 -0.516302 -0.692622
v 0.304758 -0.427855 -0.559681
v 0.279160 -0.318199 -0.533988
v 0.287641 -0.370787 -0.541702
v 0.314315 -0.294835 -0.534899
v 0.334258 -0.371341 -0.589652
v 0.343443 -0.488341 -0.589199
v 0.351815 -0.497639 -0.651624
v 0.350511 -0.413483 -0.607899
v 0.298230 -0.311800 -0.550595
v 0.349262 -0.322205 -0.561894
v 0.537067 -0.500030 -0.719464
v 0.372406 -0.322290 -0.615597
v 0.395415 -0.483766 -0.599124
v 0.113015 -0.393954 -0.745554
v -0.278125 -0.515814 -0.406742
v -0.275248 -0.502095 -0.409377
v -0.348800 -0.287785 -0.410828
v -0.335806 -0.349625 -0.412294
v -0.366596 -0.369651 -0.431906
v -0.348330 -0.409050 -0.420485
v -0.344416 -0.486694 -0.406351
v -0.314718 -0.398362 -0.395409
v -0.320847 -0.366143 -0.367698
v -0.280870 -0.407379 -0.366919
v -0.284616 -0.408107 -0.400428
v -0.298765 -0.497972 -0.343484
v -0.228168 -0.499798 -0.306582
v -0.223533 -0.496408 -0.364554
v -0.245886 -0.446807 -0.332105
v -0.230521 -0.419787 -0.447694
v -0.250631 -0.448009 -0.429219
v 0.197299 -0.518580 -0.629993
v -0.210499 -0.494447 -0.445244
v -0.200920 -0.497353 -0.259769
v -0.208011 -0.486678 -0.309117
v -0.188276 -0.461263 -0.324748
v -0.233570 -0.414791 -0.331014
v -0.223622 -0.436535 -0.306731
v -0.230931 -0.466084 -0.367937
v -0.182436 -0.406414 -0.365989
v -0.213224 -0.489863 -0.349795
v -0.272153 -0.512267 -0.225267
v -0.190786 -0.422388 -0.360583
v -0.158058 -0.433482 -0.357711
v -0.166058 -0.489415 -0.349011
v -0.196977 -0.481142 -0.363032
v -0.249914 -0.502115 -0.446729
v -0.177553 -0.409031 -0.427234
v -0.155193 -0.460478 -0.427498
v -0.473620 -0.520705 -0.746525
v -0.477847 -0.492343 -0.655829
v -0.580417 0.116107 -0.693159
v -0.535988 0.037136 -0.688372
v -0.499090 -0.050667 -0.666124
v -0.478961 -0.497738 -0.763726
v -0.480321 -0.515940 -0.659276
v -0.424333 -0.512080 -0.441243
v -0.508680 -0.443428 -0.691002
v -0.477115 -0.520198 -0.671732
v -0.474329 -0.427388 -0.756142
v -0.468468 -0.420042 -0.693337
v -0.435284 -0.517176 -0.657146
v -0.548093 -0.111680 -0.749685
v -0.439766 -0.412225 -0.701942
v -0.451866 -0.502321 -0.525573
v -0.449026 -0.501622 -0.572913
v -0.427329 -0.517567 -0.556201
v -0.471099 -0.428619 -0.553167
v -0.417126 -0.521016 -0.679843
v -0.450757 -0.427294 -0.577566
v -0.437555 -0.177264 -0.736139
v -0.473021 -0.109941 -0.715534
v -0.449037 -0.187431 -0.715200
v -0.377159 -0.501317 -0.693330
v -0.412739 -0.125260 -0.701789
v -0.399656 -0.414640 -0.705175
v -0.420943 -0.444473 -0.547018
v -0.432084 -0.430454 -0.526166
v -0.414070 -0.159011 -0.737078
v -0.389468 -0.116765 -0.696455
v -0.459123 -0.453678 -0.662714
v -0.352755 -0.431443 -0.530466
v -0.370868 -0.422885 -0.700332
v -0.367980 -0.517422 -0.701584
v -0.339515 -0.514681 -0.557889
v -0.343320 -0.436979 -0.563249
v -0.382619 -0.501020 -0.573316
v -0.339747 -0.492555 -0.573526
v -0.359340 -0.502135 -0.541113
v -0.328331 -0.424222 -0.535604
v -0.321341 -0.417005 -0.557189
v -0.353865 -0.485406 -0.684000
v -0.339211 -0.482318 -0.519126
v -0.200346 -0.514561 -0.666197
v -0.322604 -0.500027 -0.703101
v -0.519753 -0.502012 -0.694457
v -0.446616 -0.492171 -0.791693
v -0.491719 -0.504700 -0.950249
v -0.419923 -0.494370 -0.799602
v -0.434695 -0.515451 -0.787168
v -0.442755 -0.440672 -0.783625
v -0.424378 -0.421955 -0.772060
v -0.382711 -0.499795 -0.774140
v -0.388560 -0.436622 -0.773962
v -0.342625 -0.514432 -0.753984
v -0.324592 -0.436703 -0.755277
v -0.381387 -0.521200 -0.757978
v -0.183728 -0.512812 -0.750940
v -0.315054 -0.500954 -0.752152
v -0.325463 -0.427097 -0.705253
v -0.200686 -0.501351 -0.672977
v -0.201868 -0.500566 -0.733957
v -0.228868 -0.457448 -0.754176
v -0.223233 -0.501559 -0.770711
v -0.192546 -0.502219 -0.778963
v -0.151995 -0.503133 -0.648006
v -0.205954 -0.423128 -0.781693
v -0.190409 -0.459201 -0.782751
v -0.199083 -0.442359 -0.741585
v -0.168082 -0.412621 -0.693478
v -0.184595 -0.458845 -0.702532
v -0.144075 -0.414580 -0.736734
v -0.134945 -0.445045 -0.797350
v -0.176461 -0.415839 -0.804986
v -0.146667 -0.391925 -0.793177
v -0.168864 -0.448189 -0.705574
v -0.155045 -0.480661 -0.710623
v -0.174578 -0.462755 -0.617448
v -0.160181 -0.395914 -0.750063
v -0.114338 -0.473790 -0.705139
v -0.170597 -0.500506 -0.691606
v -0.140313 -0.486316 -0.618636
v -0.084148 -0.487949 -0.713562
v -0.118499 -0.384805 -0.800828
v -0.099567 -0.463096 -0.623303
v -0.149252 -0.408268 -0.644715
v -0.152667 -0.426514 -0.710959
v -0.124413 -0.463445 -0.844955
v -0.133414 -0.388690 -0.816804
v -0.108752 -0.418276 -0.644231
v -0.130449 -0.458286 -0.751307
v -0.091804 -0.444887 -0.693511
v -0.118492 -0.416494 -0.713171
v -0.050210 -0.428964 -0.771593
v -0.111013 -0.377540 -0.763855
v -0.121795 -0.501495 -0.672031
v 0.036482 -0.401019 -0.824671
v -0.070686 -0.504448 -0.698463
v -0.072690 -0.359405 -0.795114
v -0.025778 -0.504688 -0.950273
v 0.040525 -0.344702 -0.743816
v 0.046151 -0.342697 -0.793345
v 0.022046 -0.430904 -0.670541
v 0.063356 -0.401382 -0.639900
v 0.025026 -0.364444 -0.861957
v 0.047912 -0.332951 -0.828383
v 0.034681 -0.395078 -0.775057
v 0.079181 -0.416775 -0.882895
v 0.041348 -0.351875 -0.672718
v 0.027171 -0.391272 -0.875167
v 0.084473 -0.369659 -0.882486
v 0.108045 -0.387159 -0.871872
v 0.132678 -0.400007 -0.815359
vn -0.7166 0.0054 -0.6974
vn -0.0182 -0.9998 -0.0058
vn -0.9985 0.0083 -0.0533
vn -0.1233 0.9918 0.0333
vn -0.0087 -1.0000 -0.0027
vn -0.0320 -0.9995 -0.0074
vn -0.0225 -0.9997 -0.0097
vn -0.0196 -0.9998 0.0004
vn -0.0209 -0.9998 -0.0014
vn -0.0111 -0.9999 0.0011
vn -0.1051 0.9938 -0.0359
vn -0.0224 0.9997 -0.0005
vn -0.6928 0.7211 -0.0122
vn -0.0112 0.9999 0.0032
vn 0.1220 0.9925 -0.0045
vn -0.0018 0.9997 0.0239
vn -0.0400 0.9984 0.0395
vn 0.0269 -0.9992 -0.0307
vn -0.0136 0.9998 -0.0165
vn -0.0347 0.9992 0.0204
vn 0.0269 0.9974 -0.0667
vn 0.0025 0.9595 0.2816
vn -0.0677 0.9353 0.3473
vn -0.0578 0.9542 0.2936
vn 0.0620 0.9979 0.0165
vn 0.0242 0.9996 -0.0119
vn 0.0704 0.9946 0.0766
vn -0.6265 0.0097 -0.7794
vn -0.1858 -0.0143 0.9825
vn -0.1076 -0.0462 0.9931
vn -0.2597 0.1498 0.9540
vn 0.2370 -0.0580 0.9698
vn -0.8740 -0.1508 -0.4620
vn 0.2334 -0.1914 -0.9534
vn -0.7179 0.0161 0.6959
vn 0.2064 -0.0359 -0.9778
vn 0.0766 0.0125 -0.9970
vn -0.9481 0.1833 0.2597
vn -0.6620 -0.0298 0.7489
vn -0.9992 0.0261 -0.0295
vn -0.8960 -0.2601 -0.3598
vn -0.0874 0.9642 0.2503
vn -0.0296 0.9994 0.0164
vn -0.1502 0.2820 0.9476
vn -0.6034 0.1428 0.7846
vn -0.2465 0.3061 0.9195
vn 0.5611 -0.7508 0.3486
vn -0.7376 0.6728 -0.0574
vn -0.6699 0.1941 0.7167
vn -0.9782 0.0526 0.2007
vn -0.9480 0.0311 -0.3168
vn -0.9447 -0.0072 -0.3278
vn -0.9378 0.1519 -0.3121
vn 0.0204 0.9485 0.3160
vn -0.5209 -0.2728 -0.8088
vn 0.5477 -0.0192 0.8364
vn -0.8969 0.2467 -0.3670
vn -0.0274 0.9977 0.0615
vn -0.0521 0.9964 0.0674
vn 0.6131 -0.0038 -0.7900
vn 0.5622 -0.0026 -0.8270
vn 0.5433 0.0057 -0.8395
vn 0.0625 0.9754 -0.2115
vn 0.9106 -0.0205 -0.4127
vn 0.9030 0.0322 -0.4283
vn 0.9106 -0.0205 -0.4128
vn 0.7448 0.5861 0.3189
vn 0.1780 0.7427 -0.6455
vn 0.2596 0.7582 -0.5981
vn 0.2340 0.7633 -0.6022
vn -0.9803 0.0130 0.1971
vn -0.8876 0.1223 0.4441
vn 0.1121 -0.8432 -0.5257
vn -0.0665 0.9888 0.1337
vn 0.7294 -0.6832 0.0339
vn 0.7294 -0.6833 0.0340
vn 0.7360 -0.6765 0.0263
vn -0.9265 0.0438 0.3737
vn -0.9264 0.0298 0.3753
vn -0.9192 0.0121 0.3936
vn 0.4506 0.0109 0.8927
vn 0.1534 0.3954 -0.9056
vn 0.8787 -0.3996 -0.2610
vn 0.5809 -0.0417 0.8129
vn -0.1196 -0.0546 -0.9913
vn 0.0465 0.1696 0.9844
vn 0.7196 -0.6929 0.0453
vn 0.0163 0.9994 0.0290
vn 0.2799 -0.0084 0.9600
vn 0.3035 -0.3594 0.8825
vn 0.4756 0.0342 0.8790
vn 0.3814 0.0245 0.9241
vn 0.6178 -0.2425 0.7480
vn 0.0003 1.0000 0.0069
vn 0.5113 -0.1213 0.8508
vn 0.1327 0.0557 0.9896
vn 0.1442 0.0684 0.9872
vn -0.5470 0.0634 0.8347
vn -0.9075 0.3584 0.2193
vn -0.3517 -0.5674 -0.7445
vn -0.1176 -0.7903 0.6013
vn -0.2967 -0.8724 -0.3885
vn 0.9417 -0.0018 -0.3366
vn 0.4083 -0.2305 0.8833
vn -0.0066 0.2252 0.9743
vn -0.0127 -0.9999 -0.0050
vn -0.0045 -0.9999 0.0119
vn 0.3469 0.7759 -0.5269
vn 0.4713 0.1740 0.8647
vn 0.6153 -0.0202 0.7881
vn 0.2191 -0.0381 0.9750
vn 0.2102 -0.9350 -0.2856
vn 0.0792 -0.9535 -0.2908
vn 0.4505 0.0311 0.8922
vn 0.0780 0.8186 -0.5690
vn -0.8927 0.0514 -0.4477
vn -0.6130 0.1038 -0.7832
vn -0.2370 0.0040 -0.9715
vn 0.4211 0.2239 0.8789
vn -0.0229 -0.2419 0.9700
vn -0.1225 -0.2767 0.9531
vn 0.1562 -0.0987 0.9828
vn 0.6427 -0.1536 0.7506
vn 0.5660 -0.1815 0.8042
vn 0.5351 -0.0519 0.8432
vn 0.1686 0.8250 -0.5394
vn -0.5793 -0.0093 -0.8151
vn 0.0419 0.9971 -0.0635
vn -0.1134 0.9116 0.3952
vn -0.0761 -0.8192 0.5684
vn -0.9949 -0.0751 -0.0677
vn 0.6909 -0.1857 0.6987
vn -0.4248 -0.2143 0.8796
vn -0.1460 0.3325 -0.9317
vn -0.6335 0.0866 -0.7689
vn -0.7637 -0.0562 -0.6431
vn 0.9435 -0.0905 -0.3187
vn 0.6511 0.2783 -0.7061
vn -0.6813 0.6432 0.3495
vn -0.5387 0.8033 -0.2538
vn 0.1673 0.1346 -0.9767
vn 0.8973 0.3221 0.3018
vn -0.1923 -0.0592 -0.9796
vn -0.0223 -0.0377 -0.9990
vn 0.0161 0.9999 -0.0017
vn 0.7289 0.6312 -0.2650
vn 0.4694 0.6945 0.5453
vn 0.7129 0.6983 -0.0645
vn -0.0126 0.9956 0.0933
vn -0.0168 0.9998 0.0057
vn -0.7191 0.6162 -0.3210
vn -0.6291 0.6835 -0.3703
vn 0.6668 -0.7361 -0.1161
vn -0.2113 0.8188 0.5338
vn -0.5677 0.0338 0.8225
vn -0.7493 -0.4036 -0.5250
vn -0.6972 0.1433 -0.7024
vn -0.9095 -0.0334 -0.4144
vn -0.5153 0.7474 -0.4194
vn 0.2609 0.8896 -0.3749
vn 0.1965 0.0654 -0.9783
vn 0.0776 0.0564 -0.9954
vn -0.1919 0.7248 0.6617
vn -0.1950 0.7246 0.6610
vn -0.1892 0.7110 0.6773
vn -0.4505 -0.0036 -0.8928
vn 0.0122 -0.9353 0.3536
vn 0.5639 -0.5941 0.5736
vn 0.3036 -0.3594 0.8824
vn -0.6374 -0.0033 0.7705
vn -0.0821 -0.3052 0.9488
vn 0.6623 0.1221 0.7392
vn 0.5349 -0.0015 -0.8449
vn -0.9263 0.1251 0.3553
vn -0.9228 0.0038 -0.3853
vn 0.9169 -0.0505 0.3959
vn 0.9248 -0.0016 0.3806
vn 0.9154 0.0335 0.4011
vn 0.7587 0.6290 0.1695
vn -0.8394 0.3960 -0.3723
vn -0.0465 -0.8058 0.5904
vn -0.0642 -0.8033 0.5921
vn -0.0564 -0.8119 0.5811
vn -0.8642 0.1060 0.4919
vn 0.3275 0.9448 -0.0127
vn 0.7729 0.0164 0.6343
vn 0.9478 0.0250 0.3179
vn 0.8223 0.1550 0.5475
vn 0.6865 0.0121 0.7271
vn 0.8575 -0.0545 0.5116
vn -0.3525 -0.8730 0.3372
vn 0.8485 -0.1134 0.5169
vn 0.9397 -0.0132 -0.3418
vn 0.9138 0.0171 -0.4057
vn 0.9499 0.0036 -0.3127
vn 0.0651 -0.0481 -0.9967
vn -0.0090 0.9999 -0.0095
vn 0.0707 0.9960 0.0550
vn 0.8700 -0.1116 -0.4802
vn 0.0432 0.9699 -0.2398
vn 0.5639 -0.5942 0.5736
vn 0.7717 0.0422 0.6346
vn -0.2191 -0.9709 0.0965
vn -0.0114 -0.9993 0.0343
vn -0.0331 -0.9986 0.0410
vn 0.5079 -0.0277 0.8610
vn -0.1396 0.1875 -0.9723
vn -0.1001 0.9851 -0.1400
vn 0.0560 0.9957 -0.0736
vn -0.0218 -0.9998 0.0026
vn 0.4377 0.8983 -0.0379
vn 0.2662 0.9477 -0.1763
vn -0.1740 0.1809 0.9680
vn 0.9108 -0.1626 -0.3795
vn 0.8974 -0.1311 -0.4213
vn 0.8913 -0.1309 -0.4342
vn -0.2072 -0.9056 -0.3701
vn 0.2547 -0.0039 -0.9670
vn 0.8602 -0.4868 -0.1518
vn 0.1833 -0.0847 -0.9794
vn 0.0190 -0.1317 -0.9911
vn -0.2027 -0.9369 -0.2847
vn 0.1738 0.6438 0.7452
vn 0.5135 0.8432 0.1594
vn 0.3159 0.6179 0.7200
vn 0.0002 -0.9338 -0.3577
vn -0.0504 -0.9983 -0.0305
vn -0.0257 -0.9997 -0.0050
vn -0.0776 0.9960 -0.0435
vn -0.2483 0.9608 0.1232
vn -0.0432 0.9991 -0.0013
vn 0.4044 -0.0147 -0.9145
vn -0.0834 0.7634 -0.6406
vn -0.0495 -0.9987 0.0133
vn 0.1771 -0.9776 0.1141
vn 0.2039 -0.9646 0.1671
vn 0.1844 -0.9773 0.1042
vn 0.0058 0.9998 -0.0200
vn -0.3682 0.6422 -0.6723
vn -0.5445 0.8321 -0.1052
vn -0.2767 0.4560 0.8458
vn 0.0546 -0.9508 -0.3051
vn -0.0078 -0.9750 -0.2220
vn 0.0542 -0.9676 -0.2466
vn -0.5668 0.0245 -0.8235
vn -0.0545 0.9967 0.0609
vn -0.0955 0.9938 0.0564
vn -0.0691 0.9976 0.0089
vn -0.0113 0.9981 0.0611
vn 0.0064 0.7018 0.7124
vn -0.0298 0.9974 0.0650
vn -0.1080 -0.9942 0.0031
vn 0.0493 0.9988 -0.0024
vn -0.0173 0.9982 -0.0569
vn -0.0200 0.9991 -0.0362
vn 0.2668 -0.9635 0.0208
vn 0.1825 -0.9829 -0.0247
vn 0.1506 -0.9881 -0.0304
vn -0.0598 0.9976 -0.0336
vn 0.0424 -0.9964 -0.0739
vn 0.1172 -0.9919 0.0479
vn -0.0332 -0.9992 -0.0211
vn 0.0761 0.9905 0.1144
vn -0.0178 -0.9998 0.0101
vn -0.0007 -0.9974 0.0724
vn -0.0166 -0.9998 0.0064
vn 0.0308 -0.9968 -0.0731
vn -0.0031 -0.9999 -0.0127
vn 0.4433 0.8409 -0.3105
vn 0.0793 0.9964 -0.0300
vn -0.1713 -0.9049 0.3897
vn -0.5137 -0.5164 -0.6851
vn 0.0051 -0.9998 -0.0189
vn -0.0583 0.9601 -0.2734
vn 0.3819 0.5361 0.7528
vn 0.3831 0.5480 0.7436
vn 0.3644 0.6021 0.7104
vn -0.4937 0.1287 -0.8601
vn -0.4178 0.2887 -0.8615
vn -0.3613 0.3118 -0.8788
vn 0.4272 -0.0367 -0.9034
vn 0.0029 0.9998 -0.0206
vn -0.0893 0.9933 -0.0737
vn 0.0412 0.9775 0.2067
vn -0.3735 0.9115 -0.1722
vn 0.0072 0.9955 0.0942
vn -0.1569 0.9875 -0.0149
vn -0.0315 0.9982 -0.0512
vn 0.4553 -0.5921 0.6649
vn -0.5113 0.7813 -0.3581
vn -0.0238 0.9983 0.0530
vn -0.4156 0.8788 0.2345
vn 0.0201 0.9864 0.1632
vn 0.0016 0.9931 0.1173
vn -0.6969 0.2871 0.6571
vn -0.2038 -0.8217 0.5322
vn -0.2823 0.9471 -0.1525
vn -0.0399 0.0208 -0.9990
vn 0.2754 -0.4953 -0.8239
vn 0.0801 0.9878 0.1337
vn -0.2603 0.8395 -0.4769
vn -0.0646 -0.9931 0.0981
vn -0.0049 -0.9997 -0.0250
vn -0.0678 0.9962 -0.0542
vn -0.0605 0.9959 0.0666
vn 0.0669 0.9936 0.0905
vn -0.2647 0.5918 0.7614
vn -0.3143 0.7529 0.5782
vn -0.1924 0.5751 0.7952
vn -0.8687 0.3721 0.3270
vn -0.8346 0.4119 0.3659
vn -0.6937 0.6982 0.1771
vn -0.0300 0.9931 0.1131
vn -0.1475 0.9785 0.1438
vn -0.0040 -0.9959 -0.0907
vn -0.0276 -0.9994 -0.0224
vn -0.9551 0.0332 -0.2943
vn -0.9934 -0.0744 -0.0872
vn -0.8783 0.4575 -0.1388
vn -0.9804 -0.1854 -0.0668
vn -0.6434 0.7611 0.0826
vn -0.9952 0.0246 -0.0949
vn -0.7481 0.6105 0.2601
vn -0.9057 -0.3210 0.2770
vn 0.7884 0.1693 -0.5914
vn -0.0724 -0.9973 -0.0135
vn 0.0068 -0.9986 0.0529
vn -0.6168 0.0444 -0.7858
vn -0.9651 -0.0775 -0.2502
vn -0.7505 -0.1338 0.6472
vn -0.6647 -0.2081 0.7176
vn -0.0435 0.8452 -0.5327
vn -0.6607 0.7017 0.2666
vn 0.4867 0.1555 0.8596
vn 0.1774 -0.9832 0.0426
vn -0.6110 0.7179 -0.3337
vn -0.2191 0.0007 0.9757
vn -0.6449 0.7585 -0.0936
vn -0.9118 -0.3618 0.1942
vn -0.8701 0.0523 -0.4902
vn 0.1051 -0.9729 0.2058
vn 0.0922 -0.9668 0.2385
vn 0.0834 -0.9821 0.1687
vn -0.6022 0.0522 -0.7966
vn -0.8080 -0.2191 0.5469
vn -0.4573 0.8624 -0.2172
vn -0.3634 0.2161 0.9062
vn -0.9985 0.0205 -0.0508
vn -0.0820 0.7641 -0.6398
vn -0.1754 -0.8493 0.4980
vn -0.6679 -0.7305 0.1424
vn -0.5954 0.7488 0.2913
vn -0.0897 0.9941 -0.0604
vn -0.6790 0.7301 0.0774
vn -0.8689 -0.0674 -0.4904
vn -0.5266 0.7503 0.3996
vn -0.3827 0.8940 -0.2329
vn -0.0122 -0.9972 0.0734
vn 0.0420 0.9964 -0.0741
vn -0.1945 0.9795 0.0527
vn -0.8301 0.2881 -0.4775
vn -0.0276 -0.9986 -0.0460
vn -0.3264 -0.2253 -0.9180
vn -0.0668 0.5976 -0.7990
vn 0.3083 0.2555 -0.9163
vn -0.1814 0.9833 -0.0155
vn -0.1301 0.2883 -0.9487
vn -0.7845 -0.1762 0.5946
vn -0.8126 -0.2091 0.5440
vn -0.7382 -0.3377 0.5840
vn 0.0232 -0.9995 -0.0236
vn -0.1256 -0.9920 -0.0112
vn -0.2972 -0.7262 -0.6200
vn 0.9876 -0.0531 -0.1477
vn -0.0052 -0.9999 -0.0150
vn -0.0526 -0.9982 -0.0281
vn -0.0913 -0.0376 -0.9951
vn 0.8944 -0.0959 -0.4369
vn 0.1867 -0.3188 -0.9292
vn 0.4008 0.5044 0.7649
vn -0.5745 0.8185 -0.0075
vn -0.9188 -0.2037 0.3381
vn -0.9602 -0.1685 0.2229
vn -0.8132 0.1324 0.5667
vn -0.4178 0.2887 -0.8614
vn -0.2653 0.4828 -0.8346
vn -0.1600 0.9730 0.1665
vn -0.0171 0.9999 0.0020
vn -0.5926 -0.0288 0.8050
vn 0.5239 0.7835 0.3341
vn 0.7097 -0.4624 -0.5315
vn -0.0231 -0.9997 0.0033
vn 0.5448 0.1226 -0.8296
vn 0.0449 0.9987 0.0230
vn -0.0517 0.9909 -0.1239
vn 0.5230 0.8345 -0.1737
vn 0.9042 -0.4044 0.1375
vn -0.5224 0.8261 -0.2115
vn 0.3503 0.0542 0.9351
vn -0.6487 0.6653 0.3696
vn -0.6680 -0.1720 0.7240
vn 0.1469 -0.8128 0.5637
vn -0.0289 0.8599 0.5096
vn -0.0502 -0.9977 0.0445
vn -0.1340 0.9906 -0.0262
vn -0.9143 -0.1120 0.3893
vn -0.7783 -0.0821 0.6225
vn -0.9177 -0.0686 0.3913
vn 0.4658 -0.0304 -0.8844
vn -0.0239 -0.9997 -0.0053
vn -0.7843 0.4409 0.4365
vn -0.5492 0.6826 -0.4822
vn -0.3430 0.9289 0.1396
vn -0.2058 0.9334 0.2940
vn -0.3286 0.6643 -0.6713
vn -0.8183 0.1293 0.5601
vn -0.9463 -0.1028 0.3065
vn -0.0978 0.9940 0.0498
vn 0.1039 0.1996 0.9743
vn -0.5672 0.3521 0.7445
vn -0.9615 -0.0195 0.2742
vn -0.5498 -0.0215 -0.8350
vn -0.5159 -0.0488 -0.8552
vn -0.2869 -0.9423 0.1724
vn -0.7854 -0.0104 0.6189
vn -0.5769 0.0526 -0.8151
vn 0.1205 -0.8330 -0.5400
vn -0.9431 -0.0645 -0.3261
vn -0.0342 -0.9988 0.0361
vn -0.4636 -0.3140 -0.8285
vn -0.2532 0.7030 -0.6646
vn -0.1062 0.4125 -0.9048
vn -0.7662 0.5680 -0.3005
vn -0.6956 0.6699 0.2596
vn -0.2821 0.9363 0.2090
vn -0.5493 0.6601 -0.5124
vn -0.9374 -0.1517 0.3134
vn 0.0497 -0.9987 -0.0090
vn -0.6807 0.4585 0.5713
vn -0.1488 0.1234 -0.9811
vn -0.0489 0.9960 -0.0744
vn 0.0283 0.9994 -0.0179
vn -0.0354 0.9968 -0.0712
vn -0.5294 0.0162 0.8482
vn 0.6929 0.7120 0.1138
vn 0.0456 -0.9964 -0.0715
vn 0.0178 -0.9994 -0.0306
vn 0.0025 -0.9980 -0.0628
vn 0.0032 1.0000 -0.0063
vn 0.2869 0.7155 0.6370
vn -0.6187 0.3945 -0.6794
vn -0.5458 0.0198 -0.8377
vn -0.7228 -0.4390 -0.5338
vn 0.0395 0.9844 0.1714
vn -0.0483 0.9680 0.2464
vn -0.0482 0.9680 0.2463
vn -0.3139 0.9033 0.2925
vn 0.4272 -0.0597 -0.9022
vn -0.8778 0.1420 0.4575
vn -0.0043 -0.9997 -0.0243
vn -0.6775 0.4975 -0.5418
vn -0.9933 0.0251 0.1131
vn 0.3706 -0.5566 -0.7435
vn 0.3731 -0.5593 -0.7403
vn 0.3636 -0.5520 -0.7504
vn -0.9134 -0.0998 0.3946
vn -0.0738 0.3661 0.9276
vn -0.9808 -0.1727 -0.0908
vn -0.6292 0.3152 -0.7104
vn -0.4773 0.4662 -0.7449
vn -0.5253 0.4172 -0.7417
vn 0.9225 -0.0246 0.3851
vn -0.3845 0.9122 -0.1416
vn -0.6710 0.6087 -0.4234
vn 0.0441 0.2357 0.9708
vn -0.0230 0.9643 0.2640
vn -0.4058 0.6804 -0.6103
vn -0.2680 0.6889 0.6735
vn 0.0160 -0.9991 -0.0401
vn -0.0360 0.9195 0.3914
vn 0.8316 -0.0969 0.5468
vn -0.3459 0.5274 0.7760
vn -0.8535 0.4274 -0.2981
vn -0.7978 0.1288 0.5890
vn -0.5025 -0.4308 0.7496
vn -0.7050 -0.3409 0.6220
vn -0.7057 0.1276 0.6969
vn -0.7118 0.1276 0.6907
vn 0.5916 -0.0631 -0.8038
vn -0.1313 0.9892 0.0659
vn 0.8152 0.5705 -0.1001
vn -0.0117 -0.9991 -0.0419
vn -0.5714 0.0087 -0.8206
vn 0.7264 0.6632 -0.1802
vn 0.0535 0.9938 0.0975
vn -0.5506 0.7369 -0.3923
vn -0.5628 0.0449 0.8254
vn -0.2905 0.9004 0.3240
vn 0.9336 0.0614 -0.3529
vn 0.1168 0.9868 -0.1126
vn 0.7306 0.6817 -0.0399
vn 0.4246 0.0567 0.9036
vn -0.0369 -0.9965 0.0752
vn 0.0608 -0.1901 0.9799
vn -0.6000 0.3406 0.7239
vn -0.8029 0.3804 -0.4589
vn -0.7011 0.6487 -0.2962
vn -0.0450 -0.9990 0.0014
vn -0.0545 -0.9952 -0.0818
vn -0.5362 0.2981 -0.7897
vn -0.6637 0.4440 -0.6020
vn -0.5790 0.2989 -0.7586
vn 0.0312 0.8087 -0.5873
vn -0.4873 0.2394 -0.8398
vn -0.4720 -0.2928 -0.8315
vn -0.8700 0.4930 0.0100
vn -0.0117 -0.9998 0.0176
vn -0.2130 0.7959 0.5667
vn 0.1830 0.9826 0.0305
vn 0.0597 0.9895 -0.1317
vn 0.1623 -0.9552 -0.2475
vn -0.8183 -0.0832 -0.5687
vn -0.1665 0.4734 -0.8650
vn 0.0691 -0.9976 0.0043
vn 0.5909 0.0130 0.8066
vn -0.5346 -0.0171 -0.8449
vn -0.4214 -0.0839 -0.9030
vn -0.0394 -0.9985 0.0377
vn -0.0346 -0.9991 0.0226
vn -0.1204 0.9277 -0.3533
vn -0.2073 0.3240 0.9231
vn 0.0856 0.9446 0.3168
vn -0.3991 0.7599 0.5130
vn -0.0221 -0.9997 -0.0079
vn 0.8373 0.1894 0.5128
vn -0.4258 0.6795 0.5974
vn -0.1530 0.1085 -0.9822
vn 0.4013 -0.1230 0.9077
vn -0.6912 0.2592 0.6746
vn -0.1317 0.9327 0.3357
vn -0.1418 0.8020 0.5802
vn 0.0802 -0.9966 0.0211
vn -0.0256 0.8911 -0.4531
vn -0.1636 0.9259 0.3405
vn -0.0383 -0.9988 0.0289
vn -0.0015 1.0000 0.0019
vn -0.5056 0.7049 -0.4975
vn -0.6860 0.0871 0.7224
vn 0.0920 0.9944 -0.0512
vn 0.1618 0.2047 -0.9654
vn -0.7871 0.6004 0.1414
vn -0.3235 -0.2709 0.9066
vn 0.2603 0.4244 -0.8672
vn 0.0492 -0.9988 0.0067
vn -0.0510 -0.9960 0.0736
vn -0.0461 -0.9975 -0.0536
vn -0.0214 0.9998 -0.0055
vn 0.2116 0.9713 0.1092
vn -0.7168 0.1281 0.6854
vn 0.9797 -0.0467 -0.1949
vn -0.6119 0.6244 -0.4855
vn 0.0144 0.9996 -0.0248
vn -0.1467 -0.9491 0.2788
vn 0.0320 -0.9995 0.0081
vn 0.1557 -0.5253 -0.8366
vn -0.5284 0.7866 -0.3195
vn -0.3803 -0.1526 -0.9122
vn -0.1645 0.9863 0.0086
vn -0.2126 0.0059 -0.9771
vn 0.0141 0.9998 -0.0155
vn 0.6218 0.6517 0.4344
vn -0.0484 0.9981 0.0381
vn -0.3011 0.9517 -0.0607
vn -0.1651 0.0339 -0.9857
vn -0.0320 -0.9994 -0.0144
vn 0.8846 0.3658 0.2892
vn 0.0723 -0.9239 -0.3758
vn -0.1172 0.8755 -0.4689
vn -0.7814 0.3151 -0.5386
vn -0.9337 0.0190 -0.3575
vn -0.4440 0.6133 -0.6532
vn 0.6911 0.4299 0.5809
vn -0.5502 0.2128 -0.8074
vn -0.5721 0.2336 -0.7862
vn -0.5755 0.2385 -0.7823
vn -0.3288 0.8852 -0.3290
vn 0.0213 -0.9961 0.0855
vn 0.0448 -0.9984 -0.0354
vn -0.0361 -0.9975 0.0615
vn -0.3059 0.8616 0.4051
vn -0.9765 0.2141 -0.0255
vn -0.9873 0.1566 -0.0265
vn -0.0104 -0.9997 -0.0202
vn 0.0437 -0.9990 -0.0134
vn 0.4363 -0.3411 0.8326
vn 0.1451 0.8076 0.5716
vn 0.2943 -0.2020 0.9341
vn 0.3985 -0.2574 0.8803
vn 0.6785 -0.4821 0.5543
vn 0.2087 -0.1909 0.9592
vn -0.0340 0.9990 -0.0304
vn 0.3332 0.9383 -0.0922
vn -0.5467 -0.2109 -0.8103
vn -0.3641 0.4657 0.8066
vn 0.3274 -0.8252 -0.4603
vn 0.3531 -0.5624 -0.7477
vn -0.6748 -0.4685 -0.5702
vn 0.3173 -0.4770 -0.8196
vn 0.1031 0.9943 -0.0259
vn 0.3305 0.8461 0.4182
vn -0.4807 0.4916 0.7261
vn -0.6815 0.3918 0.6181
vn -0.6309 0.4549 0.6285
vn -0.2836 -0.6436 0.7109
vn -0.3700 -0.7397 -0.5621
vn -0.3049 0.3106 -0.9003
vn -0.4086 -0.1226 0.9044
vn -0.7713 -0.4866 -0.4102
vn -0.5904 0.7967 -0.1292
vn -0.9098 0.1179 -0.3979
vn 0.1554 0.9777 -0.1411
vn 0.0273 -0.9996 0.0087
vn 0.0571 -0.9984 -0.0059
vn -0.0303 -0.9993 -0.0200
vn -0.1005 0.0799 0.9917
vn -0.2553 -0.4979 0.8288
vn -0.0637 -0.9967 0.0502
vn 0.1649 0.9817 0.0952
vn -0.8400 0.1846 0.5102
vn -0.0264 -0.9985 -0.0489
vn 0.3629 0.4422 -0.8202
vn 0.2263 0.8832 0.4108
vn -0.3608 0.8362 0.4131
vn -0.3222 0.8544 0.4077
vn 0.7136 0.5838 0.3873
vn -0.0998 0.8787 0.4669
vn -0.0261 0.9987 -0.0444
vn 0.4715 -0.2652 0.8410
vn 0.0505 -0.0389 -0.9980
vn -0.2444 0.8283 -0.5042
vn -0.1234 0.9873 0.1004
vn 0.0160 0.9995 0.0265
vn 0.2318 0.9724 0.0283
vn 0.2739 0.9565 -0.1000
vn -0.5738 0.7911 -0.2121
vn -0.2411 0.4867 0.8396
vn -0.1996 0.9024 -0.3818
vn -0.9163 -0.0711 -0.3941
vn -0.0085 -0.9998 0.0199
vn 0.0488 0.9837 0.1729
vn 0.0036 0.9991 0.0412
vn -0.3233 -0.3661 -0.8726
vn 0.2002 -0.2057 -0.9579
vn 0.0253 0.5107 0.8594
vn 0.1266 -0.4073 0.9045
vn 0.0313 0.9627 0.2687
vn -0.2451 0.6837 -0.6873
vn 0.7048 0.1338 0.6967
vn -0.1064 0.7544 -0.6477
vn -0.7811 0.1077 -0.6150
vn 0.4027 -0.0184 -0.9152
vn 0.0608 0.5809 0.8117
vn -0.6389 0.1416 -0.7562
vn -0.9599 -0.2736 -0.0616
vn 0.6079 0.7593 -0.2320
vn 0.3375 -0.0480 0.9401
vn 0.1203 0.7911 0.5998
vn 0.2341 -0.7221 0.6510
vn 0.4172 0.3430 0.8416
vn -0.7652 -0.0580 -0.6411
vn -0.1181 -0.1574 -0.9804
vn 0.0092 -0.9999 0.0040
vn -0.3780 -0.4846 -0.7888
vn 0.3539 -0.0998 0.9299
vn 0.2350 -0.0936 0.9675
vn 0.5308 -0.2175 0.8191
vn 0.6381 0.5484 0.5405
vn -0.2338 0.8940 0.3822
vn -0.9035 -0.1144 -0.4130
vn 0.8260 0.5470 -0.1358
vn 0.3247 0.3065 -0.8948
vn 0.4490 -0.8572 0.2522
vn 0.7748 0.1998 -0.5998
vn -0.7152 -0.0422 0.6977
vn -0.9427 -0.0664 0.3270
vn -0.9962 -0.0829 -0.0277
vn -0.0630 0.9884 -0.1383
vn 0.3290 0.8550 0.4010
vn 0.0060 0.9982 0.0592
vn 0.1782 0.9837 -0.0239
vn -0.2866 0.6913 -0.6634
vn -0.9929 -0.0301 0.1154
vn 0.4160 0.3112 0.8545
vn 0.8103 0.2548 0.5277
vn -0.5509 0.2943 -0.7809
vn -0.8613 -0.0652 -0.5040
vn 0.0262 0.9978 0.0602
vn -0.5768 0.0325 -0.8162
vn -0.5567 0.1600 0.8152
vn 0.1817 0.7973 0.5756
vn 0.0560 0.9983 0.0179
vn 0.7936 0.2480 0.5556
vn 0.6370 0.7328 0.2391
vn -0.1039 0.7519 0.6511
vn -0.0980 0.9942 0.0444
vn 0.7966 0.6042 0.0195
vn 0.0733 0.9954 0.0611
vn -0.4469 0.2555 -0.8573
vn 0.4327 -0.0814 0.8979
vn -0.1279 0.3835 -0.9146
vn 0.7296 0.2452 -0.6384
vn 0.6888 0.2270 -0.6885
vn -0.0674 -0.9973 -0.0284
vn 0.0721 0.8961 -0.4379
vn -0.2851 0.9252 -0.2504
vn -0.4191 0.3132 -0.8522
vn 0.0005 -1.0000 0.0041
vn -0.4982 0.2178 -0.8393
vn 0.4368 -0.8978 0.0559
vn -0.0881 -0.1427 -0.9858
vn -0.5260 0.8086 0.2636
vn 0.0426 0.9990 -0.0166
vn 0.0411 0.9990 -0.0150
vn 0.8054 0.3125 -0.5037
vn 0.2791 -0.1679 0.9455
vn 0.6722 0.4850 0.5594
vn -0.2646 0.9364 0.2304
vn -0.3911 0.0439 -0.9193
vn -0.0862 -0.9961 -0.0180
vn -0.8262 -0.1472 -0.5438
vn 0.9644 -0.1782 0.1955
vn 0.9950 -0.0995 -0.0018
vn 0.9204 -0.1455 -0.3629
vn 0.1362 0.9860 0.0965
vn 0.1595 -0.0358 0.9866
vn -0.1156 0.9322 0.3429
vn -0.1255 0.8393 -0.5289
vn -0.9255 0.3293 -0.1871
vn 0.0205 -0.9998 -0.0065
vn -0.9209 0.0960 -0.3778
vn 0.4301 0.8310 0.3528
vn -0.0022 0.9983 0.0590
vn 0.6227 0.7617 -0.1794
vn -0.7655 0.5874 0.2628
vn -0.2244 0.5722 0.7888
vn -0.3361 0.4605 0.8216
vn 0.7223 0.6295 0.2863
vn 0.2050 0.9203 0.3332
vn 0.3489 -0.0021 0.9372
vn 0.4508 0.1051 -0.8864
vn 0.9107 -0.1671 0.3778
vn -0.8272 0.5257 -0.1983
vn -0.5749 0.6584 -0.4858
vn 0.1741 -0.0187 0.9845
vn 0.2109 -0.3512 -0.9122
vn 0.5780 0.8031 0.1445
vn 0.0293 -0.9991 -0.0320
vn -0.0105 0.9996 -0.0267
vn 0.0747 0.9803 -0.1829
vn -0.1035 0.9731 0.2061
vn -0.0753 0.9539 0.2905
vn -0.0592 -0.9947 -0.0836
vn 0.3293 0.2369 -0.9140
vn -0.0440 0.9973 -0.0587
vn 0.3892 0.0999 0.9157
vn 0.6092 -0.2692 -0.7459
vn 0.9623 0.2565 -0.0907
vn -0.5827 0.0425 0.8116
vn 0.4587 0.8806 0.1186
vn -0.0428 0.9941 0.0994
vn 0.1006 0.9851 0.1398
vn -0.0057 0.9950 0.0995
vn -0.1769 0.9758 -0.1288
vn 0.0699 0.2917 -0.9540
vn 0.8980 0.0669 0.4348
vn -0.0094 -0.9999 -0.0114
vn 0.0657 0.9978 -0.0094
vn -0.8861 -0.1292 -0.4450
vn 0.4584 -0.3306 0.8249
vn 0.0492 0.9983 0.0323
vn 0.5564 -0.1466 -0.8179
vn 0.0839 0.0621 0.9945
vn 0.2831 0.1036 0.9535
vn 0.8838 0.2408 0.4012
vn -0.3761 0.9240 0.0697
vn -0.7211 -0.5427 -0.4306
vn 0.2145 -0.0957 0.9720
vn -0.2428 0.3318 -0.9116
vn -0.2623 0.6267 -0.7338
vn 0.1220 0.9137 0.3877
vn -0.3964 0.0005 -0.9181
vn -0.2339 0.6534 -0.7200
vn 0.0607 0.1697 -0.9836
vn 0.4222 -0.2694 0.8656
vn -0.1869 -0.1017 0.9771
vn 0.3581 0.0766 -0.9305
vn -0.0182 -0.9887 -0.1485
vn 0.7022 -0.6617 0.2628
vn 0.0173 -0.9998 0.0126
vn -0.7124 -0.5659 -0.4150
vn 0.9852 0.0228 0.1697
vn -0.5082 -0.8610 -0.0210
vn 0.9992 0.0392 -0.0088
vn -0.5277 0.1257 0.8401
vn -0.6993 0.0489 0.7132
vn -0.9577 0.2511 0.1408
vn -0.9393 0.2052 0.2750
vn 0.6399 0.7030 -0.3103
vn 0.6811 -0.0793 0.7279
vn -0.0393 -0.0275 0.9988
vn 0.6815 0.6761 -0.2802
vn 0.9576 -0.1411 -0.2511
vn 0.3089 0.9428 0.1251
vn -0.5695 -0.3766 -0.7307
vn 0.3488 -0.7082 -0.6138
vn 0.8234 0.4257 -0.3752
vn -0.3593 -0.8017 -0.4777
vn 0.3739 -0.3167 -0.8717
vn 0.9874 0.0167 0.1576
vn 0.0390 0.9984 0.0401
vn -0.0526 0.9986 0.0025
vn -0.7307 0.6790 0.0708
vn -0.5019 0.1557 0.8508
vn 0.8990 0.0207 -0.4374
vn -0.8343 0.5498 0.0403
vn 0.8586 0.5018 0.1048
vn -0.9357 -0.3527 0.0097
vn 0.9700 -0.0559 -0.2367
vn 0.0690 -0.9965 0.0462
vn 0.0606 -0.9969 0.0493
vn 0.0373 -0.9993 -0.0101
vn 0.1488 0.7962 -0.5864
vn -0.7245 -0.0058 -0.6893
vn -0.7284 0.0365 -0.6842
vn 0.7962 0.5314 0.2894
vn 0.7317 -0.0728 0.6777
vn 0.5811 0.7955 0.1717
vn -0.3462 0.9014 0.2599
vn 0.0147 -0.9999 0.0043
vn 0.0065 0.9999 -0.0078
vn -0.0882 0.9928 -0.0814
vn -0.8433 0.1835 0.5052
vn -0.9032 0.0537 0.4259
vn 0.3911 0.8993 -0.1958
vn 0.5660 0.3233 -0.7584
vn -0.6027 0.2890 -0.7438
vn -0.9189 0.0814 0.3861
vn 0.0156 -0.9997 0.0173
vn 0.0700 -0.9953 0.0672
vn 0.0846 0.9963 -0.0139
vn 0.0649 0.9945 0.0817
vn 0.9348 -0.1336 0.3291
vn 0.8302 -0.0142 0.5573
vn 0.9793 -0.0944 0.1791
vn -0.4653 0.6127 -0.6388
vn -0.1665 0.9812 -0.0979
vn -0.6952 -0.3418 0.6324
vn -0.1871 -0.9806 0.0587
vn -0.5581 -0.8228 0.1070
vn -0.1789 0.9393 -0.2929
vn -0.8010 0.4072 -0.4389
vn 0.4151 -0.4985 0.7610
vn -0.0092 0.9999 0.0123
vn 0.7486 0.6629 -0.0128
vn -0.1286 0.7410 -0.6591
vn 0.5442 0.8342 -0.0888
vn -0.3694 0.2930 0.8819
vn 0.5285 0.0849 -0.8447
vn -0.9226 0.3042 -0.2373
vn -0.8458 -0.4885 -0.2144
vn -0.7673 -0.6270 -0.1349
vn 0.7846 0.5732 0.2362
vn 0.9275 0.2903 -0.2356
vn 0.1795 0.8823 -0.4350
vn 0.8715 0.4610 0.1673
vn -0.7135 0.6738 0.1922
vn 0.2130 0.4441 -0.8703
vn 0.0304 0.9974 -0.0659
vn 0.0407 0.5403 0.8405
vn -0.0152 0.4974 0.8674
vn 0.2943 -0.5175 0.8035
vn 0.3333 -0.5569 0.7608
vn -0.4656 -0.2254 0.8558
vn 0.3891 0.2898 -0.8744
vn -0.2715 0.9494 0.1580
vn 0.6351 0.7086 0.3075
vn -0.1060 0.7206 -0.6852
vn 0.2830 0.0303 -0.9586
vn -0.1355 0.9895 0.0503
vn -0.2893 0.6204 0.7290
vn 0.2441 0.9593 0.1421
vn -0.4622 0.5964 -0.6562
vn -0.6715 -0.6309 -0.3887
vn 0.7936 0.2638 0.5483
vn 0.8307 0.2619 0.4913
vn 0.7902 0.2811 0.5446
vn 0.9983 -0.0576 -0.0022
vn 0.0669 -0.9976 -0.0183
vn -0.3702 0.8157 0.4445
vn -0.4507 0.8597 0.2402
vn 0.9691 0.1684 -0.1801
vn -0.0308 -0.9995 0.0040
vn -0.9542 0.2970 0.0345
vn -0.1129 -0.9904 -0.0801
vn -0.8143 0.1128 -0.5694
vn -0.1703 -0.4765 -0.8625
vn -0.0278 -0.9964 -0.0806
vn -0.3042 0.9098 -0.2823
vn 0.0243 0.9983 -0.0523
vn 0.0266 -0.9993 0.0275
vn -0.3173 0.4143 0.8531
vn 0.2214 0.9701 0.0998
vn 0.6613 0.5020 0.5573
vn -0.0168 0.9997 0.0190
vn 0.7301 -0.1288 0.6711
vn -0.0987 0.2147 -0.9717
vn 0.0021 0.9997 -0.0226
vn 0.0154 -0.9999 0.0014
vn 0.0538 0.9951 0.0830
vn -0.0360 -0.1283 0.9911
vn -0.0070 0.9990 -0.0451
vn 0.3595 0.4960 0.7904
vn -0.3714 -0.0795 -0.9251
vn 0.3001 0.2860 -0.9100
vn 0.5613 -0.0742 0.8243
vn -0.7475 -0.2620 0.6104
vn 0.3883 0.5001 0.7740
vn 0.9798 0.0456 0.1945
vn 0.1567 0.7910 -0.5915
vn 0.5191 -0.8291 0.2078
vn -0.6448 0.7257 -0.2401
vn 0.4404 -0.7991 -0.4093
vn -0.3774 0.8477 0.3727
vn 0.0203 0.9993 -0.0323
vn 0.1900 0.2403 0.9519
vn -0.9909 0.1340 -0.0137
vn -0.7716 0.4024 -0.4927
vn 0.8488 -0.5272 0.0399
vn -0.8792 0.2800 0.3856
vn 0.0561 -0.9984 0.0099
vn 0.9612 0.2168 -0.1709
vn -0.6390 0.7650 -0.0806
vn 0.7217 -0.3605 0.5909
vn -0.4933 0.0580 -0.8679
vn 0.0985 0.9646 0.2445
vn -0.4245 -0.8499 -0.3121
vn -0.4297 -0.8500 -0.3047
vn -0.4208 -0.9005 -0.1100
vn 0.1371 0.9904 0.0175
vn -0.1413 0.9782 -0.1525
vn 0.1944 0.9776 -0.0809
vn 0.9889 -0.1056 0.1046
vn 0.6067 0.7389 0.2930
vn 0.8220 -0.2607 0.5064
vn -0.0079 -1.0000 -0.0043
vn 0.0491 0.9970 0.0592
vn 0.0452 -0.9989 -0.0078
vn -0.7640 -0.0099 -0.6452
vn 0.4546 -0.8397 0.2971
vn 0.2662 -0.9611 0.0740
vn -0.5441 -0.3284 -0.7721
vn -0.0126 0.9999 -0.0077
vn 0.6428 0.6415 -0.4186
vn -0.4792 0.4993 -0.7219
vn -0.4165 -0.9081 -0.0444
vn -0.9730 0.1931 -0.1262
vn 0.0059 -0.9796 0.2010
vn -0.5144 0.8158 -0.2644
vn -0.7083 0.7032 -0.0612
vn 0.0437 -0.9984 -0.0358
vn -0.0097 -0.9995 -0.0309
vn 0.2870 0.9473 0.1425
vn 0.8458 -0.1556 0.5104
vn -0.1229 0.6570 0.7438
vn -0.1292 0.6167 -0.7765
vn 0.6259 0.5576 -0.5454
vn -0.4831 -0.8220 0.3016
vn 0.9540 0.1940 0.2287
vn 0.7338 0.3986 0.5500
vn 0.7179 0.6555 -0.2346
vn 0.0611 0.9970 0.0468
vn 0.9127 -0.0961 -0.3972
vn -0.0719 0.8204 0.5673
vn 0.4825 0.1219 -0.8674
vn 0.5735 0.0567 -0.8172
vn 0.9919 0.1236 0.0302
vn -0.0273 0.9994 -0.0190
vn 0.2086 0.9778 0.0217
vn -0.7201 -0.0373 0.6929
vn 0.1286 0.2482 0.9601
vn 0.0154 0.2588 -0.9658
vn -0.0586 -0.0675 -0.9960
vn 0.1096 0.0204 -0.9938
vn 0.9438 -0.3293 0.0291
vn -0.2478 -0.0452 0.9678
vn -0.0286 0.9944 -0.1015
vn -0.0282 0.9954 -0.0913
vn -0.0250 0.9974 -0.0673
vn -0.1725 0.9827 0.0671
vn 0.0773 0.9960 0.0458
vn 0.4570 0.6742 -0.5802
vn -0.9277 0.2114 0.3077
vn 0.6760 0.7212 0.1516
vn -0.1209 0.3005 0.9461
vn -0.8624 0.4822 -0.1538
vn 0.2161 0.9134 -0.3449
vn 0.0049 -0.9999 -0.0117
vn -0.0045 0.9999 0.0133
vn -0.1430 0.2103 0.9671
vn 0.5973 0.8017 0.0235
vn -0.0086 0.9999 -0.0080
vn 0.0751 0.9959 0.0497
vn 0.6769 0.7265 0.1185
vn 0.0032 0.9951 -0.0988
vn 0.9492 -0.0094 -0.3145
vn 0.6179 0.1095 -0.7786
vn 0.9390 -0.0272 -0.3429
vn 0.9303 0.3577 0.0814
vn 0.4354 0.8676 0.2400
vn 0.0486 -0.9984 -0.0274
vn 0.5147 0.7835 -0.3481
vn 0.8569 0.3072 0.4140
vn 0.2933 0.9552 0.0389
vn 0.5661 -0.1512 0.8104
vn 0.6879 0.6252 -0.3687
vn -0.9766 0.0380 0.2117
vn -0.9672 0.2058 0.1488
vn 0.5091 0.8430 0.1739
vn -0.4573 0.8282 0.3239
vn -0.0315 0.9989 -0.0351
vn 0.6452 -0.5661 0.5132
vn 0.6541 0.2127 0.7259
vn 0.5587 0.8279 -0.0498
vn 0.3376 0.7502 -0.5685
vn 0.0287 0.9913 0.1288
vn 0.6094 0.7730 -0.1765
vn -0.2366 -0.2933 -0.9263
vn 0.6286 0.6819 0.3740
vn -0.7935 0.1387 0.5926
vn -0.8674 0.3257 -0.3762
vn 0.1485 -0.6529 0.7428
vn 0.9275 0.1990 0.3164
vn 0.3333 0.1753 0.9264
vn -0.9820 0.0062 -0.1886
vn -0.6315 0.6750 -0.3815
vn 0.6246 -0.6156 0.4806
vn -0.0426 0.9991 0.0081
vn 0.0198 0.9892 -0.1451
vn -0.0513 0.9964 0.0675
vn 0.3852 0.8967 -0.2179
vn 0.4146 0.8676 0.2747
vn -0.2299 0.7133 0.6621
vn -0.1631 0.9713 -0.1733
vn -0.0292 0.9992 -0.0256
vn 0.6347 -0.5486 -0.5442
vn 0.3015 0.3288 0.8950
vn 0.6761 0.2353 -0.6983
vn 0.5742 0.1202 -0.8098
vn -0.6784 -0.5668 0.4675
vn 0.4721 -0.8681 -0.1535
vn -0.0526 0.9986 -0.0103
vn -0.2496 0.9653 0.0772
vn -0.4129 0.8894 0.1958
vn -0.0792 0.8584 -0.5068
vn 0.6149 0.0228 -0.7883
vn 0.0009 0.3318 -0.9434
vn 0.9630 0.1744 0.2055
vn 0.5741 0.1202 -0.8099
vn -0.0827 -0.9903 -0.1120
vn -0.2003 0.8716 -0.4475
vn -0.3926 0.5614 -0.7285
vn -0.0124 -0.4544 0.8907
vn -0.1539 -0.4013 -0.9029
vn 0.0325 0.9993 -0.0200
vn -0.0062 -0.9986 -0.0529
vn 0.1249 -0.0203 -0.9920
vn 0.0715 0.1780 0.9814
vn -0.2586 0.9007 0.3490
vn 0.9747 -0.1739 -0.1408
vn -0.1136 -0.8301 -0.5459
vn -0.0213 0.9998 -0.0034
vn 0.8389 0.3613 -0.4071
vn 0.9421 -0.1177 -0.3139
vn 0.9710 0.0995 0.2172
vn 0.9726 0.1000 0.2100
vn 0.2965 0.1198 -0.9475
vn 0.8287 0.2512 0.5001
vn 0.9146 0.4031 0.0318
vn 0.9415 0.2510 0.2250
vn 0.9110 0.4119 -0.0202
vn 0.9967 0.0048 0.0816
vn 0.9597 -0.2054 -0.1917
vn 0.1606 0.9796 -0.1211
vn 0.0395 0.9982 0.0452
vn 0.0029 -0.9999 0.0119
vn 0.0016 -1.0000 0.0031
vn 0.9609 0.0026 -0.2769
vn 0.9447 0.0107 -0.3279
vn 0.0269 -0.9985 0.0474
vn -0.0027 -0.9991 -0.0433
vn 0.9774 -0.1375 -0.1607
vn -0.0458 0.9965 0.0705
vn -0.1178 0.9882 0.0977
vn 0.0003 0.9948 0.1019
vn -0.0728 -0.4066 0.9107
vn 0.0001 -0.9993 0.0375
vn -0.0007 -0.9992 -0.0393
vn -0.1173 0.9926 0.0327
vn 0.1666 0.8066 -0.5671
vn 0.1423 -0.9433 0.2999
vn -0.0114 -0.9659 0.2587
vn -0.0274 -0.9778 0.2076
vn -0.1185 -0.9832 -0.1387
vn -0.2358 0.8102 0.5366
vn 0.2068 0.7360 -0.6447
vn 0.9994 0.0323 0.0142
vn 0.2449 -0.2344 -0.9408
vn 0.0164 0.9997 0.0158
vn -0.5762 -0.5965 -0.5587
vn 0.1418 0.2099 -0.9674
vn 0.1225 -0.9032 0.4113
vn 0.2994 0.9526 -0.0542
vn -0.3476 0.0600 0.9357
vn -0.1473 0.0855 0.9854
vn -0.0291 0.1407 0.9896
vn -0.0005 -0.9999 -0.0101
vn 0.8493 0.5192 0.0955
vn 0.4681 0.8488 0.2460
vn 0.1323 0.9855 -0.1061
vn -0.1396 -0.9670 -0.2130
vn -0.1389 -0.9670 -0.2138
vn -0.1392 -0.9669 -0.2136
vn 0.1738 0.0746 -0.9820
vn -0.0368 0.4679 0.8830
vn -0.1865 -0.9487 0.2552
vn -0.4807 0.5889 -0.6497
vn -0.1419 0.9458 -0.2920
vn 0.6079 -0.5126 -0.6063
vn -0.0212 -0.9997 -0.0104
vn 0.6260 -0.4885 -0.6079
vn 0.2166 0.1406 -0.9661
vn 0.0052 -0.0674 -0.9977
vn 0.0508 0.0164 -0.9986
vn 0.0759 -0.5427 -0.8365
vn -0.4378 0.7488 -0.4976
vn 0.0539 0.4001 -0.9149
vn 0.7145 0.3457 -0.6082
vn -0.5139 0.8492 0.1219
vn 0.1952 0.8730 0.4469
vn -0.0043 -1.0000 0.0022
vn -0.1952 0.9723 0.1289
vn 0.8607 0.5045 0.0678
vn 0.2194 0.9659 0.1377
vn 0.0065 -1.0000 0.0002
vn 0.0561 -0.9981 0.0265
vn 0.0613 0.9499 0.3065
vn -0.0957 0.9948 -0.0346
vn 0.2717 0.5621 -0.7812
vn -0.0798 0.9956 -0.0485
vn -0.2962 -0.0360 0.9544
vn 0.0360 -0.9992 0.0184
vn 0.6278 0.7694 -0.1179
vn -0.0529 0.9963 0.0673
vn -0.1550 -0.9671 -0.2016
vn 0.4568 0.1371 0.8789
vn 0.0373 -0.9993 -0.0095
vn 0.6023 -0.7908 -0.1090
vn 1.0000 -0.0017 0.0056
vn -0.2481 0.5934 0.7657
vn -0.0299 0.4955 -0.8681
vn -0.1654 -0.9520 0.2574
vn -0.2356 -0.9421 0.2385
vn 0.6155 -0.7747 0.1453
vn 0.3559 0.9035 -0.2389
vn 0.4432 0.8517 -0.2794
vn 0.7033 0.5882 0.3992
vn -0.6388 0.4559 0.6198
vn -0.0045 -0.9898 -0.1422
vn -0.0860 -0.9916 -0.0970
vn -0.0821 -0.9829 -0.1651
vn 0.0184 0.9992 0.0353
vn -0.4398 0.8830 -0.1641
vn 0.3324 0.8371 0.4345
vn 0.0702 0.9963 0.0506
vn -0.1217 0.9916 -0.0443
vn 0.9412 0.0622 0.3320
vn 0.9703 -0.2185 -0.1037
vn -0.1171 0.9925 0.0335
vn 0.2037 0.8331 -0.5143
vn 0.9949 -0.0890 -0.0466
vn 0.9996 -0.0123 0.0249
vn 0.2335 0.9641 -0.1266
vn -0.0588 -0.8213 -0.5674
vn -0.1487 -0.8675 -0.4747
vn -0.0228 0.9959 0.0874
vn -0.2626 -0.2021 -0.9435
vn 0.0955 0.7511 -0.6532
vn 0.0860 0.9904 0.1080
vn -0.1424 -0.9776 -0.1553
vn 0.0488 -0.7468 -0.6632
vn -0.0039 0.9998 0.0214
vn 0.2883 0.9568 -0.0373
vn 0.9627 0.2545 -0.0916
vn -0.1403 -0.9875 0.0717
vn -0.0644 -0.9976 0.0260
vn 0.0327 0.9885 0.1474
vn 0.1670 0.9833 0.0728
vn -0.0238 0.9927 0.1185
vn 0.9502 -0.0281 0.3105
vn 0.8420 0.4014 -0.3605
vn -0.0154 0.9996 0.0243
vn 0.0401 0.9990 0.0187
vn -0.8735 0.4716 0.1206
vn -0.0247 0.9976 0.0639
vn 0.0263 0.9985 0.0487
vn -0.6121 -0.3763 0.6955
vn 0.7145 0.3458 -0.6082
vn 0.9830 0.1798 -0.0383
vn 0.1324 -0.3596 -0.9236
vn 0.1385 0.9878 0.0711
vn 0.1147 0.9934 0.0094
vn 0.1046 0.9945 -0.0071
vn -0.6567 -0.5534 0.5124
vn -0.5938 0.5359 -0.6001
vn -0.7583 -0.3579 -0.5449
vn -0.5226 -0.0301 0.8521
vn -0.5920 0.7473 -0.3019
vn 0.9313 0.2318 0.2809
vn -0.9821 -0.1769 0.0655
vn -0.2977 -0.9289 0.2203
vn 0.2863 0.9581 0.0044
vn 0.3724 0.5463 -0.7503
vn 0.1897 0.9398 -0.2843
vn -0.5902 0.6547 -0.4722
vn 0.3621 -0.3459 -0.8656
vn 0.8943 -0.1651 -0.4159
vn -0.9998 -0.0163 -0.0059
vn 0.0310 -0.9992 -0.0265
vn 0.1627 -0.9855 -0.0486
vn -0.9644 0.0082 0.2644
vn 0.2092 -0.2520 0.9448
vn -0.8646 0.4536 0.2161
vn -0.9293 -0.3689 0.0151
vn -0.9127 -0.3265 0.2456
vn -0.9927 0.1119 0.0441
vn -0.4849 0.7945 0.3657
vn -0.9732 -0.2070 -0.1004
vn 0.3685 0.9239 0.1030
vn 0.5346 0.8310 0.1538
vn 0.3890 0.9164 0.0944
vn -0.5278 -0.1689 -0.8324
vn 0.4079 0.7720 -0.4874
vn -0.5313 0.8455 -0.0531
vn 1.0000 0.0015 0.0044
vn 1.0000 0.0015 0.0045
vn -0.1791 0.4019 -0.8980
vn 0.0062 0.4079 -0.9130
vn 0.2007 0.3328 -0.9214
vn 0.3074 -0.2256 0.9245
vn 0.2944 -0.2004 0.9344
vn 0.8837 0.3771 -0.2773
vn 0.0257 -0.9977 -0.0620
vn -0.1933 0.9793 -0.0601
vn -0.0860 0.9961 -0.0212
vn -0.1508 0.9882 -0.0279
vn 0.0283 -0.9996 0.0067
vn 0.0992 0.9951 0.0019
vn -0.1307 -0.5882 0.7981
vn 0.9925 0.0651 -0.1032
vn -0.5934 0.2812 0.7542
vn -0.2521 0.4512 0.8560
vn 0.8101 0.5850 0.0390
vn -0.8194 0.4354 -0.3728
vn 0.5174 0.8382 -0.1726
vn -0.3172 0.9458 0.0692
vn -0.4222 -0.6298 -0.6519
vn 0.8790 0.0206 -0.4763
vn 0.9527 0.2606 0.1562
vn 0.6996 0.7135 0.0394
vn 0.3005 -0.7228 0.6223
vn 0.9048 0.3133 -0.2883
vn -0.1910 -0.5937 0.7817
vn -0.8535 -0.4189 0.3101
vn -0.0240 0.3075 -0.9512
vn 0.2995 0.8973 0.3243
vn 0.0509 -0.0425 -0.9978
vn -0.0547 0.6585 0.7506
vn 0.3110 0.5894 0.7455
vn -0.4335 -0.5451 -0.7176
vn -0.2823 0.4509 -0.8467
vn -0.0000 0.9999 0.0134
vn 0.4584 0.8326 0.3108
vn 0.4991 -0.5995 -0.6256
vn -0.0047 0.9912 -0.1324
vn 0.0146 -0.9999 0.0055
vn 0.4216 0.8816 -0.2120
vn 0.1201 0.9927 -0.0074
vn -0.0889 0.9916 -0.0944
vn 0.0650 0.9976 -0.0225
vn -0.3470 0.8927 0.2876
vn 0.5486 -0.8013 0.2385
vn 0.1691 0.9831 0.0700
vn 0.6248 0.7754 -0.0918
vn -0.5957 0.0188 -0.8030
vn 0.5945 0.1642 -0.7872
vn -0.0214 0.9990 -0.0397
vn 0.7192 -0.6025 -0.3460
vn -0.8245 -0.2879 0.4871
vn -0.9506 -0.1331 -0.2806
vn -0.2494 0.6357 0.7305
vn 0.0736 0.2782 0.9577
vn -0.1202 0.6389 0.7599
vn -0.4439 0.1373 0.8855
vn -0.0044 0.9998 -0.0180
vn -0.9433 -0.1661 0.2873
vn 0.3790 0.8923 -0.2454
vn -0.8624 0.4864 -0.1404
vn 0.0022 0.7399 0.6727
vn 0.0388 0.6749 0.7369
vn -0.0025 -0.0139 -0.9999
vn 0.2549 0.9519 -0.1703
vn 0.1546 -0.5209 0.8395
vn -0.0040 -0.6803 0.7329
vn 0.8476 0.1190 0.5172
vn 0.4376 -0.0293 0.8987
vn -0.4787 0.8038 0.3533
vn -0.0754 0.8967 0.4362
vn -0.3582 0.6749 0.6452
vn 0.3190 0.9068 0.2756
vn 0.2290 0.9647 -0.1299
vn 0.2159 0.9448 -0.2466
vn -0.0814 0.9963 0.0276
vn 0.3067 -0.1686 0.9368
vn -0.5889 -0.2306 -0.7746
vn 0.1538 0.0250 -0.9878
vn 0.0787 -0.9772 0.1972
vn -0.0338 0.9913 0.1275
vn -0.5466 0.7148 0.4363
vn 0.3974 0.6109 -0.6847
vn 0.1973 -0.6954 -0.6910
vn 0.6305 0.2803 0.7238
vn 0.7738 -0.6315 -0.0497
vn 0.2738 -0.7069 -0.6521
vn 0.1610 0.6861 0.7095
vn 0.0516 -0.2481 0.9674
vn 0.1711 0.1856 0.9676
vn 0.1391 -0.9891 -0.0485
vn 0.1231 -0.9919 -0.0309
vn 0.1390 -0.9891 -0.0485
vn -0.5555 0.8295 0.0583
vn -0.0231 0.9997 0.0120
vn 0.2543 -0.9599 0.1181
vn 0.4495 -0.0260 0.8929
vn -0.0177 0.9987 0.0485
vn -0.0063 -0.6557 0.7550
vn 0.0271 0.8430 0.5372
vn -0.0082 0.9970 -0.0770
vn 0.0463 0.9985 -0.0297
vn -0.4635 -0.8473 -0.2593
vn 0.6253 0.5311 -0.5718
vn -0.1954 0.9521 -0.2350
vn 0.0877 -0.9959 0.0231
vn 0.3746 0.9225 -0.0926
vn -0.5616 -0.4815 0.6729
vn 0.1528 -0.9862 -0.0638
vn 0.2775 0.9450 -0.1730
vn 0.0085 0.9981 -0.0612
vn 0.2429 -0.8212 -0.5163
vn 0.2495 -0.9578 -0.1424
vn -0.6939 0.7092 -0.1244
vn -0.3117 0.0187 -0.9500
vn -0.9539 0.2934 0.0625
vn 0.1315 0.2334 -0.9634
vn 0.5018 -0.7837 0.3660
vn 0.0263 0.9997 0.0009
vn 0.1131 0.1875 0.9757
vn 0.4946 0.0270 0.8687
vn 0.3100 -0.1805 0.9335
vn -0.9219 -0.0102 -0.3873
vn -0.5122 0.2884 -0.8090
vn -0.3125 -0.3437 -0.8856
vn -0.0043 -0.3919 -0.9200
vn 0.7285 0.5020 0.4662
vn 0.0233 0.9593 -0.2813
vn 0.8244 -0.1326 0.5502
vn 0.3985 0.8890 0.2255
vn 0.4775 -0.8752 -0.0771
vn 0.9822 0.0863 0.1667
vn 0.9182 0.3948 0.0320
vn 0.3344 0.9395 -0.0741
vn -0.8784 -0.4039 0.2555
vn -0.6265 0.7711 -0.1135
vn -0.9663 -0.0706 -0.2475
vn 0.1938 0.8825 0.4285
vn 0.7373 -0.0004 0.6756
vn 0.8111 -0.5567 0.1795
vn -0.1099 0.6764 -0.7283
vn 0.0942 0.2071 -0.9738
vn 0.3740 0.2815 -0.8837
vn 0.1848 -0.9745 0.1273
vn -0.8508 0.0679 0.5211
vn 0.1333 0.9377 0.3210
vn 0.2363 0.0734 0.9689
vn -0.8296 -0.1063 0.5482
vn -0.1296 -0.4191 -0.8986
vn -0.9457 0.2863 0.1542
vn -0.7858 0.6176 -0.0322
vn -0.4344 0.8915 -0.1286
vn 0.9342 -0.2848 -0.2148
vn 0.0754 0.9942 -0.0762
vn 0.3345 -0.8956 -0.2932
vn 0.0754 -0.9666 -0.2448
vn 0.7759 -0.5309 -0.3408
vn 0.7092 -0.3426 0.6162
vn -0.4272 0.3341 0.8401
vn 0.2700 0.1345 -0.9534
vn 0.4402 -0.8571 -0.2676
vn 0.4322 -0.8639 -0.2587
vn 0.4488 -0.8513 -0.2718
vn -0.1114 0.5491 0.8283
vn 0.0386 -0.7276 0.6849
vn 0.9200 0.3727 0.1212
vn -0.2144 -0.7015 -0.6796
vn 0.9638 0.2659 -0.0185
vn 0.8004 0.5918 -0.0953
vn -0.4513 -0.6851 0.5718
vn 0.1657 0.0771 -0.9832
vn -0.0142 -0.9999 0.0070
vn 0.9878 -0.1273 0.0898
vn -0.0281 -0.7958 0.6049
vn 0.4142 0.2280 -0.8812
vn 0.9107 0.3964 -0.1160
vn 0.5277 0.7273 -0.4388
vn 0.5652 0.8240 -0.0399
vn 0.0089 0.9998 0.0158
vn -0.4015 0.9155 -0.0249
vn -0.7514 0.3422 0.5641
vn -0.0334 -0.8053 -0.5919
vn 0.4899 -0.3745 0.7872
vn 0.3768 0.9258 0.0292
vn -0.0945 0.9931 -0.0690
vn -0.0378 0.9992 0.0127
vn -0.2661 0.0170 -0.9638
vn -0.5330 0.8460 -0.0117
vn -0.8651 -0.2464 0.4369
vn -0.0646 0.9894 0.1302
vn -0.7382 0.2380 0.6313
vn -0.3130 0.8203 0.4787
vn 0.9788 0.0425 0.2001
vn 0.0458 0.9983 -0.0357
vn 0.0974 0.4374 0.8940
vn 0.7357 0.3676 -0.5689
vn 0.6414 0.7409 0.1992
vn 0.1714 -0.8854 0.4320
vn 0.2242 0.8877 -0.4022
vn 0.4855 0.5845 0.6501
vn -0.0672 -0.3239 -0.9437
vn 0.8074 0.3609 -0.4667
vn -0.2800 0.9196 -0.2755
vn -0.3400 0.8398 -0.4232
vn 0.9114 -0.0054 -0.4115
vn 0.8503 -0.2818 0.4446
vn 0.2763 -0.9596 -0.0540
vn 0.4616 0.0903 0.8825
vn 0.7091 0.6937 0.1258
vn 0.8550 0.3360 -0.3951
vn -0.0012 1.0000 -0.0045
vn 0.0004 0.9998 -0.0212
vn 0.0217 0.9985 -0.0495
vn -0.4046 0.9097 -0.0933
vn -0.8036 0.4145 -0.4271
vn -0.3595 0.9089 0.2116
vn 0.7014 0.0063 -0.7127
vn 0.3113 -0.9503 0.0082
vn -0.5672 0.3678 0.7369
vn -0.7017 0.0695 -0.7091
vn -0.8409 0.4062 -0.3577
vn -0.9621 0.2310 -0.1449
vn -0.6365 0.7704 0.0367
vn -0.9856 0.1561 -0.0649
vn -0.1255 0.9886 0.0836
vn -0.0256 0.9992 0.0296
vn -0.7538 0.6566 -0.0249
vn -0.6666 0.1827 0.7227
vn -0.1842 0.4607 -0.8682
vn 0.9424 0.3344 -0.0058
vn 0.0111 0.9999 0.0009
vn -0.2376 0.4611 0.8549
vn -0.1355 0.0238 -0.9905
vn -0.0676 0.9913 0.1125
vn 0.6756 -0.6975 -0.2388
vn -0.2365 -0.9696 0.0626
vn -0.0082 -0.9999 0.0086
vn -0.4491 -0.8890 -0.0888
vn -0.2544 0.9656 -0.0536
vn -0.1255 0.9850 0.1184
vn 0.4111 0.8590 -0.3050
vn -0.0324 0.4318 0.9014
vn 0.0581 -0.9928 -0.1051
vn 0.0108 -0.9999 0.0095
vn 0.6434 -0.7137 -0.2769
vn -0.0301 -0.9926 0.1178
vn 0.1479 0.9804 0.1301
vn -0.3393 0.8826 -0.3253
vn 0.4906 -0.6807 0.5440
vn 0.3882 -0.0356 -0.9209
vn 0.6279 0.4942 0.6012
vn 0.3565 -0.9193 -0.1665
vn -0.0004 -0.9988 -0.0487
vn 0.0330 -0.9714 -0.2352
vn -0.4449 -0.8954 -0.0152
vn 0.6285 0.4713 -0.6188
vn 0.9141 0.2996 -0.2732
vn 0.8337 0.3030 -0.4617
vn 0.0967 -0.9814 -0.1661
vn 0.3080 0.9293 0.2038
vn 0.0021 -0.9962 0.0870
vn -0.0560 0.9980 0.0304
vn -0.6597 0.7486 0.0662
vn -0.1089 0.9932 0.0413
vn 0.6575 0.5537 0.5110
vn 0.8709 0.0867 -0.4837
vn 0.9339 0.0094 -0.3575
vn -0.4993 0.3400 0.7969
vn 0.9860 0.1281 0.1069
vn 0.9865 0.1552 -0.0526
vn 0.0376 -0.9969 -0.0687
vn 0.9552 -0.1020 0.2779
vn -0.0411 0.9877 0.1509
vn -0.9652 0.2091 -0.1570
vn 0.0647 0.9972 0.0379
vn -0.9746 0.1641 -0.1523
vn -0.9920 0.0983 -0.0787
vn -0.9115 0.3868 0.1398
vn -0.9353 -0.3524 -0.0311
vn -0.8714 -0.4865 0.0632
vn -0.5685 -0.8203 0.0616
vn -0.8393 0.5432 0.0214
vn -0.9487 -0.3161 0.0034
vn -0.4910 0.2997 0.8180
vn -0.3978 0.9154 -0.0622
vn -0.1781 0.9830 -0.0448
vn -0.7458 0.6569 -0.1111
vn -0.6144 -0.7149 0.3338
vn -0.0546 -0.5833 -0.8104
vn -0.5170 0.3845 -0.7648
vn -0.6067 -0.7842 0.1302
vn 0.9132 -0.2072 -0.3509
vn -0.0351 0.9994 0.0055
vn -0.3426 0.9371 0.0667
vn 0.0870 0.9903 -0.1084
vn 0.5111 0.1908 0.8381
vn 0.6523 0.7234 0.2262
vn 0.7660 -0.6132 -0.1928
vn 0.1773 0.7248 0.6657
vn 0.2055 0.6287 0.7500
vn -0.0263 0.0184 0.9995
vn -0.0599 0.9631 0.2625
vn 0.3383 0.9202 -0.1968
vn -0.3813 -0.9078 0.1748
vn 0.2424 -0.7180 0.6524
vn -0.0683 0.1600 0.9847
vn -0.3342 0.4677 -0.8183
vn 0.6138 -0.2852 -0.7361
vn 0.8504 -0.5257 -0.0188
vn 0.3207 -0.6684 -0.6711
vn -0.0468 0.9989 0.0096
vn 0.5112 0.8463 -0.1499
vn -0.4566 -0.8810 0.1237
vn 0.1915 -0.9041 -0.3821
vn -0.4720 -0.8639 0.1761
vn 0.8060 0.5913 -0.0267
vn -0.7613 0.6076 0.2265
vn -0.7768 -0.2915 0.5583
vn 0.2498 -0.4167 0.8741
vn 0.3372 -0.9284 0.1558
vn -0.2114 0.9065 0.3654
vn -0.3959 0.8835 0.2506
vn -0.0442 -0.9989 -0.0169
vn -0.0806 -0.0112 -0.9967
vn 0.1837 -0.8709 -0.4558
vn -0.2289 0.2520 0.9403
vn -0.1834 -0.8304 0.5261
vn 0.3537 -0.8135 0.4616
vn 0.9366 -0.2020 0.2864
vn -0.1252 -0.3979 -0.9089
vn 0.2058 0.9408 -0.2695
vn -0.0125 -0.0142 -0.9998
vn 0.5295 -0.7522 -0.3921
vn 0.3499 -0.9195 0.1790
vn -0.4051 0.8152 0.4140
vn -0.3919 -0.6109 -0.6879
vn -0.4476 0.8253 0.3443
vn -0.1051 0.9804 0.1664
vn 0.2287 0.9733 0.0216
vn -0.0594 0.9976 0.0345
vn 0.9169 -0.1337 -0.3761
vn 0.2123 0.7389 -0.6395
vn -0.0403 -0.9514 0.3052
vn -0.0023 -0.9998 0.0199
vn 0.2335 0.9708 -0.0553
vn 0.6333 0.4322 0.6420
vn 0.4898 -0.8668 -0.0934
vn 0.3070 -0.6768 -0.6691
vn 0.6098 0.7924 -0.0148
vn -0.0303 0.9879 0.1523
vn 0.2349 0.9370 -0.2584
vn 0.0328 -0.9969 0.0710
vn -0.1577 0.1875 0.9695
vn -0.7283 0.3434 -0.5930
vn -0.7855 0.5962 -0.1661
vn -0.7027 0.2621 0.6614
vn -0.8488 -0.5283 0.0193
vn 0.3113 0.9466 0.0837
vn 0.3116 0.9464 0.0848
vn 0.3234 0.9417 0.0932
vn -0.0123 -0.9987 -0.0491
vn 0.8175 -0.0596 0.5728
vn -0.7507 0.6606 0.0108
vn -0.5092 0.6786 0.5293
vn -0.9589 0.2772 -0.0612
vn -0.0155 0.9950 -0.0988
vn 0.1433 0.1133 0.9832
vn 0.1477 0.6871 0.7114
vn -0.9663 0.2019 0.1599
vn 0.0923 -0.9895 0.1109
vn -0.0205 -0.9998 -0.0025
vn -0.0057 -0.9995 0.0296
vn -0.0083 -0.8745 -0.4850
vn 0.0125 0.9953 -0.0964
vn -0.6720 0.7277 -0.1374
vn -0.1053 0.9873 -0.1188
vn -0.4120 0.8990 -0.1488
vn -0.9144 -0.3995 -0.0658
vn -0.9205 0.0704 -0.3844
vn -0.9620 0.2419 0.1264
vn -0.4489 -0.4907 -0.7468
vn 0.5871 0.8088 0.0330
vn 0.6365 0.7654 -0.0954
vn 0.7969 0.4099 0.4439
vn -0.1336 0.9245 0.3571
vn 0.8624 -0.4024 -0.3072
vn -0.8943 0.3095 0.3230
vn 0.7984 0.5138 0.3140
vn 0.7607 0.4440 0.4734
vn 0.1729 -0.9847 -0.0209
vn 0.9866 -0.1373 0.0884
vn -0.0310 0.9358 0.3512
vn 0.9598 0.1294 0.2492
vn -0.2253 0.7302 -0.6450
vn -0.0492 0.9896 -0.1349
vn 0.6195 -0.1966 -0.7600
vn 0.8251 -0.2913 -0.4841
vn 0.7894 -0.2346 -0.5672
vn -0.0547 -0.9985 0.0030
vn 0.9387 0.3010 -0.1680
vn 0.2646 0.9515 -0.1573
vn 0.9609 0.1520 0.2314
vn -0.2686 -0.4252 0.8643
vn -0.0683 0.9243 0.3755
vn -0.3454 0.8320 0.4342
vn 0.9999 0.0062 -0.0136
vn 0.9915 0.0960 -0.0879
vn 0.6539 -0.2330 0.7198
vn -0.7183 0.5583 -0.4152
vn -0.2544 -0.6956 -0.6719
vn 0.2199 -0.9714 -0.0898
vn -0.8625 0.2020 0.4639
vn 0.9737 -0.2019 -0.1053
vn 0.1083 -0.9929 -0.0490
vn 0.9536 -0.2363 0.1868
vn -0.0120 0.3812 -0.9244
vn -0.0548 0.7828 -0.6198
vn -0.0869 0.8951 0.4373
vn -0.2371 -0.4760 0.8469
vn 0.0318 -0.3808 -0.9241
vn -0.4361 0.7260 0.5318
vn -0.7841 -0.1427 0.6040
vn -0.9857 0.0059 0.1682
vn -0.1822 0.9826 0.0352
vn -0.0040 0.9952 -0.0980
vn -0.6906 0.7038 -0.1667
vn -0.1786 0.9369 0.3006
vn -0.7795 0.5567 0.2870
vn -0.9262 0.1063 -0.3617
vn -0.9581 0.0456 -0.2829
vn -0.0642 -0.9975 0.0309
vn -0.9207 0.2493 0.3004
vn 0.0013 0.9989 0.0479
vn -0.1458 0.9822 0.1186
vn -0.3884 0.9145 -0.1138
vn -0.9014 0.1294 -0.4133
vn -0.9183 0.0049 -0.3958
vn -0.5664 0.8170 -0.1079
vn -0.9013 0.1294 -0.4134
vn -0.1956 0.0723 0.9780
vn 0.0187 -0.9998 -0.0069
vn -0.4393 0.8981 -0.0197
vn -0.0439 -0.9899 0.1349
vn -0.0094 -0.9989 0.0467
vn 0.0650 -0.9960 0.0607
vn 0.0253 0.9822 -0.1862
vn -0.5595 0.6271 -0.5420
vn 0.0813 0.9785 -0.1898
vn 0.0908 -0.3511 -0.9319
vn -0.3154 0.6215 0.7171
vn -0.0064 0.6851 0.7285
vn -0.0227 -0.9997 0.0136
vn -0.8335 0.0677 -0.5484
vn -0.9299 -0.0613 -0.3628
vn -0.0531 0.9985 -0.0107
vn 0.0868 -0.6757 0.7321
vn -0.0217 -0.9997 0.0121
vn -0.8134 -0.0260 -0.5811
vn -0.2195 -0.0443 0.9746
vn -0.5119 0.8549 0.0849
vn -0.1050 -0.9253 0.3643
vn -0.0294 -0.9987 -0.0425
vn -0.7374 -0.0199 -0.6752
vn -0.8989 -0.0958 -0.4276
vn -0.9296 -0.0039 -0.3686
vn 0.0092 -0.9956 -0.0936
vn -0.3327 -0.4565 0.8252
vn 0.0128 0.2014 -0.9794
vn -0.0797 0.8600 -0.5040
vn -0.0210 -0.9997 -0.0113
vn -0.0400 -0.9992 0.0037
vn -0.7582 0.5829 0.2921
vn -0.0852 0.9822 0.1676
vn -0.4522 0.3623 -0.8150
vn -0.0832 0.6754 -0.7328
vn -0.1819 0.6740 0.7160
vn 0.1500 0.7825 0.6043
vn -0.0007 -1.0000 -0.0033
vn -0.3582 0.6268 -0.6920
vn -0.5436 0.8241 0.1591
vn -0.0294 -0.9991 -0.0312
vn -0.0629 0.7117 0.6997
vn 0.0764 -0.9964 0.0379
vn -0.5323 0.7889 -0.3072
vn 0.0255 -0.9961 0.0849
vn -0.6406 0.0943 -0.7620
vn 0.0145 0.9999 -0.0086
vn -0.2489 0.8412 0.4801
vn -0.1785 -0.7796 -0.6003
vn -0.6822 0.6410 -0.3517
vn 0.4791 0.5799 -0.6589
vn -0.0081 -0.9737 0.2275
vn -0.0415 -0.9907 -0.1295
vn -0.3988 0.0324 0.9164
vn -0.1293 -0.1094 0.9856
vn -0.3367 0.0320 0.9411
vn -0.0083 0.9792 0.2026
vn -0.2746 0.5761 0.7699
vn 0.0227 0.9997 0.0130
vn 0.5690 0.1623 -0.8062
vn -0.1087 0.9763 0.1870
vn -0.0060 1.0000 0.0007
vn -0.3696 0.8416 -0.3940
vn -0.2349 0.9434 -0.2340
vn 0.0474 -0.9966 -0.0673
vn -0.5976 0.7851 0.1626
vn -0.1160 0.9827 -0.1446
vn -0.9915 -0.1284 -0.0203
vn -0.5598 -0.1215 -0.8197
vn -0.2266 0.9739 0.0128
vn 0.0653 0.7754 0.6281
vn 0.0033 -0.9999 -0.0123
vn -0.0252 -0.9994 -0.0254
vn 0.7685 -0.1957 0.6092
vn 0.3614 0.5518 -0.7516
vn -0.0172 -0.9999 0.0003
vn 0.3679 -0.5834 -0.7241
vn -0.4037 0.5984 -0.6920
vn -0.0158 -0.9995 -0.0269
vn -0.0439 0.9708 0.2359
vn -0.0199 0.6891 -0.7244
vn -0.0653 0.5694 -0.8195
vn 0.1152 0.9481 -0.2963
vn -0.2095 0.6285 0.7491
vn -0.1777 0.4067 0.8961
vn -0.8583 0.3391 -0.3852
vn -0.0130 0.5630 0.8264
vn 0.0570 0.5973 -0.8000
vn -0.4010 0.8762 0.2673
vn -0.3118 0.6465 0.6963
vn -0.2323 0.8259 0.5138
vn -0.9868 0.0536 -0.1530
vn -0.9867 0.0536 -0.1533
vn -0.9894 0.0562 -0.1340
vn -0.1241 0.9885 0.0865
vn -0.9828 0.0502 -0.1776
vn -0.5914 -0.2017 0.7807
vn -0.2174 0.1002 -0.9709
vn 0.1244 0.9876 0.0954
vn -0.0042 0.9981 -0.0621
vn 0.0421 0.5772 0.8155
vn -0.0525 0.9710 0.2332
vn -0.2516 0.0025 -0.9678
vn -0.0319 0.2492 -0.9679
vn -0.3664 0.8297 0.4212
vn -0.0982 -0.9885 -0.1146
vn -0.0729 0.6183 0.7826
vn -0.0059 0.0848 0.9964
vn 0.3926 0.8493 -0.3529
vn -0.6111 0.7037 0.3624
vn -0.8912 0.4299 -0.1448
vn -0.3814 0.7381 0.5566
vn -0.2110 0.0200 0.9773
vn 0.2315 0.8163 -0.5292
vn -0.3719 0.0109 -0.9282
vn 0.0574 -0.9959 -0.0692
vn -0.1417 0.9898 -0.0158
vn -0.3178 0.2986 -0.8999
vn -0.0375 0.9965 -0.0747
vn 0.1357 0.9153 -0.3793
vn -0.0053 1.0000 -0.0006
vn 0.0820 -0.0346 0.9960
vn -0.0454 -0.9935 0.1044
vn -0.2754 -0.3608 -0.8910
vn -0.8197 0.4503 -0.3540
vn 0.0437 -0.9989 -0.0169
vn -0.0694 0.9588 -0.2754
vn 0.0144 0.3115 -0.9501
vn -0.0000 0.4988 0.8667
vn -0.2307 0.9233 0.3072
vn -0.2501 0.9413 0.2268
vn -0.4577 0.2978 -0.8378
vn -0.0918 -0.9769 0.1929
vn -0.0372 -0.9937 0.1059
vn 0.7051 -0.0148 0.7090
vn -0.4200 -0.7011 0.5762
vn -0.6851 -0.1438 0.7141
vn -0.3308 0.5414 -0.7729
vn 0.4395 0.8624 -0.2513
vn -0.8794 -0.4737 -0.0468
vn -0.0081 -0.9980 -0.0622
vn -0.9215 -0.2598 -0.2889
vn -0.9876 -0.1370 -0.0763
vn -0.8036 -0.5248 -0.2809
vn 0.3100 0.7435 -0.5926
vn 0.7045 0.1070 -0.7016
vn -0.0059 -0.9923 0.1241
vn 0.4666 0.2968 -0.8332
vn -0.0287 0.9681 0.2489
vn -0.4864 0.5444 0.6834
vn -0.0148 -0.9684 -0.2488
vn 0.0862 0.5552 -0.8273
vn -0.0348 -0.9994 -0.0078
vn -0.5893 0.0453 -0.8066
vn -0.3417 -0.9395 -0.0220
vn 0.0093 -1.0000 0.0005
vn -0.6350 -0.0431 -0.7713
vn 0.0582 -0.9980 0.0238
vn 0.0943 0.9916 0.0881
vn 0.1394 0.3686 0.9191
vn -0.2818 0.9488 -0.1425
vn -0.1972 0.9782 -0.0657
vn 0.0515 -0.9987 0.0042
vn -0.0112 0.9999 -0.0019
vn 0.1687 0.9689 -0.1813
vn 0.0885 0.9680 -0.2349
vn 0.1456 0.9803 -0.1335
vn -0.1378 0.5646 0.8138
vn -0.9294 -0.2991 0.2163
vn -0.8741 -0.0740 0.4801
vn 0.0814 0.9851 0.1516
vn -0.2275 0.9711 -0.0719
vn -0.3532 0.9228 -0.1537
vn -0.0155 -0.9999 -0.0021
vn 0.0457 -0.9987 -0.0205
vn 0.0216 -0.9987 -0.0466
vn 0.9905 0.0763 -0.1144
vn 0.9814 0.1431 -0.1281
vn 0.9883 0.1518 0.0153
vn 0.0747 0.9819 -0.1743
vn -0.5520 0.8261 -0.1134
vn 0.2562 0.9008 0.3505
vn 0.0461 -0.9986 -0.0255
vn -0.1126 0.2264 -0.9675
vn 0.4222 0.5301 -0.7353
vn -0.0738 0.8986 0.4326
vn -0.0095 0.9873 0.1587
vn -0.2346 -0.9471 -0.2192
vn 0.6184 0.2335 0.7504
vn 0.2613 0.9024 0.3426
vn -0.4731 -0.6290 0.6169
vn 0.5092 0.7036 0.4956
vn -0.3368 0.9175 -0.2114
vn 0.1985 0.9747 0.1026
vn -0.2380 -0.1161 -0.9643
vn -0.8609 -0.1602 0.4829
vn 0.2436 0.5487 0.7998
vn -0.0444 0.9988 -0.0228
vn -0.0184 0.8053 -0.5926
vn -0.6987 0.6074 0.3781
vn 0.6725 0.2507 0.6963
vn 0.1988 0.9761 0.0876
vn 0.2854 0.3484 -0.8928
vn -0.7469 0.4890 -0.4505
vn 0.0868 0.9793 0.1831
vn 0.2859 0.2807 -0.9162
vn 0.9945 -0.0040 0.1046
vn -0.8623 0.2676 -0.4299
vn -0.4562 -0.0709 -0.8870
vn -0.3749 0.9146 -0.1513
vn 0.7354 0.6412 -0.2192
vn 0.1430 0.9502 -0.2770
vn 0.3114 0.0400 0.9494
vn -0.4404 0.2526 -0.8615
vn 0.0417 0.8706 -0.4903
vn -0.0529 0.9986 -0.0080
vn -0.0971 0.5074 0.8562
vn 0.0865 0.8190 0.5673
vn 0.0761 0.9232 0.3768
vn -0.5556 0.3762 0.7414
vn -0.7650 -0.0397 -0.6428
vn -0.6960 0.7059 -0.1318
vn -0.4483 -0.1199 -0.8858
vn 0.1046 -0.9940 0.0316
vn -0.1014 0.9426 0.3181
vn -0.9735 0.2111 -0.0879
vn 0.0503 -0.9985 -0.0235
vn -0.1503 0.5921 0.7917
vn 0.7245 0.6881 0.0407
vn 0.9482 0.1026 0.3007
vn -0.1254 -0.9905 0.0572
vn 0.0185 -0.9998 -0.0112
vn 0.6212 0.7547 0.2110
vn 0.0389 0.7986 -0.6006
vn 0.1352 0.7499 -0.6476
vn -0.2299 0.9712 -0.0627
vn 0.5953 0.7200 -0.3568
vn -0.8786 0.2286 0.4193
vn -0.0976 0.9951 0.0167
vn -0.0763 -0.9902 0.1170
vn -0.2416 0.9583 0.1524
vn 0.8810 0.1144 -0.4591
vn -0.0063 -0.9776 0.2102
vn 0.7064 0.6084 -0.3617
vn 0.4371 -0.1490 0.8870
vn 0.7432 0.4834 -0.4626
vn 0.0589 0.6983 -0.7134
vn -0.4790 0.6269 -0.6144
vn 0.7274 0.6852 0.0386
vn 0.1695 0.7361 0.6553
vn 0.0461 0.8540 -0.5182
vn 0.0060 -0.9979 -0.0651
vn -0.1000 -0.0517 -0.9936
vn -0.1733 -0.0778 -0.9818
vn 0.7269 0.6684 -0.1577
vn -0.6713 0.1789 -0.7193
vn 0.3312 0.7361 0.5902
vn 0.4638 0.8825 0.0777
vn -0.1228 0.9917 -0.0388
vn 0.0198 0.2896 0.9569
vn -0.0055 0.9928 0.1197
vn -0.0233 -0.9945 0.1022
vn -0.9895 -0.0117 -0.1439
vn 0.3122 0.7475 0.5863
vn 0.2954 -0.9550 0.0276
vn 0.0709 -0.9975 -0.0017
vn 0.7885 -0.0487 0.6130
vn 0.5904 0.0977 0.8012
vn 0.2160 0.9757 0.0356
vn 0.6131 -0.2019 0.7638
vn 0.1031 0.9913 0.0813
vn -0.0679 -0.9977 -0.0041
vn -0.3223 0.9309 0.1721
vn 0.0618 0.1905 0.9797
vn 0.2684 0.9531 0.1398
vn 0.2953 0.8980 -0.3262
vn 0.7332 0.6579 -0.1719
vn -0.2519 0.9676 0.0142
vn -0.0590 0.3620 -0.9303
vn 0.1750 -0.2119 -0.9615
vn 0.9431 0.1518 -0.2957
vn 0.2890 0.0297 -0.9569
vn 0.7437 -0.6039 0.2867
vn -0.2118 0.0641 0.9752
vn 0.6936 0.2799 0.6638
vn 0.0129 -0.9816 0.1907
vn 0.4152 0.7464 -0.5201
vn 0.5723 0.6681 0.4756
vn 0.9505 0.1464 0.2740
vn 0.6851 0.7282 -0.0192
vn -0.0004 0.9990 -0.0452
vn -0.0795 0.1022 0.9916
vn -0.2608 0.9604 -0.0976
vn 0.1731 0.9847 -0.0208
vn 0.0793 0.9911 -0.1067
vn 0.5395 0.8413 -0.0335
vn 0.6014 0.7807 0.1697
vn 0.8094 -0.0616 0.5840
vn 0.7419 -0.0887 -0.6647
vn -0.3789 0.9029 -0.2031
vn 0.1481 0.9668 -0.2083
vn -0.6074 -0.7856 -0.1177
vn -0.0708 -0.9881 0.1365
vn 0.6420 0.6488 0.4085
vn 0.8901 0.4478 -0.0854
vn -0.2725 -0.7774 0.5670
vn -0.3317 -0.7754 0.5373
vn -0.2688 -0.7720 0.5760
vn 0.5079 0.3512 0.7866
vn -0.0061 0.9999 0.0090
vn 0.8840 0.0645 0.4631
vn 0.2402 0.0713 0.9681
vn 0.0235 0.2112 -0.9772
vn -0.5355 0.8402 -0.0858
vn 0.7847 0.1251 -0.6071
vn 0.6088 0.7428 0.2786
vn -0.0726 -0.9959 0.0536
vn 0.6332 0.0256 0.7735
vn 0.8434 0.2365 0.4824
vn -0.1547 -0.9873 -0.0369
vn 0.1048 0.9912 0.0803
vn 0.8202 0.5443 0.1759
vn 0.6545 0.7151 -0.2455
vn 0.9017 0.0269 0.4315
vn -0.7485 0.4586 0.4789
vn 0.1499 0.9817 -0.1174
vn 0.0076 -0.9975 0.0705
vn -0.5033 0.1518 0.8507
vn -0.8887 0.1957 0.4147
vn 0.9427 0.0264 0.3325
vn -0.4641 -0.6080 -0.6442
vn 0.8341 0.0787 -0.5459
vn -0.0306 -0.9994 0.0152
vn 0.0422 0.9991 -0.0076
vn 0.6732 0.6996 -0.2394
vn -0.1139 0.9869 0.1147
vn 0.9873 0.1436 -0.0673
vn 0.7616 -0.1110 0.6385
vn 0.0067 -1.0000 -0.0029
vn -0.0891 0.9904 0.1059
vn 0.0989 -0.9926 0.0710
vn 0.6603 0.7312 0.1714
vn 0.8079 0.5731 -0.1373
vn 0.9980 0.0044 0.0623
vn 0.0168 0.9881 -0.1528
vn 0.0893 0.9671 -0.2383
vn -0.2726 0.9619 0.0206
vn -0.8881 -0.0264 -0.4589
vn 0.9817 -0.0355 -0.1869
vn -0.0293 -0.9992 0.0271
vn -0.0280 -0.9993 0.0265
vn 0.0305 0.9990 0.0321
vn -0.1255 0.9899 0.0658
vn -0.3228 0.8111 0.4878
vn -0.0896 0.6827 -0.7252
vn -0.0581 0.9872 0.1487
vn 0.1134 0.9911 -0.0697
vn -0.5632 0.0307 -0.8257
vn -0.9919 -0.0070 0.1271
vn -0.3056 0.8031 -0.5115
vn -0.7563 0.6254 -0.1921
vn -0.9368 0.0035 0.3498
vn -0.9812 0.1556 -0.1140
vn 0.5849 -0.0044 -0.8111
vn -0.9931 0.1061 -0.0499
vn -0.9292 0.2557 -0.2669
vn -0.6632 -0.7438 -0.0829
vn -0.9871 0.1551 -0.0399
vn -0.9788 0.0332 0.2019
vn -0.5989 0.0552 0.7989
vn 0.5604 0.0053 -0.8282
vn -0.2870 0.9572 0.0385
vn 0.6458 -0.0702 0.7602
vn -0.1015 0.9925 0.0680
vn 0.6645 0.7433 -0.0770
vn 0.0239 -0.9996 0.0168
vn 0.2961 0.1492 0.9434
vn 0.2354 0.1773 0.9556
vn 0.6692 -0.0055 -0.7431
vn -0.1320 0.0500 -0.9900
vn 0.4223 -0.2059 -0.8827
vn 0.1307 0.9608 0.2444
vn 0.0409 0.9901 0.1346
vn 0.0398 0.9953 0.0878
vn 0.0029 -0.0197 0.9998
vn 0.1564 -0.0084 0.9877
vn -0.8705 0.2334 0.4333
vn -0.0289 -0.0220 0.9993
vn -0.0447 0.9950 0.0893
vn -0.3415 -0.0384 0.9391
vn 0.2437 0.9316 0.2696
vn -0.9871 0.1551 -0.0398
vn -0.8465 0.3623 0.3901
vn 0.7668 0.4202 0.4853
vn -0.7970 -0.3460 -0.4950
vn 0.0080 0.9992 -0.0397
vn 0.1663 0.1223 -0.9785
vn 0.0816 -0.0805 -0.9934
vn 0.0593 0.1100 -0.9922
vn 0.7607 -0.5864 0.2784
vn 0.1888 -0.7503 -0.6336
vn 0.1948 -0.7784 -0.5968
vn 0.1099 -0.5662 -0.8169
vn -0.0409 -0.9991 -0.0142
vn -0.5798 0.0272 -0.8143
vn -0.0884 -0.1347 0.9869
vn 0.7223 -0.1130 0.6822
vn 0.0630 0.0651 0.9959
vn -0.5315 0.1399 0.8354
vn 0.7841 -0.0685 0.6169
vn -0.9861 0.0092 -0.1661
vn -0.3176 -0.1008 0.9429
vn -0.6644 -0.5320 -0.5249
vn -0.0946 0.3712 -0.9237
vn 0.9985 0.0128 0.0535
vn 0.9862 0.0044 0.1656
vn 0.6698 0.0814 -0.7380
vn 0.5991 -0.0031 -0.8007
vn -0.1473 0.7494 -0.6455
vn -0.4201 -0.1947 0.8863
vn -0.8009 0.5294 0.2796
vn 0.8855 0.1179 -0.4494
vn 0.9190 0.0419 -0.3919
vn -0.0224 0.6030 0.7974
vn -0.0076 -0.9979 -0.0647
vn 0.0032 0.6415 0.7671
vn 0.0019 0.6428 0.7660
vn 0.0032 0.6389 0.7693
vn 0.8676 -0.0398 0.4957
vn -0.0526 0.9954 0.0806
vn 0.2146 0.7854 -0.5806
vn 0.2695 0.8163 -0.5110
vn -0.9933 0.0272 -0.1122
vn 0.0298 0.9994 -0.0187
vn -0.0736 0.9972 0.0151
vn 0.0015 0.9895 0.1442
vn -0.6035 -0.6151 -0.5074
vn -0.0547 0.9920 -0.1141
vn 0.1077 0.9941 -0.0124
vn -0.2249 0.9543 0.1969
vn -0.1077 -0.0104 0.9941
vn 0.0869 0.9962 -0.0088
vn -0.7689 0.4366 -0.4670
vn 0.3779 0.3411 -0.8607
vn 0.9699 -0.0411 0.2399
vn -0.0151 0.9596 0.2810
vn 0.2215 0.1835 0.9577
vn 0.0996 -0.9784 -0.1812
vn -0.0864 -0.9946 -0.0576
vn 0.1110 -0.9727 -0.2037
vn 0.7195 -0.5968 0.3552
vn -0.5837 -0.1137 -0.8040
vn -0.1502 0.0145 0.9885
vn -0.3092 0.0140 0.9509
vn -0.2795 0.0600 0.9583
vn 0.7264 -0.0754 0.6831
vn 0.7453 0.3216 -0.5841
vn -0.0175 0.6648 0.7469
vn -0.0192 0.6638 0.7477
vn -0.0168 0.6619 0.7494
vn -0.6654 -0.0545 -0.7445
vn 0.8204 -0.4254 0.3820
vn -0.5533 0.0022 -0.8330
vn -0.6612 0.0064 -0.7502
vn -0.6635 -0.0151 -0.7480
vn -0.6743 -0.0097 -0.7384
vn -0.2178 0.9745 -0.0539
vn 0.0051 0.1343 -0.9909
vn -0.6023 -0.6526 0.4597
vn -0.8140 -0.2589 -0.5200
vn 0.4228 0.4295 0.7980
vn 0.2304 0.9380 -0.2591
vn -0.1200 -0.7883 -0.6035
vn -0.9281 -0.0876 0.3619
vn -0.7687 0.5015 -0.3969
vn -0.1973 -0.0629 -0.9783
vn -0.3269 -0.3582 0.8745
vn 0.1362 0.2091 0.9684
vn 0.0307 0.1666 0.9855
vn 0.1231 0.9875 -0.0982
vn 0.1433 0.9891 -0.0342
vn 0.3550 0.9338 0.0439
vn -0.2329 0.9725 -0.0052
vn -0.2572 -0.0315 -0.9658
vn -0.1964 -0.0377 -0.9798
vn 0.0473 -0.4154 -0.9084
vn -0.8272 -0.0408 0.5604
vn -0.6069 -0.0113 0.7947
vn -0.6067 -0.0113 0.7949
vn 0.0326 -0.9995 -0.0010
vn 0.0761 -0.9966 0.0310
vn 0.5530 0.3017 -0.7767
vn 0.5063 0.6651 0.5489
vn 0.0213 -0.5473 -0.8367
vn -0.6235 0.0842 -0.7772
vn -0.2900 -0.0274 0.9566
vn 0.0231 0.9997 0.0018
vn -0.4012 0.0006 0.9160
vn -0.4853 0.0366 -0.8736
vn 0.9987 -0.0499 -0.0031
vn 0.5994 0.0462 -0.7991
vn 0.5761 0.0249 -0.8170
vn 0.6156 0.0613 -0.7857
vn -0.4393 0.0469 0.8971
vn -0.0388 -0.0257 0.9989
vn 0.6403 0.7661 -0.0551
vn -0.4445 0.0118 -0.8957
vn -0.9967 -0.0814 -0.0005
vn -0.9852 0.1714 -0.0018
vn -0.4855 0.0025 0.8742
vn 0.2795 -0.9088 -0.3097
vn -0.1267 -0.0446 -0.9909
vn -0.2044 0.3638 -0.9088
vn 0.8792 -0.3574 -0.3151
vn -0.6978 -0.0190 -0.7161
vn -0.6963 -0.0038 -0.7177
vn -0.6815 -0.0111 -0.7317
vn -0.3692 0.9219 -0.1175
vn 0.1398 -0.9123 -0.3849
vn -0.1237 -0.6989 -0.7044
vn -0.0382 -0.8733 -0.4857
vn 0.0134 -0.9999 -0.0070
vn 0.4829 0.4677 0.7403
vn 0.3536 0.8340 0.4236
vn -0.0271 0.5104 -0.8595
vn -0.4216 0.1071 -0.9004
vn 0.8816 -0.4097 0.2344
vn 0.3564 0.8468 0.3948
vn -0.8642 0.0320 -0.5020
vn 0.0951 0.9954 0.0140
vn 0.1327 0.9044 -0.4055
vn -0.4158 0.0294 0.9090
vn 0.0517 -0.9985 -0.0154
vn -0.7240 0.0998 0.6825
vn 0.9998 -0.0210 0.0033
vn 0.9861 -0.0269 -0.1641
vn 0.8988 -0.0013 -0.4384
vn 0.9238 -0.0589 -0.3783
vn 0.9277 0.0193 0.3728
vn 0.9506 0.0739 -0.3015
vn 0.0329 -0.1817 -0.9828
vn 0.9667 0.2025 0.1563
vn 0.9891 -0.0385 -0.1425
vn 0.9873 -0.0369 -0.1544
vn 0.9835 -0.0714 -0.1664
vn 0.9919 -0.0247 0.1245
vn 0.9953 -0.0371 0.0900
vn 0.9954 -0.0045 -0.0957
vn -0.4064 0.7248 -0.5563
vn -0.4727 0.6910 -0.5468
vn -0.4721 0.6702 -0.5727
vn -0.0313 0.9988 0.0388
vn -0.9897 -0.0904 -0.1107
vn 0.2051 0.9751 0.0846
vn 0.3367 0.1242 -0.9334
vn -0.3663 0.9049 -0.2167
vn -0.2842 -0.0785 -0.9555
vn 0.0121 -0.9813 -0.1922
vn 0.0819 -0.1467 0.9858
vn -0.2933 -0.9530 -0.0755
vn 0.0122 0.9993 -0.0341
vn 0.0404 -0.9974 -0.0599
vn 0.2795 -0.9574 0.0730
vn 0.0567 0.0775 -0.9954
vn 0.1578 0.0247 -0.9872
vn 0.8063 -0.2392 -0.5410
vn -0.7466 0.5356 -0.3947
vn -0.5887 0.6616 0.4645
vn -0.7541 0.4571 -0.4715
vn 0.0567 0.9864 -0.1543
vn 0.1146 0.9917 0.0582
vn 0.0674 0.9977 0.0078
vn -0.0758 0.9520 0.2964
vn -0.0496 0.7831 0.6199
vn -0.0010 -0.1798 0.9837
vn 0.0595 0.9974 0.0406
vn 0.5450 0.3786 0.7481
vn 0.3735 0.4205 -0.8269
vn 0.0034 -0.9991 -0.0415
vn 0.0364 0.9983 -0.0446
vn -0.4316 -0.4611 0.7754
vn -0.0742 0.9972 0.0030
vn -0.9926 0.1184 -0.0287
vn 0.3345 -0.7664 0.5484
vn 0.2708 -0.0988 -0.9575
vn -0.8972 -0.3884 0.2102
vn 0.0094 -0.9992 -0.0397
vn 0.1336 0.9878 0.0803
vn 0.1597 0.0005 0.9872
vn -0.0321 -0.9972 -0.0669
vn 0.9128 -0.0652 -0.4031
vn 0.2252 0.9742 0.0116
vn -0.2542 -0.7501 -0.6105
vn 0.0795 0.9952 0.0564
vn -0.4217 0.6484 0.6338
vn 0.0012 -0.9625 0.2712
vn 0.0249 0.9824 -0.1851
vn -0.0294 0.9949 -0.0968
vn -0.0070 0.9989 -0.0454
vn -0.1252 0.4818 -0.8673
vn 0.6141 0.0998 0.7829
vn 0.0025 -1.0000 0.0080
vn 0.0269 0.9978 -0.0608
vn 0.1032 0.9059 -0.4107
vn 0.0054 -0.9999 0.0107
vn 0.0092 1.0000 -0.0027
vn -0.0907 0.9958 -0.0104
vn 0.9377 0.1288 0.3228
vn -0.3832 0.9236 0.0100
vn 0.3252 0.8939 0.3085
vn 0.0185 0.6180 0.7860
vn -0.0107 0.8283 0.5602
vn 0.0831 0.8619 0.5001
vn 0.0210 0.6067 0.7947
vn -0.2916 0.8202 0.4921
vn 0.3042 -0.0543 -0.9511
vn 0.2534 0.9616 -0.1052
vn 0.0168 -0.9977 -0.0661
vn 0.0142 -0.9997 -0.0174
vn -0.0579 0.9746 -0.2162
vn 0.2534 0.9616 -0.1053
vn 0.4096 0.4191 -0.8103
vn 0.6134 0.7043 -0.3573
vn -0.0366 0.9968 -0.0707
vn -0.0483 -0.9984 -0.0281
vn 0.8331 -0.5373 -0.1317
vn 0.6072 -0.2945 -0.7379
vn 0.1200 0.9539 -0.2751
vn 0.0182 -0.9997 -0.0145
vn -0.1948 -0.4586 -0.8671
vn -0.1614 0.1842 0.9695
vn -0.0604 0.9980 -0.0202
vn 0.0109 -0.9981 0.0613
vn 0.0132 -0.9997 -0.0188
vn -0.0995 -0.9828 0.1553
vn -0.1738 0.7365 -0.6537
vn -0.0776 0.8157 -0.5732
vn -0.1257 0.7491 -0.6504
vn -0.0779 0.9970 -0.0040
vn 0.0029 1.0000 0.0027
vn -0.1149 -0.9930 -0.0289
vn -0.5695 -0.6758 0.4680
vn -0.6696 0.5977 0.4410
vn 0.2272 0.8222 -0.5219
vn 0.6518 -0.5883 -0.4786
vn -0.7400 0.5695 0.3579
vn -0.0161 0.7550 -0.6556
vn -0.0403 0.9990 -0.0171
vn 0.0252 0.9997 0.0003
vn 0.0023 0.6310 -0.7758
vn 0.1700 0.5529 -0.8157
vn -0.0534 -0.2004 0.9783
vn 0.1019 0.9774 -0.1851
vn 0.1541 0.9877 -0.0251
vn -0.0690 0.8092 -0.5834
vn -0.4933 0.3777 0.7836
vn -0.2895 0.6791 0.6745
vn 0.1455 -0.5759 0.8045
vn 0.1471 -0.5702 0.8082
vn 0.1118 -0.5949 0.7960
vn 0.0782 0.9960 -0.0431
vn 0.0251 0.9963 0.0825
vn 0.2196 0.2441 -0.9446
vn 0.2196 0.2442 -0.9445
vn 0.2446 0.2375 -0.9401
vn -0.2358 0.4150 -0.8787
vn -0.0264 0.9790 -0.2021
vn 0.4812 0.5478 0.6843
vn -0.1035 0.9901 0.0950
vn -0.1721 0.9837 -0.0513
vn 0.4384 0.5941 0.6745
vn 0.0209 0.3427 -0.9392
vn 0.0576 -0.9983 -0.0050
vn 0.1493 0.9644 0.2182
vn -0.5659 0.4297 0.7037
vn 0.5901 0.7998 -0.1099
vn 0.0448 -0.9982 -0.0390
vn -0.0701 -0.4389 0.8958
vn -0.4699 0.5794 0.6659
vn -0.4580 0.5386 -0.7072
vn -0.6281 -0.5465 0.5540
vn -0.0620 0.9963 -0.0591
vn 0.8769 0.4801 -0.0212
vn -0.0502 0.3390 -0.9394
vn -0.0336 0.6462 -0.7624
vn 0.1545 -0.9625 -0.2230
vn -0.0925 0.9217 0.3768
vn -0.3438 -0.2416 -0.9074
vn 0.0260 0.9959 0.0872
vn 0.3164 -0.7960 -0.5160
vn -0.0396 0.7153 -0.6977
vn -0.0084 -0.6011 0.7992
vn 0.0284 -0.7937 0.6076
vn -0.0086 0.1203 0.9927
vn -0.7634 -0.0024 0.6459
vn 0.5386 -0.2295 0.8107
vn 0.0167 0.6896 0.7240
vn 0.6649 0.2412 0.7069
vn 0.4221 0.9062 -0.0252
vn 0.1575 0.2598 -0.9527
vn 0.0421 -0.6331 0.7729
vn 0.0668 -0.8194 0.5694
vn -0.0050 -0.9320 -0.3624
vn 0.5523 -0.7268 0.4084
vn 0.5543 0.5226 -0.6478
vn 0.9673 0.2534 -0.0096
vn 0.0305 -0.9995 -0.0110
vn 0.4847 0.6198 -0.6172
vn 0.0900 -0.9959 0.0129
vn 0.0465 0.9987 0.0218
vn -0.9355 -0.2026 -0.2893
vn -0.0262 0.9970 -0.0734
vn 0.2167 0.9514 -0.2188
vn -0.1016 0.9780 -0.1825
vn 0.9363 0.2974 0.1869
vn 0.0054 1.0000 -0.0067
vn 0.7140 0.6922 -0.1049
vn -0.0208 -0.6396 -0.7684
vn -0.1633 -0.3928 0.9050
vn 0.0243 -0.9498 0.3121
vn 0.6088 0.6275 0.4854
vn -0.0731 -0.2307 -0.9703
vn -0.0667 0.9966 -0.0478
vn -0.0117 -0.1017 -0.9947
vn 0.0278 -0.0716 -0.9970
vn 0.0029 0.9996 -0.0289
vn 0.7231 -0.0067 -0.6907
vn 0.6890 0.0258 -0.7243
vn 0.7227 0.0098 -0.6911
vn 0.1267 0.7090 0.6938
vn -0.9697 -0.0215 0.2432
vn -0.9661 -0.0254 0.2568
vn 0.0190 0.9998 0.0039
vn 0.0532 -0.9985 -0.0091
vn 0.0107 0.9812 0.1928
vn -0.9843 -0.0024 0.1766
vn 0.0477 0.9986 0.0231
vn 0.2707 0.5212 0.8094
vn -0.1462 0.9892 -0.0058
vn 0.1092 -0.9900 -0.0890
vn -0.3727 0.6011 0.7069
vn -0.0669 0.1268 0.9897
vn 0.3466 0.9195 0.1854
vn 0.0557 -0.0529 -0.9970
vn 0.1225 -0.9924 0.0066
vn -0.0239 0.9989 0.0398
vn 0.2030 0.2263 -0.9527
vn 0.2303 0.1790 -0.9565
vn 0.1287 0.1124 -0.9853
vn 0.7765 0.1894 0.6009
vn 0.1035 0.9937 -0.0435
vn -0.0028 -0.7052 0.7090
vn 0.0585 -0.9647 0.2568
vn 0.1261 -0.0900 0.9879
vn 0.0200 0.3358 -0.9417
vn 0.9858 0.1670 -0.0156
vn 0.2721 0.0059 0.9622
vn 0.1117 0.9937 0.0127
vn -0.0443 0.7183 -0.6944
vn -0.0085 0.6548 -0.7558
vn -0.0519 0.6508 -0.7574
vn 0.0244 0.2830 -0.9588
vn -0.3815 -0.9237 0.0338
vn -0.0035 -0.9999 0.0106
vn -0.0632 0.5545 0.8298
vn 0.5124 -0.0871 -0.8543
vn 0.5721 -0.8197 0.0279
vn 0.1340 0.9907 0.0220
vn 0.1101 0.9935 0.0297
vn 0.1217 0.7217 -0.6814
vn 0.0018 0.6364 -0.7714
vn -0.0449 -0.9062 0.4205
vn -0.1443 -0.9895 -0.0012
vn -0.2470 -0.5780 -0.7778
vn 0.1359 0.9907 0.0085
vn 0.1221 0.9924 0.0146
vn 0.1421 0.2949 0.9449
vn -0.2216 0.7041 0.6746
vn -0.1325 -0.7868 0.6028
vn 0.1957 -0.7591 -0.6209
vn 0.1957 -0.7591 -0.6208
vn 0.2303 -0.8127 -0.5353
vn 0.0440 -0.4765 -0.8781
vn -0.1535 0.0517 -0.9868
vn 0.0887 0.5441 0.8343
vn 0.3270 0.8706 -0.3675
vn 0.7200 0.6571 0.2233
vn -0.0147 0.9764 0.2156
vn -0.2327 0.2182 0.9478
vn -0.9962 0.0001 0.0872
vn 0.3558 0.0488 -0.9333
vn 0.2004 0.0334 -0.9791
vn -0.0332 0.0144 -0.9993
vn -0.0843 0.0044 -0.9964
vn -0.7768 0.1476 0.6122
vn -0.9948 -0.0326 -0.0964
vn 0.5258 0.0428 -0.8495
vn 0.2244 -0.0570 0.9728
vn 0.7988 0.0251 0.6011
vn -0.7446 0.0337 0.6666
vn 0.7334 0.0257 -0.6793
vn 0.4851 0.0551 -0.8727
vn 0.8242 -0.0356 0.5652
vt 0.798788 0.152182
vt 0.744256 0.171786
vt 0.711670 0.148111
vt 0.344907 0.609240
vt 0.325998 0.644804
vt 0.338056 0.536471
vt 0.312961 0.611129
vt 0.921817 0.563669
vt 0.888942 0.543295
vt 0.926677 0.402466
vt 0.189865 0.793648
vt 0.210957 0.796624
vt 0.209363 0.801133
vt 0.597854 0.204809
vt 0.738302 0.204809
vt 0.721220 0.242900
vt 0.513006 0.880580
vt 0.489327 0.902285
vt 0.425921 0.885295
vt 0.744045 0.640816
vt 0.874521 0.546020
vt 0.880955 0.648203
vt 0.513322 0.922707
vt 0.506077 0.904018
vt 0.813299 0.404564
vt 0.838201 0.405432
vt 0.818730 0.417575
vt 0.719835 0.443845
vt 0.838152 0.387516
vt 0.125544 0.006105
vt 0.142384 0.006105
vt 0.131716 0.010329
vt 0.809304 0.422709
vt 0.855847 0.345180
vt 0.228055 0.225600
vt 0.222965 0.222685
vt 0.231439 0.166413
vt 0.002088 0.231176
vt 0.002088 0.224383
vt 0.005131 0.231344
vt 0.039249 0.555687
vt 0.033380 0.556467
vt 0.035006 0.549947
vt 0.910445 0.112949
vt 0.917865 0.108665
vt 0.960073 0.110626
vt 0.243945 0.104033
vt 0.194302 0.102044
vt 0.237882 0.098945
vt 0.206196 0.098355
vt 0.294763 0.107062
vt 0.293859 0.104151
vt 0.294518 0.096623
vt 0.012239 0.182233
vt 0.004694 0.182233
vt 0.007622 0.178325
vt 0.246581 0.687462
vt 0.252921 0.704881
vt 0.251806 0.784152
vt 0.089782 0.424347
vt 0.092434 0.454666
vt 0.088841 0.466589
vt 0.279729 0.706316
vt 0.279729 0.803146
vt 0.269076 0.715357
vt 0.410609 0.995904
vt 0.413085 0.989654
vt 0.419177 0.990728
vt 0.002609 0.431836
vt 0.008816 0.436345
vt 0.000647 0.440176
vt 0.006314 0.224334
vt 0.809924 0.432944
vt 0.036621 0.566482
vt 0.566855 0.047025
vt 0.579255 0.045870
vt 0.576646 0.048752
vt 0.001641 0.836613
vt 0.008817 0.834282
vt 0.007436 0.840021
vt 0.951785 0.639038
vt 0.958573 0.639038
vt 0.954242 0.640842
vt 0.006953 0.068721
vt 0.003505 0.063796
vt 0.006412 0.056279
vt 0.352869 0.097262
vt 0.310776 0.100945
vt 0.302510 0.097327
vt 0.244580 0.102860
vt 0.844762 0.400098
vt 0.015737 0.347712
vt 0.015737 0.361451
vt 0.003686 0.350930
vt 0.089805 0.364581
vt 0.092952 0.374011
vt 0.090081 0.406833
vt 0.004067 0.001107
vt 0.011372 0.001107
vt 0.010299 0.004869
vt 0.848177 0.391892
vt 0.144686 0.515404
vt 0.139292 0.511024
vt 0.130240 0.471815
vt 0.012853 0.230786
vt 0.007870 0.228732
vt 0.627017 0.061687
vt 0.595336 0.060914
vt 0.625615 0.057835
vt 0.009817 0.198554
vt 0.000641 0.198554
vt 0.004653 0.192881
vt 0.843031 0.404106
vt 0.849371 0.404842
vt 0.846647 0.408790
vt 0.227832 0.432631
vt 0.222991 0.443013
vt 0.228061 0.353352
vt 0.218652 0.348820
vt 0.006860 0.729384
vt 0.001108 0.727515
vt 0.004968 0.721313
vt 0.006242 0.080431
vt 0.000352 0.077214
vt 0.004460 0.074947
vt 0.405027 0.989775
vt 0.188196 0.313375
vt 0.188196 0.391804
vt 0.180828 0.322199
vt 0.009264 0.148774
vt 0.000696 0.148774
vt 0.005094 0.143557
vt 0.631258 0.061407
vt 0.030687 0.995840
vt 0.022538 0.998487
vt 0.021604 0.994540
vt 0.294760 0.108012
vt 0.248839 0.108012
vt 0.245579 0.104637
vt 0.241888 0.097527
vt 0.000233 0.080260
vt 0.825845 0.432091
vt 0.093960 0.395329
vt 0.735179 0.882936
vt 0.730907 0.871201
vt 0.829460 0.881493
vt 0.356763 0.160952
vt 0.358109 0.143874
vt 0.410209 0.162634
vt 0.855597 0.382102
vt 0.410279 0.146215
vt 0.001101 0.786229
vt 0.002671 0.781397
vt 0.007863 0.787826
vt 0.000153 0.639635
vt 0.000153 0.635194
vt 0.005885 0.637702
vt 0.986116 0.638066
vt 0.989925 0.643308
vt 0.983182 0.643188
vt 0.211444 0.757012
vt 0.202400 0.762234
vt 0.204884 0.678005
vt 0.990048 0.004256
vt 0.989062 0.001222
vt 0.993508 0.002722
vt 0.991239 0.077869
vt 0.999298 0.077869
vt 0.994084 0.083984
vt 0.231846 0.762362
vt 0.249584 0.786596
vt 0.851778 0.410709
vt 0.816420 0.875375
vt 0.825900 0.867259
vt 0.020263 0.567075
vt 0.015458 0.555594
vt 0.017916 0.551949
vt 0.845743 0.412027
vt 0.583800 0.060114
vt 0.590825 0.057914
vt 0.615414 0.057914
vt 0.480083 0.002610
vt 0.488020 0.001210
vt 0.493025 0.003272
vt 0.418636 0.151957
vt 0.241739 0.097162
vt 0.240196 0.469910
vt 0.240196 0.391481
vt 0.245859 0.482523
vt 0.839164 0.416991
vt 0.546439 0.017828
vt 0.555701 0.005080
vt 0.560135 0.016736
vt 0.006461 0.633568
vt 0.009609 0.332148
vt 0.007559 0.329705
vt 0.014851 0.329745
vt 0.857645 0.214487
vt 0.879632 0.216031
vt 0.879507 0.217706
vt 0.178309 0.006009
vt 0.195695 0.006009
vt 0.189958 0.009429
vt 0.317926 0.739613
vt 0.329982 0.754591
vt 0.326014 0.769402
vt 0.125234 0.469742
vt 0.129772 0.468660
vt 0.005841 0.840202
vt 0.005841 0.847049
vt 0.000633 0.844533
vt 0.965238 0.639007
vt 0.972013 0.639007
vt 0.967927 0.641372
vt 0.002664 0.017559
vt 0.007794 0.019226
vt 0.002695 0.029752
vt 0.195370 0.082615
vt 0.193257 0.068367
vt 0.201663 0.064447
vt 0.085432 0.442518
vt 0.088564 0.430829
vt 0.087681 0.453661
vt 0.212863 0.221970
vt 0.086568 0.467080
vt 0.000574 0.935628
vt 0.000574 0.923435
vt 0.002414 0.929700
vt 0.836909 0.426671
vt 0.005030 0.671367
vt 0.011708 0.671318
vt 0.007356 0.674690
vt 0.013716 0.213199
vt 0.006768 0.215456
vt 0.006205 0.210341
vt 0.983833 0.638664
vt 0.979917 0.640924
vt 0.977322 0.638458
vt 0.597985 0.048490
vt 0.814071 0.051510
vt 0.796669 0.054578
vt 0.780052 0.050501
vt 0.991356 0.642882
vt 0.987684 0.637827
vt 0.991898 0.637496
vt 0.579805 0.058663
vt 0.287954 0.504265
vt 0.294715 0.489766
vt 0.291974 0.595393
vt 0.012401 0.675295
vt 0.290868 0.396417
vt 0.304749 0.313303
vt 0.300517 0.393832
vt 0.003018 0.251122
vt 0.006828 0.256393
vt 0.001140 0.255341
vt 0.303525 0.415282
vt 0.320708 0.841562
vt 0.010292 0.636326
vt 0.010305 0.640337
vt 0.114110 0.451889
vt 0.117464 0.439371
vt 0.115569 0.487422
vt 0.415172 0.143641
vt 0.574520 0.036903
vt 0.555627 0.037781
vt 0.557669 0.033932
vt 0.136407 0.515206
vt 0.679787 0.059542
vt 0.656938 0.059542
vt 0.693162 0.057987
vt 0.180785 0.754008
vt 0.186607 0.770004
vt 0.180425 0.821192
vt 0.193690 0.051349
vt 0.604647 0.013212
vt 0.604647 0.000732
vt 0.612484 0.008251
vt 0.000996 0.856557
vt 0.003866 0.852606
vt 0.007470 0.856280
vt 0.037329 0.995667
vt 0.037329 0.997859
vt 0.028408 0.997857
vt 0.938425 0.215239
vt 0.935699 0.222637
vt 0.546496 0.034745
vt 0.996923 0.998495
vt 0.989631 0.998495
vt 0.992093 0.994533
vt 0.940907 0.218140
vt 0.295548 0.497613
vt 0.303410 0.511085
vt 0.303410 0.602984
vt 0.098455 0.131151
vt 0.095295 0.167271
vt 0.095270 0.122072
vt 0.222898 0.240049
vt 0.212095 0.232981
vt 0.222078 0.234860
vt 0.307539 0.501040
vt 0.817715 0.443587
vt 0.728807 0.864076
vt 0.147605 0.860189
vt 0.196020 0.880291
vt 0.179830 0.878795
vt 0.245969 0.369638
vt 0.245969 0.461537
vt 0.240585 0.382372
vt 0.234540 0.722219
vt 0.948851 0.230031
vt 0.011452 0.576052
vt 0.003986 0.576052
vt 0.007513 0.571358
vt 0.225630 0.243056
vt 0.829538 0.426346
vt 0.980502 0.256269
vt 0.753938 0.185183
vt 0.219998 0.230126
vt 0.945229 0.213850
vt 0.150122 0.010814
vt 0.147411 0.006118
vt 0.153146 0.007189
vt 0.072814 0.000242
vt 0.076540 0.011710
vt 0.062404 0.006414
vt 0.305633 0.526257
vt 0.011891 0.995557
vt 0.016930 0.998466
vt 0.008967 0.998339
vt 0.851211 0.418825
vt 0.280975 0.786784
vt 0.280975 0.714429
vt 0.286754 0.689810
vt 0.010783 0.512323
vt 0.004655 0.512323
vt 0.007341 0.509091
vt 0.079562 0.438723
vt 0.010614 0.553984
vt 0.001960 0.260830
vt 0.050337 0.842367
vt 0.055944 0.845713
vt 0.052345 0.847884
vt 0.001802 0.924107
vt 0.000588 0.917223
vt 0.001902 0.912049
vt 0.842247 0.477014
vt 0.633630 0.374162
vt 0.707478 0.446282
vt 0.689572 0.460751
vt 0.023002 0.566587
vt 0.215199 0.247431
vt 0.799323 0.446959
vt 0.836544 0.764851
vt 0.786553 0.684850
vt 0.869311 0.749647
vt 0.074284 0.437922
vt 0.144968 0.008755
vt 0.056616 0.996022
vt 0.056616 0.998998
vt 0.046969 0.998029
vt 0.764218 0.201989
vt 0.011720 0.811645
vt 0.004982 0.808080
vt 0.008037 0.806184
vt 0.803126 0.448126
vt 0.087335 0.603517
vt 0.087335 0.562818
vt 0.092445 0.598100
vt 0.022736 0.376656
vt 0.020072 0.379320
vt 0.011626 0.377116
vt 0.197374 0.110710
vt 0.258303 0.110710
vt 0.218679 0.114887
vt 0.012448 0.797917
vt 0.311102 0.021111
vt 0.303732 0.020994
vt 0.298756 0.018121
vt 0.393785 0.107536
vt 0.343267 0.107536
vt 0.353383 0.102624
vt 0.844160 0.427712
vt 0.184157 0.114502
vt 0.162583 0.141260
vt 0.154696 0.125225
vt 0.630010 0.279616
vt 0.781344 0.281956
vt 0.698155 0.304419
vt 0.160880 0.152879
vt 0.826187 0.976523
vt 0.776403 0.976523
vt 0.786903 0.973178
vt 0.830730 0.442690
vt 0.039125 0.727267
vt 0.035264 0.731318
vt 0.030279 0.728555
vt 0.695240 0.322476
vt 0.032123 0.734974
vt 0.089025 0.364159
vt 0.089025 0.400283
vt 0.074820 0.377437
vt 0.190254 0.890097
vt 0.271898 0.935231
vt 0.190254 0.970958
vt 0.674102 0.462151
vt 0.594743 0.318249
vt 0.617998 0.405038
vt 0.594153 0.469600
vt 0.245171 0.809054
vt 0.025951 0.731589
vt 0.671919 0.179463
vt 0.731531 0.196399
vt 0.732409 0.202382
vt 0.135698 0.010127
vt 0.003542 0.956721
vt 0.004925 0.964565
vt 0.003611 0.968080
vt 0.492840 0.033586
vt 0.518878 0.035864
vt 0.490584 0.037131
vt 0.400921 0.072712
vt 0.427685 0.093622
vt 0.387554 0.082435
vt 0.335324 0.519290
vt 0.335779 0.402025
vt 0.345244 0.405907
vt 0.052037 0.871156
vt 0.967851 0.983938
vt 0.982765 0.980771
vt 0.993960 0.982745
vt 0.044605 0.997268
vt 0.038874 0.996258
vt 0.048277 0.996499
vt 0.846714 0.447640
vt 0.240838 0.831566
vt 0.634893 0.031990
vt 0.634893 0.051675
vt 0.631541 0.034239
vt 0.917630 0.728056
vt 0.117973 0.896187
vt 0.085601 0.918691
vt 0.086549 0.908249
vt 0.341263 0.107969
vt 0.295474 0.103963
vt 0.345960 0.102191
vt 0.151646 0.144460
vt 0.860257 0.434540
vt 0.055078 0.428537
vt 0.048897 0.415282
vt 0.055685 0.401642
vt 0.866602 0.427700
vt 0.078275 0.058993
vt 0.085690 0.053263
vt 0.101717 0.060736
vt 0.010515 0.935612
vt 0.009673 0.925992
vt 0.011243 0.920463
vt 0.519487 0.037339
vt 0.519747 0.034374
vt 0.547744 0.036164
vt 0.995993 0.819233
vt 0.999325 0.917598
vt 0.951372 0.896518
vt 0.897545 0.954474
vt 0.897545 0.910067
vt 0.900264 0.931107
vt 0.553719 0.995279
vt 0.530445 0.995279
vt 0.538506 0.994262
vt 0.086114 0.895979
vt 0.741591 0.200821
vt 0.753878 0.205953
vt 0.838654 0.445088
vt 0.856672 0.437266
vt 0.080384 0.019941
vt 0.087942 0.023792
vt 0.086717 0.038326
vt 0.364377 0.413293
vt 0.207226 0.596134
vt 0.209562 0.666829
vt 0.201294 0.663930
vt 0.431115 0.013386
vt 0.420094 0.013386
vt 0.432534 0.000590
vt 0.054366 0.091570
vt 0.069457 0.093084
vt 0.064905 0.100413
vt 0.289994 0.021720
vt 0.023624 0.740363
vt 0.709277 0.456581
vt 0.216033 0.148221
vt 0.209298 0.130437
vt 0.235300 0.144690
vt 0.202295 0.125767
vt 0.246770 0.134011
vt 0.233092 0.120972
vt 0.247292 0.118285
vt 0.209667 0.115564
vt 0.080155 0.668954
vt 0.073729 0.682735
vt 0.075459 0.644955
vt 0.368273 0.558668
vt 0.399246 0.569959
vt 0.377606 0.616367
vt 0.174804 0.903367
vt 0.014364 0.312852
vt 0.010386 0.325096
vt 0.004062 0.314804
vt 0.200535 0.141854
vt 0.780672 0.109994
vt 0.803102 0.100220
vt 0.818481 0.109099
vt 0.795787 0.008568
vt 0.795787 0.023803
vt 0.790368 0.015094
vt 0.418561 0.000060
vt 0.814923 0.092895
vt 0.850437 0.089788
vt 0.860874 0.093977
vt 0.900872 0.019249
vt 0.900671 0.030746
vt 0.885483 0.018557
vt 0.227598 0.154609
vt 0.224257 0.168781
vt 0.161840 0.889604
vt 0.604674 0.024828
vt 0.604674 0.016009
vt 0.622417 0.016754
vt 0.024947 0.177378
vt 0.030830 0.168976
vt 0.029932 0.191084
vt 0.179439 0.125648
vt 0.193042 0.110602
vt 0.211707 0.153591
vt 0.011380 0.448387
vt 0.000572 0.448501
vt 0.006673 0.445091
vt 0.214550 0.167168
vt 0.764686 0.105248
vt 0.788328 0.098671
vt 0.355334 0.403536
vt 0.010824 0.080879
vt 0.010824 0.091929
vt 0.001128 0.082660
vt 0.037544 0.164610
vt 0.043557 0.158597
vt 0.062058 0.163504
vt 0.130277 0.111276
vt 0.081230 0.885769
vt 0.202231 0.975323
vt 0.230532 0.972847
vt 0.251454 0.976355
vt 0.972393 0.993467
vt 0.949420 0.993467
vt 0.960645 0.987111
vt 0.563188 0.078567
vt 0.564719 0.087253
vt 0.550981 0.080800
vt 0.183938 0.220410
vt 0.180911 0.190411
vt 0.194638 0.985846
vt 0.197294 0.970780
vt 0.208582 0.986889
vt 0.193518 0.151679
vt 0.009402 0.911146
vt 0.005140 0.905536
vt 0.009302 0.903595
vt 0.462682 0.033562
vt 0.491004 0.033562
vt 0.488928 0.037653
vt 0.130834 0.132189
vt 0.537845 0.092266
vt 0.537351 0.078279
vt 0.275649 0.000190
vt 0.275649 0.011762
vt 0.266682 0.005112
vt 0.524424 0.087175
vt 0.719714 0.464375
vt 0.016930 0.508373
vt 0.003488 0.508373
vt 0.015531 0.500591
vt 0.447473 0.994814
vt 0.445964 0.987053
vt 0.461406 0.983771
vt 0.269356 0.117557
vt 0.308594 0.124475
vt 0.248179 0.123750
vt 0.704584 0.319335
vt 0.798155 0.452786
vt 0.628174 0.000054
vt 0.636430 0.006053
vt 0.624028 0.011400
vt 0.000060 0.910007
vt 0.151855 0.285545
vt 0.158402 0.295926
vt 0.125026 0.301788
vt 0.697114 0.370770
vt 0.786661 0.414445
vt 0.689781 0.383184
vt 0.751166 0.451814
vt 0.403338 0.582661
vt 0.407078 0.106107
vt 0.458459 0.106107
vt 0.438331 0.108534
vt 0.172529 0.136271
vt 0.031987 0.082666
vt 0.045702 0.063789
vt 0.040857 0.086609
vt 0.716940 0.184536
vt 0.733047 0.185866
vt 0.049595 0.954814
vt 0.060083 0.962234
vt 0.048391 0.978931
vt 0.513207 0.012584
vt 0.513207 0.030743
vt 0.503725 0.025206
vt 0.248895 0.766850
vt 0.036282 0.266644
vt 0.036282 0.286041
vt 0.023479 0.286145
vt 0.056236 0.872275
vt 0.027869 0.993736
vt 0.015068 0.993959
vt 0.029255 0.984128
vt 0.127345 0.312019
vt 0.990642 0.978779
vt 0.868313 0.448883
vt 0.935232 0.144215
vt 0.924576 0.138196
vt 0.933615 0.127816
vt 0.502837 0.021565
vt 0.488873 0.031711
vt 0.480729 0.014106
vt 0.705185 0.000505
vt 0.708579 0.010949
vt 0.696302 0.009786
vt 0.552188 0.992274
vt 0.540645 0.993284
vt 0.528987 0.992687
vt 0.687919 0.181770
vt 0.467058 0.928025
vt 0.435236 0.941043
vt 0.417916 0.890740
vt 0.585791 0.086765
vt 0.596886 0.099988
vt 0.553015 0.099244
vt 0.078578 0.100184
vt 0.136000 0.144527
vt 0.000060 0.168808
vt 0.005059 0.161928
vt 0.010896 0.171738
vt 0.995019 0.005984
vt 0.991464 0.016925
vt 0.986555 0.006810
vt 0.391132 0.017183
vt 0.379988 0.017853
vt 0.378999 0.006550
vt 0.294175 0.072696
vt 0.259802 0.059690
vt 0.290505 0.059001
vt 0.502421 0.019780
vt 0.487120 0.014808
vt 0.501731 0.005619
vt 0.259112 0.073469
vt 0.387902 0.615631
vt 0.550825 0.098514
vt 0.609866 0.181560
vt 0.617123 0.190175
vt 0.588714 0.206998
vt 0.022190 0.746619
vt 0.011963 0.751388
vt 0.008686 0.746796
vt 0.597551 0.167077
vt 0.240986 0.962819
vt 0.570709 0.179754
vt 0.081643 0.905465
vt 0.990880 0.068819
vt 0.964180 0.073527
vt 0.953841 0.067908
vt 0.857739 0.449396
vt 0.369487 0.898474
vt 0.366952 0.920493
vt 0.356921 0.903808
vt 0.137202 0.322210
vt 0.909459 0.127056
vt 0.167803 0.319908
vt 0.189878 0.745997
vt 0.189878 0.662867
vt 0.192094 0.721284
vt 0.879066 0.032402
vt 0.905297 0.032402
vt 0.895116 0.037817
vt 0.884997 0.017856
vt 0.884997 0.005053
vt 0.900860 0.017371
vt 0.592808 0.253740
vt 0.569243 0.235959
vt 0.340956 0.905078
vt 0.348907 0.915290
vt 0.108055 0.633841
vt 0.076706 0.633841
vt 0.082458 0.628111
vt 0.577672 0.204919
vt 0.975024 0.023547
vt 0.983359 0.031596
vt 0.956880 0.024291
vt 0.789894 0.012844
vt 0.789894 0.001598
vt 0.795265 0.007425
vt 0.386955 0.097536
vt 0.386955 0.083739
vt 0.429280 0.095304
vt 0.514684 0.953136
vt 0.514684 0.871068
vt 0.562507 0.941275
vt 0.066169 0.027880
vt 0.051882 0.017501
vt 0.076106 0.012956
vt 0.898041 0.005138
vt 0.394407 0.007350
vt 0.066354 0.980544
vt 0.863935 0.445947
vt 0.072608 0.689720
vt 0.066815 0.673803
vt 0.073623 0.658387
vt 0.949051 0.998359
vt 0.934913 0.998359
vt 0.941072 0.984211
vt 0.178370 0.986473
vt 0.184333 0.978182
vt 0.109380 0.013738
vt 0.098267 0.011778
vt 0.112390 0.003692
vt 0.036930 0.491267
vt 0.037147 0.510935
vt 0.031828 0.500105
vt 0.020216 0.152827
vt 0.009166 0.152827
vt 0.013472 0.138010
vt 0.161548 0.905210
vt 0.543217 0.178737
vt 0.086466 0.519960
vt 0.086466 0.555737
vt 0.074391 0.523394
vt 0.626972 0.193633
vt 0.436477 0.096610
vt 0.449656 0.087382
vt 0.478861 0.096881
vt 0.039435 0.448192
vt 0.036801 0.435818
vt 0.040043 0.439498
vt 0.417100 0.001111
vt 0.417100 0.012335
vt 0.405609 0.001651
vt 0.033824 0.923670
vt 0.023373 0.928544
vt 0.016973 0.923548
vt 0.002097 0.441439
vt 0.417609 0.905161
vt 0.287861 0.994345
vt 0.291758 0.979801
vt 0.291820 0.995797
vt 0.098328 0.003713
vt 0.967521 0.038704
vt 0.085302 0.734467
vt 0.083692 0.716068
vt 0.086128 0.696310
vt 0.076438 0.093413
vt 0.188687 0.021208
vt 0.183375 0.025826
vt 0.181389 0.012521
vt 0.163296 0.920058
vt 0.670888 0.179982
vt 0.684810 0.192262
vt 0.671493 0.197319
vt 0.136280 0.153900
vt 0.805273 0.961915
vt 0.755224 0.957536
vt 0.807870 0.954222
vt 0.137953 0.348917
vt 0.722551 0.476713
vt 0.261536 0.995295
vt 0.251005 0.980801
vt 0.261943 0.982970
vt 0.459287 0.040880
vt 0.488920 0.041398
vt 0.468375 0.060369
vt 0.642806 0.171908
vt 0.412089 0.944248
vt 0.229675 0.539318
vt 0.222981 0.472165
vt 0.231214 0.469169
vt 0.263806 0.020833
vt 0.260596 0.027716
vt 0.260906 0.011626
vt 0.997996 0.045277
vt 0.974115 0.037517
vt 0.984372 0.032911
vt 0.472106 0.062207
vt 0.990944 0.973576
vt 0.423995 0.030208
vt 0.423995 0.014115
vt 0.426603 0.025742
vt 0.853225 0.450521
vt 0.441976 0.039420
vt 0.449145 0.034400
vt 0.440603 0.057110
vt 0.452492 0.047275
vt 0.038509 0.564050
vt 0.042168 0.550394
vt 0.041393 0.575104
vt 0.166890 0.021560
vt 0.066649 0.953221
vt 0.753565 0.964104
vt 0.050732 0.400264
vt 0.050372 0.379626
vt 0.067158 0.400753
vt 0.727995 0.469379
vt 0.041326 0.705772
vt 0.032815 0.718033
vt 0.034354 0.708173
vt 0.227169 0.557442
vt 0.239507 0.506155
vt 0.233417 0.556340
vt 0.346674 0.045408
vt 0.349984 0.064181
vt 0.345235 0.072122
vt 0.635561 0.057594
vt 0.635561 0.043502
vt 0.665235 0.056867
vt 0.526788 0.204374
vt 0.541306 0.206473
vt 0.549867 0.212684
vt 0.621118 0.043362
vt 0.626426 0.050941
vt 0.605982 0.049929
vt 0.002892 0.949719
vt 0.002892 0.961635
vt 0.000594 0.954397
vt 0.650503 0.203451
vt 0.620755 0.189312
vt 0.024436 0.780539
vt 0.043791 0.780539
vt 0.031191 0.785198
vt 0.423480 0.572020
vt 0.361005 0.924785
vt 0.856343 0.454728
vt 0.913116 0.156364
vt 0.982940 0.917819
vt 0.018712 0.994529
vt 0.021328 0.998000
vt 0.013533 0.995106
vt 0.060710 0.432926
vt 0.060710 0.460002
vt 0.047358 0.445124
vt 0.017092 0.133256
vt 0.020369 0.135909
vt 0.014534 0.136222
vt 0.024377 0.878093
vt 0.022973 0.864733
vt 0.035294 0.880785
vt 0.046885 0.434030
vt 0.394063 0.627817
vt 0.365752 0.640934
vt 0.996465 0.093213
vt 0.981125 0.107025
vt 0.989725 0.077736
vt 0.935637 0.161958
vt 0.830599 0.961379
vt 0.430627 0.052741
vt 0.337234 0.278871
vt 0.346322 0.272023
vt 0.308863 0.317568
vt 0.684993 0.487001
vt 0.987327 0.971196
vt 0.853014 0.457663
vt 0.994798 0.964831
vt 0.006598 0.366610
vt 0.013820 0.368957
vt 0.006664 0.370940
vt 0.377066 0.922750
vt 0.708845 0.176078
vt 0.418254 0.554472
vt 0.036309 0.009843
vt 0.025444 0.006313
vt 0.033194 0.000117
vt 0.961695 0.697970
vt 0.970942 0.684827
vt 0.991972 0.701857
vt 0.002178 0.042722
vt 0.002178 0.030984
vt 0.005293 0.036883
vt 0.030418 0.511721
vt 0.019156 0.779207
vt 0.019156 0.765115
vt 0.037617 0.773398
vt 0.129588 0.158147
vt 0.413289 0.593111
vt 0.987463 0.997822
vt 0.979649 0.994978
vt 0.990470 0.994707
vt 0.024108 0.502444
vt 0.330186 0.920340
vt 0.345149 0.927682
vt 0.299703 0.921838
vt 0.522928 0.191221
vt 0.314121 0.931855
vt 0.300622 0.930720
vt 0.689328 0.365253
vt 0.673912 0.322097
vt 0.679883 0.478274
vt 0.987082 0.683417
vt 0.007165 0.553057
vt 0.007165 0.549035
vt 0.017735 0.550726
vt 0.323681 0.256276
vt 0.245939 0.510101
vt 0.239422 0.408250
vt 0.232881 0.409100
vt 0.228706 0.361378
vt 0.692027 0.204088
vt 0.680989 0.488407
vt 0.402437 0.024897
vt 0.393612 0.012750
vt 0.410172 0.007474
vt 0.292352 0.000047
vt 0.303764 0.000047
vt 0.295697 0.010411
vt 0.005485 0.622762
vt 0.003719 0.608812
vt 0.017695 0.608812
vt 0.242883 0.595936
vt 0.016719 0.621387
vt 0.603308 0.057026
vt 0.291545 0.243731
vt 0.275243 0.248142
vt 0.278951 0.229606
vt 0.026864 0.709198
vt 0.383118 0.946044
vt 0.407301 0.613533
vt 0.007519 0.080036
vt 0.004052 0.069366
vt 0.018358 0.071214
vt 0.082586 0.090822
vt 0.154647 0.915381
vt 0.111466 0.051813
vt 0.424002 0.042796
vt 0.709168 0.011859
vt 0.709168 0.000093
vt 0.720613 0.007761
vt 0.087320 0.562124
vt 0.087320 0.520545
vt 0.089472 0.538393
vt 0.337626 0.221379
vt 0.302119 0.223531
vt 0.328861 0.193391
vt 0.919487 0.166769
vt 0.952357 0.014601
vt 0.970950 0.014601
vt 0.966802 0.021753
vt 0.197859 0.045638
vt 0.198918 0.033528
vt 0.214244 0.045488
vt 0.366540 0.683576
vt 0.043186 0.892895
vt 0.038687 0.909683
vt 0.037492 0.885635
vt 0.059763 0.007542
vt 0.074027 0.012177
vt 0.059439 0.014868
vt 0.697947 0.424136
vt 0.596682 0.042576
vt 0.750379 0.182026
vt 0.362539 0.270392
vt 0.715401 0.199148
vt 0.270793 0.791294
vt 0.263456 0.803194
vt 0.975857 0.728008
vt 0.022917 0.717328
vt 0.619375 0.056892
vt 0.012192 0.123738
vt 0.214059 0.031056
vt 0.005537 0.136945
vt 0.005537 0.132477
vt 0.012391 0.136649
vt 0.064114 0.618222
vt 0.082056 0.642918
vt 0.063362 0.646718
vt 0.236002 0.356608
vt 0.410626 0.644715
vt 0.858515 0.461095
vt 0.003169 0.400035
vt 0.015755 0.400035
vt 0.004244 0.408232
vt 0.008633 0.237733
vt 0.022741 0.233149
vt 0.020815 0.247428
vt 0.011006 0.133481
vt 0.017629 0.544074
vt 0.032670 0.555002
vt 0.021637 0.565986
vt 0.898676 0.140346
vt 0.095284 0.867664
vt 0.128814 0.333873
vt 0.126277 0.362870
vt 0.125170 0.306951
vt 0.046164 0.425195
vt 0.364596 0.988251
vt 0.378930 0.988251
vt 0.375444 0.997307
vt 0.051426 0.437707
vt 0.051499 0.432702
vt 0.058218 0.433434
vt 0.395490 0.909901
vt 0.448895 0.108302
vt 0.473543 0.106145
vt 0.500806 0.108994
vt 0.028985 0.532089
vt 0.032447 0.538601
vt 0.024103 0.537843
vt 0.469631 0.974657
vt 0.510070 0.960558
vt 0.515872 0.976500
vt 0.653202 0.011074
vt 0.644607 0.013867
vt 0.646481 0.000077
vt 0.878746 0.018696
vt 0.862290 0.018696
vt 0.868559 0.009690
vt 0.833314 0.132633
vt 0.839410 0.131681
vt 0.843316 0.143026
vt 0.767266 0.474870
vt 0.341155 0.936525
vt 0.448073 0.033140
vt 0.425967 0.033030
vt 0.515465 0.031899
vt 0.531637 0.020150
vt 0.540312 0.034631
vt 0.986565 0.963273
vt 0.368227 0.791816
vt 0.369860 0.801548
vt 0.331880 0.789414
vt 0.343089 0.344250
vt 0.342073 0.358555
vt 0.723686 0.163071
vt 0.688861 0.367971
vt 0.581889 0.924238
vt 0.571172 0.917009
vt 0.586477 0.915941
vt 0.884342 0.094279
vt 0.887361 0.101727
vt 0.881137 0.105653
vt 0.846216 0.087094
vt 0.846216 0.067787
vt 0.883864 0.071318
vt 0.341878 0.314729
vt 0.045688 0.930398
vt 0.061100 0.951610
vt 0.043980 0.955060
vt 0.834494 0.123996
vt 0.144717 0.795311
vt 0.144546 0.784109
vt 0.162171 0.783219
vt 0.005661 0.191863
vt 0.016749 0.191863
vt 0.010493 0.197081
vt 0.229451 0.449667
vt 0.137301 0.792478
vt 0.110860 0.171342
vt 0.111368 0.194046
vt 0.097858 0.178849
vt 0.306792 0.939771
vt 0.015696 0.720204
vt 0.015696 0.733980
vt 0.006216 0.720245
vt 0.148675 0.924173
vt 0.088268 0.561025
vt 0.093007 0.543339
vt 0.092166 0.584150
vt 0.222258 0.454407
vt 0.090699 0.222094
vt 0.104901 0.210177
vt 0.127926 0.220746
vt 0.974153 0.992974
vt 0.962779 0.986407
vt 0.983935 0.986110
vt 0.208372 0.678268
vt 0.042644 0.394327
vt 0.023093 0.387974
vt 0.035838 0.385056
vt 0.239087 0.977201
vt 0.265395 0.977201
vt 0.264893 0.982460
vt 0.094580 0.377869
vt 0.090181 0.352923
vt 0.093623 0.335279
vt 0.315210 0.048173
vt 0.288874 0.048173
vt 0.301865 0.037982
vt 0.233419 0.448730
vt 0.907947 0.108932
vt 0.897025 0.113338
vt 0.371401 0.808030
vt 0.437589 0.590752
vt 0.430197 0.605623
vt 0.536188 0.322046
vt 0.502335 0.344251
vt 0.519048 0.322944
vt 0.014004 0.590645
vt 0.023844 0.604189
vt 0.016171 0.606566
vt 0.187019 0.009900
vt 0.169554 0.009900
vt 0.173650 0.006037
vt 0.680071 0.365865
vt 0.340226 0.244533
vt 0.378886 0.256403
vt 0.280668 0.196793
vt 0.008046 0.729519
vt 0.288397 0.416879
vt 0.334966 0.413903
vt 0.297487 0.425970
vt 0.876539 0.050199
vt 0.890294 0.040568
vt 0.902843 0.050568
vt 0.064773 0.305097
vt 0.047900 0.292837
vt 0.066144 0.271597
vt 0.248039 0.252441
vt 0.251599 0.237297
vt 0.082531 0.665839
vt 0.082531 0.704181
vt 0.074342 0.688282
vt 0.034661 0.545828
vt 0.026184 0.547648
vt 0.959756 0.752530
vt 0.661601 0.985886
vt 0.651980 0.976265
vt 0.677582 0.980900
vt 0.485536 0.986978
vt 0.464512 0.993810
vt 0.464165 0.979298
vt 0.877079 0.050818
vt 0.903200 0.053103
vt 0.869709 0.053764
vt 0.577573 0.928832
vt 0.687027 0.495360
vt 0.354574 0.132843
vt 0.356014 0.159917
vt 0.353008 0.150742
vt 0.339872 0.153933
vt 0.858998 0.983547
vt 0.835225 0.975822
vt 0.858919 0.974620
vt 0.847979 0.134914
vt 0.871210 0.123226
vt 0.851603 0.105109
vt 0.675931 0.345674
vt 0.900431 0.162957
vt 0.888434 0.148741
vt 0.299338 0.950629
vt 0.050317 0.900232
vt 0.050317 0.870684
vt 0.057252 0.882819
vt 0.340175 0.169705
vt 0.344386 0.187950
vt 0.031353 0.552572
vt 0.012393 0.952719
vt 0.012393 0.965607
vt 0.005037 0.954242
vt 0.261359 0.222953
vt 0.058030 0.278104
vt 0.045475 0.293609
vt 0.038583 0.292285
vt 0.747068 0.033223
vt 0.747068 0.014087
vt 0.765880 0.018768
vt 0.911345 0.120144
vt 0.892849 0.129378
vt 0.004592 0.529215
vt 0.004592 0.516602
vt 0.015826 0.528166
vt 0.000662 0.777921
vt 0.008302 0.775439
vt 0.006758 0.783326
vt 0.222564 0.033808
vt 0.503547 0.023207
vt 0.503547 0.007171
vt 0.512887 0.009617
vt 0.302174 0.177426
vt 0.005631 0.963486
vt 0.132574 0.801541
vt 0.121763 0.834902
vt 0.111898 0.843513
vt 0.112714 0.832813
vt 0.922968 0.006676
vt 0.929123 0.008676
vt 0.923374 0.022707
vt 0.101713 0.836768
vt 0.676896 0.370919
vt 0.885436 0.136780
vt 0.049724 0.475632
vt 0.055553 0.497386
vt 0.048530 0.504448
vt 0.135972 0.774950
vt 0.135231 0.763547
vt 0.681187 0.976609
vt 0.130132 0.745642
vt 0.095698 0.192783
vt 0.228360 0.006130
vt 0.235913 0.008879
vt 0.219267 0.009308
vt 0.281650 0.017392
vt 0.265660 0.017392
vt 0.266879 0.007508
vt 0.222958 0.044440
vt 0.077836 0.479966
vt 0.088527 0.475862
vt 0.097871 0.490251
vt 0.030668 0.099322
vt 0.030668 0.121794
vt 0.023117 0.115297
vt 0.625013 0.989134
vt 0.643229 0.995764
vt 0.619221 0.995926
vt 0.321814 0.017339
vt 0.321814 0.005072
vt 0.326592 0.009183
vt 0.049651 0.810987
vt 0.049651 0.835427
vt 0.039991 0.827506
vt 0.969181 0.978885
vt 0.986052 0.964342
vt 0.986052 0.978885
vt 0.093819 0.762367
vt 0.109041 0.726767
vt 0.121320 0.727410
vt 0.412814 0.884029
vt 0.926819 0.728145
vt 0.002604 0.413430
vt 0.011796 0.416417
vt 0.001152 0.419737
vt 0.861115 0.126942
vt 0.114395 0.489757
vt 0.052022 0.250787
vt 0.064725 0.248547
vt 0.058273 0.260074
vt 0.015822 0.177232
vt 0.005094 0.177232
vt 0.008321 0.172370
vt 0.111399 0.768253
vt 0.113082 0.467334
vt 0.355791 0.048289
vt 0.370572 0.029369
vt 0.376648 0.048289
vt 0.819306 0.054082
vt 0.819288 0.028089
vt 0.831497 0.041009
vt 0.118230 0.438636
vt 0.122806 0.435994
vt 0.122362 0.484324
vt 0.873626 0.149514
vt 0.876689 0.137690
vt 0.682757 0.392295
vt 0.539395 0.650643
vt 0.555759 0.658039
vt 0.522344 0.688001
vt 0.951915 0.013921
vt 0.964190 0.005003
vt 0.968404 0.013701
vt 0.092087 0.763794
vt 0.084386 0.762016
vt 0.104857 0.727242
vt 0.043930 0.420832
vt 0.973800 0.021640
vt 0.989503 0.016537
vt 0.989846 0.021809
vt 0.255869 0.209193
vt 0.111708 0.010364
vt 0.115310 0.006071
vt 0.128332 0.009401
vt 0.299259 0.954928
vt 0.274073 0.945883
vt 0.292826 0.937391
vt 0.316536 0.166244
vt 0.034412 0.427153
vt 0.891851 0.134068
vt 0.050408 0.801875
vt 0.056209 0.801875
vt 0.053280 0.815154
vt 0.339464 0.017209
vt 0.324301 0.017209
vt 0.340042 0.007194
vt 0.964095 0.969099
vt 0.500417 0.359548
vt 0.463790 0.317276
vt 0.065509 0.270728
vt 0.563481 0.924489
vt 0.350386 0.160425
vt 0.049103 0.423989
vt 0.864632 0.151239
vt 0.453646 0.373367
vt 0.452807 0.323984
vt 0.565702 0.107934
vt 0.614350 0.099735
vt 0.614035 0.107934
vt 0.073462 0.695864
vt 0.081725 0.704931
vt 0.073219 0.728301
vt 0.381264 0.904748
vt 0.398040 0.878657
vt 0.015829 0.498001
vt 0.004092 0.494188
vt 0.014239 0.483572
vt 0.127549 0.795701
vt 0.124183 0.805652
vt 0.002829 0.600344
vt 0.011751 0.606827
vt 0.001197 0.606717
vt 0.899127 0.136073
vt 0.943231 0.974124
vt 0.486270 0.962817
vt 0.018538 0.487070
vt 0.020307 0.482211
vt 0.019574 0.501354
vt 0.316611 0.297866
vt 0.299667 0.316908
vt 0.285152 0.310670
vt 0.109532 0.494817
vt 0.023020 0.116701
vt 0.030266 0.125976
vt 0.029296 0.138279
vt 0.933860 0.997986
vt 0.929379 0.994730
vt 0.938649 0.983588
vt 0.050365 0.792996
vt 0.293291 0.985634
vt 0.293050 0.971803
vt 0.302070 0.984577
vt 0.358194 0.321537
vt 0.863237 0.984254
vt 0.882779 0.984254
vt 0.881620 0.995328
vt 0.879410 0.157709
vt 0.274680 0.959222
vt 0.277036 0.011302
vt 0.277036 0.000152
vt 0.281729 0.003197
vt 0.299567 0.994831
vt 0.995260 0.941499
vt 0.987774 0.930275
vt 0.995791 0.918826
vt 0.246749 0.221898
vt 0.009605 0.064057
vt 0.009605 0.047496
vt 0.021769 0.062254
vt 0.188513 0.037706
vt 0.166567 0.037706
vt 0.185122 0.029525
vt 0.472123 0.557560
vt 0.463746 0.418643
vt 0.511111 0.509970
vt 0.204951 0.006587
vt 0.210598 0.009847
vt 0.193286 0.008888
vt 0.836090 0.034026
vt 0.299956 0.817029
vt 0.293401 0.854209
vt 0.287892 0.813878
vt 0.816307 0.991856
vt 0.824821 0.979621
vt 0.821493 0.992864
vt 0.016288 0.470253
vt 0.020257 0.478763
vt 0.016098 0.489409
vt 0.098887 0.859183
vt 0.077713 0.888327
vt 0.076412 0.861279
vt 0.131954 0.783855
vt 0.290162 0.976140
vt 0.092056 0.337895
vt 0.086426 0.358908
vt 0.075275 0.339601
vt 0.055300 0.784945
vt 0.381260 0.028404
vt 0.671298 0.387488
vt 0.266019 0.976686
vt 0.284280 0.989954
vt 0.271272 0.995923
vt 0.603353 0.948520
vt 0.572936 0.935602
vt 0.284286 0.922915
vt 0.341291 0.997358
vt 0.327698 0.992941
vt 0.344115 0.985212
vt 0.066895 0.576528
vt 0.066895 0.544986
vt 0.082009 0.560492
vt 0.110502 0.790739
vt 0.075753 0.779449
vt 0.109367 0.776492
vt 0.533944 0.064367
vt 0.571608 0.067662
vt 0.531978 0.070593
vt 0.088303 0.727732
vt 0.328032 0.008618
vt 0.767185 0.103559
vt 0.745215 0.088174
vt 0.789148 0.088709
vt 0.096135 0.979388
vt 0.096135 0.935452
vt 0.112530 0.966603
vt 0.273526 0.181745
vt 0.217843 0.904184
vt 0.247363 0.889519
vt 0.238231 0.905847
vt 0.050086 0.728517
vt 0.043379 0.710089
vt 0.051242 0.702259
vt 0.076356 0.373758
vt 0.882439 0.066574
vt 0.865245 0.061968
vt 0.900691 0.060916
vt 0.555161 0.314634
vt 0.656054 0.009192
vt 0.660190 0.020556
vt 0.655547 0.023677
vt 0.643769 0.316900
vt 0.856946 0.118977
vt 0.016395 0.363439
vt 0.003525 0.363439
vt 0.006147 0.356182
vt 0.401380 0.973242
vt 0.419626 0.968352
vt 0.401009 0.988517
vt 0.029236 0.224237
vt 0.029236 0.245883
vt 0.023553 0.237290
vt 0.035894 0.999390
vt 0.040753 0.997622
vt 0.045281 0.999150
vt 0.666978 0.099203
vt 0.667693 0.107378
vt 0.621105 0.098798
vt 0.848225 0.134167
vt 0.304117 0.844619
vt 0.425779 0.138514
vt 0.478034 0.162775
vt 0.446389 0.159123
vt 0.416461 0.986178
vt 0.017269 0.300260
vt 0.013535 0.295121
vt 0.028796 0.286891
vt 0.561945 0.103183
vt 0.429042 0.988819
vt 0.378046 0.945970
vt 0.405655 0.950838
vt 0.378024 0.957745
vt 0.145470 0.984396
vt 0.162166 0.971779
vt 0.179138 0.973264
vt 0.008437 0.870453
vt 0.005479 0.859413
vt 0.008963 0.856141
vt 0.267970 0.195720
vt 0.084993 0.333055
vt 0.074426 0.316144
vt 0.094897 0.298419
vt 0.019720 0.454331
vt 0.017132 0.469010
vt 0.017228 0.449815
vt 0.109371 0.518078
vt 0.109371 0.560109
vt 0.087342 0.518311
vt 0.900293 0.820317
vt 0.880093 0.797926
vt 0.893237 0.808097
vt 0.394631 0.018044
vt 0.401185 0.025854
vt 0.395032 0.037235
vt 0.556540 0.715062
vt 0.414894 0.162781
vt 0.136101 0.971876
vt 0.069444 0.405318
vt 0.069444 0.371574
vt 0.087926 0.402224
vt 0.826479 0.989425
vt 0.098854 0.855440
vt 0.528239 0.062679
vt 0.505260 0.054315
vt 0.528162 0.042401
vt 0.067465 0.578811
vt 0.086506 0.592187
vt 0.066269 0.612425
vt 0.838349 0.114744
vt 0.564993 0.045902
vt 0.575052 0.061391
vt 0.554176 0.050110
vt 0.053297 0.111270
vt 0.069213 0.133177
vt 0.055823 0.138232
vt 0.086508 0.590624
vt 0.071858 0.578331
vt 0.086448 0.556288
vt 0.497809 0.141834
vt 0.478721 0.136719
vt 0.507583 0.133066
vt 0.828423 0.012491
vt 0.831483 0.020897
vt 0.828378 0.030338
vt 0.268445 0.277033
vt 0.254781 0.293584
vt 0.061482 0.062943
vt 0.070094 0.089447
vt 0.052416 0.087891
vt 0.133961 0.230152
vt 0.145705 0.262417
vt 0.131188 0.277318
vt 0.286265 0.165886
vt 0.615175 0.107092
vt 0.083654 0.734414
vt 0.839450 0.141987
vt 0.869875 0.163291
vt 0.805922 0.160661
vt 0.444147 0.032191
vt 0.424379 0.032191
vt 0.431971 0.019103
vt 0.311300 0.878156
vt 0.288151 0.911618
vt 0.086620 0.610838
vt 0.872862 0.161650
vt 0.581581 0.522045
vt 0.567698 0.500552
vt 0.596513 0.486163
vt 0.306544 0.907717
vt 0.013763 0.783946
vt 0.009802 0.787269
vt 0.006158 0.783991
vt 0.280066 0.336407
vt 0.531250 0.141823
vt 0.097301 0.505024
vt 0.132280 0.516390
vt 0.099083 0.513190
vt 0.099481 0.212029
vt 0.082748 0.227545
vt 0.066355 0.201311
vt 0.149570 0.227375
vt 0.116240 0.226211
vt 0.159657 0.210374
vt 0.289116 0.377847
vt 0.916431 0.730837
vt 0.267643 0.316719
vt 0.811143 0.062410
vt 0.816053 0.077520
vt 0.798986 0.069964
vt 0.375328 0.819099
vt 0.105981 0.084109
vt 0.088215 0.086919
vt 0.083576 0.074176
vt 0.052912 0.918929
vt 0.065324 0.925035
vt 0.060746 0.930117
vt 0.069735 0.229027
vt 0.089637 0.243410
vt 0.340096 0.914209
vt 0.333057 0.861330
vt 0.092699 0.198180
vt 0.023130 0.043372
vt 0.044599 0.043372
vt 0.023454 0.066190
vt 0.438033 0.669131
vt 0.243243 0.872693
vt 0.243976 0.820958
vt 0.263263 0.882941
vt 0.048036 0.275855
vt 0.498653 0.043873
vt 0.088172 0.183123
vt 0.076332 0.169012
vt 0.112413 0.168471
vt 0.564617 0.066150
vt 0.271588 0.139667
vt 0.266379 0.161275
vt 0.244246 0.149007
vt 0.773746 0.038276
vt 0.754640 0.032069
vt 0.762146 0.024971
vt 0.078736 0.084725
vt 0.858968 0.050470
vt 0.836648 0.058594
vt 0.825295 0.051002
vt 0.590977 0.647024
vt 0.589489 0.690637
vt 0.838464 0.067909
vt 0.263024 0.960328
vt 0.106287 0.873362
vt 0.393689 0.049079
vt 0.381661 0.073998
vt 0.377016 0.051422
vt 0.546678 0.133258
vt 0.267579 0.369741
vt 0.223665 0.280468
vt 0.240535 0.306660
vt 0.218999 0.310815
vt 0.275491 0.974294
vt 0.132400 0.196904
vt 0.598584 0.962241
vt 0.053657 0.136431
vt 0.044949 0.132371
vt 0.052461 0.110581
vt 0.621280 0.964723
vt 0.484702 0.951288
vt 0.511123 0.101321
vt 0.526037 0.090878
vt 0.555610 0.101353
vt 0.042788 0.065291
vt 0.290497 0.437968
vt 0.779204 0.075689
vt 0.744701 0.075167
vt 0.765987 0.052797
vt 0.097168 0.071685
vt 0.020257 0.570825
vt 0.020257 0.587542
vt 0.010619 0.572294
vt 0.508894 0.445317
vt 0.538228 0.493434
vt 0.243146 0.281035
vt 0.628956 0.032351
vt 0.623143 0.014461
vt 0.642295 0.018070
vt 0.768565 0.017272
vt 0.760522 0.006201
vt 0.777326 0.005139
vt 0.012567 0.786928
vt 0.022474 0.779991
vt 0.029265 0.787737
vt 0.074235 0.614402
vt 0.083754 0.616411
vt 0.091512 0.627491
vt 0.398795 0.068004
vt 0.746319 0.059578
vt 0.407928 0.967530
vt 0.718564 0.032641
vt 0.702797 0.021186
vt 0.728478 0.018156
vt 0.073213 0.773790
vt 0.073213 0.735232
vt 0.086648 0.735174
vt 0.385732 0.096519
vt 0.344846 0.096519
vt 0.346111 0.076290
vt 0.806267 0.977197
vt 0.793460 0.987943
vt 0.775904 0.977592
vt 0.065651 0.942585
vt 0.209165 0.978634
vt 0.219122 0.987599
vt 0.213979 0.995968
vt 0.282760 0.876578
vt 0.331154 0.155697
vt 0.359173 0.049010
vt 0.087521 0.062483
vt 0.048837 0.227920
vt 0.051492 0.219515
vt 0.065704 0.217009
vt 0.332795 0.130140
vt 0.877366 0.059205
vt 0.843749 0.059205
vt 0.862299 0.050356
vt 0.974962 0.666282
vt 0.927343 0.640491
vt 0.973294 0.652700
vt 0.854636 0.085593
vt 0.883326 0.072900
vt 0.891732 0.087459
vt 0.248304 0.088285
vt 0.235475 0.094652
vt 0.222617 0.083863
vt 0.966215 0.163042
vt 0.986331 0.229911
vt 0.963868 0.235930
vt 0.050384 0.933027
vt 0.829111 0.976757
vt 0.206236 0.079185
vt 0.219660 0.095709
vt 0.514058 0.208804
vt 0.050620 0.863183
vt 0.037059 0.881849
vt 0.032049 0.860681
vt 0.302359 0.005114
vt 0.318159 0.005114
vt 0.313515 0.019289
vt 0.814787 0.977289
vt 0.823602 0.977289
vt 0.813072 0.994711
vt 0.570528 0.941287
vt 0.838395 0.019214
vt 0.855550 0.013640
vt 0.858319 0.027694
vt 0.475487 0.023765
vt 0.467242 0.030683
vt 0.468014 0.012644
vt 0.060344 0.948102
vt 0.100639 0.610212
vt 0.246980 0.332508
vt 0.667365 0.376337
vt 0.541980 0.062332
vt 0.542066 0.052481
vt 0.077977 0.626716
vt 0.217751 0.347689
vt 0.564470 0.481905
vt 0.258324 0.204954
vt 0.267289 0.166112
vt 0.509466 0.697342
vt 0.606190 0.661555
vt 0.586598 0.627620
vt 0.632344 0.632081
vt 0.002669 0.248135
vt 0.013765 0.248135
vt 0.009163 0.256844
vt 0.809732 0.093964
vt 0.018237 0.716989
vt 0.004672 0.716989
vt 0.009649 0.711298
vt 0.598776 0.666473
vt 0.106117 0.062936
vt 0.166255 0.944981
vt 0.150605 0.940494
vt 0.189347 0.929051
vt 0.479960 0.267722
vt 0.110690 0.709607
vt 0.125940 0.676902
vt 0.127856 0.722500
vt 0.594305 0.994904
vt 0.600064 0.979082
vt 0.618344 0.995937
vt 0.925606 0.981889
vt 0.907013 0.980262
vt 0.940099 0.981224
vt 0.255525 0.900147
vt 0.467693 0.952960
vt 0.713928 0.894625
vt 0.711737 0.919669
vt 0.689707 0.890590
vt 0.234644 0.350580
vt 0.043574 0.147530
vt 0.064494 0.162729
vt 0.046546 0.158019
vt 0.854678 0.046142
vt 0.834762 0.031672
vt 0.863445 0.028062
vt 0.072133 0.766306
vt 0.070625 0.783537
vt 0.050377 0.753710
vt 0.658205 0.348067
vt 0.095553 0.934811
vt 0.095553 0.973555
vt 0.082734 0.948866
vt 0.242018 0.368575
vt 0.431661 0.979311
vt 0.051279 0.784139
vt 0.303148 0.947341
vt 0.311054 0.970066
vt 0.295021 0.972034
vt 0.892668 0.740561
vt 0.982517 0.642528
vt 0.020821 0.064817
vt 0.024872 0.069645
vt 0.011483 0.069427
vt 0.616851 0.975991
vt 0.658531 0.907459
vt 0.635539 0.901274
vt 0.186897 0.964589
vt 0.859801 0.997928
vt 0.859801 0.983646
vt 0.873765 0.992511
vt 0.018384 0.586972
vt 0.004524 0.586972
vt 0.012789 0.578865
vt 0.999482 0.092688
vt 0.999482 0.107013
vt 0.984581 0.106338
vt 0.590891 0.961378
vt 0.189538 0.971077
vt 0.136657 0.971077
vt 0.172056 0.952230
vt 0.613070 0.974681
vt 0.000515 0.396505
vt 0.009335 0.390097
vt 0.012932 0.397752
vt 0.037518 0.551698
vt 0.037518 0.525991
vt 0.061088 0.539214
vt 0.776695 0.049627
vt 0.749201 0.040693
vt 0.775000 0.040513
vt 0.939827 0.779232
vt 0.205879 0.097608
vt 0.626844 0.074421
vt 0.618248 0.100878
vt 0.581323 0.077679
vt 0.044736 0.022855
vt 0.040966 0.036922
vt 0.022994 0.022562
vt 0.597726 0.963042
vt 0.047913 0.986931
vt 0.055437 0.980617
vt 0.074597 0.987012
vt 0.303409 0.037222
vt 0.306940 0.028025
vt 0.318665 0.047672
vt 0.151911 0.983641
vt 0.180758 0.974268
vt 0.175797 0.988880
vt 0.419780 0.052222
vt 0.401934 0.055049
vt 0.417805 0.033597
vt 0.616289 0.685897
vt 0.932629 0.051105
vt 0.904024 0.051105
vt 0.927432 0.038536
vt 0.041237 0.021884
vt 0.022508 0.021884
vt 0.037681 0.012976
vt 0.031152 0.813635
vt 0.023131 0.804075
vt 0.030949 0.793436
vt 0.031344 0.042179
vt 0.116483 0.081927
vt 0.318664 0.030670
vt 0.838247 0.084153
vt 0.828788 0.084469
vt 0.240458 0.963924
vt 0.257107 0.976487
vt 0.233033 0.971324
vt 0.007275 0.774833
vt 0.004661 0.766789
vt 0.018247 0.766004
vt 0.157107 0.230204
vt 0.160810 0.209207
vt 0.165461 0.237940
vt 0.983137 0.256778
vt 0.111364 0.610369
vt 0.066445 0.543063
vt 0.073713 0.525074
vt 0.083954 0.557097
vt 0.110186 0.393028
vt 0.112424 0.418606
vt 0.111586 0.441633
vt 0.110062 0.377000
vt 0.149400 0.405581
vt 0.115215 0.439733
vt 0.032747 0.679060
vt 0.021535 0.674068
vt 0.022532 0.663569
vt 0.055105 0.754934
vt 0.050472 0.751047
vt 0.053461 0.724647
vt 0.079733 0.021571
vt 0.085942 0.040680
vt 0.069436 0.025981
vt 0.052223 0.697869
vt 0.054111 0.719440
vt 0.051467 0.727928
vt 0.449609 0.176746
vt 0.420974 0.163393
vt 0.516775 0.164125
vt 0.071221 0.834443
vt 0.056814 0.822354
vt 0.071672 0.804003
vt 0.038176 0.832871
vt 0.025804 0.849898
vt 0.023577 0.836219
vt 0.919671 0.026739
vt 0.907023 0.044147
vt 0.910858 0.025574
vt 0.000507 0.668122
vt 0.000507 0.657575
vt 0.008955 0.667721
vt 0.720992 0.978751
vt 0.692396 0.988042
vt 0.687872 0.975105
vt 0.000528 0.881591
vt 0.009930 0.881591
vt 0.005445 0.887333
vt 0.240072 0.025367
vt 0.237163 0.020328
vt 0.240427 0.013975
vt 0.426515 0.574021
vt 0.427299 0.565059
vt 0.439302 0.570691
vt 0.050240 0.779801
vt 0.034820 0.779212
vt 0.044522 0.772987
vt 0.314370 0.126441
vt 0.286950 0.110610
vt 0.347014 0.113408
vt 0.173677 0.207913
vt 0.151641 0.205834
vt 0.165758 0.189102
vt 0.010624 0.294616
vt 0.010624 0.287057
vt 0.025233 0.287418
vt 0.990964 0.962150
vt 0.622739 0.666418
vt 0.913348 0.000140
vt 0.917141 0.011812
vt 0.907062 0.010221
vt 0.180044 0.222121
vt 0.800900 0.983366
vt 0.111522 0.633812
vt 0.987458 0.985792
vt 0.996327 0.993234
vt 0.975287 0.993789
vt 0.154783 0.662318
vt 0.138935 0.660072
vt 0.152728 0.608598
vt 0.532673 0.064279
vt 0.523314 0.087441
vt 0.511425 0.062927
vt 0.050198 0.204411
vt 0.056384 0.432079
vt 0.056384 0.401586
vt 0.081564 0.411488
vt 0.043743 0.912872
vt 0.030549 0.913332
vt 0.027472 0.906887
vt 0.555939 0.469301
vt 0.057822 0.223539
vt 0.060191 0.236001
vt 0.052955 0.240179
vt 0.501285 0.095937
vt 0.482815 0.740930
vt 0.189534 0.889495
vt 0.303421 0.983934
vt 0.057450 0.247989
vt 0.018192 0.192254
vt 0.013676 0.206152
vt 0.010195 0.199752
vt 0.010814 0.983107
vt 0.009478 0.993988
vt 0.005620 0.982108
vt 0.517032 0.966783
vt 0.519810 0.977635
vt 0.516126 0.991384
vt 0.131564 0.991512
vt 0.131564 0.968648
vt 0.147818 0.990497
vt 0.137548 0.611550
vt 0.133582 0.387852
vt 0.133582 0.333263
vt 0.139824 0.363578
vt 0.270457 0.894026
vt 0.560011 0.943301
vt 0.554838 0.957471
vt 0.542008 0.962867
vt 0.575722 0.149190
vt 0.601969 0.147577
vt 0.602340 0.168864
vt 0.166527 0.035799
vt 0.166527 0.023464
vt 0.186561 0.027633
vt 0.097602 0.086350
vt 0.124918 0.086350
vt 0.095286 0.121319
vt 0.083290 0.153917
vt 0.094470 0.145182
vt 0.094270 0.165321
vt 0.025700 0.335217
vt 0.012149 0.345062
vt 0.013864 0.336245
vt 0.224645 0.967962
vt 0.834822 0.215938
vt 0.810129 0.195619
vt 0.830435 0.191060
vt 0.076845 0.132986
vt 0.872570 0.751831
vt 0.655721 0.917405
vt 0.432647 0.210193
vt 0.407783 0.217078
vt 0.409327 0.208153
vt 0.587326 0.592745
vt 0.283575 0.028404
vt 0.305569 0.028404
vt 0.287510 0.046795
vt 0.328563 0.040310
vt 0.060559 0.348627
vt 0.060559 0.375476
vt 0.047509 0.366467
vt 0.682851 0.913517
vt 0.061231 0.226022
vt 0.868957 0.052560
vt 0.862634 0.033098
vt 0.891848 0.037940
vt 0.062522 0.620134
vt 0.062522 0.647296
vt 0.049032 0.639308
vt 0.800568 0.185970
vt 0.242472 0.279771
vt 0.222668 0.279771
vt 0.241301 0.254817
vt 0.891501 0.798644
vt 0.610138 0.696021
vt 0.028943 0.777333
vt 0.907243 0.984560
vt 0.863674 0.982719
vt 0.900572 0.959664
vt 0.179868 0.246976
vt 0.231439 0.235216
vt 0.241287 0.223866
vt 0.022163 0.137541
vt 0.022163 0.154291
vt 0.015686 0.138187
vt 0.895364 0.073140
vt 0.999430 0.046923
vt 0.979731 0.051110
vt 0.973677 0.039029
vt 0.118318 0.121017
vt 0.005797 0.234565
vt 0.006897 0.239738
vt 0.000075 0.238658
vt 0.168005 0.250777
vt 0.714397 0.039057
vt 0.724929 0.049589
vt 0.698378 0.049210
vt 0.633835 0.129535
vt 0.046127 0.344672
vt 0.044013 0.358018
vt 0.028575 0.356972
vt 0.629199 0.915389
vt 0.490734 0.064417
vt 0.867438 0.962309
vt 0.998897 0.073451
vt 0.975611 0.081927
vt 0.963254 0.074300
vt 0.313025 0.165274
vt 0.003870 0.243522
vt 0.050465 0.328048
vt 0.058789 0.302430
vt 0.066068 0.313155
vt 0.338478 0.894613
vt 0.802640 0.994823
vt 0.402231 0.028060
vt 0.402231 0.049629
vt 0.394582 0.040403
vt 0.140770 0.099931
vt 0.828788 0.010838
vt 0.833065 0.006562
vt 0.832716 0.017841
vt 0.060070 0.320884
vt 0.060070 0.347941
vt 0.049990 0.333825
vt 0.105141 0.666867
vt 0.124406 0.674439
vt 0.109460 0.680993
vt 0.013632 0.765210
vt 0.014817 0.751661
vt 0.022723 0.763085
vt 0.718033 0.100486
vt 0.708882 0.072322
vt 0.756258 0.081934
vt 0.122408 0.293634
vt 0.086755 0.293634
vt 0.105301 0.287044
vt 0.391036 0.976300
vt 0.404278 0.994527
vt 0.380582 0.995313
vt 0.292615 0.918143
vt 0.064559 0.200865
vt 0.022079 0.748236
vt 0.023072 0.412402
vt 0.042665 0.418768
vt 0.024671 0.433215
vt 0.143221 0.193241
vt 0.530680 0.427101
vt 0.242271 0.055674
vt 0.227201 0.055411
vt 0.242918 0.033967
vt 0.720616 0.109740
vt 0.694017 0.109888
vt 0.702114 0.096785
vt 0.066567 0.219640
vt 0.065075 0.230410
vt 0.692133 0.989619
vt 0.684529 0.994943
vt 0.668425 0.989720
vt 0.009613 0.873452
vt 0.021664 0.864697
vt 0.022757 0.877335
vt 0.667830 0.101801
vt 0.154510 0.152527
vt 0.172369 0.163098
vt 0.167450 0.170970
vt 0.052216 0.230818
vt 0.051784 0.246996
vt 0.038843 0.245864
vt 0.066059 0.245521
vt 0.036927 0.222625
vt 0.147965 0.431488
vt 0.147965 0.408902
vt 0.160471 0.428079
vt 0.098702 0.692102
vt 0.115727 0.695776
vt 0.100924 0.708133
vt 0.286185 0.097018
vt 0.243696 0.097018
vt 0.254365 0.081269
vt 0.608030 0.127737
vt 0.376748 0.925523
vt 0.375391 0.953185
vt 0.348850 0.965002
vt 0.745777 0.017337
vt 0.730817 0.011189
vt 0.745777 0.006069
vt 0.230787 0.190846
vt 0.622143 0.168616
vt 0.100504 0.122157
vt 0.100504 0.167186
vt 0.099197 0.131058
vt 0.733325 0.007042
vt 0.065624 0.161646
vt 0.048055 0.148882
vt 0.072961 0.132676
vt 0.393364 0.741642
vt 0.407228 0.780121
vt 0.377418 0.784843
vt 0.844263 0.206236
vt 0.535667 0.977714
vt 0.052267 0.545369
vt 0.066067 0.543996
vt 0.066067 0.571541
vt 0.333707 0.166672
vt 0.290400 0.149852
vt 0.031755 0.413811
vt 0.040624 0.408502
vt 0.045785 0.418630
vt 0.112104 0.192944
vt 0.126350 0.149100
vt 0.138892 0.196517
vt 0.423097 0.165396
vt 0.134092 0.209655
vt 0.049471 0.567762
vt 0.157428 0.854590
vt 0.165964 0.822732
vt 0.175352 0.854859
vt 0.080165 0.107111
vt 0.079313 0.093752
vt 0.095986 0.090812
vt 0.535164 0.991111
vt 0.560594 0.994853
vt 0.546827 0.993648
vt 0.570703 0.992697
vt 0.161283 0.440036
vt 0.174460 0.423877
vt 0.180892 0.441726
vt 0.225334 0.601345
vt 0.243835 0.600916
vt 0.238583 0.643695
vt 0.026924 0.408063
vt 0.222798 0.556006
vt 0.911355 0.843664
vt 0.925694 0.839805
vt 0.930957 0.859446
vt 0.821473 0.206888
vt 0.889216 0.274632
vt 0.786116 0.288131
vt 0.156422 0.793810
vt 0.171943 0.788069
vt 0.475321 0.948831
vt 0.497754 0.904804
vt 0.510464 0.955130
vt 0.177243 0.805301
vt 0.891840 0.793045
vt 0.350445 0.053144
vt 0.342703 0.029319
vt 0.367954 0.028529
vt 0.617799 0.186008
vt 0.634568 0.176365
vt 0.575576 0.964517
vt 0.271255 0.922567
vt 0.476775 0.903095
vt 0.910596 0.861323
vt 0.110182 0.518461
vt 0.143802 0.518461
vt 0.110968 0.564706
vt 0.622763 0.735977
vt 0.577585 0.743912
vt 0.288042 0.482931
vt 0.561466 0.975524
vt 0.974081 0.994679
vt 0.966210 0.998349
vt 0.960680 0.995069
vt 0.054593 0.342534
vt 0.039353 0.339669
vt 0.047751 0.333777
vt 0.066353 0.791498
vt 0.099982 0.791498
vt 0.075618 0.809598
vt 0.181218 0.381481
vt 0.009678 0.654046
vt 0.020969 0.654046
vt 0.009753 0.670655
vt 0.408810 0.006543
vt 0.397465 0.010229
vt 0.401136 0.001723
vt 0.021198 0.668836
vt 0.369343 0.966907
vt 0.646697 0.995979
vt 0.632973 0.989579
vt 0.656868 0.989747
vt 0.910737 0.924501
vt 0.910737 0.967432
vt 0.907988 0.949614
vt 0.188558 0.150607
vt 0.180180 0.188253
vt 0.178412 0.274856
vt 0.013354 0.953358
vt 0.017692 0.965278
vt 0.013184 0.971443
vt 0.037587 0.515421
vt 0.038880 0.500647
vt 0.040102 0.526245
vt 0.128518 0.726466
vt 0.128518 0.677418
vt 0.158832 0.684257
vt 0.004012 0.566724
vt 0.000033 0.561249
vt 0.005445 0.557777
vt 0.750451 0.966809
vt 0.698961 0.959781
vt 0.697371 0.946831
vt 0.577859 0.950782
vt 0.632662 0.373287
vt 0.066454 0.163083
vt 0.066612 0.191001
vt 0.055898 0.178158
vt 0.242518 0.028016
vt 0.241665 0.015054
vt 0.259829 0.013464
vt 0.093814 0.490409
vt 0.108385 0.495712
vt 0.091652 0.500386
vt 0.138822 0.557162
vt 0.126705 0.602384
vt 0.126118 0.553492
vt 0.027384 0.811773
vt 0.012457 0.816623
vt 0.013475 0.798417
vt 0.165670 0.177225
vt 0.093918 0.127814
vt 0.037041 0.323519
vt 0.485129 0.049490
vt 0.514423 0.059008
vt 0.483087 0.065051
vt 0.394450 0.838733
vt 0.389407 0.859908
vt 0.385775 0.833317
vt 0.571574 0.634654
vt 0.082605 0.947126
vt 0.068956 0.935260
vt 0.095983 0.929497
vt 0.085064 0.448811
vt 0.077858 0.470988
vt 0.061351 0.430905
vt 0.985849 0.963398
vt 0.934567 0.970053
vt 0.933647 0.943688
vt 0.153669 0.455832
vt 0.153669 0.491502
vt 0.150614 0.520263
vt 0.034071 0.704129
vt 0.026485 0.705012
vt 0.026485 0.684430
vt 0.041244 0.694045
vt 0.661330 0.153437
vt 0.126213 0.811224
vt 0.158646 0.803496
vt 0.160639 0.826276
vt 0.558318 0.450651
vt 0.427564 0.528908
vt 0.446887 0.532460
vt 0.793863 0.161054
vt 0.872097 0.165007
vt 0.126630 0.624198
vt 0.132765 0.637018
vt 0.126216 0.644499
vt 0.056982 0.167127
vt 0.176809 0.218417
vt 0.932516 0.298760
vt 0.921545 0.289554
vt 0.984890 0.268637
vt 0.456637 0.967893
vt 0.558204 0.522944
vt 0.590052 0.577408
vt 0.538670 0.564070
vt 0.450083 0.937983
vt 0.321529 0.130796
vt 0.651088 0.134895
vt 0.062088 0.463195
vt 0.139379 0.173479
vt 0.379787 0.074006
vt 0.346806 0.074006
vt 0.354975 0.056472
vt 0.555221 0.585582
vt 0.023495 0.637378
vt 0.031183 0.629690
vt 0.031286 0.650190
vt 0.154111 0.116854
vt 0.155932 0.094799
vt 0.189522 0.097738
vt 0.074384 0.489185
vt 0.661153 0.021159
vt 0.673648 0.026985
vt 0.654540 0.027646
vt 0.555677 0.609374
vt 0.804579 0.085554
vt 0.762652 0.085554
vt 0.800341 0.077295
vt 0.030369 0.901170
vt 0.024042 0.881699
vt 0.036217 0.882522
vt 0.665260 0.082991
vt 0.628565 0.094914
vt 0.633465 0.063950
vt 0.259431 0.032850
vt 0.376363 0.924321
vt 0.334965 0.966615
vt 0.328762 0.944526
vt 0.250372 0.983448
vt 0.236940 0.993361
vt 0.238704 0.978253
vt 0.123279 0.385217
vt 0.110784 0.363575
vt 0.121367 0.336894
vt 0.708001 0.063494
vt 0.707717 0.095406
vt 0.680446 0.079403
vt 0.660834 0.030769
vt 0.644580 0.029347
vt 0.670659 0.027996
vt 0.046146 0.320813
vt 0.380702 0.805926
vt 0.375152 0.811935
vt 0.050716 0.582590
vt 0.037385 0.600938
vt 0.031456 0.569879
vt 0.189540 0.112710
vt 0.135472 0.624675
vt 0.137804 0.661057
vt 0.132120 0.675126
vt 0.942538 0.028332
vt 0.923498 0.028332
vt 0.940005 0.014497
vt 0.029168 0.247267
vt 0.024220 0.265735
vt 0.023123 0.244225
vt 0.213020 0.173590
vt 0.878291 0.066726
vt 0.842326 0.066726
vt 0.856374 0.061262
vt 0.044931 0.118306
vt 0.041579 0.097361
vt 0.059018 0.097665
vt 0.049741 0.089861
vt 0.695413 0.057981
vt 0.126343 0.833902
vt 0.152107 0.732442
vt 0.143318 0.708295
vt 0.178051 0.720163
vt 0.510111 0.431438
vt 0.058637 0.348461
vt 0.043455 0.369357
vt 0.047450 0.343790
vt 0.392443 0.040940
vt 0.400883 0.049990
vt 0.400031 0.066132
vt 0.917275 0.873751
vt 0.078708 0.502349
vt 0.126232 0.732095
vt 0.918957 0.268471
vt 0.581879 0.956823
vt 0.881758 0.778131
vt 0.706746 0.939429
vt 0.719809 0.903540
vt 0.741165 0.961946
vt 0.266322 0.018076
vt 0.286623 0.020929
vt 0.259692 0.034395
vt 0.068857 0.908950
vt 0.090255 0.923021
vt 0.588652 0.969497
vt 0.998945 0.052805
vt 0.998945 0.072195
vt 0.966693 0.054531
vt 0.124868 0.638146
vt 0.101503 0.670305
vt 0.088279 0.634476
vt 0.158522 0.164905
vt 0.940919 0.879718
vt 0.913091 0.885729
vt 0.401956 0.229879
vt 0.386607 0.225392
vt 0.394021 0.216353
vt 0.332608 0.519862
vt 0.395843 0.784163
vt 0.401400 0.790943
vt 0.023067 0.144021
vt 0.030176 0.144269
vt 0.030220 0.165242
vt 0.276315 0.039195
vt 0.893543 0.085111
vt 0.898691 0.072369
vt 0.931158 0.072259
vt 0.131752 0.651697
vt 0.110263 0.667393
vt 0.154758 0.006052
vt 0.163224 0.022832
vt 0.152591 0.018342
vt 0.167958 0.006117
vt 0.170118 0.017397
vt 0.147287 0.838131
vt 0.072594 0.695368
vt 0.072594 0.726444
vt 0.061869 0.698299
vt 0.224229 0.985448
vt 0.068433 0.945925
vt 0.080588 0.946989
vt 0.067350 0.979585
vt 0.831600 0.056585
vt 0.797882 0.056585
vt 0.806124 0.053973
vt 0.709120 0.050503
vt 0.743325 0.050503
vt 0.708866 0.070974
vt 0.072546 0.734690
vt 0.072546 0.765310
vt 0.065402 0.749561
vt 0.544450 0.644577
vt 0.510054 0.944851
vt 0.388773 0.976173
vt 0.383563 0.987346
vt 0.377084 0.976408
vt 0.134729 0.515754
vt 0.094853 0.502798
vt 0.128542 0.488230
vt 0.738772 0.207020
vt 0.997819 0.660802
vt 0.987639 0.671371
vt 0.990626 0.653978
vt 0.040510 0.976021
vt 0.039994 0.956514
vt 0.046855 0.955914
vt 0.996534 0.679687
vt 0.603908 0.971928
vt 0.667340 0.011203
vt 0.673796 0.006682
vt 0.673748 0.022202
vt 0.432960 0.988442
vt 0.432960 0.971717
vt 0.462458 0.982330
vt 0.364049 0.987472
vt 0.047656 0.979345
vt 0.361714 0.018709
vt 0.362234 0.005694
vt 0.376570 0.005694
vt 0.564711 0.979832
vt 0.538483 0.977398
vt 0.543049 0.965764
vt 0.343943 0.072394
vt 0.343943 0.096049
vt 0.301974 0.074947
vt 0.530715 0.608528
vt 0.377828 0.016526
vt 0.153922 0.156260
vt 0.134293 0.164432
vt 0.144300 0.152396
vt 0.151745 0.673787
vt 0.873224 0.829937
vt 0.776002 0.781321
vt 0.131223 0.675603
vt 0.012434 0.948929
vt 0.001458 0.936753
vt 0.012434 0.936450
vt 0.008961 0.655269
vt 0.008961 0.665658
vt 0.000501 0.655059
vt 0.984316 0.644516
vt 0.996846 0.644946
vt 0.031140 0.336558
vt 0.020464 0.330394
vt 0.033177 0.329777
vt 0.680760 0.064965
vt 0.103399 0.015370
vt 0.089146 0.025725
vt 0.088334 0.011625
vt 0.013145 0.171600
vt 0.018514 0.155075
vt 0.026696 0.172116
vt 0.167301 0.044836
vt 0.149594 0.069207
vt 0.140966 0.045419
vt 0.672750 0.005648
vt 0.663405 0.012438
vt 0.663460 0.000510
vt 0.160071 0.064050
vt 0.168187 0.049993
vt 0.192518 0.062883
vt 0.019373 0.606815
vt 0.034345 0.617693
vt 0.017945 0.622269
vt 0.471891 0.563826
vt 0.454072 0.441915
vt 0.742979 0.074995
vt 0.461470 0.048462
vt 0.465901 0.062096
vt 0.433502 0.061661
vt 0.048276 0.680730
vt 0.033895 0.680730
vt 0.041082 0.657417
vt 0.129089 0.848080
vt 0.974293 0.653326
vt 0.359733 0.976906
vt 0.018815 0.981394
vt 0.006085 0.981394
vt 0.009888 0.974283
vt 0.155641 0.855369
vt 0.787898 0.012353
vt 0.792776 0.022814
vt 0.774953 0.022534
vt 0.190857 0.037724
vt 0.190857 0.018053
vt 0.205557 0.027587
vt 0.065449 0.101105
vt 0.078475 0.101105
vt 0.070800 0.131963
vt 0.000515 0.949008
vt 0.239195 0.993398
vt 0.251754 0.984273
vt 0.256821 0.994810
vt 0.414777 0.850820
vt 0.726760 0.049685
vt 0.717316 0.036687
vt 0.736171 0.033675
vt 0.302213 0.096431
vt 0.927661 0.885315
vt 0.530928 0.533065
vt 0.149092 0.991807
vt 0.149092 0.984288
vt 0.165649 0.987835
vt 0.016670 0.348159
vt 0.026164 0.348159
vt 0.017440 0.366482
vt 0.740851 0.048726
vt 0.037803 0.334814
vt 0.750643 0.994399
vt 0.750643 0.976717
vt 0.773261 0.985251
vt 0.403527 0.857550
vt 0.037402 0.749824
vt 0.051741 0.730088
vt 0.049213 0.751486
vt 0.050099 0.685221
vt 0.043089 0.693576
vt 0.039978 0.681476
vt 0.005855 0.713399
vt 0.001051 0.706786
vt 0.011898 0.705924
vt 0.017663 0.902191
vt 0.023382 0.884589
vt 0.029648 0.902761
vt 0.000642 0.588171
vt 0.010314 0.588171
vt 0.003483 0.598582
vt 0.775983 0.012047
vt 0.209206 0.976683
vt 0.238504 0.976683
vt 0.220605 0.985468
vt 0.043549 0.318198
vt 0.034126 0.323639
vt 0.045747 0.305843
vt 0.553759 0.005325
vt 0.546440 0.015399
vt 0.546341 0.002031
vt 0.202463 0.095357
vt 0.978000 0.050621
vt 0.949789 0.050621
vt 0.972893 0.041012
vt 0.839499 0.037090
vt 0.851888 0.049479
vt 0.825403 0.050061
vt 0.680849 0.964215
vt 0.088259 0.048281
vt 0.089134 0.035762
vt 0.107956 0.032396
vt 0.702190 0.011301
vt 0.696847 0.027748
vt 0.683766 0.011097
vt 0.722270 0.030495
vt 0.015264 0.269083
vt 0.015264 0.282710
vt 0.005652 0.279780
vt 0.757932 0.005078
vt 0.767196 0.017830
vt 0.749736 0.013417
vt 0.018056 0.016564
vt 0.023683 0.029821
vt 0.009748 0.018174
vt 0.014480 0.556344
vt 0.019264 0.569489
vt 0.006557 0.556009
vt 0.023568 0.966514
vt 0.038600 0.957835
vt 0.022913 0.978526
vt 0.499450 0.993849
vt 0.488311 0.997469
vt 0.488099 0.988089
vt 0.834710 0.005598
vt 0.836129 0.010240
vt 0.834882 0.017310
vt 0.022789 0.263124
vt 0.016183 0.264894
vt 0.022615 0.250580
vt 0.012157 0.846038
vt 0.020850 0.844817
vt 0.012891 0.863849
vt 0.911562 0.960584
vt 0.027652 0.356368
vt 0.047315 0.619597
vt 0.064737 0.613598
vt 0.049820 0.635904
vt 0.388621 0.867807
vt 0.741461 0.905187
vt 0.023152 0.364722
vt 0.027295 0.358804
vt 0.025947 0.375340
vt 0.051566 0.696407
vt 0.818817 0.000543
vt 0.822484 0.011829
vt 0.814966 0.011907
vt 0.035585 0.687218
vt 0.130263 0.280752
vt 0.088861 0.280752
vt 0.121789 0.254606
vt 0.427582 0.851593
vt 0.311266 0.965982
vt 0.303916 0.945793
vt 0.039146 0.375181
vt 0.383473 0.210567
vt 0.845569 0.006294
vt 0.004617 0.585041
vt 0.002109 0.577322
vt 0.012334 0.576811
vt 0.579911 0.984326
vt 0.574885 0.968861
vt 0.609378 0.973797
vt 0.911928 0.940804
vt 0.880524 0.893548
vt 0.010577 0.257372
vt 0.003188 0.755336
vt 0.006008 0.746657
vt 0.010757 0.752041
vt 0.090519 0.979871
vt 0.193254 0.094520
vt 0.203220 0.063847
vt 0.204156 0.094277
vt 0.347148 0.074707
vt 0.387911 0.074707
vt 0.384091 0.094118
vt 0.677338 0.939973
vt 0.071474 0.089594
vt 0.061796 0.059808
vt 0.086610 0.060945
vt 0.698378 0.970884
vt 0.043040 0.954937
vt 0.033119 0.947256
vt 0.044140 0.931517
vt 0.064431 0.600826
vt 0.065725 0.611363
vt 0.048317 0.605610
vt 0.418593 0.855824
vt 0.134959 0.770298
vt 0.113049 0.770298
vt 0.123196 0.724224
vt 0.927419 0.086280
vt 0.974971 0.086280
vt 0.945925 0.090015
vt 0.044079 0.358724
vt 0.513301 0.418347
vt 0.001243 0.798024
vt 0.010710 0.798024
vt 0.006386 0.805562
vt 0.014031 0.209116
vt 0.019341 0.192776
vt 0.025311 0.206956
vt 0.390428 0.216990
vt 0.384013 0.222186
vt 0.287695 0.990421
vt 0.268138 0.976212
vt 0.291125 0.977233
vt 0.008190 0.034730
vt 0.702058 0.989121
vt 0.709091 0.995023
vt 0.685829 0.995440
vt 0.728988 0.878691
vt 0.542448 0.827204
vt 0.526606 0.813414
vt 0.525103 0.727295
vt 0.033051 0.934916
vt 0.058455 0.040175
vt 0.069113 0.029517
vt 0.083477 0.040204
vt 0.043837 0.594314
vt 0.427817 0.075592
vt 0.401541 0.056501
vt 0.428638 0.051898
vt 0.576179 0.828481
vt 0.524045 0.401603
vt 0.023314 0.384761
vt 0.013539 0.398214
vt 0.013566 0.381168
vt 0.772392 0.033763
vt 0.764192 0.025562
vt 0.772661 0.014544
vt 0.774586 0.974844
vt 0.775811 0.984817
vt 0.753073 0.976062
vt 0.010650 0.903958
vt 0.027697 0.903958
vt 0.019766 0.918751
vt 0.375780 0.228261
vt 0.589662 0.037728
vt 0.575344 0.036475
vt 0.601947 0.037332
vt 0.095238 0.981776
vt 0.119868 0.963881
vt 0.129364 0.988808
vt 0.341533 0.044903
vt 0.323923 0.069141
vt 0.322810 0.045997
vt 0.382437 0.826585
vt 0.024473 0.305906
vt 0.108738 0.031048
vt 0.126450 0.028434
vt 0.136780 0.034889
vt 0.047628 0.704174
vt 0.024098 0.942973
vt 0.040643 0.954993
vt 0.024685 0.962903
vt 0.015557 0.248054
vt 0.045590 0.342713
vt 0.028736 0.354959
vt 0.027119 0.337770
vt 0.005138 0.569236
vt 0.035568 0.831928
vt 0.023063 0.814717
vt 0.046160 0.813988
vt 0.695638 0.010306
vt 0.683346 0.010306
vt 0.694715 0.003140
vt 0.232523 0.034743
vt 0.226925 0.026657
vt 0.233412 0.018646
vt 0.223175 0.018544
vt 0.917250 0.064137
vt 0.898985 0.062539
vt 0.932190 0.062357
vt 0.882264 0.019488
vt 0.864759 0.030663
vt 0.862756 0.019488
vt 0.241467 0.029316
vt 0.109160 0.029808
vt 0.120271 0.014515
vt 0.123410 0.027727
vt 0.005146 0.491303
vt 0.000038 0.484273
vt 0.011416 0.482800
vt 0.458720 0.256475
vt 0.717186 0.981993
vt 0.728558 0.977709
vt 0.729998 0.987949
vt 0.520197 0.967920
vt 0.155063 0.038421
vt 0.150351 0.023433
vt 0.161273 0.023052
vt 0.028182 0.858343
vt 0.392826 0.872365
vt 0.585938 0.022371
vt 0.571783 0.032857
vt 0.566453 0.021426
vt 0.521444 0.974621
vt 0.034855 0.877763
vt 0.022914 0.861328
vt 0.030978 0.861281
vt 0.046541 0.306843
vt 0.057543 0.302397
vt 0.048259 0.327085
vt 0.074569 0.370312
vt 0.062069 0.365762
vt 0.074451 0.356052
vt 0.065141 0.872690
vt 0.083533 0.898005
vt 0.060889 0.904202
vt 0.014022 0.833077
vt 0.019767 0.826231
vt 0.031297 0.833132
vt 0.164832 0.041689
vt 0.876395 0.033301
vt 0.114973 0.050251
vt 0.035980 0.704978
vt 0.966460 0.979488
vt 0.947844 0.993014
vt 0.942405 0.975612
vt 0.144929 0.033303
vt 0.049736 0.379194
vt 0.049736 0.403176
vt 0.035921 0.380708
vt 0.176832 0.651963
vt 0.184373 0.647609
vt 0.176745 0.661058
vt 0.016532 0.720668
vt 0.034763 0.720668
vt 0.017108 0.738993
vt 0.948522 0.898243
vt 0.363798 0.989800
vt 0.346859 0.995304
vt 0.346969 0.971828
vt 0.208909 0.075962
vt 0.199353 0.046548
vt 0.222460 0.046695
vt 0.800819 0.012232
vt 0.804075 0.002210
vt 0.814221 0.011238
vt 0.582555 0.032101
vt 0.030797 0.267128
vt 0.022368 0.285661
vt 0.016016 0.269735
vt 0.187056 0.661440
vt 0.012312 0.137624
vt 0.009501 0.146274
vt 0.000636 0.137590
vt 0.039836 0.978918
vt 0.006348 0.184987
vt 0.014180 0.182888
vt 0.004999 0.191116
vt 0.030029 0.906524
vt 0.036320 0.887162
vt 0.037700 0.909153
vt 0.817694 0.054038
vt 0.811290 0.046407
vt 0.816275 0.028631
vt 0.061387 0.345138
vt 0.069114 0.338852
vt 0.005854 0.450825
vt 0.013267 0.461028
vt 0.005159 0.460262
vt 0.176799 0.996290
vt 0.176799 0.988793
vt 0.189022 0.997994
vt 0.016099 0.285383
vt 0.057768 0.276567
vt 0.038366 0.290664
vt 0.036854 0.279508
vt 0.881205 0.638437
vt 0.881205 0.582035
vt 0.919307 0.632296
vt 0.746957 0.976194
vt 0.022165 0.042831
vt 0.022165 0.059759
vt 0.012198 0.048512
vt 0.066362 0.504015
vt 0.083618 0.503206
vt 0.073406 0.516216
vt 0.528958 0.950945
vt 0.191727 0.987066
vt 0.834333 0.288801
vt 0.224126 0.024097
vt 0.213216 0.029487
vt 0.213153 0.021564
vt 0.312036 0.970805
vt 0.312036 0.992840
vt 0.303004 0.990018
vt 0.491382 0.820809
vt 0.997914 0.702771
vt 0.993502 0.816008
vt 0.966362 0.789460
vt 0.840820 0.895675
vt 0.172830 0.666660
vt 0.018906 0.191098
vt 0.944946 0.034139
vt 0.944946 0.015164
vt 0.959437 0.019655
vt 0.862051 0.190773
vt 0.882432 0.214767
vt 0.048618 0.732005
vt 0.035869 0.748980
vt 0.039774 0.728610
vt 0.503836 0.108465
vt 0.458220 0.100422
vt 0.510406 0.098208
vt 0.392948 0.884094
vt 0.381003 0.898833
vt 0.336775 0.161057
vt 0.352727 0.007660
vt 0.358256 0.003643
vt 0.359922 0.017771
vt 0.596411 0.826763
vt 0.990469 0.294763
vt 0.987121 0.333031
vt 0.988086 0.247646
vt 0.027079 0.742842
vt 0.949994 0.014401
vt 0.941881 0.013692
vt 0.955453 0.005175
vt 0.229576 0.034711
vt 0.814732 0.014985
vt 0.814732 0.030633
vt 0.797319 0.013042
vt 0.366752 0.557731
vt 0.366752 0.435297
vt 0.378765 0.555897
vt 0.015048 0.653269
vt 0.016609 0.648467
vt 0.029274 0.653326
vt 0.180040 0.671597
vt 0.800873 0.031779
vt 0.025809 0.683836
vt 0.025809 0.702120
vt 0.017019 0.691788
vt 0.347846 0.511731
vt 0.364803 0.415563
vt 0.364533 0.532644
vt 0.030742 0.651788
vt 0.014079 0.646374
vt 0.025280 0.644028
vt 0.043544 0.463215
vt 0.044686 0.452347
vt 0.056485 0.471132
vt 0.064561 0.028359
vt 0.045499 0.028359
vt 0.049879 0.019450
vt 0.052519 0.453540
vt 0.756923 0.616025
vt 0.710638 0.622529
vt 0.733206 0.559343
vt 0.099972 0.515525
vt 0.022186 0.432090
vt 0.016086 0.424821
vt 0.022260 0.413029
vt 0.940463 0.005021
vt 0.124682 0.608835
vt 0.110796 0.586177
vt 0.125758 0.596538
vt 0.938211 0.071902
vt 0.938211 0.085468
vt 0.899438 0.084394
vt 0.059490 0.460609
vt 0.967975 0.633924
vt 0.436256 0.709097
vt 0.446421 0.564807
vt 0.524899 0.680295
vt 0.170134 0.678338
vt 0.170404 0.662231
vt 0.025336 0.327950
vt 0.025074 0.312962
vt 0.036679 0.329468
vt 0.866070 0.005547
vt 0.881440 0.005547
vt 0.881236 0.018855
vt 0.705626 0.095599
vt 0.664892 0.096068
vt 0.687069 0.086946
vt 0.014180 0.448625
vt 0.003577 0.440922
vt 0.015845 0.433347
vt 0.350218 0.117482
vt 0.347709 0.112100
vt 0.405777 0.115727
vt 0.061038 0.474944
vt 0.913095 0.633981
vt 0.908352 0.655227
vt 0.910090 0.642237
vt 0.689911 0.631689
vt 0.699495 0.556152
vt 0.521541 0.670283
vt 0.998933 0.682226
vt 0.133392 0.228709
vt 0.093700 0.243901
vt 0.094603 0.228709
vt 0.120409 0.238246
vt 0.857640 0.683748
vt 0.173677 0.706586
vt 0.124890 0.560985
vt 0.660791 0.639815
vt 0.957125 0.330797
vt 0.876538 0.441715
vt 0.946919 0.294341
vt 0.668049 0.072259
vt 0.941999 0.039876
vt 0.952155 0.061655
vt 0.940275 0.068690
vt 0.162513 0.704553
vt 0.032573 0.591064
vt 0.021402 0.586998
vt 0.033257 0.584279
vt 0.038414 0.618983
vt 0.023602 0.607879
vt 0.038649 0.605473
vt 0.031491 0.593667
vt 0.476150 0.223335
vt 0.449916 0.255775
vt 0.405912 0.224108
vt 0.785204 0.685204
vt 0.831122 0.764736
vt 0.743163 0.707227
vt 0.029164 0.573325
vt 0.021026 0.571784
vt 0.032289 0.789076
vt 0.021408 0.804052
vt 0.018010 0.790998
vt 0.027751 0.451599
vt 0.037806 0.461845
vt 0.024445 0.457564
vt 0.037275 0.444814
vt 0.582655 0.994774
vt 0.569915 0.993660
vt 0.593929 0.993273
vt 0.692782 0.761530
vt 0.675028 0.018804
vt 0.679480 0.005101
vt 0.683040 0.017470
vt 0.030237 0.469529
vt 0.189233 0.711303
vt 0.189062 0.719423
vt 0.004218 0.599660
vt 0.012160 0.588729
vt 0.015205 0.607487
vt 0.714577 0.990571
vt 0.732933 0.995490
vt 0.709796 0.995982
vt 0.501543 0.633543
vt 0.015369 0.512527
vt 0.015369 0.525820
vt 0.003556 0.513860
vt 0.638143 0.648259
vt 0.625910 0.552466
vt 0.160914 0.712985
vt 0.154393 0.702923
vt 0.323117 0.993886
vt 0.315409 0.984700
vt 0.337977 0.985549
vt 0.093664 0.994986
vt 0.090252 0.989077
vt 0.104469 0.989402
vt 0.605549 0.029392
vt 0.617712 0.033344
vt 0.605316 0.047799
vt 0.628250 0.037623
vt 0.022370 0.407850
vt 0.015977 0.398719
vt 0.022209 0.388963
vt 0.014529 0.745468
vt 0.020210 0.740701
vt 0.029296 0.745853
vt 0.699351 0.030777
vt 0.700369 0.021095
vt 0.715987 0.033188
vt 0.015353 0.311152
vt 0.004568 0.311152
vt 0.007904 0.304884
vt 0.325587 0.998282
vt 0.311366 0.998282
vt 0.315232 0.987275
vt 0.011443 0.106754
vt 0.022777 0.110817
vt 0.017937 0.119919
vt 0.429280 0.442567
vt 0.604015 0.036681
vt 0.585228 0.030577
vt 0.592264 0.018100
vt 0.318769 0.125800
vt 0.359816 0.122208
vt 0.378442 0.125496
vt 0.055544 0.301944
vt 0.045342 0.304182
vt 0.053083 0.298005
vt 0.010092 0.121831
vt 0.000027 0.091089
vt 0.000027 0.083214
vt 0.007443 0.091082
vt 0.089605 0.989446
vt 0.077971 0.997898
vt 0.073244 0.988157
vt 0.137674 0.084754
vt 0.152533 0.103792
vt 0.153201 0.122921
vt 0.000154 0.705177
vt 0.006302 0.696715
vt 0.011301 0.705177
vt 0.637020 0.026077
vt 0.643268 0.035822
vt 0.636115 0.037739
vt 0.007379 0.024032
vt 0.007379 0.035729
vt 0.003577 0.030928
vt 0.035183 0.300481
vt 0.044426 0.294423
vt 0.487804 0.595126
vt 0.642741 0.045636
vt 0.033599 0.294565
vt 0.771511 0.685831
vt 0.119019 0.013582
vt 0.107999 0.028749
vt 0.106579 0.015049
vt 0.602986 0.141246
vt 0.534464 0.141246
vt 0.589653 0.128674
vt 0.034302 0.304130
vt 0.015997 0.304130
vt 0.030894 0.287005
vt 0.010016 0.035415
vt 0.023848 0.039910
vt 0.012333 0.046756
vt 0.730034 0.006513
vt 0.726499 0.017392
vt 0.712197 0.012101
vt 0.003028 0.261245
vt 0.008221 0.258125
vt 0.005935 0.274744
vt 0.000537 0.532616
vt 0.007053 0.532616
vt 0.000823 0.538667
vt 0.898396 0.031867
vt 0.878496 0.031867
vt 0.884369 0.019428
vt 0.010132 0.435245
vt 0.005192 0.431786
vt 0.015724 0.431899
vt 0.007431 0.541587
vt 0.706184 0.011994
vt 0.723080 0.017484
vt 0.705207 0.019878
vt 0.446781 0.000140
vt 0.460589 0.000140
vt 0.451888 0.003346
vt 0.020393 0.962847
vt 0.020393 0.980879
vt 0.013472 0.975103
vt 0.015896 0.266880
vt 0.002126 0.430139
vt 0.002126 0.421454
vt 0.011818 0.425577
vt 0.428776 0.097303
vt 0.398360 0.108374
vt 0.377498 0.098816
vt 0.486912 0.987713
vt 0.486912 0.997347
vt 0.472749 0.993362
vt 0.444667 0.256788
vt 0.654864 0.013973
vt 0.653426 0.027654
vt 0.644439 0.028358
vt 0.828825 0.989151
vt 0.835121 0.997817
vt 0.821751 0.998399
vt 0.574855 0.007484
vt 0.584604 0.020902
vt 0.565795 0.020688
vt 0.022807 0.329157
vt 0.008070 0.329157
vt 0.014475 0.323233
vt 0.674985 0.559169
vt 0.043725 0.628804
vt 0.025498 0.628804
vt 0.030310 0.623188
vt 0.421234 0.031246
vt 0.403468 0.025474
vt 0.419010 0.013076
vt 0.023301 0.227503
vt 0.017038 0.216655
vt 0.023182 0.210246
vt 0.919187 0.021372
vt 0.901530 0.027799
vt 0.917453 0.013015
vt 0.762165 0.686999
vt 0.046212 0.619571
vt 0.047240 0.627939
vt 0.027461 0.620793
vt 0.013454 0.318964
vt 0.024395 0.311302
vt 0.024313 0.328638
vt 0.901958 0.010547
vt 0.452572 0.015707
vt 0.443159 0.028663
vt 0.429898 0.014664
vt 0.015245 0.402099
vt 0.015245 0.415630
vt 0.003680 0.412467
vt 0.409328 0.015570
vt 0.619921 0.005057
vt 0.619921 0.015280
vt 0.604183 0.015361
vt 0.559410 0.026891
vt 0.547481 0.033777
vt 0.559647 0.018015
vt 0.873122 0.164017
vt 0.915224 0.164012
vt 0.905297 0.172639
vt 0.001386 0.296620
vt 0.000642 0.288117
vt 0.009816 0.296792
vt 0.016312 0.312143
vt 0.930288 0.009792
vt 0.937336 0.000092
vt 0.939732 0.013852
vt 0.049655 0.868135
vt 0.049655 0.892323
vt 0.036999 0.883932
vt 0.010817 0.016904
vt 0.002131 0.016904
vt 0.006481 0.005506
vt 0.013705 0.929391
vt 0.030228 0.930837
vt 0.013072 0.944115
vt 0.774351 0.677155
vt 0.003174 0.046938
vt 0.006786 0.053195
vt 0.003228 0.059138
vt 0.923893 0.029111
vt 0.944135 0.029111
vt 0.935833 0.051566
vt 0.046548 0.022668
vt 0.036960 0.009471
vt 0.054674 0.007213
vt 0.030571 0.920921
vt 0.051601 0.920921
vt 0.048676 0.929179
vt 0.016883 0.895204
vt 0.004033 0.891029
vt 0.010673 0.883182
vt 0.005501 0.430681
vt 0.014403 0.425542
vt 0.019399 0.431032
vt 0.009750 0.286375
vt 0.539954 0.031238
vt 0.543426 0.019127
vt 0.789236 0.002247
vt 0.787986 0.011139
vt 0.782622 0.000187
vt 0.656734 0.565545
vt 0.017713 0.507827
vt 0.016650 0.495674
vt 0.017606 0.488687
vt 0.466547 0.029934
vt 0.451625 0.034783
vt 0.461765 0.021990
vt 0.444807 0.028063
vt 0.803070 0.001233
vt 0.799598 0.011917
vt 0.792548 0.000533
vt 0.896522 0.173986
vt 0.015415 0.469653
vt 0.015415 0.483036
vt 0.006995 0.479149
vt 0.031251 0.940782
vt 0.912288 0.338964
vt 0.673740 0.025289
vt 0.660922 0.019739
vt 0.669729 0.018054
vt 0.008595 0.209872
vt 0.021286 0.209872
vt 0.018063 0.213434
vt 0.527426 0.011994
vt 0.545283 0.011994
vt 0.538750 0.026851
vt 0.729747 0.030791
vt 0.739363 0.020673
vt 0.738993 0.033269
vt 0.729263 0.014540
vt 0.661164 0.012061
vt 0.020389 0.092656
vt 0.011854 0.097583
vt 0.007002 0.092950
vt 0.988764 0.829463
vt 0.018695 0.523964
vt 0.016886 0.534224
vt 0.016166 0.515577
vt 0.003589 0.688848
vt 0.004890 0.677849
vt 0.011703 0.676023
vt 0.596185 0.019693
vt 0.603332 0.014688
vt 0.603516 0.033618
vt 0.777995 0.011268
vt 0.906573 0.345553
vt 0.004076 0.217969
vt 0.013852 0.214793
vt 0.012731 0.228932
vt 0.068497 0.399180
vt 0.056503 0.384885
vt 0.068259 0.371238
vt 0.014339 0.689016
vt 0.061553 0.997812
vt 0.057443 0.996710
vt 0.067557 0.996905
vt 0.302338 0.237410
vt 0.304896 0.225783
vt 0.310415 0.242885
vt 0.446738 0.271641
vt 0.003015 0.732699
vt 0.012057 0.733490
vt 0.003125 0.745389
vt 0.962242 0.820429
vt 0.913974 0.566803
vt 0.973658 0.544006
vt 0.999273 0.633501
vt 0.043932 0.028991
vt 0.068120 0.028991
vt 0.059723 0.033260
vt 0.747678 0.001122
vt 0.753393 0.007933
vt 0.747603 0.013321
vt 0.312067 0.264278
vt 0.305624 0.297112
vt 0.296043 0.239738
vt 0.622977 0.018008
vt 0.628750 0.035777
vt 0.604815 0.026610
vt 0.029334 0.679531
vt 0.015380 0.689669
vt 0.012997 0.670889
vt 0.013917 0.745353
vt 0.113324 0.988322
vt 0.085381 0.988322
vt 0.090178 0.981300
vt 0.015941 0.448185
vt 0.016794 0.431895
vt 0.025842 0.452068
vt 0.762278 0.671925
vt 0.654160 0.012608
vt 0.644620 0.025738
vt 0.644147 0.015114
vt 0.293505 0.016079
vt 0.300816 0.006016
vt 0.311575 0.019383
vt 0.035354 0.437126
vt 0.487388 0.032740
vt 0.467293 0.032740
vt 0.482095 0.020049
vt 0.946912 0.805507
vt 0.015904 0.693841
vt 0.026874 0.707150
vt 0.011472 0.710990
vt 0.446660 0.995368
vt 0.442902 0.997366
vt 0.441807 0.987698
vt 0.153661 0.092904
vt 0.899027 0.329620
vt 0.687158 0.018627
vt 0.693153 0.027190
vt 0.674376 0.019984
vt 0.922211 0.774899
vt 0.829582 0.111751
vt 0.828881 0.120220
vt 0.823218 0.114321
vt 0.141153 0.082392
vt 0.016352 0.302111
vt 0.005560 0.302111
vt 0.013886 0.297989
vt 0.258655 0.006040
vt 0.259820 0.012647
vt 0.246243 0.005228
vt 0.020189 0.716518
vt 0.921987 0.171659
vt 0.896147 0.339065
vt 0.000701 0.207797
vt 0.009588 0.201340
vt 0.013243 0.209018
vt 0.244662 0.013199
vt 0.457934 0.265961
vt 0.674497 0.026709
vt 0.133245 0.777990
vt 0.110778 0.781004
vt 0.119968 0.770930
vt 0.436850 0.997860
vt 0.430332 0.991239
vt 0.908249 0.984839
vt 0.913959 0.982761
vt 0.904415 0.995230
vt 0.142504 0.033235
vt 0.142504 0.014573
vt 0.148831 0.023255
vt 0.478360 0.269381
vt 0.468878 0.270255
vt 0.057812 0.041007
vt 0.075047 0.041007
vt 0.058938 0.058594
vt 0.849277 0.006128
vt 0.850378 0.013960
vt 0.837176 0.011544
vt 0.026104 0.851831
vt 0.038543 0.834709
vt 0.041127 0.854036
vt 0.929035 0.800393
vt 0.000638 0.100595
vt 0.003549 0.091636
vt 0.011314 0.099404
vt 0.164334 0.779198
vt 0.150776 0.782328
vt 0.157074 0.765666
vt 0.758334 0.661559
vt 0.334990 0.231892
vt 0.079140 0.056567
vt 0.429158 0.092118
vt 0.417639 0.083898
vt 0.425041 0.075382
vt 0.506314 0.621803
vt 0.042086 0.395085
vt 0.049782 0.405906
vt 0.040457 0.405372
vt 0.150115 0.078772
vt 0.153678 0.083848
vt 0.926263 0.995327
vt 0.038480 0.378262
vt 0.048037 0.370244
vt 0.061619 0.377409
vt 0.320912 0.255392
vt 0.334207 0.235943
vt 0.114260 0.901762
vt 0.133021 0.896932
vt 0.128834 0.911182
vt 0.947816 0.167522
vt 0.922562 0.182218
vt 0.124436 0.997462
vt 0.115248 0.998003
vt 0.115248 0.987057
vt 0.743246 0.669194
vt 0.005677 0.819959
vt 0.020220 0.817252
vt 0.014652 0.830656
vt 0.005887 0.829161
vt 0.051752 0.995491
vt 0.029921 0.985193
vt 0.042295 0.979111
vt 0.029930 0.994435
vt 0.122926 0.795475
vt 0.047253 0.418161
vt 0.822202 0.123867
vt 0.048927 0.145697
vt 0.045928 0.138665
vt 0.054587 0.142786
vt 0.145057 0.769950
vt 0.094547 0.141198
vt 0.074278 0.130005
vt 0.091847 0.127307
vt 0.122089 0.895595
vt 0.836375 0.017777
vt 0.060246 0.139202
vt 0.032390 0.399997
vt 0.123911 0.923082
vt 0.036368 0.140696
vt 0.832105 0.976197
vt 0.855527 0.983808
vt 0.829732 0.988444
vt 0.962407 0.545164
vt 0.806722 0.118067
vt 0.886659 0.344059
vt 0.877670 0.333173
vt 0.889030 0.183505
vt 0.891093 0.202190
vt 0.666470 0.561276
vt 0.463085 0.271182
vt 0.135467 0.915455
vt 0.114009 0.051118
vt 0.087684 0.051118
vt 0.106801 0.035037
vt 0.039531 0.618823
vt 0.039531 0.603786
vt 0.064054 0.612653
vt 0.884154 0.987453
vt 0.890459 0.985158
vt 0.886861 0.995633
vt 0.129772 0.991273
vt 0.894915 0.351237
vt 0.147194 0.875723
vt 0.964679 0.061515
vt 0.985007 0.066961
vt 0.952244 0.067096
vt 0.738367 0.690853
vt 0.461842 0.003283
vt 0.457780 0.002195
vt 0.471503 0.002978
vt 0.953822 0.053422
vt 0.938540 0.548983
vt 0.249313 0.085611
vt 0.229122 0.083844
vt 0.249675 0.078911
vt 0.627946 0.042968
vt 0.633338 0.049483
vt 0.627120 0.056893
vt 0.235857 0.075366
vt 0.216211 0.080741
vt 0.022206 0.367628
vt 0.024731 0.375400
vt 0.008138 0.372203
vt 0.798373 0.027995
vt 0.802673 0.041228
vt 0.776511 0.040591
vt 0.937000 0.559863
vt 0.630404 0.032529
vt 0.631052 0.040511
vt 0.108515 0.826930
vt 0.074560 0.830875
vt 0.091398 0.803370
vt 0.729458 0.696974
vt 0.046940 0.893095
vt 0.055039 0.918021
vt 0.044563 0.919156
vt 0.463056 0.983589
vt 0.463056 0.997985
vt 0.451785 0.997089
vt 0.009611 0.502942
vt 0.004727 0.498843
vt 0.015194 0.498552
vt 0.893607 0.192545
vt 0.930093 0.562427
vt 0.868783 0.548648
vt 0.701934 0.539697
vt 0.854956 0.532169
vt 0.009711 0.232721
vt 0.016905 0.233604
vt 0.006999 0.236900
vt 0.893231 0.995918
vt 0.065652 0.590030
vt 0.066084 0.598026
vt 0.062218 0.598365
vt 0.633227 0.057610
vt 0.166279 0.044319
vt 0.140992 0.044319
vt 0.141908 0.034367
vt 0.164809 0.093159
vt 0.827654 0.143589
vt 0.819523 0.144533
vt 0.759014 0.831717
vt 0.692289 0.837555
vt 0.755142 0.813707
vt 0.459795 0.276307
vt 0.049743 0.753100
vt 0.049743 0.777278
vt 0.036413 0.758926
vt 0.939028 0.182662
vt 0.250740 0.071373
vt 0.950257 0.819335
vt 0.008707 0.532532
vt 0.019312 0.535977
vt 0.007581 0.547613
vt 0.012369 0.283077
vt 0.015342 0.285572
vt 0.009061 0.285648
vt 0.928498 0.810028
vt 0.063374 0.581056
vt 0.055845 0.588347
vt 0.130284 0.277355
vt 0.126454 0.251756
vt 0.131852 0.231609
vt 0.773696 0.039783
vt 0.748714 0.039783
vt 0.750354 0.031930
vt 0.073258 0.814549
vt 0.270833 0.041125
vt 0.245601 0.041125
vt 0.246979 0.030588
vt 0.282613 0.005127
vt 0.291218 0.017781
vt 0.277580 0.012878
vt 0.586977 0.021755
vt 0.577366 0.008527
vt 0.585266 0.006133
vt 0.087108 0.041452
vt 0.084066 0.854498
vt 0.898072 0.985232
vt 0.036683 0.525590
vt 0.036683 0.546123
vt 0.031544 0.532974
vt 0.235759 0.067691
vt 0.113565 0.810272
vt 0.331216 0.229569
vt 0.346414 0.213346
vt 0.351127 0.226336
vt 0.333952 0.254664
vt 0.797769 0.123900
vt 0.018218 0.012269
vt 0.011633 0.008467
vt 0.026216 0.008149
vt 0.006873 0.810405
vt 0.011727 0.817085
vt 0.001222 0.817029
vt 0.888619 0.941349
vt 0.896724 0.958730
vt 0.853794 0.915569
vt 0.834178 0.963976
vt 0.827948 0.953639
vt 0.837075 0.950902
vt 0.940865 0.815877
vt 0.294133 0.012044
vt 0.014685 0.549142
vt 0.064140 0.572964
vt 0.057767 0.570958
vt 0.450748 0.276615
vt 0.775627 0.039653
vt 0.775627 0.023594
vt 0.797082 0.025173
vt 0.053269 0.581572
vt 0.636446 0.555131
vt 0.652615 0.555168
vt 0.215870 0.067409
vt 0.293682 0.007433
vt 0.913209 0.207372
vt 0.782038 0.809924
vt 0.789861 0.834348
vt 0.023078 0.075795
vt 0.027221 0.066910
vt 0.026608 0.089464
vt 0.154353 0.743844
vt 0.928851 0.817670
vt 0.415311 0.068241
vt 0.043552 0.033932
vt 0.057543 0.037713
vt 0.045689 0.041907
vt 0.886244 0.361287
vt 0.692397 0.778687
vt 0.168103 0.082810
vt 0.022885 0.305520
vt 0.024843 0.309224
vt 0.017377 0.311224
vt 0.144853 0.752070
vt 0.077836 0.108304
vt 0.430618 0.998955
vt 0.420194 0.989790
vt 0.429152 0.990642
vt 0.829690 0.030766
vt 0.833825 0.018039
vt 0.851087 0.028534
vt 0.011013 0.305309
vt 0.903694 0.985875
vt 0.722522 0.891910
vt 0.692050 0.889244
vt 0.726350 0.865577
vt 0.012722 0.765264
vt 0.003861 0.763702
vt 0.013343 0.752166
vt 0.857562 0.987742
vt 0.846233 0.995888
vt 0.851589 0.985685
vt 0.703397 0.870205
vt 0.010792 0.103094
vt 0.001406 0.113010
vt 0.000165 0.103094
vt 0.399029 0.069369
vt 0.794740 0.117903
vt 0.798567 0.118863
vt 0.372396 0.777526
vt 0.359743 0.782365
vt 0.362935 0.748109
vt 0.009410 0.113540
vt 0.249739 0.065803
vt 0.129887 0.208951
vt 0.093719 0.208951
vt 0.095587 0.200910
vt 0.024083 0.232851
vt 0.024083 0.210874
vt 0.029204 0.219695
vt 0.817747 0.152084
vt 0.799109 0.139361
vt 0.436729 0.303188
vt 0.772198 0.049528
vt 0.744236 0.058613
vt 0.745081 0.040988
vt 0.382236 0.768176
vt 0.725828 0.687274
vt 0.803515 0.834243
vt 0.813068 0.816253
vt 0.550512 0.832366
vt 0.578276 0.839805
vt 0.554029 0.866787
vt 0.059246 0.832931
vt 0.050712 0.841465
vt 0.050315 0.811424
vt 0.919721 0.814379
vt 0.339485 0.251321
vt 0.892928 0.915990
vt 0.218544 0.058241
vt 0.241488 0.062497
vt 0.998430 0.022632
vt 0.998430 0.044101
vt 0.981152 0.027312
vt 0.003589 0.756744
vt 0.530753 0.019096
vt 0.514774 0.030705
vt 0.514565 0.021179
vt 0.031909 0.630086
vt 0.047553 0.633712
vt 0.048800 0.647963
vt 0.985849 0.086385
vt 0.975157 0.119292
vt 0.933473 0.092574
vt 0.419481 0.999751
vt 0.899994 0.816877
vt 0.289433 0.048806
vt 0.322120 0.048806
vt 0.299590 0.075696
vt 0.047960 0.594527
vt 0.773209 0.807055
vt 0.839151 0.987993
vt 0.653462 0.549501
vt 0.352102 0.236604
vt 0.814058 0.031942
vt 0.807954 0.050727
vt 0.807981 0.032697
vt 0.836118 0.944854
vt 0.137395 0.742572
vt 0.111674 0.253868
vt 0.229266 0.056534
vt 0.602649 0.869135
vt 0.592714 0.890441
vt 0.587356 0.864286
vt 0.048920 0.574113
vt 0.021919 0.511060
vt 0.038197 0.522886
vt 0.021564 0.534259
vt 0.763402 0.805516
vt 0.446935 0.284942
vt 0.716984 0.034240
vt 0.699119 0.047220
vt 0.696861 0.032461
vt 0.015173 0.424564
vt 0.003142 0.420655
vt 0.015285 0.416571
vt 0.035949 0.184203
vt 0.048266 0.178975
vt 0.036235 0.208476
vt 0.945707 0.194041
vt 0.835277 0.522301
vt 0.458524 0.282970
vt 0.621897 0.870446
vt 0.603290 0.904838
vt 0.986837 0.533563
vt 0.996228 0.477598
vt 0.032936 0.789549
vt 0.048511 0.796574
vt 0.032045 0.813041
vt 0.842065 0.109891
vt 0.805480 0.100088
vt 0.859361 0.099272
vt 0.584405 0.863183
vt 0.055900 0.052803
vt 0.781277 0.120434
vt 0.027767 0.214966
vt 0.025597 0.202661
vt 0.028685 0.192902
vt 0.767055 0.795677
vt 0.674006 0.865335
vt 0.697936 0.856127
vt 0.711468 0.859753
vt 0.788298 0.113615
vt 0.190743 0.055686
vt 0.186164 0.038438
vt 0.195994 0.038438
vt 0.157110 0.789665
vt 0.173642 0.775528
vt 0.175131 0.786487
vt 0.832752 0.507000
vt 0.863163 0.516031
vt 0.119356 0.818712
vt 0.649733 0.089835
vt 0.668127 0.098412
vt 0.625200 0.097290
vt 0.346592 0.756530
vt 0.031877 0.653280
vt 0.023709 0.879228
vt 0.018528 0.895174
vt 0.010654 0.880462
vt 0.615602 0.977185
vt 0.639876 0.977185
vt 0.617994 0.989448
vt 0.934839 0.829929
vt 0.157815 0.763308
vt 0.159239 0.730916
vt 0.168264 0.730703
vt 0.050625 0.809863
vt 0.614786 0.303250
vt 0.548701 0.348599
vt 0.602325 0.282953
vt 0.869569 0.347987
vt 0.177100 0.753871
vt 0.690418 0.763043
vt 0.055685 0.200950
vt 0.791899 0.131447
vt 0.250764 0.056322
vt 0.391481 0.730915
vt 0.364928 0.721051
vt 0.774003 0.111981
vt 0.895393 0.208526
vt 0.353326 0.739917
vt 0.833538 0.949552
vt 0.826796 0.941733
vt 0.578795 0.887252
vt 0.771821 0.849547
vt 0.809269 0.157173
vt 0.378418 0.704802
vt 0.398509 0.709643
vt 0.556498 0.314704
vt 0.096063 0.298590
vt 0.108546 0.327532
vt 0.087238 0.337066
vt 0.933413 0.209011
vt 0.399130 0.354354
vt 0.593472 0.392291
vt 0.541318 0.378735
vt 0.554554 0.374143
vt 0.044492 0.060690
vt 0.169004 0.093994
vt 0.176957 0.076937
vt 0.189213 0.093197
vt 0.635100 0.549452
vt 0.792130 0.865197
vt 0.943767 0.201827
vt 0.023844 0.180004
vt 0.023844 0.197486
vt 0.015997 0.183115
vt 0.146012 0.734604
vt 0.961041 0.207667
vt 0.009266 0.326120
vt 0.000196 0.323173
vt 0.002785 0.315315
vt 0.363818 0.213602
vt 0.910098 0.831094
vt 0.024542 0.377193
vt 0.037342 0.376649
vt 0.032154 0.384805
vt 0.145479 0.513756
vt 0.129182 0.463597
vt 0.152193 0.463335
vt 0.481032 0.126189
vt 0.470773 0.157765
vt 0.464013 0.122554
vt 0.645857 0.554255
vt 0.793392 0.147728
vt 0.181686 0.449992
vt 0.131063 0.449992
vt 0.132771 0.429490
vt 0.787555 0.841836
vt 0.849855 0.490169
vt 0.345005 0.770926
vt 0.339684 0.764626
vt 0.192016 0.063874
vt 0.570701 0.033199
vt 0.550813 0.033199
vt 0.565881 0.025566
vt 0.505392 0.977233
vt 0.505392 0.994878
vt 0.482655 0.984282
vt 0.018933 0.381786
vt 0.338229 0.735142
vt 0.007533 0.380717
vt 0.012886 0.380717
vt 0.012451 0.393685
vt 0.586246 0.008461
vt 0.593058 0.005981
vt 0.602499 0.007678
vt 0.178401 0.054059
vt 0.362045 0.224765
vt 0.052369 0.987603
vt 0.070141 0.987603
vt 0.067768 0.995962
vt 0.152192 0.336895
vt 0.173243 0.349820
vt 0.162481 0.368461
vt 0.384033 0.961173
vt 0.400214 0.974751
vt 0.352276 0.976078
vt 0.066687 0.194530
vt 0.053671 0.191285
vt 0.050345 0.173000
vt 0.189006 0.752399
vt 0.044155 0.772296
vt 0.024072 0.765771
vt 0.037179 0.762564
vt 0.774712 0.116786
vt 0.812440 0.929115
vt 0.451974 0.137901
vt 0.431657 0.112653
vt 0.377140 0.050078
vt 0.385200 0.028109
vt 0.390533 0.048434
vt 0.131981 0.735769
vt 0.650962 0.037633
vt 0.671334 0.034041
vt 0.645930 0.046771
vt 0.127808 0.853535
vt 0.144873 0.877023
vt 0.110107 0.857939
vt 0.051540 0.685545
vt 0.051540 0.656089
vt 0.054037 0.667275
vt 0.117952 0.839758
vt 0.009657 0.333520
vt 0.017377 0.329920
vt 0.023212 0.333925
vt 0.184495 0.719299
vt 0.223647 0.036242
vt 0.240497 0.035064
vt 0.224203 0.056071
vt 0.167054 0.038761
vt 0.231751 0.490852
vt 0.238216 0.416956
vt 0.238369 0.507346
vt 0.393776 0.028626
vt 0.429168 0.119326
vt 0.903228 0.212074
vt 0.670473 0.875770
vt 0.009457 0.389432
vt 0.000005 0.389432
vt 0.006575 0.382600
vt 0.521490 0.358420
vt 0.529880 0.338735
vt 0.154429 0.609589
vt 0.183220 0.619022
vt 0.159000 0.670962
vt 0.464226 0.377898
vt 0.569779 0.907477
vt 0.822079 0.509528
vt 0.460811 0.386124
vt 0.783050 0.132126
vt 0.164832 0.535512
vt 0.210442 0.550332
vt 0.150613 0.607110
vt 0.399665 0.687559
vt 0.383360 0.695623
vt 0.356882 0.017250
vt 0.342657 0.017888
vt 0.340827 0.007510
vt 0.113830 0.889325
vt 0.001077 0.382480
vt 0.355175 0.706278
vt 0.353402 0.010706
vt 0.568259 0.868087
vt 0.590790 0.914083
vt 0.149739 0.505507
vt 0.149739 0.558736
vt 0.132632 0.551969
vt 0.998902 0.243642
vt 0.998902 0.334047
vt 0.988150 0.333390
vt 0.979222 0.538787
vt 0.777861 0.127137
vt 0.002579 0.966214
vt 0.003245 0.973824
vt 0.002233 0.977511
vt 0.956956 0.028395
vt 0.966006 0.039181
vt 0.941364 0.039334
vt 0.517228 0.743656
vt 0.516942 0.753972
vt 0.505967 0.756902
vt 0.672297 0.058091
vt 0.935730 0.130919
vt 0.951868 0.114543
vt 0.954033 0.134146
vt 0.421856 0.132508
vt 0.631663 0.897323
vt 0.782967 0.786164
vt 0.133107 0.208575
vt 0.100840 0.199929
vt 0.138204 0.199293
vt 0.112572 0.615032
vt 0.120041 0.616349
vt 0.112074 0.635097
vt 0.218266 0.998487
vt 0.222460 0.985577
vt 0.233926 0.996323
vt 0.697645 0.050288
vt 0.675476 0.050288
vt 0.695447 0.027899
vt 0.000002 0.332862
vt 0.005727 0.328702
vt 0.008464 0.334146
vt 0.008761 0.874473
vt 0.000203 0.874473
vt 0.005200 0.865567
vt 0.383912 0.688240
vt 0.332688 0.750592
vt 0.517127 0.019841
vt 0.526419 0.007051
vt 0.526698 0.018334
vt 0.621178 0.548038
vt 0.841243 0.483111
vt 0.834775 0.491521
vt 0.023606 0.746529
vt 0.043173 0.752886
vt 0.023560 0.764926
vt 0.671379 0.028128
vt 0.327660 0.739764
vt 0.333171 0.733385
vt 0.398857 0.684626
vt 0.897307 0.211836
vt 0.119795 0.320984
vt 0.930355 0.116189
vt 0.514603 0.009149
vt 0.524241 0.007622
vt 0.514910 0.020266
vt 0.440683 0.142520
vt 0.339669 0.673916
vt 0.336784 0.693669
vt 0.976291 0.994714
vt 0.984011 0.998314
vt 0.971168 0.998013
vt 0.011458 0.092036
vt 0.011910 0.079071
vt 0.024897 0.087331
vt 0.173010 0.385129
vt 0.125910 0.294408
vt 0.918529 0.214474
vt 0.016186 0.402599
vt 0.021708 0.409180
vt 0.016141 0.421604
vt 0.122988 0.636827
vt 0.001721 0.504412
vt 0.001721 0.498576
vt 0.008737 0.503915
vt 0.343086 0.715441
vt 0.972686 0.151223
vt 0.963576 0.140643
vt 0.982634 0.139590
vt 0.076418 0.250177
vt 0.113323 0.250177
vt 0.081585 0.271735
vt 0.905905 0.048066
vt 0.920389 0.028130
vt 0.922283 0.039786
vt 0.537483 0.888960
vt 0.636355 0.842200
vt 0.010370 0.346563
vt 0.000658 0.343407
vt 0.012789 0.335708
vt 0.661279 0.302012
vt 0.110725 0.591260
vt 0.127821 0.615358
vt 0.005096 0.158540
vt 0.017314 0.154570
vt 0.012025 0.171127
vt 0.178563 0.647833
vt 0.067391 0.195086
vt 0.067391 0.163480
vt 0.094462 0.192009
vt 0.054480 0.106388
vt 0.064401 0.103164
vt 0.069524 0.131397
vt 0.822179 0.954056
vt 0.798883 0.953322
vt 0.805400 0.916366
vt 0.328875 0.671478
vt 0.333129 0.658870
vt 0.645298 0.861222
vt 0.327039 0.721028
vt 0.650789 0.831420
vt 0.137026 0.051313
vt 0.115706 0.051686
vt 0.137282 0.036462
vt 0.964812 0.126799
vt 0.123638 0.336080
vt 0.820499 0.909611
vt 0.022329 0.092666
vt 0.022329 0.109525
vt 0.011536 0.101226
vt 0.582082 0.035669
vt 0.564766 0.034154
vt 0.591608 0.033554
vt 0.140983 0.080920
vt 0.138365 0.069912
vt 0.142908 0.052958
vt 0.117132 0.084013
vt 0.487104 0.744659
vt 0.073635 0.518735
vt 0.047381 0.530135
vt 0.048480 0.512927
vt 0.152739 0.961181
vt 0.135836 0.944209
vt 0.147258 0.927898
vt 0.068000 0.535647
vt 0.142654 0.858301
vt 0.157468 0.871582
vt 0.151664 0.878353
vt 0.523282 0.851750
vt 0.519066 0.819848
vt 0.546122 0.829864
vt 0.294792 0.018667
vt 0.288890 0.019184
vt 0.273435 0.018167
vt 0.983672 0.533990
vt 0.010622 0.624160
vt 0.025733 0.624160
vt 0.011124 0.641011
vt 0.137855 0.967185
vt 0.015837 0.902702
vt 0.007115 0.896596
vt 0.018358 0.896091
vt 0.186412 0.541316
vt 0.181333 0.486357
vt 0.186412 0.487562
vt 0.309000 0.741891
vt 0.318324 0.729733
vt 0.818906 0.894091
vt 0.344454 0.069203
vt 0.323374 0.072542
vt 0.342519 0.047976
vt 0.972182 0.014034
vt 0.984579 0.005028
vt 0.988974 0.015391
vt 0.246248 0.042027
vt 0.276162 0.042027
vt 0.254355 0.063053
vt 0.020060 0.071310
vt 0.126754 0.919018
vt 0.021041 0.641279
vt 0.056619 0.260415
vt 0.037375 0.274396
vt 0.036011 0.248014
vt 0.987972 0.113717
vt 0.826812 0.474840
vt 0.804771 0.042745
vt 0.781917 0.046775
vt 0.775907 0.041373
vt 0.841472 0.467406
vt 0.166436 0.076331
vt 0.053204 0.501704
vt 0.004551 0.902713
vt 0.546250 0.914598
vt 0.071712 0.240183
vt 0.066981 0.257836
vt 0.066735 0.222742
vt 0.319815 0.696734
vt 0.660714 0.850685
vt 0.494708 0.767914
vt 0.124383 0.943457
vt 0.153602 0.065592
vt 0.989071 0.985211
vt 0.998479 0.985211
vt 0.997886 0.992379
vt 0.692317 0.925416
vt 0.689182 0.941077
vt 0.676610 0.921630
vt 0.138421 0.865938
vt 0.806722 0.497827
vt 0.999000 0.652985
vt 0.999000 0.660262
vt 0.992534 0.653427
vt 0.499269 0.976975
vt 0.480253 0.983896
vt 0.472842 0.975765
vt 0.743294 0.954674
vt 0.751560 0.943034
vt 0.765186 0.951967
vt 0.245387 0.003611
vt 0.241909 0.014317
vt 0.234692 0.005391
vt 0.174636 0.880223
vt 0.790711 0.933966
vt 0.951016 0.067395
vt 0.976865 0.085494
vt 0.938972 0.084928
vt 0.185518 0.377406
vt 0.325399 0.680457
vt 0.624247 0.880446
vt 0.075301 0.861445
vt 0.076600 0.886236
vt 0.065332 0.856792
vt 0.712619 0.947531
vt 0.742064 0.923257
vt 0.591902 0.791478
vt 0.578357 0.772652
vt 0.625417 0.759056
vt 0.654527 0.924817
vt 0.663567 0.917704
vt 0.153286 0.381615
vt 0.417601 0.031101
vt 0.402618 0.051722
vt 0.407340 0.029453
vt 0.142999 0.923571
vt 0.138195 0.911262
vt 0.160748 0.899462
vt 0.744744 0.897916
vt 0.769861 0.925523
vt 0.374722 0.272578
vt 0.383971 0.283747
vt 0.375498 0.291122
vt 0.156120 0.681746
vt 0.701385 0.051574
vt 0.674537 0.051573
vt 0.707934 0.050518
vt 0.158796 0.886216
vt 0.522525 0.869202
vt 0.150637 0.395675
vt 0.622410 0.953399
vt 0.614928 0.953967
vt 0.623335 0.870734
vt 0.941019 0.069526
vt 0.123655 0.968930
vt 0.137615 0.892822
vt 0.799845 0.477793
vt 0.782684 0.952876
vt 0.585682 0.263295
vt 0.631927 0.238609
vt 0.484803 0.840684
vt 0.784063 0.917237
vt 0.674396 0.938452
vt 0.022301 0.007304
vt 0.011065 0.007304
vt 0.012852 0.000166
vt 0.832645 0.453187
vt 0.187817 0.618870
vt 0.916819 0.092913
vt 0.870034 0.092913
vt 0.886970 0.088362
vt 0.157901 0.291252
vt 0.180247 0.275605
vt 0.179097 0.332960
vt 0.497609 0.783236
vt 0.484017 0.775228
vt 0.740229 0.659551
vt 0.871190 0.659551
vt 0.886762 0.666146
vt 0.641841 0.267763
vt 0.772800 0.267172
vt 0.766223 0.278645
vt 0.624112 0.274693
vt 0.612013 0.221797
vt 0.737012 0.262412
vt 0.596653 0.229605
vt 0.011963 0.982803
vt 0.028874 0.982803
vt 0.012989 0.993292
vt 0.024353 0.019209
vt 0.015943 0.013320
vt 0.034356 0.012664
vt 0.554912 0.750192
vt 0.692100 0.751999
vt 0.568235 0.755041
vt 0.913549 0.769575
vt 0.921233 0.778732
vt 0.789922 0.773091
vt 0.757338 0.665603
vt 0.615172 0.665603
vt 0.723829 0.659099
vt 0.069230 0.156402
vt 0.074516 0.131533
vt 0.085152 0.163288
vt 0.022317 0.120031
vt 0.022317 0.136941
vt 0.013042 0.122617
vt 0.117902 0.052441
vt 0.460778 0.018280
vt 0.466513 0.010089
vt 0.466158 0.026266
vt 0.567172 0.255232
vt 0.028019 0.656406
vt 0.039278 0.657988
vt 0.022973 0.661760
vt 0.599782 0.206757
vt 0.726898 0.257885
vt 0.618438 0.221333
vt 0.071743 0.779563
vt 0.101564 0.789252
vt 0.079187 0.790656
vt 0.135104 0.229191
vt 0.141114 0.235293
vt 0.147510 0.263046
vt 0.736871 0.251294
vt 0.887262 0.652279
vt 0.778994 0.646993
vt 0.865094 0.648370
vt 0.087337 0.279790
vt 0.096033 0.264102
vt 0.118839 0.255070
vt 0.740725 0.658784
vt 0.560268 0.005027
vt 0.574692 0.005027
vt 0.565746 0.018379
vt 0.527913 0.866482
vt 0.949452 0.195288
vt 0.947926 0.135014
vt 0.952737 0.192003
vt 0.515817 0.870405
vt 0.599475 0.215178
vt 0.509861 0.815503
vt 0.043698 0.919652
vt 0.024185 0.919272
vt 0.042792 0.914511
vt 0.495216 0.797834
vt 0.462702 0.787215
vt 0.089034 0.402895
vt 0.082101 0.423692
vt 0.069332 0.430770
vt 0.012127 0.346907
vt 0.025932 0.336876
vt 0.026718 0.347386
vt 0.071815 0.858375
vt 0.066466 0.848803
vt 0.080018 0.854035
vt 0.598130 0.831083
vt 0.659154 0.788812
vt 0.985477 0.267905
vt 0.962296 0.263094
vt 0.958079 0.252657
vt 0.449509 0.006605
vt 0.449598 0.014311
vt 0.445150 0.010964
vt 0.223370 0.006167
vt 0.217783 0.008773
vt 0.206411 0.006256
vt 0.730532 0.974463
vt 0.713637 0.975941
vt 0.673353 0.973262
vt 0.691701 0.762259
vt 0.772491 0.996938
vt 0.758676 0.992449
vt 0.773694 0.986628
vt 0.215126 0.012150
vt 0.209429 0.029682
vt 0.194735 0.014653
vt 0.651376 0.856215
vt 0.346860 0.642868
vt 0.349547 0.528446
vt 0.359813 0.528446
vt 0.354053 0.627408
vt 0.006276 0.549757
vt 0.000524 0.545578
vt 0.006946 0.543371
vt 0.140435 0.035848
vt 0.124532 0.024294
vt 0.141404 0.017937
vt 0.003682 0.462707
vt 0.016238 0.466787
vt 0.006488 0.477034
vt 0.391048 0.478600
vt 0.391945 0.385476
vt 0.398295 0.471353
vt 0.000640 0.128384
vt 0.010814 0.125078
vt 0.010002 0.133388
vt 0.022944 0.089347
vt 0.028351 0.091315
vt 0.023575 0.111848
vt 0.087859 0.034817
vt 0.093448 0.024250
vt 0.107360 0.031338
vt 0.992447 0.107684
vt 0.992447 0.151280
vt 0.988628 0.150643
vt 0.651761 0.932584
vt 0.012810 0.652258
vt 0.002620 0.654233
vt 0.002620 0.643576
vt 0.326311 0.100650
vt 0.369437 0.097801
vt 0.369839 0.102398
vt 0.369904 0.306615
vt 0.632002 0.916377
vt 0.610223 0.523448
vt 0.108088 0.056906
vt 0.829427 0.444380
vt 0.097413 0.001191
vt 0.097413 0.012753
vt 0.088841 0.008981
vt 0.497088 0.813756
vt 0.476961 0.814691
vt 0.653985 0.945592
vt 0.907443 0.941618
vt 0.907443 0.898023
vt 0.910784 0.916508
vt 0.137579 0.280399
vt 0.135219 0.275690
vt 0.745739 0.989188
vt 0.749779 0.982190
vt 0.749189 0.996396
vt 0.004221 0.875016
vt 0.011715 0.875016
vt 0.005486 0.880462
vt 0.865399 0.004230
vt 0.861027 0.017683
vt 0.850239 0.005623
vt 0.745157 0.076258
vt 0.787213 0.076259
vt 0.764199 0.084100
vt 0.033512 0.677758
vt 0.093394 0.858983
vt 0.016387 0.449261
vt 0.016387 0.463090
vt 0.007019 0.449896
vt 0.048145 0.780452
vt 0.051560 0.787775
vt 0.030611 0.786716
vt 0.346963 0.483112
vt 0.346963 0.597565
vt 0.336802 0.518521
vt 0.955958 0.198154
vt 0.398048 0.504962
vt 0.103108 0.017972
vt 0.999327 0.151289
vt 0.993958 0.135241
vt 0.996326 0.108173
vt 0.010331 0.282832
vt 0.006175 0.285852
vt 0.004111 0.280881
vt 0.146614 0.270450
vt 0.851391 0.234813
vt 0.694053 0.841145
vt 0.780137 0.839012
vt 0.726833 0.849928
vt 0.496974 0.821872
vt 0.040614 0.478468
vt 0.038071 0.468979
vt 0.039287 0.453305
vt 0.020340 0.456806
vt 0.020340 0.475963
vt 0.019501 0.468313
vt 0.016315 0.364100
vt 0.016315 0.367971
vt 0.006593 0.365506
vt 0.013317 0.643740
vt 0.061945 0.496837
vt 0.061945 0.464318
vt 0.065545 0.471885
vt 0.384467 0.311785
vt 0.929003 0.012503
vt 0.932574 0.018951
vt 0.923448 0.026342
vt 0.040708 0.504443
vt 0.037978 0.488960
vt 0.039933 0.479123
vt 0.992685 0.643272
vt 0.992685 0.637107
vt 0.998849 0.639229
vt 0.376876 0.098045
vt 0.023403 0.232421
vt 0.013450 0.232421
vt 0.015041 0.215786
vt 0.451848 0.071675
vt 0.474898 0.063285
vt 0.491380 0.070596
vt 0.928256 0.993419
vt 0.915454 0.982677
vt 0.937633 0.982730
vt 0.398322 0.380772
vt 0.397097 0.355304
vt 0.409571 0.361304
vt 0.518668 0.782627
vt 0.502542 0.801422
vt 0.656215 0.141777
vt 0.653609 0.134618
vt 0.706623 0.141282
vt 0.088146 0.430157
vt 0.638741 0.663157
vt 0.599248 0.665226
vt 0.721133 0.638122
vt 0.633216 0.376127
vt 0.599219 0.493300
vt 0.594272 0.472518
vt 0.640627 0.016794
vt 0.626148 0.012090
vt 0.642776 0.005118
vt 0.004135 0.309050
vt 0.000074 0.306100
vt 0.006400 0.304994
vt 0.070806 0.839855
vt 0.010524 0.843333
vt 0.022442 0.834674
vt 0.023340 0.844111
vt 0.560861 0.026770
vt 0.560861 0.010581
vt 0.565135 0.024057
vt 0.464069 0.766410
vt 0.433868 0.013857
vt 0.993203 0.149359
vt 0.684559 0.749431
vt 0.569340 0.749431
vt 0.706556 0.745091
vt 0.061273 0.321971
vt 0.065857 0.315424
vt 0.069111 0.337363
vt 0.060869 0.342942
vt 0.071820 0.343501
vt 0.066427 0.308896
vt 0.071820 0.316330
vt 0.731592 0.135565
vt 0.757223 0.144894
vt 0.692479 0.146307
vt 0.997202 0.956937
vt 0.999312 0.952412
vt 0.998674 0.968405
vt 0.847690 0.219645
vt 0.017221 0.246317
vt 0.003695 0.246317
vt 0.008838 0.239739
vt 0.002121 0.126487
vt 0.000022 0.120027
vt 0.007946 0.124469
vt 0.737903 0.619634
vt 0.936612 0.013728
vt 0.949942 0.151727
vt 0.955294 0.136928
vt 0.718403 0.136722
vt 0.661141 0.835417
vt 0.182793 0.466652
vt 0.662094 0.851550
vt 0.671812 0.945377
vt 0.073501 0.832252
vt 0.779201 0.485717
vt 0.993426 0.702037
vt 0.990335 0.690922
vt 0.999433 0.686286
vt 0.028963 0.008636
vt 0.036838 0.011502
vt 0.021927 0.011782
vt 0.686534 0.831717
vt 0.672779 0.995952
vt 0.648934 0.995952
vt 0.667333 0.990103
vt 0.991117 0.022870
vt 0.996109 0.007508
vt 0.998922 0.021445
vt 0.052008 0.688968
vt 0.054565 0.674467
vt 0.054329 0.704517
vt 0.506193 0.784573
vt 0.943428 0.040045
vt 0.971911 0.040045
vt 0.949843 0.049099
vt 0.072019 0.308890
vt 0.538908 0.245063
vt 0.023035 0.914798
vt 0.189034 0.393968
vt 0.182723 0.466103
vt 0.180986 0.387981
vt 0.145079 0.563135
vt 0.147860 0.559133
vt 0.139034 0.586170
vt 0.141275 0.597415
vt 0.149198 0.608234
vt 0.126200 0.607562
vt 0.617745 0.976375
vt 0.652603 0.973326
vt 0.682554 0.974855
vt 0.135296 0.605091
vt 0.157302 0.564020
vt 0.151409 0.597441
vt 0.150467 0.525069
vt 0.126845 0.723409
vt 0.087298 0.723409
vt 0.096088 0.709857
vt 0.142496 0.557986
vt 0.126837 0.610341
vt 0.086293 0.291182
vt 0.090333 0.286757
vt 0.119929 0.281538
vt 0.143918 0.603219
vt 0.084753 0.281527
vt 0.847635 0.214364
vt 0.919309 0.224437
vt 0.986030 0.260736
vt 0.768589 0.054623
vt 0.777855 0.050988
vt 0.776365 0.060068
vt 0.167963 0.253808
vt 0.558354 0.760288
vt 0.174767 0.463235
vt 0.174767 0.534773
vt 0.163380 0.534744
vt 0.489005 0.856473
vt 0.642029 0.952149
vt 0.187193 0.468061
vt 0.897646 0.901400
vt 0.906636 0.898128
vt 0.906482 0.972390
vt 0.482402 0.086305
vt 0.452934 0.087132
vt 0.460655 0.082559
vt 0.379955 0.373828
vt 0.494278 0.078827
vt 0.494029 0.097966
vt 0.151054 0.522432
vt 0.159703 0.490157
vt 0.158579 0.560141
vt 0.471616 0.007507
vt 0.478583 0.016691
vt 0.472630 0.017149
vt 0.129726 0.219931
vt 0.108108 0.209850
vt 0.150856 0.210905
vt 0.802626 0.059182
vt 0.365677 0.321377
vt 0.470589 0.839302
vt 0.382987 0.018885
vt 0.388768 0.019391
vt 0.380620 0.021829
vt 0.444536 0.367479
vt 0.372358 0.344684
vt 0.988614 0.683421
vt 0.347942 0.959184
vt 0.343925 0.984541
vt 0.312915 0.983713
vt 0.557902 0.223458
vt 0.464138 0.802876
vt 0.049611 0.086571
vt 0.042022 0.086571
vt 0.047267 0.062831
vt 0.372158 0.355661
vt 0.837502 0.998457
vt 0.830923 0.989403
vt 0.838399 0.988096
vt 0.009937 0.623645
vt 0.009937 0.634323
vt 0.002513 0.629079
vt 0.249761 0.175385
vt 0.243288 0.249365
vt 0.239781 0.172448
vt 0.089164 0.417377
vt 0.094502 0.397454
vt 0.094601 0.439697
vt 0.326285 0.664899
vt 0.318131 0.643979
vt 0.340591 0.648558
vt 0.622728 0.548175
vt 0.837273 0.066609
vt 0.815893 0.060881
vt 0.851936 0.061468
vt 0.024625 0.180438
vt 0.027734 0.188979
vt 0.024557 0.202531
vt 0.674043 0.829780
vt 0.472924 0.062876
vt 0.451567 0.068598
vt 0.433949 0.063083
vt 0.310823 0.662491
vt 0.504967 0.783694
vt 0.438773 0.000198
vt 0.447148 0.001675
vt 0.433330 0.001794
vt 0.464401 0.861063
vt 0.463627 0.936427
vt 0.460140 0.964480
vt 0.457136 0.969682
vt 0.368204 0.021547
vt 0.399107 0.693277
vt 0.374019 0.395467
vt 0.895118 0.902682
vt 0.355910 0.331247
vt 0.108147 0.824326
vt 0.110006 0.806980
vt 0.122418 0.828468
vt 0.332658 0.019901
vt 0.326938 0.020877
vt 0.318974 0.017978
vt 0.982825 0.960997
vt 0.912593 0.926742
vt 0.917436 0.913505
vt 0.791015 0.462174
vt 0.156518 0.277190
vt 0.155439 0.269548
vt 0.128294 0.293324
vt 0.122955 0.281875
vt 0.157227 0.282135
vt 0.525090 0.210305
vt 0.541951 0.224667
vt 0.797521 0.916729
vt 0.734086 0.887149
vt 0.827667 0.882574
vt 0.450413 0.857694
vt 0.356562 0.379368
vt 0.189128 0.221793
vt 0.189128 0.302609
vt 0.180892 0.226054
vt 0.047996 0.652550
vt 0.054954 0.645592
vt 0.074016 0.652715
vt 0.495389 0.864074
vt 0.041419 0.708677
vt 0.036407 0.724493
vt 0.035497 0.716536
vt 0.917171 0.088260
vt 0.943049 0.090524
vt 0.896095 0.088742
vt 0.049662 0.731064
vt 0.377874 0.018347
vt 0.476757 0.023369
vt 0.507397 0.772523
vt 0.321892 0.021862
vt 0.006966 0.840850
vt 0.008746 0.846235
vt 0.006194 0.853245
vt 0.776344 0.467958
vt 0.441413 0.866091
vt 0.440930 0.864572
vt 0.015813 0.690426
vt 0.011727 0.703000
vt 0.004606 0.690701
vt 0.168722 0.988170
vt 0.161663 0.997886
vt 0.154983 0.991803
vt 0.947924 0.898922
vt 0.980479 0.957652
vt 0.926273 0.902227
vt 0.165756 0.274386
vt 0.306799 0.669993
vt 0.296487 0.664380
vt 0.050637 0.655437
vt 0.050637 0.681714
vt 0.044482 0.664163
vt 0.011527 0.173049
vt 0.026322 0.173049
vt 0.021862 0.178047
vt 0.110701 0.287903
vt 0.886773 0.334963
vt 0.881790 0.306702
vt 0.904937 0.324885
vt 0.744017 0.027053
vt 0.740046 0.032724
vt 0.740548 0.016579
vt 0.086999 0.021779
vt 0.080830 0.018635
vt 0.082196 0.006608
vt 0.659684 0.540158
vt 0.343041 0.370310
vt 0.603544 0.910517
vt 0.295695 0.648437
vt 0.431180 0.999980
vt 0.430878 0.999564
vt 0.431672 0.999522
vt 0.588318 0.935222
vt 0.057798 0.069330
vt 0.057504 0.068909
vt 0.060197 0.060620
vt 0.296417 0.671683
vt 0.365752 0.406206
vt 0.358515 0.395487
vt 0.166940 0.267561
vt 0.161566 0.285251
vt 0.895400 0.314798
vt 0.995548 0.949075
vt 0.997655 0.924983
vt 0.999472 0.951511
vt 0.471991 0.979907
vt 0.104032 0.812672
vt 0.736102 0.995816
vt 0.737036 0.984644
vt 0.743771 0.990243
vt 0.066282 0.261761
vt 0.072164 0.249146
vt 0.070603 0.284220
vt 0.436375 0.971546
vt 0.549683 0.047679
vt 0.530125 0.045968
vt 0.561508 0.045946
vt 0.442651 0.780341
vt 0.446907 0.766046
vt 0.515952 0.103703
vt 0.562222 0.107751
vt 0.509990 0.107951
vt 0.454585 0.006623
vt 0.459503 0.021757
vt 0.453844 0.022759
vt 0.373048 0.018012
vt 0.594173 0.498654
vt 0.057237 0.069658
vt 0.048867 0.069528
vt 0.120474 0.947863
vt 0.112470 0.947583
vt 0.122971 0.927668
vt 0.749954 0.977790
vt 0.051230 0.086121
vt 0.296603 0.624057
vt 0.051876 0.058302
vt 0.016653 0.790650
vt 0.007788 0.797119
vt 0.005192 0.789987
vt 0.094713 0.800309
vt 0.055472 0.890488
vt 0.057145 0.901394
vt 0.051420 0.901895
vt 0.955632 0.348030
vt 0.981206 0.333265
vt 0.991251 0.493926
vt 0.167794 0.261139
vt 0.912203 0.109478
vt 0.907366 0.104641
vt 0.937150 0.100275
vt 0.311764 0.021399
vt 0.066893 0.998337
vt 0.071438 0.996683
vt 0.077031 0.998305
vt 0.009379 0.199633
vt 0.004527 0.203158
vt 0.003569 0.199233
vt 0.832122 0.812808
vt 0.837998 0.825409
vt 0.823208 0.815310
vt 0.342352 0.403755
vt 0.446929 0.792338
vt 0.922801 0.066664
vt 0.889450 0.066664
vt 0.896422 0.063316
vt 0.008601 0.843044
vt 0.009953 0.834512
vt 0.020283 0.834247
vt 0.287691 0.637850
vt 0.107045 0.933136
vt 0.018214 0.797164
vt 0.988540 0.922548
vt 0.109757 0.915976
vt 0.286453 0.663944
vt 0.812324 0.973231
vt 0.861978 0.973231
vt 0.824063 0.975474
vt 0.917513 0.387634
vt 0.685670 0.780092
vt 0.105443 0.950451
vt 0.117399 0.911861
vt 0.988858 0.005469
vt 0.984747 0.004133
vt 0.988086 0.001503
vt 0.686605 0.518961
vt 0.631634 0.310867
vt 0.765889 0.338326
vt 0.733212 0.334973
vt 0.005761 0.364568
vt 0.005761 0.371487
vt 0.000215 0.366074
vt 0.937737 0.052537
vt 0.908092 0.057764
vt 0.904395 0.051797
vt 0.104971 0.800000
vt 0.356514 0.017933
vt 0.367435 0.021908
vt 0.346708 0.021194
vt 0.825679 0.823597
vt 0.172162 0.279288
vt 0.008440 0.855365
vt 0.045729 0.929557
vt 0.024989 0.929557
vt 0.035276 0.924526
vt 0.764362 0.107026
vt 0.710737 0.101333
vt 0.760495 0.100328
vt 0.894605 0.817094
vt 0.909655 0.860715
vt 0.886229 0.826402
vt 0.985893 0.001686
vt 0.978185 0.003752
vt 0.974765 0.001228
vt 0.905146 0.054850
vt 0.894567 0.058335
vt 0.896010 0.054850
vt 0.295122 0.073846
vt 0.301120 0.078046
vt 0.274142 0.073984
vt 0.180829 0.313635
vt 0.180829 0.235170
vt 0.187697 0.312187
vt 0.743050 0.109831
vt 0.083204 0.711471
vt 0.083204 0.673489
vt 0.085123 0.691933
vt 0.980414 0.006351
vt 0.970283 0.013712
vt 0.971070 0.001727
vt 0.331859 0.381849
vt 0.887053 0.098191
vt 0.057044 0.909185
vt 0.009105 0.833640
vt 0.010059 0.830702
vt 0.013306 0.832623
vt 0.101239 0.916419
vt 0.108520 0.904629
vt 0.272624 0.711115
vt 0.269911 0.674441
vt 0.527428 0.011031
vt 0.532521 0.004189
vt 0.539648 0.011315
vt 0.014860 0.182144
vt 0.009533 0.178414
vt 0.022340 0.178968
vt 0.379121 0.561559
vt 0.383065 0.528381
vt 0.398270 0.515623
vt 0.740286 0.342910
vt 0.754726 0.344237
vt 0.749026 0.351069
vt 0.989770 0.215760
vt 0.998776 0.235075
vt 0.991711 0.294200
vt 0.763846 0.368442
vt 0.766134 0.361792
vt 0.767268 0.385544
vt 0.172665 0.275952
vt 0.539803 0.002131
vt 0.000650 0.970480
vt 0.000650 0.958803
vt 0.002338 0.963770
vt 0.024327 0.602402
vt 0.014106 0.588335
vt 0.031213 0.591734
vt 0.036622 0.488385
vt 0.024997 0.484608
vt 0.039246 0.477277
vt 0.100700 0.792231
vt 0.035507 0.466296
vt 0.012970 0.034631
vt 0.024456 0.031119
vt 0.029360 0.040594
vt 0.056881 0.919771
vt 0.805470 0.012547
vt 0.824012 0.012547
vt 0.813501 0.013848
vt 0.393460 0.509566
vt 0.009399 0.114120
vt 0.009399 0.123430
vt 0.000063 0.118709
vt 0.096651 0.930205
vt 0.838331 0.087896
vt 0.884777 0.087896
vt 0.860673 0.089893
vt 0.999320 0.335954
vt 0.082136 0.986038
vt 0.076910 0.986495
vt 0.088426 0.981511
vt 0.859100 0.824700
vt 0.858491 0.833866
vt 0.432991 0.778353
vt 0.110588 0.791552
vt 0.379796 0.433461
vt 0.018305 0.781208
vt 0.009564 0.774706
vt 0.018411 0.768511
vt 0.772267 0.385834
vt 0.190313 0.748922
vt 0.200733 0.689825
vt 0.201619 0.773344
vt 0.968306 0.021720
vt 0.973270 0.015133
vt 0.985877 0.016472
vt 0.276914 0.647058
vt 0.067144 0.308078
vt 0.066307 0.287114
vt 0.068155 0.283913
vt 0.194262 0.774318
vt 0.822397 0.835912
vt 0.080641 0.981832
vt 0.020255 0.503105
vt 0.020255 0.521796
vt 0.016597 0.514194
vt 0.809968 0.829645
vt 0.998850 0.152085
vt 0.995616 0.161206
vt 0.975819 0.151974
vt 0.664669 0.058010
vt 0.641725 0.060018
vt 0.628657 0.058616
vt 0.022961 0.147550
vt 0.029828 0.168685
vt 0.024889 0.165326
vt 0.007984 0.783281
vt 0.070058 0.981574
vt 0.999267 0.468642
vt 0.993263 0.473004
vt 0.994069 0.462753
vt 0.014117 0.949073
vt 0.022237 0.943387
vt 0.015814 0.956878
vt 0.259205 0.593665
vt 0.061474 0.981134
vt 0.361931 0.616773
vt 0.355201 0.641890
vt 0.360646 0.531915
vt 0.769159 0.350519
vt 0.039562 0.832538
vt 0.043107 0.831248
vt 0.042389 0.855505
vt 0.875687 0.824759
vt 0.873590 0.835075
vt 0.010131 0.920763
vt 0.010131 0.905433
vt 0.011283 0.913382
vt 0.260135 0.075378
vt 0.067586 0.273097
vt 0.022964 0.120759
vt 0.024845 0.131426
vt 0.023481 0.143185
vt 0.419490 0.884943
vt 0.393587 0.875515
vt 0.502828 0.877565
vt 0.193880 0.995894
vt 0.193880 0.987174
vt 0.208404 0.995475
vt 0.209008 0.987933
vt 0.285800 0.058085
vt 0.277945 0.058085
vt 0.282861 0.032552
vt 0.021859 0.961493
vt 0.887102 0.058589
vt 0.459065 0.101779
vt 0.479554 0.105392
vt 0.427817 0.104683
vt 0.007406 0.049165
vt 0.002554 0.045094
vt 0.006740 0.036990
vt 0.508993 0.102151
vt 0.561226 0.102151
vt 0.558578 0.106016
vt 0.244057 0.097856
vt 0.293792 0.097856
vt 0.284933 0.101846
vt 0.193315 0.688843
vt 0.193315 0.605319
vt 0.203597 0.689004
vt 0.246560 0.685803
vt 0.008234 0.993984
vt 0.001228 0.991707
vt 0.004665 0.983606
vt 0.812278 0.849985
vt 0.799071 0.846115
vt 0.350039 0.018682
vt 0.342180 0.020788
vt 0.329244 0.018057
vt 0.816172 0.865478
vt 0.871747 0.054458
vt 0.755175 0.290037
vt 0.908172 0.290365
vt 0.437321 0.097720
vt 0.486975 0.097720
vt 0.435336 0.100985
vt 0.459039 0.034065
vt 0.479356 0.037648
vt 0.450922 0.037465
vt 0.409467 0.792537
vt 0.997217 0.966658
vt 0.999296 0.974416
vt 0.997869 0.982545
vt 0.728152 0.329109
vt 0.706370 0.310831
vt 0.859367 0.310882
vt 0.790544 0.851972
vt 0.509596 0.993687
vt 0.532735 0.993687
vt 0.524771 0.995855
vt 0.743443 0.030009
vt 0.743443 0.049672
vt 0.739127 0.039337
vt 0.868864 0.309385
vt 0.962794 0.153736
vt 0.006288 0.998324
vt 0.003658 0.994704
vt 0.010784 0.994753
vt 0.034311 0.832547
vt 0.023271 0.824561
vt 0.022462 0.816856
vt 0.025181 0.827828
vt 0.999357 0.224520
vt 0.482453 0.000627
vt 0.474987 0.003344
vt 0.469240 0.000142
vt 0.020236 0.878754
vt 0.009645 0.878754
vt 0.012890 0.875728
vt 0.017324 0.509132
vt 0.014160 0.511786
vt 0.009070 0.509130
vt 0.971312 0.641213
vt 0.974947 0.638668
vt 0.977891 0.641104
vt 0.922206 0.020545
vt 0.922206 0.031746
vt 0.920922 0.024105
vt 0.777622 0.980109
vt 0.795225 0.992899
vt 0.774994 0.993496
vt 0.183327 0.804945
vt 0.187106 0.783517
vt 0.187191 0.847957
vt 0.200133 0.861653
vt 0.190313 0.797842
vt 0.196369 0.818632
vt 0.206599 0.801167
vt 0.949701 0.998451
vt 0.951939 0.994576
vt 0.963147 0.997916
vt 0.129712 0.330733
vt 0.132739 0.319437
vt 0.132087 0.374786
vt 0.497706 0.032886
vt 0.500101 0.025517
vt 0.518230 0.034741
vt 0.739203 0.973233
vt 0.783320 0.973233
vt 0.726142 0.976468
vt 0.143116 0.399381
vt 0.143116 0.345402
vt 0.146724 0.344145
vt 0.215458 0.655699
vt 0.209841 0.719895
vt 0.211033 0.635683
vt 0.924725 0.639229
vt 0.922834 0.635173
vt 0.980054 0.637573
vt 0.197182 0.881939
vt 0.216935 0.650121
vt 0.216935 0.734341
vt 0.210356 0.734241
vt 0.914846 0.907854
s 1
usemtl Material.004
f 1007/1/1 877/2/2 1006/3/3
f 1006/4/3 877/5/2 689/6/4
f 689/6/4 877/5/2 872/7/5
f 689/8/6 562/9/7 77/10/8
f 689/11/6 561/12/9 562/13/7
f 689/14/10 872/15/10 731/16/10
f 1006/17/3 973/18/11 1007/19/1
f 689/20/12 77/21/12 40/22/12
f 1006/17/3 876/23/13 1008/24/14
f 689/25/4 563/26/15 564/27/16
f 689/25/4 564/27/16 1006/28/3
f 1006/17/3 1008/24/14 973/18/11
f 689/25/4 565/29/17 563/26/15
f 973/30/18 1008/31/18 975/32/18
f 1006/28/3 564/27/16 566/33/19
f 40/34/20 565/29/17 689/25/4
f 973/35/11 981/36/21 1007/37/1
f 973/38/22 995/39/23 974/40/24
f 975/41/25 976/42/26 973/43/27
f 977/44/28 983/45/28 973/46/28
f 977/47/29 973/48/30 985/49/31
f 973/48/30 978/50/32 985/49/31
f 973/51/11 974/52/33 981/53/21
f 545/54/34 546/55/34 568/56/34
f 545/57/35 575/58/35 547/59/35
f 983/60/36 978/61/36 973/62/36
f 545/63/37 547/64/37 546/65/37
f 545/66/38 570/67/39 575/68/40
f 977/69/41 980/70/41 983/71/41
f 974/40/24 995/39/23 997/72/42
f 1006/28/3 566/33/19 567/73/43
f 976/42/26 975/41/25 1008/74/14
f 973/75/44 978/76/45 979/77/46
f 545/78/47 546/79/47 570/80/47
f 973/81/48 984/82/48 974/83/48
f 973/84/49 988/85/49 978/86/49
f 973/87/50 983/88/50 980/89/50
f 973/51/51 980/90/52 974/52/53
f 565/29/17 577/91/54 563/26/15
f 547/92/55 552/93/55 548/94/55
f 973/95/44 979/96/46 983/97/56
f 565/98/57 568/99/57 577/100/57
f 565/29/17 569/101/58 577/91/59
f 980/102/60 982/103/61 984/104/62
f 981/105/21 974/40/33 987/106/63
f 985/107/64 978/108/65 983/109/66
f 977/110/67 982/111/67 980/112/67
f 545/113/68 570/114/69 568/115/70
f 575/116/40 570/117/39 547/118/71
f 547/118/71 570/117/39 550/119/72
f 545/120/73 568/121/73 565/122/73
f 974/40/24 997/72/42 987/106/74
f 988/123/75 974/124/76 984/125/77
f 545/66/78 565/126/79 570/67/80
f 546/127/81 548/128/81 575/129/81
f 566/33/19 564/27/16 567/73/43
f 983/130/82 977/131/82 986/132/82
f 983/109/66 986/133/83 985/107/64
f 977/134/84 983/135/84 982/136/84
f 980/137/85 984/138/85 974/139/85
f 977/47/29 985/49/31 986/140/86
f 974/124/76 988/123/75 973/141/87
f 564/27/16 583/142/88 567/73/43
f 983/97/56 979/96/46 992/143/89
f 570/144/39 571/145/90 550/146/72
f 575/147/91 546/148/92 547/149/93
f 40/34/20 621/150/94 565/29/17
f 547/149/95 546/148/96 548/151/97
f 982/152/98 989/153/98 980/154/98
f 545/155/99 563/156/100 568/157/101
f 546/158/102 571/159/102 570/160/102
f 547/161/103 550/162/103 575/163/103
f 987/164/104 984/165/104 974/166/104
f 570/167/105 565/168/105 571/169/105
f 561/12/9 691/170/106 572/171/107
f 570/114/69 571/172/108 568/115/70
f 551/173/109 555/174/110 550/146/111
f 564/175/112 573/176/113 574/177/113
f 550/146/72 571/145/90 551/173/114
f 545/113/99 554/178/115 563/26/100
f 985/179/116 990/180/117 978/181/118
f 978/182/119 988/183/119 995/184/119
f 548/151/120 555/185/121 547/149/122
f 985/49/123 978/50/124 986/186/125
f 545/113/99 568/115/126 554/178/115
f 546/187/127 548/188/127 554/189/127
f 563/26/15 574/190/128 564/27/16
f 547/191/129 555/192/129 552/193/129
f 563/156/100 554/194/130 568/157/101
f 984/195/131 987/196/131 988/197/131
f 992/198/132 989/199/132 986/200/132
f 992/201/133 986/202/133 983/203/133
f 550/204/134 553/205/135 549/206/136
f 984/104/62 997/207/137 987/208/138
f 577/209/139 569/210/139 580/211/139
f 577/212/140 580/213/140 554/214/140
f 575/215/141 576/216/141 580/217/141
f 550/218/134 551/219/142 553/220/135
f 990/221/117 989/222/143 994/223/144
f 981/36/21 991/224/145 1007/37/1
f 990/221/117 994/223/144 978/225/118
f 575/226/146 580/227/147 546/228/148
f 564/27/16 574/190/149 581/229/150
f 983/230/151 986/231/152 982/232/152
f 565/233/153 568/234/153 571/235/153
f 563/236/15 577/237/54 554/238/154
f 979/77/46 978/76/45 992/239/89
f 989/240/155 992/241/155 993/242/155
f 988/243/156 997/244/156 995/245/156
f 985/179/116 986/246/157 990/180/117
f 548/247/158 552/248/158 554/249/158
f 982/232/152 986/231/152 989/250/159
f 563/26/15 554/178/160 574/190/128
f 575/251/161 550/252/134 576/253/162
f 568/254/163 569/255/164 580/256/165
f 550/252/134 580/257/166 576/253/162
f 550/204/134 549/206/136 580/258/166
f 568/157/167 580/259/168 571/260/169
f 978/261/170 995/262/170 986/263/170
f 548/151/120 553/264/171 555/185/121
f 992/265/89 978/266/45 993/267/172
f 982/103/61 989/268/173 984/104/62
f 994/269/174 989/270/174 978/271/174
f 551/272/175 549/273/175 576/274/175
f 551/219/176 549/275/177 553/220/178
f 987/106/63 997/72/179 981/105/21
f 551/276/180 555/277/180 553/278/180
f 554/194/181 580/259/182 568/157/183
f 984/104/62 989/268/173 997/207/137
f 546/279/184 568/280/184 571/281/184
f 997/282/179 1000/283/185 981/284/21
f 986/199/186 995/285/187 996/286/188
f 986/199/186 996/286/188 989/200/189
f 996/287/190 993/267/172 978/266/45
f 988/288/191 987/289/191 997/290/191
f 997/291/192 996/286/188 995/285/187
f 552/292/193 553/293/194 554/294/195
f 978/295/196 989/296/196 996/297/196
f 976/298/26 998/299/197 995/300/198
f 552/292/193 555/301/199 553/293/194
f 567/73/43 583/142/88 578/302/200
f 571/145/90 580/303/201 555/174/202
f 571/145/90 555/174/202 551/173/114
f 731/304/203 872/305/204 729/306/205
f 554/307/206 553/308/206 546/309/206
f 569/101/58 565/29/17 621/150/94
f 561/12/9 731/310/203 691/170/106
f 996/286/190 997/291/137 993/311/172
f 554/312/207 546/313/207 594/314/207
f 976/300/208 999/315/208 995/298/208
f 564/27/16 579/316/209 583/142/88
f 561/12/9 689/11/6 731/310/203
f 993/311/172 997/291/137 989/317/173
f 1007/1/1 913/318/210 877/2/2
f 981/36/21 1000/319/185 991/224/145
f 995/285/198 1000/320/185 997/291/179
f 580/321/211 582/322/212 554/323/160
f 579/316/209 564/27/16 581/229/150
f 990/324/213 1002/325/213 989/326/213
f 553/293/214 555/301/215 549/327/216
f 989/328/217 1004/329/217 986/330/217
f 574/190/128 554/178/160 582/331/212
f 580/332/218 549/333/218 555/334/218
f 554/335/219 594/336/219 580/337/219
f 579/316/209 581/229/150 583/142/88
f 989/221/220 1001/338/220 990/222/221
f 573/176/113 581/339/222 574/177/113
f 569/255/223 591/340/224 580/256/211
f 546/341/148 580/342/147 594/343/225
f 990/344/226 1001/345/226 1002/346/226
f 77/10/8 562/9/7 556/347/227
f 77/348/8 556/349/227 49/350/228
f 976/42/26 1008/74/14 875/351/229
f 976/298/26 875/352/229 998/299/197
f 1006/28/3 567/73/43 692/353/230
f 876/354/13 1006/355/3 744/356/231
f 989/221/220 1002/357/232 1001/338/220
f 580/321/211 591/358/224 582/322/212
f 997/359/233 996/360/233 873/361/233
f 1007/1/1 1003/362/234 913/318/210
f 569/363/235 582/364/236 591/365/237
f 567/73/43 585/366/238 692/353/230
f 555/367/239 558/368/239 557/369/239
f 995/300/198 998/299/197 1000/319/185
f 583/370/240 584/371/240 578/372/240
f 996/373/241 907/374/241 873/375/241
f 569/363/242 591/365/243 621/376/244
f 567/377/43 578/378/200 585/379/238
f 555/380/245 559/381/245 558/382/245
f 574/190/128 586/383/246 581/229/247
f 1008/384/14 874/385/248 875/386/229
f 77/387/249 2/388/250 69/389/251
f 1008/384/14 876/390/13 874/385/248
f 621/391/252 40/392/252 41/393/252
f 583/142/253 581/229/254 592/394/255
f 583/395/256 587/396/257 581/397/258
f 77/387/249 69/389/251 40/398/259
f 587/396/257 588/399/260 581/397/258
f 876/400/261 744/401/261 880/402/261
f 877/403/2 1247/404/262 872/405/5
f 583/142/253 592/394/255 578/302/263
f 77/348/8 49/350/228 78/406/264
f 77/407/265 78/408/265 2/409/265
f 562/13/7 561/12/9 589/410/266
f 581/397/258 588/399/260 586/411/267
f 731/412/203 690/413/268 691/414/106
f 574/190/128 582/331/212 586/383/246
f 591/358/269 621/415/270 582/322/212
f 986/416/271 1004/417/271 1005/418/271
f 594/419/272 604/420/272 580/421/272
f 913/422/273 1247/423/273 877/424/273
f 1006/425/3 692/426/230 693/427/274
f 580/342/275 605/428/276 594/343/277
f 594/429/278 590/430/279 604/431/280
f 1004/432/281 989/433/281 1005/434/281
f 581/229/254 586/383/282 601/435/283
f 562/13/7 589/410/266 556/436/227
f 991/224/145 1000/319/185 998/299/197
f 986/437/284 906/438/284 989/439/284
f 744/356/231 1006/355/3 710/440/285
f 621/441/286 41/442/287 48/443/288
f 557/444/289 559/445/289 555/446/289
f 874/385/248 878/447/290 875/386/229
f 586/383/246 582/331/212 602/448/291
f 744/449/292 879/450/292 880/451/292
f 582/331/212 621/452/270 602/448/291
f 591/453/293 621/454/286 622/455/294
f 578/456/295 592/457/295 593/458/295
f 996/459/296 997/460/296 915/461/296
f 1007/462/1 1286/463/297 1288/464/298
f 989/465/299 906/466/299 1005/467/299
f 594/468/300 605/469/300 590/470/300
f 621/441/286 48/443/288 54/471/301
f 691/414/106 627/472/302 597/473/303
f 592/394/255 581/229/254 593/474/304
f 586/383/246 602/448/291 595/475/305
f 880/476/306 893/477/306 876/478/306
f 1006/425/3 693/427/274 710/479/285
f 996/480/307 915/481/308 907/482/309
f 41/483/310 40/484/311 42/485/312
f 578/486/200 593/487/313 610/488/314
f 578/378/200 610/489/314 585/379/238
f 586/411/267 588/399/260 595/490/315
f 556/349/227 43/491/316 49/350/228
f 881/492/317 882/493/318 891/494/319
f 881/492/317 883/495/320 882/493/318
f 884/496/321 885/497/322 889/498/323
f 891/494/319 885/497/322 884/496/321
f 886/499/324 885/497/322 882/493/318
f 885/500/325 889/501/325 886/502/325
f 729/503/205 730/504/326 731/505/203
f 729/306/205 872/305/204 887/506/327
f 41/507/328 42/508/328 48/509/328
f 881/492/317 888/510/329 883/495/320
f 891/494/319 882/493/318 885/497/322
f 886/511/324 739/512/330 889/513/331
f 581/229/254 601/435/283 593/474/304
f 880/514/332 879/515/332 893/516/332
f 874/385/248 876/390/13 878/447/290
f 42/485/312 40/484/311 44/517/333
f 557/518/334 558/519/334 559/520/334
f 890/521/335 878/522/335 875/523/335
f 881/492/317 891/524/319 910/525/336
f 886/499/324 882/493/318 883/495/320
f 729/306/205 887/506/327 730/526/326
f 892/527/337 889/528/337 739/529/337
f 893/530/338 879/531/338 876/532/338
f 876/533/13 879/534/339 883/495/320
f 881/492/317 897/535/340 888/510/329
f 883/495/320 888/510/329 876/533/13
f 881/492/317 910/525/336 897/535/340
f 592/536/341 626/537/342 593/538/343
f 910/525/336 894/539/344 897/535/340
f 886/499/324 883/495/320 879/534/339
f 879/540/339 735/541/345 886/511/324
f 693/427/274 697/542/346 710/479/285
f 46/543/347 44/544/347 40/545/347
f 879/546/348 732/547/348 735/548/348
f 875/386/229 878/447/290 998/549/197
f 621/441/286 54/471/301 87/550/349
f 986/551/350 1005/552/350 906/553/350
f 879/554/351 744/555/351 732/556/351
f 886/511/324 735/541/345 739/512/330
f 889/557/323 892/558/352 884/559/321
f 1007/37/1 1255/560/353 1286/561/297
f 44/562/333 58/563/354 42/564/312
f 888/510/329 897/535/340 899/565/355
f 692/566/230 623/567/356 596/568/357
f 580/569/358 604/570/358 599/571/358
f 998/549/197 878/447/290 895/572/359
f 884/559/321 908/573/360 891/574/319
f 692/575/361 596/576/361 693/577/361
f 891/574/319 908/573/360 910/578/336
f 556/349/227 45/579/362 43/491/316
f 897/580/363 894/581/363 896/582/363
f 897/583/364 896/584/364 899/585/364
f 873/586/365 907/587/365 997/588/365
f 899/565/355 876/533/13 888/510/329
f 40/398/259 69/389/251 46/589/366
f 585/366/238 610/590/314 692/353/230
f 691/414/106 690/413/268 627/472/302
f 42/591/367 47/592/367 48/593/367
f 692/566/230 610/594/314 623/567/356
f 732/595/368 744/596/369 735/597/370
f 1003/598/234 1007/599/1 1240/600/371
f 589/601/266 45/579/362 556/349/227
f 991/224/145 1255/560/353 1007/37/1
f 731/505/203 730/504/326 733/602/372
f 586/383/282 595/475/305 601/435/283
f 872/603/373 927/604/373 887/605/373
f 899/565/355 878/606/290 876/533/13
f 735/607/374 739/608/374 742/609/374
f 690/413/268 694/610/375 695/611/376
f 899/612/355 898/613/377 878/614/290
f 896/615/378 901/616/378 899/617/378
f 691/170/106 597/618/303 572/171/107
f 739/619/379 734/620/379 742/621/379
f 580/342/275 599/622/380 605/428/276
f 742/623/381 734/624/381 735/625/381
f 735/597/382 744/596/383 742/626/384
f 590/430/385 605/627/386 604/431/280
f 595/475/305 602/448/291 607/628/387
f 908/629/360 909/630/388 910/631/336
f 561/12/9 572/171/107 589/410/266
f 735/632/389 734/633/389 739/634/389
f 899/635/390 901/636/390 898/637/390
f 49/638/391 50/639/391 78/640/391
f 731/412/203 696/641/392 690/413/268
f 991/642/145 998/643/197 1255/644/353
f 735/645/393 734/646/393 744/647/393
f 690/413/268 696/641/392 694/610/375
f 593/487/313 598/648/394 610/488/314
f 878/447/290 900/649/395 895/572/359
f 879/650/396 732/651/396 745/652/396
f 879/653/397 903/654/397 732/655/397
f 693/656/274 596/657/357 699/658/398
f 735/659/399 736/660/400 737/661/401
f 737/662/402 734/663/402 735/664/402
f 735/659/399 744/665/403 736/660/400
f 733/602/372 738/666/404 731/505/203
f 884/559/321 795/667/405 908/573/360
f 739/668/406 734/669/407 747/670/408
f 884/559/321 892/558/352 795/667/405
f 47/671/409 53/672/409 48/673/409
f 739/668/406 747/670/408 892/674/352
f 1247/404/262 927/675/410 872/405/5
f 892/674/352 747/670/408 740/676/411
f 48/443/288 53/677/412 54/471/301
f 1255/678/413 1241/679/413 1286/680/413
f 595/475/305 599/681/414 601/435/283
f 910/682/336 911/683/415 894/684/344
f 742/626/384 744/596/383 746/685/416
f 910/631/336 909/630/388 911/686/415
f 744/596/383 741/687/417 746/685/416
f 744/688/418 710/689/418 741/690/418
f 51/691/419 61/692/419 52/693/419
f 734/694/407 742/695/384 748/696/420
f 746/697/416 753/698/421 747/670/408
f 896/699/422 894/684/344 912/700/423
f 51/701/424 56/702/424 61/703/424
f 747/670/408 753/698/421 743/704/425
f 896/705/422 912/706/423 901/707/426
f 558/708/427 559/709/427 560/710/427
f 736/711/400 744/712/403 734/713/428
f 1003/714/429 1247/715/429 913/716/429
f 732/717/430 903/718/430 745/719/430
f 742/695/384 746/720/416 748/696/420
f 697/721/346 693/656/274 699/658/398
f 878/614/290 898/613/377 917/722/431
f 595/475/305 607/628/387 599/723/414
f 51/724/432 52/725/432 56/726/432
f 69/727/433 63/728/433 46/729/433
f 44/562/333 63/730/434 59/731/435
f 53/732/412 47/733/436 54/734/301
f 42/735/312 58/736/354 47/737/436
f 44/738/437 46/739/437 63/740/437
f 44/562/333 59/731/435 58/563/354
f 747/670/408 743/704/425 740/676/411
f 887/506/327 902/741/438 730/526/326
f 743/704/425 794/742/439 740/676/411
f 746/743/440 747/744/440 748/745/440
f 894/684/344 911/683/415 912/700/423
f 734/669/407 748/746/420 747/670/408
f 734/747/428 737/748/401 736/749/400
f 602/750/441 622/751/442 600/752/443
f 879/753/444 745/754/444 903/755/444
f 52/756/445 61/757/445 56/758/445
f 593/538/446 626/537/447 601/759/448
f 998/643/197 914/760/449 1255/644/353
f 607/761/450 602/762/450 608/763/450
f 55/764/451 54/734/301 47/733/436
f 901/707/426 912/706/423 916/765/452
f 1242/766/453 1243/767/453 1244/768/453
f 593/648/454 598/487/455 626/769/456
f 596/770/357 623/771/356 699/772/398
f 887/506/327 927/773/410 902/741/438
f 740/774/411 794/775/439 749/776/457
f 878/447/290 917/777/431 900/649/395
f 56/778/458 58/779/354 61/780/459
f 695/611/376 627/472/302 690/413/268
f 746/685/416 741/687/417 753/781/421
f 43/491/316 57/782/460 49/350/228
f 901/783/461 916/784/461 898/785/461
f 741/786/417 710/787/462 753/788/421
f 740/774/411 749/776/457 892/789/352
f 998/643/197 895/790/359 914/760/449
f 997/791/463 907/792/464 915/793/465
f 603/794/466 606/795/466 604/796/466
f 743/797/467 753/798/467 750/799/467
f 701/800/468 753/788/421 710/787/462
f 604/431/469 605/627/470 603/801/471
f 604/802/472 606/803/472 605/804/472
f 599/681/414 604/805/473 601/435/283
f 698/806/474 710/807/285 699/808/398
f 697/809/346 699/808/398 710/807/285
f 63/810/475 69/811/475 72/812/475
f 623/771/356 700/813/476 699/772/398
f 898/613/377 916/814/452 917/722/431
f 56/778/458 64/815/477 58/779/354
f 43/491/316 45/579/362 57/782/460
f 610/816/478 700/817/478 623/818/478
f 45/579/362 589/601/266 18/819/479
f 58/820/354 59/821/435 60/822/480
f 61/823/459 58/824/354 62/825/481
f 710/826/482 704/827/482 701/828/482
f 750/829/483 701/830/483 751/831/483
f 751/832/484 752/833/485 750/834/486
f 701/835/487 704/836/488 751/837/484
f 605/838/489 606/839/489 603/840/489
f 743/704/425 752/833/485 794/742/439
f 749/776/457 760/841/490 892/789/352
f 743/704/425 750/834/486 752/833/485
f 892/789/352 760/841/490 795/842/405
f 701/843/491 755/844/491 753/845/491
f 730/504/326 762/846/492 733/602/372
f 911/683/415 920/847/493 912/700/423
f 601/435/283 604/805/473 614/848/494
f 909/630/388 764/849/495 911/686/415
f 1288/464/298 1286/463/297 1245/850/496
f 605/851/497 599/852/497 603/853/497
f 699/854/498 700/855/498 633/856/498
f 607/857/499 608/858/500 609/859/501
f 753/860/502 755/861/502 750/862/502
f 602/750/441 600/752/443 608/863/500
f 731/505/203 754/864/503 696/865/392
f 700/866/504 610/867/504 624/868/504
f 908/629/360 795/869/405 764/849/495
f 908/629/360 764/849/495 909/630/388
f 61/780/459 65/870/505 56/778/506
f 699/808/398 702/871/507 698/806/474
f 597/872/303 625/873/508 572/874/107
f 49/350/228 57/782/460 16/875/509
f 605/801/510 603/627/511 611/876/512
f 601/435/283 614/848/494 598/877/513
f 605/801/510 611/876/512 614/878/514
f 603/879/515 606/880/515 611/881/515
f 914/760/449 895/790/359 937/882/516
f 694/610/375 696/641/392 670/883/517
f 730/504/326 902/884/438 762/846/492
f 63/885/518 72/886/518 59/887/518
f 610/888/519 626/889/520 624/890/520
f 610/891/521 629/892/521 626/893/521
f 47/737/436 58/736/354 64/894/477
f 701/895/522 750/896/522 755/897/522
f 900/649/395 935/898/523 895/572/359
f 738/666/404 733/602/372 756/899/524
f 603/900/525 599/901/525 611/902/525
f 47/737/436 64/894/477 55/903/451
f 916/904/452 924/905/526 917/906/431
f 912/700/423 924/905/526 916/904/452
f 794/742/439 752/833/485 751/907/484
f 917/906/431 918/908/527 935/909/523
f 917/906/431 924/905/526 918/908/527
f 733/602/372 762/846/492 756/899/524
f 1003/598/234 1246/910/528 1247/911/262
f 49/350/228 16/875/509 50/912/529
f 920/847/493 924/905/526 912/700/423
f 626/889/520 629/913/530 624/890/520
f 731/505/203 738/666/404 754/864/503
f 599/914/531 607/915/531 611/916/531
f 597/872/303 627/917/302 625/873/508
f 58/824/354 70/918/532 62/825/481
f 56/919/458 62/920/481 70/921/532
f 749/776/457 794/775/439 757/922/533
f 50/912/529 16/875/509 78/923/534
f 710/924/535 703/925/535 704/926/535
f 699/927/536 633/928/536 702/929/536
f 54/930/301 55/931/451 22/932/537
f 61/823/459 62/825/481 71/933/538
f 54/930/301 22/932/537 87/934/349
f 751/837/484 704/836/488 713/935/539
f 749/936/457 757/937/533 758/938/540
f 60/822/480 59/821/435 66/939/541
f 895/790/359 935/940/523 937/882/516
f 738/666/404 759/941/542 754/864/503
f 55/942/543 64/943/543 22/944/543
f 626/769/456 598/487/455 629/945/544
f 902/741/438 927/773/410 904/946/545
f 45/579/362 18/819/479 57/782/460
f 621/454/286 80/947/546 622/455/294
f 702/871/507 717/948/547 698/806/474
f 1286/949/548 1241/950/548 1248/951/548
f 61/952/459 71/953/538 65/954/505
f 795/955/405 760/956/490 919/957/549
f 795/869/405 919/958/549 764/849/495
f 920/959/550 921/960/550 924/961/550
f 1286/962/297 1248/963/551 1245/964/496
f 696/865/392 754/864/503 670/965/517
f 704/966/552 703/967/552 705/968/552
f 900/649/395 917/777/431 935/898/523
f 911/969/553 922/970/553 920/971/553
f 738/666/404 756/899/524 759/941/542
f 1007/599/1 1288/972/298 1240/600/371
f 751/837/484 713/935/539 794/973/439
f 627/472/302 695/611/376 628/974/554
f 627/917/302 628/975/554 625/873/508
f 794/775/439 713/976/539 757/922/533
f 589/410/266 612/977/555 613/978/556
f 598/979/394 624/888/557 610/890/314
f 589/410/266 572/171/107 612/977/555
f 59/821/435 72/980/558 66/939/541
f 713/935/539 704/836/488 705/981/559
f 607/857/499 609/859/501 611/982/560
f 1250/983/561 1245/964/496 1248/963/551
f 600/752/443 622/751/442 608/863/500
f 614/984/494 609/985/501 615/986/562
f 610/987/563 624/988/563 629/989/563
f 56/919/458 70/921/532 64/990/477
f 754/864/503 761/991/564 670/965/517
f 598/877/513 614/848/494 615/992/562
f 921/993/565 929/994/565 924/995/565
f 920/996/566 922/997/566 931/998/566
f 609/859/501 614/999/494 611/982/560
f 921/1000/567 920/1001/567 931/1002/567
f 911/686/415 764/849/495 922/1003/568
f 621/441/286 87/550/349 80/1004/546
f 923/1005/569 933/1006/569 926/1007/569
f 622/751/442 617/1008/570 608/863/500
f 929/1009/571 928/1010/571 924/1011/571
f 609/1012/501 636/1013/572 615/1014/562
f 937/882/516 954/1015/573 914/760/449
f 907/1016/574 925/1017/574 926/1018/574
f 58/1019/354 60/1020/480 70/1021/532
f 754/864/503 759/941/542 761/991/564
f 1247/1022/262 905/1023/575 927/1024/410
f 66/1025/576 72/1026/576 67/1027/576
f 629/1028/577 615/1029/577 598/1030/577
f 64/1031/477 68/1032/578 22/1033/579
f 589/601/266 613/1034/556 18/819/479
f 924/905/526 928/1035/580 918/908/527
f 710/1036/285 698/806/474 720/1037/581
f 633/1038/582 700/1039/582 624/1040/582
f 611/876/583 616/1041/584 614/878/585
f 1245/1042/496 1287/1043/586 1288/1044/298
f 717/948/547 720/1037/581 698/806/474
f 572/874/107 630/1045/587 612/1046/555
f 694/610/375 652/1047/588 695/611/376
f 1003/598/234 1249/1048/589 1246/910/528
f 1251/1049/590 1250/1050/561 1248/1051/551
f 929/1052/591 921/1053/592 928/1054/580
f 902/1055/593 904/1056/593 796/1057/593
f 572/874/107 625/873/508 628/975/554
f 572/874/107 628/975/554 631/1058/594
f 69/1059/595 73/1060/595 72/1061/595
f 64/1031/477 70/1062/532 68/1032/578
f 703/1063/596 706/1064/597 705/1065/598
f 609/1012/501 608/863/500 636/1013/572
f 749/936/457 758/938/540 760/956/490
f 707/1066/599 708/1067/599 713/1068/599
f 56/919/458 71/1069/538 62/920/481
f 706/1064/597 703/1063/596 709/1070/600
f 710/1071/601 711/1072/602 703/1073/596
f 918/908/527 928/1035/580 930/1074/603
f 1248/1075/551 1241/1076/604 1251/1077/590
f 927/773/410 905/1078/575 904/946/545
f 762/1079/605 902/1080/605 796/1081/605
f 907/792/606 940/1082/607 915/793/608
f 80/1083/609 132/1084/609 622/1085/609
f 702/1086/610 633/1087/610 717/1088/610
f 915/481/611 930/1089/612 907/482/613
f 915/1090/614 936/1091/614 930/1092/614
f 1253/1093/615 1261/1094/615 1263/1095/615
f 56/1096/616 65/1097/616 71/1098/616
f 694/610/375 670/883/517 652/1047/588
f 1253/1099/617 1263/1100/617 1262/1101/617
f 572/874/107 631/1058/594 630/1045/587
f 918/908/527 930/1074/603 935/909/523
f 915/793/608 940/1082/607 936/1102/618
f 921/1053/592 931/1103/619 932/1104/620
f 1288/1044/298 1287/1043/586 1289/1105/621
f 762/846/492 796/1106/622 756/899/524
f 759/941/542 756/899/524 834/1107/623
f 16/1108/509 57/1109/460 17/1110/624
f 1003/598/234 1240/600/371 1249/1048/589
f 705/1111/625 712/1112/625 713/1113/625
f 72/1114/626 73/1115/626 67/1116/626
f 1246/910/528 1249/1048/589 1252/1117/627
f 695/1118/376 652/1119/588 628/975/554
f 760/956/490 763/1120/628 919/957/549
f 1251/1077/590 1241/1076/604 1271/1121/629
f 1240/1122/371 1288/1123/298 1290/1124/630
f 608/863/500 617/1008/570 636/1013/572
f 1253/1125/631 1262/1126/631 1261/1127/631
f 633/1128/632 635/1129/632 717/1130/632
f 713/1131/633 708/1132/634 758/938/540
f 928/1054/580 921/1053/592 932/1104/620
f 713/1133/635 758/1134/635 757/1135/635
f 60/1020/480 66/1136/541 79/1137/636
f 598/979/394 653/1138/637 624/888/557
f 705/1139/598 706/1140/597 712/1141/638
f 710/1142/639 720/1143/639 711/1144/639
f 73/1145/640 69/1146/640 74/1147/640
f 1251/1049/590 1254/1148/641 1250/1050/561
f 16/875/509 17/1149/624 78/923/534
f 1241/1150/642 1255/1151/643 1256/1152/644
f 1241/1150/642 1256/1152/644 1277/1153/645
f 633/1154/646 624/1155/646 632/1156/646
f 22/1033/579 68/1032/578 76/1157/647
f 928/1054/580 939/1158/648 930/1159/603
f 1247/911/262 1246/910/528 1257/1160/649
f 797/1161/650 767/1162/651 764/849/495
f 935/909/523 930/1074/603 936/1163/652
f 928/1054/580 932/1104/620 939/1158/648
f 933/1164/653 951/1165/653 934/1166/653
f 919/957/549 797/1167/650 764/1168/495
f 79/1137/636 66/1136/541 24/1169/654
f 66/1170/541 67/1171/655 24/1172/654
f 760/956/490 758/938/540 718/1173/656
f 935/1174/657 936/1175/657 937/1176/657
f 624/1177/658 634/1178/658 632/1179/658
f 763/1120/628 760/956/490 718/1173/656
f 756/899/524 796/1106/622 834/1107/623
f 931/1103/619 972/1180/659 932/1104/620
f 60/1020/480 79/1137/636 70/1021/532
f 939/1158/648 932/1104/620 938/1181/660
f 87/1182/661 22/1183/661 86/1184/661
f 713/1185/662 712/1186/662 708/1187/662
f 1245/964/496 1250/983/561 1291/1188/663
f 1258/1189/664 1256/1190/664 1255/1191/664
f 919/957/549 777/1192/665 797/1167/650
f 758/938/540 708/1132/634 718/1173/656
f 919/957/549 763/1120/628 777/1192/665
f 67/1171/655 21/1193/666 24/1172/654
f 709/1070/600 703/1063/596 716/1194/667
f 922/1003/568 764/849/495 767/1162/651
f 73/1195/668 74/1196/669 67/1197/655
f 1258/1198/670 1260/1199/671 1256/1200/644
f 67/1197/655 74/1196/669 21/1201/666
f 932/1104/620 972/1180/659 938/1181/660
f 1249/1048/589 1240/600/371 1259/1202/672
f 922/1003/568 767/1162/651 931/1203/619
f 759/941/542 834/1107/623 761/991/564
f 939/1204/673 940/1205/673 930/1206/673
f 706/1064/597 714/1207/674 715/1208/675
f 706/1064/597 709/1070/600 714/1207/674
f 706/1140/597 719/1209/676 712/1141/638
f 706/1064/597 715/1208/675 719/1210/676
f 711/1072/602 716/1211/667 703/1073/596
f 708/1212/677 712/1213/677 718/1214/677
f 1246/910/528 1252/1117/627 1257/1160/649
f 907/1215/678 930/1216/678 940/1217/678
f 1245/964/496 1291/1188/663 1287/1218/586
f 939/1219/648 943/1220/679 940/1221/607
f 635/1222/680 720/1223/680 717/1224/680
f 632/1225/681 634/1226/681 633/1227/681
f 1271/1228/629 1254/1229/641 1251/1230/590
f 634/1231/682 638/1232/682 624/1233/682
f 938/1234/683 972/1235/683 941/1236/683
f 80/1237/684 82/1238/685 85/1239/686
f 1255/644/353 914/760/449 942/1240/687
f 624/888/557 653/1138/637 634/1241/688
f 1258/1242/689 1268/1243/689 1260/1244/689
f 938/1181/660 943/1245/679 939/1158/648
f 943/1220/679 937/1246/516 940/1221/607
f 972/1247/659 931/1248/619 949/1249/690
f 1250/1250/691 1292/1251/691 1291/1252/691
f 80/1237/684 85/1239/686 132/1253/692
f 943/1220/679 954/1254/573 937/1246/516
f 633/1255/693 634/1256/688 635/1257/694
f 954/1258/573 943/1259/679 956/1260/695
f 1263/1261/696 1261/1262/696 1254/1263/696
f 767/1162/651 841/1264/697 931/1203/619
f 943/1245/679 938/1181/660 952/1265/698
f 1259/1202/672 1240/600/371 1290/1266/630
f 904/1267/545 905/1268/575 796/1269/622
f 1255/1270/699 1268/1271/699 1258/1272/699
f 80/1273/684 81/1274/700 82/1275/685
f 622/751/442 134/1276/701 617/1008/570
f 1262/1277/702 1263/1278/702 1261/1279/702
f 718/1173/656 785/1280/703 763/1120/628
f 712/1281/704 719/1282/704 718/1283/704
f 1249/1048/589 1259/1202/672 1252/1117/627
f 636/1284/572 653/1285/705 615/1286/562
f 777/1192/665 778/1287/706 797/1167/650
f 622/751/442 132/1288/707 134/1276/701
f 938/1181/660 946/1289/708 952/1265/698
f 715/1290/675 771/1291/709 719/1292/676
f 1256/1293/644 1260/1294/671 942/1295/710
f 972/1234/659 944/1296/711 938/1235/712
f 18/1297/479 19/1298/713 57/1109/460
f 931/1248/619 841/1299/697 949/1249/690
f 1250/1050/561 1254/1148/641 1292/1300/714
f 1256/1152/644 942/1301/710 1277/1153/645
f 636/1013/572 617/1008/570 639/1302/715
f 943/1245/679 952/1265/698 955/1303/716
f 18/1297/479 613/1304/556 20/1305/717
f 1261/1306/718 1266/1307/719 1254/1308/720
f 1254/1309/641 1271/1310/629 1267/1311/721
f 914/760/449 954/1015/573 953/1312/722
f 914/760/449 953/1312/722 945/1313/723
f 720/1314/724 721/1315/724 711/1316/724
f 722/1317/725 716/1194/667 728/1318/726
f 57/1109/460 19/1298/713 17/1110/624
f 938/1319/727 944/1320/727 946/1321/727
f 947/1322/728 938/1289/728 946/1181/728
f 972/1234/659 949/1323/690 944/1296/711
f 905/1023/575 1247/1022/262 831/1324/729
f 620/1325/730 617/1326/730 619/1327/730
f 769/1328/731 765/1329/732 770/1330/733
f 940/1221/607 937/1246/516 936/1331/618
f 635/1332/734 721/1333/734 720/1334/734
f 1255/1335/735 942/1336/735 1268/1337/735
f 715/1290/675 714/1338/674 771/1291/709
f 960/1339/736 948/1340/737 946/1341/738
f 630/1045/587 631/1058/594 146/1342/739
f 949/1343/740 960/1344/740 944/1345/740
f 767/1162/651 781/1346/741 841/1264/697
f 636/1284/572 637/1347/742 653/1285/705
f 1260/1348/743 1268/1349/743 1267/1350/743
f 960/1339/736 946/1341/738 944/1351/744
f 950/1352/745 951/1353/745 934/1354/746
f 709/1070/600 716/1194/667 722/1317/725
f 718/1173/656 724/1355/747 785/1280/703
f 82/1356/748 83/1357/748 85/1358/748
f 1241/1359/749 1264/1360/749 1271/1361/749
f 69/1362/251 2/1363/250 74/1364/669
f 1291/1365/750 1292/1366/750 1287/1367/750
f 943/1259/679 955/1368/716 956/1260/695
f 766/1369/751 765/1370/732 769/1371/731
f 1263/1372/752 1265/1373/753 1261/1374/718
f 617/1375/754 618/1376/754 619/1377/754
f 824/1378/755 829/1379/755 838/1380/755
f 714/1207/674 709/1070/600 722/1381/725
f 636/1284/572 639/1382/715 637/1347/742
f 767/1383/651 797/1384/650 781/1385/741
f 714/1338/674 722/1386/725 771/1291/709
f 634/1256/688 725/1387/756 635/1257/694
f 1290/1266/630 1297/1388/757 1259/1202/672
f 824/1389/758 838/1390/758 826/1391/758
f 1254/1148/641 1267/1392/721 1266/1393/759
f 615/1286/562 653/1285/705 638/1394/760
f 769/1395/761 768/1396/761 766/1397/761
f 638/1398/762 649/1399/762 653/1400/762
f 769/1401/763 770/1402/763 768/1403/763
f 80/1404/764 87/1405/764 81/1406/764
f 82/1275/685 81/1274/700 83/1407/765
f 1260/1294/671 1267/1408/766 942/1295/710
f 719/1409/767 771/1410/767 718/1411/767
f 718/1412/768 771/1413/768 724/1414/768
f 763/1120/628 789/1415/769 777/1192/665
f 132/1416/770 84/1417/771 133/1418/772
f 132/1419/773 133/1420/773 134/1421/773
f 797/1384/650 778/1422/706 781/1385/741
f 952/1423/774 946/1424/774 955/1425/774
f 78/1426/534 17/1110/624 19/1298/713
f 942/1427/775 1267/1428/775 1268/1429/775
f 1247/911/262 1257/1160/649 1205/1430/776
f 70/1062/532 75/1431/777 68/1032/578
f 620/1432/778 639/1433/778 617/1434/778
f 21/1435/666 30/1436/779 24/1437/654
f 914/1438/780 945/1439/780 942/1440/780
f 617/1441/781 620/1442/781 618/1443/781
f 1254/1444/782 1266/1445/719 1263/1446/783
f 68/1032/578 75/1431/777 76/1447/647
f 765/1370/732 766/1369/751 836/1448/784
f 1252/1117/627 1259/1202/672 1257/1160/649
f 22/1449/579 137/1450/785 91/1451/786
f 24/1437/654 30/1436/779 23/1452/787
f 1289/1453/788 1287/1454/788 1292/1455/788
f 1261/1306/718 1269/1456/789 1266/1307/719
f 24/1437/654 23/1452/787 25/1457/790
f 24/1458/654 25/1459/790 79/1460/636
f 946/1461/738 963/1462/791 955/1463/792
f 619/1464/793 618/1465/793 620/1466/793
f 763/1120/628 785/1280/703 789/1467/769
f 824/1468/794 826/1469/794 829/1470/794
f 1265/1471/795 1263/1472/795 1270/1473/795
f 132/1474/796 85/1475/796 84/1476/796
f 1247/1477/262 1205/1478/776 845/1479/797
f 1263/1480/798 1269/1481/798 1270/1482/798
f 796/1269/622 905/1268/575 825/1483/799
f 22/1449/579 91/1451/786 86/1484/800
f 946/1461/738 948/1485/737 963/1462/791
f 768/1486/801 770/1487/801 773/1488/801
f 1261/1374/718 1265/1373/753 1269/1489/789
f 74/1196/669 30/1490/779 21/1201/666
f 1264/1491/802 1277/1492/645 1271/1493/629
f 711/1494/602 721/1495/803 725/1496/756
f 70/1062/532 79/1497/636 75/1431/777
f 620/1498/804 134/1499/805 618/1500/806
f 829/1501/807 826/1502/807 838/1503/807
f 85/1504/808 83/1505/808 89/1506/808
f 722/1507/725 728/1508/726 772/1509/809
f 771/1510/810 723/1511/810 724/1512/810
f 773/1513/811 770/1330/733 774/1514/812
f 826/1515/813 827/1516/813 936/1517/813
f 85/1518/814 89/1519/815 84/1520/771
f 789/1415/769 775/1521/816 777/1192/665
f 1263/1446/783 1266/1445/719 1269/1522/789
f 1271/1310/629 942/1523/710 1267/1311/721
f 91/1524/817 93/1525/817 86/1526/817
f 956/1527/818 953/1528/818 954/1529/818
f 765/1370/732 776/1530/819 777/1531/665
f 725/1496/756 721/1495/803 635/1532/694
f 22/1033/579 76/1157/647 137/1533/785
f 87/1534/820 86/1535/821 90/1536/822
f 765/1370/732 836/1448/784 776/1530/819
f 778/1537/706 777/1531/665 776/1530/819
f 1254/1148/641 1266/1393/759 1292/1300/714
f 631/1058/594 628/975/554 146/1342/739
f 620/1538/823 617/1539/823 134/1540/823
f 770/1330/733 765/1329/732 779/1541/824
f 722/1507/725 772/1509/809 771/1542/709
f 955/1543/825 1267/1544/825 956/1545/825
f 836/1546/784 840/1547/826 776/1548/819
f 956/1549/827 1267/1550/827 953/1551/827
f 765/1329/732 777/1552/665 779/1541/824
f 634/1241/688 653/1138/637 725/1553/756
f 770/1330/733 780/1554/828 774/1514/812
f 826/1555/829 828/1556/830 838/1557/831
f 1288/1044/298 1289/1105/621 1293/1558/832
f 640/1559/833 641/1560/834 618/1561/806
f 948/1562/737 960/1563/736 958/1564/835
f 776/1548/819 840/1547/826 782/1565/836
f 782/1565/836 840/1547/826 829/1566/837
f 781/1567/741 778/1537/706 782/1568/836
f 716/1211/667 711/1072/602 728/1569/726
f 836/1570/784 830/1571/838 840/1572/826
f 761/991/564 834/1107/623 783/1573/839
f 81/1574/700 87/1575/820 88/1576/840
f 949/1249/690 841/1299/697 970/1577/841
f 1271/1493/629 1277/1492/645 942/1578/710
f 766/1579/842 768/1580/842 836/1581/842
f 134/1499/805 135/1582/843 618/1500/806
f 778/1537/706 776/1530/819 782/1568/836
f 75/1583/777 31/1584/844 76/1585/647
f 1292/1586/845 1293/1587/845 1289/1588/845
f 620/1589/846 618/1561/806 641/1560/834
f 957/1590/847 958/1591/847 948/1592/847
f 905/1268/575 831/1593/729 832/1594/848
f 826/1555/829 827/1595/849 828/1556/830
f 770/1330/733 779/1541/824 780/1554/828
f 637/1347/742 642/1596/850 653/1285/705
f 74/1196/669 27/1597/851 30/1490/779
f 724/1598/747 784/1599/852 785/1600/703
f 772/1509/809 723/1601/853 771/1542/709
f 775/1602/816 779/1541/824 777/1552/665
f 728/1603/726 786/1604/854 772/1605/809
f 637/1347/742 639/1382/715 643/1606/855
f 711/1072/602 725/1607/756 728/1569/726
f 1267/1392/721 1272/1608/856 1266/1393/759
f 787/1609/857 784/1610/857 785/1611/857
f 1267/1392/721 955/1612/792 1272/1608/856
f 831/1324/729 1247/1022/262 959/1613/858
f 100/1614/859 88/1615/859 91/1616/859
f 830/1571/838 833/1617/860 840/1572/826
f 1290/1124/630 1288/1123/298 1297/1618/757
f 83/1619/765 81/1620/700 89/1621/815
f 618/1561/806 644/1622/861 640/1559/833
f 645/1623/862 653/1624/862 647/1625/862
f 74/1364/669 26/1626/863 27/1627/851
f 728/1603/726 788/1628/864 786/1604/854
f 949/1629/865 970/1630/865 960/1631/865
f 781/1632/866 837/1633/866 841/1634/866
f 1267/1635/867 942/1636/867 945/1637/867
f 620/1638/846 641/1639/834 643/1640/855
f 670/965/517 761/991/564 783/1573/839
f 784/1599/852 724/1598/747 723/1641/853
f 81/1620/700 84/1642/771 89/1621/815
f 905/1268/575 832/1594/848 825/1483/799
f 79/1460/636 25/1459/790 75/1643/777
f 960/1644/868 970/1645/868 964/1646/868
f 786/1604/854 788/1628/864 774/1514/812
f 91/1647/869 137/1648/869 89/1649/869
f 91/1650/870 89/1651/870 100/1652/870
f 1267/1653/871 945/1654/871 953/1655/871
f 960/1563/736 964/1656/872 958/1564/835
f 958/1657/873 964/1658/873 961/1659/873
f 87/1575/820 90/1660/822 88/1576/840
f 1241/1150/642 1277/1153/645 1278/1661/874
f 789/1662/769 785/1600/703 784/1599/875
f 618/1561/806 646/1663/876 644/1622/861
f 637/1347/742 643/1606/855 642/1596/850
f 1292/1664/714 1294/1665/877 1293/1666/832
f 1264/1667/878 1241/1150/642 1278/1661/874
f 789/1668/879 784/1669/879 793/1670/879
f 781/1671/741 782/1672/836 837/1673/880
f 91/1674/881 88/1675/882 93/1676/883
f 948/1677/737 962/1678/884 963/1679/791
f 76/1680/647 96/1681/885 137/1682/785
f 958/1564/886 962/1683/884 948/1562/737
f 1265/1373/753 1270/1684/887 1269/1489/789
f 955/1685/792 963/1679/791 1209/1686/888
f 78/1426/534 19/1298/713 2/1687/250
f 773/1688/889 790/1689/889 768/1690/889
f 653/1691/890 642/1692/890 647/1693/890
f 1294/1694/877 1292/1695/714 1273/1696/891
f 1292/1300/714 1266/1393/759 1273/1697/891
f 653/1698/892 647/1699/892 649/1700/892
f 958/1701/893 962/1702/893 964/1703/893
f 18/1297/479 20/1305/717 19/1298/713
f 962/1683/894 958/1564/895 961/1704/896
f 641/1639/834 640/1705/833 643/1640/855
f 774/1514/812 780/1554/828 791/1706/897
f 775/1602/816 780/1554/828 779/1541/824
f 1297/1388/757 1274/1707/898 1259/1202/672
f 618/1500/806 136/1708/899 646/1709/876
f 620/1638/846 643/1640/855 639/1710/715
f 723/1711/853 772/1605/809 791/1706/897
f 86/1535/821 94/1712/900 90/1536/822
f 76/1585/647 31/1584/844 96/1713/885
f 789/1415/769 793/1714/901 775/1521/816
f 796/1269/622 825/1483/799 834/1715/623
f 612/1716/555 139/1717/902 613/1718/556
f 618/1500/806 135/1582/843 136/1708/899
f 134/1719/903 133/1720/903 135/1721/903
f 780/1554/828 775/1602/816 791/1706/897
f 828/1556/904 835/1722/905 838/1557/906
f 942/1723/907 1279/1724/907 945/1725/907
f 831/1593/729 959/1726/858 832/1594/848
f 655/1727/908 640/1559/833 644/1622/861
f 788/1728/864 728/1729/726 792/1730/909
f 786/1604/854 791/1706/897 772/1605/809
f 19/1298/713 28/1731/910 2/1687/250
f 836/1732/911 768/1733/911 830/1734/911
f 841/1735/697 837/1736/880 842/1737/912
f 828/1738/913 838/1739/913 839/1740/913
f 133/1418/772 84/1417/771 100/1741/914
f 1247/1022/262 845/1742/797 959/1613/858
f 829/1743/837 847/1744/915 782/1745/836
f 791/1706/897 786/1604/854 774/1514/812
f 723/1711/853 791/1706/897 784/1746/852
f 964/1747/916 970/1748/916 965/1749/916
f 953/1750/917 1206/1751/917 945/1752/917
f 829/1753/837 840/1754/826 847/1755/915
f 963/1679/791 962/1678/884 1209/1686/888
f 1205/1430/776 1257/1160/649 1275/1756/918
f 774/1514/812 788/1628/864 773/1513/811
f 773/1757/919 798/1758/919 768/1759/919
f 775/1602/816 793/1760/901 791/1706/897
f 30/1436/779 29/1761/920 23/1452/787
f 644/1622/861 646/1663/876 655/1727/908
f 833/1762/860 847/1755/915 840/1754/826
f 841/1763/697 842/1764/912 970/1765/841
f 725/1553/756 653/1138/637 648/1766/921
f 784/1746/852 791/1706/897 793/1760/901
f 837/1673/880 782/1672/836 854/1767/922
f 962/1768/923 967/1769/923 1209/1770/923
f 86/1535/821 27/1627/851 94/1712/900
f 955/1612/792 1210/1771/924 1272/1608/856
f 782/1745/836 846/1772/925 854/1773/922
f 773/1774/811 788/1728/864 792/1730/909
f 133/1775/926 100/1776/926 89/1777/926
f 81/1574/700 88/1576/840 100/1741/914
f 81/1574/700 100/1741/914 84/1417/771
f 1259/1202/672 1274/1707/898 1257/1160/649
f 133/1778/927 138/1779/927 135/1780/927
f 649/1781/928 647/1782/928 642/1783/928
f 1266/1393/759 1276/1784/929 1273/1697/891
f 86/1785/930 93/1786/930 111/1787/930
f 837/1736/880 854/1788/922 842/1737/912
f 964/1789/931 965/1790/931 968/1791/931
f 86/1792/932 111/1793/932 27/1794/932
f 945/1795/933 1206/1796/933 1283/1797/933
f 653/1138/637 654/1798/934 648/1766/921
f 1209/1686/888 1210/1799/924 955/1685/792
f 768/1800/935 798/1801/935 830/1802/935
f 135/1803/843 89/1804/936 136/1805/899
f 1272/1806/856 1276/1784/929 1266/1393/759
f 961/1807/937 964/1808/937 966/1809/937
f 782/1745/836 847/1744/915 846/1772/925
f 646/1810/876 136/1811/899 655/1812/908
f 1264/1813/938 1276/1814/938 1277/1815/938
f 962/1816/939 961/1817/939 966/1818/939
f 832/1594/848 959/1726/858 843/1819/940
f 1273/1820/941 1276/1821/941 1282/1822/941
f 962/1823/942 966/1824/942 967/1825/942
f 964/1826/943 968/1827/943 966/1828/943
f 89/1804/936 137/1829/785 136/1805/899
f 640/1559/833 655/1727/908 657/1830/944
f 655/1812/908 136/1811/899 650/1831/945
f 828/1556/946 844/1832/947 839/1833/948
f 649/1834/949 143/1835/950 651/1836/951
f 968/1837/952 965/1838/952 969/1839/952
f 136/1840/899 137/1841/785 650/1842/945
f 137/1682/785 96/1681/885 92/1843/953
f 643/1640/855 640/1705/833 657/1844/944
f 30/1845/954 27/1846/954 25/1847/954
f 725/1848/955 648/1849/955 727/1850/955
f 725/1851/956 727/1852/956 728/1853/956
f 828/1556/904 839/1833/957 835/1722/905
f 649/1834/949 642/1596/850 143/1835/950
f 970/1854/958 966/1855/958 965/1856/958
f 1257/1160/649 1274/1707/898 1275/1756/918
f 643/1606/855 143/1835/950 642/1596/850
f 1264/1857/959 1282/1858/959 1276/1859/959
f 953/1860/960 945/1861/960 1211/1862/960
f 653/1863/961 649/1864/961 651/1865/961
f 652/1866/962 670/1867/962 146/1868/962
f 652/1119/588 146/1342/739 628/975/554
f 833/1869/963 849/1870/963 847/1871/963
f 89/1872/964 138/1873/964 133/1874/964
f 649/1875/965 659/1876/965 651/1877/965
f 965/1878/966 966/1879/966 968/1880/966
f 653/1881/967 651/1882/967 654/1883/967
f 945/1884/968 1283/1885/968 1279/1886/968
f 966/1887/969 1207/1888/969 967/1889/969
f 1297/1890/757 1295/1891/970 1274/1892/898
f 1277/1893/645 1276/1894/929 1278/1895/874
f 783/1896/971 726/1897/971 670/1898/971
f 773/1899/811 792/1900/909 798/1901/972
f 945/1902/973 1279/1903/973 1272/1904/973
f 950/1352/745 971/1905/974 951/1353/745
f 845/1906/797 843/1819/940 959/1726/858
f 966/1907/975 970/1908/975 856/1909/975
f 137/1841/785 92/1910/953 650/1842/945
f 1273/1696/891 1296/1911/976 1294/1694/877
f 643/1640/855 657/1844/944 143/1912/950
f 135/1913/977 138/1914/977 89/1915/977
f 31/1916/844 111/1917/978 96/1918/885
f 839/1919/979 847/1920/915 835/1921/980
f 1294/1665/877 1296/1922/976 1293/1666/832
f 728/1923/981 727/1924/981 671/1925/981
f 1209/1926/982 967/1927/982 1207/1928/982
f 94/1712/900 27/1627/851 106/1929/983
f 1207/1930/984 1208/1931/985 1209/1932/888
f 835/1921/980 847/1920/915 849/1933/986
f 834/1715/623 825/1483/799 783/1934/839
f 728/1729/726 671/1935/987 792/1730/909
f 842/1764/912 856/1936/988 970/1765/841
f 1209/1932/888 1208/1931/985 1210/1937/924
f 1272/1938/989 1279/1939/989 1283/1940/989
f 1272/1941/990 1283/1942/990 1280/1943/990
f 953/1944/991 1211/1945/992 1206/1946/993
f 1272/1947/994 1210/1948/994 945/1949/994
f 93/1950/883 96/1918/885 111/1917/978
f 846/1951/925 847/1952/915 850/1953/995
f 27/1627/851 26/1626/863 106/1929/983
f 88/1576/996 99/1954/997 100/1741/998
f 143/1955/950 654/1956/999 651/1957/951
f 838/1958/906 835/1959/905 839/1960/1000
f 655/1961/1001 656/1962/1001 657/1963/1001
f 94/1964/900 95/1965/1002 90/1966/822
f 842/1967/912 853/1968/1003 856/1969/988
f 88/1576/840 90/1660/822 99/1954/1004
f 856/1970/1005 1207/1971/1005 966/1972/1005
f 649/1836/1006 654/1973/1006 651/1834/1006
f 139/1974/902 612/1975/555 140/1976/1007
f 842/1967/912 854/1977/922 853/1968/1003
f 2/1363/250 26/1626/863 74/1364/669
f 648/1766/921 654/1798/934 727/1978/1008
f 854/1773/922 846/1772/925 848/1979/1009
f 1283/1980/1010 1206/1981/1011 1237/1982/1012
f 613/1718/556 139/1717/902 20/1983/717
f 833/1984/1013 830/1985/1013 849/1986/1013
f 655/1812/908 650/1831/945 656/1987/1014
f 945/1988/1015 1210/1989/1015 1211/1990/1015
f 846/1772/925 850/1991/995 848/1979/1009
f 1208/1931/985 1207/1930/984 859/1992/1016
f 657/1993/1017 656/1994/1017 658/1995/1017
f 657/1996/1018 658/1997/1018 143/1998/1018
f 612/1975/555 630/1999/587 140/1976/1007
f 839/2000/979 862/2001/1019 847/2002/915
f 845/1479/797 1205/1478/776 843/2003/940
f 832/1594/848 843/1819/940 851/2004/1020
f 1278/1895/874 1276/1894/929 1281/2005/1021
f 830/2006/1022 798/2007/972 849/2008/986
f 650/1842/945 92/1910/953 145/2009/1023
f 847/2002/915 852/2010/1024 850/2011/995
f 1207/2012/1025 856/2013/1025 859/2014/1025
f 88/1675/882 99/2015/1004 93/1676/883
f 856/2016/1026 853/2017/1026 857/2018/1026
f 90/1966/822 95/1965/1002 102/2019/1027
f 1272/2020/856 1280/2021/1028 1276/2022/929
f 650/1842/945 145/2009/1023 656/2023/1014
f 651/2024/1029 660/2025/1029 659/2026/1029
f 835/1959/980 804/2027/1030 839/1960/979
f 853/2028/1031 857/2029/1031 854/2030/1031
f 848/1979/1009 857/2031/1032 854/1773/922
f 849/1933/986 855/2032/1033 835/1921/980
f 798/2007/972 855/2033/1033 849/2008/986
f 859/2034/1034 856/2035/1034 863/2036/1034
f 75/1583/777 39/2037/1035 31/1584/844
f 1281/2038/1021 1276/2022/929 1280/2021/1028
f 856/2039/1036 857/2040/1036 858/2041/1036
f 1288/1044/298 1293/1558/832 1340/2042/1037
f 825/1483/799 832/1594/848 851/2004/1020
f 1273/1696/891 1300/2043/1038 1296/1911/976
f 856/2044/1039 858/2045/1039 863/2046/1039
f 95/1965/1002 104/2047/1040 102/2019/1027
f 1282/2048/1041 1264/2049/1041 1285/2050/1041
f 92/2051/1042 96/2052/1042 142/2053/1042
f 847/2002/915 862/2001/1019 852/2010/1024
f 99/2054/1004 90/2055/822 93/2056/883
f 1273/2057/891 1282/2058/1043 1300/2059/1038
f 658/2060/1044 656/2061/1044 660/2062/1044
f 859/2063/1045 863/2064/1045 860/2065/1045
f 100/2066/1046 152/2067/1046 142/2068/1046
f 100/1741/1047 99/1954/1048 97/2069/1049
f 1299/2070/1050 1293/1666/832 1296/1922/976
f 1282/2058/1043 1285/2071/1051 1300/2059/1038
f 95/2072/1052 98/2073/1052 104/2074/1052
f 798/1901/972 792/1900/909 800/2075/1053
f 26/1626/863 114/2076/1054 106/1929/983
f 99/2077/1055 100/2078/1055 142/2079/1055
f 857/2080/1032 848/2081/1009 861/2082/1056
f 859/1992/1016 860/2083/1057 865/2084/1058
f 152/2085/1059 141/2086/1059 142/2087/1059
f 651/2088/1060 660/2089/1060 654/2090/1060
f 848/2081/1009 850/2091/995 861/2082/1056
f 100/2092/1047 141/2093/1061 152/2094/1062
f 96/2095/885 103/2096/1063 101/2097/1064
f 1208/1931/985 1212/2098/1065 1210/1937/924
f 96/2095/885 101/2097/1064 142/2099/1066
f 857/2100/1032 861/2101/1056 858/2102/1067
f 859/1992/1016 1212/2098/1065 1208/1931/985
f 859/1992/1016 865/2084/1068 1212/2098/1065
f 96/2103/885 102/2104/1027 103/2105/1063
f 658/2106/1069 660/2107/1069 661/2108/1069
f 835/1959/980 855/2109/1033 804/2027/1030
f 656/2110/1014 662/2111/1070 660/2112/1071
f 1278/2113/874 1281/2114/1021 1283/2115/1010
f 850/2011/995 852/2010/1024 861/2116/1056
f 839/1960/979 804/2027/1030 862/2117/1019
f 93/2056/883 90/2055/822 96/2103/885
f 1297/2118/1072 1298/2119/1072 1295/2120/1072
f 1280/2121/1028 1283/2115/1010 1281/2114/1021
f 99/2122/1073 142/2123/1073 97/2124/1073
f 654/2125/934 682/2126/1074 727/2127/1008
f 139/1974/902 140/1976/1007 105/2128/1075
f 1211/1945/992 1210/2129/1076 1206/1946/993
f 94/2130/900 106/2131/983 98/2132/1077
f 1283/2133/1010 1306/2134/1078 1278/1661/874
f 1213/2135/1079 865/2136/1079 871/2137/1079
f 111/2138/1080 127/2139/1080 27/2140/1080
f 1237/1982/1012 1306/2141/1078 1283/1980/1010
f 792/1900/909 671/2142/987 800/2075/1081
f 94/2130/900 98/2132/1077 95/2143/1002
f 866/2144/1082 870/2145/1083 862/2146/1019
f 96/2103/885 90/2055/822 102/2104/1027
f 92/2147/953 142/2148/1084 141/2149/1085
f 1210/2129/1076 1215/2150/1086 1206/1946/993
f 1213/2151/1087 870/2152/1087 865/2153/1087
f 863/2154/1088 871/2155/1089 860/2156/1090
f 852/2157/1024 868/2158/1091 861/2159/1056
f 1213/2136/1092 865/2135/1092 864/2160/1092
f 862/2161/1019 868/2158/1091 852/2157/1024
f 143/2162/950 658/2163/1093 149/2164/1094
f 146/2165/739 670/2166/1095 672/2167/1096
f 870/2145/1083 1213/2168/1097 864/2169/1098
f 783/2170/839 1232/2171/1099 726/2172/1100
f 870/2145/1083 864/2169/1098 868/2173/1091
f 843/2003/940 1205/1478/776 851/2174/1020
f 865/2175/1101 871/2176/1101 864/2177/1101
f 866/2178/1082 862/2117/1019 1216/2179/1102
f 863/2154/1088 858/2102/1067 871/2155/1089
f 654/1956/999 143/1955/950 661/2180/1103
f 100/1741/1047 97/2069/1049 141/2181/1061
f 783/2170/839 825/2182/799 1232/2171/1099
f 143/2162/950 149/2164/1094 664/2183/1104
f 25/2184/1105 27/2185/1105 32/2186/1105
f 825/1483/799 867/2187/1106 1232/2188/1099
f 1297/1618/757 1288/1123/298 1298/2189/1107
f 654/1956/999 661/2180/1103 663/2190/1108
f 1210/2191/1109 1212/2192/1109 1215/2193/1109
f 792/2194/1110 800/2195/1111 799/2196/1112
f 658/2197/1113 661/2198/1113 149/2199/1113
f 868/2200/1091 858/2102/1067 861/2101/1056
f 1285/2201/1051 1299/2202/1050 1300/2203/1038
f 1212/2204/1114 870/2205/1114 1214/2206/1114
f 1296/2207/976 1300/2203/1038 1299/2202/1050
f 871/2155/1089 858/2102/1067 868/2200/1091
f 660/2112/1071 662/2111/1070 668/2208/1115
f 1212/2209/1116 865/2210/1116 870/2211/1116
f 871/2212/1117 868/2213/1117 864/2214/1117
f 141/2093/1061 97/2215/1049 149/2216/1118
f 656/2023/1014 145/2009/1023 662/2217/1070
f 654/2218/1119 660/2219/1119 663/2220/1119
f 799/2221/1120 802/2222/1120 792/2223/1120
f 27/2224/1121 127/2225/1121 35/2226/1121
f 825/1483/799 851/2004/1020 867/2187/1106
f 1214/2227/1122 1215/2228/1122 1212/2229/1122
f 27/2230/1123 35/2231/1124 32/2232/1125
f 143/1955/950 664/2233/1104 661/2180/1103
f 1274/1707/898 1284/2234/1126 1275/1756/918
f 662/2235/1070 145/2236/1023 144/2237/1127
f 101/2238/1064 103/2239/1063 115/2240/1128
f 152/2094/1129 141/2093/1061 149/2216/1118
f 870/2145/1083 868/2173/1091 862/2146/1019
f 800/2241/1130 792/2242/1131 801/2243/1132
f 31/2244/1133 39/2245/1133 111/2246/1133
f 102/2247/1134 115/2248/1134 103/2249/1134
f 1278/1661/874 1306/2134/1078 1264/1667/878
f 800/2075/1053 855/2250/1033 798/1901/972
f 92/2147/953 141/2149/1085 145/2251/1023
f 800/2195/1111 802/2252/1135 799/2196/1112
f 102/2253/1136 104/2254/1136 115/2255/1136
f 1285/2256/1051 1304/2257/1137 1299/2258/1050
f 139/1717/902 105/2259/1075 20/1983/717
f 654/2260/1138 663/2261/1139 664/2262/1140
f 142/2263/1066 101/2264/1064 97/2265/1141
f 111/2266/1142 112/2267/1143 127/2268/1144
f 654/2269/1145 678/2270/1145 682/2271/1145
f 663/2272/1146 660/2273/1071 668/2274/1115
f 663/2272/1146 668/2274/1115 666/2275/1147
f 862/2117/1019 804/2027/1030 1217/2276/1148
f 98/2277/1077 106/2278/983 121/2279/1149
f 114/2076/1054 121/2280/1149 106/1929/983
f 1274/1892/898 1298/2281/1107 1284/2282/1126
f 630/1999/587 146/2283/739 131/2284/1150
f 630/1999/587 131/2284/1150 140/1976/1007
f 800/2285/1081 671/2286/987 802/2287/1151
f 1299/2258/1050 1304/2257/1137 1293/1558/832
f 662/2235/1070 144/2237/1127 147/2288/1152
f 149/2216/1118 661/2289/1153 152/2094/1129
f 726/2290/1100 1009/2291/1154 670/2292/1095
f 75/1643/777 25/1459/790 39/2293/1035
f 862/2117/1019 1217/2276/1148 1216/2179/1102
f 28/2294/910 19/2295/713 107/2296/1155
f 25/1459/790 32/2297/1156 39/2293/1035
f 1264/1667/878 1306/2134/1078 1285/2298/1051
f 804/2027/1030 869/2299/1157 1217/2276/1148
f 101/2264/1064 108/2300/1158 97/2265/1141
f 855/2250/1033 800/2075/1053 823/2301/1159
f 870/2302/1160 866/2303/1160 1216/2304/1160
f 20/1983/717 109/2305/1161 19/2295/713
f 662/2306/1162 147/2307/1162 668/2308/1162
f 654/2309/1138 664/2310/1140 669/2311/1163
f 800/2241/1053 801/2243/1164 823/2312/1159
f 870/2313/1165 1216/2314/1165 1214/2315/1165
f 105/2259/1075 110/2316/1166 20/1983/717
f 152/2317/1167 156/2318/1167 141/2319/1167
f 36/2320/1168 33/2321/1168 118/2322/1168
f 141/2323/1169 156/2324/1169 145/2325/1169
f 101/2238/1064 115/2240/1128 108/2326/1158
f 111/2327/1142 39/2328/1170 112/2329/1143
f 665/2330/1171 678/2331/1172 666/2332/1172
f 661/2333/1173 151/2334/1173 152/2335/1173
f 115/2336/1174 104/2337/1175 113/2338/1176
f 800/2339/1177 802/2340/1177 801/2341/1177
f 799/2196/1178 802/2252/1179 671/2342/1180
f 727/2127/1008 815/2343/1181 671/2344/1182
f 98/2345/1183 113/2346/1183 104/2347/1183
f 654/2309/1138 669/2311/1163 678/2348/1184
f 114/2349/1054 127/2350/1185 121/2351/1149
f 1206/2352/1186 1215/2353/1186 1216/2354/1186
f 1214/2355/1187 1216/2356/1187 1215/2357/1187
f 149/2216/1118 97/2215/1049 148/2358/1188
f 149/2359/1189 148/2360/1189 150/2361/1189
f 661/2362/1190 147/2363/1152 151/2364/1191
f 144/2365/1127 151/2364/1191 147/2363/1152
f 115/2336/1174 113/2338/1176 116/2366/1192
f 98/2277/1077 121/2279/1149 113/2367/1176
f 151/2368/1193 150/2369/1193 152/2370/1194
f 2/1363/250 34/2371/1195 26/1626/863
f 144/2372/1196 153/2373/1196 151/2374/1196
f 663/2375/1197 666/2376/1197 669/2377/1197
f 664/2183/1104 149/2164/1094 154/2378/1198
f 801/2312/1199 823/2243/1199 803/2379/1199
f 151/2368/1193 153/2380/1200 150/2369/1193
f 670/2292/1095 1009/2291/1154 672/2381/1096
f 664/2233/1104 667/2382/1201 661/2180/1103
f 851/2174/1020 1205/1478/776 867/2383/1106
f 97/2384/1049 120/2385/1202 148/2386/1188
f 668/2387/1115 147/2388/1203 666/2389/1147
f 663/2261/1139 669/2390/1204 667/2391/1205
f 661/2180/1206 667/2382/1207 666/2392/1208
f 663/2261/1139 667/2391/1205 664/2262/1140
f 108/2393/1209 115/2394/1209 97/2395/1209
f 115/2396/1210 120/2397/1210 97/2398/1210
f 855/2250/1033 823/2301/1159 804/2399/1030
f 20/1983/717 110/2316/1166 109/2305/1161
f 149/2164/1094 150/2400/1211 155/2401/1212
f 1216/2402/1102 1217/2403/1148 1218/2404/1213
f 19/2295/713 109/2305/1161 107/2296/1155
f 1288/1123/298 1340/2405/1037 1298/2189/1107
f 727/2127/1008 673/2406/1214 674/2407/1215
f 727/2127/1008 674/2407/1215 815/2343/1181
f 661/2408/1216 667/2409/1216 147/2410/1216
f 666/2389/1217 147/2388/1203 667/2411/1218
f 149/2164/1094 155/2401/1212 154/2378/1198
f 115/2412/1219 116/2413/1219 120/2414/1219
f 802/2287/1220 816/2415/1221 801/2416/1222
f 683/2417/1223 675/2418/1224 677/2419/1225
f 683/2417/1223 684/2420/1226 680/2421/1227
f 121/2279/1149 117/2422/1228 113/2367/1176
f 35/2423/1229 127/2424/1229 114/2425/1229
f 666/2332/1172 678/2331/1172 669/2426/1230
f 118/2427/1231 33/2428/1232 126/2429/1233
f 683/2417/1223 680/2421/1227 675/2418/1224
f 669/2430/1234 664/2431/1234 667/2432/1234
f 36/2433/1235 124/2434/1236 33/2435/1232
f 39/2436/1237 32/2437/1237 38/2438/1237
f 105/2259/1075 168/2439/1238 110/2316/1166
f 1216/2402/1102 1218/2404/1213 1206/1981/1011
f 682/2126/1074 673/2406/1214 727/2127/1008
f 726/2172/1100 1232/2171/1099 805/2440/1239
f 1217/2441/1148 1219/2442/1240 1218/2443/1213
f 156/2444/1241 152/2445/1241 150/2446/1241
f 131/2447/1150 146/2165/739 672/2167/1096
f 810/2448/1242 823/2449/1243 806/2450/1244
f 114/2076/1054 26/1626/863 34/2371/1195
f 1221/2451/1245 1219/2452/1240 1227/2453/1246
f 810/2448/1242 812/2454/1247 823/2449/1243
f 1293/1558/832 1304/2257/1137 1340/2042/1037
f 666/2392/1248 667/2382/1249 669/2455/1250
f 1221/2456/1251 1220/2457/1251 1223/2458/1251
f 144/2459/1252 145/2460/1252 156/2461/1252
f 1221/2462/1245 1218/2443/1213 1219/2442/1240
f 1227/2453/1246 1220/2463/1253 1221/2451/1245
f 160/2464/1254 159/2465/1255 167/2466/1254
f 144/2467/1256 157/2468/1257 153/2469/1258
f 36/2470/1259 118/2471/1260 125/2472/1261
f 168/2439/1238 169/2473/1262 110/2316/1166
f 160/2464/1254 167/2466/1254 162/2474/1254
f 823/2301/1159 869/2475/1157 804/2399/1030
f 823/2301/1159 818/2476/1263 1224/2477/1264
f 823/2301/1159 1224/2477/1264 869/2475/1157
f 121/2351/1149 127/2350/1185 129/2478/1265
f 1205/1478/776 1275/2479/918 1222/2480/1266
f 801/2416/1222 816/2415/1221 823/2481/1267
f 677/2482/1225 682/2483/1268 683/2484/1223
f 676/2485/1269 686/2486/1269 679/2487/1269
f 806/2450/1244 811/2488/1270 810/2489/1242
f 1219/2490/1240 1217/2491/1148 1228/2492/1271
f 116/2366/1192 113/2338/1176 119/2493/1272
f 812/2494/1273 810/2495/1273 809/2496/1273
f 686/2497/1274 688/2498/1274 679/2499/1274
f 144/2500/1275 156/2501/1275 157/2502/1275
f 823/2503/1276 812/2504/1276 818/2505/1276
f 116/2506/1277 119/2507/1277 120/2508/1277
f 1220/2509/1278 1229/2510/1278 1223/2511/1278
f 1275/2512/918 1284/2282/1126 1222/2513/1266
f 33/2435/1232 124/2434/1236 37/2514/1279
f 167/2515/1280 159/2516/1280 158/2517/1280
f 807/2518/1281 808/2519/1281 812/2520/1281
f 117/2422/1228 119/2521/1272 113/2367/1176
f 806/2450/1244 823/2449/1243 816/2522/1282
f 1221/2462/1245 1237/2523/1283 1218/2443/1213
f 1221/2524/1284 1223/2525/1284 1237/2526/1284
f 119/2521/1272 117/2422/1228 120/2527/1202
f 154/2378/1198 155/2401/1212 664/2183/1104
f 802/2287/1220 671/2286/1285 816/2415/1221
f 677/2528/1225 675/2529/1224 681/2530/1286
f 121/2531/1287 129/2532/1287 117/2533/1287
f 159/2534/1288 160/2535/1288 164/2536/1288
f 677/2482/1225 674/2537/1289 682/2483/1268
f 812/2538/1290 809/2539/1290 822/2540/1290
f 1285/2256/1051 1301/2541/1291 1304/2257/1137
f 810/2542/1242 811/2543/1270 813/2544/1292
f 118/2471/1260 123/2545/1293 125/2472/1261
f 155/2401/1212 150/2400/1211 161/2546/1294
f 107/2296/1155 122/2547/1295 28/2294/910
f 1229/2548/1296 1236/2549/1296 1223/2550/1296
f 678/2551/1297 669/2552/1298 682/2553/1299
f 682/2126/1074 674/2407/1215 673/2406/1214
f 810/2542/1242 813/2544/1292 809/2554/1300
f 1219/2490/1240 1228/2492/1271 1227/2555/1246
f 806/2450/1244 816/2522/1282 811/2488/1270
f 812/2556/1301 822/2557/1301 807/2558/1301
f 1304/2257/1137 1301/2541/1291 1302/2559/1302
f 812/2560/1303 808/2561/1303 818/2562/1303
f 1303/2563/1304 1308/2564/1305 1304/2565/1137
f 869/2566/1306 1224/2567/1306 1217/2568/1306
f 1229/2569/1307 1220/2570/1307 1233/2571/1307
f 1304/2572/1308 1302/2573/1308 1303/2574/1308
f 677/2528/1225 681/2530/1286 674/2575/1289
f 150/2576/1309 153/2577/1309 161/2578/1309
f 156/2579/1310 163/2580/1311 165/2581/1312
f 1303/2582/1313 1302/2583/1313 1309/2584/1313
f 669/2311/1298 664/2310/1104 687/2585/1314
f 156/2586/1315 150/2587/1315 163/2588/1315
f 117/2589/1228 129/2590/1316 120/2591/1202
f 35/2231/1124 37/2592/1279 32/2232/1125
f 156/2593/1317 165/2594/1317 157/2595/1317
f 38/2596/1318 32/2597/1318 124/2598/1318
f 814/2599/1319 813/2544/1292 811/2543/1270
f 807/2600/1320 817/2601/1320 808/2602/1320
f 809/2603/1321 813/2604/1321 822/2605/1321
f 679/2606/1322 681/2607/1286 676/2608/1323
f 811/2609/1270 816/2610/1282 814/2611/1319
f 1218/2612/1213 1237/2613/1283 1235/2614/1324
f 109/2305/1161 110/2316/1166 169/2473/1262
f 1217/2615/1325 1226/2616/1325 1228/2617/1325
f 1217/2618/1326 1225/2619/1327 1226/2620/1328
f 1227/2621/1246 1228/2622/1271 1230/2623/1329
f 675/2624/1224 680/2625/1227 681/2626/1286
f 112/2267/1143 123/2627/1293 127/2268/1144
f 682/2553/1299 669/2552/1298 687/2628/1314
f 38/2629/1330 124/2630/1330 39/2631/1330
f 1304/2257/1137 1305/2632/1331 1340/2042/1037
f 120/2385/1202 128/2633/1332 148/2386/1188
f 682/2634/1268 688/2635/1333 683/2636/1223
f 1303/2563/1304 1307/2637/1334 1308/2564/1305
f 1233/2638/1335 1236/2639/1335 1229/2640/1335
f 1304/2565/1137 1308/2564/1305 1305/2641/1331
f 124/2642/1336 36/2643/1336 125/2644/1336
f 1285/2256/1051 1306/2645/1078 1301/2541/1291
f 112/2329/1143 125/2646/1261 123/2647/1293
f 683/2636/1223 688/2635/1333 684/2648/1226
f 39/2328/1170 125/2646/1261 112/2329/1143
f 1218/2404/1213 1235/2649/1324 1206/1981/1011
f 1217/2618/1326 1224/2650/1337 1225/2619/1327
f 1206/1981/1011 1235/2649/1324 1237/1982/1012
f 1303/2651/1338 1309/2652/1338 1307/2653/1338
f 160/2654/1339 162/2655/1339 1/2656/1339
f 127/2268/1144 123/2627/1293 126/2657/1340
f 664/2183/1104 155/2401/1212 687/2658/1314
f 1228/2622/1271 1226/2659/1341 1230/2623/1329
f 1231/2660/1342 1226/2661/1342 1225/2662/1342
f 33/2428/1232 37/2663/1279 126/2429/1233
f 167/2664/1343 166/2665/1343 162/2666/1343
f 118/2667/1344 126/2668/1344 123/2669/1344
f 32/2232/1125 37/2592/1279 124/2670/1236
f 159/2671/1345 164/2672/1345 158/2673/1345
f 35/2231/1124 114/2674/1346 37/2592/1279
f 1227/2675/1246 1230/2676/1329 1220/2677/1253
f 823/2678/1347 818/2679/1348 820/2680/1349
f 1301/2541/1291 1321/2681/1350 1302/2559/1302
f 127/2682/1351 126/2683/1351 128/2684/1351
f 127/2685/1352 128/2686/1352 129/2687/1352
f 684/2648/1226 688/2635/1333 685/2688/1353
f 34/2371/1195 130/2689/1354 114/2076/1054
f 1231/2690/1355 1235/2691/1355 1226/2692/1355
f 684/2693/1356 685/2694/1356 680/2695/1356
f 1231/2696/1357 1225/2697/1327 1235/2649/1358
f 807/2698/1359 822/2699/1359 817/2700/1359
f 676/2608/1323 681/2607/1286 685/2701/1360
f 671/2702/1361 815/2703/1361 816/2704/1361
f 129/2705/1316 128/2633/1332 120/2385/1202
f 1232/2706/1099 867/2707/1106 1010/2708/1362
f 1230/2676/1329 1238/2709/1363 1220/2677/1253
f 150/2710/1364 148/2711/1364 163/2712/1364
f 816/2713/1365 823/2678/1347 820/2680/1349
f 39/2714/1366 124/2715/1366 125/2716/1366
f 805/2717/1239 1232/2706/1099 1010/2708/1362
f 114/2076/1054 130/2689/1354 126/2718/1367
f 676/2719/1368 685/2720/1368 686/2721/1368
f 1220/2722/1369 1238/2723/1369 1233/2724/1369
f 808/2725/1370 817/2726/1370 818/2727/1370
f 686/2728/1371 685/2729/1371 688/2730/1371
f 1225/2697/1327 1224/2731/1337 1235/2649/1358
f 682/2732/1372 687/2733/1372 674/2734/1372
f 162/2735/1373 166/2736/1373 1/2737/1373
f 114/2738/1374 126/2739/1374 37/2740/1374
f 815/2343/1181 674/2407/1215 816/2741/1375
f 163/2580/1311 166/2742/1376 165/2581/1312
f 163/2743/1311 148/2744/1377 1/2745/1378
f 1307/2637/1379 1314/2746/1380 1308/2564/1381
f 153/2747/1382 164/2748/1382 161/2749/1382
f 1226/2659/1341 1234/2750/1383 1230/2623/1329
f 165/2751/1384 158/2752/1384 157/2753/1384
f 814/2611/1319 816/2610/1282 819/2754/1385
f 165/2755/1386 166/2756/1386 158/2757/1386
f 682/2758/1387 674/2759/1387 688/2760/1387
f 1305/2761/1331 1308/2762/1305 1309/2763/1388
f 1307/2764/1389 1309/2763/1388 1308/2762/1305
f 818/2765/1390 820/2766/1390 1224/2767/1390
f 1318/2768/1391 1310/2769/1392 1311/2770/1393
f 1302/2771/1302 1305/2761/1331 1309/2763/1388
f 679/2772/1394 688/2773/1394 681/2774/1394
f 1226/2775/1341 1235/2776/1395 1234/2777/1383
f 867/2383/1106 1205/1478/776 1222/2480/1266
f 28/1731/910 122/2778/1295 2/1687/250
f 816/2779/1282 820/2780/1396 819/2781/1385
f 805/2440/1239 1009/2782/1154 726/2172/1100
f 1311/2783/1393 1312/2784/1397 1331/2785/1398
f 680/2625/1227 685/2786/1360 681/2626/1286
f 109/2305/1161 169/2473/1262 107/2296/1155
f 1305/2632/1331 1302/2787/1302 1340/2042/1037
f 1311/2788/1393 1306/2789/1078 1318/2790/1391
f 153/2469/1258 157/2468/1257 158/2791/1399
f 1236/2792/1400 1237/2793/1400 1223/2794/1400
f 1236/2795/1401 1233/2796/1401 1237/2797/1401
f 814/2798/1319 819/2799/1385 813/2800/1292
f 160/2801/1402 1/2802/1402 164/2803/1402
f 1307/2804/1403 1308/2805/1403 1313/2806/1403
f 1311/2783/1393 1331/2785/1398 1321/2807/1350
f 1310/2769/1392 1318/2768/1391 1326/2808/1404
f 163/2743/1311 1/2745/1378 166/2809/1376
f 1314/2746/1380 1313/2810/1405 1308/2564/1381
f 817/2811/1406 822/2812/1406 818/2813/1406
f 1311/2783/1393 1310/2814/1392 1312/2784/1397
f 1238/2815/1407 1237/2816/1407 1233/2817/1407
f 1314/2818/1380 1307/2819/1379 1315/2820/1408
f 818/2821/1409 822/2822/1409 820/2823/1409
f 1301/2541/1291 1306/2645/1078 1321/2681/1350
f 687/2658/1314 155/2401/1212 1/2824/1410
f 161/2825/1294 164/2826/1411 1/2827/1410
f 167/2828/1412 158/2829/1412 166/2830/1412
f 674/2831/1413 681/2832/1413 688/2833/1413
f 1311/2788/1393 1321/2834/1350 1306/2789/1078
f 1318/2835/1391 1316/2836/1414 1326/2837/1404
f 1307/2819/1379 1319/2838/1415 1315/2820/1408
f 161/2546/1294 1/2824/1410 155/2401/1212
f 1314/2839/1416 1315/2840/1416 1313/2841/1416
f 1237/2613/1417 1239/2842/1418 1235/2614/1419
f 1316/2843/1414 1317/2844/1420 1327/2845/1421
f 1316/2846/1422 1318/2847/1422 1317/2848/1422
f 822/2849/1423 821/2850/1423 820/2851/1423
f 813/2800/1292 821/2852/1424 822/2853/1425
f 1318/2854/1426 1306/2855/1426 1322/2856/1426
f 1230/2857/1329 1234/2858/1383 1238/2859/1363
f 1316/2836/1414 1327/2860/1421 1326/2837/1404
f 1237/2861/1427 1238/2862/1427 1239/2863/1427
f 819/2799/1385 821/2852/1424 813/2800/1292
f 672/2864/1096 388/2865/1428 131/2866/1150
f 819/2781/1385 820/2780/1396 821/2867/1424
f 1235/2868/1429 1239/2869/1429 1234/2870/1429
f 1307/2871/1379 1313/2872/1430 1319/2873/1415
f 153/2469/1258 158/2791/1399 164/2874/1431
f 1238/2859/1363 1234/2858/1383 1239/2875/1432
f 672/2381/1096 1009/2291/1154 388/2876/1428
f 1310/2877/1392 1333/2878/1433 1312/2879/1397
f 1317/2880/1434 1318/2881/1434 1322/2882/1434
f 1284/2282/1126 1298/2281/1107 1222/2513/1266
f 816/2741/1375 674/2407/1215 392/2883/1435
f 867/2884/1106 1222/2885/1266 1010/2886/1362
f 687/2658/1314 1/2824/1410 674/2887/1215
f 1315/2820/1408 1319/2838/1415 1324/2888/1436
f 1327/2845/1421 1317/2844/1420 1320/2889/1437
f 1321/2890/1438 1331/2891/1438 1323/2892/1438
f 168/2893/1238 131/2284/1150 169/2894/1262
f 1317/2895/1420 1322/2896/1439 1320/2897/1437
f 148/2898/1440 128/2899/1440 1/2900/1440
f 1321/2901/1350 1323/2902/1441 1302/2787/1302
f 1237/1982/1012 1039/2903/1442 1306/2141/1078
f 1315/2904/1443 1324/2905/1443 1313/2906/1443
f 805/2717/1239 1010/2708/1362 1009/2907/1154
f 126/2908/1444 130/2909/1444 128/2910/1444
f 1322/2896/1439 1325/2911/1445 1320/2897/1437
f 1322/2912/1439 1306/2913/1078 1325/2914/1445
f 1310/2877/1392 1326/2915/1404 1333/2878/1433
f 1235/2649/1358 1039/2903/1442 1237/1982/1012
f 1326/2916/1404 1327/2917/1421 1325/2918/1445
f 816/2919/1446 392/2920/1446 820/2921/1446
f 1324/2922/1447 1329/2923/1447 1313/2924/1447
f 1319/2838/1415 1335/2925/1448 1324/2888/1436
f 1327/2917/1421 1320/2926/1437 1325/2918/1445
f 1328/2927/1449 1329/2928/1449 1313/2929/1449
f 1235/2649/1358 1224/2731/1337 1039/2903/1442
f 820/2930/1450 392/2931/1450 1224/2932/1450
f 1326/2933/1451 1325/2934/1451 1330/2935/1451
f 1331/2936/1398 1312/2937/1397 1323/2938/1452
f 1326/2939/1453 1332/2940/1453 1333/2941/1453
f 1312/2937/1397 1333/2942/1433 1323/2938/1452
f 674/2943/1215 1/2944/1410 392/2945/1435
f 1319/2873/1415 1313/2872/1430 1334/2946/1454
f 1326/2947/1455 1330/2948/1455 1332/2949/1455
f 1306/2913/1078 1336/2950/1456 1325/2914/1445
f 1302/2787/1302 1323/2902/1441 1340/2042/1037
f 1319/2951/1415 1334/2952/1454 1335/2953/1448
f 1313/2954/1457 1329/2955/1457 1337/2956/1457
f 1333/2942/1433 1332/2957/1458 1323/2938/1452
f 131/2866/1150 388/2865/1428 122/2958/1295
f 1009/2959/1154 1010/2960/1362 388/2961/1428
f 1324/2888/1436 1339/2962/1459 1329/2963/1460
f 1335/2925/1448 1339/2962/1459 1324/2888/1436
f 1325/2964/1461 1336/2965/1461 1330/2966/1461
f 1336/2967/1462 1332/2968/1462 1330/2969/1462
f 1313/2970/1430 1337/2971/1463 1334/2972/1454
f 1336/2973/1464 1338/2974/1464 1332/2975/1464
f 1323/2976/1465 1338/2977/1465 1340/2978/1465
f 1323/2938/1452 1332/2957/1458 1338/2979/1466
f 1306/2980/1078 1338/2981/1467 1336/2982/1456
f 1/2944/1410 128/2983/1468 381/2984/1469
f 169/2473/1262 122/2547/1295 107/2296/1155
f 169/2473/1262 131/2985/1150 122/2547/1295
f 1306/2980/1078 1039/2986/1442 1338/2981/1467
f 1329/2987/1460 1342/2988/1470 1337/2989/1471
f 1339/2990/1459 1342/2988/1470 1329/2987/1460
f 1338/2981/1467 1039/2986/1442 1340/2991/1037
f 1339/2962/1459 1335/2925/1448 1341/2992/1472
f 1335/2953/1448 1334/2952/1454 1341/2993/1472
f 34/2371/1195 2/1363/250 130/2689/1354
f 381/2984/1469 128/2983/1468 130/2994/1354
f 1340/2995/1037 1159/2996/1473 1298/2997/1107
f 1334/2972/1454 1337/2971/1463 1167/2998/1474
f 1334/2999/1475 1167/3000/1475 1341/3001/1475
f 1339/2962/1459 1341/2992/1472 1342/3002/1470
f 1350/3003/1476 1337/3004/1471 1345/3005/1477
f 1343/3006/1478 1349/3007/1479 1167/3008/1480
f 1349/3007/1479 1341/3009/1472 1167/3008/1480
f 1039/3010/1442 1184/3011/1481 1340/3012/1037
f 1039/3013/1442 1224/3014/1337 426/3015/1482
f 392/2945/1435 1/2944/1410 381/2984/1469
f 1345/3005/1477 1337/3004/1471 1346/3016/1483
f 1337/3004/1471 1342/3017/1470 1346/3016/1483
f 1349/3018/1484 1343/3019/1484 1344/3020/1484
f 1345/3021/1477 1351/3022/1485 1350/3023/1476
f 1346/3024/1483 1351/3022/1485 1345/3021/1477
f 1347/3025/1486 1167/3026/1486 1337/3027/1486
f 392/3028/1487 426/3015/1482 1224/3014/1337
f 1349/3029/1488 1344/3030/1488 1171/3031/1488
f 1350/3023/1476 1351/3022/1485 1348/3032/1489
f 1349/3033/1479 1171/3034/1490 1341/2992/1472
f 1343/3035/1491 1167/3036/1491 1344/3037/1491
f 1344/3038/1492 1167/3039/1492 1029/3040/1492
f 388/2961/1428 1010/2960/1362 429/3041/1493
f 1350/3042/1494 1348/3043/1494 1337/3044/1494
f 2/3045/250 3/3046/1495 130/2994/1354
f 1342/3002/1470 1166/3047/1496 1346/3048/1483
f 1346/3049/1497 1166/3050/1497 1351/3051/1497
f 1341/2992/1472 1166/3047/1496 1342/3002/1470
f 1344/3052/1498 1029/3053/1498 1171/3054/1498
f 1167/3055/1499 1347/3056/1500 1204/3057/1501
f 1347/3056/1500 1337/3058/1502 1204/3057/1501
f 1341/2992/1472 1171/3034/1490 1166/3047/1496
f 1171/3059/1503 1172/3060/1503 1166/3061/1503
f 1166/3062/1504 1169/3063/1504 1351/3064/1504
f 1348/3065/1505 1352/3066/1505 1337/3067/1505
f 1348/3068/1506 1351/3069/1506 1352/3070/1506
f 1171/3071/1507 1029/3072/1507 1168/3073/1507
f 1167/3074/1499 1204/3075/1501 1168/3076/1508
f 1222/2513/1266 1298/2281/1107 1181/3077/1509
f 1337/3078/1510 1352/3079/1510 1353/3080/1510
f 392/3081/1511 431/3082/1511 426/3083/1511
f 1351/3084/1512 1169/3085/1513 1352/3086/1514
f 1029/3087/1515 1167/3074/1499 1168/3076/1508
f 1166/3088/1516 1170/3089/1516 1169/3090/1516
f 1337/3091/1517 1353/3092/1517 1204/3093/1517
f 392/3094/1518 445/3095/1519 431/3096/1520
f 1171/3097/1521 1168/3098/1521 1172/3099/1521
f 1166/3100/1522 1172/3101/1523 1204/3102/1501
f 1166/3103/1524 1204/3104/1524 1170/3105/1524
f 1170/3106/1525 1353/3107/1526 1169/3085/1513
f 1010/2960/1362 1028/3108/1527 429/3041/1493
f 1204/3102/1501 1172/3101/1523 1168/3109/1508
f 1204/3110/1528 1353/3107/1526 1170/3106/1525
f 1352/3086/1514 1169/3085/1513 1353/3107/1526
f 1039/3013/1442 426/3015/1482 1042/3111/1529
f 1031/3112/1530 1032/3113/1530 1033/3114/1530
f 1184/3115/1531 1039/3116/1531 1030/3117/1531
f 1019/3118/1532 1014/3119/1532 1018/3120/1532
f 427/3121/1533 428/3122/1533 372/3123/1533
f 428/3124/1534 371/3125/1534 372/3126/1534
f 1173/3127/1535 1179/3128/1536 1184/3129/1537
f 1173/3130/1535 1174/3131/1538 1179/3132/1536
f 1031/3133/1539 1039/3134/1539 1032/3135/1539
f 1173/3136/1540 1176/3137/1540 1174/3138/1540
f 1174/3131/1541 1175/3139/1542 1179/3132/1543
f 1032/3140/1544 1041/3141/1544 1016/3142/1544
f 1173/3143/1545 1184/3144/1545 1176/3145/1545
f 1016/3146/1546 1041/3147/1546 1039/3148/1546
f 1179/3128/1536 1177/3149/1547 1184/3129/1537
f 1179/3150/1548 1174/3151/1548 1176/3152/1548
f 1010/3153/1549 1011/3154/1549 1028/3155/1549
f 371/3156/1550 373/3157/1550 372/3158/1550
f 1340/3012/1037 1184/3011/1481 1178/3159/1551
f 1032/3160/1552 1039/3161/1552 1041/3162/1552
f 1179/3163/1553 1176/3164/1553 1177/3165/1553
f 1014/3166/1554 1015/3167/1554 1026/3168/1554
f 1015/3169/1555 1022/3170/1556 1012/3171/1557
f 381/2984/1469 130/2994/1354 396/3172/1558
f 428/3173/1559 374/3174/1559 427/3175/1559
f 1019/3176/1560 426/3177/1561 1014/3178/1562
f 1031/3179/1563 1033/3180/1563 1034/3181/1563
f 1035/3182/1564 1031/3183/1565 1036/3184/1566
f 426/3015/1482 1013/3185/1567 1042/3111/1529
f 1035/3186/1568 1037/3187/1568 1031/3188/1568
f 427/3189/1569 392/3190/1570 428/3191/1571
f 1031/3183/1565 1034/3192/1572 1036/3184/1566
f 1014/3193/1573 1026/3194/1573 1018/3195/1573
f 1039/3196/1574 1020/3197/1574 1016/3198/1574
f 1014/3178/1562 426/3177/1561 1023/3199/1575
f 1015/3200/1576 1012/3201/1576 1026/3202/1576
f 1033/3203/1577 1032/3204/1578 1034/3205/1572
f 388/3206/1428 429/3207/1493 430/3208/1579
f 1035/3209/1564 1036/3210/1566 1037/3211/1580
f 427/3189/1569 374/3212/1581 392/3190/1570
f 1016/3213/1582 1020/3214/1582 1017/3215/1582
f 428/3216/1583 392/3217/1583 378/3218/1583
f 1174/3219/1584 1179/3220/1584 1180/3221/1584
f 1015/3222/1555 1014/3223/1562 1022/3224/1556
f 1039/3013/1442 1042/3111/1529 1045/3225/1585
f 1179/3226/1586 1175/3227/1586 1180/3228/1586
f 428/3229/1587 378/3230/1587 374/3231/1587
f 1018/3232/1588 1021/3233/1588 1019/3234/1588
f 1031/3235/1589 1037/3236/1589 1039/3237/1589
f 1039/3238/1590 1045/3239/1590 1020/3240/1590
f 1016/3241/1591 1017/3242/1591 1047/3243/1591
f 1036/3210/1566 1040/3244/1592 1037/3211/1580
f 1016/3245/1593 1047/3246/1594 1032/3204/1578
f 1175/3247/1542 1174/3248/1541 1180/3249/1595
f 130/2994/1354 7/3250/1596 396/3172/1558
f 445/3251/1597 436/3252/1597 431/3253/1597
f 1032/3204/1578 1047/3246/1594 1034/3205/1572
f 1036/3254/1566 1034/3255/1572 1040/3256/1592
f 1034/3255/1572 1046/3257/1598 1040/3256/1592
f 372/3258/1599 375/3259/1599 373/3260/1599
f 388/3206/1428 430/3208/1579 432/3261/1600
f 1177/3262/1601 1176/3263/1601 1184/3264/1601
f 1014/3223/1562 1023/3265/1575 1022/3224/1556
f 1181/3266/1509 1298/2997/1107 1159/2996/1473
f 1042/3267/1529 1041/3268/1602 1045/3269/1585
f 1184/3270/1603 1177/3271/1603 1182/3272/1603
f 1019/3273/1604 1021/3274/1604 426/3275/1604
f 1034/3276/1572 1038/3277/1605 1046/3278/1598
f 1034/3276/1572 1047/3279/1594 1038/3277/1605
f 1041/3268/1602 1043/3280/1606 1045/3269/1585
f 373/3281/1607 433/3282/1607 375/3283/1607
f 1222/2885/1266 1186/3284/1608 1010/2886/1362
f 1037/3285/1609 1040/3286/1609 1039/3287/1609
f 440/3288/1610 431/3289/1611 436/3290/1612
f 1012/3291/1613 1022/3292/1613 1026/3293/1613
f 1174/3248/1614 1185/3294/1615 1180/3249/1616
f 1181/3266/1509 1159/2996/1473 1129/3295/1617
f 1020/3296/1618 1045/3297/1618 1017/3298/1618
f 1039/3299/1619 1040/3300/1619 1046/3301/1619
f 440/3288/1610 436/3290/1612 434/3302/1620
f 1178/3303/1621 1184/3304/1621 1182/3305/1621
f 1041/3306/1602 1042/3307/1529 1043/3308/1606
f 1178/3159/1551 1183/3309/1622 1340/3012/1037
f 1184/3310/1623 1185/3311/1624 1177/3312/1625
f 1010/2886/1362 1186/3284/1608 1188/3313/1626
f 388/2865/1428 4/3314/1627 122/2958/1295
f 122/2958/1295 5/3315/1628 2/3316/250
f 1039/3317/1629 1049/3318/1629 1043/3319/1629
f 445/3320/1630 435/3321/1630 436/3322/1630
f 1056/3323/1631 1030/3324/1632 1039/3325/1633
f 373/3326/1634 375/3327/1634 378/3328/1634
f 1023/3329/1635 1026/3330/1635 1022/3331/1635
f 1177/3312/1625 1185/3311/1624 1180/3332/1636
f 1039/3333/1637 1046/3334/1637 1049/3335/1637
f 1021/3336/1638 1018/3337/1639 1025/3338/1640
f 1042/3111/1529 1013/3185/1567 1024/3339/1641
f 426/3340/1642 1021/3341/1642 1025/3342/1642
f 375/3343/1643 374/3344/1643 378/3345/1643
f 1018/3337/1639 1026/3346/1644 1025/3338/1640
f 373/3347/1645 378/3348/1645 433/3349/1645
f 1010/2886/1362 1188/3313/1626 1044/3350/1646
f 1026/3351/1644 1023/3352/1575 1025/3353/1640
f 1184/3354/1623 1178/3355/1647 1185/3356/1624
f 445/3095/1519 392/3094/1518 455/3357/1648
f 1181/3266/1509 1129/3295/1617 1222/3358/1266
f 1045/3359/1585 1043/3360/1606 1017/3361/1649
f 1010/2886/1362 1044/3350/1646 1028/3362/1527
f 1039/3325/1633 1043/3308/1606 1056/3323/1631
f 440/3363/1610 434/3364/1620 437/3365/1650
f 392/3094/1518 438/3366/1651 455/3357/1648
f 1177/3367/1652 1180/3368/1652 1182/3369/1652
f 375/3370/1653 433/3371/1654 374/3372/1581
f 1023/3352/1575 426/3373/1561 1025/3353/1640
f 439/3374/1655 430/3208/1579 429/3207/1493
f 1222/3358/1266 1129/3295/1617 1186/3375/1608
f 1038/3376/1656 1049/3377/1656 1046/3378/1656
f 374/3372/1581 433/3371/1654 392/3379/1570
f 1030/3380/1632 1178/3159/1551 1184/3011/1657
f 1017/3361/1649 1043/3360/1606 1047/3381/1658
f 377/3382/1659 376/3383/1660 386/3384/1661
f 1185/3356/1624 1182/3385/1662 1180/3386/1663
f 440/3387/1610 437/3388/1650 431/3389/1611
f 1047/3390/1664 1043/3391/1664 1038/3392/1664
f 1030/3380/1632 1056/3393/1631 1055/3394/1665
f 1178/3355/1647 1182/3385/1662 1185/3356/1624
f 384/3395/1666 381/3396/1667 377/3397/1659
f 436/3398/1612 435/3399/1668 434/3400/1620
f 392/3401/1669 433/3402/1669 378/3403/1669
f 1028/3362/1527 1044/3350/1646 1048/3404/1670
f 1043/3405/1671 1049/3406/1671 1038/3407/1671
f 383/3408/1672 386/3409/1661 382/3410/1673
f 1042/3111/1529 1024/3339/1641 1048/3411/1674
f 1042/3307/1529 1048/3412/1674 1043/3308/1606
f 377/3397/1659 381/3396/1667 379/3413/1675
f 384/3414/1666 380/3415/1676 381/3416/1667
f 429/3041/1493 1028/3108/1527 439/3417/1655
f 1060/3418/1677 1058/3419/1678 1050/3420/1679
f 438/3366/1651 441/3421/1680 442/3422/1681
f 431/3389/1611 437/3388/1650 443/3423/1682
f 384/3424/1666 383/3425/1672 382/3426/1673
f 1056/3323/1631 1043/3308/1606 1060/3427/1677
f 1043/3308/1606 1051/3428/1683 1060/3427/1677
f 1057/3429/1684 1062/3430/1685 1079/3431/1686
f 439/3374/1655 1028/3432/1527 444/3433/1687
f 455/3357/1648 438/3366/1651 442/3422/1681
f 449/3434/1688 445/3435/1519 455/3436/1648
f 1013/3185/1567 471/3437/1689 1024/3339/1641
f 449/3438/1688 451/3439/1690 435/3440/1668
f 449/3438/1688 435/3440/1668 445/3441/1519
f 431/3442/1611 446/3443/1691 426/3444/1482
f 431/3442/1611 443/3445/1682 446/3443/1691
f 377/3382/1659 379/3446/1675 376/3383/1660
f 1058/3419/1678 1079/3447/1686 1050/3420/1679
f 437/3365/1650 434/3364/1620 451/3448/1690
f 1054/3449/1692 1050/3450/1679 1052/3451/1693
f 386/3409/1661 376/3452/1660 382/3410/1673
f 384/3453/1666 382/3454/1673 380/3455/1676
f 1057/3429/1684 1061/3456/1694 1062/3430/1685
f 434/3400/1620 435/3399/1668 451/3457/1690
f 1052/3451/1693 1050/3450/1679 1079/3458/1686
f 1060/3418/1677 1050/3420/1679 1056/3459/1631
f 1079/3431/1686 1058/3460/1678 1057/3429/1684
f 1056/3461/1631 1050/3450/1679 1054/3449/1695
f 384/3462/1696 390/3463/1696 383/3464/1696
f 122/2958/1295 283/3465/1697 5/3315/1628
f 437/3365/1650 451/3448/1690 459/3466/1698
f 1186/3375/1608 1187/3467/1699 1188/3468/1626
f 388/3206/1428 447/3469/1700 448/3470/1701
f 396/3172/1558 7/3250/1596 305/3471/1702
f 1055/3394/1665 1189/3472/1703 1030/3380/1632
f 1079/3431/1686 1062/3430/1685 1052/3473/1693
f 377/3474/1704 400/3475/1704 384/3476/1704
f 377/3477/1705 386/3478/1705 385/3479/1705
f 1057/3480/1684 1053/3481/1706 1061/3482/1694
f 449/3434/1688 455/3436/1648 450/3483/1707
f 1129/3295/1617 1190/3484/1708 1186/3375/1608
f 1054/3485/1709 1062/3430/1709 1080/3430/1709
f 432/3261/1600 447/3469/1700 388/3206/1428
f 1178/3159/1551 1030/3380/1632 1183/3309/1622
f 1054/3486/1695 1080/3487/1710 1055/3488/1665
f 1013/3185/1567 426/3015/1482 457/3489/1711
f 432/3261/1600 430/3208/1579 447/3469/1700
f 438/3490/1712 392/3491/1712 441/3492/1712
f 471/3437/1689 1013/3185/1567 457/3489/1711
f 1056/3493/1631 1054/3486/1695 1055/3488/1665
f 122/2958/1295 402/3494/1713 283/3465/1697
f 1057/3495/1684 1058/3496/1678 1053/3497/1706
f 1080/3498/1710 1191/3499/1714 1055/3500/1665
f 1059/3501/1715 1058/3496/1678 1060/3502/1677
f 449/3503/1716 450/3504/1716 451/3505/1716
f 386/3506/1717 383/3507/1717 387/3508/1717
f 402/3494/1713 122/2958/1295 401/3509/1718
f 1192/3510/1719 1193/3511/1720 1080/3498/1710
f 1052/3473/1693 1062/3430/1685 1080/3430/1721
f 1048/3512/1670 1027/3513/1722 1028/3514/1527
f 426/3015/1482 446/3515/1691 457/3489/1711
f 1080/3498/1710 1193/3511/1720 1191/3499/1714
f 1058/3496/1678 1059/3501/1715 1053/3497/1706
f 1043/3308/1606 1048/3412/1674 1051/3428/1683
f 383/3516/1723 390/3517/1723 387/3518/1723
f 437/3519/1724 459/3520/1724 443/3521/1724
f 1061/3522/1725 1084/3523/1725 1062/3524/1725
f 430/3208/1579 439/3374/1655 452/3525/1726
f 122/2958/1295 4/3314/1627 398/3526/1727
f 1129/3527/1617 1159/3528/1473 1190/3529/1708
f 1062/3530/1728 1084/3531/1728 1192/3532/1728
f 1061/3482/1694 1053/3481/1706 1084/3533/1729
f 122/2958/1295 398/3526/1727 401/3509/1718
f 1193/3534/1720 1192/3535/1719 1199/3536/1730
f 1055/3500/1665 1191/3499/1714 1189/3537/1703
f 430/3208/1579 452/3525/1726 447/3469/1700
f 377/3538/1731 385/3539/1731 400/3540/1731
f 442/3422/1681 453/3541/1732 455/3357/1648
f 450/3542/1707 463/3543/1733 451/3448/1690
f 4/3544/1627 388/3545/1428 389/3546/1734
f 1030/3380/1632 1196/3547/1735 1183/3309/1622
f 1192/3548/1736 1084/3549/1736 1194/3550/1736
f 1028/3432/1527 454/3551/1737 444/3433/1687
f 1030/3380/1632 1189/3472/1703 1196/3547/1735
f 1053/3497/1706 1059/3501/1715 1065/3552/1738
f 1044/3350/1646 1188/3313/1626 1063/3553/1739
f 455/3554/1648 453/3555/1732 450/3556/1707
f 1199/3557/1740 1192/3558/1740 1194/3559/1740
f 1048/3404/1670 1044/3350/1646 1064/3560/1741
f 1191/3561/1714 1193/3534/1720 1195/3562/1742
f 396/3563/1558 407/3564/1743 381/3565/1469
f 384/3566/1744 400/3567/1744 390/3568/1744
f 1028/3514/1527 1027/3513/1722 454/3569/1737
f 386/3570/1745 387/3571/1745 385/3572/1745
f 443/3573/1682 461/3574/1746 446/3575/1691
f 1082/3576/1747 1086/3577/1747 1083/3578/1747
f 381/3396/1667 394/3579/1748 379/3413/1675
f 1193/3534/1720 1199/3536/1730 1195/3562/1742
f 1048/3512/1670 473/3580/1749 1027/3513/1722
f 448/3470/1701 447/3469/1700 452/3525/1726
f 1053/3481/1706 1065/3581/1738 1084/3533/1729
f 1066/3582/1750 1082/3583/1750 1067/3584/1750
f 1059/3501/1715 1060/3502/1677 1068/3585/1751
f 379/3446/1675 391/3586/1752 376/3383/1660
f 1024/3587/1641 471/3588/1689 1071/3589/1753
f 1060/3427/1677 1051/3428/1683 1069/3590/1754
f 451/3448/1690 456/3591/1755 459/3466/1698
f 1066/3592/1756 1084/3593/1756 1067/3594/1756
f 446/3595/1757 462/3596/1757 457/3597/1757
f 441/3598/1680 392/3599/1435 393/3600/1758
f 381/3601/1469 394/3602/1759 395/3603/1760
f 1063/3553/1739 1070/3604/1761 1044/3350/1646
f 443/3573/1682 458/3605/1762 461/3574/1746
f 1065/3552/1738 1059/3501/1715 1068/3585/1751
f 450/3556/1707 453/3555/1732 463/3606/1733
f 1189/3607/1703 1191/3561/1714 1196/3608/1735
f 1183/3309/1622 1196/3547/1735 1197/3609/1763
f 451/3448/1690 463/3543/1733 456/3591/1755
f 396/3610/1764 408/3611/1764 407/3612/1764
f 1191/3561/1714 1198/3613/1765 1196/3608/1735
f 130/2994/1354 3/3046/1495 6/3614/1766
f 130/2994/1354 6/3614/1766 9/3615/1767
f 1060/3502/1677 1069/3616/1754 1068/3585/1751
f 459/3617/1698 458/3605/1762 443/3573/1682
f 1024/3587/1641 1071/3589/1753 1048/3412/1674
f 1191/3561/1714 1195/3562/1742 1198/3613/1765
f 439/3374/1655 444/3433/1687 460/3618/1768
f 4/3544/1627 397/3619/1769 398/3620/1727
f 1082/3621/1770 1083/3622/1770 1067/3623/1770
f 376/3452/1660 404/3624/1771 382/3410/1673
f 1064/3560/1741 1044/3350/1646 1099/3625/1772
f 380/3415/1676 394/3626/1773 381/3416/1667
f 4/3544/1627 389/3546/1734 397/3619/1769
f 446/3627/1691 461/3628/1746 462/3629/1774
f 1186/3375/1608 1130/3630/1775 1187/3467/1699
f 388/3545/1428 448/3631/1701 389/3546/1734
f 442/3422/1681 403/3632/1776 453/3541/1732
f 1199/3633/1730 1194/3634/1777 1200/3635/1778
f 376/3452/1660 399/3636/1779 404/3624/1771
f 452/3525/1726 439/3374/1655 460/3618/1768
f 382/3454/1673 404/3637/1771 380/3455/1676
f 7/3638/1596 291/3639/1780 287/3640/1781
f 408/3641/1782 410/3642/1782 407/3643/1782
f 1130/3630/1775 1186/3375/1608 1190/3484/1708
f 1200/3635/1778 1195/3644/1742 1199/3633/1730
f 1065/3581/1738 1081/3645/1783 1084/3533/1729
f 130/2994/1354 9/3615/1767 7/3250/1596
f 305/3646/1702 282/3647/1784 396/3648/1558
f 287/3649/1781 291/3650/1780 285/3651/1785
f 463/3652/1733 453/3653/1732 465/3654/1786
f 396/3648/1558 282/3647/1784 281/3655/1787
f 387/3656/1788 400/3657/1789 385/3658/1790
f 380/3415/1676 404/3659/1771 394/3626/1773
f 458/3660/1762 459/3661/1698 456/3591/1755
f 1084/3662/1729 1081/3663/1783 1085/3664/1791
f 400/3657/1789 387/3656/1788 390/3665/1792
f 444/3433/1687 454/3551/1737 460/3618/1768
f 1068/3585/1751 1081/3666/1783 1065/3552/1738
f 381/3601/1469 395/3603/1760 393/3600/1758
f 381/3601/1469 393/3600/1758 392/3599/1435
f 1067/3667/1793 1083/3668/1793 1086/3669/1793
f 1067/3670/1794 1086/3671/1794 1082/3672/1794
f 463/3543/1733 465/3673/1786 464/3674/1795
f 463/3543/1733 464/3674/1795 456/3591/1755
f 1340/3012/1037 1183/3309/1622 1201/3675/1796
f 376/3676/1797 391/3677/1797 420/3678/1797
f 1194/3679/1798 1084/3662/1729 1085/3664/1791
f 457/3489/1711 462/3680/1774 471/3437/1689
f 401/3681/1718 398/3620/1727 402/3682/1713
f 285/3683/1799 290/3684/1800 305/3685/1702
f 394/3686/1801 381/3687/1801 414/3688/1801
f 1044/3350/1646 1070/3604/1761 1099/3625/1772
f 1064/3560/1741 1071/3689/1802 1048/3404/1670
f 1051/3428/1683 1072/3690/1803 1069/3590/1754
f 441/3598/1680 393/3600/1758 403/3691/1776
f 1069/3616/1754 1072/3692/1803 1068/3585/1751
f 441/3421/1680 403/3632/1776 442/3422/1681
f 1068/3585/1751 1073/3693/1804 1081/3666/1783
f 1194/3694/1805 1085/3695/1805 1200/3696/1805
f 285/3651/1785 291/3650/1780 8/3697/1806
f 404/3698/1807 395/3699/1807 394/3700/1807
f 408/3701/1808 396/3702/1558 281/3703/1787
f 285/3704/1809 305/3705/1809 286/3706/1809
f 7/3638/1596 9/3707/1767 291/3639/1780
f 1048/3404/1670 1071/3689/1802 473/3708/1749
f 285/3709/1810 8/3710/1810 290/3711/1810
f 1195/3562/1742 1202/3712/1811 1198/3613/1765
f 397/3619/1769 389/3546/1734 405/3713/1812
f 453/3653/1732 403/3714/1776 465/3654/1786
f 7/3250/1596 292/3715/1813 305/3471/1702
f 1051/3428/1683 1048/3412/1674 1072/3716/1803
f 395/3717/1814 404/3718/1814 413/3719/1814
f 395/3603/1760 413/3720/1815 393/3600/1758
f 376/3452/1660 420/3721/1816 399/3636/1779
f 407/3564/1743 414/3722/1817 381/3565/1469
f 1068/3585/1751 1072/3692/1803 1091/3723/1818
f 1063/3724/1739 1087/3725/1819 1070/3726/1761
f 1196/3608/1735 1198/3613/1765 1088/3727/1820
f 1195/3728/1821 1200/3729/1821 1202/3730/1821
f 389/3546/1734 406/3731/1822 405/3713/1812
f 1183/3309/1622 1197/3609/1763 1165/3732/1823
f 410/3733/1824 414/3734/1824 407/3735/1824
f 465/3736/1825 403/3737/1825 469/3738/1825
f 410/3739/1826 408/3740/1808 309/3741/1827
f 1068/3585/1751 1091/3723/1818 1073/3693/1804
f 454/3551/1737 1027/3742/1722 460/3618/1768
f 1159/3528/1473 1130/3743/1775 1190/3529/1708
f 1196/3547/1735 1203/3744/1828 1197/3609/1763
f 1188/3745/1626 1087/3725/1819 1063/3724/1739
f 1188/3745/1626 1132/3746/1829 1087/3725/1819
f 2/3316/250 5/3315/1628 218/3747/1830
f 2/3316/250 218/3747/1830 15/3748/1831
f 379/3749/1675 394/3750/1748 414/3751/1832
f 409/3752/1833 411/3753/1833 418/3754/1833
f 305/3685/1702 290/3684/1800 282/3755/1784
f 462/3629/1774 461/3628/1746 466/3756/1834
f 458/3660/1762 456/3591/1755 467/3757/1835
f 410/3758/1836 391/3759/1836 414/3760/1836
f 448/3631/1701 491/3761/1837 389/3546/1734
f 409/3762/1838 419/3763/1839 411/3764/1840
f 461/3765/1746 458/3660/1762 467/3757/1835
f 399/3636/1779 420/3721/1816 404/3624/1771
f 404/3766/1771 412/3767/1841 413/3768/1842
f 1196/3769/1735 1088/3770/1820 1203/3771/1828
f 398/3620/1727 397/3619/1769 402/3682/1713
f 1130/3743/1775 1131/3772/1843 1187/3773/1699
f 379/3446/1675 414/3774/1832 391/3586/1752
f 409/3775/1844 418/3776/1844 419/3777/1844
f 1081/3663/1783 1076/3778/1845 1085/3664/1791
f 408/3701/1808 281/3703/1787 416/3779/1846
f 285/3780/1847 293/3781/1847 287/3782/1847
f 410/3783/1848 309/3784/1848 391/3785/1848
f 1099/3625/1772 1070/3604/1761 1074/3786/1849
f 1198/3787/1765 1202/3788/1811 1095/3789/1850
f 1183/3309/1622 1165/3732/1823 1201/3675/1796
f 394/3750/1851 415/3790/1851 414/3751/1851
f 283/3791/1697 402/3792/1713 284/3793/1852
f 1188/3468/1626 1187/3467/1699 1132/3794/1829
f 1198/3787/1765 1095/3789/1850 1133/3795/1853
f 448/3631/1701 479/3796/1854 491/3761/1837
f 408/3740/1808 416/3797/1846 309/3741/1827
f 456/3591/1755 481/3798/1855 467/3757/1835
f 1073/3693/1804 1075/3799/1856 1081/3666/1783
f 1200/3800/1857 1085/3664/1791 1089/3801/1858
f 461/3765/1746 467/3757/1835 466/3802/1834
f 452/3525/1726 460/3618/1768 468/3803/1859
f 1085/3664/1791 1076/3778/1845 1090/3804/1860
f 417/3805/1861 412/3806/1862 413/3720/1863
f 1070/3726/1761 1087/3725/1819 1074/3807/1849
f 411/3764/1864 419/3763/1865 424/3808/1866
f 465/3673/1786 469/3809/1867 464/3674/1795
f 1200/3800/1857 1092/3810/1868 1202/3811/1869
f 402/3792/1713 326/3812/1870 284/3793/1852
f 1085/3664/1791 1090/3804/1860 1089/3801/1858
f 1200/3800/1857 1089/3801/1858 1092/3810/1868
f 397/3813/1769 306/3814/1871 402/3815/1713
f 1027/3742/1722 490/3816/1872 460/3618/1768
f 456/3591/1755 464/3674/1795 481/3798/1855
f 1159/3817/1473 1340/3012/1037 1201/3675/1796
f 452/3525/1726 468/3803/1859 448/3470/1701
f 418/3818/1873 411/3819/1874 419/3820/1875
f 462/3629/1774 466/3756/1834 470/3821/1876
f 1048/3412/1674 1071/3589/1753 1072/3716/1803
f 462/3822/1774 470/3823/1876 471/3824/1689
f 3/3046/1495 10/3825/1877 6/3614/1766
f 1203/3744/1828 1165/3732/1823 1197/3609/1763
f 411/3764/1864 424/3808/1866 309/3826/1878
f 1064/3560/1741 1099/3625/1772 1071/3689/1802
f 1027/3742/1722 472/3827/1879 490/3816/1872
f 1198/3787/1765 1133/3795/1853 1088/3770/1820
f 287/3828/1880 292/3829/1880 7/3830/1880
f 404/3624/1771 420/3721/1816 421/3831/1881
f 389/3546/1734 491/3761/1837 406/3731/1822
f 1027/3742/1722 473/3832/1749 472/3827/1879
f 1081/3833/1882 1075/3834/1882 1076/3835/1882
f 1071/3589/1753 471/3588/1689 1077/3836/1883
f 473/3708/1749 1071/3689/1802 1078/3837/1884
f 469/3838/1885 403/3839/1776 474/3840/1886
f 285/3841/1887 286/3842/1887 293/3843/1887
f 1073/3693/1804 1091/3723/1818 1075/3799/1856
f 1072/3844/1803 1108/3845/1888 1091/3846/1818
f 9/3615/1767 6/3614/1766 11/3847/1889
f 469/3809/1867 484/3848/1890 464/3674/1795
f 287/3849/1891 293/3850/1891 292/3851/1891
f 309/3826/1878 424/3808/1866 420/3852/1892
f 1187/3773/1699 1131/3772/1843 1132/3853/1829
f 1076/3778/1845 1075/3854/1856 1096/3855/1893
f 471/3824/1689 470/3823/1876 496/3856/1894
f 1202/3857/1895 1092/3858/1895 1095/3859/1895
f 420/3860/1896 391/3861/1896 309/3862/1896
f 469/3838/1885 474/3840/1886 475/3863/1897
f 1076/3778/1845 1093/3864/1898 1090/3804/1860
f 466/3865/1899 476/3866/1899 470/3867/1899
f 469/3868/1900 475/3869/1900 484/3870/1900
f 404/3766/1771 421/3871/1881 412/3767/1841
f 1072/3716/1803 1071/3589/1753 1121/3872/1901
f 424/3873/1902 422/3874/1902 420/3875/1902
f 1072/3876/1803 1121/3877/1901 1108/3878/1888
f 8/3879/1903 291/3880/1903 290/3881/1903
f 1076/3778/1845 1096/3855/1893 1093/3864/1898
f 1088/3770/1820 1133/3795/1853 1203/3771/1828
f 416/3882/1904 307/3883/1904 309/3884/1904
f 1100/3885/1905 1133/3795/1853 1095/3789/1850
f 1165/3886/1906 1203/3887/1906 1135/3888/1906
f 467/3757/1835 476/3889/1907 466/3802/1834
f 405/3713/1812 406/3731/1822 491/3761/1837
f 393/3600/1758 413/3720/1815 423/3890/1908
f 1091/3846/1818 1094/3891/1909 1075/3892/1856
f 1071/3589/1753 1077/3836/1883 1121/3872/1901
f 1203/3893/1828 1133/3894/1853 1135/3895/1910
f 422/3896/1911 421/3831/1881 420/3721/1816
f 9/3897/1767 11/3898/1889 288/3899/1912
f 416/3900/1846 281/3901/1787 310/3902/1913
f 471/3903/1914 496/3904/1914 1077/3905/1914
f 416/3900/1846 310/3902/1913 307/3906/1915
f 1090/3804/1860 1093/3864/1898 1089/3801/1858
f 474/3907/1916 477/3908/1916 475/3909/1916
f 1138/3910/1917 1100/3885/1905 1095/3789/1850
f 1095/3911/1918 1092/3912/1918 1138/3913/1918
f 412/3767/1841 421/3871/1881 423/3914/1908
f 1091/3846/1818 1108/3845/1888 1094/3891/1909
f 484/3848/1890 481/3798/1855 464/3674/1795
f 424/3915/1919 419/3916/1919 422/3917/1919
f 1133/3894/1853 1100/3918/1905 1135/3895/1910
f 1094/3891/1909 1096/3919/1893 1075/3892/1856
f 460/3618/1768 487/3920/1920 468/3803/1859
f 281/3655/1787 282/3647/1784 296/3921/1921
f 11/3922/1889 6/3923/1766 215/3924/1922
f 402/3792/1713 306/3925/1871 317/3926/1923
f 291/3927/1780 9/3928/1767 289/3929/1924
f 411/3819/1864 311/3930/1925 419/3820/1926
f 413/3720/1815 412/3806/1841 423/3890/1908
f 405/3713/1812 491/3761/1837 397/3619/1769
f 1074/3807/1849 1087/3725/1819 1143/3931/1927
f 1130/3743/1775 1134/3932/1928 1131/3772/1843
f 411/3819/1864 309/3933/1878 311/3930/1925
f 481/3798/1855 478/3934/1929 467/3757/1835
f 290/3935/1800 291/3936/1780 297/3937/1930
f 1138/3938/1931 1092/3810/1868 1097/3939/1932
f 467/3940/1835 486/3941/1933 470/3942/1876
f 281/3901/1787 296/3943/1921 310/3902/1913
f 1099/3625/1772 1078/3837/1884 1071/3689/1802
f 215/3924/1922 6/3923/1766 13/3944/1934
f 1092/3810/1868 1098/3945/1935 1097/3939/1932
f 467/3940/1835 470/3942/1876 476/3946/1907
f 1074/3807/1849 1143/3931/1927 1099/3947/1772
f 1089/3801/1858 1098/3945/1935 1092/3810/1868
f 1132/3746/1829 1136/3948/1936 1087/3725/1819
f 305/3949/1937 292/3950/1937 286/3951/1937
f 419/3952/1938 311/3953/1938 422/3954/1938
f 5/3315/1628 217/3955/1939 218/3747/1830
f 467/3757/1835 478/3934/1929 485/3956/1940
f 448/3957/1941 468/3958/1941 479/3959/1941
f 421/3960/1942 422/3961/1942 423/3962/1942
f 1165/3963/1823 1135/3964/1910 1139/3965/1943
f 11/3898/1889 295/3966/1944 288/3899/1912
f 307/3967/1915 308/3968/1945 309/3969/1878
f 1094/3891/1909 1103/3970/1946 1096/3919/1893
f 282/3647/1784 300/3971/1947 296/3921/1921
f 491/3761/1837 344/3972/1948 397/3619/1769
f 317/3926/1923 326/3812/1870 402/3792/1713
f 1100/3973/1949 1138/3974/1949 1101/3975/1949
f 1100/3976/1905 1101/3977/1950 1135/3978/1910
f 481/3979/1951 484/3980/1951 482/3981/1951
f 215/3982/1922 298/3983/1952 11/3984/1889
f 475/3985/1953 477/3986/1953 480/3987/1953
f 475/3988/1954 480/3989/1954 484/3990/1954
f 1097/3939/1932 1098/3945/1935 1102/3991/1955
f 1096/3855/1893 1103/3992/1946 1093/3864/1898
f 1089/3801/1858 1093/3864/1898 1098/3945/1935
f 481/3993/1956 482/3994/1956 478/3995/1956
f 3/3046/1495 2/3045/250 12/3996/1957
f 1136/3997/1936 1132/3853/1829 1137/3998/1958
f 292/3999/1959 293/4000/1959 286/4001/1959
f 11/3984/1889 298/3983/1952 295/4002/1944
f 1093/3864/1898 1103/4003/1946 1107/4004/1960
f 1138/4005/1931 1097/3939/1932 1102/3991/1955
f 468/3803/1859 487/3920/1920 479/4006/1961
f 283/3465/1697 217/3955/1939 5/3315/1628
f 397/3813/1769 343/4007/1962 306/3814/1871
f 307/3967/1915 310/4008/1913 308/3968/1945
f 483/4009/1963 482/4010/1963 484/4011/1963
f 1094/3891/1909 1111/4012/1964 1103/3970/1946
f 1102/4013/1955 1098/3945/1935 1104/4014/1965
f 1132/3853/1829 1131/3772/1843 1137/3998/1958
f 477/4015/1966 474/4016/1966 480/4017/1966
f 467/4018/1835 485/4019/1940 486/4020/1933
f 1108/3878/1888 1121/3877/1901 1128/4021/1967
f 397/3813/1769 344/4022/1948 343/4007/1962
f 460/3618/1768 490/3816/1872 495/4023/1968
f 215/4024/1969 13/4025/1969 216/4026/1969
f 472/3827/1879 473/3832/1749 490/3816/1872
f 1101/3977/1950 1139/4027/1943 1135/3978/1910
f 6/4028/1970 10/4029/1970 13/4030/1970
f 1087/3725/1819 1136/3948/1936 1143/3931/1927
f 1098/3945/1935 1093/3864/1898 1105/4031/1971
f 422/4032/1972 311/4033/1925 315/4034/1973
f 215/4035/1974 216/4036/1974 298/4037/1974
f 423/4038/1975 422/4039/1975 315/4040/1975
f 1099/3947/1772 1143/3931/1927 1078/4041/1884
f 282/3755/1784 290/3684/1800 294/4042/1976
f 484/4043/1977 480/4044/1977 483/4045/1977
f 283/3791/1697 284/3793/1852 217/4046/1939
f 1093/3864/1898 1107/4004/1960 1105/4031/1971
f 1101/3977/1950 1138/4047/1931 1140/4048/1978
f 480/4049/1979 474/4050/1979 483/4051/1979
f 9/3928/1767 295/4052/1980 289/3929/1924
f 310/4053/1981 296/4054/1981 308/4055/1981
f 9/4056/1982 288/4057/1982 295/4058/1982
f 1138/4059/1931 1106/4060/1983 1140/4061/1978
f 1094/3891/1909 1108/3845/1888 1111/4012/1964
f 487/3920/1920 460/3618/1768 495/4023/1968
f 1102/4013/1955 1106/4062/1983 1138/4063/1931
f 282/3755/1784 294/4042/1976 300/4064/1947
f 1105/4031/1971 1107/4004/1960 1119/4065/1984
f 290/3684/1800 297/4066/1930 294/4042/1976
f 1103/4067/1985 1111/4068/1985 1107/4069/1985
f 309/3969/1878 313/4070/1986 311/4033/1925
f 309/3969/1878 308/3968/1945 313/4070/1986
f 306/3814/1871 343/4007/1962 317/4071/1923
f 423/3890/1908 425/4072/1987 393/3600/1758
f 311/4033/1925 313/4070/1986 315/4034/1973
f 10/4073/1988 216/4074/1988 13/4075/1988
f 483/4076/1989 474/4077/1989 482/4078/1989
f 1101/3977/1950 1140/4048/1978 1139/4027/1943
f 423/4079/1908 312/4080/1990 425/4081/1987
f 423/4079/1908 316/4082/1991 312/4080/1990
f 1165/3963/1823 1139/3965/1943 1201/4083/1796
f 313/4084/1986 318/4085/1992 314/4086/1993
f 1108/4087/1888 1109/4088/1994 1111/4089/1964
f 313/4084/1986 308/4090/1945 318/4085/1992
f 1139/4091/1943 1140/4092/1978 1141/4093/1995
f 216/4094/1996 289/4095/1924 298/4096/1997
f 479/4097/1998 487/4098/1998 495/4099/1998
f 218/3747/1830 217/3955/1939 232/4100/1999
f 10/4101/1877 3/4102/1495 216/4103/1996
f 1109/4088/1994 1108/4087/1888 1110/4104/2000
f 478/4105/1929 488/4106/2001 485/4107/1940
f 170/4108/2002 171/4109/2003 173/4110/2004
f 1111/4111/1964 1114/4112/2005 1107/4004/1960
f 1102/4013/1955 1104/4014/1965 1106/4062/1983
f 393/3600/1758 350/4113/2006 403/3691/1776
f 1098/3945/1935 1105/4031/1971 1104/4014/1965
f 318/4114/2007 308/4115/2007 296/4116/2007
f 1112/4117/2008 1113/4118/2008 1117/4119/2008
f 298/4120/2009 289/4121/2009 295/4122/2009
f 486/4020/1933 485/4019/1940 488/4123/2001
f 1111/4089/1964 1109/4088/1994 1114/4124/2005
f 216/4103/1996 3/4102/1495 220/4125/2010
f 423/4126/2011 315/4127/2011 316/4128/2011
f 313/4070/1986 316/4129/2012 315/4034/1973
f 1107/4004/1960 1114/4112/2005 1119/4065/1984
f 1137/3998/1958 1142/4130/2013 1136/3997/1936
f 172/4131/2014 178/4132/2014 179/4133/2014
f 1136/3997/1936 1142/4130/2013 1143/4134/1927
f 470/3823/1876 486/4135/1933 496/3856/1894
f 314/4086/1993 316/4136/2012 313/4084/1986
f 478/4105/1929 482/4137/2015 488/4106/2001
f 1143/3931/1927 1149/4138/2016 1078/4041/1884
f 317/4139/2017 343/4140/2017 326/4141/2017
f 1105/4031/1971 1116/4142/2018 1104/4014/1965
f 296/3921/1921 300/3971/1947 318/4143/1992
f 1139/3965/1943 1144/4144/2019 1201/4083/1796
f 1109/4088/1994 1110/4104/2000 1113/4145/2020
f 1105/4031/1971 1119/4065/1984 1116/4142/2018
f 486/4135/1933 488/4146/2001 496/3856/1894
f 3/4147/2021 221/4148/2021 220/4149/2021
f 318/4150/1992 319/4151/2022 314/4152/1993
f 1159/3528/1473 1134/3932/1928 1130/3743/1775
f 1139/4091/1943 1141/4093/1995 1144/4153/2019
f 1131/3772/1843 1134/3932/1928 1145/4154/2023
f 1131/3772/1843 1145/4154/2023 1137/3998/1958
f 12/4155/2024 221/4156/2024 3/4157/2024
f 1117/4158/2025 1114/4159/2025 1119/4160/2025
f 1119/4161/1984 1115/4162/2026 1116/4163/2018
f 1117/4164/2027 1113/4165/2027 1109/4166/2027
f 1140/4092/1978 1146/4167/2028 1141/4093/1995
f 1140/4061/1978 1106/4060/1983 1146/4168/2028
f 217/4169/1939 284/4170/1852 280/4171/2029
f 1121/3877/1901 1124/4172/2030 1128/4021/1967
f 1104/4014/1965 1118/4173/2031 1106/4062/1983
f 300/3971/1947 320/4174/2032 318/4143/1992
f 1114/4175/2033 1113/4176/2033 1119/4177/2033
f 318/4150/1992 320/4178/2032 319/4151/2022
f 1113/4179/2020 1115/4162/2026 1119/4161/1984
f 1104/4014/1965 1116/4142/2018 1118/4173/2031
f 1114/4124/2005 1109/4088/1994 1113/4145/2034
f 343/4180/1962 344/4181/1948 356/4182/2035
f 314/4152/1993 345/4183/2036 316/4184/2012
f 1108/3878/1888 1128/4021/1967 1110/4185/2000
f 316/4186/2037 312/4187/2037 345/4188/2037
f 1152/4189/2038 1150/4190/2039 1120/4191/2040
f 1152/4192/2038 1120/4193/2040 1113/4179/2020
f 312/4194/1990 345/4195/2041 321/4196/2042
f 289/3929/1924 222/4197/2043 291/3927/1780
f 482/4198/2044 474/4199/2044 488/4200/2044
f 1147/4201/2045 1141/4093/1995 1146/4167/2028
f 1078/4041/1884 1149/4138/2016 473/4202/1749
f 393/3600/1758 425/4072/1987 350/4113/2006
f 1110/4185/2000 1128/4021/1967 1152/4203/2038
f 218/4204/1830 232/4205/1999 15/4206/1831
f 217/4169/1939 280/4171/2029 232/4207/1999
f 1113/4145/2020 1110/4104/2000 1152/4208/2038
f 1120/4191/2040 1150/4190/2039 1144/4209/2019
f 1120/4193/2040 1116/4163/2018 1115/4162/2026
f 1137/3998/1958 1148/4210/2046 1142/4130/2013
f 1146/4168/2028 1106/4060/1983 1118/4211/2031
f 284/3793/1852 230/4212/2047 280/4213/2029
f 1120/4193/2040 1115/4162/2026 1113/4179/2020
f 289/4095/1924 216/4094/1996 219/4214/2048
f 1144/4209/2019 1147/4201/2045 1120/4191/2040
f 1118/4211/2031 1147/4215/2045 1146/4168/2028
f 345/4183/2036 314/4152/1993 322/4216/2049
f 284/3793/1852 326/3812/1870 230/4212/2047
f 1147/4215/2045 1118/4211/2031 1120/4193/2040
f 220/4217/2050 221/4218/2050 223/4219/2050
f 1143/4134/1927 1142/4130/2013 1149/4220/2016
f 1118/4211/2031 1116/4163/2018 1120/4193/2040
f 314/4152/1993 319/4151/2022 322/4216/2049
f 1141/4093/1995 1147/4201/2045 1144/4209/2019
f 291/3936/1780 222/4221/2043 297/3937/1930
f 1121/4222/2051 508/4223/2051 1124/4224/2051
f 1121/4225/2052 1077/4226/2052 508/4227/2052
f 1150/4228/2039 1151/4229/2053 1144/4144/2019
f 174/4230/2054 323/4231/2054 345/4232/2054
f 323/4233/2055 174/4234/2056 177/4235/2057
f 323/4233/2055 177/4235/2057 321/4236/2058
f 1125/4237/2059 1122/4238/2060 1128/4239/2061
f 345/4240/2062 323/4241/2062 321/4242/2062
f 1126/4243/2063 1123/4244/2063 1122/4245/2063
f 1124/4246/2064 1123/4247/2065 1125/4248/2059
f 1126/4249/2066 1122/4250/2066 1125/4251/2066
f 321/4252/2067 177/4253/2067 347/4254/2067
f 319/4255/2068 320/4256/2068 346/4257/2068
f 323/4258/2069 345/4259/2069 324/4260/2069
f 312/4080/1990 349/4261/2070 425/4081/1987
f 323/4262/2071 332/4263/2071 324/4264/2071
f 326/3812/1870 299/4265/2072 230/4212/2047
f 221/4266/2073 12/4267/2074 223/4268/2074
f 1128/4269/2061 1126/4270/2075 502/4271/2076
f 1128/4272/2077 1127/4273/2077 510/4274/2077
f 1077/4275/2078 496/4276/2079 497/4277/2080
f 1122/4278/2060 1126/4270/2075 1128/4269/2061
f 174/4279/2081 328/4280/2081 325/4281/2082
f 345/4282/2083 332/4283/2083 328/4284/2083
f 345/4285/2084 328/4280/2081 174/4279/2081
f 489/4286/2085 490/4287/2085 495/4288/2085
f 220/4289/2010 219/4214/2048 216/4094/1996
f 1123/4290/2065 1124/4291/2064 500/4292/2086
f 220/4289/2010 223/4293/2087 219/4214/2048
f 1128/4239/2061 1124/4294/2088 1125/4237/2059
f 289/4095/1924 219/4214/2048 222/4295/2043
f 173/4296/2089 196/4297/2090 171/4298/2091
f 1150/4228/2039 1152/4299/2038 1151/4229/2053
f 1152/4299/2038 1153/4300/2092 1151/4229/2053
f 347/4301/2093 324/4302/2094 321/4303/2095
f 324/4304/2096 345/4305/2096 321/4306/2096
f 345/4307/2097 324/4308/2098 330/4309/2099
f 326/4310/1870 343/4180/1962 327/4311/2100
f 1128/4312/2061 502/4313/2076 1127/4314/2101
f 1124/4315/2102 508/4316/2103 498/4317/2104
f 1137/3998/1958 1145/4154/2023 1148/4210/2046
f 1124/4318/2105 498/4319/2105 499/4320/2105
f 1124/4321/2106 499/4322/2106 500/4323/2106
f 1123/4247/2065 1126/4324/2107 1125/4248/2059
f 174/4325/2108 325/4326/2108 175/4327/2108
f 320/4328/2109 300/4329/2109 294/4330/2109
f 320/4331/2110 294/4042/1976 297/4066/1930
f 502/4332/2111 1126/4333/2112 1123/4334/2113
f 502/4332/2111 1123/4334/2113 499/4335/2114
f 1123/4336/2115 506/4337/2115 505/4338/2115
f 345/4339/2116 329/4340/2116 332/4341/2116
f 321/4342/2117 330/4343/2117 324/4344/2117
f 347/4345/2118 325/4346/2119 328/4347/2118
f 177/4348/2120 180/4349/2120 353/4350/2120
f 1149/4351/2121 1154/4352/2121 473/4353/2121
f 1122/4354/2122 1126/4355/2123 507/4356/2124
f 347/4357/2125 348/4358/2125 325/4359/2125
f 345/4183/2036 322/4216/2049 330/4360/2126
f 174/4361/2056 175/4362/2127 180/4363/2128
f 1123/4364/2113 501/4365/2129 499/4366/2114
f 312/4194/1990 321/4196/2042 354/4367/2130
f 346/4368/2131 330/4183/2131 345/4360/2131
f 2/3045/250 14/4369/2132 12/3996/1957
f 312/4080/1990 354/4370/2130 349/4261/2070
f 1142/4130/2013 1154/4371/2133 1149/4220/2016
f 349/4372/2134 350/4373/2134 425/4374/2134
f 1152/4299/2038 1128/4375/1967 1155/4376/2135
f 322/4216/2049 329/4377/2136 330/4360/2126
f 348/4378/2137 347/4379/2137 351/4380/2137
f 1128/4381/1967 1124/4382/2138 497/4277/2080
f 179/4383/2139 178/4384/2139 176/4385/2139
f 502/4386/2140 499/4387/2140 511/4388/2140
f 330/4389/2141 324/4390/2141 332/4391/2141
f 12/4392/2142 14/4393/2142 228/4394/2142
f 223/4268/2074 12/4267/2074 228/4395/2143
f 345/4307/2144 330/4309/2145 329/4396/2146
f 331/4397/2147 332/4398/2147 324/4399/2147
f 178/4400/2148 179/4401/2148 183/4402/2148
f 1126/4403/2149 502/4404/2149 504/4405/2149
f 1123/4290/2150 500/4292/2151 506/4406/2152
f 1152/4299/2038 1155/4376/2135 1153/4300/2092
f 355/4407/2153 347/4345/2118 328/4347/2118
f 1126/4355/2154 505/4408/2155 507/4356/2156
f 1123/4409/2113 504/4410/2157 501/4411/2129
f 510/4412/2158 503/4413/2158 498/4414/2158
f 1128/4381/1967 497/4277/2080 1155/4415/2135
f 1126/4416/2159 1127/4314/2101 502/4313/2076
f 328/4417/2160 325/4418/2161 351/4419/2162
f 222/4295/2043 219/4214/2048 225/4420/2163
f 325/4421/2164 352/4422/2164 351/4423/2164
f 223/4424/2165 228/4425/2165 224/4426/2165
f 325/4427/2166 348/4428/2166 352/4429/2166
f 174/4361/2056 180/4363/2128 177/4430/2057
f 1077/4431/2167 497/4432/2167 508/4433/2167
f 321/4196/2042 330/4434/2168 354/4367/2130
f 1124/4435/2169 510/4436/2169 497/4437/2169
f 351/4438/2170 352/4439/2170 348/4440/2170
f 1124/4441/2171 498/4442/2171 510/4443/2171
f 343/4180/1962 356/4182/2035 327/4311/2100
f 499/4366/2114 501/4365/2129 511/4444/2172
f 183/4445/2173 186/4446/2173 178/4447/2173
f 328/4448/2174 332/4449/2174 329/4450/2174
f 178/4451/2175 186/4452/2175 176/4453/2175
f 320/4454/2176 333/4455/2177 346/4456/2178
f 297/4457/1930 222/4295/2043 227/4458/2179
f 177/4459/2180 353/4460/2181 347/4461/2181
f 324/4302/2094 347/4301/2093 355/4462/2182
f 328/4463/2183 329/4464/2184 325/4465/2185
f 366/4466/2186 479/4467/1854 495/4468/2187
f 330/4469/2188 332/4470/2188 329/4471/2188
f 500/4472/2189 505/4473/2189 1123/4474/2189
f 330/4309/2190 324/4308/2094 355/4475/2182
f 330/4476/2191 355/4477/2191 354/4478/2191
f 1126/4479/2192 504/4480/2192 505/4481/2192
f 1151/4229/2053 1156/4482/2193 1144/4144/2019
f 499/4483/2194 498/4317/2104 508/4316/2103
f 1123/4409/2113 505/4484/2195 504/4410/2157
f 1127/4485/2196 507/4486/2196 510/4487/2196
f 179/4488/2197 176/4489/2198 186/4490/2197
f 183/4491/2199 179/4488/2197 186/4490/2197
f 504/4492/2157 502/4493/2200 501/4494/2129
f 347/4495/2201 355/4496/2201 351/4497/2201
f 349/4498/2202 354/4499/2202 350/4500/2202
f 1127/4314/2101 1126/4416/2159 507/4501/2203
f 175/4502/2204 353/4503/2204 180/4504/2204
f 505/4505/2205 506/4506/2205 507/4507/2205
f 325/4465/2185 329/4464/2184 175/4508/2206
f 508/4509/2207 1124/4436/2207 510/4435/2207
f 499/4510/2194 508/4511/2103 500/4292/2151
f 347/4461/2181 353/4460/2181 355/4512/2208
f 297/4066/1930 302/4513/2209 320/4331/2110
f 171/4109/2091 181/4514/2210 173/4110/2089
f 351/4419/2211 355/4515/2212 328/4417/2213
f 329/4377/2136 322/4216/2049 346/4516/2214
f 1144/4144/2019 1156/4482/2193 1201/4083/1796
f 330/4309/2215 355/4475/2216 334/4517/2217
f 1145/4154/2023 1134/3932/1928 1157/4518/2218
f 1134/3932/1928 1159/3528/1473 1157/4518/2218
f 223/4519/2087 224/4520/2219 226/4521/2220
f 508/4522/2221 497/4523/2221 1124/4524/2221
f 328/4515/2222 335/4525/2222 355/4417/2222
f 179/4526/2223 182/4527/2223 176/4528/2223
f 355/4529/2224 329/4530/2224 334/4531/2224
f 352/4532/2225 180/4533/2225 351/4534/2225
f 297/4457/1930 227/4458/2179 237/4535/2226
f 297/4536/2227 237/4537/2227 302/4538/2227
f 502/4493/2200 511/4539/2228 501/4494/2129
f 500/4292/2151 508/4511/2103 506/4406/2152
f 299/4265/2072 326/3812/1870 301/4540/2229
f 171/4298/2091 196/4297/2090 181/4541/2210
f 183/4542/2230 225/4543/2230 186/4544/2230
f 225/4420/2163 227/4458/2179 222/4295/2043
f 512/4545/2231 506/4546/2152 509/4547/2232
f 501/4548/2233 509/4547/2232 508/4549/2103
f 509/4547/2232 501/4548/2233 510/4550/2234
f 353/4551/2235 351/4552/2235 355/4553/2235
f 501/4548/2233 511/4554/2236 510/4550/2234
f 328/4555/2237 351/4556/2237 329/4557/2237
f 328/4558/2238 329/4559/2238 355/4560/2238
f 506/4546/2152 508/4549/2103 509/4547/2232
f 512/4545/2231 509/4547/2232 507/4561/2239
f 511/4554/2236 508/4562/2103 510/4550/2234
f 353/4563/2240 180/4564/2241 351/4565/2240
f 501/4548/2233 508/4549/2103 511/4566/2236
f 180/4564/2242 175/4567/2243 351/4565/2243
f 509/4547/2232 510/4550/2234 507/4561/2239
f 329/4568/2244 351/4569/2244 175/4570/2244
f 183/4571/2245 186/4572/2246 234/4573/2247
f 496/4276/2079 492/4574/2248 497/4277/2080
f 344/4181/1948 491/4575/1837 356/4182/2035
f 183/4576/2249 227/4577/2249 225/4578/2249
f 507/4561/2239 506/4546/2152 512/4545/2231
f 219/4214/2048 223/4293/2087 226/4579/2220
f 346/4516/2250 334/4580/2251 329/4377/2252
f 173/4110/2089 181/4514/2210 196/4581/2090
f 183/4582/2253 234/4583/2253 227/4584/2253
f 329/4585/2254 333/4586/2255 346/4587/2256
f 320/4454/2176 336/4588/2257 333/4455/2177
f 330/4589/2215 334/4590/2217 329/4585/2258
f 488/4591/2259 474/4592/2259 496/4593/2259
f 180/4594/2260 195/4595/2261 184/4596/2261
f 329/4585/2254 334/4590/2251 333/4586/2255
f 302/4597/2262 237/4598/2262 320/4599/2262
f 186/4572/2263 194/4600/2264 234/4573/2265
f 354/4367/2266 330/4434/2267 337/4601/2268
f 219/4214/2048 226/4579/2220 225/4602/2163
f 513/4603/2269 512/4604/2270 517/4605/2271
f 346/4456/2250 333/4455/2255 334/4606/2251
f 333/4455/2177 338/4607/2272 330/4434/2267
f 224/4520/2219 228/4608/2273 226/4521/2220
f 237/4609/2274 303/4610/2274 320/4611/2274
f 230/4212/2047 299/4265/2072 233/4612/2275
f 1155/4376/2135 1158/4613/2276 1153/4300/2092
f 235/4614/2277 228/4615/2277 14/4616/2277
f 338/4607/2272 333/4455/2177 339/4617/2278
f 226/4618/2279 228/4619/2279 235/4620/2279
f 234/4621/2280 185/4622/2280 186/4623/2280
f 227/4624/2281 234/4625/2281 229/4626/2281
f 187/4627/2282 188/4628/2282 191/4629/2282
f 230/4630/2047 231/4631/2283 280/4632/2029
f 491/4633/1837 479/4467/1854 366/4466/2186
f 280/4634/2284 231/4635/2284 232/4636/2284
f 186/4637/2285 185/4638/2285 192/4639/2285
f 299/4265/2072 301/4540/2229 233/4612/2275
f 326/4310/1870 327/4311/2100 244/4640/2286
f 189/4641/2287 190/4642/2287 191/4643/2287
f 230/4630/2047 233/4644/2275 231/4631/2283
f 227/4458/2179 229/4645/2288 237/4535/2226
f 517/4646/2289 512/4647/2289 514/4648/2289
f 225/4602/2163 226/4579/2220 250/4649/2290
f 330/4434/2267 338/4607/2272 337/4601/2268
f 186/4650/2263 192/4651/2291 194/4652/2264
f 517/4605/2271 518/4653/2292 513/4603/2269
f 1201/4083/1796 1156/4482/2193 1159/4654/1473
f 320/4454/2176 304/4655/2293 336/4588/2257
f 350/4113/2006 474/4656/1886 403/3691/1776
f 354/4367/2266 337/4601/2268 357/4657/2294
f 354/4658/2266 493/4659/2295 350/4660/2006
f 512/4661/2270 513/4662/2269 514/4663/2296
f 186/4664/2297 225/4665/2297 229/4666/2297
f 1142/4130/2013 1148/4210/2046 1160/4667/2298
f 1142/4130/2013 1160/4667/2298 1154/4371/2133
f 1158/4668/2276 1155/4415/2135 515/4669/2299
f 303/4670/2300 304/4671/2293 320/4672/2176
f 1151/4229/2053 1153/4300/2092 1156/4482/2193
f 326/3812/1870 244/4673/2286 301/4540/2229
f 301/4540/2229 238/4674/2301 233/4612/2275
f 1148/4210/2046 1145/4154/2023 1157/4518/2218
f 496/4675/2302 474/4676/2302 492/4677/2302
f 250/4649/2290 229/4678/2288 225/4602/2163
f 336/4588/2257 304/4655/2293 340/4679/2303
f 333/4455/2177 336/4588/2257 339/4617/2278
f 186/4680/2304 229/4681/2304 234/4682/2304
f 235/4683/2305 247/4684/2305 250/4685/2305
f 337/4601/2268 338/4607/2272 357/4657/2294
f 226/4579/2220 235/4686/2306 250/4649/2290
f 235/4687/2307 248/4688/2308 247/4689/2309
f 1154/4690/2133 1160/4691/2298 473/4692/1749
f 336/4588/2257 340/4679/2303 339/4617/2278
f 14/4693/2310 248/4688/2308 235/4687/2307
f 513/4603/2269 518/4653/2292 516/4694/2311
f 184/4596/2261 195/4595/2261 193/4695/2312
f 237/4535/2226 229/4645/2288 236/4696/2313
f 1155/4415/2135 497/4277/2080 515/4669/2299
f 513/4662/2269 516/4697/2311 514/4663/2296
f 238/4674/2301 301/4540/2229 244/4673/2286
f 517/4698/2271 514/4699/2314 518/4700/2292
f 1148/4210/2046 1157/4518/2218 530/4701/2315
f 229/4678/2288 246/4702/2316 236/4703/2317
f 303/4704/2318 237/4705/2318 252/4706/2318
f 237/4707/2319 236/4708/2319 252/4709/2319
f 473/4710/1749 366/4711/2186 490/4712/1872
f 515/4669/2299 519/4713/2320 1158/4668/2276
f 233/4644/2275 238/4714/2301 239/4715/2321
f 234/4716/2322 194/4717/2322 185/4718/2322
f 248/4719/2323 14/4720/2323 240/4721/2323
f 303/4670/2300 245/4722/2324 304/4671/2293
f 356/4723/2035 494/4724/2325 327/4725/2100
f 193/4726/2326 195/4727/2326 198/4728/2326
f 195/4729/2327 193/4730/2327 199/4731/2327
f 1148/4210/2046 530/4701/2315 1160/4667/2298
f 250/4649/2290 246/4702/2316 229/4678/2288
f 491/4633/1837 366/4466/2186 356/4732/2035
f 339/4617/2278 357/4657/2294 338/4607/2272
f 339/4617/2278 341/4733/2328 357/4657/2294
f 232/4205/1999 241/4734/2329 15/4206/1831
f 231/4631/2283 233/4644/2275 242/4735/2330
f 233/4644/2275 239/4715/2321 242/4735/2330
f 236/4736/2331 243/4737/2331 246/4738/2331
f 232/4205/1999 231/4739/2283 241/4734/2329
f 236/4740/2332 243/4741/2333 252/4742/2334
f 238/4714/2301 244/4743/2286 239/4715/2321
f 245/4744/2324 251/4745/2335 304/4655/2293
f 515/4669/2299 497/4277/2080 528/4746/2336
f 1158/4668/2276 519/4713/2320 1153/4747/2092
f 327/4725/2100 494/4724/2325 260/4748/2337
f 339/4617/2278 340/4679/2303 341/4733/2328
f 181/4749/2338 273/4750/2338 196/4751/2338
f 194/4652/2264 192/4651/2291 197/4752/2339
f 354/4658/2266 357/4753/2294 493/4659/2295
f 303/4754/2300 252/4755/2340 245/4756/2324
f 192/4757/2341 185/4758/2341 197/4759/2341
f 194/4652/2264 197/4752/2339 185/4760/2342
f 522/4761/2343 533/4762/2343 510/4763/2343
f 515/4669/2299 528/4746/2336 519/4713/2320
f 304/4655/2293 251/4745/2335 340/4679/2303
f 1156/4482/2193 1161/4764/2344 1162/4765/2345
f 362/4766/2346 358/4767/2346 355/4768/2346
f 1156/4482/2193 1162/4765/2345 1159/4654/1473
f 195/4769/2347 199/4770/2347 198/4771/2347
f 516/4694/2311 518/4653/2292 520/4772/2348
f 14/4369/2132 2/3045/250 15/4773/1831
f 246/4774/2316 256/4775/2349 243/4741/2333
f 247/4776/2309 248/4777/2308 250/4778/2290
f 1153/4300/2092 1161/4764/2344 1156/4482/2193
f 252/4755/2340 249/4779/2350 245/4756/2324
f 246/4774/2316 250/4780/2290 256/4775/2349
f 231/4631/2283 242/4735/2330 241/4781/2329
f 243/4741/2333 253/4782/2351 252/4742/2334
f 240/4783/2352 265/4784/2353 248/4785/2308
f 357/4753/2294 341/4786/2328 493/4659/2295
f 193/4787/2354 198/4788/2355 199/4789/2356
f 350/4790/2006 493/4791/2295 366/4792/2357
f 497/4277/2080 544/4793/2358 528/4746/2336
f 273/4794/2359 203/4795/2360 196/4796/2361
f 514/4663/2296 516/4697/2311 521/4797/2362
f 516/4798/2363 520/4799/2363 521/4800/2363
f 520/4801/2364 518/4802/2364 521/4803/2364
f 245/4804/2324 249/4805/2350 251/4806/2335
f 243/4741/2333 256/4775/2349 253/4782/2351
f 251/4745/2335 342/4807/2365 340/4679/2303
f 1153/4300/2092 523/4808/2366 1161/4764/2344
f 196/4809/2367 201/4810/2367 273/4811/2367
f 252/4812/2368 253/4813/2368 249/4814/2368
f 241/4781/2329 242/4735/2330 254/4815/2369
f 250/4778/2290 248/4777/2308 263/4816/2370
f 240/4783/2352 14/4817/2371 265/4784/2353
f 473/4710/1749 1160/4818/2298 366/4711/2186
f 250/4778/2290 263/4816/2370 262/4819/2372
f 239/4715/2321 244/4743/2286 255/4820/2373
f 510/4821/2374 526/4822/2374 522/4823/2374
f 350/4790/2006 366/4792/2357 474/4824/1886
f 327/4311/2100 260/4825/2337 244/4640/2286
f 248/4777/2308 265/4826/2353 263/4816/2370
f 250/4778/2290 262/4819/2372 256/4827/2349
f 518/4828/2375 524/4829/2375 521/4830/2375
f 356/4732/2035 366/4466/2186 494/4831/2325
f 242/4735/2330 239/4715/2321 255/4820/2373
f 340/4679/2303 342/4807/2365 341/4733/2328
f 474/4832/1886 366/4833/2357 492/4834/2248
f 199/4835/2376 204/4836/2376 198/4837/2376
f 196/4838/2377 203/4839/2377 201/4840/2377
f 493/4659/2295 341/4786/2328 359/4841/2378
f 253/4842/2379 256/4843/2379 249/4844/2379
f 249/4805/2350 342/4845/2365 251/4806/2335
f 1153/4747/2092 519/4713/2320 523/4846/2366
f 514/4699/2314 525/4847/2380 518/4700/2292
f 249/4848/2381 256/4849/2381 257/4850/2381
f 201/4851/2382 200/4852/2383 273/4853/2384
f 497/4277/2080 492/4574/2248 544/4793/2358
f 14/4854/2132 15/4855/1831 258/4856/2385
f 514/4857/2386 521/4858/2386 524/4859/2386
f 514/4860/2314 524/4861/2387 525/4862/2380
f 362/4863/2388 355/4864/2389 360/4865/2390
f 203/4866/2391 206/4867/2391 201/4868/2391
f 201/4851/2382 202/4869/2392 200/4852/2383
f 522/4870/2393 526/4871/2393 533/4872/2393
f 14/4873/2394 258/4874/2394 265/4875/2394
f 341/4733/2395 342/4807/2395 363/4876/2395
f 203/4795/2360 273/4794/2359 211/4877/2396
f 199/4789/2397 198/4788/2398 209/4878/2399
f 518/4879/2400 525/4880/2400 524/4881/2400
f 263/4816/2370 259/4882/2401 262/4819/2372
f 256/4827/2349 262/4819/2372 257/4883/2402
f 244/4743/2286 260/4884/2337 261/4885/2403
f 262/4886/2372 259/4887/2401 264/4888/2404
f 519/4889/2405 527/4890/2405 528/4891/2405
f 200/4892/2383 202/4893/2392 273/4894/2384
f 544/4895/2358 535/4896/2406 528/4897/2336
f 203/4898/2407 211/4899/2407 206/4900/2407
f 523/4901/2366 527/4902/2408 1161/4903/2344
f 523/4846/2366 519/4713/2320 527/4904/2408
f 259/4887/2401 267/4905/2409 264/4888/2404
f 199/4906/2410 205/4907/2410 204/4908/2410
f 263/4909/2411 265/4910/2411 268/4911/2411
f 262/4912/2372 264/4913/2404 257/4914/2402
f 359/4841/2378 341/4786/2328 370/4915/2412
f 249/4916/2350 257/4914/2402 264/4913/2404
f 265/4917/2413 258/4918/2413 268/4919/2413
f 199/4789/2397 209/4878/2399 207/4920/2414
f 533/4921/2415 526/4922/2415 529/4923/2415
f 201/4924/2382 273/4894/2384 202/4893/2392
f 1161/4925/2416 1164/4926/2416 1163/4927/2416
f 263/4816/2370 266/4928/2417 259/4882/2401
f 358/4929/2418 362/4930/2418 361/4931/2418
f 366/4792/2357 493/4791/2295 369/4932/2419
f 204/4933/2420 205/4934/2421 198/4935/2398
f 264/4936/2404 267/4937/2409 249/4805/2350
f 1161/4764/2344 1164/4938/2422 1162/4765/2345
f 359/4841/2378 369/4939/2419 493/4659/2295
f 206/4940/2423 273/4894/2424 201/4924/2425
f 268/4941/2426 266/4942/2417 263/4943/2370
f 1161/4903/2344 527/4902/2408 1164/4944/2422
f 206/4945/2427 211/4946/2428 269/4947/2427
f 341/4948/2429 370/4949/2429 369/4950/2429
f 242/4735/2330 255/4820/2373 270/4951/2430
f 362/4952/2388 360/4953/2390 361/4954/2431
f 206/4945/2427 269/4947/2427 272/4955/2432
f 1157/4518/2218 1159/3528/1473 530/4701/2315
f 342/4845/2365 249/4805/2350 364/4956/2433
f 209/4957/2399 198/4935/2398 205/4934/2421
f 199/4958/2434 207/4959/2434 205/4960/2434
f 244/4743/2286 261/4885/2403 255/4820/2373
f 363/4961/2435 342/4845/2365 364/4956/2433
f 1160/4962/2298 530/4963/2315 531/4964/2436
f 1160/4965/2437 531/4966/2437 366/4967/2437
f 527/4902/2408 528/4897/2336 535/4896/2406
f 208/4968/2438 205/4969/2438 209/4970/2438
f 268/4941/2426 271/4971/2439 266/4942/2417
f 209/4957/2399 205/4934/2440 207/4972/2414
f 364/4956/2433 249/4805/2350 267/4937/2409
f 359/4841/2378 370/4915/2412 369/4939/2419
f 272/4973/2441 269/4974/2441 274/4975/2441
f 363/4976/2435 364/4977/2433 370/4978/2442
f 241/4781/2329 254/4815/2369 15/4979/1831
f 242/4735/2330 270/4951/2430 254/4815/2369
f 205/4934/2443 210/4980/2444 207/4972/2445
f 206/4981/2446 274/4982/2446 273/4983/2446
f 527/4902/2408 535/4896/2406 532/4984/2447
f 524/4985/2448 525/4986/2448 542/4987/2448
f 268/4988/2426 15/4855/1831 271/4989/2439
f 268/4988/2426 258/4856/2385 15/4855/1831
f 524/4990/2449 539/4991/2449 536/4992/2449
f 360/4865/2390 355/4864/2389 276/4993/2450
f 360/4953/2390 276/4994/2450 361/4954/2431
f 361/4995/2451 276/4996/2451 358/4997/2451
f 255/4820/2373 261/4885/2403 270/4951/2430
f 211/4998/2452 273/4999/2452 274/5000/2452
f 266/5001/2417 271/5002/2439 259/5003/2401
f 527/4902/2408 532/4984/2447 1164/4944/2422
f 259/5003/2401 271/5002/2439 267/5004/2409
f 272/5005/2453 274/5006/2453 206/5007/2453
f 370/4978/2442 364/4977/2433 365/5008/2454
f 524/4861/2455 536/5009/2456 525/4862/2457
f 533/5010/2458 538/5011/2458 510/5012/2458
f 534/5013/2459 532/5014/2459 535/5015/2459
f 355/5016/2460 358/5017/2460 278/5018/2460
f 355/5019/2461 278/5020/2461 276/5021/2461
f 269/5022/2462 211/5023/2462 274/5024/2462
f 261/4885/2403 368/5025/2463 270/4951/2430
f 271/4989/2439 15/4855/1831 267/4937/2409
f 365/5026/2464 367/5027/2464 369/5028/2464
f 364/4956/2433 275/5029/2465 365/5030/2454
f 533/5031/2466 529/5032/2466 538/5033/2466
f 544/4895/2358 492/4834/2248 535/4896/2406
f 364/4956/2433 368/5034/2463 275/5029/2465
f 261/4885/2403 260/4884/2337 368/5025/2463
f 364/4956/2433 267/4937/2409 368/5034/2463
f 536/5009/2456 542/5035/2467 525/4862/2457
f 254/4815/2369 270/4951/2430 15/4979/1831
f 494/4724/2325 366/5036/2186 368/5037/2463
f 526/5038/2468 510/5039/2468 538/5040/2468
f 367/5041/2469 368/5042/2469 369/5043/2469
f 532/5044/2447 1159/4654/1473 1164/4938/2422
f 536/5045/2470 539/5046/2470 542/5047/2470
f 1164/4938/2422 1159/4654/1473 1162/4765/2345
f 369/5048/2471 368/5049/2471 366/5050/2471
f 15/4979/1831 270/4951/2430 368/5025/2463
f 367/5051/2472 365/5030/2454 368/5034/2463
f 260/4748/2337 494/4724/2325 368/5037/2463
f 492/4834/2248 366/4833/2357 535/4896/2406
f 275/5029/2465 368/5034/2463 365/5030/2454
f 524/5052/2473 542/5053/2473 539/5054/2473
f 210/5055/2474 279/5056/2474 212/5057/2474
f 532/4984/2447 366/4833/2357 1159/5058/1473
f 531/4964/2436 530/4963/2315 366/5059/2357
f 542/5060/2475 543/5061/2475 537/5062/2475
f 210/5063/2476 213/5064/2477 279/5065/2478
f 212/5066/2479 213/5064/2477 210/5063/2476
f 530/4963/2315 1159/5067/1473 366/5059/2357
f 532/4984/2447 535/4896/2406 366/4833/2357
f 529/5068/2480 540/5069/2480 538/5070/2480
f 529/5071/2481 526/5072/2481 540/5073/2481
f 539/5074/2482 537/5075/2482 542/5076/2482
f 267/4937/2409 15/4855/1831 368/5034/2463
f 540/5077/2483 526/5078/2483 538/5079/2483
f 212/5080/2484 279/5081/2484 213/5082/2484
f 278/5083/2485 277/5084/2485 276/5085/2485
f 277/5086/2486 278/5087/2486 214/5088/2486
f 214/5089/2487 358/5090/2488 277/5091/2489
f 276/5092/2490 277/5091/2489 358/5090/2488
f 543/5093/2491 542/5094/2491 541/5095/2491
f 541/5096/2492 542/5097/2492 538/5098/2492
f 213/5099/2493 279/5100/2493 214/5101/2493
f 541/5102/2494 538/5103/2494 543/5104/2494
f 542/5105/2495 526/5106/2495 538/5107/2495
f 214/5108/2496 278/5109/2496 279/5110/2496
f 542/5111/2497 543/5112/2497 538/5113/2497
f 358/5090/2488 214/5089/2487 279/5114/2498
f 279/5115/2499 278/5116/2499 358/5117/2499
f 495/5118/2187 490/4712/1872 366/4711/2186
f 1274/1892/898 1295/1891/970 1298/2281/1107
f 131/2284/1150 168/2893/1238 140/1976/1007
f 168/2893/1238 105/2128/1075 140/1976/1007
